Timestamp,Sweep_ID,Freq(Hz),Imp_AVG(Ohm),Fase_AVG(°),Real_AVG(Ohm),Imag_AVG(Ohm),Mag_AVG
2026-09-25 09:01:15.988,1,10000,4618.0,0.0,4618.0,0.0,4618.0
2026-09-25 09:01:16.095,1,11000,4618.0,0.0,4618.0,0.0,4618.0
2026-09-25 09:01:16.095,1,12000,4618.0,0.0,4618.0,0.0,4618.0
2026-09-25 09:01:16.095,1,13000,4618.0,0.0,4618.0,0.0,4618.0
2026-09-25 09:01:16.096,1,14000,4618.0,0.0,4618.0,0.0,4618.0
2026-09-25 09:01:16.205,1,15000,4618.0,0.0,4618.0,0.0,4618.0
2026-09-25 09:01:16.205,1,16000,4618.0,0.0,4618.0,0.0,4618.0
2026-09-25 09:01:16.205,1,17000,4618.0,0.0,4618.0,0.0,4618.0
2026-09-25 09:01:16.205,1,18000,4618.0,0.0,4618.0,0.0,4618.0
2026-09-25 09:01:16.206,1,19000,4618.0,0.0,4618.0,0.0,4618.0
2026-09-25 09:01:16.311,1,20000,4618.0,0.0,4618.0,0.0,4618.0
2026-09-25 09:01:16.311,1,21000,4618.0,0.0,4618.0,0.0,4618.0
2026-09-25 09:01:16.311,1,22000,4618.0,0.0,4618.0,0.0,4618.0
2026-09-25 09:01:16.312,1,23000,4618.0,0.0,4618.0,0.0,4618.0
2026-09-25 09:01:16.431,1,24000,4618.0,0.0,4618.0,0.0,4618.0
2026-09-25 09:01:16.431,1,25000,4618.0,0.0,4618.0,0.0,4618.0
2026-09-25 09:01:16.432,1,26000,4618.0,0.0,4618.0,0.0,4618.0
2026-09-25 09:01:16.432,1,27000,4618.0,0.0,4618.0,0.0,4618.0
2026-09-25 09:01:16.432,1,28000,4618.0,0.0,4618.0,0.0,4618.0
2026-09-25 09:01:16.432,1,29000,4618.0,0.0,4618.0,0.0,4618.0
2026-09-25 09:01:16.557,1,30000,4618.0,0.0,4618.0,0.0,4618.0
2026-09-25 09:01:16.557,1,31000,4618.0,0.0,4618.0,0.0,4618.0
2026-09-25 09:01:16.557,1,32000,4618.0,0.0,4618.0,0.0,4618.0
2026-09-25 09:01:16.558,1,33000,4618.0,0.0,4618.0,0.0,4618.0
2026-09-25 09:01:16.558,1,34000,4618.0,0.0,4618.0,0.0,4618.0
2026-09-25 09:01:16.558,1,35000,4618.0,0.0,4618.0,0.0,4618.0
2026-09-25 09:01:16.668,1,36000,4618.0,0.0,4618.0,0.0,4618.0
2026-09-25 09:01:16.669,1,37000,4618.0,0.0,4618.0,0.0,4618.0
2026-09-25 09:01:16.669,1,38000,4618.0,0.0,4618.0,0.0,4618.0
2026-09-25 09:01:16.669,1,39000,4618.0,0.0,4618.0,0.0,4618.0
2026-09-25 09:01:16.669,1,40000,4618.0,0.0,4618.0,0.0,4618.0
2026-09-25 09:01:16.669,1,41000,4618.0,0.0,4618.0,0.0,4618.0
2026-09-25 09:01:16.788,1,42000,4618.0,0.0,4618.0,0.0,4618.0
2026-09-25 09:01:16.788,1,43000,4618.0,0.0,4618.0,0.0,4618.0
2026-09-25 09:01:16.788,1,44000,4618.0,0.0,4618.0,0.0,4618.0
2026-09-25 09:01:16.789,1,45000,4618.0,0.0,4618.0,0.0,4618.0
2026-09-25 09:01:16.789,1,46000,4618.0,0.0,4618.0,0.0,4618.0
2026-09-25 09:01:16.789,1,47000,4618.0,0.0,4618.0,0.0,4618.0
2026-09-25 09:01:16.905,1,48000,4618.0,0.0,4618.0,0.0,4618.0
2026-09-25 09:01:16.906,1,49000,4618.0,0.0,4618.0,0.0,4618.0
2026-09-25 09:01:16.906,1,50000,4618.0,0.0,4618.0,0.0,4618.0
2026-09-25 09:01:16.906,1,51000,4618.0,0.0,4618.0,0.0,4618.0
2026-09-25 09:01:16.907,1,52000,4618.0,0.0,4618.0,0.0,4618.0
2026-09-25 09:01:16.907,1,53000,4618.0,0.0,4618.0,0.0,4618.0
2026-09-25 09:01:17.011,1,54000,4618.0,0.0,4618.0,0.0,4618.0
2026-09-25 09:01:17.012,1,55000,4618.0,0.0,4618.0,0.0,4618.0
2026-09-25 09:01:17.012,1,56000,4618.0,0.0,4618.0,0.0,4618.0
2026-09-25 09:01:17.012,1,57000,4618.0,0.0,4618.0,0.0,4618.0
2026-09-25 09:01:17.013,1,58000,4618.0,0.0,4618.0,0.0,4618.0
2026-09-25 09:01:17.122,1,59000,4618.0,0.0,4618.0,0.0,4618.0
2026-09-25 09:01:17.122,1,60000,4618.0,0.0,4618.0,0.0,4618.0
2026-09-25 09:01:17.122,1,61000,4618.0,0.0,4618.0,0.0,4618.0
2026-09-25 09:01:17.123,1,62000,4618.0,0.0,4618.0,0.0,4618.0
2026-09-25 09:01:17.123,1,63000,4618.0,0.0,4618.0,0.0,4618.0
2026-09-25 09:01:17.123,1,64000,4618.0,0.0,4618.0,0.0,4618.0
2026-09-25 09:01:17.236,1,65000,4618.0,0.0,4618.0,0.0,4618.0
2026-09-25 09:01:17.236,1,66000,4618.0,0.0,4618.0,0.0,4618.0
2026-09-25 09:01:17.236,1,67000,4618.0,0.0,4618.0,0.0,4618.0
2026-09-25 09:01:17.236,1,68000,4618.0,0.0,4618.0,0.0,4618.0
2026-09-25 09:01:17.237,1,69000,4618.0,0.0,4618.0,0.0,4618.0
2026-09-25 09:01:17.237,1,70000,4618.0,0.0,4618.0,0.0,4618.0
2026-09-25 09:01:17.345,1,71000,4618.0,0.0,4618.0,0.0,4618.0
2026-09-25 09:01:17.345,1,72000,4618.0,0.0,4618.0,0.0,4618.0
2026-09-25 09:01:17.345,1,73000,4618.0,0.0,4618.0,0.0,4618.0
2026-09-25 09:01:17.346,1,74000,4618.0,0.0,4618.0,0.0,4618.0
2026-09-25 09:01:17.346,1,75000,4618.0,0.0,4618.0,0.0,4618.0
2026-09-25 09:01:17.346,1,76000,4618.0,0.0,4618.0,0.0,4618.0
2026-09-25 09:01:17.458,1,77000,4618.0,0.0,4618.0,0.0,4618.0
2026-09-25 09:01:17.458,1,78000,4618.0,0.0,4618.0,0.0,4618.0
2026-09-25 09:01:17.458,1,79000,4618.0,0.0,4618.0,0.0,4618.0
2026-09-25 09:01:17.458,1,80000,4618.0,0.0,4618.0,0.0,4618.0
2026-09-25 09:01:17.458,1,81000,4618.0,0.0,4618.0,0.0,4618.0
2026-09-25 09:01:17.458,1,82000,4618.0,0.0,4618.0,0.0,4618.0
2026-09-25 09:01:17.561,1,83000,4618.0,0.0,4618.0,0.0,4618.0
2026-09-25 09:01:17.561,1,84000,4618.0,0.0,4618.0,0.0,4618.0
2026-09-25 09:01:17.561,1,85000,4618.0,0.0,4618.0,0.0,4618.0
2026-09-25 09:01:17.561,1,86000,4618.0,0.0,4618.0,0.0,4618.0
2026-09-25 09:01:17.562,1,87000,4618.0,0.0,4618.0,0.0,4618.0
2026-09-25 09:01:17.672,1,88000,4618.0,0.0,4618.0,0.0,4618.0
2026-09-25 09:01:17.672,1,89000,4618.0,0.0,4618.0,0.0,4618.0
2026-09-25 09:01:17.672,1,90000,4618.0,0.0,4618.0,0.0,4618.0
2026-09-25 09:01:17.673,1,91000,4618.0,0.0,4618.0,0.0,4618.0
2026-09-25 09:01:17.673,1,92000,4618.0,0.0,4618.0,0.0,4618.0
2026-09-25 09:01:17.673,1,93000,4618.0,0.0,4618.0,0.0,4618.0
2026-09-25 09:01:17.788,1,94000,4618.0,0.0,4618.0,0.0,4618.0
2026-09-25 09:01:17.788,1,95000,4618.0,0.0,4618.0,0.0,4618.0
2026-09-25 09:01:17.789,1,96000,4618.0,0.0,4618.0,0.0,4618.0
2026-09-25 09:01:17.789,1,97000,4618.0,0.0,4618.0,0.0,4618.0
2026-09-25 09:01:17.789,1,98000,4618.0,0.0,4618.0,0.0,4618.0
2026-09-25 09:01:17.789,1,99000,4618.0,0.0,4618.0,0.0,4618.0
2026-09-25 09:01:17.905,1,100000,4618.0,0.0,4618.0,0.0,4618.0
2026-09-25 09:01:28.252,2,10000,4618.0,0.0,4618.0,0.0,4618.0
2026-09-25 09:01:28.253,2,11000,4618.0,0.0,4618.0,0.0,4618.0
2026-09-25 09:01:28.253,2,12000,4618.0,0.0,4618.0,0.0,4618.0
2026-09-25 09:01:28.253,2,13000,4618.0,0.0,4618.0,0.0,4618.0
2026-09-25 09:01:28.253,2,14000,4618.0,0.0,4618.0,0.0,4618.0
2026-09-25 09:01:28.356,2,15000,4618.0,0.0,4618.0,0.0,4618.0
2026-09-25 09:01:28.356,2,16000,4618.0,0.0,4618.0,0.0,4618.0
2026-09-25 09:01:28.356,2,17000,4618.0,0.0,4618.0,0.0,4618.0
2026-09-25 09:01:28.356,2,18000,4618.0,0.0,4618.0,0.0,4618.0
2026-09-25 09:01:28.467,2,19000,4618.0,0.0,4618.0,0.0,4618.0
2026-09-25 09:01:28.468,2,20000,4618.0,0.0,4618.0,0.0,4618.0
2026-09-25 09:01:28.468,2,21000,4618.0,0.0,4618.0,0.0,4618.0
2026-09-25 09:01:28.468,2,22000,4618.0,0.0,4618.0,0.0,4618.0
2026-09-25 09:01:28.469,2,23000,4618.0,0.0,4618.0,0.0,4618.0
2026-09-25 09:01:28.583,2,24000,4618.0,0.0,4618.0,0.0,4618.0
2026-09-25 09:01:28.584,2,25000,4618.0,0.0,4618.0,0.0,4618.0
2026-09-25 09:01:28.584,2,26000,4618.0,0.0,4618.0,0.0,4618.0
2026-09-25 09:01:28.584,2,27000,4618.0,0.0,4618.0,0.0,4618.0
2026-09-25 09:01:28.585,2,28000,4618.0,0.0,4618.0,0.0,4618.0
2026-09-25 09:01:28.585,2,29000,4618.0,0.0,4618.0,0.0,4618.0
2026-09-25 09:01:28.683,2,30000,4618.0,0.0,4618.0,0.0,4618.0
2026-09-25 09:01:28.684,2,31000,4618.0,0.0,4618.0,0.0,4618.0
2026-09-25 09:01:28.684,2,32000,4618.0,0.0,4618.0,0.0,4618.0
2026-09-25 09:01:28.684,2,33000,4618.0,0.0,4618.0,0.0,4618.0
2026-09-25 09:01:28.795,2,34000,4618.0,0.0,4618.0,0.0,4618.0
2026-09-25 09:01:28.796,2,35000,4618.0,0.0,4618.0,0.0,4618.0
2026-09-25 09:01:28.796,2,36000,4618.0,0.0,4618.0,0.0,4618.0
2026-09-25 09:01:28.796,2,37000,4618.0,0.0,4618.0,0.0,4618.0
2026-09-25 09:01:28.796,2,38000,4618.0,0.0,4618.0,0.0,4618.0
2026-09-25 09:01:28.797,2,39000,4618.0,0.0,4618.0,0.0,4618.0
2026-09-25 09:01:28.907,2,40000,4618.0,0.0,4618.0,0.0,4618.0
2026-09-25 09:01:28.908,2,41000,4618.0,0.0,4618.0,0.0,4618.0
2026-09-25 09:01:28.908,2,42000,4618.0,0.0,4618.0,0.0,4618.0
2026-09-25 09:01:28.908,2,43000,4618.0,0.0,4618.0,0.0,4618.0
2026-09-25 09:01:28.908,2,44000,4618.0,0.0,4618.0,0.0,4618.0
2026-09-25 09:01:28.909,2,45000,4618.0,0.0,4618.0,0.0,4618.0
2026-09-25 09:01:29.018,2,46000,4618.0,0.0,4618.0,0.0,4618.0
2026-09-25 09:01:29.018,2,47000,4618.0,0.0,4618.0,0.0,4618.0
2026-09-25 09:01:29.018,2,48000,4618.0,0.0,4618.0,0.0,4618.0
2026-09-25 09:01:29.019,2,49000,4618.0,0.0,4618.0,0.0,4618.0
2026-09-25 09:01:29.019,2,50000,4618.0,0.0,4618.0,0.0,4618.0
2026-09-25 09:01:29.133,2,51000,4618.0,0.0,4618.0,0.0,4618.0
2026-09-25 09:01:29.133,2,52000,4618.0,0.0,4618.0,0.0,4618.0
2026-09-25 09:01:29.133,2,53000,4618.0,0.0,4618.0,0.0,4618.0
2026-09-25 09:01:29.134,2,54000,4618.0,0.0,4618.0,0.0,4618.0
2026-09-25 09:01:29.134,2,55000,4618.0,0.0,4618.0,0.0,4618.0
2026-09-25 09:01:29.134,2,56000,4618.0,0.0,4618.0,0.0,4618.0
2026-09-25 09:01:29.233,2,57000,4618.0,0.0,4618.0,0.0,4618.0
2026-09-25 09:01:29.234,2,58000,4618.0,0.0,4618.0,0.0,4618.0
2026-09-25 09:01:29.234,2,59000,4618.0,0.0,4618.0,0.0,4618.0
2026-09-25 09:01:29.234,2,60000,4618.0,0.0,4618.0,0.0,4618.0
2026-09-25 09:01:29.234,2,61000,4618.0,0.0,4618.0,0.0,4618.0
2026-09-25 09:01:29.346,2,62000,4618.0,0.0,4618.0,0.0,4618.0
2026-09-25 09:01:29.346,2,63000,4618.0,0.0,4618.0,0.0,4618.0
2026-09-25 09:01:29.346,2,64000,4618.0,0.0,4618.0,0.0,4618.0
2026-09-25 09:01:29.346,2,65000,4618.0,0.0,4618.0,0.0,4618.0
2026-09-25 09:01:29.346,2,66000,4618.0,0.0,4618.0,0.0,4618.0
2026-09-25 09:01:29.347,2,67000,4618.0,0.0,4618.0,0.0,4618.0
2026-09-25 09:01:29.446,2,68000,4618.0,0.0,4618.0,0.0,4618.0
2026-09-25 09:01:29.447,2,69000,4618.0,0.0,4618.0,0.0,4618.0
2026-09-25 09:01:29.447,2,70000,4618.0,0.0,4618.0,0.0,4618.0
2026-09-25 09:01:29.447,2,71000,4618.0,0.0,4618.0,0.0,4618.0
2026-09-25 09:01:29.447,2,72000,4618.0,0.0,4618.0,0.0,4618.0
2026-09-25 09:01:29.448,2,73000,4618.0,0.0,4618.0,0.0,4618.0
2026-09-25 09:01:29.562,2,74000,4618.0,0.0,4618.0,0.0,4618.0
2026-09-25 09:01:29.562,2,75000,4618.0,0.0,4618.0,0.0,4618.0
2026-09-25 09:01:29.562,2,76000,4618.0,0.0,4618.0,0.0,4618.0
2026-09-25 09:01:29.562,2,77000,4618.0,0.0,4618.0,0.0,4618.0
2026-09-25 09:01:29.563,2,78000,4618.0,0.0,4618.0,0.0,4618.0
2026-09-25 09:01:29.563,2,79000,4618.0,0.0,4618.0,0.0,4618.0
2026-09-25 09:01:29.672,2,80000,4618.0,0.0,4618.0,0.0,4618.0
2026-09-25 09:01:29.673,2,81000,4618.0,0.0,4618.0,0.0,4618.0
2026-09-25 09:01:29.673,2,82000,4618.0,0.0,4618.0,0.0,4618.0
2026-09-25 09:01:29.673,2,83000,4618.0,0.0,4618.0,0.0,4618.0
2026-09-25 09:01:29.673,2,84000,4618.0,0.0,4618.0,0.0,4618.0
2026-09-25 09:01:29.674,2,85000,4618.0,0.0,4618.0,0.0,4618.0
2026-09-25 09:01:29.779,2,86000,4618.0,0.0,4618.0,0.0,4618.0
2026-09-25 09:01:29.779,2,87000,4618.0,0.0,4618.0,0.0,4618.0
2026-09-25 09:01:29.779,2,88000,4618.0,0.0,4618.0,0.0,4618.0
2026-09-25 09:01:29.779,2,89000,4618.0,0.0,4618.0,0.0,4618.0
2026-09-25 09:01:29.779,2,90000,4618.0,0.0,4618.0,0.0,4618.0
2026-09-25 09:01:29.886,2,91000,4618.0,0.0,4618.0,0.0,4618.0
2026-09-25 09:01:29.886,2,92000,4618.0,0.0,4618.0,0.0,4618.0
2026-09-25 09:01:29.886,2,93000,4618.0,0.0,4618.0,0.0,4618.0
2026-09-25 09:01:29.886,2,94000,4618.0,0.0,4618.0,0.0,4618.0
2026-09-25 09:01:29.886,2,95000,4618.0,0.0,4618.0,0.0,4618.0
2026-09-25 09:01:29.887,2,96000,4618.0,0.0,4618.0,0.0,4618.0
2026-09-25 09:01:29.996,2,97000,4618.0,0.0,4618.0,0.0,4618.0
2026-09-25 09:01:29.996,2,98000,4618.0,0.0,4618.0,0.0,4618.0
2026-09-25 09:01:29.997,2,99000,4618.0,0.0,4618.0,0.0,4618.0
2026-09-25 09:01:29.997,2,100000,4618.0,0.0,4618.0,0.0,4618.0
2026-09-25 09:01:40.359,3,10000,4618.0,0.0,4618.0,0.0,4618.0
2026-09-25 09:01:40.359,3,11000,4618.0,0.0,4618.0,0.0,4618.0
2026-09-25 09:01:40.360,3,12000,4618.0,0.0,4618.0,0.0,4618.0
2026-09-25 09:01:40.474,3,13000,4618.0,0.0,4618.0,0.0,4618.0
2026-09-25 09:01:40.475,3,14000,4618.0,0.0,4618.0,0.0,4618.0
2026-09-25 09:01:40.475,3,15000,4618.0,0.0,4618.0,0.0,4618.0
2026-09-25 09:01:40.475,3,16000,4618.0,0.0,4618.0,0.0,4618.0
2026-09-25 09:01:40.585,3,17000,4618.0,0.0,4618.0,0.0,4618.0
2026-09-25 09:01:40.585,3,18000,4618.0,0.0,4618.0,0.0,4618.0
2026-09-25 09:01:40.585,3,19000,4618.0,0.0,4618.0,0.0,4618.0
2026-09-25 09:01:40.585,3,20000,4618.0,0.0,4618.0,0.0,4618.0
2026-09-25 09:01:40.586,3,21000,4618.0,0.0,4618.0,0.0,4618.0
2026-09-25 09:01:40.691,3,22000,4618.0,0.0,4618.0,0.0,4618.0
2026-09-25 09:01:40.691,3,23000,4618.0,0.0,4618.0,0.0,4618.0
2026-09-25 09:01:40.692,3,24000,4618.0,0.0,4618.0,0.0,4618.0
2026-09-25 09:01:40.692,3,25000,4618.0,0.0,4618.0,0.0,4618.0
2026-09-25 09:01:40.692,3,26000,4618.0,0.0,4618.0,0.0,4618.0
2026-09-25 09:01:40.801,3,27000,4618.0,0.0,4618.0,0.0,4618.0
2026-09-25 09:01:40.802,3,28000,4618.0,0.0,4618.0,0.0,4618.0
2026-09-25 09:01:40.802,3,29000,4618.0,0.0,4618.0,0.0,4618.0
2026-09-25 09:01:40.802,3,30000,4618.0,0.0,4618.0,0.0,4618.0
2026-09-25 09:01:40.802,3,31000,4618.0,0.0,4618.0,0.0,4618.0
2026-09-25 09:01:40.803,3,32000,4618.0,0.0,4618.0,0.0,4618.0
2026-09-25 09:01:40.911,3,33000,4618.0,0.0,4618.0,0.0,4618.0
2026-09-25 09:01:40.911,3,34000,4618.0,0.0,4618.0,0.0,4618.0
2026-09-25 09:01:40.912,3,35000,4618.0,0.0,4618.0,0.0,4618.0
2026-09-25 09:01:40.912,3,36000,4618.0,0.0,4618.0,0.0,4618.0
2026-09-25 09:01:40.912,3,37000,4618.0,0.0,4618.0,0.0,4618.0
2026-09-25 09:01:41.019,3,38000,4618.0,0.0,4618.0,0.0,4618.0
2026-09-25 09:01:41.019,3,39000,4618.0,0.0,4618.0,0.0,4618.0
2026-09-25 09:01:41.020,3,40000,4618.0,0.0,4618.0,0.0,4618.0
2026-09-25 09:01:41.020,3,41000,4618.0,0.0,4618.0,0.0,4618.0
2026-09-25 09:01:41.020,3,42000,4618.0,0.0,4618.0,0.0,4618.0
2026-09-25 09:01:41.129,3,43000,4618.0,0.0,4618.0,0.0,4618.0
2026-09-25 09:01:41.129,3,44000,4618.0,0.0,4618.0,0.0,4618.0
2026-09-25 09:01:41.130,3,45000,4618.0,0.0,4618.0,0.0,4618.0
2026-09-25 09:01:41.130,3,46000,4618.0,0.0,4618.0,0.0,4618.0
2026-09-25 09:01:41.130,3,47000,4618.0,0.0,4618.0,0.0,4618.0
2026-09-25 09:01:41.130,3,48000,4618.0,0.0,4618.0,0.0,4618.0
2026-09-25 09:01:41.228,3,49000,4618.0,0.0,4618.0,0.0,4618.0
2026-09-25 09:01:41.229,3,50000,4618.0,0.0,4618.0,0.0,4618.0
2026-09-25 09:01:41.229,3,51000,4618.0,0.0,4618.0,0.0,4618.0
2026-09-25 09:01:41.230,3,52000,4618.0,0.0,4618.0,0.0,4618.0
2026-09-25 09:01:41.230,3,53000,4618.0,0.0,4618.0,0.0,4618.0
2026-09-25 09:01:41.340,3,54000,4618.0,0.0,4618.0,0.0,4618.0
2026-09-25 09:01:41.341,3,55000,4618.0,0.0,4618.0,0.0,4618.0
2026-09-25 09:01:41.341,3,56000,4618.0,0.0,4618.0,0.0,4618.0
2026-09-25 09:01:41.341,3,57000,4618.0,0.0,4618.0,0.0,4618.0
2026-09-25 09:01:41.341,3,58000,4618.0,0.0,4618.0,0.0,4618.0
2026-09-25 09:01:41.342,3,59000,4618.0,0.0,4618.0,0.0,4618.0
2026-09-25 09:01:41.451,3,60000,4618.0,0.0,4618.0,0.0,4618.0
2026-09-25 09:01:41.451,3,61000,4618.0,0.0,4618.0,0.0,4618.0
2026-09-25 09:01:41.451,3,62000,4618.0,0.0,4618.0,0.0,4618.0
2026-09-25 09:01:41.451,3,63000,4618.0,0.0,4618.0,0.0,4618.0
2026-09-25 09:01:41.451,3,64000,4618.0,0.0,4618.0,0.0,4618.0
2026-09-25 09:01:41.452,3,65000,4618.0,0.0,4618.0,0.0,4618.0
2026-09-25 09:01:41.561,3,66000,4618.0,0.0,4618.0,0.0,4618.0
2026-09-25 09:01:41.562,3,67000,4618.0,0.0,4618.0,0.0,4618.0
2026-09-25 09:01:41.562,3,68000,4618.0,0.0,4618.0,0.0,4618.0
2026-09-25 09:01:41.562,3,69000,4618.0,0.0,4618.0,0.0,4618.0
2026-09-25 09:01:41.562,3,70000,4618.0,0.0,4618.0,0.0,4618.0
2026-09-25 09:01:41.683,3,71000,4618.0,0.0,4618.0,0.0,4618.0
2026-09-25 09:01:41.684,3,72000,4618.0,0.0,4618.0,0.0,4618.0
2026-09-25 09:01:41.684,3,73000,4618.0,0.0,4618.0,0.0,4618.0
2026-09-25 09:01:41.684,3,74000,4618.0,0.0,4618.0,0.0,4618.0
2026-09-25 09:01:41.684,3,75000,4618.0,0.0,4618.0,0.0,4618.0
2026-09-25 09:01:41.684,3,76000,4618.0,0.0,4618.0,0.0,4618.0
2026-09-25 09:01:41.685,3,77000,4618.0,0.0,4618.0,0.0,4618.0
2026-09-25 09:01:41.801,3,78000,4618.0,0.0,4618.0,0.0,4618.0
2026-09-25 09:01:41.801,3,79000,4618.0,0.0,4618.0,0.0,4618.0
2026-09-25 09:01:41.801,3,80000,4618.0,0.0,4618.0,0.0,4618.0
2026-09-25 09:01:41.802,3,81000,4618.0,0.0,4618.0,0.0,4618.0
2026-09-25 09:01:41.802,3,82000,4618.0,0.0,4618.0,0.0,4618.0
2026-09-25 09:01:41.802,3,83000,4618.0,0.0,4618.0,0.0,4618.0
2026-09-25 09:01:41.909,3,84000,4618.0,0.0,4618.0,0.0,4618.0
2026-09-25 09:01:41.910,3,85000,4618.0,0.0,4618.0,0.0,4618.0
2026-09-25 09:01:41.910,3,86000,4618.0,0.0,4618.0,0.0,4618.0
2026-09-25 09:01:41.910,3,87000,4618.0,0.0,4618.0,0.0,4618.0
2026-09-25 09:01:41.910,3,88000,4618.0,0.0,4618.0,0.0,4618.0
2026-09-25 09:01:41.911,3,89000,4618.0,0.0,4618.0,0.0,4618.0
2026-09-25 09:01:42.011,3,90000,4618.0,0.0,4618.0,0.0,4618.0
2026-09-25 09:01:42.012,3,91000,4618.0,0.0,4618.0,0.0,4618.0
2026-09-25 09:01:42.012,3,92000,4618.0,0.0,4618.0,0.0,4618.0
2026-09-25 09:01:42.012,3,93000,4618.0,0.0,4618.0,0.0,4618.0
2026-09-25 09:01:42.012,3,94000,4618.0,0.0,4618.0,0.0,4618.0
2026-09-25 09:01:42.122,3,95000,4618.0,0.0,4618.0,0.0,4618.0
2026-09-25 09:01:42.122,3,96000,4618.0,0.0,4618.0,0.0,4618.0
2026-09-25 09:01:42.122,3,97000,4618.0,0.0,4618.0,0.0,4618.0
2026-09-25 09:01:42.123,3,98000,4618.0,0.0,4618.0,0.0,4618.0
2026-09-25 09:01:42.123,3,99000,4618.0,0.0,4618.0,0.0,4618.0
2026-09-25 09:01:42.123,3,100000,4618.0,0.0,4618.0,0.0,4618.0
2026-09-25 09:01:52.509,4,10000,4618.0,0.0,4618.0,0.0,4618.0
2026-09-25 09:01:52.509,4,11000,4618.0,0.0,4618.0,0.0,4618.0
2026-09-25 09:01:52.623,4,12000,4618.0,0.0,4618.0,0.0,4618.0
2026-09-25 09:01:52.623,4,13000,4618.0,0.0,4618.0,0.0,4618.0
2026-09-25 09:01:52.624,4,14000,4618.0,0.0,4618.0,0.0,4618.0
2026-09-25 09:01:52.624,4,15000,4618.0,0.0,4618.0,0.0,4618.0
2026-09-25 09:01:52.624,4,16000,4618.0,0.0,4618.0,0.0,4618.0
2026-09-25 09:01:52.735,4,17000,4618.0,0.0,4618.0,0.0,4618.0
2026-09-25 09:01:52.735,4,18000,4618.0,0.0,4618.0,0.0,4618.0
2026-09-25 09:01:52.735,4,19000,4618.0,0.0,4618.0,0.0,4618.0
2026-09-25 09:01:52.735,4,20000,4618.0,0.0,4618.0,0.0,4618.0
2026-09-25 09:01:52.736,4,21000,4618.0,0.0,4618.0,0.0,4618.0
2026-09-25 09:01:52.845,4,22000,4618.0,0.0,4618.0,0.0,4618.0
2026-09-25 09:01:52.845,4,23000,4618.0,0.0,4618.0,0.0,4618.0
2026-09-25 09:01:52.845,4,24000,4618.0,0.0,4618.0,0.0,4618.0
2026-09-25 09:01:52.846,4,25000,4618.0,0.0,4618.0,0.0,4618.0
2026-09-25 09:01:52.846,4,26000,4618.0,0.0,4618.0,0.0,4618.0
2026-09-25 09:01:52.956,4,27000,4618.0,0.0,4618.0,0.0,4618.0
2026-09-25 09:01:52.956,4,28000,4618.0,0.0,4618.0,0.0,4618.0
2026-09-25 09:01:52.956,4,29000,4618.0,0.0,4618.0,0.0,4618.0
2026-09-25 09:01:52.957,4,30000,4618.0,0.0,4618.0,0.0,4618.0
2026-09-25 09:01:52.957,4,31000,4618.0,0.0,4618.0,0.0,4618.0
2026-09-25 09:01:53.061,4,32000,4618.0,0.0,4618.0,0.0,4618.0
2026-09-25 09:01:53.061,4,33000,4618.0,0.0,4618.0,0.0,4618.0
2026-09-25 09:01:53.062,4,34000,4618.0,0.0,4618.0,0.0,4618.0
2026-09-25 09:01:53.062,4,35000,4618.0,0.0,4618.0,0.0,4618.0
2026-09-25 09:01:53.062,4,36000,4618.0,0.0,4618.0,0.0,4618.0
2026-09-25 09:01:53.062,4,37000,4618.0,0.0,4618.0,0.0,4618.0
2026-09-25 09:01:53.172,4,38000,4618.0,0.0,4618.0,0.0,4618.0
2026-09-25 09:01:53.172,4,39000,4618.0,0.0,4618.0,0.0,4618.0
2026-09-25 09:01:53.173,4,40000,4618.0,0.0,4618.0,0.0,4618.0
2026-09-25 09:01:53.173,4,41000,4618.0,0.0,4618.0,0.0,4618.0
2026-09-25 09:01:53.173,4,42000,4618.0,0.0,4618.0,0.0,4618.0
2026-09-25 09:01:53.282,4,43000,4618.0,0.0,4618.0,0.0,4618.0
2026-09-25 09:01:53.283,4,44000,4618.0,0.0,4618.0,0.0,4618.0
2026-09-25 09:01:53.283,4,45000,4618.0,0.0,4618.0,0.0,4618.0
2026-09-25 09:01:53.284,4,46000,4618.0,0.0,4618.0,0.0,4618.0
2026-09-25 09:01:53.284,4,47000,4618.0,0.0,4618.0,0.0,4618.0
2026-09-25 09:01:53.284,4,48000,4618.0,0.0,4618.0,0.0,4618.0
2026-09-25 09:01:53.386,4,49000,4618.0,0.0,4618.0,0.0,4618.0
2026-09-25 09:01:53.386,4,50000,4618.0,0.0,4618.0,0.0,4618.0
2026-09-25 09:01:53.387,4,51000,4618.0,0.0,4618.0,0.0,4618.0
2026-09-25 09:01:53.387,4,52000,4618.0,0.0,4618.0,0.0,4618.0
2026-09-25 09:01:53.387,4,53000,4618.0,0.0,4618.0,0.0,4618.0
2026-09-25 09:01:53.494,4,54000,4618.0,0.0,4618.0,0.0,4618.0
2026-09-25 09:01:53.495,4,55000,4618.0,0.0,4618.0,0.0,4618.0
2026-09-25 09:01:53.495,4,56000,4618.0,0.0,4618.0,0.0,4618.0
2026-09-25 09:01:53.495,4,57000,4618.0,0.0,4618.0,0.0,4618.0
2026-09-25 09:01:53.496,4,58000,4618.0,0.0,4618.0,0.0,4618.0
2026-09-25 09:01:53.496,4,59000,4618.0,0.0,4618.0,0.0,4618.0
2026-09-25 09:01:53.612,4,60000,4618.0,0.0,4618.0,0.0,4618.0
2026-09-25 09:01:53.612,4,61000,4618.0,0.0,4618.0,0.0,4618.0
2026-09-25 09:01:53.613,4,62000,4618.0,0.0,4618.0,0.0,4618.0
2026-09-25 09:01:53.613,4,63000,4618.0,0.0,4618.0,0.0,4618.0
2026-09-25 09:01:53.613,4,64000,4618.0,0.0,4618.0,0.0,4618.0
2026-09-25 09:01:53.613,4,65000,4618.0,0.0,4618.0,0.0,4618.0
2026-09-25 09:01:53.728,4,66000,4618.0,0.0,4618.0,0.0,4618.0
2026-09-25 09:01:53.728,4,67000,4618.0,0.0,4618.0,0.0,4618.0
2026-09-25 09:01:53.729,4,68000,4618.0,0.0,4618.0,0.0,4618.0
2026-09-25 09:01:53.729,4,69000,4618.0,0.0,4618.0,0.0,4618.0
2026-09-25 09:01:53.729,4,70000,4618.0,0.0,4618.0,0.0,4618.0
2026-09-25 09:01:53.729,4,71000,4618.0,0.0,4618.0,0.0,4618.0
2026-09-25 09:01:53.846,4,72000,4618.0,0.0,4618.0,0.0,4618.0
2026-09-25 09:01:53.846,4,73000,4618.0,0.0,4618.0,0.0,4618.0
2026-09-25 09:01:53.846,4,74000,4618.0,0.0,4618.0,0.0,4618.0
2026-09-25 09:01:53.847,4,75000,4618.0,0.0,4618.0,0.0,4618.0
2026-09-25 09:01:53.847,4,76000,4618.0,0.0,4618.0,0.0,4618.0
2026-09-25 09:01:53.847,4,77000,4618.0,0.0,4618.0,0.0,4618.0
2026-09-25 09:01:53.955,4,78000,4618.0,0.0,4618.0,0.0,4618.0
2026-09-25 09:01:53.956,4,79000,4618.0,0.0,4618.0,0.0,4618.0
2026-09-25 09:01:53.956,4,80000,4618.0,0.0,4618.0,0.0,4618.0
2026-09-25 09:01:53.957,4,81000,4618.0,0.0,4618.0,0.0,4618.0
2026-09-25 09:01:53.957,4,82000,4618.0,0.0,4618.0,0.0,4618.0
2026-09-25 09:01:53.957,4,83000,4618.0,0.0,4618.0,0.0,4618.0
2026-09-25 09:01:54.071,4,84000,4618.0,0.0,4618.0,0.0,4618.0
2026-09-25 09:01:54.072,4,85000,4618.0,0.0,4618.0,0.0,4618.0
2026-09-25 09:01:54.072,4,86000,4618.0,0.0,4618.0,0.0,4618.0
2026-09-25 09:01:54.072,4,87000,4618.0,0.0,4618.0,0.0,4618.0
2026-09-25 09:01:54.073,4,88000,4618.0,0.0,4618.0,0.0,4618.0
2026-09-25 09:01:54.073,4,89000,4618.0,0.0,4618.0,0.0,4618.0
2026-09-25 09:01:54.196,4,90000,4618.0,0.0,4618.0,0.0,4618.0
2026-09-25 09:01:54.196,4,91000,4618.0,0.0,4618.0,0.0,4618.0
2026-09-25 09:01:54.196,4,92000,4618.0,0.0,4618.0,0.0,4618.0
2026-09-25 09:01:54.196,4,93000,4618.0,0.0,4618.0,0.0,4618.0
2026-09-25 09:01:54.197,4,94000,4618.0,0.0,4618.0,0.0,4618.0
2026-09-25 09:01:54.197,4,95000,4618.0,0.0,4618.0,0.0,4618.0
2026-09-25 09:01:54.316,4,96000,4618.0,0.0,4618.0,0.0,4618.0
2026-09-25 09:01:54.316,4,97000,4618.0,0.0,4618.0,0.0,4618.0
2026-09-25 09:01:54.317,4,98000,4618.0,0.0,4618.0,0.0,4618.0
2026-09-25 09:01:54.317,4,99000,4618.0,0.0,4618.0,0.0,4618.0
2026-09-25 09:01:54.317,4,100000,4618.0,0.0,4618.0,0.0,4618.0
2026-09-25 09:02:04.692,5,10000,4618.0,0.0,4618.0,0.0,4618.0
2026-09-25 09:02:04.692,5,11000,4618.0,0.0,4618.0,0.0,4618.0
2026-09-25 09:02:04.692,5,12000,4618.0,0.0,4618.0,0.0,4618.0
2026-09-25 09:02:04.798,5,13000,4618.0,0.0,4618.0,0.0,4618.0
2026-09-25 09:02:04.798,5,14000,4618.0,0.0,4618.0,0.0,4618.0
2026-09-25 09:02:04.799,5,15000,4618.0,0.0,4618.0,0.0,4618.0
2026-09-25 09:02:04.799,5,16000,4618.0,0.0,4618.0,0.0,4618.0
2026-09-25 09:02:04.799,5,17000,4618.0,0.0,4618.0,0.0,4618.0
2026-09-25 09:02:04.907,5,18000,4618.0,0.0,4618.0,0.0,4618.0
2026-09-25 09:02:04.907,5,19000,4618.0,0.0,4618.0,0.0,4618.0
2026-09-25 09:02:04.907,5,20000,4618.0,0.0,4618.0,0.0,4618.0
2026-09-25 09:02:04.908,5,21000,4618.0,0.0,4618.0,0.0,4618.0
2026-09-25 09:02:04.908,5,22000,4618.0,0.0,4618.0,0.0,4618.0
2026-09-25 09:02:05.014,5,23000,4618.0,0.0,4618.0,0.0,4618.0
2026-09-25 09:02:05.015,5,24000,4618.0,0.0,4618.0,0.0,4618.0
2026-09-25 09:02:05.015,5,25000,4618.0,0.0,4618.0,0.0,4618.0
2026-09-25 09:02:05.015,5,26000,4618.0,0.0,4618.0,0.0,4618.0
2026-09-25 09:02:05.015,5,27000,4618.0,0.0,4618.0,0.0,4618.0
2026-09-25 09:02:05.122,5,28000,4618.0,0.0,4618.0,0.0,4618.0
2026-09-25 09:02:05.122,5,29000,4618.0,0.0,4618.0,0.0,4618.0
2026-09-25 09:02:05.122,5,30000,4618.0,0.0,4618.0,0.0,4618.0
2026-09-25 09:02:05.123,5,31000,4618.0,0.0,4618.0,0.0,4618.0
2026-09-25 09:02:05.123,5,32000,4618.0,0.0,4618.0,0.0,4618.0
2026-09-25 09:02:05.238,5,33000,4618.0,0.0,4618.0,0.0,4618.0
2026-09-25 09:02:05.238,5,34000,4618.0,0.0,4618.0,0.0,4618.0
2026-09-25 09:02:05.238,5,35000,4618.0,0.0,4618.0,0.0,4618.0
2026-09-25 09:02:05.238,5,36000,4618.0,0.0,4618.0,0.0,4618.0
2026-09-25 09:02:05.238,5,37000,4618.0,0.0,4618.0,0.0,4618.0
2026-09-25 09:02:05.345,5,38000,4618.0,0.0,4618.0,0.0,4618.0
2026-09-25 09:02:05.346,5,39000,4618.0,0.0,4618.0,0.0,4618.0
2026-09-25 09:02:05.347,5,40000,4618.0,0.0,4618.0,0.0,4618.0
2026-09-25 09:02:05.347,5,41000,4618.0,0.0,4618.0,0.0,4618.0
2026-09-25 09:02:05.347,5,42000,4618.0,0.0,4618.0,0.0,4618.0
2026-09-25 09:02:05.347,5,43000,4618.0,0.0,4618.0,0.0,4618.0
2026-09-25 09:02:05.456,5,44000,4618.0,0.0,4618.0,0.0,4618.0
2026-09-25 09:02:05.456,5,45000,4618.0,0.0,4618.0,0.0,4618.0
2026-09-25 09:02:05.456,5,46000,4618.0,0.0,4618.0,0.0,4618.0
2026-09-25 09:02:05.456,5,47000,4618.0,0.0,4618.0,0.0,4618.0
2026-09-25 09:02:05.456,5,48000,4618.0,0.0,4618.0,0.0,4618.0
2026-09-25 09:02:05.561,5,49000,4618.0,0.0,4618.0,0.0,4618.0
2026-09-25 09:02:05.562,5,50000,4618.0,0.0,4618.0,0.0,4618.0
2026-09-25 09:02:05.562,5,51000,4618.0,0.0,4618.0,0.0,4618.0
2026-09-25 09:02:05.562,5,52000,4618.0,0.0,4618.0,0.0,4618.0
2026-09-25 09:02:05.562,5,53000,4618.0,0.0,4618.0,0.0,4618.0
2026-09-25 09:02:05.562,5,54000,4618.0,0.0,4618.0,0.0,4618.0
2026-09-25 09:02:05.677,5,55000,4618.0,0.0,4618.0,0.0,4618.0
2026-09-25 09:02:05.678,5,56000,4618.0,0.0,4618.0,0.0,4618.0
2026-09-25 09:02:05.678,5,57000,4618.0,0.0,4618.0,0.0,4618.0
2026-09-25 09:02:05.678,5,58000,4618.0,0.0,4618.0,0.0,4618.0
2026-09-25 09:02:05.678,5,59000,4618.0,0.0,4618.0,0.0,4618.0
2026-09-25 09:02:05.679,5,60000,4618.0,0.0,4618.0,0.0,4618.0
2026-09-25 09:02:05.788,5,61000,4618.0,0.0,4618.0,0.0,4618.0
2026-09-25 09:02:05.789,5,62000,4618.0,0.0,4618.0,0.0,4618.0
2026-09-25 09:02:05.789,5,63000,4618.0,0.0,4618.0,0.0,4618.0
2026-09-25 09:02:05.790,5,64000,4618.0,0.0,4618.0,0.0,4618.0
2026-09-25 09:02:05.790,5,65000,4618.0,0.0,4618.0,0.0,4618.0
2026-09-25 09:02:05.790,5,66000,4618.0,0.0,4618.0,0.0,4618.0
2026-09-25 09:02:05.903,5,67000,4618.0,0.0,4618.0,0.0,4618.0
2026-09-25 09:02:05.903,5,68000,4618.0,0.0,4618.0,0.0,4618.0
2026-09-25 09:02:05.903,5,69000,4618.0,0.0,4618.0,0.0,4618.0
2026-09-25 09:02:05.904,5,70000,4618.0,0.0,4618.0,0.0,4618.0
2026-09-25 09:02:05.904,5,71000,4618.0,0.0,4618.0,0.0,4618.0
2026-09-25 09:02:05.904,5,72000,4618.0,0.0,4618.0,0.0,4618.0
2026-09-25 09:02:06.014,5,73000,4618.0,0.0,4618.0,0.0,4618.0
2026-09-25 09:02:06.014,5,74000,4618.0,0.0,4618.0,0.0,4618.0
2026-09-25 09:02:06.014,5,75000,4618.0,0.0,4618.0,0.0,4618.0
2026-09-25 09:02:06.015,5,76000,4618.0,0.0,4618.0,0.0,4618.0
2026-09-25 09:02:06.015,5,77000,4618.0,0.0,4618.0,0.0,4618.0
2026-09-25 09:02:06.015,5,78000,4618.0,0.0,4618.0,0.0,4618.0
2026-09-25 09:02:06.123,5,79000,4618.0,0.0,4618.0,0.0,4618.0
2026-09-25 09:02:06.124,5,80000,4618.0,0.0,4618.0,0.0,4618.0
2026-09-25 09:02:06.124,5,81000,4618.0,0.0,4618.0,0.0,4618.0
2026-09-25 09:02:06.124,5,82000,4618.0,0.0,4618.0,0.0,4618.0
2026-09-25 09:02:06.124,5,83000,4618.0,0.0,4618.0,0.0,4618.0
2026-09-25 09:02:06.240,5,84000,4618.0,0.0,4618.0,0.0,4618.0
2026-09-25 09:02:06.240,5,85000,4618.0,0.0,4618.0,0.0,4618.0
2026-09-25 09:02:06.240,5,86000,4618.0,0.0,4618.0,0.0,4618.0
2026-09-25 09:02:06.240,5,87000,4618.0,0.0,4618.0,0.0,4618.0
2026-09-25 09:02:06.241,5,88000,4618.0,0.0,4618.0,0.0,4618.0
2026-09-25 09:02:06.241,5,89000,4618.0,0.0,4618.0,0.0,4618.0
2026-09-25 09:02:06.241,5,90000,4618.0,0.0,4618.0,0.0,4618.0
2026-09-25 09:02:06.344,5,91000,4618.0,0.0,4618.0,0.0,4618.0
2026-09-25 09:02:06.344,5,92000,4618.0,0.0,4618.0,0.0,4618.0
2026-09-25 09:02:06.345,5,93000,4618.0,0.0,4618.0,0.0,4618.0
2026-09-25 09:02:06.345,5,94000,4618.0,0.0,4618.0,0.0,4618.0
2026-09-25 09:02:06.345,5,95000,4618.0,0.0,4618.0,0.0,4618.0
2026-09-25 09:02:06.457,5,96000,4618.0,0.0,4618.0,0.0,4618.0
2026-09-25 09:02:06.457,5,97000,4618.0,0.0,4618.0,0.0,4618.0
2026-09-25 09:02:06.457,5,98000,4618.0,0.0,4618.0,0.0,4618.0
2026-09-25 09:02:06.458,5,99000,4618.0,0.0,4618.0,0.0,4618.0
2026-09-25 09:02:06.458,5,100000,4618.0,0.0,4618.0,0.0,4618.0
2026-09-25 09:02:16.784,6,10000,4618.0,0.0,4618.0,0.0,4618.0
2026-09-25 09:02:16.890,6,11000,4618.0,0.0,4618.0,0.0,4618.0
2026-09-25 09:02:16.890,6,12000,4618.0,0.0,4618.0,0.0,4618.0
2026-09-25 09:02:16.891,6,13000,4618.0,0.0,4618.0,0.0,4618.0
2026-09-25 09:02:16.891,6,14000,4618.0,0.0,4618.0,0.0,4618.0
2026-09-25 09:02:17.001,6,15000,4618.0,0.0,4618.0,0.0,4618.0
2026-09-25 09:02:17.001,6,16000,4618.0,0.0,4618.0,0.0,4618.0
2026-09-25 09:02:17.001,6,17000,4618.0,0.0,4618.0,0.0,4618.0
2026-09-25 09:02:17.002,6,18000,4618.0,0.0,4618.0,0.0,4618.0
2026-09-25 09:02:17.002,6,19000,4618.0,0.0,4618.0,0.0,4618.0
2026-09-25 09:02:17.122,6,20000,4618.0,0.0,4618.0,0.0,4618.0
2026-09-25 09:02:17.123,6,21000,4618.0,0.0,4618.0,0.0,4618.0
2026-09-25 09:02:17.123,6,22000,4618.0,0.0,4618.0,0.0,4618.0
2026-09-25 09:02:17.123,6,23000,4618.0,0.0,4618.0,0.0,4618.0
2026-09-25 09:02:17.124,6,24000,4618.0,0.0,4618.0,0.0,4618.0
2026-09-25 09:02:17.239,6,25000,4618.0,0.0,4618.0,0.0,4618.0
2026-09-25 09:02:17.240,6,26000,4618.0,0.0,4618.0,0.0,4618.0
2026-09-25 09:02:17.240,6,27000,4618.0,0.0,4618.0,0.0,4618.0
2026-09-25 09:02:17.240,6,28000,4618.0,0.0,4618.0,0.0,4618.0
2026-09-25 09:02:17.240,6,29000,4618.0,0.0,4618.0,0.0,4618.0
2026-09-25 09:02:17.241,6,30000,4618.0,0.0,4618.0,0.0,4618.0
2026-09-25 09:02:17.346,6,31000,4618.0,0.0,4618.0,0.0,4618.0
2026-09-25 09:02:17.346,6,32000,4618.0,0.0,4618.0,0.0,4618.0
2026-09-25 09:02:17.346,6,33000,4618.0,0.0,4618.0,0.0,4618.0
2026-09-25 09:02:17.346,6,34000,4618.0,0.0,4618.0,0.0,4618.0
2026-09-25 09:02:17.347,6,35000,4618.0,0.0,4618.0,0.0,4618.0
2026-09-25 09:02:17.455,6,36000,4618.0,0.0,4618.0,0.0,4618.0
2026-09-25 09:02:17.456,6,37000,4618.0,0.0,4618.0,0.0,4618.0
2026-09-25 09:02:17.456,6,38000,4618.0,0.0,4618.0,0.0,4618.0
2026-09-25 09:02:17.456,6,39000,4618.0,0.0,4618.0,0.0,4618.0
2026-09-25 09:02:17.456,6,40000,4618.0,0.0,4618.0,0.0,4618.0
2026-09-25 09:02:17.566,6,41000,4618.0,0.0,4618.0,0.0,4618.0
2026-09-25 09:02:17.567,6,42000,4618.0,0.0,4618.0,0.0,4618.0
2026-09-25 09:02:17.567,6,43000,4618.0,0.0,4618.0,0.0,4618.0
2026-09-25 09:02:17.567,6,44000,4618.0,0.0,4618.0,0.0,4618.0
2026-09-25 09:02:17.567,6,45000,4618.0,0.0,4618.0,0.0,4618.0
2026-09-25 09:02:17.567,6,46000,4618.0,0.0,4618.0,0.0,4618.0
2026-09-25 09:02:17.679,6,47000,4618.0,0.0,4618.0,0.0,4618.0
2026-09-25 09:02:17.679,6,48000,4618.0,0.0,4618.0,0.0,4618.0
2026-09-25 09:02:17.679,6,49000,4618.0,0.0,4618.0,0.0,4618.0
2026-09-25 09:02:17.680,6,50000,4618.0,0.0,4618.0,0.0,4618.0
2026-09-25 09:02:17.680,6,51000,4618.0,0.0,4618.0,0.0,4618.0
2026-09-25 09:02:17.680,6,52000,4618.0,0.0,4618.0,0.0,4618.0
2026-09-25 09:02:17.790,6,53000,4618.0,0.0,4618.0,0.0,4618.0
2026-09-25 09:02:17.790,6,54000,4618.0,0.0,4618.0,0.0,4618.0
2026-09-25 09:02:17.790,6,55000,4618.0,0.0,4618.0,0.0,4618.0
2026-09-25 09:02:17.791,6,56000,4618.0,0.0,4618.0,0.0,4618.0
2026-09-25 09:02:17.791,6,57000,4618.0,0.0,4618.0,0.0,4618.0
2026-09-25 09:02:17.791,6,58000,4618.0,0.0,4618.0,0.0,4618.0
2026-09-25 09:02:17.903,6,59000,4618.0,0.0,4618.0,0.0,4618.0
2026-09-25 09:02:17.903,6,60000,4618.0,0.0,4618.0,0.0,4618.0
2026-09-25 09:02:17.903,6,61000,4618.0,0.0,4618.0,0.0,4618.0
2026-09-25 09:02:17.904,6,62000,4618.0,0.0,4618.0,0.0,4618.0
2026-09-25 09:02:17.904,6,63000,4618.0,0.0,4618.0,0.0,4618.0
2026-09-25 09:02:18.022,6,64000,4618.0,0.0,4618.0,0.0,4618.0
2026-09-25 09:02:18.022,6,65000,4618.0,0.0,4618.0,0.0,4618.0
2026-09-25 09:02:18.022,6,66000,4618.0,0.0,4618.0,0.0,4618.0
2026-09-25 09:02:18.022,6,67000,4618.0,0.0,4618.0,0.0,4618.0
2026-09-25 09:02:18.023,6,68000,4618.0,0.0,4618.0,0.0,4618.0
2026-09-25 09:02:18.023,6,69000,4618.0,0.0,4618.0,0.0,4618.0
2026-09-25 09:02:18.023,6,70000,4618.0,0.0,4618.0,0.0,4618.0
2026-09-25 09:02:18.123,6,71000,4618.0,0.0,4618.0,0.0,4618.0
2026-09-25 09:02:18.124,6,72000,4532.7,-1.06,4531.924322741577,-83.85238782107487,4532.7
2026-09-25 09:02:18.124,6,73000,4618.0,0.0,4618.0,0.0,4618.0
2026-09-25 09:02:18.124,6,74000,4618.0,0.0,4618.0,0.0,4618.0
2026-09-25 09:02:18.124,6,75000,4618.0,0.0,4618.0,0.0,4618.0
2026-09-25 09:02:18.236,6,76000,4618.0,0.0,4618.0,0.0,4618.0
2026-09-25 09:02:18.236,6,77000,4618.0,0.0,4618.0,0.0,4618.0
2026-09-25 09:02:18.236,6,78000,4618.0,0.0,4618.0,0.0,4618.0
2026-09-25 09:02:18.237,6,79000,4618.0,0.0,4618.0,0.0,4618.0
2026-09-25 09:02:18.237,6,80000,4618.0,0.0,4618.0,0.0,4618.0
2026-09-25 09:02:18.237,6,81000,4618.0,0.0,4618.0,0.0,4618.0
2026-09-25 09:02:18.344,6,82000,4618.0,0.0,4618.0,0.0,4618.0
2026-09-25 09:02:18.345,6,83000,4618.0,0.0,4618.0,0.0,4618.0
2026-09-25 09:02:18.345,6,84000,4618.0,0.0,4618.0,0.0,4618.0
2026-09-25 09:02:18.345,6,85000,4618.0,0.0,4618.0,0.0,4618.0
2026-09-25 09:02:18.345,6,86000,4618.0,0.0,4618.0,0.0,4618.0
2026-09-25 09:02:18.345,6,87000,4618.0,0.0,4618.0,0.0,4618.0
2026-09-25 09:02:18.456,6,88000,4618.0,0.0,4618.0,0.0,4618.0
2026-09-25 09:02:18.456,6,89000,4618.0,0.0,4618.0,0.0,4618.0
2026-09-25 09:02:18.456,6,90000,4618.0,0.0,4618.0,0.0,4618.0
2026-09-25 09:02:18.457,6,91000,4618.0,0.0,4618.0,0.0,4618.0
2026-09-25 09:02:18.457,6,92000,4618.0,0.0,4618.0,0.0,4618.0
2026-09-25 09:02:18.457,6,93000,4618.0,0.0,4618.0,0.0,4618.0
2026-09-25 09:02:18.572,6,94000,4618.0,0.0,4618.0,0.0,4618.0
2026-09-25 09:02:18.572,6,95000,4618.0,0.0,4618.0,0.0,4618.0
2026-09-25 09:02:18.572,6,96000,4618.0,0.0,4618.0,0.0,4618.0
2026-09-25 09:02:18.573,6,97000,4618.0,0.0,4618.0,0.0,4618.0
2026-09-25 09:02:18.573,6,98000,4618.0,0.0,4618.0,0.0,4618.0
2026-09-25 09:02:18.573,6,99000,4618.0,0.0,4618.0,0.0,4618.0
2026-09-25 09:02:18.688,6,100000,4618.0,0.0,4618.0,0.0,4618.0
2026-09-25 09:02:29.041,7,10000,4618.0,0.0,4618.0,0.0,4618.0
2026-09-25 09:02:29.041,7,11000,4618.0,0.0,4618.0,0.0,4618.0
2026-09-25 09:02:29.041,7,12000,4618.0,0.0,4618.0,0.0,4618.0
2026-09-25 09:02:29.041,7,13000,4618.0,0.0,4618.0,0.0,4618.0
2026-09-25 09:02:29.041,7,14000,4618.0,0.0,4618.0,0.0,4618.0
2026-09-25 09:02:29.158,7,15000,4618.0,0.0,4618.0,0.0,4618.0
2026-09-25 09:02:29.158,7,16000,4618.0,0.0,4618.0,0.0,4618.0
2026-09-25 09:02:29.158,7,17000,4618.0,0.0,4618.0,0.0,4618.0
2026-09-25 09:02:29.159,7,18000,4618.0,0.0,4618.0,0.0,4618.0
2026-09-25 09:02:29.159,7,19000,4618.0,0.0,4618.0,0.0,4618.0
2026-09-25 09:02:29.276,7,20000,4618.0,0.0,4618.0,0.0,4618.0
2026-09-25 09:02:29.276,7,21000,4618.0,0.0,4618.0,0.0,4618.0
2026-09-25 09:02:29.276,7,22000,4618.0,0.0,4618.0,0.0,4618.0
2026-09-25 09:02:29.276,7,23000,4618.0,0.0,4618.0,0.0,4618.0
2026-09-25 09:02:29.277,7,24000,4618.0,0.0,4618.0,0.0,4618.0
2026-09-25 09:02:29.396,7,25000,4618.0,0.0,4618.0,0.0,4618.0
2026-09-25 09:02:29.396,7,26000,4618.0,0.0,4618.0,0.0,4618.0
2026-09-25 09:02:29.396,7,27000,4618.0,0.0,4618.0,0.0,4618.0
2026-09-25 09:02:29.397,7,28000,4618.0,0.0,4618.0,0.0,4618.0
2026-09-25 09:02:29.397,7,29000,4618.0,0.0,4618.0,0.0,4618.0
2026-09-25 09:02:29.397,7,30000,4618.0,0.0,4618.0,0.0,4618.0
2026-09-25 09:02:29.496,7,31000,4618.0,0.0,4618.0,0.0,4618.0
2026-09-25 09:02:29.496,7,32000,4618.0,0.0,4618.0,0.0,4618.0
2026-09-25 09:02:29.497,7,33000,4618.0,0.0,4618.0,0.0,4618.0
2026-09-25 09:02:29.497,7,34000,4618.0,0.0,4618.0,0.0,4618.0
2026-09-25 09:02:29.497,7,35000,4618.0,0.0,4618.0,0.0,4618.0
2026-09-25 09:02:29.616,7,36000,4618.0,0.0,4618.0,0.0,4618.0
2026-09-25 09:02:29.617,7,37000,4618.0,0.0,4618.0,0.0,4618.0
2026-09-25 09:02:29.617,7,38000,4618.0,0.0,4618.0,0.0,4618.0
2026-09-25 09:02:29.618,7,39000,4618.0,0.0,4618.0,0.0,4618.0
2026-09-25 09:02:29.618,7,40000,4618.0,0.0,4618.0,0.0,4618.0
2026-09-25 09:02:29.618,7,41000,4618.0,0.0,4618.0,0.0,4618.0
2026-09-25 09:02:29.720,7,42000,4618.0,0.0,4618.0,0.0,4618.0
2026-09-25 09:02:29.720,7,43000,4618.0,0.0,4618.0,0.0,4618.0
2026-09-25 09:02:29.720,7,44000,4618.0,0.0,4618.0,0.0,4618.0
2026-09-25 09:02:29.721,7,45000,4618.0,0.0,4618.0,0.0,4618.0
2026-09-25 09:02:29.721,7,46000,4618.0,0.0,4618.0,0.0,4618.0
2026-09-25 09:02:29.824,7,47000,4618.0,0.0,4618.0,0.0,4618.0
2026-09-25 09:02:29.824,7,48000,4618.0,0.0,4618.0,0.0,4618.0
2026-09-25 09:02:29.825,7,49000,4618.0,0.0,4618.0,0.0,4618.0
2026-09-25 09:02:29.825,7,50000,4618.0,0.0,4618.0,0.0,4618.0
2026-09-25 09:02:29.825,7,51000,4618.0,0.0,4618.0,0.0,4618.0
2026-09-25 09:02:29.936,7,52000,4618.0,0.0,4618.0,0.0,4618.0
2026-09-25 09:02:29.936,7,53000,4618.0,0.0,4618.0,0.0,4618.0
2026-09-25 09:02:29.937,7,54000,4618.0,0.0,4618.0,0.0,4618.0
2026-09-25 09:02:29.937,7,55000,4618.0,0.0,4618.0,0.0,4618.0
2026-09-25 09:02:29.937,7,56000,4618.0,0.0,4618.0,0.0,4618.0
2026-09-25 09:02:29.937,7,57000,4618.0,0.0,4618.0,0.0,4618.0
2026-09-25 09:02:30.045,7,58000,4618.0,0.0,4618.0,0.0,4618.0
2026-09-25 09:02:30.046,7,59000,4618.0,0.0,4618.0,0.0,4618.0
2026-09-25 09:02:30.046,7,60000,4618.0,0.0,4618.0,0.0,4618.0
2026-09-25 09:02:30.046,7,61000,4618.0,0.0,4618.0,0.0,4618.0
2026-09-25 09:02:30.046,7,62000,4618.0,0.0,4618.0,0.0,4618.0
2026-09-25 09:02:30.047,7,63000,4618.0,0.0,4618.0,0.0,4618.0
2026-09-25 09:02:30.162,7,64000,4618.0,0.0,4618.0,0.0,4618.0
2026-09-25 09:02:30.162,7,65000,4618.0,0.0,4618.0,0.0,4618.0
2026-09-25 09:02:30.162,7,66000,4618.0,0.0,4618.0,0.0,4618.0
2026-09-25 09:02:30.162,7,67000,4618.0,0.0,4618.0,0.0,4618.0
2026-09-25 09:02:30.162,7,68000,4618.0,0.0,4618.0,0.0,4618.0
2026-09-25 09:02:30.163,7,69000,4618.0,0.0,4618.0,0.0,4618.0
2026-09-25 09:02:30.272,7,70000,4618.0,0.0,4618.0,0.0,4618.0
2026-09-25 09:02:30.272,7,71000,4618.0,0.0,4618.0,0.0,4618.0
2026-09-25 09:02:30.273,7,72000,4618.0,0.0,4618.0,0.0,4618.0
2026-09-25 09:02:30.273,7,73000,4618.0,0.0,4618.0,0.0,4618.0
2026-09-25 09:02:30.273,7,74000,4618.0,0.0,4618.0,0.0,4618.0
2026-09-25 09:02:30.273,7,75000,4618.0,0.0,4618.0,0.0,4618.0
2026-09-25 09:02:30.376,7,76000,4618.0,0.0,4618.0,0.0,4618.0
2026-09-25 09:02:30.376,7,77000,4618.0,0.0,4618.0,0.0,4618.0
2026-09-25 09:02:30.376,7,78000,4618.0,0.0,4618.0,0.0,4618.0
2026-09-25 09:02:30.377,7,79000,4618.0,0.0,4618.0,0.0,4618.0
2026-09-25 09:02:30.377,7,80000,4618.0,0.0,4618.0,0.0,4618.0
2026-09-25 09:02:30.498,7,81000,4618.0,0.0,4618.0,0.0,4618.0
2026-09-25 09:02:30.499,7,82000,4618.0,0.0,4618.0,0.0,4618.0
2026-09-25 09:02:30.499,7,83000,4618.0,0.0,4618.0,0.0,4618.0
2026-09-25 09:02:30.499,7,84000,4618.0,0.0,4618.0,0.0,4618.0
2026-09-25 09:02:30.499,7,85000,4618.0,0.0,4618.0,0.0,4618.0
2026-09-25 09:02:30.500,7,86000,4618.0,0.0,4618.0,0.0,4618.0
2026-09-25 09:02:30.500,7,87000,4618.0,0.0,4618.0,0.0,4618.0
2026-09-25 09:02:30.607,7,88000,4618.0,0.0,4618.0,0.0,4618.0
2026-09-25 09:02:30.608,7,89000,4618.0,0.0,4618.0,0.0,4618.0
2026-09-25 09:02:30.608,7,90000,4618.0,0.0,4618.0,0.0,4618.0
2026-09-25 09:02:30.608,7,91000,4618.0,0.0,4618.0,0.0,4618.0
2026-09-25 09:02:30.608,7,92000,4618.0,0.0,4618.0,0.0,4618.0
2026-09-25 09:02:30.722,7,93000,4618.0,0.0,4618.0,0.0,4618.0
2026-09-25 09:02:30.723,7,94000,4618.0,0.0,4618.0,0.0,4618.0
2026-09-25 09:02:30.723,7,95000,4618.0,0.0,4618.0,0.0,4618.0
2026-09-25 09:02:30.723,7,96000,4618.0,0.0,4618.0,0.0,4618.0
2026-09-25 09:02:30.723,7,97000,4618.0,0.0,4618.0,0.0,4618.0
2026-09-25 09:02:30.724,7,98000,4618.0,0.0,4618.0,0.0,4618.0
2026-09-25 09:02:30.828,7,99000,4618.0,0.0,4618.0,0.0,4618.0
2026-09-25 09:02:30.829,7,100000,4618.0,0.0,4618.0,0.0,4618.0
2026-09-25 09:02:41.186,8,10000,4618.0,0.0,4618.0,0.0,4618.0
2026-09-25 09:02:41.187,8,11000,4618.0,0.0,4618.0,0.0,4618.0
2026-09-25 09:02:41.187,8,12000,4618.0,0.0,4618.0,0.0,4618.0
2026-09-25 09:02:41.187,8,13000,4618.0,0.0,4618.0,0.0,4618.0
2026-09-25 09:02:41.290,8,14000,4618.0,0.0,4618.0,0.0,4618.0
2026-09-25 09:02:41.290,8,15000,4618.0,0.0,4618.0,0.0,4618.0
2026-09-25 09:02:41.290,8,16000,4618.0,0.0,4618.0,0.0,4618.0
2026-09-25 09:02:41.290,8,17000,4618.0,0.0,4618.0,0.0,4618.0
2026-09-25 09:02:41.291,8,18000,4618.0,0.0,4618.0,0.0,4618.0
2026-09-25 09:02:41.412,8,19000,4618.0,0.0,4618.0,0.0,4618.0
2026-09-25 09:02:41.412,8,20000,4618.0,0.0,4618.0,0.0,4618.0
2026-09-25 09:02:41.412,8,21000,4618.0,0.0,4618.0,0.0,4618.0
2026-09-25 09:02:41.413,8,22000,4618.0,0.0,4618.0,0.0,4618.0
2026-09-25 09:02:41.413,8,23000,4618.0,0.0,4618.0,0.0,4618.0
2026-09-25 09:02:41.515,8,24000,4618.0,0.0,4618.0,0.0,4618.0
2026-09-25 09:02:41.515,8,25000,4618.0,0.0,4618.0,0.0,4618.0
2026-09-25 09:02:41.516,8,26000,4618.0,0.0,4618.0,0.0,4618.0
2026-09-25 09:02:41.516,8,27000,4618.0,0.0,4618.0,0.0,4618.0
2026-09-25 09:02:41.516,8,28000,4618.0,0.0,4618.0,0.0,4618.0
2026-09-25 09:02:41.622,8,29000,4618.0,0.0,4618.0,0.0,4618.0
2026-09-25 09:02:41.622,8,30000,4618.0,0.0,4618.0,0.0,4618.0
2026-09-25 09:02:41.623,8,31000,4618.0,0.0,4618.0,0.0,4618.0
2026-09-25 09:02:41.623,8,32000,4618.0,0.0,4618.0,0.0,4618.0
2026-09-25 09:02:41.623,8,33000,4618.0,0.0,4618.0,0.0,4618.0
2026-09-25 09:02:41.746,8,34000,4618.0,0.0,4618.0,0.0,4618.0
2026-09-25 09:02:41.746,8,35000,4618.0,0.0,4618.0,0.0,4618.0
2026-09-25 09:02:41.746,8,36000,4618.0,0.0,4618.0,0.0,4618.0
2026-09-25 09:02:41.747,8,37000,4618.0,0.0,4618.0,0.0,4618.0
2026-09-25 09:02:41.747,8,38000,4618.0,0.0,4618.0,0.0,4618.0
2026-09-25 09:02:41.747,8,39000,4618.0,0.0,4618.0,0.0,4618.0
2026-09-25 09:02:41.855,8,40000,4618.0,0.0,4618.0,0.0,4618.0
2026-09-25 09:02:41.855,8,41000,4618.0,0.0,4618.0,0.0,4618.0
2026-09-25 09:02:41.856,8,42000,4618.0,0.0,4618.0,0.0,4618.0
2026-09-25 09:02:41.856,8,43000,4618.0,0.0,4618.0,0.0,4618.0
2026-09-25 09:02:41.856,8,44000,4618.0,0.0,4618.0,0.0,4618.0
2026-09-25 09:02:41.856,8,45000,4618.0,0.0,4618.0,0.0,4618.0
2026-09-25 09:02:41.973,8,46000,4618.0,0.0,4618.0,0.0,4618.0
2026-09-25 09:02:41.973,8,47000,4618.0,0.0,4618.0,0.0,4618.0
2026-09-25 09:02:41.973,8,48000,4618.0,0.0,4618.0,0.0,4618.0
2026-09-25 09:02:41.973,8,49000,4618.0,0.0,4618.0,0.0,4618.0
2026-09-25 09:02:41.974,8,50000,4618.0,0.0,4618.0,0.0,4618.0
2026-09-25 09:02:41.974,8,51000,4618.0,0.0,4618.0,0.0,4618.0
2026-09-25 09:02:42.077,8,52000,4618.0,0.0,4618.0,0.0,4618.0
2026-09-25 09:02:42.078,8,53000,4618.0,0.0,4618.0,0.0,4618.0
2026-09-25 09:02:42.078,8,54000,4618.0,0.0,4618.0,0.0,4618.0
2026-09-25 09:02:42.078,8,55000,4618.0,0.0,4618.0,0.0,4618.0
2026-09-25 09:02:42.078,8,56000,4618.0,0.0,4618.0,0.0,4618.0
2026-09-25 09:02:42.188,8,57000,4618.0,0.0,4618.0,0.0,4618.0
2026-09-25 09:02:42.188,8,58000,4618.0,0.0,4618.0,0.0,4618.0
2026-09-25 09:02:42.189,8,59000,4618.0,0.0,4618.0,0.0,4618.0
2026-09-25 09:02:42.189,8,60000,4618.0,0.0,4618.0,0.0,4618.0
2026-09-25 09:02:42.189,8,61000,4618.0,0.0,4618.0,0.0,4618.0
2026-09-25 09:02:42.189,8,62000,4618.0,0.0,4618.0,0.0,4618.0
2026-09-25 09:02:42.295,8,63000,4618.0,0.0,4618.0,0.0,4618.0
2026-09-25 09:02:42.295,8,64000,4618.0,0.0,4618.0,0.0,4618.0
2026-09-25 09:02:42.296,8,65000,4618.0,0.0,4618.0,0.0,4618.0
2026-09-25 09:02:42.296,8,66000,4618.0,0.0,4618.0,0.0,4618.0
2026-09-25 09:02:42.296,8,67000,4618.0,0.0,4618.0,0.0,4618.0
2026-09-25 09:02:42.415,8,68000,4618.0,0.0,4618.0,0.0,4618.0
2026-09-25 09:02:42.416,8,69000,4618.0,0.0,4618.0,0.0,4618.0
2026-09-25 09:02:42.416,8,70000,4618.0,0.0,4618.0,0.0,4618.0
2026-09-25 09:02:42.416,8,71000,4618.0,0.0,4618.0,0.0,4618.0
2026-09-25 09:02:42.416,8,72000,4618.0,0.0,4618.0,0.0,4618.0
2026-09-25 09:02:42.417,8,73000,4618.0,0.0,4618.0,0.0,4618.0
2026-09-25 09:02:42.417,8,74000,4618.0,0.0,4618.0,0.0,4618.0
2026-09-25 09:02:42.525,8,75000,4618.0,0.0,4618.0,0.0,4618.0
2026-09-25 09:02:42.525,8,76000,4618.0,0.0,4618.0,0.0,4618.0
2026-09-25 09:02:42.526,8,77000,4618.0,0.0,4618.0,0.0,4618.0
2026-09-25 09:02:42.526,8,78000,4618.0,0.0,4618.0,0.0,4618.0
2026-09-25 09:02:42.526,8,79000,4618.0,0.0,4618.0,0.0,4618.0
2026-09-25 09:02:42.526,8,80000,4618.0,0.0,4618.0,0.0,4618.0
2026-09-25 09:02:42.635,8,81000,4618.0,0.0,4618.0,0.0,4618.0
2026-09-25 09:02:42.635,8,82000,4618.0,0.0,4618.0,0.0,4618.0
2026-09-25 09:02:42.635,8,83000,4618.0,0.0,4618.0,0.0,4618.0
2026-09-25 09:02:42.635,8,84000,4618.0,0.0,4618.0,0.0,4618.0
2026-09-25 09:02:42.635,8,85000,4618.0,0.0,4618.0,0.0,4618.0
2026-09-25 09:02:42.752,8,86000,4618.0,0.0,4618.0,0.0,4618.0
2026-09-25 09:02:42.753,8,87000,4618.0,0.0,4618.0,0.0,4618.0
2026-09-25 09:02:42.753,8,88000,4618.0,0.0,4618.0,0.0,4618.0
2026-09-25 09:02:42.753,8,89000,4618.0,0.0,4618.0,0.0,4618.0
2026-09-25 09:02:42.753,8,90000,4618.0,0.0,4618.0,0.0,4618.0
2026-09-25 09:02:42.753,8,91000,4618.0,0.0,4618.0,0.0,4618.0
2026-09-25 09:02:42.754,8,92000,4618.0,0.0,4618.0,0.0,4618.0
2026-09-25 09:02:42.862,8,93000,4618.0,0.0,4618.0,0.0,4618.0
2026-09-25 09:02:42.862,8,94000,4618.0,0.0,4618.0,0.0,4618.0
2026-09-25 09:02:42.863,8,95000,4618.0,0.0,4618.0,0.0,4618.0
2026-09-25 09:02:42.863,8,96000,4618.0,0.0,4618.0,0.0,4618.0
2026-09-25 09:02:42.863,8,97000,4618.0,0.0,4618.0,0.0,4618.0
2026-09-25 09:02:42.976,8,98000,4618.0,0.0,4618.0,0.0,4618.0
2026-09-25 09:02:42.976,8,99000,4618.0,0.0,4618.0,0.0,4618.0
2026-09-25 09:02:42.977,8,100000,4618.0,0.0,4618.0,0.0,4618.0
2026-09-25 09:02:53.295,9,10000,4618.0,0.0,4618.0,0.0,4618.0
2026-09-25 09:02:53.295,9,11000,4618.0,0.0,4618.0,0.0,4618.0
2026-09-25 09:02:53.407,9,12000,4618.0,0.0,4618.0,0.0,4618.0
2026-09-25 09:02:53.408,9,13000,4493.51,-0.23,4493.473795251007,-18.038056783311703,4493.51
2026-09-25 09:02:53.408,9,14000,4618.0,0.0,4618.0,0.0,4618.0
2026-09-25 09:02:53.408,9,15000,4618.0,0.0,4618.0,0.0,4618.0
2026-09-25 09:02:53.408,9,16000,4618.0,0.0,4618.0,0.0,4618.0
2026-09-25 09:02:53.518,9,17000,4618.0,0.0,4618.0,0.0,4618.0
2026-09-25 09:02:53.519,9,18000,4618.0,0.0,4618.0,0.0,4618.0
2026-09-25 09:02:53.519,9,19000,4618.0,0.0,4618.0,0.0,4618.0
2026-09-25 09:02:53.519,9,20000,4618.0,0.0,4618.0,0.0,4618.0
2026-09-25 09:02:53.519,9,21000,4618.0,0.0,4618.0,0.0,4618.0
2026-09-25 09:02:53.635,9,22000,4618.0,0.0,4618.0,0.0,4618.0
2026-09-25 09:02:53.636,9,23000,4618.0,0.0,4618.0,0.0,4618.0
2026-09-25 09:02:53.636,9,24000,4618.0,0.0,4618.0,0.0,4618.0
2026-09-25 09:02:53.636,9,25000,4618.0,0.0,4618.0,0.0,4618.0
2026-09-25 09:02:53.636,9,26000,4618.0,0.0,4618.0,0.0,4618.0
2026-09-25 09:02:53.745,9,27000,4618.0,0.0,4618.0,0.0,4618.0
2026-09-25 09:02:53.746,9,28000,4618.0,0.0,4618.0,0.0,4618.0
2026-09-25 09:02:53.746,9,29000,4618.0,0.0,4618.0,0.0,4618.0
2026-09-25 09:02:53.746,9,30000,4618.0,0.0,4618.0,0.0,4618.0
2026-09-25 09:02:53.746,9,31000,4618.0,0.0,4618.0,0.0,4618.0
2026-09-25 09:02:53.855,9,32000,4618.0,0.0,4618.0,0.0,4618.0
2026-09-25 09:02:53.856,9,33000,4618.0,0.0,4618.0,0.0,4618.0
2026-09-25 09:02:53.856,9,34000,4618.0,0.0,4618.0,0.0,4618.0
2026-09-25 09:02:53.856,9,35000,4618.0,0.0,4618.0,0.0,4618.0
2026-09-25 09:02:53.856,9,36000,4618.0,0.0,4618.0,0.0,4618.0
2026-09-25 09:02:53.857,9,37000,4618.0,0.0,4618.0,0.0,4618.0
2026-09-25 09:02:53.973,9,38000,4618.0,0.0,4618.0,0.0,4618.0
2026-09-25 09:02:53.973,9,39000,4618.0,0.0,4618.0,0.0,4618.0
2026-09-25 09:02:53.974,9,40000,4618.0,0.0,4618.0,0.0,4618.0
2026-09-25 09:02:53.974,9,41000,4618.0,0.0,4618.0,0.0,4618.0
2026-09-25 09:02:53.974,9,42000,4618.0,0.0,4618.0,0.0,4618.0
2026-09-25 09:02:53.974,9,43000,4618.0,0.0,4618.0,0.0,4618.0
2026-09-25 09:02:54.079,9,44000,4618.0,0.0,4618.0,0.0,4618.0
2026-09-25 09:02:54.079,9,45000,4618.0,0.0,4618.0,0.0,4618.0
2026-09-25 09:02:54.080,9,46000,4618.0,0.0,4618.0,0.0,4618.0
2026-09-25 09:02:54.080,9,47000,4618.0,0.0,4618.0,0.0,4618.0
2026-09-25 09:02:54.080,9,48000,4618.0,0.0,4618.0,0.0,4618.0
2026-09-25 09:02:54.188,9,49000,4618.0,0.0,4618.0,0.0,4618.0
2026-09-25 09:02:54.189,9,50000,4618.0,0.0,4618.0,0.0,4618.0
2026-09-25 09:02:54.189,9,51000,4618.0,0.0,4618.0,0.0,4618.0
2026-09-25 09:02:54.189,9,52000,4618.0,0.0,4618.0,0.0,4618.0
2026-09-25 09:02:54.189,9,53000,4618.0,0.0,4618.0,0.0,4618.0
2026-09-25 09:02:54.190,9,54000,4618.0,0.0,4618.0,0.0,4618.0
2026-09-25 09:02:54.295,9,55000,4618.0,0.0,4618.0,0.0,4618.0
2026-09-25 09:02:54.295,9,56000,4618.0,0.0,4618.0,0.0,4618.0
2026-09-25 09:02:54.295,9,57000,4618.0,0.0,4618.0,0.0,4618.0
2026-09-25 09:02:54.296,9,58000,4618.0,0.0,4618.0,0.0,4618.0
2026-09-25 09:02:54.296,9,59000,4618.0,0.0,4618.0,0.0,4618.0
2026-09-25 09:02:54.405,9,60000,4618.0,0.0,4618.0,0.0,4618.0
2026-09-25 09:02:54.406,9,61000,4618.0,0.0,4618.0,0.0,4618.0
2026-09-25 09:02:54.406,9,62000,4618.0,0.0,4618.0,0.0,4618.0
2026-09-25 09:02:54.406,9,63000,4618.0,0.0,4618.0,0.0,4618.0
2026-09-25 09:02:54.407,9,64000,4618.0,0.0,4618.0,0.0,4618.0
2026-09-25 09:02:54.407,9,65000,4618.0,0.0,4618.0,0.0,4618.0
2026-09-25 09:02:54.515,9,66000,4618.0,0.0,4618.0,0.0,4618.0
2026-09-25 09:02:54.516,9,67000,4618.0,0.0,4618.0,0.0,4618.0
2026-09-25 09:02:54.516,9,68000,4618.0,0.0,4618.0,0.0,4618.0
2026-09-25 09:02:54.516,9,69000,4618.0,0.0,4618.0,0.0,4618.0
2026-09-25 09:02:54.516,9,70000,4618.0,0.0,4618.0,0.0,4618.0
2026-09-25 09:02:54.516,9,71000,4618.0,0.0,4618.0,0.0,4618.0
2026-09-25 09:02:54.618,9,72000,4618.0,0.0,4618.0,0.0,4618.0
2026-09-25 09:02:54.619,9,73000,4618.0,0.0,4618.0,0.0,4618.0
2026-09-25 09:02:54.619,9,74000,4618.0,0.0,4618.0,0.0,4618.0
2026-09-25 09:02:54.619,9,75000,4618.0,0.0,4618.0,0.0,4618.0
2026-09-25 09:02:54.619,9,76000,4618.0,0.0,4618.0,0.0,4618.0
2026-09-25 09:02:54.736,9,77000,4618.0,0.0,4618.0,0.0,4618.0
2026-09-25 09:02:54.736,9,78000,4618.0,0.0,4618.0,0.0,4618.0
2026-09-25 09:02:54.736,9,79000,4618.0,0.0,4618.0,0.0,4618.0
2026-09-25 09:02:54.737,9,80000,4618.0,0.0,4618.0,0.0,4618.0
2026-09-25 09:02:54.737,9,81000,4618.0,0.0,4618.0,0.0,4618.0
2026-09-25 09:02:54.737,9,82000,4618.0,0.0,4618.0,0.0,4618.0
2026-09-25 09:02:54.845,9,83000,4618.0,0.0,4618.0,0.0,4618.0
2026-09-25 09:02:54.845,9,84000,4618.0,0.0,4618.0,0.0,4618.0
2026-09-25 09:02:54.846,9,85000,4618.0,0.0,4618.0,0.0,4618.0
2026-09-25 09:02:54.846,9,86000,4618.0,0.0,4618.0,0.0,4618.0
2026-09-25 09:02:54.846,9,87000,4618.0,0.0,4618.0,0.0,4618.0
2026-09-25 09:02:54.846,9,88000,4618.0,0.0,4618.0,0.0,4618.0
2026-09-25 09:02:54.962,9,89000,4618.0,0.0,4618.0,0.0,4618.0
2026-09-25 09:02:54.962,9,90000,4618.0,0.0,4618.0,0.0,4618.0
2026-09-25 09:02:54.962,9,91000,4618.0,0.0,4618.0,0.0,4618.0
2026-09-25 09:02:54.963,9,92000,4618.0,0.0,4618.0,0.0,4618.0
2026-09-25 09:02:54.963,9,93000,4618.0,0.0,4618.0,0.0,4618.0
2026-09-25 09:02:54.963,9,94000,4618.0,0.0,4618.0,0.0,4618.0
2026-09-25 09:02:55.078,9,95000,4618.0,0.0,4618.0,0.0,4618.0
2026-09-25 09:02:55.078,9,96000,4618.0,0.0,4618.0,0.0,4618.0
2026-09-25 09:02:55.079,9,97000,4618.0,0.0,4618.0,0.0,4618.0
2026-09-25 09:02:55.079,9,98000,4618.0,0.0,4618.0,0.0,4618.0
2026-09-25 09:02:55.079,9,99000,4618.0,0.0,4618.0,0.0,4618.0
2026-09-25 09:02:55.079,9,100000,4618.0,0.0,4618.0,0.0,4618.0
2026-09-25 09:03:05.475,10,10000,4618.0,0.0,4618.0,0.0,4618.0
2026-09-25 09:03:05.475,10,11000,4618.0,0.0,4618.0,0.0,4618.0
2026-09-25 09:03:05.475,10,12000,4618.0,0.0,4618.0,0.0,4618.0
2026-09-25 09:03:05.574,10,13000,4618.0,0.0,4618.0,0.0,4618.0
2026-09-25 09:03:05.574,10,14000,4618.0,0.0,4618.0,0.0,4618.0
2026-09-25 09:03:05.574,10,15000,4618.0,0.0,4618.0,0.0,4618.0
2026-09-25 09:03:05.574,10,16000,4618.0,0.0,4618.0,0.0,4618.0
2026-09-25 09:03:05.685,10,17000,4618.0,0.0,4618.0,0.0,4618.0
2026-09-25 09:03:05.685,10,18000,4618.0,0.0,4618.0,0.0,4618.0
2026-09-25 09:03:05.685,10,19000,4618.0,0.0,4618.0,0.0,4618.0
2026-09-25 09:03:05.686,10,20000,4618.0,0.0,4618.0,0.0,4618.0
2026-09-25 09:03:05.686,10,21000,4618.0,0.0,4618.0,0.0,4618.0
2026-09-25 09:03:05.801,10,22000,4618.0,0.0,4618.0,0.0,4618.0
2026-09-25 09:03:05.802,10,23000,4618.0,0.0,4618.0,0.0,4618.0
2026-09-25 09:03:05.802,10,24000,4618.0,0.0,4618.0,0.0,4618.0
2026-09-25 09:03:05.802,10,25000,4618.0,0.0,4618.0,0.0,4618.0
2026-09-25 09:03:05.803,10,26000,4618.0,0.0,4618.0,0.0,4618.0
2026-09-25 09:03:05.803,10,27000,4618.0,0.0,4618.0,0.0,4618.0
2026-09-25 09:03:05.902,10,28000,4618.0,0.0,4618.0,0.0,4618.0
2026-09-25 09:03:05.902,10,29000,4618.0,0.0,4618.0,0.0,4618.0
2026-09-25 09:03:05.902,10,30000,4618.0,0.0,4618.0,0.0,4618.0
2026-09-25 09:03:05.902,10,31000,4618.0,0.0,4618.0,0.0,4618.0
2026-09-25 09:03:06.013,10,32000,4618.0,0.0,4618.0,0.0,4618.0
2026-09-25 09:03:06.014,10,33000,4618.0,0.0,4618.0,0.0,4618.0
2026-09-25 09:03:06.014,10,34000,4618.0,0.0,4618.0,0.0,4618.0
2026-09-25 09:03:06.014,10,35000,4618.0,0.0,4618.0,0.0,4618.0
2026-09-25 09:03:06.014,10,36000,4618.0,0.0,4618.0,0.0,4618.0
2026-09-25 09:03:06.015,10,37000,4618.0,0.0,4618.0,0.0,4618.0
2026-09-25 09:03:06.124,10,38000,4618.0,0.0,4618.0,0.0,4618.0
2026-09-25 09:03:06.124,10,39000,4618.0,0.0,4618.0,0.0,4618.0
2026-09-25 09:03:06.125,10,40000,4618.0,0.0,4618.0,0.0,4618.0
2026-09-25 09:03:06.125,10,41000,4618.0,0.0,4618.0,0.0,4618.0
2026-09-25 09:03:06.125,10,42000,4618.0,0.0,4618.0,0.0,4618.0
2026-09-25 09:03:06.235,10,43000,4618.0,0.0,4618.0,0.0,4618.0
2026-09-25 09:03:06.235,10,44000,4618.0,0.0,4618.0,0.0,4618.0
2026-09-25 09:03:06.235,10,45000,4618.0,0.0,4618.0,0.0,4618.0
2026-09-25 09:03:06.236,10,46000,4618.0,0.0,4618.0,0.0,4618.0
2026-09-25 09:03:06.236,10,47000,4618.0,0.0,4618.0,0.0,4618.0
2026-09-25 09:03:06.236,10,48000,4618.0,0.0,4618.0,0.0,4618.0
2026-09-25 09:03:06.346,10,49000,4618.0,0.0,4618.0,0.0,4618.0
2026-09-25 09:03:06.346,10,50000,4618.0,0.0,4618.0,0.0,4618.0
2026-09-25 09:03:06.346,10,51000,4618.0,0.0,4618.0,0.0,4618.0
2026-09-25 09:03:06.346,10,52000,4618.0,0.0,4618.0,0.0,4618.0
2026-09-25 09:03:06.347,10,53000,4618.0,0.0,4618.0,0.0,4618.0
2026-09-25 09:03:06.347,10,54000,4618.0,0.0,4618.0,0.0,4618.0
2026-09-25 09:03:06.465,10,55000,4618.0,0.0,4618.0,0.0,4618.0
2026-09-25 09:03:06.465,10,56000,4618.0,0.0,4618.0,0.0,4618.0
2026-09-25 09:03:06.465,10,57000,4618.0,0.0,4618.0,0.0,4618.0
2026-09-25 09:03:06.466,10,58000,4618.0,0.0,4618.0,0.0,4618.0
2026-09-25 09:03:06.466,10,59000,4618.0,0.0,4618.0,0.0,4618.0
2026-09-25 09:03:06.466,10,60000,4618.0,0.0,4618.0,0.0,4618.0
2026-09-25 09:03:06.572,10,61000,4618.0,0.0,4618.0,0.0,4618.0
2026-09-25 09:03:06.572,10,62000,4618.0,0.0,4618.0,0.0,4618.0
2026-09-25 09:03:06.572,10,63000,4618.0,0.0,4618.0,0.0,4618.0
2026-09-25 09:03:06.572,10,64000,4618.0,0.0,4618.0,0.0,4618.0
2026-09-25 09:03:06.572,10,65000,4618.0,0.0,4618.0,0.0,4618.0
2026-09-25 09:03:06.573,10,66000,4618.0,0.0,4618.0,0.0,4618.0
2026-09-25 09:03:06.689,10,67000,4618.0,0.0,4618.0,0.0,4618.0
2026-09-25 09:03:06.689,10,68000,4618.0,0.0,4618.0,0.0,4618.0
2026-09-25 09:03:06.689,10,69000,4618.0,0.0,4618.0,0.0,4618.0
2026-09-25 09:03:06.689,10,70000,4618.0,0.0,4618.0,0.0,4618.0
2026-09-25 09:03:06.689,10,71000,4618.0,0.0,4618.0,0.0,4618.0
2026-09-25 09:03:06.690,10,72000,4618.0,0.0,4618.0,0.0,4618.0
2026-09-25 09:03:06.794,10,73000,4618.0,0.0,4618.0,0.0,4618.0
2026-09-25 09:03:06.794,10,74000,4618.0,0.0,4618.0,0.0,4618.0
2026-09-25 09:03:06.794,10,75000,4618.0,0.0,4618.0,0.0,4618.0
2026-09-25 09:03:06.794,10,76000,4618.0,0.0,4618.0,0.0,4618.0
2026-09-25 09:03:06.794,10,77000,4618.0,0.0,4618.0,0.0,4618.0
2026-09-25 09:03:06.906,10,78000,4618.0,0.0,4618.0,0.0,4618.0
2026-09-25 09:03:06.906,10,79000,4618.0,0.0,4618.0,0.0,4618.0
2026-09-25 09:03:06.906,10,80000,4618.0,0.0,4618.0,0.0,4618.0
2026-09-25 09:03:06.906,10,81000,4618.0,0.0,4618.0,0.0,4618.0
2026-09-25 09:03:06.906,10,82000,4618.0,0.0,4618.0,0.0,4618.0
2026-09-25 09:03:06.907,10,83000,4618.0,0.0,4618.0,0.0,4618.0
2026-09-25 09:03:07.011,10,84000,4618.0,0.0,4618.0,0.0,4618.0
2026-09-25 09:03:07.011,10,85000,4618.0,0.0,4618.0,0.0,4618.0
2026-09-25 09:03:07.012,10,86000,4618.0,0.0,4618.0,0.0,4618.0
2026-09-25 09:03:07.012,10,87000,4618.0,0.0,4618.0,0.0,4618.0
2026-09-25 09:03:07.012,10,88000,4618.0,0.0,4618.0,0.0,4618.0
2026-09-25 09:03:07.012,10,89000,4618.0,0.0,4618.0,0.0,4618.0
2026-09-25 09:03:07.131,10,90000,4618.0,0.0,4618.0,0.0,4618.0
2026-09-25 09:03:07.132,10,91000,4618.0,0.0,4618.0,0.0,4618.0
2026-09-25 09:03:07.132,10,92000,4618.0,0.0,4618.0,0.0,4618.0
2026-09-25 09:03:07.132,10,93000,4618.0,0.0,4618.0,0.0,4618.0
2026-09-25 09:03:07.132,10,94000,4618.0,0.0,4618.0,0.0,4618.0
2026-09-25 09:03:07.132,10,95000,4618.0,0.0,4618.0,0.0,4618.0
2026-09-25 09:03:07.248,10,96000,4618.0,0.0,4618.0,0.0,4618.0
2026-09-25 09:03:07.248,10,97000,4618.0,0.0,4618.0,0.0,4618.0
2026-09-25 09:03:07.248,10,98000,4618.0,0.0,4618.0,0.0,4618.0
2026-09-25 09:03:07.248,10,99000,4618.0,0.0,4618.0,0.0,4618.0
2026-09-25 09:03:07.248,10,100000,4618.0,0.0,4618.0,0.0,4618.0
2026-09-25 09:03:17.679,11,10000,4618.0,0.0,4618.0,0.0,4618.0
2026-09-25 09:03:17.679,11,11000,4618.0,0.0,4618.0,0.0,4618.0
2026-09-25 09:03:17.680,11,12000,4618.0,0.0,4618.0,0.0,4618.0
2026-09-25 09:03:17.680,11,13000,4618.0,0.0,4618.0,0.0,4618.0
2026-09-25 09:03:17.680,11,14000,4618.0,0.0,4618.0,0.0,4618.0
2026-09-25 09:03:17.790,11,15000,4618.0,0.0,4618.0,0.0,4618.0
2026-09-25 09:03:17.790,11,16000,4618.0,0.0,4618.0,0.0,4618.0
2026-09-25 09:03:17.791,11,17000,4618.0,0.0,4618.0,0.0,4618.0
2026-09-25 09:03:17.791,11,18000,4618.0,0.0,4618.0,0.0,4618.0
2026-09-25 09:03:17.791,11,19000,4618.0,0.0,4618.0,0.0,4618.0
2026-09-25 09:03:17.901,11,20000,4618.0,0.0,4618.0,0.0,4618.0
2026-09-25 09:03:17.901,11,21000,4618.0,0.0,4618.0,0.0,4618.0
2026-09-25 09:03:17.902,11,22000,4618.0,0.0,4618.0,0.0,4618.0
2026-09-25 09:03:17.902,11,23000,4618.0,0.0,4618.0,0.0,4618.0
2026-09-25 09:03:17.902,11,24000,4618.0,0.0,4618.0,0.0,4618.0
2026-09-25 09:03:18.010,11,25000,4618.0,0.0,4618.0,0.0,4618.0
2026-09-25 09:03:18.011,11,26000,4618.0,0.0,4618.0,0.0,4618.0
2026-09-25 09:03:18.011,11,27000,4618.0,0.0,4618.0,0.0,4618.0
2026-09-25 09:03:18.011,11,28000,4618.0,0.0,4618.0,0.0,4618.0
2026-09-25 09:03:18.012,11,29000,4618.0,0.0,4618.0,0.0,4618.0
2026-09-25 09:03:18.121,11,30000,4618.0,0.0,4618.0,0.0,4618.0
2026-09-25 09:03:18.121,11,31000,4618.0,0.0,4618.0,0.0,4618.0
2026-09-25 09:03:18.121,11,32000,4618.0,0.0,4618.0,0.0,4618.0
2026-09-25 09:03:18.122,11,33000,4618.0,0.0,4618.0,0.0,4618.0
2026-09-25 09:03:18.122,11,34000,4618.0,0.0,4618.0,0.0,4618.0
2026-09-25 09:03:18.238,11,35000,4618.0,0.0,4618.0,0.0,4618.0
2026-09-25 09:03:18.238,11,36000,4618.0,0.0,4618.0,0.0,4618.0
2026-09-25 09:03:18.238,11,37000,4618.0,0.0,4618.0,0.0,4618.0
2026-09-25 09:03:18.238,11,38000,4618.0,0.0,4618.0,0.0,4618.0
2026-09-25 09:03:18.238,11,39000,4618.0,0.0,4618.0,0.0,4618.0
2026-09-25 09:03:18.239,11,40000,4618.0,0.0,4618.0,0.0,4618.0
2026-09-25 09:03:18.343,11,41000,4618.0,0.0,4618.0,0.0,4618.0
2026-09-25 09:03:18.344,11,42000,4618.0,0.0,4618.0,0.0,4618.0
2026-09-25 09:03:18.344,11,43000,4618.0,0.0,4618.0,0.0,4618.0
2026-09-25 09:03:18.344,11,44000,4618.0,0.0,4618.0,0.0,4618.0
2026-09-25 09:03:18.344,11,45000,4618.0,0.0,4618.0,0.0,4618.0
2026-09-25 09:03:18.465,11,46000,4618.0,0.0,4618.0,0.0,4618.0
2026-09-25 09:03:18.465,11,47000,4618.0,0.0,4618.0,0.0,4618.0
2026-09-25 09:03:18.465,11,48000,4618.0,0.0,4618.0,0.0,4618.0
2026-09-25 09:03:18.465,11,49000,4618.0,0.0,4618.0,0.0,4618.0
2026-09-25 09:03:18.466,11,50000,4618.0,0.0,4618.0,0.0,4618.0
2026-09-25 09:03:18.466,11,51000,4618.0,0.0,4618.0,0.0,4618.0
2026-09-25 09:03:18.466,11,52000,4618.0,0.0,4618.0,0.0,4618.0
2026-09-25 09:03:18.581,11,53000,4618.0,0.0,4618.0,0.0,4618.0
2026-09-25 09:03:18.581,11,54000,4618.0,0.0,4618.0,0.0,4618.0
2026-09-25 09:03:18.582,11,55000,4618.0,0.0,4618.0,0.0,4618.0
2026-09-25 09:03:18.582,11,56000,4618.0,0.0,4618.0,0.0,4618.0
2026-09-25 09:03:18.582,11,57000,4618.0,0.0,4618.0,0.0,4618.0
2026-09-25 09:03:18.582,11,58000,4618.0,0.0,4618.0,0.0,4618.0
2026-09-25 09:03:18.688,11,59000,4618.0,0.0,4618.0,0.0,4618.0
2026-09-25 09:03:18.688,11,60000,4618.0,0.0,4618.0,0.0,4618.0
2026-09-25 09:03:18.689,11,61000,4618.0,0.0,4618.0,0.0,4618.0
2026-09-25 09:03:18.689,11,62000,4618.0,0.0,4618.0,0.0,4618.0
2026-09-25 09:03:18.689,11,63000,4618.0,0.0,4618.0,0.0,4618.0
2026-09-25 09:03:18.796,11,64000,4618.0,0.0,4618.0,0.0,4618.0
2026-09-25 09:03:18.796,11,65000,4618.0,0.0,4618.0,0.0,4618.0
2026-09-25 09:03:18.796,11,66000,4618.0,0.0,4618.0,0.0,4618.0
2026-09-25 09:03:18.797,11,67000,4618.0,0.0,4618.0,0.0,4618.0
2026-09-25 09:03:18.797,11,68000,4618.0,0.0,4618.0,0.0,4618.0
2026-09-25 09:03:18.797,11,69000,4618.0,0.0,4618.0,0.0,4618.0
2026-09-25 09:03:18.906,11,70000,4618.0,0.0,4618.0,0.0,4618.0
2026-09-25 09:03:18.906,11,71000,4618.0,0.0,4618.0,0.0,4618.0
2026-09-25 09:03:18.907,11,72000,4618.0,0.0,4618.0,0.0,4618.0
2026-09-25 09:03:18.907,11,73000,4618.0,0.0,4618.0,0.0,4618.0
2026-09-25 09:03:18.907,11,74000,4618.0,0.0,4618.0,0.0,4618.0
2026-09-25 09:03:18.907,11,75000,4618.0,0.0,4618.0,0.0,4618.0
2026-09-25 09:03:19.022,11,76000,4618.0,0.0,4618.0,0.0,4618.0
2026-09-25 09:03:19.022,11,77000,4618.0,0.0,4618.0,0.0,4618.0
2026-09-25 09:03:19.023,11,78000,4618.0,0.0,4618.0,0.0,4618.0
2026-09-25 09:03:19.023,11,79000,4618.0,0.0,4618.0,0.0,4618.0
2026-09-25 09:03:19.023,11,80000,4618.0,0.0,4618.0,0.0,4618.0
2026-09-25 09:03:19.023,11,81000,4618.0,0.0,4618.0,0.0,4618.0
2026-09-25 09:03:19.119,11,82000,4618.0,0.0,4618.0,0.0,4618.0
2026-09-25 09:03:19.119,11,83000,4618.0,0.0,4618.0,0.0,4618.0
2026-09-25 09:03:19.120,11,84000,4618.0,0.0,4618.0,0.0,4618.0
2026-09-25 09:03:19.120,11,85000,4618.0,0.0,4618.0,0.0,4618.0
2026-09-25 09:03:19.120,11,86000,4618.0,0.0,4618.0,0.0,4618.0
2026-09-25 09:03:19.240,11,87000,4618.0,0.0,4618.0,0.0,4618.0
2026-09-25 09:03:19.240,11,88000,4618.0,0.0,4618.0,0.0,4618.0
2026-09-25 09:03:19.240,11,89000,4618.0,0.0,4618.0,0.0,4618.0
2026-09-25 09:03:19.241,11,90000,4618.0,0.0,4618.0,0.0,4618.0
2026-09-25 09:03:19.241,11,91000,4618.0,0.0,4618.0,0.0,4618.0
2026-09-25 09:03:19.241,11,92000,4618.0,0.0,4618.0,0.0,4618.0
2026-09-25 09:03:19.352,11,93000,4618.0,0.0,4618.0,0.0,4618.0
2026-09-25 09:03:19.353,11,94000,4618.0,0.0,4618.0,0.0,4618.0
2026-09-25 09:03:19.353,11,95000,4618.0,0.0,4618.0,0.0,4618.0
2026-09-25 09:03:19.353,11,96000,4618.0,0.0,4618.0,0.0,4618.0
2026-09-25 09:03:19.354,11,97000,4618.0,0.0,4618.0,0.0,4618.0
2026-09-25 09:03:19.354,11,98000,4618.0,0.0,4618.0,0.0,4618.0
2026-09-25 09:03:19.462,11,99000,4618.0,0.0,4618.0,0.0,4618.0
2026-09-25 09:03:19.463,11,100000,4618.0,0.0,4618.0,0.0,4618.0
2026-09-25 09:03:29.791,12,10000,4618.0,0.0,4618.0,0.0,4618.0
2026-09-25 09:03:29.791,12,11000,4618.0,0.0,4618.0,0.0,4618.0
2026-09-25 09:03:29.791,12,12000,4618.0,0.0,4618.0,0.0,4618.0
2026-09-25 09:03:29.914,12,13000,4618.0,0.0,4618.0,0.0,4618.0
2026-09-25 09:03:29.915,12,14000,4618.0,0.0,4618.0,0.0,4618.0
2026-09-25 09:03:29.915,12,15000,4618.0,0.0,4618.0,0.0,4618.0
2026-09-25 09:03:29.915,12,16000,4618.0,0.0,4618.0,0.0,4618.0
2026-09-25 09:03:29.915,12,17000,4618.0,0.0,4618.0,0.0,4618.0
2026-09-25 09:03:30.016,12,18000,4618.0,0.0,4618.0,0.0,4618.0
2026-09-25 09:03:30.016,12,19000,4618.0,0.0,4618.0,0.0,4618.0
2026-09-25 09:03:30.016,12,20000,4618.0,0.0,4618.0,0.0,4618.0
2026-09-25 09:03:30.017,12,21000,4618.0,0.0,4618.0,0.0,4618.0
2026-09-25 09:03:30.017,12,22000,4618.0,0.0,4618.0,0.0,4618.0
2026-09-25 09:03:30.128,12,23000,4618.0,0.0,4618.0,0.0,4618.0
2026-09-25 09:03:30.128,12,24000,4618.0,0.0,4618.0,0.0,4618.0
2026-09-25 09:03:30.129,12,25000,4618.0,0.0,4618.0,0.0,4618.0
2026-09-25 09:03:30.129,12,26000,4618.0,0.0,4618.0,0.0,4618.0
2026-09-25 09:03:30.129,12,27000,4618.0,0.0,4618.0,0.0,4618.0
2026-09-25 09:03:30.228,12,28000,4618.0,0.0,4618.0,0.0,4618.0
2026-09-25 09:03:30.229,12,29000,4618.0,0.0,4618.0,0.0,4618.0
2026-09-25 09:03:30.229,12,30000,4618.0,0.0,4618.0,0.0,4618.0
2026-09-25 09:03:30.229,12,31000,4618.0,0.0,4618.0,0.0,4618.0
2026-09-25 09:03:30.230,12,32000,4618.0,0.0,4618.0,0.0,4618.0
2026-09-25 09:03:30.345,12,33000,4618.0,0.0,4618.0,0.0,4618.0
2026-09-25 09:03:30.345,12,34000,4618.0,0.0,4618.0,0.0,4618.0
2026-09-25 09:03:30.346,12,35000,4618.0,0.0,4618.0,0.0,4618.0
2026-09-25 09:03:30.346,12,36000,4618.0,0.0,4618.0,0.0,4618.0
2026-09-25 09:03:30.346,12,37000,4618.0,0.0,4618.0,0.0,4618.0
2026-09-25 09:03:30.346,12,38000,4618.0,0.0,4618.0,0.0,4618.0
2026-09-25 09:03:30.466,12,39000,4618.0,0.0,4618.0,0.0,4618.0
2026-09-25 09:03:30.466,12,40000,4618.0,0.0,4618.0,0.0,4618.0
2026-09-25 09:03:30.466,12,41000,4618.0,0.0,4618.0,0.0,4618.0
2026-09-25 09:03:30.467,12,42000,4618.0,0.0,4618.0,0.0,4618.0
2026-09-25 09:03:30.467,12,43000,4618.0,0.0,4618.0,0.0,4618.0
2026-09-25 09:03:30.467,12,44000,4618.0,0.0,4618.0,0.0,4618.0
2026-09-25 09:03:30.582,12,45000,4618.0,0.0,4618.0,0.0,4618.0
2026-09-25 09:03:30.583,12,46000,4618.0,0.0,4618.0,0.0,4618.0
2026-09-25 09:03:30.583,12,47000,4618.0,0.0,4618.0,0.0,4618.0
2026-09-25 09:03:30.583,12,48000,4618.0,0.0,4618.0,0.0,4618.0
2026-09-25 09:03:30.583,12,49000,4618.0,0.0,4618.0,0.0,4618.0
2026-09-25 09:03:30.584,12,50000,4618.0,0.0,4618.0,0.0,4618.0
2026-09-25 09:03:30.695,12,51000,4618.0,0.0,4618.0,0.0,4618.0
2026-09-25 09:03:30.695,12,52000,4618.0,0.0,4618.0,0.0,4618.0
2026-09-25 09:03:30.695,12,53000,4618.0,0.0,4618.0,0.0,4618.0
2026-09-25 09:03:30.696,12,54000,4618.0,0.0,4618.0,0.0,4618.0
2026-09-25 09:03:30.696,12,55000,4618.0,0.0,4618.0,0.0,4618.0
2026-09-25 09:03:30.796,12,56000,4618.0,0.0,4618.0,0.0,4618.0
2026-09-25 09:03:30.797,12,57000,4618.0,0.0,4618.0,0.0,4618.0
2026-09-25 09:03:30.797,12,58000,4618.0,0.0,4618.0,0.0,4618.0
2026-09-25 09:03:30.797,12,59000,4618.0,0.0,4618.0,0.0,4618.0
2026-09-25 09:03:30.797,12,60000,4618.0,0.0,4618.0,0.0,4618.0
2026-09-25 09:03:30.798,12,61000,4618.0,0.0,4618.0,0.0,4618.0
2026-09-25 09:03:30.905,12,62000,4618.0,0.0,4618.0,0.0,4618.0
2026-09-25 09:03:30.906,12,63000,4618.0,0.0,4618.0,0.0,4618.0
2026-09-25 09:03:30.906,12,64000,4618.0,0.0,4618.0,0.0,4618.0
2026-09-25 09:03:30.906,12,65000,4618.0,0.0,4618.0,0.0,4618.0
2026-09-25 09:03:30.906,12,66000,4618.0,0.0,4618.0,0.0,4618.0
2026-09-25 09:03:31.011,12,67000,4618.0,0.0,4618.0,0.0,4618.0
2026-09-25 09:03:31.012,12,68000,4618.0,0.0,4618.0,0.0,4618.0
2026-09-25 09:03:31.012,12,69000,4618.0,0.0,4618.0,0.0,4618.0
2026-09-25 09:03:31.012,12,70000,4618.0,0.0,4618.0,0.0,4618.0
2026-09-25 09:03:31.013,12,71000,4618.0,0.0,4618.0,0.0,4618.0
2026-09-25 09:03:31.013,12,72000,4618.0,0.0,4618.0,0.0,4618.0
2026-09-25 09:03:31.126,12,73000,4618.0,0.0,4618.0,0.0,4618.0
2026-09-25 09:03:31.126,12,74000,4618.0,0.0,4618.0,0.0,4618.0
2026-09-25 09:03:31.127,12,75000,4618.0,0.0,4618.0,0.0,4618.0
2026-09-25 09:03:31.127,12,76000,4618.0,0.0,4618.0,0.0,4618.0
2026-09-25 09:03:31.127,12,77000,4618.0,0.0,4618.0,0.0,4618.0
2026-09-25 09:03:31.127,12,78000,4618.0,0.0,4618.0,0.0,4618.0
2026-09-25 09:03:31.238,12,79000,4618.0,0.0,4618.0,0.0,4618.0
2026-09-25 09:03:31.239,12,80000,4618.0,0.0,4618.0,0.0,4618.0
2026-09-25 09:03:31.239,12,81000,4618.0,0.0,4618.0,0.0,4618.0
2026-09-25 09:03:31.239,12,82000,4618.0,0.0,4618.0,0.0,4618.0
2026-09-25 09:03:31.239,12,83000,4618.0,0.0,4618.0,0.0,4618.0
2026-09-25 09:03:31.239,12,84000,4618.0,0.0,4618.0,0.0,4618.0
2026-09-25 09:03:31.356,12,85000,4618.0,0.0,4618.0,0.0,4618.0
2026-09-25 09:03:31.356,12,86000,4618.0,0.0,4618.0,0.0,4618.0
2026-09-25 09:03:31.356,12,87000,4618.0,0.0,4618.0,0.0,4618.0
2026-09-25 09:03:31.357,12,88000,4618.0,0.0,4618.0,0.0,4618.0
2026-09-25 09:03:31.357,12,89000,4618.0,0.0,4618.0,0.0,4618.0
2026-09-25 09:03:31.357,12,90000,4618.0,0.0,4618.0,0.0,4618.0
2026-09-25 09:03:31.472,12,91000,4618.0,0.0,4618.0,0.0,4618.0
2026-09-25 09:03:31.472,12,92000,4618.0,0.0,4618.0,0.0,4618.0
2026-09-25 09:03:31.473,12,93000,4618.0,0.0,4618.0,0.0,4618.0
2026-09-25 09:03:31.473,12,94000,4618.0,0.0,4618.0,0.0,4618.0
2026-09-25 09:03:31.473,12,95000,4618.0,0.0,4618.0,0.0,4618.0
2026-09-25 09:03:31.473,12,96000,4618.0,0.0,4618.0,0.0,4618.0
2026-09-25 09:03:31.580,12,97000,4618.0,0.0,4618.0,0.0,4618.0
2026-09-25 09:03:31.580,12,98000,4618.0,0.0,4618.0,0.0,4618.0
2026-09-25 09:03:31.581,12,99000,4618.0,0.0,4618.0,0.0,4618.0
2026-09-25 09:03:31.581,12,100000,4618.0,0.0,4618.0,0.0,4618.0
2026-09-25 09:03:41.896,13,10000,4618.0,0.0,4618.0,0.0,4618.0
2026-09-25 09:03:41.995,13,11000,4618.0,0.0,4618.0,0.0,4618.0
2026-09-25 09:03:41.997,13,12000,4618.0,0.0,4618.0,0.0,4618.0
2026-09-25 09:03:41.997,13,13000,4618.0,0.0,4618.0,0.0,4618.0
2026-09-25 09:03:41.997,13,14000,4618.0,0.0,4618.0,0.0,4618.0
2026-09-25 09:03:42.106,13,15000,4618.0,0.0,4618.0,0.0,4618.0
2026-09-25 09:03:42.106,13,16000,4618.0,0.0,4618.0,0.0,4618.0
2026-09-25 09:03:42.106,13,17000,4618.0,0.0,4618.0,0.0,4618.0
2026-09-25 09:03:42.107,13,18000,4618.0,0.0,4618.0,0.0,4618.0
2026-09-25 09:03:42.107,13,19000,4618.0,0.0,4618.0,0.0,4618.0
2026-09-25 09:03:42.223,13,20000,4618.0,0.0,4618.0,0.0,4618.0
2026-09-25 09:03:42.223,13,21000,4618.0,0.0,4618.0,0.0,4618.0
2026-09-25 09:03:42.223,13,22000,4618.0,0.0,4618.0,0.0,4618.0
2026-09-25 09:03:42.224,13,23000,4618.0,0.0,4618.0,0.0,4618.0
2026-09-25 09:03:42.224,13,24000,4618.0,0.0,4618.0,0.0,4618.0
2026-09-25 09:03:42.329,13,25000,4618.0,0.0,4618.0,0.0,4618.0
2026-09-25 09:03:42.329,13,26000,4618.0,0.0,4618.0,0.0,4618.0
2026-09-25 09:03:42.330,13,27000,4618.0,0.0,4618.0,0.0,4618.0
2026-09-25 09:03:42.330,13,28000,4618.0,0.0,4618.0,0.0,4618.0
2026-09-25 09:03:42.330,13,29000,4618.0,0.0,4618.0,0.0,4618.0
2026-09-25 09:03:42.446,13,30000,4618.0,0.0,4618.0,0.0,4618.0
2026-09-25 09:03:42.446,13,31000,4618.0,0.0,4618.0,0.0,4618.0
2026-09-25 09:03:42.447,13,32000,4618.0,0.0,4618.0,0.0,4618.0
2026-09-25 09:03:42.447,13,33000,4618.0,0.0,4618.0,0.0,4618.0
2026-09-25 09:03:42.447,13,34000,4618.0,0.0,4618.0,0.0,4618.0
2026-09-25 09:03:42.447,13,35000,4618.0,0.0,4618.0,0.0,4618.0
2026-09-25 09:03:42.566,13,36000,4618.0,0.0,4618.0,0.0,4618.0
2026-09-25 09:03:42.566,13,37000,4618.0,0.0,4618.0,0.0,4618.0
2026-09-25 09:03:42.566,13,38000,4618.0,0.0,4618.0,0.0,4618.0
2026-09-25 09:03:42.566,13,39000,4618.0,0.0,4618.0,0.0,4618.0
2026-09-25 09:03:42.567,13,40000,4618.0,0.0,4618.0,0.0,4618.0
2026-09-25 09:03:42.567,13,41000,4618.0,0.0,4618.0,0.0,4618.0
2026-09-25 09:03:42.682,13,42000,4618.0,0.0,4618.0,0.0,4618.0
2026-09-25 09:03:42.682,13,43000,4618.0,0.0,4618.0,0.0,4618.0
2026-09-25 09:03:42.683,13,44000,4618.0,0.0,4618.0,0.0,4618.0
2026-09-25 09:03:42.683,13,45000,4618.0,0.0,4618.0,0.0,4618.0
2026-09-25 09:03:42.683,13,46000,4618.0,0.0,4618.0,0.0,4618.0
2026-09-25 09:03:42.683,13,47000,4618.0,0.0,4618.0,0.0,4618.0
2026-09-25 09:03:42.795,13,48000,4618.0,0.0,4618.0,0.0,4618.0
2026-09-25 09:03:42.797,13,49000,4618.0,0.0,4618.0,0.0,4618.0
2026-09-25 09:03:42.797,13,50000,4618.0,0.0,4618.0,0.0,4618.0
2026-09-25 09:03:42.797,13,51000,4618.0,0.0,4618.0,0.0,4618.0
2026-09-25 09:03:42.798,13,52000,4618.0,0.0,4618.0,0.0,4618.0
2026-09-25 09:03:42.916,13,53000,4618.0,0.0,4618.0,0.0,4618.0
2026-09-25 09:03:42.916,13,54000,4618.0,0.0,4618.0,0.0,4618.0
2026-09-25 09:03:42.916,13,55000,4618.0,0.0,4618.0,0.0,4618.0
2026-09-25 09:03:42.917,13,56000,4618.0,0.0,4618.0,0.0,4618.0
2026-09-25 09:03:42.917,13,57000,4618.0,0.0,4618.0,0.0,4618.0
2026-09-25 09:03:42.917,13,58000,4618.0,0.0,4618.0,0.0,4618.0
2026-09-25 09:03:42.917,13,59000,4618.0,0.0,4618.0,0.0,4618.0
2026-09-25 09:03:43.032,13,60000,4618.0,0.0,4618.0,0.0,4618.0
2026-09-25 09:03:43.032,13,61000,4618.0,0.0,4618.0,0.0,4618.0
2026-09-25 09:03:43.033,13,62000,4618.0,0.0,4618.0,0.0,4618.0
2026-09-25 09:03:43.033,13,63000,4618.0,0.0,4618.0,0.0,4618.0
2026-09-25 09:03:43.033,13,64000,4618.0,0.0,4618.0,0.0,4618.0
2026-09-25 09:03:43.033,13,65000,4618.0,0.0,4618.0,0.0,4618.0
2026-09-25 09:03:43.139,13,66000,4618.0,0.0,4618.0,0.0,4618.0
2026-09-25 09:03:43.139,13,67000,4618.0,0.0,4618.0,0.0,4618.0
2026-09-25 09:03:43.139,13,68000,4618.0,0.0,4618.0,0.0,4618.0
2026-09-25 09:03:43.140,13,69000,4618.0,0.0,4618.0,0.0,4618.0
2026-09-25 09:03:43.140,13,70000,4618.0,0.0,4618.0,0.0,4618.0
2026-09-25 09:03:43.245,13,71000,4618.0,0.0,4618.0,0.0,4618.0
2026-09-25 09:03:43.245,13,72000,4532.7,-1.06,4531.924322741577,-83.85238782107487,4532.7
2026-09-25 09:03:43.245,13,73000,4618.0,0.0,4618.0,0.0,4618.0
2026-09-25 09:03:43.246,13,74000,4618.0,0.0,4618.0,0.0,4618.0
2026-09-25 09:03:43.246,13,75000,4618.0,0.0,4618.0,0.0,4618.0
2026-09-25 09:03:43.246,13,76000,4618.0,0.0,4618.0,0.0,4618.0
2026-09-25 09:03:43.366,13,77000,4618.0,0.0,4618.0,0.0,4618.0
2026-09-25 09:03:43.367,13,78000,4618.0,0.0,4618.0,0.0,4618.0
2026-09-25 09:03:43.367,13,79000,4618.0,0.0,4618.0,0.0,4618.0
2026-09-25 09:03:43.367,13,80000,4618.0,0.0,4618.0,0.0,4618.0
2026-09-25 09:03:43.368,13,81000,4618.0,0.0,4618.0,0.0,4618.0
2026-09-25 09:03:43.368,13,82000,4618.0,0.0,4618.0,0.0,4618.0
2026-09-25 09:03:43.482,13,83000,4618.0,0.0,4618.0,0.0,4618.0
2026-09-25 09:03:43.482,13,84000,4618.0,0.0,4618.0,0.0,4618.0
2026-09-25 09:03:43.483,13,85000,4618.0,0.0,4618.0,0.0,4618.0
2026-09-25 09:03:43.483,13,86000,4618.0,0.0,4618.0,0.0,4618.0
2026-09-25 09:03:43.483,13,87000,4618.0,0.0,4618.0,0.0,4618.0
2026-09-25 09:03:43.483,13,88000,4618.0,0.0,4618.0,0.0,4618.0
2026-09-25 09:03:43.588,13,89000,4618.0,0.0,4618.0,0.0,4618.0
2026-09-25 09:03:43.588,13,90000,4618.0,0.0,4618.0,0.0,4618.0
2026-09-25 09:03:43.588,13,91000,4618.0,0.0,4618.0,0.0,4618.0
2026-09-25 09:03:43.589,13,92000,4618.0,0.0,4618.0,0.0,4618.0
2026-09-25 09:03:43.589,13,93000,4618.0,0.0,4618.0,0.0,4618.0
2026-09-25 09:03:43.589,13,94000,4618.0,0.0,4618.0,0.0,4618.0
2026-09-25 09:03:43.713,13,95000,4618.0,0.0,4618.0,0.0,4618.0
2026-09-25 09:03:43.714,13,96000,4618.0,0.0,4618.0,0.0,4618.0
2026-09-25 09:03:43.714,13,97000,4618.0,0.0,4618.0,0.0,4618.0
2026-09-25 09:03:43.714,13,98000,4618.0,0.0,4618.0,0.0,4618.0
2026-09-25 09:03:43.714,13,99000,4618.0,0.0,4618.0,0.0,4618.0
2026-09-25 09:03:43.715,13,100000,4618.0,0.0,4618.0,0.0,4618.0
2026-09-25 09:03:54.095,14,10000,4618.0,0.0,4618.0,0.0,4618.0
2026-09-25 09:03:54.096,14,11000,4618.0,0.0,4618.0,0.0,4618.0
2026-09-25 09:03:54.096,14,12000,4618.0,0.0,4618.0,0.0,4618.0
2026-09-25 09:03:54.216,14,13000,4618.0,0.0,4618.0,0.0,4618.0
2026-09-25 09:03:54.217,14,14000,4618.0,0.0,4618.0,0.0,4618.0
2026-09-25 09:03:54.217,14,15000,4618.0,0.0,4618.0,0.0,4618.0
2026-09-25 09:03:54.217,14,16000,4618.0,0.0,4618.0,0.0,4618.0
2026-09-25 09:03:54.217,14,17000,4618.0,0.0,4618.0,0.0,4618.0
2026-09-25 09:03:54.328,14,18000,4618.0,0.0,4618.0,0.0,4618.0
2026-09-25 09:03:54.328,14,19000,4618.0,0.0,4618.0,0.0,4618.0
2026-09-25 09:03:54.328,14,20000,4618.0,0.0,4618.0,0.0,4618.0
2026-09-25 09:03:54.329,14,21000,4618.0,0.0,4618.0,0.0,4618.0
2026-09-25 09:03:54.329,14,22000,4618.0,0.0,4618.0,0.0,4618.0
2026-09-25 09:03:54.436,14,23000,4618.0,0.0,4618.0,0.0,4618.0
2026-09-25 09:03:54.437,14,24000,4618.0,0.0,4618.0,0.0,4618.0
2026-09-25 09:03:54.437,14,25000,4618.0,0.0,4618.0,0.0,4618.0
2026-09-25 09:03:54.437,14,26000,4618.0,0.0,4618.0,0.0,4618.0
2026-09-25 09:03:54.437,14,27000,4618.0,0.0,4618.0,0.0,4618.0
2026-09-25 09:03:54.546,14,28000,4618.0,0.0,4618.0,0.0,4618.0
2026-09-25 09:03:54.547,14,29000,4618.0,0.0,4618.0,0.0,4618.0
2026-09-25 09:03:54.547,14,30000,4618.0,0.0,4618.0,0.0,4618.0
2026-09-25 09:03:54.547,14,31000,4618.0,0.0,4618.0,0.0,4618.0
2026-09-25 09:03:54.548,14,32000,4618.0,0.0,4618.0,0.0,4618.0
2026-09-25 09:03:54.656,14,33000,4618.0,0.0,4618.0,0.0,4618.0
2026-09-25 09:03:54.656,14,34000,4618.0,0.0,4618.0,0.0,4618.0
2026-09-25 09:03:54.657,14,35000,4618.0,0.0,4618.0,0.0,4618.0
2026-09-25 09:03:54.657,14,36000,4618.0,0.0,4618.0,0.0,4618.0
2026-09-25 09:03:54.657,14,37000,4618.0,0.0,4618.0,0.0,4618.0
2026-09-25 09:03:54.772,14,38000,4618.0,0.0,4618.0,0.0,4618.0
2026-09-25 09:03:54.773,14,39000,4618.0,0.0,4618.0,0.0,4618.0
2026-09-25 09:03:54.773,14,40000,4618.0,0.0,4618.0,0.0,4618.0
2026-09-25 09:03:54.773,14,41000,4618.0,0.0,4618.0,0.0,4618.0
2026-09-25 09:03:54.774,14,42000,4618.0,0.0,4618.0,0.0,4618.0
2026-09-25 09:03:54.774,14,43000,4618.0,0.0,4618.0,0.0,4618.0
2026-09-25 09:03:54.896,14,44000,4618.0,0.0,4618.0,0.0,4618.0
2026-09-25 09:03:54.896,14,45000,4618.0,0.0,4618.0,0.0,4618.0
2026-09-25 09:03:54.897,14,46000,4618.0,0.0,4618.0,0.0,4618.0
2026-09-25 09:03:54.897,14,47000,4618.0,0.0,4618.0,0.0,4618.0
2026-09-25 09:03:54.897,14,48000,4618.0,0.0,4618.0,0.0,4618.0
2026-09-25 09:03:54.897,14,49000,4618.0,0.0,4618.0,0.0,4618.0
2026-09-25 09:03:54.995,14,50000,4618.0,0.0,4618.0,0.0,4618.0
2026-09-25 09:03:54.995,14,51000,4618.0,0.0,4618.0,0.0,4618.0
2026-09-25 09:03:54.996,14,52000,4618.0,0.0,4618.0,0.0,4618.0
2026-09-25 09:03:54.996,14,53000,4618.0,0.0,4618.0,0.0,4618.0
2026-09-25 09:03:54.996,14,54000,4618.0,0.0,4618.0,0.0,4618.0
2026-09-25 09:03:54.996,14,55000,4618.0,0.0,4618.0,0.0,4618.0
2026-09-25 09:03:55.105,14,56000,4618.0,0.0,4618.0,0.0,4618.0
2026-09-25 09:03:55.106,14,57000,4618.0,0.0,4618.0,0.0,4618.0
2026-09-25 09:03:55.106,14,58000,4618.0,0.0,4618.0,0.0,4618.0
2026-09-25 09:03:55.106,14,59000,4618.0,0.0,4618.0,0.0,4618.0
2026-09-25 09:03:55.106,14,60000,4618.0,0.0,4618.0,0.0,4618.0
2026-09-25 09:03:55.221,14,61000,4618.0,0.0,4618.0,0.0,4618.0
2026-09-25 09:03:55.222,14,62000,4618.0,0.0,4618.0,0.0,4618.0
2026-09-25 09:03:55.222,14,63000,4618.0,0.0,4618.0,0.0,4618.0
2026-09-25 09:03:55.222,14,64000,4618.0,0.0,4618.0,0.0,4618.0
2026-09-25 09:03:55.222,14,65000,4531.21,-0.93,4530.613108641183,-73.54538672593844,4531.21
2026-09-25 09:03:55.223,14,66000,4618.0,0.0,4618.0,0.0,4618.0
2026-09-25 09:03:55.328,14,67000,4618.0,0.0,4618.0,0.0,4618.0
2026-09-25 09:03:55.328,14,68000,4618.0,0.0,4618.0,0.0,4618.0
2026-09-25 09:03:55.329,14,69000,4618.0,0.0,4618.0,0.0,4618.0
2026-09-25 09:03:55.329,14,70000,4618.0,0.0,4618.0,0.0,4618.0
2026-09-25 09:03:55.329,14,71000,4618.0,0.0,4618.0,0.0,4618.0
2026-09-25 09:03:55.329,14,72000,4618.0,0.0,4618.0,0.0,4618.0
2026-09-25 09:03:55.433,14,73000,4618.0,0.0,4618.0,0.0,4618.0
2026-09-25 09:03:55.434,14,74000,4618.0,0.0,4618.0,0.0,4618.0
2026-09-25 09:03:55.434,14,75000,4618.0,0.0,4618.0,0.0,4618.0
2026-09-25 09:03:55.435,14,76000,4618.0,0.0,4618.0,0.0,4618.0
2026-09-25 09:03:55.435,14,77000,4618.0,0.0,4618.0,0.0,4618.0
2026-09-25 09:03:55.435,14,78000,4618.0,0.0,4618.0,0.0,4618.0
2026-09-25 09:03:55.545,14,79000,4618.0,0.0,4618.0,0.0,4618.0
2026-09-25 09:03:55.545,14,80000,4618.0,0.0,4618.0,0.0,4618.0
2026-09-25 09:03:55.546,14,81000,4618.0,0.0,4618.0,0.0,4618.0
2026-09-25 09:03:55.546,14,82000,4618.0,0.0,4618.0,0.0,4618.0
2026-09-25 09:03:55.546,14,83000,4618.0,0.0,4618.0,0.0,4618.0
2026-09-25 09:03:55.657,14,84000,4618.0,0.0,4618.0,0.0,4618.0
2026-09-25 09:03:55.657,14,85000,4618.0,0.0,4618.0,0.0,4618.0
2026-09-25 09:03:55.657,14,86000,4618.0,0.0,4618.0,0.0,4618.0
2026-09-25 09:03:55.658,14,87000,4618.0,0.0,4618.0,0.0,4618.0
2026-09-25 09:03:55.658,14,88000,4618.0,0.0,4618.0,0.0,4618.0
2026-09-25 09:03:55.658,14,89000,4618.0,0.0,4618.0,0.0,4618.0
2026-09-25 09:03:55.762,14,90000,4618.0,0.0,4618.0,0.0,4618.0
2026-09-25 09:03:55.762,14,91000,4618.0,0.0,4618.0,0.0,4618.0
2026-09-25 09:03:55.762,14,92000,4618.0,0.0,4618.0,0.0,4618.0
2026-09-25 09:03:55.762,14,93000,4618.0,0.0,4618.0,0.0,4618.0
2026-09-25 09:03:55.762,14,94000,4618.0,0.0,4618.0,0.0,4618.0
2026-09-25 09:03:55.763,14,95000,4618.0,0.0,4618.0,0.0,4618.0
2026-09-25 09:03:55.869,14,96000,4618.0,0.0,4618.0,0.0,4618.0
2026-09-25 09:03:55.869,14,97000,4618.0,0.0,4618.0,0.0,4618.0
2026-09-25 09:03:55.870,14,98000,4618.0,0.0,4618.0,0.0,4618.0
2026-09-25 09:03:55.870,14,99000,4618.0,0.0,4618.0,0.0,4618.0
2026-09-25 09:03:55.870,14,100000,4618.0,0.0,4618.0,0.0,4618.0
2026-09-25 09:04:06.224,15,10000,4618.0,0.0,4618.0,0.0,4618.0
2026-09-25 09:04:06.224,15,11000,4618.0,0.0,4618.0,0.0,4618.0
2026-09-25 09:04:06.328,15,12000,4618.0,0.0,4618.0,0.0,4618.0
2026-09-25 09:04:06.329,15,13000,4618.0,0.0,4618.0,0.0,4618.0
2026-09-25 09:04:06.329,15,14000,4618.0,0.0,4618.0,0.0,4618.0
2026-09-25 09:04:06.329,15,15000,4618.0,0.0,4618.0,0.0,4618.0
2026-09-25 09:04:06.436,15,16000,4618.0,0.0,4618.0,0.0,4618.0
2026-09-25 09:04:06.436,15,17000,4618.0,0.0,4618.0,0.0,4618.0
2026-09-25 09:04:06.437,15,18000,4618.0,0.0,4618.0,0.0,4618.0
2026-09-25 09:04:06.437,15,19000,4618.0,0.0,4618.0,0.0,4618.0
2026-09-25 09:04:06.549,15,20000,4618.0,0.0,4618.0,0.0,4618.0
2026-09-25 09:04:06.550,15,21000,4618.0,0.0,4618.0,0.0,4618.0
2026-09-25 09:04:06.550,15,22000,4618.0,0.0,4618.0,0.0,4618.0
2026-09-25 09:04:06.550,15,23000,4618.0,0.0,4618.0,0.0,4618.0
2026-09-25 09:04:06.550,15,24000,4618.0,0.0,4618.0,0.0,4618.0
2026-09-25 09:04:06.550,15,25000,4618.0,0.0,4618.0,0.0,4618.0
2026-09-25 09:04:06.652,15,26000,4618.0,0.0,4618.0,0.0,4618.0
2026-09-25 09:04:06.652,15,27000,4618.0,0.0,4618.0,0.0,4618.0
2026-09-25 09:04:06.653,15,28000,4618.0,0.0,4618.0,0.0,4618.0
2026-09-25 09:04:06.653,15,29000,4618.0,0.0,4618.0,0.0,4618.0
2026-09-25 09:04:06.763,15,30000,4618.0,0.0,4618.0,0.0,4618.0
2026-09-25 09:04:06.764,15,31000,4618.0,0.0,4618.0,0.0,4618.0
2026-09-25 09:04:06.764,15,32000,4618.0,0.0,4618.0,0.0,4618.0
2026-09-25 09:04:06.764,15,33000,4618.0,0.0,4618.0,0.0,4618.0
2026-09-25 09:04:06.764,15,34000,4618.0,0.0,4618.0,0.0,4618.0
2026-09-25 09:04:06.765,15,35000,4618.0,0.0,4618.0,0.0,4618.0
2026-09-25 09:04:06.874,15,36000,4618.0,0.0,4618.0,0.0,4618.0
2026-09-25 09:04:06.875,15,37000,4618.0,0.0,4618.0,0.0,4618.0
2026-09-25 09:04:06.875,15,38000,4618.0,0.0,4618.0,0.0,4618.0
2026-09-25 09:04:06.875,15,39000,4618.0,0.0,4618.0,0.0,4618.0
2026-09-25 09:04:06.875,15,40000,4618.0,0.0,4618.0,0.0,4618.0
2026-09-25 09:04:06.985,15,41000,4618.0,0.0,4618.0,0.0,4618.0
2026-09-25 09:04:06.985,15,42000,4618.0,0.0,4618.0,0.0,4618.0
2026-09-25 09:04:06.985,15,43000,4618.0,0.0,4618.0,0.0,4618.0
2026-09-25 09:04:06.985,15,44000,4618.0,0.0,4618.0,0.0,4618.0
2026-09-25 09:04:06.986,15,45000,4618.0,0.0,4618.0,0.0,4618.0
2026-09-25 09:04:06.986,15,46000,4618.0,0.0,4618.0,0.0,4618.0
2026-09-25 09:04:07.095,15,47000,4618.0,0.0,4618.0,0.0,4618.0
2026-09-25 09:04:07.095,15,48000,4618.0,0.0,4618.0,0.0,4618.0
2026-09-25 09:04:07.095,15,49000,4618.0,0.0,4618.0,0.0,4618.0
2026-09-25 09:04:07.096,15,50000,4618.0,0.0,4618.0,0.0,4618.0
2026-09-25 09:04:07.096,15,51000,4618.0,0.0,4618.0,0.0,4618.0
2026-09-25 09:04:07.205,15,52000,4618.0,0.0,4618.0,0.0,4618.0
2026-09-25 09:04:07.206,15,53000,4618.0,0.0,4618.0,0.0,4618.0
2026-09-25 09:04:07.206,15,54000,4618.0,0.0,4618.0,0.0,4618.0
2026-09-25 09:04:07.206,15,55000,4618.0,0.0,4618.0,0.0,4618.0
2026-09-25 09:04:07.207,15,56000,4618.0,0.0,4618.0,0.0,4618.0
2026-09-25 09:04:07.207,15,57000,4618.0,0.0,4618.0,0.0,4618.0
2026-09-25 09:04:07.309,15,58000,4618.0,0.0,4618.0,0.0,4618.0
2026-09-25 09:04:07.309,15,59000,4618.0,0.0,4618.0,0.0,4618.0
2026-09-25 09:04:07.309,15,60000,4618.0,0.0,4618.0,0.0,4618.0
2026-09-25 09:04:07.309,15,61000,4618.0,0.0,4618.0,0.0,4618.0
2026-09-25 09:04:07.310,15,62000,4618.0,0.0,4618.0,0.0,4618.0
2026-09-25 09:04:07.310,15,63000,4618.0,0.0,4618.0,0.0,4618.0
2026-09-25 09:04:07.422,15,64000,4618.0,0.0,4618.0,0.0,4618.0
2026-09-25 09:04:07.422,15,65000,4618.0,0.0,4618.0,0.0,4618.0
2026-09-25 09:04:07.422,15,66000,4618.0,0.0,4618.0,0.0,4618.0
2026-09-25 09:04:07.423,15,67000,4618.0,0.0,4618.0,0.0,4618.0
2026-09-25 09:04:07.423,15,68000,4618.0,0.0,4618.0,0.0,4618.0
2026-09-25 09:04:07.423,15,69000,4618.0,0.0,4618.0,0.0,4618.0
2026-09-25 09:04:07.526,15,70000,4618.0,0.0,4618.0,0.0,4618.0
2026-09-25 09:04:07.526,15,71000,4618.0,0.0,4618.0,0.0,4618.0
2026-09-25 09:04:07.526,15,72000,4618.0,0.0,4618.0,0.0,4618.0
2026-09-25 09:04:07.526,15,73000,4618.0,0.0,4618.0,0.0,4618.0
2026-09-25 09:04:07.526,15,74000,4618.0,0.0,4618.0,0.0,4618.0
2026-09-25 09:04:07.639,15,75000,4618.0,0.0,4618.0,0.0,4618.0
2026-09-25 09:04:07.639,15,76000,4618.0,0.0,4618.0,0.0,4618.0
2026-09-25 09:04:07.639,15,77000,4618.0,0.0,4618.0,0.0,4618.0
2026-09-25 09:04:07.640,15,78000,4618.0,0.0,4618.0,0.0,4618.0
2026-09-25 09:04:07.640,15,79000,4618.0,0.0,4618.0,0.0,4618.0
2026-09-25 09:04:07.640,15,80000,4618.0,0.0,4618.0,0.0,4618.0
2026-09-25 09:04:07.746,15,81000,4618.0,0.0,4618.0,0.0,4618.0
2026-09-25 09:04:07.746,15,82000,4618.0,0.0,4618.0,0.0,4618.0
2026-09-25 09:04:07.746,15,83000,4618.0,0.0,4618.0,0.0,4618.0
2026-09-25 09:04:07.747,15,84000,4618.0,0.0,4618.0,0.0,4618.0
2026-09-25 09:04:07.747,15,85000,4618.0,0.0,4618.0,0.0,4618.0
2026-09-25 09:04:07.747,15,86000,4618.0,0.0,4618.0,0.0,4618.0
2026-09-25 09:04:07.861,15,87000,4618.0,0.0,4618.0,0.0,4618.0
2026-09-25 09:04:07.862,15,88000,4618.0,0.0,4618.0,0.0,4618.0
2026-09-25 09:04:07.862,15,89000,4618.0,0.0,4618.0,0.0,4618.0
2026-09-25 09:04:07.863,15,90000,4618.0,0.0,4618.0,0.0,4618.0
2026-09-25 09:04:07.863,15,91000,4618.0,0.0,4618.0,0.0,4618.0
2026-09-25 09:04:07.863,15,92000,4618.0,0.0,4618.0,0.0,4618.0
2026-09-25 09:04:07.973,15,93000,4618.0,0.0,4618.0,0.0,4618.0
2026-09-25 09:04:07.973,15,94000,4618.0,0.0,4618.0,0.0,4618.0
2026-09-25 09:04:07.973,15,95000,4618.0,0.0,4618.0,0.0,4618.0
2026-09-25 09:04:07.974,15,96000,4618.0,0.0,4618.0,0.0,4618.0
2026-09-25 09:04:07.974,15,97000,4618.0,0.0,4618.0,0.0,4618.0
2026-09-25 09:04:07.974,15,98000,4618.0,0.0,4618.0,0.0,4618.0
2026-09-25 09:04:08.091,15,99000,4618.0,0.0,4618.0,0.0,4618.0
2026-09-25 09:04:08.091,15,100000,4618.0,0.0,4618.0,0.0,4618.0
2026-09-25 09:04:18.414,16,10000,4618.0,0.0,4618.0,0.0,4618.0
2026-09-25 09:04:18.414,16,11000,4618.0,0.0,4618.0,0.0,4618.0
2026-09-25 09:04:18.415,16,12000,4618.0,0.0,4618.0,0.0,4618.0
2026-09-25 09:04:18.522,16,13000,4618.0,0.0,4618.0,0.0,4618.0
2026-09-25 09:04:18.522,16,14000,4618.0,0.0,4618.0,0.0,4618.0
2026-09-25 09:04:18.522,16,15000,4618.0,0.0,4618.0,0.0,4618.0
2026-09-25 09:04:18.523,16,16000,4618.0,0.0,4618.0,0.0,4618.0
2026-09-25 09:04:18.624,16,17000,4618.0,0.0,4618.0,0.0,4618.0
2026-09-25 09:04:18.624,16,18000,4618.0,0.0,4618.0,0.0,4618.0
2026-09-25 09:04:18.625,16,19000,4618.0,0.0,4618.0,0.0,4618.0
2026-09-25 09:04:18.625,16,20000,4618.0,0.0,4618.0,0.0,4618.0
2026-09-25 09:04:18.625,16,21000,4618.0,0.0,4618.0,0.0,4618.0
2026-09-25 09:04:18.739,16,22000,4618.0,0.0,4618.0,0.0,4618.0
2026-09-25 09:04:18.740,16,23000,4618.0,0.0,4618.0,0.0,4618.0
2026-09-25 09:04:18.740,16,24000,4618.0,0.0,4618.0,0.0,4618.0
2026-09-25 09:04:18.740,16,25000,4618.0,0.0,4618.0,0.0,4618.0
2026-09-25 09:04:18.740,16,26000,4618.0,0.0,4618.0,0.0,4618.0
2026-09-25 09:04:18.846,16,27000,4618.0,0.0,4618.0,0.0,4618.0
2026-09-25 09:04:18.846,16,28000,4618.0,0.0,4618.0,0.0,4618.0
2026-09-25 09:04:18.846,16,29000,4618.0,0.0,4618.0,0.0,4618.0
2026-09-25 09:04:18.846,16,30000,4618.0,0.0,4618.0,0.0,4618.0
2026-09-25 09:04:18.847,16,31000,4618.0,0.0,4618.0,0.0,4618.0
2026-09-25 09:04:18.955,16,32000,4618.0,0.0,4618.0,0.0,4618.0
2026-09-25 09:04:18.956,16,33000,4618.0,0.0,4618.0,0.0,4618.0
2026-09-25 09:04:18.956,16,34000,4618.0,0.0,4618.0,0.0,4618.0
2026-09-25 09:04:18.956,16,35000,4618.0,0.0,4618.0,0.0,4618.0
2026-09-25 09:04:18.957,16,36000,4618.0,0.0,4618.0,0.0,4618.0
2026-09-25 09:04:18.957,16,37000,4618.0,0.0,4618.0,0.0,4618.0
2026-09-25 09:04:19.062,16,38000,4618.0,0.0,4618.0,0.0,4618.0
2026-09-25 09:04:19.063,16,39000,4618.0,0.0,4618.0,0.0,4618.0
2026-09-25 09:04:19.063,16,40000,4618.0,0.0,4618.0,0.0,4618.0
2026-09-25 09:04:19.063,16,41000,4618.0,0.0,4618.0,0.0,4618.0
2026-09-25 09:04:19.064,16,42000,4618.0,0.0,4618.0,0.0,4618.0
2026-09-25 09:04:19.168,16,43000,4618.0,0.0,4618.0,0.0,4618.0
2026-09-25 09:04:19.168,16,44000,4618.0,0.0,4618.0,0.0,4618.0
2026-09-25 09:04:19.169,16,45000,4618.0,0.0,4618.0,0.0,4618.0
2026-09-25 09:04:19.169,16,46000,4618.0,0.0,4618.0,0.0,4618.0
2026-09-25 09:04:19.169,16,47000,4618.0,0.0,4618.0,0.0,4618.0
2026-09-25 09:04:19.278,16,48000,4618.0,0.0,4618.0,0.0,4618.0
2026-09-25 09:04:19.278,16,49000,4618.0,0.0,4618.0,0.0,4618.0
2026-09-25 09:04:19.278,16,50000,4618.0,0.0,4618.0,0.0,4618.0
2026-09-25 09:04:19.278,16,51000,4618.0,0.0,4618.0,0.0,4618.0
2026-09-25 09:04:19.279,16,52000,4618.0,0.0,4618.0,0.0,4618.0
2026-09-25 09:04:19.279,16,53000,4618.0,0.0,4618.0,0.0,4618.0
2026-09-25 09:04:19.391,16,54000,4618.0,0.0,4618.0,0.0,4618.0
2026-09-25 09:04:19.391,16,55000,4618.0,0.0,4618.0,0.0,4618.0
2026-09-25 09:04:19.391,16,56000,4618.0,0.0,4618.0,0.0,4618.0
2026-09-25 09:04:19.391,16,57000,4618.0,0.0,4618.0,0.0,4618.0
2026-09-25 09:04:19.392,16,58000,4618.0,0.0,4618.0,0.0,4618.0
2026-09-25 09:04:19.392,16,59000,4618.0,0.0,4618.0,0.0,4618.0
2026-09-25 09:04:19.495,16,60000,4618.0,0.0,4618.0,0.0,4618.0
2026-09-25 09:04:19.495,16,61000,4618.0,0.0,4618.0,0.0,4618.0
2026-09-25 09:04:19.495,16,62000,4618.0,0.0,4618.0,0.0,4618.0
2026-09-25 09:04:19.496,16,63000,4618.0,0.0,4618.0,0.0,4618.0
2026-09-25 09:04:19.496,16,64000,4618.0,0.0,4618.0,0.0,4618.0
2026-09-25 09:04:19.605,16,65000,4618.0,0.0,4618.0,0.0,4618.0
2026-09-25 09:04:19.606,16,66000,4618.0,0.0,4618.0,0.0,4618.0
2026-09-25 09:04:19.606,16,67000,4618.0,0.0,4618.0,0.0,4618.0
2026-09-25 09:04:19.606,16,68000,4618.0,0.0,4618.0,0.0,4618.0
2026-09-25 09:04:19.607,16,69000,4618.0,0.0,4618.0,0.0,4618.0
2026-09-25 09:04:19.607,16,70000,4618.0,0.0,4618.0,0.0,4618.0
2026-09-25 09:04:19.727,16,71000,4618.0,0.0,4618.0,0.0,4618.0
2026-09-25 09:04:19.727,16,72000,4618.0,0.0,4618.0,0.0,4618.0
2026-09-25 09:04:19.728,16,73000,4618.0,0.0,4618.0,0.0,4618.0
2026-09-25 09:04:19.728,16,74000,4618.0,0.0,4618.0,0.0,4618.0
2026-09-25 09:04:19.728,16,75000,4618.0,0.0,4618.0,0.0,4618.0
2026-09-25 09:04:19.728,16,76000,4618.0,0.0,4618.0,0.0,4618.0
2026-09-25 09:04:19.729,16,77000,4618.0,0.0,4618.0,0.0,4618.0
2026-09-25 09:04:19.843,16,78000,4618.0,0.0,4618.0,0.0,4618.0
2026-09-25 09:04:19.843,16,79000,4618.0,0.0,4618.0,0.0,4618.0
2026-09-25 09:04:19.844,16,80000,4618.0,0.0,4618.0,0.0,4618.0
2026-09-25 09:04:19.844,16,81000,4618.0,0.0,4618.0,0.0,4618.0
2026-09-25 09:04:19.844,16,82000,4618.0,0.0,4618.0,0.0,4618.0
2026-09-25 09:04:19.844,16,83000,4618.0,0.0,4618.0,0.0,4618.0
2026-09-25 09:04:19.965,16,84000,4618.0,0.0,4618.0,0.0,4618.0
2026-09-25 09:04:19.965,16,85000,4618.0,0.0,4618.0,0.0,4618.0
2026-09-25 09:04:19.966,16,86000,4618.0,0.0,4618.0,0.0,4618.0
2026-09-25 09:04:19.966,16,87000,4618.0,0.0,4618.0,0.0,4618.0
2026-09-25 09:04:19.966,16,88000,4618.0,0.0,4618.0,0.0,4618.0
2026-09-25 09:04:19.966,16,89000,4618.0,0.0,4618.0,0.0,4618.0
2026-09-25 09:04:20.083,16,90000,4618.0,0.0,4618.0,0.0,4618.0
2026-09-25 09:04:20.084,16,91000,4618.0,0.0,4618.0,0.0,4618.0
2026-09-25 09:04:20.084,16,92000,4618.0,0.0,4618.0,0.0,4618.0
2026-09-25 09:04:20.084,16,93000,4618.0,0.0,4618.0,0.0,4618.0
2026-09-25 09:04:20.085,16,94000,4618.0,0.0,4618.0,0.0,4618.0
2026-09-25 09:04:20.085,16,95000,4618.0,0.0,4618.0,0.0,4618.0
2026-09-25 09:04:20.191,16,96000,4618.0,0.0,4618.0,0.0,4618.0
2026-09-25 09:04:20.191,16,97000,4618.0,0.0,4618.0,0.0,4618.0
2026-09-25 09:04:20.191,16,98000,4618.0,0.0,4618.0,0.0,4618.0
2026-09-25 09:04:20.191,16,99000,4618.0,0.0,4618.0,0.0,4618.0
2026-09-25 09:04:20.192,16,100000,4618.0,0.0,4618.0,0.0,4618.0
2026-09-25 09:04:30.550,17,10000,4618.0,0.0,4618.0,0.0,4618.0
2026-09-25 09:04:30.550,17,11000,4618.0,0.0,4618.0,0.0,4618.0
2026-09-25 09:04:30.653,17,12000,4618.0,0.0,4618.0,0.0,4618.0
2026-09-25 09:04:30.653,17,13000,4618.0,0.0,4618.0,0.0,4618.0
2026-09-25 09:04:30.653,17,14000,4618.0,0.0,4618.0,0.0,4618.0
2026-09-25 09:04:30.654,17,15000,4618.0,0.0,4618.0,0.0,4618.0
2026-09-25 09:04:30.763,17,16000,4618.0,0.0,4618.0,0.0,4618.0
2026-09-25 09:04:30.763,17,17000,4618.0,0.0,4618.0,0.0,4618.0
2026-09-25 09:04:30.763,17,18000,4618.0,0.0,4618.0,0.0,4618.0
2026-09-25 09:04:30.763,17,19000,4618.0,0.0,4618.0,0.0,4618.0
2026-09-25 09:04:30.764,17,20000,4618.0,0.0,4618.0,0.0,4618.0
2026-09-25 09:04:30.872,17,21000,4618.0,0.0,4618.0,0.0,4618.0
2026-09-25 09:04:30.872,17,22000,4618.0,0.0,4618.0,0.0,4618.0
2026-09-25 09:04:30.872,17,23000,4618.0,0.0,4618.0,0.0,4618.0
2026-09-25 09:04:30.873,17,24000,4618.0,0.0,4618.0,0.0,4618.0
2026-09-25 09:04:30.873,17,25000,4618.0,0.0,4618.0,0.0,4618.0
2026-09-25 09:04:30.992,17,26000,4618.0,0.0,4618.0,0.0,4618.0
2026-09-25 09:04:30.992,17,27000,4618.0,0.0,4618.0,0.0,4618.0
2026-09-25 09:04:30.992,17,28000,4618.0,0.0,4618.0,0.0,4618.0
2026-09-25 09:04:30.993,17,29000,4618.0,0.0,4618.0,0.0,4618.0
2026-09-25 09:04:30.993,17,30000,4618.0,0.0,4618.0,0.0,4618.0
2026-09-25 09:04:30.993,17,31000,4618.0,0.0,4618.0,0.0,4618.0
2026-09-25 09:04:31.096,17,32000,4618.0,0.0,4618.0,0.0,4618.0
2026-09-25 09:04:31.096,17,33000,4618.0,0.0,4618.0,0.0,4618.0
2026-09-25 09:04:31.096,17,34000,4618.0,0.0,4618.0,0.0,4618.0
2026-09-25 09:04:31.096,17,35000,4618.0,0.0,4618.0,0.0,4618.0
2026-09-25 09:04:31.097,17,36000,4618.0,0.0,4618.0,0.0,4618.0
2026-09-25 09:04:31.212,17,37000,4618.0,0.0,4618.0,0.0,4618.0
2026-09-25 09:04:31.212,17,38000,4618.0,0.0,4618.0,0.0,4618.0
2026-09-25 09:04:31.212,17,39000,4618.0,0.0,4618.0,0.0,4618.0
2026-09-25 09:04:31.213,17,40000,4618.0,0.0,4618.0,0.0,4618.0
2026-09-25 09:04:31.213,17,41000,4618.0,0.0,4618.0,0.0,4618.0
2026-09-25 09:04:31.213,17,42000,4618.0,0.0,4618.0,0.0,4618.0
2026-09-25 09:04:31.322,17,43000,4618.0,0.0,4618.0,0.0,4618.0
2026-09-25 09:04:31.323,17,44000,4618.0,0.0,4618.0,0.0,4618.0
2026-09-25 09:04:31.323,17,45000,4618.0,0.0,4618.0,0.0,4618.0
2026-09-25 09:04:31.323,17,46000,4618.0,0.0,4618.0,0.0,4618.0
2026-09-25 09:04:31.324,17,47000,4618.0,0.0,4618.0,0.0,4618.0
2026-09-25 09:04:31.440,17,48000,4618.0,0.0,4618.0,0.0,4618.0
2026-09-25 09:04:31.440,17,49000,4618.0,0.0,4618.0,0.0,4618.0
2026-09-25 09:04:31.441,17,50000,4618.0,0.0,4618.0,0.0,4618.0
2026-09-25 09:04:31.441,17,51000,4618.0,0.0,4618.0,0.0,4618.0
2026-09-25 09:04:31.441,17,52000,4618.0,0.0,4618.0,0.0,4618.0
2026-09-25 09:04:31.441,17,53000,4618.0,0.0,4618.0,0.0,4618.0
2026-09-25 09:04:31.545,17,54000,4618.0,0.0,4618.0,0.0,4618.0
2026-09-25 09:04:31.546,17,55000,4618.0,0.0,4618.0,0.0,4618.0
2026-09-25 09:04:31.546,17,56000,4618.0,0.0,4618.0,0.0,4618.0
2026-09-25 09:04:31.546,17,57000,4618.0,0.0,4618.0,0.0,4618.0
2026-09-25 09:04:31.546,17,58000,4618.0,0.0,4618.0,0.0,4618.0
2026-09-25 09:04:31.546,17,59000,4618.0,0.0,4618.0,0.0,4618.0
2026-09-25 09:04:31.656,17,60000,4618.0,0.0,4618.0,0.0,4618.0
2026-09-25 09:04:31.656,17,61000,4618.0,0.0,4618.0,0.0,4618.0
2026-09-25 09:04:31.657,17,62000,4618.0,0.0,4618.0,0.0,4618.0
2026-09-25 09:04:31.657,17,63000,4618.0,0.0,4618.0,0.0,4618.0
2026-09-25 09:04:31.657,17,64000,4618.0,0.0,4618.0,0.0,4618.0
2026-09-25 09:04:31.762,17,65000,4618.0,0.0,4618.0,0.0,4618.0
2026-09-25 09:04:31.763,17,66000,4618.0,0.0,4618.0,0.0,4618.0
2026-09-25 09:04:31.763,17,67000,4618.0,0.0,4618.0,0.0,4618.0
2026-09-25 09:04:31.763,17,68000,4618.0,0.0,4618.0,0.0,4618.0
2026-09-25 09:04:31.763,17,69000,4618.0,0.0,4618.0,0.0,4618.0
2026-09-25 09:04:31.763,17,70000,4618.0,0.0,4618.0,0.0,4618.0
2026-09-25 09:04:31.872,17,71000,4618.0,0.0,4618.0,0.0,4618.0
2026-09-25 09:04:31.872,17,72000,4618.0,0.0,4618.0,0.0,4618.0
2026-09-25 09:04:31.873,17,73000,4618.0,0.0,4618.0,0.0,4618.0
2026-09-25 09:04:31.873,17,74000,4618.0,0.0,4618.0,0.0,4618.0
2026-09-25 09:04:31.873,17,75000,4618.0,0.0,4618.0,0.0,4618.0
2026-09-25 09:04:31.873,17,76000,4618.0,0.0,4618.0,0.0,4618.0
2026-09-25 09:04:31.983,17,77000,4618.0,0.0,4618.0,0.0,4618.0
2026-09-25 09:04:31.983,17,78000,4618.0,0.0,4618.0,0.0,4618.0
2026-09-25 09:04:31.984,17,79000,4618.0,0.0,4618.0,0.0,4618.0
2026-09-25 09:04:31.984,17,80000,4618.0,0.0,4618.0,0.0,4618.0
2026-09-25 09:04:31.984,17,81000,4618.0,0.0,4618.0,0.0,4618.0
2026-09-25 09:04:31.984,17,82000,4618.0,0.0,4618.0,0.0,4618.0
2026-09-25 09:04:32.095,17,83000,4618.0,0.0,4618.0,0.0,4618.0
2026-09-25 09:04:32.096,17,84000,4618.0,0.0,4618.0,0.0,4618.0
2026-09-25 09:04:32.096,17,85000,4618.0,0.0,4618.0,0.0,4618.0
2026-09-25 09:04:32.096,17,86000,4618.0,0.0,4618.0,0.0,4618.0
2026-09-25 09:04:32.096,17,87000,4618.0,0.0,4618.0,0.0,4618.0
2026-09-25 09:04:32.096,17,88000,4618.0,0.0,4618.0,0.0,4618.0
2026-09-25 09:04:32.201,17,89000,4618.0,0.0,4618.0,0.0,4618.0
2026-09-25 09:04:32.201,17,90000,4618.0,0.0,4618.0,0.0,4618.0
2026-09-25 09:04:32.201,17,91000,4618.0,0.0,4618.0,0.0,4618.0
2026-09-25 09:04:32.202,17,92000,4618.0,0.0,4618.0,0.0,4618.0
2026-09-25 09:04:32.202,17,93000,4618.0,0.0,4618.0,0.0,4618.0
2026-09-25 09:04:32.312,17,94000,4618.0,0.0,4618.0,0.0,4618.0
2026-09-25 09:04:32.312,17,95000,4618.0,0.0,4618.0,0.0,4618.0
2026-09-25 09:04:32.313,17,96000,4618.0,0.0,4618.0,0.0,4618.0
2026-09-25 09:04:32.313,17,97000,4618.0,0.0,4618.0,0.0,4618.0
2026-09-25 09:04:32.313,17,98000,4618.0,0.0,4618.0,0.0,4618.0
2026-09-25 09:04:32.313,17,99000,4618.0,0.0,4618.0,0.0,4618.0
2026-09-25 09:04:32.424,17,100000,4618.0,0.0,4618.0,0.0,4618.0
2026-09-25 09:04:42.675,18,10000,4618.0,0.0,4618.0,0.0,4618.0
2026-09-25 09:04:42.786,18,11000,4618.0,0.0,4618.0,0.0,4618.0
2026-09-25 09:04:42.786,18,12000,4618.0,0.0,4618.0,0.0,4618.0
2026-09-25 09:04:42.786,18,13000,4618.0,0.0,4618.0,0.0,4618.0
2026-09-25 09:04:42.787,18,14000,4618.0,0.0,4618.0,0.0,4618.0
2026-09-25 09:04:42.885,18,15000,4618.0,0.0,4618.0,0.0,4618.0
2026-09-25 09:04:42.886,18,16000,4618.0,0.0,4618.0,0.0,4618.0
2026-09-25 09:04:42.886,18,17000,4618.0,0.0,4618.0,0.0,4618.0
2026-09-25 09:04:42.886,18,18000,4618.0,0.0,4618.0,0.0,4618.0
2026-09-25 09:04:43.002,18,19000,4618.0,0.0,4618.0,0.0,4618.0
2026-09-25 09:04:43.002,18,20000,4618.0,0.0,4618.0,0.0,4618.0
2026-09-25 09:04:43.003,18,21000,4618.0,0.0,4618.0,0.0,4618.0
2026-09-25 09:04:43.003,18,22000,4618.0,0.0,4618.0,0.0,4618.0
2026-09-25 09:04:43.003,18,23000,4618.0,0.0,4618.0,0.0,4618.0
2026-09-25 09:04:43.003,18,24000,4618.0,0.0,4618.0,0.0,4618.0
2026-09-25 09:04:43.122,18,25000,4618.0,0.0,4618.0,0.0,4618.0
2026-09-25 09:04:43.124,18,26000,4618.0,0.0,4618.0,0.0,4618.0
2026-09-25 09:04:43.124,18,27000,4618.0,0.0,4618.0,0.0,4618.0
2026-09-25 09:04:43.124,18,28000,4618.0,0.0,4618.0,0.0,4618.0
2026-09-25 09:04:43.125,18,29000,4618.0,0.0,4618.0,0.0,4618.0
2026-09-25 09:04:43.228,18,30000,4618.0,0.0,4618.0,0.0,4618.0
2026-09-25 09:04:43.229,18,31000,4618.0,0.0,4618.0,0.0,4618.0
2026-09-25 09:04:43.229,18,32000,4738.12,0.53,4737.917288009746,43.82814596095806,4738.12
2026-09-25 09:04:43.230,18,33000,4618.0,0.0,4618.0,0.0,4618.0
2026-09-25 09:04:43.230,18,34000,4618.0,0.0,4618.0,0.0,4618.0
2026-09-25 09:04:43.230,18,35000,4618.0,0.0,4618.0,0.0,4618.0
2026-09-25 09:04:43.339,18,36000,4618.0,0.0,4618.0,0.0,4618.0
2026-09-25 09:04:43.340,18,37000,4618.0,0.0,4618.0,0.0,4618.0
2026-09-25 09:04:43.340,18,38000,4618.0,0.0,4618.0,0.0,4618.0
2026-09-25 09:04:43.340,18,39000,4618.0,0.0,4618.0,0.0,4618.0
2026-09-25 09:04:43.341,18,40000,4618.0,0.0,4618.0,0.0,4618.0
2026-09-25 09:04:43.466,18,41000,4618.0,0.0,4618.0,0.0,4618.0
2026-09-25 09:04:43.467,18,42000,4618.0,0.0,4618.0,0.0,4618.0
2026-09-25 09:04:43.467,18,43000,4618.0,0.0,4618.0,0.0,4618.0
2026-09-25 09:04:43.467,18,44000,4618.0,0.0,4618.0,0.0,4618.0
2026-09-25 09:04:43.467,18,45000,4618.0,0.0,4618.0,0.0,4618.0
2026-09-25 09:04:43.468,18,46000,4618.0,0.0,4618.0,0.0,4618.0
2026-09-25 09:04:43.578,18,47000,4618.0,0.0,4618.0,0.0,4618.0
2026-09-25 09:04:43.578,18,48000,4618.0,0.0,4618.0,0.0,4618.0
2026-09-25 09:04:43.578,18,49000,4618.0,0.0,4618.0,0.0,4618.0
2026-09-25 09:04:43.578,18,50000,4618.0,0.0,4618.0,0.0,4618.0
2026-09-25 09:04:43.578,18,51000,4618.0,0.0,4618.0,0.0,4618.0
2026-09-25 09:04:43.579,18,52000,4618.0,0.0,4618.0,0.0,4618.0
2026-09-25 09:04:43.688,18,53000,4720.47,0.82,4719.986573700508,67.55564363501131,4720.47
2026-09-25 09:04:43.689,18,54000,4618.0,0.0,4618.0,0.0,4618.0
2026-09-25 09:04:43.689,18,55000,4618.0,0.0,4618.0,0.0,4618.0
2026-09-25 09:04:43.689,18,56000,4618.0,0.0,4618.0,0.0,4618.0
2026-09-25 09:04:43.690,18,57000,4618.0,0.0,4618.0,0.0,4618.0
2026-09-25 09:04:43.690,18,58000,4618.0,0.0,4618.0,0.0,4618.0
2026-09-25 09:04:43.795,18,59000,4618.0,0.0,4618.0,0.0,4618.0
2026-09-25 09:04:43.796,18,60000,4618.0,0.0,4618.0,0.0,4618.0
2026-09-25 09:04:43.796,18,61000,4618.0,0.0,4618.0,0.0,4618.0
2026-09-25 09:04:43.796,18,62000,4618.0,0.0,4618.0,0.0,4618.0
2026-09-25 09:04:43.797,18,63000,4618.0,0.0,4618.0,0.0,4618.0
2026-09-25 09:04:43.906,18,64000,4618.0,0.0,4618.0,0.0,4618.0
2026-09-25 09:04:43.906,18,65000,4618.0,0.0,4618.0,0.0,4618.0
2026-09-25 09:04:43.906,18,66000,4618.0,0.0,4618.0,0.0,4618.0
2026-09-25 09:04:43.907,18,67000,4618.0,0.0,4618.0,0.0,4618.0
2026-09-25 09:04:43.907,18,68000,4618.0,0.0,4618.0,0.0,4618.0
2026-09-25 09:04:43.907,18,69000,4618.0,0.0,4618.0,0.0,4618.0
2026-09-25 09:04:44.013,18,70000,4618.0,0.0,4618.0,0.0,4618.0
2026-09-25 09:04:44.013,18,71000,4618.0,0.0,4618.0,0.0,4618.0
2026-09-25 09:04:44.014,18,72000,4618.0,0.0,4618.0,0.0,4618.0
2026-09-25 09:04:44.014,18,73000,4618.0,0.0,4618.0,0.0,4618.0
2026-09-25 09:04:44.014,18,74000,4618.0,0.0,4618.0,0.0,4618.0
2026-09-25 09:04:44.014,18,75000,4618.0,0.0,4618.0,0.0,4618.0
2026-09-25 09:04:44.122,18,76000,4618.0,0.0,4618.0,0.0,4618.0
2026-09-25 09:04:44.123,18,77000,4618.0,0.0,4618.0,0.0,4618.0
2026-09-25 09:04:44.123,18,78000,4618.0,0.0,4618.0,0.0,4618.0
2026-09-25 09:04:44.123,18,79000,4618.0,0.0,4618.0,0.0,4618.0
2026-09-25 09:04:44.123,18,80000,4618.0,0.0,4618.0,0.0,4618.0
2026-09-25 09:04:44.124,18,81000,4618.0,0.0,4618.0,0.0,4618.0
2026-09-25 09:04:44.235,18,82000,4618.0,0.0,4618.0,0.0,4618.0
2026-09-25 09:04:44.235,18,83000,4618.0,0.0,4618.0,0.0,4618.0
2026-09-25 09:04:44.235,18,84000,4618.0,0.0,4618.0,0.0,4618.0
2026-09-25 09:04:44.236,18,85000,4618.0,0.0,4618.0,0.0,4618.0
2026-09-25 09:04:44.236,18,86000,4618.0,0.0,4618.0,0.0,4618.0
2026-09-25 09:04:44.236,18,87000,4618.0,0.0,4618.0,0.0,4618.0
2026-09-25 09:04:44.345,18,88000,4618.0,0.0,4618.0,0.0,4618.0
2026-09-25 09:04:44.345,18,89000,4618.0,0.0,4618.0,0.0,4618.0
2026-09-25 09:04:44.345,18,90000,4618.0,0.0,4618.0,0.0,4618.0
2026-09-25 09:04:44.346,18,91000,4618.0,0.0,4618.0,0.0,4618.0
2026-09-25 09:04:44.346,18,92000,4618.0,0.0,4618.0,0.0,4618.0
2026-09-25 09:04:44.452,18,93000,4618.0,0.0,4618.0,0.0,4618.0
2026-09-25 09:04:44.452,18,94000,4618.0,0.0,4618.0,0.0,4618.0
2026-09-25 09:04:44.452,18,95000,4618.0,0.0,4618.0,0.0,4618.0
2026-09-25 09:04:44.452,18,96000,4618.0,0.0,4618.0,0.0,4618.0
2026-09-25 09:04:44.453,18,97000,4618.0,0.0,4618.0,0.0,4618.0
2026-09-25 09:04:44.453,18,98000,4618.0,0.0,4618.0,0.0,4618.0
2026-09-25 09:04:44.574,18,99000,4618.0,0.0,4618.0,0.0,4618.0
2026-09-25 09:04:44.575,18,100000,4618.0,0.0,4618.0,0.0,4618.0
2026-09-25 09:04:54.876,19,10000,4618.0,0.0,4618.0,0.0,4618.0
2026-09-25 09:04:54.877,19,11000,4618.0,0.0,4618.0,0.0,4618.0
2026-09-25 09:04:54.996,19,12000,4618.0,0.0,4618.0,0.0,4618.0
2026-09-25 09:04:54.996,19,13000,4618.0,0.0,4618.0,0.0,4618.0
2026-09-25 09:04:54.997,19,14000,4618.0,0.0,4618.0,0.0,4618.0
2026-09-25 09:04:54.997,19,15000,4618.0,0.0,4618.0,0.0,4618.0
2026-09-25 09:04:54.997,19,16000,4618.0,0.0,4618.0,0.0,4618.0
2026-09-25 09:04:55.122,19,17000,4618.0,0.0,4618.0,0.0,4618.0
2026-09-25 09:04:55.122,19,18000,4618.0,0.0,4618.0,0.0,4618.0
2026-09-25 09:04:55.123,19,19000,4618.0,0.0,4618.0,0.0,4618.0
2026-09-25 09:04:55.123,19,20000,4618.0,0.0,4618.0,0.0,4618.0
2026-09-25 09:04:55.123,19,21000,4618.0,0.0,4618.0,0.0,4618.0
2026-09-25 09:04:55.124,19,22000,4618.0,0.0,4618.0,0.0,4618.0
2026-09-25 09:04:55.237,19,23000,4618.0,0.0,4618.0,0.0,4618.0
2026-09-25 09:04:55.237,19,24000,4618.0,0.0,4618.0,0.0,4618.0
2026-09-25 09:04:55.237,19,25000,4618.0,0.0,4618.0,0.0,4618.0
2026-09-25 09:04:55.237,19,26000,4618.0,0.0,4618.0,0.0,4618.0
2026-09-25 09:04:55.238,19,27000,4618.0,0.0,4618.0,0.0,4618.0
2026-09-25 09:04:55.345,19,28000,4618.0,0.0,4618.0,0.0,4618.0
2026-09-25 09:04:55.345,19,29000,4618.0,0.0,4618.0,0.0,4618.0
2026-09-25 09:04:55.346,19,30000,4618.0,0.0,4618.0,0.0,4618.0
2026-09-25 09:04:55.346,19,31000,4618.0,0.0,4618.0,0.0,4618.0
2026-09-25 09:04:55.346,19,32000,4618.0,0.0,4618.0,0.0,4618.0
2026-09-25 09:04:55.456,19,33000,4618.0,0.0,4618.0,0.0,4618.0
2026-09-25 09:04:55.456,19,34000,4618.0,0.0,4618.0,0.0,4618.0
2026-09-25 09:04:55.457,19,35000,4618.0,0.0,4618.0,0.0,4618.0
2026-09-25 09:04:55.457,19,36000,4618.0,0.0,4618.0,0.0,4618.0
2026-09-25 09:04:55.457,19,37000,4618.0,0.0,4618.0,0.0,4618.0
2026-09-25 09:04:55.457,19,38000,4618.0,0.0,4618.0,0.0,4618.0
2026-09-25 09:04:55.562,19,39000,4618.0,0.0,4618.0,0.0,4618.0
2026-09-25 09:04:55.563,19,40000,4618.0,0.0,4618.0,0.0,4618.0
2026-09-25 09:04:55.563,19,41000,4618.0,0.0,4618.0,0.0,4618.0
2026-09-25 09:04:55.563,19,42000,4618.0,0.0,4618.0,0.0,4618.0
2026-09-25 09:04:55.563,19,43000,4618.0,0.0,4618.0,0.0,4618.0
2026-09-25 09:04:55.672,19,44000,4618.0,0.0,4618.0,0.0,4618.0
2026-09-25 09:04:55.672,19,45000,4618.0,0.0,4618.0,0.0,4618.0
2026-09-25 09:04:55.673,19,46000,4618.0,0.0,4618.0,0.0,4618.0
2026-09-25 09:04:55.673,19,47000,4618.0,0.0,4618.0,0.0,4618.0
2026-09-25 09:04:55.673,19,48000,4618.0,0.0,4618.0,0.0,4618.0
2026-09-25 09:04:55.673,19,49000,4618.0,0.0,4618.0,0.0,4618.0
2026-09-25 09:04:55.779,19,50000,4618.0,0.0,4618.0,0.0,4618.0
2026-09-25 09:04:55.779,19,51000,4618.0,0.0,4618.0,0.0,4618.0
2026-09-25 09:04:55.779,19,52000,4618.0,0.0,4618.0,0.0,4618.0
2026-09-25 09:04:55.779,19,53000,4618.0,0.0,4618.0,0.0,4618.0
2026-09-25 09:04:55.780,19,54000,4618.0,0.0,4618.0,0.0,4618.0
2026-09-25 09:04:55.895,19,55000,4618.0,0.0,4618.0,0.0,4618.0
2026-09-25 09:04:55.895,19,56000,4618.0,0.0,4618.0,0.0,4618.0
2026-09-25 09:04:55.895,19,57000,4618.0,0.0,4618.0,0.0,4618.0
2026-09-25 09:04:55.896,19,58000,4618.0,0.0,4618.0,0.0,4618.0
2026-09-25 09:04:55.896,19,59000,4618.0,0.0,4618.0,0.0,4618.0
2026-09-25 09:04:55.896,19,60000,4618.0,0.0,4618.0,0.0,4618.0
2026-09-25 09:04:55.995,19,61000,4618.0,0.0,4618.0,0.0,4618.0
2026-09-25 09:04:55.996,19,62000,4618.0,0.0,4618.0,0.0,4618.0
2026-09-25 09:04:55.996,19,63000,4618.0,0.0,4618.0,0.0,4618.0
2026-09-25 09:04:55.996,19,64000,4618.0,0.0,4618.0,0.0,4618.0
2026-09-25 09:04:55.996,19,65000,4618.0,0.0,4618.0,0.0,4618.0
2026-09-25 09:04:55.996,19,66000,4618.0,0.0,4618.0,0.0,4618.0
2026-09-25 09:04:56.116,19,67000,4618.0,0.0,4618.0,0.0,4618.0
2026-09-25 09:04:56.116,19,68000,4618.0,0.0,4618.0,0.0,4618.0
2026-09-25 09:04:56.117,19,69000,4618.0,0.0,4618.0,0.0,4618.0
2026-09-25 09:04:56.117,19,70000,4618.0,0.0,4618.0,0.0,4618.0
2026-09-25 09:04:56.117,19,71000,4618.0,0.0,4618.0,0.0,4618.0
2026-09-25 09:04:56.117,19,72000,4618.0,0.0,4618.0,0.0,4618.0
2026-09-25 09:04:56.239,19,73000,4618.0,0.0,4618.0,0.0,4618.0
2026-09-25 09:04:56.239,19,74000,4618.0,0.0,4618.0,0.0,4618.0
2026-09-25 09:04:56.239,19,75000,4618.0,0.0,4618.0,0.0,4618.0
2026-09-25 09:04:56.240,19,76000,4618.0,0.0,4618.0,0.0,4618.0
2026-09-25 09:04:56.240,19,77000,4618.0,0.0,4618.0,0.0,4618.0
2026-09-25 09:04:56.240,19,78000,4618.0,0.0,4618.0,0.0,4618.0
2026-09-25 09:04:56.240,19,79000,4618.0,0.0,4618.0,0.0,4618.0
2026-09-25 09:04:56.346,19,80000,4618.0,0.0,4618.0,0.0,4618.0
2026-09-25 09:04:56.346,19,81000,4618.0,0.0,4618.0,0.0,4618.0
2026-09-25 09:04:56.346,19,82000,4618.0,0.0,4618.0,0.0,4618.0
2026-09-25 09:04:56.347,19,83000,4618.0,0.0,4618.0,0.0,4618.0
2026-09-25 09:04:56.347,19,84000,4618.0,0.0,4618.0,0.0,4618.0
2026-09-25 09:04:56.451,19,85000,4618.0,0.0,4618.0,0.0,4618.0
2026-09-25 09:04:56.452,19,86000,4618.0,0.0,4618.0,0.0,4618.0
2026-09-25 09:04:56.452,19,87000,4618.0,0.0,4618.0,0.0,4618.0
2026-09-25 09:04:56.452,19,88000,4618.0,0.0,4618.0,0.0,4618.0
2026-09-25 09:04:56.452,19,89000,4618.0,0.0,4618.0,0.0,4618.0
2026-09-25 09:04:56.453,19,90000,4618.0,0.0,4618.0,0.0,4618.0
2026-09-25 09:04:56.573,19,91000,4618.0,0.0,4618.0,0.0,4618.0
2026-09-25 09:04:56.573,19,92000,4618.0,0.0,4618.0,0.0,4618.0
2026-09-25 09:04:56.573,19,93000,4618.0,0.0,4618.0,0.0,4618.0
2026-09-25 09:04:56.574,19,94000,4618.0,0.0,4618.0,0.0,4618.0
2026-09-25 09:04:56.574,19,95000,4618.0,0.0,4618.0,0.0,4618.0
2026-09-25 09:04:56.574,19,96000,4618.0,0.0,4618.0,0.0,4618.0
2026-09-25 09:04:56.690,19,97000,4618.0,0.0,4618.0,0.0,4618.0
2026-09-25 09:04:56.690,19,98000,4618.0,0.0,4618.0,0.0,4618.0
2026-09-25 09:04:56.690,19,99000,4618.0,0.0,4618.0,0.0,4618.0
2026-09-25 09:04:56.690,19,100000,4618.0,0.0,4618.0,0.0,4618.0
2026-09-25 09:05:07.076,20,10000,4618.0,0.0,4618.0,0.0,4618.0
2026-09-25 09:05:07.077,20,11000,4618.0,0.0,4618.0,0.0,4618.0
2026-09-25 09:05:07.077,20,12000,4618.0,0.0,4618.0,0.0,4618.0
2026-09-25 09:05:07.077,20,13000,4618.0,0.0,4618.0,0.0,4618.0
2026-09-25 09:05:07.188,20,14000,4618.0,0.0,4618.0,0.0,4618.0
2026-09-25 09:05:07.189,20,15000,4618.0,0.0,4618.0,0.0,4618.0
2026-09-25 09:05:07.189,20,16000,4618.0,0.0,4618.0,0.0,4618.0
2026-09-25 09:05:07.189,20,17000,4618.0,0.0,4618.0,0.0,4618.0
2026-09-25 09:05:07.190,20,18000,4618.0,0.0,4618.0,0.0,4618.0
2026-09-25 09:05:07.296,20,19000,4618.0,0.0,4618.0,0.0,4618.0
2026-09-25 09:05:07.296,20,20000,4618.0,0.0,4618.0,0.0,4618.0
2026-09-25 09:05:07.296,20,21000,4618.0,0.0,4618.0,0.0,4618.0
2026-09-25 09:05:07.296,20,22000,4618.0,0.0,4618.0,0.0,4618.0
2026-09-25 09:05:07.296,20,23000,4618.0,0.0,4618.0,0.0,4618.0
2026-09-25 09:05:07.405,20,24000,4618.0,0.0,4618.0,0.0,4618.0
2026-09-25 09:05:07.406,20,25000,4618.0,0.0,4618.0,0.0,4618.0
2026-09-25 09:05:07.406,20,26000,4618.0,0.0,4618.0,0.0,4618.0
2026-09-25 09:05:07.406,20,27000,4618.0,0.0,4618.0,0.0,4618.0
2026-09-25 09:05:07.407,20,28000,4618.0,0.0,4618.0,0.0,4618.0
2026-09-25 09:05:07.511,20,29000,4618.0,0.0,4618.0,0.0,4618.0
2026-09-25 09:05:07.512,20,30000,4618.0,0.0,4618.0,0.0,4618.0
2026-09-25 09:05:07.512,20,31000,4618.0,0.0,4618.0,0.0,4618.0
2026-09-25 09:05:07.512,20,32000,4618.0,0.0,4618.0,0.0,4618.0
2026-09-25 09:05:07.513,20,33000,4618.0,0.0,4618.0,0.0,4618.0
2026-09-25 09:05:07.622,20,34000,4618.0,0.0,4618.0,0.0,4618.0
2026-09-25 09:05:07.624,20,35000,4618.0,0.0,4618.0,0.0,4618.0
2026-09-25 09:05:07.624,20,36000,4618.0,0.0,4618.0,0.0,4618.0
2026-09-25 09:05:07.624,20,37000,4618.0,0.0,4618.0,0.0,4618.0
2026-09-25 09:05:07.625,20,38000,4618.0,0.0,4618.0,0.0,4618.0
2026-09-25 09:05:07.738,20,39000,4618.0,0.0,4618.0,0.0,4618.0
2026-09-25 09:05:07.739,20,40000,4618.0,0.0,4618.0,0.0,4618.0
2026-09-25 09:05:07.739,20,41000,4618.0,0.0,4618.0,0.0,4618.0
2026-09-25 09:05:07.739,20,42000,4618.0,0.0,4618.0,0.0,4618.0
2026-09-25 09:05:07.739,20,43000,4618.0,0.0,4618.0,0.0,4618.0
2026-09-25 09:05:07.739,20,44000,4618.0,0.0,4618.0,0.0,4618.0
2026-09-25 09:05:07.846,20,45000,4618.0,0.0,4618.0,0.0,4618.0
2026-09-25 09:05:07.846,20,46000,4618.0,0.0,4618.0,0.0,4618.0
2026-09-25 09:05:07.847,20,47000,4618.0,0.0,4618.0,0.0,4618.0
2026-09-25 09:05:07.847,20,48000,4618.0,0.0,4618.0,0.0,4618.0
2026-09-25 09:05:07.847,20,49000,4618.0,0.0,4618.0,0.0,4618.0
2026-09-25 09:05:07.847,20,50000,4618.0,0.0,4618.0,0.0,4618.0
2026-09-25 09:05:07.958,20,51000,4618.0,0.0,4618.0,0.0,4618.0
2026-09-25 09:05:07.958,20,52000,4618.0,0.0,4618.0,0.0,4618.0
2026-09-25 09:05:07.958,20,53000,4618.0,0.0,4618.0,0.0,4618.0
2026-09-25 09:05:07.959,20,54000,4618.0,0.0,4618.0,0.0,4618.0
2026-09-25 09:05:07.959,20,55000,4618.0,0.0,4618.0,0.0,4618.0
2026-09-25 09:05:08.062,20,56000,4618.0,0.0,4618.0,0.0,4618.0
2026-09-25 09:05:08.062,20,57000,4618.0,0.0,4618.0,0.0,4618.0
2026-09-25 09:05:08.062,20,58000,4618.0,0.0,4618.0,0.0,4618.0
2026-09-25 09:05:08.062,20,59000,4618.0,0.0,4618.0,0.0,4618.0
2026-09-25 09:05:08.062,20,60000,4618.0,0.0,4618.0,0.0,4618.0
2026-09-25 09:05:08.063,20,61000,4618.0,0.0,4618.0,0.0,4618.0
2026-09-25 09:05:08.171,20,62000,4618.0,0.0,4618.0,0.0,4618.0
2026-09-25 09:05:08.171,20,63000,4618.0,0.0,4618.0,0.0,4618.0
2026-09-25 09:05:08.171,20,64000,4618.0,0.0,4618.0,0.0,4618.0
2026-09-25 09:05:08.172,20,65000,4618.0,0.0,4618.0,0.0,4618.0
2026-09-25 09:05:08.172,20,66000,4618.0,0.0,4618.0,0.0,4618.0
2026-09-25 09:05:08.172,20,67000,4618.0,0.0,4618.0,0.0,4618.0
2026-09-25 09:05:08.278,20,68000,4618.0,0.0,4618.0,0.0,4618.0
2026-09-25 09:05:08.278,20,69000,4618.0,0.0,4618.0,0.0,4618.0
2026-09-25 09:05:08.279,20,70000,4618.0,0.0,4618.0,0.0,4618.0
2026-09-25 09:05:08.279,20,71000,4618.0,0.0,4618.0,0.0,4618.0
2026-09-25 09:05:08.279,20,72000,4618.0,0.0,4618.0,0.0,4618.0
2026-09-25 09:05:08.388,20,73000,4618.0,0.0,4618.0,0.0,4618.0
2026-09-25 09:05:08.388,20,74000,4618.0,0.0,4618.0,0.0,4618.0
2026-09-25 09:05:08.388,20,75000,4618.0,0.0,4618.0,0.0,4618.0
2026-09-25 09:05:08.389,20,76000,4618.0,0.0,4618.0,0.0,4618.0
2026-09-25 09:05:08.389,20,77000,4618.0,0.0,4618.0,0.0,4618.0
2026-09-25 09:05:08.389,20,78000,4618.0,0.0,4618.0,0.0,4618.0
2026-09-25 09:05:08.495,20,79000,4618.0,0.0,4618.0,0.0,4618.0
2026-09-25 09:05:08.495,20,80000,4618.0,0.0,4618.0,0.0,4618.0
2026-09-25 09:05:08.495,20,81000,4618.0,0.0,4618.0,0.0,4618.0
2026-09-25 09:05:08.495,20,82000,4618.0,0.0,4618.0,0.0,4618.0
2026-09-25 09:05:08.496,20,83000,4618.0,0.0,4618.0,0.0,4618.0
2026-09-25 09:05:08.496,20,84000,4618.0,0.0,4618.0,0.0,4618.0
2026-09-25 09:05:08.605,20,85000,4618.0,0.0,4618.0,0.0,4618.0
2026-09-25 09:05:08.605,20,86000,4618.0,0.0,4618.0,0.0,4618.0
2026-09-25 09:05:08.605,20,87000,4618.0,0.0,4618.0,0.0,4618.0
2026-09-25 09:05:08.605,20,88000,4618.0,0.0,4618.0,0.0,4618.0
2026-09-25 09:05:08.606,20,89000,4618.0,0.0,4618.0,0.0,4618.0
2026-09-25 09:05:08.721,20,90000,4618.0,0.0,4618.0,0.0,4618.0
2026-09-25 09:05:08.722,20,91000,4618.0,0.0,4618.0,0.0,4618.0
2026-09-25 09:05:08.722,20,92000,4618.0,0.0,4618.0,0.0,4618.0
2026-09-25 09:05:08.722,20,93000,4618.0,0.0,4618.0,0.0,4618.0
2026-09-25 09:05:08.722,20,94000,4618.0,0.0,4618.0,0.0,4618.0
2026-09-25 09:05:08.722,20,95000,4618.0,0.0,4618.0,0.0,4618.0
2026-09-25 09:05:08.722,20,96000,4618.0,0.0,4618.0,0.0,4618.0
2026-09-25 09:05:08.827,20,97000,4618.0,0.0,4618.0,0.0,4618.0
2026-09-25 09:05:08.828,20,98000,4618.0,0.0,4618.0,0.0,4618.0
2026-09-25 09:05:08.828,20,99000,4618.0,0.0,4618.0,0.0,4618.0
2026-09-25 09:05:08.828,20,100000,4618.0,0.0,4618.0,0.0,4618.0
2026-09-25 09:05:19.238,21,10000,4618.0,0.0,4618.0,0.0,4618.0
2026-09-25 09:05:19.238,21,11000,4618.0,0.0,4618.0,0.0,4618.0
2026-09-25 09:05:19.238,21,12000,4618.0,0.0,4618.0,0.0,4618.0
2026-09-25 09:05:19.238,21,13000,4618.0,0.0,4618.0,0.0,4618.0
2026-09-25 09:05:19.346,21,14000,4618.0,0.0,4618.0,0.0,4618.0
2026-09-25 09:05:19.346,21,15000,4618.0,0.0,4618.0,0.0,4618.0
2026-09-25 09:05:19.346,21,16000,4618.0,0.0,4618.0,0.0,4618.0
2026-09-25 09:05:19.346,21,17000,4618.0,0.0,4618.0,0.0,4618.0
2026-09-25 09:05:19.347,21,18000,4618.0,0.0,4618.0,0.0,4618.0
2026-09-25 09:05:19.454,21,19000,4618.0,0.0,4618.0,0.0,4618.0
2026-09-25 09:05:19.455,21,20000,4618.0,0.0,4618.0,0.0,4618.0
2026-09-25 09:05:19.455,21,21000,4618.0,0.0,4618.0,0.0,4618.0
2026-09-25 09:05:19.455,21,22000,4618.0,0.0,4618.0,0.0,4618.0
2026-09-25 09:05:19.455,21,23000,4618.0,0.0,4618.0,0.0,4618.0
2026-09-25 09:05:19.562,21,24000,4618.0,0.0,4618.0,0.0,4618.0
2026-09-25 09:05:19.562,21,25000,4618.0,0.0,4618.0,0.0,4618.0
2026-09-25 09:05:19.563,21,26000,4618.0,0.0,4618.0,0.0,4618.0
2026-09-25 09:05:19.563,21,27000,4618.0,0.0,4618.0,0.0,4618.0
2026-09-25 09:05:19.563,21,28000,4618.0,0.0,4618.0,0.0,4618.0
2026-09-25 09:05:19.672,21,29000,4618.0,0.0,4618.0,0.0,4618.0
2026-09-25 09:05:19.672,21,30000,4618.0,0.0,4618.0,0.0,4618.0
2026-09-25 09:05:19.672,21,31000,4618.0,0.0,4618.0,0.0,4618.0
2026-09-25 09:05:19.672,21,32000,4618.0,0.0,4618.0,0.0,4618.0
2026-09-25 09:05:19.673,21,33000,4618.0,0.0,4618.0,0.0,4618.0
2026-09-25 09:05:19.778,21,34000,4618.0,0.0,4618.0,0.0,4618.0
2026-09-25 09:05:19.778,21,35000,4618.0,0.0,4618.0,0.0,4618.0
2026-09-25 09:05:19.779,21,36000,4618.0,0.0,4618.0,0.0,4618.0
2026-09-25 09:05:19.779,21,37000,4618.0,0.0,4618.0,0.0,4618.0
2026-09-25 09:05:19.779,21,38000,4618.0,0.0,4618.0,0.0,4618.0
2026-09-25 09:05:19.888,21,39000,4618.0,0.0,4618.0,0.0,4618.0
2026-09-25 09:05:19.889,21,40000,4618.0,0.0,4618.0,0.0,4618.0
2026-09-25 09:05:19.889,21,41000,4618.0,0.0,4618.0,0.0,4618.0
2026-09-25 09:05:19.889,21,42000,4618.0,0.0,4618.0,0.0,4618.0
2026-09-25 09:05:19.889,21,43000,4618.0,0.0,4618.0,0.0,4618.0
2026-09-25 09:05:19.889,21,44000,4618.0,0.0,4618.0,0.0,4618.0
2026-09-25 09:05:19.994,21,45000,4618.0,0.0,4618.0,0.0,4618.0
2026-09-25 09:05:19.994,21,46000,4618.0,0.0,4618.0,0.0,4618.0
2026-09-25 09:05:19.995,21,47000,4618.0,0.0,4618.0,0.0,4618.0
2026-09-25 09:05:19.995,21,48000,4618.0,0.0,4618.0,0.0,4618.0
2026-09-25 09:05:19.995,21,49000,4618.0,0.0,4618.0,0.0,4618.0
2026-09-25 09:05:20.114,21,50000,4618.0,0.0,4618.0,0.0,4618.0
2026-09-25 09:05:20.114,21,51000,4618.0,0.0,4618.0,0.0,4618.0
2026-09-25 09:05:20.115,21,52000,4618.0,0.0,4618.0,0.0,4618.0
2026-09-25 09:05:20.115,21,53000,4618.0,0.0,4618.0,0.0,4618.0
2026-09-25 09:05:20.115,21,54000,4618.0,0.0,4618.0,0.0,4618.0
2026-09-25 09:05:20.115,21,55000,4618.0,0.0,4618.0,0.0,4618.0
2026-09-25 09:05:20.221,21,56000,4618.0,0.0,4618.0,0.0,4618.0
2026-09-25 09:05:20.221,21,57000,4618.0,0.0,4618.0,0.0,4618.0
2026-09-25 09:05:20.222,21,58000,4618.0,0.0,4618.0,0.0,4618.0
2026-09-25 09:05:20.222,21,59000,4618.0,0.0,4618.0,0.0,4618.0
2026-09-25 09:05:20.222,21,60000,4618.0,0.0,4618.0,0.0,4618.0
2026-09-25 09:05:20.222,21,61000,4618.0,0.0,4618.0,0.0,4618.0
2026-09-25 09:05:20.328,21,62000,4618.0,0.0,4618.0,0.0,4618.0
2026-09-25 09:05:20.328,21,63000,4618.0,0.0,4618.0,0.0,4618.0
2026-09-25 09:05:20.329,21,64000,4618.0,0.0,4618.0,0.0,4618.0
2026-09-25 09:05:20.329,21,65000,4618.0,0.0,4618.0,0.0,4618.0
2026-09-25 09:05:20.329,21,66000,4618.0,0.0,4618.0,0.0,4618.0
2026-09-25 09:05:20.329,21,67000,4618.0,0.0,4618.0,0.0,4618.0
2026-09-25 09:05:20.436,21,68000,4618.0,0.0,4618.0,0.0,4618.0
2026-09-25 09:05:20.436,21,69000,4618.0,0.0,4618.0,0.0,4618.0
2026-09-25 09:05:20.437,21,70000,4618.0,0.0,4618.0,0.0,4618.0
2026-09-25 09:05:20.437,21,71000,4618.0,0.0,4618.0,0.0,4618.0
2026-09-25 09:05:20.437,21,72000,4618.0,0.0,4618.0,0.0,4618.0
2026-09-25 09:05:20.545,21,73000,4618.0,0.0,4618.0,0.0,4618.0
2026-09-25 09:05:20.545,21,74000,4618.0,0.0,4618.0,0.0,4618.0
2026-09-25 09:05:20.545,21,75000,4618.0,0.0,4618.0,0.0,4618.0
2026-09-25 09:05:20.546,21,76000,4618.0,0.0,4618.0,0.0,4618.0
2026-09-25 09:05:20.546,21,77000,4618.0,0.0,4618.0,0.0,4618.0
2026-09-25 09:05:20.546,21,78000,4618.0,0.0,4618.0,0.0,4618.0
2026-09-25 09:05:20.658,21,79000,4618.0,0.0,4618.0,0.0,4618.0
2026-09-25 09:05:20.658,21,80000,4618.0,0.0,4618.0,0.0,4618.0
2026-09-25 09:05:20.658,21,81000,4618.0,0.0,4618.0,0.0,4618.0
2026-09-25 09:05:20.659,21,82000,4618.0,0.0,4618.0,0.0,4618.0
2026-09-25 09:05:20.659,21,83000,4618.0,0.0,4618.0,0.0,4618.0
2026-09-25 09:05:20.659,21,84000,4618.0,0.0,4618.0,0.0,4618.0
2026-09-25 09:05:20.761,21,85000,4618.0,0.0,4618.0,0.0,4618.0
2026-09-25 09:05:20.762,21,86000,4618.0,0.0,4618.0,0.0,4618.0
2026-09-25 09:05:20.762,21,87000,4618.0,0.0,4618.0,0.0,4618.0
2026-09-25 09:05:20.762,21,88000,4618.0,0.0,4618.0,0.0,4618.0
2026-09-25 09:05:20.762,21,89000,4618.0,0.0,4618.0,0.0,4618.0
2026-09-25 09:05:20.874,21,90000,4618.0,0.0,4618.0,0.0,4618.0
2026-09-25 09:05:20.874,21,91000,4618.0,0.0,4618.0,0.0,4618.0
2026-09-25 09:05:20.874,21,92000,4618.0,0.0,4618.0,0.0,4618.0
2026-09-25 09:05:20.874,21,93000,4618.0,0.0,4618.0,0.0,4618.0
2026-09-25 09:05:20.874,21,94000,4618.0,0.0,4618.0,0.0,4618.0
2026-09-25 09:05:20.875,21,95000,4618.0,0.0,4618.0,0.0,4618.0
2026-09-25 09:05:20.989,21,96000,4618.0,0.0,4618.0,0.0,4618.0
2026-09-25 09:05:20.989,21,97000,4618.0,0.0,4618.0,0.0,4618.0
2026-09-25 09:05:20.989,21,98000,4618.0,0.0,4618.0,0.0,4618.0
2026-09-25 09:05:20.990,21,99000,4618.0,0.0,4618.0,0.0,4618.0
2026-09-25 09:05:20.990,21,100000,4618.0,0.0,4618.0,0.0,4618.0
2026-09-25 09:05:31.345,22,10000,4618.0,0.0,4618.0,0.0,4618.0
2026-09-25 09:05:31.345,22,11000,4618.0,0.0,4618.0,0.0,4618.0
2026-09-25 09:05:31.455,22,12000,4618.0,0.0,4618.0,0.0,4618.0
2026-09-25 09:05:31.456,22,13000,4618.0,0.0,4618.0,0.0,4618.0
2026-09-25 09:05:31.456,22,14000,4618.0,0.0,4618.0,0.0,4618.0
2026-09-25 09:05:31.456,22,15000,4618.0,0.0,4618.0,0.0,4618.0
2026-09-25 09:05:31.456,22,16000,4618.0,0.0,4618.0,0.0,4618.0
2026-09-25 09:05:31.562,22,17000,4618.0,0.0,4618.0,0.0,4618.0
2026-09-25 09:05:31.562,22,18000,4618.0,0.0,4618.0,0.0,4618.0
2026-09-25 09:05:31.563,22,19000,4618.0,0.0,4618.0,0.0,4618.0
2026-09-25 09:05:31.563,22,20000,4618.0,0.0,4618.0,0.0,4618.0
2026-09-25 09:05:31.683,22,21000,4618.0,0.0,4618.0,0.0,4618.0
2026-09-25 09:05:31.683,22,22000,4618.0,0.0,4618.0,0.0,4618.0
2026-09-25 09:05:31.683,22,23000,4618.0,0.0,4618.0,0.0,4618.0
2026-09-25 09:05:31.684,22,24000,4618.0,0.0,4618.0,0.0,4618.0
2026-09-25 09:05:31.684,22,25000,4618.0,0.0,4618.0,0.0,4618.0
2026-09-25 09:05:31.684,22,26000,4618.0,0.0,4618.0,0.0,4618.0
2026-09-25 09:05:31.795,22,27000,4618.0,0.0,4618.0,0.0,4618.0
2026-09-25 09:05:31.796,22,28000,4618.0,0.0,4618.0,0.0,4618.0
2026-09-25 09:05:31.796,22,29000,4618.0,0.0,4618.0,0.0,4618.0
2026-09-25 09:05:31.796,22,30000,4618.0,0.0,4618.0,0.0,4618.0
2026-09-25 09:05:31.797,22,31000,4618.0,0.0,4618.0,0.0,4618.0
2026-09-25 09:05:31.906,22,32000,4618.0,0.0,4618.0,0.0,4618.0
2026-09-25 09:05:31.907,22,33000,4618.0,0.0,4618.0,0.0,4618.0
2026-09-25 09:05:31.907,22,34000,4618.0,0.0,4618.0,0.0,4618.0
2026-09-25 09:05:31.907,22,35000,4618.0,0.0,4618.0,0.0,4618.0
2026-09-25 09:05:31.907,22,36000,4618.0,0.0,4618.0,0.0,4618.0
2026-09-25 09:05:31.907,22,37000,4618.0,0.0,4618.0,0.0,4618.0
2026-09-25 09:05:32.012,22,38000,4618.0,0.0,4618.0,0.0,4618.0
2026-09-25 09:05:32.013,22,39000,4618.0,0.0,4618.0,0.0,4618.0
2026-09-25 09:05:32.013,22,40000,4618.0,0.0,4618.0,0.0,4618.0
2026-09-25 09:05:32.013,22,41000,4618.0,0.0,4618.0,0.0,4618.0
2026-09-25 09:05:32.013,22,42000,4618.0,0.0,4618.0,0.0,4618.0
2026-09-25 09:05:32.122,22,43000,4618.0,0.0,4618.0,0.0,4618.0
2026-09-25 09:05:32.123,22,44000,4618.0,0.0,4618.0,0.0,4618.0
2026-09-25 09:05:32.123,22,45000,4618.0,0.0,4618.0,0.0,4618.0
2026-09-25 09:05:32.123,22,46000,4618.0,0.0,4618.0,0.0,4618.0
2026-09-25 09:05:32.123,22,47000,4618.0,0.0,4618.0,0.0,4618.0
2026-09-25 09:05:32.123,22,48000,4618.0,0.0,4618.0,0.0,4618.0
2026-09-25 09:05:32.229,22,49000,4618.0,0.0,4618.0,0.0,4618.0
2026-09-25 09:05:32.230,22,50000,4618.0,0.0,4618.0,0.0,4618.0
2026-09-25 09:05:32.230,22,51000,4618.0,0.0,4618.0,0.0,4618.0
2026-09-25 09:05:32.230,22,52000,4618.0,0.0,4618.0,0.0,4618.0
2026-09-25 09:05:32.231,22,53000,4720.47,0.82,4719.986573700508,67.55564363501131,4720.47
2026-09-25 09:05:32.345,22,54000,4618.0,0.0,4618.0,0.0,4618.0
2026-09-25 09:05:32.346,22,55000,4618.0,0.0,4618.0,0.0,4618.0
2026-09-25 09:05:32.346,22,56000,4618.0,0.0,4618.0,0.0,4618.0
2026-09-25 09:05:32.346,22,57000,4618.0,0.0,4618.0,0.0,4618.0
2026-09-25 09:05:32.347,22,58000,4618.0,0.0,4618.0,0.0,4618.0
2026-09-25 09:05:32.347,22,59000,4618.0,0.0,4618.0,0.0,4618.0
2026-09-25 09:05:32.457,22,60000,4618.0,0.0,4618.0,0.0,4618.0
2026-09-25 09:05:32.458,22,61000,4618.0,0.0,4618.0,0.0,4618.0
2026-09-25 09:05:32.458,22,62000,4618.0,0.0,4618.0,0.0,4618.0
2026-09-25 09:05:32.458,22,63000,4618.0,0.0,4618.0,0.0,4618.0
2026-09-25 09:05:32.458,22,64000,4618.0,0.0,4618.0,0.0,4618.0
2026-09-25 09:05:32.459,22,65000,4618.0,0.0,4618.0,0.0,4618.0
2026-09-25 09:05:32.562,22,66000,4618.0,0.0,4618.0,0.0,4618.0
2026-09-25 09:05:32.562,22,67000,4618.0,0.0,4618.0,0.0,4618.0
2026-09-25 09:05:32.562,22,68000,4618.0,0.0,4618.0,0.0,4618.0
2026-09-25 09:05:32.563,22,69000,4618.0,0.0,4618.0,0.0,4618.0
2026-09-25 09:05:32.563,22,70000,4618.0,0.0,4618.0,0.0,4618.0
2026-09-25 09:05:32.563,22,71000,4618.0,0.0,4618.0,0.0,4618.0
2026-09-25 09:05:32.673,22,72000,4618.0,0.0,4618.0,0.0,4618.0
2026-09-25 09:05:32.673,22,73000,4618.0,0.0,4618.0,0.0,4618.0
2026-09-25 09:05:32.674,22,74000,4618.0,0.0,4618.0,0.0,4618.0
2026-09-25 09:05:32.674,22,75000,4618.0,0.0,4618.0,0.0,4618.0
2026-09-25 09:05:32.674,22,76000,4618.0,0.0,4618.0,0.0,4618.0
2026-09-25 09:05:32.776,22,77000,4618.0,0.0,4618.0,0.0,4618.0
2026-09-25 09:05:32.777,22,78000,4618.0,0.0,4618.0,0.0,4618.0
2026-09-25 09:05:32.777,22,79000,4618.0,0.0,4618.0,0.0,4618.0
2026-09-25 09:05:32.777,22,80000,4618.0,0.0,4618.0,0.0,4618.0
2026-09-25 09:05:32.777,22,81000,4618.0,0.0,4618.0,0.0,4618.0
2026-09-25 09:05:32.778,22,82000,4618.0,0.0,4618.0,0.0,4618.0
2026-09-25 09:05:32.896,22,83000,4618.0,0.0,4618.0,0.0,4618.0
2026-09-25 09:05:32.896,22,84000,4618.0,0.0,4618.0,0.0,4618.0
2026-09-25 09:05:32.897,22,85000,4618.0,0.0,4618.0,0.0,4618.0
2026-09-25 09:05:32.897,22,86000,4618.0,0.0,4618.0,0.0,4618.0
2026-09-25 09:05:32.897,22,87000,4618.0,0.0,4618.0,0.0,4618.0
2026-09-25 09:05:32.897,22,88000,4618.0,0.0,4618.0,0.0,4618.0
2026-09-25 09:05:32.996,22,89000,4618.0,0.0,4618.0,0.0,4618.0
2026-09-25 09:05:32.996,22,90000,4618.0,0.0,4618.0,0.0,4618.0
2026-09-25 09:05:32.997,22,91000,4618.0,0.0,4618.0,0.0,4618.0
2026-09-25 09:05:32.997,22,92000,4618.0,0.0,4618.0,0.0,4618.0
2026-09-25 09:05:32.997,22,93000,4618.0,0.0,4618.0,0.0,4618.0
2026-09-25 09:05:33.112,22,94000,4618.0,0.0,4618.0,0.0,4618.0
2026-09-25 09:05:33.113,22,95000,4618.0,0.0,4618.0,0.0,4618.0
2026-09-25 09:05:33.113,22,96000,4618.0,0.0,4618.0,0.0,4618.0
2026-09-25 09:05:33.113,22,97000,4618.0,0.0,4618.0,0.0,4618.0
2026-09-25 09:05:33.113,22,98000,4618.0,0.0,4618.0,0.0,4618.0
2026-09-25 09:05:33.113,22,99000,4618.0,0.0,4618.0,0.0,4618.0
2026-09-25 09:05:33.223,22,100000,4618.0,0.0,4618.0,0.0,4618.0
2026-09-25 09:05:43.480,23,10000,4618.0,0.0,4618.0,0.0,4618.0
2026-09-25 09:05:43.594,23,11000,4618.0,0.0,4618.0,0.0,4618.0
2026-09-25 09:05:43.594,23,12000,4618.0,0.0,4618.0,0.0,4618.0
2026-09-25 09:05:43.595,23,13000,4618.0,0.0,4618.0,0.0,4618.0
2026-09-25 09:05:43.595,23,14000,4618.0,0.0,4618.0,0.0,4618.0
2026-09-25 09:05:43.595,23,15000,4618.0,0.0,4618.0,0.0,4618.0
2026-09-25 09:05:43.710,23,16000,4618.0,0.0,4618.0,0.0,4618.0
2026-09-25 09:05:43.711,23,17000,4618.0,0.0,4618.0,0.0,4618.0
2026-09-25 09:05:43.711,23,18000,4618.0,0.0,4618.0,0.0,4618.0
2026-09-25 09:05:43.711,23,19000,4618.0,0.0,4618.0,0.0,4618.0
2026-09-25 09:05:43.711,23,20000,4618.0,0.0,4618.0,0.0,4618.0
2026-09-25 09:05:43.809,23,21000,4618.0,0.0,4618.0,0.0,4618.0
2026-09-25 09:05:43.809,23,22000,4618.0,0.0,4618.0,0.0,4618.0
2026-09-25 09:05:43.809,23,23000,4618.0,0.0,4618.0,0.0,4618.0
2026-09-25 09:05:43.809,23,24000,4618.0,0.0,4618.0,0.0,4618.0
2026-09-25 09:05:43.921,23,25000,4618.0,0.0,4618.0,0.0,4618.0
2026-09-25 09:05:43.921,23,26000,4618.0,0.0,4618.0,0.0,4618.0
2026-09-25 09:05:43.922,23,27000,4618.0,0.0,4618.0,0.0,4618.0
2026-09-25 09:05:43.922,23,28000,4618.0,0.0,4618.0,0.0,4618.0
2026-09-25 09:05:43.922,23,29000,4618.0,0.0,4618.0,0.0,4618.0
2026-09-25 09:05:43.922,23,30000,4618.0,0.0,4618.0,0.0,4618.0
2026-09-25 09:05:44.038,23,31000,4618.0,0.0,4618.0,0.0,4618.0
2026-09-25 09:05:44.039,23,32000,4618.0,0.0,4618.0,0.0,4618.0
2026-09-25 09:05:44.039,23,33000,4618.0,0.0,4618.0,0.0,4618.0
2026-09-25 09:05:44.039,23,34000,4618.0,0.0,4618.0,0.0,4618.0
2026-09-25 09:05:44.040,23,35000,4618.0,0.0,4618.0,0.0,4618.0
2026-09-25 09:05:44.162,23,36000,4618.0,0.0,4618.0,0.0,4618.0
2026-09-25 09:05:44.162,23,37000,4618.0,0.0,4618.0,0.0,4618.0
2026-09-25 09:05:44.163,23,38000,4618.0,0.0,4618.0,0.0,4618.0
2026-09-25 09:05:44.163,23,39000,4618.0,0.0,4618.0,0.0,4618.0
2026-09-25 09:05:44.163,23,40000,4618.0,0.0,4618.0,0.0,4618.0
2026-09-25 09:05:44.163,23,41000,4618.0,0.0,4618.0,0.0,4618.0
2026-09-25 09:05:44.163,23,42000,4618.0,0.0,4618.0,0.0,4618.0
2026-09-25 09:05:44.262,23,43000,4618.0,0.0,4618.0,0.0,4618.0
2026-09-25 09:05:44.263,23,44000,4618.0,0.0,4618.0,0.0,4618.0
2026-09-25 09:05:44.263,23,45000,4618.0,0.0,4618.0,0.0,4618.0
2026-09-25 09:05:44.263,23,46000,4618.0,0.0,4618.0,0.0,4618.0
2026-09-25 09:05:44.264,23,47000,4618.0,0.0,4618.0,0.0,4618.0
2026-09-25 09:05:44.377,23,48000,4618.0,0.0,4618.0,0.0,4618.0
2026-09-25 09:05:44.377,23,49000,4618.0,0.0,4618.0,0.0,4618.0
2026-09-25 09:05:44.377,23,50000,4618.0,0.0,4618.0,0.0,4618.0
2026-09-25 09:05:44.378,23,51000,4618.0,0.0,4618.0,0.0,4618.0
2026-09-25 09:05:44.378,23,52000,4618.0,0.0,4618.0,0.0,4618.0
2026-09-25 09:05:44.488,23,53000,4618.0,0.0,4618.0,0.0,4618.0
2026-09-25 09:05:44.488,23,54000,4618.0,0.0,4618.0,0.0,4618.0
2026-09-25 09:05:44.488,23,55000,4618.0,0.0,4618.0,0.0,4618.0
2026-09-25 09:05:44.488,23,56000,4618.0,0.0,4618.0,0.0,4618.0
2026-09-25 09:05:44.489,23,57000,4618.0,0.0,4618.0,0.0,4618.0
2026-09-25 09:05:44.489,23,58000,4618.0,0.0,4618.0,0.0,4618.0
2026-09-25 09:05:44.595,23,59000,4618.0,0.0,4618.0,0.0,4618.0
2026-09-25 09:05:44.596,23,60000,4618.0,0.0,4618.0,0.0,4618.0
2026-09-25 09:05:44.596,23,61000,4618.0,0.0,4618.0,0.0,4618.0
2026-09-25 09:05:44.597,23,62000,4618.0,0.0,4618.0,0.0,4618.0
2026-09-25 09:05:44.597,23,63000,4618.0,0.0,4618.0,0.0,4618.0
2026-09-25 09:05:44.597,23,64000,4618.0,0.0,4618.0,0.0,4618.0
2026-09-25 09:05:44.708,23,65000,4618.0,0.0,4618.0,0.0,4618.0
2026-09-25 09:05:44.709,23,66000,4618.0,0.0,4618.0,0.0,4618.0
2026-09-25 09:05:44.709,23,67000,4618.0,0.0,4618.0,0.0,4618.0
2026-09-25 09:05:44.709,23,68000,4618.0,0.0,4618.0,0.0,4618.0
2026-09-25 09:05:44.710,23,69000,4618.0,0.0,4618.0,0.0,4618.0
2026-09-25 09:05:44.710,23,70000,4618.0,0.0,4618.0,0.0,4618.0
2026-09-25 09:05:44.810,23,71000,4618.0,0.0,4618.0,0.0,4618.0
2026-09-25 09:05:44.811,23,72000,4618.0,0.0,4618.0,0.0,4618.0
2026-09-25 09:05:44.811,23,73000,4618.0,0.0,4618.0,0.0,4618.0
2026-09-25 09:05:44.811,23,74000,4618.0,0.0,4618.0,0.0,4618.0
2026-09-25 09:05:44.812,23,75000,4618.0,0.0,4618.0,0.0,4618.0
2026-09-25 09:05:44.917,23,76000,4618.0,0.0,4618.0,0.0,4618.0
2026-09-25 09:05:44.918,23,77000,4618.0,0.0,4618.0,0.0,4618.0
2026-09-25 09:05:44.918,23,78000,4618.0,0.0,4618.0,0.0,4618.0
2026-09-25 09:05:44.918,23,79000,4618.0,0.0,4618.0,0.0,4618.0
2026-09-25 09:05:44.918,23,80000,4618.0,0.0,4618.0,0.0,4618.0
2026-09-25 09:05:44.919,23,81000,4618.0,0.0,4618.0,0.0,4618.0
2026-09-25 09:05:45.038,23,82000,4618.0,0.0,4618.0,0.0,4618.0
2026-09-25 09:05:45.039,23,83000,4618.0,0.0,4618.0,0.0,4618.0
2026-09-25 09:05:45.039,23,84000,4618.0,0.0,4618.0,0.0,4618.0
2026-09-25 09:05:45.039,23,85000,4618.0,0.0,4618.0,0.0,4618.0
2026-09-25 09:05:45.039,23,86000,4618.0,0.0,4618.0,0.0,4618.0
2026-09-25 09:05:45.040,23,87000,4618.0,0.0,4618.0,0.0,4618.0
2026-09-25 09:05:45.155,23,88000,4618.0,0.0,4618.0,0.0,4618.0
2026-09-25 09:05:45.155,23,89000,4618.0,0.0,4618.0,0.0,4618.0
2026-09-25 09:05:45.155,23,90000,4618.0,0.0,4618.0,0.0,4618.0
2026-09-25 09:05:45.156,23,91000,4618.0,0.0,4618.0,0.0,4618.0
2026-09-25 09:05:45.156,23,92000,4618.0,0.0,4618.0,0.0,4618.0
2026-09-25 09:05:45.156,23,93000,4618.0,0.0,4618.0,0.0,4618.0
2026-09-25 09:05:45.261,23,94000,4618.0,0.0,4618.0,0.0,4618.0
2026-09-25 09:05:45.261,23,95000,4618.0,0.0,4618.0,0.0,4618.0
2026-09-25 09:05:45.262,23,96000,4618.0,0.0,4618.0,0.0,4618.0
2026-09-25 09:05:45.262,23,97000,4618.0,0.0,4618.0,0.0,4618.0
2026-09-25 09:05:45.262,23,98000,4618.0,0.0,4618.0,0.0,4618.0
2026-09-25 09:05:45.262,23,99000,4618.0,0.0,4618.0,0.0,4618.0
2026-09-25 09:05:45.371,23,100000,4618.0,0.0,4618.0,0.0,4618.0
2026-09-25 09:05:55.641,24,10000,4618.0,0.0,4618.0,0.0,4618.0
2026-09-25 09:05:55.745,24,11000,4618.0,0.0,4618.0,0.0,4618.0
2026-09-25 09:05:55.746,24,12000,4618.0,0.0,4618.0,0.0,4618.0
2026-09-25 09:05:55.746,24,13000,4618.0,0.0,4618.0,0.0,4618.0
2026-09-25 09:05:55.746,24,14000,4618.0,0.0,4618.0,0.0,4618.0
2026-09-25 09:05:55.747,24,15000,4618.0,0.0,4618.0,0.0,4618.0
2026-09-25 09:05:55.856,24,16000,4618.0,0.0,4618.0,0.0,4618.0
2026-09-25 09:05:55.856,24,17000,4618.0,0.0,4618.0,0.0,4618.0
2026-09-25 09:05:55.856,24,18000,4618.0,0.0,4618.0,0.0,4618.0
2026-09-25 09:05:55.856,24,19000,4618.0,0.0,4618.0,0.0,4618.0
2026-09-25 09:05:55.972,24,20000,4618.0,0.0,4618.0,0.0,4618.0
2026-09-25 09:05:55.972,24,21000,4618.0,0.0,4618.0,0.0,4618.0
2026-09-25 09:05:55.973,24,22000,4618.0,0.0,4618.0,0.0,4618.0
2026-09-25 09:05:55.973,24,23000,4618.0,0.0,4618.0,0.0,4618.0
2026-09-25 09:05:55.973,24,24000,4618.0,0.0,4618.0,0.0,4618.0
2026-09-25 09:05:55.973,24,25000,4618.0,0.0,4618.0,0.0,4618.0
2026-09-25 09:05:56.079,24,26000,4618.0,0.0,4618.0,0.0,4618.0
2026-09-25 09:05:56.081,24,27000,4618.0,0.0,4618.0,0.0,4618.0
2026-09-25 09:05:56.081,24,28000,4618.0,0.0,4618.0,0.0,4618.0
2026-09-25 09:05:56.082,24,29000,4618.0,0.0,4618.0,0.0,4618.0
2026-09-25 09:05:56.082,24,30000,4618.0,0.0,4618.0,0.0,4618.0
2026-09-25 09:05:56.186,24,31000,4618.0,0.0,4618.0,0.0,4618.0
2026-09-25 09:05:56.186,24,32000,4618.0,0.0,4618.0,0.0,4618.0
2026-09-25 09:05:56.186,24,33000,4618.0,0.0,4618.0,0.0,4618.0
2026-09-25 09:05:56.187,24,34000,4618.0,0.0,4618.0,0.0,4618.0
2026-09-25 09:05:56.187,24,35000,4618.0,0.0,4618.0,0.0,4618.0
2026-09-25 09:05:56.295,24,36000,4618.0,0.0,4618.0,0.0,4618.0
2026-09-25 09:05:56.295,24,37000,4618.0,0.0,4618.0,0.0,4618.0
2026-09-25 09:05:56.296,24,38000,4618.0,0.0,4618.0,0.0,4618.0
2026-09-25 09:05:56.296,24,39000,4618.0,0.0,4618.0,0.0,4618.0
2026-09-25 09:05:56.296,24,40000,4618.0,0.0,4618.0,0.0,4618.0
2026-09-25 09:05:56.406,24,41000,4618.0,0.0,4618.0,0.0,4618.0
2026-09-25 09:05:56.406,24,42000,4618.0,0.0,4618.0,0.0,4618.0
2026-09-25 09:05:56.406,24,43000,4618.0,0.0,4618.0,0.0,4618.0
2026-09-25 09:05:56.406,24,44000,4618.0,0.0,4618.0,0.0,4618.0
2026-09-25 09:05:56.407,24,45000,4618.0,0.0,4618.0,0.0,4618.0
2026-09-25 09:05:56.407,24,46000,4618.0,0.0,4618.0,0.0,4618.0
2026-09-25 09:05:56.512,24,47000,4618.0,0.0,4618.0,0.0,4618.0
2026-09-25 09:05:56.513,24,48000,4618.0,0.0,4618.0,0.0,4618.0
2026-09-25 09:05:56.513,24,49000,4618.0,0.0,4618.0,0.0,4618.0
2026-09-25 09:05:56.513,24,50000,4618.0,0.0,4618.0,0.0,4618.0
2026-09-25 09:05:56.513,24,51000,4618.0,0.0,4618.0,0.0,4618.0
2026-09-25 09:05:56.629,24,52000,4618.0,0.0,4618.0,0.0,4618.0
2026-09-25 09:05:56.630,24,53000,4618.0,0.0,4618.0,0.0,4618.0
2026-09-25 09:05:56.630,24,54000,4618.0,0.0,4618.0,0.0,4618.0
2026-09-25 09:05:56.630,24,55000,4618.0,0.0,4618.0,0.0,4618.0
2026-09-25 09:05:56.631,24,56000,4618.0,0.0,4618.0,0.0,4618.0
2026-09-25 09:05:56.631,24,57000,4618.0,0.0,4618.0,0.0,4618.0
2026-09-25 09:05:56.736,24,58000,4618.0,0.0,4618.0,0.0,4618.0
2026-09-25 09:05:56.736,24,59000,4618.0,0.0,4618.0,0.0,4618.0
2026-09-25 09:05:56.736,24,60000,4618.0,0.0,4618.0,0.0,4618.0
2026-09-25 09:05:56.737,24,61000,4618.0,0.0,4618.0,0.0,4618.0
2026-09-25 09:05:56.737,24,62000,4618.0,0.0,4618.0,0.0,4618.0
2026-09-25 09:05:56.737,24,63000,4618.0,0.0,4618.0,0.0,4618.0
2026-09-25 09:05:56.856,24,64000,4618.0,0.0,4618.0,0.0,4618.0
2026-09-25 09:05:56.857,24,65000,4618.0,0.0,4618.0,0.0,4618.0
2026-09-25 09:05:56.857,24,66000,4618.0,0.0,4618.0,0.0,4618.0
2026-09-25 09:05:56.857,24,67000,4618.0,0.0,4618.0,0.0,4618.0
2026-09-25 09:05:56.857,24,68000,4618.0,0.0,4618.0,0.0,4618.0
2026-09-25 09:05:56.857,24,69000,4618.0,0.0,4618.0,0.0,4618.0
2026-09-25 09:05:56.973,24,70000,4618.0,0.0,4618.0,0.0,4618.0
2026-09-25 09:05:56.973,24,71000,4618.0,0.0,4618.0,0.0,4618.0
2026-09-25 09:05:56.974,24,72000,4618.0,0.0,4618.0,0.0,4618.0
2026-09-25 09:05:56.974,24,73000,4618.0,0.0,4618.0,0.0,4618.0
2026-09-25 09:05:56.974,24,74000,4618.0,0.0,4618.0,0.0,4618.0
2026-09-25 09:05:56.974,24,75000,4618.0,0.0,4618.0,0.0,4618.0
2026-09-25 09:05:56.975,24,76000,4618.0,0.0,4618.0,0.0,4618.0
2026-09-25 09:05:57.072,24,77000,4618.0,0.0,4618.0,0.0,4618.0
2026-09-25 09:05:57.073,24,78000,4618.0,0.0,4618.0,0.0,4618.0
2026-09-25 09:05:57.073,24,79000,4618.0,0.0,4618.0,0.0,4618.0
2026-09-25 09:05:57.073,24,80000,4618.0,0.0,4618.0,0.0,4618.0
2026-09-25 09:05:57.074,24,81000,4618.0,0.0,4618.0,0.0,4618.0
2026-09-25 09:05:57.186,24,82000,4618.0,0.0,4618.0,0.0,4618.0
2026-09-25 09:05:57.186,24,83000,4618.0,0.0,4618.0,0.0,4618.0
2026-09-25 09:05:57.186,24,84000,4618.0,0.0,4618.0,0.0,4618.0
2026-09-25 09:05:57.187,24,85000,4618.0,0.0,4618.0,0.0,4618.0
2026-09-25 09:05:57.187,24,86000,4618.0,0.0,4618.0,0.0,4618.0
2026-09-25 09:05:57.187,24,87000,4618.0,0.0,4618.0,0.0,4618.0
2026-09-25 09:05:57.306,24,88000,4618.0,0.0,4618.0,0.0,4618.0
2026-09-25 09:05:57.306,24,89000,4618.0,0.0,4618.0,0.0,4618.0
2026-09-25 09:05:57.307,24,90000,4618.0,0.0,4618.0,0.0,4618.0
2026-09-25 09:05:57.307,24,91000,4618.0,0.0,4618.0,0.0,4618.0
2026-09-25 09:05:57.307,24,92000,4618.0,0.0,4618.0,0.0,4618.0
2026-09-25 09:05:57.307,24,93000,4618.0,0.0,4618.0,0.0,4618.0
2026-09-25 09:05:57.422,24,94000,4618.0,0.0,4618.0,0.0,4618.0
2026-09-25 09:05:57.422,24,95000,4618.0,0.0,4618.0,0.0,4618.0
2026-09-25 09:05:57.423,24,96000,4618.0,0.0,4618.0,0.0,4618.0
2026-09-25 09:05:57.423,24,97000,4618.0,0.0,4618.0,0.0,4618.0
2026-09-25 09:05:57.423,24,98000,4618.0,0.0,4618.0,0.0,4618.0
2026-09-25 09:05:57.423,24,99000,4618.0,0.0,4618.0,0.0,4618.0
2026-09-25 09:05:57.526,24,100000,4618.0,0.0,4618.0,0.0,4618.0
2026-09-25 09:06:07.795,25,10000,4618.0,0.0,4618.0,0.0,4618.0
2026-09-25 09:06:07.905,25,11000,4618.0,0.0,4618.0,0.0,4618.0
2026-09-25 09:06:07.905,25,12000,4618.0,0.0,4618.0,0.0,4618.0
2026-09-25 09:06:07.905,25,13000,4618.0,0.0,4618.0,0.0,4618.0
2026-09-25 09:06:07.905,25,14000,4618.0,0.0,4618.0,0.0,4618.0
2026-09-25 09:06:07.906,25,15000,4618.0,0.0,4618.0,0.0,4618.0
2026-09-25 09:06:08.011,25,16000,4618.0,0.0,4618.0,0.0,4618.0
2026-09-25 09:06:08.012,25,17000,4618.0,0.0,4618.0,0.0,4618.0
2026-09-25 09:06:08.012,25,18000,4618.0,0.0,4618.0,0.0,4618.0
2026-09-25 09:06:08.012,25,19000,4618.0,0.0,4618.0,0.0,4618.0
2026-09-25 09:06:08.121,25,20000,4618.0,0.0,4618.0,0.0,4618.0
2026-09-25 09:06:08.122,25,21000,4618.0,0.0,4618.0,0.0,4618.0
2026-09-25 09:06:08.122,25,22000,4618.0,0.0,4618.0,0.0,4618.0
2026-09-25 09:06:08.122,25,23000,4618.0,0.0,4618.0,0.0,4618.0
2026-09-25 09:06:08.122,25,24000,4618.0,0.0,4618.0,0.0,4618.0
2026-09-25 09:06:08.238,25,25000,4618.0,0.0,4618.0,0.0,4618.0
2026-09-25 09:06:08.239,25,26000,4618.0,0.0,4618.0,0.0,4618.0
2026-09-25 09:06:08.239,25,27000,4618.0,0.0,4618.0,0.0,4618.0
2026-09-25 09:06:08.239,25,28000,4618.0,0.0,4618.0,0.0,4618.0
2026-09-25 09:06:08.239,25,29000,4618.0,0.0,4618.0,0.0,4618.0
2026-09-25 09:06:08.239,25,30000,4618.0,0.0,4618.0,0.0,4618.0
2026-09-25 09:06:08.345,25,31000,4618.0,0.0,4618.0,0.0,4618.0
2026-09-25 09:06:08.345,25,32000,4618.0,0.0,4618.0,0.0,4618.0
2026-09-25 09:06:08.346,25,33000,4618.0,0.0,4618.0,0.0,4618.0
2026-09-25 09:06:08.346,25,34000,4618.0,0.0,4618.0,0.0,4618.0
2026-09-25 09:06:08.346,25,35000,4618.0,0.0,4618.0,0.0,4618.0
2026-09-25 09:06:08.454,25,36000,4618.0,0.0,4618.0,0.0,4618.0
2026-09-25 09:06:08.455,25,37000,4618.0,0.0,4618.0,0.0,4618.0
2026-09-25 09:06:08.455,25,38000,4618.0,0.0,4618.0,0.0,4618.0
2026-09-25 09:06:08.455,25,39000,4618.0,0.0,4618.0,0.0,4618.0
2026-09-25 09:06:08.455,25,40000,4618.0,0.0,4618.0,0.0,4618.0
2026-09-25 09:06:08.456,25,41000,4618.0,0.0,4618.0,0.0,4618.0
2026-09-25 09:06:08.562,25,42000,4618.0,0.0,4618.0,0.0,4618.0
2026-09-25 09:06:08.562,25,43000,4618.0,0.0,4618.0,0.0,4618.0
2026-09-25 09:06:08.562,25,44000,4618.0,0.0,4618.0,0.0,4618.0
2026-09-25 09:06:08.562,25,45000,4618.0,0.0,4618.0,0.0,4618.0
2026-09-25 09:06:08.563,25,46000,4618.0,0.0,4618.0,0.0,4618.0
2026-09-25 09:06:08.672,25,47000,4618.0,0.0,4618.0,0.0,4618.0
2026-09-25 09:06:08.672,25,48000,4618.0,0.0,4618.0,0.0,4618.0
2026-09-25 09:06:08.672,25,49000,4618.0,0.0,4618.0,0.0,4618.0
2026-09-25 09:06:08.673,25,50000,4618.0,0.0,4618.0,0.0,4618.0
2026-09-25 09:06:08.673,25,51000,4618.0,0.0,4618.0,0.0,4618.0
2026-09-25 09:06:08.778,25,52000,4618.0,0.0,4618.0,0.0,4618.0
2026-09-25 09:06:08.778,25,53000,4618.0,0.0,4618.0,0.0,4618.0
2026-09-25 09:06:08.778,25,54000,4618.0,0.0,4618.0,0.0,4618.0
2026-09-25 09:06:08.779,25,55000,4618.0,0.0,4618.0,0.0,4618.0
2026-09-25 09:06:08.779,25,56000,4618.0,0.0,4618.0,0.0,4618.0
2026-09-25 09:06:08.779,25,57000,4618.0,0.0,4618.0,0.0,4618.0
2026-09-25 09:06:08.888,25,58000,4618.0,0.0,4618.0,0.0,4618.0
2026-09-25 09:06:08.888,25,59000,4618.0,0.0,4618.0,0.0,4618.0
2026-09-25 09:06:08.889,25,60000,4618.0,0.0,4618.0,0.0,4618.0
2026-09-25 09:06:08.889,25,61000,4618.0,0.0,4618.0,0.0,4618.0
2026-09-25 09:06:08.889,25,62000,4618.0,0.0,4618.0,0.0,4618.0
2026-09-25 09:06:08.889,25,63000,4618.0,0.0,4618.0,0.0,4618.0
2026-09-25 09:06:08.995,25,64000,4618.0,0.0,4618.0,0.0,4618.0
2026-09-25 09:06:08.995,25,65000,4618.0,0.0,4618.0,0.0,4618.0
2026-09-25 09:06:08.995,25,66000,4618.0,0.0,4618.0,0.0,4618.0
2026-09-25 09:06:08.996,25,67000,4618.0,0.0,4618.0,0.0,4618.0
2026-09-25 09:06:08.996,25,68000,4618.0,0.0,4618.0,0.0,4618.0
2026-09-25 09:06:09.105,25,69000,4618.0,0.0,4618.0,0.0,4618.0
2026-09-25 09:06:09.106,25,70000,4618.0,0.0,4618.0,0.0,4618.0
2026-09-25 09:06:09.106,25,71000,4618.0,0.0,4618.0,0.0,4618.0
2026-09-25 09:06:09.106,25,72000,4618.0,0.0,4618.0,0.0,4618.0
2026-09-25 09:06:09.106,25,73000,4618.0,0.0,4618.0,0.0,4618.0
2026-09-25 09:06:09.106,25,74000,4618.0,0.0,4618.0,0.0,4618.0
2026-09-25 09:06:09.232,25,75000,4618.0,0.0,4618.0,0.0,4618.0
2026-09-25 09:06:09.232,25,76000,4618.0,0.0,4618.0,0.0,4618.0
2026-09-25 09:06:09.232,25,77000,4618.0,0.0,4618.0,0.0,4618.0
2026-09-25 09:06:09.233,25,78000,4618.0,0.0,4618.0,0.0,4618.0
2026-09-25 09:06:09.233,25,79000,4618.0,0.0,4618.0,0.0,4618.0
2026-09-25 09:06:09.233,25,80000,4618.0,0.0,4618.0,0.0,4618.0
2026-09-25 09:06:09.233,25,81000,4618.0,0.0,4618.0,0.0,4618.0
2026-09-25 09:06:09.348,25,82000,4618.0,0.0,4618.0,0.0,4618.0
2026-09-25 09:06:09.349,25,83000,4618.0,0.0,4618.0,0.0,4618.0
2026-09-25 09:06:09.349,25,84000,4618.0,0.0,4618.0,0.0,4618.0
2026-09-25 09:06:09.349,25,85000,4618.0,0.0,4618.0,0.0,4618.0
2026-09-25 09:06:09.349,25,86000,4618.0,0.0,4618.0,0.0,4618.0
2026-09-25 09:06:09.349,25,87000,4618.0,0.0,4618.0,0.0,4618.0
2026-09-25 09:06:09.452,25,88000,4618.0,0.0,4618.0,0.0,4618.0
2026-09-25 09:06:09.452,25,89000,4618.0,0.0,4618.0,0.0,4618.0
2026-09-25 09:06:09.452,25,90000,4618.0,0.0,4618.0,0.0,4618.0
2026-09-25 09:06:09.452,25,91000,4618.0,0.0,4618.0,0.0,4618.0
2026-09-25 09:06:09.453,25,92000,4618.0,0.0,4618.0,0.0,4618.0
2026-09-25 09:06:09.568,25,93000,4618.0,0.0,4618.0,0.0,4618.0
2026-09-25 09:06:09.569,25,94000,4618.0,0.0,4618.0,0.0,4618.0
2026-09-25 09:06:09.569,25,95000,4618.0,0.0,4618.0,0.0,4618.0
2026-09-25 09:06:09.569,25,96000,4618.0,0.0,4618.0,0.0,4618.0
2026-09-25 09:06:09.569,25,97000,4618.0,0.0,4618.0,0.0,4618.0
2026-09-25 09:06:09.569,25,98000,4618.0,0.0,4618.0,0.0,4618.0
2026-09-25 09:06:09.570,25,99000,4618.0,0.0,4618.0,0.0,4618.0
2026-09-25 09:06:09.668,25,100000,4618.0,0.0,4618.0,0.0,4618.0
2026-09-25 09:06:19.967,26,10000,4618.0,0.0,4618.0,0.0,4618.0
2026-09-25 09:06:19.967,26,11000,4618.0,0.0,4618.0,0.0,4618.0
2026-09-25 09:06:20.073,26,12000,4618.0,0.0,4618.0,0.0,4618.0
2026-09-25 09:06:20.073,26,13000,4618.0,0.0,4618.0,0.0,4618.0
2026-09-25 09:06:20.073,26,14000,4618.0,0.0,4618.0,0.0,4618.0
2026-09-25 09:06:20.074,26,15000,4618.0,0.0,4618.0,0.0,4618.0
2026-09-25 09:06:20.186,26,16000,4618.0,0.0,4618.0,0.0,4618.0
2026-09-25 09:06:20.186,26,17000,4618.0,0.0,4618.0,0.0,4618.0
2026-09-25 09:06:20.186,26,18000,4618.0,0.0,4618.0,0.0,4618.0
2026-09-25 09:06:20.186,26,19000,4618.0,0.0,4618.0,0.0,4618.0
2026-09-25 09:06:20.187,26,20000,4618.0,0.0,4618.0,0.0,4618.0
2026-09-25 09:06:20.295,26,21000,4618.0,0.0,4618.0,0.0,4618.0
2026-09-25 09:06:20.296,26,22000,4618.0,0.0,4618.0,0.0,4618.0
2026-09-25 09:06:20.296,26,23000,4618.0,0.0,4618.0,0.0,4618.0
2026-09-25 09:06:20.296,26,24000,4618.0,0.0,4618.0,0.0,4618.0
2026-09-25 09:06:20.297,26,25000,4618.0,0.0,4618.0,0.0,4618.0
2026-09-25 09:06:20.406,26,26000,4618.0,0.0,4618.0,0.0,4618.0
2026-09-25 09:06:20.406,26,27000,4618.0,0.0,4618.0,0.0,4618.0
2026-09-25 09:06:20.406,26,28000,4618.0,0.0,4618.0,0.0,4618.0
2026-09-25 09:06:20.407,26,29000,4618.0,0.0,4618.0,0.0,4618.0
2026-09-25 09:06:20.407,26,30000,4618.0,0.0,4618.0,0.0,4618.0
2026-09-25 09:06:20.513,26,31000,4618.0,0.0,4618.0,0.0,4618.0
2026-09-25 09:06:20.514,26,32000,4618.0,0.0,4618.0,0.0,4618.0
2026-09-25 09:06:20.514,26,33000,4618.0,0.0,4618.0,0.0,4618.0
2026-09-25 09:06:20.514,26,34000,4618.0,0.0,4618.0,0.0,4618.0
2026-09-25 09:06:20.514,26,35000,4618.0,0.0,4618.0,0.0,4618.0
2026-09-25 09:06:20.515,26,36000,4618.0,0.0,4618.0,0.0,4618.0
2026-09-25 09:06:20.624,26,37000,4618.0,0.0,4618.0,0.0,4618.0
2026-09-25 09:06:20.624,26,38000,4618.0,0.0,4618.0,0.0,4618.0
2026-09-25 09:06:20.625,26,39000,4618.0,0.0,4618.0,0.0,4618.0
2026-09-25 09:06:20.625,26,40000,4618.0,0.0,4618.0,0.0,4618.0
2026-09-25 09:06:20.625,26,41000,4618.0,0.0,4618.0,0.0,4618.0
2026-09-25 09:06:20.739,26,42000,4618.0,0.0,4618.0,0.0,4618.0
2026-09-25 09:06:20.739,26,43000,4618.0,0.0,4618.0,0.0,4618.0
2026-09-25 09:06:20.740,26,44000,4618.0,0.0,4618.0,0.0,4618.0
2026-09-25 09:06:20.740,26,45000,4618.0,0.0,4618.0,0.0,4618.0
2026-09-25 09:06:20.740,26,46000,4618.0,0.0,4618.0,0.0,4618.0
2026-09-25 09:06:20.740,26,47000,4618.0,0.0,4618.0,0.0,4618.0
2026-09-25 09:06:20.846,26,48000,4618.0,0.0,4618.0,0.0,4618.0
2026-09-25 09:06:20.846,26,49000,4618.0,0.0,4618.0,0.0,4618.0
2026-09-25 09:06:20.847,26,50000,4618.0,0.0,4618.0,0.0,4618.0
2026-09-25 09:06:20.847,26,51000,4618.0,0.0,4618.0,0.0,4618.0
2026-09-25 09:06:20.847,26,52000,4618.0,0.0,4618.0,0.0,4618.0
2026-09-25 09:06:20.952,26,53000,4618.0,0.0,4618.0,0.0,4618.0
2026-09-25 09:06:20.952,26,54000,4618.0,0.0,4618.0,0.0,4618.0
2026-09-25 09:06:20.952,26,55000,4618.0,0.0,4618.0,0.0,4618.0
2026-09-25 09:06:20.953,26,56000,4618.0,0.0,4618.0,0.0,4618.0
2026-09-25 09:06:20.953,26,57000,4618.0,0.0,4618.0,0.0,4618.0
2026-09-25 09:06:20.953,26,58000,4618.0,0.0,4618.0,0.0,4618.0
2026-09-25 09:06:21.062,26,59000,4618.0,0.0,4618.0,0.0,4618.0
2026-09-25 09:06:21.062,26,60000,4618.0,0.0,4618.0,0.0,4618.0
2026-09-25 09:06:21.062,26,61000,4618.0,0.0,4618.0,0.0,4618.0
2026-09-25 09:06:21.063,26,62000,4618.0,0.0,4618.0,0.0,4618.0
2026-09-25 09:06:21.063,26,63000,4618.0,0.0,4618.0,0.0,4618.0
2026-09-25 09:06:21.063,26,64000,4618.0,0.0,4618.0,0.0,4618.0
2026-09-25 09:06:21.173,26,65000,4618.0,0.0,4618.0,0.0,4618.0
2026-09-25 09:06:21.173,26,66000,4618.0,0.0,4618.0,0.0,4618.0
2026-09-25 09:06:21.174,26,67000,4618.0,0.0,4618.0,0.0,4618.0
2026-09-25 09:06:21.174,26,68000,4618.0,0.0,4618.0,0.0,4618.0
2026-09-25 09:06:21.174,26,69000,4618.0,0.0,4618.0,0.0,4618.0
2026-09-25 09:06:21.284,26,70000,4618.0,0.0,4618.0,0.0,4618.0
2026-09-25 09:06:21.285,26,71000,4618.0,0.0,4618.0,0.0,4618.0
2026-09-25 09:06:21.285,26,72000,4618.0,0.0,4618.0,0.0,4618.0
2026-09-25 09:06:21.285,26,73000,4618.0,0.0,4618.0,0.0,4618.0
2026-09-25 09:06:21.285,26,74000,4618.0,0.0,4618.0,0.0,4618.0
2026-09-25 09:06:21.286,26,75000,4618.0,0.0,4618.0,0.0,4618.0
2026-09-25 09:06:21.385,26,76000,4618.0,0.0,4618.0,0.0,4618.0
2026-09-25 09:06:21.385,26,77000,4618.0,0.0,4618.0,0.0,4618.0
2026-09-25 09:06:21.386,26,78000,4618.0,0.0,4618.0,0.0,4618.0
2026-09-25 09:06:21.386,26,79000,4618.0,0.0,4618.0,0.0,4618.0
2026-09-25 09:06:21.386,26,80000,4618.0,0.0,4618.0,0.0,4618.0
2026-09-25 09:06:21.386,26,81000,4618.0,0.0,4618.0,0.0,4618.0
2026-09-25 09:06:21.505,26,82000,4618.0,0.0,4618.0,0.0,4618.0
2026-09-25 09:06:21.506,26,83000,4618.0,0.0,4618.0,0.0,4618.0
2026-09-25 09:06:21.506,26,84000,4618.0,0.0,4618.0,0.0,4618.0
2026-09-25 09:06:21.506,26,85000,4618.0,0.0,4618.0,0.0,4618.0
2026-09-25 09:06:21.506,26,86000,4618.0,0.0,4618.0,0.0,4618.0
2026-09-25 09:06:21.507,26,87000,4618.0,0.0,4618.0,0.0,4618.0
2026-09-25 09:06:21.611,26,88000,4618.0,0.0,4618.0,0.0,4618.0
2026-09-25 09:06:21.612,26,89000,4618.0,0.0,4618.0,0.0,4618.0
2026-09-25 09:06:21.612,26,90000,4618.0,0.0,4618.0,0.0,4618.0
2026-09-25 09:06:21.612,26,91000,4618.0,0.0,4618.0,0.0,4618.0
2026-09-25 09:06:21.612,26,92000,4618.0,0.0,4618.0,0.0,4618.0
2026-09-25 09:06:21.723,26,93000,4618.0,0.0,4618.0,0.0,4618.0
2026-09-25 09:06:21.724,26,94000,4618.0,0.0,4618.0,0.0,4618.0
2026-09-25 09:06:21.724,26,95000,4618.0,0.0,4618.0,0.0,4618.0
2026-09-25 09:06:21.724,26,96000,4618.0,0.0,4618.0,0.0,4618.0
2026-09-25 09:06:21.724,26,97000,4618.0,0.0,4618.0,0.0,4618.0
2026-09-25 09:06:21.725,26,98000,4618.0,0.0,4618.0,0.0,4618.0
2026-09-25 09:06:21.839,26,99000,4618.0,0.0,4618.0,0.0,4618.0
2026-09-25 09:06:21.839,26,100000,4618.0,0.0,4618.0,0.0,4618.0
2026-09-25 09:06:32.189,27,10000,4618.0,0.0,4618.0,0.0,4618.0
2026-09-25 09:06:32.189,27,11000,4618.0,0.0,4618.0,0.0,4618.0
2026-09-25 09:06:32.190,27,12000,4618.0,0.0,4618.0,0.0,4618.0
2026-09-25 09:06:32.190,27,13000,4618.0,0.0,4618.0,0.0,4618.0
2026-09-25 09:06:32.296,27,14000,4618.0,0.0,4618.0,0.0,4618.0
2026-09-25 09:06:32.296,27,15000,4618.0,0.0,4618.0,0.0,4618.0
2026-09-25 09:06:32.296,27,16000,4618.0,0.0,4618.0,0.0,4618.0
2026-09-25 09:06:32.297,27,17000,4618.0,0.0,4618.0,0.0,4618.0
2026-09-25 09:06:32.297,27,18000,4618.0,0.0,4618.0,0.0,4618.0
2026-09-25 09:06:32.405,27,19000,4618.0,0.0,4618.0,0.0,4618.0
2026-09-25 09:06:32.406,27,20000,4618.0,0.0,4618.0,0.0,4618.0
2026-09-25 09:06:32.406,27,21000,4618.0,0.0,4618.0,0.0,4618.0
2026-09-25 09:06:32.406,27,22000,4618.0,0.0,4618.0,0.0,4618.0
2026-09-25 09:06:32.406,27,23000,4618.0,0.0,4618.0,0.0,4618.0
2026-09-25 09:06:32.512,27,24000,4618.0,0.0,4618.0,0.0,4618.0
2026-09-25 09:06:32.512,27,25000,4618.0,0.0,4618.0,0.0,4618.0
2026-09-25 09:06:32.513,27,26000,4618.0,0.0,4618.0,0.0,4618.0
2026-09-25 09:06:32.513,27,27000,4618.0,0.0,4618.0,0.0,4618.0
2026-09-25 09:06:32.513,27,28000,4618.0,0.0,4618.0,0.0,4618.0
2026-09-25 09:06:32.623,27,29000,4618.0,0.0,4618.0,0.0,4618.0
2026-09-25 09:06:32.623,27,30000,4618.0,0.0,4618.0,0.0,4618.0
2026-09-25 09:06:32.623,27,31000,4618.0,0.0,4618.0,0.0,4618.0
2026-09-25 09:06:32.624,27,32000,4618.0,0.0,4618.0,0.0,4618.0
2026-09-25 09:06:32.624,27,33000,4618.0,0.0,4618.0,0.0,4618.0
2026-09-25 09:06:32.729,27,34000,4618.0,0.0,4618.0,0.0,4618.0
2026-09-25 09:06:32.729,27,35000,4618.0,0.0,4618.0,0.0,4618.0
2026-09-25 09:06:32.729,27,36000,4618.0,0.0,4618.0,0.0,4618.0
2026-09-25 09:06:32.729,27,37000,4618.0,0.0,4618.0,0.0,4618.0
2026-09-25 09:06:32.730,27,38000,4618.0,0.0,4618.0,0.0,4618.0
2026-09-25 09:06:32.845,27,39000,4618.0,0.0,4618.0,0.0,4618.0
2026-09-25 09:06:32.845,27,40000,4618.0,0.0,4618.0,0.0,4618.0
2026-09-25 09:06:32.845,27,41000,4618.0,0.0,4618.0,0.0,4618.0
2026-09-25 09:06:32.845,27,42000,4618.0,0.0,4618.0,0.0,4618.0
2026-09-25 09:06:32.846,27,43000,4618.0,0.0,4618.0,0.0,4618.0
2026-09-25 09:06:32.846,27,44000,4618.0,0.0,4618.0,0.0,4618.0
2026-09-25 09:06:32.955,27,45000,4618.0,0.0,4618.0,0.0,4618.0
2026-09-25 09:06:32.956,27,46000,4618.0,0.0,4618.0,0.0,4618.0
2026-09-25 09:06:32.956,27,47000,4618.0,0.0,4618.0,0.0,4618.0
2026-09-25 09:06:32.956,27,48000,4618.0,0.0,4618.0,0.0,4618.0
2026-09-25 09:06:32.956,27,49000,4618.0,0.0,4618.0,0.0,4618.0
2026-09-25 09:06:32.957,27,50000,4618.0,0.0,4618.0,0.0,4618.0
2026-09-25 09:06:33.062,27,51000,4618.0,0.0,4618.0,0.0,4618.0
2026-09-25 09:06:33.063,27,52000,4618.0,0.0,4618.0,0.0,4618.0
2026-09-25 09:06:33.063,27,53000,4618.0,0.0,4618.0,0.0,4618.0
2026-09-25 09:06:33.063,27,54000,4618.0,0.0,4618.0,0.0,4618.0
2026-09-25 09:06:33.064,27,55000,4618.0,0.0,4618.0,0.0,4618.0
2026-09-25 09:06:33.182,27,56000,4618.0,0.0,4618.0,0.0,4618.0
2026-09-25 09:06:33.183,27,57000,4618.0,0.0,4618.0,0.0,4618.0
2026-09-25 09:06:33.183,27,58000,4618.0,0.0,4618.0,0.0,4618.0
2026-09-25 09:06:33.183,27,59000,4618.0,0.0,4618.0,0.0,4618.0
2026-09-25 09:06:33.183,27,60000,4618.0,0.0,4618.0,0.0,4618.0
2026-09-25 09:06:33.184,27,61000,4618.0,0.0,4618.0,0.0,4618.0
2026-09-25 09:06:33.184,27,62000,4618.0,0.0,4618.0,0.0,4618.0
2026-09-25 09:06:33.294,27,63000,4618.0,0.0,4618.0,0.0,4618.0
2026-09-25 09:06:33.294,27,64000,4618.0,0.0,4618.0,0.0,4618.0
2026-09-25 09:06:33.295,27,65000,4618.0,0.0,4618.0,0.0,4618.0
2026-09-25 09:06:33.295,27,66000,4618.0,0.0,4618.0,0.0,4618.0
2026-09-25 09:06:33.295,27,67000,4618.0,0.0,4618.0,0.0,4618.0
2026-09-25 09:06:33.406,27,68000,4618.0,0.0,4618.0,0.0,4618.0
2026-09-25 09:06:33.406,27,69000,4618.0,0.0,4618.0,0.0,4618.0
2026-09-25 09:06:33.406,27,70000,4618.0,0.0,4618.0,0.0,4618.0
2026-09-25 09:06:33.407,27,71000,4618.0,0.0,4618.0,0.0,4618.0
2026-09-25 09:06:33.407,27,72000,4618.0,0.0,4618.0,0.0,4618.0
2026-09-25 09:06:33.407,27,73000,4618.0,0.0,4618.0,0.0,4618.0
2026-09-25 09:06:33.512,27,74000,4618.0,0.0,4618.0,0.0,4618.0
2026-09-25 09:06:33.512,27,75000,4618.0,0.0,4618.0,0.0,4618.0
2026-09-25 09:06:33.512,27,76000,4618.0,0.0,4618.0,0.0,4618.0
2026-09-25 09:06:33.512,27,77000,4618.0,0.0,4618.0,0.0,4618.0
2026-09-25 09:06:33.513,27,78000,4618.0,0.0,4618.0,0.0,4618.0
2026-09-25 09:06:33.513,27,79000,4618.0,0.0,4618.0,0.0,4618.0
2026-09-25 09:06:33.623,27,80000,4618.0,0.0,4618.0,0.0,4618.0
2026-09-25 09:06:33.623,27,81000,4618.0,0.0,4618.0,0.0,4618.0
2026-09-25 09:06:33.624,27,82000,4618.0,0.0,4618.0,0.0,4618.0
2026-09-25 09:06:33.624,27,83000,4618.0,0.0,4618.0,0.0,4618.0
2026-09-25 09:06:33.624,27,84000,4618.0,0.0,4618.0,0.0,4618.0
2026-09-25 09:06:33.625,27,85000,4618.0,0.0,4618.0,0.0,4618.0
2026-09-25 09:06:33.746,27,86000,4618.0,0.0,4618.0,0.0,4618.0
2026-09-25 09:06:33.746,27,87000,4618.0,0.0,4618.0,0.0,4618.0
2026-09-25 09:06:33.747,27,88000,4618.0,0.0,4618.0,0.0,4618.0
2026-09-25 09:06:33.747,27,89000,4618.0,0.0,4618.0,0.0,4618.0
2026-09-25 09:06:33.747,27,90000,4618.0,0.0,4618.0,0.0,4618.0
2026-09-25 09:06:33.747,27,91000,4618.0,0.0,4618.0,0.0,4618.0
2026-09-25 09:06:33.856,27,92000,4618.0,0.0,4618.0,0.0,4618.0
2026-09-25 09:06:33.856,27,93000,4618.0,0.0,4618.0,0.0,4618.0
2026-09-25 09:06:33.856,27,94000,4618.0,0.0,4618.0,0.0,4618.0
2026-09-25 09:06:33.856,27,95000,4618.0,0.0,4618.0,0.0,4618.0
2026-09-25 09:06:33.857,27,96000,4618.0,0.0,4618.0,0.0,4618.0
2026-09-25 09:06:33.857,27,97000,4618.0,0.0,4618.0,0.0,4618.0
2026-09-25 09:06:33.962,27,98000,4618.0,0.0,4618.0,0.0,4618.0
2026-09-25 09:06:33.963,27,99000,4618.0,0.0,4618.0,0.0,4618.0
2026-09-25 09:06:33.963,27,100000,4618.0,0.0,4618.0,0.0,4618.0
2026-09-25 09:06:44.345,28,10000,4618.0,0.0,4618.0,0.0,4618.0
2026-09-25 09:06:44.345,28,11000,4618.0,0.0,4618.0,0.0,4618.0
2026-09-25 09:06:44.345,28,12000,4618.0,0.0,4618.0,0.0,4618.0
2026-09-25 09:06:44.346,28,13000,4618.0,0.0,4618.0,0.0,4618.0
2026-09-25 09:06:44.455,28,14000,4618.0,0.0,4618.0,0.0,4618.0
2026-09-25 09:06:44.456,28,15000,4618.0,0.0,4618.0,0.0,4618.0
2026-09-25 09:06:44.456,28,16000,4618.0,0.0,4618.0,0.0,4618.0
2026-09-25 09:06:44.456,28,17000,4618.0,0.0,4618.0,0.0,4618.0
2026-09-25 09:06:44.456,28,18000,4618.0,0.0,4618.0,0.0,4618.0
2026-09-25 09:06:44.562,28,19000,4618.0,0.0,4618.0,0.0,4618.0
2026-09-25 09:06:44.562,28,20000,4618.0,0.0,4618.0,0.0,4618.0
2026-09-25 09:06:44.562,28,21000,4618.0,0.0,4618.0,0.0,4618.0
2026-09-25 09:06:44.563,28,22000,4618.0,0.0,4618.0,0.0,4618.0
2026-09-25 09:06:44.563,28,23000,4618.0,0.0,4618.0,0.0,4618.0
2026-09-25 09:06:44.676,28,24000,4618.0,0.0,4618.0,0.0,4618.0
2026-09-25 09:06:44.676,28,25000,4618.0,0.0,4618.0,0.0,4618.0
2026-09-25 09:06:44.676,28,26000,4618.0,0.0,4618.0,0.0,4618.0
2026-09-25 09:06:44.677,28,27000,4618.0,0.0,4618.0,0.0,4618.0
2026-09-25 09:06:44.677,28,28000,4618.0,0.0,4618.0,0.0,4618.0
2026-09-25 09:06:44.786,28,29000,4618.0,0.0,4618.0,0.0,4618.0
2026-09-25 09:06:44.786,28,30000,4618.0,0.0,4618.0,0.0,4618.0
2026-09-25 09:06:44.787,28,31000,4618.0,0.0,4618.0,0.0,4618.0
2026-09-25 09:06:44.787,28,32000,4618.0,0.0,4618.0,0.0,4618.0
2026-09-25 09:06:44.787,28,33000,4618.0,0.0,4618.0,0.0,4618.0
2026-09-25 09:06:44.885,28,34000,4618.0,0.0,4618.0,0.0,4618.0
2026-09-25 09:06:44.886,28,35000,4618.0,0.0,4618.0,0.0,4618.0
2026-09-25 09:06:44.886,28,36000,4618.0,0.0,4618.0,0.0,4618.0
2026-09-25 09:06:44.886,28,37000,4618.0,0.0,4618.0,0.0,4618.0
2026-09-25 09:06:44.887,28,38000,4618.0,0.0,4618.0,0.0,4618.0
2026-09-25 09:06:45.002,28,39000,4618.0,0.0,4618.0,0.0,4618.0
2026-09-25 09:06:45.003,28,40000,4618.0,0.0,4618.0,0.0,4618.0
2026-09-25 09:06:45.003,28,41000,4618.0,0.0,4618.0,0.0,4618.0
2026-09-25 09:06:45.003,28,42000,4618.0,0.0,4618.0,0.0,4618.0
2026-09-25 09:06:45.004,28,43000,4618.0,0.0,4618.0,0.0,4618.0
2026-09-25 09:06:45.004,28,44000,4618.0,0.0,4618.0,0.0,4618.0
2026-09-25 09:06:45.108,28,45000,4618.0,0.0,4618.0,0.0,4618.0
2026-09-25 09:06:45.112,28,46000,4618.0,0.0,4618.0,0.0,4618.0
2026-09-25 09:06:45.114,28,47000,4618.0,0.0,4618.0,0.0,4618.0
2026-09-25 09:06:45.114,28,48000,4618.0,0.0,4618.0,0.0,4618.0
2026-09-25 09:06:45.114,28,49000,4618.0,0.0,4618.0,0.0,4618.0
2026-09-25 09:06:45.115,28,50000,4618.0,0.0,4618.0,0.0,4618.0
2026-09-25 09:06:45.212,28,51000,4618.0,0.0,4618.0,0.0,4618.0
2026-09-25 09:06:45.213,28,52000,4618.0,0.0,4618.0,0.0,4618.0
2026-09-25 09:06:45.213,28,53000,4618.0,0.0,4618.0,0.0,4618.0
2026-09-25 09:06:45.213,28,54000,4618.0,0.0,4618.0,0.0,4618.0
2026-09-25 09:06:45.214,28,55000,4618.0,0.0,4618.0,0.0,4618.0
2026-09-25 09:06:45.322,28,56000,4618.0,0.0,4618.0,0.0,4618.0
2026-09-25 09:06:45.323,28,57000,4618.0,0.0,4618.0,0.0,4618.0
2026-09-25 09:06:45.323,28,58000,4618.0,0.0,4618.0,0.0,4618.0
2026-09-25 09:06:45.323,28,59000,4618.0,0.0,4618.0,0.0,4618.0
2026-09-25 09:06:45.323,28,60000,4618.0,0.0,4618.0,0.0,4618.0
2026-09-25 09:06:45.324,28,61000,4618.0,0.0,4618.0,0.0,4618.0
2026-09-25 09:06:45.435,28,62000,4618.0,0.0,4618.0,0.0,4618.0
2026-09-25 09:06:45.435,28,63000,4618.0,0.0,4618.0,0.0,4618.0
2026-09-25 09:06:45.436,28,64000,4618.0,0.0,4618.0,0.0,4618.0
2026-09-25 09:06:45.436,28,65000,4618.0,0.0,4618.0,0.0,4618.0
2026-09-25 09:06:45.436,28,66000,4618.0,0.0,4618.0,0.0,4618.0
2026-09-25 09:06:45.436,28,67000,4618.0,0.0,4618.0,0.0,4618.0
2026-09-25 09:06:45.545,28,68000,4618.0,0.0,4618.0,0.0,4618.0
2026-09-25 09:06:45.546,28,69000,4618.0,0.0,4618.0,0.0,4618.0
2026-09-25 09:06:45.546,28,70000,4618.0,0.0,4618.0,0.0,4618.0
2026-09-25 09:06:45.546,28,71000,4618.0,0.0,4618.0,0.0,4618.0
2026-09-25 09:06:45.546,28,72000,4618.0,0.0,4618.0,0.0,4618.0
2026-09-25 09:06:45.656,28,73000,4618.0,0.0,4618.0,0.0,4618.0
2026-09-25 09:06:45.656,28,74000,4618.0,0.0,4618.0,0.0,4618.0
2026-09-25 09:06:45.656,28,75000,4618.0,0.0,4618.0,0.0,4618.0
2026-09-25 09:06:45.657,28,76000,4618.0,0.0,4618.0,0.0,4618.0
2026-09-25 09:06:45.657,28,77000,4618.0,0.0,4618.0,0.0,4618.0
2026-09-25 09:06:45.657,28,78000,4618.0,0.0,4618.0,0.0,4618.0
2026-09-25 09:06:45.762,28,79000,4618.0,0.0,4618.0,0.0,4618.0
2026-09-25 09:06:45.763,28,80000,4618.0,0.0,4618.0,0.0,4618.0
2026-09-25 09:06:45.763,28,81000,4618.0,0.0,4618.0,0.0,4618.0
2026-09-25 09:06:45.763,28,82000,4618.0,0.0,4618.0,0.0,4618.0
2026-09-25 09:06:45.763,28,83000,4618.0,0.0,4618.0,0.0,4618.0
2026-09-25 09:06:45.764,28,84000,4618.0,0.0,4618.0,0.0,4618.0
2026-09-25 09:06:45.872,28,85000,4618.0,0.0,4618.0,0.0,4618.0
2026-09-25 09:06:45.873,28,86000,4618.0,0.0,4618.0,0.0,4618.0
2026-09-25 09:06:45.873,28,87000,4618.0,0.0,4618.0,0.0,4618.0
2026-09-25 09:06:45.873,28,88000,4618.0,0.0,4618.0,0.0,4618.0
2026-09-25 09:06:45.873,28,89000,4618.0,0.0,4618.0,0.0,4618.0
2026-09-25 09:06:45.873,28,90000,4618.0,0.0,4618.0,0.0,4618.0
2026-09-25 09:06:45.996,28,91000,4618.0,0.0,4618.0,0.0,4618.0
2026-09-25 09:06:45.997,28,92000,4618.0,0.0,4618.0,0.0,4618.0
2026-09-25 09:06:45.997,28,93000,4618.0,0.0,4618.0,0.0,4618.0
2026-09-25 09:06:45.997,28,94000,4618.0,0.0,4618.0,0.0,4618.0
2026-09-25 09:06:45.997,28,95000,4618.0,0.0,4618.0,0.0,4618.0
2026-09-25 09:06:45.997,28,96000,4618.0,0.0,4618.0,0.0,4618.0
2026-09-25 09:06:46.122,28,97000,4618.0,0.0,4618.0,0.0,4618.0
2026-09-25 09:06:46.123,28,98000,4618.0,0.0,4618.0,0.0,4618.0
2026-09-25 09:06:46.123,28,99000,4618.0,0.0,4618.0,0.0,4618.0
2026-09-25 09:06:46.123,28,100000,4618.0,0.0,4618.0,0.0,4618.0
2026-09-25 09:06:56.463,29,10000,4618.0,0.0,4618.0,0.0,4618.0
2026-09-25 09:06:56.464,29,11000,4618.0,0.0,4618.0,0.0,4618.0
2026-09-25 09:06:56.464,29,12000,4618.0,0.0,4618.0,0.0,4618.0
2026-09-25 09:06:56.573,29,13000,4618.0,0.0,4618.0,0.0,4618.0
2026-09-25 09:06:56.573,29,14000,4618.0,0.0,4618.0,0.0,4618.0
2026-09-25 09:06:56.573,29,15000,4618.0,0.0,4618.0,0.0,4618.0
2026-09-25 09:06:56.573,29,16000,4618.0,0.0,4618.0,0.0,4618.0
2026-09-25 09:06:56.683,29,17000,4618.0,0.0,4618.0,0.0,4618.0
2026-09-25 09:06:56.684,29,18000,4618.0,0.0,4618.0,0.0,4618.0
2026-09-25 09:06:56.684,29,19000,4618.0,0.0,4618.0,0.0,4618.0
2026-09-25 09:06:56.684,29,20000,4618.0,0.0,4618.0,0.0,4618.0
2026-09-25 09:06:56.684,29,21000,4618.0,0.0,4618.0,0.0,4618.0
2026-09-25 09:06:56.791,29,22000,4618.0,0.0,4618.0,0.0,4618.0
2026-09-25 09:06:56.791,29,23000,4618.0,0.0,4618.0,0.0,4618.0
2026-09-25 09:06:56.791,29,24000,4618.0,0.0,4618.0,0.0,4618.0
2026-09-25 09:06:56.791,29,25000,4618.0,0.0,4618.0,0.0,4618.0
2026-09-25 09:06:56.792,29,26000,4618.0,0.0,4618.0,0.0,4618.0
2026-09-25 09:06:56.906,29,27000,4618.0,0.0,4618.0,0.0,4618.0
2026-09-25 09:06:56.906,29,28000,4618.0,0.0,4618.0,0.0,4618.0
2026-09-25 09:06:56.906,29,29000,4618.0,0.0,4618.0,0.0,4618.0
2026-09-25 09:06:56.907,29,30000,4618.0,0.0,4618.0,0.0,4618.0
2026-09-25 09:06:56.907,29,31000,4618.0,0.0,4618.0,0.0,4618.0
2026-09-25 09:06:56.907,29,32000,4618.0,0.0,4618.0,0.0,4618.0
2026-09-25 09:06:57.024,29,33000,4618.0,0.0,4618.0,0.0,4618.0
2026-09-25 09:06:57.025,29,34000,4618.0,0.0,4618.0,0.0,4618.0
2026-09-25 09:06:57.025,29,35000,4618.0,0.0,4618.0,0.0,4618.0
2026-09-25 09:06:57.025,29,36000,4618.0,0.0,4618.0,0.0,4618.0
2026-09-25 09:06:57.025,29,37000,4618.0,0.0,4618.0,0.0,4618.0
2026-09-25 09:06:57.140,29,38000,4618.0,0.0,4618.0,0.0,4618.0
2026-09-25 09:06:57.140,29,39000,4618.0,0.0,4618.0,0.0,4618.0
2026-09-25 09:06:57.140,29,40000,4618.0,0.0,4618.0,0.0,4618.0
2026-09-25 09:06:57.141,29,41000,4618.0,0.0,4618.0,0.0,4618.0
2026-09-25 09:06:57.141,29,42000,4618.0,0.0,4618.0,0.0,4618.0
2026-09-25 09:06:57.141,29,43000,4618.0,0.0,4618.0,0.0,4618.0
2026-09-25 09:06:57.246,29,44000,4618.0,0.0,4618.0,0.0,4618.0
2026-09-25 09:06:57.246,29,45000,4618.0,0.0,4618.0,0.0,4618.0
2026-09-25 09:06:57.246,29,46000,4618.0,0.0,4618.0,0.0,4618.0
2026-09-25 09:06:57.246,29,47000,4618.0,0.0,4618.0,0.0,4618.0
2026-09-25 09:06:57.247,29,48000,4618.0,0.0,4618.0,0.0,4618.0
2026-09-25 09:06:57.356,29,49000,4618.0,0.0,4618.0,0.0,4618.0
2026-09-25 09:06:57.357,29,50000,4618.0,0.0,4618.0,0.0,4618.0
2026-09-25 09:06:57.357,29,51000,4618.0,0.0,4618.0,0.0,4618.0
2026-09-25 09:06:57.357,29,52000,4618.0,0.0,4618.0,0.0,4618.0
2026-09-25 09:06:57.358,29,53000,4618.0,0.0,4618.0,0.0,4618.0
2026-09-25 09:06:57.358,29,54000,4618.0,0.0,4618.0,0.0,4618.0
2026-09-25 09:06:57.472,29,55000,4618.0,0.0,4618.0,0.0,4618.0
2026-09-25 09:06:57.472,29,56000,4618.0,0.0,4618.0,0.0,4618.0
2026-09-25 09:06:57.472,29,57000,4618.0,0.0,4618.0,0.0,4618.0
2026-09-25 09:06:57.473,29,58000,4618.0,0.0,4618.0,0.0,4618.0
2026-09-25 09:06:57.473,29,59000,4618.0,0.0,4618.0,0.0,4618.0
2026-09-25 09:06:57.473,29,60000,4618.0,0.0,4618.0,0.0,4618.0
2026-09-25 09:06:57.590,29,61000,4618.0,0.0,4618.0,0.0,4618.0
2026-09-25 09:06:57.590,29,62000,4618.0,0.0,4618.0,0.0,4618.0
2026-09-25 09:06:57.590,29,63000,4618.0,0.0,4618.0,0.0,4618.0
2026-09-25 09:06:57.590,29,64000,4618.0,0.0,4618.0,0.0,4618.0
2026-09-25 09:06:57.591,29,65000,4618.0,0.0,4618.0,0.0,4618.0
2026-09-25 09:06:57.591,29,66000,4618.0,0.0,4618.0,0.0,4618.0
2026-09-25 09:06:57.706,29,67000,4618.0,0.0,4618.0,0.0,4618.0
2026-09-25 09:06:57.706,29,68000,4618.0,0.0,4618.0,0.0,4618.0
2026-09-25 09:06:57.706,29,69000,4618.0,0.0,4618.0,0.0,4618.0
2026-09-25 09:06:57.707,29,70000,4618.0,0.0,4618.0,0.0,4618.0
2026-09-25 09:06:57.707,29,71000,4618.0,0.0,4618.0,0.0,4618.0
2026-09-25 09:06:57.707,29,72000,4618.0,0.0,4618.0,0.0,4618.0
2026-09-25 09:06:57.707,29,73000,4618.0,0.0,4618.0,0.0,4618.0
2026-09-25 09:06:57.811,29,74000,4618.0,0.0,4618.0,0.0,4618.0
2026-09-25 09:06:57.812,29,75000,4618.0,0.0,4618.0,0.0,4618.0
2026-09-25 09:06:57.812,29,76000,4618.0,0.0,4618.0,0.0,4618.0
2026-09-25 09:06:57.812,29,77000,4618.0,0.0,4618.0,0.0,4618.0
2026-09-25 09:06:57.812,29,78000,4618.0,0.0,4618.0,0.0,4618.0
2026-09-25 09:06:57.922,29,79000,4618.0,0.0,4618.0,0.0,4618.0
2026-09-25 09:06:57.923,29,80000,4618.0,0.0,4618.0,0.0,4618.0
2026-09-25 09:06:57.923,29,81000,4618.0,0.0,4618.0,0.0,4618.0
2026-09-25 09:06:57.923,29,82000,4618.0,0.0,4618.0,0.0,4618.0
2026-09-25 09:06:57.923,29,83000,4618.0,0.0,4618.0,0.0,4618.0
2026-09-25 09:06:57.924,29,84000,4618.0,0.0,4618.0,0.0,4618.0
2026-09-25 09:06:58.030,29,85000,4618.0,0.0,4618.0,0.0,4618.0
2026-09-25 09:06:58.031,29,86000,4618.0,0.0,4618.0,0.0,4618.0
2026-09-25 09:06:58.031,29,87000,4618.0,0.0,4618.0,0.0,4618.0
2026-09-25 09:06:58.031,29,88000,4618.0,0.0,4618.0,0.0,4618.0
2026-09-25 09:06:58.031,29,89000,4618.0,0.0,4618.0,0.0,4618.0
2026-09-25 09:06:58.031,29,90000,4618.0,0.0,4618.0,0.0,4618.0
2026-09-25 09:06:58.139,29,91000,4618.0,0.0,4618.0,0.0,4618.0
2026-09-25 09:06:58.139,29,92000,4618.0,0.0,4618.0,0.0,4618.0
2026-09-25 09:06:58.139,29,93000,4618.0,0.0,4618.0,0.0,4618.0
2026-09-25 09:06:58.140,29,94000,4618.0,0.0,4618.0,0.0,4618.0
2026-09-25 09:06:58.140,29,95000,4618.0,0.0,4618.0,0.0,4618.0
2026-09-25 09:06:58.245,29,96000,4618.0,0.0,4618.0,0.0,4618.0
2026-09-25 09:06:58.246,29,97000,4618.0,0.0,4618.0,0.0,4618.0
2026-09-25 09:06:58.246,29,98000,4618.0,0.0,4618.0,0.0,4618.0
2026-09-25 09:06:58.246,29,99000,4618.0,0.0,4618.0,0.0,4618.0
2026-09-25 09:06:58.246,29,100000,4618.0,0.0,4618.0,0.0,4618.0
2026-09-25 09:07:08.613,30,10000,4618.0,0.0,4618.0,0.0,4618.0
2026-09-25 09:07:08.613,30,11000,4618.0,0.0,4618.0,0.0,4618.0
2026-09-25 09:07:08.722,30,12000,4618.0,0.0,4618.0,0.0,4618.0
2026-09-25 09:07:08.723,30,13000,4618.0,0.0,4618.0,0.0,4618.0
2026-09-25 09:07:08.723,30,14000,4618.0,0.0,4618.0,0.0,4618.0
2026-09-25 09:07:08.723,30,15000,4618.0,0.0,4618.0,0.0,4618.0
2026-09-25 09:07:08.723,30,16000,4618.0,0.0,4618.0,0.0,4618.0
2026-09-25 09:07:08.829,30,17000,4618.0,0.0,4618.0,0.0,4618.0
2026-09-25 09:07:08.830,30,18000,4618.0,0.0,4618.0,0.0,4618.0
2026-09-25 09:07:08.830,30,19000,4618.0,0.0,4618.0,0.0,4618.0
2026-09-25 09:07:08.830,30,20000,4618.0,0.0,4618.0,0.0,4618.0
2026-09-25 09:07:08.830,30,21000,4618.0,0.0,4618.0,0.0,4618.0
2026-09-25 09:07:08.938,30,22000,4618.0,0.0,4618.0,0.0,4618.0
2026-09-25 09:07:08.938,30,23000,4618.0,0.0,4618.0,0.0,4618.0
2026-09-25 09:07:08.938,30,24000,4618.0,0.0,4618.0,0.0,4618.0
2026-09-25 09:07:08.939,30,25000,4618.0,0.0,4618.0,0.0,4618.0
2026-09-25 09:07:08.939,30,26000,4618.0,0.0,4618.0,0.0,4618.0
2026-09-25 09:07:09.046,30,27000,4618.0,0.0,4618.0,0.0,4618.0
2026-09-25 09:07:09.046,30,28000,4618.0,0.0,4618.0,0.0,4618.0
2026-09-25 09:07:09.047,30,29000,4618.0,0.0,4618.0,0.0,4618.0
2026-09-25 09:07:09.047,30,30000,4618.0,0.0,4618.0,0.0,4618.0
2026-09-25 09:07:09.047,30,31000,4618.0,0.0,4618.0,0.0,4618.0
2026-09-25 09:07:09.155,30,32000,4618.0,0.0,4618.0,0.0,4618.0
2026-09-25 09:07:09.156,30,33000,4618.0,0.0,4618.0,0.0,4618.0
2026-09-25 09:07:09.156,30,34000,4618.0,0.0,4618.0,0.0,4618.0
2026-09-25 09:07:09.156,30,35000,4618.0,0.0,4618.0,0.0,4618.0
2026-09-25 09:07:09.157,30,36000,4618.0,0.0,4618.0,0.0,4618.0
2026-09-25 09:07:09.266,30,37000,4618.0,0.0,4618.0,0.0,4618.0
2026-09-25 09:07:09.266,30,38000,4618.0,0.0,4618.0,0.0,4618.0
2026-09-25 09:07:09.266,30,39000,4618.0,0.0,4618.0,0.0,4618.0
2026-09-25 09:07:09.266,30,40000,4618.0,0.0,4618.0,0.0,4618.0
2026-09-25 09:07:09.267,30,41000,4618.0,0.0,4618.0,0.0,4618.0
2026-09-25 09:07:09.267,30,42000,4618.0,0.0,4618.0,0.0,4618.0
2026-09-25 09:07:09.383,30,43000,4618.0,0.0,4618.0,0.0,4618.0
2026-09-25 09:07:09.383,30,44000,4618.0,0.0,4618.0,0.0,4618.0
2026-09-25 09:07:09.383,30,45000,4618.0,0.0,4618.0,0.0,4618.0
2026-09-25 09:07:09.384,30,46000,4618.0,0.0,4618.0,0.0,4618.0
2026-09-25 09:07:09.384,30,47000,4618.0,0.0,4618.0,0.0,4618.0
2026-09-25 09:07:09.501,30,48000,4618.0,0.0,4618.0,0.0,4618.0
2026-09-25 09:07:09.501,30,49000,4618.0,0.0,4618.0,0.0,4618.0
2026-09-25 09:07:09.501,30,50000,4618.0,0.0,4618.0,0.0,4618.0
2026-09-25 09:07:09.501,30,51000,4618.0,0.0,4618.0,0.0,4618.0
2026-09-25 09:07:09.501,30,52000,4618.0,0.0,4618.0,0.0,4618.0
2026-09-25 09:07:09.501,30,53000,4618.0,0.0,4618.0,0.0,4618.0
2026-09-25 09:07:09.606,30,54000,4618.0,0.0,4618.0,0.0,4618.0
2026-09-25 09:07:09.606,30,55000,4618.0,0.0,4618.0,0.0,4618.0
2026-09-25 09:07:09.606,30,56000,4618.0,0.0,4618.0,0.0,4618.0
2026-09-25 09:07:09.606,30,57000,4618.0,0.0,4618.0,0.0,4618.0
2026-09-25 09:07:09.606,30,58000,4618.0,0.0,4618.0,0.0,4618.0
2026-09-25 09:07:09.607,30,59000,4618.0,0.0,4618.0,0.0,4618.0
2026-09-25 09:07:09.714,30,60000,4618.0,0.0,4618.0,0.0,4618.0
2026-09-25 09:07:09.715,30,61000,4618.0,0.0,4618.0,0.0,4618.0
2026-09-25 09:07:09.715,30,62000,4618.0,0.0,4618.0,0.0,4618.0
2026-09-25 09:07:09.715,30,63000,4618.0,0.0,4618.0,0.0,4618.0
2026-09-25 09:07:09.715,30,64000,4618.0,0.0,4618.0,0.0,4618.0
2026-09-25 09:07:09.715,30,65000,4618.0,0.0,4618.0,0.0,4618.0
2026-09-25 09:07:09.827,30,66000,4618.0,0.0,4618.0,0.0,4618.0
2026-09-25 09:07:09.828,30,67000,4618.0,0.0,4618.0,0.0,4618.0
2026-09-25 09:07:09.829,30,68000,4618.0,0.0,4618.0,0.0,4618.0
2026-09-25 09:07:09.829,30,69000,4618.0,0.0,4618.0,0.0,4618.0
2026-09-25 09:07:09.829,30,70000,4618.0,0.0,4618.0,0.0,4618.0
2026-09-25 09:07:09.829,30,71000,4618.0,0.0,4618.0,0.0,4618.0
2026-09-25 09:07:09.936,30,72000,4618.0,0.0,4618.0,0.0,4618.0
2026-09-25 09:07:09.936,30,73000,4618.0,0.0,4618.0,0.0,4618.0
2026-09-25 09:07:09.937,30,74000,4618.0,0.0,4618.0,0.0,4618.0
2026-09-25 09:07:09.937,30,75000,4618.0,0.0,4618.0,0.0,4618.0
2026-09-25 09:07:09.937,30,76000,4618.0,0.0,4618.0,0.0,4618.0
2026-09-25 09:07:10.046,30,77000,4618.0,0.0,4618.0,0.0,4618.0
2026-09-25 09:07:10.046,30,78000,4618.0,0.0,4618.0,0.0,4618.0
2026-09-25 09:07:10.047,30,79000,4618.0,0.0,4618.0,0.0,4618.0
2026-09-25 09:07:10.047,30,80000,4618.0,0.0,4618.0,0.0,4618.0
2026-09-25 09:07:10.047,30,81000,4618.0,0.0,4618.0,0.0,4618.0
2026-09-25 09:07:10.047,30,82000,4618.0,0.0,4618.0,0.0,4618.0
2026-09-25 09:07:10.151,30,83000,4618.0,0.0,4618.0,0.0,4618.0
2026-09-25 09:07:10.152,30,84000,4618.0,0.0,4618.0,0.0,4618.0
2026-09-25 09:07:10.152,30,85000,4618.0,0.0,4618.0,0.0,4618.0
2026-09-25 09:07:10.152,30,86000,4618.0,0.0,4618.0,0.0,4618.0
2026-09-25 09:07:10.153,30,87000,4618.0,0.0,4618.0,0.0,4618.0
2026-09-25 09:07:10.153,30,88000,4618.0,0.0,4618.0,0.0,4618.0
2026-09-25 09:07:10.273,30,89000,4618.0,0.0,4618.0,0.0,4618.0
2026-09-25 09:07:10.273,30,90000,4618.0,0.0,4618.0,0.0,4618.0
2026-09-25 09:07:10.273,30,91000,4618.0,0.0,4618.0,0.0,4618.0
2026-09-25 09:07:10.274,30,92000,4618.0,0.0,4618.0,0.0,4618.0
2026-09-25 09:07:10.274,30,93000,4618.0,0.0,4618.0,0.0,4618.0
2026-09-25 09:07:10.274,30,94000,4618.0,0.0,4618.0,0.0,4618.0
2026-09-25 09:07:10.389,30,95000,4618.0,0.0,4618.0,0.0,4618.0
2026-09-25 09:07:10.390,30,96000,4618.0,0.0,4618.0,0.0,4618.0
2026-09-25 09:07:10.390,30,97000,4618.0,0.0,4618.0,0.0,4618.0
2026-09-25 09:07:10.390,30,98000,4618.0,0.0,4618.0,0.0,4618.0
2026-09-25 09:07:10.391,30,99000,4618.0,0.0,4618.0,0.0,4618.0
2026-09-25 09:07:10.391,30,100000,4618.0,0.0,4618.0,0.0,4618.0
2026-09-25 09:07:20.774,31,10000,4618.0,0.0,4618.0,0.0,4618.0
2026-09-25 09:07:20.775,31,11000,4618.0,0.0,4618.0,0.0,4618.0
2026-09-25 09:07:20.886,31,12000,4618.0,0.0,4618.0,0.0,4618.0
2026-09-25 09:07:20.886,31,13000,4618.0,0.0,4618.0,0.0,4618.0
2026-09-25 09:07:20.886,31,14000,4618.0,0.0,4618.0,0.0,4618.0
2026-09-25 09:07:20.887,31,15000,4618.0,0.0,4618.0,0.0,4618.0
2026-09-25 09:07:20.887,31,16000,4618.0,0.0,4618.0,0.0,4618.0
2026-09-25 09:07:21.002,31,17000,4618.0,0.0,4618.0,0.0,4618.0
2026-09-25 09:07:21.003,31,18000,4618.0,0.0,4618.0,0.0,4618.0
2026-09-25 09:07:21.003,31,19000,4618.0,0.0,4618.0,0.0,4618.0
2026-09-25 09:07:21.003,31,20000,4618.0,0.0,4618.0,0.0,4618.0
2026-09-25 09:07:21.003,31,21000,4618.0,0.0,4618.0,0.0,4618.0
2026-09-25 09:07:21.102,31,22000,4618.0,0.0,4618.0,0.0,4618.0
2026-09-25 09:07:21.103,31,23000,4618.0,0.0,4618.0,0.0,4618.0
2026-09-25 09:07:21.103,31,24000,4618.0,0.0,4618.0,0.0,4618.0
2026-09-25 09:07:21.103,31,25000,4618.0,0.0,4618.0,0.0,4618.0
2026-09-25 09:07:21.103,31,26000,4618.0,0.0,4618.0,0.0,4618.0
2026-09-25 09:07:21.223,31,27000,4618.0,0.0,4618.0,0.0,4618.0
2026-09-25 09:07:21.224,31,28000,4618.0,0.0,4618.0,0.0,4618.0
2026-09-25 09:07:21.224,31,29000,4618.0,0.0,4618.0,0.0,4618.0
2026-09-25 09:07:21.224,31,30000,4618.0,0.0,4618.0,0.0,4618.0
2026-09-25 09:07:21.224,31,31000,4618.0,0.0,4618.0,0.0,4618.0
2026-09-25 09:07:21.225,31,32000,4618.0,0.0,4618.0,0.0,4618.0
2026-09-25 09:07:21.329,31,33000,4618.0,0.0,4618.0,0.0,4618.0
2026-09-25 09:07:21.329,31,34000,4618.0,0.0,4618.0,0.0,4618.0
2026-09-25 09:07:21.329,31,35000,4618.0,0.0,4618.0,0.0,4618.0
2026-09-25 09:07:21.330,31,36000,4618.0,0.0,4618.0,0.0,4618.0
2026-09-25 09:07:21.330,31,37000,4618.0,0.0,4618.0,0.0,4618.0
2026-09-25 09:07:21.436,31,38000,4618.0,0.0,4618.0,0.0,4618.0
2026-09-25 09:07:21.436,31,39000,4618.0,0.0,4618.0,0.0,4618.0
2026-09-25 09:07:21.436,31,40000,4618.0,0.0,4618.0,0.0,4618.0
2026-09-25 09:07:21.436,31,41000,4618.0,0.0,4618.0,0.0,4618.0
2026-09-25 09:07:21.437,31,42000,4618.0,0.0,4618.0,0.0,4618.0
2026-09-25 09:07:21.545,31,43000,4618.0,0.0,4618.0,0.0,4618.0
2026-09-25 09:07:21.546,31,44000,4618.0,0.0,4618.0,0.0,4618.0
2026-09-25 09:07:21.546,31,45000,4618.0,0.0,4618.0,0.0,4618.0
2026-09-25 09:07:21.546,31,46000,4618.0,0.0,4618.0,0.0,4618.0
2026-09-25 09:07:21.546,31,47000,4618.0,0.0,4618.0,0.0,4618.0
2026-09-25 09:07:21.546,31,48000,4618.0,0.0,4618.0,0.0,4618.0
2026-09-25 09:07:21.664,31,49000,4618.0,0.0,4618.0,0.0,4618.0
2026-09-25 09:07:21.665,31,50000,4618.0,0.0,4618.0,0.0,4618.0
2026-09-25 09:07:21.665,31,51000,4618.0,0.0,4618.0,0.0,4618.0
2026-09-25 09:07:21.666,31,52000,4618.0,0.0,4618.0,0.0,4618.0
2026-09-25 09:07:21.666,31,53000,4618.0,0.0,4618.0,0.0,4618.0
2026-09-25 09:07:21.666,31,54000,4618.0,0.0,4618.0,0.0,4618.0
2026-09-25 09:07:21.783,31,55000,4618.0,0.0,4618.0,0.0,4618.0
2026-09-25 09:07:21.783,31,56000,4618.0,0.0,4618.0,0.0,4618.0
2026-09-25 09:07:21.783,31,57000,4618.0,0.0,4618.0,0.0,4618.0
2026-09-25 09:07:21.783,31,58000,4618.0,0.0,4618.0,0.0,4618.0
2026-09-25 09:07:21.784,31,59000,4618.0,0.0,4618.0,0.0,4618.0
2026-09-25 09:07:21.784,31,60000,4618.0,0.0,4618.0,0.0,4618.0
2026-09-25 09:07:21.888,31,61000,4618.0,0.0,4618.0,0.0,4618.0
2026-09-25 09:07:21.888,31,62000,4618.0,0.0,4618.0,0.0,4618.0
2026-09-25 09:07:21.888,31,63000,4618.0,0.0,4618.0,0.0,4618.0
2026-09-25 09:07:21.889,31,64000,4618.0,0.0,4618.0,0.0,4618.0
2026-09-25 09:07:21.889,31,65000,4618.0,0.0,4618.0,0.0,4618.0
2026-09-25 09:07:21.995,31,66000,4618.0,0.0,4618.0,0.0,4618.0
2026-09-25 09:07:21.995,31,67000,4618.0,0.0,4618.0,0.0,4618.0
2026-09-25 09:07:21.996,31,68000,4618.0,0.0,4618.0,0.0,4618.0
2026-09-25 09:07:21.996,31,69000,4618.0,0.0,4618.0,0.0,4618.0
2026-09-25 09:07:21.996,31,70000,4618.0,0.0,4618.0,0.0,4618.0
2026-09-25 09:07:21.996,31,71000,4618.0,0.0,4618.0,0.0,4618.0
2026-09-25 09:07:22.116,31,72000,4618.0,0.0,4618.0,0.0,4618.0
2026-09-25 09:07:22.116,31,73000,4618.0,0.0,4618.0,0.0,4618.0
2026-09-25 09:07:22.116,31,74000,4618.0,0.0,4618.0,0.0,4618.0
2026-09-25 09:07:22.116,31,75000,4618.0,0.0,4618.0,0.0,4618.0
2026-09-25 09:07:22.116,31,76000,4618.0,0.0,4618.0,0.0,4618.0
2026-09-25 09:07:22.117,31,77000,4618.0,0.0,4618.0,0.0,4618.0
2026-09-25 09:07:22.222,31,78000,4618.0,0.0,4618.0,0.0,4618.0
2026-09-25 09:07:22.222,31,79000,4618.0,0.0,4618.0,0.0,4618.0
2026-09-25 09:07:22.222,31,80000,4618.0,0.0,4618.0,0.0,4618.0
2026-09-25 09:07:22.222,31,81000,4618.0,0.0,4618.0,0.0,4618.0
2026-09-25 09:07:22.223,31,82000,4618.0,0.0,4618.0,0.0,4618.0
2026-09-25 09:07:22.223,31,83000,4618.0,0.0,4618.0,0.0,4618.0
2026-09-25 09:07:22.329,31,84000,4618.0,0.0,4618.0,0.0,4618.0
2026-09-25 09:07:22.329,31,85000,4618.0,0.0,4618.0,0.0,4618.0
2026-09-25 09:07:22.329,31,86000,4618.0,0.0,4618.0,0.0,4618.0
2026-09-25 09:07:22.329,31,87000,4618.0,0.0,4618.0,0.0,4618.0
2026-09-25 09:07:22.329,31,88000,4618.0,0.0,4618.0,0.0,4618.0
2026-09-25 09:07:22.330,31,89000,4618.0,0.0,4618.0,0.0,4618.0
2026-09-25 09:07:22.439,31,90000,4618.0,0.0,4618.0,0.0,4618.0
2026-09-25 09:07:22.440,31,91000,4618.0,0.0,4618.0,0.0,4618.0
2026-09-25 09:07:22.440,31,92000,4618.0,0.0,4618.0,0.0,4618.0
2026-09-25 09:07:22.440,31,93000,4618.0,0.0,4618.0,0.0,4618.0
2026-09-25 09:07:22.440,31,94000,4618.0,0.0,4618.0,0.0,4618.0
2026-09-25 09:07:22.440,31,95000,4618.0,0.0,4618.0,0.0,4618.0
2026-09-25 09:07:22.544,31,96000,4618.0,0.0,4618.0,0.0,4618.0
2026-09-25 09:07:22.545,31,97000,4618.0,0.0,4618.0,0.0,4618.0
2026-09-25 09:07:22.545,31,98000,4618.0,0.0,4618.0,0.0,4618.0
2026-09-25 09:07:22.545,31,99000,4618.0,0.0,4618.0,0.0,4618.0
2026-09-25 09:07:22.545,31,100000,4618.0,0.0,4618.0,0.0,4618.0
2026-09-25 09:07:32.967,32,10000,4618.0,0.0,4618.0,0.0,4618.0
2026-09-25 09:07:32.967,32,11000,4618.0,0.0,4618.0,0.0,4618.0
2026-09-25 09:07:32.967,32,12000,4618.0,0.0,4618.0,0.0,4618.0
2026-09-25 09:07:32.967,32,13000,4493.51,-0.23,4493.473795251007,-18.038056783311703,4493.51
2026-09-25 09:07:33.072,32,14000,4618.0,0.0,4618.0,0.0,4618.0
2026-09-25 09:07:33.073,32,15000,4618.0,0.0,4618.0,0.0,4618.0
2026-09-25 09:07:33.073,32,16000,4618.0,0.0,4618.0,0.0,4618.0
2026-09-25 09:07:33.073,32,17000,4618.0,0.0,4618.0,0.0,4618.0
2026-09-25 09:07:33.189,32,18000,4618.0,0.0,4618.0,0.0,4618.0
2026-09-25 09:07:33.189,32,19000,4618.0,0.0,4618.0,0.0,4618.0
2026-09-25 09:07:33.189,32,20000,4618.0,0.0,4618.0,0.0,4618.0
2026-09-25 09:07:33.189,32,21000,4618.0,0.0,4618.0,0.0,4618.0
2026-09-25 09:07:33.190,32,22000,4618.0,0.0,4618.0,0.0,4618.0
2026-09-25 09:07:33.190,32,23000,4618.0,0.0,4618.0,0.0,4618.0
2026-09-25 09:07:33.294,32,24000,4618.0,0.0,4618.0,0.0,4618.0
2026-09-25 09:07:33.295,32,25000,4618.0,0.0,4618.0,0.0,4618.0
2026-09-25 09:07:33.295,32,26000,4618.0,0.0,4618.0,0.0,4618.0
2026-09-25 09:07:33.295,32,27000,4618.0,0.0,4618.0,0.0,4618.0
2026-09-25 09:07:33.401,32,28000,4618.0,0.0,4618.0,0.0,4618.0
2026-09-25 09:07:33.402,32,29000,4618.0,0.0,4618.0,0.0,4618.0
2026-09-25 09:07:33.402,32,30000,4618.0,0.0,4618.0,0.0,4618.0
2026-09-25 09:07:33.402,32,31000,4618.0,0.0,4618.0,0.0,4618.0
2026-09-25 09:07:33.402,32,32000,4618.0,0.0,4618.0,0.0,4618.0
2026-09-25 09:07:33.402,32,33000,4618.0,0.0,4618.0,0.0,4618.0
2026-09-25 09:07:33.515,32,34000,4618.0,0.0,4618.0,0.0,4618.0
2026-09-25 09:07:33.516,32,35000,4618.0,0.0,4618.0,0.0,4618.0
2026-09-25 09:07:33.516,32,36000,4618.0,0.0,4618.0,0.0,4618.0
2026-09-25 09:07:33.516,32,37000,4618.0,0.0,4618.0,0.0,4618.0
2026-09-25 09:07:33.516,32,38000,4618.0,0.0,4618.0,0.0,4618.0
2026-09-25 09:07:33.632,32,39000,4618.0,0.0,4618.0,0.0,4618.0
2026-09-25 09:07:33.632,32,40000,4618.0,0.0,4618.0,0.0,4618.0
2026-09-25 09:07:33.633,32,41000,4618.0,0.0,4618.0,0.0,4618.0
2026-09-25 09:07:33.633,32,42000,4618.0,0.0,4618.0,0.0,4618.0
2026-09-25 09:07:33.633,32,43000,4618.0,0.0,4618.0,0.0,4618.0
2026-09-25 09:07:33.633,32,44000,4618.0,0.0,4618.0,0.0,4618.0
2026-09-25 09:07:33.748,32,45000,4618.0,0.0,4618.0,0.0,4618.0
2026-09-25 09:07:33.749,32,46000,4618.0,0.0,4618.0,0.0,4618.0
2026-09-25 09:07:33.749,32,47000,4618.0,0.0,4618.0,0.0,4618.0
2026-09-25 09:07:33.749,32,48000,4618.0,0.0,4618.0,0.0,4618.0
2026-09-25 09:07:33.749,32,49000,4618.0,0.0,4618.0,0.0,4618.0
2026-09-25 09:07:33.749,32,50000,4618.0,0.0,4618.0,0.0,4618.0
2026-09-25 09:07:33.855,32,51000,4618.0,0.0,4618.0,0.0,4618.0
2026-09-25 09:07:33.855,32,52000,4618.0,0.0,4618.0,0.0,4618.0
2026-09-25 09:07:33.855,32,53000,4618.0,0.0,4618.0,0.0,4618.0
2026-09-25 09:07:33.856,32,54000,4618.0,0.0,4618.0,0.0,4618.0
2026-09-25 09:07:33.856,32,55000,4618.0,0.0,4618.0,0.0,4618.0
2026-09-25 09:07:33.971,32,56000,4618.0,0.0,4618.0,0.0,4618.0
2026-09-25 09:07:33.971,32,57000,4618.0,0.0,4618.0,0.0,4618.0
2026-09-25 09:07:33.972,32,58000,4618.0,0.0,4618.0,0.0,4618.0
2026-09-25 09:07:33.972,32,59000,4618.0,0.0,4618.0,0.0,4618.0
2026-09-25 09:07:33.972,32,60000,4618.0,0.0,4618.0,0.0,4618.0
2026-09-25 09:07:33.972,32,61000,4618.0,0.0,4618.0,0.0,4618.0
2026-09-25 09:07:33.972,32,62000,4618.0,0.0,4618.0,0.0,4618.0
2026-09-25 09:07:34.078,32,63000,4618.0,0.0,4618.0,0.0,4618.0
2026-09-25 09:07:34.078,32,64000,4618.0,0.0,4618.0,0.0,4618.0
2026-09-25 09:07:34.078,32,65000,4618.0,0.0,4618.0,0.0,4618.0
2026-09-25 09:07:34.079,32,66000,4618.0,0.0,4618.0,0.0,4618.0
2026-09-25 09:07:34.079,32,67000,4618.0,0.0,4618.0,0.0,4618.0
2026-09-25 09:07:34.199,32,68000,4618.0,0.0,4618.0,0.0,4618.0
2026-09-25 09:07:34.200,32,69000,4618.0,0.0,4618.0,0.0,4618.0
2026-09-25 09:07:34.200,32,70000,4618.0,0.0,4618.0,0.0,4618.0
2026-09-25 09:07:34.200,32,71000,4618.0,0.0,4618.0,0.0,4618.0
2026-09-25 09:07:34.200,32,72000,4618.0,0.0,4618.0,0.0,4618.0
2026-09-25 09:07:34.200,32,73000,4618.0,0.0,4618.0,0.0,4618.0
2026-09-25 09:07:34.200,32,74000,4618.0,0.0,4618.0,0.0,4618.0
2026-09-25 09:07:34.307,32,75000,4618.0,0.0,4618.0,0.0,4618.0
2026-09-25 09:07:34.307,32,76000,4618.0,0.0,4618.0,0.0,4618.0
2026-09-25 09:07:34.307,32,77000,4618.0,0.0,4618.0,0.0,4618.0
2026-09-25 09:07:34.307,32,78000,4618.0,0.0,4618.0,0.0,4618.0
2026-09-25 09:07:34.307,32,79000,4618.0,0.0,4618.0,0.0,4618.0
2026-09-25 09:07:34.422,32,80000,4618.0,0.0,4618.0,0.0,4618.0
2026-09-25 09:07:34.422,32,81000,4618.0,0.0,4618.0,0.0,4618.0
2026-09-25 09:07:34.422,32,82000,4618.0,0.0,4618.0,0.0,4618.0
2026-09-25 09:07:34.422,32,83000,4618.0,0.0,4618.0,0.0,4618.0
2026-09-25 09:07:34.423,32,84000,4618.0,0.0,4618.0,0.0,4618.0
2026-09-25 09:07:34.423,32,85000,4618.0,0.0,4618.0,0.0,4618.0
2026-09-25 09:07:34.529,32,86000,4618.0,0.0,4618.0,0.0,4618.0
2026-09-25 09:07:34.529,32,87000,4618.0,0.0,4618.0,0.0,4618.0
2026-09-25 09:07:34.529,32,88000,4618.0,0.0,4618.0,0.0,4618.0
2026-09-25 09:07:34.529,32,89000,4618.0,0.0,4618.0,0.0,4618.0
2026-09-25 09:07:34.529,32,90000,4618.0,0.0,4618.0,0.0,4618.0
2026-09-25 09:07:34.530,32,91000,4618.0,0.0,4618.0,0.0,4618.0
2026-09-25 09:07:34.639,32,92000,4618.0,0.0,4618.0,0.0,4618.0
2026-09-25 09:07:34.639,32,93000,4618.0,0.0,4618.0,0.0,4618.0
2026-09-25 09:07:34.639,32,94000,4618.0,0.0,4618.0,0.0,4618.0
2026-09-25 09:07:34.639,32,95000,4618.0,0.0,4618.0,0.0,4618.0
2026-09-25 09:07:34.639,32,96000,4618.0,0.0,4618.0,0.0,4618.0
2026-09-25 09:07:34.639,32,97000,4618.0,0.0,4618.0,0.0,4618.0
2026-09-25 09:07:34.745,32,98000,4618.0,0.0,4618.0,0.0,4618.0
2026-09-25 09:07:34.745,32,99000,4618.0,0.0,4618.0,0.0,4618.0
2026-09-25 09:07:34.746,32,100000,4618.0,0.0,4618.0,0.0,4618.0
2026-09-25 09:07:45.079,33,10000,4618.0,0.0,4618.0,0.0,4618.0
2026-09-25 09:07:45.079,33,11000,4618.0,0.0,4618.0,0.0,4618.0
2026-09-25 09:07:45.189,33,12000,4618.0,0.0,4618.0,0.0,4618.0
2026-09-25 09:07:45.189,33,13000,4618.0,0.0,4618.0,0.0,4618.0
2026-09-25 09:07:45.189,33,14000,4618.0,0.0,4618.0,0.0,4618.0
2026-09-25 09:07:45.189,33,15000,4618.0,0.0,4618.0,0.0,4618.0
2026-09-25 09:07:45.189,33,16000,4618.0,0.0,4618.0,0.0,4618.0
2026-09-25 09:07:45.295,33,17000,4618.0,0.0,4618.0,0.0,4618.0
2026-09-25 09:07:45.295,33,18000,4618.0,0.0,4618.0,0.0,4618.0
2026-09-25 09:07:45.295,33,19000,4618.0,0.0,4618.0,0.0,4618.0
2026-09-25 09:07:45.296,33,20000,4618.0,0.0,4618.0,0.0,4618.0
2026-09-25 09:07:45.405,33,21000,4618.0,0.0,4618.0,0.0,4618.0
2026-09-25 09:07:45.405,33,22000,4618.0,0.0,4618.0,0.0,4618.0
2026-09-25 09:07:45.406,33,23000,4618.0,0.0,4618.0,0.0,4618.0
2026-09-25 09:07:45.406,33,24000,4618.0,0.0,4618.0,0.0,4618.0
2026-09-25 09:07:45.406,33,25000,4618.0,0.0,4618.0,0.0,4618.0
2026-09-25 09:07:45.512,33,26000,4618.0,0.0,4618.0,0.0,4618.0
2026-09-25 09:07:45.512,33,27000,4618.0,0.0,4618.0,0.0,4618.0
2026-09-25 09:07:45.513,33,28000,4618.0,0.0,4618.0,0.0,4618.0
2026-09-25 09:07:45.513,33,29000,4618.0,0.0,4618.0,0.0,4618.0
2026-09-25 09:07:45.513,33,30000,4618.0,0.0,4618.0,0.0,4618.0
2026-09-25 09:07:45.621,33,31000,4618.0,0.0,4618.0,0.0,4618.0
2026-09-25 09:07:45.622,33,32000,4738.12,0.53,4737.917288009746,43.82814596095806,4738.12
2026-09-25 09:07:45.622,33,33000,4618.0,0.0,4618.0,0.0,4618.0
2026-09-25 09:07:45.622,33,34000,4618.0,0.0,4618.0,0.0,4618.0
2026-09-25 09:07:45.622,33,35000,4618.0,0.0,4618.0,0.0,4618.0
2026-09-25 09:07:45.622,33,36000,4618.0,0.0,4618.0,0.0,4618.0
2026-09-25 09:07:45.738,33,37000,4618.0,0.0,4618.0,0.0,4618.0
2026-09-25 09:07:45.739,33,38000,4618.0,0.0,4618.0,0.0,4618.0
2026-09-25 09:07:45.739,33,39000,4618.0,0.0,4618.0,0.0,4618.0
2026-09-25 09:07:45.739,33,40000,4618.0,0.0,4618.0,0.0,4618.0
2026-09-25 09:07:45.739,33,41000,4618.0,0.0,4618.0,0.0,4618.0
2026-09-25 09:07:45.845,33,42000,4618.0,0.0,4618.0,0.0,4618.0
2026-09-25 09:07:45.845,33,43000,4618.0,0.0,4618.0,0.0,4618.0
2026-09-25 09:07:45.845,33,44000,4618.0,0.0,4618.0,0.0,4618.0
2026-09-25 09:07:45.845,33,45000,4618.0,0.0,4618.0,0.0,4618.0
2026-09-25 09:07:45.845,33,46000,4618.0,0.0,4618.0,0.0,4618.0
2026-09-25 09:07:45.845,33,47000,4618.0,0.0,4618.0,0.0,4618.0
2026-09-25 09:07:45.966,33,48000,4618.0,0.0,4618.0,0.0,4618.0
2026-09-25 09:07:45.966,33,49000,4618.0,0.0,4618.0,0.0,4618.0
2026-09-25 09:07:45.966,33,50000,4618.0,0.0,4618.0,0.0,4618.0
2026-09-25 09:07:45.966,33,51000,4618.0,0.0,4618.0,0.0,4618.0
2026-09-25 09:07:45.967,33,52000,4618.0,0.0,4618.0,0.0,4618.0
2026-09-25 09:07:45.967,33,53000,4618.0,0.0,4618.0,0.0,4618.0
2026-09-25 09:07:46.082,33,54000,4618.0,0.0,4618.0,0.0,4618.0
2026-09-25 09:07:46.082,33,55000,4618.0,0.0,4618.0,0.0,4618.0
2026-09-25 09:07:46.082,33,56000,4618.0,0.0,4618.0,0.0,4618.0
2026-09-25 09:07:46.082,33,57000,4618.0,0.0,4618.0,0.0,4618.0
2026-09-25 09:07:46.082,33,58000,4618.0,0.0,4618.0,0.0,4618.0
2026-09-25 09:07:46.083,33,59000,4618.0,0.0,4618.0,0.0,4618.0
2026-09-25 09:07:46.189,33,60000,4618.0,0.0,4618.0,0.0,4618.0
2026-09-25 09:07:46.190,33,61000,4618.0,0.0,4618.0,0.0,4618.0
2026-09-25 09:07:46.190,33,62000,4618.0,0.0,4618.0,0.0,4618.0
2026-09-25 09:07:46.190,33,63000,4618.0,0.0,4618.0,0.0,4618.0
2026-09-25 09:07:46.190,33,64000,4618.0,0.0,4618.0,0.0,4618.0
2026-09-25 09:07:46.190,33,65000,4618.0,0.0,4618.0,0.0,4618.0
2026-09-25 09:07:46.295,33,66000,4618.0,0.0,4618.0,0.0,4618.0
2026-09-25 09:07:46.295,33,67000,4618.0,0.0,4618.0,0.0,4618.0
2026-09-25 09:07:46.296,33,68000,4618.0,0.0,4618.0,0.0,4618.0
2026-09-25 09:07:46.296,33,69000,4618.0,0.0,4618.0,0.0,4618.0
2026-09-25 09:07:46.296,33,70000,4618.0,0.0,4618.0,0.0,4618.0
2026-09-25 09:07:46.405,33,71000,4618.0,0.0,4618.0,0.0,4618.0
2026-09-25 09:07:46.405,33,72000,4618.0,0.0,4618.0,0.0,4618.0
2026-09-25 09:07:46.405,33,73000,4618.0,0.0,4618.0,0.0,4618.0
2026-09-25 09:07:46.405,33,74000,4618.0,0.0,4618.0,0.0,4618.0
2026-09-25 09:07:46.406,33,75000,4618.0,0.0,4618.0,0.0,4618.0
2026-09-25 09:07:46.406,33,76000,4618.0,0.0,4618.0,0.0,4618.0
2026-09-25 09:07:46.512,33,77000,4618.0,0.0,4618.0,0.0,4618.0
2026-09-25 09:07:46.513,33,78000,4618.0,0.0,4618.0,0.0,4618.0
2026-09-25 09:07:46.513,33,79000,4618.0,0.0,4618.0,0.0,4618.0
2026-09-25 09:07:46.513,33,80000,4618.0,0.0,4618.0,0.0,4618.0
2026-09-25 09:07:46.513,33,81000,4618.0,0.0,4618.0,0.0,4618.0
2026-09-25 09:07:46.513,33,82000,4618.0,0.0,4618.0,0.0,4618.0
2026-09-25 09:07:46.622,33,83000,4618.0,0.0,4618.0,0.0,4618.0
2026-09-25 09:07:46.622,33,84000,4618.0,0.0,4618.0,0.0,4618.0
2026-09-25 09:07:46.622,33,85000,4618.0,0.0,4618.0,0.0,4618.0
2026-09-25 09:07:46.623,33,86000,4618.0,0.0,4618.0,0.0,4618.0
2026-09-25 09:07:46.623,33,87000,4618.0,0.0,4618.0,0.0,4618.0
2026-09-25 09:07:46.739,33,88000,4618.0,0.0,4618.0,0.0,4618.0
2026-09-25 09:07:46.739,33,89000,4618.0,0.0,4618.0,0.0,4618.0
2026-09-25 09:07:46.739,33,90000,4618.0,0.0,4618.0,0.0,4618.0
2026-09-25 09:07:46.739,33,91000,4618.0,0.0,4618.0,0.0,4618.0
2026-09-25 09:07:46.740,33,92000,4618.0,0.0,4618.0,0.0,4618.0
2026-09-25 09:07:46.740,33,93000,4618.0,0.0,4618.0,0.0,4618.0
2026-09-25 09:07:46.740,33,94000,4618.0,0.0,4618.0,0.0,4618.0
2026-09-25 09:07:46.844,33,95000,4618.0,0.0,4618.0,0.0,4618.0
2026-09-25 09:07:46.845,33,96000,4618.0,0.0,4618.0,0.0,4618.0
2026-09-25 09:07:46.845,33,97000,4618.0,0.0,4618.0,0.0,4618.0
2026-09-25 09:07:46.845,33,98000,4618.0,0.0,4618.0,0.0,4618.0
2026-09-25 09:07:46.845,33,99000,4618.0,0.0,4618.0,0.0,4618.0
2026-09-25 09:07:46.952,33,100000,4618.0,0.0,4618.0,0.0,4618.0
2026-09-25 09:07:57.266,34,10000,4618.0,0.0,4618.0,0.0,4618.0
2026-09-25 09:07:57.266,34,11000,4618.0,0.0,4618.0,0.0,4618.0
2026-09-25 09:07:57.266,34,12000,4618.0,0.0,4618.0,0.0,4618.0
2026-09-25 09:07:57.369,34,13000,4493.51,-0.23,4493.473795251007,-18.038056783311703,4493.51
2026-09-25 09:07:57.369,34,14000,4618.0,0.0,4618.0,0.0,4618.0
2026-09-25 09:07:57.369,34,15000,4618.0,0.0,4618.0,0.0,4618.0
2026-09-25 09:07:57.369,34,16000,4618.0,0.0,4618.0,0.0,4618.0
2026-09-25 09:07:57.485,34,17000,4618.0,0.0,4618.0,0.0,4618.0
2026-09-25 09:07:57.485,34,18000,4618.0,0.0,4618.0,0.0,4618.0
2026-09-25 09:07:57.485,34,19000,4618.0,0.0,4618.0,0.0,4618.0
2026-09-25 09:07:57.485,34,20000,4618.0,0.0,4618.0,0.0,4618.0
2026-09-25 09:07:57.485,34,21000,4618.0,0.0,4618.0,0.0,4618.0
2026-09-25 09:07:57.486,34,22000,4618.0,0.0,4618.0,0.0,4618.0
2026-09-25 09:07:57.599,34,23000,4618.0,0.0,4618.0,0.0,4618.0
2026-09-25 09:07:57.599,34,24000,4618.0,0.0,4618.0,0.0,4618.0
2026-09-25 09:07:57.599,34,25000,4618.0,0.0,4618.0,0.0,4618.0
2026-09-25 09:07:57.600,34,26000,4618.0,0.0,4618.0,0.0,4618.0
2026-09-25 09:07:57.600,34,27000,4618.0,0.0,4618.0,0.0,4618.0
2026-09-25 09:07:57.716,34,28000,4618.0,0.0,4618.0,0.0,4618.0
2026-09-25 09:07:57.716,34,29000,4618.0,0.0,4618.0,0.0,4618.0
2026-09-25 09:07:57.716,34,30000,4618.0,0.0,4618.0,0.0,4618.0
2026-09-25 09:07:57.716,34,31000,4618.0,0.0,4618.0,0.0,4618.0
2026-09-25 09:07:57.717,34,32000,4618.0,0.0,4618.0,0.0,4618.0
2026-09-25 09:07:57.832,34,33000,4618.0,0.0,4618.0,0.0,4618.0
2026-09-25 09:07:57.832,34,34000,4618.0,0.0,4618.0,0.0,4618.0
2026-09-25 09:07:57.833,34,35000,4618.0,0.0,4618.0,0.0,4618.0
2026-09-25 09:07:57.833,34,36000,4618.0,0.0,4618.0,0.0,4618.0
2026-09-25 09:07:57.833,34,37000,4618.0,0.0,4618.0,0.0,4618.0
2026-09-25 09:07:57.833,34,38000,4618.0,0.0,4618.0,0.0,4618.0
2026-09-25 09:07:57.938,34,39000,4618.0,0.0,4618.0,0.0,4618.0
2026-09-25 09:07:57.938,34,40000,4618.0,0.0,4618.0,0.0,4618.0
2026-09-25 09:07:57.939,34,41000,4618.0,0.0,4618.0,0.0,4618.0
2026-09-25 09:07:57.939,34,42000,4618.0,0.0,4618.0,0.0,4618.0
2026-09-25 09:07:57.939,34,43000,4618.0,0.0,4618.0,0.0,4618.0
2026-09-25 09:07:57.939,34,44000,4618.0,0.0,4618.0,0.0,4618.0
2026-09-25 09:07:58.045,34,45000,4618.0,0.0,4618.0,0.0,4618.0
2026-09-25 09:07:58.045,34,46000,4618.0,0.0,4618.0,0.0,4618.0
2026-09-25 09:07:58.045,34,47000,4618.0,0.0,4618.0,0.0,4618.0
2026-09-25 09:07:58.045,34,48000,4618.0,0.0,4618.0,0.0,4618.0
2026-09-25 09:07:58.046,34,49000,4618.0,0.0,4618.0,0.0,4618.0
2026-09-25 09:07:58.165,34,50000,4618.0,0.0,4618.0,0.0,4618.0
2026-09-25 09:07:58.165,34,51000,4618.0,0.0,4618.0,0.0,4618.0
2026-09-25 09:07:58.165,34,52000,4618.0,0.0,4618.0,0.0,4618.0
2026-09-25 09:07:58.166,34,53000,4618.0,0.0,4618.0,0.0,4618.0
2026-09-25 09:07:58.166,34,54000,4618.0,0.0,4618.0,0.0,4618.0
2026-09-25 09:07:58.166,34,55000,4618.0,0.0,4618.0,0.0,4618.0
2026-09-25 09:07:58.282,34,56000,4618.0,0.0,4618.0,0.0,4618.0
2026-09-25 09:07:58.282,34,57000,4618.0,0.0,4618.0,0.0,4618.0
2026-09-25 09:07:58.282,34,58000,4618.0,0.0,4618.0,0.0,4618.0
2026-09-25 09:07:58.282,34,59000,4618.0,0.0,4618.0,0.0,4618.0
2026-09-25 09:07:58.283,34,60000,4618.0,0.0,4618.0,0.0,4618.0
2026-09-25 09:07:58.283,34,61000,4618.0,0.0,4618.0,0.0,4618.0
2026-09-25 09:07:58.388,34,62000,4618.0,0.0,4618.0,0.0,4618.0
2026-09-25 09:07:58.389,34,63000,4618.0,0.0,4618.0,0.0,4618.0
2026-09-25 09:07:58.389,34,64000,4618.0,0.0,4618.0,0.0,4618.0
2026-09-25 09:07:58.389,34,65000,4618.0,0.0,4618.0,0.0,4618.0
2026-09-25 09:07:58.389,34,66000,4618.0,0.0,4618.0,0.0,4618.0
2026-09-25 09:07:58.389,34,67000,4618.0,0.0,4618.0,0.0,4618.0
2026-09-25 09:07:58.495,34,68000,4618.0,0.0,4618.0,0.0,4618.0
2026-09-25 09:07:58.495,34,69000,4618.0,0.0,4618.0,0.0,4618.0
2026-09-25 09:07:58.496,34,70000,4618.0,0.0,4618.0,0.0,4618.0
2026-09-25 09:07:58.496,34,71000,4618.0,0.0,4618.0,0.0,4618.0
2026-09-25 09:07:58.496,34,72000,4618.0,0.0,4618.0,0.0,4618.0
2026-09-25 09:07:58.605,34,73000,4618.0,0.0,4618.0,0.0,4618.0
2026-09-25 09:07:58.606,34,74000,4618.0,0.0,4618.0,0.0,4618.0
2026-09-25 09:07:58.606,34,75000,4618.0,0.0,4618.0,0.0,4618.0
2026-09-25 09:07:58.606,34,76000,4618.0,0.0,4618.0,0.0,4618.0
2026-09-25 09:07:58.606,34,77000,4618.0,0.0,4618.0,0.0,4618.0
2026-09-25 09:07:58.606,34,78000,4618.0,0.0,4618.0,0.0,4618.0
2026-09-25 09:07:58.723,34,79000,4618.0,0.0,4618.0,0.0,4618.0
2026-09-25 09:07:58.723,34,80000,4618.0,0.0,4618.0,0.0,4618.0
2026-09-25 09:07:58.723,34,81000,4618.0,0.0,4618.0,0.0,4618.0
2026-09-25 09:07:58.723,34,82000,4618.0,0.0,4618.0,0.0,4618.0
2026-09-25 09:07:58.723,34,83000,4618.0,0.0,4618.0,0.0,4618.0
2026-09-25 09:07:58.724,34,84000,4618.0,0.0,4618.0,0.0,4618.0
2026-09-25 09:07:58.829,34,85000,4618.0,0.0,4618.0,0.0,4618.0
2026-09-25 09:07:58.829,34,86000,4618.0,0.0,4618.0,0.0,4618.0
2026-09-25 09:07:58.829,34,87000,4618.0,0.0,4618.0,0.0,4618.0
2026-09-25 09:07:58.830,34,88000,4618.0,0.0,4618.0,0.0,4618.0
2026-09-25 09:07:58.830,34,89000,4618.0,0.0,4618.0,0.0,4618.0
2026-09-25 09:07:58.830,34,90000,4618.0,0.0,4618.0,0.0,4618.0
2026-09-25 09:07:58.938,34,91000,4618.0,0.0,4618.0,0.0,4618.0
2026-09-25 09:07:58.939,34,92000,4618.0,0.0,4618.0,0.0,4618.0
2026-09-25 09:07:58.939,34,93000,4618.0,0.0,4618.0,0.0,4618.0
2026-09-25 09:07:58.939,34,94000,4618.0,0.0,4618.0,0.0,4618.0
2026-09-25 09:07:58.939,34,95000,4618.0,0.0,4618.0,0.0,4618.0
2026-09-25 09:07:58.939,34,96000,4618.0,0.0,4618.0,0.0,4618.0
2026-09-25 09:07:59.044,34,97000,4618.0,0.0,4618.0,0.0,4618.0
2026-09-25 09:07:59.046,34,98000,4618.0,0.0,4618.0,0.0,4618.0
2026-09-25 09:07:59.046,34,99000,4618.0,0.0,4618.0,0.0,4618.0
2026-09-25 09:07:59.046,34,100000,4618.0,0.0,4618.0,0.0,4618.0
2026-09-25 09:08:09.369,35,10000,4618.0,0.0,4618.0,0.0,4618.0
2026-09-25 09:08:09.478,35,11000,4618.0,0.0,4618.0,0.0,4618.0
2026-09-25 09:08:09.478,35,12000,4618.0,0.0,4618.0,0.0,4618.0
2026-09-25 09:08:09.479,35,13000,4618.0,0.0,4618.0,0.0,4618.0
2026-09-25 09:08:09.479,35,14000,4618.0,0.0,4618.0,0.0,4618.0
2026-09-25 09:08:09.588,35,15000,4618.0,0.0,4618.0,0.0,4618.0
2026-09-25 09:08:09.588,35,16000,4618.0,0.0,4618.0,0.0,4618.0
2026-09-25 09:08:09.588,35,17000,4618.0,0.0,4618.0,0.0,4618.0
2026-09-25 09:08:09.589,35,18000,4618.0,0.0,4618.0,0.0,4618.0
2026-09-25 09:08:09.589,35,19000,4618.0,0.0,4618.0,0.0,4618.0
2026-09-25 09:08:09.705,35,20000,4618.0,0.0,4618.0,0.0,4618.0
2026-09-25 09:08:09.705,35,21000,4618.0,0.0,4618.0,0.0,4618.0
2026-09-25 09:08:09.705,35,22000,4618.0,0.0,4618.0,0.0,4618.0
2026-09-25 09:08:09.706,35,23000,4618.0,0.0,4618.0,0.0,4618.0
2026-09-25 09:08:09.706,35,24000,4618.0,0.0,4618.0,0.0,4618.0
2026-09-25 09:08:09.812,35,25000,4618.0,0.0,4618.0,0.0,4618.0
2026-09-25 09:08:09.812,35,26000,4618.0,0.0,4618.0,0.0,4618.0
2026-09-25 09:08:09.813,35,27000,4618.0,0.0,4618.0,0.0,4618.0
2026-09-25 09:08:09.813,35,28000,4618.0,0.0,4618.0,0.0,4618.0
2026-09-25 09:08:09.813,35,29000,4618.0,0.0,4618.0,0.0,4618.0
2026-09-25 09:08:09.922,35,30000,4618.0,0.0,4618.0,0.0,4618.0
2026-09-25 09:08:09.923,35,31000,4618.0,0.0,4618.0,0.0,4618.0
2026-09-25 09:08:09.923,35,32000,4618.0,0.0,4618.0,0.0,4618.0
2026-09-25 09:08:09.923,35,33000,4618.0,0.0,4618.0,0.0,4618.0
2026-09-25 09:08:09.923,35,34000,4618.0,0.0,4618.0,0.0,4618.0
2026-09-25 09:08:09.923,35,35000,4618.0,0.0,4618.0,0.0,4618.0
2026-09-25 09:08:10.028,35,36000,4618.0,0.0,4618.0,0.0,4618.0
2026-09-25 09:08:10.028,35,37000,4618.0,0.0,4618.0,0.0,4618.0
2026-09-25 09:08:10.028,35,38000,4618.0,0.0,4618.0,0.0,4618.0
2026-09-25 09:08:10.028,35,39000,4618.0,0.0,4618.0,0.0,4618.0
2026-09-25 09:08:10.028,35,40000,4618.0,0.0,4618.0,0.0,4618.0
2026-09-25 09:08:10.140,35,41000,4618.0,0.0,4618.0,0.0,4618.0
2026-09-25 09:08:10.140,35,42000,4618.0,0.0,4618.0,0.0,4618.0
2026-09-25 09:08:10.140,35,43000,4618.0,0.0,4618.0,0.0,4618.0
2026-09-25 09:08:10.140,35,44000,4618.0,0.0,4618.0,0.0,4618.0
2026-09-25 09:08:10.141,35,45000,4618.0,0.0,4618.0,0.0,4618.0
2026-09-25 09:08:10.141,35,46000,4618.0,0.0,4618.0,0.0,4618.0
2026-09-25 09:08:10.244,35,47000,4618.0,0.0,4618.0,0.0,4618.0
2026-09-25 09:08:10.245,35,48000,4618.0,0.0,4618.0,0.0,4618.0
2026-09-25 09:08:10.245,35,49000,4618.0,0.0,4618.0,0.0,4618.0
2026-09-25 09:08:10.245,35,50000,4618.0,0.0,4618.0,0.0,4618.0
2026-09-25 09:08:10.245,35,51000,4618.0,0.0,4618.0,0.0,4618.0
2026-09-25 09:08:10.365,35,52000,4618.0,0.0,4618.0,0.0,4618.0
2026-09-25 09:08:10.365,35,53000,4618.0,0.0,4618.0,0.0,4618.0
2026-09-25 09:08:10.365,35,54000,4618.0,0.0,4618.0,0.0,4618.0
2026-09-25 09:08:10.366,35,55000,4618.0,0.0,4618.0,0.0,4618.0
2026-09-25 09:08:10.366,35,56000,4618.0,0.0,4618.0,0.0,4618.0
2026-09-25 09:08:10.366,35,57000,4618.0,0.0,4618.0,0.0,4618.0
2026-09-25 09:08:10.471,35,58000,4618.0,0.0,4618.0,0.0,4618.0
2026-09-25 09:08:10.472,35,59000,4618.0,0.0,4618.0,0.0,4618.0
2026-09-25 09:08:10.472,35,60000,4618.0,0.0,4618.0,0.0,4618.0
2026-09-25 09:08:10.472,35,61000,4618.0,0.0,4618.0,0.0,4618.0
2026-09-25 09:08:10.472,35,62000,4618.0,0.0,4618.0,0.0,4618.0
2026-09-25 09:08:10.472,35,63000,4618.0,0.0,4618.0,0.0,4618.0
2026-09-25 09:08:10.579,35,64000,4618.0,0.0,4618.0,0.0,4618.0
2026-09-25 09:08:10.579,35,65000,4618.0,0.0,4618.0,0.0,4618.0
2026-09-25 09:08:10.579,35,66000,4618.0,0.0,4618.0,0.0,4618.0
2026-09-25 09:08:10.579,35,67000,4618.0,0.0,4618.0,0.0,4618.0
2026-09-25 09:08:10.579,35,68000,4618.0,0.0,4618.0,0.0,4618.0
2026-09-25 09:08:10.684,35,69000,4618.0,0.0,4618.0,0.0,4618.0
2026-09-25 09:08:10.685,35,70000,4618.0,0.0,4618.0,0.0,4618.0
2026-09-25 09:08:10.685,35,71000,4618.0,0.0,4618.0,0.0,4618.0
2026-09-25 09:08:10.685,35,72000,4618.0,0.0,4618.0,0.0,4618.0
2026-09-25 09:08:10.685,35,73000,4618.0,0.0,4618.0,0.0,4618.0
2026-09-25 09:08:10.685,35,74000,4618.0,0.0,4618.0,0.0,4618.0
2026-09-25 09:08:10.801,35,75000,4618.0,0.0,4618.0,0.0,4618.0
2026-09-25 09:08:10.801,35,76000,4618.0,0.0,4618.0,0.0,4618.0
2026-09-25 09:08:10.802,35,77000,4618.0,0.0,4618.0,0.0,4618.0
2026-09-25 09:08:10.802,35,78000,4618.0,0.0,4618.0,0.0,4618.0
2026-09-25 09:08:10.802,35,79000,4618.0,0.0,4618.0,0.0,4618.0
2026-09-25 09:08:10.802,35,80000,4618.0,0.0,4618.0,0.0,4618.0
2026-09-25 09:08:10.904,35,81000,4618.0,0.0,4618.0,0.0,4618.0
2026-09-25 09:08:10.905,35,82000,4618.0,0.0,4618.0,0.0,4618.0
2026-09-25 09:08:10.905,35,83000,4618.0,0.0,4618.0,0.0,4618.0
2026-09-25 09:08:10.905,35,84000,4618.0,0.0,4618.0,0.0,4618.0
2026-09-25 09:08:10.905,35,85000,4618.0,0.0,4618.0,0.0,4618.0
2026-09-25 09:08:10.905,35,86000,4618.0,0.0,4618.0,0.0,4618.0
2026-09-25 09:08:11.023,35,87000,4618.0,0.0,4618.0,0.0,4618.0
2026-09-25 09:08:11.023,35,88000,4618.0,0.0,4618.0,0.0,4618.0
2026-09-25 09:08:11.023,35,89000,4618.0,0.0,4618.0,0.0,4618.0
2026-09-25 09:08:11.023,35,90000,4618.0,0.0,4618.0,0.0,4618.0
2026-09-25 09:08:11.023,35,91000,4618.0,0.0,4618.0,0.0,4618.0
2026-09-25 09:08:11.023,35,92000,4618.0,0.0,4618.0,0.0,4618.0
2026-09-25 09:08:11.145,35,93000,4618.0,0.0,4618.0,0.0,4618.0
2026-09-25 09:08:11.145,35,94000,4618.0,0.0,4618.0,0.0,4618.0
2026-09-25 09:08:11.145,35,95000,4618.0,0.0,4618.0,0.0,4618.0
2026-09-25 09:08:11.145,35,96000,4618.0,0.0,4618.0,0.0,4618.0
2026-09-25 09:08:11.145,35,97000,4618.0,0.0,4618.0,0.0,4618.0
2026-09-25 09:08:11.146,35,98000,4618.0,0.0,4618.0,0.0,4618.0
2026-09-25 09:08:11.253,35,99000,4618.0,0.0,4618.0,0.0,4618.0
2026-09-25 09:08:11.253,35,100000,4618.0,0.0,4618.0,0.0,4618.0
2026-09-25 09:08:21.567,36,10000,4618.0,0.0,4618.0,0.0,4618.0
2026-09-25 09:08:21.567,36,11000,4618.0,0.0,4618.0,0.0,4618.0
2026-09-25 09:08:21.567,36,12000,4618.0,0.0,4618.0,0.0,4618.0
2026-09-25 09:08:21.668,36,13000,4618.0,0.0,4618.0,0.0,4618.0
2026-09-25 09:08:21.668,36,14000,4618.0,0.0,4618.0,0.0,4618.0
2026-09-25 09:08:21.668,36,15000,4618.0,0.0,4618.0,0.0,4618.0
2026-09-25 09:08:21.669,36,16000,4618.0,0.0,4618.0,0.0,4618.0
2026-09-25 09:08:21.784,36,17000,4618.0,0.0,4618.0,0.0,4618.0
2026-09-25 09:08:21.785,36,18000,4618.0,0.0,4618.0,0.0,4618.0
2026-09-25 09:08:21.785,36,19000,4618.0,0.0,4618.0,0.0,4618.0
2026-09-25 09:08:21.785,36,20000,4618.0,0.0,4618.0,0.0,4618.0
2026-09-25 09:08:21.785,36,21000,4618.0,0.0,4618.0,0.0,4618.0
2026-09-25 09:08:21.885,36,22000,4618.0,0.0,4618.0,0.0,4618.0
2026-09-25 09:08:21.885,36,23000,4618.0,0.0,4618.0,0.0,4618.0
2026-09-25 09:08:21.885,36,24000,4618.0,0.0,4618.0,0.0,4618.0
2026-09-25 09:08:21.886,36,25000,4618.0,0.0,4618.0,0.0,4618.0
2026-09-25 09:08:22.009,36,26000,4618.0,0.0,4618.0,0.0,4618.0
2026-09-25 09:08:22.009,36,27000,4618.0,0.0,4618.0,0.0,4618.0
2026-09-25 09:08:22.010,36,28000,4618.0,0.0,4618.0,0.0,4618.0
2026-09-25 09:08:22.010,36,29000,4618.0,0.0,4618.0,0.0,4618.0
2026-09-25 09:08:22.010,36,30000,4618.0,0.0,4618.0,0.0,4618.0
2026-09-25 09:08:22.010,36,31000,4618.0,0.0,4618.0,0.0,4618.0
2026-09-25 09:08:22.121,36,32000,4618.0,0.0,4618.0,0.0,4618.0
2026-09-25 09:08:22.122,36,33000,4618.0,0.0,4618.0,0.0,4618.0
2026-09-25 09:08:22.122,36,34000,4618.0,0.0,4618.0,0.0,4618.0
2026-09-25 09:08:22.122,36,35000,4618.0,0.0,4618.0,0.0,4618.0
2026-09-25 09:08:22.122,36,36000,4618.0,0.0,4618.0,0.0,4618.0
2026-09-25 09:08:22.122,36,37000,4618.0,0.0,4618.0,0.0,4618.0
2026-09-25 09:08:22.239,36,38000,4618.0,0.0,4618.0,0.0,4618.0
2026-09-25 09:08:22.239,36,39000,4618.0,0.0,4618.0,0.0,4618.0
2026-09-25 09:08:22.240,36,40000,4618.0,0.0,4618.0,0.0,4618.0
2026-09-25 09:08:22.240,36,41000,4618.0,0.0,4618.0,0.0,4618.0
2026-09-25 09:08:22.240,36,42000,4618.0,0.0,4618.0,0.0,4618.0
2026-09-25 09:08:22.240,36,43000,4618.0,0.0,4618.0,0.0,4618.0
2026-09-25 09:08:22.345,36,44000,4618.0,0.0,4618.0,0.0,4618.0
2026-09-25 09:08:22.345,36,45000,4618.0,0.0,4618.0,0.0,4618.0
2026-09-25 09:08:22.345,36,46000,4618.0,0.0,4618.0,0.0,4618.0
2026-09-25 09:08:22.345,36,47000,4618.0,0.0,4618.0,0.0,4618.0
2026-09-25 09:08:22.346,36,48000,4618.0,0.0,4618.0,0.0,4618.0
2026-09-25 09:08:22.457,36,49000,4618.0,0.0,4618.0,0.0,4618.0
2026-09-25 09:08:22.458,36,50000,4618.0,0.0,4618.0,0.0,4618.0
2026-09-25 09:08:22.458,36,51000,4618.0,0.0,4618.0,0.0,4618.0
2026-09-25 09:08:22.458,36,52000,4618.0,0.0,4618.0,0.0,4618.0
2026-09-25 09:08:22.458,36,53000,4618.0,0.0,4618.0,0.0,4618.0
2026-09-25 09:08:22.458,36,54000,4618.0,0.0,4618.0,0.0,4618.0
2026-09-25 09:08:22.572,36,55000,4618.0,0.0,4618.0,0.0,4618.0
2026-09-25 09:08:22.572,36,56000,4618.0,0.0,4618.0,0.0,4618.0
2026-09-25 09:08:22.572,36,57000,4618.0,0.0,4618.0,0.0,4618.0
2026-09-25 09:08:22.573,36,58000,4618.0,0.0,4618.0,0.0,4618.0
2026-09-25 09:08:22.573,36,59000,4618.0,0.0,4618.0,0.0,4618.0
2026-09-25 09:08:22.573,36,60000,4618.0,0.0,4618.0,0.0,4618.0
2026-09-25 09:08:22.689,36,61000,4618.0,0.0,4618.0,0.0,4618.0
2026-09-25 09:08:22.689,36,62000,4618.0,0.0,4618.0,0.0,4618.0
2026-09-25 09:08:22.690,36,63000,4618.0,0.0,4618.0,0.0,4618.0
2026-09-25 09:08:22.690,36,64000,4618.0,0.0,4618.0,0.0,4618.0
2026-09-25 09:08:22.690,36,65000,4618.0,0.0,4618.0,0.0,4618.0
2026-09-25 09:08:22.690,36,66000,4618.0,0.0,4618.0,0.0,4618.0
2026-09-25 09:08:22.805,36,67000,4618.0,0.0,4618.0,0.0,4618.0
2026-09-25 09:08:22.806,36,68000,4618.0,0.0,4618.0,0.0,4618.0
2026-09-25 09:08:22.806,36,69000,4618.0,0.0,4618.0,0.0,4618.0
2026-09-25 09:08:22.806,36,70000,4618.0,0.0,4618.0,0.0,4618.0
2026-09-25 09:08:22.806,36,71000,4618.0,0.0,4618.0,0.0,4618.0
2026-09-25 09:08:22.806,36,72000,4618.0,0.0,4618.0,0.0,4618.0
2026-09-25 09:08:22.933,36,73000,4618.0,0.0,4618.0,0.0,4618.0
2026-09-25 09:08:22.933,36,74000,4618.0,0.0,4618.0,0.0,4618.0
2026-09-25 09:08:22.933,36,75000,4618.0,0.0,4618.0,0.0,4618.0
2026-09-25 09:08:22.933,36,76000,4618.0,0.0,4618.0,0.0,4618.0
2026-09-25 09:08:22.934,36,77000,4618.0,0.0,4618.0,0.0,4618.0
2026-09-25 09:08:22.934,36,78000,4618.0,0.0,4618.0,0.0,4618.0
2026-09-25 09:08:22.934,36,79000,4618.0,0.0,4618.0,0.0,4618.0
2026-09-25 09:08:23.059,36,80000,4618.0,0.0,4618.0,0.0,4618.0
2026-09-25 09:08:23.059,36,81000,4618.0,0.0,4618.0,0.0,4618.0
2026-09-25 09:08:23.059,36,82000,4618.0,0.0,4618.0,0.0,4618.0
2026-09-25 09:08:23.060,36,83000,4618.0,0.0,4618.0,0.0,4618.0
2026-09-25 09:08:23.060,36,84000,4618.0,0.0,4618.0,0.0,4618.0
2026-09-25 09:08:23.060,36,85000,4618.0,0.0,4618.0,0.0,4618.0
2026-09-25 09:08:23.172,36,86000,4618.0,0.0,4618.0,0.0,4618.0
2026-09-25 09:08:23.172,36,87000,4618.0,0.0,4618.0,0.0,4618.0
2026-09-25 09:08:23.172,36,88000,4618.0,0.0,4618.0,0.0,4618.0
2026-09-25 09:08:23.173,36,89000,4618.0,0.0,4618.0,0.0,4618.0
2026-09-25 09:08:23.173,36,90000,4618.0,0.0,4618.0,0.0,4618.0
2026-09-25 09:08:23.173,36,91000,4618.0,0.0,4618.0,0.0,4618.0
2026-09-25 09:08:23.284,36,92000,4618.0,0.0,4618.0,0.0,4618.0
2026-09-25 09:08:23.285,36,93000,4618.0,0.0,4618.0,0.0,4618.0
2026-09-25 09:08:23.285,36,94000,4618.0,0.0,4618.0,0.0,4618.0
2026-09-25 09:08:23.285,36,95000,4618.0,0.0,4618.0,0.0,4618.0
2026-09-25 09:08:23.285,36,96000,4618.0,0.0,4618.0,0.0,4618.0
2026-09-25 09:08:23.286,36,97000,4618.0,0.0,4618.0,0.0,4618.0
2026-09-25 09:08:23.386,36,98000,4618.0,0.0,4618.0,0.0,4618.0
2026-09-25 09:08:23.386,36,99000,4618.0,0.0,4618.0,0.0,4618.0
2026-09-25 09:08:23.386,36,100000,4618.0,0.0,4618.0,0.0,4618.0
2026-09-25 09:08:33.718,37,10000,4618.0,0.0,4618.0,0.0,4618.0
2026-09-25 09:08:33.718,37,11000,4618.0,0.0,4618.0,0.0,4618.0
2026-09-25 09:08:33.835,37,12000,4618.0,0.0,4618.0,0.0,4618.0
2026-09-25 09:08:33.836,37,13000,4618.0,0.0,4618.0,0.0,4618.0
2026-09-25 09:08:33.836,37,14000,4618.0,0.0,4618.0,0.0,4618.0
2026-09-25 09:08:33.836,37,15000,4618.0,0.0,4618.0,0.0,4618.0
2026-09-25 09:08:33.836,37,16000,4618.0,0.0,4618.0,0.0,4618.0
2026-09-25 09:08:33.944,37,17000,4618.0,0.0,4618.0,0.0,4618.0
2026-09-25 09:08:33.944,37,18000,4618.0,0.0,4618.0,0.0,4618.0
2026-09-25 09:08:33.944,37,19000,4618.0,0.0,4618.0,0.0,4618.0
2026-09-25 09:08:33.944,37,20000,4618.0,0.0,4618.0,0.0,4618.0
2026-09-25 09:08:33.944,37,21000,4618.0,0.0,4618.0,0.0,4618.0
2026-09-25 09:08:34.051,37,22000,4618.0,0.0,4618.0,0.0,4618.0
2026-09-25 09:08:34.051,37,23000,4618.0,0.0,4618.0,0.0,4618.0
2026-09-25 09:08:34.052,37,24000,4618.0,0.0,4618.0,0.0,4618.0
2026-09-25 09:08:34.052,37,25000,4618.0,0.0,4618.0,0.0,4618.0
2026-09-25 09:08:34.052,37,26000,4618.0,0.0,4618.0,0.0,4618.0
2026-09-25 09:08:34.151,37,27000,4618.0,0.0,4618.0,0.0,4618.0
2026-09-25 09:08:34.151,37,28000,4618.0,0.0,4618.0,0.0,4618.0
2026-09-25 09:08:34.151,37,29000,4618.0,0.0,4618.0,0.0,4618.0
2026-09-25 09:08:34.151,37,30000,4618.0,0.0,4618.0,0.0,4618.0
2026-09-25 09:08:34.268,37,31000,4618.0,0.0,4618.0,0.0,4618.0
2026-09-25 09:08:34.268,37,32000,4618.0,0.0,4618.0,0.0,4618.0
2026-09-25 09:08:34.268,37,33000,4618.0,0.0,4618.0,0.0,4618.0
2026-09-25 09:08:34.269,37,34000,4618.0,0.0,4618.0,0.0,4618.0
2026-09-25 09:08:34.269,37,35000,4618.0,0.0,4618.0,0.0,4618.0
2026-09-25 09:08:34.269,37,36000,4618.0,0.0,4618.0,0.0,4618.0
2026-09-25 09:08:34.368,37,37000,4618.0,0.0,4618.0,0.0,4618.0
2026-09-25 09:08:34.368,37,38000,4618.0,0.0,4618.0,0.0,4618.0
2026-09-25 09:08:34.368,37,39000,4618.0,0.0,4618.0,0.0,4618.0
2026-09-25 09:08:34.368,37,40000,4618.0,0.0,4618.0,0.0,4618.0
2026-09-25 09:08:34.368,37,41000,4618.0,0.0,4618.0,0.0,4618.0
2026-09-25 09:08:34.479,37,42000,4618.0,0.0,4618.0,0.0,4618.0
2026-09-25 09:08:34.479,37,43000,4618.0,0.0,4618.0,0.0,4618.0
2026-09-25 09:08:34.479,37,44000,4618.0,0.0,4618.0,0.0,4618.0
2026-09-25 09:08:34.479,37,45000,4618.0,0.0,4618.0,0.0,4618.0
2026-09-25 09:08:34.480,37,46000,4618.0,0.0,4618.0,0.0,4618.0
2026-09-25 09:08:34.480,37,47000,4618.0,0.0,4618.0,0.0,4618.0
2026-09-25 09:08:34.592,37,48000,4618.0,0.0,4618.0,0.0,4618.0
2026-09-25 09:08:34.592,37,49000,4618.0,0.0,4618.0,0.0,4618.0
2026-09-25 09:08:34.592,37,50000,4618.0,0.0,4618.0,0.0,4618.0
2026-09-25 09:08:34.592,37,51000,4618.0,0.0,4618.0,0.0,4618.0
2026-09-25 09:08:34.593,37,52000,4618.0,0.0,4618.0,0.0,4618.0
2026-09-25 09:08:34.702,37,53000,4618.0,0.0,4618.0,0.0,4618.0
2026-09-25 09:08:34.702,37,54000,4618.0,0.0,4618.0,0.0,4618.0
2026-09-25 09:08:34.702,37,55000,4618.0,0.0,4618.0,0.0,4618.0
2026-09-25 09:08:34.703,37,56000,4618.0,0.0,4618.0,0.0,4618.0
2026-09-25 09:08:34.703,37,57000,4618.0,0.0,4618.0,0.0,4618.0
2026-09-25 09:08:34.703,37,58000,4618.0,0.0,4618.0,0.0,4618.0
2026-09-25 09:08:34.819,37,59000,4618.0,0.0,4618.0,0.0,4618.0
2026-09-25 09:08:34.819,37,60000,4618.0,0.0,4618.0,0.0,4618.0
2026-09-25 09:08:34.819,37,61000,4618.0,0.0,4618.0,0.0,4618.0
2026-09-25 09:08:34.819,37,62000,4618.0,0.0,4618.0,0.0,4618.0
2026-09-25 09:08:34.820,37,63000,4618.0,0.0,4618.0,0.0,4618.0
2026-09-25 09:08:34.820,37,64000,4618.0,0.0,4618.0,0.0,4618.0
2026-09-25 09:08:34.934,37,65000,4618.0,0.0,4618.0,0.0,4618.0
2026-09-25 09:08:34.935,37,66000,4618.0,0.0,4618.0,0.0,4618.0
2026-09-25 09:08:34.935,37,67000,4618.0,0.0,4618.0,0.0,4618.0
2026-09-25 09:08:34.935,37,68000,4618.0,0.0,4618.0,0.0,4618.0
2026-09-25 09:08:34.935,37,69000,4618.0,0.0,4618.0,0.0,4618.0
2026-09-25 09:08:34.935,37,70000,4618.0,0.0,4618.0,0.0,4618.0
2026-09-25 09:08:34.936,37,71000,4618.0,0.0,4618.0,0.0,4618.0
2026-09-25 09:08:35.045,37,72000,4618.0,0.0,4618.0,0.0,4618.0
2026-09-25 09:08:35.045,37,73000,4618.0,0.0,4618.0,0.0,4618.0
2026-09-25 09:08:35.045,37,74000,4618.0,0.0,4618.0,0.0,4618.0
2026-09-25 09:08:35.045,37,75000,4618.0,0.0,4618.0,0.0,4618.0
2026-09-25 09:08:35.046,37,76000,4618.0,0.0,4618.0,0.0,4618.0
2026-09-25 09:08:35.153,37,77000,4618.0,0.0,4618.0,0.0,4618.0
2026-09-25 09:08:35.153,37,78000,4618.0,0.0,4618.0,0.0,4618.0
2026-09-25 09:08:35.153,37,79000,4618.0,0.0,4618.0,0.0,4618.0
2026-09-25 09:08:35.154,37,80000,4618.0,0.0,4618.0,0.0,4618.0
2026-09-25 09:08:35.154,37,81000,4618.0,0.0,4618.0,0.0,4618.0
2026-09-25 09:08:35.154,37,82000,4618.0,0.0,4618.0,0.0,4618.0
2026-09-25 09:08:35.263,37,83000,4618.0,0.0,4618.0,0.0,4618.0
2026-09-25 09:08:35.263,37,84000,4618.0,0.0,4618.0,0.0,4618.0
2026-09-25 09:08:35.263,37,85000,4618.0,0.0,4618.0,0.0,4618.0
2026-09-25 09:08:35.263,37,86000,4618.0,0.0,4618.0,0.0,4618.0
2026-09-25 09:08:35.264,37,87000,4618.0,0.0,4618.0,0.0,4618.0
2026-09-25 09:08:35.264,37,88000,4618.0,0.0,4618.0,0.0,4618.0
2026-09-25 09:08:35.372,37,89000,4618.0,0.0,4618.0,0.0,4618.0
2026-09-25 09:08:35.372,37,90000,4618.0,0.0,4618.0,0.0,4618.0
2026-09-25 09:08:35.372,37,91000,4618.0,0.0,4618.0,0.0,4618.0
2026-09-25 09:08:35.372,37,92000,4618.0,0.0,4618.0,0.0,4618.0
2026-09-25 09:08:35.373,37,93000,4618.0,0.0,4618.0,0.0,4618.0
2026-09-25 09:08:35.373,37,94000,4618.0,0.0,4618.0,0.0,4618.0
2026-09-25 09:08:35.478,37,95000,4618.0,0.0,4618.0,0.0,4618.0
2026-09-25 09:08:35.478,37,96000,4618.0,0.0,4618.0,0.0,4618.0
2026-09-25 09:08:35.479,37,97000,4618.0,0.0,4618.0,0.0,4618.0
2026-09-25 09:08:35.479,37,98000,4618.0,0.0,4618.0,0.0,4618.0
2026-09-25 09:08:35.479,37,99000,4618.0,0.0,4618.0,0.0,4618.0
2026-09-25 09:08:35.588,37,100000,4618.0,0.0,4618.0,0.0,4618.0
2026-09-25 09:08:45.852,38,10000,4618.0,0.0,4618.0,0.0,4618.0
2026-09-25 09:08:45.952,38,11000,4618.0,0.0,4618.0,0.0,4618.0
2026-09-25 09:08:45.952,38,12000,4618.0,0.0,4618.0,0.0,4618.0
2026-09-25 09:08:45.952,38,13000,4618.0,0.0,4618.0,0.0,4618.0
2026-09-25 09:08:45.953,38,14000,4618.0,0.0,4618.0,0.0,4618.0
2026-09-25 09:08:46.074,38,15000,4618.0,0.0,4618.0,0.0,4618.0
2026-09-25 09:08:46.075,38,16000,4618.0,0.0,4618.0,0.0,4618.0
2026-09-25 09:08:46.075,38,17000,4618.0,0.0,4618.0,0.0,4618.0
2026-09-25 09:08:46.075,38,18000,4618.0,0.0,4618.0,0.0,4618.0
2026-09-25 09:08:46.075,38,19000,4618.0,0.0,4618.0,0.0,4618.0
2026-09-25 09:08:46.076,38,20000,4618.0,0.0,4618.0,0.0,4618.0
2026-09-25 09:08:46.190,38,21000,4618.0,0.0,4618.0,0.0,4618.0
2026-09-25 09:08:46.190,38,22000,4618.0,0.0,4618.0,0.0,4618.0
2026-09-25 09:08:46.191,38,23000,4618.0,0.0,4618.0,0.0,4618.0
2026-09-25 09:08:46.191,38,24000,4618.0,0.0,4618.0,0.0,4618.0
2026-09-25 09:08:46.191,38,25000,4618.0,0.0,4618.0,0.0,4618.0
2026-09-25 09:08:46.295,38,26000,4618.0,0.0,4618.0,0.0,4618.0
2026-09-25 09:08:46.295,38,27000,4618.0,0.0,4618.0,0.0,4618.0
2026-09-25 09:08:46.296,38,28000,4618.0,0.0,4618.0,0.0,4618.0
2026-09-25 09:08:46.296,38,29000,4618.0,0.0,4618.0,0.0,4618.0
2026-09-25 09:08:46.296,38,30000,4618.0,0.0,4618.0,0.0,4618.0
2026-09-25 09:08:46.414,38,31000,4618.0,0.0,4618.0,0.0,4618.0
2026-09-25 09:08:46.415,38,32000,4618.0,0.0,4618.0,0.0,4618.0
2026-09-25 09:08:46.415,38,33000,4618.0,0.0,4618.0,0.0,4618.0
2026-09-25 09:08:46.415,38,34000,4618.0,0.0,4618.0,0.0,4618.0
2026-09-25 09:08:46.415,38,35000,4618.0,0.0,4618.0,0.0,4618.0
2026-09-25 09:08:46.415,38,36000,4618.0,0.0,4618.0,0.0,4618.0
2026-09-25 09:08:46.533,38,37000,4618.0,0.0,4618.0,0.0,4618.0
2026-09-25 09:08:46.533,38,38000,4618.0,0.0,4618.0,0.0,4618.0
2026-09-25 09:08:46.533,38,39000,4618.0,0.0,4618.0,0.0,4618.0
2026-09-25 09:08:46.534,38,40000,4618.0,0.0,4618.0,0.0,4618.0
2026-09-25 09:08:46.534,38,41000,4618.0,0.0,4618.0,0.0,4618.0
2026-09-25 09:08:46.534,38,42000,4618.0,0.0,4618.0,0.0,4618.0
2026-09-25 09:08:46.635,38,43000,4618.0,0.0,4618.0,0.0,4618.0
2026-09-25 09:08:46.635,38,44000,4618.0,0.0,4618.0,0.0,4618.0
2026-09-25 09:08:46.635,38,45000,4618.0,0.0,4618.0,0.0,4618.0
2026-09-25 09:08:46.636,38,46000,4618.0,0.0,4618.0,0.0,4618.0
2026-09-25 09:08:46.636,38,47000,4618.0,0.0,4618.0,0.0,4618.0
2026-09-25 09:08:46.746,38,48000,4618.0,0.0,4618.0,0.0,4618.0
2026-09-25 09:08:46.747,38,49000,4618.0,0.0,4618.0,0.0,4618.0
2026-09-25 09:08:46.748,38,50000,4618.0,0.0,4618.0,0.0,4618.0
2026-09-25 09:08:46.748,38,51000,4618.0,0.0,4618.0,0.0,4618.0
2026-09-25 09:08:46.748,38,52000,4618.0,0.0,4618.0,0.0,4618.0
2026-09-25 09:08:46.863,38,53000,4618.0,0.0,4618.0,0.0,4618.0
2026-09-25 09:08:46.863,38,54000,4618.0,0.0,4618.0,0.0,4618.0
2026-09-25 09:08:46.863,38,55000,4618.0,0.0,4618.0,0.0,4618.0
2026-09-25 09:08:46.864,38,56000,4618.0,0.0,4618.0,0.0,4618.0
2026-09-25 09:08:46.864,38,57000,4618.0,0.0,4618.0,0.0,4618.0
2026-09-25 09:08:46.864,38,58000,4618.0,0.0,4618.0,0.0,4618.0
2026-09-25 09:08:46.968,38,59000,4618.0,0.0,4618.0,0.0,4618.0
2026-09-25 09:08:46.968,38,60000,4618.0,0.0,4618.0,0.0,4618.0
2026-09-25 09:08:46.969,38,61000,4618.0,0.0,4618.0,0.0,4618.0
2026-09-25 09:08:46.969,38,62000,4618.0,0.0,4618.0,0.0,4618.0
2026-09-25 09:08:46.969,38,63000,4618.0,0.0,4618.0,0.0,4618.0
2026-09-25 09:08:46.969,38,64000,4618.0,0.0,4618.0,0.0,4618.0
2026-09-25 09:08:47.086,38,65000,4618.0,0.0,4618.0,0.0,4618.0
2026-09-25 09:08:47.086,38,66000,4618.0,0.0,4618.0,0.0,4618.0
2026-09-25 09:08:47.087,38,67000,4618.0,0.0,4618.0,0.0,4618.0
2026-09-25 09:08:47.087,38,68000,4618.0,0.0,4618.0,0.0,4618.0
2026-09-25 09:08:47.087,38,69000,4618.0,0.0,4618.0,0.0,4618.0
2026-09-25 09:08:47.087,38,70000,4618.0,0.0,4618.0,0.0,4618.0
2026-09-25 09:08:47.214,38,71000,4618.0,0.0,4618.0,0.0,4618.0
2026-09-25 09:08:47.214,38,72000,4618.0,0.0,4618.0,0.0,4618.0
2026-09-25 09:08:47.214,38,73000,4618.0,0.0,4618.0,0.0,4618.0
2026-09-25 09:08:47.215,38,74000,4618.0,0.0,4618.0,0.0,4618.0
2026-09-25 09:08:47.215,38,75000,4618.0,0.0,4618.0,0.0,4618.0
2026-09-25 09:08:47.215,38,76000,4618.0,0.0,4618.0,0.0,4618.0
2026-09-25 09:08:47.215,38,77000,4618.0,0.0,4618.0,0.0,4618.0
2026-09-25 09:08:47.322,38,78000,4618.0,0.0,4618.0,0.0,4618.0
2026-09-25 09:08:47.323,38,79000,4618.0,0.0,4618.0,0.0,4618.0
2026-09-25 09:08:47.323,38,80000,4618.0,0.0,4618.0,0.0,4618.0
2026-09-25 09:08:47.323,38,81000,4618.0,0.0,4618.0,0.0,4618.0
2026-09-25 09:08:47.323,38,82000,4618.0,0.0,4618.0,0.0,4618.0
2026-09-25 09:08:47.324,38,83000,4618.0,0.0,4618.0,0.0,4618.0
2026-09-25 09:08:47.435,38,84000,4618.0,0.0,4618.0,0.0,4618.0
2026-09-25 09:08:47.435,38,85000,4618.0,0.0,4618.0,0.0,4618.0
2026-09-25 09:08:47.435,38,86000,4618.0,0.0,4618.0,0.0,4618.0
2026-09-25 09:08:47.436,38,87000,4618.0,0.0,4618.0,0.0,4618.0
2026-09-25 09:08:47.436,38,88000,4618.0,0.0,4618.0,0.0,4618.0
2026-09-25 09:08:47.551,38,89000,4618.0,0.0,4618.0,0.0,4618.0
2026-09-25 09:08:47.551,38,90000,4618.0,0.0,4618.0,0.0,4618.0
2026-09-25 09:08:47.552,38,91000,4618.0,0.0,4618.0,0.0,4618.0
2026-09-25 09:08:47.552,38,92000,4618.0,0.0,4618.0,0.0,4618.0
2026-09-25 09:08:47.552,38,93000,4618.0,0.0,4618.0,0.0,4618.0
2026-09-25 09:08:47.552,38,94000,4618.0,0.0,4618.0,0.0,4618.0
2026-09-25 09:08:47.552,38,95000,4618.0,0.0,4618.0,0.0,4618.0
2026-09-25 09:08:47.652,38,96000,4618.0,0.0,4618.0,0.0,4618.0
2026-09-25 09:08:47.652,38,97000,4618.0,0.0,4618.0,0.0,4618.0
2026-09-25 09:08:47.652,38,98000,4618.0,0.0,4618.0,0.0,4618.0
2026-09-25 09:08:47.653,38,99000,4618.0,0.0,4618.0,0.0,4618.0
2026-09-25 09:08:47.653,38,100000,4618.0,0.0,4618.0,0.0,4618.0
2026-09-25 09:08:58.044,39,10000,4618.0,0.0,4618.0,0.0,4618.0
2026-09-25 09:08:58.045,39,11000,4618.0,0.0,4618.0,0.0,4618.0
2026-09-25 09:08:58.045,39,12000,4618.0,0.0,4618.0,0.0,4618.0
2026-09-25 09:08:58.156,39,13000,4618.0,0.0,4618.0,0.0,4618.0
2026-09-25 09:08:58.156,39,14000,4618.0,0.0,4618.0,0.0,4618.0
2026-09-25 09:08:58.156,39,15000,4618.0,0.0,4618.0,0.0,4618.0
2026-09-25 09:08:58.156,39,16000,4618.0,0.0,4618.0,0.0,4618.0
2026-09-25 09:08:58.273,39,17000,4618.0,0.0,4618.0,0.0,4618.0
2026-09-25 09:08:58.274,39,18000,4618.0,0.0,4618.0,0.0,4618.0
2026-09-25 09:08:58.274,39,19000,4618.0,0.0,4618.0,0.0,4618.0
2026-09-25 09:08:58.274,39,20000,4618.0,0.0,4618.0,0.0,4618.0
2026-09-25 09:08:58.275,39,21000,4618.0,0.0,4618.0,0.0,4618.0
2026-09-25 09:08:58.390,39,22000,4618.0,0.0,4618.0,0.0,4618.0
2026-09-25 09:08:58.390,39,23000,4618.0,0.0,4618.0,0.0,4618.0
2026-09-25 09:08:58.390,39,24000,4618.0,0.0,4618.0,0.0,4618.0
2026-09-25 09:08:58.390,39,25000,4618.0,0.0,4618.0,0.0,4618.0
2026-09-25 09:08:58.390,39,26000,4618.0,0.0,4618.0,0.0,4618.0
2026-09-25 09:08:58.391,39,27000,4618.0,0.0,4618.0,0.0,4618.0
2026-09-25 09:08:58.496,39,28000,4618.0,0.0,4618.0,0.0,4618.0
2026-09-25 09:08:58.496,39,29000,4618.0,0.0,4618.0,0.0,4618.0
2026-09-25 09:08:58.496,39,30000,4618.0,0.0,4618.0,0.0,4618.0
2026-09-25 09:08:58.497,39,31000,4618.0,0.0,4618.0,0.0,4618.0
2026-09-25 09:08:58.497,39,32000,4618.0,0.0,4618.0,0.0,4618.0
2026-09-25 09:08:58.623,39,33000,4618.0,0.0,4618.0,0.0,4618.0
2026-09-25 09:08:58.623,39,34000,4618.0,0.0,4618.0,0.0,4618.0
2026-09-25 09:08:58.623,39,35000,4618.0,0.0,4618.0,0.0,4618.0
2026-09-25 09:08:58.623,39,36000,4618.0,0.0,4618.0,0.0,4618.0
2026-09-25 09:08:58.623,39,37000,4618.0,0.0,4618.0,0.0,4618.0
2026-09-25 09:08:58.624,39,38000,4618.0,0.0,4618.0,0.0,4618.0
2026-09-25 09:08:58.733,39,39000,4618.0,0.0,4618.0,0.0,4618.0
2026-09-25 09:08:58.733,39,40000,4618.0,0.0,4618.0,0.0,4618.0
2026-09-25 09:08:58.734,39,41000,4618.0,0.0,4618.0,0.0,4618.0
2026-09-25 09:08:58.734,39,42000,4618.0,0.0,4618.0,0.0,4618.0
2026-09-25 09:08:58.734,39,43000,4618.0,0.0,4618.0,0.0,4618.0
2026-09-25 09:08:58.734,39,44000,4618.0,0.0,4618.0,0.0,4618.0
2026-09-25 09:08:58.839,39,45000,4618.0,0.0,4618.0,0.0,4618.0
2026-09-25 09:08:58.840,39,46000,4618.0,0.0,4618.0,0.0,4618.0
2026-09-25 09:08:58.840,39,47000,4618.0,0.0,4618.0,0.0,4618.0
2026-09-25 09:08:58.840,39,48000,4618.0,0.0,4618.0,0.0,4618.0
2026-09-25 09:08:58.840,39,49000,4618.0,0.0,4618.0,0.0,4618.0
2026-09-25 09:08:58.956,39,50000,4618.0,0.0,4618.0,0.0,4618.0
2026-09-25 09:08:58.956,39,51000,4618.0,0.0,4618.0,0.0,4618.0
2026-09-25 09:08:58.956,39,52000,4618.0,0.0,4618.0,0.0,4618.0
2026-09-25 09:08:58.957,39,53000,4618.0,0.0,4618.0,0.0,4618.0
2026-09-25 09:08:58.957,39,54000,4618.0,0.0,4618.0,0.0,4618.0
2026-09-25 09:08:58.957,39,55000,4618.0,0.0,4618.0,0.0,4618.0
2026-09-25 09:08:59.062,39,56000,4618.0,0.0,4618.0,0.0,4618.0
2026-09-25 09:08:59.062,39,57000,4618.0,0.0,4618.0,0.0,4618.0
2026-09-25 09:08:59.062,39,58000,4618.0,0.0,4618.0,0.0,4618.0
2026-09-25 09:08:59.063,39,59000,4618.0,0.0,4618.0,0.0,4618.0
2026-09-25 09:08:59.063,39,60000,4618.0,0.0,4618.0,0.0,4618.0
2026-09-25 09:08:59.173,39,61000,4618.0,0.0,4618.0,0.0,4618.0
2026-09-25 09:08:59.173,39,62000,4618.0,0.0,4618.0,0.0,4618.0
2026-09-25 09:08:59.173,39,63000,4618.0,0.0,4618.0,0.0,4618.0
2026-09-25 09:08:59.174,39,64000,4618.0,0.0,4618.0,0.0,4618.0
2026-09-25 09:08:59.174,39,65000,4618.0,0.0,4618.0,0.0,4618.0
2026-09-25 09:08:59.174,39,66000,4618.0,0.0,4618.0,0.0,4618.0
2026-09-25 09:08:59.280,39,67000,4618.0,0.0,4618.0,0.0,4618.0
2026-09-25 09:08:59.280,39,68000,4618.0,0.0,4618.0,0.0,4618.0
2026-09-25 09:08:59.280,39,69000,4618.0,0.0,4618.0,0.0,4618.0
2026-09-25 09:08:59.281,39,70000,4618.0,0.0,4618.0,0.0,4618.0
2026-09-25 09:08:59.281,39,71000,4618.0,0.0,4618.0,0.0,4618.0
2026-09-25 09:08:59.281,39,72000,4618.0,0.0,4618.0,0.0,4618.0
2026-09-25 09:08:59.392,39,73000,4618.0,0.0,4618.0,0.0,4618.0
2026-09-25 09:08:59.392,39,74000,4618.0,0.0,4618.0,0.0,4618.0
2026-09-25 09:08:59.393,39,75000,4618.0,0.0,4618.0,0.0,4618.0
2026-09-25 09:08:59.393,39,76000,4618.0,0.0,4618.0,0.0,4618.0
2026-09-25 09:08:59.393,39,77000,4618.0,0.0,4618.0,0.0,4618.0
2026-09-25 09:08:59.393,39,78000,4618.0,0.0,4618.0,0.0,4618.0
2026-09-25 09:08:59.506,39,79000,4618.0,0.0,4618.0,0.0,4618.0
2026-09-25 09:08:59.506,39,80000,4618.0,0.0,4618.0,0.0,4618.0
2026-09-25 09:08:59.506,39,81000,4618.0,0.0,4618.0,0.0,4618.0
2026-09-25 09:08:59.507,39,82000,4618.0,0.0,4618.0,0.0,4618.0
2026-09-25 09:08:59.507,39,83000,4618.0,0.0,4618.0,0.0,4618.0
2026-09-25 09:08:59.507,39,84000,4618.0,0.0,4618.0,0.0,4618.0
2026-09-25 09:08:59.612,39,85000,4618.0,0.0,4618.0,0.0,4618.0
2026-09-25 09:08:59.613,39,86000,4618.0,0.0,4618.0,0.0,4618.0
2026-09-25 09:08:59.613,39,87000,4618.0,0.0,4618.0,0.0,4618.0
2026-09-25 09:08:59.614,39,88000,4618.0,0.0,4618.0,0.0,4618.0
2026-09-25 09:08:59.614,39,89000,4618.0,0.0,4618.0,0.0,4618.0
2026-09-25 09:08:59.715,39,90000,4618.0,0.0,4618.0,0.0,4618.0
2026-09-25 09:08:59.715,39,91000,4618.0,0.0,4618.0,0.0,4618.0
2026-09-25 09:08:59.715,39,92000,4618.0,0.0,4618.0,0.0,4618.0
2026-09-25 09:08:59.715,39,93000,4618.0,0.0,4618.0,0.0,4618.0
2026-09-25 09:08:59.716,39,94000,4618.0,0.0,4618.0,0.0,4618.0
2026-09-25 09:08:59.716,39,95000,4618.0,0.0,4618.0,0.0,4618.0
2026-09-25 09:08:59.825,39,96000,4618.0,0.0,4618.0,0.0,4618.0
2026-09-25 09:08:59.826,39,97000,4618.0,0.0,4618.0,0.0,4618.0
2026-09-25 09:08:59.826,39,98000,4618.0,0.0,4618.0,0.0,4618.0
2026-09-25 09:08:59.826,39,99000,4618.0,0.0,4618.0,0.0,4618.0
2026-09-25 09:08:59.826,39,100000,4618.0,0.0,4618.0,0.0,4618.0
2026-09-25 09:09:10.176,40,10000,4618.0,0.0,4618.0,0.0,4618.0
2026-09-25 09:09:10.177,40,11000,4618.0,0.0,4618.0,0.0,4618.0
2026-09-25 09:09:10.279,40,12000,4618.0,0.0,4618.0,0.0,4618.0
2026-09-25 09:09:10.279,40,13000,4618.0,0.0,4618.0,0.0,4618.0
2026-09-25 09:09:10.279,40,14000,4618.0,0.0,4618.0,0.0,4618.0
2026-09-25 09:09:10.280,40,15000,4618.0,0.0,4618.0,0.0,4618.0
2026-09-25 09:09:10.386,40,16000,4618.0,0.0,4618.0,0.0,4618.0
2026-09-25 09:09:10.386,40,17000,4618.0,0.0,4618.0,0.0,4618.0
2026-09-25 09:09:10.387,40,18000,4618.0,0.0,4618.0,0.0,4618.0
2026-09-25 09:09:10.387,40,19000,4618.0,0.0,4618.0,0.0,4618.0
2026-09-25 09:09:10.503,40,20000,4618.0,0.0,4618.0,0.0,4618.0
2026-09-25 09:09:10.503,40,21000,4618.0,0.0,4618.0,0.0,4618.0
2026-09-25 09:09:10.503,40,22000,4618.0,0.0,4618.0,0.0,4618.0
2026-09-25 09:09:10.503,40,23000,4618.0,0.0,4618.0,0.0,4618.0
2026-09-25 09:09:10.504,40,24000,4618.0,0.0,4618.0,0.0,4618.0
2026-09-25 09:09:10.504,40,25000,4618.0,0.0,4618.0,0.0,4618.0
2026-09-25 09:09:10.612,40,26000,4618.0,0.0,4618.0,0.0,4618.0
2026-09-25 09:09:10.613,40,27000,4618.0,0.0,4618.0,0.0,4618.0
2026-09-25 09:09:10.613,40,28000,4618.0,0.0,4618.0,0.0,4618.0
2026-09-25 09:09:10.613,40,29000,4618.0,0.0,4618.0,0.0,4618.0
2026-09-25 09:09:10.613,40,30000,4618.0,0.0,4618.0,0.0,4618.0
2026-09-25 09:09:10.712,40,31000,4618.0,0.0,4618.0,0.0,4618.0
2026-09-25 09:09:10.713,40,32000,4618.0,0.0,4618.0,0.0,4618.0
2026-09-25 09:09:10.713,40,33000,4618.0,0.0,4618.0,0.0,4618.0
2026-09-25 09:09:10.713,40,34000,4618.0,0.0,4618.0,0.0,4618.0
2026-09-25 09:09:10.714,40,35000,4618.0,0.0,4618.0,0.0,4618.0
2026-09-25 09:09:10.834,40,36000,4618.0,0.0,4618.0,0.0,4618.0
2026-09-25 09:09:10.834,40,37000,4618.0,0.0,4618.0,0.0,4618.0
2026-09-25 09:09:10.834,40,38000,4618.0,0.0,4618.0,0.0,4618.0
2026-09-25 09:09:10.834,40,39000,4618.0,0.0,4618.0,0.0,4618.0
2026-09-25 09:09:10.835,40,40000,4618.0,0.0,4618.0,0.0,4618.0
2026-09-25 09:09:10.835,40,41000,4618.0,0.0,4618.0,0.0,4618.0
2026-09-25 09:09:10.941,40,42000,4618.0,0.0,4618.0,0.0,4618.0
2026-09-25 09:09:10.942,40,43000,4618.0,0.0,4618.0,0.0,4618.0
2026-09-25 09:09:10.942,40,44000,4618.0,0.0,4618.0,0.0,4618.0
2026-09-25 09:09:10.942,40,45000,4618.0,0.0,4618.0,0.0,4618.0
2026-09-25 09:09:10.942,40,46000,4618.0,0.0,4618.0,0.0,4618.0
2026-09-25 09:09:11.046,40,47000,4618.0,0.0,4618.0,0.0,4618.0
2026-09-25 09:09:11.046,40,48000,4618.0,0.0,4618.0,0.0,4618.0
2026-09-25 09:09:11.046,40,49000,4618.0,0.0,4618.0,0.0,4618.0
2026-09-25 09:09:11.046,40,50000,4618.0,0.0,4618.0,0.0,4618.0
2026-09-25 09:09:11.047,40,51000,4618.0,0.0,4618.0,0.0,4618.0
2026-09-25 09:09:11.166,40,52000,4618.0,0.0,4618.0,0.0,4618.0
2026-09-25 09:09:11.167,40,53000,4720.47,0.82,4719.986573700508,67.55564363501131,4720.47
2026-09-25 09:09:11.167,40,54000,4618.0,0.0,4618.0,0.0,4618.0
2026-09-25 09:09:11.167,40,55000,4618.0,0.0,4618.0,0.0,4618.0
2026-09-25 09:09:11.167,40,56000,4618.0,0.0,4618.0,0.0,4618.0
2026-09-25 09:09:11.167,40,57000,4618.0,0.0,4618.0,0.0,4618.0
2026-09-25 09:09:11.167,40,58000,4618.0,0.0,4618.0,0.0,4618.0
2026-09-25 09:09:11.283,40,59000,4618.0,0.0,4618.0,0.0,4618.0
2026-09-25 09:09:11.283,40,60000,4618.0,0.0,4618.0,0.0,4618.0
2026-09-25 09:09:11.283,40,61000,4618.0,0.0,4618.0,0.0,4618.0
2026-09-25 09:09:11.284,40,62000,4618.0,0.0,4618.0,0.0,4618.0
2026-09-25 09:09:11.284,40,63000,4618.0,0.0,4618.0,0.0,4618.0
2026-09-25 09:09:11.284,40,64000,4618.0,0.0,4618.0,0.0,4618.0
2026-09-25 09:09:11.386,40,65000,4531.21,-0.93,4530.613108641183,-73.54538672593844,4531.21
2026-09-25 09:09:11.386,40,66000,4618.0,0.0,4618.0,0.0,4618.0
2026-09-25 09:09:11.387,40,67000,4618.0,0.0,4618.0,0.0,4618.0
2026-09-25 09:09:11.387,40,68000,4618.0,0.0,4618.0,0.0,4618.0
2026-09-25 09:09:11.387,40,69000,4618.0,0.0,4618.0,0.0,4618.0
2026-09-25 09:09:11.495,40,70000,4618.0,0.0,4618.0,0.0,4618.0
2026-09-25 09:09:11.496,40,71000,4618.0,0.0,4618.0,0.0,4618.0
2026-09-25 09:09:11.496,40,72000,4618.0,0.0,4618.0,0.0,4618.0
2026-09-25 09:09:11.496,40,73000,4618.0,0.0,4618.0,0.0,4618.0
2026-09-25 09:09:11.497,40,74000,4618.0,0.0,4618.0,0.0,4618.0
2026-09-25 09:09:11.497,40,75000,4618.0,0.0,4618.0,0.0,4618.0
2026-09-25 09:09:11.605,40,76000,4618.0,0.0,4618.0,0.0,4618.0
2026-09-25 09:09:11.606,40,77000,4618.0,0.0,4618.0,0.0,4618.0
2026-09-25 09:09:11.606,40,78000,4618.0,0.0,4618.0,0.0,4618.0
2026-09-25 09:09:11.606,40,79000,4618.0,0.0,4618.0,0.0,4618.0
2026-09-25 09:09:11.606,40,80000,4618.0,0.0,4618.0,0.0,4618.0
2026-09-25 09:09:11.607,40,81000,4618.0,0.0,4618.0,0.0,4618.0
2026-09-25 09:09:11.713,40,82000,4618.0,0.0,4618.0,0.0,4618.0
2026-09-25 09:09:11.713,40,83000,4618.0,0.0,4618.0,0.0,4618.0
2026-09-25 09:09:11.713,40,84000,4618.0,0.0,4618.0,0.0,4618.0
2026-09-25 09:09:11.714,40,85000,4618.0,0.0,4618.0,0.0,4618.0
2026-09-25 09:09:11.714,40,86000,4618.0,0.0,4618.0,0.0,4618.0
2026-09-25 09:09:11.829,40,87000,4618.0,0.0,4618.0,0.0,4618.0
2026-09-25 09:09:11.829,40,88000,4618.0,0.0,4618.0,0.0,4618.0
2026-09-25 09:09:11.829,40,89000,4618.0,0.0,4618.0,0.0,4618.0
2026-09-25 09:09:11.830,40,90000,4618.0,0.0,4618.0,0.0,4618.0
2026-09-25 09:09:11.830,40,91000,4618.0,0.0,4618.0,0.0,4618.0
2026-09-25 09:09:11.830,40,92000,4618.0,0.0,4618.0,0.0,4618.0
2026-09-25 09:09:11.830,40,93000,4618.0,0.0,4618.0,0.0,4618.0
2026-09-25 09:09:11.938,40,94000,4618.0,0.0,4618.0,0.0,4618.0
2026-09-25 09:09:11.939,40,95000,4618.0,0.0,4618.0,0.0,4618.0
2026-09-25 09:09:11.939,40,96000,4618.0,0.0,4618.0,0.0,4618.0
2026-09-25 09:09:11.939,40,97000,4618.0,0.0,4618.0,0.0,4618.0
2026-09-25 09:09:11.940,40,98000,4618.0,0.0,4618.0,0.0,4618.0
2026-09-25 09:09:12.046,40,99000,4618.0,0.0,4618.0,0.0,4618.0
2026-09-25 09:09:12.046,40,100000,4618.0,0.0,4618.0,0.0,4618.0
2026-09-25 09:09:22.389,41,10000,4618.0,0.0,4618.0,0.0,4618.0
2026-09-25 09:09:22.389,41,11000,4618.0,0.0,4618.0,0.0,4618.0
2026-09-25 09:09:22.389,41,12000,4618.0,0.0,4618.0,0.0,4618.0
2026-09-25 09:09:22.389,41,13000,4493.51,-0.23,4493.473795251007,-18.038056783311703,4493.51
2026-09-25 09:09:22.496,41,14000,4618.0,0.0,4618.0,0.0,4618.0
2026-09-25 09:09:22.496,41,15000,4618.0,0.0,4618.0,0.0,4618.0
2026-09-25 09:09:22.496,41,16000,4618.0,0.0,4618.0,0.0,4618.0
2026-09-25 09:09:22.496,41,17000,4618.0,0.0,4618.0,0.0,4618.0
2026-09-25 09:09:22.623,41,18000,4618.0,0.0,4618.0,0.0,4618.0
2026-09-25 09:09:22.623,41,19000,4618.0,0.0,4618.0,0.0,4618.0
2026-09-25 09:09:22.623,41,20000,4618.0,0.0,4618.0,0.0,4618.0
2026-09-25 09:09:22.624,41,21000,4618.0,0.0,4618.0,0.0,4618.0
2026-09-25 09:09:22.624,41,22000,4618.0,0.0,4618.0,0.0,4618.0
2026-09-25 09:09:22.624,41,23000,4618.0,0.0,4618.0,0.0,4618.0
2026-09-25 09:09:22.734,41,24000,4618.0,0.0,4618.0,0.0,4618.0
2026-09-25 09:09:22.735,41,25000,4618.0,0.0,4618.0,0.0,4618.0
2026-09-25 09:09:22.735,41,26000,4618.0,0.0,4618.0,0.0,4618.0
2026-09-25 09:09:22.735,41,27000,4618.0,0.0,4618.0,0.0,4618.0
2026-09-25 09:09:22.735,41,28000,4618.0,0.0,4618.0,0.0,4618.0
2026-09-25 09:09:22.843,41,29000,4618.0,0.0,4618.0,0.0,4618.0
2026-09-25 09:09:22.843,41,30000,4618.0,0.0,4618.0,0.0,4618.0
2026-09-25 09:09:22.843,41,31000,4618.0,0.0,4618.0,0.0,4618.0
2026-09-25 09:09:22.844,41,32000,4618.0,0.0,4618.0,0.0,4618.0
2026-09-25 09:09:22.844,41,33000,4618.0,0.0,4618.0,0.0,4618.0
2026-09-25 09:09:22.964,41,34000,4618.0,0.0,4618.0,0.0,4618.0
2026-09-25 09:09:22.965,41,35000,4618.0,0.0,4618.0,0.0,4618.0
2026-09-25 09:09:22.965,41,36000,4618.0,0.0,4618.0,0.0,4618.0
2026-09-25 09:09:22.965,41,37000,4618.0,0.0,4618.0,0.0,4618.0
2026-09-25 09:09:22.965,41,38000,4618.0,0.0,4618.0,0.0,4618.0
2026-09-25 09:09:22.965,41,39000,4618.0,0.0,4618.0,0.0,4618.0
2026-09-25 09:09:23.083,41,40000,4618.0,0.0,4618.0,0.0,4618.0
2026-09-25 09:09:23.083,41,41000,4618.0,0.0,4618.0,0.0,4618.0
2026-09-25 09:09:23.084,41,42000,4618.0,0.0,4618.0,0.0,4618.0
2026-09-25 09:09:23.084,41,43000,4618.0,0.0,4618.0,0.0,4618.0
2026-09-25 09:09:23.084,41,44000,4618.0,0.0,4618.0,0.0,4618.0
2026-09-25 09:09:23.084,41,45000,4618.0,0.0,4618.0,0.0,4618.0
2026-09-25 09:09:23.196,41,46000,4618.0,0.0,4618.0,0.0,4618.0
2026-09-25 09:09:23.196,41,47000,4618.0,0.0,4618.0,0.0,4618.0
2026-09-25 09:09:23.196,41,48000,4618.0,0.0,4618.0,0.0,4618.0
2026-09-25 09:09:23.196,41,49000,4618.0,0.0,4618.0,0.0,4618.0
2026-09-25 09:09:23.196,41,50000,4618.0,0.0,4618.0,0.0,4618.0
2026-09-25 09:09:23.197,41,51000,4618.0,0.0,4618.0,0.0,4618.0
2026-09-25 09:09:23.296,41,52000,4618.0,0.0,4618.0,0.0,4618.0
2026-09-25 09:09:23.296,41,53000,4618.0,0.0,4618.0,0.0,4618.0
2026-09-25 09:09:23.296,41,54000,4618.0,0.0,4618.0,0.0,4618.0
2026-09-25 09:09:23.297,41,55000,4618.0,0.0,4618.0,0.0,4618.0
2026-09-25 09:09:23.297,41,56000,4618.0,0.0,4618.0,0.0,4618.0
2026-09-25 09:09:23.412,41,57000,4618.0,0.0,4618.0,0.0,4618.0
2026-09-25 09:09:23.413,41,58000,4618.0,0.0,4618.0,0.0,4618.0
2026-09-25 09:09:23.413,41,59000,4618.0,0.0,4618.0,0.0,4618.0
2026-09-25 09:09:23.413,41,60000,4618.0,0.0,4618.0,0.0,4618.0
2026-09-25 09:09:23.414,41,61000,4618.0,0.0,4618.0,0.0,4618.0
2026-09-25 09:09:23.414,41,62000,4618.0,0.0,4618.0,0.0,4618.0
2026-09-25 09:09:23.522,41,63000,4618.0,0.0,4618.0,0.0,4618.0
2026-09-25 09:09:23.522,41,64000,4618.0,0.0,4618.0,0.0,4618.0
2026-09-25 09:09:23.523,41,65000,4618.0,0.0,4618.0,0.0,4618.0
2026-09-25 09:09:23.523,41,66000,4618.0,0.0,4618.0,0.0,4618.0
2026-09-25 09:09:23.523,41,67000,4618.0,0.0,4618.0,0.0,4618.0
2026-09-25 09:09:23.523,41,68000,4618.0,0.0,4618.0,0.0,4618.0
2026-09-25 09:09:23.626,41,69000,4618.0,0.0,4618.0,0.0,4618.0
2026-09-25 09:09:23.626,41,70000,4618.0,0.0,4618.0,0.0,4618.0
2026-09-25 09:09:23.626,41,71000,4618.0,0.0,4618.0,0.0,4618.0
2026-09-25 09:09:23.627,41,72000,4618.0,0.0,4618.0,0.0,4618.0
2026-09-25 09:09:23.627,41,73000,4618.0,0.0,4618.0,0.0,4618.0
2026-09-25 09:09:23.627,41,74000,4618.0,0.0,4618.0,0.0,4618.0
2026-09-25 09:09:23.736,41,75000,4618.0,0.0,4618.0,0.0,4618.0
2026-09-25 09:09:23.736,41,76000,4618.0,0.0,4618.0,0.0,4618.0
2026-09-25 09:09:23.737,41,77000,4618.0,0.0,4618.0,0.0,4618.0
2026-09-25 09:09:23.737,41,78000,4618.0,0.0,4618.0,0.0,4618.0
2026-09-25 09:09:23.737,41,79000,4618.0,0.0,4618.0,0.0,4618.0
2026-09-25 09:09:23.840,41,80000,4618.0,0.0,4618.0,0.0,4618.0
2026-09-25 09:09:23.840,41,81000,4618.0,0.0,4618.0,0.0,4618.0
2026-09-25 09:09:23.840,41,82000,4618.0,0.0,4618.0,0.0,4618.0
2026-09-25 09:09:23.840,41,83000,4618.0,0.0,4618.0,0.0,4618.0
2026-09-25 09:09:23.840,41,84000,4618.0,0.0,4618.0,0.0,4618.0
2026-09-25 09:09:23.841,41,85000,4618.0,0.0,4618.0,0.0,4618.0
2026-09-25 09:09:23.956,41,86000,4618.0,0.0,4618.0,0.0,4618.0
2026-09-25 09:09:23.956,41,87000,4618.0,0.0,4618.0,0.0,4618.0
2026-09-25 09:09:23.956,41,88000,4618.0,0.0,4618.0,0.0,4618.0
2026-09-25 09:09:23.957,41,89000,4618.0,0.0,4618.0,0.0,4618.0
2026-09-25 09:09:23.957,41,90000,4618.0,0.0,4618.0,0.0,4618.0
2026-09-25 09:09:23.957,41,91000,4618.0,0.0,4618.0,0.0,4618.0
2026-09-25 09:09:24.062,41,92000,4618.0,0.0,4618.0,0.0,4618.0
2026-09-25 09:09:24.064,41,93000,4618.0,0.0,4618.0,0.0,4618.0
2026-09-25 09:09:24.064,41,94000,4618.0,0.0,4618.0,0.0,4618.0
2026-09-25 09:09:24.065,41,95000,4618.0,0.0,4618.0,0.0,4618.0
2026-09-25 09:09:24.065,41,96000,4618.0,0.0,4618.0,0.0,4618.0
2026-09-25 09:09:24.065,41,97000,4618.0,0.0,4618.0,0.0,4618.0
2026-09-25 09:09:24.173,41,98000,4618.0,0.0,4618.0,0.0,4618.0
2026-09-25 09:09:24.173,41,99000,4618.0,0.0,4618.0,0.0,4618.0
2026-09-25 09:09:24.173,41,100000,4618.0,0.0,4618.0,0.0,4618.0
2026-09-25 09:09:34.514,42,10000,4618.0,0.0,4618.0,0.0,4618.0
2026-09-25 09:09:34.515,42,11000,4618.0,0.0,4618.0,0.0,4618.0
2026-09-25 09:09:34.623,42,12000,4618.0,0.0,4618.0,0.0,4618.0
2026-09-25 09:09:34.623,42,13000,4618.0,0.0,4618.0,0.0,4618.0
2026-09-25 09:09:34.623,42,14000,4618.0,0.0,4618.0,0.0,4618.0
2026-09-25 09:09:34.623,42,15000,4618.0,0.0,4618.0,0.0,4618.0
2026-09-25 09:09:34.624,42,16000,4618.0,0.0,4618.0,0.0,4618.0
2026-09-25 09:09:34.736,42,17000,4618.0,0.0,4618.0,0.0,4618.0
2026-09-25 09:09:34.736,42,18000,4618.0,0.0,4618.0,0.0,4618.0
2026-09-25 09:09:34.736,42,19000,4618.0,0.0,4618.0,0.0,4618.0
2026-09-25 09:09:34.737,42,20000,4618.0,0.0,4618.0,0.0,4618.0
2026-09-25 09:09:34.737,42,21000,4618.0,0.0,4618.0,0.0,4618.0
2026-09-25 09:09:34.856,42,22000,4618.0,0.0,4618.0,0.0,4618.0
2026-09-25 09:09:34.856,42,23000,4618.0,0.0,4618.0,0.0,4618.0
2026-09-25 09:09:34.857,42,24000,4618.0,0.0,4618.0,0.0,4618.0
2026-09-25 09:09:34.857,42,25000,4618.0,0.0,4618.0,0.0,4618.0
2026-09-25 09:09:34.857,42,26000,4618.0,0.0,4618.0,0.0,4618.0
2026-09-25 09:09:34.983,42,27000,4618.0,0.0,4618.0,0.0,4618.0
2026-09-25 09:09:34.983,42,28000,4618.0,0.0,4618.0,0.0,4618.0
2026-09-25 09:09:34.984,42,29000,4618.0,0.0,4618.0,0.0,4618.0
2026-09-25 09:09:34.984,42,30000,4618.0,0.0,4618.0,0.0,4618.0
2026-09-25 09:09:34.984,42,31000,4618.0,0.0,4618.0,0.0,4618.0
2026-09-25 09:09:34.984,42,32000,4618.0,0.0,4618.0,0.0,4618.0
2026-09-25 09:09:35.106,42,33000,4618.0,0.0,4618.0,0.0,4618.0
2026-09-25 09:09:35.106,42,34000,4618.0,0.0,4618.0,0.0,4618.0
2026-09-25 09:09:35.106,42,35000,4618.0,0.0,4618.0,0.0,4618.0
2026-09-25 09:09:35.107,42,36000,4618.0,0.0,4618.0,0.0,4618.0
2026-09-25 09:09:35.107,42,37000,4618.0,0.0,4618.0,0.0,4618.0
2026-09-25 09:09:35.107,42,38000,4618.0,0.0,4618.0,0.0,4618.0
2026-09-25 09:09:35.107,42,39000,4618.0,0.0,4618.0,0.0,4618.0
2026-09-25 09:09:35.223,42,40000,4618.0,0.0,4618.0,0.0,4618.0
2026-09-25 09:09:35.223,42,41000,4618.0,0.0,4618.0,0.0,4618.0
2026-09-25 09:09:35.223,42,42000,4618.0,0.0,4618.0,0.0,4618.0
2026-09-25 09:09:35.223,42,43000,4618.0,0.0,4618.0,0.0,4618.0
2026-09-25 09:09:35.224,42,44000,4618.0,0.0,4618.0,0.0,4618.0
2026-09-25 09:09:35.336,42,45000,4618.0,0.0,4618.0,0.0,4618.0
2026-09-25 09:09:35.336,42,46000,4618.0,0.0,4618.0,0.0,4618.0
2026-09-25 09:09:35.337,42,47000,4618.0,0.0,4618.0,0.0,4618.0
2026-09-25 09:09:35.337,42,48000,4618.0,0.0,4618.0,0.0,4618.0
2026-09-25 09:09:35.337,42,49000,4618.0,0.0,4618.0,0.0,4618.0
2026-09-25 09:09:35.337,42,50000,4618.0,0.0,4618.0,0.0,4618.0
2026-09-25 09:09:35.463,42,51000,4618.0,0.0,4618.0,0.0,4618.0
2026-09-25 09:09:35.463,42,52000,4618.0,0.0,4618.0,0.0,4618.0
2026-09-25 09:09:35.463,42,53000,4618.0,0.0,4618.0,0.0,4618.0
2026-09-25 09:09:35.463,42,54000,4618.0,0.0,4618.0,0.0,4618.0
2026-09-25 09:09:35.464,42,55000,4618.0,0.0,4618.0,0.0,4618.0
2026-09-25 09:09:35.464,42,56000,4618.0,0.0,4618.0,0.0,4618.0
2026-09-25 09:09:35.464,42,57000,4618.0,0.0,4618.0,0.0,4618.0
2026-09-25 09:09:35.583,42,58000,4618.0,0.0,4618.0,0.0,4618.0
2026-09-25 09:09:35.583,42,59000,4618.0,0.0,4618.0,0.0,4618.0
2026-09-25 09:09:35.584,42,60000,4618.0,0.0,4618.0,0.0,4618.0
2026-09-25 09:09:35.584,42,61000,4618.0,0.0,4618.0,0.0,4618.0
2026-09-25 09:09:35.584,42,62000,4618.0,0.0,4618.0,0.0,4618.0
2026-09-25 09:09:35.584,42,63000,4618.0,0.0,4618.0,0.0,4618.0
2026-09-25 09:09:35.696,42,64000,4618.0,0.0,4618.0,0.0,4618.0
2026-09-25 09:09:35.696,42,65000,4618.0,0.0,4618.0,0.0,4618.0
2026-09-25 09:09:35.697,42,66000,4618.0,0.0,4618.0,0.0,4618.0
2026-09-25 09:09:35.697,42,67000,4618.0,0.0,4618.0,0.0,4618.0
2026-09-25 09:09:35.697,42,68000,4618.0,0.0,4618.0,0.0,4618.0
2026-09-25 09:09:35.697,42,69000,4618.0,0.0,4618.0,0.0,4618.0
2026-09-25 09:09:35.812,42,70000,4618.0,0.0,4618.0,0.0,4618.0
2026-09-25 09:09:35.812,42,71000,4618.0,0.0,4618.0,0.0,4618.0
2026-09-25 09:09:35.812,42,72000,4532.7,-1.06,4531.924322741577,-83.85238782107487,4532.7
2026-09-25 09:09:35.813,42,73000,4618.0,0.0,4618.0,0.0,4618.0
2026-09-25 09:09:35.813,42,74000,4618.0,0.0,4618.0,0.0,4618.0
2026-09-25 09:09:35.813,42,75000,4618.0,0.0,4618.0,0.0,4618.0
2026-09-25 09:09:35.923,42,76000,4618.0,0.0,4618.0,0.0,4618.0
2026-09-25 09:09:35.924,42,77000,4618.0,0.0,4618.0,0.0,4618.0
2026-09-25 09:09:35.924,42,78000,4618.0,0.0,4618.0,0.0,4618.0
2026-09-25 09:09:35.924,42,79000,4618.0,0.0,4618.0,0.0,4618.0
2026-09-25 09:09:35.924,42,80000,4618.0,0.0,4618.0,0.0,4618.0
2026-09-25 09:09:35.925,42,81000,4618.0,0.0,4618.0,0.0,4618.0
2026-09-25 09:09:36.040,42,82000,4618.0,0.0,4618.0,0.0,4618.0
2026-09-25 09:09:36.040,42,83000,4618.0,0.0,4618.0,0.0,4618.0
2026-09-25 09:09:36.040,42,84000,4618.0,0.0,4618.0,0.0,4618.0
2026-09-25 09:09:36.040,42,85000,4618.0,0.0,4618.0,0.0,4618.0
2026-09-25 09:09:36.040,42,86000,4618.0,0.0,4618.0,0.0,4618.0
2026-09-25 09:09:36.041,42,87000,4618.0,0.0,4618.0,0.0,4618.0
2026-09-25 09:09:36.135,42,88000,4618.0,0.0,4618.0,0.0,4618.0
2026-09-25 09:09:36.135,42,89000,4618.0,0.0,4618.0,0.0,4618.0
2026-09-25 09:09:36.135,42,90000,4618.0,0.0,4618.0,0.0,4618.0
2026-09-25 09:09:36.135,42,91000,4618.0,0.0,4618.0,0.0,4618.0
2026-09-25 09:09:36.136,42,92000,4618.0,0.0,4618.0,0.0,4618.0
2026-09-25 09:09:36.256,42,93000,4618.0,0.0,4618.0,0.0,4618.0
2026-09-25 09:09:36.256,42,94000,4618.0,0.0,4618.0,0.0,4618.0
2026-09-25 09:09:36.256,42,95000,4618.0,0.0,4618.0,0.0,4618.0
2026-09-25 09:09:36.256,42,96000,4618.0,0.0,4618.0,0.0,4618.0
2026-09-25 09:09:36.257,42,97000,4618.0,0.0,4618.0,0.0,4618.0
2026-09-25 09:09:36.257,42,98000,4618.0,0.0,4618.0,0.0,4618.0
2026-09-25 09:09:36.362,42,99000,4618.0,0.0,4618.0,0.0,4618.0
2026-09-25 09:09:36.363,42,100000,4618.0,0.0,4618.0,0.0,4618.0
2026-09-25 09:09:46.698,43,10000,4618.0,0.0,4618.0,0.0,4618.0
2026-09-25 09:09:46.698,43,11000,4618.0,0.0,4618.0,0.0,4618.0
2026-09-25 09:09:46.698,43,12000,4618.0,0.0,4618.0,0.0,4618.0
2026-09-25 09:09:46.806,43,13000,4618.0,0.0,4618.0,0.0,4618.0
2026-09-25 09:09:46.806,43,14000,4618.0,0.0,4618.0,0.0,4618.0
2026-09-25 09:09:46.806,43,15000,4618.0,0.0,4618.0,0.0,4618.0
2026-09-25 09:09:46.806,43,16000,4618.0,0.0,4618.0,0.0,4618.0
2026-09-25 09:09:46.807,43,17000,4618.0,0.0,4618.0,0.0,4618.0
2026-09-25 09:09:46.923,43,18000,4618.0,0.0,4618.0,0.0,4618.0
2026-09-25 09:09:46.923,43,19000,4618.0,0.0,4618.0,0.0,4618.0
2026-09-25 09:09:46.923,43,20000,4618.0,0.0,4618.0,0.0,4618.0
2026-09-25 09:09:46.924,43,21000,4618.0,0.0,4618.0,0.0,4618.0
2026-09-25 09:09:46.924,43,22000,4618.0,0.0,4618.0,0.0,4618.0
2026-09-25 09:09:47.029,43,23000,4618.0,0.0,4618.0,0.0,4618.0
2026-09-25 09:09:47.030,43,24000,4618.0,0.0,4618.0,0.0,4618.0
2026-09-25 09:09:47.030,43,25000,4618.0,0.0,4618.0,0.0,4618.0
2026-09-25 09:09:47.030,43,26000,4618.0,0.0,4618.0,0.0,4618.0
2026-09-25 09:09:47.030,43,27000,4618.0,0.0,4618.0,0.0,4618.0
2026-09-25 09:09:47.140,43,28000,4618.0,0.0,4618.0,0.0,4618.0
2026-09-25 09:09:47.141,43,29000,4618.0,0.0,4618.0,0.0,4618.0
2026-09-25 09:09:47.141,43,30000,4618.0,0.0,4618.0,0.0,4618.0
2026-09-25 09:09:47.141,43,31000,4618.0,0.0,4618.0,0.0,4618.0
2026-09-25 09:09:47.141,43,32000,4618.0,0.0,4618.0,0.0,4618.0
2026-09-25 09:09:47.246,43,33000,4618.0,0.0,4618.0,0.0,4618.0
2026-09-25 09:09:47.246,43,34000,4618.0,0.0,4618.0,0.0,4618.0
2026-09-25 09:09:47.246,43,35000,4618.0,0.0,4618.0,0.0,4618.0
2026-09-25 09:09:47.246,43,36000,4618.0,0.0,4618.0,0.0,4618.0
2026-09-25 09:09:47.247,43,37000,4618.0,0.0,4618.0,0.0,4618.0
2026-09-25 09:09:47.247,43,38000,4618.0,0.0,4618.0,0.0,4618.0
2026-09-25 09:09:47.366,43,39000,4618.0,0.0,4618.0,0.0,4618.0
2026-09-25 09:09:47.366,43,40000,4618.0,0.0,4618.0,0.0,4618.0
2026-09-25 09:09:47.366,43,41000,4618.0,0.0,4618.0,0.0,4618.0
2026-09-25 09:09:47.366,43,42000,4618.0,0.0,4618.0,0.0,4618.0
2026-09-25 09:09:47.367,43,43000,4618.0,0.0,4618.0,0.0,4618.0
2026-09-25 09:09:47.367,43,44000,4618.0,0.0,4618.0,0.0,4618.0
2026-09-25 09:09:47.472,43,45000,4618.0,0.0,4618.0,0.0,4618.0
2026-09-25 09:09:47.472,43,46000,4618.0,0.0,4618.0,0.0,4618.0
2026-09-25 09:09:47.473,43,47000,4618.0,0.0,4618.0,0.0,4618.0
2026-09-25 09:09:47.473,43,48000,4618.0,0.0,4618.0,0.0,4618.0
2026-09-25 09:09:47.473,43,49000,4618.0,0.0,4618.0,0.0,4618.0
2026-09-25 09:09:47.579,43,50000,4618.0,0.0,4618.0,0.0,4618.0
2026-09-25 09:09:47.579,43,51000,4618.0,0.0,4618.0,0.0,4618.0
2026-09-25 09:09:47.579,43,52000,4618.0,0.0,4618.0,0.0,4618.0
2026-09-25 09:09:47.579,43,53000,4618.0,0.0,4618.0,0.0,4618.0
2026-09-25 09:09:47.580,43,54000,4618.0,0.0,4618.0,0.0,4618.0
2026-09-25 09:09:47.692,43,55000,4618.0,0.0,4618.0,0.0,4618.0
2026-09-25 09:09:47.692,43,56000,4618.0,0.0,4618.0,0.0,4618.0
2026-09-25 09:09:47.693,43,57000,4618.0,0.0,4618.0,0.0,4618.0
2026-09-25 09:09:47.693,43,58000,4618.0,0.0,4618.0,0.0,4618.0
2026-09-25 09:09:47.693,43,59000,4618.0,0.0,4618.0,0.0,4618.0
2026-09-25 09:09:47.693,43,60000,4618.0,0.0,4618.0,0.0,4618.0
2026-09-25 09:09:47.795,43,61000,4618.0,0.0,4618.0,0.0,4618.0
2026-09-25 09:09:47.796,43,62000,4618.0,0.0,4618.0,0.0,4618.0
2026-09-25 09:09:47.796,43,63000,4618.0,0.0,4618.0,0.0,4618.0
2026-09-25 09:09:47.796,43,64000,4618.0,0.0,4618.0,0.0,4618.0
2026-09-25 09:09:47.796,43,65000,4618.0,0.0,4618.0,0.0,4618.0
2026-09-25 09:09:47.797,43,66000,4618.0,0.0,4618.0,0.0,4618.0
2026-09-25 09:09:47.906,43,67000,4618.0,0.0,4618.0,0.0,4618.0
2026-09-25 09:09:47.906,43,68000,4618.0,0.0,4618.0,0.0,4618.0
2026-09-25 09:09:47.907,43,69000,4618.0,0.0,4618.0,0.0,4618.0
2026-09-25 09:09:47.907,43,70000,4618.0,0.0,4618.0,0.0,4618.0
2026-09-25 09:09:47.907,43,71000,4618.0,0.0,4618.0,0.0,4618.0
2026-09-25 09:09:47.907,43,72000,4618.0,0.0,4618.0,0.0,4618.0
2026-09-25 09:09:48.023,43,73000,4618.0,0.0,4618.0,0.0,4618.0
2026-09-25 09:09:48.023,43,74000,4618.0,0.0,4618.0,0.0,4618.0
2026-09-25 09:09:48.023,43,75000,4618.0,0.0,4618.0,0.0,4618.0
2026-09-25 09:09:48.024,43,76000,4618.0,0.0,4618.0,0.0,4618.0
2026-09-25 09:09:48.024,43,77000,4618.0,0.0,4618.0,0.0,4618.0
2026-09-25 09:09:48.024,43,78000,4618.0,0.0,4618.0,0.0,4618.0
2026-09-25 09:09:48.134,43,79000,4618.0,0.0,4618.0,0.0,4618.0
2026-09-25 09:09:48.134,43,80000,4618.0,0.0,4618.0,0.0,4618.0
2026-09-25 09:09:48.135,43,81000,4618.0,0.0,4618.0,0.0,4618.0
2026-09-25 09:09:48.135,43,82000,4618.0,0.0,4618.0,0.0,4618.0
2026-09-25 09:09:48.135,43,83000,4618.0,0.0,4618.0,0.0,4618.0
2026-09-25 09:09:48.135,43,84000,4618.0,0.0,4618.0,0.0,4618.0
2026-09-25 09:09:48.246,43,85000,4618.0,0.0,4618.0,0.0,4618.0
2026-09-25 09:09:48.246,43,86000,4618.0,0.0,4618.0,0.0,4618.0
2026-09-25 09:09:48.247,43,87000,4618.0,0.0,4618.0,0.0,4618.0
2026-09-25 09:09:48.247,43,88000,4618.0,0.0,4618.0,0.0,4618.0
2026-09-25 09:09:48.247,43,89000,4618.0,0.0,4618.0,0.0,4618.0
2026-09-25 09:09:48.362,43,90000,4618.0,0.0,4618.0,0.0,4618.0
2026-09-25 09:09:48.362,43,91000,4618.0,0.0,4618.0,0.0,4618.0
2026-09-25 09:09:48.363,43,92000,4618.0,0.0,4618.0,0.0,4618.0
2026-09-25 09:09:48.363,43,93000,4618.0,0.0,4618.0,0.0,4618.0
2026-09-25 09:09:48.363,43,94000,4618.0,0.0,4618.0,0.0,4618.0
2026-09-25 09:09:48.363,43,95000,4618.0,0.0,4618.0,0.0,4618.0
2026-09-25 09:09:48.363,43,96000,4618.0,0.0,4618.0,0.0,4618.0
2026-09-25 09:09:48.463,43,97000,4618.0,0.0,4618.0,0.0,4618.0
2026-09-25 09:09:48.463,43,98000,4618.0,0.0,4618.0,0.0,4618.0
2026-09-25 09:09:48.463,43,99000,4618.0,0.0,4618.0,0.0,4618.0
2026-09-25 09:09:48.464,43,100000,4618.0,0.0,4618.0,0.0,4618.0
2026-09-25 09:09:58.856,44,10000,165119.7,-166.03,-160235.8329848757,-39862.17700694514,165119.7
2026-09-25 09:09:58.856,44,11000,165119.7,-166.03,-160235.8329848757,-39862.17700694514,165119.7
2026-09-25 09:09:58.856,44,12000,165119.7,-166.03,-160235.8329848757,-39862.17700694514,165119.7
2026-09-25 09:09:58.972,44,13000,161210.84,-167.74,-157534.27518935315,-34232.836196709555,161210.84
2026-09-25 09:09:58.972,44,14000,161210.84,-167.74,-157534.27518935315,-34232.836196709555,161210.84
2026-09-25 09:09:58.973,44,15000,161886.18,-169.24,-159039.86936738592,-30223.42182144863,161886.18
2026-09-25 09:09:58.973,44,16000,161886.18,-169.24,-159039.86936738592,-30223.42182144863,161886.18
2026-09-25 09:09:58.973,44,17000,161886.18,-169.24,-159039.86936738592,-30223.42182144863,161886.18
2026-09-25 09:09:59.089,44,18000,162725.43,-170.82,-160641.24496987296,-25960.66222603277,162725.43
2026-09-25 09:09:59.089,44,19000,162725.43,-170.82,-160641.24496987296,-25960.66222603277,162725.43
2026-09-25 09:09:59.090,44,20000,166713.8,-34.14,137983.79962065013,-93562.61086934393,166713.8
2026-09-25 09:09:59.090,44,21000,166713.8,-34.14,137983.79962065013,-93562.61086934393,166713.8
2026-09-25 09:09:59.090,44,22000,163796.21,-172.54,-162409.7969843855,-21266.317355263665,163796.21
2026-09-25 09:09:59.214,44,23000,164872.58,-174.06,-163987.34812052237,-17062.15965975589,164872.58
2026-09-25 09:09:59.215,44,24000,167809.34,-35.65,136360.60329095848,-97804.7057219715,167809.34
2026-09-25 09:09:59.215,44,25000,162071.88,-175.89,-161655.07797654305,-11615.93952860399,162071.88
2026-09-25 09:09:59.215,44,26000,164958.76,-37.48,130905.62866036085,-100374.84189662922,164958.76
2026-09-25 09:09:59.215,44,27000,162071.88,-175.89,-161655.07797654305,-11615.93952860399,162071.88
2026-09-25 09:09:59.216,44,28000,166288.37,-38.97,129285.11137695392,-104580.98284824789,166288.37
2026-09-25 09:09:59.329,44,29000,166288.37,-38.97,129285.11137695392,-104580.98284824789,166288.37
2026-09-25 09:09:59.330,44,30000,167844.96,-40.54,127554.17683307308,-109095.6578871896,167844.96
2026-09-25 09:09:59.330,44,31000,167844.96,-40.54,127554.17683307308,-109095.6578871896,167844.96
2026-09-25 09:09:59.331,44,32000,167844.96,-40.54,127554.17683307308,-109095.6578871896,167844.96
2026-09-25 09:09:59.331,44,33000,165158.26,-42.51,121747.96596829599,-111600.55389114446,165158.26
2026-09-25 09:09:59.331,44,34000,165158.26,-42.51,121747.96596829599,-111600.55389114446,165158.26
2026-09-25 09:09:59.439,44,35000,166911.28,-43.98,120106.39241382739,-115904.39979817033,166911.28
2026-09-25 09:09:59.440,44,36000,166911.28,-43.98,120106.39241382739,-115904.39979817033,166911.28
2026-09-25 09:09:59.440,44,37000,166911.28,-43.98,120106.39241382739,-115904.39979817033,166911.28
2026-09-25 09:09:59.440,44,38000,168773.04,-45.43,118441.56777388733,-120232.83267936946,168773.04
2026-09-25 09:09:59.440,44,39000,164538.73,-46.1,114091.45620418036,-118558.56481596973,164538.73
2026-09-25 09:09:59.546,44,40000,164538.73,-46.1,114091.45620418036,-118558.56481596973,164538.73
2026-09-25 09:09:59.546,44,41000,165776.46,-47.0,113059.27385696636,-121241.22766232234,165776.46
2026-09-25 09:09:59.546,44,42000,165776.46,-47.0,113059.27385696636,-121241.22766232234,165776.46
2026-09-25 09:09:59.547,44,43000,165776.46,-47.0,113059.27385696636,-121241.22766232234,165776.46
2026-09-25 09:09:59.547,44,44000,163885.52,-49.12,107259.29219765309,-123910.88694270923,163885.52
2026-09-25 09:09:59.547,44,45000,163885.52,-49.12,107259.29219765309,-123910.88694270923,163885.52
2026-09-25 09:09:59.657,44,46000,166117.48,-50.52,105618.96122258525,-128217.2070816255,166117.48
2026-09-25 09:09:59.657,44,47000,166117.48,-50.52,105618.96122258525,-128217.2070816255,166117.48
2026-09-25 09:09:59.658,44,48000,166117.48,-50.52,105618.96122258525,-128217.2070816255,166117.48
2026-09-25 09:09:59.658,44,49000,166731.1,-52.19,102213.65926023839,-131725.57674135227,166731.1
2026-09-25 09:09:59.658,44,50000,166731.1,-52.19,102213.65926023839,-131725.57674135227,166731.1
2026-09-25 09:09:59.773,44,51000,166731.1,-52.19,102213.65926023839,-131725.57674135227,166731.1
2026-09-25 09:09:59.773,44,52000,169288.73,-53.59,100482.90990112835,-136241.91323823453,169288.73
2026-09-25 09:09:59.773,44,53000,169288.73,-53.59,100482.90990112835,-136241.91323823453,169288.73
2026-09-25 09:09:59.774,44,54000,165614.03,-54.41,96384.2268153534,-134677.71810528796,165614.03
2026-09-25 09:09:59.774,44,55000,168087.2,-55.67,94794.20782460622,-138806.93414503965,168087.2
2026-09-25 09:09:59.774,44,56000,168087.2,-55.67,94794.20782460622,-138806.93414503965,168087.2
2026-09-25 09:09:59.890,44,57000,168087.2,-55.67,94794.20782460622,-138806.93414503965,168087.2
2026-09-25 09:09:59.890,44,58000,166841.2,-57.8,88905.71735117192,-141179.88326852213,166841.2
2026-09-25 09:09:59.891,44,59000,166841.2,-57.8,88905.71735117192,-141179.88326852213,166841.2
2026-09-25 09:09:59.891,44,60000,166841.2,-57.8,88905.71735117192,-141179.88326852213,166841.2
2026-09-25 09:09:59.891,44,61000,169655.06,-59.06,87226.48124973591,-145514.19295860137,169655.06
2026-09-25 09:09:59.891,44,62000,166063.03,-60.03,82956.20236710111,-143858.25809319902,166063.03
2026-09-25 09:10:00.006,44,63000,166063.03,-60.03,82956.20236710111,-143858.25809319902,166063.03
2026-09-25 09:10:00.007,44,64000,166063.03,-60.03,82956.20236710111,-143858.25809319902,166063.03
2026-09-25 09:10:00.007,44,65000,165439.28,-62.02,77618.0430771944,-146101.316748978,165439.28
2026-09-25 09:10:00.009,44,66000,165439.28,-62.02,77618.0430771944,-146101.316748978,165439.28
2026-09-25 09:10:00.010,44,67000,165439.28,-62.02,77618.0430771944,-146101.316748978,165439.28
2026-09-25 09:10:00.010,44,68000,168466.3,-63.19,75983.91450197772,-150357.3708623762,168466.3
2026-09-25 09:10:00.012,44,69000,165143.64,-64.24,71771.83092328283,-148732.06150110776,165143.64
2026-09-25 09:10:00.125,44,70000,165143.64,-64.24,71771.83092328283,-148732.06150110776,165143.64
2026-09-25 09:10:00.125,44,71000,168151.83,-65.32,70211.78302479038,-152791.83046494552,168151.83
2026-09-25 09:10:00.126,44,72000,165045.72,-66.38,66128.6836318619,-151218.67242981444,165045.72
2026-09-25 09:10:00.126,44,73000,165045.72,-66.38,66128.6836318619,-151218.67242981444,165045.72
2026-09-25 09:10:00.126,44,74000,165045.72,-66.38,66128.6836318619,-151218.67242981444,165045.72
2026-09-25 09:10:00.126,44,75000,168270.09,-67.46,64502.69236054831,-155416.29858817434,168270.09
2026-09-25 09:10:00.240,44,76000,165234.93,-68.58,60344.08756203319,-153821.88787168934,165234.93
2026-09-25 09:10:00.240,44,77000,165234.93,-68.58,60344.08756203319,-153821.88787168934,165234.93
2026-09-25 09:10:00.240,44,78000,165234.93,-68.58,60344.08756203319,-153821.88787168934,165234.93
2026-09-25 09:10:00.240,44,79000,164959.31,-70.94,53868.802232653754,-155915.76604594974,164959.31
2026-09-25 09:10:00.241,44,80000,164959.31,-70.94,53868.802232653754,-155915.76604594974,164959.31
2026-09-25 09:10:00.241,44,81000,164959.31,-70.94,53868.802232653754,-155915.76604594974,164959.31
2026-09-25 09:10:00.345,44,82000,162174.2,-72.12,49791.44131108272,-154341.4510680945,162174.2
2026-09-25 09:10:00.345,44,83000,165636.52,-73.08,48206.2178675744,-158466.45486226524,165636.52
2026-09-25 09:10:00.346,44,84000,165636.52,-73.08,48206.2178675744,-158466.45486226524,165636.52
2026-09-25 09:10:00.346,44,85000,162980.85,-74.3,44102.69069552535,-156900.31912057198,162980.85
2026-09-25 09:10:00.346,44,86000,162980.85,-74.3,44102.69069552535,-156900.31912057198,162980.85
2026-09-25 09:10:00.456,44,87000,166714.94,-75.25,42445.94851896764,-161221.0056832817,166714.94
2026-09-25 09:10:00.456,44,88000,164074.18,-76.55,38163.11647242784,-159574.1617047832,164074.18
2026-09-25 09:10:00.457,44,89000,164074.18,-76.55,38163.11647242784,-159574.1617047832,164074.18
2026-09-25 09:10:00.457,44,90000,164074.18,-76.55,38163.11647242784,-159574.1617047832,164074.18
2026-09-25 09:10:00.457,44,91000,161444.05,-77.93,33759.011233661025,-157874.983581719,161444.05
2026-09-25 09:10:00.458,44,92000,165342.48,-78.81,32086.880726749434,-162199.16084178042,165342.48
2026-09-25 09:10:00.562,44,93000,165342.48,-78.81,32086.880726749434,-162199.16084178042,165342.48
2026-09-25 09:10:00.563,44,94000,162978.64,-80.16,27852.626177584745,-160581.03347301428,162978.64
2026-09-25 09:10:00.563,44,95000,162978.64,-80.16,27852.626177584745,-160581.03347301428,162978.64
2026-09-25 09:10:00.563,44,96000,162978.64,-80.16,27852.626177584745,-160581.03347301428,162978.64
2026-09-25 09:10:00.564,44,97000,167100.96,-82.83,20856.49683874966,-165794.2621821902,167100.96
2026-09-25 09:10:00.564,44,98000,167100.96,-82.83,20856.49683874966,-165794.2621821902,167100.96
2026-09-25 09:10:00.673,44,99000,167100.96,-82.83,20856.49683874966,-165794.2621821902,167100.96
2026-09-25 09:10:00.673,44,100000,165046.05,-84.19,16707.600927242824,-164198.21768782538,165046.05
2026-09-25 09:10:10.998,45,10000,165119.7,-166.03,-160235.8329848757,-39862.17700694514,165119.7
2026-09-25 09:10:10.999,45,11000,165119.7,-166.03,-160235.8329848757,-39862.17700694514,165119.7
2026-09-25 09:10:10.999,45,12000,165119.7,-166.03,-160235.8329848757,-39862.17700694514,165119.7
2026-09-25 09:10:11.106,45,13000,164082.38,-29.34,143035.1075760661,-80398.91434072725,164082.38
2026-09-25 09:10:11.106,45,14000,161210.84,-167.74,-157534.27518935315,-34232.836196709555,161210.84
2026-09-25 09:10:11.107,45,15000,161886.18,-169.24,-159039.86936738592,-30223.42182144863,161886.18
2026-09-25 09:10:11.107,45,16000,161886.18,-169.24,-159039.86936738592,-30223.42182144863,161886.18
2026-09-25 09:10:11.213,45,17000,164769.75,-30.84,141471.67219640478,-84467.96126943926,164769.75
2026-09-25 09:10:11.213,45,18000,165623.95,-32.41,139825.43493173012,-88770.15579436038,165623.95
2026-09-25 09:10:11.213,45,19000,162725.43,-170.82,-160641.24496987296,-25960.66222603277,162725.43
2026-09-25 09:10:11.213,45,20000,166713.8,-34.14,137983.79962065013,-93562.61086934393,166713.8
2026-09-25 09:10:11.214,45,21000,166713.8,-34.14,137983.79962065013,-93562.61086934393,166713.8
2026-09-25 09:10:11.325,45,22000,166713.8,-34.14,137983.79962065013,-93562.61086934393,166713.8
2026-09-25 09:10:11.326,45,23000,167809.34,-35.65,136360.60329095848,-97804.7057219715,167809.34
2026-09-25 09:10:11.326,45,24000,167809.34,-35.65,136360.60329095848,-97804.7057219715,167809.34
2026-09-25 09:10:11.326,45,25000,164958.76,-37.48,130905.62866036085,-100374.84189662922,164958.76
2026-09-25 09:10:11.326,45,26000,164958.76,-37.48,130905.62866036085,-100374.84189662922,164958.76
2026-09-25 09:10:11.436,45,27000,164958.76,-37.48,130905.62866036085,-100374.84189662922,164958.76
2026-09-25 09:10:11.436,45,28000,166288.37,-38.97,129285.11137695392,-104580.98284824789,166288.37
2026-09-25 09:10:11.436,45,29000,166288.37,-38.97,129285.11137695392,-104580.98284824789,166288.37
2026-09-25 09:10:11.437,45,30000,167844.96,-40.54,127554.17683307308,-109095.6578871896,167844.96
2026-09-25 09:10:11.437,45,31000,167844.96,-40.54,127554.17683307308,-109095.6578871896,167844.96
2026-09-25 09:10:11.556,45,32000,167844.96,-40.54,127554.17683307308,-109095.6578871896,167844.96
2026-09-25 09:10:11.556,45,33000,165158.26,-42.51,121747.96596829599,-111600.55389114446,165158.26
2026-09-25 09:10:11.556,45,34000,165158.26,-42.51,121747.96596829599,-111600.55389114446,165158.26
2026-09-25 09:10:11.557,45,35000,166911.28,-43.98,120106.39241382739,-115904.39979817033,166911.28
2026-09-25 09:10:11.557,45,36000,166911.28,-43.98,120106.39241382739,-115904.39979817033,166911.28
2026-09-25 09:10:11.557,45,37000,166911.28,-43.98,120106.39241382739,-115904.39979817033,166911.28
2026-09-25 09:10:11.682,45,38000,168773.04,-45.43,118441.56777388733,-120232.83267936946,168773.04
2026-09-25 09:10:11.683,45,39000,164538.73,-46.1,114091.45620418036,-118558.56481596973,164538.73
2026-09-25 09:10:11.683,45,40000,164538.73,-46.1,114091.45620418036,-118558.56481596973,164538.73
2026-09-25 09:10:11.684,45,41000,165776.46,-47.0,113059.27385696636,-121241.22766232234,165776.46
2026-09-25 09:10:11.684,45,42000,165776.46,-47.0,113059.27385696636,-121241.22766232234,165776.46
2026-09-25 09:10:11.684,45,43000,165776.46,-47.0,113059.27385696636,-121241.22766232234,165776.46
2026-09-25 09:10:11.684,45,44000,163885.52,-49.12,107259.29219765309,-123910.88694270923,163885.52
2026-09-25 09:10:11.795,45,45000,163885.52,-49.12,107259.29219765309,-123910.88694270923,163885.52
2026-09-25 09:10:11.796,45,46000,166117.48,-50.52,105618.96122258525,-128217.2070816255,166117.48
2026-09-25 09:10:11.796,45,47000,166117.48,-50.52,105618.96122258525,-128217.2070816255,166117.48
2026-09-25 09:10:11.796,45,48000,166117.48,-50.52,105618.96122258525,-128217.2070816255,166117.48
2026-09-25 09:10:11.797,45,49000,166731.1,-52.19,102213.65926023839,-131725.57674135227,166731.1
2026-09-25 09:10:11.906,45,50000,166731.1,-52.19,102213.65926023839,-131725.57674135227,166731.1
2026-09-25 09:10:11.906,45,51000,166731.1,-52.19,102213.65926023839,-131725.57674135227,166731.1
2026-09-25 09:10:11.906,45,52000,169288.73,-53.59,100482.90990112835,-136241.91323823453,169288.73
2026-09-25 09:10:11.907,45,53000,169288.73,-53.59,100482.90990112835,-136241.91323823453,169288.73
2026-09-25 09:10:11.907,45,54000,165614.03,-54.41,96384.2268153534,-134677.71810528796,165614.03
2026-09-25 09:10:11.907,45,55000,168087.2,-55.67,94794.20782460622,-138806.93414503965,168087.2
2026-09-25 09:10:12.012,45,56000,168087.2,-55.67,94794.20782460622,-138806.93414503965,168087.2
2026-09-25 09:10:12.012,45,57000,168087.2,-55.67,94794.20782460622,-138806.93414503965,168087.2
2026-09-25 09:10:12.012,45,58000,166841.2,-57.8,88905.71735117192,-141179.88326852213,166841.2
2026-09-25 09:10:12.012,45,59000,166841.2,-57.8,88905.71735117192,-141179.88326852213,166841.2
2026-09-25 09:10:12.012,45,60000,166841.2,-57.8,88905.71735117192,-141179.88326852213,166841.2
2026-09-25 09:10:12.123,45,61000,169655.06,-59.06,87226.48124973591,-145514.19295860137,169655.06
2026-09-25 09:10:12.123,45,62000,166063.03,-60.03,82956.20236710111,-143858.25809319902,166063.03
2026-09-25 09:10:12.123,45,63000,166063.03,-60.03,82956.20236710111,-143858.25809319902,166063.03
2026-09-25 09:10:12.123,45,64000,166063.03,-60.03,82956.20236710111,-143858.25809319902,166063.03
2026-09-25 09:10:12.124,45,65000,165439.28,-62.02,77618.0430771944,-146101.316748978,165439.28
2026-09-25 09:10:12.124,45,66000,165439.28,-62.02,77618.0430771944,-146101.316748978,165439.28
2026-09-25 09:10:12.239,45,67000,165439.28,-62.02,77618.0430771944,-146101.316748978,165439.28
2026-09-25 09:10:12.239,45,68000,168466.3,-63.19,75983.91450197772,-150357.3708623762,168466.3
2026-09-25 09:10:12.239,45,69000,165143.64,-64.24,71771.83092328283,-148732.06150110776,165143.64
2026-09-25 09:10:12.240,45,70000,165143.64,-64.24,71771.83092328283,-148732.06150110776,165143.64
2026-09-25 09:10:12.240,45,71000,168151.83,-65.32,70211.78302479038,-152791.83046494552,168151.83
2026-09-25 09:10:12.240,45,72000,165045.72,-66.38,66128.6836318619,-151218.67242981444,165045.72
2026-09-25 09:10:12.357,45,73000,165045.72,-66.38,66128.6836318619,-151218.67242981444,165045.72
2026-09-25 09:10:12.357,45,74000,165045.72,-66.38,66128.6836318619,-151218.67242981444,165045.72
2026-09-25 09:10:12.357,45,75000,168270.09,-67.46,64502.69236054831,-155416.29858817434,168270.09
2026-09-25 09:10:12.357,45,76000,165234.93,-68.58,60344.08756203319,-153821.88787168934,165234.93
2026-09-25 09:10:12.357,45,77000,165234.93,-68.58,60344.08756203319,-153821.88787168934,165234.93
2026-09-25 09:10:12.358,45,78000,165234.93,-68.58,60344.08756203319,-153821.88787168934,165234.93
2026-09-25 09:10:12.358,45,79000,164959.31,-70.94,53868.802232653754,-155915.76604594974,164959.31
2026-09-25 09:10:12.473,45,80000,164959.31,-70.94,53868.802232653754,-155915.76604594974,164959.31
2026-09-25 09:10:12.473,45,81000,164959.31,-70.94,53868.802232653754,-155915.76604594974,164959.31
2026-09-25 09:10:12.473,45,82000,162174.2,-72.12,49791.44131108272,-154341.4510680945,162174.2
2026-09-25 09:10:12.474,45,83000,165636.52,-73.08,48206.2178675744,-158466.45486226524,165636.52
2026-09-25 09:10:12.474,45,84000,165636.52,-73.08,48206.2178675744,-158466.45486226524,165636.52
2026-09-25 09:10:12.474,45,85000,162980.85,-74.3,44102.69069552535,-156900.31912057198,162980.85
2026-09-25 09:10:12.579,45,86000,162980.85,-74.3,44102.69069552535,-156900.31912057198,162980.85
2026-09-25 09:10:12.579,45,87000,166714.94,-75.25,42445.94851896764,-161221.0056832817,166714.94
2026-09-25 09:10:12.579,45,88000,164074.18,-76.55,38163.11647242784,-159574.1617047832,164074.18
2026-09-25 09:10:12.579,45,89000,164074.18,-76.55,38163.11647242784,-159574.1617047832,164074.18
2026-09-25 09:10:12.580,45,90000,164074.18,-76.55,38163.11647242784,-159574.1617047832,164074.18
2026-09-25 09:10:12.699,45,91000,161444.05,-77.93,33759.011233661025,-157874.983581719,161444.05
2026-09-25 09:10:12.699,45,92000,165342.48,-78.81,32086.880726749434,-162199.16084178042,165342.48
2026-09-25 09:10:12.699,45,93000,165342.48,-78.81,32086.880726749434,-162199.16084178042,165342.48
2026-09-25 09:10:12.699,45,94000,162978.64,-80.16,27852.626177584745,-160581.03347301428,162978.64
2026-09-25 09:10:12.700,45,95000,162978.64,-80.16,27852.626177584745,-160581.03347301428,162978.64
2026-09-25 09:10:12.700,45,96000,162978.64,-80.16,27852.626177584745,-160581.03347301428,162978.64
2026-09-25 09:10:12.700,45,97000,167100.96,-82.83,20856.49683874966,-165794.2621821902,167100.96
2026-09-25 09:10:12.806,45,98000,167100.96,-82.83,20856.49683874966,-165794.2621821902,167100.96
2026-09-25 09:10:12.807,45,99000,167100.96,-82.83,20856.49683874966,-165794.2621821902,167100.96
2026-09-25 09:10:12.807,45,100000,165046.05,-84.19,16707.600927242824,-164198.21768782538,165046.05
2026-09-25 09:10:23.139,46,10000,165119.7,-166.03,-160235.8329848757,-39862.17700694514,165119.7
2026-09-25 09:10:23.140,46,11000,165119.7,-166.03,-160235.8329848757,-39862.17700694514,165119.7
2026-09-25 09:10:23.244,46,12000,165119.7,-166.03,-160235.8329848757,-39862.17700694514,165119.7
2026-09-25 09:10:23.245,46,13000,161210.84,-167.74,-157534.27518935315,-34232.836196709555,161210.84
2026-09-25 09:10:23.245,46,14000,161210.84,-167.74,-157534.27518935315,-34232.836196709555,161210.84
2026-09-25 09:10:23.245,46,15000,161886.18,-169.24,-159039.86936738592,-30223.42182144863,161886.18
2026-09-25 09:10:23.355,46,16000,161886.18,-169.24,-159039.86936738592,-30223.42182144863,161886.18
2026-09-25 09:10:23.355,46,17000,164769.75,-30.84,141471.67219640478,-84467.96126943926,164769.75
2026-09-25 09:10:23.356,46,18000,162725.43,-170.82,-160641.24496987296,-25960.66222603277,162725.43
2026-09-25 09:10:23.356,46,19000,162725.43,-170.82,-160641.24496987296,-25960.66222603277,162725.43
2026-09-25 09:10:23.356,46,20000,166713.8,-34.14,137983.79962065013,-93562.61086934393,166713.8
2026-09-25 09:10:23.472,46,21000,166713.8,-34.14,137983.79962065013,-93562.61086934393,166713.8
2026-09-25 09:10:23.473,46,22000,166713.8,-34.14,137983.79962065013,-93562.61086934393,166713.8
2026-09-25 09:10:23.473,46,23000,167809.34,-35.65,136360.60329095848,-97804.7057219715,167809.34
2026-09-25 09:10:23.473,46,24000,167809.34,-35.65,136360.60329095848,-97804.7057219715,167809.34
2026-09-25 09:10:23.473,46,25000,164958.76,-37.48,130905.62866036085,-100374.84189662922,164958.76
2026-09-25 09:10:23.579,46,26000,164958.76,-37.48,130905.62866036085,-100374.84189662922,164958.76
2026-09-25 09:10:23.579,46,27000,164958.76,-37.48,130905.62866036085,-100374.84189662922,164958.76
2026-09-25 09:10:23.579,46,28000,166288.37,-38.97,129285.11137695392,-104580.98284824789,166288.37
2026-09-25 09:10:23.580,46,29000,166288.37,-38.97,129285.11137695392,-104580.98284824789,166288.37
2026-09-25 09:10:23.580,46,30000,167844.96,-40.54,127554.17683307308,-109095.6578871896,167844.96
2026-09-25 09:10:23.580,46,31000,167844.96,-40.54,127554.17683307308,-109095.6578871896,167844.96
2026-09-25 09:10:23.689,46,32000,167844.96,-40.54,127554.17683307308,-109095.6578871896,167844.96
2026-09-25 09:10:23.690,46,33000,165158.26,-42.51,121747.96596829599,-111600.55389114446,165158.26
2026-09-25 09:10:23.690,46,34000,165158.26,-42.51,121747.96596829599,-111600.55389114446,165158.26
2026-09-25 09:10:23.690,46,35000,166911.28,-43.98,120106.39241382739,-115904.39979817033,166911.28
2026-09-25 09:10:23.690,46,36000,166911.28,-43.98,120106.39241382739,-115904.39979817033,166911.28
2026-09-25 09:10:23.795,46,37000,166911.28,-43.98,120106.39241382739,-115904.39979817033,166911.28
2026-09-25 09:10:23.795,46,38000,168773.04,-45.43,118441.56777388733,-120232.83267936946,168773.04
2026-09-25 09:10:23.795,46,39000,164538.73,-46.1,114091.45620418036,-118558.56481596973,164538.73
2026-09-25 09:10:23.795,46,40000,164538.73,-46.1,114091.45620418036,-118558.56481596973,164538.73
2026-09-25 09:10:23.795,46,41000,165776.46,-47.0,113059.27385696636,-121241.22766232234,165776.46
2026-09-25 09:10:23.906,46,42000,165776.46,-47.0,113059.27385696636,-121241.22766232234,165776.46
2026-09-25 09:10:23.906,46,43000,165776.46,-47.0,113059.27385696636,-121241.22766232234,165776.46
2026-09-25 09:10:23.906,46,44000,163885.52,-49.12,107259.29219765309,-123910.88694270923,163885.52
2026-09-25 09:10:23.907,46,45000,163885.52,-49.12,107259.29219765309,-123910.88694270923,163885.52
2026-09-25 09:10:23.907,46,46000,166117.48,-50.52,105618.96122258525,-128217.2070816255,166117.48
2026-09-25 09:10:23.907,46,47000,166117.48,-50.52,105618.96122258525,-128217.2070816255,166117.48
2026-09-25 09:10:24.023,46,48000,166117.48,-50.52,105618.96122258525,-128217.2070816255,166117.48
2026-09-25 09:10:24.023,46,49000,166731.1,-52.19,102213.65926023839,-131725.57674135227,166731.1
2026-09-25 09:10:24.023,46,50000,166731.1,-52.19,102213.65926023839,-131725.57674135227,166731.1
2026-09-25 09:10:24.023,46,51000,166731.1,-52.19,102213.65926023839,-131725.57674135227,166731.1
2026-09-25 09:10:24.024,46,52000,169288.73,-53.59,100482.90990112835,-136241.91323823453,169288.73
2026-09-25 09:10:24.024,46,53000,169288.73,-53.59,100482.90990112835,-136241.91323823453,169288.73
2026-09-25 09:10:24.118,46,54000,165614.03,-54.41,96384.2268153534,-134677.71810528796,165614.03
2026-09-25 09:10:24.118,46,55000,168087.2,-55.67,94794.20782460622,-138806.93414503965,168087.2
2026-09-25 09:10:24.118,46,56000,168087.2,-55.67,94794.20782460622,-138806.93414503965,168087.2
2026-09-25 09:10:24.118,46,57000,168087.2,-55.67,94794.20782460622,-138806.93414503965,168087.2
2026-09-25 09:10:24.119,46,58000,166841.2,-57.8,88905.71735117192,-141179.88326852213,166841.2
2026-09-25 09:10:24.232,46,59000,166841.2,-57.8,88905.71735117192,-141179.88326852213,166841.2
2026-09-25 09:10:24.232,46,60000,166841.2,-57.8,88905.71735117192,-141179.88326852213,166841.2
2026-09-25 09:10:24.232,46,61000,169655.06,-59.06,87226.48124973591,-145514.19295860137,169655.06
2026-09-25 09:10:24.233,46,62000,166063.03,-60.03,82956.20236710111,-143858.25809319902,166063.03
2026-09-25 09:10:24.233,46,63000,166063.03,-60.03,82956.20236710111,-143858.25809319902,166063.03
2026-09-25 09:10:24.233,46,64000,166063.03,-60.03,82956.20236710111,-143858.25809319902,166063.03
2026-09-25 09:10:24.338,46,65000,165439.28,-62.02,77618.0430771944,-146101.316748978,165439.28
2026-09-25 09:10:24.338,46,66000,165439.28,-62.02,77618.0430771944,-146101.316748978,165439.28
2026-09-25 09:10:24.338,46,67000,165439.28,-62.02,77618.0430771944,-146101.316748978,165439.28
2026-09-25 09:10:24.339,46,68000,168466.3,-63.19,75983.91450197772,-150357.3708623762,168466.3
2026-09-25 09:10:24.339,46,69000,165143.64,-64.24,71771.83092328283,-148732.06150110776,165143.64
2026-09-25 09:10:24.464,46,70000,165143.64,-64.24,71771.83092328283,-148732.06150110776,165143.64
2026-09-25 09:10:24.465,46,71000,168151.83,-65.32,70211.78302479038,-152791.83046494552,168151.83
2026-09-25 09:10:24.465,46,72000,165045.72,-66.38,66128.6836318619,-151218.67242981444,165045.72
2026-09-25 09:10:24.465,46,73000,165045.72,-66.38,66128.6836318619,-151218.67242981444,165045.72
2026-09-25 09:10:24.465,46,74000,165045.72,-66.38,66128.6836318619,-151218.67242981444,165045.72
2026-09-25 09:10:24.466,46,75000,168270.09,-67.46,64502.69236054831,-155416.29858817434,168270.09
2026-09-25 09:10:24.466,46,76000,165234.93,-68.58,60344.08756203319,-153821.88787168934,165234.93
2026-09-25 09:10:24.580,46,77000,165234.93,-68.58,60344.08756203319,-153821.88787168934,165234.93
2026-09-25 09:10:24.581,46,78000,165234.93,-68.58,60344.08756203319,-153821.88787168934,165234.93
2026-09-25 09:10:24.581,46,79000,164959.31,-70.94,53868.802232653754,-155915.76604594974,164959.31
2026-09-25 09:10:24.581,46,80000,164959.31,-70.94,53868.802232653754,-155915.76604594974,164959.31
2026-09-25 09:10:24.581,46,81000,164959.31,-70.94,53868.802232653754,-155915.76604594974,164959.31
2026-09-25 09:10:24.581,46,82000,162174.2,-72.12,49791.44131108272,-154341.4510680945,162174.2
2026-09-25 09:10:24.696,46,83000,165636.52,-73.08,48206.2178675744,-158466.45486226524,165636.52
2026-09-25 09:10:24.696,46,84000,165636.52,-73.08,48206.2178675744,-158466.45486226524,165636.52
2026-09-25 09:10:24.696,46,85000,162980.85,-74.3,44102.69069552535,-156900.31912057198,162980.85
2026-09-25 09:10:24.697,46,86000,162980.85,-74.3,44102.69069552535,-156900.31912057198,162980.85
2026-09-25 09:10:24.697,46,87000,166714.94,-75.25,42445.94851896764,-161221.0056832817,166714.94
2026-09-25 09:10:24.697,46,88000,164074.18,-76.55,38163.11647242784,-159574.1617047832,164074.18
2026-09-25 09:10:24.795,46,89000,164074.18,-76.55,38163.11647242784,-159574.1617047832,164074.18
2026-09-25 09:10:24.796,46,90000,164074.18,-76.55,38163.11647242784,-159574.1617047832,164074.18
2026-09-25 09:10:24.796,46,91000,161444.05,-77.93,33759.011233661025,-157874.983581719,161444.05
2026-09-25 09:10:24.796,46,92000,165342.48,-78.81,32086.880726749434,-162199.16084178042,165342.48
2026-09-25 09:10:24.796,46,93000,165342.48,-78.81,32086.880726749434,-162199.16084178042,165342.48
2026-09-25 09:10:24.914,46,94000,162978.64,-80.16,27852.626177584745,-160581.03347301428,162978.64
2026-09-25 09:10:24.915,46,95000,162978.64,-80.16,27852.626177584745,-160581.03347301428,162978.64
2026-09-25 09:10:24.915,46,96000,162978.64,-80.16,27852.626177584745,-160581.03347301428,162978.64
2026-09-25 09:10:24.915,46,97000,167100.96,-82.83,20856.49683874966,-165794.2621821902,167100.96
2026-09-25 09:10:24.916,46,98000,167100.96,-82.83,20856.49683874966,-165794.2621821902,167100.96
2026-09-25 09:10:24.916,46,99000,167100.96,-82.83,20856.49683874966,-165794.2621821902,167100.96
2026-09-25 09:10:25.036,46,100000,165046.05,-84.19,16707.600927242824,-164198.21768782538,165046.05
2026-09-25 09:10:35.268,47,10000,165119.7,-166.03,-160235.8329848757,-39862.17700694514,165119.7
2026-09-25 09:10:35.373,47,11000,165119.7,-166.03,-160235.8329848757,-39862.17700694514,165119.7
2026-09-25 09:10:35.373,47,12000,165119.7,-166.03,-160235.8329848757,-39862.17700694514,165119.7
2026-09-25 09:10:35.374,47,13000,161210.84,-167.74,-157534.27518935315,-34232.836196709555,161210.84
2026-09-25 09:10:35.374,47,14000,161210.84,-167.74,-157534.27518935315,-34232.836196709555,161210.84
2026-09-25 09:10:35.478,47,15000,161886.18,-169.24,-159039.86936738592,-30223.42182144863,161886.18
2026-09-25 09:10:35.479,47,16000,161886.18,-169.24,-159039.86936738592,-30223.42182144863,161886.18
2026-09-25 09:10:35.479,47,17000,164769.75,-30.84,141471.67219640478,-84467.96126943926,164769.75
2026-09-25 09:10:35.480,47,18000,162725.43,-170.82,-160641.24496987296,-25960.66222603277,162725.43
2026-09-25 09:10:35.480,47,19000,162725.43,-170.82,-160641.24496987296,-25960.66222603277,162725.43
2026-09-25 09:10:35.589,47,20000,166713.8,-34.14,137983.79962065013,-93562.61086934393,166713.8
2026-09-25 09:10:35.589,47,21000,166713.8,-34.14,137983.79962065013,-93562.61086934393,166713.8
2026-09-25 09:10:35.590,47,22000,166713.8,-34.14,137983.79962065013,-93562.61086934393,166713.8
2026-09-25 09:10:35.590,47,23000,167809.34,-35.65,136360.60329095848,-97804.7057219715,167809.34
2026-09-25 09:10:35.706,47,24000,167809.34,-35.65,136360.60329095848,-97804.7057219715,167809.34
2026-09-25 09:10:35.706,47,25000,164958.76,-37.48,130905.62866036085,-100374.84189662922,164958.76
2026-09-25 09:10:35.707,47,26000,164958.76,-37.48,130905.62866036085,-100374.84189662922,164958.76
2026-09-25 09:10:35.707,47,27000,164958.76,-37.48,130905.62866036085,-100374.84189662922,164958.76
2026-09-25 09:10:35.707,47,28000,166288.37,-38.97,129285.11137695392,-104580.98284824789,166288.37
2026-09-25 09:10:35.707,47,29000,166288.37,-38.97,129285.11137695392,-104580.98284824789,166288.37
2026-09-25 09:10:35.819,47,30000,167844.96,-40.54,127554.17683307308,-109095.6578871896,167844.96
2026-09-25 09:10:35.820,47,31000,167844.96,-40.54,127554.17683307308,-109095.6578871896,167844.96
2026-09-25 09:10:35.820,47,32000,167844.96,-40.54,127554.17683307308,-109095.6578871896,167844.96
2026-09-25 09:10:35.820,47,33000,165158.26,-42.51,121747.96596829599,-111600.55389114446,165158.26
2026-09-25 09:10:35.821,47,34000,165158.26,-42.51,121747.96596829599,-111600.55389114446,165158.26
2026-09-25 09:10:35.935,47,35000,166911.28,-43.98,120106.39241382739,-115904.39979817033,166911.28
2026-09-25 09:10:35.935,47,36000,166911.28,-43.98,120106.39241382739,-115904.39979817033,166911.28
2026-09-25 09:10:35.935,47,37000,166911.28,-43.98,120106.39241382739,-115904.39979817033,166911.28
2026-09-25 09:10:35.936,47,38000,168773.04,-45.43,118441.56777388733,-120232.83267936946,168773.04
2026-09-25 09:10:35.936,47,39000,164538.73,-46.1,114091.45620418036,-118558.56481596973,164538.73
2026-09-25 09:10:35.936,47,40000,164538.73,-46.1,114091.45620418036,-118558.56481596973,164538.73
2026-09-25 09:10:36.042,47,41000,165776.46,-47.0,113059.27385696636,-121241.22766232234,165776.46
2026-09-25 09:10:36.042,47,42000,165776.46,-47.0,113059.27385696636,-121241.22766232234,165776.46
2026-09-25 09:10:36.043,47,43000,165776.46,-47.0,113059.27385696636,-121241.22766232234,165776.46
2026-09-25 09:10:36.043,47,44000,163885.52,-49.12,107259.29219765309,-123910.88694270923,163885.52
2026-09-25 09:10:36.043,47,45000,163885.52,-49.12,107259.29219765309,-123910.88694270923,163885.52
2026-09-25 09:10:36.044,47,46000,166117.48,-50.52,105618.96122258525,-128217.2070816255,166117.48
2026-09-25 09:10:36.162,47,47000,166117.48,-50.52,105618.96122258525,-128217.2070816255,166117.48
2026-09-25 09:10:36.162,47,48000,166117.48,-50.52,105618.96122258525,-128217.2070816255,166117.48
2026-09-25 09:10:36.162,47,49000,166731.1,-52.19,102213.65926023839,-131725.57674135227,166731.1
2026-09-25 09:10:36.163,47,50000,166731.1,-52.19,102213.65926023839,-131725.57674135227,166731.1
2026-09-25 09:10:36.163,47,51000,166731.1,-52.19,102213.65926023839,-131725.57674135227,166731.1
2026-09-25 09:10:36.163,47,52000,169288.73,-53.59,100482.90990112835,-136241.91323823453,169288.73
2026-09-25 09:10:36.262,47,53000,169288.73,-53.59,100482.90990112835,-136241.91323823453,169288.73
2026-09-25 09:10:36.262,47,54000,165614.03,-54.41,96384.2268153534,-134677.71810528796,165614.03
2026-09-25 09:10:36.262,47,55000,168087.2,-55.67,94794.20782460622,-138806.93414503965,168087.2
2026-09-25 09:10:36.263,47,56000,168087.2,-55.67,94794.20782460622,-138806.93414503965,168087.2
2026-09-25 09:10:36.263,47,57000,168087.2,-55.67,94794.20782460622,-138806.93414503965,168087.2
2026-09-25 09:10:36.372,47,58000,166841.2,-57.8,88905.71735117192,-141179.88326852213,166841.2
2026-09-25 09:10:36.373,47,59000,166841.2,-57.8,88905.71735117192,-141179.88326852213,166841.2
2026-09-25 09:10:36.373,47,60000,166841.2,-57.8,88905.71735117192,-141179.88326852213,166841.2
2026-09-25 09:10:36.373,47,61000,169655.06,-59.06,87226.48124973591,-145514.19295860137,169655.06
2026-09-25 09:10:36.373,47,62000,166063.03,-60.03,82956.20236710111,-143858.25809319902,166063.03
2026-09-25 09:10:36.374,47,63000,166063.03,-60.03,82956.20236710111,-143858.25809319902,166063.03
2026-09-25 09:10:36.485,47,64000,166063.03,-60.03,82956.20236710111,-143858.25809319902,166063.03
2026-09-25 09:10:36.485,47,65000,165439.28,-62.02,77618.0430771944,-146101.316748978,165439.28
2026-09-25 09:10:36.486,47,66000,165439.28,-62.02,77618.0430771944,-146101.316748978,165439.28
2026-09-25 09:10:36.486,47,67000,165439.28,-62.02,77618.0430771944,-146101.316748978,165439.28
2026-09-25 09:10:36.486,47,68000,168466.3,-63.19,75983.91450197772,-150357.3708623762,168466.3
2026-09-25 09:10:36.486,47,69000,165143.64,-64.24,71771.83092328283,-148732.06150110776,165143.64
2026-09-25 09:10:36.596,47,70000,165143.64,-64.24,71771.83092328283,-148732.06150110776,165143.64
2026-09-25 09:10:36.596,47,71000,168151.83,-65.32,70211.78302479038,-152791.83046494552,168151.83
2026-09-25 09:10:36.597,47,72000,165045.72,-66.38,66128.6836318619,-151218.67242981444,165045.72
2026-09-25 09:10:36.597,47,73000,165045.72,-66.38,66128.6836318619,-151218.67242981444,165045.72
2026-09-25 09:10:36.597,47,74000,165045.72,-66.38,66128.6836318619,-151218.67242981444,165045.72
2026-09-25 09:10:36.703,47,75000,168270.09,-67.46,64502.69236054831,-155416.29858817434,168270.09
2026-09-25 09:10:36.704,47,76000,165234.93,-68.58,60344.08756203319,-153821.88787168934,165234.93
2026-09-25 09:10:36.704,47,77000,165234.93,-68.58,60344.08756203319,-153821.88787168934,165234.93
2026-09-25 09:10:36.704,47,78000,165234.93,-68.58,60344.08756203319,-153821.88787168934,165234.93
2026-09-25 09:10:36.704,47,79000,164959.31,-70.94,53868.802232653754,-155915.76604594974,164959.31
2026-09-25 09:10:36.705,47,80000,164959.31,-70.94,53868.802232653754,-155915.76604594974,164959.31
2026-09-25 09:10:36.823,47,81000,164959.31,-70.94,53868.802232653754,-155915.76604594974,164959.31
2026-09-25 09:10:36.823,47,82000,162174.2,-72.12,49791.44131108272,-154341.4510680945,162174.2
2026-09-25 09:10:36.823,47,83000,165636.52,-73.08,48206.2178675744,-158466.45486226524,165636.52
2026-09-25 09:10:36.824,47,84000,165636.52,-73.08,48206.2178675744,-158466.45486226524,165636.52
2026-09-25 09:10:36.824,47,85000,162980.85,-74.3,44102.69069552535,-156900.31912057198,162980.85
2026-09-25 09:10:36.824,47,86000,162980.85,-74.3,44102.69069552535,-156900.31912057198,162980.85
2026-09-25 09:10:36.940,47,87000,166714.94,-75.25,42445.94851896764,-161221.0056832817,166714.94
2026-09-25 09:10:36.941,47,88000,164074.18,-76.55,38163.11647242784,-159574.1617047832,164074.18
2026-09-25 09:10:36.941,47,89000,164074.18,-76.55,38163.11647242784,-159574.1617047832,164074.18
2026-09-25 09:10:36.942,47,90000,164074.18,-76.55,38163.11647242784,-159574.1617047832,164074.18
2026-09-25 09:10:36.942,47,91000,161444.05,-77.93,33759.011233661025,-157874.983581719,161444.05
2026-09-25 09:10:36.942,47,92000,165342.48,-78.81,32086.880726749434,-162199.16084178042,165342.48
2026-09-25 09:10:36.942,47,93000,165342.48,-78.81,32086.880726749434,-162199.16084178042,165342.48
2026-09-25 09:10:37.056,47,94000,162978.64,-80.16,27852.626177584745,-160581.03347301428,162978.64
2026-09-25 09:10:37.057,47,95000,162978.64,-80.16,27852.626177584745,-160581.03347301428,162978.64
2026-09-25 09:10:37.057,47,96000,162978.64,-80.16,27852.626177584745,-160581.03347301428,162978.64
2026-09-25 09:10:37.057,47,97000,167100.96,-82.83,20856.49683874966,-165794.2621821902,167100.96
2026-09-25 09:10:37.058,47,98000,167100.96,-82.83,20856.49683874966,-165794.2621821902,167100.96
2026-09-25 09:10:37.058,47,99000,167100.96,-82.83,20856.49683874966,-165794.2621821902,167100.96
2026-09-25 09:10:37.173,47,100000,165046.05,-84.19,16707.600927242824,-164198.21768782538,165046.05
2026-09-25 09:10:47.494,48,10000,165119.7,-166.03,-160235.8329848757,-39862.17700694514,165119.7
2026-09-25 09:10:47.495,48,11000,165119.7,-166.03,-160235.8329848757,-39862.17700694514,165119.7
2026-09-25 09:10:47.495,48,12000,165119.7,-166.03,-160235.8329848757,-39862.17700694514,165119.7
2026-09-25 09:10:47.606,48,13000,161210.84,-167.74,-157534.27518935315,-34232.836196709555,161210.84
2026-09-25 09:10:47.606,48,14000,161210.84,-167.74,-157534.27518935315,-34232.836196709555,161210.84
2026-09-25 09:10:47.606,48,15000,161886.18,-169.24,-159039.86936738592,-30223.42182144863,161886.18
2026-09-25 09:10:47.607,48,16000,161886.18,-169.24,-159039.86936738592,-30223.42182144863,161886.18
2026-09-25 09:10:47.607,48,17000,164769.75,-30.84,141471.67219640478,-84467.96126943926,164769.75
2026-09-25 09:10:47.721,48,18000,162725.43,-170.82,-160641.24496987296,-25960.66222603277,162725.43
2026-09-25 09:10:47.722,48,19000,162725.43,-170.82,-160641.24496987296,-25960.66222603277,162725.43
2026-09-25 09:10:47.722,48,20000,166713.8,-34.14,137983.79962065013,-93562.61086934393,166713.8
2026-09-25 09:10:47.722,48,21000,166713.8,-34.14,137983.79962065013,-93562.61086934393,166713.8
2026-09-25 09:10:47.722,48,22000,166713.8,-34.14,137983.79962065013,-93562.61086934393,166713.8
2026-09-25 09:10:47.834,48,23000,167809.34,-35.65,136360.60329095848,-97804.7057219715,167809.34
2026-09-25 09:10:47.834,48,24000,167809.34,-35.65,136360.60329095848,-97804.7057219715,167809.34
2026-09-25 09:10:47.835,48,25000,164958.76,-37.48,130905.62866036085,-100374.84189662922,164958.76
2026-09-25 09:10:47.835,48,26000,164958.76,-37.48,130905.62866036085,-100374.84189662922,164958.76
2026-09-25 09:10:47.835,48,27000,164958.76,-37.48,130905.62866036085,-100374.84189662922,164958.76
2026-09-25 09:10:47.835,48,28000,166288.37,-38.97,129285.11137695392,-104580.98284824789,166288.37
2026-09-25 09:10:47.935,48,29000,166288.37,-38.97,129285.11137695392,-104580.98284824789,166288.37
2026-09-25 09:10:47.936,48,30000,167844.96,-40.54,127554.17683307308,-109095.6578871896,167844.96
2026-09-25 09:10:47.936,48,31000,167844.96,-40.54,127554.17683307308,-109095.6578871896,167844.96
2026-09-25 09:10:47.936,48,32000,167844.96,-40.54,127554.17683307308,-109095.6578871896,167844.96
2026-09-25 09:10:48.059,48,33000,165158.26,-42.51,121747.96596829599,-111600.55389114446,165158.26
2026-09-25 09:10:48.059,48,34000,165158.26,-42.51,121747.96596829599,-111600.55389114446,165158.26
2026-09-25 09:10:48.059,48,35000,166911.28,-43.98,120106.39241382739,-115904.39979817033,166911.28
2026-09-25 09:10:48.060,48,36000,166911.28,-43.98,120106.39241382739,-115904.39979817033,166911.28
2026-09-25 09:10:48.060,48,37000,166911.28,-43.98,120106.39241382739,-115904.39979817033,166911.28
2026-09-25 09:10:48.060,48,38000,168773.04,-45.43,118441.56777388733,-120232.83267936946,168773.04
2026-09-25 09:10:48.168,48,39000,164538.73,-46.1,114091.45620418036,-118558.56481596973,164538.73
2026-09-25 09:10:48.168,48,40000,164538.73,-46.1,114091.45620418036,-118558.56481596973,164538.73
2026-09-25 09:10:48.168,48,41000,165776.46,-47.0,113059.27385696636,-121241.22766232234,165776.46
2026-09-25 09:10:48.168,48,42000,165776.46,-47.0,113059.27385696636,-121241.22766232234,165776.46
2026-09-25 09:10:48.169,48,43000,165776.46,-47.0,113059.27385696636,-121241.22766232234,165776.46
2026-09-25 09:10:48.169,48,44000,163885.52,-49.12,107259.29219765309,-123910.88694270923,163885.52
2026-09-25 09:10:48.278,48,45000,163885.52,-49.12,107259.29219765309,-123910.88694270923,163885.52
2026-09-25 09:10:48.278,48,46000,166117.48,-50.52,105618.96122258525,-128217.2070816255,166117.48
2026-09-25 09:10:48.279,48,47000,166117.48,-50.52,105618.96122258525,-128217.2070816255,166117.48
2026-09-25 09:10:48.279,48,48000,166117.48,-50.52,105618.96122258525,-128217.2070816255,166117.48
2026-09-25 09:10:48.279,48,49000,166731.1,-52.19,102213.65926023839,-131725.57674135227,166731.1
2026-09-25 09:10:48.384,48,50000,166731.1,-52.19,102213.65926023839,-131725.57674135227,166731.1
2026-09-25 09:10:48.385,48,51000,166731.1,-52.19,102213.65926023839,-131725.57674135227,166731.1
2026-09-25 09:10:48.385,48,52000,169288.73,-53.59,100482.90990112835,-136241.91323823453,169288.73
2026-09-25 09:10:48.385,48,53000,169288.73,-53.59,100482.90990112835,-136241.91323823453,169288.73
2026-09-25 09:10:48.386,48,54000,165614.03,-54.41,96384.2268153534,-134677.71810528796,165614.03
2026-09-25 09:10:48.386,48,55000,168087.2,-55.67,94794.20782460622,-138806.93414503965,168087.2
2026-09-25 09:10:48.495,48,56000,168087.2,-55.67,94794.20782460622,-138806.93414503965,168087.2
2026-09-25 09:10:48.495,48,57000,168087.2,-55.67,94794.20782460622,-138806.93414503965,168087.2
2026-09-25 09:10:48.496,48,58000,166841.2,-57.8,88905.71735117192,-141179.88326852213,166841.2
2026-09-25 09:10:48.496,48,59000,166841.2,-57.8,88905.71735117192,-141179.88326852213,166841.2
2026-09-25 09:10:48.496,48,60000,166841.2,-57.8,88905.71735117192,-141179.88326852213,166841.2
2026-09-25 09:10:48.496,48,61000,169655.06,-59.06,87226.48124973591,-145514.19295860137,169655.06
2026-09-25 09:10:48.605,48,62000,166063.03,-60.03,82956.20236710111,-143858.25809319902,166063.03
2026-09-25 09:10:48.606,48,63000,166063.03,-60.03,82956.20236710111,-143858.25809319902,166063.03
2026-09-25 09:10:48.606,48,64000,166063.03,-60.03,82956.20236710111,-143858.25809319902,166063.03
2026-09-25 09:10:48.606,48,65000,165439.28,-62.02,77618.0430771944,-146101.316748978,165439.28
2026-09-25 09:10:48.607,48,66000,165439.28,-62.02,77618.0430771944,-146101.316748978,165439.28
2026-09-25 09:10:48.607,48,67000,165439.28,-62.02,77618.0430771944,-146101.316748978,165439.28
2026-09-25 09:10:48.722,48,68000,168466.3,-63.19,75983.91450197772,-150357.3708623762,168466.3
2026-09-25 09:10:48.723,48,69000,165143.64,-64.24,71771.83092328283,-148732.06150110776,165143.64
2026-09-25 09:10:48.723,48,70000,165143.64,-64.24,71771.83092328283,-148732.06150110776,165143.64
2026-09-25 09:10:48.723,48,71000,168151.83,-65.32,70211.78302479038,-152791.83046494552,168151.83
2026-09-25 09:10:48.723,48,72000,165045.72,-66.38,66128.6836318619,-151218.67242981444,165045.72
2026-09-25 09:10:48.723,48,73000,165045.72,-66.38,66128.6836318619,-151218.67242981444,165045.72
2026-09-25 09:10:48.829,48,74000,165045.72,-66.38,66128.6836318619,-151218.67242981444,165045.72
2026-09-25 09:10:48.830,48,75000,168270.09,-67.46,64502.69236054831,-155416.29858817434,168270.09
2026-09-25 09:10:48.830,48,76000,165234.93,-68.58,60344.08756203319,-153821.88787168934,165234.93
2026-09-25 09:10:48.830,48,77000,165234.93,-68.58,60344.08756203319,-153821.88787168934,165234.93
2026-09-25 09:10:48.830,48,78000,165234.93,-68.58,60344.08756203319,-153821.88787168934,165234.93
2026-09-25 09:10:48.938,48,79000,164959.31,-70.94,53868.802232653754,-155915.76604594974,164959.31
2026-09-25 09:10:48.939,48,80000,164959.31,-70.94,53868.802232653754,-155915.76604594974,164959.31
2026-09-25 09:10:48.939,48,81000,164959.31,-70.94,53868.802232653754,-155915.76604594974,164959.31
2026-09-25 09:10:48.939,48,82000,162174.2,-72.12,49791.44131108272,-154341.4510680945,162174.2
2026-09-25 09:10:48.940,48,83000,165636.52,-73.08,48206.2178675744,-158466.45486226524,165636.52
2026-09-25 09:10:48.940,48,84000,165636.52,-73.08,48206.2178675744,-158466.45486226524,165636.52
2026-09-25 09:10:49.045,48,85000,162980.85,-74.3,44102.69069552535,-156900.31912057198,162980.85
2026-09-25 09:10:49.045,48,86000,162980.85,-74.3,44102.69069552535,-156900.31912057198,162980.85
2026-09-25 09:10:49.046,48,87000,166714.94,-75.25,42445.94851896764,-161221.0056832817,166714.94
2026-09-25 09:10:49.046,48,88000,164074.18,-76.55,38163.11647242784,-159574.1617047832,164074.18
2026-09-25 09:10:49.046,48,89000,164074.18,-76.55,38163.11647242784,-159574.1617047832,164074.18
2026-09-25 09:10:49.046,48,90000,164074.18,-76.55,38163.11647242784,-159574.1617047832,164074.18
2026-09-25 09:10:49.155,48,91000,161444.05,-77.93,33759.011233661025,-157874.983581719,161444.05
2026-09-25 09:10:49.155,48,92000,165342.48,-78.81,32086.880726749434,-162199.16084178042,165342.48
2026-09-25 09:10:49.156,48,93000,165342.48,-78.81,32086.880726749434,-162199.16084178042,165342.48
2026-09-25 09:10:49.156,48,94000,162978.64,-80.16,27852.626177584745,-160581.03347301428,162978.64
2026-09-25 09:10:49.156,48,95000,162978.64,-80.16,27852.626177584745,-160581.03347301428,162978.64
2026-09-25 09:10:49.262,48,96000,162978.64,-80.16,27852.626177584745,-160581.03347301428,162978.64
2026-09-25 09:10:49.263,48,97000,167100.96,-82.83,20856.49683874966,-165794.2621821902,167100.96
2026-09-25 09:10:49.263,48,98000,167100.96,-82.83,20856.49683874966,-165794.2621821902,167100.96
2026-09-25 09:10:49.263,48,99000,167100.96,-82.83,20856.49683874966,-165794.2621821902,167100.96
2026-09-25 09:10:49.263,48,100000,165046.05,-84.19,16707.600927242824,-164198.21768782538,165046.05
2026-09-25 09:10:59.603,49,10000,165119.7,-166.03,-160235.8329848757,-39862.17700694514,165119.7
2026-09-25 09:10:59.722,49,11000,165119.7,-166.03,-160235.8329848757,-39862.17700694514,165119.7
2026-09-25 09:10:59.723,49,12000,165119.7,-166.03,-160235.8329848757,-39862.17700694514,165119.7
2026-09-25 09:10:59.723,49,13000,161210.84,-167.74,-157534.27518935315,-34232.836196709555,161210.84
2026-09-25 09:10:59.723,49,14000,161210.84,-167.74,-157534.27518935315,-34232.836196709555,161210.84
2026-09-25 09:10:59.724,49,15000,161886.18,-169.24,-159039.86936738592,-30223.42182144863,161886.18
2026-09-25 09:10:59.825,49,16000,161886.18,-169.24,-159039.86936738592,-30223.42182144863,161886.18
2026-09-25 09:10:59.826,49,17000,161886.18,-169.24,-159039.86936738592,-30223.42182144863,161886.18
2026-09-25 09:10:59.826,49,18000,165623.95,-32.41,139825.43493173012,-88770.15579436038,165623.95
2026-09-25 09:10:59.826,49,19000,162725.43,-170.82,-160641.24496987296,-25960.66222603277,162725.43
2026-09-25 09:10:59.826,49,20000,166713.8,-34.14,137983.79962065013,-93562.61086934393,166713.8
2026-09-25 09:10:59.939,49,21000,166713.8,-34.14,137983.79962065013,-93562.61086934393,166713.8
2026-09-25 09:10:59.940,49,22000,166713.8,-34.14,137983.79962065013,-93562.61086934393,166713.8
2026-09-25 09:10:59.940,49,23000,167809.34,-35.65,136360.60329095848,-97804.7057219715,167809.34
2026-09-25 09:10:59.940,49,24000,167809.34,-35.65,136360.60329095848,-97804.7057219715,167809.34
2026-09-25 09:10:59.941,49,25000,164958.76,-37.48,130905.62866036085,-100374.84189662922,164958.76
2026-09-25 09:11:00.056,49,26000,164958.76,-37.48,130905.62866036085,-100374.84189662922,164958.76
2026-09-25 09:11:00.057,49,27000,164958.76,-37.48,130905.62866036085,-100374.84189662922,164958.76
2026-09-25 09:11:00.058,49,28000,166288.37,-38.97,129285.11137695392,-104580.98284824789,166288.37
2026-09-25 09:11:00.058,49,29000,166288.37,-38.97,129285.11137695392,-104580.98284824789,166288.37
2026-09-25 09:11:00.058,49,30000,167844.96,-40.54,127554.17683307308,-109095.6578871896,167844.96
2026-09-25 09:11:00.058,49,31000,167844.96,-40.54,127554.17683307308,-109095.6578871896,167844.96
2026-09-25 09:11:00.173,49,32000,167844.96,-40.54,127554.17683307308,-109095.6578871896,167844.96
2026-09-25 09:11:00.173,49,33000,165158.26,-42.51,121747.96596829599,-111600.55389114446,165158.26
2026-09-25 09:11:00.174,49,34000,165158.26,-42.51,121747.96596829599,-111600.55389114446,165158.26
2026-09-25 09:11:00.174,49,35000,166911.28,-43.98,120106.39241382739,-115904.39979817033,166911.28
2026-09-25 09:11:00.174,49,36000,166911.28,-43.98,120106.39241382739,-115904.39979817033,166911.28
2026-09-25 09:11:00.276,49,37000,166911.28,-43.98,120106.39241382739,-115904.39979817033,166911.28
2026-09-25 09:11:00.276,49,38000,168773.04,-45.43,118441.56777388733,-120232.83267936946,168773.04
2026-09-25 09:11:00.276,49,39000,164538.73,-46.1,114091.45620418036,-118558.56481596973,164538.73
2026-09-25 09:11:00.276,49,40000,164538.73,-46.1,114091.45620418036,-118558.56481596973,164538.73
2026-09-25 09:11:00.277,49,41000,165776.46,-47.0,113059.27385696636,-121241.22766232234,165776.46
2026-09-25 09:11:00.390,49,42000,165776.46,-47.0,113059.27385696636,-121241.22766232234,165776.46
2026-09-25 09:11:00.390,49,43000,165776.46,-47.0,113059.27385696636,-121241.22766232234,165776.46
2026-09-25 09:11:00.391,49,44000,163885.52,-49.12,107259.29219765309,-123910.88694270923,163885.52
2026-09-25 09:11:00.391,49,45000,163885.52,-49.12,107259.29219765309,-123910.88694270923,163885.52
2026-09-25 09:11:00.391,49,46000,166117.48,-50.52,105618.96122258525,-128217.2070816255,166117.48
2026-09-25 09:11:00.391,49,47000,166117.48,-50.52,105618.96122258525,-128217.2070816255,166117.48
2026-09-25 09:11:00.496,49,48000,166117.48,-50.52,105618.96122258525,-128217.2070816255,166117.48
2026-09-25 09:11:00.496,49,49000,166731.1,-52.19,102213.65926023839,-131725.57674135227,166731.1
2026-09-25 09:11:00.496,49,50000,166731.1,-52.19,102213.65926023839,-131725.57674135227,166731.1
2026-09-25 09:11:00.497,49,51000,166731.1,-52.19,102213.65926023839,-131725.57674135227,166731.1
2026-09-25 09:11:00.497,49,52000,169288.73,-53.59,100482.90990112835,-136241.91323823453,169288.73
2026-09-25 09:11:00.613,49,53000,169288.73,-53.59,100482.90990112835,-136241.91323823453,169288.73
2026-09-25 09:11:00.613,49,54000,165614.03,-54.41,96384.2268153534,-134677.71810528796,165614.03
2026-09-25 09:11:00.614,49,55000,168087.2,-55.67,94794.20782460622,-138806.93414503965,168087.2
2026-09-25 09:11:00.614,49,56000,168087.2,-55.67,94794.20782460622,-138806.93414503965,168087.2
2026-09-25 09:11:00.614,49,57000,168087.2,-55.67,94794.20782460622,-138806.93414503965,168087.2
2026-09-25 09:11:00.614,49,58000,166841.2,-57.8,88905.71735117192,-141179.88326852213,166841.2
2026-09-25 09:11:00.614,49,59000,166841.2,-57.8,88905.71735117192,-141179.88326852213,166841.2
2026-09-25 09:11:00.713,49,60000,166841.2,-57.8,88905.71735117192,-141179.88326852213,166841.2
2026-09-25 09:11:00.713,49,61000,169655.06,-59.06,87226.48124973591,-145514.19295860137,169655.06
2026-09-25 09:11:00.713,49,62000,166063.03,-60.03,82956.20236710111,-143858.25809319902,166063.03
2026-09-25 09:11:00.713,49,63000,166063.03,-60.03,82956.20236710111,-143858.25809319902,166063.03
2026-09-25 09:11:00.713,49,64000,166063.03,-60.03,82956.20236710111,-143858.25809319902,166063.03
2026-09-25 09:11:00.829,49,65000,165439.28,-62.02,77618.0430771944,-146101.316748978,165439.28
2026-09-25 09:11:00.830,49,66000,165439.28,-62.02,77618.0430771944,-146101.316748978,165439.28
2026-09-25 09:11:00.830,49,67000,165439.28,-62.02,77618.0430771944,-146101.316748978,165439.28
2026-09-25 09:11:00.830,49,68000,168466.3,-63.19,75983.91450197772,-150357.3708623762,168466.3
2026-09-25 09:11:00.830,49,69000,165143.64,-64.24,71771.83092328283,-148732.06150110776,165143.64
2026-09-25 09:11:00.831,49,70000,165143.64,-64.24,71771.83092328283,-148732.06150110776,165143.64
2026-09-25 09:11:00.936,49,71000,168151.83,-65.32,70211.78302479038,-152791.83046494552,168151.83
2026-09-25 09:11:00.936,49,72000,165045.72,-66.38,66128.6836318619,-151218.67242981444,165045.72
2026-09-25 09:11:00.936,49,73000,165045.72,-66.38,66128.6836318619,-151218.67242981444,165045.72
2026-09-25 09:11:00.937,49,74000,165045.72,-66.38,66128.6836318619,-151218.67242981444,165045.72
2026-09-25 09:11:00.937,49,75000,168270.09,-67.46,64502.69236054831,-155416.29858817434,168270.09
2026-09-25 09:11:00.937,49,76000,165234.93,-68.58,60344.08756203319,-153821.88787168934,165234.93
2026-09-25 09:11:01.056,49,77000,165234.93,-68.58,60344.08756203319,-153821.88787168934,165234.93
2026-09-25 09:11:01.056,49,78000,165234.93,-68.58,60344.08756203319,-153821.88787168934,165234.93
2026-09-25 09:11:01.057,49,79000,164959.31,-70.94,53868.802232653754,-155915.76604594974,164959.31
2026-09-25 09:11:01.057,49,80000,164959.31,-70.94,53868.802232653754,-155915.76604594974,164959.31
2026-09-25 09:11:01.057,49,81000,164959.31,-70.94,53868.802232653754,-155915.76604594974,164959.31
2026-09-25 09:11:01.057,49,82000,162174.2,-72.12,49791.44131108272,-154341.4510680945,162174.2
2026-09-25 09:11:01.184,49,83000,165636.52,-73.08,48206.2178675744,-158466.45486226524,165636.52
2026-09-25 09:11:01.185,49,84000,165636.52,-73.08,48206.2178675744,-158466.45486226524,165636.52
2026-09-25 09:11:01.185,49,85000,162980.85,-74.3,44102.69069552535,-156900.31912057198,162980.85
2026-09-25 09:11:01.185,49,86000,162980.85,-74.3,44102.69069552535,-156900.31912057198,162980.85
2026-09-25 09:11:01.186,49,87000,166714.94,-75.25,42445.94851896764,-161221.0056832817,166714.94
2026-09-25 09:11:01.186,49,88000,164074.18,-76.55,38163.11647242784,-159574.1617047832,164074.18
2026-09-25 09:11:01.186,49,89000,164074.18,-76.55,38163.11647242784,-159574.1617047832,164074.18
2026-09-25 09:11:01.294,49,90000,164074.18,-76.55,38163.11647242784,-159574.1617047832,164074.18
2026-09-25 09:11:01.294,49,91000,161444.05,-77.93,33759.011233661025,-157874.983581719,161444.05
2026-09-25 09:11:01.294,49,92000,165342.48,-78.81,32086.880726749434,-162199.16084178042,165342.48
2026-09-25 09:11:01.294,49,93000,165342.48,-78.81,32086.880726749434,-162199.16084178042,165342.48
2026-09-25 09:11:01.295,49,94000,162978.64,-80.16,27852.626177584745,-160581.03347301428,162978.64
2026-09-25 09:11:01.406,49,95000,162978.64,-80.16,27852.626177584745,-160581.03347301428,162978.64
2026-09-25 09:11:01.406,49,96000,162978.64,-80.16,27852.626177584745,-160581.03347301428,162978.64
2026-09-25 09:11:01.407,49,97000,167100.96,-82.83,20856.49683874966,-165794.2621821902,167100.96
2026-09-25 09:11:01.407,49,98000,167100.96,-82.83,20856.49683874966,-165794.2621821902,167100.96
2026-09-25 09:11:01.407,49,99000,167100.96,-82.83,20856.49683874966,-165794.2621821902,167100.96
2026-09-25 09:11:01.407,49,100000,165046.05,-84.19,16707.600927242824,-164198.21768782538,165046.05
2026-09-25 09:11:11.785,50,10000,165119.7,-166.03,-160235.8329848757,-39862.17700694514,165119.7
2026-09-25 09:11:11.785,50,11000,165119.7,-166.03,-160235.8329848757,-39862.17700694514,165119.7
2026-09-25 09:11:11.885,50,12000,165119.7,-166.03,-160235.8329848757,-39862.17700694514,165119.7
2026-09-25 09:11:11.886,50,13000,164082.38,-29.34,143035.1075760661,-80398.91434072725,164082.38
2026-09-25 09:11:11.886,50,14000,161210.84,-167.74,-157534.27518935315,-34232.836196709555,161210.84
2026-09-25 09:11:11.886,50,15000,161886.18,-169.24,-159039.86936738592,-30223.42182144863,161886.18
2026-09-25 09:11:11.996,50,16000,161886.18,-169.24,-159039.86936738592,-30223.42182144863,161886.18
2026-09-25 09:11:11.996,50,17000,161886.18,-169.24,-159039.86936738592,-30223.42182144863,161886.18
2026-09-25 09:11:11.997,50,18000,162725.43,-170.82,-160641.24496987296,-25960.66222603277,162725.43
2026-09-25 09:11:11.997,50,19000,162725.43,-170.82,-160641.24496987296,-25960.66222603277,162725.43
2026-09-25 09:11:11.997,50,20000,166713.8,-34.14,137983.79962065013,-93562.61086934393,166713.8
2026-09-25 09:11:12.114,50,21000,163796.21,-172.54,-162409.7969843855,-21266.317355263665,163796.21
2026-09-25 09:11:12.114,50,22000,163796.21,-172.54,-162409.7969843855,-21266.317355263665,163796.21
2026-09-25 09:11:12.114,50,23000,164872.58,-174.06,-163987.34812052237,-17062.15965975589,164872.58
2026-09-25 09:11:12.115,50,24000,167809.34,-35.65,136360.60329095848,-97804.7057219715,167809.34
2026-09-25 09:11:12.115,50,25000,164958.76,-37.48,130905.62866036085,-100374.84189662922,164958.76
2026-09-25 09:11:12.115,50,26000,164958.76,-37.48,130905.62866036085,-100374.84189662922,164958.76
2026-09-25 09:11:12.223,50,27000,162071.88,-175.89,-161655.07797654305,-11615.93952860399,162071.88
2026-09-25 09:11:12.223,50,28000,166288.37,-38.97,129285.11137695392,-104580.98284824789,166288.37
2026-09-25 09:11:12.223,50,29000,166288.37,-38.97,129285.11137695392,-104580.98284824789,166288.37
2026-09-25 09:11:12.224,50,30000,167844.96,-40.54,127554.17683307308,-109095.6578871896,167844.96
2026-09-25 09:11:12.224,50,31000,167844.96,-40.54,127554.17683307308,-109095.6578871896,167844.96
2026-09-25 09:11:12.330,50,32000,167844.96,-40.54,127554.17683307308,-109095.6578871896,167844.96
2026-09-25 09:11:12.331,50,33000,165158.26,-42.51,121747.96596829599,-111600.55389114446,165158.26
2026-09-25 09:11:12.331,50,34000,162267.89,179.09,-162247.4240935909,2577.1107943906195,162267.89
2026-09-25 09:11:12.331,50,35000,166911.28,-43.98,120106.39241382739,-115904.39979817033,166911.28
2026-09-25 09:11:12.331,50,36000,166911.28,-43.98,120106.39241382739,-115904.39979817033,166911.28
2026-09-25 09:11:12.436,50,37000,166911.28,-43.98,120106.39241382739,-115904.39979817033,166911.28
2026-09-25 09:11:12.436,50,38000,168773.04,-45.43,118441.56777388733,-120232.83267936946,168773.04
2026-09-25 09:11:12.436,50,39000,164538.73,-46.1,114091.45620418036,-118558.56481596973,164538.73
2026-09-25 09:11:12.436,50,40000,164538.73,-46.1,114091.45620418036,-118558.56481596973,164538.73
2026-09-25 09:11:12.437,50,41000,165776.46,-47.0,113059.27385696636,-121241.22766232234,165776.46
2026-09-25 09:11:12.549,50,42000,165776.46,-47.0,113059.27385696636,-121241.22766232234,165776.46
2026-09-25 09:11:12.550,50,43000,165776.46,-47.0,113059.27385696636,-121241.22766232234,165776.46
2026-09-25 09:11:12.550,50,44000,163885.52,-49.12,107259.29219765309,-123910.88694270923,163885.52
2026-09-25 09:11:12.550,50,45000,163885.52,-49.12,107259.29219765309,-123910.88694270923,163885.52
2026-09-25 09:11:12.551,50,46000,166117.48,-50.52,105618.96122258525,-128217.2070816255,166117.48
2026-09-25 09:11:12.551,50,47000,166117.48,-50.52,105618.96122258525,-128217.2070816255,166117.48
2026-09-25 09:11:12.656,50,48000,166117.48,-50.52,105618.96122258525,-128217.2070816255,166117.48
2026-09-25 09:11:12.656,50,49000,166731.1,-52.19,102213.65926023839,-131725.57674135227,166731.1
2026-09-25 09:11:12.657,50,50000,166731.1,-52.19,102213.65926023839,-131725.57674135227,166731.1
2026-09-25 09:11:12.657,50,51000,166731.1,-52.19,102213.65926023839,-131725.57674135227,166731.1
2026-09-25 09:11:12.657,50,52000,169288.73,-53.59,100482.90990112835,-136241.91323823453,169288.73
2026-09-25 09:11:12.657,50,53000,169288.73,-53.59,100482.90990112835,-136241.91323823453,169288.73
2026-09-25 09:11:12.763,50,54000,165614.03,-54.41,96384.2268153534,-134677.71810528796,165614.03
2026-09-25 09:11:12.763,50,55000,168087.2,-55.67,94794.20782460622,-138806.93414503965,168087.2
2026-09-25 09:11:12.764,50,56000,168087.2,-55.67,94794.20782460622,-138806.93414503965,168087.2
2026-09-25 09:11:12.764,50,57000,168087.2,-55.67,94794.20782460622,-138806.93414503965,168087.2
2026-09-25 09:11:12.764,50,58000,166841.2,-57.8,88905.71735117192,-141179.88326852213,166841.2
2026-09-25 09:11:12.872,50,59000,166841.2,-57.8,88905.71735117192,-141179.88326852213,166841.2
2026-09-25 09:11:12.873,50,60000,166841.2,-57.8,88905.71735117192,-141179.88326852213,166841.2
2026-09-25 09:11:12.873,50,61000,169655.06,-59.06,87226.48124973591,-145514.19295860137,169655.06
2026-09-25 09:11:12.873,50,62000,166063.03,-60.03,82956.20236710111,-143858.25809319902,166063.03
2026-09-25 09:11:12.873,50,63000,166063.03,-60.03,82956.20236710111,-143858.25809319902,166063.03
2026-09-25 09:11:12.873,50,64000,166063.03,-60.03,82956.20236710111,-143858.25809319902,166063.03
2026-09-25 09:11:12.982,50,65000,165439.28,-62.02,77618.0430771944,-146101.316748978,165439.28
2026-09-25 09:11:12.983,50,66000,165439.28,-62.02,77618.0430771944,-146101.316748978,165439.28
2026-09-25 09:11:12.983,50,67000,165439.28,-62.02,77618.0430771944,-146101.316748978,165439.28
2026-09-25 09:11:12.983,50,68000,168466.3,-63.19,75983.91450197772,-150357.3708623762,168466.3
2026-09-25 09:11:12.984,50,69000,165143.64,-64.24,71771.83092328283,-148732.06150110776,165143.64
2026-09-25 09:11:12.984,50,70000,165143.64,-64.24,71771.83092328283,-148732.06150110776,165143.64
2026-09-25 09:11:13.092,50,71000,168151.83,-65.32,70211.78302479038,-152791.83046494552,168151.83
2026-09-25 09:11:13.092,50,72000,165045.72,-66.38,66128.6836318619,-151218.67242981444,165045.72
2026-09-25 09:11:13.092,50,73000,165045.72,-66.38,66128.6836318619,-151218.67242981444,165045.72
2026-09-25 09:11:13.093,50,74000,165045.72,-66.38,66128.6836318619,-151218.67242981444,165045.72
2026-09-25 09:11:13.093,50,75000,168270.09,-67.46,64502.69236054831,-155416.29858817434,168270.09
2026-09-25 09:11:13.215,50,76000,165234.93,-68.58,60344.08756203319,-153821.88787168934,165234.93
2026-09-25 09:11:13.215,50,77000,165234.93,-68.58,60344.08756203319,-153821.88787168934,165234.93
2026-09-25 09:11:13.215,50,78000,165234.93,-68.58,60344.08756203319,-153821.88787168934,165234.93
2026-09-25 09:11:13.216,50,79000,164959.31,-70.94,53868.802232653754,-155915.76604594974,164959.31
2026-09-25 09:11:13.216,50,80000,164959.31,-70.94,53868.802232653754,-155915.76604594974,164959.31
2026-09-25 09:11:13.216,50,81000,164959.31,-70.94,53868.802232653754,-155915.76604594974,164959.31
2026-09-25 09:11:13.216,50,82000,162174.2,-72.12,49791.44131108272,-154341.4510680945,162174.2
2026-09-25 09:11:13.322,50,83000,165636.52,-73.08,48206.2178675744,-158466.45486226524,165636.52
2026-09-25 09:11:13.323,50,84000,165636.52,-73.08,48206.2178675744,-158466.45486226524,165636.52
2026-09-25 09:11:13.323,50,85000,162980.85,-74.3,44102.69069552535,-156900.31912057198,162980.85
2026-09-25 09:11:13.324,50,86000,162980.85,-74.3,44102.69069552535,-156900.31912057198,162980.85
2026-09-25 09:11:13.324,50,87000,166714.94,-75.25,42445.94851896764,-161221.0056832817,166714.94
2026-09-25 09:11:13.325,50,88000,164074.18,-76.55,38163.11647242784,-159574.1617047832,164074.18
2026-09-25 09:11:13.440,50,89000,164074.18,-76.55,38163.11647242784,-159574.1617047832,164074.18
2026-09-25 09:11:13.440,50,90000,164074.18,-76.55,38163.11647242784,-159574.1617047832,164074.18
2026-09-25 09:11:13.440,50,91000,161444.05,-77.93,33759.011233661025,-157874.983581719,161444.05
2026-09-25 09:11:13.441,50,92000,165342.48,-78.81,32086.880726749434,-162199.16084178042,165342.48
2026-09-25 09:11:13.441,50,93000,165342.48,-78.81,32086.880726749434,-162199.16084178042,165342.48
2026-09-25 09:11:13.441,50,94000,162978.64,-80.16,27852.626177584745,-160581.03347301428,162978.64
2026-09-25 09:11:13.545,50,95000,162978.64,-80.16,27852.626177584745,-160581.03347301428,162978.64
2026-09-25 09:11:13.546,50,96000,162978.64,-80.16,27852.626177584745,-160581.03347301428,162978.64
2026-09-25 09:11:13.546,50,97000,167100.96,-82.83,20856.49683874966,-165794.2621821902,167100.96
2026-09-25 09:11:13.546,50,98000,167100.96,-82.83,20856.49683874966,-165794.2621821902,167100.96
2026-09-25 09:11:13.546,50,99000,167100.96,-82.83,20856.49683874966,-165794.2621821902,167100.96
2026-09-25 09:11:13.652,50,100000,165046.05,-84.19,16707.600927242824,-164198.21768782538,165046.05
2026-09-25 09:11:23.996,51,10000,165119.7,-166.03,-160235.8329848757,-39862.17700694514,165119.7
2026-09-25 09:11:23.996,51,11000,165119.7,-166.03,-160235.8329848757,-39862.17700694514,165119.7
2026-09-25 09:11:23.997,51,12000,165119.7,-166.03,-160235.8329848757,-39862.17700694514,165119.7
2026-09-25 09:11:23.997,51,13000,164082.38,-29.34,143035.1075760661,-80398.91434072725,164082.38
2026-09-25 09:11:24.106,51,14000,161210.84,-167.74,-157534.27518935315,-34232.836196709555,161210.84
2026-09-25 09:11:24.106,51,15000,161886.18,-169.24,-159039.86936738592,-30223.42182144863,161886.18
2026-09-25 09:11:24.106,51,16000,161886.18,-169.24,-159039.86936738592,-30223.42182144863,161886.18
2026-09-25 09:11:24.106,51,17000,161886.18,-169.24,-159039.86936738592,-30223.42182144863,161886.18
2026-09-25 09:11:24.107,51,18000,162725.43,-170.82,-160641.24496987296,-25960.66222603277,162725.43
2026-09-25 09:11:24.213,51,19000,162725.43,-170.82,-160641.24496987296,-25960.66222603277,162725.43
2026-09-25 09:11:24.213,51,20000,166713.8,-34.14,137983.79962065013,-93562.61086934393,166713.8
2026-09-25 09:11:24.213,51,21000,166713.8,-34.14,137983.79962065013,-93562.61086934393,166713.8
2026-09-25 09:11:24.214,51,22000,163796.21,-172.54,-162409.7969843855,-21266.317355263665,163796.21
2026-09-25 09:11:24.214,51,23000,167809.34,-35.65,136360.60329095848,-97804.7057219715,167809.34
2026-09-25 09:11:24.322,51,24000,164872.58,-174.06,-163987.34812052237,-17062.15965975589,164872.58
2026-09-25 09:11:24.323,51,25000,164958.76,-37.48,130905.62866036085,-100374.84189662922,164958.76
2026-09-25 09:11:24.323,51,26000,164958.76,-37.48,130905.62866036085,-100374.84189662922,164958.76
2026-09-25 09:11:24.323,51,27000,164958.76,-37.48,130905.62866036085,-100374.84189662922,164958.76
2026-09-25 09:11:24.324,51,28000,166288.37,-38.97,129285.11137695392,-104580.98284824789,166288.37
2026-09-25 09:11:24.436,51,29000,166288.37,-38.97,129285.11137695392,-104580.98284824789,166288.37
2026-09-25 09:11:24.436,51,30000,167844.96,-40.54,127554.17683307308,-109095.6578871896,167844.96
2026-09-25 09:11:24.436,51,31000,167844.96,-40.54,127554.17683307308,-109095.6578871896,167844.96
2026-09-25 09:11:24.437,51,32000,167844.96,-40.54,127554.17683307308,-109095.6578871896,167844.96
2026-09-25 09:11:24.437,51,33000,165158.26,-42.51,121747.96596829599,-111600.55389114446,165158.26
2026-09-25 09:11:24.437,51,34000,165158.26,-42.51,121747.96596829599,-111600.55389114446,165158.26
2026-09-25 09:11:24.546,51,35000,166911.28,-43.98,120106.39241382739,-115904.39979817033,166911.28
2026-09-25 09:11:24.546,51,36000,166911.28,-43.98,120106.39241382739,-115904.39979817033,166911.28
2026-09-25 09:11:24.547,51,37000,166911.28,-43.98,120106.39241382739,-115904.39979817033,166911.28
2026-09-25 09:11:24.547,51,38000,168773.04,-45.43,118441.56777388733,-120232.83267936946,168773.04
2026-09-25 09:11:24.547,51,39000,164538.73,-46.1,114091.45620418036,-118558.56481596973,164538.73
2026-09-25 09:11:24.656,51,40000,164538.73,-46.1,114091.45620418036,-118558.56481596973,164538.73
2026-09-25 09:11:24.656,51,41000,165776.46,-47.0,113059.27385696636,-121241.22766232234,165776.46
2026-09-25 09:11:24.657,51,42000,165776.46,-47.0,113059.27385696636,-121241.22766232234,165776.46
2026-09-25 09:11:24.657,51,43000,165776.46,-47.0,113059.27385696636,-121241.22766232234,165776.46
2026-09-25 09:11:24.657,51,44000,163885.52,-49.12,107259.29219765309,-123910.88694270923,163885.52
2026-09-25 09:11:24.657,51,45000,163885.52,-49.12,107259.29219765309,-123910.88694270923,163885.52
2026-09-25 09:11:24.764,51,46000,166117.48,-50.52,105618.96122258525,-128217.2070816255,166117.48
2026-09-25 09:11:24.764,51,47000,166117.48,-50.52,105618.96122258525,-128217.2070816255,166117.48
2026-09-25 09:11:24.764,51,48000,166117.48,-50.52,105618.96122258525,-128217.2070816255,166117.48
2026-09-25 09:11:24.765,51,49000,166731.1,-52.19,102213.65926023839,-131725.57674135227,166731.1
2026-09-25 09:11:24.765,51,50000,166731.1,-52.19,102213.65926023839,-131725.57674135227,166731.1
2026-09-25 09:11:24.868,51,51000,166731.1,-52.19,102213.65926023839,-131725.57674135227,166731.1
2026-09-25 09:11:24.869,51,52000,169288.73,-53.59,100482.90990112835,-136241.91323823453,169288.73
2026-09-25 09:11:24.869,51,53000,169288.73,-53.59,100482.90990112835,-136241.91323823453,169288.73
2026-09-25 09:11:24.869,51,54000,165614.03,-54.41,96384.2268153534,-134677.71810528796,165614.03
2026-09-25 09:11:24.870,51,55000,168087.2,-55.67,94794.20782460622,-138806.93414503965,168087.2
2026-09-25 09:11:24.984,51,56000,168087.2,-55.67,94794.20782460622,-138806.93414503965,168087.2
2026-09-25 09:11:24.985,51,57000,168087.2,-55.67,94794.20782460622,-138806.93414503965,168087.2
2026-09-25 09:11:24.985,51,58000,166841.2,-57.8,88905.71735117192,-141179.88326852213,166841.2
2026-09-25 09:11:24.985,51,59000,166841.2,-57.8,88905.71735117192,-141179.88326852213,166841.2
2026-09-25 09:11:24.986,51,60000,166841.2,-57.8,88905.71735117192,-141179.88326852213,166841.2
2026-09-25 09:11:24.986,51,61000,169655.06,-59.06,87226.48124973591,-145514.19295860137,169655.06
2026-09-25 09:11:25.096,51,62000,166063.03,-60.03,82956.20236710111,-143858.25809319902,166063.03
2026-09-25 09:11:25.097,51,63000,166063.03,-60.03,82956.20236710111,-143858.25809319902,166063.03
2026-09-25 09:11:25.097,51,64000,166063.03,-60.03,82956.20236710111,-143858.25809319902,166063.03
2026-09-25 09:11:25.097,51,65000,165439.28,-62.02,77618.0430771944,-146101.316748978,165439.28
2026-09-25 09:11:25.097,51,66000,165439.28,-62.02,77618.0430771944,-146101.316748978,165439.28
2026-09-25 09:11:25.098,51,67000,165439.28,-62.02,77618.0430771944,-146101.316748978,165439.28
2026-09-25 09:11:25.203,51,68000,168466.3,-63.19,75983.91450197772,-150357.3708623762,168466.3
2026-09-25 09:11:25.203,51,69000,165143.64,-64.24,71771.83092328283,-148732.06150110776,165143.64
2026-09-25 09:11:25.203,51,70000,165143.64,-64.24,71771.83092328283,-148732.06150110776,165143.64
2026-09-25 09:11:25.204,51,71000,168151.83,-65.32,70211.78302479038,-152791.83046494552,168151.83
2026-09-25 09:11:25.204,51,72000,165045.72,-66.38,66128.6836318619,-151218.67242981444,165045.72
2026-09-25 09:11:25.204,51,73000,165045.72,-66.38,66128.6836318619,-151218.67242981444,165045.72
2026-09-25 09:11:25.312,51,74000,165045.72,-66.38,66128.6836318619,-151218.67242981444,165045.72
2026-09-25 09:11:25.313,51,75000,168270.09,-67.46,64502.69236054831,-155416.29858817434,168270.09
2026-09-25 09:11:25.313,51,76000,165234.93,-68.58,60344.08756203319,-153821.88787168934,165234.93
2026-09-25 09:11:25.313,51,77000,165234.93,-68.58,60344.08756203319,-153821.88787168934,165234.93
2026-09-25 09:11:25.313,51,78000,165234.93,-68.58,60344.08756203319,-153821.88787168934,165234.93
2026-09-25 09:11:25.314,51,79000,164959.31,-70.94,53868.802232653754,-155915.76604594974,164959.31
2026-09-25 09:11:25.423,51,80000,164959.31,-70.94,53868.802232653754,-155915.76604594974,164959.31
2026-09-25 09:11:25.423,51,81000,164959.31,-70.94,53868.802232653754,-155915.76604594974,164959.31
2026-09-25 09:11:25.423,51,82000,162174.2,-72.12,49791.44131108272,-154341.4510680945,162174.2
2026-09-25 09:11:25.424,51,83000,165636.52,-73.08,48206.2178675744,-158466.45486226524,165636.52
2026-09-25 09:11:25.424,51,84000,165636.52,-73.08,48206.2178675744,-158466.45486226524,165636.52
2026-09-25 09:11:25.424,51,85000,162980.85,-74.3,44102.69069552535,-156900.31912057198,162980.85
2026-09-25 09:11:25.526,51,86000,162980.85,-74.3,44102.69069552535,-156900.31912057198,162980.85
2026-09-25 09:11:25.527,51,87000,166714.94,-75.25,42445.94851896764,-161221.0056832817,166714.94
2026-09-25 09:11:25.527,51,88000,164074.18,-76.55,38163.11647242784,-159574.1617047832,164074.18
2026-09-25 09:11:25.527,51,89000,164074.18,-76.55,38163.11647242784,-159574.1617047832,164074.18
2026-09-25 09:11:25.527,51,90000,164074.18,-76.55,38163.11647242784,-159574.1617047832,164074.18
2026-09-25 09:11:25.640,51,91000,161444.05,-77.93,33759.011233661025,-157874.983581719,161444.05
2026-09-25 09:11:25.640,51,92000,165342.48,-78.81,32086.880726749434,-162199.16084178042,165342.48
2026-09-25 09:11:25.640,51,93000,165342.48,-78.81,32086.880726749434,-162199.16084178042,165342.48
2026-09-25 09:11:25.641,51,94000,162978.64,-80.16,27852.626177584745,-160581.03347301428,162978.64
2026-09-25 09:11:25.641,51,95000,162978.64,-80.16,27852.626177584745,-160581.03347301428,162978.64
2026-09-25 09:11:25.641,51,96000,162978.64,-80.16,27852.626177584745,-160581.03347301428,162978.64
2026-09-25 09:11:25.756,51,97000,167100.96,-82.83,20856.49683874966,-165794.2621821902,167100.96
2026-09-25 09:11:25.775,51,98000,167100.96,-82.83,20856.49683874966,-165794.2621821902,167100.96
2026-09-25 09:11:25.775,51,99000,167100.96,-82.83,20856.49683874966,-165794.2621821902,167100.96
2026-09-25 09:11:25.775,51,100000,165046.05,-84.19,16707.600927242824,-164198.21768782538,165046.05
2026-09-25 09:11:36.070,52,10000,165119.7,-166.03,-160235.8329848757,-39862.17700694514,165119.7
2026-09-25 09:11:36.176,52,11000,165119.7,-166.03,-160235.8329848757,-39862.17700694514,165119.7
2026-09-25 09:11:36.177,52,12000,165119.7,-166.03,-160235.8329848757,-39862.17700694514,165119.7
2026-09-25 09:11:36.177,52,13000,161210.84,-167.74,-157534.27518935315,-34232.836196709555,161210.84
2026-09-25 09:11:36.177,52,14000,161210.84,-167.74,-157534.27518935315,-34232.836196709555,161210.84
2026-09-25 09:11:36.279,52,15000,161886.18,-169.24,-159039.86936738592,-30223.42182144863,161886.18
2026-09-25 09:11:36.279,52,16000,161886.18,-169.24,-159039.86936738592,-30223.42182144863,161886.18
2026-09-25 09:11:36.280,52,17000,161886.18,-169.24,-159039.86936738592,-30223.42182144863,161886.18
2026-09-25 09:11:36.280,52,18000,162725.43,-170.82,-160641.24496987296,-25960.66222603277,162725.43
2026-09-25 09:11:36.280,52,19000,162725.43,-170.82,-160641.24496987296,-25960.66222603277,162725.43
2026-09-25 09:11:36.396,52,20000,163796.21,-172.54,-162409.7969843855,-21266.317355263665,163796.21
2026-09-25 09:11:36.396,52,21000,166713.8,-34.14,137983.79962065013,-93562.61086934393,166713.8
2026-09-25 09:11:36.396,52,22000,163796.21,-172.54,-162409.7969843855,-21266.317355263665,163796.21
2026-09-25 09:11:36.396,52,23000,164872.58,-174.06,-163987.34812052237,-17062.15965975589,164872.58
2026-09-25 09:11:36.396,52,24000,167809.34,-35.65,136360.60329095848,-97804.7057219715,167809.34
2026-09-25 09:11:36.506,52,25000,162071.88,-175.89,-161655.07797654305,-11615.93952860399,162071.88
2026-09-25 09:11:36.506,52,26000,164958.76,-37.48,130905.62866036085,-100374.84189662922,164958.76
2026-09-25 09:11:36.506,52,27000,162071.88,-175.89,-161655.07797654305,-11615.93952860399,162071.88
2026-09-25 09:11:36.507,52,28000,166288.37,-38.97,129285.11137695392,-104580.98284824789,166288.37
2026-09-25 09:11:36.507,52,29000,166288.37,-38.97,129285.11137695392,-104580.98284824789,166288.37
2026-09-25 09:11:36.602,52,30000,167844.96,-40.54,127554.17683307308,-109095.6578871896,167844.96
2026-09-25 09:11:36.603,52,31000,167844.96,-40.54,127554.17683307308,-109095.6578871896,167844.96
2026-09-25 09:11:36.603,52,32000,167844.96,-40.54,127554.17683307308,-109095.6578871896,167844.96
2026-09-25 09:11:36.603,52,33000,165158.26,-42.51,121747.96596829599,-111600.55389114446,165158.26
2026-09-25 09:11:36.604,52,34000,165158.26,-42.51,121747.96596829599,-111600.55389114446,165158.26
2026-09-25 09:11:36.713,52,35000,166911.28,-43.98,120106.39241382739,-115904.39979817033,166911.28
2026-09-25 09:11:36.715,52,36000,166911.28,-43.98,120106.39241382739,-115904.39979817033,166911.28
2026-09-25 09:11:36.715,52,37000,166911.28,-43.98,120106.39241382739,-115904.39979817033,166911.28
2026-09-25 09:11:36.715,52,38000,168773.04,-45.43,118441.56777388733,-120232.83267936946,168773.04
2026-09-25 09:11:36.724,52,39000,164538.73,-46.1,114091.45620418036,-118558.56481596973,164538.73
2026-09-25 09:11:36.724,52,40000,164538.73,-46.1,114091.45620418036,-118558.56481596973,164538.73
2026-09-25 09:11:36.835,52,41000,165776.46,-47.0,113059.27385696636,-121241.22766232234,165776.46
2026-09-25 09:11:36.836,52,42000,165776.46,-47.0,113059.27385696636,-121241.22766232234,165776.46
2026-09-25 09:11:36.836,52,43000,165776.46,-47.0,113059.27385696636,-121241.22766232234,165776.46
2026-09-25 09:11:36.836,52,44000,163885.52,-49.12,107259.29219765309,-123910.88694270923,163885.52
2026-09-25 09:11:36.837,52,45000,163885.52,-49.12,107259.29219765309,-123910.88694270923,163885.52
2026-09-25 09:11:36.837,52,46000,166117.48,-50.52,105618.96122258525,-128217.2070816255,166117.48
2026-09-25 09:11:36.956,52,47000,166117.48,-50.52,105618.96122258525,-128217.2070816255,166117.48
2026-09-25 09:11:36.956,52,48000,166117.48,-50.52,105618.96122258525,-128217.2070816255,166117.48
2026-09-25 09:11:36.957,52,49000,166731.1,-52.19,102213.65926023839,-131725.57674135227,166731.1
2026-09-25 09:11:36.957,52,50000,166731.1,-52.19,102213.65926023839,-131725.57674135227,166731.1
2026-09-25 09:11:36.957,52,51000,166731.1,-52.19,102213.65926023839,-131725.57674135227,166731.1
2026-09-25 09:11:36.957,52,52000,169288.73,-53.59,100482.90990112835,-136241.91323823453,169288.73
2026-09-25 09:11:37.072,52,53000,169288.73,-53.59,100482.90990112835,-136241.91323823453,169288.73
2026-09-25 09:11:37.073,52,54000,165614.03,-54.41,96384.2268153534,-134677.71810528796,165614.03
2026-09-25 09:11:37.073,52,55000,168087.2,-55.67,94794.20782460622,-138806.93414503965,168087.2
2026-09-25 09:11:37.073,52,56000,168087.2,-55.67,94794.20782460622,-138806.93414503965,168087.2
2026-09-25 09:11:37.074,52,57000,168087.2,-55.67,94794.20782460622,-138806.93414503965,168087.2
2026-09-25 09:11:37.074,52,58000,166841.2,-57.8,88905.71735117192,-141179.88326852213,166841.2
2026-09-25 09:11:37.191,52,59000,166841.2,-57.8,88905.71735117192,-141179.88326852213,166841.2
2026-09-25 09:11:37.191,52,60000,166841.2,-57.8,88905.71735117192,-141179.88326852213,166841.2
2026-09-25 09:11:37.191,52,61000,169655.06,-59.06,87226.48124973591,-145514.19295860137,169655.06
2026-09-25 09:11:37.192,52,62000,166063.03,-60.03,82956.20236710111,-143858.25809319902,166063.03
2026-09-25 09:11:37.192,52,63000,166063.03,-60.03,82956.20236710111,-143858.25809319902,166063.03
2026-09-25 09:11:37.192,52,64000,166063.03,-60.03,82956.20236710111,-143858.25809319902,166063.03
2026-09-25 09:11:37.296,52,65000,165439.28,-62.02,77618.0430771944,-146101.316748978,165439.28
2026-09-25 09:11:37.297,52,66000,165439.28,-62.02,77618.0430771944,-146101.316748978,165439.28
2026-09-25 09:11:37.297,52,67000,165439.28,-62.02,77618.0430771944,-146101.316748978,165439.28
2026-09-25 09:11:37.297,52,68000,168466.3,-63.19,75983.91450197772,-150357.3708623762,168466.3
2026-09-25 09:11:37.297,52,69000,165143.64,-64.24,71771.83092328283,-148732.06150110776,165143.64
2026-09-25 09:11:37.406,52,70000,165143.64,-64.24,71771.83092328283,-148732.06150110776,165143.64
2026-09-25 09:11:37.406,52,71000,168151.83,-65.32,70211.78302479038,-152791.83046494552,168151.83
2026-09-25 09:11:37.407,52,72000,165045.72,-66.38,66128.6836318619,-151218.67242981444,165045.72
2026-09-25 09:11:37.407,52,73000,165045.72,-66.38,66128.6836318619,-151218.67242981444,165045.72
2026-09-25 09:11:37.407,52,74000,165045.72,-66.38,66128.6836318619,-151218.67242981444,165045.72
2026-09-25 09:11:37.407,52,75000,168270.09,-67.46,64502.69236054831,-155416.29858817434,168270.09
2026-09-25 09:11:37.513,52,76000,165234.93,-68.58,60344.08756203319,-153821.88787168934,165234.93
2026-09-25 09:11:37.514,52,77000,165234.93,-68.58,60344.08756203319,-153821.88787168934,165234.93
2026-09-25 09:11:37.514,52,78000,165234.93,-68.58,60344.08756203319,-153821.88787168934,165234.93
2026-09-25 09:11:37.514,52,79000,164959.31,-70.94,53868.802232653754,-155915.76604594974,164959.31
2026-09-25 09:11:37.515,52,80000,164959.31,-70.94,53868.802232653754,-155915.76604594974,164959.31
2026-09-25 09:11:37.515,52,81000,164959.31,-70.94,53868.802232653754,-155915.76604594974,164959.31
2026-09-25 09:11:37.620,52,82000,162174.2,-72.12,49791.44131108272,-154341.4510680945,162174.2
2026-09-25 09:11:37.621,52,83000,165636.52,-73.08,48206.2178675744,-158466.45486226524,165636.52
2026-09-25 09:11:37.621,52,84000,165636.52,-73.08,48206.2178675744,-158466.45486226524,165636.52
2026-09-25 09:11:37.621,52,85000,162980.85,-74.3,44102.69069552535,-156900.31912057198,162980.85
2026-09-25 09:11:37.621,52,86000,162980.85,-74.3,44102.69069552535,-156900.31912057198,162980.85
2026-09-25 09:11:37.622,52,87000,166714.94,-75.25,42445.94851896764,-161221.0056832817,166714.94
2026-09-25 09:11:37.730,52,88000,164074.18,-76.55,38163.11647242784,-159574.1617047832,164074.18
2026-09-25 09:11:37.730,52,89000,164074.18,-76.55,38163.11647242784,-159574.1617047832,164074.18
2026-09-25 09:11:37.730,52,90000,164074.18,-76.55,38163.11647242784,-159574.1617047832,164074.18
2026-09-25 09:11:37.731,52,91000,161444.05,-77.93,33759.011233661025,-157874.983581719,161444.05
2026-09-25 09:11:37.731,52,92000,165342.48,-78.81,32086.880726749434,-162199.16084178042,165342.48
2026-09-25 09:11:37.846,52,93000,165342.48,-78.81,32086.880726749434,-162199.16084178042,165342.48
2026-09-25 09:11:37.847,52,94000,162978.64,-80.16,27852.626177584745,-160581.03347301428,162978.64
2026-09-25 09:11:37.847,52,95000,162978.64,-80.16,27852.626177584745,-160581.03347301428,162978.64
2026-09-25 09:11:37.848,52,96000,162978.64,-80.16,27852.626177584745,-160581.03347301428,162978.64
2026-09-25 09:11:37.848,52,97000,167100.96,-82.83,20856.49683874966,-165794.2621821902,167100.96
2026-09-25 09:11:37.848,52,98000,167100.96,-82.83,20856.49683874966,-165794.2621821902,167100.96
2026-09-25 09:11:37.952,52,99000,167100.96,-82.83,20856.49683874966,-165794.2621821902,167100.96
2026-09-25 09:11:37.953,52,100000,165046.05,-84.19,16707.600927242824,-164198.21768782538,165046.05
2026-09-25 09:11:48.238,53,10000,165119.7,-166.03,-160235.8329848757,-39862.17700694514,165119.7
2026-09-25 09:11:48.356,53,11000,165119.7,-166.03,-160235.8329848757,-39862.17700694514,165119.7
2026-09-25 09:11:48.356,53,12000,165119.7,-166.03,-160235.8329848757,-39862.17700694514,165119.7
2026-09-25 09:11:48.357,53,13000,164082.38,-29.34,143035.1075760661,-80398.91434072725,164082.38
2026-09-25 09:11:48.357,53,14000,161210.84,-167.74,-157534.27518935315,-34232.836196709555,161210.84
2026-09-25 09:11:48.357,53,15000,161886.18,-169.24,-159039.86936738592,-30223.42182144863,161886.18
2026-09-25 09:11:48.473,53,16000,161886.18,-169.24,-159039.86936738592,-30223.42182144863,161886.18
2026-09-25 09:11:48.474,53,17000,161886.18,-169.24,-159039.86936738592,-30223.42182144863,161886.18
2026-09-25 09:11:48.474,53,18000,162725.43,-170.82,-160641.24496987296,-25960.66222603277,162725.43
2026-09-25 09:11:48.475,53,19000,162725.43,-170.82,-160641.24496987296,-25960.66222603277,162725.43
2026-09-25 09:11:48.475,53,20000,166713.8,-34.14,137983.79962065013,-93562.61086934393,166713.8
2026-09-25 09:11:48.590,53,21000,166713.8,-34.14,137983.79962065013,-93562.61086934393,166713.8
2026-09-25 09:11:48.590,53,22000,166713.8,-34.14,137983.79962065013,-93562.61086934393,166713.8
2026-09-25 09:11:48.591,53,23000,167809.34,-35.65,136360.60329095848,-97804.7057219715,167809.34
2026-09-25 09:11:48.591,53,24000,167809.34,-35.65,136360.60329095848,-97804.7057219715,167809.34
2026-09-25 09:11:48.591,53,25000,164958.76,-37.48,130905.62866036085,-100374.84189662922,164958.76
2026-09-25 09:11:48.591,53,26000,164958.76,-37.48,130905.62866036085,-100374.84189662922,164958.76
2026-09-25 09:11:48.696,53,27000,164958.76,-37.48,130905.62866036085,-100374.84189662922,164958.76
2026-09-25 09:11:48.697,53,28000,166288.37,-38.97,129285.11137695392,-104580.98284824789,166288.37
2026-09-25 09:11:48.697,53,29000,166288.37,-38.97,129285.11137695392,-104580.98284824789,166288.37
2026-09-25 09:11:48.697,53,30000,167844.96,-40.54,127554.17683307308,-109095.6578871896,167844.96
2026-09-25 09:11:48.698,53,31000,167844.96,-40.54,127554.17683307308,-109095.6578871896,167844.96
2026-09-25 09:11:48.806,53,32000,167844.96,-40.54,127554.17683307308,-109095.6578871896,167844.96
2026-09-25 09:11:48.806,53,33000,165158.26,-42.51,121747.96596829599,-111600.55389114446,165158.26
2026-09-25 09:11:48.807,53,34000,165158.26,-42.51,121747.96596829599,-111600.55389114446,165158.26
2026-09-25 09:11:48.807,53,35000,166911.28,-43.98,120106.39241382739,-115904.39979817033,166911.28
2026-09-25 09:11:48.807,53,36000,166911.28,-43.98,120106.39241382739,-115904.39979817033,166911.28
2026-09-25 09:11:48.923,53,37000,166911.28,-43.98,120106.39241382739,-115904.39979817033,166911.28
2026-09-25 09:11:48.924,53,38000,168773.04,-45.43,118441.56777388733,-120232.83267936946,168773.04
2026-09-25 09:11:48.925,53,39000,164538.73,-46.1,114091.45620418036,-118558.56481596973,164538.73
2026-09-25 09:11:48.925,53,40000,164538.73,-46.1,114091.45620418036,-118558.56481596973,164538.73
2026-09-25 09:11:48.925,53,41000,165776.46,-47.0,113059.27385696636,-121241.22766232234,165776.46
2026-09-25 09:11:48.925,53,42000,165776.46,-47.0,113059.27385696636,-121241.22766232234,165776.46
2026-09-25 09:11:49.035,53,43000,165776.46,-47.0,113059.27385696636,-121241.22766232234,165776.46
2026-09-25 09:11:49.035,53,44000,163885.52,-49.12,107259.29219765309,-123910.88694270923,163885.52
2026-09-25 09:11:49.035,53,45000,163885.52,-49.12,107259.29219765309,-123910.88694270923,163885.52
2026-09-25 09:11:49.036,53,46000,166117.48,-50.52,105618.96122258525,-128217.2070816255,166117.48
2026-09-25 09:11:49.036,53,47000,166117.48,-50.52,105618.96122258525,-128217.2070816255,166117.48
2026-09-25 09:11:49.036,53,48000,166117.48,-50.52,105618.96122258525,-128217.2070816255,166117.48
2026-09-25 09:11:49.146,53,49000,166731.1,-52.19,102213.65926023839,-131725.57674135227,166731.1
2026-09-25 09:11:49.146,53,50000,166731.1,-52.19,102213.65926023839,-131725.57674135227,166731.1
2026-09-25 09:11:49.147,53,51000,166731.1,-52.19,102213.65926023839,-131725.57674135227,166731.1
2026-09-25 09:11:49.147,53,52000,169288.73,-53.59,100482.90990112835,-136241.91323823453,169288.73
2026-09-25 09:11:49.147,53,53000,169288.73,-53.59,100482.90990112835,-136241.91323823453,169288.73
2026-09-25 09:11:49.246,53,54000,165614.03,-54.41,96384.2268153534,-134677.71810528796,165614.03
2026-09-25 09:11:49.247,53,55000,168087.2,-55.67,94794.20782460622,-138806.93414503965,168087.2
2026-09-25 09:11:49.247,53,56000,168087.2,-55.67,94794.20782460622,-138806.93414503965,168087.2
2026-09-25 09:11:49.247,53,57000,168087.2,-55.67,94794.20782460622,-138806.93414503965,168087.2
2026-09-25 09:11:49.247,53,58000,166841.2,-57.8,88905.71735117192,-141179.88326852213,166841.2
2026-09-25 09:11:49.248,53,59000,166841.2,-57.8,88905.71735117192,-141179.88326852213,166841.2
2026-09-25 09:11:49.353,53,60000,166841.2,-57.8,88905.71735117192,-141179.88326852213,166841.2
2026-09-25 09:11:49.354,53,61000,169655.06,-59.06,87226.48124973591,-145514.19295860137,169655.06
2026-09-25 09:11:49.354,53,62000,166063.03,-60.03,82956.20236710111,-143858.25809319902,166063.03
2026-09-25 09:11:49.354,53,63000,166063.03,-60.03,82956.20236710111,-143858.25809319902,166063.03
2026-09-25 09:11:49.354,53,64000,166063.03,-60.03,82956.20236710111,-143858.25809319902,166063.03
2026-09-25 09:11:49.473,53,65000,165439.28,-62.02,77618.0430771944,-146101.316748978,165439.28
2026-09-25 09:11:49.474,53,66000,165439.28,-62.02,77618.0430771944,-146101.316748978,165439.28
2026-09-25 09:11:49.474,53,67000,165439.28,-62.02,77618.0430771944,-146101.316748978,165439.28
2026-09-25 09:11:49.474,53,68000,168466.3,-63.19,75983.91450197772,-150357.3708623762,168466.3
2026-09-25 09:11:49.474,53,69000,165143.64,-64.24,71771.83092328283,-148732.06150110776,165143.64
2026-09-25 09:11:49.475,53,70000,165143.64,-64.24,71771.83092328283,-148732.06150110776,165143.64
2026-09-25 09:11:49.578,53,71000,168151.83,-65.32,70211.78302479038,-152791.83046494552,168151.83
2026-09-25 09:11:49.579,53,72000,165045.72,-66.38,66128.6836318619,-151218.67242981444,165045.72
2026-09-25 09:11:49.579,53,73000,165045.72,-66.38,66128.6836318619,-151218.67242981444,165045.72
2026-09-25 09:11:49.580,53,74000,165045.72,-66.38,66128.6836318619,-151218.67242981444,165045.72
2026-09-25 09:11:49.580,53,75000,168270.09,-67.46,64502.69236054831,-155416.29858817434,168270.09
2026-09-25 09:11:49.580,53,76000,165234.93,-68.58,60344.08756203319,-153821.88787168934,165234.93
2026-09-25 09:11:49.685,53,77000,165234.93,-68.58,60344.08756203319,-153821.88787168934,165234.93
2026-09-25 09:11:49.686,53,78000,165234.93,-68.58,60344.08756203319,-153821.88787168934,165234.93
2026-09-25 09:11:49.686,53,79000,164959.31,-70.94,53868.802232653754,-155915.76604594974,164959.31
2026-09-25 09:11:49.686,53,80000,164959.31,-70.94,53868.802232653754,-155915.76604594974,164959.31
2026-09-25 09:11:49.687,53,81000,164959.31,-70.94,53868.802232653754,-155915.76604594974,164959.31
2026-09-25 09:11:49.687,53,82000,162174.2,-72.12,49791.44131108272,-154341.4510680945,162174.2
2026-09-25 09:11:49.796,53,83000,165636.52,-73.08,48206.2178675744,-158466.45486226524,165636.52
2026-09-25 09:11:49.796,53,84000,165636.52,-73.08,48206.2178675744,-158466.45486226524,165636.52
2026-09-25 09:11:49.797,53,85000,162980.85,-74.3,44102.69069552535,-156900.31912057198,162980.85
2026-09-25 09:11:49.797,53,86000,162980.85,-74.3,44102.69069552535,-156900.31912057198,162980.85
2026-09-25 09:11:49.797,53,87000,166714.94,-75.25,42445.94851896764,-161221.0056832817,166714.94
2026-09-25 09:11:49.906,53,88000,164074.18,-76.55,38163.11647242784,-159574.1617047832,164074.18
2026-09-25 09:11:49.906,53,89000,164074.18,-76.55,38163.11647242784,-159574.1617047832,164074.18
2026-09-25 09:11:49.906,53,90000,164074.18,-76.55,38163.11647242784,-159574.1617047832,164074.18
2026-09-25 09:11:49.907,53,91000,161444.05,-77.93,33759.011233661025,-157874.983581719,161444.05
2026-09-25 09:11:49.907,53,92000,165342.48,-78.81,32086.880726749434,-162199.16084178042,165342.48
2026-09-25 09:11:49.907,53,93000,165342.48,-78.81,32086.880726749434,-162199.16084178042,165342.48
2026-09-25 09:11:50.023,53,94000,162978.64,-80.16,27852.626177584745,-160581.03347301428,162978.64
2026-09-25 09:11:50.023,53,95000,162978.64,-80.16,27852.626177584745,-160581.03347301428,162978.64
2026-09-25 09:11:50.023,53,96000,162978.64,-80.16,27852.626177584745,-160581.03347301428,162978.64
2026-09-25 09:11:50.024,53,97000,167100.96,-82.83,20856.49683874966,-165794.2621821902,167100.96
2026-09-25 09:11:50.024,53,98000,167100.96,-82.83,20856.49683874966,-165794.2621821902,167100.96
2026-09-25 09:11:50.024,53,99000,167100.96,-82.83,20856.49683874966,-165794.2621821902,167100.96
2026-09-25 09:11:50.136,53,100000,165046.05,-84.19,16707.600927242824,-164198.21768782538,165046.05
2026-09-25 09:12:00.404,54,10000,165119.7,-166.03,-160235.8329848757,-39862.17700694514,165119.7
2026-09-25 09:12:00.405,54,11000,165119.7,-166.03,-160235.8329848757,-39862.17700694514,165119.7
2026-09-25 09:12:00.512,54,12000,165119.7,-166.03,-160235.8329848757,-39862.17700694514,165119.7
2026-09-25 09:12:00.513,54,13000,164082.38,-29.34,143035.1075760661,-80398.91434072725,164082.38
2026-09-25 09:12:00.513,54,14000,161210.84,-167.74,-157534.27518935315,-34232.836196709555,161210.84
2026-09-25 09:12:00.513,54,15000,161886.18,-169.24,-159039.86936738592,-30223.42182144863,161886.18
2026-09-25 09:12:00.629,54,16000,161886.18,-169.24,-159039.86936738592,-30223.42182144863,161886.18
2026-09-25 09:12:00.629,54,17000,164769.75,-30.84,141471.67219640478,-84467.96126943926,164769.75
2026-09-25 09:12:00.630,54,18000,162725.43,-170.82,-160641.24496987296,-25960.66222603277,162725.43
2026-09-25 09:12:00.630,54,19000,162725.43,-170.82,-160641.24496987296,-25960.66222603277,162725.43
2026-09-25 09:12:00.630,54,20000,166713.8,-34.14,137983.79962065013,-93562.61086934393,166713.8
2026-09-25 09:12:00.730,54,21000,166713.8,-34.14,137983.79962065013,-93562.61086934393,166713.8
2026-09-25 09:12:00.730,54,22000,166713.8,-34.14,137983.79962065013,-93562.61086934393,166713.8
2026-09-25 09:12:00.731,54,23000,167809.34,-35.65,136360.60329095848,-97804.7057219715,167809.34
2026-09-25 09:12:00.731,54,24000,167809.34,-35.65,136360.60329095848,-97804.7057219715,167809.34
2026-09-25 09:12:00.731,54,25000,164958.76,-37.48,130905.62866036085,-100374.84189662922,164958.76
2026-09-25 09:12:00.840,54,26000,164958.76,-37.48,130905.62866036085,-100374.84189662922,164958.76
2026-09-25 09:12:00.840,54,27000,164958.76,-37.48,130905.62866036085,-100374.84189662922,164958.76
2026-09-25 09:12:00.840,54,28000,166288.37,-38.97,129285.11137695392,-104580.98284824789,166288.37
2026-09-25 09:12:00.840,54,29000,166288.37,-38.97,129285.11137695392,-104580.98284824789,166288.37
2026-09-25 09:12:00.841,54,30000,167844.96,-40.54,127554.17683307308,-109095.6578871896,167844.96
2026-09-25 09:12:00.957,54,31000,167844.96,-40.54,127554.17683307308,-109095.6578871896,167844.96
2026-09-25 09:12:00.957,54,32000,167844.96,-40.54,127554.17683307308,-109095.6578871896,167844.96
2026-09-25 09:12:00.958,54,33000,165158.26,-42.51,121747.96596829599,-111600.55389114446,165158.26
2026-09-25 09:12:00.958,54,34000,165158.26,-42.51,121747.96596829599,-111600.55389114446,165158.26
2026-09-25 09:12:00.958,54,35000,166911.28,-43.98,120106.39241382739,-115904.39979817033,166911.28
2026-09-25 09:12:00.958,54,36000,166911.28,-43.98,120106.39241382739,-115904.39979817033,166911.28
2026-09-25 09:12:01.061,54,37000,166911.28,-43.98,120106.39241382739,-115904.39979817033,166911.28
2026-09-25 09:12:01.062,54,38000,168773.04,-45.43,118441.56777388733,-120232.83267936946,168773.04
2026-09-25 09:12:01.062,54,39000,164538.73,-46.1,114091.45620418036,-118558.56481596973,164538.73
2026-09-25 09:12:01.062,54,40000,164538.73,-46.1,114091.45620418036,-118558.56481596973,164538.73
2026-09-25 09:12:01.063,54,41000,165776.46,-47.0,113059.27385696636,-121241.22766232234,165776.46
2026-09-25 09:12:01.173,54,42000,165776.46,-47.0,113059.27385696636,-121241.22766232234,165776.46
2026-09-25 09:12:01.173,54,43000,165776.46,-47.0,113059.27385696636,-121241.22766232234,165776.46
2026-09-25 09:12:01.174,54,44000,163885.52,-49.12,107259.29219765309,-123910.88694270923,163885.52
2026-09-25 09:12:01.174,54,45000,163885.52,-49.12,107259.29219765309,-123910.88694270923,163885.52
2026-09-25 09:12:01.174,54,46000,166117.48,-50.52,105618.96122258525,-128217.2070816255,166117.48
2026-09-25 09:12:01.174,54,47000,166117.48,-50.52,105618.96122258525,-128217.2070816255,166117.48
2026-09-25 09:12:01.286,54,48000,166117.48,-50.52,105618.96122258525,-128217.2070816255,166117.48
2026-09-25 09:12:01.286,54,49000,166731.1,-52.19,102213.65926023839,-131725.57674135227,166731.1
2026-09-25 09:12:01.286,54,50000,166731.1,-52.19,102213.65926023839,-131725.57674135227,166731.1
2026-09-25 09:12:01.287,54,51000,166731.1,-52.19,102213.65926023839,-131725.57674135227,166731.1
2026-09-25 09:12:01.287,54,52000,169288.73,-53.59,100482.90990112835,-136241.91323823453,169288.73
2026-09-25 09:12:01.386,54,53000,169288.73,-53.59,100482.90990112835,-136241.91323823453,169288.73
2026-09-25 09:12:01.387,54,54000,165614.03,-54.41,96384.2268153534,-134677.71810528796,165614.03
2026-09-25 09:12:01.387,54,55000,168087.2,-55.67,94794.20782460622,-138806.93414503965,168087.2
2026-09-25 09:12:01.387,54,56000,168087.2,-55.67,94794.20782460622,-138806.93414503965,168087.2
2026-09-25 09:12:01.387,54,57000,168087.2,-55.67,94794.20782460622,-138806.93414503965,168087.2
2026-09-25 09:12:01.388,54,58000,166841.2,-57.8,88905.71735117192,-141179.88326852213,166841.2
2026-09-25 09:12:01.496,54,59000,166841.2,-57.8,88905.71735117192,-141179.88326852213,166841.2
2026-09-25 09:12:01.497,54,60000,166841.2,-57.8,88905.71735117192,-141179.88326852213,166841.2
2026-09-25 09:12:01.497,54,61000,169655.06,-59.06,87226.48124973591,-145514.19295860137,169655.06
2026-09-25 09:12:01.497,54,62000,166063.03,-60.03,82956.20236710111,-143858.25809319902,166063.03
2026-09-25 09:12:01.497,54,63000,166063.03,-60.03,82956.20236710111,-143858.25809319902,166063.03
2026-09-25 09:12:01.606,54,64000,166063.03,-60.03,82956.20236710111,-143858.25809319902,166063.03
2026-09-25 09:12:01.606,54,65000,165439.28,-62.02,77618.0430771944,-146101.316748978,165439.28
2026-09-25 09:12:01.607,54,66000,165439.28,-62.02,77618.0430771944,-146101.316748978,165439.28
2026-09-25 09:12:01.607,54,67000,165439.28,-62.02,77618.0430771944,-146101.316748978,165439.28
2026-09-25 09:12:01.607,54,68000,168466.3,-63.19,75983.91450197772,-150357.3708623762,168466.3
2026-09-25 09:12:01.608,54,69000,165143.64,-64.24,71771.83092328283,-148732.06150110776,165143.64
2026-09-25 09:12:01.723,54,70000,165143.64,-64.24,71771.83092328283,-148732.06150110776,165143.64
2026-09-25 09:12:01.724,54,71000,168151.83,-65.32,70211.78302479038,-152791.83046494552,168151.83
2026-09-25 09:12:01.724,54,72000,165045.72,-66.38,66128.6836318619,-151218.67242981444,165045.72
2026-09-25 09:12:01.724,54,73000,165045.72,-66.38,66128.6836318619,-151218.67242981444,165045.72
2026-09-25 09:12:01.725,54,74000,165045.72,-66.38,66128.6836318619,-151218.67242981444,165045.72
2026-09-25 09:12:01.725,54,75000,168270.09,-67.46,64502.69236054831,-155416.29858817434,168270.09
2026-09-25 09:12:01.835,54,76000,165234.93,-68.58,60344.08756203319,-153821.88787168934,165234.93
2026-09-25 09:12:01.835,54,77000,165234.93,-68.58,60344.08756203319,-153821.88787168934,165234.93
2026-09-25 09:12:01.835,54,78000,165234.93,-68.58,60344.08756203319,-153821.88787168934,165234.93
2026-09-25 09:12:01.836,54,79000,164959.31,-70.94,53868.802232653754,-155915.76604594974,164959.31
2026-09-25 09:12:01.836,54,80000,164959.31,-70.94,53868.802232653754,-155915.76604594974,164959.31
2026-09-25 09:12:01.836,54,81000,164959.31,-70.94,53868.802232653754,-155915.76604594974,164959.31
2026-09-25 09:12:01.946,54,82000,162174.2,-72.12,49791.44131108272,-154341.4510680945,162174.2
2026-09-25 09:12:01.946,54,83000,165636.52,-73.08,48206.2178675744,-158466.45486226524,165636.52
2026-09-25 09:12:01.946,54,84000,165636.52,-73.08,48206.2178675744,-158466.45486226524,165636.52
2026-09-25 09:12:01.946,54,85000,162980.85,-74.3,44102.69069552535,-156900.31912057198,162980.85
2026-09-25 09:12:01.947,54,86000,162980.85,-74.3,44102.69069552535,-156900.31912057198,162980.85
2026-09-25 09:12:01.947,54,87000,166714.94,-75.25,42445.94851896764,-161221.0056832817,166714.94
2026-09-25 09:12:02.056,54,88000,164074.18,-76.55,38163.11647242784,-159574.1617047832,164074.18
2026-09-25 09:12:02.056,54,89000,164074.18,-76.55,38163.11647242784,-159574.1617047832,164074.18
2026-09-25 09:12:02.056,54,90000,164074.18,-76.55,38163.11647242784,-159574.1617047832,164074.18
2026-09-25 09:12:02.057,54,91000,161444.05,-77.93,33759.011233661025,-157874.983581719,161444.05
2026-09-25 09:12:02.057,54,92000,165342.48,-78.81,32086.880726749434,-162199.16084178042,165342.48
2026-09-25 09:12:02.057,54,93000,165342.48,-78.81,32086.880726749434,-162199.16084178042,165342.48
2026-09-25 09:12:02.175,54,94000,162978.64,-80.16,27852.626177584745,-160581.03347301428,162978.64
2026-09-25 09:12:02.175,54,95000,162978.64,-80.16,27852.626177584745,-160581.03347301428,162978.64
2026-09-25 09:12:02.175,54,96000,162978.64,-80.16,27852.626177584745,-160581.03347301428,162978.64
2026-09-25 09:12:02.176,54,97000,167100.96,-82.83,20856.49683874966,-165794.2621821902,167100.96
2026-09-25 09:12:02.176,54,98000,167100.96,-82.83,20856.49683874966,-165794.2621821902,167100.96
2026-09-25 09:12:02.176,54,99000,167100.96,-82.83,20856.49683874966,-165794.2621821902,167100.96
2026-09-25 09:12:02.276,54,100000,165046.05,-84.19,16707.600927242824,-164198.21768782538,165046.05
2026-09-25 09:12:12.559,55,10000,165119.7,-166.03,-160235.8329848757,-39862.17700694514,165119.7
2026-09-25 09:12:12.560,55,11000,165119.7,-166.03,-160235.8329848757,-39862.17700694514,165119.7
2026-09-25 09:12:12.669,55,12000,165119.7,-166.03,-160235.8329848757,-39862.17700694514,165119.7
2026-09-25 09:12:12.670,55,13000,164082.38,-29.34,143035.1075760661,-80398.91434072725,164082.38
2026-09-25 09:12:12.670,55,14000,161210.84,-167.74,-157534.27518935315,-34232.836196709555,161210.84
2026-09-25 09:12:12.670,55,15000,161886.18,-169.24,-159039.86936738592,-30223.42182144863,161886.18
2026-09-25 09:12:12.776,55,16000,161886.18,-169.24,-159039.86936738592,-30223.42182144863,161886.18
2026-09-25 09:12:12.776,55,17000,164769.75,-30.84,141471.67219640478,-84467.96126943926,164769.75
2026-09-25 09:12:12.776,55,18000,162725.43,-170.82,-160641.24496987296,-25960.66222603277,162725.43
2026-09-25 09:12:12.776,55,19000,162725.43,-170.82,-160641.24496987296,-25960.66222603277,162725.43
2026-09-25 09:12:12.776,55,20000,166713.8,-34.14,137983.79962065013,-93562.61086934393,166713.8
2026-09-25 09:12:12.885,55,21000,166713.8,-34.14,137983.79962065013,-93562.61086934393,166713.8
2026-09-25 09:12:12.886,55,22000,166713.8,-34.14,137983.79962065013,-93562.61086934393,166713.8
2026-09-25 09:12:12.886,55,23000,167809.34,-35.65,136360.60329095848,-97804.7057219715,167809.34
2026-09-25 09:12:12.886,55,24000,167809.34,-35.65,136360.60329095848,-97804.7057219715,167809.34
2026-09-25 09:12:12.887,55,25000,164958.76,-37.48,130905.62866036085,-100374.84189662922,164958.76
2026-09-25 09:12:12.995,55,26000,164958.76,-37.48,130905.62866036085,-100374.84189662922,164958.76
2026-09-25 09:12:12.996,55,27000,164958.76,-37.48,130905.62866036085,-100374.84189662922,164958.76
2026-09-25 09:12:12.996,55,28000,166288.37,-38.97,129285.11137695392,-104580.98284824789,166288.37
2026-09-25 09:12:12.996,55,29000,166288.37,-38.97,129285.11137695392,-104580.98284824789,166288.37
2026-09-25 09:12:12.997,55,30000,167844.96,-40.54,127554.17683307308,-109095.6578871896,167844.96
2026-09-25 09:12:13.106,55,31000,167844.96,-40.54,127554.17683307308,-109095.6578871896,167844.96
2026-09-25 09:12:13.106,55,32000,167844.96,-40.54,127554.17683307308,-109095.6578871896,167844.96
2026-09-25 09:12:13.106,55,33000,165158.26,-42.51,121747.96596829599,-111600.55389114446,165158.26
2026-09-25 09:12:13.107,55,34000,165158.26,-42.51,121747.96596829599,-111600.55389114446,165158.26
2026-09-25 09:12:13.107,55,35000,166911.28,-43.98,120106.39241382739,-115904.39979817033,166911.28
2026-09-25 09:12:13.212,55,36000,166911.28,-43.98,120106.39241382739,-115904.39979817033,166911.28
2026-09-25 09:12:13.213,55,37000,166911.28,-43.98,120106.39241382739,-115904.39979817033,166911.28
2026-09-25 09:12:13.213,55,38000,168773.04,-45.43,118441.56777388733,-120232.83267936946,168773.04
2026-09-25 09:12:13.213,55,39000,164538.73,-46.1,114091.45620418036,-118558.56481596973,164538.73
2026-09-25 09:12:13.214,55,40000,164538.73,-46.1,114091.45620418036,-118558.56481596973,164538.73
2026-09-25 09:12:13.214,55,41000,165776.46,-47.0,113059.27385696636,-121241.22766232234,165776.46
2026-09-25 09:12:13.323,55,42000,165776.46,-47.0,113059.27385696636,-121241.22766232234,165776.46
2026-09-25 09:12:13.323,55,43000,165776.46,-47.0,113059.27385696636,-121241.22766232234,165776.46
2026-09-25 09:12:13.323,55,44000,163885.52,-49.12,107259.29219765309,-123910.88694270923,163885.52
2026-09-25 09:12:13.324,55,45000,163885.52,-49.12,107259.29219765309,-123910.88694270923,163885.52
2026-09-25 09:12:13.324,55,46000,166117.48,-50.52,105618.96122258525,-128217.2070816255,166117.48
2026-09-25 09:12:13.527,55,47000,166117.48,-50.52,105618.96122258525,-128217.2070816255,166117.48
2026-09-25 09:12:13.527,55,48000,166117.48,-50.52,105618.96122258525,-128217.2070816255,166117.48
2026-09-25 09:12:13.528,55,49000,166731.1,-52.19,102213.65926023839,-131725.57674135227,166731.1
2026-09-25 09:12:13.528,55,50000,166731.1,-52.19,102213.65926023839,-131725.57674135227,166731.1
2026-09-25 09:12:13.528,55,51000,166731.1,-52.19,102213.65926023839,-131725.57674135227,166731.1
2026-09-25 09:12:13.528,55,52000,169288.73,-53.59,100482.90990112835,-136241.91323823453,169288.73
2026-09-25 09:12:13.529,55,53000,169288.73,-53.59,100482.90990112835,-136241.91323823453,169288.73
2026-09-25 09:12:13.529,55,54000,165614.03,-54.41,96384.2268153534,-134677.71810528796,165614.03
2026-09-25 09:12:13.529,55,55000,168087.2,-55.67,94794.20782460622,-138806.93414503965,168087.2
2026-09-25 09:12:13.529,55,56000,168087.2,-55.67,94794.20782460622,-138806.93414503965,168087.2
2026-09-25 09:12:13.529,55,57000,168087.2,-55.67,94794.20782460622,-138806.93414503965,168087.2
2026-09-25 09:12:13.639,55,58000,166841.2,-57.8,88905.71735117192,-141179.88326852213,166841.2
2026-09-25 09:12:13.639,55,59000,166841.2,-57.8,88905.71735117192,-141179.88326852213,166841.2
2026-09-25 09:12:13.639,55,60000,166841.2,-57.8,88905.71735117192,-141179.88326852213,166841.2
2026-09-25 09:12:13.639,55,61000,169655.06,-59.06,87226.48124973591,-145514.19295860137,169655.06
2026-09-25 09:12:13.640,55,62000,166063.03,-60.03,82956.20236710111,-143858.25809319902,166063.03
2026-09-25 09:12:13.746,55,63000,166063.03,-60.03,82956.20236710111,-143858.25809319902,166063.03
2026-09-25 09:12:13.747,55,64000,166063.03,-60.03,82956.20236710111,-143858.25809319902,166063.03
2026-09-25 09:12:13.747,55,65000,165439.28,-62.02,77618.0430771944,-146101.316748978,165439.28
2026-09-25 09:12:13.747,55,66000,165439.28,-62.02,77618.0430771944,-146101.316748978,165439.28
2026-09-25 09:12:13.747,55,67000,165439.28,-62.02,77618.0430771944,-146101.316748978,165439.28
2026-09-25 09:12:13.748,55,68000,168466.3,-63.19,75983.91450197772,-150357.3708623762,168466.3
2026-09-25 09:12:13.856,55,69000,165143.64,-64.24,71771.83092328283,-148732.06150110776,165143.64
2026-09-25 09:12:13.856,55,70000,165143.64,-64.24,71771.83092328283,-148732.06150110776,165143.64
2026-09-25 09:12:13.856,55,71000,168151.83,-65.32,70211.78302479038,-152791.83046494552,168151.83
2026-09-25 09:12:13.856,55,72000,165045.72,-66.38,66128.6836318619,-151218.67242981444,165045.72
2026-09-25 09:12:13.857,55,73000,165045.72,-66.38,66128.6836318619,-151218.67242981444,165045.72
2026-09-25 09:12:13.857,55,74000,165045.72,-66.38,66128.6836318619,-151218.67242981444,165045.72
2026-09-25 09:12:13.962,55,75000,168270.09,-67.46,64502.69236054831,-155416.29858817434,168270.09
2026-09-25 09:12:13.964,55,76000,165234.93,-68.58,60344.08756203319,-153821.88787168934,165234.93
2026-09-25 09:12:13.964,55,77000,165234.93,-68.58,60344.08756203319,-153821.88787168934,165234.93
2026-09-25 09:12:13.965,55,78000,165234.93,-68.58,60344.08756203319,-153821.88787168934,165234.93
2026-09-25 09:12:13.965,55,79000,164959.31,-70.94,53868.802232653754,-155915.76604594974,164959.31
2026-09-25 09:12:13.965,55,80000,164959.31,-70.94,53868.802232653754,-155915.76604594974,164959.31
2026-09-25 09:12:14.073,55,81000,164959.31,-70.94,53868.802232653754,-155915.76604594974,164959.31
2026-09-25 09:12:14.073,55,82000,162174.2,-72.12,49791.44131108272,-154341.4510680945,162174.2
2026-09-25 09:12:14.073,55,83000,165636.52,-73.08,48206.2178675744,-158466.45486226524,165636.52
2026-09-25 09:12:14.074,55,84000,165636.52,-73.08,48206.2178675744,-158466.45486226524,165636.52
2026-09-25 09:12:14.074,55,85000,162980.85,-74.3,44102.69069552535,-156900.31912057198,162980.85
2026-09-25 09:12:14.182,55,86000,162980.85,-74.3,44102.69069552535,-156900.31912057198,162980.85
2026-09-25 09:12:14.182,55,87000,166714.94,-75.25,42445.94851896764,-161221.0056832817,166714.94
2026-09-25 09:12:14.182,55,88000,164074.18,-76.55,38163.11647242784,-159574.1617047832,164074.18
2026-09-25 09:12:14.183,55,89000,164074.18,-76.55,38163.11647242784,-159574.1617047832,164074.18
2026-09-25 09:12:14.183,55,90000,164074.18,-76.55,38163.11647242784,-159574.1617047832,164074.18
2026-09-25 09:12:14.183,55,91000,161444.05,-77.93,33759.011233661025,-157874.983581719,161444.05
2026-09-25 09:12:14.291,55,92000,165342.48,-78.81,32086.880726749434,-162199.16084178042,165342.48
2026-09-25 09:12:14.292,55,93000,165342.48,-78.81,32086.880726749434,-162199.16084178042,165342.48
2026-09-25 09:12:14.292,55,94000,162978.64,-80.16,27852.626177584745,-160581.03347301428,162978.64
2026-09-25 09:12:14.292,55,95000,162978.64,-80.16,27852.626177584745,-160581.03347301428,162978.64
2026-09-25 09:12:14.293,55,96000,162978.64,-80.16,27852.626177584745,-160581.03347301428,162978.64
2026-09-25 09:12:14.293,55,97000,167100.96,-82.83,20856.49683874966,-165794.2621821902,167100.96
2026-09-25 09:12:14.411,55,98000,167100.96,-82.83,20856.49683874966,-165794.2621821902,167100.96
2026-09-25 09:12:14.412,55,99000,167100.96,-82.83,20856.49683874966,-165794.2621821902,167100.96
2026-09-25 09:12:14.412,55,100000,165046.05,-84.19,16707.600927242824,-164198.21768782538,165046.05
2026-09-25 09:12:24.796,56,10000,165119.7,-166.03,-160235.8329848757,-39862.17700694514,165119.7
2026-09-25 09:12:24.796,56,11000,165119.7,-166.03,-160235.8329848757,-39862.17700694514,165119.7
2026-09-25 09:12:24.796,56,12000,165119.7,-166.03,-160235.8329848757,-39862.17700694514,165119.7
2026-09-25 09:12:24.796,56,13000,164082.38,-29.34,143035.1075760661,-80398.91434072725,164082.38
2026-09-25 09:12:24.797,56,14000,161210.84,-167.74,-157534.27518935315,-34232.836196709555,161210.84
2026-09-25 09:12:24.913,56,15000,161886.18,-169.24,-159039.86936738592,-30223.42182144863,161886.18
2026-09-25 09:12:24.914,56,16000,164769.75,-30.84,141471.67219640478,-84467.96126943926,164769.75
2026-09-25 09:12:24.914,56,17000,164769.75,-30.84,141471.67219640478,-84467.96126943926,164769.75
2026-09-25 09:12:24.914,56,18000,165623.95,-32.41,139825.43493173012,-88770.15579436038,165623.95
2026-09-25 09:12:24.915,56,19000,162725.43,-170.82,-160641.24496987296,-25960.66222603277,162725.43
2026-09-25 09:12:25.013,56,20000,166713.8,-34.14,137983.79962065013,-93562.61086934393,166713.8
2026-09-25 09:12:25.014,56,21000,166713.8,-34.14,137983.79962065013,-93562.61086934393,166713.8
2026-09-25 09:12:25.014,56,22000,166713.8,-34.14,137983.79962065013,-93562.61086934393,166713.8
2026-09-25 09:12:25.014,56,23000,167809.34,-35.65,136360.60329095848,-97804.7057219715,167809.34
2026-09-25 09:12:25.123,56,24000,167809.34,-35.65,136360.60329095848,-97804.7057219715,167809.34
2026-09-25 09:12:25.124,56,25000,164958.76,-37.48,130905.62866036085,-100374.84189662922,164958.76
2026-09-25 09:12:25.124,56,26000,164958.76,-37.48,130905.62866036085,-100374.84189662922,164958.76
2026-09-25 09:12:25.124,56,27000,164958.76,-37.48,130905.62866036085,-100374.84189662922,164958.76
2026-09-25 09:12:25.125,56,28000,166288.37,-38.97,129285.11137695392,-104580.98284824789,166288.37
2026-09-25 09:12:25.232,56,29000,166288.37,-38.97,129285.11137695392,-104580.98284824789,166288.37
2026-09-25 09:12:25.232,56,30000,167844.96,-40.54,127554.17683307308,-109095.6578871896,167844.96
2026-09-25 09:12:25.233,56,31000,167844.96,-40.54,127554.17683307308,-109095.6578871896,167844.96
2026-09-25 09:12:25.233,56,32000,167844.96,-40.54,127554.17683307308,-109095.6578871896,167844.96
2026-09-25 09:12:25.233,56,33000,165158.26,-42.51,121747.96596829599,-111600.55389114446,165158.26
2026-09-25 09:12:25.233,56,34000,165158.26,-42.51,121747.96596829599,-111600.55389114446,165158.26
2026-09-25 09:12:25.351,56,35000,166911.28,-43.98,120106.39241382739,-115904.39979817033,166911.28
2026-09-25 09:12:25.352,56,36000,166911.28,-43.98,120106.39241382739,-115904.39979817033,166911.28
2026-09-25 09:12:25.352,56,37000,166911.28,-43.98,120106.39241382739,-115904.39979817033,166911.28
2026-09-25 09:12:25.353,56,38000,168773.04,-45.43,118441.56777388733,-120232.83267936946,168773.04
2026-09-25 09:12:25.353,56,39000,164538.73,-46.1,114091.45620418036,-118558.56481596973,164538.73
2026-09-25 09:12:25.353,56,40000,164538.73,-46.1,114091.45620418036,-118558.56481596973,164538.73
2026-09-25 09:12:25.472,56,41000,165776.46,-47.0,113059.27385696636,-121241.22766232234,165776.46
2026-09-25 09:12:25.473,56,42000,165776.46,-47.0,113059.27385696636,-121241.22766232234,165776.46
2026-09-25 09:12:25.473,56,43000,165776.46,-47.0,113059.27385696636,-121241.22766232234,165776.46
2026-09-25 09:12:25.473,56,44000,163885.52,-49.12,107259.29219765309,-123910.88694270923,163885.52
2026-09-25 09:12:25.473,56,45000,163885.52,-49.12,107259.29219765309,-123910.88694270923,163885.52
2026-09-25 09:12:25.474,56,46000,166117.48,-50.52,105618.96122258525,-128217.2070816255,166117.48
2026-09-25 09:12:25.588,56,47000,166117.48,-50.52,105618.96122258525,-128217.2070816255,166117.48
2026-09-25 09:12:25.588,56,48000,166117.48,-50.52,105618.96122258525,-128217.2070816255,166117.48
2026-09-25 09:12:25.589,56,49000,166731.1,-52.19,102213.65926023839,-131725.57674135227,166731.1
2026-09-25 09:12:25.589,56,50000,166731.1,-52.19,102213.65926023839,-131725.57674135227,166731.1
2026-09-25 09:12:25.589,56,51000,166731.1,-52.19,102213.65926023839,-131725.57674135227,166731.1
2026-09-25 09:12:25.705,56,52000,169288.73,-53.59,100482.90990112835,-136241.91323823453,169288.73
2026-09-25 09:12:25.705,56,53000,169288.73,-53.59,100482.90990112835,-136241.91323823453,169288.73
2026-09-25 09:12:25.706,56,54000,165614.03,-54.41,96384.2268153534,-134677.71810528796,165614.03
2026-09-25 09:12:25.706,56,55000,168087.2,-55.67,94794.20782460622,-138806.93414503965,168087.2
2026-09-25 09:12:25.706,56,56000,168087.2,-55.67,94794.20782460622,-138806.93414503965,168087.2
2026-09-25 09:12:25.706,56,57000,168087.2,-55.67,94794.20782460622,-138806.93414503965,168087.2
2026-09-25 09:12:25.706,56,58000,166841.2,-57.8,88905.71735117192,-141179.88326852213,166841.2
2026-09-25 09:12:25.812,56,59000,166841.2,-57.8,88905.71735117192,-141179.88326852213,166841.2
2026-09-25 09:12:25.813,56,60000,166841.2,-57.8,88905.71735117192,-141179.88326852213,166841.2
2026-09-25 09:12:25.813,56,61000,29230.91,-3.69,29170.310409128095,-1881.2469437086684,29230.91
2026-09-25 09:12:25.813,56,62000,19575.43,-1.58,19567.98743386594,-539.7476011663322,19575.43
2026-09-25 09:12:25.813,56,63000,166063.03,-60.03,82956.20236710111,-143858.25809319902,166063.03
2026-09-25 09:12:25.922,56,64000,166063.03,-60.03,82956.20236710111,-143858.25809319902,166063.03
2026-09-25 09:12:25.922,56,65000,165439.28,-62.02,77618.0430771944,-146101.316748978,165439.28
2026-09-25 09:12:25.923,56,66000,165439.28,-62.02,77618.0430771944,-146101.316748978,165439.28
2026-09-25 09:12:25.923,56,67000,165439.28,-62.02,77618.0430771944,-146101.316748978,165439.28
2026-09-25 09:12:25.923,56,68000,168466.3,-63.19,75983.91450197772,-150357.3708623762,168466.3
2026-09-25 09:12:25.923,56,69000,165143.64,-64.24,71771.83092328283,-148732.06150110776,165143.64
2026-09-25 09:12:26.028,56,70000,165143.64,-64.24,71771.83092328283,-148732.06150110776,165143.64
2026-09-25 09:12:26.029,56,71000,168151.83,-65.32,70211.78302479038,-152791.83046494552,168151.83
2026-09-25 09:12:26.029,56,72000,165045.72,-66.38,66128.6836318619,-151218.67242981444,165045.72
2026-09-25 09:12:26.029,56,73000,165045.72,-66.38,66128.6836318619,-151218.67242981444,165045.72
2026-09-25 09:12:26.029,56,74000,165045.72,-66.38,66128.6836318619,-151218.67242981444,165045.72
2026-09-25 09:12:26.029,56,75000,168270.09,-67.46,64502.69236054831,-155416.29858817434,168270.09
2026-09-25 09:12:26.140,56,76000,165234.93,-68.58,60344.08756203319,-153821.88787168934,165234.93
2026-09-25 09:12:26.140,56,77000,165234.93,-68.58,60344.08756203319,-153821.88787168934,165234.93
2026-09-25 09:12:26.140,56,78000,165234.93,-68.58,60344.08756203319,-153821.88787168934,165234.93
2026-09-25 09:12:26.140,56,79000,164959.31,-70.94,53868.802232653754,-155915.76604594974,164959.31
2026-09-25 09:12:26.141,56,80000,164959.31,-70.94,53868.802232653754,-155915.76604594974,164959.31
2026-09-25 09:12:26.256,56,81000,164959.31,-70.94,53868.802232653754,-155915.76604594974,164959.31
2026-09-25 09:12:26.256,56,82000,162174.2,-72.12,49791.44131108272,-154341.4510680945,162174.2
2026-09-25 09:12:26.257,56,83000,165636.52,-73.08,48206.2178675744,-158466.45486226524,165636.52
2026-09-25 09:12:26.257,56,84000,165636.52,-73.08,48206.2178675744,-158466.45486226524,165636.52
2026-09-25 09:12:26.257,56,85000,162980.85,-74.3,44102.69069552535,-156900.31912057198,162980.85
2026-09-25 09:12:26.257,56,86000,162980.85,-74.3,44102.69069552535,-156900.31912057198,162980.85
2026-09-25 09:12:26.257,56,87000,166714.94,-75.25,42445.94851896764,-161221.0056832817,166714.94
2026-09-25 09:12:26.362,56,88000,164074.18,-76.55,38163.11647242784,-159574.1617047832,164074.18
2026-09-25 09:12:26.363,56,89000,164074.18,-76.55,38163.11647242784,-159574.1617047832,164074.18
2026-09-25 09:12:26.363,56,90000,164074.18,-76.55,38163.11647242784,-159574.1617047832,164074.18
2026-09-25 09:12:26.363,56,91000,161444.05,-77.93,33759.011233661025,-157874.983581719,161444.05
2026-09-25 09:12:26.363,56,92000,165342.48,-78.81,32086.880726749434,-162199.16084178042,165342.48
2026-09-25 09:12:26.473,56,93000,165342.48,-78.81,32086.880726749434,-162199.16084178042,165342.48
2026-09-25 09:12:26.473,56,94000,162978.64,-80.16,27852.626177584745,-160581.03347301428,162978.64
2026-09-25 09:12:26.473,56,95000,162978.64,-80.16,27852.626177584745,-160581.03347301428,162978.64
2026-09-25 09:12:26.473,56,96000,162978.64,-80.16,27852.626177584745,-160581.03347301428,162978.64
2026-09-25 09:12:26.474,56,97000,167100.96,-82.83,20856.49683874966,-165794.2621821902,167100.96
2026-09-25 09:12:26.474,56,98000,167100.96,-82.83,20856.49683874966,-165794.2621821902,167100.96
2026-09-25 09:12:26.574,56,99000,167100.96,-82.83,20856.49683874966,-165794.2621821902,167100.96
2026-09-25 09:12:26.574,56,100000,165046.05,-84.19,16707.600927242824,-164198.21768782538,165046.05
2026-09-25 09:12:36.872,57,10000,165119.7,-166.03,-160235.8329848757,-39862.17700694514,165119.7
2026-09-25 09:12:36.979,57,11000,165119.7,-166.03,-160235.8329848757,-39862.17700694514,165119.7
2026-09-25 09:12:36.980,57,12000,165119.7,-166.03,-160235.8329848757,-39862.17700694514,165119.7
2026-09-25 09:12:36.980,57,13000,164082.38,-29.34,143035.1075760661,-80398.91434072725,164082.38
2026-09-25 09:12:36.980,57,14000,161210.84,-167.74,-157534.27518935315,-34232.836196709555,161210.84
2026-09-25 09:12:36.980,57,15000,161886.18,-169.24,-159039.86936738592,-30223.42182144863,161886.18
2026-09-25 09:12:37.089,57,16000,161886.18,-169.24,-159039.86936738592,-30223.42182144863,161886.18
2026-09-25 09:12:37.089,57,17000,161886.18,-169.24,-159039.86936738592,-30223.42182144863,161886.18
2026-09-25 09:12:37.089,57,18000,162725.43,-170.82,-160641.24496987296,-25960.66222603277,162725.43
2026-09-25 09:12:37.090,57,19000,162725.43,-170.82,-160641.24496987296,-25960.66222603277,162725.43
2026-09-25 09:12:37.205,57,20000,166713.8,-34.14,137983.79962065013,-93562.61086934393,166713.8
2026-09-25 09:12:37.206,57,21000,166713.8,-34.14,137983.79962065013,-93562.61086934393,166713.8
2026-09-25 09:12:37.206,57,22000,163796.21,-172.54,-162409.7969843855,-21266.317355263665,163796.21
2026-09-25 09:12:37.206,57,23000,164872.58,-174.06,-163987.34812052237,-17062.15965975589,164872.58
2026-09-25 09:12:37.206,57,24000,164872.58,-174.06,-163987.34812052237,-17062.15965975589,164872.58
2026-09-25 09:12:37.207,57,25000,164958.76,-37.48,130905.62866036085,-100374.84189662922,164958.76
2026-09-25 09:12:37.323,57,26000,164958.76,-37.48,130905.62866036085,-100374.84189662922,164958.76
2026-09-25 09:12:37.323,57,27000,162071.88,-175.89,-161655.07797654305,-11615.93952860399,162071.88
2026-09-25 09:12:37.323,57,28000,166288.37,-38.97,129285.11137695392,-104580.98284824789,166288.37
2026-09-25 09:12:37.324,57,29000,166288.37,-38.97,129285.11137695392,-104580.98284824789,166288.37
2026-09-25 09:12:37.324,57,30000,167844.96,-40.54,127554.17683307308,-109095.6578871896,167844.96
2026-09-25 09:12:37.439,57,31000,167844.96,-40.54,127554.17683307308,-109095.6578871896,167844.96
2026-09-25 09:12:37.439,57,32000,167844.96,-40.54,127554.17683307308,-109095.6578871896,167844.96
2026-09-25 09:12:37.440,57,33000,165158.26,-42.51,121747.96596829599,-111600.55389114446,165158.26
2026-09-25 09:12:37.440,57,34000,165158.26,-42.51,121747.96596829599,-111600.55389114446,165158.26
2026-09-25 09:12:37.440,57,35000,166911.28,-43.98,120106.39241382739,-115904.39979817033,166911.28
2026-09-25 09:12:37.440,57,36000,166911.28,-43.98,120106.39241382739,-115904.39979817033,166911.28
2026-09-25 09:12:37.555,57,37000,166911.28,-43.98,120106.39241382739,-115904.39979817033,166911.28
2026-09-25 09:12:37.556,57,38000,168773.04,-45.43,118441.56777388733,-120232.83267936946,168773.04
2026-09-25 09:12:37.556,57,39000,164538.73,-46.1,114091.45620418036,-118558.56481596973,164538.73
2026-09-25 09:12:37.556,57,40000,164538.73,-46.1,114091.45620418036,-118558.56481596973,164538.73
2026-09-25 09:12:37.556,57,41000,165776.46,-47.0,113059.27385696636,-121241.22766232234,165776.46
2026-09-25 09:12:37.556,57,42000,165776.46,-47.0,113059.27385696636,-121241.22766232234,165776.46
2026-09-25 09:12:37.652,57,43000,165776.46,-47.0,113059.27385696636,-121241.22766232234,165776.46
2026-09-25 09:12:37.653,57,44000,163885.52,-49.12,107259.29219765309,-123910.88694270923,163885.52
2026-09-25 09:12:37.653,57,45000,163885.52,-49.12,107259.29219765309,-123910.88694270923,163885.52
2026-09-25 09:12:37.653,57,46000,166117.48,-50.52,105618.96122258525,-128217.2070816255,166117.48
2026-09-25 09:12:37.653,57,47000,166117.48,-50.52,105618.96122258525,-128217.2070816255,166117.48
2026-09-25 09:12:37.775,57,48000,166117.48,-50.52,105618.96122258525,-128217.2070816255,166117.48
2026-09-25 09:12:37.776,57,49000,166731.1,-52.19,102213.65926023839,-131725.57674135227,166731.1
2026-09-25 09:12:37.776,57,50000,166731.1,-52.19,102213.65926023839,-131725.57674135227,166731.1
2026-09-25 09:12:37.776,57,51000,166731.1,-52.19,102213.65926023839,-131725.57674135227,166731.1
2026-09-25 09:12:37.776,57,52000,169288.73,-53.59,100482.90990112835,-136241.91323823453,169288.73
2026-09-25 09:12:37.777,57,53000,169288.73,-53.59,100482.90990112835,-136241.91323823453,169288.73
2026-09-25 09:12:37.896,57,54000,165614.03,-54.41,96384.2268153534,-134677.71810528796,165614.03
2026-09-25 09:12:37.897,57,55000,168087.2,-55.67,94794.20782460622,-138806.93414503965,168087.2
2026-09-25 09:12:37.897,57,56000,168087.2,-55.67,94794.20782460622,-138806.93414503965,168087.2
2026-09-25 09:12:37.897,57,57000,168087.2,-55.67,94794.20782460622,-138806.93414503965,168087.2
2026-09-25 09:12:37.898,57,58000,166841.2,-57.8,88905.71735117192,-141179.88326852213,166841.2
2026-09-25 09:12:37.898,57,59000,166841.2,-57.8,88905.71735117192,-141179.88326852213,166841.2
2026-09-25 09:12:37.995,57,60000,166841.2,-57.8,88905.71735117192,-141179.88326852213,166841.2
2026-09-25 09:12:37.996,57,61000,169655.06,-59.06,87226.48124973591,-145514.19295860137,169655.06
2026-09-25 09:12:37.996,57,62000,166063.03,-60.03,82956.20236710111,-143858.25809319902,166063.03
2026-09-25 09:12:37.996,57,63000,166063.03,-60.03,82956.20236710111,-143858.25809319902,166063.03
2026-09-25 09:12:37.997,57,64000,166063.03,-60.03,82956.20236710111,-143858.25809319902,166063.03
2026-09-25 09:12:38.106,57,65000,165439.28,-62.02,77618.0430771944,-146101.316748978,165439.28
2026-09-25 09:12:38.107,57,66000,165439.28,-62.02,77618.0430771944,-146101.316748978,165439.28
2026-09-25 09:12:38.107,57,67000,165439.28,-62.02,77618.0430771944,-146101.316748978,165439.28
2026-09-25 09:12:38.107,57,68000,168466.3,-63.19,75983.91450197772,-150357.3708623762,168466.3
2026-09-25 09:12:38.107,57,69000,165143.64,-64.24,71771.83092328283,-148732.06150110776,165143.64
2026-09-25 09:12:38.107,57,70000,165143.64,-64.24,71771.83092328283,-148732.06150110776,165143.64
2026-09-25 09:12:38.223,57,71000,168151.83,-65.32,70211.78302479038,-152791.83046494552,168151.83
2026-09-25 09:12:38.223,57,72000,165045.72,-66.38,66128.6836318619,-151218.67242981444,165045.72
2026-09-25 09:12:38.224,57,73000,165045.72,-66.38,66128.6836318619,-151218.67242981444,165045.72
2026-09-25 09:12:38.224,57,74000,165045.72,-66.38,66128.6836318619,-151218.67242981444,165045.72
2026-09-25 09:12:38.224,57,75000,168270.09,-67.46,64502.69236054831,-155416.29858817434,168270.09
2026-09-25 09:12:38.224,57,76000,165234.93,-68.58,60344.08756203319,-153821.88787168934,165234.93
2026-09-25 09:12:38.326,57,77000,165234.93,-68.58,60344.08756203319,-153821.88787168934,165234.93
2026-09-25 09:12:38.326,57,78000,165234.93,-68.58,60344.08756203319,-153821.88787168934,165234.93
2026-09-25 09:12:38.326,57,79000,164959.31,-70.94,53868.802232653754,-155915.76604594974,164959.31
2026-09-25 09:12:38.327,57,80000,164959.31,-70.94,53868.802232653754,-155915.76604594974,164959.31
2026-09-25 09:12:38.327,57,81000,164959.31,-70.94,53868.802232653754,-155915.76604594974,164959.31
2026-09-25 09:12:38.327,57,82000,162174.2,-72.12,49791.44131108272,-154341.4510680945,162174.2
2026-09-25 09:12:38.440,57,83000,165636.52,-73.08,48206.2178675744,-158466.45486226524,165636.52
2026-09-25 09:12:38.441,57,84000,165636.52,-73.08,48206.2178675744,-158466.45486226524,165636.52
2026-09-25 09:12:38.441,57,85000,162980.85,-74.3,44102.69069552535,-156900.31912057198,162980.85
2026-09-25 09:12:38.441,57,86000,162980.85,-74.3,44102.69069552535,-156900.31912057198,162980.85
2026-09-25 09:12:38.442,57,87000,166714.94,-75.25,42445.94851896764,-161221.0056832817,166714.94
2026-09-25 09:12:38.442,57,88000,164074.18,-76.55,38163.11647242784,-159574.1617047832,164074.18
2026-09-25 09:12:38.546,57,89000,164074.18,-76.55,38163.11647242784,-159574.1617047832,164074.18
2026-09-25 09:12:38.547,57,90000,164074.18,-76.55,38163.11647242784,-159574.1617047832,164074.18
2026-09-25 09:12:38.547,57,91000,161444.05,-77.93,33759.011233661025,-157874.983581719,161444.05
2026-09-25 09:12:38.547,57,92000,165342.48,-78.81,32086.880726749434,-162199.16084178042,165342.48
2026-09-25 09:12:38.547,57,93000,165342.48,-78.81,32086.880726749434,-162199.16084178042,165342.48
2026-09-25 09:12:38.654,57,94000,162978.64,-80.16,27852.626177584745,-160581.03347301428,162978.64
2026-09-25 09:12:38.654,57,95000,162978.64,-80.16,27852.626177584745,-160581.03347301428,162978.64
2026-09-25 09:12:38.655,57,96000,162978.64,-80.16,27852.626177584745,-160581.03347301428,162978.64
2026-09-25 09:12:38.655,57,97000,167100.96,-82.83,20856.49683874966,-165794.2621821902,167100.96
2026-09-25 09:12:38.655,57,98000,167100.96,-82.83,20856.49683874966,-165794.2621821902,167100.96
2026-09-25 09:12:38.655,57,99000,167100.96,-82.83,20856.49683874966,-165794.2621821902,167100.96
2026-09-25 09:12:38.764,57,100000,165046.05,-84.19,16707.600927242824,-164198.21768782538,165046.05
2026-09-25 09:12:49.031,58,10000,165119.7,-166.03,-160235.8329848757,-39862.17700694514,165119.7
2026-09-25 09:12:49.136,58,11000,165119.7,-166.03,-160235.8329848757,-39862.17700694514,165119.7
2026-09-25 09:12:49.136,58,12000,165119.7,-166.03,-160235.8329848757,-39862.17700694514,165119.7
2026-09-25 09:12:49.136,58,13000,164082.38,-29.34,143035.1075760661,-80398.91434072725,164082.38
2026-09-25 09:12:49.137,58,14000,161210.84,-167.74,-157534.27518935315,-34232.836196709555,161210.84
2026-09-25 09:12:49.137,58,15000,161886.18,-169.24,-159039.86936738592,-30223.42182144863,161886.18
2026-09-25 09:12:49.246,58,16000,161886.18,-169.24,-159039.86936738592,-30223.42182144863,161886.18
2026-09-25 09:12:49.246,58,17000,161886.18,-169.24,-159039.86936738592,-30223.42182144863,161886.18
2026-09-25 09:12:49.247,58,18000,162725.43,-170.82,-160641.24496987296,-25960.66222603277,162725.43
2026-09-25 09:12:49.247,58,19000,162725.43,-170.82,-160641.24496987296,-25960.66222603277,162725.43
2026-09-25 09:12:49.356,58,20000,166713.8,-34.14,137983.79962065013,-93562.61086934393,166713.8
2026-09-25 09:12:49.357,58,21000,166713.8,-34.14,137983.79962065013,-93562.61086934393,166713.8
2026-09-25 09:12:49.357,58,22000,166713.8,-34.14,137983.79962065013,-93562.61086934393,166713.8
2026-09-25 09:12:49.357,58,23000,164872.58,-174.06,-163987.34812052237,-17062.15965975589,164872.58
2026-09-25 09:12:49.358,58,24000,167809.34,-35.65,136360.60329095848,-97804.7057219715,167809.34
2026-09-25 09:12:49.463,58,25000,164958.76,-37.48,130905.62866036085,-100374.84189662922,164958.76
2026-09-25 09:12:49.463,58,26000,164958.76,-37.48,130905.62866036085,-100374.84189662922,164958.76
2026-09-25 09:12:49.463,58,27000,162071.88,-175.89,-161655.07797654305,-11615.93952860399,162071.88
2026-09-25 09:12:49.464,58,28000,166288.37,-38.97,129285.11137695392,-104580.98284824789,166288.37
2026-09-25 09:12:49.464,58,29000,166288.37,-38.97,129285.11137695392,-104580.98284824789,166288.37
2026-09-25 09:12:49.573,58,30000,167844.96,-40.54,127554.17683307308,-109095.6578871896,167844.96
2026-09-25 09:12:49.573,58,31000,167844.96,-40.54,127554.17683307308,-109095.6578871896,167844.96
2026-09-25 09:12:49.574,58,32000,167844.96,-40.54,127554.17683307308,-109095.6578871896,167844.96
2026-09-25 09:12:49.574,58,33000,165158.26,-42.51,121747.96596829599,-111600.55389114446,165158.26
2026-09-25 09:12:49.574,58,34000,165158.26,-42.51,121747.96596829599,-111600.55389114446,165158.26
2026-09-25 09:12:49.574,58,35000,166911.28,-43.98,120106.39241382739,-115904.39979817033,166911.28
2026-09-25 09:12:49.691,58,36000,166911.28,-43.98,120106.39241382739,-115904.39979817033,166911.28
2026-09-25 09:12:49.692,58,37000,166911.28,-43.98,120106.39241382739,-115904.39979817033,166911.28
2026-09-25 09:12:49.692,58,38000,168773.04,-45.43,118441.56777388733,-120232.83267936946,168773.04
2026-09-25 09:12:49.692,58,39000,164538.73,-46.1,114091.45620418036,-118558.56481596973,164538.73
2026-09-25 09:12:49.692,58,40000,164538.73,-46.1,114091.45620418036,-118558.56481596973,164538.73
2026-09-25 09:12:49.693,58,41000,165776.46,-47.0,113059.27385696636,-121241.22766232234,165776.46
2026-09-25 09:12:49.796,58,42000,165776.46,-47.0,113059.27385696636,-121241.22766232234,165776.46
2026-09-25 09:12:49.796,58,43000,165776.46,-47.0,113059.27385696636,-121241.22766232234,165776.46
2026-09-25 09:12:49.796,58,44000,163885.52,-49.12,107259.29219765309,-123910.88694270923,163885.52
2026-09-25 09:12:49.797,58,45000,163885.52,-49.12,107259.29219765309,-123910.88694270923,163885.52
2026-09-25 09:12:49.797,58,46000,166117.48,-50.52,105618.96122258525,-128217.2070816255,166117.48
2026-09-25 09:12:49.906,58,47000,166117.48,-50.52,105618.96122258525,-128217.2070816255,166117.48
2026-09-25 09:12:49.906,58,48000,166117.48,-50.52,105618.96122258525,-128217.2070816255,166117.48
2026-09-25 09:12:49.907,58,49000,166731.1,-52.19,102213.65926023839,-131725.57674135227,166731.1
2026-09-25 09:12:49.907,58,50000,166731.1,-52.19,102213.65926023839,-131725.57674135227,166731.1
2026-09-25 09:12:49.907,58,51000,166731.1,-52.19,102213.65926023839,-131725.57674135227,166731.1
2026-09-25 09:12:50.023,58,52000,169288.73,-53.59,100482.90990112835,-136241.91323823453,169288.73
2026-09-25 09:12:50.024,58,53000,169288.73,-53.59,100482.90990112835,-136241.91323823453,169288.73
2026-09-25 09:12:50.024,58,54000,165614.03,-54.41,96384.2268153534,-134677.71810528796,165614.03
2026-09-25 09:12:50.024,58,55000,168087.2,-55.67,94794.20782460622,-138806.93414503965,168087.2
2026-09-25 09:12:50.024,58,56000,168087.2,-55.67,94794.20782460622,-138806.93414503965,168087.2
2026-09-25 09:12:50.024,58,57000,168087.2,-55.67,94794.20782460622,-138806.93414503965,168087.2
2026-09-25 09:12:50.024,58,58000,166841.2,-57.8,88905.71735117192,-141179.88326852213,166841.2
2026-09-25 09:12:50.135,58,59000,166841.2,-57.8,88905.71735117192,-141179.88326852213,166841.2
2026-09-25 09:12:50.136,58,60000,166841.2,-57.8,88905.71735117192,-141179.88326852213,166841.2
2026-09-25 09:12:50.136,58,61000,169655.06,-59.06,87226.48124973591,-145514.19295860137,169655.06
2026-09-25 09:12:50.136,58,62000,166063.03,-60.03,82956.20236710111,-143858.25809319902,166063.03
2026-09-25 09:12:50.136,58,63000,166063.03,-60.03,82956.20236710111,-143858.25809319902,166063.03
2026-09-25 09:12:50.256,58,64000,166063.03,-60.03,82956.20236710111,-143858.25809319902,166063.03
2026-09-25 09:12:50.256,58,65000,165439.28,-62.02,77618.0430771944,-146101.316748978,165439.28
2026-09-25 09:12:50.256,58,66000,165439.28,-62.02,77618.0430771944,-146101.316748978,165439.28
2026-09-25 09:12:50.256,58,67000,165439.28,-62.02,77618.0430771944,-146101.316748978,165439.28
2026-09-25 09:12:50.257,58,68000,168466.3,-63.19,75983.91450197772,-150357.3708623762,168466.3
2026-09-25 09:12:50.257,58,69000,165143.64,-64.24,71771.83092328283,-148732.06150110776,165143.64
2026-09-25 09:12:50.257,58,70000,165143.64,-64.24,71771.83092328283,-148732.06150110776,165143.64
2026-09-25 09:12:50.352,58,71000,168151.83,-65.32,70211.78302479038,-152791.83046494552,168151.83
2026-09-25 09:12:50.353,58,72000,165045.72,-66.38,66128.6836318619,-151218.67242981444,165045.72
2026-09-25 09:12:50.353,58,73000,165045.72,-66.38,66128.6836318619,-151218.67242981444,165045.72
2026-09-25 09:12:50.353,58,74000,165045.72,-66.38,66128.6836318619,-151218.67242981444,165045.72
2026-09-25 09:12:50.353,58,75000,168270.09,-67.46,64502.69236054831,-155416.29858817434,168270.09
2026-09-25 09:12:50.463,58,76000,165234.93,-68.58,60344.08756203319,-153821.88787168934,165234.93
2026-09-25 09:12:50.463,58,77000,165234.93,-68.58,60344.08756203319,-153821.88787168934,165234.93
2026-09-25 09:12:50.464,58,78000,165234.93,-68.58,60344.08756203319,-153821.88787168934,165234.93
2026-09-25 09:12:50.464,58,79000,164959.31,-70.94,53868.802232653754,-155915.76604594974,164959.31
2026-09-25 09:12:50.464,58,80000,164959.31,-70.94,53868.802232653754,-155915.76604594974,164959.31
2026-09-25 09:12:50.464,58,81000,164959.31,-70.94,53868.802232653754,-155915.76604594974,164959.31
2026-09-25 09:12:50.573,58,82000,162174.2,-72.12,49791.44131108272,-154341.4510680945,162174.2
2026-09-25 09:12:50.574,58,83000,165636.52,-73.08,48206.2178675744,-158466.45486226524,165636.52
2026-09-25 09:12:50.574,58,84000,165636.52,-73.08,48206.2178675744,-158466.45486226524,165636.52
2026-09-25 09:12:50.574,58,85000,162980.85,-74.3,44102.69069552535,-156900.31912057198,162980.85
2026-09-25 09:12:50.574,58,86000,162980.85,-74.3,44102.69069552535,-156900.31912057198,162980.85
2026-09-25 09:12:50.575,58,87000,166714.94,-75.25,42445.94851896764,-161221.0056832817,166714.94
2026-09-25 09:12:50.682,58,88000,164074.18,-76.55,38163.11647242784,-159574.1617047832,164074.18
2026-09-25 09:12:50.682,58,89000,164074.18,-76.55,38163.11647242784,-159574.1617047832,164074.18
2026-09-25 09:12:50.682,58,90000,164074.18,-76.55,38163.11647242784,-159574.1617047832,164074.18
2026-09-25 09:12:50.683,58,91000,161444.05,-77.93,33759.011233661025,-157874.983581719,161444.05
2026-09-25 09:12:50.683,58,92000,165342.48,-78.81,32086.880726749434,-162199.16084178042,165342.48
2026-09-25 09:12:50.800,58,93000,165342.48,-78.81,32086.880726749434,-162199.16084178042,165342.48
2026-09-25 09:12:50.801,58,94000,162978.64,-80.16,27852.626177584745,-160581.03347301428,162978.64
2026-09-25 09:12:50.801,58,95000,162978.64,-80.16,27852.626177584745,-160581.03347301428,162978.64
2026-09-25 09:12:50.801,58,96000,162978.64,-80.16,27852.626177584745,-160581.03347301428,162978.64
2026-09-25 09:12:50.801,58,97000,167100.96,-82.83,20856.49683874966,-165794.2621821902,167100.96
2026-09-25 09:12:50.802,58,98000,167100.96,-82.83,20856.49683874966,-165794.2621821902,167100.96
2026-09-25 09:12:50.906,58,99000,167100.96,-82.83,20856.49683874966,-165794.2621821902,167100.96
2026-09-25 09:12:50.906,58,100000,165046.05,-84.19,16707.600927242824,-164198.21768782538,165046.05
2026-09-25 09:13:01.226,59,10000,165119.7,-166.03,-160235.8329848757,-39862.17700694514,165119.7
2026-09-25 09:13:01.227,59,11000,165119.7,-166.03,-160235.8329848757,-39862.17700694514,165119.7
2026-09-25 09:13:01.227,59,12000,165119.7,-166.03,-160235.8329848757,-39862.17700694514,165119.7
2026-09-25 09:13:01.340,59,13000,164082.38,-29.34,143035.1075760661,-80398.91434072725,164082.38
2026-09-25 09:13:01.340,59,14000,161210.84,-167.74,-157534.27518935315,-34232.836196709555,161210.84
2026-09-25 09:13:01.340,59,15000,161886.18,-169.24,-159039.86936738592,-30223.42182144863,161886.18
2026-09-25 09:13:01.341,59,16000,161886.18,-169.24,-159039.86936738592,-30223.42182144863,161886.18
2026-09-25 09:13:01.341,59,17000,161886.18,-169.24,-159039.86936738592,-30223.42182144863,161886.18
2026-09-25 09:13:01.456,59,18000,162725.43,-170.82,-160641.24496987296,-25960.66222603277,162725.43
2026-09-25 09:13:01.456,59,19000,162725.43,-170.82,-160641.24496987296,-25960.66222603277,162725.43
2026-09-25 09:13:01.457,59,20000,166713.8,-34.14,137983.79962065013,-93562.61086934393,166713.8
2026-09-25 09:13:01.457,59,21000,166713.8,-34.14,137983.79962065013,-93562.61086934393,166713.8
2026-09-25 09:13:01.457,59,22000,163796.21,-172.54,-162409.7969843855,-21266.317355263665,163796.21
2026-09-25 09:13:01.562,59,23000,167809.34,-35.65,136360.60329095848,-97804.7057219715,167809.34
2026-09-25 09:13:01.562,59,24000,167809.34,-35.65,136360.60329095848,-97804.7057219715,167809.34
2026-09-25 09:13:01.562,59,25000,162071.88,-175.89,-161655.07797654305,-11615.93952860399,162071.88
2026-09-25 09:13:01.563,59,26000,164958.76,-37.48,130905.62866036085,-100374.84189662922,164958.76
2026-09-25 09:13:01.563,59,27000,164958.76,-37.48,130905.62866036085,-100374.84189662922,164958.76
2026-09-25 09:13:01.676,59,28000,166288.37,-38.97,129285.11137695392,-104580.98284824789,166288.37
2026-09-25 09:13:01.676,59,29000,166288.37,-38.97,129285.11137695392,-104580.98284824789,166288.37
2026-09-25 09:13:01.677,59,30000,167844.96,-40.54,127554.17683307308,-109095.6578871896,167844.96
2026-09-25 09:13:01.677,59,31000,167844.96,-40.54,127554.17683307308,-109095.6578871896,167844.96
2026-09-25 09:13:01.677,59,32000,167844.96,-40.54,127554.17683307308,-109095.6578871896,167844.96
2026-09-25 09:13:01.786,59,33000,165158.26,-42.51,121747.96596829599,-111600.55389114446,165158.26
2026-09-25 09:13:01.786,59,34000,165158.26,-42.51,121747.96596829599,-111600.55389114446,165158.26
2026-09-25 09:13:01.787,59,35000,166911.28,-43.98,120106.39241382739,-115904.39979817033,166911.28
2026-09-25 09:13:01.787,59,36000,166911.28,-43.98,120106.39241382739,-115904.39979817033,166911.28
2026-09-25 09:13:01.787,59,37000,166911.28,-43.98,120106.39241382739,-115904.39979817033,166911.28
2026-09-25 09:13:01.886,59,38000,168773.04,-45.43,118441.56777388733,-120232.83267936946,168773.04
2026-09-25 09:13:01.886,59,39000,164538.73,-46.1,114091.45620418036,-118558.56481596973,164538.73
2026-09-25 09:13:01.886,59,40000,164538.73,-46.1,114091.45620418036,-118558.56481596973,164538.73
2026-09-25 09:13:01.887,59,41000,165776.46,-47.0,113059.27385696636,-121241.22766232234,165776.46
2026-09-25 09:13:01.887,59,42000,165776.46,-47.0,113059.27385696636,-121241.22766232234,165776.46
2026-09-25 09:13:02.006,59,43000,165776.46,-47.0,113059.27385696636,-121241.22766232234,165776.46
2026-09-25 09:13:02.009,59,44000,163885.52,-49.12,107259.29219765309,-123910.88694270923,163885.52
2026-09-25 09:13:02.009,59,45000,163885.52,-49.12,107259.29219765309,-123910.88694270923,163885.52
2026-09-25 09:13:02.010,59,46000,166117.48,-50.52,105618.96122258525,-128217.2070816255,166117.48
2026-09-25 09:13:02.010,59,47000,166117.48,-50.52,105618.96122258525,-128217.2070816255,166117.48
2026-09-25 09:13:02.010,59,48000,166117.48,-50.52,105618.96122258525,-128217.2070816255,166117.48
2026-09-25 09:13:02.010,59,49000,166731.1,-52.19,102213.65926023839,-131725.57674135227,166731.1
2026-09-25 09:13:02.122,59,50000,166731.1,-52.19,102213.65926023839,-131725.57674135227,166731.1
2026-09-25 09:13:02.123,59,51000,166731.1,-52.19,102213.65926023839,-131725.57674135227,166731.1
2026-09-25 09:13:02.123,59,52000,169288.73,-53.59,100482.90990112835,-136241.91323823453,169288.73
2026-09-25 09:13:02.123,59,53000,169288.73,-53.59,100482.90990112835,-136241.91323823453,169288.73
2026-09-25 09:13:02.124,59,54000,165614.03,-54.41,96384.2268153534,-134677.71810528796,165614.03
2026-09-25 09:13:02.240,59,55000,168087.2,-55.67,94794.20782460622,-138806.93414503965,168087.2
2026-09-25 09:13:02.240,59,56000,168087.2,-55.67,94794.20782460622,-138806.93414503965,168087.2
2026-09-25 09:13:02.241,59,57000,168087.2,-55.67,94794.20782460622,-138806.93414503965,168087.2
2026-09-25 09:13:02.241,59,58000,166841.2,-57.8,88905.71735117192,-141179.88326852213,166841.2
2026-09-25 09:13:02.241,59,59000,166841.2,-57.8,88905.71735117192,-141179.88326852213,166841.2
2026-09-25 09:13:02.241,59,60000,166841.2,-57.8,88905.71735117192,-141179.88326852213,166841.2
2026-09-25 09:13:02.241,59,61000,169655.06,-59.06,87226.48124973591,-145514.19295860137,169655.06
2026-09-25 09:13:02.346,59,62000,166063.03,-60.03,82956.20236710111,-143858.25809319902,166063.03
2026-09-25 09:13:02.346,59,63000,166063.03,-60.03,82956.20236710111,-143858.25809319902,166063.03
2026-09-25 09:13:02.346,59,64000,166063.03,-60.03,82956.20236710111,-143858.25809319902,166063.03
2026-09-25 09:13:02.347,59,65000,165439.28,-62.02,77618.0430771944,-146101.316748978,165439.28
2026-09-25 09:13:02.347,59,66000,165439.28,-62.02,77618.0430771944,-146101.316748978,165439.28
2026-09-25 09:13:02.464,59,67000,165439.28,-62.02,77618.0430771944,-146101.316748978,165439.28
2026-09-25 09:13:02.465,59,68000,168466.3,-63.19,75983.91450197772,-150357.3708623762,168466.3
2026-09-25 09:13:02.465,59,69000,165143.64,-64.24,71771.83092328283,-148732.06150110776,165143.64
2026-09-25 09:13:02.465,59,70000,165143.64,-64.24,71771.83092328283,-148732.06150110776,165143.64
2026-09-25 09:13:02.466,59,71000,168151.83,-65.32,70211.78302479038,-152791.83046494552,168151.83
2026-09-25 09:13:02.466,59,72000,165045.72,-66.38,66128.6836318619,-151218.67242981444,165045.72
2026-09-25 09:13:02.575,59,73000,165045.72,-66.38,66128.6836318619,-151218.67242981444,165045.72
2026-09-25 09:13:02.576,59,74000,165045.72,-66.38,66128.6836318619,-151218.67242981444,165045.72
2026-09-25 09:13:02.576,59,75000,168270.09,-67.46,64502.69236054831,-155416.29858817434,168270.09
2026-09-25 09:13:02.576,59,76000,165234.93,-68.58,60344.08756203319,-153821.88787168934,165234.93
2026-09-25 09:13:02.576,59,77000,165234.93,-68.58,60344.08756203319,-153821.88787168934,165234.93
2026-09-25 09:13:02.577,59,78000,165234.93,-68.58,60344.08756203319,-153821.88787168934,165234.93
2026-09-25 09:13:02.686,59,79000,164959.31,-70.94,53868.802232653754,-155915.76604594974,164959.31
2026-09-25 09:13:02.686,59,80000,164959.31,-70.94,53868.802232653754,-155915.76604594974,164959.31
2026-09-25 09:13:02.686,59,81000,164959.31,-70.94,53868.802232653754,-155915.76604594974,164959.31
2026-09-25 09:13:02.687,59,82000,162174.2,-72.12,49791.44131108272,-154341.4510680945,162174.2
2026-09-25 09:13:02.687,59,83000,165636.52,-73.08,48206.2178675744,-158466.45486226524,165636.52
2026-09-25 09:13:02.687,59,84000,165636.52,-73.08,48206.2178675744,-158466.45486226524,165636.52
2026-09-25 09:13:02.796,59,85000,162980.85,-74.3,44102.69069552535,-156900.31912057198,162980.85
2026-09-25 09:13:02.796,59,86000,162980.85,-74.3,44102.69069552535,-156900.31912057198,162980.85
2026-09-25 09:13:02.796,59,87000,166714.94,-75.25,42445.94851896764,-161221.0056832817,166714.94
2026-09-25 09:13:02.797,59,88000,164074.18,-76.55,38163.11647242784,-159574.1617047832,164074.18
2026-09-25 09:13:02.797,59,89000,164074.18,-76.55,38163.11647242784,-159574.1617047832,164074.18
2026-09-25 09:13:02.797,59,90000,164074.18,-76.55,38163.11647242784,-159574.1617047832,164074.18
2026-09-25 09:13:02.906,59,91000,161444.05,-77.93,33759.011233661025,-157874.983581719,161444.05
2026-09-25 09:13:02.907,59,92000,165342.48,-78.81,32086.880726749434,-162199.16084178042,165342.48
2026-09-25 09:13:02.907,59,93000,165342.48,-78.81,32086.880726749434,-162199.16084178042,165342.48
2026-09-25 09:13:02.907,59,94000,162978.64,-80.16,27852.626177584745,-160581.03347301428,162978.64
2026-09-25 09:13:02.907,59,95000,162978.64,-80.16,27852.626177584745,-160581.03347301428,162978.64
2026-09-25 09:13:02.908,59,96000,162978.64,-80.16,27852.626177584745,-160581.03347301428,162978.64
2026-09-25 09:13:03.024,59,97000,167100.96,-82.83,20856.49683874966,-165794.2621821902,167100.96
2026-09-25 09:13:03.024,59,98000,167100.96,-82.83,20856.49683874966,-165794.2621821902,167100.96
2026-09-25 09:13:03.024,59,99000,167100.96,-82.83,20856.49683874966,-165794.2621821902,167100.96
2026-09-25 09:13:03.025,59,100000,165046.05,-84.19,16707.600927242824,-164198.21768782538,165046.05
2026-09-25 09:13:13.356,60,10000,5976.39,0.06,5976.386723077798,6.258459829134157,5976.39
2026-09-25 09:13:13.357,60,11000,6173.26,0.28,6173.186285231416,30.168119443331534,6173.26
2026-09-25 09:13:13.473,60,12000,6173.26,0.28,6173.186285231416,30.168119443331534,6173.26
2026-09-25 09:13:13.474,60,13000,5809.52,0.21,5809.480978577797,21.29295523801472,5809.52
2026-09-25 09:13:13.474,60,14000,5809.52,0.21,5809.480978577797,21.29295523801472,5809.52
2026-09-25 09:13:13.474,60,15000,6024.28,-1.01,6023.344031161143,-106.18945651726006,6024.28
2026-09-25 09:13:13.575,60,16000,6024.28,-1.01,6023.344031161143,-106.18945651726006,6024.28
2026-09-25 09:13:13.575,60,17000,7051.16,0.52,7050.869605079689,63.99341968818307,7051.16
2026-09-25 09:13:13.576,60,18000,6019.59,-0.61,6019.248848551667,-64.08640502811119,6019.59
2026-09-25 09:13:13.576,60,19000,6237.53,-0.22,6237.484018597368,-23.950337000223385,6237.53
2026-09-25 09:13:13.576,60,20000,6278.58,-1.94,6274.981279319904,-212.5482547205023,6278.58
2026-09-25 09:13:13.696,60,21000,6017.22,-0.43,6017.05054456503,-45.15830543419481,6017.22
2026-09-25 09:13:13.696,60,22000,6017.22,-0.43,6017.05054456503,-45.15830543419481,6017.22
2026-09-25 09:13:13.697,60,23000,6272.86,-1.48,6270.767383636262,-162.01543112809915,6272.86
2026-09-25 09:13:13.697,60,24000,6005.22,0.06,6005.216707269982,6.288650529017186,6005.22
2026-09-25 09:13:13.697,60,25000,5903.21,-1.77,5900.393401352357,-182.33489347233845,5903.21
2026-09-25 09:13:13.816,60,26000,6110.07,-1.24,6108.639139336914,-132.22431796444903,6110.07
2026-09-25 09:13:13.816,60,27000,6040.1,1.01,6039.161573269573,106.46831427322478,6040.1
2026-09-25 09:13:13.816,60,28000,5887.11,-1.07,5886.083445943295,-109.93552425081761,5887.11
2026-09-25 09:13:13.817,60,29000,6297.09,0.14,6297.0712016169355,15.386678220175986,6297.09
2026-09-25 09:13:13.817,60,30000,6076.18,-0.09,6076.1725038149325,-9.54443729995097,6076.18
2026-09-25 09:13:13.817,60,31000,6076.18,-0.09,6076.1725038149325,-9.54443729995097,6076.18
2026-09-25 09:13:13.925,60,32000,6279.14,0.58,6278.818280648786,63.5620813899815,6279.14
2026-09-25 09:13:13.925,60,33000,5978.92,-2.06,5975.056017607417,-214.91847955304385,5978.92
2026-09-25 09:13:13.926,60,34000,5908.85,-0.24,5908.798161842938,-24.75086062178822,5908.85
2026-09-25 09:13:13.926,60,35000,5971.57,-1.72,5968.879471815419,-179.2375960575491,5971.57
2026-09-25 09:13:13.926,60,36000,7375.21,-1.72,7371.887053040958,-221.36806749642,7375.21
2026-09-25 09:13:14.039,60,37000,166911.28,-43.98,120106.39241382739,-115904.39979817033,166911.28
2026-09-25 09:13:14.039,60,38000,7636.84,0.16,7636.8102231938,21.32605267416359,7636.84
2026-09-25 09:13:14.040,60,39000,6782.64,-0.4,6782.474711847639,-47.351375347365945,6782.64
2026-09-25 09:13:14.040,60,40000,6192.87,-0.39,6192.726535569001,-42.15320343174151,6192.87
2026-09-25 09:13:14.040,60,41000,6239.46,-1.29,6237.878632463264,-140.46799727424082,6239.46
2026-09-25 09:13:14.040,60,42000,6716.82,0.75,6716.244553735642,87.92045732551776,6716.82
2026-09-25 09:13:14.136,60,43000,7365.25,0.77,7364.584899696201,98.97887485062373,7365.25
2026-09-25 09:13:14.136,60,44000,6302.11,-0.25,6302.050008454948,-27.49805507649421,6302.11
2026-09-25 09:13:14.136,60,45000,6875.15,-0.34,6875.028950366997,-40.79772194201077,6875.15
2026-09-25 09:13:14.137,60,46000,7234.41,-0.59,7234.0264446513465,-74.49460507308243,7234.41
2026-09-25 09:13:14.137,60,47000,6387.94,-1.65,6385.291356899517,-183.9340400913249,6387.94
2026-09-25 09:13:14.257,60,48000,5941.2,0.8,5940.620875644078,82.95210583092988,5941.2
2026-09-25 09:13:14.257,60,49000,8039.85,-1.93,8035.289145283483,-270.76996544936156,8039.85
2026-09-25 09:13:14.258,60,50000,6180.62,0.36,6180.497999852658,38.83372525641296,6180.62
2026-09-25 09:13:14.258,60,51000,7853.49,0.36,7853.334978831064,49.34460830207756,7853.49
2026-09-25 09:13:14.258,60,52000,6152.77,0.74,6152.256839968921,79.46350077639275,6152.77
2026-09-25 09:13:14.258,60,53000,6152.77,0.74,6152.256839968921,79.46350077639275,6152.77
2026-09-25 09:13:14.373,60,54000,6019.21,-0.08,6019.204132621052,-8.404399898715091,6019.21
2026-09-25 09:13:14.374,60,55000,6109.1,-1.34,6107.429325765869,-142.86301402067298,6109.1
2026-09-25 09:13:14.374,60,56000,6033.19,-0.27,6033.123011775566,-28.43063284763234,6033.19
2026-09-25 09:13:14.374,60,57000,6033.19,-0.27,6033.123011775566,-28.43063284763234,6033.19
2026-09-25 09:13:14.374,60,58000,6160.4,-1.27,6158.886705992981,-136.53828306717693,6160.4
2026-09-25 09:13:14.376,60,59000,6160.4,-1.27,6158.886705992981,-136.53828306717693,6160.4
2026-09-25 09:13:14.486,60,60000,6030.07,0.39,6029.930307004436,41.04506754019405,6030.07
2026-09-25 09:13:14.486,60,61000,6131.77,-0.86,6131.079284273073,-92.03337904031727,6131.77
2026-09-25 09:13:14.486,60,62000,6001.94,-1.84,5998.845327395677,-192.7135220555379,6001.94
2026-09-25 09:13:14.487,60,63000,6169.09,-0.62,6168.728818924517,-66.75467526794729,6169.09
2026-09-25 09:13:14.487,60,64000,6169.09,-0.62,6168.728818924517,-66.75467526794729,6169.09
2026-09-25 09:13:14.487,60,65000,6327.36,-1.25,6325.854259664334,-138.03063097228065,6327.36
2026-09-25 09:13:14.596,60,66000,7252.4,0.49,7252.134786271054,62.02259070130283,7252.4
2026-09-25 09:13:14.596,60,67000,7721.52,0.19,7721.477544462445,25.60548304981737,7721.52
2026-09-25 09:13:14.596,60,68000,168466.3,-63.19,75983.91450197772,-150357.3708623762,168466.3
2026-09-25 09:13:14.596,60,69000,85836.02,-33.79,71336.73242024495,-47737.75169656374,85836.02
2026-09-25 09:13:14.597,60,70000,12454.39,0.68,12453.512878152918,147.80820606249918,12454.39
2026-09-25 09:13:14.597,60,71000,6457.65,-1.41,6455.694690322127,-158.90118894046012,6457.65
2026-09-25 09:13:14.706,60,72000,6179.09,-0.95,6178.2406503320135,-102.4484977199199,6179.09
2026-09-25 09:13:14.706,60,73000,6179.09,-0.95,6178.2406503320135,-102.4484977199199,6179.09
2026-09-25 09:13:14.706,60,74000,6011.63,0.61,6011.289299673011,64.00166042191313,6011.63
2026-09-25 09:13:14.707,60,75000,6129.08,-0.46,6128.88246986519,-49.206879388684804,6129.08
2026-09-25 09:13:14.707,60,76000,6169.3,-0.07,6169.295395773765,-7.537219952988769,6169.3
2026-09-25 09:13:14.707,60,77000,6169.3,-0.07,6169.295395773765,-7.537219952988769,6169.3
2026-09-25 09:13:14.809,60,78000,6327.94,1.56,6325.594640294151,172.2703987396101,6327.94
2026-09-25 09:13:14.810,60,79000,5999.31,-1.09,5998.224409733289,-114.12452225417972,5999.31
2026-09-25 09:13:14.810,60,80000,5999.31,-1.09,5998.224409733289,-114.12452225417972,5999.31
2026-09-25 09:13:14.810,60,81000,6145.39,0.54,6145.11706546347,57.918078780658846,6145.39
2026-09-25 09:13:14.810,60,82000,6041.64,-0.65,6041.251222038217,-68.53876145479315,6041.64
2026-09-25 09:13:14.925,60,83000,6006.68,-0.36,6006.561433279342,-37.74083519504364,6006.68
2026-09-25 09:13:14.926,60,84000,6006.68,-0.36,6006.561433279342,-37.74083519504364,6006.68
2026-09-25 09:13:14.926,60,85000,6038.82,0.03,6038.8191722116235,3.1619186135821904,6038.82
2026-09-25 09:13:14.926,60,86000,6038.82,0.03,6038.8191722116235,3.1619186135821904,6038.82
2026-09-25 09:13:14.926,60,87000,6177.18,-0.92,6176.383691558299,-99.18289697670055,6177.18
2026-09-25 09:13:14.926,60,88000,5902.11,-0.99,5901.228968121242,-101.97606536189092,5902.11
2026-09-25 09:13:15.036,60,89000,5983.24,0.13,5983.2245990439515,13.575529283924377,5983.24
2026-09-25 09:13:15.036,60,90000,5983.24,0.13,5983.2245990439515,13.575529283924377,5983.24
2026-09-25 09:13:15.036,60,91000,5887.33,-1.25,5885.928974888361,-128.43142711052272,5887.33
2026-09-25 09:13:15.037,60,92000,6029.49,-2.13,6025.324045636468,-224.09775807665443,6029.49
2026-09-25 09:13:15.037,60,93000,6146.82,-0.46,6146.621898134262,-49.349303706911236,6146.82
2026-09-25 09:13:15.037,60,94000,6058.94,-1.8,6055.950278862346,-190.31590460883461,6058.94
2026-09-25 09:13:15.136,60,95000,6972.03,-1.5,6969.640859449334,-182.50646891094084,6972.03
2026-09-25 09:13:15.136,60,96000,6180.94,0.04,6180.938493742465,4.315109804206681,6180.94
2026-09-25 09:13:15.136,60,97000,6337.28,-2.63,6330.604821617306,-290.79269405492886,6337.28
2026-09-25 09:13:15.137,60,98000,6683.99,-1.84,6680.543654195049,-214.61315079524203,6683.99
2026-09-25 09:13:15.137,60,99000,6274.08,0.17,6274.0523832660765,18.615542787191693,6274.08
2026-09-25 09:13:15.246,60,100000,6196.93,-1.2,6195.570910845775,-129.77871004777123,6196.93
2026-09-25 09:13:25.486,61,10000,5976.39,0.06,5976.386723077798,6.258459829134157,5976.39
2026-09-25 09:13:25.596,61,11000,5976.39,0.06,5976.386723077798,6.258459829134157,5976.39
2026-09-25 09:13:25.596,61,12000,5976.39,0.06,5976.386723077798,6.258459829134157,5976.39
2026-09-25 09:13:25.596,61,13000,5809.52,0.21,5809.480978577797,21.29295523801472,5809.52
2026-09-25 09:13:25.597,61,14000,5809.52,0.21,5809.480978577797,21.29295523801472,5809.52
2026-09-25 09:13:25.702,61,15000,5833.86,-1.29,5832.381430249114,-131.33678725054773,5833.86
2026-09-25 09:13:25.703,61,16000,5833.86,-1.29,5832.381430249114,-131.33678725054773,5833.86
2026-09-25 09:13:25.703,61,17000,5801.38,0.62,5801.040347203934,62.77574780169588,5801.38
2026-09-25 09:13:25.703,61,18000,6019.59,-0.61,6019.248848551667,-64.08640502811119,6019.59
2026-09-25 09:13:25.704,61,19000,6019.59,-0.61,6019.248848551667,-64.08640502811119,6019.59
2026-09-25 09:13:25.823,61,20000,6017.22,-0.43,6017.05054456503,-45.15830543419481,6017.22
2026-09-25 09:13:25.824,61,21000,6017.22,-0.43,6017.05054456503,-45.15830543419481,6017.22
2026-09-25 09:13:25.824,61,22000,6017.22,-0.43,6017.05054456503,-45.15830543419481,6017.22
2026-09-25 09:13:25.824,61,23000,6005.22,0.06,6005.216707269982,6.288650529017186,6005.22
2026-09-25 09:13:25.825,61,24000,6005.22,0.06,6005.216707269982,6.288650529017186,6005.22
2026-09-25 09:13:25.935,61,25000,5903.21,-1.77,5900.393401352357,-182.33489347233845,5903.21
2026-09-25 09:13:25.936,61,26000,5903.21,-1.77,5900.393401352357,-182.33489347233845,5903.21
2026-09-25 09:13:25.936,61,27000,5840.04,0.41,5839.890477544181,41.79009318972229,5840.04
2026-09-25 09:13:25.936,61,28000,5887.11,-1.07,5886.083445943295,-109.93552425081761,5887.11
2026-09-25 09:13:25.936,61,29000,5887.11,-1.07,5886.083445943295,-109.93552425081761,5887.11
2026-09-25 09:13:26.040,61,30000,5879.24,-0.75,5878.736311246204,-76.95687386687109,5879.24
2026-09-25 09:13:26.040,61,31000,6076.18,-0.09,6076.1725038149325,-9.54443729995097,6076.18
2026-09-25 09:13:26.040,61,32000,6076.18,-0.09,6076.1725038149325,-9.54443729995097,6076.18
2026-09-25 09:13:26.040,61,33000,5908.85,-0.24,5908.798161842938,-24.75086062178822,5908.85
2026-09-25 09:13:26.041,61,34000,5908.85,-0.24,5908.798161842938,-24.75086062178822,5908.85
2026-09-25 09:13:26.156,61,35000,5971.57,-1.72,5968.879471815419,-179.2375960575491,5971.57
2026-09-25 09:13:26.156,61,36000,5971.57,-1.72,5968.879471815419,-179.2375960575491,5971.57
2026-09-25 09:13:26.156,61,37000,5894.18,0.11,5894.169137410421,11.316006296012786,5894.18
2026-09-25 09:13:26.157,61,38000,5959.92,-1.34,5958.290122476063,-139.37439795094028,5959.92
2026-09-25 09:13:26.157,61,39000,5810.39,-2.01,5806.814987228392,-203.79317014985955,5810.39
2026-09-25 09:13:26.157,61,40000,5899.88,0.74,5899.387931776392,76.19740685262477,5899.88
2026-09-25 09:13:26.273,61,41000,5944.26,-0.16,5944.236822733223,-16.59948380075053,5944.26
2026-09-25 09:13:26.273,61,42000,5944.26,-0.16,5944.236822733223,-16.59948380075053,5944.26
2026-09-25 09:13:26.274,61,43000,5944.26,-0.16,5944.236822733223,-16.59948380075053,5944.26
2026-09-25 09:13:26.274,61,44000,5787.2,-0.53,5786.952404998185,-53.53225462952742,5787.2
2026-09-25 09:13:26.274,61,45000,5787.2,-0.53,5786.952404998185,-53.53225462952742,5787.2
2026-09-25 09:13:26.274,61,46000,5866.01,-1.94,5862.6477538397785,-198.5815562870926,5866.01
2026-09-25 09:13:26.390,61,47000,6047.72,-1.01,6046.780389379955,-106.60263134657818,6047.72
2026-09-25 09:13:26.390,61,48000,5941.2,0.8,5940.620875644078,82.95210583092988,5941.2
2026-09-25 09:13:26.391,61,49000,5963.14,-0.87,5962.452567744758,-90.54301184486563,5963.14
2026-09-25 09:13:26.391,61,50000,5963.14,-0.87,5962.452567744758,-90.54301184486563,5963.14
2026-09-25 09:13:26.391,61,51000,5854.43,0.87,5853.755099860467,88.89238301212728,5854.43
2026-09-25 09:13:26.392,61,52000,5944.23,-0.53,5943.975686750477,-54.98479989225805,5944.23
2026-09-25 09:13:26.496,61,53000,6152.77,0.74,6152.256839968921,79.46350077639275,6152.77
2026-09-25 09:13:26.496,61,54000,6019.21,-0.08,6019.204132621052,-8.404399898715091,6019.21
2026-09-25 09:13:26.496,61,55000,6033.19,-0.27,6033.123011775566,-28.43063284763234,6033.19
2026-09-25 09:13:26.497,61,56000,6033.19,-0.27,6033.123011775566,-28.43063284763234,6033.19
2026-09-25 09:13:26.497,61,57000,6033.19,-0.27,6033.123011775566,-28.43063284763234,6033.19
2026-09-25 09:13:26.606,61,58000,6160.4,-1.27,6158.886705992981,-136.53828306717693,6160.4
2026-09-25 09:13:26.606,61,59000,6030.07,0.39,6029.930307004436,41.04506754019405,6030.07
2026-09-25 09:13:26.607,61,60000,6030.07,0.39,6029.930307004436,41.04506754019405,6030.07
2026-09-25 09:13:26.607,61,61000,6131.77,-0.86,6131.079284273073,-92.03337904031727,6131.77
2026-09-25 09:13:26.607,61,62000,6001.94,-1.84,5998.845327395677,-192.7135220555379,6001.94
2026-09-25 09:13:26.607,61,63000,6169.09,-0.62,6168.728818924517,-66.75467526794729,6169.09
2026-09-25 09:13:26.713,61,64000,6027.13,1.01,6026.193588367782,106.23969321792374,6027.13
2026-09-25 09:13:26.714,61,65000,6004.49,-0.97,6003.629533511692,-101.64932093321528,6004.49
2026-09-25 09:13:26.714,61,66000,6004.49,-0.97,6003.629533511692,-101.64932093321528,6004.49
2026-09-25 09:13:26.714,61,67000,6004.49,-0.97,6003.629533511692,-101.64932093321528,6004.49
2026-09-25 09:13:26.714,61,68000,6136.85,0.75,6136.324241172545,80.32888458200514,6136.85
2026-09-25 09:13:26.715,61,69000,6015.81,-0.3,6015.727536764993,-31.498563576692224,6015.81
2026-09-25 09:13:26.836,61,70000,6015.81,-0.3,6015.727536764993,-31.498563576692224,6015.81
2026-09-25 09:13:26.836,61,71000,6125.39,-1.38,6123.613375436239,-147.51908445485492,6125.39
2026-09-25 09:13:26.836,61,72000,6012.24,-2.45,6006.744249076957,-257.00845079666317,6012.24
2026-09-25 09:13:26.837,61,73000,6011.63,0.61,6011.289299673011,64.00166042191313,6011.63
2026-09-25 09:13:26.837,61,74000,6011.63,0.61,6011.289299673011,64.00166042191313,6011.63
2026-09-25 09:13:26.837,61,75000,6129.08,-0.46,6128.88246986519,-49.206879388684804,6129.08
2026-09-25 09:13:26.952,61,76000,6018.53,-1.58,6016.241758691644,-165.9471659139853,6018.53
2026-09-25 09:13:26.952,61,77000,6009.34,1.27,6007.863813679608,133.19020939661533,6009.34
2026-09-25 09:13:26.953,61,78000,6009.34,1.27,6007.863813679608,133.19020939661533,6009.34
2026-09-25 09:13:26.953,61,79000,5999.31,-1.09,5998.224409733289,-114.12452225417972,5999.31
2026-09-25 09:13:26.953,61,80000,5999.31,-1.09,5998.224409733289,-114.12452225417972,5999.31
2026-09-25 09:13:26.953,61,81000,6145.39,0.54,6145.11706546347,57.918078780658846,6145.39
2026-09-25 09:13:27.059,61,82000,6041.64,-0.65,6041.251222038217,-68.53876145479315,6041.64
2026-09-25 09:13:27.060,61,83000,6006.68,-0.36,6006.561433279342,-37.74083519504364,6006.68
2026-09-25 09:13:27.060,61,84000,6006.68,-0.36,6006.561433279342,-37.74083519504364,6006.68
2026-09-25 09:13:27.060,61,85000,6038.82,0.03,6038.8191722116235,3.1619186135821904,6038.82
2026-09-25 09:13:27.061,61,86000,6038.82,0.03,6038.8191722116235,3.1619186135821904,6038.82
2026-09-25 09:13:27.061,61,87000,6177.18,-0.92,6176.383691558299,-99.18289697670055,6177.18
2026-09-25 09:13:27.173,61,88000,6079.33,-2.22,6074.767193271985,-235.4926675002982,6079.33
2026-09-25 09:13:27.173,61,89000,5983.24,0.13,5983.2245990439515,13.575529283924377,5983.24
2026-09-25 09:13:27.174,61,90000,5983.24,0.13,5983.2245990439515,13.575529283924377,5983.24
2026-09-25 09:13:27.174,61,91000,5887.33,-1.25,5885.928974888361,-128.43142711052272,5887.33
2026-09-25 09:13:27.174,61,92000,6029.49,-2.13,6025.324045636468,-224.09775807665443,6029.49
2026-09-25 09:13:27.174,61,93000,6146.82,-0.46,6146.621898134262,-49.349303706911236,6146.82
2026-09-25 09:13:27.286,61,94000,6058.94,-1.8,6055.950278862346,-190.31590460883461,6058.94
2026-09-25 09:13:27.286,61,95000,5898.34,-0.84,5897.70612250077,-86.47108312571869,5898.34
2026-09-25 09:13:27.286,61,96000,5898.34,-0.84,5897.70612250077,-86.47108312571869,5898.34
2026-09-25 09:13:27.286,61,97000,6162.75,-1.69,6160.069343222587,-181.75051358728936,6162.75
2026-09-25 09:13:27.287,61,98000,6162.75,-1.69,6160.069343222587,-181.75051358728936,6162.75
2026-09-25 09:13:27.287,61,99000,6162.75,-1.69,6160.069343222587,-181.75051358728936,6162.75
2026-09-25 09:13:27.396,61,100000,6196.93,-1.2,6195.570910845775,-129.77871004777123,6196.93
2026-09-25 09:13:37.659,62,10000,87352.29,2.83,87245.75713427279,4312.821618336236,87352.29
2026-09-25 09:13:37.763,62,11000,87352.29,2.83,87245.75713427279,4312.821618336236,87352.29
2026-09-25 09:13:37.764,62,12000,87352.29,2.83,87245.75713427279,4312.821618336236,87352.29
2026-09-25 09:13:37.764,62,13000,85284.41,1.11,85268.406065578,1652.124717991978,85284.41
2026-09-25 09:13:37.764,62,14000,85284.41,1.11,85268.406065578,1652.124717991978,85284.41
2026-09-25 09:13:37.872,62,15000,85641.68,-0.38,85639.7964570884,-567.9929672676393,85641.68
2026-09-25 09:13:37.872,62,16000,167149.72,8.87,165150.73245575992,25773.328566648193,167149.72
2026-09-25 09:13:37.872,62,17000,85641.68,-0.38,85639.7964570884,-567.9929672676393,85641.68
2026-09-25 09:13:37.872,62,18000,86085.67,-1.96,86035.3053994184,-2944.2833045934717,86085.67
2026-09-25 09:13:37.873,62,19000,86085.67,-1.96,86035.3053994184,-2944.2833045934717,86085.67
2026-09-25 09:13:37.979,62,20000,86652.13,-3.69,86472.48853053569,-5576.7697525785625,86652.13
2026-09-25 09:13:37.979,62,21000,86652.13,-3.69,86472.48853053569,-5576.7697525785625,86652.13
2026-09-25 09:13:37.979,62,22000,86652.13,-3.69,86472.48853053569,-5576.7697525785625,86652.13
2026-09-25 09:13:37.979,62,23000,87221.56,-5.2,86862.59082694678,-7905.115031675494,87221.56
2026-09-25 09:13:37.980,62,24000,87221.56,-5.2,86862.59082694678,-7905.115031675494,87221.56
2026-09-25 09:13:38.090,62,25000,85739.92,-7.03,85095.34485376539,-10493.625008791952,85739.92
2026-09-25 09:13:38.091,62,26000,85739.92,-7.03,85095.34485376539,-10493.625008791952,85739.92
2026-09-25 09:13:38.091,62,27000,85739.92,-7.03,85095.34485376539,-10493.625008791952,85739.92
2026-09-25 09:13:38.091,62,28000,86431.01,-8.51,85479.40896105145,-12790.235857458465,86431.01
2026-09-25 09:13:38.092,62,29000,168690.27,0.74,168676.20071020108,2178.647893731588,168690.27
2026-09-25 09:13:38.207,62,30000,87240.07,-10.08,85893.46146383129,-15269.02391661721,87240.07
2026-09-25 09:13:38.208,62,31000,87240.07,-10.08,85893.46146383129,-15269.02391661721,87240.07
2026-09-25 09:13:38.208,62,32000,87240.07,-10.08,85893.46146383129,-15269.02391661721,87240.07
2026-09-25 09:13:38.208,62,33000,85843.62,-12.05,83952.1237465873,-17921.16104336136,85843.62
2026-09-25 09:13:38.208,62,34000,85843.62,-12.05,83952.1237465873,-17921.16104336136,85843.62
2026-09-25 09:13:38.209,62,35000,86754.77,-13.53,84347.1130523283,-20296.66567420987,86754.77
2026-09-25 09:13:38.313,62,36000,86754.77,-13.53,84347.1130523283,-20296.66567420987,86754.77
2026-09-25 09:13:38.313,62,37000,9477.25,0.79,9476.34914606747,130.669140681092,9477.25
2026-09-25 09:13:38.313,62,38000,9123.81,-1.86,9119.002838420021,-296.13535585538193,9123.81
2026-09-25 09:13:38.314,62,39000,8282.2,-0.7,8281.581896601796,-101.18364431768411,8282.2
2026-09-25 09:13:38.314,62,40000,7771.5,0.64,7771.015174980944,86.80668301400453,7771.5
2026-09-25 09:13:38.424,62,41000,7501.25,-1.41,7498.978699028107,-184.58069786061904,7501.25
2026-09-25 09:13:38.424,62,42000,7829.96,-0.26,7829.879382331567,-35.531109453983035,7829.96
2026-09-25 09:13:38.424,62,43000,10262.73,0.08,10262.71999614136,14.32946964344828,10262.73
2026-09-25 09:13:38.424,62,44000,12607.75,-0.13,12607.717547448605,-28.606052795708944,12607.75
2026-09-25 09:13:38.425,62,45000,18714.35,0.56,18713.456134688633,182.90822175161614,18714.35
2026-09-25 09:13:38.425,62,46000,9490.97,-1.55,9487.497260154849,-256.72413103219947,9490.97
2026-09-25 09:13:38.529,62,47000,9490.97,-1.55,9487.497260154849,-256.72413103219947,9490.97
2026-09-25 09:13:38.529,62,48000,9964.65,-0.02,9964.649392918811,-3.4783189555399554,9964.65
2026-09-25 09:13:38.530,62,49000,8039.85,-1.93,8035.289145283483,-270.76996544936156,8039.85
2026-09-25 09:13:38.530,62,50000,8393.91,-0.5,8393.590385627578,-73.24975358515596,8393.91
2026-09-25 09:13:38.530,62,51000,86661.13,-21.74,80497.28894364643,-32098.877326162023,86661.13
2026-09-25 09:13:38.640,62,52000,87990.49,-23.14,80911.42368303989,-34578.43038692928,87990.49
2026-09-25 09:13:38.641,62,53000,87990.49,-23.14,80911.42368303989,-34578.43038692928,87990.49
2026-09-25 09:13:38.641,62,54000,86080.51,-23.96,78662.88279165416,-34957.18914281551,86080.51
2026-09-25 09:13:38.641,62,55000,87365.98,-25.21,79044.60858037396,-37212.42152475263,87365.98
2026-09-25 09:13:38.642,62,56000,87365.98,-25.21,79044.60858037396,-37212.42152475263,87365.98
2026-09-25 09:13:38.642,62,57000,87365.98,-25.21,79044.60858037396,-37212.42152475263,87365.98
2026-09-25 09:13:38.746,62,58000,86718.35,-27.35,77024.6820793463,-39840.564470124285,86718.35
2026-09-25 09:13:38.746,62,59000,86718.35,-27.35,77024.6820793463,-39840.564470124285,86718.35
2026-09-25 09:13:38.746,62,60000,86718.35,-27.35,77024.6820793463,-39840.564470124285,86718.35
2026-09-25 09:13:38.747,62,61000,88180.9,-28.6,77421.3289579172,-42211.478855874855,88180.9
2026-09-25 09:13:38.747,62,62000,86313.88,-29.58,75064.35852042315,-42607.83919153584,86313.88
2026-09-25 09:13:38.856,62,63000,86313.88,-29.58,75064.35852042315,-42607.83919153584,86313.88
2026-09-25 09:13:38.857,62,64000,86313.88,-29.58,75064.35852042315,-42607.83919153584,86313.88
2026-09-25 09:13:38.857,62,65000,85989.68,-31.57,73263.30846291859,-45019.02597313317,85989.68
2026-09-25 09:13:38.857,62,66000,85989.68,-31.57,73263.30846291859,-45019.02597313317,85989.68
2026-09-25 09:13:38.857,62,67000,167828.92,-22.31,155265.83053975066,-63710.81741092191,167828.92
2026-09-25 09:13:38.858,62,68000,87563.02,-32.73,73660.44645139395,-47343.64899436594,87563.02
2026-09-25 09:13:38.973,62,69000,85836.02,-33.79,71336.73242024495,-47737.75169656374,85836.02
2026-09-25 09:13:38.974,62,70000,85836.02,-33.79,71336.73242024495,-47737.75169656374,85836.02
2026-09-25 09:13:38.974,62,71000,87399.57,-34.87,71707.09417458904,-49967.76442088958,87399.57
2026-09-25 09:13:38.974,62,72000,85785.12,-35.93,69463.17172872376,-50338.40071754597,85785.12
2026-09-25 09:13:38.974,62,73000,85785.12,-35.93,69463.17172872376,-50338.40071754597,85785.12
2026-09-25 09:13:38.975,62,74000,85785.12,-35.93,69463.17172872376,-50338.40071754597,85785.12
2026-09-25 09:13:39.080,62,75000,73091.39,-11.99,71496.81897297315,-15184.076161492518,73091.39
2026-09-25 09:13:39.080,62,76000,85883.47,-38.12,67566.20812328039,-53016.77035695837,85883.47
2026-09-25 09:13:39.080,62,77000,85883.47,-38.12,67566.20812328039,-53016.77035695837,85883.47
2026-09-25 09:13:39.081,62,78000,85883.47,-38.12,67566.20812328039,-53016.77035695837,85883.47
2026-09-25 09:13:39.081,62,79000,85740.21,-40.48,65216.800520559955,-55661.05048151348,85740.21
2026-09-25 09:13:39.081,62,80000,85740.21,-40.48,65216.800520559955,-55661.05048151348,85740.21
2026-09-25 09:13:39.189,62,81000,85740.21,-40.48,65216.800520559955,-55661.05048151348,85740.21
2026-09-25 09:13:39.190,62,82000,84292.6,-41.67,62965.4252913767,-56041.03525664084,84292.6
2026-09-25 09:13:39.190,62,83000,6170.62,-1.61,6168.184003178383,-173.3703761727879,6170.62
2026-09-25 09:13:39.190,62,84000,6312.41,0.02,6312.409615425994,2.203446719969088,6312.41
2026-09-25 09:13:39.190,62,85000,6211.2,-1.2,6209.83778119896,-130.07755837950674,6211.2
2026-09-25 09:13:39.190,62,86000,6038.82,0.03,6038.8191722116235,3.1619186135821904,6038.82
2026-09-25 09:13:39.304,62,87000,6177.18,-0.92,6176.383691558299,-99.18289697670055,6177.18
2026-09-25 09:13:39.304,62,88000,6168.1,-1.08,6167.004251720068,-116.25906100860917,6168.1
2026-09-25 09:13:39.304,62,89000,6168.1,-1.08,6167.004251720068,-116.25906100860917,6168.1
2026-09-25 09:13:39.305,62,90000,6168.1,-1.08,6167.004251720068,-116.25906100860917,6168.1
2026-09-25 09:13:39.305,62,91000,6069.22,-2.47,6063.5812314854875,-261.5608104761565,6069.22
2026-09-25 09:13:39.305,62,92000,6344.56,-1.65,6341.929343627274,-182.68495843758967,6344.56
2026-09-25 09:13:39.434,62,93000,6146.82,-0.46,6146.621898134262,-49.349303706911236,6146.82
2026-09-25 09:13:39.434,62,94000,6058.94,-1.8,6055.950278862346,-190.31590460883461,6058.94
2026-09-25 09:13:39.434,62,95000,6180.94,0.04,6180.938493742465,4.315109804206681,6180.94
2026-09-25 09:13:39.434,62,96000,6180.94,0.04,6180.938493742465,4.315109804206681,6180.94
2026-09-25 09:13:39.435,62,97000,6337.28,-2.63,6330.604821617306,-290.79269405492886,6337.28
2026-09-25 09:13:39.435,62,98000,6337.28,-2.63,6330.604821617306,-290.79269405492886,6337.28
2026-09-25 09:13:39.552,62,99000,6458.53,-0.73,6458.005798491925,-82.2852814583491,6458.53
2026-09-25 09:13:39.552,62,100000,6379.1,-2.1,6374.815756753426,-233.75388220999315,6379.1
2026-09-25 09:13:49.822,63,10000,6173.26,0.28,6173.186285231416,30.168119443331534,6173.26
2026-09-25 09:13:49.941,63,11000,6173.26,0.28,6173.186285231416,30.168119443331534,6173.26
2026-09-25 09:13:49.941,63,12000,6173.26,0.28,6173.186285231416,30.168119443331534,6173.26
2026-09-25 09:13:49.941,63,13000,6027.12,-1.44,6025.216570913162,-151.46210084844816,6027.12
2026-09-25 09:13:49.942,63,14000,5999.15,0.49,5998.930616493573,51.30478531323712,5999.15
2026-09-25 09:13:49.942,63,15000,6024.28,-1.01,6023.344031161143,-106.18945651726006,6024.28
2026-09-25 09:13:50.046,63,16000,6024.28,-1.01,6023.344031161143,-106.18945651726006,6024.28
2026-09-25 09:13:50.046,63,17000,5988.54,0.96,5987.6994220369725,100.33425605496963,5988.54
2026-09-25 09:13:50.046,63,18000,6019.59,-0.61,6019.248848551667,-64.08640502811119,6019.59
2026-09-25 09:13:50.046,63,19000,6019.59,-0.61,6019.248848551667,-64.08640502811119,6019.59
2026-09-25 09:13:50.046,63,20000,6017.22,-0.43,6017.05054456503,-45.15830543419481,6017.22
2026-09-25 09:13:50.165,63,21000,6017.22,-0.43,6017.05054456503,-45.15830543419481,6017.22
2026-09-25 09:13:50.165,63,22000,6017.22,-0.43,6017.05054456503,-45.15830543419481,6017.22
2026-09-25 09:13:50.166,63,23000,6056.76,-1.94,6053.288420842552,-205.0390004206285,6056.76
2026-09-25 09:13:50.166,63,24000,6005.22,0.06,6005.216707269982,6.288650529017186,6005.22
2026-09-25 09:13:50.166,63,25000,5903.21,-1.77,5900.393401352357,-182.33489347233845,5903.21
2026-09-25 09:13:50.283,63,26000,6110.07,-1.24,6108.639139336914,-132.22431796444903,6110.07
2026-09-25 09:13:50.284,63,27000,6040.1,1.01,6039.161573269573,106.46831427322478,6040.1
2026-09-25 09:13:50.284,63,28000,6088.79,-0.48,6088.57633387693,-51.00873115223116,6088.79
2026-09-25 09:13:50.284,63,29000,6088.79,-0.48,6088.57633387693,-51.00873115223116,6088.79
2026-09-25 09:13:50.285,63,30000,6076.18,-0.09,6076.1725038149325,-9.54443729995097,6076.18
2026-09-25 09:13:50.285,63,31000,6076.18,-0.09,6076.1725038149325,-9.54443729995097,6076.18
2026-09-25 09:13:50.386,63,32000,6076.18,-0.09,6076.1725038149325,-9.54443729995097,6076.18
2026-09-25 09:13:50.386,63,33000,5978.92,-2.06,5975.056017607417,-214.91847955304385,5978.92
2026-09-25 09:13:50.386,63,34000,5908.85,-0.24,5908.798161842938,-24.75086062178822,5908.85
2026-09-25 09:13:50.386,63,35000,5971.57,-1.72,5968.879471815419,-179.2375960575491,5971.57
2026-09-25 09:13:50.386,63,36000,6166.16,-0.99,6165.239552307646,-106.53829481183463,6166.16
2026-09-25 09:13:50.496,63,37000,6081.05,0.89,6080.31637420252,94.4557679801509,6081.05
2026-09-25 09:13:50.496,63,38000,6148.88,-0.56,6148.586307163447,-60.0972358945984,6148.88
2026-09-25 09:13:50.497,63,39000,5994.62,-1.23,5993.238725667199,-128.67991903557595,5994.62
2026-09-25 09:13:50.497,63,40000,5994.62,-1.23,5993.238725667199,-128.67991903557595,5994.62
2026-09-25 09:13:50.497,63,41000,5944.26,-0.16,5944.236822733223,-16.59948380075053,5944.26
2026-09-25 09:13:50.602,63,42000,5944.26,-0.16,5944.236822733223,-16.59948380075053,5944.26
2026-09-25 09:13:50.603,63,43000,5944.26,-0.16,5944.236822733223,-16.59948380075053,5944.26
2026-09-25 09:13:50.603,63,44000,6064.42,-1.38,6062.661059338758,-146.0507308350507,6064.42
2026-09-25 09:13:50.603,63,45000,5966.46,0.4,5966.31460157851,41.65341031737569,5966.46
2026-09-25 09:13:50.603,63,46000,6047.72,-1.01,6046.780389379955,-106.60263134657818,6047.72
2026-09-25 09:13:50.604,63,47000,6047.72,-1.01,6046.780389379955,-106.60263134657818,6047.72
2026-09-25 09:13:50.723,63,48000,6047.72,-1.01,6046.780389379955,-106.60263134657818,6047.72
2026-09-25 09:13:50.724,63,49000,5963.14,-0.87,5962.452567744758,-90.54301184486563,5963.14
2026-09-25 09:13:50.724,63,50000,6180.62,0.36,6180.497999852658,38.83372525641296,6180.62
2026-09-25 09:13:50.724,63,51000,6180.62,0.36,6180.497999852658,38.83372525641296,6180.62
2026-09-25 09:13:50.725,63,52000,6152.77,0.74,6152.256839968921,79.46350077639275,6152.77
2026-09-25 09:13:50.725,63,53000,6152.77,0.74,6152.256839968921,79.46350077639275,6152.77
2026-09-25 09:13:50.835,63,54000,6019.21,-0.08,6019.204132621052,-8.404399898715091,6019.21
2026-09-25 09:13:50.836,63,55000,6109.1,-1.34,6107.429325765869,-142.86301402067298,6109.1
2026-09-25 09:13:50.836,63,56000,6206.41,0.86,6205.710876419899,93.15367080135351,6206.41
2026-09-25 09:13:50.836,63,57000,6206.41,0.86,6205.710876419899,93.15367080135351,6206.41
2026-09-25 09:13:50.836,63,58000,6160.4,-1.27,6158.886705992981,-136.53828306717693,6160.4
2026-09-25 09:13:50.837,63,59000,6160.4,-1.27,6158.886705992981,-136.53828306717693,6160.4
2026-09-25 09:13:50.946,63,60000,6030.07,0.39,6029.930307004436,41.04506754019405,6030.07
2026-09-25 09:13:50.947,63,61000,6131.77,-0.86,6131.079284273073,-92.03337904031727,6131.77
2026-09-25 09:13:50.947,63,62000,6169.09,-0.62,6168.728818924517,-66.75467526794729,6169.09
2026-09-25 09:13:50.947,63,63000,6169.09,-0.62,6168.728818924517,-66.75467526794729,6169.09
2026-09-25 09:13:50.947,63,64000,6169.09,-0.62,6168.728818924517,-66.75467526794729,6169.09
2026-09-25 09:13:51.056,63,65000,6004.49,-0.97,6003.629533511692,-101.64932093321528,6004.49
2026-09-25 09:13:51.056,63,66000,6004.49,-0.97,6003.629533511692,-101.64932093321528,6004.49
2026-09-25 09:13:51.057,63,67000,6173.34,0.4,6173.189560058841,43.097693447817974,6173.34
2026-09-25 09:13:51.057,63,68000,6286.3,-0.77,6285.732331551574,-84.4792642440482,6286.3
2026-09-25 09:13:51.057,63,69000,6015.81,-0.3,6015.727536764993,-31.498563576692224,6015.81
2026-09-25 09:13:51.057,63,70000,6015.81,-0.3,6015.727536764993,-31.498563576692224,6015.81
2026-09-25 09:13:51.173,63,71000,6125.39,-1.38,6123.613375436239,-147.51908445485492,6125.39
2026-09-25 09:13:51.174,63,72000,6179.09,-0.95,6178.2406503320135,-102.4484977199199,6179.09
2026-09-25 09:13:51.174,63,73000,6179.09,-0.95,6178.2406503320135,-102.4484977199199,6179.09
2026-09-25 09:13:51.174,63,74000,6011.63,0.61,6011.289299673011,64.00166042191313,6011.63
2026-09-25 09:13:51.175,63,75000,6129.08,-0.46,6128.88246986519,-49.206879388684804,6129.08
2026-09-25 09:13:51.175,63,76000,6169.3,-0.07,6169.295395773765,-7.537219952988769,6169.3
2026-09-25 09:13:51.286,63,77000,6169.3,-0.07,6169.295395773765,-7.537219952988769,6169.3
2026-09-25 09:13:51.286,63,78000,6169.3,-0.07,6169.295395773765,-7.537219952988769,6169.3
2026-09-25 09:13:51.286,63,79000,5999.31,-1.09,5998.224409733289,-114.12452225417972,5999.31
2026-09-25 09:13:51.287,63,80000,6145.39,0.54,6145.11706546347,57.918078780658846,6145.39
2026-09-25 09:13:51.287,63,81000,6145.39,0.54,6145.11706546347,57.918078780658846,6145.39
2026-09-25 09:13:51.287,63,82000,6041.64,-0.65,6041.251222038217,-68.53876145479315,6041.64
2026-09-25 09:13:51.387,63,83000,6170.62,-1.61,6168.184003178383,-173.3703761727879,6170.62
2026-09-25 09:13:51.387,63,84000,6006.68,-0.36,6006.561433279342,-37.74083519504364,6006.68
2026-09-25 09:13:51.388,63,85000,6038.82,0.03,6038.8191722116235,3.1619186135821904,6038.82
2026-09-25 09:13:51.388,63,86000,6038.82,0.03,6038.8191722116235,3.1619186135821904,6038.82
2026-09-25 09:13:51.388,63,87000,6177.18,-0.92,6176.383691558299,-99.18289697670055,6177.18
2026-09-25 09:13:51.388,63,88000,6079.33,-2.22,6074.767193271985,-235.4926675002982,6079.33
2026-09-25 09:13:51.496,63,89000,6168.1,-1.08,6167.004251720068,-116.25906100860917,6168.1
2026-09-25 09:13:51.496,63,90000,5983.24,0.13,5983.2245990439515,13.575529283924377,5983.24
2026-09-25 09:13:51.497,63,91000,5887.33,-1.25,5885.928974888361,-128.43142711052272,5887.33
2026-09-25 09:13:51.497,63,92000,6029.49,-2.13,6025.324045636468,-224.09775807665443,6029.49
2026-09-25 09:13:51.497,63,93000,6146.82,-0.46,6146.621898134262,-49.349303706911236,6146.82
2026-09-25 09:13:51.606,63,94000,6058.94,-1.8,6055.950278862346,-190.31590460883461,6058.94
2026-09-25 09:13:51.607,63,95000,6058.94,-1.8,6055.950278862346,-190.31590460883461,6058.94
2026-09-25 09:13:51.607,63,96000,6180.94,0.04,6180.938493742465,4.315109804206681,6180.94
2026-09-25 09:13:51.607,63,97000,6162.75,-1.69,6160.069343222587,-181.75051358728936,6162.75
2026-09-25 09:13:51.607,63,98000,6162.75,-1.69,6160.069343222587,-181.75051358728936,6162.75
2026-09-25 09:13:51.608,63,99000,6162.75,-1.69,6160.069343222587,-181.75051358728936,6162.75
2026-09-25 09:13:51.713,63,100000,6196.93,-1.2,6195.570910845775,-129.77871004777123,6196.93
2026-09-25 09:14:01.969,64,10000,6427.17,-1.57,6424.757225928217,-176.0931480301252,6427.17
2026-09-25 09:14:02.079,64,11000,6401.83,0.54,6401.545676221688,60.33493306045429,6401.83
2026-09-25 09:14:02.080,64,12000,6401.83,0.54,6401.545676221688,60.33493306045429,6401.83
2026-09-25 09:14:02.080,64,13000,6250.28,-1.18,6248.95452092233,-128.714699410644,6250.28
2026-09-25 09:14:02.080,64,14000,6219.1,0.82,6218.463098060327,89.00285423495941,6219.1
2026-09-25 09:14:02.196,64,15000,6245.15,-0.68,6244.710174564688,-74.11719225840982,6245.15
2026-09-25 09:14:02.196,64,16000,6245.15,-0.68,6244.710174564688,-74.11719225840982,6245.15
2026-09-25 09:14:02.197,64,17000,6245.15,-0.68,6244.710174564688,-74.11719225840982,6245.15
2026-09-25 09:14:02.197,64,18000,6463.96,0.19,6463.924458954126,21.435263810065567,6463.96
2026-09-25 09:14:02.197,64,19000,6463.96,0.19,6463.924458954126,21.435263810065567,6463.96
2026-09-25 09:14:02.313,64,20000,6506.5,-1.53,6504.1803138582745,-173.7259186721465,6506.5
2026-09-25 09:14:02.313,64,21000,6506.5,-1.53,6504.1803138582745,-173.7259186721465,6506.5
2026-09-25 09:14:02.314,64,22000,6454.6,0.51,6454.344299511402,57.4527924879793,6454.6
2026-09-25 09:14:02.314,64,23000,6497.02,-1.0,6496.030472384978,-113.38863367115972,6497.02
2026-09-25 09:14:02.314,64,24000,6497.02,-1.0,6496.030472384978,-113.38863367115972,6497.02
2026-09-25 09:14:02.314,64,25000,6324.23,-0.69,6323.77140921021,-76.15941803553093,6324.23
2026-09-25 09:14:02.424,64,26000,6324.23,-0.69,6323.77140921021,-76.15941803553093,6324.23
2026-09-25 09:14:02.424,64,27000,6557.1,-0.09,6557.0919105037865,-10.299864358776155,6557.1
2026-09-25 09:14:02.424,64,28000,6609.95,-1.57,6607.468609905171,-181.10099838991752,6609.95
2026-09-25 09:14:02.425,64,29000,6523.0,0.82,6522.331975470327,93.35203135094149,6523.0
2026-09-25 09:14:02.425,64,30000,6584.06,-0.75,6583.495927606917,-86.18268261746609,6584.06
2026-09-25 09:14:02.526,64,31000,6584.06,-0.75,6583.495927606917,-86.18268261746609,6584.06
2026-09-25 09:14:02.526,64,32000,6584.06,-0.75,6583.495927606917,-86.18268261746609,6584.06
2026-09-25 09:14:02.526,64,33000,6394.68,-0.65,6394.268504006089,-72.54378729943139,6394.68
2026-09-25 09:14:02.526,64,34000,6394.68,-0.65,6394.268504006089,-72.54378729943139,6394.68
2026-09-25 09:14:02.526,64,35000,6462.55,-2.13,6458.08483157414,-240.193277782745,6462.55
2026-09-25 09:14:02.640,64,36000,6462.55,-2.13,6458.08483157414,-240.193277782745,6462.55
2026-09-25 09:14:02.641,64,37000,6643.51,0.81,6642.846126799602,93.91728149563086,6643.51
2026-09-25 09:14:02.641,64,38000,6717.62,-0.64,6717.200921283598,-75.03497522338508,6717.62
2026-09-25 09:14:02.641,64,39000,6549.08,-1.31,6547.36829583578,-149.72389617048492,6549.08
2026-09-25 09:14:02.641,64,40000,6549.08,-1.31,6547.36829583578,-149.72389617048492,6549.08
2026-09-25 09:14:02.642,64,41000,6492.98,-0.21,6492.936387909166,-23.797961363645328,6492.98
2026-09-25 09:14:02.756,64,42000,6492.98,-0.21,6492.936387909166,-23.797961363645328,6492.98
2026-09-25 09:14:02.757,64,43000,6716.82,0.75,6716.244553735642,87.92045732551776,6716.82
2026-09-25 09:14:02.757,64,44000,6640.2,-1.37,6638.301868300006,-158.7587645600802,6640.2
2026-09-25 09:14:02.757,64,45000,6511.13,0.76,6510.557201432991,86.3643663151278,6511.13
2026-09-25 09:14:02.757,64,46000,6599.81,-0.64,6599.398270860321,-73.71905225794985,6599.81
2026-09-25 09:14:02.863,64,47000,6599.81,-0.64,6599.398270860321,-73.71905225794985,6599.81
2026-09-25 09:14:02.863,64,48000,6823.88,0.44,6823.678785469717,52.403121381601764,6823.88
2026-09-25 09:14:02.863,64,49000,6849.09,-1.23,6847.5118395461195,-147.02188740360072,6849.09
2026-09-25 09:14:02.864,64,50000,6713.5,0.68,6713.0271902100085,79.67555146422974,6713.5
2026-09-25 09:14:02.864,64,51000,6713.5,0.68,6713.0271902100085,79.67555146422974,6713.5
2026-09-25 09:14:02.864,64,52000,6816.49,-0.72,6815.95179860487,-85.6562852044742,6816.49
2026-09-25 09:14:02.975,64,53000,6816.49,-0.72,6815.95179860487,-85.6562852044742,6816.49
2026-09-25 09:14:02.976,64,54000,6901.63,-0.28,6901.547587780476,-33.727592583769386,6901.63
2026-09-25 09:14:02.976,64,55000,6844.35,0.42,6844.1661119169175,50.17125659257153,6844.35
2026-09-25 09:14:02.976,64,56000,6844.35,0.42,6844.1661119169175,50.17125659257153,6844.35
2026-09-25 09:14:02.976,64,57000,6844.35,0.42,6844.1661119169175,50.17125659257153,6844.35
2026-09-25 09:14:02.977,64,58000,6793.61,-1.72,6790.549096555837,-203.911253648961,6793.61
2026-09-25 09:14:03.080,64,59000,6634.35,0.15,6634.327264453973,17.368667843941566,6634.35
2026-09-25 09:14:03.080,64,60000,6634.35,0.15,6634.327264453973,17.368667843941566,6634.35
2026-09-25 09:14:03.080,64,61000,6746.24,-1.1,6744.996749743521,-129.51055381448242,6746.24
2026-09-25 09:14:03.081,64,62000,6505.54,-0.97,6504.607731121487,-110.13153878245602,6505.54
2026-09-25 09:14:03.081,64,63000,6715.71,0.5,6715.454286341286,58.60488171178482,6715.71
2026-09-25 09:14:03.191,64,64000,6715.71,0.5,6715.454286341286,58.60488171178482,6715.71
2026-09-25 09:14:03.191,64,65000,6690.48,-1.49,6688.217804794713,-173.96903755264375,6690.48
2026-09-25 09:14:03.191,64,66000,6690.48,-1.49,6688.217804794713,-173.96903755264375,6690.48
2026-09-25 09:14:03.192,64,67000,6521.75,0.23,6521.697453478072,26.179912101355754,6521.75
2026-09-25 09:14:03.192,64,68000,6641.08,-0.94,6640.186263659348,-108.94930155676532,6641.08
2026-09-25 09:14:03.192,64,69000,6702.37,-0.49,6702.124900372224,-57.31872914327548,6702.37
2026-09-25 09:14:03.296,64,70000,6702.37,-0.49,6702.124900372224,-57.31872914327548,6702.37
2026-09-25 09:14:03.296,64,71000,6638.25,0.1,6638.239889369632,11.585926024924449,6638.25
2026-09-25 09:14:03.297,64,72000,6515.63,-0.97,6514.696285185717,-110.30235123250858,6515.63
2026-09-25 09:14:03.297,64,73000,6515.63,-0.97,6514.696285185717,-110.30235123250858,6515.63
2026-09-25 09:14:03.297,64,74000,6515.63,-0.97,6514.696285185717,-110.30235123250858,6515.63
2026-09-25 09:14:03.412,64,75000,6834.77,-0.39,6834.611665271666,-46.52244439479013,6834.77
2026-09-25 09:14:03.413,64,76000,6523.66,0.01,6523.659900638977,1.1385934570259428,6523.66
2026-09-25 09:14:03.413,64,77000,6523.66,0.01,6523.659900638977,1.1385934570259428,6523.66
2026-09-25 09:14:03.413,64,78000,6523.66,0.01,6523.659900638977,1.1385934570259428,6523.66
2026-09-25 09:14:03.413,64,79000,6681.58,-0.7,6681.081351415883,-81.62886844077077,6681.58
2026-09-25 09:14:03.414,64,80000,6681.58,-0.7,6681.081351415883,-81.62886844077077,6681.58
2026-09-25 09:14:03.414,64,81000,6471.08,0.84,6470.384571793468,94.86758928667653,6471.08
2026-09-25 09:14:03.510,64,82000,6361.83,-0.34,6361.717988307641,-37.751637619883546,6361.83
2026-09-25 09:14:03.510,64,83000,6497.65,-1.3,6495.9775654656305,-147.4143529891828,6497.65
2026-09-25 09:14:03.510,64,84000,6604.28,-0.14,6604.260284578224,-16.137284243347935,6604.28
2026-09-25 09:14:03.511,64,85000,6498.39,-1.35,6496.586243304353,-153.1005401970839,6498.39
2026-09-25 09:14:03.511,64,86000,6307.27,-0.04,6307.268462956612,-4.403304774804266,6307.27
2026-09-25 09:14:03.623,64,87000,6451.77,-0.99,6450.806918145476,-111.47303578209946,6451.77
2026-09-25 09:14:03.624,64,88000,6349.58,-2.3,6344.464747330784,-254.8200272288906,6349.58
2026-09-25 09:14:03.624,64,89000,6489.24,-0.57,6488.918881959125,-64.5563393814444,6489.24
2026-09-25 09:14:03.624,64,90000,6489.24,-0.57,6488.918881959125,-64.5563393814444,6489.24
2026-09-25 09:14:03.624,64,91000,6385.22,-1.96,6381.4843137362395,-218.3859014183932,6385.22
2026-09-25 09:14:03.625,64,92000,6344.56,-1.65,6341.929343627274,-182.68495843758967,6344.56
2026-09-25 09:14:03.740,64,93000,6480.93,0.24,6480.873143002911,27.147176714515673,6480.93
2026-09-25 09:14:03.740,64,94000,6388.28,-1.11,6387.081215671313,-123.75339518035938,6388.28
2026-09-25 09:14:03.740,64,95000,6388.28,-1.11,6387.081215671313,-123.75339518035938,6388.28
2026-09-25 09:14:03.741,64,96000,6388.28,-1.11,6387.081215671313,-123.75339518035938,6388.28
2026-09-25 09:14:03.741,64,97000,6683.99,-1.84,6680.543654195049,-214.61315079524203,6683.99
2026-09-25 09:14:03.741,64,98000,6683.99,-1.84,6680.543654195049,-214.61315079524203,6683.99
2026-09-25 09:14:03.844,64,99000,6458.53,-0.73,6458.005798491925,-82.2852814583491,6458.53
2026-09-25 09:14:03.844,64,100000,6379.1,-2.1,6374.815756753426,-233.75388220999315,6379.1
2026-09-25 09:14:14.186,65,10000,5792.1,-2.07,5788.320326876702,-209.21329658031038,5792.1
2026-09-25 09:14:14.186,65,11000,5773.53,-0.17,5773.504586546265,-17.130383219234506,5773.53
2026-09-25 09:14:14.187,65,12000,5773.53,-0.17,5773.504586546265,-17.130383219234506,5773.53
2026-09-25 09:14:14.296,65,13000,5613.95,-0.08,5613.944527658605,-7.838550376443351,5613.95
2026-09-25 09:14:14.297,65,14000,5613.95,-0.08,5613.944527658605,-7.838550376443351,5613.95
2026-09-25 09:14:14.297,65,15000,5637.47,-1.58,5635.326637463198,-155.4403100798891,5637.47
2026-09-25 09:14:14.297,65,16000,5637.47,-1.58,5635.326637463198,-155.4403100798891,5637.47
2026-09-25 09:14:14.297,65,17000,5608.15,0.27,5608.087731115569,26.42768644853706,5608.15
2026-09-25 09:14:14.415,65,18000,5637.22,-1.31,5635.746624663522,-128.8771158651568,5637.22
2026-09-25 09:14:14.416,65,19000,5637.22,-1.31,5635.746624663522,-128.8771158651568,5637.22
2026-09-25 09:14:14.416,65,20000,5639.8,-1.24,5638.479267509591,-122.04749020156882,5639.8
2026-09-25 09:14:14.416,65,21000,5639.8,-1.24,5638.479267509591,-122.04749020156882,5639.8
2026-09-25 09:14:14.416,65,22000,5639.8,-1.24,5638.479267509591,-122.04749020156882,5639.8
2026-09-25 09:14:14.533,65,23000,5634.35,-0.87,5633.7004707373435,-85.55073648918501,5634.35
2026-09-25 09:14:14.534,65,24000,5634.35,-0.87,5633.7004707373435,-85.55073648918501,5634.35
2026-09-25 09:14:14.534,65,25000,5538.64,-2.69,5532.5368694246345,-259.9400662788768,5538.64
2026-09-25 09:14:14.534,65,26000,5486.37,-0.64,5486.027732813511,-61.28206671653401,5486.37
2026-09-25 09:14:14.535,65,27000,5666.45,-0.11,5666.439557101969,-10.87879635098379,5666.45
2026-09-25 09:14:14.535,65,28000,5712.12,-1.59,5709.92067991937,-158.49518424582845,5712.12
2026-09-25 09:14:14.639,65,29000,5655.07,0.26,5655.011775110189,25.661805569879775,5655.07
2026-09-25 09:14:14.640,65,30000,5708.01,-1.32,5706.495259916143,-131.49147749793823,5708.01
2026-09-25 09:14:14.640,65,31000,5708.01,-1.32,5706.495259916143,-131.49147749793823,5708.01
2026-09-25 09:14:14.640,65,32000,5648.86,0.41,5648.715372322829,40.422049474951315,5648.86
2026-09-25 09:14:14.641,65,33000,5558.43,-1.56,5556.369848078557,-151.32143358916346,5558.43
2026-09-25 09:14:14.746,65,34000,5558.43,-1.56,5556.369848078557,-151.32143358916346,5558.43
2026-09-25 09:14:14.746,65,35000,5552.86,-1.3,5551.430745603639,-125.97958710295468,5552.86
2026-09-25 09:14:14.747,65,36000,5711.96,-0.64,5711.603659381606,-63.801878801862365,5711.96
2026-09-25 09:14:14.747,65,37000,5711.96,-0.64,5711.603659381606,-63.801878801862365,5711.96
2026-09-25 09:14:14.747,65,38000,5775.68,-2.09,5771.837868025677,-210.6349629686679,5775.68
2026-09-25 09:14:14.856,65,39000,5552.04,-0.89,5551.370194658383,-86.23875844739264,5552.04
2026-09-25 09:14:14.857,65,40000,5552.04,-0.89,5551.370194658383,-86.23875844739264,5552.04
2026-09-25 09:14:14.857,65,41000,5593.81,-1.79,5591.080373733152,-174.72999329241625,5593.81
2026-09-25 09:14:14.857,65,42000,5518.37,-0.12,5518.3578968646825,-11.557638651609857,5518.37
2026-09-25 09:14:14.857,65,43000,5684.5,0.72,5684.051175776593,71.43165371691789,5684.5
2026-09-25 09:14:14.962,65,44000,5619.66,-1.4,5617.982474063723,-137.3005342773388,5619.66
2026-09-25 09:14:14.963,65,45000,5531.59,0.34,5531.492606206494,32.824923196905864,5531.59
2026-09-25 09:14:14.963,65,46000,5606.92,-1.07,5605.942303562934,-104.70327370006578,5606.92
2026-09-25 09:14:14.963,65,47000,5606.92,-1.07,5605.942303562934,-104.70327370006578,5606.92
2026-09-25 09:14:14.963,65,48000,5606.92,-1.07,5605.942303562934,-104.70327370006578,5606.92
2026-09-25 09:14:14.964,65,49000,5535.98,-1.06,5535.032632252502,-102.41250070150551,5535.98
2026-09-25 09:14:15.075,65,50000,5690.29,-0.13,5690.275353101966,-12.910847388542336,5690.29
2026-09-25 09:14:15.076,65,51000,5690.29,-0.13,5690.275353101966,-12.910847388542336,5690.29
2026-09-25 09:14:15.076,65,52000,5777.58,-1.53,5775.5201871576555,-154.26348931096905,5777.58
2026-09-25 09:14:15.076,65,53000,5714.13,-0.5,5713.912423438674,-49.864558287323455,5714.13
2026-09-25 09:14:15.077,65,54000,5590.1,-1.32,5588.616549805841,-128.7752663995376,5590.1
2026-09-25 09:14:15.077,65,55000,5833.5,-1.56,5831.3378973498375,-158.80987668143433,5833.5
2026-09-25 09:14:15.186,65,56000,5724.07,0.05,5724.0678204358455,4.9951927717220626,5724.07
2026-09-25 09:14:15.186,65,57000,5724.07,0.05,5724.0678204358455,4.9951927717220626,5724.07
2026-09-25 09:14:15.186,65,58000,5681.64,-2.08,5677.896503554112,-206.21441396757828,5681.64
2026-09-25 09:14:15.187,65,59000,5681.64,-2.08,5677.896503554112,-206.21441396757828,5681.64
2026-09-25 09:14:15.187,65,60000,5571.16,-0.51,5570.93929719362,-49.5892385891195,5571.16
2026-09-25 09:14:15.296,65,61000,5843.96,-0.42,5843.8029895312175,-42.83808055939926,5843.96
2026-09-25 09:14:15.296,65,62000,5720.22,-1.4,5718.51245587612,-139.75743411236962,5720.22
2026-09-25 09:14:15.296,65,63000,5720.22,-1.4,5718.51245587612,-139.75743411236962,5720.22
2026-09-25 09:14:15.296,65,64000,5603.73,0.09,5603.723086676637,8.802314880542419,5603.73
2026-09-25 09:14:15.297,65,65000,5582.68,-1.89,5579.642951679615,-184.12092268939898,5582.68
2026-09-25 09:14:15.297,65,66000,5723.64,-0.71,5723.200551294369,-70.92460266954669,5723.64
2026-09-25 09:14:15.406,65,67000,5723.64,-0.71,5723.200551294369,-70.92460266954669,5723.64
2026-09-25 09:14:15.407,65,68000,5692.69,-0.33,5692.595578922245,-32.78735937681112,5692.69
2026-09-25 09:14:15.407,65,69000,5580.41,-1.38,5578.791442898842,-134.39421393294418,5580.41
2026-09-25 09:14:15.407,65,70000,5715.54,-0.13,5715.5252881080605,-12.968137772083542,5715.54
2026-09-25 09:14:15.407,65,71000,5819.65,-1.21,5818.3522943196,-122.89304978655932,5819.65
2026-09-25 09:14:15.408,65,72000,5584.19,-0.92,5583.470134683291,-89.6616484331558,5584.19
2026-09-25 09:14:15.523,65,73000,5584.19,-0.92,5583.470134683291,-89.6616484331558,5584.19
2026-09-25 09:14:15.524,65,74000,5719.91,0.47,5719.717554741421,46.92016712263025,5719.91
2026-09-25 09:14:15.524,65,75000,5831.65,-0.6,5831.330246930389,-61.06777984150477,5831.65
2026-09-25 09:14:15.524,65,76000,5726.47,-1.72,5723.889903152243,-171.88088169370423,5726.47
2026-09-25 09:14:15.524,65,77000,5594.09,-0.45,5593.917465089142,-43.93542842253119,5594.09
2026-09-25 09:14:15.525,65,78000,5727.42,1.04,5726.476507340298,103.9551214691564,5727.42
2026-09-25 09:14:15.640,65,79000,5717.87,-1.32,5716.352643358494,-131.71861549666804,5717.87
2026-09-25 09:14:15.641,65,80000,5717.87,-1.32,5716.352643358494,-131.71861549666804,5717.87
2026-09-25 09:14:15.641,65,81000,5717.87,-1.32,5716.352643358494,-131.71861549666804,5717.87
2026-09-25 09:14:15.641,65,82000,5594.48,0.26,5594.422398947926,25.386857815125367,5594.48
2026-09-25 09:14:15.642,65,83000,5713.92,-0.7,5713.49356821025,-69.8069654125355,5713.92
2026-09-25 09:14:15.642,65,84000,5713.92,-0.7,5713.49356821025,-69.8069654125355,5713.92
2026-09-25 09:14:15.756,65,85000,5622.31,-1.92,5619.153532342183,-188.37015704821724,5622.31
2026-09-25 09:14:15.756,65,86000,5745.03,-0.32,5744.940398378693,-32.086133710145766,5745.03
2026-09-25 09:14:15.757,65,87000,5876.65,-1.27,5875.206408800345,-130.2492859533026,5876.65
2026-09-25 09:14:15.757,65,88000,5645.2,-1.55,5643.134424935086,-152.69872989831097,5645.2
2026-09-25 09:14:15.757,65,89000,5645.2,-1.55,5643.134424935086,-152.69872989831097,5645.2
2026-09-25 09:14:15.757,65,90000,5755.27,0.02,5755.2696493689045,2.0089681760273006,5755.27
2026-09-25 09:14:15.862,65,91000,5663.02,-1.37,5661.401199695838,-135.39562948089298,5663.02
2026-09-25 09:14:15.862,65,92000,5799.76,-2.24,5795.328247672315,-226.6860369130196,5799.76
2026-09-25 09:14:15.863,65,93000,5875.49,-1.13,5874.347354165565,-115.87019766972735,5875.49
2026-09-25 09:14:15.863,65,94000,5625.59,-1.41,5623.886629490489,-138.42697258159905,5625.59
2026-09-25 09:14:15.863,65,95000,5625.59,-1.41,5623.886629490489,-138.42697258159905,5625.59
2026-09-25 09:14:15.863,65,96000,5625.59,-1.41,5623.886629490489,-138.42697258159905,5625.59
2026-09-25 09:14:15.976,65,97000,5868.14,-2.46,5862.732099361495,-251.87177435427208,5868.14
2026-09-25 09:14:15.976,65,98000,5868.14,-2.46,5862.732099361495,-251.87177435427208,5868.14
2026-09-25 09:14:15.976,65,99000,5868.14,-2.46,5862.732099361495,-251.87177435427208,5868.14
2026-09-25 09:14:15.977,65,100000,5899.77,-2.05,5895.994093670969,-211.04430884780774,5899.77
2026-09-25 09:14:26.287,66,10000,5773.53,-0.17,5773.504586546265,-17.130383219234506,5773.53
2026-09-25 09:14:26.386,66,11000,5773.53,-0.17,5773.504586546265,-17.130383219234506,5773.53
2026-09-25 09:14:26.386,66,12000,5773.53,-0.17,5773.504586546265,-17.130383219234506,5773.53
2026-09-25 09:14:26.387,66,13000,5613.95,-0.08,5613.944527658605,-7.838550376443351,5613.95
2026-09-25 09:14:26.387,66,14000,5613.95,-0.08,5613.944527658605,-7.838550376443351,5613.95
2026-09-25 09:14:26.503,66,15000,5637.47,-1.58,5635.326637463198,-155.4403100798891,5637.47
2026-09-25 09:14:26.504,66,16000,5608.15,0.27,5608.087731115569,26.42768644853706,5608.15
2026-09-25 09:14:26.504,66,17000,5608.15,0.27,5608.087731115569,26.42768644853706,5608.15
2026-09-25 09:14:26.504,66,18000,5637.22,-1.31,5635.746624663522,-128.8771158651568,5637.22
2026-09-25 09:14:26.504,66,19000,5602.93,0.49,5602.725105901726,47.9163082728546,5602.93
2026-09-25 09:14:26.603,66,20000,5639.8,-1.24,5638.479267509591,-122.04749020156882,5639.8
2026-09-25 09:14:26.603,66,21000,5639.8,-1.24,5638.479267509591,-122.04749020156882,5639.8
2026-09-25 09:14:26.603,66,22000,5639.8,-1.24,5638.479267509591,-122.04749020156882,5639.8
2026-09-25 09:14:26.604,66,23000,5823.01,-0.39,5822.875103769924,-39.63566571154652,5823.01
2026-09-25 09:14:26.723,66,24000,5823.01,-0.39,5822.875103769924,-39.63566571154652,5823.01
2026-09-25 09:14:26.724,66,25000,5724.09,-2.22,5719.79381664365,-221.73187228062667,5724.09
2026-09-25 09:14:26.724,66,26000,5666.45,-0.11,5666.439557101969,-10.87879635098379,5666.45
2026-09-25 09:14:26.724,66,27000,5666.45,-0.11,5666.439557101969,-10.87879635098379,5666.45
2026-09-25 09:14:26.724,66,28000,5712.12,-1.59,5709.92067991937,-158.49518424582845,5712.12
2026-09-25 09:14:26.724,66,29000,5655.07,0.26,5655.011775110189,25.661805569879775,5655.07
2026-09-25 09:14:26.835,66,30000,5708.01,-1.32,5706.495259916143,-131.49147749793823,5708.01
2026-09-25 09:14:26.836,66,31000,5708.01,-1.32,5706.495259916143,-131.49147749793823,5708.01
2026-09-25 09:14:26.836,66,32000,5648.86,0.41,5648.715372322829,40.422049474951315,5648.86
2026-09-25 09:14:26.836,66,33000,5721.59,-0.95,5720.803536205678,-94.86320802404829,5721.59
2026-09-25 09:14:26.837,66,34000,5721.59,-0.95,5720.803536205678,-94.86320802404829,5721.59
2026-09-25 09:14:26.955,66,35000,5782.32,-2.43,5777.12034762487,-245.16335668017308,5782.32
2026-09-25 09:14:26.956,66,36000,5711.96,-0.64,5711.603659381606,-63.801878801862365,5711.96
2026-09-25 09:14:26.956,66,37000,5711.96,-0.64,5711.603659381606,-63.801878801862365,5711.96
2026-09-25 09:14:26.957,66,38000,5775.68,-2.09,5771.837868025677,-210.6349629686679,5775.68
2026-09-25 09:14:26.957,66,39000,5552.04,-0.89,5551.370194658383,-86.23875844739264,5552.04
2026-09-25 09:14:26.957,66,40000,5552.04,-0.89,5551.370194658383,-86.23875844739264,5552.04
2026-09-25 09:14:27.063,66,41000,5767.06,-0.98,5766.216430687014,-98.63629187638045,5767.06
2026-09-25 09:14:27.063,66,42000,5684.5,0.72,5684.051175776593,71.43165371691789,5684.5
2026-09-25 09:14:27.064,66,43000,5684.5,0.72,5684.051175776593,71.43165371691789,5684.5
2026-09-25 09:14:27.064,66,44000,5619.66,-1.4,5617.982474063723,-137.3005342773388,5619.66
2026-09-25 09:14:27.064,66,45000,5619.66,-1.4,5617.982474063723,-137.3005342773388,5619.66
2026-09-25 09:14:27.064,66,46000,5606.92,-1.07,5605.942303562934,-104.70327370006578,5606.92
2026-09-25 09:14:27.175,66,47000,5606.92,-1.07,5605.942303562934,-104.70327370006578,5606.92
2026-09-25 09:14:27.176,66,48000,5768.66,-0.17,5768.634607982634,-17.115933659558248,5768.66
2026-09-25 09:14:27.176,66,49000,5690.29,-0.13,5690.275353101966,-12.910847388542336,5690.29
2026-09-25 09:14:27.176,66,50000,5690.29,-0.13,5690.275353101966,-12.910847388542336,5690.29
2026-09-25 09:14:27.176,66,51000,5690.29,-0.13,5690.275353101966,-12.910847388542336,5690.29
2026-09-25 09:14:27.280,66,52000,5777.58,-1.53,5775.5201871576555,-154.26348931096905,5777.58
2026-09-25 09:14:27.280,66,53000,5875.2,0.51,5874.9672525779115,52.295517371390325,5875.2
2026-09-25 09:14:27.281,66,54000,5747.67,-0.3,5747.591212361767,-30.094592234935376,5747.67
2026-09-25 09:14:27.281,66,55000,5833.5,-1.56,5831.3378973498375,-158.80987668143433,5833.5
2026-09-25 09:14:27.281,66,56000,5833.5,-1.56,5831.3378973498375,-158.80987668143433,5833.5
2026-09-25 09:14:27.281,66,57000,5724.07,0.05,5724.0678204358455,4.9951927717220626,5724.07
2026-09-25 09:14:27.391,66,58000,5681.64,-2.08,5677.896503554112,-206.21441396757828,5681.64
2026-09-25 09:14:27.392,66,59000,5868.53,-0.77,5868.000057216544,-78.86500749154894,5868.53
2026-09-25 09:14:27.392,66,60000,5868.53,-0.77,5868.000057216544,-78.86500749154894,5868.53
2026-09-25 09:14:27.392,66,61000,5843.96,-0.42,5843.8029895312175,-42.83808055939926,5843.96
2026-09-25 09:14:27.392,66,62000,5720.22,-1.4,5718.51245587612,-139.75743411236962,5720.22
2026-09-25 09:14:27.392,66,63000,5720.22,-1.4,5718.51245587612,-139.75743411236962,5720.22
2026-09-25 09:14:27.495,66,64000,5870.96,-0.22,5870.916720853352,-22.54281270227662,5870.96
2026-09-25 09:14:27.495,66,65000,5723.64,-0.71,5723.200551294369,-70.92460266954669,5723.64
2026-09-25 09:14:27.495,66,66000,5723.64,-0.71,5723.200551294369,-70.92460266954669,5723.64
2026-09-25 09:14:27.495,66,67000,5723.64,-0.71,5723.200551294369,-70.92460266954669,5723.64
2026-09-25 09:14:27.496,66,68000,5976.57,-0.63,5976.208712052929,-65.71449522500433,5976.57
2026-09-25 09:14:27.615,66,69000,5715.54,-0.13,5715.5252881080605,-12.968137772083542,5715.54
2026-09-25 09:14:27.616,66,70000,5715.54,-0.13,5715.5252881080605,-12.968137772083542,5715.54
2026-09-25 09:14:27.616,66,71000,5819.65,-1.21,5818.3522943196,-122.89304978655932,5819.65
2026-09-25 09:14:27.616,66,72000,5712.15,-2.27,5707.667510833933,-226.25032214512433,5712.15
2026-09-25 09:14:27.616,66,73000,5857.66,-0.89,5856.953324263266,-90.98589451930353,5857.66
2026-09-25 09:14:27.616,66,74000,5719.91,0.47,5719.717554741421,46.92016712263025,5719.91
2026-09-25 09:14:27.617,66,75000,5831.65,-0.6,5831.330246930389,-61.06777984150477,5831.65
2026-09-25 09:14:27.722,66,76000,5726.47,-1.72,5723.889903152243,-171.88088169370423,5726.47
2026-09-25 09:14:27.722,66,77000,5869.73,-0.23,5869.682706881411,-23.56254309942744,5869.73
2026-09-25 09:14:27.722,66,78000,5869.73,-0.23,5869.682706881411,-23.56254309942744,5869.73
2026-09-25 09:14:27.722,66,79000,5717.87,-1.32,5716.352643358494,-131.71861549666804,5717.87
2026-09-25 09:14:27.722,66,80000,5717.87,-1.32,5716.352643358494,-131.71861549666804,5717.87
2026-09-25 09:14:27.840,66,81000,5847.13,0.17,5847.1042625797845,17.348758494834644,5847.13
2026-09-25 09:14:27.840,66,82000,5748.4,-1.01,5747.506893558519,-101.32654389301588,5748.4
2026-09-25 09:14:27.840,66,83000,5871.13,-1.97,5867.659947038126,-201.82721031747676,5871.13
2026-09-25 09:14:27.841,66,84000,5713.92,-0.7,5713.49356821025,-69.8069654125355,5713.92
2026-09-25 09:14:27.841,66,85000,5745.03,-0.32,5744.940398378693,-32.086133710145766,5745.03
2026-09-25 09:14:27.841,66,86000,5745.03,-0.32,5744.940398378693,-32.086133710145766,5745.03
2026-09-25 09:14:27.956,66,87000,5876.65,-1.27,5875.206408800345,-130.2492859533026,5876.65
2026-09-25 09:14:27.956,66,88000,5783.57,-2.58,5777.707447252652,-260.3432327932506,5783.57
2026-09-25 09:14:27.956,66,89000,5902.11,-0.99,5901.228968121242,-101.97606536189092,5902.11
2026-09-25 09:14:27.957,66,90000,5755.27,0.02,5755.2696493689045,2.0089681760273006,5755.27
2026-09-25 09:14:27.957,66,91000,5663.02,-1.37,5661.401199695838,-135.39562948089298,5663.02
2026-09-25 09:14:27.957,66,92000,5875.49,-1.13,5874.347354165565,-115.87019766972735,5875.49
2026-09-25 09:14:27.957,66,93000,5875.49,-1.13,5874.347354165565,-115.87019766972735,5875.49
2026-09-25 09:14:28.073,66,94000,5791.49,-2.48,5786.0656137553715,-250.60154312707564,5791.49
2026-09-25 09:14:28.073,66,95000,5791.49,-2.48,5786.0656137553715,-250.60154312707564,5791.49
2026-09-25 09:14:28.073,66,96000,5723.37,0.21,5723.331557230684,20.977199703348347,5723.37
2026-09-25 09:14:28.073,66,97000,5868.14,-2.46,5862.732099361495,-251.87177435427208,5868.14
2026-09-25 09:14:28.074,66,98000,5868.14,-2.46,5862.732099361495,-251.87177435427208,5868.14
2026-09-25 09:14:28.074,66,99000,5868.14,-2.46,5862.732099361495,-251.87177435427208,5868.14
2026-09-25 09:14:28.199,66,100000,5899.77,-2.05,5895.994093670969,-211.04430884780774,5899.77
2026-09-25 09:14:38.500,67,10000,5773.53,-0.17,5773.504586546265,-17.130383219234506,5773.53
2026-09-25 09:14:38.501,67,11000,5773.53,-0.17,5773.504586546265,-17.130383219234506,5773.53
2026-09-25 09:14:38.501,67,12000,5773.53,-0.17,5773.504586546265,-17.130383219234506,5773.53
2026-09-25 09:14:38.606,67,13000,5613.95,-0.08,5613.944527658605,-7.838550376443351,5613.95
2026-09-25 09:14:38.607,67,14000,5613.95,-0.08,5613.944527658605,-7.838550376443351,5613.95
2026-09-25 09:14:38.607,67,15000,5637.47,-1.58,5635.326637463198,-155.4403100798891,5637.47
2026-09-25 09:14:38.607,67,16000,5608.15,0.27,5608.087731115569,26.42768644853706,5608.15
2026-09-25 09:14:38.723,67,17000,5608.15,0.27,5608.087731115569,26.42768644853706,5608.15
2026-09-25 09:14:38.723,67,18000,5637.22,-1.31,5635.746624663522,-128.8771158651568,5637.22
2026-09-25 09:14:38.723,67,19000,5602.93,0.49,5602.725105901726,47.9163082728546,5602.93
2026-09-25 09:14:38.723,67,20000,5639.8,-1.24,5638.479267509591,-122.04749020156882,5639.8
2026-09-25 09:14:38.724,67,21000,5639.8,-1.24,5638.479267509591,-122.04749020156882,5639.8
2026-09-25 09:14:38.724,67,22000,5597.57,0.65,5597.209797827156,63.50105516987217,5597.57
2026-09-25 09:14:38.829,67,23000,5634.35,-0.87,5633.7004707373435,-85.55073648918501,5634.35
2026-09-25 09:14:38.829,67,24000,5634.35,-0.87,5633.7004707373435,-85.55073648918501,5634.35
2026-09-25 09:14:38.829,67,25000,5666.45,-0.11,5666.439557101969,-10.87879635098379,5666.45
2026-09-25 09:14:38.829,67,26000,5666.45,-0.11,5666.439557101969,-10.87879635098379,5666.45
2026-09-25 09:14:38.829,67,27000,5666.45,-0.11,5666.439557101969,-10.87879635098379,5666.45
2026-09-25 09:14:38.937,67,28000,5712.12,-1.59,5709.92067991937,-158.49518424582845,5712.12
2026-09-25 09:14:38.937,67,29000,5655.07,0.26,5655.011775110189,25.661805569879775,5655.07
2026-09-25 09:14:38.937,67,30000,5708.01,-1.32,5706.495259916143,-131.49147749793823,5708.01
2026-09-25 09:14:38.938,67,31000,5708.01,-1.32,5706.495259916143,-131.49147749793823,5708.01
2026-09-25 09:14:38.938,67,32000,5648.86,0.41,5648.715372322829,40.422049474951315,5648.86
2026-09-25 09:14:39.056,67,33000,5558.43,-1.56,5556.369848078557,-151.32143358916346,5558.43
2026-09-25 09:14:39.056,67,34000,5558.43,-1.56,5556.369848078557,-151.32143358916346,5558.43
2026-09-25 09:14:39.057,67,35000,5711.96,-0.64,5711.603659381606,-63.801878801862365,5711.96
2026-09-25 09:14:39.057,67,36000,5711.96,-0.64,5711.603659381606,-63.801878801862365,5711.96
2026-09-25 09:14:39.057,67,37000,5711.96,-0.64,5711.603659381606,-63.801878801862365,5711.96
2026-09-25 09:14:39.057,67,38000,5775.68,-2.09,5771.837868025677,-210.6349629686679,5775.68
2026-09-25 09:14:39.182,67,39000,5552.04,-0.89,5551.370194658383,-86.23875844739264,5552.04
2026-09-25 09:14:39.182,67,40000,5552.04,-0.89,5551.370194658383,-86.23875844739264,5552.04
2026-09-25 09:14:39.183,67,41000,5593.81,-1.79,5591.080373733152,-174.72999329241625,5593.81
2026-09-25 09:14:39.183,67,42000,5518.37,-0.12,5518.3578968646825,-11.557638651609857,5518.37
2026-09-25 09:14:39.183,67,43000,5684.5,0.72,5684.051175776593,71.43165371691789,5684.5
2026-09-25 09:14:39.183,67,44000,5619.66,-1.4,5617.982474063723,-137.3005342773388,5619.66
2026-09-25 09:14:39.309,67,45000,5531.59,0.34,5531.492606206494,32.824923196905864,5531.59
2026-09-25 09:14:39.309,67,46000,5606.92,-1.07,5605.942303562934,-104.70327370006578,5606.92
2026-09-25 09:14:39.309,67,47000,5606.92,-1.07,5605.942303562934,-104.70327370006578,5606.92
2026-09-25 09:14:39.310,67,48000,5606.92,-1.07,5605.942303562934,-104.70327370006578,5606.92
2026-09-25 09:14:39.310,67,49000,5690.29,-0.13,5690.275353101966,-12.910847388542336,5690.29
2026-09-25 09:14:39.310,67,50000,5690.29,-0.13,5690.275353101966,-12.910847388542336,5690.29
2026-09-25 09:14:39.422,67,51000,5690.29,-0.13,5690.275353101966,-12.910847388542336,5690.29
2026-09-25 09:14:39.422,67,52000,5777.58,-1.53,5775.5201871576555,-154.26348931096905,5777.58
2026-09-25 09:14:39.422,67,53000,5714.13,-0.5,5713.912423438674,-49.864558287323455,5714.13
2026-09-25 09:14:39.423,67,54000,5590.1,-1.32,5588.616549805841,-128.7752663995376,5590.1
2026-09-25 09:14:39.423,67,55000,5833.5,-1.56,5831.3378973498375,-158.80987668143433,5833.5
2026-09-25 09:14:39.423,67,56000,5724.07,0.05,5724.0678204358455,4.9951927717220626,5724.07
2026-09-25 09:14:39.537,67,57000,5724.07,0.05,5724.0678204358455,4.9951927717220626,5724.07
2026-09-25 09:14:39.537,67,58000,5681.64,-2.08,5677.896503554112,-206.21441396757828,5681.64
2026-09-25 09:14:39.537,67,59000,5681.64,-2.08,5677.896503554112,-206.21441396757828,5681.64
2026-09-25 09:14:39.538,67,60000,5747.03,0.83,5746.427000719843,83.2499026903555,5747.03
2026-09-25 09:14:39.538,67,61000,5843.96,-0.42,5843.8029895312175,-42.83808055939926,5843.96
2026-09-25 09:14:39.538,67,62000,5720.22,-1.4,5718.51245587612,-139.75743411236962,5720.22
2026-09-25 09:14:39.635,67,63000,5720.22,-1.4,5718.51245587612,-139.75743411236962,5720.22
2026-09-25 09:14:39.635,67,64000,5603.73,0.09,5603.723086676637,8.802314880542419,5603.73
2026-09-25 09:14:39.636,67,65000,5723.64,-0.71,5723.200551294369,-70.92460266954669,5723.64
2026-09-25 09:14:39.636,67,66000,5723.64,-0.71,5723.200551294369,-70.92460266954669,5723.64
2026-09-25 09:14:39.636,67,67000,5723.64,-0.71,5723.200551294369,-70.92460266954669,5723.64
2026-09-25 09:14:39.746,67,68000,5692.69,-0.33,5692.595578922245,-32.78735937681112,5692.69
2026-09-25 09:14:39.746,67,69000,5715.54,-0.13,5715.5252881080605,-12.968137772083542,5715.54
2026-09-25 09:14:39.746,67,70000,5715.54,-0.13,5715.5252881080605,-12.968137772083542,5715.54
2026-09-25 09:14:39.746,67,71000,5819.65,-1.21,5818.3522943196,-122.89304978655932,5819.65
2026-09-25 09:14:39.747,67,72000,5712.15,-2.27,5707.667510833933,-226.25032214512433,5712.15
2026-09-25 09:14:39.747,67,73000,5584.19,-0.92,5583.470134683291,-89.6616484331558,5584.19
2026-09-25 09:14:39.852,67,74000,5719.91,0.47,5719.717554741421,46.92016712263025,5719.91
2026-09-25 09:14:39.853,67,75000,5831.65,-0.6,5831.330246930389,-61.06777984150477,5831.65
2026-09-25 09:14:39.853,67,76000,5726.47,-1.72,5723.889903152243,-171.88088169370423,5726.47
2026-09-25 09:14:39.853,67,77000,5594.09,-0.45,5593.917465089142,-43.93542842253119,5594.09
2026-09-25 09:14:39.854,67,78000,5727.42,1.04,5726.476507340298,103.9551214691564,5727.42
2026-09-25 09:14:39.854,67,79000,5717.87,-1.32,5716.352643358494,-131.71861549666804,5717.87
2026-09-25 09:14:39.963,67,80000,5717.87,-1.32,5716.352643358494,-131.71861549666804,5717.87
2026-09-25 09:14:39.964,67,81000,5717.87,-1.32,5716.352643358494,-131.71861549666804,5717.87
2026-09-25 09:14:39.964,67,82000,5594.48,0.26,5594.422398947926,25.386857815125367,5594.48
2026-09-25 09:14:39.964,67,83000,5713.92,-0.7,5713.49356821025,-69.8069654125355,5713.92
2026-09-25 09:14:39.964,67,84000,5713.92,-0.7,5713.49356821025,-69.8069654125355,5713.92
2026-09-25 09:14:39.964,67,85000,5622.31,-1.92,5619.153532342183,-188.37015704821724,5622.31
2026-09-25 09:14:40.073,67,86000,5745.03,-0.32,5744.940398378693,-32.086133710145766,5745.03
2026-09-25 09:14:40.073,67,87000,5876.65,-1.27,5875.206408800345,-130.2492859533026,5876.65
2026-09-25 09:14:40.074,67,88000,5645.2,-1.55,5643.134424935086,-152.69872989831097,5645.2
2026-09-25 09:14:40.074,67,89000,5755.27,0.02,5755.2696493689045,2.0089681760273006,5755.27
2026-09-25 09:14:40.074,67,90000,5755.27,0.02,5755.2696493689045,2.0089681760273006,5755.27
2026-09-25 09:14:40.191,67,91000,5663.02,-1.37,5661.401199695838,-135.39562948089298,5663.02
2026-09-25 09:14:40.191,67,92000,5799.76,-2.24,5795.328247672315,-226.6860369130196,5799.76
2026-09-25 09:14:40.192,67,93000,5707.19,-0.06,5707.1868706832,-5.97655429987604,5707.19
2026-09-25 09:14:40.192,67,94000,5625.59,-1.41,5623.886629490489,-138.42697258159905,5625.59
2026-09-25 09:14:40.192,67,95000,5625.59,-1.41,5623.886629490489,-138.42697258159905,5625.59
2026-09-25 09:14:40.192,67,96000,5625.59,-1.41,5623.886629490489,-138.42697258159905,5625.59
2026-09-25 09:14:40.193,67,97000,5868.14,-2.46,5862.732099361495,-251.87177435427208,5868.14
2026-09-25 09:14:40.306,67,98000,5868.14,-2.46,5862.732099361495,-251.87177435427208,5868.14
2026-09-25 09:14:40.306,67,99000,5868.14,-2.46,5862.732099361495,-251.87177435427208,5868.14
2026-09-25 09:14:40.307,67,100000,5730.16,-1.14,5729.025807258939,-114.00405852894417,5730.16
2026-09-25 09:14:50.659,68,10000,5773.53,-0.17,5773.504586546265,-17.130383219234506,5773.53
2026-09-25 09:14:50.659,68,11000,5773.53,-0.17,5773.504586546265,-17.130383219234506,5773.53
2026-09-25 09:14:50.660,68,12000,5773.53,-0.17,5773.504586546265,-17.130383219234506,5773.53
2026-09-25 09:14:50.763,68,13000,5613.95,-0.08,5613.944527658605,-7.838550376443351,5613.95
2026-09-25 09:14:50.763,68,14000,5613.95,-0.08,5613.944527658605,-7.838550376443351,5613.95
2026-09-25 09:14:50.763,68,15000,5637.47,-1.58,5635.326637463198,-155.4403100798891,5637.47
2026-09-25 09:14:50.764,68,16000,5608.15,0.27,5608.087731115569,26.42768644853706,5608.15
2026-09-25 09:14:50.873,68,17000,5608.15,0.27,5608.087731115569,26.42768644853706,5608.15
2026-09-25 09:14:50.873,68,18000,5637.22,-1.31,5635.746624663522,-128.8771158651568,5637.22
2026-09-25 09:14:50.873,68,19000,5602.93,0.49,5602.725105901726,47.9163082728546,5602.93
2026-09-25 09:14:50.874,68,20000,5639.8,-1.24,5638.479267509591,-122.04749020156882,5639.8
2026-09-25 09:14:50.874,68,21000,5639.8,-1.24,5638.479267509591,-122.04749020156882,5639.8
2026-09-25 09:14:50.986,68,22000,5597.57,0.65,5597.209797827156,63.50105516987217,5597.57
2026-09-25 09:14:50.986,68,23000,5634.35,-0.87,5633.7004707373435,-85.55073648918501,5634.35
2026-09-25 09:14:50.986,68,24000,5634.35,-0.87,5633.7004707373435,-85.55073648918501,5634.35
2026-09-25 09:14:50.987,68,25000,5486.37,-0.64,5486.027732813511,-61.28206671653401,5486.37
2026-09-25 09:14:50.987,68,26000,5666.45,-0.11,5666.439557101969,-10.87879635098379,5666.45
2026-09-25 09:14:51.096,68,27000,5666.45,-0.11,5666.439557101969,-10.87879635098379,5666.45
2026-09-25 09:14:51.096,68,28000,5712.12,-1.59,5709.92067991937,-158.49518424582845,5712.12
2026-09-25 09:14:51.097,68,29000,5655.07,0.26,5655.011775110189,25.661805569879775,5655.07
2026-09-25 09:14:51.097,68,30000,5708.01,-1.32,5706.495259916143,-131.49147749793823,5708.01
2026-09-25 09:14:51.097,68,31000,5708.01,-1.32,5706.495259916143,-131.49147749793823,5708.01
2026-09-25 09:14:51.097,68,32000,5648.86,0.41,5648.715372322829,40.422049474951315,5648.86
2026-09-25 09:14:51.202,68,33000,5558.43,-1.56,5556.369848078557,-151.32143358916346,5558.43
2026-09-25 09:14:51.203,68,34000,5558.43,-1.56,5556.369848078557,-151.32143358916346,5558.43
2026-09-25 09:14:51.203,68,35000,5711.96,-0.64,5711.603659381606,-63.801878801862365,5711.96
2026-09-25 09:14:51.203,68,36000,5711.96,-0.64,5711.603659381606,-63.801878801862365,5711.96
2026-09-25 09:14:51.203,68,37000,5711.96,-0.64,5711.603659381606,-63.801878801862365,5711.96
2026-09-25 09:14:51.315,68,38000,5775.68,-2.09,5771.837868025677,-210.6349629686679,5775.68
2026-09-25 09:14:51.315,68,39000,5552.04,-0.89,5551.370194658383,-86.23875844739264,5552.04
2026-09-25 09:14:51.316,68,40000,5552.04,-0.89,5551.370194658383,-86.23875844739264,5552.04
2026-09-25 09:14:51.316,68,41000,5593.81,-1.79,5591.080373733152,-174.72999329241625,5593.81
2026-09-25 09:14:51.316,68,42000,5518.37,-0.12,5518.3578968646825,-11.557638651609857,5518.37
2026-09-25 09:14:51.316,68,43000,5684.5,0.72,5684.051175776593,71.43165371691789,5684.5
2026-09-25 09:14:51.425,68,44000,5619.66,-1.4,5617.982474063723,-137.3005342773388,5619.66
2026-09-25 09:14:51.426,68,45000,5531.59,0.34,5531.492606206494,32.824923196905864,5531.59
2026-09-25 09:14:51.426,68,46000,5606.92,-1.07,5605.942303562934,-104.70327370006578,5606.92
2026-09-25 09:14:51.426,68,47000,5606.92,-1.07,5605.942303562934,-104.70327370006578,5606.92
2026-09-25 09:14:51.426,68,48000,5606.92,-1.07,5605.942303562934,-104.70327370006578,5606.92
2026-09-25 09:14:51.529,68,49000,5690.29,-0.13,5690.275353101966,-12.910847388542336,5690.29
2026-09-25 09:14:51.530,68,50000,5690.29,-0.13,5690.275353101966,-12.910847388542336,5690.29
2026-09-25 09:14:51.530,68,51000,5690.29,-0.13,5690.275353101966,-12.910847388542336,5690.29
2026-09-25 09:14:51.530,68,52000,5777.58,-1.53,5775.5201871576555,-154.26348931096905,5777.58
2026-09-25 09:14:51.531,68,53000,5714.13,-0.5,5713.912423438674,-49.864558287323455,5714.13
2026-09-25 09:14:51.639,68,54000,5590.1,-1.32,5588.616549805841,-128.7752663995376,5590.1
2026-09-25 09:14:51.639,68,55000,5833.5,-1.56,5831.3378973498375,-158.80987668143433,5833.5
2026-09-25 09:14:51.640,68,56000,5724.07,0.05,5724.0678204358455,4.9951927717220626,5724.07
2026-09-25 09:14:51.640,68,57000,5724.07,0.05,5724.0678204358455,4.9951927717220626,5724.07
2026-09-25 09:14:51.640,68,58000,5681.64,-2.08,5677.896503554112,-206.21441396757828,5681.64
2026-09-25 09:14:51.640,68,59000,5681.64,-2.08,5677.896503554112,-206.21441396757828,5681.64
2026-09-25 09:14:51.757,68,60000,5747.03,0.83,5746.427000719843,83.2499026903555,5747.03
2026-09-25 09:14:51.757,68,61000,5843.96,-0.42,5843.8029895312175,-42.83808055939926,5843.96
2026-09-25 09:14:51.757,68,62000,5720.22,-1.4,5718.51245587612,-139.75743411236962,5720.22
2026-09-25 09:14:51.757,68,63000,5720.22,-1.4,5718.51245587612,-139.75743411236962,5720.22
2026-09-25 09:14:51.758,68,64000,5603.73,0.09,5603.723086676637,8.802314880542419,5603.73
2026-09-25 09:14:51.758,68,65000,5723.64,-0.71,5723.200551294369,-70.92460266954669,5723.64
2026-09-25 09:14:51.852,68,66000,5723.64,-0.71,5723.200551294369,-70.92460266954669,5723.64
2026-09-25 09:14:51.853,68,67000,5723.64,-0.71,5723.200551294369,-70.92460266954669,5723.64
2026-09-25 09:14:51.853,68,68000,5692.69,-0.33,5692.595578922245,-32.78735937681112,5692.69
2026-09-25 09:14:51.853,68,69000,5715.54,-0.13,5715.5252881080605,-12.968137772083542,5715.54
2026-09-25 09:14:51.853,68,70000,5715.54,-0.13,5715.5252881080605,-12.968137772083542,5715.54
2026-09-25 09:14:51.963,68,71000,5819.65,-1.21,5818.3522943196,-122.89304978655932,5819.65
2026-09-25 09:14:51.964,68,72000,5712.15,-2.27,5707.667510833933,-226.25032214512433,5712.15
2026-09-25 09:14:51.964,68,73000,5584.19,-0.92,5583.470134683291,-89.6616484331558,5584.19
2026-09-25 09:14:51.964,68,74000,5719.91,0.47,5719.717554741421,46.92016712263025,5719.91
2026-09-25 09:14:51.965,68,75000,5831.65,-0.6,5831.330246930389,-61.06777984150477,5831.65
2026-09-25 09:14:51.965,68,76000,5726.47,-1.72,5723.889903152243,-171.88088169370423,5726.47
2026-09-25 09:14:52.076,68,77000,5594.09,-0.45,5593.917465089142,-43.93542842253119,5594.09
2026-09-25 09:14:52.076,68,78000,5727.42,1.04,5726.476507340298,103.9551214691564,5727.42
2026-09-25 09:14:52.077,68,79000,5717.87,-1.32,5716.352643358494,-131.71861549666804,5717.87
2026-09-25 09:14:52.077,68,80000,5717.87,-1.32,5716.352643358494,-131.71861549666804,5717.87
2026-09-25 09:14:52.077,68,81000,5717.87,-1.32,5716.352643358494,-131.71861549666804,5717.87
2026-09-25 09:14:52.077,68,82000,5594.48,0.26,5594.422398947926,25.386857815125367,5594.48
2026-09-25 09:14:52.181,68,83000,5713.92,-0.7,5713.49356821025,-69.8069654125355,5713.92
2026-09-25 09:14:52.181,68,84000,5713.92,-0.7,5713.49356821025,-69.8069654125355,5713.92
2026-09-25 09:14:52.181,68,85000,5622.31,-1.92,5619.153532342183,-188.37015704821724,5622.31
2026-09-25 09:14:52.181,68,86000,5745.03,-0.32,5744.940398378693,-32.086133710145766,5745.03
2026-09-25 09:14:52.182,68,87000,5876.65,-1.27,5875.206408800345,-130.2492859533026,5876.65
2026-09-25 09:14:52.182,68,88000,5645.2,-1.55,5643.134424935086,-152.69872989831097,5645.2
2026-09-25 09:14:52.306,68,89000,5645.2,-1.55,5643.134424935086,-152.69872989831097,5645.2
2026-09-25 09:14:52.306,68,90000,5755.27,0.02,5755.2696493689045,2.0089681760273006,5755.27
2026-09-25 09:14:52.307,68,91000,5663.02,-1.37,5661.401199695838,-135.39562948089298,5663.02
2026-09-25 09:14:52.307,68,92000,5799.76,-2.24,5795.328247672315,-226.6860369130196,5799.76
2026-09-25 09:14:52.307,68,93000,5707.19,-0.06,5707.1868706832,-5.97655429987604,5707.19
2026-09-25 09:14:52.307,68,94000,5625.59,-1.41,5623.886629490489,-138.42697258159905,5625.59
2026-09-25 09:14:52.423,68,95000,5625.59,-1.41,5623.886629490489,-138.42697258159905,5625.59
2026-09-25 09:14:52.424,68,96000,5625.59,-1.41,5623.886629490489,-138.42697258159905,5625.59
2026-09-25 09:14:52.424,68,97000,5868.14,-2.46,5862.732099361495,-251.87177435427208,5868.14
2026-09-25 09:14:52.424,68,98000,5868.14,-2.46,5862.732099361495,-251.87177435427208,5868.14
2026-09-25 09:14:52.424,68,99000,5868.14,-2.46,5862.732099361495,-251.87177435427208,5868.14
2026-09-25 09:14:52.424,68,100000,5730.16,-1.14,5729.025807258939,-114.00405852894417,5730.16
2026-09-25 09:15:02.786,69,10000,5773.53,-0.17,5773.504586546265,-17.130383219234506,5773.53
2026-09-25 09:15:02.787,69,11000,5773.53,-0.17,5773.504586546265,-17.130383219234506,5773.53
2026-09-25 09:15:02.887,69,12000,5773.53,-0.17,5773.504586546265,-17.130383219234506,5773.53
2026-09-25 09:15:02.887,69,13000,5613.95,-0.08,5613.944527658605,-7.838550376443351,5613.95
2026-09-25 09:15:02.887,69,14000,5613.95,-0.08,5613.944527658605,-7.838550376443351,5613.95
2026-09-25 09:15:02.888,69,15000,5637.47,-1.58,5635.326637463198,-155.4403100798891,5637.47
2026-09-25 09:15:02.994,69,16000,5608.15,0.27,5608.087731115569,26.42768644853706,5608.15
2026-09-25 09:15:02.995,69,17000,5608.15,0.27,5608.087731115569,26.42768644853706,5608.15
2026-09-25 09:15:02.995,69,18000,5637.22,-1.31,5635.746624663522,-128.8771158651568,5637.22
2026-09-25 09:15:02.995,69,19000,5602.93,0.49,5602.725105901726,47.9163082728546,5602.93
2026-09-25 09:15:02.996,69,20000,5639.8,-1.24,5638.479267509591,-122.04749020156882,5639.8
2026-09-25 09:15:03.114,69,21000,5639.8,-1.24,5638.479267509591,-122.04749020156882,5639.8
2026-09-25 09:15:03.115,69,22000,5597.57,0.65,5597.209797827156,63.50105516987217,5597.57
2026-09-25 09:15:03.115,69,23000,5634.35,-0.87,5633.7004707373435,-85.55073648918501,5634.35
2026-09-25 09:15:03.115,69,24000,5634.35,-0.87,5633.7004707373435,-85.55073648918501,5634.35
2026-09-25 09:15:03.116,69,25000,5666.45,-0.11,5666.439557101969,-10.87879635098379,5666.45
2026-09-25 09:15:03.213,69,26000,5666.45,-0.11,5666.439557101969,-10.87879635098379,5666.45
2026-09-25 09:15:03.213,69,27000,5666.45,-0.11,5666.439557101969,-10.87879635098379,5666.45
2026-09-25 09:15:03.214,69,28000,5712.12,-1.59,5709.92067991937,-158.49518424582845,5712.12
2026-09-25 09:15:03.214,69,29000,5655.07,0.26,5655.011775110189,25.661805569879775,5655.07
2026-09-25 09:15:03.214,69,30000,5708.01,-1.32,5706.495259916143,-131.49147749793823,5708.01
2026-09-25 09:15:03.323,69,31000,5708.01,-1.32,5706.495259916143,-131.49147749793823,5708.01
2026-09-25 09:15:03.324,69,32000,5648.86,0.41,5648.715372322829,40.422049474951315,5648.86
2026-09-25 09:15:03.324,69,33000,5558.43,-1.56,5556.369848078557,-151.32143358916346,5558.43
2026-09-25 09:15:03.324,69,34000,5558.43,-1.56,5556.369848078557,-151.32143358916346,5558.43
2026-09-25 09:15:03.324,69,35000,5711.96,-0.64,5711.603659381606,-63.801878801862365,5711.96
2026-09-25 09:15:03.434,69,36000,5711.96,-0.64,5711.603659381606,-63.801878801862365,5711.96
2026-09-25 09:15:03.434,69,37000,5711.96,-0.64,5711.603659381606,-63.801878801862365,5711.96
2026-09-25 09:15:03.434,69,38000,5775.68,-2.09,5771.837868025677,-210.6349629686679,5775.68
2026-09-25 09:15:03.435,69,39000,5552.04,-0.89,5551.370194658383,-86.23875844739264,5552.04
2026-09-25 09:15:03.435,69,40000,5552.04,-0.89,5551.370194658383,-86.23875844739264,5552.04
2026-09-25 09:15:03.435,69,41000,5593.81,-1.79,5591.080373733152,-174.72999329241625,5593.81
2026-09-25 09:15:03.547,69,42000,5684.5,0.72,5684.051175776593,71.43165371691789,5684.5
2026-09-25 09:15:03.547,69,43000,5684.5,0.72,5684.051175776593,71.43165371691789,5684.5
2026-09-25 09:15:03.547,69,44000,5619.66,-1.4,5617.982474063723,-137.3005342773388,5619.66
2026-09-25 09:15:03.548,69,45000,5531.59,0.34,5531.492606206494,32.824923196905864,5531.59
2026-09-25 09:15:03.549,69,46000,5606.92,-1.07,5605.942303562934,-104.70327370006578,5606.92
2026-09-25 09:15:03.653,69,47000,5606.92,-1.07,5605.942303562934,-104.70327370006578,5606.92
2026-09-25 09:15:03.653,69,48000,5606.92,-1.07,5605.942303562934,-104.70327370006578,5606.92
2026-09-25 09:15:03.653,69,49000,5690.29,-0.13,5690.275353101966,-12.910847388542336,5690.29
2026-09-25 09:15:03.654,69,50000,5690.29,-0.13,5690.275353101966,-12.910847388542336,5690.29
2026-09-25 09:15:03.654,69,51000,5690.29,-0.13,5690.275353101966,-12.910847388542336,5690.29
2026-09-25 09:15:03.654,69,52000,5777.58,-1.53,5775.5201871576555,-154.26348931096905,5777.58
2026-09-25 09:15:03.759,69,53000,5714.13,-0.5,5713.912423438674,-49.864558287323455,5714.13
2026-09-25 09:15:03.760,69,54000,5590.1,-1.32,5588.616549805841,-128.7752663995376,5590.1
2026-09-25 09:15:03.760,69,55000,5833.5,-1.56,5831.3378973498375,-158.80987668143433,5833.5
2026-09-25 09:15:03.760,69,56000,5724.07,0.05,5724.0678204358455,4.9951927717220626,5724.07
2026-09-25 09:15:03.760,69,57000,5724.07,0.05,5724.0678204358455,4.9951927717220626,5724.07
2026-09-25 09:15:03.883,69,58000,5681.64,-2.08,5677.896503554112,-206.21441396757828,5681.64
2026-09-25 09:15:03.884,69,59000,5681.64,-2.08,5677.896503554112,-206.21441396757828,5681.64
2026-09-25 09:15:03.884,69,60000,5747.03,0.83,5746.427000719843,83.2499026903555,5747.03
2026-09-25 09:15:03.884,69,61000,5843.96,-0.42,5843.8029895312175,-42.83808055939926,5843.96
2026-09-25 09:15:03.884,69,62000,5720.22,-1.4,5718.51245587612,-139.75743411236962,5720.22
2026-09-25 09:15:03.884,69,63000,5720.22,-1.4,5718.51245587612,-139.75743411236962,5720.22
2026-09-25 09:15:03.885,69,64000,5603.73,0.09,5603.723086676637,8.802314880542419,5603.73
2026-09-25 09:15:03.980,69,65000,5723.64,-0.71,5723.200551294369,-70.92460266954669,5723.64
2026-09-25 09:15:03.980,69,66000,5723.64,-0.71,5723.200551294369,-70.92460266954669,5723.64
2026-09-25 09:15:03.980,69,67000,5723.64,-0.71,5723.200551294369,-70.92460266954669,5723.64
2026-09-25 09:15:03.981,69,68000,5692.69,-0.33,5692.595578922245,-32.78735937681112,5692.69
2026-09-25 09:15:03.981,69,69000,5715.54,-0.13,5715.5252881080605,-12.968137772083542,5715.54
2026-09-25 09:15:04.090,69,70000,5715.54,-0.13,5715.5252881080605,-12.968137772083542,5715.54
2026-09-25 09:15:04.091,69,71000,5819.65,-1.21,5818.3522943196,-122.89304978655932,5819.65
2026-09-25 09:15:04.091,69,72000,5712.15,-2.27,5707.667510833933,-226.25032214512433,5712.15
2026-09-25 09:15:04.091,69,73000,5584.19,-0.92,5583.470134683291,-89.6616484331558,5584.19
2026-09-25 09:15:04.091,69,74000,5719.91,0.47,5719.717554741421,46.92016712263025,5719.91
2026-09-25 09:15:04.092,69,75000,5831.65,-0.6,5831.330246930389,-61.06777984150477,5831.65
2026-09-25 09:15:04.196,69,76000,5726.47,-1.72,5723.889903152243,-171.88088169370423,5726.47
2026-09-25 09:15:04.197,69,77000,5726.47,-1.72,5723.889903152243,-171.88088169370423,5726.47
2026-09-25 09:15:04.197,69,78000,5727.42,1.04,5726.476507340298,103.9551214691564,5727.42
2026-09-25 09:15:04.197,69,79000,5717.87,-1.32,5716.352643358494,-131.71861549666804,5717.87
2026-09-25 09:15:04.197,69,80000,5717.87,-1.32,5716.352643358494,-131.71861549666804,5717.87
2026-09-25 09:15:04.306,69,81000,5717.87,-1.32,5716.352643358494,-131.71861549666804,5717.87
2026-09-25 09:15:04.306,69,82000,5594.48,0.26,5594.422398947926,25.386857815125367,5594.48
2026-09-25 09:15:04.307,69,83000,5713.92,-0.7,5713.49356821025,-69.8069654125355,5713.92
2026-09-25 09:15:04.307,69,84000,5713.92,-0.7,5713.49356821025,-69.8069654125355,5713.92
2026-09-25 09:15:04.307,69,85000,5622.31,-1.92,5619.153532342183,-188.37015704821724,5622.31
2026-09-25 09:15:04.307,69,86000,5745.03,-0.32,5744.940398378693,-32.086133710145766,5745.03
2026-09-25 09:15:04.423,69,87000,5876.65,-1.27,5875.206408800345,-130.2492859533026,5876.65
2026-09-25 09:15:04.424,69,88000,5645.2,-1.55,5643.134424935086,-152.69872989831097,5645.2
2026-09-25 09:15:04.424,69,89000,5645.2,-1.55,5643.134424935086,-152.69872989831097,5645.2
2026-09-25 09:15:04.424,69,90000,5755.27,0.02,5755.2696493689045,2.0089681760273006,5755.27
2026-09-25 09:15:04.424,69,91000,5663.02,-1.37,5661.401199695838,-135.39562948089298,5663.02
2026-09-25 09:15:04.425,69,92000,5799.76,-2.24,5795.328247672315,-226.6860369130196,5799.76
2026-09-25 09:15:04.529,69,93000,5875.49,-1.13,5874.347354165565,-115.87019766972735,5875.49
2026-09-25 09:15:04.530,69,94000,5625.59,-1.41,5623.886629490489,-138.42697258159905,5625.59
2026-09-25 09:15:04.530,69,95000,5625.59,-1.41,5623.886629490489,-138.42697258159905,5625.59
2026-09-25 09:15:04.530,69,96000,5625.59,-1.41,5623.886629490489,-138.42697258159905,5625.59
2026-09-25 09:15:04.531,69,97000,5868.14,-2.46,5862.732099361495,-251.87177435427208,5868.14
2026-09-25 09:15:04.531,69,98000,5868.14,-2.46,5862.732099361495,-251.87177435427208,5868.14
2026-09-25 09:15:04.643,69,99000,5868.14,-2.46,5862.732099361495,-251.87177435427208,5868.14
2026-09-25 09:15:04.643,69,100000,5730.16,-1.14,5729.025807258939,-114.00405852894417,5730.16
2026-09-25 09:15:14.982,70,10000,5773.53,-0.17,5773.504586546265,-17.130383219234506,5773.53
2026-09-25 09:15:14.983,70,11000,5773.53,-0.17,5773.504586546265,-17.130383219234506,5773.53
2026-09-25 09:15:14.983,70,12000,5773.53,-0.17,5773.504586546265,-17.130383219234506,5773.53
2026-09-25 09:15:15.106,70,13000,5613.95,-0.08,5613.944527658605,-7.838550376443351,5613.95
2026-09-25 09:15:15.106,70,14000,5613.95,-0.08,5613.944527658605,-7.838550376443351,5613.95
2026-09-25 09:15:15.106,70,15000,5637.47,-1.58,5635.326637463198,-155.4403100798891,5637.47
2026-09-25 09:15:15.106,70,16000,5608.15,0.27,5608.087731115569,26.42768644853706,5608.15
2026-09-25 09:15:15.107,70,17000,5608.15,0.27,5608.087731115569,26.42768644853706,5608.15
2026-09-25 09:15:15.223,70,18000,5637.22,-1.31,5635.746624663522,-128.8771158651568,5637.22
2026-09-25 09:15:15.223,70,19000,5602.93,0.49,5602.725105901726,47.9163082728546,5602.93
2026-09-25 09:15:15.224,70,20000,5639.8,-1.24,5638.479267509591,-122.04749020156882,5639.8
2026-09-25 09:15:15.224,70,21000,5639.8,-1.24,5638.479267509591,-122.04749020156882,5639.8
2026-09-25 09:15:15.224,70,22000,5597.57,0.65,5597.209797827156,63.50105516987217,5597.57
2026-09-25 09:15:15.224,70,23000,5634.35,-0.87,5633.7004707373435,-85.55073648918501,5634.35
2026-09-25 09:15:15.326,70,24000,5823.01,-0.39,5822.875103769924,-39.63566571154652,5823.01
2026-09-25 09:15:15.326,70,25000,5724.09,-2.22,5719.79381664365,-221.73187228062667,5724.09
2026-09-25 09:15:15.327,70,26000,5666.45,-0.11,5666.439557101969,-10.87879635098379,5666.45
2026-09-25 09:15:15.327,70,27000,5666.45,-0.11,5666.439557101969,-10.87879635098379,5666.45
2026-09-25 09:15:15.327,70,28000,5712.12,-1.59,5709.92067991937,-158.49518424582845,5712.12
2026-09-25 09:15:15.440,70,29000,5655.07,0.26,5655.011775110189,25.661805569879775,5655.07
2026-09-25 09:15:15.440,70,30000,5708.01,-1.32,5706.495259916143,-131.49147749793823,5708.01
2026-09-25 09:15:15.440,70,31000,5708.01,-1.32,5706.495259916143,-131.49147749793823,5708.01
2026-09-25 09:15:15.440,70,32000,5648.86,0.41,5648.715372322829,40.422049474951315,5648.86
2026-09-25 09:15:15.440,70,33000,5558.43,-1.56,5556.369848078557,-151.32143358916346,5558.43
2026-09-25 09:15:15.546,70,34000,5721.59,-0.95,5720.803536205678,-94.86320802404829,5721.59
2026-09-25 09:15:15.546,70,35000,5711.96,-0.64,5711.603659381606,-63.801878801862365,5711.96
2026-09-25 09:15:15.547,70,36000,5711.96,-0.64,5711.603659381606,-63.801878801862365,5711.96
2026-09-25 09:15:15.547,70,37000,5711.96,-0.64,5711.603659381606,-63.801878801862365,5711.96
2026-09-25 09:15:15.547,70,38000,5775.68,-2.09,5771.837868025677,-210.6349629686679,5775.68
2026-09-25 09:15:15.653,70,39000,5552.04,-0.89,5551.370194658383,-86.23875844739264,5552.04
2026-09-25 09:15:15.653,70,40000,5552.04,-0.89,5551.370194658383,-86.23875844739264,5552.04
2026-09-25 09:15:15.653,70,41000,5593.81,-1.79,5591.080373733152,-174.72999329241625,5593.81
2026-09-25 09:15:15.654,70,42000,5684.5,0.72,5684.051175776593,71.43165371691789,5684.5
2026-09-25 09:15:15.654,70,43000,5684.5,0.72,5684.051175776593,71.43165371691789,5684.5
2026-09-25 09:15:15.654,70,44000,5619.66,-1.4,5617.982474063723,-137.3005342773388,5619.66
2026-09-25 09:15:15.763,70,45000,5619.66,-1.4,5617.982474063723,-137.3005342773388,5619.66
2026-09-25 09:15:15.764,70,46000,5606.92,-1.07,5605.942303562934,-104.70327370006578,5606.92
2026-09-25 09:15:15.764,70,47000,5606.92,-1.07,5605.942303562934,-104.70327370006578,5606.92
2026-09-25 09:15:15.765,70,48000,5768.66,-0.17,5768.634607982634,-17.115933659558248,5768.66
2026-09-25 09:15:15.765,70,49000,5690.29,-0.13,5690.275353101966,-12.910847388542336,5690.29
2026-09-25 09:15:15.884,70,50000,5690.29,-0.13,5690.275353101966,-12.910847388542336,5690.29
2026-09-25 09:15:15.884,70,51000,5690.29,-0.13,5690.275353101966,-12.910847388542336,5690.29
2026-09-25 09:15:15.885,70,52000,5777.58,-1.53,5775.5201871576555,-154.26348931096905,5777.58
2026-09-25 09:15:15.885,70,53000,5714.13,-0.5,5713.912423438674,-49.864558287323455,5714.13
2026-09-25 09:15:15.885,70,54000,5747.67,-0.3,5747.591212361767,-30.094592234935376,5747.67
2026-09-25 09:15:15.885,70,55000,5833.5,-1.56,5831.3378973498375,-158.80987668143433,5833.5
2026-09-25 09:15:16.003,70,56000,5833.5,-1.56,5831.3378973498375,-158.80987668143433,5833.5
2026-09-25 09:15:16.003,70,57000,5724.07,0.05,5724.0678204358455,4.9951927717220626,5724.07
2026-09-25 09:15:16.003,70,58000,5681.64,-2.08,5677.896503554112,-206.21441396757828,5681.64
2026-09-25 09:15:16.004,70,59000,5868.53,-0.77,5868.000057216544,-78.86500749154894,5868.53
2026-09-25 09:15:16.004,70,60000,5868.53,-0.77,5868.000057216544,-78.86500749154894,5868.53
2026-09-25 09:15:16.004,70,61000,5843.96,-0.42,5843.8029895312175,-42.83808055939926,5843.96
2026-09-25 09:15:16.004,70,62000,5720.22,-1.4,5718.51245587612,-139.75743411236962,5720.22
2026-09-25 09:15:16.113,70,63000,5720.22,-1.4,5718.51245587612,-139.75743411236962,5720.22
2026-09-25 09:15:16.114,70,64000,5870.96,-0.22,5870.916720853352,-22.54281270227662,5870.96
2026-09-25 09:15:16.114,70,65000,5723.64,-0.71,5723.200551294369,-70.92460266954669,5723.64
2026-09-25 09:15:16.114,70,66000,5723.64,-0.71,5723.200551294369,-70.92460266954669,5723.64
2026-09-25 09:15:16.114,70,67000,5723.64,-0.71,5723.200551294369,-70.92460266954669,5723.64
2026-09-25 09:15:16.226,70,68000,5828.36,-1.88,5825.222759291221,-191.20694086660274,5828.36
2026-09-25 09:15:16.226,70,69000,5715.54,-0.13,5715.5252881080605,-12.968137772083542,5715.54
2026-09-25 09:15:16.227,70,70000,5715.54,-0.13,5715.5252881080605,-12.968137772083542,5715.54
2026-09-25 09:15:16.227,70,71000,5819.65,-1.21,5818.3522943196,-122.89304978655932,5819.65
2026-09-25 09:15:16.227,70,72000,5712.15,-2.27,5707.667510833933,-226.25032214512433,5712.15
2026-09-25 09:15:16.227,70,73000,5719.91,0.47,5719.717554741421,46.92016712263025,5719.91
2026-09-25 09:15:16.345,70,74000,5719.91,0.47,5719.717554741421,46.92016712263025,5719.91
2026-09-25 09:15:16.345,70,75000,5831.65,-0.6,5831.330246930389,-61.06777984150477,5831.65
2026-09-25 09:15:16.345,70,76000,5726.47,-1.72,5723.889903152243,-171.88088169370423,5726.47
2026-09-25 09:15:16.345,70,77000,5869.73,-0.23,5869.682706881411,-23.56254309942744,5869.73
2026-09-25 09:15:16.345,70,78000,5727.42,1.04,5726.476507340298,103.9551214691564,5727.42
2026-09-25 09:15:16.346,70,79000,5717.87,-1.32,5716.352643358494,-131.71861549666804,5717.87
2026-09-25 09:15:16.346,70,80000,5717.87,-1.32,5716.352643358494,-131.71861549666804,5717.87
2026-09-25 09:15:16.465,70,81000,5847.13,0.17,5847.1042625797845,17.348758494834644,5847.13
2026-09-25 09:15:16.465,70,82000,5748.4,-1.01,5747.506893558519,-101.32654389301588,5748.4
2026-09-25 09:15:16.465,70,83000,5713.92,-0.7,5713.49356821025,-69.8069654125355,5713.92
2026-09-25 09:15:16.465,70,84000,5713.92,-0.7,5713.49356821025,-69.8069654125355,5713.92
2026-09-25 09:15:16.466,70,85000,5745.03,-0.32,5744.940398378693,-32.086133710145766,5745.03
2026-09-25 09:15:16.466,70,86000,5745.03,-0.32,5744.940398378693,-32.086133710145766,5745.03
2026-09-25 09:15:16.573,70,87000,5876.65,-1.27,5875.206408800345,-130.2492859533026,5876.65
2026-09-25 09:15:16.573,70,88000,5645.2,-1.55,5643.134424935086,-152.69872989831097,5645.2
2026-09-25 09:15:16.573,70,89000,5755.27,0.02,5755.2696493689045,2.0089681760273006,5755.27
2026-09-25 09:15:16.574,70,90000,5755.27,0.02,5755.2696493689045,2.0089681760273006,5755.27
2026-09-25 09:15:16.574,70,91000,5663.02,-1.37,5661.401199695838,-135.39562948089298,5663.02
2026-09-25 09:15:16.574,70,92000,5799.76,-2.24,5795.328247672315,-226.6860369130196,5799.76
2026-09-25 09:15:16.686,70,93000,5875.49,-1.13,5874.347354165565,-115.87019766972735,5875.49
2026-09-25 09:15:16.686,70,94000,5625.59,-1.41,5623.886629490489,-138.42697258159905,5625.59
2026-09-25 09:15:16.687,70,95000,5625.59,-1.41,5623.886629490489,-138.42697258159905,5625.59
2026-09-25 09:15:16.687,70,96000,5625.59,-1.41,5623.886629490489,-138.42697258159905,5625.59
2026-09-25 09:15:16.687,70,97000,5868.14,-2.46,5862.732099361495,-251.87177435427208,5868.14
2026-09-25 09:15:16.687,70,98000,5868.14,-2.46,5862.732099361495,-251.87177435427208,5868.14
2026-09-25 09:15:16.796,70,99000,5868.14,-2.46,5862.732099361495,-251.87177435427208,5868.14
2026-09-25 09:15:16.796,70,100000,5899.77,-2.05,5895.994093670969,-211.04430884780774,5899.77
2026-09-25 09:15:27.145,71,10000,165119.7,-166.03,-160235.8329848757,-39862.17700694514,165119.7
2026-09-25 09:15:27.146,71,11000,6900.43,1.1,6899.158334395558,132.4706074580906,6900.43
2026-09-25 09:15:27.146,71,12000,13218.63,3.82,13189.261820064197,880.6541424968301,13218.63
2026-09-25 09:15:27.256,71,13000,10499.59,0.13,10499.562973886372,23.82279358912555,10499.59
2026-09-25 09:15:27.256,71,14000,166452.42,10.37,163733.56213376738,29962.122001689724,166452.42
2026-09-25 09:15:27.257,71,15000,8962.56,0.42,8962.319201680522,65.69840780882302,8962.56
2026-09-25 09:15:27.257,71,16000,164769.75,-30.84,141471.67219640478,-84467.96126943926,164769.75
2026-09-25 09:15:27.257,71,17000,161886.18,-169.24,-159039.86936738592,-30223.42182144863,161886.18
2026-09-25 09:15:27.353,71,18000,162725.43,-170.82,-160641.24496987296,-25960.66222603277,162725.43
2026-09-25 09:15:27.353,71,19000,162725.43,-170.82,-160641.24496987296,-25960.66222603277,162725.43
2026-09-25 09:15:27.354,71,20000,166713.8,-34.14,137983.79962065013,-93562.61086934393,166713.8
2026-09-25 09:15:27.354,71,21000,166713.8,-34.14,137983.79962065013,-93562.61086934393,166713.8
2026-09-25 09:15:27.470,71,22000,163796.21,-172.54,-162409.7969843855,-21266.317355263665,163796.21
2026-09-25 09:15:27.470,71,23000,164872.58,-174.06,-163987.34812052237,-17062.15965975589,164872.58
2026-09-25 09:15:27.470,71,24000,167809.34,-35.65,136360.60329095848,-97804.7057219715,167809.34
2026-09-25 09:15:27.471,71,25000,164958.76,-37.48,130905.62866036085,-100374.84189662922,164958.76
2026-09-25 09:15:27.471,71,26000,162071.88,-175.89,-161655.07797654305,-11615.93952860399,162071.88
2026-09-25 09:15:27.471,71,27000,162071.88,-175.89,-161655.07797654305,-11615.93952860399,162071.88
2026-09-25 09:15:27.580,71,28000,166288.37,-38.97,129285.11137695392,-104580.98284824789,166288.37
2026-09-25 09:15:27.580,71,29000,166288.37,-38.97,129285.11137695392,-104580.98284824789,166288.37
2026-09-25 09:15:27.580,71,30000,167844.96,-40.54,127554.17683307308,-109095.6578871896,167844.96
2026-09-25 09:15:27.581,71,31000,167844.96,-40.54,127554.17683307308,-109095.6578871896,167844.96
2026-09-25 09:15:27.581,71,32000,167844.96,-40.54,127554.17683307308,-109095.6578871896,167844.96
2026-09-25 09:15:27.690,71,33000,165158.26,-42.51,121747.96596829599,-111600.55389114446,165158.26
2026-09-25 09:15:27.691,71,34000,165158.26,-42.51,121747.96596829599,-111600.55389114446,165158.26
2026-09-25 09:15:27.691,71,35000,166911.28,-43.98,120106.39241382739,-115904.39979817033,166911.28
2026-09-25 09:15:27.691,71,36000,166911.28,-43.98,120106.39241382739,-115904.39979817033,166911.28
2026-09-25 09:15:27.692,71,37000,166911.28,-43.98,120106.39241382739,-115904.39979817033,166911.28
2026-09-25 09:15:27.692,71,38000,168773.04,-45.43,118441.56777388733,-120232.83267936946,168773.04
2026-09-25 09:15:27.796,71,39000,164538.73,-46.1,114091.45620418036,-118558.56481596973,164538.73
2026-09-25 09:15:27.796,71,40000,164538.73,-46.1,114091.45620418036,-118558.56481596973,164538.73
2026-09-25 09:15:27.796,71,41000,165776.46,-47.0,113059.27385696636,-121241.22766232234,165776.46
2026-09-25 09:15:27.796,71,42000,165776.46,-47.0,113059.27385696636,-121241.22766232234,165776.46
2026-09-25 09:15:27.797,71,43000,165776.46,-47.0,113059.27385696636,-121241.22766232234,165776.46
2026-09-25 09:15:27.906,71,44000,163885.52,-49.12,107259.29219765309,-123910.88694270923,163885.52
2026-09-25 09:15:27.906,71,45000,163885.52,-49.12,107259.29219765309,-123910.88694270923,163885.52
2026-09-25 09:15:27.907,71,46000,166117.48,-50.52,105618.96122258525,-128217.2070816255,166117.48
2026-09-25 09:15:27.907,71,47000,166117.48,-50.52,105618.96122258525,-128217.2070816255,166117.48
2026-09-25 09:15:27.907,71,48000,166117.48,-50.52,105618.96122258525,-128217.2070816255,166117.48
2026-09-25 09:15:28.013,71,49000,166731.1,-52.19,102213.65926023839,-131725.57674135227,166731.1
2026-09-25 09:15:28.013,71,50000,166731.1,-52.19,102213.65926023839,-131725.57674135227,166731.1
2026-09-25 09:15:28.013,71,51000,166731.1,-52.19,102213.65926023839,-131725.57674135227,166731.1
2026-09-25 09:15:28.013,71,52000,169288.73,-53.59,100482.90990112835,-136241.91323823453,169288.73
2026-09-25 09:15:28.014,71,53000,169288.73,-53.59,100482.90990112835,-136241.91323823453,169288.73
2026-09-25 09:15:28.014,71,54000,165614.03,-54.41,96384.2268153534,-134677.71810528796,165614.03
2026-09-25 09:15:28.124,71,55000,168087.2,-55.67,94794.20782460622,-138806.93414503965,168087.2
2026-09-25 09:15:28.125,71,56000,168087.2,-55.67,94794.20782460622,-138806.93414503965,168087.2
2026-09-25 09:15:28.125,71,57000,168087.2,-55.67,94794.20782460622,-138806.93414503965,168087.2
2026-09-25 09:15:28.125,71,58000,166841.2,-57.8,88905.71735117192,-141179.88326852213,166841.2
2026-09-25 09:15:28.126,71,59000,166841.2,-57.8,88905.71735117192,-141179.88326852213,166841.2
2026-09-25 09:15:28.126,71,60000,166841.2,-57.8,88905.71735117192,-141179.88326852213,166841.2
2026-09-25 09:15:28.236,71,61000,169655.06,-59.06,87226.48124973591,-145514.19295860137,169655.06
2026-09-25 09:15:28.236,71,62000,166063.03,-60.03,82956.20236710111,-143858.25809319902,166063.03
2026-09-25 09:15:28.236,71,63000,166063.03,-60.03,82956.20236710111,-143858.25809319902,166063.03
2026-09-25 09:15:28.237,71,64000,166063.03,-60.03,82956.20236710111,-143858.25809319902,166063.03
2026-09-25 09:15:28.237,71,65000,165439.28,-62.02,77618.0430771944,-146101.316748978,165439.28
2026-09-25 09:15:28.237,71,66000,165439.28,-62.02,77618.0430771944,-146101.316748978,165439.28
2026-09-25 09:15:28.352,71,67000,165439.28,-62.02,77618.0430771944,-146101.316748978,165439.28
2026-09-25 09:15:28.352,71,68000,168466.3,-63.19,75983.91450197772,-150357.3708623762,168466.3
2026-09-25 09:15:28.352,71,69000,165143.64,-64.24,71771.83092328283,-148732.06150110776,165143.64
2026-09-25 09:15:28.352,71,70000,165143.64,-64.24,71771.83092328283,-148732.06150110776,165143.64
2026-09-25 09:15:28.352,71,71000,168151.83,-65.32,70211.78302479038,-152791.83046494552,168151.83
2026-09-25 09:15:28.353,71,72000,165045.72,-66.38,66128.6836318619,-151218.67242981444,165045.72
2026-09-25 09:15:28.453,71,73000,165045.72,-66.38,66128.6836318619,-151218.67242981444,165045.72
2026-09-25 09:15:28.456,71,74000,165045.72,-66.38,66128.6836318619,-151218.67242981444,165045.72
2026-09-25 09:15:28.456,71,75000,168270.09,-67.46,64502.69236054831,-155416.29858817434,168270.09
2026-09-25 09:15:28.457,71,76000,165234.93,-68.58,60344.08756203319,-153821.88787168934,165234.93
2026-09-25 09:15:28.457,71,77000,165234.93,-68.58,60344.08756203319,-153821.88787168934,165234.93
2026-09-25 09:15:28.559,71,78000,165234.93,-68.58,60344.08756203319,-153821.88787168934,165234.93
2026-09-25 09:15:28.559,71,79000,164959.31,-70.94,53868.802232653754,-155915.76604594974,164959.31
2026-09-25 09:15:28.560,71,80000,164959.31,-70.94,53868.802232653754,-155915.76604594974,164959.31
2026-09-25 09:15:28.560,71,81000,164959.31,-70.94,53868.802232653754,-155915.76604594974,164959.31
2026-09-25 09:15:28.560,71,82000,162174.2,-72.12,49791.44131108272,-154341.4510680945,162174.2
2026-09-25 09:15:28.561,71,83000,165636.52,-73.08,48206.2178675744,-158466.45486226524,165636.52
2026-09-25 09:15:28.673,71,84000,165636.52,-73.08,48206.2178675744,-158466.45486226524,165636.52
2026-09-25 09:15:28.673,71,85000,162980.85,-74.3,44102.69069552535,-156900.31912057198,162980.85
2026-09-25 09:15:28.673,71,86000,162980.85,-74.3,44102.69069552535,-156900.31912057198,162980.85
2026-09-25 09:15:28.673,71,87000,166714.94,-75.25,42445.94851896764,-161221.0056832817,166714.94
2026-09-25 09:15:28.674,71,88000,164074.18,-76.55,38163.11647242784,-159574.1617047832,164074.18
2026-09-25 09:15:28.783,71,89000,164074.18,-76.55,38163.11647242784,-159574.1617047832,164074.18
2026-09-25 09:15:28.783,71,90000,164074.18,-76.55,38163.11647242784,-159574.1617047832,164074.18
2026-09-25 09:15:28.783,71,91000,161444.05,-77.93,33759.011233661025,-157874.983581719,161444.05
2026-09-25 09:15:28.784,71,92000,165342.48,-78.81,32086.880726749434,-162199.16084178042,165342.48
2026-09-25 09:15:28.784,71,93000,165342.48,-78.81,32086.880726749434,-162199.16084178042,165342.48
2026-09-25 09:15:28.784,71,94000,162978.64,-80.16,27852.626177584745,-160581.03347301428,162978.64
2026-09-25 09:15:28.886,71,95000,162978.64,-80.16,27852.626177584745,-160581.03347301428,162978.64
2026-09-25 09:15:28.886,71,96000,162978.64,-80.16,27852.626177584745,-160581.03347301428,162978.64
2026-09-25 09:15:28.886,71,97000,167100.96,-82.83,20856.49683874966,-165794.2621821902,167100.96
2026-09-25 09:15:28.887,71,98000,167100.96,-82.83,20856.49683874966,-165794.2621821902,167100.96
2026-09-25 09:15:28.887,71,99000,167100.96,-82.83,20856.49683874966,-165794.2621821902,167100.96
2026-09-25 09:15:28.887,71,100000,165046.05,-84.19,16707.600927242824,-164198.21768782538,165046.05
2026-09-25 09:15:39.235,72,10000,165119.7,-166.03,-160235.8329848757,-39862.17700694514,165119.7
2026-09-25 09:15:39.346,72,11000,165119.7,-166.03,-160235.8329848757,-39862.17700694514,165119.7
2026-09-25 09:15:39.346,72,12000,165119.7,-166.03,-160235.8329848757,-39862.17700694514,165119.7
2026-09-25 09:15:39.346,72,13000,161210.84,-167.74,-157534.27518935315,-34232.836196709555,161210.84
2026-09-25 09:15:39.346,72,14000,161210.84,-167.74,-157534.27518935315,-34232.836196709555,161210.84
2026-09-25 09:15:39.459,72,15000,161886.18,-169.24,-159039.86936738592,-30223.42182144863,161886.18
2026-09-25 09:15:39.459,72,16000,161886.18,-169.24,-159039.86936738592,-30223.42182144863,161886.18
2026-09-25 09:15:39.459,72,17000,161886.18,-169.24,-159039.86936738592,-30223.42182144863,161886.18
2026-09-25 09:15:39.459,72,18000,162725.43,-170.82,-160641.24496987296,-25960.66222603277,162725.43
2026-09-25 09:15:39.460,72,19000,162725.43,-170.82,-160641.24496987296,-25960.66222603277,162725.43
2026-09-25 09:15:39.563,72,20000,166713.8,-34.14,137983.79962065013,-93562.61086934393,166713.8
2026-09-25 09:15:39.563,72,21000,166713.8,-34.14,137983.79962065013,-93562.61086934393,166713.8
2026-09-25 09:15:39.563,72,22000,163796.21,-172.54,-162409.7969843855,-21266.317355263665,163796.21
2026-09-25 09:15:39.563,72,23000,167809.34,-35.65,136360.60329095848,-97804.7057219715,167809.34
2026-09-25 09:15:39.564,72,24000,167809.34,-35.65,136360.60329095848,-97804.7057219715,167809.34
2026-09-25 09:15:39.673,72,25000,164958.76,-37.48,130905.62866036085,-100374.84189662922,164958.76
2026-09-25 09:15:39.674,72,26000,164958.76,-37.48,130905.62866036085,-100374.84189662922,164958.76
2026-09-25 09:15:39.674,72,27000,162071.88,-175.89,-161655.07797654305,-11615.93952860399,162071.88
2026-09-25 09:15:39.674,72,28000,166288.37,-38.97,129285.11137695392,-104580.98284824789,166288.37
2026-09-25 09:15:39.674,72,29000,166288.37,-38.97,129285.11137695392,-104580.98284824789,166288.37
2026-09-25 09:15:39.786,72,30000,167844.96,-40.54,127554.17683307308,-109095.6578871896,167844.96
2026-09-25 09:15:39.786,72,31000,167844.96,-40.54,127554.17683307308,-109095.6578871896,167844.96
2026-09-25 09:15:39.786,72,32000,167844.96,-40.54,127554.17683307308,-109095.6578871896,167844.96
2026-09-25 09:15:39.786,72,33000,165158.26,-42.51,121747.96596829599,-111600.55389114446,165158.26
2026-09-25 09:15:39.787,72,34000,165158.26,-42.51,121747.96596829599,-111600.55389114446,165158.26
2026-09-25 09:15:39.885,72,35000,166911.28,-43.98,120106.39241382739,-115904.39979817033,166911.28
2026-09-25 09:15:39.886,72,36000,166911.28,-43.98,120106.39241382739,-115904.39979817033,166911.28
2026-09-25 09:15:39.886,72,37000,166911.28,-43.98,120106.39241382739,-115904.39979817033,166911.28
2026-09-25 09:15:39.886,72,38000,168773.04,-45.43,118441.56777388733,-120232.83267936946,168773.04
2026-09-25 09:15:39.886,72,39000,164538.73,-46.1,114091.45620418036,-118558.56481596973,164538.73
2026-09-25 09:15:40.006,72,40000,164538.73,-46.1,114091.45620418036,-118558.56481596973,164538.73
2026-09-25 09:15:40.006,72,41000,165776.46,-47.0,113059.27385696636,-121241.22766232234,165776.46
2026-09-25 09:15:40.007,72,42000,165776.46,-47.0,113059.27385696636,-121241.22766232234,165776.46
2026-09-25 09:15:40.007,72,43000,165776.46,-47.0,113059.27385696636,-121241.22766232234,165776.46
2026-09-25 09:15:40.007,72,44000,163885.52,-49.12,107259.29219765309,-123910.88694270923,163885.52
2026-09-25 09:15:40.008,72,45000,163885.52,-49.12,107259.29219765309,-123910.88694270923,163885.52
2026-09-25 09:15:40.103,72,46000,166117.48,-50.52,105618.96122258525,-128217.2070816255,166117.48
2026-09-25 09:15:40.103,72,47000,166117.48,-50.52,105618.96122258525,-128217.2070816255,166117.48
2026-09-25 09:15:40.103,72,48000,166117.48,-50.52,105618.96122258525,-128217.2070816255,166117.48
2026-09-25 09:15:40.103,72,49000,166731.1,-52.19,102213.65926023839,-131725.57674135227,166731.1
2026-09-25 09:15:40.104,72,50000,166731.1,-52.19,102213.65926023839,-131725.57674135227,166731.1
2026-09-25 09:15:40.223,72,51000,166731.1,-52.19,102213.65926023839,-131725.57674135227,166731.1
2026-09-25 09:15:40.224,72,52000,169288.73,-53.59,100482.90990112835,-136241.91323823453,169288.73
2026-09-25 09:15:40.224,72,53000,169288.73,-53.59,100482.90990112835,-136241.91323823453,169288.73
2026-09-25 09:15:40.224,72,54000,165614.03,-54.41,96384.2268153534,-134677.71810528796,165614.03
2026-09-25 09:15:40.224,72,55000,168087.2,-55.67,94794.20782460622,-138806.93414503965,168087.2
2026-09-25 09:15:40.225,72,56000,168087.2,-55.67,94794.20782460622,-138806.93414503965,168087.2
2026-09-25 09:15:40.330,72,57000,168087.2,-55.67,94794.20782460622,-138806.93414503965,168087.2
2026-09-25 09:15:40.330,72,58000,166841.2,-57.8,88905.71735117192,-141179.88326852213,166841.2
2026-09-25 09:15:40.331,72,59000,166841.2,-57.8,88905.71735117192,-141179.88326852213,166841.2
2026-09-25 09:15:40.331,72,60000,166841.2,-57.8,88905.71735117192,-141179.88326852213,166841.2
2026-09-25 09:15:40.331,72,61000,169655.06,-59.06,87226.48124973591,-145514.19295860137,169655.06
2026-09-25 09:15:40.331,72,62000,166063.03,-60.03,82956.20236710111,-143858.25809319902,166063.03
2026-09-25 09:15:40.440,72,63000,166063.03,-60.03,82956.20236710111,-143858.25809319902,166063.03
2026-09-25 09:15:40.441,72,64000,166063.03,-60.03,82956.20236710111,-143858.25809319902,166063.03
2026-09-25 09:15:40.441,72,65000,165439.28,-62.02,77618.0430771944,-146101.316748978,165439.28
2026-09-25 09:15:40.441,72,66000,165439.28,-62.02,77618.0430771944,-146101.316748978,165439.28
2026-09-25 09:15:40.441,72,67000,165439.28,-62.02,77618.0430771944,-146101.316748978,165439.28
2026-09-25 09:15:40.442,72,68000,168466.3,-63.19,75983.91450197772,-150357.3708623762,168466.3
2026-09-25 09:15:40.556,72,69000,165143.64,-64.24,71771.83092328283,-148732.06150110776,165143.64
2026-09-25 09:15:40.557,72,70000,165143.64,-64.24,71771.83092328283,-148732.06150110776,165143.64
2026-09-25 09:15:40.557,72,71000,168151.83,-65.32,70211.78302479038,-152791.83046494552,168151.83
2026-09-25 09:15:40.557,72,72000,165045.72,-66.38,66128.6836318619,-151218.67242981444,165045.72
2026-09-25 09:15:40.557,72,73000,165045.72,-66.38,66128.6836318619,-151218.67242981444,165045.72
2026-09-25 09:15:40.557,72,74000,165045.72,-66.38,66128.6836318619,-151218.67242981444,165045.72
2026-09-25 09:15:40.673,72,75000,168270.09,-67.46,64502.69236054831,-155416.29858817434,168270.09
2026-09-25 09:15:40.674,72,76000,165234.93,-68.58,60344.08756203319,-153821.88787168934,165234.93
2026-09-25 09:15:40.674,72,77000,165234.93,-68.58,60344.08756203319,-153821.88787168934,165234.93
2026-09-25 09:15:40.674,72,78000,165234.93,-68.58,60344.08756203319,-153821.88787168934,165234.93
2026-09-25 09:15:40.675,72,79000,164959.31,-70.94,53868.802232653754,-155915.76604594974,164959.31
2026-09-25 09:15:40.675,72,80000,164959.31,-70.94,53868.802232653754,-155915.76604594974,164959.31
2026-09-25 09:15:40.778,72,81000,164959.31,-70.94,53868.802232653754,-155915.76604594974,164959.31
2026-09-25 09:15:40.778,72,82000,162174.2,-72.12,49791.44131108272,-154341.4510680945,162174.2
2026-09-25 09:15:40.779,72,83000,165636.52,-73.08,48206.2178675744,-158466.45486226524,165636.52
2026-09-25 09:15:40.779,72,84000,165636.52,-73.08,48206.2178675744,-158466.45486226524,165636.52
2026-09-25 09:15:40.782,72,85000,162980.85,-74.3,44102.69069552535,-156900.31912057198,162980.85
2026-09-25 09:15:40.782,72,86000,162980.85,-74.3,44102.69069552535,-156900.31912057198,162980.85
2026-09-25 09:15:40.886,72,87000,166714.94,-75.25,42445.94851896764,-161221.0056832817,166714.94
2026-09-25 09:15:40.886,72,88000,164074.18,-76.55,38163.11647242784,-159574.1617047832,164074.18
2026-09-25 09:15:40.887,72,89000,164074.18,-76.55,38163.11647242784,-159574.1617047832,164074.18
2026-09-25 09:15:40.887,72,90000,164074.18,-76.55,38163.11647242784,-159574.1617047832,164074.18
2026-09-25 09:15:40.887,72,91000,161444.05,-77.93,33759.011233661025,-157874.983581719,161444.05
2026-09-25 09:15:41.007,72,92000,165342.48,-78.81,32086.880726749434,-162199.16084178042,165342.48
2026-09-25 09:15:41.007,72,93000,165342.48,-78.81,32086.880726749434,-162199.16084178042,165342.48
2026-09-25 09:15:41.008,72,94000,162978.64,-80.16,27852.626177584745,-160581.03347301428,162978.64
2026-09-25 09:15:41.008,72,95000,162978.64,-80.16,27852.626177584745,-160581.03347301428,162978.64
2026-09-25 09:15:41.008,72,96000,162978.64,-80.16,27852.626177584745,-160581.03347301428,162978.64
2026-09-25 09:15:41.008,72,97000,167100.96,-82.83,20856.49683874966,-165794.2621821902,167100.96
2026-09-25 09:15:41.008,72,98000,167100.96,-82.83,20856.49683874966,-165794.2621821902,167100.96
2026-09-25 09:15:41.123,72,99000,167100.96,-82.83,20856.49683874966,-165794.2621821902,167100.96
2026-09-25 09:15:41.124,72,100000,165046.05,-84.19,16707.600927242824,-164198.21768782538,165046.05
