Timestamp,Sweep_ID,Freq(Hz),Imp_AVG(Ohm),Fase_AVG(°),Real_AVG(Ohm),Imag_AVG(Ohm),Mag_AVG
2026-09-24 14:41:02.434,1,10000,1460.0,0.0,1460.0,0.0,1460.0
2026-09-24 14:41:02.435,1,11000,1460.0,0.0,1460.0,0.0,1460.0
2026-09-24 14:41:02.435,1,12000,1460.0,0.0,1460.0,0.0,1460.0
2026-09-24 14:41:02.435,1,13000,1460.0,0.0,1460.0,0.0,1460.0
2026-09-24 14:41:02.541,1,14000,1460.0,0.0,1460.0,0.0,1460.0
2026-09-24 14:41:02.541,1,15000,1460.0,0.0,1460.0,0.0,1460.0
2026-09-24 14:41:02.541,1,16000,1460.0,0.0,1460.0,0.0,1460.0
2026-09-24 14:41:02.541,1,17000,1460.0,0.0,1460.0,0.0,1460.0
2026-09-24 14:41:02.658,1,18000,1460.0,0.0,1460.0,0.0,1460.0
2026-09-24 14:41:02.658,1,19000,1460.0,0.0,1460.0,0.0,1460.0
2026-09-24 14:41:02.658,1,20000,1460.0,0.0,1460.0,0.0,1460.0
2026-09-24 14:41:02.658,1,21000,1460.0,0.0,1460.0,0.0,1460.0
2026-09-24 14:41:02.658,1,22000,1460.0,0.0,1460.0,0.0,1460.0
2026-09-24 14:41:02.659,1,23000,1460.0,0.0,1460.0,0.0,1460.0
2026-09-24 14:41:02.761,1,24000,1460.0,0.0,1460.0,0.0,1460.0
2026-09-24 14:41:02.762,1,25000,1460.0,0.0,1460.0,0.0,1460.0
2026-09-24 14:41:02.762,1,26000,1460.0,0.0,1460.0,0.0,1460.0
2026-09-24 14:41:02.762,1,27000,1460.0,0.0,1460.0,0.0,1460.0
2026-09-24 14:41:02.762,1,28000,1460.0,0.0,1460.0,0.0,1460.0
2026-09-24 14:41:02.884,1,29000,1460.0,0.0,1460.0,0.0,1460.0
2026-09-24 14:41:02.884,1,30000,1460.0,0.0,1460.0,0.0,1460.0
2026-09-24 14:41:02.885,1,31000,1460.0,0.0,1460.0,0.0,1460.0
2026-09-24 14:41:02.885,1,32000,1460.0,0.0,1460.0,0.0,1460.0
2026-09-24 14:41:02.885,1,33000,1460.0,0.0,1460.0,0.0,1460.0
2026-09-24 14:41:02.994,1,34000,1460.0,0.0,1460.0,0.0,1460.0
2026-09-24 14:41:02.994,1,35000,1460.0,0.0,1460.0,0.0,1460.0
2026-09-24 14:41:02.994,1,36000,1460.0,0.0,1460.0,0.0,1460.0
2026-09-24 14:41:02.994,1,37000,1460.0,0.0,1460.0,0.0,1460.0
2026-09-24 14:41:02.995,1,38000,1460.0,0.0,1460.0,0.0,1460.0
2026-09-24 14:41:02.995,1,39000,1460.0,0.0,1460.0,0.0,1460.0
2026-09-24 14:41:03.107,1,40000,1460.0,0.0,1460.0,0.0,1460.0
2026-09-24 14:41:03.107,1,41000,1460.0,0.0,1460.0,0.0,1460.0
2026-09-24 14:41:03.107,1,42000,1460.0,0.0,1460.0,0.0,1460.0
2026-09-24 14:41:03.108,1,43000,1460.0,0.0,1460.0,0.0,1460.0
2026-09-24 14:41:03.108,1,44000,1460.0,0.0,1460.0,0.0,1460.0
2026-09-24 14:41:03.108,1,45000,1460.0,0.0,1460.0,0.0,1460.0
2026-09-24 14:41:03.214,1,46000,1460.0,0.0,1460.0,0.0,1460.0
2026-09-24 14:41:03.214,1,47000,1460.0,0.0,1460.0,0.0,1460.0
2026-09-24 14:41:03.214,1,48000,1460.0,0.0,1460.0,0.0,1460.0
2026-09-24 14:41:03.214,1,49000,1460.0,0.0,1460.0,0.0,1460.0
2026-09-24 14:41:03.214,1,50000,1460.0,0.0,1460.0,0.0,1460.0
2026-09-24 14:41:03.334,1,51000,1460.0,0.0,1460.0,0.0,1460.0
2026-09-24 14:41:03.334,1,52000,1460.0,0.0,1460.0,0.0,1460.0
2026-09-24 14:41:03.334,1,53000,1460.0,0.0,1460.0,0.0,1460.0
2026-09-24 14:41:03.334,1,54000,1460.0,0.0,1460.0,0.0,1460.0
2026-09-24 14:41:03.335,1,55000,1460.0,0.0,1460.0,0.0,1460.0
2026-09-24 14:41:03.335,1,56000,1460.0,0.0,1460.0,0.0,1460.0
2026-09-24 14:41:03.441,1,57000,1460.0,0.0,1460.0,0.0,1460.0
2026-09-24 14:41:03.441,1,58000,1460.0,0.0,1460.0,0.0,1460.0
2026-09-24 14:41:03.442,1,59000,1460.0,0.0,1460.0,0.0,1460.0
2026-09-24 14:41:03.442,1,60000,1460.0,0.0,1460.0,0.0,1460.0
2026-09-24 14:41:03.442,1,61000,1460.0,0.0,1460.0,0.0,1460.0
2026-09-24 14:41:03.442,1,62000,1460.0,0.0,1460.0,0.0,1460.0
2026-09-24 14:41:03.540,1,63000,1460.0,0.0,1460.0,0.0,1460.0
2026-09-24 14:41:03.540,1,64000,1460.0,0.0,1460.0,0.0,1460.0
2026-09-24 14:41:03.541,1,65000,1460.0,0.0,1460.0,0.0,1460.0
2026-09-24 14:41:03.541,1,66000,1460.0,0.0,1460.0,0.0,1460.0
2026-09-24 14:41:03.541,1,67000,1460.0,0.0,1460.0,0.0,1460.0
2026-09-24 14:41:03.669,1,68000,1460.0,0.0,1460.0,0.0,1460.0
2026-09-24 14:41:03.669,1,69000,1460.0,0.0,1460.0,0.0,1460.0
2026-09-24 14:41:03.669,1,70000,1460.0,0.0,1460.0,0.0,1460.0
2026-09-24 14:41:03.670,1,71000,1460.0,0.0,1460.0,0.0,1460.0
2026-09-24 14:41:03.670,1,72000,1460.0,0.0,1460.0,0.0,1460.0
2026-09-24 14:41:03.670,1,73000,1460.0,0.0,1460.0,0.0,1460.0
2026-09-24 14:41:03.670,1,74000,1460.0,0.0,1460.0,0.0,1460.0
2026-09-24 14:41:03.783,1,75000,1460.0,0.0,1460.0,0.0,1460.0
2026-09-24 14:41:03.783,1,76000,1460.0,0.0,1460.0,0.0,1460.0
2026-09-24 14:41:03.783,1,77000,1460.0,0.0,1460.0,0.0,1460.0
2026-09-24 14:41:03.784,1,78000,1460.0,0.0,1460.0,0.0,1460.0
2026-09-24 14:41:03.784,1,79000,1460.0,0.0,1460.0,0.0,1460.0
2026-09-24 14:41:03.785,1,80000,1460.0,0.0,1460.0,0.0,1460.0
2026-09-24 14:41:03.892,1,81000,1460.0,0.0,1460.0,0.0,1460.0
2026-09-24 14:41:03.892,1,82000,1460.0,0.0,1460.0,0.0,1460.0
2026-09-24 14:41:03.893,1,83000,1460.0,0.0,1460.0,0.0,1460.0
2026-09-24 14:41:03.893,1,84000,1460.0,0.0,1460.0,0.0,1460.0
2026-09-24 14:41:03.893,1,85000,1460.0,0.0,1460.0,0.0,1460.0
2026-09-24 14:41:03.893,1,86000,1460.0,0.0,1460.0,0.0,1460.0
2026-09-24 14:41:04.000,1,87000,1460.0,0.0,1460.0,0.0,1460.0
2026-09-24 14:41:04.000,1,88000,1460.0,0.0,1460.0,0.0,1460.0
2026-09-24 14:41:04.000,1,89000,1460.0,0.0,1460.0,0.0,1460.0
2026-09-24 14:41:04.001,1,90000,1460.0,0.0,1460.0,0.0,1460.0
2026-09-24 14:41:04.001,1,91000,1460.0,0.0,1460.0,0.0,1460.0
2026-09-24 14:41:04.107,1,92000,1460.0,0.0,1460.0,0.0,1460.0
2026-09-24 14:41:04.107,1,93000,1460.0,0.0,1460.0,0.0,1460.0
2026-09-24 14:41:04.107,1,94000,1460.0,0.0,1460.0,0.0,1460.0
2026-09-24 14:41:04.107,1,95000,1460.0,0.0,1460.0,0.0,1460.0
2026-09-24 14:41:04.107,1,96000,1460.0,0.0,1460.0,0.0,1460.0
2026-09-24 14:41:04.108,1,97000,1460.0,0.0,1460.0,0.0,1460.0
2026-09-24 14:41:04.217,1,98000,1460.0,0.0,1460.0,0.0,1460.0
2026-09-24 14:41:04.217,1,99000,1460.0,0.0,1460.0,0.0,1460.0
2026-09-24 14:41:04.217,1,100000,1460.0,0.0,1460.0,0.0,1460.0
2026-09-24 14:41:14.512,2,10000,1460.0,0.0,1460.0,0.0,1460.0
2026-09-24 14:41:14.633,2,11000,1460.0,0.0,1460.0,0.0,1460.0
2026-09-24 14:41:14.634,2,12000,1460.0,0.0,1460.0,0.0,1460.0
2026-09-24 14:41:14.634,2,13000,1460.0,0.0,1460.0,0.0,1460.0
2026-09-24 14:41:14.634,2,14000,1460.0,0.0,1460.0,0.0,1460.0
2026-09-24 14:41:14.634,2,15000,1460.0,0.0,1460.0,0.0,1460.0
2026-09-24 14:41:14.749,2,16000,1460.0,0.0,1460.0,0.0,1460.0
2026-09-24 14:41:14.750,2,17000,1460.0,0.0,1460.0,0.0,1460.0
2026-09-24 14:41:14.750,2,18000,1460.0,0.0,1460.0,0.0,1460.0
2026-09-24 14:41:14.751,2,19000,1460.0,0.0,1460.0,0.0,1460.0
2026-09-24 14:41:14.751,2,20000,1460.0,0.0,1460.0,0.0,1460.0
2026-09-24 14:41:14.861,2,21000,1460.0,0.0,1460.0,0.0,1460.0
2026-09-24 14:41:14.862,2,22000,1460.0,0.0,1460.0,0.0,1460.0
2026-09-24 14:41:14.862,2,23000,1460.0,0.0,1460.0,0.0,1460.0
2026-09-24 14:41:14.862,2,24000,1460.0,0.0,1460.0,0.0,1460.0
2026-09-24 14:41:14.862,2,25000,1460.0,0.0,1460.0,0.0,1460.0
2026-09-24 14:41:14.968,2,26000,1460.0,0.0,1460.0,0.0,1460.0
2026-09-24 14:41:14.968,2,27000,1460.0,0.0,1460.0,0.0,1460.0
2026-09-24 14:41:14.969,2,28000,1460.0,0.0,1460.0,0.0,1460.0
2026-09-24 14:41:14.969,2,29000,1460.0,0.0,1460.0,0.0,1460.0
2026-09-24 14:41:14.969,2,30000,1460.0,0.0,1460.0,0.0,1460.0
2026-09-24 14:41:15.073,2,31000,1460.0,0.0,1460.0,0.0,1460.0
2026-09-24 14:41:15.074,2,32000,1460.0,0.0,1460.0,0.0,1460.0
2026-09-24 14:41:15.074,2,33000,1460.0,0.0,1460.0,0.0,1460.0
2026-09-24 14:41:15.074,2,34000,1460.0,0.0,1460.0,0.0,1460.0
2026-09-24 14:41:15.074,2,35000,1460.0,0.0,1460.0,0.0,1460.0
2026-09-24 14:41:15.184,2,36000,1460.0,0.0,1460.0,0.0,1460.0
2026-09-24 14:41:15.184,2,37000,1460.0,0.0,1460.0,0.0,1460.0
2026-09-24 14:41:15.184,2,38000,1460.0,0.0,1460.0,0.0,1460.0
2026-09-24 14:41:15.184,2,39000,1460.0,0.0,1460.0,0.0,1460.0
2026-09-24 14:41:15.184,2,40000,1460.0,0.0,1460.0,0.0,1460.0
2026-09-24 14:41:15.301,2,41000,1460.0,0.0,1460.0,0.0,1460.0
2026-09-24 14:41:15.301,2,42000,1460.0,0.0,1460.0,0.0,1460.0
2026-09-24 14:41:15.302,2,43000,1460.0,0.0,1460.0,0.0,1460.0
2026-09-24 14:41:15.302,2,44000,1460.0,0.0,1460.0,0.0,1460.0
2026-09-24 14:41:15.302,2,45000,1460.0,0.0,1460.0,0.0,1460.0
2026-09-24 14:41:15.302,2,46000,1460.0,0.0,1460.0,0.0,1460.0
2026-09-24 14:41:15.407,2,47000,1460.0,0.0,1460.0,0.0,1460.0
2026-09-24 14:41:15.407,2,48000,1460.0,0.0,1460.0,0.0,1460.0
2026-09-24 14:41:15.408,2,49000,1460.0,0.0,1460.0,0.0,1460.0
2026-09-24 14:41:15.408,2,50000,1460.0,0.0,1460.0,0.0,1460.0
2026-09-24 14:41:15.408,2,51000,1460.0,0.0,1460.0,0.0,1460.0
2026-09-24 14:41:15.408,2,52000,1460.0,0.0,1460.0,0.0,1460.0
2026-09-24 14:41:15.517,2,53000,1460.0,0.0,1460.0,0.0,1460.0
2026-09-24 14:41:15.517,2,54000,1435.82,1.44,1435.3665526567477,36.082293639452814,1435.82
2026-09-24 14:41:15.517,2,55000,1460.0,0.0,1460.0,0.0,1460.0
2026-09-24 14:41:15.517,2,56000,1460.0,0.0,1460.0,0.0,1460.0
2026-09-24 14:41:15.518,2,57000,1460.0,0.0,1460.0,0.0,1460.0
2026-09-24 14:41:15.635,2,58000,1460.0,0.0,1460.0,0.0,1460.0
2026-09-24 14:41:15.635,2,59000,1460.0,0.0,1460.0,0.0,1460.0
2026-09-24 14:41:15.635,2,60000,1460.0,0.0,1460.0,0.0,1460.0
2026-09-24 14:41:15.636,2,61000,1460.0,0.0,1460.0,0.0,1460.0
2026-09-24 14:41:15.636,2,62000,1460.0,0.0,1460.0,0.0,1460.0
2026-09-24 14:41:15.636,2,63000,1460.0,0.0,1460.0,0.0,1460.0
2026-09-24 14:41:15.636,2,64000,1460.0,0.0,1460.0,0.0,1460.0
2026-09-24 14:41:15.750,2,65000,1460.0,0.0,1460.0,0.0,1460.0
2026-09-24 14:41:15.751,2,66000,1460.0,0.0,1460.0,0.0,1460.0
2026-09-24 14:41:15.752,2,67000,1460.0,0.0,1460.0,0.0,1460.0
2026-09-24 14:41:15.752,2,68000,1460.0,0.0,1460.0,0.0,1460.0
2026-09-24 14:41:15.752,2,69000,1460.0,0.0,1460.0,0.0,1460.0
2026-09-24 14:41:15.752,2,70000,1460.0,0.0,1460.0,0.0,1460.0
2026-09-24 14:41:15.867,2,71000,1460.0,0.0,1460.0,0.0,1460.0
2026-09-24 14:41:15.867,2,72000,1460.0,0.0,1460.0,0.0,1460.0
2026-09-24 14:41:15.868,2,73000,1460.0,0.0,1460.0,0.0,1460.0
2026-09-24 14:41:15.868,2,74000,1460.0,0.0,1460.0,0.0,1460.0
2026-09-24 14:41:15.868,2,75000,1460.0,0.0,1460.0,0.0,1460.0
2026-09-24 14:41:15.868,2,76000,1460.0,0.0,1460.0,0.0,1460.0
2026-09-24 14:41:15.964,2,77000,1460.0,0.0,1460.0,0.0,1460.0
2026-09-24 14:41:15.964,2,78000,1460.0,0.0,1460.0,0.0,1460.0
2026-09-24 14:41:15.964,2,79000,1460.0,0.0,1460.0,0.0,1460.0
2026-09-24 14:41:15.965,2,80000,1460.0,0.0,1460.0,0.0,1460.0
2026-09-24 14:41:15.965,2,81000,1460.0,0.0,1460.0,0.0,1460.0
2026-09-24 14:41:16.084,2,82000,1460.0,0.0,1460.0,0.0,1460.0
2026-09-24 14:41:16.084,2,83000,1460.0,0.0,1460.0,0.0,1460.0
2026-09-24 14:41:16.084,2,84000,1460.0,0.0,1460.0,0.0,1460.0
2026-09-24 14:41:16.085,2,85000,1460.0,0.0,1460.0,0.0,1460.0
2026-09-24 14:41:16.085,2,86000,1460.0,0.0,1460.0,0.0,1460.0
2026-09-24 14:41:16.085,2,87000,1460.0,0.0,1460.0,0.0,1460.0
2026-09-24 14:41:16.190,2,88000,1460.0,0.0,1460.0,0.0,1460.0
2026-09-24 14:41:16.190,2,89000,1460.0,0.0,1460.0,0.0,1460.0
2026-09-24 14:41:16.191,2,90000,1460.0,0.0,1460.0,0.0,1460.0
2026-09-24 14:41:16.191,2,91000,1460.0,0.0,1460.0,0.0,1460.0
2026-09-24 14:41:16.191,2,92000,1460.0,0.0,1460.0,0.0,1460.0
2026-09-24 14:41:16.191,2,93000,1460.0,0.0,1460.0,0.0,1460.0
2026-09-24 14:41:16.290,2,94000,1460.0,0.0,1460.0,0.0,1460.0
2026-09-24 14:41:16.291,2,95000,1460.0,0.0,1460.0,0.0,1460.0
2026-09-24 14:41:16.291,2,96000,1460.0,0.0,1460.0,0.0,1460.0
2026-09-24 14:41:16.291,2,97000,1460.0,0.0,1460.0,0.0,1460.0
2026-09-24 14:41:16.292,2,98000,1460.0,0.0,1460.0,0.0,1460.0
2026-09-24 14:41:16.416,2,99000,1460.0,0.0,1460.0,0.0,1460.0
2026-09-24 14:41:16.417,2,100000,1460.0,0.0,1460.0,0.0,1460.0
2026-09-24 14:41:26.714,3,10000,50043.72,156.17,-45777.405124128025,20218.879581714158,50043.72
2026-09-24 14:41:26.715,3,11000,4361.39,-0.52,4361.210380547102,-39.5821766480756,4361.39
2026-09-24 14:41:26.715,3,12000,51109.69,11.72,50044.153386161524,10381.865138713662,51109.69
2026-09-24 14:41:26.834,3,13000,10534.38,-4.79,10497.588136496082,-879.6620378853969,10534.38
2026-09-24 14:41:26.834,3,14000,50378.29,153.07,-44915.29408203104,22816.407711310898,50378.29
2026-09-24 14:41:26.834,3,15000,4377.76,-2.09,4374.847800627474,-159.6538096788111,4377.76
2026-09-24 14:41:26.835,3,16000,50600.34,151.53,-44481.08057822094,24121.108571320172,50600.34
2026-09-24 14:41:26.950,3,17000,50600.34,151.53,-44481.08057822094,24121.108571320172,50600.34
2026-09-24 14:41:26.950,3,18000,50876.21,149.92,-44024.52907609493,25499.599675135527,50876.21
2026-09-24 14:41:26.951,3,19000,8612.65,0.98,8611.390195655413,147.3055350957174,8612.65
2026-09-24 14:41:26.951,3,20000,4362.31,-0.36,4362.223891735336,-27.409021752397468,4362.31
2026-09-24 14:41:26.952,3,21000,50757.46,4.85,50575.72073842594,4291.412056695618,50757.46
2026-09-24 14:41:26.952,3,22000,4273.8,-2.51,4269.699687843202,-187.16574374512928,4273.8
2026-09-24 14:41:27.057,3,23000,3964.11,-5.01,3948.9650042611734,-346.1841810663106,3964.11
2026-09-24 14:41:27.057,3,24000,49517.45,-174.85,-49317.55356306665,-4444.858271818352,49517.45
2026-09-24 14:41:27.058,3,25000,51127.46,3.26,51044.72352944681,2907.4672575866994,51127.46
2026-09-24 14:41:27.058,3,26000,5712.47,-1.92,5709.262914869289,-191.39088222336184,5712.47
2026-09-24 14:41:27.058,3,27000,51516.49,1.77,51491.90993659969,1591.2111742964912,51516.49
2026-09-24 14:41:27.178,3,28000,50589.39,144.68,-41277.69591880559,29247.875140028886,50589.39
2026-09-24 14:41:27.178,3,29000,4290.49,-2.53,4286.307825898736,-189.39287668559587,4290.49
2026-09-24 14:41:27.179,3,30000,10035.36,-3.79,10013.412869112828,-663.334788990909,10035.36
2026-09-24 14:41:27.179,3,31000,50145.49,140.98,-38959.34699151274,31571.180676924432,50145.49
2026-09-24 14:41:27.179,3,32000,49456.43,179.95,-49456.41116838857,43.15887151121448,49456.43
2026-09-24 14:41:27.284,3,33000,4118.09,-0.54,4117.907103717495,-38.811509285146,4118.09
2026-09-24 14:41:27.284,3,34000,51581.14,-3.41,51489.81362148282,-3068.0770727871695,51581.14
2026-09-24 14:41:27.284,3,35000,50652.88,139.51,-38522.49304752383,32889.69111587822,50652.88
2026-09-24 14:41:27.284,3,36000,49956.85,178.48,-49939.27151305817,1325.15005473194,49956.85
2026-09-24 14:41:27.285,3,37000,49938.23,137.35,-36729.87384663382,33834.05359609258,49938.23
2026-09-24 14:41:27.285,3,38000,4101.07,-4.17,4090.2131879437884,-298.21338345337495,4101.07
2026-09-24 14:41:27.390,3,39000,3983.42,-0.08,3983.41611705944,-5.561901751980686,3983.42
2026-09-24 14:41:27.390,3,40000,50555.1,135.85,-36274.23094064176,35213.609665511256,50555.1
2026-09-24 14:41:27.391,3,41000,49860.42,174.82,-49656.78878231708,4501.645299748556,49860.42
2026-09-24 14:41:27.391,3,42000,50555.1,135.85,-36274.23094064176,35213.609665511256,50555.1
2026-09-24 14:41:27.391,3,43000,4021.5,-2.8,4016.698881318577,-196.4493492330587,4021.5
2026-09-24 14:41:27.501,3,44000,4021.5,-2.8,4016.698881318577,-196.4493492330587,4021.5
2026-09-24 14:41:27.502,3,45000,52019.74,-9.73,51271.44192571455,-8791.620585857887,52019.74
2026-09-24 14:41:27.502,3,46000,50381.64,172.16,-49910.715339146496,6872.419037303131,50381.64
2026-09-24 14:41:27.502,3,47000,50381.64,172.16,-49910.715339146496,6872.419037303131,50381.64
2026-09-24 14:41:27.503,3,48000,4183.19,-0.48,4183.043204661457,-35.04460066264427,4183.19
2026-09-24 14:41:27.607,3,49000,4183.19,-0.48,4183.043204661457,-35.04460066264427,4183.19
2026-09-24 14:41:27.608,3,50000,51528.9,-11.93,50415.92124537527,-10651.874022448785,51528.9
2026-09-24 14:41:27.608,3,51000,50630.89,168.61,-49633.74790644854,9998.904487553362,50630.89
2026-09-24 14:41:27.608,3,52000,50630.89,168.61,-49633.74790644854,9998.904487553362,50630.89
2026-09-24 14:41:27.608,3,53000,4141.45,-2.73,4136.749757228213,-197.25503433961396,4141.45
2026-09-24 14:41:27.609,3,54000,4141.45,-2.73,4136.749757228213,-197.25503433961396,4141.45
2026-09-24 14:41:27.718,3,55000,4034.06,-0.25,4034.021598656286,-17.601851453224754,4034.06
2026-09-24 14:41:27.718,3,56000,51873.99,-15.61,49960.64987291951,-13958.664076323612,51873.99
2026-09-24 14:41:27.719,3,57000,49068.86,165.34,-47471.407242190915,12418.474791441327,49068.86
2026-09-24 14:41:27.719,3,58000,49873.67,164.05,-47953.6269117331,13705.204313661525,49873.67
2026-09-24 14:41:27.719,3,59000,49873.67,164.05,-47953.6269117331,13705.204313661525,49873.67
2026-09-24 14:41:27.719,3,60000,4004.6,-2.47,4000.8794210140313,-172.58336683013903,4004.6
2026-09-24 14:41:27.833,3,61000,4247.77,-2.05,4245.051388659683,-151.94959867833023,4247.77
2026-09-24 14:41:27.834,3,62000,4247.77,-2.05,4245.051388659683,-151.94959867833023,4247.77
2026-09-24 14:41:27.834,3,63000,9943.85,1.44,9940.709625604743,249.88989957423138,9943.85
2026-09-24 14:41:27.834,3,64000,50583.09,160.64,-47722.8347939698,16768.42369382302,50583.09
2026-09-24 14:41:27.835,3,65000,49514.62,159.59,-46406.14849995347,17267.512129564773,49514.62
2026-09-24 14:41:27.835,3,66000,49514.62,159.59,-46406.14849995347,17267.512129564773,49514.62
2026-09-24 14:41:27.941,3,67000,4001.25,-0.32,4001.187595019129,-22.347079564026775,4001.25
2026-09-24 14:41:27.941,3,68000,4312.34,1.65,4310.551966676591,124.16931255575727,4312.34
2026-09-24 14:41:27.941,3,69000,3986.8,-2.44,3983.1853753537566,-169.7306854047115,3986.8
2026-09-24 14:41:27.942,3,70000,3986.8,-2.44,3983.1853753537566,-169.7306854047115,3986.8
2026-09-24 14:41:27.942,3,71000,50314.39,156.29,-46067.47441651282,20231.797793474427,50314.39
2026-09-24 14:41:28.050,3,72000,49334.28,155.17,-44773.70714380965,20716.81277896696,49334.28
2026-09-24 14:41:28.050,3,73000,49334.28,155.17,-44773.70714380965,20716.81277896696,49334.28
2026-09-24 14:41:28.050,3,74000,4226.39,-1.71,4224.5078497336335,-126.11843496856352,4226.39
2026-09-24 14:41:28.051,3,75000,4068.98,0.46,4068.8488634888204,32.667514226437035,4068.98
2026-09-24 14:41:28.051,3,76000,3978.57,-0.93,3978.0459073065595,-64.57557016033618,3978.57
2026-09-24 14:41:28.051,3,77000,3978.57,-0.93,3978.0459073065595,-64.57557016033618,3978.57
2026-09-24 14:41:28.152,3,78000,49187.35,152.7,-43708.72683863039,22559.75616376408,49187.35
2026-09-24 14:41:28.153,3,79000,49347.58,150.44,-42924.47698123829,24344.874773626263,49347.58
2026-09-24 14:41:28.153,3,80000,49347.58,150.44,-42924.47698123829,24344.874773626263,49347.58
2026-09-24 14:41:28.153,3,81000,8773.11,-2.92,8761.71931043463,-446.91587268402935,8773.11
2026-09-24 14:41:28.154,3,82000,4117.6,-1.26,4116.604382589726,-90.54345499849903,4117.6
2026-09-24 14:41:28.154,3,83000,5387.15,-0.56,5386.892690154233,-52.652324382584425,5387.15
2026-09-24 14:41:28.268,3,84000,3962.75,0.49,3962.6050858054737,33.88947400882299,3962.75
2026-09-24 14:41:28.268,3,85000,49531.94,148.25,-42119.59538734673,26064.396493488974,49531.94
2026-09-24 14:41:28.268,3,86000,48673.71,146.92,-40784.153842536056,26566.57374432111,48673.71
2026-09-24 14:41:28.268,3,87000,48673.71,146.92,-40784.153842536056,26566.57374432111,48673.71
2026-09-24 14:41:28.269,3,88000,51404.67,-35.91,41634.66175932581,-30149.544573598996,51404.67
2026-09-24 14:41:28.269,3,89000,3916.13,-3.17,3910.1377547814423,-216.55695678676176,3916.13
2026-09-24 14:41:28.384,3,90000,4092.91,0.39,4092.815183379551,27.859339507822565,4092.91
2026-09-24 14:41:28.384,3,91000,4092.91,0.39,4092.815183379551,27.859339507822565,4092.91
2026-09-24 14:41:28.384,3,92000,48178.32,143.19,-38572.85462445519,28866.68328961687,48178.32
2026-09-24 14:41:28.385,3,93000,49395.7,142.3,-39083.04026740225,30206.806218907263,49395.7
2026-09-24 14:41:28.385,3,94000,49395.7,142.3,-39083.04026740225,30206.806218907263,49395.7
2026-09-24 14:41:28.385,3,95000,48650.34,140.84,-37722.770128298245,30722.11249187089,48650.34
2026-09-24 14:41:28.500,3,96000,4241.48,0.54,4241.291623610868,39.974415421411635,4241.48
2026-09-24 14:41:28.500,3,97000,4241.48,0.54,4241.291623610868,39.974415421411635,4241.48
2026-09-24 14:41:28.500,3,98000,4010.92,-4.77,3997.028324042958,-333.5323420574691,4010.92
2026-09-24 14:41:28.501,3,99000,31256.5,-7.61,30981.206565245735,-4139.279165697162,31256.5
2026-09-24 14:41:28.501,3,100000,49233.32,138.61,-36936.140308125076,32552.13260849276,49233.32
2026-09-24 14:41:38.862,4,10000,49356.07,-164.86,-47642.94692748389,-12890.742954145562,49356.07
2026-09-24 14:41:38.862,4,11000,49500.25,-166.39,-48110.28029382461,-11647.990389424756,49500.25
2026-09-24 14:41:38.971,4,12000,49500.25,-166.39,-48110.28029382461,-11647.990389424756,49500.25
2026-09-24 14:41:38.972,4,13000,49686.04,-167.96,-48593.05705705328,-10364.235462954532,49686.04
2026-09-24 14:41:38.974,4,14000,49686.04,-167.96,-48593.05705705328,-10364.235462954532,49686.04
2026-09-24 14:41:38.974,4,15000,49686.04,-167.96,-48593.05705705328,-10364.235462954532,49686.04
2026-09-24 14:41:38.974,4,16000,49905.03,-169.49,-49067.77762792355,-9103.03344811746,49905.03
2026-09-24 14:41:39.074,4,17000,49905.03,-169.49,-49067.77762792355,-9103.03344811746,49905.03
2026-09-24 14:41:39.074,4,18000,50177.12,-171.11,-49574.33487026617,-7754.269383063236,50177.12
2026-09-24 14:41:39.074,4,19000,50177.12,-171.11,-49574.33487026617,-7754.269383063236,50177.12
2026-09-24 14:41:39.074,4,20000,50876.21,149.92,-44024.52907609493,25499.599675135527,50876.21
2026-09-24 14:41:39.184,4,21000,49159.11,-173.26,-48819.36922657607,-5769.513351344045,49159.11
2026-09-24 14:41:39.184,4,22000,49159.11,-173.26,-48819.36922657607,-5769.513351344045,49159.11
2026-09-24 14:41:39.185,4,23000,49517.45,-174.85,-49317.55356306665,-4444.858271818352,49517.45
2026-09-24 14:41:39.185,4,24000,49517.45,-174.85,-49317.55356306665,-4444.858271818352,49517.45
2026-09-24 14:41:39.185,4,25000,49517.45,-174.85,-49317.55356306665,-4444.858271818352,49517.45
2026-09-24 14:41:39.294,4,26000,49894.24,-176.34,-49792.47706185953,-3185.0295480250384,49894.24
2026-09-24 14:41:39.294,4,27000,49894.24,-176.34,-49792.47706185953,-3185.0295480250384,49894.24
2026-09-24 14:41:39.295,4,28000,50782.97,-37.94,40050.24526729136,-31223.194840546126,50782.97
2026-09-24 14:41:39.295,4,29000,50318.29,-177.86,-50283.19642019517,-1878.9535098483916,50318.29
2026-09-24 14:41:39.295,4,30000,48946.46,-178.4,-48927.3765114181,-1366.665372917623,48946.46
2026-09-24 14:41:39.411,4,31000,49456.43,179.95,-49456.41116838857,43.15887151121448,49456.43
2026-09-24 14:41:39.411,4,32000,50337.37,-41.64,37618.84822496596,-33446.57047806061,50337.37
2026-09-24 14:41:39.412,4,33000,50337.37,-41.64,37618.84822496596,-33446.57047806061,50337.37
2026-09-24 14:41:39.412,4,34000,49956.85,178.48,-49939.27151305817,1325.15005473194,49956.85
2026-09-24 14:41:39.412,4,35000,49956.85,178.48,-49939.27151305817,1325.15005473194,49956.85
2026-09-24 14:41:39.412,4,36000,50846.7,-43.12,37114.21264765449,-34755.174009558395,50846.7
2026-09-24 14:41:39.517,4,37000,49252.02,176.33,-49151.01743044484,3152.6115575039316,49252.02
2026-09-24 14:41:39.517,4,38000,50129.32,-45.27,35279.35012539809,-35613.42693973685,50129.32
2026-09-24 14:41:39.517,4,39000,49252.02,176.33,-49151.01743044484,3152.6115575039316,49252.02
2026-09-24 14:41:39.518,4,40000,50748.55,-46.78,34752.684293115584,-36981.97211514737,50748.55
2026-09-24 14:41:39.518,4,41000,50748.55,-46.78,34752.684293115584,-36981.97211514737,50748.55
2026-09-24 14:41:39.618,4,42000,49860.42,174.82,-49656.78878231708,4501.645299748556,49860.42
2026-09-24 14:41:39.618,4,43000,50608.55,-48.0,33863.729748442594,-37609.48205741398,50608.55
2026-09-24 14:41:39.619,4,44000,50608.55,-48.0,33863.729748442594,-37609.48205741398,50608.55
2026-09-24 14:41:39.619,4,45000,51279.05,-49.44,33343.8939395215,-38957.999253714785,51279.05
2026-09-24 14:41:39.619,4,46000,51279.05,-49.44,33343.8939395215,-38957.999253714785,51279.05
2026-09-24 14:41:39.728,4,47000,51279.05,-49.44,33343.8939395215,-38957.999253714785,51279.05
2026-09-24 14:41:39.728,4,48000,50795.21,-51.63,31530.48426228503,-39824.38852173246,50795.21
2026-09-24 14:41:39.729,4,49000,50795.21,-51.63,31530.48426228503,-39824.38852173246,50795.21
2026-09-24 14:41:39.729,4,50000,50795.21,-51.63,31530.48426228503,-39824.38852173246,50795.21
2026-09-24 14:41:39.729,4,51000,51532.74,-52.99,31020.359699238154,-41150.462646700355,51532.74
2026-09-24 14:41:39.730,4,52000,51532.74,-52.99,31020.359699238154,-41150.462646700355,51532.74
2026-09-24 14:41:39.842,4,53000,50288.43,-53.88,29643.941400659736,-40622.19750455595,50288.43
2026-09-24 14:41:39.843,4,54000,50288.43,-53.88,29643.941400659736,-40622.19750455595,50288.43
2026-09-24 14:41:39.843,4,55000,51135.38,-55.32,29095.648029121778,-42050.806811639915,51135.38
2026-09-24 14:41:39.843,4,56000,51135.38,-55.32,29095.648029121778,-42050.806811639915,51135.38
2026-09-24 14:41:39.844,4,57000,49942.89,-56.26,27739.534958955028,-41530.83748027497,49942.89
2026-09-24 14:41:39.844,4,58000,50762.03,-57.55,27237.04771080704,-42836.04698989067,50762.03
2026-09-24 14:41:39.950,4,59000,50762.03,-57.55,27237.04771080704,-42836.04698989067,50762.03
2026-09-24 14:41:39.951,4,60000,50762.03,-57.55,27237.04771080704,-42836.04698989067,50762.03
2026-09-24 14:41:39.951,4,61000,50556.61,-59.69,25514.824346549838,-43645.899615620336,50556.61
2026-09-24 14:41:39.951,4,62000,50556.61,-59.69,25514.824346549838,-43645.899615620336,50556.61
2026-09-24 14:41:39.952,4,63000,50556.61,-59.69,25514.824346549838,-43645.899615620336,50556.61
2026-09-24 14:41:39.952,4,64000,51484.09,-60.96,24991.412208637048,-45011.5633914896,51484.09
2026-09-24 14:41:40.061,4,65000,50396.59,-62.0,23659.7658663798,-44497.54782879826,50396.59
2026-09-24 14:41:40.061,4,66000,50396.59,-62.0,23659.7658663798,-44497.54782879826,50396.59
2026-09-24 14:41:40.061,4,67000,50396.59,-62.0,23659.7658663798,-44497.54782879826,50396.59
2026-09-24 14:41:40.062,4,68000,51234.23,-63.07,23204.06429942493,-45678.41638762287,51234.23
2026-09-24 14:41:40.062,4,69000,50214.53,-64.13,21910.14208769779,-45182.349394623045,50214.53
2026-09-24 14:41:40.178,4,70000,50214.53,-64.13,21910.14208769779,-45182.349394623045,50214.53
2026-09-24 14:41:40.178,4,71000,51210.61,-65.3,21399.227748268164,-46525.25796113171,51210.61
2026-09-24 14:41:40.178,4,72000,50213.04,-66.43,20078.64669308488,-46023.87785721529,50213.04
2026-09-24 14:41:40.178,4,73000,50213.04,-66.43,20078.64669308488,-46023.87785721529,50213.04
2026-09-24 14:41:40.179,4,74000,50213.04,-66.43,20078.64669308488,-46023.87785721529,50213.04
2026-09-24 14:41:40.179,4,75000,51201.21,-67.51,19585.598423802978,-47307.16901110895,51201.21
2026-09-24 14:41:40.179,4,76000,50063.49,-68.9,18022.696603350105,-46706.90996120052,50063.49
2026-09-24 14:41:40.283,4,77000,50063.49,-68.9,18022.696603350105,-46706.90996120052,50063.49
2026-09-24 14:41:40.283,4,78000,50063.49,-68.9,18022.696603350105,-46706.90996120052,50063.49
2026-09-24 14:41:40.284,4,79000,50226.58,-71.15,16227.790099720893,-47532.81147771296,50226.58
2026-09-24 14:41:40.284,4,80000,50226.58,-71.15,16227.790099720893,-47532.81147771296,50226.58
2026-09-24 14:41:40.284,4,81000,50226.58,-71.15,16227.790099720893,-47532.81147771296,50226.58
2026-09-24 14:41:40.384,4,82000,49350.58,-72.39,14930.33937396804,-47037.90718680562,49350.58
2026-09-24 14:41:40.384,4,83000,49350.58,-72.39,14930.33937396804,-47037.90718680562,49350.58
2026-09-24 14:41:40.384,4,84000,50414.22,-73.35,14444.911836620833,-48300.49792953124,50414.22
2026-09-24 14:41:40.385,4,85000,50414.22,-73.35,14444.911836620833,-48300.49792953124,50414.22
2026-09-24 14:41:40.385,4,86000,49540.7,-74.68,13089.134868858193,-47780.283641632355,49540.7
2026-09-24 14:41:40.500,4,87000,49540.7,-74.68,13089.134868858193,-47780.283641632355,49540.7
2026-09-24 14:41:40.500,4,88000,50672.74,-75.61,12593.231591957456,-49082.96137336178,50672.74
2026-09-24 14:41:40.501,4,89000,49821.19,-77.02,11190.383387692007,-48548.18526631626,49821.19
2026-09-24 14:41:40.501,4,90000,49821.19,-77.02,11190.383387692007,-48548.18526631626,49821.19
2026-09-24 14:41:40.501,4,91000,49821.19,-77.02,11190.383387692007,-48548.18526631626,49821.19
2026-09-24 14:41:40.502,4,92000,49036.49,-78.4,9860.155469494879,-48034.931931225736,49036.49
2026-09-24 14:41:40.502,4,93000,50275.55,-79.3,9334.491205148355,-49401.398783268356,50275.55
2026-09-24 14:41:40.607,4,94000,50275.55,-79.3,9334.491205148355,-49401.398783268356,50275.55
2026-09-24 14:41:40.607,4,95000,49516.92,-80.75,7959.476761599409,-48873.02012325368,49516.92
2026-09-24 14:41:40.607,4,96000,49516.92,-80.75,7959.476761599409,-48873.02012325368,49516.92
2026-09-24 14:41:40.608,4,97000,49516.92,-80.75,7959.476761599409,-48873.02012325368,49516.92
2026-09-24 14:41:40.608,4,98000,48823.19,-82.18,6642.951603223457,-48369.15417674089,48823.19
2026-09-24 14:41:40.717,4,99000,50110.28,-82.99,6115.587531575704,-49735.698957811335,50110.28
2026-09-24 14:41:40.718,4,100000,50110.28,-82.99,6115.587531575704,-49735.698957811335,50110.28
2026-09-24 14:41:51.044,5,10000,1993.19,-0.22,1993.1753067364948,-7.653281379885187,1993.19
2026-09-24 14:41:51.044,5,11000,1990.53,0.44,1990.4713055975537,15.286022791098285,1990.53
2026-09-24 14:41:51.045,5,12000,1990.53,0.44,1990.4713055975537,15.286022791098285,1990.53
2026-09-24 14:41:51.158,5,13000,1998.0,-1.13,1997.6114355777645,-39.40244216977907,1998.0
2026-09-24 14:41:51.158,5,14000,1998.0,-1.13,1997.6114355777645,-39.40244216977907,1998.0
2026-09-24 14:41:51.158,5,15000,1987.29,0.94,1987.0225565582082,32.60220588981674,1987.29
2026-09-24 14:41:51.159,5,16000,1996.04,-0.59,1995.9341735652079,-20.553744052393416,1996.04
2026-09-24 14:41:51.159,5,17000,1996.04,-0.59,1995.9341735652079,-20.553744052393416,1996.04
2026-09-24 14:41:51.267,5,18000,1993.19,-0.1,1993.186964198796,-3.47877104562485,1993.19
2026-09-24 14:41:51.267,5,19000,2069.4,0.35,2069.3613896336437,12.641166620069802,2069.4
2026-09-24 14:41:51.268,5,20000,2069.4,0.35,2069.3613896336437,12.641166620069802,2069.4
2026-09-24 14:41:51.268,5,21000,2027.42,-1.8,2026.4195906166917,-63.68280117017886,2027.42
2026-09-24 14:41:51.269,5,22000,2010.0,0.32,2009.968651293583,11.225899387364903,2010.0
2026-09-24 14:41:51.373,5,23000,2024.65,-1.27,2024.1526474398884,-44.87407226997595,2024.65
2026-09-24 14:41:51.374,5,24000,2024.65,-1.27,2024.1526474398884,-44.87407226997595,2024.65
2026-09-24 14:41:51.374,5,25000,2024.65,-1.27,2024.1526474398884,-44.87407226997595,2024.65
2026-09-24 14:41:51.374,5,26000,2018.62,-0.55,2018.5269960582614,-19.377063348470173,2018.62
2026-09-24 14:41:51.374,5,27000,2018.62,-0.55,2018.5269960582614,-19.377063348470173,2018.62
2026-09-24 14:41:51.484,5,28000,2018.62,-0.55,2018.5269960582614,-19.377063348470173,2018.62
2026-09-24 14:41:51.484,5,29000,2009.0,0.32,2008.9686668899544,11.220314362794074,2009.0
2026-09-24 14:41:51.485,5,30000,1954.23,-0.21,1954.2168738150635,-7.1626110099948885,1954.23
2026-09-24 14:41:51.485,5,31000,1974.59,-1.86,1973.549626166677,-64.09010186736447,1974.59
2026-09-24 14:41:51.485,5,32000,2062.2,-0.99,2061.8921670486698,-35.630485028115615,2062.2
2026-09-24 14:41:51.590,5,33000,2033.09,1.16,2032.673339349429,41.15876089050122,2033.09
2026-09-24 14:41:51.590,5,34000,2053.66,-0.31,2053.6299409250028,-11.111315690315214,2053.66
2026-09-24 14:41:51.590,5,35000,2053.66,-0.31,2053.6299409250028,-11.111315690315214,2053.66
2026-09-24 14:41:51.591,5,36000,2053.66,-0.31,2053.6299409250028,-11.111315690315214,2053.66
2026-09-24 14:41:51.591,5,37000,1995.28,-0.48,1995.2099821898867,-16.715423112543508,1995.28
2026-09-24 14:41:51.700,5,38000,1995.28,-0.48,1995.2099821898867,-16.715423112543508,1995.28
2026-09-24 14:41:51.701,5,39000,1995.28,-0.48,1995.2099821898867,-16.715423112543508,1995.28
2026-09-24 14:41:51.701,5,40000,2019.93,-1.98,2018.7239974706604,-69.78987703153778,2019.93
2026-09-24 14:41:51.702,5,41000,2056.19,0.97,2055.8953400724135,34.80900413018723,2056.19
2026-09-24 14:41:51.702,5,42000,2056.19,0.97,2055.8953400724135,34.80900413018723,2056.19
2026-09-24 14:41:51.702,5,43000,2050.52,-0.25,2050.5004805274802,-8.947052954558538,2050.52
2026-09-24 14:41:51.816,5,44000,2050.52,-0.25,2050.5004805274802,-8.947052954558538,2050.52
2026-09-24 14:41:51.817,5,45000,2037.31,0.44,2037.2499262040521,15.64526387069396,2037.31
2026-09-24 14:41:51.817,5,46000,2037.31,0.44,2037.2499262040521,15.64526387069396,2037.31
2026-09-24 14:41:51.817,5,47000,2037.31,0.44,2037.2499262040521,15.64526387069396,2037.31
2026-09-24 14:41:51.817,5,48000,2018.08,-1.75,2017.1387489957535,-61.62916273847891,2018.08
2026-09-24 14:41:51.918,5,49000,2045.29,1.24,2044.8110324913457,44.26088003730038,2045.29
2026-09-24 14:41:51.918,5,50000,2045.29,1.24,2044.8110324913457,44.26088003730038,2045.29
2026-09-24 14:41:51.918,5,51000,2074.99,-0.12,2074.985449039344,-4.345845716344488,2074.99
2026-09-24 14:41:51.918,5,52000,2074.99,-0.12,2074.985449039344,-4.345845716344488,2074.99
2026-09-24 14:41:51.918,5,53000,2024.89,-1.01,2024.5754007545943,-35.69255887960632,2024.89
2026-09-24 14:41:51.919,5,54000,1981.51,0.91,1981.2600836535883,31.470001922086677,1981.51
2026-09-24 14:41:52.034,5,55000,2082.18,0.77,2081.9919739926595,27.981648095648033,2082.18
2026-09-24 14:41:52.034,5,56000,2082.18,0.77,2081.9919739926595,27.981648095648033,2082.18
2026-09-24 14:41:52.034,5,57000,2033.63,-0.17,2033.621048533234,-6.03389282226504,2033.63
2026-09-24 14:41:52.034,5,58000,2018.52,0.41,2018.4683198629596,14.44410293513713,2018.52
2026-09-24 14:41:52.035,5,59000,2018.52,0.41,2018.4683198629596,14.44410293513713,2018.52
2026-09-24 14:41:52.035,5,60000,2018.52,0.41,2018.4683198629596,14.44410293513713,2018.52
2026-09-24 14:41:52.150,5,61000,2077.37,-0.28,2077.3451941682656,-10.151904550916958,2077.37
2026-09-24 14:41:52.151,5,62000,2077.37,-0.28,2077.3451941682656,-10.151904550916958,2077.37
2026-09-24 14:41:52.151,5,63000,2044.55,0.84,2044.3302781390948,29.973594774917714,2044.55
2026-09-24 14:41:52.151,5,64000,2082.05,-0.43,2081.991365831999,-15.625463225420594,2082.05
2026-09-24 14:41:52.151,5,65000,2038.07,-1.47,2037.3992592650557,-52.283680495948694,2038.07
2026-09-24 14:41:52.151,5,66000,2101.57,0.02,2101.5698719650354,0.7335863043252001,2101.57
2026-09-24 14:41:52.267,5,67000,2101.57,0.02,2101.5698719650354,0.7335863043252001,2101.57
2026-09-24 14:41:52.267,5,68000,2079.35,0.69,2079.1992194688128,25.040532348156415,2079.35
2026-09-24 14:41:52.268,5,69000,2037.96,-0.37,2037.917506516576,-13.160479978417774,2037.96
2026-09-24 14:41:52.268,5,70000,2037.96,-0.37,2037.917506516576,-13.160479978417774,2037.96
2026-09-24 14:41:52.268,5,71000,2078.39,-1.55,2077.629518429964,-56.21900255674742,2078.39
2026-09-24 14:41:52.268,5,72000,2100.26,-1.03,2099.9206400757494,-37.75411214497856,2100.26
2026-09-24 14:41:52.382,5,73000,2039.55,0.64,2039.422762675466,22.781518412303022,2039.55
2026-09-24 14:41:52.382,5,74000,2039.55,0.64,2039.422762675466,22.781518412303022,2039.55
2026-09-24 14:41:52.383,5,75000,2079.68,-0.44,2079.6186768474327,-15.97063891435511,2079.68
2026-09-24 14:41:52.383,5,76000,2089.38,-0.17,2089.3708031374285,-6.199306159421393,2089.38
2026-09-24 14:41:52.383,5,77000,2089.38,-0.17,2089.3708031374285,-6.199306159421393,2089.38
2026-09-24 14:41:52.383,5,78000,2027.79,1.34,2027.2354540758492,47.420436922129355,2027.79
2026-09-24 14:41:52.501,5,79000,2034.4,-0.91,2034.1434129451077,-32.30999182961133,2034.4
2026-09-24 14:41:52.501,5,80000,2034.4,-0.91,2034.1434129451077,-32.30999182961133,2034.4
2026-09-24 14:41:52.501,5,81000,2070.05,0.27,2070.0270156461197,9.754844705079954,2070.05
2026-09-24 14:41:52.501,5,82000,2033.94,-0.97,2033.6485285829058,-34.43233643804951,2033.94
2026-09-24 14:41:52.501,5,83000,2033.94,-0.97,2033.6485285829058,-34.43233643804951,2033.94
2026-09-24 14:41:52.502,5,84000,2010.12,-0.4,2010.071014793528,-14.033170950138475,2010.12
2026-09-24 14:41:52.607,5,85000,2010.12,-0.4,2010.071014793528,-14.033170950138475,2010.12
2026-09-24 14:41:52.607,5,86000,2021.51,0.01,2021.509969210642,0.3528200518286535,2021.51
2026-09-24 14:41:52.607,5,87000,2021.51,0.01,2021.509969210642,0.3528200518286535,2021.51
2026-09-24 14:41:52.608,5,88000,2067.7,-0.92,2067.4334500589416,-33.19969242902484,2067.7
2026-09-24 14:41:52.608,5,89000,2032.95,-2.32,2031.283642932665,-82.29498438058671,2032.95
2026-09-24 14:41:52.608,5,90000,2082.58,-0.37,2082.5365761454054,-13.448621363252117,2082.58
2026-09-24 14:41:52.717,5,91000,2015.55,0.88,2015.312274854068,30.955408614996358,2015.55
2026-09-24 14:41:52.718,5,92000,1983.8,-0.51,1983.72141129903,-17.657926089556803,1983.8
2026-09-24 14:41:52.719,5,93000,2033.93,-1.41,2033.3141470173955,-50.04822113643044,2033.93
2026-09-24 14:41:52.719,5,94000,2078.39,0.57,2078.287151511583,20.67626566547088,2078.39
2026-09-24 14:41:52.719,5,95000,2047.03,-0.88,2046.7885619282692,-31.438887696735875,2047.03
2026-09-24 14:41:52.719,5,96000,2047.03,-0.88,2046.7885619282692,-31.438887696735875,2047.03
2026-09-24 14:41:52.835,5,97000,2047.03,-0.88,2046.7885619282692,-31.438887696735875,2047.03
2026-09-24 14:41:52.835,5,98000,1992.49,0.88,1992.2549946783668,30.601246365157944,1992.49
2026-09-24 14:41:52.835,5,99000,2045.02,0.07,2045.0184737758361,2.4984626372945216,2045.02
2026-09-24 14:41:52.836,5,100000,2045.02,0.07,2045.0184737758361,2.4984626372945216,2045.02
2026-09-24 14:42:03.244,6,10000,1993.19,-0.22,1993.1753067364948,-7.653281379885187,1993.19
2026-09-24 14:42:03.244,6,11000,1990.53,0.44,1990.4713055975537,15.286022791098285,1990.53
2026-09-24 14:42:03.245,6,12000,1990.53,0.44,1990.4713055975537,15.286022791098285,1990.53
2026-09-24 14:42:03.245,6,13000,1998.0,-1.13,1997.6114355777645,-39.40244216977907,1998.0
2026-09-24 14:42:03.245,6,14000,1998.0,-1.13,1997.6114355777645,-39.40244216977907,1998.0
2026-09-24 14:42:03.361,6,15000,1987.29,0.94,1987.0225565582082,32.60220588981674,1987.29
2026-09-24 14:42:03.361,6,16000,1996.04,-0.59,1995.9341735652079,-20.553744052393416,1996.04
2026-09-24 14:42:03.362,6,17000,1996.04,-0.59,1995.9341735652079,-20.553744052393416,1996.04
2026-09-24 14:42:03.362,6,18000,1993.19,-0.1,1993.186964198796,-3.47877104562485,1993.19
2026-09-24 14:42:03.362,6,19000,2069.4,0.35,2069.3613896336437,12.641166620069802,2069.4
2026-09-24 14:42:03.467,6,20000,2069.4,0.35,2069.3613896336437,12.641166620069802,2069.4
2026-09-24 14:42:03.468,6,21000,2027.42,-1.8,2026.4195906166917,-63.68280117017886,2027.42
2026-09-24 14:42:03.468,6,22000,2010.0,0.32,2009.968651293583,11.225899387364903,2010.0
2026-09-24 14:42:03.468,6,23000,2024.65,-1.27,2024.1526474398884,-44.87407226997595,2024.65
2026-09-24 14:42:03.583,6,24000,2024.65,-1.27,2024.1526474398884,-44.87407226997595,2024.65
2026-09-24 14:42:03.583,6,25000,2024.65,-1.27,2024.1526474398884,-44.87407226997595,2024.65
2026-09-24 14:42:03.583,6,26000,2018.62,-0.55,2018.5269960582614,-19.377063348470173,2018.62
2026-09-24 14:42:03.583,6,27000,2018.62,-0.55,2018.5269960582614,-19.377063348470173,2018.62
2026-09-24 14:42:03.584,6,28000,2018.62,-0.55,2018.5269960582614,-19.377063348470173,2018.62
2026-09-24 14:42:03.584,6,29000,2009.0,0.32,2008.9686668899544,11.220314362794074,2009.0
2026-09-24 14:42:03.683,6,30000,1954.23,-0.21,1954.2168738150635,-7.1626110099948885,1954.23
2026-09-24 14:42:03.683,6,31000,1974.59,-1.86,1973.549626166677,-64.09010186736447,1974.59
2026-09-24 14:42:03.684,6,32000,2062.2,-0.99,2061.8921670486698,-35.630485028115615,2062.2
2026-09-24 14:42:03.684,6,33000,2033.09,1.16,2032.673339349429,41.15876089050122,2033.09
2026-09-24 14:42:03.684,6,34000,2053.66,-0.31,2053.6299409250028,-11.111315690315214,2053.66
2026-09-24 14:42:03.790,6,35000,2053.66,-0.31,2053.6299409250028,-11.111315690315214,2053.66
2026-09-24 14:42:03.791,6,36000,2053.66,-0.31,2053.6299409250028,-11.111315690315214,2053.66
2026-09-24 14:42:03.791,6,37000,1995.28,-0.48,1995.2099821898867,-16.715423112543508,1995.28
2026-09-24 14:42:03.791,6,38000,1995.28,-0.48,1995.2099821898867,-16.715423112543508,1995.28
2026-09-24 14:42:03.791,6,39000,1995.28,-0.48,1995.2099821898867,-16.715423112543508,1995.28
2026-09-24 14:42:03.900,6,40000,2019.93,-1.98,2018.7239974706604,-69.78987703153778,2019.93
2026-09-24 14:42:03.900,6,41000,2056.19,0.97,2055.8953400724135,34.80900413018723,2056.19
2026-09-24 14:42:03.901,6,42000,2056.19,0.97,2055.8953400724135,34.80900413018723,2056.19
2026-09-24 14:42:03.901,6,43000,2050.52,-0.25,2050.5004805274802,-8.947052954558538,2050.52
2026-09-24 14:42:03.901,6,44000,2050.52,-0.25,2050.5004805274802,-8.947052954558538,2050.52
2026-09-24 14:42:03.901,6,45000,2037.31,0.44,2037.2499262040521,15.64526387069396,2037.31
2026-09-24 14:42:04.017,6,46000,2037.31,0.44,2037.2499262040521,15.64526387069396,2037.31
2026-09-24 14:42:04.017,6,47000,2037.31,0.44,2037.2499262040521,15.64526387069396,2037.31
2026-09-24 14:42:04.018,6,48000,2086.6,-0.67,2086.4573379044396,-24.399530829914422,2086.6
2026-09-24 14:42:04.018,6,49000,2045.29,1.24,2044.8110324913457,44.26088003730038,2045.29
2026-09-24 14:42:04.018,6,50000,2045.29,1.24,2044.8110324913457,44.26088003730038,2045.29
2026-09-24 14:42:04.124,6,51000,2074.99,-0.12,2074.985449039344,-4.345845716344488,2074.99
2026-09-24 14:42:04.124,6,52000,2074.99,-0.12,2074.985449039344,-4.345845716344488,2074.99
2026-09-24 14:42:04.124,6,53000,2024.89,-1.01,2024.5754007545943,-35.69255887960632,2024.89
2026-09-24 14:42:04.124,6,54000,1981.51,0.91,1981.2600836535883,31.470001922086677,1981.51
2026-09-24 14:42:04.125,6,55000,2082.18,0.77,2081.9919739926595,27.981648095648033,2082.18
2026-09-24 14:42:04.125,6,56000,2082.18,0.77,2081.9919739926595,27.981648095648033,2082.18
2026-09-24 14:42:04.234,6,57000,2033.63,-0.17,2033.621048533234,-6.03389282226504,2033.63
2026-09-24 14:42:04.234,6,58000,2018.52,0.41,2018.4683198629596,14.44410293513713,2018.52
2026-09-24 14:42:04.234,6,59000,2018.52,0.41,2018.4683198629596,14.44410293513713,2018.52
2026-09-24 14:42:04.235,6,60000,2018.52,0.41,2018.4683198629596,14.44410293513713,2018.52
2026-09-24 14:42:04.235,6,61000,2077.37,-0.28,2077.3451941682656,-10.151904550916958,2077.37
2026-09-24 14:42:04.235,6,62000,2077.37,-0.28,2077.3451941682656,-10.151904550916958,2077.37
2026-09-24 14:42:04.340,6,63000,2044.55,0.84,2044.3302781390948,29.973594774917714,2044.55
2026-09-24 14:42:04.341,6,64000,2082.05,-0.43,2081.991365831999,-15.625463225420594,2082.05
2026-09-24 14:42:04.341,6,65000,2038.07,-1.47,2037.3992592650557,-52.283680495948694,2038.07
2026-09-24 14:42:04.341,6,66000,2101.57,0.02,2101.5698719650354,0.7335863043252001,2101.57
2026-09-24 14:42:04.341,6,67000,2101.57,0.02,2101.5698719650354,0.7335863043252001,2101.57
2026-09-24 14:42:04.451,6,68000,2079.35,0.69,2079.1992194688128,25.040532348156415,2079.35
2026-09-24 14:42:04.451,6,69000,2037.96,-0.37,2037.917506516576,-13.160479978417774,2037.96
2026-09-24 14:42:04.451,6,70000,2037.96,-0.37,2037.917506516576,-13.160479978417774,2037.96
2026-09-24 14:42:04.452,6,71000,2078.39,-1.55,2077.629518429964,-56.21900255674742,2078.39
2026-09-24 14:42:04.452,6,72000,2100.26,-1.03,2099.9206400757494,-37.75411214497856,2100.26
2026-09-24 14:42:04.452,6,73000,2039.55,0.64,2039.422762675466,22.781518412303022,2039.55
2026-09-24 14:42:04.567,6,74000,2039.55,0.64,2039.422762675466,22.781518412303022,2039.55
2026-09-24 14:42:04.568,6,75000,2079.68,-0.44,2079.6186768474327,-15.97063891435511,2079.68
2026-09-24 14:42:04.568,6,76000,2089.38,-0.17,2089.3708031374285,-6.199306159421393,2089.38
2026-09-24 14:42:04.568,6,77000,2089.38,-0.17,2089.3708031374285,-6.199306159421393,2089.38
2026-09-24 14:42:04.568,6,78000,2027.79,1.34,2027.2354540758492,47.420436922129355,2027.79
2026-09-24 14:42:04.568,6,79000,2034.4,-0.91,2034.1434129451077,-32.30999182961133,2034.4
2026-09-24 14:42:04.667,6,80000,2034.4,-0.91,2034.1434129451077,-32.30999182961133,2034.4
2026-09-24 14:42:04.668,6,81000,2070.05,0.27,2070.0270156461197,9.754844705079954,2070.05
2026-09-24 14:42:04.668,6,82000,2033.94,-0.97,2033.6485285829058,-34.43233643804951,2033.94
2026-09-24 14:42:04.668,6,83000,2033.94,-0.97,2033.6485285829058,-34.43233643804951,2033.94
2026-09-24 14:42:04.668,6,84000,2010.12,-0.4,2010.071014793528,-14.033170950138475,2010.12
2026-09-24 14:42:04.668,6,85000,2010.12,-0.4,2010.071014793528,-14.033170950138475,2010.12
2026-09-24 14:42:04.784,6,86000,2021.51,0.01,2021.509969210642,0.3528200518286535,2021.51
2026-09-24 14:42:04.784,6,87000,2021.51,0.01,2021.509969210642,0.3528200518286535,2021.51
2026-09-24 14:42:04.785,6,88000,2067.7,-0.92,2067.4334500589416,-33.19969242902484,2067.7
2026-09-24 14:42:04.785,6,89000,2032.95,-2.32,2031.283642932665,-82.29498438058671,2032.95
2026-09-24 14:42:04.785,6,90000,2082.58,-0.37,2082.5365761454054,-13.448621363252117,2082.58
2026-09-24 14:42:04.785,6,91000,2015.55,0.88,2015.312274854068,30.955408614996358,2015.55
2026-09-24 14:42:04.899,6,92000,1983.8,-0.51,1983.72141129903,-17.657926089556803,1983.8
2026-09-24 14:42:04.899,6,93000,2033.93,-1.41,2033.3141470173955,-50.04822113643044,2033.93
2026-09-24 14:42:04.899,6,94000,2078.39,0.57,2078.287151511583,20.67626566547088,2078.39
2026-09-24 14:42:04.900,6,95000,2047.03,-0.88,2046.7885619282692,-31.438887696735875,2047.03
2026-09-24 14:42:04.900,6,96000,2047.03,-0.88,2046.7885619282692,-31.438887696735875,2047.03
2026-09-24 14:42:04.900,6,97000,2047.03,-0.88,2046.7885619282692,-31.438887696735875,2047.03
2026-09-24 14:42:05.017,6,98000,2062.13,-0.19,2062.1186617093967,-6.83826950671887,2062.13
2026-09-24 14:42:05.018,6,99000,2045.02,0.07,2045.0184737758361,2.4984626372945216,2045.02
2026-09-24 14:42:05.018,6,100000,2045.02,0.07,2045.0184737758361,2.4984626372945216,2045.02
2026-09-24 14:42:15.312,7,10000,1993.19,-0.22,1993.1753067364948,-7.653281379885187,1993.19
2026-09-24 14:42:15.418,7,11000,1990.53,0.44,1990.4713055975537,15.286022791098285,1990.53
2026-09-24 14:42:15.419,7,12000,1990.53,0.44,1990.4713055975537,15.286022791098285,1990.53
2026-09-24 14:42:15.419,7,13000,1998.0,-1.13,1997.6114355777645,-39.40244216977907,1998.0
2026-09-24 14:42:15.419,7,14000,1998.0,-1.13,1997.6114355777645,-39.40244216977907,1998.0
2026-09-24 14:42:15.534,7,15000,1987.29,0.94,1987.0225565582082,32.60220588981674,1987.29
2026-09-24 14:42:15.534,7,16000,1996.04,-0.59,1995.9341735652079,-20.553744052393416,1996.04
2026-09-24 14:42:15.535,7,17000,1996.04,-0.59,1995.9341735652079,-20.553744052393416,1996.04
2026-09-24 14:42:15.535,7,18000,1993.19,-0.1,1993.186964198796,-3.47877104562485,1993.19
2026-09-24 14:42:15.535,7,19000,2069.4,0.35,2069.3613896336437,12.641166620069802,2069.4
2026-09-24 14:42:15.634,7,20000,2069.4,0.35,2069.3613896336437,12.641166620069802,2069.4
2026-09-24 14:42:15.634,7,21000,2027.42,-1.8,2026.4195906166917,-63.68280117017886,2027.42
2026-09-24 14:42:15.634,7,22000,2010.0,0.32,2009.968651293583,11.225899387364903,2010.0
2026-09-24 14:42:15.635,7,23000,2024.65,-1.27,2024.1526474398884,-44.87407226997595,2024.65
2026-09-24 14:42:15.635,7,24000,2024.65,-1.27,2024.1526474398884,-44.87407226997595,2024.65
2026-09-24 14:42:15.744,7,25000,2024.65,-1.27,2024.1526474398884,-44.87407226997595,2024.65
2026-09-24 14:42:15.745,7,26000,2018.62,-0.55,2018.5269960582614,-19.377063348470173,2018.62
2026-09-24 14:42:15.745,7,27000,2018.62,-0.55,2018.5269960582614,-19.377063348470173,2018.62
2026-09-24 14:42:15.745,7,28000,2018.62,-0.55,2018.5269960582614,-19.377063348470173,2018.62
2026-09-24 14:42:15.746,7,29000,2035.77,-2.07,2034.441544836205,-73.53294190005325,2035.77
2026-09-24 14:42:15.867,7,30000,1954.23,-0.21,1954.2168738150635,-7.1626110099948885,1954.23
2026-09-24 14:42:15.867,7,31000,1974.59,-1.86,1973.549626166677,-64.09010186736447,1974.59
2026-09-24 14:42:15.867,7,32000,2062.2,-0.99,2061.8921670486698,-35.630485028115615,2062.2
2026-09-24 14:42:15.867,7,33000,2033.09,1.16,2032.673339349429,41.15876089050122,2033.09
2026-09-24 14:42:15.868,7,34000,2053.66,-0.31,2053.6299409250028,-11.111315690315214,2053.66
2026-09-24 14:42:15.868,7,35000,2053.66,-0.31,2053.6299409250028,-11.111315690315214,2053.66
2026-09-24 14:42:15.984,7,36000,2053.66,-0.31,2053.6299409250028,-11.111315690315214,2053.66
2026-09-24 14:42:15.984,7,37000,1995.28,-0.48,1995.2099821898867,-16.715423112543508,1995.28
2026-09-24 14:42:15.984,7,38000,1995.28,-0.48,1995.2099821898867,-16.715423112543508,1995.28
2026-09-24 14:42:15.984,7,39000,1995.28,-0.48,1995.2099821898867,-16.715423112543508,1995.28
2026-09-24 14:42:15.984,7,40000,2019.93,-1.98,2018.7239974706604,-69.78987703153778,2019.93
2026-09-24 14:42:15.984,7,41000,2056.19,0.97,2055.8953400724135,34.80900413018723,2056.19
2026-09-24 14:42:16.090,7,42000,2056.19,0.97,2055.8953400724135,34.80900413018723,2056.19
2026-09-24 14:42:16.090,7,43000,2050.52,-0.25,2050.5004805274802,-8.947052954558538,2050.52
2026-09-24 14:42:16.091,7,44000,2050.52,-0.25,2050.5004805274802,-8.947052954558538,2050.52
2026-09-24 14:42:16.091,7,45000,2037.31,0.44,2037.2499262040521,15.64526387069396,2037.31
2026-09-24 14:42:16.091,7,46000,2037.31,0.44,2037.2499262040521,15.64526387069396,2037.31
2026-09-24 14:42:16.200,7,47000,2037.31,0.44,2037.2499262040521,15.64526387069396,2037.31
2026-09-24 14:42:16.200,7,48000,2086.6,-0.67,2086.4573379044396,-24.399530829914422,2086.6
2026-09-24 14:42:16.201,7,49000,2045.29,1.24,2044.8110324913457,44.26088003730038,2045.29
2026-09-24 14:42:16.201,7,50000,2045.29,1.24,2044.8110324913457,44.26088003730038,2045.29
2026-09-24 14:42:16.201,7,51000,2074.99,-0.12,2074.985449039344,-4.345845716344488,2074.99
2026-09-24 14:42:16.201,7,52000,2074.99,-0.12,2074.985449039344,-4.345845716344488,2074.99
2026-09-24 14:42:16.307,7,53000,2024.89,-1.01,2024.5754007545943,-35.69255887960632,2024.89
2026-09-24 14:42:16.307,7,54000,1981.51,0.91,1981.2600836535883,31.470001922086677,1981.51
2026-09-24 14:42:16.307,7,55000,2082.18,0.77,2081.9919739926595,27.981648095648033,2082.18
2026-09-24 14:42:16.308,7,56000,2082.18,0.77,2081.9919739926595,27.981648095648033,2082.18
2026-09-24 14:42:16.308,7,57000,2033.63,-0.17,2033.621048533234,-6.03389282226504,2033.63
2026-09-24 14:42:16.417,7,58000,2018.52,0.41,2018.4683198629596,14.44410293513713,2018.52
2026-09-24 14:42:16.417,7,59000,2018.52,0.41,2018.4683198629596,14.44410293513713,2018.52
2026-09-24 14:42:16.417,7,60000,2018.52,0.41,2018.4683198629596,14.44410293513713,2018.52
2026-09-24 14:42:16.417,7,61000,2077.37,-0.28,2077.3451941682656,-10.151904550916958,2077.37
2026-09-24 14:42:16.418,7,62000,2077.37,-0.28,2077.3451941682656,-10.151904550916958,2077.37
2026-09-24 14:42:16.418,7,63000,2044.55,0.84,2044.3302781390948,29.973594774917714,2044.55
2026-09-24 14:42:16.534,7,64000,2082.05,-0.43,2081.991365831999,-15.625463225420594,2082.05
2026-09-24 14:42:16.534,7,65000,2038.07,-1.47,2037.3992592650557,-52.283680495948694,2038.07
2026-09-24 14:42:16.534,7,66000,2101.57,0.02,2101.5698719650354,0.7335863043252001,2101.57
2026-09-24 14:42:16.534,7,67000,2101.57,0.02,2101.5698719650354,0.7335863043252001,2101.57
2026-09-24 14:42:16.534,7,68000,2079.35,0.69,2079.1992194688128,25.040532348156415,2079.35
2026-09-24 14:42:16.535,7,69000,2037.96,-0.37,2037.917506516576,-13.160479978417774,2037.96
2026-09-24 14:42:16.640,7,70000,2037.96,-0.37,2037.917506516576,-13.160479978417774,2037.96
2026-09-24 14:42:16.640,7,71000,2078.39,-1.55,2077.629518429964,-56.21900255674742,2078.39
2026-09-24 14:42:16.640,7,72000,2100.26,-1.03,2099.9206400757494,-37.75411214497856,2100.26
2026-09-24 14:42:16.641,7,73000,2039.55,0.64,2039.422762675466,22.781518412303022,2039.55
2026-09-24 14:42:16.641,7,74000,2039.55,0.64,2039.422762675466,22.781518412303022,2039.55
2026-09-24 14:42:16.641,7,75000,2079.68,-0.44,2079.6186768474327,-15.97063891435511,2079.68
2026-09-24 14:42:16.750,7,76000,2089.38,-0.17,2089.3708031374285,-6.199306159421393,2089.38
2026-09-24 14:42:16.751,7,77000,2089.38,-0.17,2089.3708031374285,-6.199306159421393,2089.38
2026-09-24 14:42:16.751,7,78000,2027.79,1.34,2027.2354540758492,47.420436922129355,2027.79
2026-09-24 14:42:16.751,7,79000,2034.4,-0.91,2034.1434129451077,-32.30999182961133,2034.4
2026-09-24 14:42:16.751,7,80000,2034.4,-0.91,2034.1434129451077,-32.30999182961133,2034.4
2026-09-24 14:42:16.751,7,81000,2070.05,0.27,2070.0270156461197,9.754844705079954,2070.05
2026-09-24 14:42:16.857,7,82000,2033.94,-0.97,2033.6485285829058,-34.43233643804951,2033.94
2026-09-24 14:42:16.857,7,83000,2033.94,-0.97,2033.6485285829058,-34.43233643804951,2033.94
2026-09-24 14:42:16.857,7,84000,2010.12,-0.4,2010.071014793528,-14.033170950138475,2010.12
2026-09-24 14:42:16.858,7,85000,2010.12,-0.4,2010.071014793528,-14.033170950138475,2010.12
2026-09-24 14:42:16.858,7,86000,2021.51,0.01,2021.509969210642,0.3528200518286535,2021.51
2026-09-24 14:42:16.967,7,87000,2021.51,0.01,2021.509969210642,0.3528200518286535,2021.51
2026-09-24 14:42:16.967,7,88000,2067.7,-0.92,2067.4334500589416,-33.19969242902484,2067.7
2026-09-24 14:42:16.967,7,89000,2032.95,-2.32,2031.283642932665,-82.29498438058671,2032.95
2026-09-24 14:42:16.968,7,90000,2082.58,-0.37,2082.5365761454054,-13.448621363252117,2082.58
2026-09-24 14:42:16.968,7,91000,2015.55,0.88,2015.312274854068,30.955408614996358,2015.55
2026-09-24 14:42:16.968,7,92000,1983.8,-0.51,1983.72141129903,-17.657926089556803,1983.8
2026-09-24 14:42:17.084,7,93000,2033.93,-1.41,2033.3141470173955,-50.04822113643044,2033.93
2026-09-24 14:42:17.085,7,94000,2078.39,0.57,2078.287151511583,20.67626566547088,2078.39
2026-09-24 14:42:17.085,7,95000,2047.03,-0.88,2046.7885619282692,-31.438887696735875,2047.03
2026-09-24 14:42:17.085,7,96000,2047.03,-0.88,2046.7885619282692,-31.438887696735875,2047.03
2026-09-24 14:42:17.085,7,97000,2047.03,-0.88,2046.7885619282692,-31.438887696735875,2047.03
2026-09-24 14:42:17.086,7,98000,2062.13,-0.19,2062.1186617093967,-6.83826950671887,2062.13
2026-09-24 14:42:17.200,7,99000,2045.02,0.07,2045.0184737758361,2.4984626372945216,2045.02
2026-09-24 14:42:17.201,7,100000,2045.02,0.07,2045.0184737758361,2.4984626372945216,2045.02
2026-09-24 14:42:27.465,8,10000,1993.19,-0.22,1993.1753067364948,-7.653281379885187,1993.19
2026-09-24 14:42:27.582,8,11000,1990.53,0.44,1990.4713055975537,15.286022791098285,1990.53
2026-09-24 14:42:27.583,8,12000,1990.53,0.44,1990.4713055975537,15.286022791098285,1990.53
2026-09-24 14:42:27.583,8,13000,1998.0,-1.13,1997.6114355777645,-39.40244216977907,1998.0
2026-09-24 14:42:27.583,8,14000,1998.0,-1.13,1997.6114355777645,-39.40244216977907,1998.0
2026-09-24 14:42:27.583,8,15000,1987.29,0.94,1987.0225565582082,32.60220588981674,1987.29
2026-09-24 14:42:27.690,8,16000,1996.04,-0.59,1995.9341735652079,-20.553744052393416,1996.04
2026-09-24 14:42:27.690,8,17000,1996.04,-0.59,1995.9341735652079,-20.553744052393416,1996.04
2026-09-24 14:42:27.691,8,18000,1993.19,-0.1,1993.186964198796,-3.47877104562485,1993.19
2026-09-24 14:42:27.691,8,19000,2069.4,0.35,2069.3613896336437,12.641166620069802,2069.4
2026-09-24 14:42:27.800,8,20000,2069.4,0.35,2069.3613896336437,12.641166620069802,2069.4
2026-09-24 14:42:27.800,8,21000,2027.42,-1.8,2026.4195906166917,-63.68280117017886,2027.42
2026-09-24 14:42:27.800,8,22000,2010.0,0.32,2009.968651293583,11.225899387364903,2010.0
2026-09-24 14:42:27.800,8,23000,2024.65,-1.27,2024.1526474398884,-44.87407226997595,2024.65
2026-09-24 14:42:27.801,8,24000,2024.65,-1.27,2024.1526474398884,-44.87407226997595,2024.65
2026-09-24 14:42:27.907,8,25000,2024.65,-1.27,2024.1526474398884,-44.87407226997595,2024.65
2026-09-24 14:42:27.907,8,26000,2018.62,-0.55,2018.5269960582614,-19.377063348470173,2018.62
2026-09-24 14:42:27.907,8,27000,2018.62,-0.55,2018.5269960582614,-19.377063348470173,2018.62
2026-09-24 14:42:27.908,8,28000,2018.62,-0.55,2018.5269960582614,-19.377063348470173,2018.62
2026-09-24 14:42:27.908,8,29000,2009.0,0.32,2008.9686668899544,11.220314362794074,2009.0
2026-09-24 14:42:28.017,8,30000,1954.23,-0.21,1954.2168738150635,-7.1626110099948885,1954.23
2026-09-24 14:42:28.018,8,31000,1974.59,-1.86,1973.549626166677,-64.09010186736447,1974.59
2026-09-24 14:42:28.018,8,32000,2062.2,-0.99,2061.8921670486698,-35.630485028115615,2062.2
2026-09-24 14:42:28.018,8,33000,2033.09,1.16,2032.673339349429,41.15876089050122,2033.09
2026-09-24 14:42:28.018,8,34000,2053.66,-0.31,2053.6299409250028,-11.111315690315214,2053.66
2026-09-24 14:42:28.019,8,35000,2053.66,-0.31,2053.6299409250028,-11.111315690315214,2053.66
2026-09-24 14:42:28.133,8,36000,2053.66,-0.31,2053.6299409250028,-11.111315690315214,2053.66
2026-09-24 14:42:28.134,8,37000,1995.28,-0.48,1995.2099821898867,-16.715423112543508,1995.28
2026-09-24 14:42:28.134,8,38000,1995.28,-0.48,1995.2099821898867,-16.715423112543508,1995.28
2026-09-24 14:42:28.134,8,39000,1995.28,-0.48,1995.2099821898867,-16.715423112543508,1995.28
2026-09-24 14:42:28.134,8,40000,2019.93,-1.98,2018.7239974706604,-69.78987703153778,2019.93
2026-09-24 14:42:28.233,8,41000,2056.19,0.97,2055.8953400724135,34.80900413018723,2056.19
2026-09-24 14:42:28.233,8,42000,2056.19,0.97,2055.8953400724135,34.80900413018723,2056.19
2026-09-24 14:42:28.233,8,43000,2050.52,-0.25,2050.5004805274802,-8.947052954558538,2050.52
2026-09-24 14:42:28.234,8,44000,2050.52,-0.25,2050.5004805274802,-8.947052954558538,2050.52
2026-09-24 14:42:28.234,8,45000,2037.31,0.44,2037.2499262040521,15.64526387069396,2037.31
2026-09-24 14:42:28.354,8,46000,2037.31,0.44,2037.2499262040521,15.64526387069396,2037.31
2026-09-24 14:42:28.354,8,47000,2037.31,0.44,2037.2499262040521,15.64526387069396,2037.31
2026-09-24 14:42:28.354,8,48000,2086.6,-0.67,2086.4573379044396,-24.399530829914422,2086.6
2026-09-24 14:42:28.354,8,49000,2045.29,1.24,2044.8110324913457,44.26088003730038,2045.29
2026-09-24 14:42:28.355,8,50000,2045.29,1.24,2044.8110324913457,44.26088003730038,2045.29
2026-09-24 14:42:28.355,8,51000,2074.99,-0.12,2074.985449039344,-4.345845716344488,2074.99
2026-09-24 14:42:28.478,8,52000,2074.99,-0.12,2074.985449039344,-4.345845716344488,2074.99
2026-09-24 14:42:28.479,8,53000,2024.89,-1.01,2024.5754007545943,-35.69255887960632,2024.89
2026-09-24 14:42:28.479,8,54000,1981.51,0.91,1981.2600836535883,31.470001922086677,1981.51
2026-09-24 14:42:28.479,8,55000,2082.18,0.77,2081.9919739926595,27.981648095648033,2082.18
2026-09-24 14:42:28.480,8,56000,2082.18,0.77,2081.9919739926595,27.981648095648033,2082.18
2026-09-24 14:42:28.480,8,57000,2033.63,-0.17,2033.621048533234,-6.03389282226504,2033.63
2026-09-24 14:42:28.480,8,58000,2018.52,0.41,2018.4683198629596,14.44410293513713,2018.52
2026-09-24 14:42:28.590,8,59000,2018.52,0.41,2018.4683198629596,14.44410293513713,2018.52
2026-09-24 14:42:28.591,8,60000,2018.52,0.41,2018.4683198629596,14.44410293513713,2018.52
2026-09-24 14:42:28.591,8,61000,2077.37,-0.28,2077.3451941682656,-10.151904550916958,2077.37
2026-09-24 14:42:28.591,8,62000,2077.37,-0.28,2077.3451941682656,-10.151904550916958,2077.37
2026-09-24 14:42:28.591,8,63000,2044.55,0.84,2044.3302781390948,29.973594774917714,2044.55
2026-09-24 14:42:28.591,8,64000,2082.05,-0.43,2081.991365831999,-15.625463225420594,2082.05
2026-09-24 14:42:28.700,8,65000,2038.07,-1.47,2037.3992592650557,-52.283680495948694,2038.07
2026-09-24 14:42:28.701,8,66000,2101.57,0.02,2101.5698719650354,0.7335863043252001,2101.57
2026-09-24 14:42:28.701,8,67000,2101.57,0.02,2101.5698719650354,0.7335863043252001,2101.57
2026-09-24 14:42:28.701,8,68000,2079.35,0.69,2079.1992194688128,25.040532348156415,2079.35
2026-09-24 14:42:28.701,8,69000,2037.96,-0.37,2037.917506516576,-13.160479978417774,2037.96
2026-09-24 14:42:28.701,8,70000,2037.96,-0.37,2037.917506516576,-13.160479978417774,2037.96
2026-09-24 14:42:28.811,8,71000,2078.39,-1.55,2077.629518429964,-56.21900255674742,2078.39
2026-09-24 14:42:28.812,8,72000,2100.26,-1.03,2099.9206400757494,-37.75411214497856,2100.26
2026-09-24 14:42:28.812,8,73000,2039.55,0.64,2039.422762675466,22.781518412303022,2039.55
2026-09-24 14:42:28.812,8,74000,2039.55,0.64,2039.422762675466,22.781518412303022,2039.55
2026-09-24 14:42:28.812,8,75000,2079.68,-0.44,2079.6186768474327,-15.97063891435511,2079.68
2026-09-24 14:42:28.933,8,76000,2089.38,-0.17,2089.3708031374285,-6.199306159421393,2089.38
2026-09-24 14:42:28.933,8,77000,2089.38,-0.17,2089.3708031374285,-6.199306159421393,2089.38
2026-09-24 14:42:28.934,8,78000,2027.79,1.34,2027.2354540758492,47.420436922129355,2027.79
2026-09-24 14:42:28.934,8,79000,2034.4,-0.91,2034.1434129451077,-32.30999182961133,2034.4
2026-09-24 14:42:28.934,8,80000,2034.4,-0.91,2034.1434129451077,-32.30999182961133,2034.4
2026-09-24 14:42:28.934,8,81000,2070.05,0.27,2070.0270156461197,9.754844705079954,2070.05
2026-09-24 14:42:28.934,8,82000,2033.94,-0.97,2033.6485285829058,-34.43233643804951,2033.94
2026-09-24 14:42:29.050,8,83000,2033.94,-0.97,2033.6485285829058,-34.43233643804951,2033.94
2026-09-24 14:42:29.051,8,84000,2010.12,-0.4,2010.071014793528,-14.033170950138475,2010.12
2026-09-24 14:42:29.052,8,85000,2010.12,-0.4,2010.071014793528,-14.033170950138475,2010.12
2026-09-24 14:42:29.052,8,86000,2021.51,0.01,2021.509969210642,0.3528200518286535,2021.51
2026-09-24 14:42:29.052,8,87000,2021.51,0.01,2021.509969210642,0.3528200518286535,2021.51
2026-09-24 14:42:29.053,8,88000,2067.7,-0.92,2067.4334500589416,-33.19969242902484,2067.7
2026-09-24 14:42:29.158,8,89000,2032.95,-2.32,2031.283642932665,-82.29498438058671,2032.95
2026-09-24 14:42:29.158,8,90000,2082.58,-0.37,2082.5365761454054,-13.448621363252117,2082.58
2026-09-24 14:42:29.158,8,91000,2015.55,0.88,2015.312274854068,30.955408614996358,2015.55
2026-09-24 14:42:29.159,8,92000,1983.8,-0.51,1983.72141129903,-17.657926089556803,1983.8
2026-09-24 14:42:29.159,8,93000,2033.93,-1.41,2033.3141470173955,-50.04822113643044,2033.93
2026-09-24 14:42:29.159,8,94000,2078.39,0.57,2078.287151511583,20.67626566547088,2078.39
2026-09-24 14:42:29.264,8,95000,2047.03,-0.88,2046.7885619282692,-31.438887696735875,2047.03
2026-09-24 14:42:29.264,8,96000,2047.03,-0.88,2046.7885619282692,-31.438887696735875,2047.03
2026-09-24 14:42:29.264,8,97000,2047.03,-0.88,2046.7885619282692,-31.438887696735875,2047.03
2026-09-24 14:42:29.264,8,98000,2062.13,-0.19,2062.1186617093967,-6.83826950671887,2062.13
2026-09-24 14:42:29.264,8,99000,2045.02,0.07,2045.0184737758361,2.4984626372945216,2045.02
2026-09-24 14:42:29.373,8,100000,2045.02,0.07,2045.0184737758361,2.4984626372945216,2045.02
2026-09-24 14:42:39.654,9,10000,1993.19,-0.22,1993.1753067364948,-7.653281379885187,1993.19
2026-09-24 14:42:39.655,9,11000,1990.53,0.44,1990.4713055975537,15.286022791098285,1990.53
2026-09-24 14:42:39.767,9,12000,1990.53,0.44,1990.4713055975537,15.286022791098285,1990.53
2026-09-24 14:42:39.768,9,13000,1998.0,-1.13,1997.6114355777645,-39.40244216977907,1998.0
2026-09-24 14:42:39.768,9,14000,1998.0,-1.13,1997.6114355777645,-39.40244216977907,1998.0
2026-09-24 14:42:39.768,9,15000,1987.29,0.94,1987.0225565582082,32.60220588981674,1987.29
2026-09-24 14:42:39.768,9,16000,1996.04,-0.59,1995.9341735652079,-20.553744052393416,1996.04
2026-09-24 14:42:39.874,9,17000,1996.04,-0.59,1995.9341735652079,-20.553744052393416,1996.04
2026-09-24 14:42:39.874,9,18000,1993.19,-0.1,1993.186964198796,-3.47877104562485,1993.19
2026-09-24 14:42:39.874,9,19000,2069.4,0.35,2069.3613896336437,12.641166620069802,2069.4
2026-09-24 14:42:39.874,9,20000,2069.4,0.35,2069.3613896336437,12.641166620069802,2069.4
2026-09-24 14:42:39.984,9,21000,2027.42,-1.8,2026.4195906166917,-63.68280117017886,2027.42
2026-09-24 14:42:39.984,9,22000,2010.0,0.32,2009.968651293583,11.225899387364903,2010.0
2026-09-24 14:42:39.984,9,23000,2024.65,-1.27,2024.1526474398884,-44.87407226997595,2024.65
2026-09-24 14:42:39.985,9,24000,2024.65,-1.27,2024.1526474398884,-44.87407226997595,2024.65
2026-09-24 14:42:39.985,9,25000,2024.65,-1.27,2024.1526474398884,-44.87407226997595,2024.65
2026-09-24 14:42:40.100,9,26000,2018.62,-0.55,2018.5269960582614,-19.377063348470173,2018.62
2026-09-24 14:42:40.101,9,27000,2018.62,-0.55,2018.5269960582614,-19.377063348470173,2018.62
2026-09-24 14:42:40.101,9,28000,2018.62,-0.55,2018.5269960582614,-19.377063348470173,2018.62
2026-09-24 14:42:40.101,9,29000,2035.77,-2.07,2034.441544836205,-73.53294190005325,2035.77
2026-09-24 14:42:40.102,9,30000,1954.23,-0.21,1954.2168738150635,-7.1626110099948885,1954.23
2026-09-24 14:42:40.102,9,31000,1974.59,-1.86,1973.549626166677,-64.09010186736447,1974.59
2026-09-24 14:42:40.203,9,32000,2062.2,-0.99,2061.8921670486698,-35.630485028115615,2062.2
2026-09-24 14:42:40.203,9,33000,2033.09,1.16,2032.673339349429,41.15876089050122,2033.09
2026-09-24 14:42:40.203,9,34000,2053.66,-0.31,2053.6299409250028,-11.111315690315214,2053.66
2026-09-24 14:42:40.204,9,35000,2053.66,-0.31,2053.6299409250028,-11.111315690315214,2053.66
2026-09-24 14:42:40.204,9,36000,2053.66,-0.31,2053.6299409250028,-11.111315690315214,2053.66
2026-09-24 14:42:40.307,9,37000,1995.28,-0.48,1995.2099821898867,-16.715423112543508,1995.28
2026-09-24 14:42:40.307,9,38000,1995.28,-0.48,1995.2099821898867,-16.715423112543508,1995.28
2026-09-24 14:42:40.307,9,39000,1995.28,-0.48,1995.2099821898867,-16.715423112543508,1995.28
2026-09-24 14:42:40.308,9,40000,2019.93,-1.98,2018.7239974706604,-69.78987703153778,2019.93
2026-09-24 14:42:40.308,9,41000,2056.19,0.97,2055.8953400724135,34.80900413018723,2056.19
2026-09-24 14:42:40.423,9,42000,2056.19,0.97,2055.8953400724135,34.80900413018723,2056.19
2026-09-24 14:42:40.423,9,43000,2050.52,-0.25,2050.5004805274802,-8.947052954558538,2050.52
2026-09-24 14:42:40.424,9,44000,2050.52,-0.25,2050.5004805274802,-8.947052954558538,2050.52
2026-09-24 14:42:40.424,9,45000,2037.31,0.44,2037.2499262040521,15.64526387069396,2037.31
2026-09-24 14:42:40.424,9,46000,2037.31,0.44,2037.2499262040521,15.64526387069396,2037.31
2026-09-24 14:42:40.425,9,47000,2037.31,0.44,2037.2499262040521,15.64526387069396,2037.31
2026-09-24 14:42:40.528,9,48000,2086.6,-0.67,2086.4573379044396,-24.399530829914422,2086.6
2026-09-24 14:42:40.528,9,49000,2045.29,1.24,2044.8110324913457,44.26088003730038,2045.29
2026-09-24 14:42:40.528,9,50000,2045.29,1.24,2044.8110324913457,44.26088003730038,2045.29
2026-09-24 14:42:40.529,9,51000,2074.99,-0.12,2074.985449039344,-4.345845716344488,2074.99
2026-09-24 14:42:40.529,9,52000,2074.99,-0.12,2074.985449039344,-4.345845716344488,2074.99
2026-09-24 14:42:40.640,9,53000,2024.89,-1.01,2024.5754007545943,-35.69255887960632,2024.89
2026-09-24 14:42:40.641,9,54000,1981.51,0.91,1981.2600836535883,31.470001922086677,1981.51
2026-09-24 14:42:40.641,9,55000,2082.18,0.77,2081.9919739926595,27.981648095648033,2082.18
2026-09-24 14:42:40.641,9,56000,2082.18,0.77,2081.9919739926595,27.981648095648033,2082.18
2026-09-24 14:42:40.641,9,57000,2033.63,-0.17,2033.621048533234,-6.03389282226504,2033.63
2026-09-24 14:42:40.641,9,58000,2018.52,0.41,2018.4683198629596,14.44410293513713,2018.52
2026-09-24 14:42:40.754,9,59000,2018.52,0.41,2018.4683198629596,14.44410293513713,2018.52
2026-09-24 14:42:40.754,9,60000,2018.52,0.41,2018.4683198629596,14.44410293513713,2018.52
2026-09-24 14:42:40.755,9,61000,2077.37,-0.28,2077.3451941682656,-10.151904550916958,2077.37
2026-09-24 14:42:40.755,9,62000,2077.37,-0.28,2077.3451941682656,-10.151904550916958,2077.37
2026-09-24 14:42:40.755,9,63000,2044.55,0.84,2044.3302781390948,29.973594774917714,2044.55
2026-09-24 14:42:40.755,9,64000,2082.05,-0.43,2081.991365831999,-15.625463225420594,2082.05
2026-09-24 14:42:40.867,9,65000,2038.07,-1.47,2037.3992592650557,-52.283680495948694,2038.07
2026-09-24 14:42:40.867,9,66000,2101.57,0.02,2101.5698719650354,0.7335863043252001,2101.57
2026-09-24 14:42:40.867,9,67000,2101.57,0.02,2101.5698719650354,0.7335863043252001,2101.57
2026-09-24 14:42:40.867,9,68000,2079.35,0.69,2079.1992194688128,25.040532348156415,2079.35
2026-09-24 14:42:40.868,9,69000,2037.96,-0.37,2037.917506516576,-13.160479978417774,2037.96
2026-09-24 14:42:40.868,9,70000,2037.96,-0.37,2037.917506516576,-13.160479978417774,2037.96
2026-09-24 14:42:40.967,9,71000,2078.39,-1.55,2077.629518429964,-56.21900255674742,2078.39
2026-09-24 14:42:40.967,9,72000,2100.26,-1.03,2099.9206400757494,-37.75411214497856,2100.26
2026-09-24 14:42:40.967,9,73000,2039.55,0.64,2039.422762675466,22.781518412303022,2039.55
2026-09-24 14:42:40.967,9,74000,2039.55,0.64,2039.422762675466,22.781518412303022,2039.55
2026-09-24 14:42:40.968,9,75000,2079.68,-0.44,2079.6186768474327,-15.97063891435511,2079.68
2026-09-24 14:42:41.084,9,76000,2089.38,-0.17,2089.3708031374285,-6.199306159421393,2089.38
2026-09-24 14:42:41.084,9,77000,2089.38,-0.17,2089.3708031374285,-6.199306159421393,2089.38
2026-09-24 14:42:41.085,9,78000,2027.79,1.34,2027.2354540758492,47.420436922129355,2027.79
2026-09-24 14:42:41.085,9,79000,2034.4,-0.91,2034.1434129451077,-32.30999182961133,2034.4
2026-09-24 14:42:41.085,9,80000,2034.4,-0.91,2034.1434129451077,-32.30999182961133,2034.4
2026-09-24 14:42:41.085,9,81000,2070.05,0.27,2070.0270156461197,9.754844705079954,2070.05
2026-09-24 14:42:41.194,9,82000,2033.94,-0.97,2033.6485285829058,-34.43233643804951,2033.94
2026-09-24 14:42:41.194,9,83000,2033.94,-0.97,2033.6485285829058,-34.43233643804951,2033.94
2026-09-24 14:42:41.195,9,84000,2010.12,-0.4,2010.071014793528,-14.033170950138475,2010.12
2026-09-24 14:42:41.195,9,85000,2010.12,-0.4,2010.071014793528,-14.033170950138475,2010.12
2026-09-24 14:42:41.195,9,86000,2021.51,0.01,2021.509969210642,0.3528200518286535,2021.51
2026-09-24 14:42:41.195,9,87000,2021.51,0.01,2021.509969210642,0.3528200518286535,2021.51
2026-09-24 14:42:41.301,9,88000,2067.7,-0.92,2067.4334500589416,-33.19969242902484,2067.7
2026-09-24 14:42:41.302,9,89000,2032.95,-2.32,2031.283642932665,-82.29498438058671,2032.95
2026-09-24 14:42:41.302,9,90000,2082.58,-0.37,2082.5365761454054,-13.448621363252117,2082.58
2026-09-24 14:42:41.302,9,91000,2015.55,0.88,2015.312274854068,30.955408614996358,2015.55
2026-09-24 14:42:41.302,9,92000,1983.8,-0.51,1983.72141129903,-17.657926089556803,1983.8
2026-09-24 14:42:41.303,9,93000,2033.93,-1.41,2033.3141470173955,-50.04822113643044,2033.93
2026-09-24 14:42:41.407,9,94000,2078.39,0.57,2078.287151511583,20.67626566547088,2078.39
2026-09-24 14:42:41.407,9,95000,2047.03,-0.88,2046.7885619282692,-31.438887696735875,2047.03
2026-09-24 14:42:41.407,9,96000,2047.03,-0.88,2046.7885619282692,-31.438887696735875,2047.03
2026-09-24 14:42:41.408,9,97000,2047.03,-0.88,2046.7885619282692,-31.438887696735875,2047.03
2026-09-24 14:42:41.408,9,98000,2062.13,-0.19,2062.1186617093967,-6.83826950671887,2062.13
2026-09-24 14:42:41.523,9,99000,2045.02,0.07,2045.0184737758361,2.4984626372945216,2045.02
2026-09-24 14:42:41.523,9,100000,2045.02,0.07,2045.0184737758361,2.4984626372945216,2045.02
2026-09-24 14:42:51.874,10,10000,1993.19,-0.22,1993.1753067364948,-7.653281379885187,1993.19
2026-09-24 14:42:51.874,10,11000,1990.53,0.44,1990.4713055975537,15.286022791098285,1990.53
2026-09-24 14:42:51.874,10,12000,1990.53,0.44,1990.4713055975537,15.286022791098285,1990.53
2026-09-24 14:42:51.874,10,13000,1998.0,-1.13,1997.6114355777645,-39.40244216977907,1998.0
2026-09-24 14:42:51.983,10,14000,1998.0,-1.13,1997.6114355777645,-39.40244216977907,1998.0
2026-09-24 14:42:51.983,10,15000,1987.29,0.94,1987.0225565582082,32.60220588981674,1987.29
2026-09-24 14:42:51.983,10,16000,1996.04,-0.59,1995.9341735652079,-20.553744052393416,1996.04
2026-09-24 14:42:51.983,10,17000,1996.04,-0.59,1995.9341735652079,-20.553744052393416,1996.04
2026-09-24 14:42:51.984,10,18000,1993.19,-0.1,1993.186964198796,-3.47877104562485,1993.19
2026-09-24 14:42:52.094,10,19000,2069.4,0.35,2069.3613896336437,12.641166620069802,2069.4
2026-09-24 14:42:52.094,10,20000,2069.4,0.35,2069.3613896336437,12.641166620069802,2069.4
2026-09-24 14:42:52.094,10,21000,2027.42,-1.8,2026.4195906166917,-63.68280117017886,2027.42
2026-09-24 14:42:52.095,10,22000,2010.0,0.32,2009.968651293583,11.225899387364903,2010.0
2026-09-24 14:42:52.095,10,23000,2024.65,-1.27,2024.1526474398884,-44.87407226997595,2024.65
2026-09-24 14:42:52.200,10,24000,2024.65,-1.27,2024.1526474398884,-44.87407226997595,2024.65
2026-09-24 14:42:52.200,10,25000,2024.65,-1.27,2024.1526474398884,-44.87407226997595,2024.65
2026-09-24 14:42:52.201,10,26000,2018.62,-0.55,2018.5269960582614,-19.377063348470173,2018.62
2026-09-24 14:42:52.201,10,27000,2018.62,-0.55,2018.5269960582614,-19.377063348470173,2018.62
2026-09-24 14:42:52.201,10,28000,2018.62,-0.55,2018.5269960582614,-19.377063348470173,2018.62
2026-09-24 14:42:52.323,10,29000,2009.0,0.32,2008.9686668899544,11.220314362794074,2009.0
2026-09-24 14:42:52.323,10,30000,1954.23,-0.21,1954.2168738150635,-7.1626110099948885,1954.23
2026-09-24 14:42:52.324,10,31000,1974.59,-1.86,1973.549626166677,-64.09010186736447,1974.59
2026-09-24 14:42:52.324,10,32000,2062.2,-0.99,2061.8921670486698,-35.630485028115615,2062.2
2026-09-24 14:42:52.324,10,33000,2033.09,1.16,2032.673339349429,41.15876089050122,2033.09
2026-09-24 14:42:52.325,10,34000,2053.66,-0.31,2053.6299409250028,-11.111315690315214,2053.66
2026-09-24 14:42:52.440,10,35000,2053.66,-0.31,2053.6299409250028,-11.111315690315214,2053.66
2026-09-24 14:42:52.440,10,36000,2053.66,-0.31,2053.6299409250028,-11.111315690315214,2053.66
2026-09-24 14:42:52.441,10,37000,1995.28,-0.48,1995.2099821898867,-16.715423112543508,1995.28
2026-09-24 14:42:52.441,10,38000,1995.28,-0.48,1995.2099821898867,-16.715423112543508,1995.28
2026-09-24 14:42:52.442,10,39000,1995.28,-0.48,1995.2099821898867,-16.715423112543508,1995.28
2026-09-24 14:42:52.442,10,40000,2019.93,-1.98,2018.7239974706604,-69.78987703153778,2019.93
2026-09-24 14:42:52.550,10,41000,2056.19,0.97,2055.8953400724135,34.80900413018723,2056.19
2026-09-24 14:42:52.550,10,42000,2056.19,0.97,2055.8953400724135,34.80900413018723,2056.19
2026-09-24 14:42:52.550,10,43000,2050.52,-0.25,2050.5004805274802,-8.947052954558538,2050.52
2026-09-24 14:42:52.552,10,44000,2050.52,-0.25,2050.5004805274802,-8.947052954558538,2050.52
2026-09-24 14:42:52.552,10,45000,2037.31,0.44,2037.2499262040521,15.64526387069396,2037.31
2026-09-24 14:42:52.667,10,46000,2037.31,0.44,2037.2499262040521,15.64526387069396,2037.31
2026-09-24 14:42:52.667,10,47000,2037.31,0.44,2037.2499262040521,15.64526387069396,2037.31
2026-09-24 14:42:52.667,10,48000,2086.6,-0.67,2086.4573379044396,-24.399530829914422,2086.6
2026-09-24 14:42:52.668,10,49000,2045.29,1.24,2044.8110324913457,44.26088003730038,2045.29
2026-09-24 14:42:52.668,10,50000,2045.29,1.24,2044.8110324913457,44.26088003730038,2045.29
2026-09-24 14:42:52.668,10,51000,2074.99,-0.12,2074.985449039344,-4.345845716344488,2074.99
2026-09-24 14:42:52.785,10,52000,2074.99,-0.12,2074.985449039344,-4.345845716344488,2074.99
2026-09-24 14:42:52.785,10,53000,2024.89,-1.01,2024.5754007545943,-35.69255887960632,2024.89
2026-09-24 14:42:52.786,10,54000,1981.51,0.91,1981.2600836535883,31.470001922086677,1981.51
2026-09-24 14:42:52.786,10,55000,2082.18,0.77,2081.9919739926595,27.981648095648033,2082.18
2026-09-24 14:42:52.786,10,56000,2082.18,0.77,2081.9919739926595,27.981648095648033,2082.18
2026-09-24 14:42:52.786,10,57000,2033.63,-0.17,2033.621048533234,-6.03389282226504,2033.63
2026-09-24 14:42:52.892,10,58000,2018.52,0.41,2018.4683198629596,14.44410293513713,2018.52
2026-09-24 14:42:52.893,10,59000,2018.52,0.41,2018.4683198629596,14.44410293513713,2018.52
2026-09-24 14:42:52.893,10,60000,2018.52,0.41,2018.4683198629596,14.44410293513713,2018.52
2026-09-24 14:42:52.893,10,61000,2077.37,-0.28,2077.3451941682656,-10.151904550916958,2077.37
2026-09-24 14:42:52.894,10,62000,2077.37,-0.28,2077.3451941682656,-10.151904550916958,2077.37
2026-09-24 14:42:52.894,10,63000,2044.55,0.84,2044.3302781390948,29.973594774917714,2044.55
2026-09-24 14:42:52.998,10,64000,2082.05,-0.43,2081.991365831999,-15.625463225420594,2082.05
2026-09-24 14:42:52.999,10,65000,2038.07,-1.47,2037.3992592650557,-52.283680495948694,2038.07
2026-09-24 14:42:52.999,10,66000,2101.57,0.02,2101.5698719650354,0.7335863043252001,2101.57
2026-09-24 14:42:52.999,10,67000,2101.57,0.02,2101.5698719650354,0.7335863043252001,2101.57
2026-09-24 14:42:53.000,10,68000,2079.35,0.69,2079.1992194688128,25.040532348156415,2079.35
2026-09-24 14:42:53.000,10,69000,2037.96,-0.37,2037.917506516576,-13.160479978417774,2037.96
2026-09-24 14:42:53.107,10,70000,2037.96,-0.37,2037.917506516576,-13.160479978417774,2037.96
2026-09-24 14:42:53.107,10,71000,2078.39,-1.55,2077.629518429964,-56.21900255674742,2078.39
2026-09-24 14:42:53.107,10,72000,2100.26,-1.03,2099.9206400757494,-37.75411214497856,2100.26
2026-09-24 14:42:53.108,10,73000,2039.55,0.64,2039.422762675466,22.781518412303022,2039.55
2026-09-24 14:42:53.108,10,74000,2039.55,0.64,2039.422762675466,22.781518412303022,2039.55
2026-09-24 14:42:53.217,10,75000,2079.68,-0.44,2079.6186768474327,-15.97063891435511,2079.68
2026-09-24 14:42:53.217,10,76000,2089.38,-0.17,2089.3708031374285,-6.199306159421393,2089.38
2026-09-24 14:42:53.217,10,77000,2089.38,-0.17,2089.3708031374285,-6.199306159421393,2089.38
2026-09-24 14:42:53.218,10,78000,2027.79,1.34,2027.2354540758492,47.420436922129355,2027.79
2026-09-24 14:42:53.218,10,79000,2034.4,-0.91,2034.1434129451077,-32.30999182961133,2034.4
2026-09-24 14:42:53.218,10,80000,2034.4,-0.91,2034.1434129451077,-32.30999182961133,2034.4
2026-09-24 14:42:53.333,10,81000,2070.05,0.27,2070.0270156461197,9.754844705079954,2070.05
2026-09-24 14:42:53.333,10,82000,2033.94,-0.97,2033.6485285829058,-34.43233643804951,2033.94
2026-09-24 14:42:53.333,10,83000,2033.94,-0.97,2033.6485285829058,-34.43233643804951,2033.94
2026-09-24 14:42:53.334,10,84000,2010.12,-0.4,2010.071014793528,-14.033170950138475,2010.12
2026-09-24 14:42:53.334,10,85000,2010.12,-0.4,2010.071014793528,-14.033170950138475,2010.12
2026-09-24 14:42:53.334,10,86000,2021.51,0.01,2021.509969210642,0.3528200518286535,2021.51
2026-09-24 14:42:53.434,10,87000,2021.51,0.01,2021.509969210642,0.3528200518286535,2021.51
2026-09-24 14:42:53.434,10,88000,2067.7,-0.92,2067.4334500589416,-33.19969242902484,2067.7
2026-09-24 14:42:53.434,10,89000,2032.95,-2.32,2031.283642932665,-82.29498438058671,2032.95
2026-09-24 14:42:53.434,10,90000,2082.58,-0.37,2082.5365761454054,-13.448621363252117,2082.58
2026-09-24 14:42:53.435,10,91000,2015.55,0.88,2015.312274854068,30.955408614996358,2015.55
2026-09-24 14:42:53.551,10,92000,1983.8,-0.51,1983.72141129903,-17.657926089556803,1983.8
2026-09-24 14:42:53.551,10,93000,2033.93,-1.41,2033.3141470173955,-50.04822113643044,2033.93
2026-09-24 14:42:53.551,10,94000,2078.39,0.57,2078.287151511583,20.67626566547088,2078.39
2026-09-24 14:42:53.552,10,95000,2047.03,-0.88,2046.7885619282692,-31.438887696735875,2047.03
2026-09-24 14:42:53.552,10,96000,2047.03,-0.88,2046.7885619282692,-31.438887696735875,2047.03
2026-09-24 14:42:53.552,10,97000,2047.03,-0.88,2046.7885619282692,-31.438887696735875,2047.03
2026-09-24 14:42:53.552,10,98000,2062.13,-0.19,2062.1186617093967,-6.83826950671887,2062.13
2026-09-24 14:42:53.654,10,99000,2045.02,0.07,2045.0184737758361,2.4984626372945216,2045.02
2026-09-24 14:42:53.654,10,100000,2045.02,0.07,2045.0184737758361,2.4984626372945216,2045.02
2026-09-24 14:43:03.933,11,10000,1993.19,-0.22,1993.1753067364948,-7.653281379885187,1993.19
2026-09-24 14:43:04.051,11,11000,1990.53,0.44,1990.4713055975537,15.286022791098285,1990.53
2026-09-24 14:43:04.051,11,12000,1990.53,0.44,1990.4713055975537,15.286022791098285,1990.53
2026-09-24 14:43:04.052,11,13000,1998.0,-1.13,1997.6114355777645,-39.40244216977907,1998.0
2026-09-24 14:43:04.052,11,14000,1998.0,-1.13,1997.6114355777645,-39.40244216977907,1998.0
2026-09-24 14:43:04.151,11,15000,1987.29,0.94,1987.0225565582082,32.60220588981674,1987.29
2026-09-24 14:43:04.151,11,16000,1996.04,-0.59,1995.9341735652079,-20.553744052393416,1996.04
2026-09-24 14:43:04.152,11,17000,1996.04,-0.59,1995.9341735652079,-20.553744052393416,1996.04
2026-09-24 14:43:04.152,11,18000,1993.19,-0.1,1993.186964198796,-3.47877104562485,1993.19
2026-09-24 14:43:04.152,11,19000,2069.4,0.35,2069.3613896336437,12.641166620069802,2069.4
2026-09-24 14:43:04.267,11,20000,2069.4,0.35,2069.3613896336437,12.641166620069802,2069.4
2026-09-24 14:43:04.268,11,21000,2027.42,-1.8,2026.4195906166917,-63.68280117017886,2027.42
2026-09-24 14:43:04.268,11,22000,2010.0,0.32,2009.968651293583,11.225899387364903,2010.0
2026-09-24 14:43:04.268,11,23000,2024.65,-1.27,2024.1526474398884,-44.87407226997595,2024.65
2026-09-24 14:43:04.268,11,24000,2024.65,-1.27,2024.1526474398884,-44.87407226997595,2024.65
2026-09-24 14:43:04.374,11,25000,2024.65,-1.27,2024.1526474398884,-44.87407226997595,2024.65
2026-09-24 14:43:04.374,11,26000,2018.62,-0.55,2018.5269960582614,-19.377063348470173,2018.62
2026-09-24 14:43:04.374,11,27000,2018.62,-0.55,2018.5269960582614,-19.377063348470173,2018.62
2026-09-24 14:43:04.375,11,28000,2018.62,-0.55,2018.5269960582614,-19.377063348470173,2018.62
2026-09-24 14:43:04.375,11,29000,2035.77,-2.07,2034.441544836205,-73.53294190005325,2035.77
2026-09-24 14:43:04.481,11,30000,1954.23,-0.21,1954.2168738150635,-7.1626110099948885,1954.23
2026-09-24 14:43:04.481,11,31000,1974.59,-1.86,1973.549626166677,-64.09010186736447,1974.59
2026-09-24 14:43:04.481,11,32000,2062.2,-0.99,2061.8921670486698,-35.630485028115615,2062.2
2026-09-24 14:43:04.482,11,33000,2033.09,1.16,2032.673339349429,41.15876089050122,2033.09
2026-09-24 14:43:04.482,11,34000,2053.66,-0.31,2053.6299409250028,-11.111315690315214,2053.66
2026-09-24 14:43:04.600,11,35000,2053.66,-0.31,2053.6299409250028,-11.111315690315214,2053.66
2026-09-24 14:43:04.601,11,36000,2053.66,-0.31,2053.6299409250028,-11.111315690315214,2053.66
2026-09-24 14:43:04.601,11,37000,1995.28,-0.48,1995.2099821898867,-16.715423112543508,1995.28
2026-09-24 14:43:04.601,11,38000,1995.28,-0.48,1995.2099821898867,-16.715423112543508,1995.28
2026-09-24 14:43:04.602,11,39000,1995.28,-0.48,1995.2099821898867,-16.715423112543508,1995.28
2026-09-24 14:43:04.602,11,40000,2019.93,-1.98,2018.7239974706604,-69.78987703153778,2019.93
2026-09-24 14:43:04.699,11,41000,2056.19,0.97,2055.8953400724135,34.80900413018723,2056.19
2026-09-24 14:43:04.699,11,42000,2056.19,0.97,2055.8953400724135,34.80900413018723,2056.19
2026-09-24 14:43:04.700,11,43000,2050.52,-0.25,2050.5004805274802,-8.947052954558538,2050.52
2026-09-24 14:43:04.700,11,44000,2050.52,-0.25,2050.5004805274802,-8.947052954558538,2050.52
2026-09-24 14:43:04.700,11,45000,2037.31,0.44,2037.2499262040521,15.64526387069396,2037.31
2026-09-24 14:43:04.817,11,46000,2037.31,0.44,2037.2499262040521,15.64526387069396,2037.31
2026-09-24 14:43:04.818,11,47000,2037.31,0.44,2037.2499262040521,15.64526387069396,2037.31
2026-09-24 14:43:04.818,11,48000,2086.6,-0.67,2086.4573379044396,-24.399530829914422,2086.6
2026-09-24 14:43:04.818,11,49000,2045.29,1.24,2044.8110324913457,44.26088003730038,2045.29
2026-09-24 14:43:04.818,11,50000,2045.29,1.24,2044.8110324913457,44.26088003730038,2045.29
2026-09-24 14:43:04.818,11,51000,2074.99,-0.12,2074.985449039344,-4.345845716344488,2074.99
2026-09-24 14:43:04.917,11,52000,2074.99,-0.12,2074.985449039344,-4.345845716344488,2074.99
2026-09-24 14:43:04.917,11,53000,2024.89,-1.01,2024.5754007545943,-35.69255887960632,2024.89
2026-09-24 14:43:04.917,11,54000,1981.51,0.91,1981.2600836535883,31.470001922086677,1981.51
2026-09-24 14:43:04.918,11,55000,2082.18,0.77,2081.9919739926595,27.981648095648033,2082.18
2026-09-24 14:43:04.918,11,56000,2082.18,0.77,2081.9919739926595,27.981648095648033,2082.18
2026-09-24 14:43:05.034,11,57000,2033.63,-0.17,2033.621048533234,-6.03389282226504,2033.63
2026-09-24 14:43:05.034,11,58000,2018.52,0.41,2018.4683198629596,14.44410293513713,2018.52
2026-09-24 14:43:05.035,11,59000,2018.52,0.41,2018.4683198629596,14.44410293513713,2018.52
2026-09-24 14:43:05.035,11,60000,2018.52,0.41,2018.4683198629596,14.44410293513713,2018.52
2026-09-24 14:43:05.035,11,61000,2077.37,-0.28,2077.3451941682656,-10.151904550916958,2077.37
2026-09-24 14:43:05.035,11,62000,2077.37,-0.28,2077.3451941682656,-10.151904550916958,2077.37
2026-09-24 14:43:05.141,11,63000,2044.55,0.84,2044.3302781390948,29.973594774917714,2044.55
2026-09-24 14:43:05.141,11,64000,2082.05,-0.43,2081.991365831999,-15.625463225420594,2082.05
2026-09-24 14:43:05.141,11,65000,2038.07,-1.47,2037.3992592650557,-52.283680495948694,2038.07
2026-09-24 14:43:05.141,11,66000,2101.57,0.02,2101.5698719650354,0.7335863043252001,2101.57
2026-09-24 14:43:05.142,11,67000,2101.57,0.02,2101.5698719650354,0.7335863043252001,2101.57
2026-09-24 14:43:05.142,11,68000,2079.35,0.69,2079.1992194688128,25.040532348156415,2079.35
2026-09-24 14:43:05.251,11,69000,2037.96,-0.37,2037.917506516576,-13.160479978417774,2037.96
2026-09-24 14:43:05.252,11,70000,2037.96,-0.37,2037.917506516576,-13.160479978417774,2037.96
2026-09-24 14:43:05.252,11,71000,2078.39,-1.55,2077.629518429964,-56.21900255674742,2078.39
2026-09-24 14:43:05.252,11,72000,2100.26,-1.03,2099.9206400757494,-37.75411214497856,2100.26
2026-09-24 14:43:05.252,11,73000,2039.55,0.64,2039.422762675466,22.781518412303022,2039.55
2026-09-24 14:43:05.252,11,74000,2039.55,0.64,2039.422762675466,22.781518412303022,2039.55
2026-09-24 14:43:05.358,11,75000,2079.68,-0.44,2079.6186768474327,-15.97063891435511,2079.68
2026-09-24 14:43:05.358,11,76000,2089.38,-0.17,2089.3708031374285,-6.199306159421393,2089.38
2026-09-24 14:43:05.358,11,77000,2089.38,-0.17,2089.3708031374285,-6.199306159421393,2089.38
2026-09-24 14:43:05.358,11,78000,2027.79,1.34,2027.2354540758492,47.420436922129355,2027.79
2026-09-24 14:43:05.359,11,79000,2034.4,-0.91,2034.1434129451077,-32.30999182961133,2034.4
2026-09-24 14:43:05.473,11,80000,2034.4,-0.91,2034.1434129451077,-32.30999182961133,2034.4
2026-09-24 14:43:05.473,11,81000,2070.05,0.27,2070.0270156461197,9.754844705079954,2070.05
2026-09-24 14:43:05.474,11,82000,2033.94,-0.97,2033.6485285829058,-34.43233643804951,2033.94
2026-09-24 14:43:05.474,11,83000,2033.94,-0.97,2033.6485285829058,-34.43233643804951,2033.94
2026-09-24 14:43:05.474,11,84000,2010.12,-0.4,2010.071014793528,-14.033170950138475,2010.12
2026-09-24 14:43:05.475,11,85000,2010.12,-0.4,2010.071014793528,-14.033170950138475,2010.12
2026-09-24 14:43:05.584,11,86000,2021.51,0.01,2021.509969210642,0.3528200518286535,2021.51
2026-09-24 14:43:05.585,11,87000,2021.51,0.01,2021.509969210642,0.3528200518286535,2021.51
2026-09-24 14:43:05.585,11,88000,2067.7,-0.92,2067.4334500589416,-33.19969242902484,2067.7
2026-09-24 14:43:05.585,11,89000,2032.95,-2.32,2031.283642932665,-82.29498438058671,2032.95
2026-09-24 14:43:05.585,11,90000,2082.58,-0.37,2082.5365761454054,-13.448621363252117,2082.58
2026-09-24 14:43:05.585,11,91000,2015.55,0.88,2015.312274854068,30.955408614996358,2015.55
2026-09-24 14:43:05.684,11,92000,1983.8,-0.51,1983.72141129903,-17.657926089556803,1983.8
2026-09-24 14:43:05.684,11,93000,2033.93,-1.41,2033.3141470173955,-50.04822113643044,2033.93
2026-09-24 14:43:05.684,11,94000,2078.39,0.57,2078.287151511583,20.67626566547088,2078.39
2026-09-24 14:43:05.684,11,95000,2047.03,-0.88,2046.7885619282692,-31.438887696735875,2047.03
2026-09-24 14:43:05.685,11,96000,2047.03,-0.88,2046.7885619282692,-31.438887696735875,2047.03
2026-09-24 14:43:05.791,11,97000,2047.03,-0.88,2046.7885619282692,-31.438887696735875,2047.03
2026-09-24 14:43:05.791,11,98000,2062.13,-0.19,2062.1186617093967,-6.83826950671887,2062.13
2026-09-24 14:43:05.791,11,99000,2045.02,0.07,2045.0184737758361,2.4984626372945216,2045.02
2026-09-24 14:43:05.792,11,100000,2045.02,0.07,2045.0184737758361,2.4984626372945216,2045.02
2026-09-24 14:43:16.172,12,10000,1993.19,-0.22,1993.1753067364948,-7.653281379885187,1993.19
2026-09-24 14:43:16.173,12,11000,1990.53,0.44,1990.4713055975537,15.286022791098285,1990.53
2026-09-24 14:43:16.173,12,12000,1990.53,0.44,1990.4713055975537,15.286022791098285,1990.53
2026-09-24 14:43:16.173,12,13000,1998.0,-1.13,1997.6114355777645,-39.40244216977907,1998.0
2026-09-24 14:43:16.284,12,14000,1998.0,-1.13,1997.6114355777645,-39.40244216977907,1998.0
2026-09-24 14:43:16.284,12,15000,1987.29,0.94,1987.0225565582082,32.60220588981674,1987.29
2026-09-24 14:43:16.284,12,16000,1996.04,-0.59,1995.9341735652079,-20.553744052393416,1996.04
2026-09-24 14:43:16.284,12,17000,1996.04,-0.59,1995.9341735652079,-20.553744052393416,1996.04
2026-09-24 14:43:16.400,12,18000,1993.19,-0.1,1993.186964198796,-3.47877104562485,1993.19
2026-09-24 14:43:16.401,12,19000,2069.4,0.35,2069.3613896336437,12.641166620069802,2069.4
2026-09-24 14:43:16.401,12,20000,2069.4,0.35,2069.3613896336437,12.641166620069802,2069.4
2026-09-24 14:43:16.401,12,21000,2027.42,-1.8,2026.4195906166917,-63.68280117017886,2027.42
2026-09-24 14:43:16.401,12,22000,2010.0,0.32,2009.968651293583,11.225899387364903,2010.0
2026-09-24 14:43:16.402,12,23000,2024.65,-1.27,2024.1526474398884,-44.87407226997595,2024.65
2026-09-24 14:43:16.516,12,24000,2024.65,-1.27,2024.1526474398884,-44.87407226997595,2024.65
2026-09-24 14:43:16.517,12,25000,2024.65,-1.27,2024.1526474398884,-44.87407226997595,2024.65
2026-09-24 14:43:16.517,12,26000,2018.62,-0.55,2018.5269960582614,-19.377063348470173,2018.62
2026-09-24 14:43:16.517,12,27000,2018.62,-0.55,2018.5269960582614,-19.377063348470173,2018.62
2026-09-24 14:43:16.517,12,28000,2018.62,-0.55,2018.5269960582614,-19.377063348470173,2018.62
2026-09-24 14:43:16.634,12,29000,2009.0,0.32,2008.9686668899544,11.220314362794074,2009.0
2026-09-24 14:43:16.634,12,30000,1954.23,-0.21,1954.2168738150635,-7.1626110099948885,1954.23
2026-09-24 14:43:16.635,12,31000,1974.59,-1.86,1973.549626166677,-64.09010186736447,1974.59
2026-09-24 14:43:16.635,12,32000,2062.2,-0.99,2061.8921670486698,-35.630485028115615,2062.2
2026-09-24 14:43:16.635,12,33000,2033.09,1.16,2032.673339349429,41.15876089050122,2033.09
2026-09-24 14:43:16.635,12,34000,2053.66,-0.31,2053.6299409250028,-11.111315690315214,2053.66
2026-09-24 14:43:16.744,12,35000,2053.66,-0.31,2053.6299409250028,-11.111315690315214,2053.66
2026-09-24 14:43:16.744,12,36000,2053.66,-0.31,2053.6299409250028,-11.111315690315214,2053.66
2026-09-24 14:43:16.745,12,37000,1995.28,-0.48,1995.2099821898867,-16.715423112543508,1995.28
2026-09-24 14:43:16.745,12,38000,1995.28,-0.48,1995.2099821898867,-16.715423112543508,1995.28
2026-09-24 14:43:16.745,12,39000,1995.28,-0.48,1995.2099821898867,-16.715423112543508,1995.28
2026-09-24 14:43:16.867,12,40000,2019.93,-1.98,2018.7239974706604,-69.78987703153778,2019.93
2026-09-24 14:43:16.868,12,41000,2056.19,0.97,2055.8953400724135,34.80900413018723,2056.19
2026-09-24 14:43:16.868,12,42000,2056.19,0.97,2055.8953400724135,34.80900413018723,2056.19
2026-09-24 14:43:16.868,12,43000,2050.52,-0.25,2050.5004805274802,-8.947052954558538,2050.52
2026-09-24 14:43:16.868,12,44000,2050.52,-0.25,2050.5004805274802,-8.947052954558538,2050.52
2026-09-24 14:43:16.868,12,45000,2037.31,0.44,2037.2499262040521,15.64526387069396,2037.31
2026-09-24 14:43:16.983,12,46000,2037.31,0.44,2037.2499262040521,15.64526387069396,2037.31
2026-09-24 14:43:16.984,12,47000,2037.31,0.44,2037.2499262040521,15.64526387069396,2037.31
2026-09-24 14:43:16.984,12,48000,2086.6,-0.67,2086.4573379044396,-24.399530829914422,2086.6
2026-09-24 14:43:16.984,12,49000,2045.29,1.24,2044.8110324913457,44.26088003730038,2045.29
2026-09-24 14:43:16.985,12,50000,2045.29,1.24,2044.8110324913457,44.26088003730038,2045.29
2026-09-24 14:43:16.985,12,51000,2074.99,-0.12,2074.985449039344,-4.345845716344488,2074.99
2026-09-24 14:43:17.094,12,52000,2074.99,-0.12,2074.985449039344,-4.345845716344488,2074.99
2026-09-24 14:43:17.094,12,53000,2024.89,-1.01,2024.5754007545943,-35.69255887960632,2024.89
2026-09-24 14:43:17.094,12,54000,1981.51,0.91,1981.2600836535883,31.470001922086677,1981.51
2026-09-24 14:43:17.095,12,55000,2082.18,0.77,2081.9919739926595,27.981648095648033,2082.18
2026-09-24 14:43:17.095,12,56000,2082.18,0.77,2081.9919739926595,27.981648095648033,2082.18
2026-09-24 14:43:17.095,12,57000,2033.63,-0.17,2033.621048533234,-6.03389282226504,2033.63
2026-09-24 14:43:17.204,12,58000,2018.52,0.41,2018.4683198629596,14.44410293513713,2018.52
2026-09-24 14:43:17.204,12,59000,2018.52,0.41,2018.4683198629596,14.44410293513713,2018.52
2026-09-24 14:43:17.204,12,60000,2018.52,0.41,2018.4683198629596,14.44410293513713,2018.52
2026-09-24 14:43:17.205,12,61000,2077.37,-0.28,2077.3451941682656,-10.151904550916958,2077.37
2026-09-24 14:43:17.205,12,62000,2077.37,-0.28,2077.3451941682656,-10.151904550916958,2077.37
2026-09-24 14:43:17.205,12,63000,2044.55,0.84,2044.3302781390948,29.973594774917714,2044.55
2026-09-24 14:43:17.307,12,64000,2082.05,-0.43,2081.991365831999,-15.625463225420594,2082.05
2026-09-24 14:43:17.307,12,65000,2038.07,-1.47,2037.3992592650557,-52.283680495948694,2038.07
2026-09-24 14:43:17.308,12,66000,2101.57,0.02,2101.5698719650354,0.7335863043252001,2101.57
2026-09-24 14:43:17.308,12,67000,2101.57,0.02,2101.5698719650354,0.7335863043252001,2101.57
2026-09-24 14:43:17.308,12,68000,2079.35,0.69,2079.1992194688128,25.040532348156415,2079.35
2026-09-24 14:43:17.417,12,69000,2037.96,-0.37,2037.917506516576,-13.160479978417774,2037.96
2026-09-24 14:43:17.418,12,70000,2037.96,-0.37,2037.917506516576,-13.160479978417774,2037.96
2026-09-24 14:43:17.418,12,71000,2078.39,-1.55,2077.629518429964,-56.21900255674742,2078.39
2026-09-24 14:43:17.418,12,72000,2100.26,-1.03,2099.9206400757494,-37.75411214497856,2100.26
2026-09-24 14:43:17.418,12,73000,2039.55,0.64,2039.422762675466,22.781518412303022,2039.55
2026-09-24 14:43:17.418,12,74000,2039.55,0.64,2039.422762675466,22.781518412303022,2039.55
2026-09-24 14:43:17.534,12,75000,2079.68,-0.44,2079.6186768474327,-15.97063891435511,2079.68
2026-09-24 14:43:17.534,12,76000,2089.38,-0.17,2089.3708031374285,-6.199306159421393,2089.38
2026-09-24 14:43:17.535,12,77000,2089.38,-0.17,2089.3708031374285,-6.199306159421393,2089.38
2026-09-24 14:43:17.535,12,78000,2027.79,1.34,2027.2354540758492,47.420436922129355,2027.79
2026-09-24 14:43:17.535,12,79000,2034.4,-0.91,2034.1434129451077,-32.30999182961133,2034.4
2026-09-24 14:43:17.535,12,80000,2034.4,-0.91,2034.1434129451077,-32.30999182961133,2034.4
2026-09-24 14:43:17.634,12,81000,2070.05,0.27,2070.0270156461197,9.754844705079954,2070.05
2026-09-24 14:43:17.634,12,82000,2033.94,-0.97,2033.6485285829058,-34.43233643804951,2033.94
2026-09-24 14:43:17.634,12,83000,2033.94,-0.97,2033.6485285829058,-34.43233643804951,2033.94
2026-09-24 14:43:17.634,12,84000,2010.12,-0.4,2010.071014793528,-14.033170950138475,2010.12
2026-09-24 14:43:17.635,12,85000,2010.12,-0.4,2010.071014793528,-14.033170950138475,2010.12
2026-09-24 14:43:17.753,12,86000,2021.51,0.01,2021.509969210642,0.3528200518286535,2021.51
2026-09-24 14:43:17.754,12,87000,2021.51,0.01,2021.509969210642,0.3528200518286535,2021.51
2026-09-24 14:43:17.754,12,88000,2067.7,-0.92,2067.4334500589416,-33.19969242902484,2067.7
2026-09-24 14:43:17.754,12,89000,2032.95,-2.32,2031.283642932665,-82.29498438058671,2032.95
2026-09-24 14:43:17.755,12,90000,2082.58,-0.37,2082.5365761454054,-13.448621363252117,2082.58
2026-09-24 14:43:17.755,12,91000,2015.55,0.88,2015.312274854068,30.955408614996358,2015.55
2026-09-24 14:43:17.755,12,92000,1983.8,-0.51,1983.72141129903,-17.657926089556803,1983.8
2026-09-24 14:43:17.867,12,93000,2033.93,-1.41,2033.3141470173955,-50.04822113643044,2033.93
2026-09-24 14:43:17.868,12,94000,2078.39,0.57,2078.287151511583,20.67626566547088,2078.39
2026-09-24 14:43:17.868,12,95000,2047.03,-0.88,2046.7885619282692,-31.438887696735875,2047.03
2026-09-24 14:43:17.868,12,96000,2047.03,-0.88,2046.7885619282692,-31.438887696735875,2047.03
2026-09-24 14:43:17.868,12,97000,2047.03,-0.88,2046.7885619282692,-31.438887696735875,2047.03
2026-09-24 14:43:17.868,12,98000,2062.13,-0.19,2062.1186617093967,-6.83826950671887,2062.13
2026-09-24 14:43:17.967,12,99000,2045.02,0.07,2045.0184737758361,2.4984626372945216,2045.02
2026-09-24 14:43:17.968,12,100000,2045.02,0.07,2045.0184737758361,2.4984626372945216,2045.02
2026-09-24 14:43:28.251,13,10000,1993.19,-0.22,1993.1753067364948,-7.653281379885187,1993.19
2026-09-24 14:43:28.360,13,11000,1990.53,0.44,1990.4713055975537,15.286022791098285,1990.53
2026-09-24 14:43:28.360,13,12000,1990.53,0.44,1990.4713055975537,15.286022791098285,1990.53
2026-09-24 14:43:28.360,13,13000,1998.0,-1.13,1997.6114355777645,-39.40244216977907,1998.0
2026-09-24 14:43:28.361,13,14000,1998.0,-1.13,1997.6114355777645,-39.40244216977907,1998.0
2026-09-24 14:43:28.468,13,15000,1987.29,0.94,1987.0225565582082,32.60220588981674,1987.29
2026-09-24 14:43:28.468,13,16000,1996.04,-0.59,1995.9341735652079,-20.553744052393416,1996.04
2026-09-24 14:43:28.469,13,17000,1996.04,-0.59,1995.9341735652079,-20.553744052393416,1996.04
2026-09-24 14:43:28.469,13,18000,1993.19,-0.1,1993.186964198796,-3.47877104562485,1993.19
2026-09-24 14:43:28.576,13,19000,2069.4,0.35,2069.3613896336437,12.641166620069802,2069.4
2026-09-24 14:43:28.577,13,20000,2069.4,0.35,2069.3613896336437,12.641166620069802,2069.4
2026-09-24 14:43:28.577,13,21000,2027.42,-1.8,2026.4195906166917,-63.68280117017886,2027.42
2026-09-24 14:43:28.577,13,22000,2010.0,0.32,2009.968651293583,11.225899387364903,2010.0
2026-09-24 14:43:28.577,13,23000,2024.65,-1.27,2024.1526474398884,-44.87407226997595,2024.65
2026-09-24 14:43:28.691,13,24000,2024.65,-1.27,2024.1526474398884,-44.87407226997595,2024.65
2026-09-24 14:43:28.691,13,25000,2024.65,-1.27,2024.1526474398884,-44.87407226997595,2024.65
2026-09-24 14:43:28.692,13,26000,2018.62,-0.55,2018.5269960582614,-19.377063348470173,2018.62
2026-09-24 14:43:28.692,13,27000,2018.62,-0.55,2018.5269960582614,-19.377063348470173,2018.62
2026-09-24 14:43:28.692,13,28000,2018.62,-0.55,2018.5269960582614,-19.377063348470173,2018.62
2026-09-24 14:43:28.692,13,29000,2009.0,0.32,2008.9686668899544,11.220314362794074,2009.0
2026-09-24 14:43:28.797,13,30000,1954.23,-0.21,1954.2168738150635,-7.1626110099948885,1954.23
2026-09-24 14:43:28.797,13,31000,1974.59,-1.86,1973.549626166677,-64.09010186736447,1974.59
2026-09-24 14:43:28.798,13,32000,2062.2,-0.99,2061.8921670486698,-35.630485028115615,2062.2
2026-09-24 14:43:28.798,13,33000,2033.09,1.16,2032.673339349429,41.15876089050122,2033.09
2026-09-24 14:43:28.798,13,34000,2053.66,-0.31,2053.6299409250028,-11.111315690315214,2053.66
2026-09-24 14:43:28.906,13,35000,2053.66,-0.31,2053.6299409250028,-11.111315690315214,2053.66
2026-09-24 14:43:28.906,13,36000,2053.66,-0.31,2053.6299409250028,-11.111315690315214,2053.66
2026-09-24 14:43:28.906,13,37000,1995.28,-0.48,1995.2099821898867,-16.715423112543508,1995.28
2026-09-24 14:43:28.907,13,38000,1995.28,-0.48,1995.2099821898867,-16.715423112543508,1995.28
2026-09-24 14:43:28.907,13,39000,1995.28,-0.48,1995.2099821898867,-16.715423112543508,1995.28
2026-09-24 14:43:29.015,13,40000,2019.93,-1.98,2018.7239974706604,-69.78987703153778,2019.93
2026-09-24 14:43:29.015,13,41000,2056.19,0.97,2055.8953400724135,34.80900413018723,2056.19
2026-09-24 14:43:29.015,13,42000,2056.19,0.97,2055.8953400724135,34.80900413018723,2056.19
2026-09-24 14:43:29.015,13,43000,2050.52,-0.25,2050.5004805274802,-8.947052954558538,2050.52
2026-09-24 14:43:29.016,13,44000,2050.52,-0.25,2050.5004805274802,-8.947052954558538,2050.52
2026-09-24 14:43:29.016,13,45000,2037.31,0.44,2037.2499262040521,15.64526387069396,2037.31
2026-09-24 14:43:29.124,13,46000,2037.31,0.44,2037.2499262040521,15.64526387069396,2037.31
2026-09-24 14:43:29.124,13,47000,2037.31,0.44,2037.2499262040521,15.64526387069396,2037.31
2026-09-24 14:43:29.124,13,48000,2086.6,-0.67,2086.4573379044396,-24.399530829914422,2086.6
2026-09-24 14:43:29.124,13,49000,2045.29,1.24,2044.8110324913457,44.26088003730038,2045.29
2026-09-24 14:43:29.125,13,50000,2045.29,1.24,2044.8110324913457,44.26088003730038,2045.29
2026-09-24 14:43:29.234,13,51000,2074.99,-0.12,2074.985449039344,-4.345845716344488,2074.99
2026-09-24 14:43:29.234,13,52000,2074.99,-0.12,2074.985449039344,-4.345845716344488,2074.99
2026-09-24 14:43:29.234,13,53000,2024.89,-1.01,2024.5754007545943,-35.69255887960632,2024.89
2026-09-24 14:43:29.235,13,54000,1981.51,0.91,1981.2600836535883,31.470001922086677,1981.51
2026-09-24 14:43:29.235,13,55000,2082.18,0.77,2081.9919739926595,27.981648095648033,2082.18
2026-09-24 14:43:29.235,13,56000,2082.18,0.77,2081.9919739926595,27.981648095648033,2082.18
2026-09-24 14:43:29.340,13,57000,2033.63,-0.17,2033.621048533234,-6.03389282226504,2033.63
2026-09-24 14:43:29.341,13,58000,2018.52,0.41,2018.4683198629596,14.44410293513713,2018.52
2026-09-24 14:43:29.341,13,59000,2018.52,0.41,2018.4683198629596,14.44410293513713,2018.52
2026-09-24 14:43:29.341,13,60000,2018.52,0.41,2018.4683198629596,14.44410293513713,2018.52
2026-09-24 14:43:29.341,13,61000,2077.37,-0.28,2077.3451941682656,-10.151904550916958,2077.37
2026-09-24 14:43:29.447,13,62000,2077.37,-0.28,2077.3451941682656,-10.151904550916958,2077.37
2026-09-24 14:43:29.447,13,63000,2044.55,0.84,2044.3302781390948,29.973594774917714,2044.55
2026-09-24 14:43:29.448,13,64000,2082.05,-0.43,2081.991365831999,-15.625463225420594,2082.05
2026-09-24 14:43:29.448,13,65000,2038.07,-1.47,2037.3992592650557,-52.283680495948694,2038.07
2026-09-24 14:43:29.448,13,66000,2101.57,0.02,2101.5698719650354,0.7335863043252001,2101.57
2026-09-24 14:43:29.448,13,67000,2101.57,0.02,2101.5698719650354,0.7335863043252001,2101.57
2026-09-24 14:43:29.567,13,68000,2079.35,0.69,2079.1992194688128,25.040532348156415,2079.35
2026-09-24 14:43:29.567,13,69000,2037.96,-0.37,2037.917506516576,-13.160479978417774,2037.96
2026-09-24 14:43:29.567,13,70000,2037.96,-0.37,2037.917506516576,-13.160479978417774,2037.96
2026-09-24 14:43:29.568,13,71000,2078.39,-1.55,2077.629518429964,-56.21900255674742,2078.39
2026-09-24 14:43:29.568,13,72000,2100.26,-1.03,2099.9206400757494,-37.75411214497856,2100.26
2026-09-24 14:43:29.568,13,73000,2039.55,0.64,2039.422762675466,22.781518412303022,2039.55
2026-09-24 14:43:29.667,13,74000,2039.55,0.64,2039.422762675466,22.781518412303022,2039.55
2026-09-24 14:43:29.668,13,75000,2079.68,-0.44,2079.6186768474327,-15.97063891435511,2079.68
2026-09-24 14:43:29.668,13,76000,2089.38,-0.17,2089.3708031374285,-6.199306159421393,2089.38
2026-09-24 14:43:29.668,13,77000,2089.38,-0.17,2089.3708031374285,-6.199306159421393,2089.38
2026-09-24 14:43:29.668,13,78000,2027.79,1.34,2027.2354540758492,47.420436922129355,2027.79
2026-09-24 14:43:29.668,13,79000,2034.4,-0.91,2034.1434129451077,-32.30999182961133,2034.4
2026-09-24 14:43:29.783,13,80000,2034.4,-0.91,2034.1434129451077,-32.30999182961133,2034.4
2026-09-24 14:43:29.783,13,81000,2070.05,0.27,2070.0270156461197,9.754844705079954,2070.05
2026-09-24 14:43:29.784,13,82000,2033.94,-0.97,2033.6485285829058,-34.43233643804951,2033.94
2026-09-24 14:43:29.784,13,83000,2033.94,-0.97,2033.6485285829058,-34.43233643804951,2033.94
2026-09-24 14:43:29.784,13,84000,2010.12,-0.4,2010.071014793528,-14.033170950138475,2010.12
2026-09-24 14:43:29.784,13,85000,2010.12,-0.4,2010.071014793528,-14.033170950138475,2010.12
2026-09-24 14:43:29.884,13,86000,2021.51,0.01,2021.509969210642,0.3528200518286535,2021.51
2026-09-24 14:43:29.884,13,87000,2021.51,0.01,2021.509969210642,0.3528200518286535,2021.51
2026-09-24 14:43:29.884,13,88000,2067.7,-0.92,2067.4334500589416,-33.19969242902484,2067.7
2026-09-24 14:43:29.884,13,89000,2032.95,-2.32,2031.283642932665,-82.29498438058671,2032.95
2026-09-24 14:43:29.885,13,90000,2082.58,-0.37,2082.5365761454054,-13.448621363252117,2082.58
2026-09-24 14:43:30.000,13,91000,2015.55,0.88,2015.312274854068,30.955408614996358,2015.55
2026-09-24 14:43:30.001,13,92000,1983.8,-0.51,1983.72141129903,-17.657926089556803,1983.8
2026-09-24 14:43:30.001,13,93000,2033.93,-1.41,2033.3141470173955,-50.04822113643044,2033.93
2026-09-24 14:43:30.001,13,94000,2078.39,0.57,2078.287151511583,20.67626566547088,2078.39
2026-09-24 14:43:30.002,13,95000,2047.03,-0.88,2046.7885619282692,-31.438887696735875,2047.03
2026-09-24 14:43:30.002,13,96000,2047.03,-0.88,2046.7885619282692,-31.438887696735875,2047.03
2026-09-24 14:43:30.117,13,97000,2047.03,-0.88,2046.7885619282692,-31.438887696735875,2047.03
2026-09-24 14:43:30.118,13,98000,1992.49,0.88,1992.2549946783668,30.601246365157944,1992.49
2026-09-24 14:43:30.118,13,99000,2045.02,0.07,2045.0184737758361,2.4984626372945216,2045.02
2026-09-24 14:43:30.118,13,100000,2045.02,0.07,2045.0184737758361,2.4984626372945216,2045.02
2026-09-24 14:43:40.516,14,10000,1993.19,-0.22,1993.1753067364948,-7.653281379885187,1993.19
2026-09-24 14:43:40.517,14,11000,1990.53,0.44,1990.4713055975537,15.286022791098285,1990.53
2026-09-24 14:43:40.517,14,12000,1990.53,0.44,1990.4713055975537,15.286022791098285,1990.53
2026-09-24 14:43:40.517,14,13000,1998.0,-1.13,1997.6114355777645,-39.40244216977907,1998.0
2026-09-24 14:43:40.517,14,14000,1998.0,-1.13,1997.6114355777645,-39.40244216977907,1998.0
2026-09-24 14:43:40.634,14,15000,1987.29,0.94,1987.0225565582082,32.60220588981674,1987.29
2026-09-24 14:43:40.634,14,16000,1996.04,-0.59,1995.9341735652079,-20.553744052393416,1996.04
2026-09-24 14:43:40.634,14,17000,1996.04,-0.59,1995.9341735652079,-20.553744052393416,1996.04
2026-09-24 14:43:40.634,14,18000,1993.19,-0.1,1993.186964198796,-3.47877104562485,1993.19
2026-09-24 14:43:40.635,14,19000,2069.4,0.35,2069.3613896336437,12.641166620069802,2069.4
2026-09-24 14:43:40.754,14,20000,2069.4,0.35,2069.3613896336437,12.641166620069802,2069.4
2026-09-24 14:43:40.754,14,21000,2027.42,-1.8,2026.4195906166917,-63.68280117017886,2027.42
2026-09-24 14:43:40.754,14,22000,2010.0,0.32,2009.968651293583,11.225899387364903,2010.0
2026-09-24 14:43:40.755,14,23000,2024.65,-1.27,2024.1526474398884,-44.87407226997595,2024.65
2026-09-24 14:43:40.755,14,24000,2024.65,-1.27,2024.1526474398884,-44.87407226997595,2024.65
2026-09-24 14:43:40.867,14,25000,2024.65,-1.27,2024.1526474398884,-44.87407226997595,2024.65
2026-09-24 14:43:40.867,14,26000,2018.62,-0.55,2018.5269960582614,-19.377063348470173,2018.62
2026-09-24 14:43:40.868,14,27000,2018.62,-0.55,2018.5269960582614,-19.377063348470173,2018.62
2026-09-24 14:43:40.868,14,28000,2018.62,-0.55,2018.5269960582614,-19.377063348470173,2018.62
2026-09-24 14:43:40.868,14,29000,2035.77,-2.07,2034.441544836205,-73.53294190005325,2035.77
2026-09-24 14:43:40.868,14,30000,1954.23,-0.21,1954.2168738150635,-7.1626110099948885,1954.23
2026-09-24 14:43:40.990,14,31000,1974.59,-1.86,1973.549626166677,-64.09010186736447,1974.59
2026-09-24 14:43:40.991,14,32000,2062.2,-0.99,2061.8921670486698,-35.630485028115615,2062.2
2026-09-24 14:43:40.991,14,33000,2033.09,1.16,2032.673339349429,41.15876089050122,2033.09
2026-09-24 14:43:40.991,14,34000,2053.66,-0.31,2053.6299409250028,-11.111315690315214,2053.66
2026-09-24 14:43:40.991,14,35000,2053.66,-0.31,2053.6299409250028,-11.111315690315214,2053.66
2026-09-24 14:43:40.991,14,36000,2053.66,-0.31,2053.6299409250028,-11.111315690315214,2053.66
2026-09-24 14:43:41.104,14,37000,1995.28,-0.48,1995.2099821898867,-16.715423112543508,1995.28
2026-09-24 14:43:41.104,14,38000,1995.28,-0.48,1995.2099821898867,-16.715423112543508,1995.28
2026-09-24 14:43:41.105,14,39000,1995.28,-0.48,1995.2099821898867,-16.715423112543508,1995.28
2026-09-24 14:43:41.105,14,40000,2019.93,-1.98,2018.7239974706604,-69.78987703153778,2019.93
2026-09-24 14:43:41.105,14,41000,2056.19,0.97,2055.8953400724135,34.80900413018723,2056.19
2026-09-24 14:43:41.217,14,42000,2056.19,0.97,2055.8953400724135,34.80900413018723,2056.19
2026-09-24 14:43:41.218,14,43000,2050.52,-0.25,2050.5004805274802,-8.947052954558538,2050.52
2026-09-24 14:43:41.218,14,44000,2050.52,-0.25,2050.5004805274802,-8.947052954558538,2050.52
2026-09-24 14:43:41.218,14,45000,2037.31,0.44,2037.2499262040521,15.64526387069396,2037.31
2026-09-24 14:43:41.218,14,46000,2037.31,0.44,2037.2499262040521,15.64526387069396,2037.31
2026-09-24 14:43:41.218,14,47000,2037.31,0.44,2037.2499262040521,15.64526387069396,2037.31
2026-09-24 14:43:41.330,14,48000,2086.6,-0.67,2086.4573379044396,-24.399530829914422,2086.6
2026-09-24 14:43:41.330,14,49000,2045.29,1.24,2044.8110324913457,44.26088003730038,2045.29
2026-09-24 14:43:41.331,14,50000,2045.29,1.24,2044.8110324913457,44.26088003730038,2045.29
2026-09-24 14:43:41.331,14,51000,2074.99,-0.12,2074.985449039344,-4.345845716344488,2074.99
2026-09-24 14:43:41.331,14,52000,2074.99,-0.12,2074.985449039344,-4.345845716344488,2074.99
2026-09-24 14:43:41.331,14,53000,2024.89,-1.01,2024.5754007545943,-35.69255887960632,2024.89
2026-09-24 14:43:41.434,14,54000,1981.51,0.91,1981.2600836535883,31.470001922086677,1981.51
2026-09-24 14:43:41.434,14,55000,2082.18,0.77,2081.9919739926595,27.981648095648033,2082.18
2026-09-24 14:43:41.434,14,56000,2082.18,0.77,2081.9919739926595,27.981648095648033,2082.18
2026-09-24 14:43:41.434,14,57000,2033.63,-0.17,2033.621048533234,-6.03389282226504,2033.63
2026-09-24 14:43:41.435,14,58000,2018.52,0.41,2018.4683198629596,14.44410293513713,2018.52
2026-09-24 14:43:41.547,14,59000,2018.52,0.41,2018.4683198629596,14.44410293513713,2018.52
2026-09-24 14:43:41.547,14,60000,2018.52,0.41,2018.4683198629596,14.44410293513713,2018.52
2026-09-24 14:43:41.548,14,61000,2077.37,-0.28,2077.3451941682656,-10.151904550916958,2077.37
2026-09-24 14:43:41.548,14,62000,2077.37,-0.28,2077.3451941682656,-10.151904550916958,2077.37
2026-09-24 14:43:41.548,14,63000,2044.55,0.84,2044.3302781390948,29.973594774917714,2044.55
2026-09-24 14:43:41.548,14,64000,2082.05,-0.43,2081.991365831999,-15.625463225420594,2082.05
2026-09-24 14:43:41.667,14,65000,2038.07,-1.47,2037.3992592650557,-52.283680495948694,2038.07
2026-09-24 14:43:41.667,14,66000,2101.57,0.02,2101.5698719650354,0.7335863043252001,2101.57
2026-09-24 14:43:41.668,14,67000,2101.57,0.02,2101.5698719650354,0.7335863043252001,2101.57
2026-09-24 14:43:41.668,14,68000,2079.35,0.69,2079.1992194688128,25.040532348156415,2079.35
2026-09-24 14:43:41.668,14,69000,2037.96,-0.37,2037.917506516576,-13.160479978417774,2037.96
2026-09-24 14:43:41.668,14,70000,2037.96,-0.37,2037.917506516576,-13.160479978417774,2037.96
2026-09-24 14:43:41.783,14,71000,2078.39,-1.55,2077.629518429964,-56.21900255674742,2078.39
2026-09-24 14:43:41.783,14,72000,2100.26,-1.03,2099.9206400757494,-37.75411214497856,2100.26
2026-09-24 14:43:41.783,14,73000,2039.55,0.64,2039.422762675466,22.781518412303022,2039.55
2026-09-24 14:43:41.783,14,74000,2039.55,0.64,2039.422762675466,22.781518412303022,2039.55
2026-09-24 14:43:41.784,14,75000,2079.68,-0.44,2079.6186768474327,-15.97063891435511,2079.68
2026-09-24 14:43:41.784,14,76000,2089.38,-0.17,2089.3708031374285,-6.199306159421393,2089.38
2026-09-24 14:43:41.890,14,77000,2089.38,-0.17,2089.3708031374285,-6.199306159421393,2089.38
2026-09-24 14:43:41.891,14,78000,2027.79,1.34,2027.2354540758492,47.420436922129355,2027.79
2026-09-24 14:43:41.891,14,79000,2034.4,-0.91,2034.1434129451077,-32.30999182961133,2034.4
2026-09-24 14:43:41.891,14,80000,2034.4,-0.91,2034.1434129451077,-32.30999182961133,2034.4
2026-09-24 14:43:41.891,14,81000,2070.05,0.27,2070.0270156461197,9.754844705079954,2070.05
2026-09-24 14:43:41.892,14,82000,2033.94,-0.97,2033.6485285829058,-34.43233643804951,2033.94
2026-09-24 14:43:42.000,14,83000,2033.94,-0.97,2033.6485285829058,-34.43233643804951,2033.94
2026-09-24 14:43:42.000,14,84000,2010.12,-0.4,2010.071014793528,-14.033170950138475,2010.12
2026-09-24 14:43:42.001,14,85000,2010.12,-0.4,2010.071014793528,-14.033170950138475,2010.12
2026-09-24 14:43:42.001,14,86000,2021.51,0.01,2021.509969210642,0.3528200518286535,2021.51
2026-09-24 14:43:42.001,14,87000,2021.51,0.01,2021.509969210642,0.3528200518286535,2021.51
2026-09-24 14:43:42.001,14,88000,2067.7,-0.92,2067.4334500589416,-33.19969242902484,2067.7
2026-09-24 14:43:42.115,14,89000,2032.95,-2.32,2031.283642932665,-82.29498438058671,2032.95
2026-09-24 14:43:42.115,14,90000,2082.58,-0.37,2082.5365761454054,-13.448621363252117,2082.58
2026-09-24 14:43:42.115,14,91000,2015.55,0.88,2015.312274854068,30.955408614996358,2015.55
2026-09-24 14:43:42.115,14,92000,1983.8,-0.51,1983.72141129903,-17.657926089556803,1983.8
2026-09-24 14:43:42.116,14,93000,2033.93,-1.41,2033.3141470173955,-50.04822113643044,2033.93
2026-09-24 14:43:42.116,14,94000,2078.39,0.57,2078.287151511583,20.67626566547088,2078.39
2026-09-24 14:43:42.222,14,95000,2047.03,-0.88,2046.7885619282692,-31.438887696735875,2047.03
2026-09-24 14:43:42.224,14,96000,2047.03,-0.88,2046.7885619282692,-31.438887696735875,2047.03
2026-09-24 14:43:42.224,14,97000,2047.03,-0.88,2046.7885619282692,-31.438887696735875,2047.03
2026-09-24 14:43:42.224,14,98000,2062.13,-0.19,2062.1186617093967,-6.83826950671887,2062.13
2026-09-24 14:43:42.224,14,99000,2045.02,0.07,2045.0184737758361,2.4984626372945216,2045.02
2026-09-24 14:43:42.225,14,100000,2045.02,0.07,2045.0184737758361,2.4984626372945216,2045.02
2026-09-24 14:43:52.614,15,10000,1993.19,-0.22,1993.1753067364948,-7.653281379885187,1993.19
2026-09-24 14:43:52.615,15,11000,1990.53,0.44,1990.4713055975537,15.286022791098285,1990.53
2026-09-24 14:43:52.714,15,12000,1990.53,0.44,1990.4713055975537,15.286022791098285,1990.53
2026-09-24 14:43:52.714,15,13000,1998.0,-1.13,1997.6114355777645,-39.40244216977907,1998.0
2026-09-24 14:43:52.715,15,14000,1998.0,-1.13,1997.6114355777645,-39.40244216977907,1998.0
2026-09-24 14:43:52.715,15,15000,1987.29,0.94,1987.0225565582082,32.60220588981674,1987.29
2026-09-24 14:43:52.833,15,16000,1996.04,-0.59,1995.9341735652079,-20.553744052393416,1996.04
2026-09-24 14:43:52.833,15,17000,1996.04,-0.59,1995.9341735652079,-20.553744052393416,1996.04
2026-09-24 14:43:52.833,15,18000,1993.19,-0.1,1993.186964198796,-3.47877104562485,1993.19
2026-09-24 14:43:52.833,15,19000,2069.4,0.35,2069.3613896336437,12.641166620069802,2069.4
2026-09-24 14:43:52.833,15,20000,2069.4,0.35,2069.3613896336437,12.641166620069802,2069.4
2026-09-24 14:43:52.834,15,21000,2027.42,-1.8,2026.4195906166917,-63.68280117017886,2027.42
2026-09-24 14:43:52.934,15,22000,2010.0,0.32,2009.968651293583,11.225899387364903,2010.0
2026-09-24 14:43:52.934,15,23000,2024.65,-1.27,2024.1526474398884,-44.87407226997595,2024.65
2026-09-24 14:43:52.934,15,24000,2024.65,-1.27,2024.1526474398884,-44.87407226997595,2024.65
2026-09-24 14:43:52.934,15,25000,2024.65,-1.27,2024.1526474398884,-44.87407226997595,2024.65
2026-09-24 14:43:53.041,15,26000,2018.62,-0.55,2018.5269960582614,-19.377063348470173,2018.62
2026-09-24 14:43:53.041,15,27000,2018.62,-0.55,2018.5269960582614,-19.377063348470173,2018.62
2026-09-24 14:43:53.041,15,28000,2018.62,-0.55,2018.5269960582614,-19.377063348470173,2018.62
2026-09-24 14:43:53.041,15,29000,2009.0,0.32,2008.9686668899544,11.220314362794074,2009.0
2026-09-24 14:43:53.042,15,30000,1954.23,-0.21,1954.2168738150635,-7.1626110099948885,1954.23
2026-09-24 14:43:53.167,15,31000,1974.59,-1.86,1973.549626166677,-64.09010186736447,1974.59
2026-09-24 14:43:53.167,15,32000,2062.2,-0.99,2061.8921670486698,-35.630485028115615,2062.2
2026-09-24 14:43:53.167,15,33000,2033.09,1.16,2032.673339349429,41.15876089050122,2033.09
2026-09-24 14:43:53.167,15,34000,2053.66,-0.31,2053.6299409250028,-11.111315690315214,2053.66
2026-09-24 14:43:53.168,15,35000,2053.66,-0.31,2053.6299409250028,-11.111315690315214,2053.66
2026-09-24 14:43:53.168,15,36000,2053.66,-0.31,2053.6299409250028,-11.111315690315214,2053.66
2026-09-24 14:43:53.284,15,37000,1995.28,-0.48,1995.2099821898867,-16.715423112543508,1995.28
2026-09-24 14:43:53.284,15,38000,1995.28,-0.48,1995.2099821898867,-16.715423112543508,1995.28
2026-09-24 14:43:53.285,15,39000,1995.28,-0.48,1995.2099821898867,-16.715423112543508,1995.28
2026-09-24 14:43:53.285,15,40000,2019.93,-1.98,2018.7239974706604,-69.78987703153778,2019.93
2026-09-24 14:43:53.285,15,41000,2056.19,0.97,2055.8953400724135,34.80900413018723,2056.19
2026-09-24 14:43:53.285,15,42000,2056.19,0.97,2055.8953400724135,34.80900413018723,2056.19
2026-09-24 14:43:53.395,15,43000,2050.52,-0.25,2050.5004805274802,-8.947052954558538,2050.52
2026-09-24 14:43:53.395,15,44000,2050.52,-0.25,2050.5004805274802,-8.947052954558538,2050.52
2026-09-24 14:43:53.395,15,45000,2037.31,0.44,2037.2499262040521,15.64526387069396,2037.31
2026-09-24 14:43:53.395,15,46000,2037.31,0.44,2037.2499262040521,15.64526387069396,2037.31
2026-09-24 14:43:53.395,15,47000,2037.31,0.44,2037.2499262040521,15.64526387069396,2037.31
2026-09-24 14:43:53.396,15,48000,2086.6,-0.67,2086.4573379044396,-24.399530829914422,2086.6
2026-09-24 14:43:53.503,15,49000,2045.29,1.24,2044.8110324913457,44.26088003730038,2045.29
2026-09-24 14:43:53.503,15,50000,2045.29,1.24,2044.8110324913457,44.26088003730038,2045.29
2026-09-24 14:43:53.503,15,51000,2074.99,-0.12,2074.985449039344,-4.345845716344488,2074.99
2026-09-24 14:43:53.504,15,52000,2074.99,-0.12,2074.985449039344,-4.345845716344488,2074.99
2026-09-24 14:43:53.504,15,53000,2024.89,-1.01,2024.5754007545943,-35.69255887960632,2024.89
2026-09-24 14:43:53.612,15,54000,1981.51,0.91,1981.2600836535883,31.470001922086677,1981.51
2026-09-24 14:43:53.612,15,55000,2082.18,0.77,2081.9919739926595,27.981648095648033,2082.18
2026-09-24 14:43:53.612,15,56000,2082.18,0.77,2081.9919739926595,27.981648095648033,2082.18
2026-09-24 14:43:53.613,15,57000,2033.63,-0.17,2033.621048533234,-6.03389282226504,2033.63
2026-09-24 14:43:53.613,15,58000,2018.52,0.41,2018.4683198629596,14.44410293513713,2018.52
2026-09-24 14:43:53.613,15,59000,2018.52,0.41,2018.4683198629596,14.44410293513713,2018.52
2026-09-24 14:43:53.721,15,60000,2018.52,0.41,2018.4683198629596,14.44410293513713,2018.52
2026-09-24 14:43:53.721,15,61000,2077.37,-0.28,2077.3451941682656,-10.151904550916958,2077.37
2026-09-24 14:43:53.721,15,62000,2077.37,-0.28,2077.3451941682656,-10.151904550916958,2077.37
2026-09-24 14:43:53.721,15,63000,2044.55,0.84,2044.3302781390948,29.973594774917714,2044.55
2026-09-24 14:43:53.722,15,64000,2082.05,-0.43,2081.991365831999,-15.625463225420594,2082.05
2026-09-24 14:43:53.722,15,65000,2038.07,-1.47,2037.3992592650557,-52.283680495948694,2038.07
2026-09-24 14:43:53.830,15,66000,2101.57,0.02,2101.5698719650354,0.7335863043252001,2101.57
2026-09-24 14:43:53.830,15,67000,2101.57,0.02,2101.5698719650354,0.7335863043252001,2101.57
2026-09-24 14:43:53.831,15,68000,2079.35,0.69,2079.1992194688128,25.040532348156415,2079.35
2026-09-24 14:43:53.831,15,69000,2037.96,-0.37,2037.917506516576,-13.160479978417774,2037.96
2026-09-24 14:43:53.831,15,70000,2037.96,-0.37,2037.917506516576,-13.160479978417774,2037.96
2026-09-24 14:43:53.831,15,71000,2078.39,-1.55,2077.629518429964,-56.21900255674742,2078.39
2026-09-24 14:43:53.940,15,72000,2100.26,-1.03,2099.9206400757494,-37.75411214497856,2100.26
2026-09-24 14:43:53.940,15,73000,2039.55,0.64,2039.422762675466,22.781518412303022,2039.55
2026-09-24 14:43:53.941,15,74000,2039.55,0.64,2039.422762675466,22.781518412303022,2039.55
2026-09-24 14:43:53.941,15,75000,2079.68,-0.44,2079.6186768474327,-15.97063891435511,2079.68
2026-09-24 14:43:53.941,15,76000,2089.38,-0.17,2089.3708031374285,-6.199306159421393,2089.38
2026-09-24 14:43:54.049,15,77000,2089.38,-0.17,2089.3708031374285,-6.199306159421393,2089.38
2026-09-24 14:43:54.049,15,78000,2027.79,1.34,2027.2354540758492,47.420436922129355,2027.79
2026-09-24 14:43:54.050,15,79000,2034.4,-0.91,2034.1434129451077,-32.30999182961133,2034.4
2026-09-24 14:43:54.050,15,80000,2034.4,-0.91,2034.1434129451077,-32.30999182961133,2034.4
2026-09-24 14:43:54.050,15,81000,2070.05,0.27,2070.0270156461197,9.754844705079954,2070.05
2026-09-24 14:43:54.050,15,82000,2033.94,-0.97,2033.6485285829058,-34.43233643804951,2033.94
2026-09-24 14:43:54.158,15,83000,2033.94,-0.97,2033.6485285829058,-34.43233643804951,2033.94
2026-09-24 14:43:54.158,15,84000,2010.12,-0.4,2010.071014793528,-14.033170950138475,2010.12
2026-09-24 14:43:54.159,15,85000,2010.12,-0.4,2010.071014793528,-14.033170950138475,2010.12
2026-09-24 14:43:54.159,15,86000,2021.51,0.01,2021.509969210642,0.3528200518286535,2021.51
2026-09-24 14:43:54.159,15,87000,2021.51,0.01,2021.509969210642,0.3528200518286535,2021.51
2026-09-24 14:43:54.159,15,88000,2067.7,-0.92,2067.4334500589416,-33.19969242902484,2067.7
2026-09-24 14:43:54.267,15,89000,2032.95,-2.32,2031.283642932665,-82.29498438058671,2032.95
2026-09-24 14:43:54.267,15,90000,2082.58,-0.37,2082.5365761454054,-13.448621363252117,2082.58
2026-09-24 14:43:54.267,15,91000,2015.55,0.88,2015.312274854068,30.955408614996358,2015.55
2026-09-24 14:43:54.267,15,92000,1983.8,-0.51,1983.72141129903,-17.657926089556803,1983.8
2026-09-24 14:43:54.268,15,93000,2033.93,-1.41,2033.3141470173955,-50.04822113643044,2033.93
2026-09-24 14:43:54.268,15,94000,2078.39,0.57,2078.287151511583,20.67626566547088,2078.39
2026-09-24 14:43:54.377,15,95000,2047.03,-0.88,2046.7885619282692,-31.438887696735875,2047.03
2026-09-24 14:43:54.377,15,96000,2047.03,-0.88,2046.7885619282692,-31.438887696735875,2047.03
2026-09-24 14:43:54.377,15,97000,2047.03,-0.88,2046.7885619282692,-31.438887696735875,2047.03
2026-09-24 14:43:54.378,15,98000,2062.13,-0.19,2062.1186617093967,-6.83826950671887,2062.13
2026-09-24 14:43:54.378,15,99000,2045.02,0.07,2045.0184737758361,2.4984626372945216,2045.02
2026-09-24 14:43:54.485,15,100000,2045.02,0.07,2045.0184737758361,2.4984626372945216,2045.02
