Frequencia_Hz,Impedancia_Ohm,Fase_Graus,Z_Real,Z_Imaginario
1000.0,725.94,7.51,719.7129339787762,-94.87979902835968
2000.0,8844.64,50.82,5587.678777005169,-6856.055908071784
3000.0,11424.35,44.83,8102.168369163137,-8054.231225898122
4000.0,13029.14,39.37,10072.38268955414,-8264.719964691489
5000.0,13614.04,32.47,11485.793334793589,-7308.805414841141
6000.0,13792.28,26.72,12319.46437352003,-6201.434120263698
7000.0,13945.77,22.0,12930.292783501867,-5224.177392261823
8000.0,13982.26,23.8,12793.20396538989,-5642.475255376169
9000.0,14003.74,21.2,13056.020108033716,-5064.096457041399
10000.0,14035.04,18.11,13339.765085133242,-4362.68441158195
11000.0,14152.12,16.34,13580.50335940764,-3981.5108940599207
12000.0,14067.49,13.91,13654.95437191131,-3381.7888758939675
13000.0,14227.7,12.13,13910.04307496214,-2989.6737184344865
14000.0,14187.91,9.76,13982.561099931867,-2405.1559730653958
15000.0,13951.22,13.47,13567.450102640283,-3249.744174664545
16000.0,13948.86,12.12,13637.940001382138,-2928.7007048008472
17000.0,13951.17,11.31,13680.244480696352,-2736.065663919086
18000.0,13964.25,9.68,13765.430121462716,-2348.0229201664483
19000.0,13987.2,8.13,13846.625091406873,-1978.064058118851
20000.0,14002.49,7.36,13887.121202490312,-1793.7644514941205
21000.0,13727.41,10.59,13493.59706204016,-2522.8205713845714
22000.0,13751.53,9.79,13551.274590765617,-2338.2759260981506
23000.0,15039.06,9.85,14817.369028219708,-2572.722442308013
24000.0,14864.97,8.86,14687.595725874235,-2289.511933618357
25000.0,14944.0,7.28,14823.532471906614,-1893.6792374449763
26000.0,14988.81,6.48,14893.051147235406,-1691.5829101554912
27000.0,15018.05,5.98,14936.326609134543,-1564.600021653894
28000.0,14871.28,5.02,14814.236956943165,-1301.2886774038038
29000.0,14494.15,8.26,14343.792435596297,-2082.30708278833
30000.0,14553.61,7.44,14431.083221988178,-1884.5161374080506
31000.0,14421.3,6.46,14329.734036570115,-1622.5338613304712
32000.0,14480.42,5.73,14408.06756587387,-1445.7359349526605
33000.0,14545.97,4.95,14491.719008355029,-1255.1188883056195
34000.0,14424.09,4.03,14388.424838035686,-1013.7075556084847
35000.0,14563.66,2.55,14549.238715519634,-647.9547780706438
36000.0,15773.29,3.85,15737.693682624762,-1059.0915805409402
37000.0,15129.59,8.07,14979.766174542076,-2123.9347739855593
38000.0,15013.44,7.02,14900.892508924393,-1834.8795794495336
39000.0,15102.57,6.27,15012.23059386654,-1649.4099555530481
40000.0,15002.39,5.18,14941.119859398417,-1354.4899627499033
41000.0,15155.53,4.01,15118.427144797508,-1059.8350099661131
42000.0,15083.33,2.96,15063.206255239369,-778.8845877391244
43000.0,15186.14,2.24,15174.535862709225,-593.5566114125901
44000.0,15110.25,1.17,15107.099691961397,-308.5351837957086
45000.0,16463.68,3.4,16434.70109019194,-976.4011565150878
46000.0,15448.71,6.88,15337.467193423858,-1850.6055102984212
47000.0,15448.71,6.88,15337.467193423858,-1850.6055102984212
48000.0,15373.43,5.79,15294.999853771767,-1550.9124533711195
49000.0,15493.64,5.1,15432.301692690915,-1377.2962337017727
50000.0,15434.58,4.11,15394.886722084002,-1106.219955796159
51000.0,15382.1,2.99,15361.15963803315,-802.3558966326956
52000.0,15503.28,2.36,15490.130448708007,-638.3959902827636
53000.0,15463.33,1.27,15459.531453701455,-342.72718146567905
54000.0,16695.23,4.99,16631.953316377,-1452.1823696616373
55000.0,16666.64,3.83,16629.417235957622,-1113.2705340731825
56000.0,16642.25,2.76,16622.9449485366,-801.3652727823949
57000.0,16794.55,2.13,16782.946144805606,-624.2022132728102
58000.0,15576.42,5.36,15508.310888311602,-1455.04412574871
59000.0,15419.4,4.85,15364.190177248523,-1303.6704174521817
60000.0,15583.2,4.18,15541.748398427197,-1135.8604491686751
61000.0,16636.32,7.35,16499.622355253294,-2128.2869347025708
62000.0,16627.02,6.19,16530.081119296196,-1792.822431220516
63000.0,16463.54,5.62,16384.404315255688,-1612.2793076358575
64000.0,16626.95,5.07,16561.896622806278,-1469.3694423044126
65000.0,16641.47,3.89,16603.130292189562,-1128.976643459654
66000.0,16487.13,3.31,16459.625421060886,-951.9383568625807
67000.0,16474.64,2.09,16463.680642641306,-600.8184640288476
68000.0,16642.16,1.58,16635.83266126907,-458.8694060986802
69000.0,16497.01,0.99,16494.54742446105,-285.03368626402556
70000.0,17671.97,5.0,17604.722818836384,-1540.2136711643327
71000.0,17735.36,3.8,17696.368248688093,-1175.3914821981466
72000.0,17735.36,3.8,17696.368248688093,-1175.3914821981466
73000.0,17777.18,2.65,17758.169132433413,-821.9232423341783
74000.0,17630.92,2.01,17620.07205964226,-618.3855265237895
75000.0,17685.41,0.93,17683.080320200097,-287.04922478913556
76000.0,17750.39,-0.17,17750.31186778019,52.666390057879326
77000.0,18781.27,5.14,18705.746057661327,-1682.6072741990845
78000.0,18820.22,3.95,18775.5134032893,-1296.4479516370454
79000.0,18684.93,3.29,18654.134399480412,-1072.3240699627818
80000.0,18770.56,2.22,18756.47186241632,-727.1079617119647
81000.0,18635.65,1.52,18629.092610369204,-494.3272567718952
82000.0,18748.58,0.48,18747.922080051758,-157.06589925192003
83000.0,18622.66,-0.22,18622.52271873201,71.50570543798267
84000.0,18858.13,-0.61,18857.061243097563,200.76944729670535
85000.0,19762.56,5.09,19684.62763358941,-1753.3432865608984
86000.0,19639.39,4.39,19581.770524674448,-1503.297273027183
87000.0,19746.94,3.85,19702.376161800752,-1325.9008041725672
88000.0,19630.88,3.15,19601.219653359818,-1078.720387839633
89000.0,19757.52,2.07,19744.627099786427,-713.6506433679345
90000.0,19643.86,1.32,19638.647090046503,-452.52201295419053
91000.0,19543.55,0.64,19542.330775654482,-218.299009176909
92000.0,19701.45,-0.42,19700.920678461145,144.41787798632717
93000.0,20566.74,6.88,20418.6433705907,-2463.6958278636184
94000.0,20464.66,6.16,20346.49949810411,-2195.966094740378
95000.0,20634.29,5.14,20551.314624630846,-1848.6186744524427
96000.0,20520.94,4.25,20464.51121341544,-1520.7758807903758
97000.0,20430.9,3.52,20392.355629016936,-1254.3949576195398
98000.0,20597.17,2.55,20576.77418960203,-916.392906469481
99000.0,20511.17,1.77,20501.38350524823,-633.5370073134827
100000.0,20426.53,0.96,20423.66284189817,-342.2337817455538
1000.0,725.94,7.51,719.7129339787762,-94.87979902835968
2000.0,8844.64,50.82,5587.678777005169,-6856.055908071784
3000.0,11424.35,44.83,8102.168369163137,-8054.231225898122
4000.0,13029.14,39.37,10072.38268955414,-8264.719964691489
5000.0,13614.04,32.47,11485.793334793589,-7308.805414841141
6000.0,13792.28,26.72,12319.46437352003,-6201.434120263698
7000.0,13945.77,22.0,12930.292783501867,-5224.177392261823
8000.0,13982.26,23.8,12793.20396538989,-5642.475255376169
9000.0,14003.74,21.2,13056.020108033716,-5064.096457041399
10000.0,14035.04,18.11,13339.765085133242,-4362.68441158195
11000.0,14152.12,16.34,13580.50335940764,-3981.5108940599207
12000.0,14067.49,13.91,13654.95437191131,-3381.7888758939675
13000.0,14227.7,12.13,13910.04307496214,-2989.6737184344865
14000.0,14187.91,9.76,13982.561099931867,-2405.1559730653958
15000.0,13951.22,13.47,13567.450102640283,-3249.744174664545
16000.0,13948.86,12.12,13637.940001382138,-2928.7007048008472
17000.0,13951.17,11.31,13680.244480696352,-2736.065663919086
18000.0,13964.25,9.68,13765.430121462716,-2348.0229201664483
19000.0,13987.2,8.13,13846.625091406873,-1978.064058118851
20000.0,14002.49,7.36,13887.121202490312,-1793.7644514941205
21000.0,13727.41,10.59,13493.59706204016,-2522.8205713845714
22000.0,13751.53,9.79,13551.274590765617,-2338.2759260981506
23000.0,15039.06,9.85,14817.369028219708,-2572.722442308013
24000.0,14864.97,8.86,14687.595725874235,-2289.511933618357
25000.0,14944.0,7.28,14823.532471906614,-1893.6792374449763
26000.0,14988.81,6.48,14893.051147235406,-1691.5829101554912
27000.0,15018.05,5.98,14936.326609134543,-1564.600021653894
28000.0,14871.28,5.02,14814.236956943165,-1301.2886774038038
29000.0,14494.15,8.26,14343.792435596297,-2082.30708278833
30000.0,14553.61,7.44,14431.083221988178,-1884.5161374080506
31000.0,14421.3,6.46,14329.734036570115,-1622.5338613304712
32000.0,14480.42,5.73,14408.06756587387,-1445.7359349526605
33000.0,14545.97,4.95,14491.719008355029,-1255.1188883056195
34000.0,14424.09,4.03,14388.424838035686,-1013.7075556084847
35000.0,15896.02,4.88,15838.397748058725,-1352.2605572478728
36000.0,15773.29,3.85,15737.693682624762,-1059.0915805409402
37000.0,15129.59,8.07,14979.766174542076,-2123.9347739855593
38000.0,15013.44,7.02,14900.892508924393,-1834.8795794495336
39000.0,15102.57,6.27,15012.23059386654,-1649.4099555530481
40000.0,15002.39,5.18,14941.119859398417,-1354.4899627499033
41000.0,15155.53,4.01,15118.427144797508,-1059.8350099661131
42000.0,15083.33,2.96,15063.206255239369,-778.8845877391244
43000.0,15186.14,2.24,15174.535862709225,-593.5566114125901
44000.0,15110.25,1.17,15107.099691961397,-308.5351837957086
45000.0,16463.68,3.4,16434.70109019194,-976.4011565150878
46000.0,15448.71,6.88,15337.467193423858,-1850.6055102984212
47000.0,15448.71,6.88,15337.467193423858,-1850.6055102984212
48000.0,15373.43,5.79,15294.999853771767,-1550.9124533711195
49000.0,15493.64,5.1,15432.301692690915,-1377.2962337017727
50000.0,15434.58,4.11,15394.886722084002,-1106.219955796159
51000.0,15382.1,2.99,15361.15963803315,-802.3558966326956
52000.0,15503.28,2.36,15490.130448708007,-638.3959902827636
53000.0,16695.23,4.99,16631.953316377,-1452.1823696616373
54000.0,16695.23,4.99,16631.953316377,-1452.1823696616373
55000.0,16666.64,3.83,16629.417235957622,-1113.2705340731825
56000.0,16642.25,2.76,16622.9449485366,-801.3652727823949
57000.0,16794.55,2.13,16782.946144805606,-624.2022132728102
58000.0,15576.42,5.36,15508.310888311602,-1455.04412574871
59000.0,15419.4,4.85,15364.190177248523,-1303.6704174521817
60000.0,15583.2,4.18,15541.748398427197,-1135.8604491686751
61000.0,15570.79,3.04,15548.878068171589,-825.7675491520533
62000.0,16627.02,6.19,16530.081119296196,-1792.822431220516
63000.0,16463.54,5.62,16384.404315255688,-1612.2793076358575
64000.0,16626.95,5.07,16561.896622806278,-1469.3694423044126
65000.0,16641.47,3.89,16603.130292189562,-1128.976643459654
66000.0,16487.13,3.31,16459.625421060886,-951.9383568625807
67000.0,16474.64,2.09,16463.680642641306,-600.8184640288476
68000.0,16642.16,1.58,16635.83266126907,-458.8694060986802
69000.0,17639.4,6.16,17537.552211805993,-1892.800776145972
70000.0,17671.97,5.0,17604.722818836384,-1540.2136711643327
71000.0,17735.36,3.8,17696.368248688093,-1175.3914821981466
72000.0,17735.36,3.8,17696.368248688093,-1175.3914821981466
73000.0,17777.18,2.65,17758.169132433413,-821.9232423341783
74000.0,17630.92,2.01,17620.07205964226,-618.3855265237895
75000.0,17685.41,0.93,17683.080320200097,-287.04922478913556
76000.0,17750.39,-0.17,17750.31186778019,52.666390057879326
77000.0,18781.27,5.14,18705.746057661327,-1682.6072741990845
78000.0,18820.22,3.95,18775.5134032893,-1296.4479516370454
79000.0,18684.93,3.29,18654.134399480412,-1072.3240699627818
80000.0,18770.56,2.22,18756.47186241632,-727.1079617119647
81000.0,18635.65,1.52,18629.092610369204,-494.3272567718952
82000.0,18748.58,0.48,18747.922080051758,-157.06589925192003
83000.0,18622.66,-0.22,18622.52271873201,71.50570543798267
84000.0,18858.13,-0.61,18857.061243097563,200.76944729670535
85000.0,19762.56,5.09,19684.62763358941,-1753.3432865608984
86000.0,19639.39,4.39,19581.770524674448,-1503.297273027183
87000.0,19746.94,3.85,19702.376161800752,-1325.9008041725672
88000.0,19630.88,3.15,19601.219653359818,-1078.720387839633
89000.0,19757.52,2.07,19744.627099786427,-713.6506433679345
90000.0,19643.86,1.32,19638.647090046503,-452.52201295419053
91000.0,19543.55,0.64,19542.330775654482,-218.299009176909
92000.0,19701.45,-0.42,19700.920678461145,144.41787798632717
93000.0,20566.74,6.88,20418.6433705907,-2463.6958278636184
94000.0,20464.66,6.16,20346.49949810411,-2195.966094740378
95000.0,20634.29,5.14,20551.314624630846,-1848.6186744524427
96000.0,20520.94,4.25,20464.51121341544,-1520.7758807903758
97000.0,20430.9,3.52,20392.355629016936,-1254.3949576195398
98000.0,20597.17,2.55,20576.77418960203,-916.392906469481
99000.0,20511.17,1.77,20501.38350524823,-633.5370073134827
100000.0,20426.53,0.96,20423.66284189817,-342.2337817455538
1000.0,725.94,7.51,719.7129339787762,-94.87979902835968
2000.0,8844.64,50.82,5587.678777005169,-6856.055908071784
3000.0,11424.35,44.83,8102.168369163137,-8054.231225898122
4000.0,13029.14,39.37,10072.38268955414,-8264.719964691489
5000.0,13614.04,32.47,11485.793334793589,-7308.805414841141
6000.0,13792.28,26.72,12319.46437352003,-6201.434120263698
7000.0,13945.77,22.0,12930.292783501867,-5224.177392261823
8000.0,13982.26,23.8,12793.20396538989,-5642.475255376169
9000.0,14003.74,21.2,13056.020108033716,-5064.096457041399
10000.0,14035.04,18.11,13339.765085133242,-4362.68441158195
11000.0,14152.12,16.34,13580.50335940764,-3981.5108940599207
12000.0,14067.49,13.91,13654.95437191131,-3381.7888758939675
13000.0,14227.7,12.13,13910.04307496214,-2989.6737184344865
14000.0,14187.91,9.76,13982.561099931867,-2405.1559730653958
15000.0,13951.22,13.47,13567.450102640283,-3249.744174664545
16000.0,13948.86,12.12,13637.940001382138,-2928.7007048008472
17000.0,13951.17,11.31,13680.244480696352,-2736.065663919086
18000.0,13964.25,9.68,13765.430121462716,-2348.0229201664483
19000.0,13987.2,8.13,13846.625091406873,-1978.064058118851
20000.0,14002.49,7.36,13887.121202490312,-1793.7644514941205
21000.0,13727.41,10.59,13493.59706204016,-2522.8205713845714
22000.0,13751.53,9.79,13551.274590765617,-2338.2759260981506
23000.0,15039.06,9.85,14817.369028219708,-2572.722442308013
24000.0,14864.97,8.86,14687.595725874235,-2289.511933618357
25000.0,14944.0,7.28,14823.532471906614,-1893.6792374449763
26000.0,14988.81,6.48,14893.051147235406,-1691.5829101554912
27000.0,15018.05,5.98,14936.326609134543,-1564.600021653894
28000.0,14871.28,5.02,14814.236956943165,-1301.2886774038038
29000.0,14494.15,8.26,14343.792435596297,-2082.30708278833
30000.0,14553.61,7.44,14431.083221988178,-1884.5161374080506
31000.0,14421.3,6.46,14329.734036570115,-1622.5338613304712
32000.0,14480.42,5.73,14408.06756587387,-1445.7359349526605
33000.0,14545.97,4.95,14491.719008355029,-1255.1188883056195
34000.0,14424.09,4.03,14388.424838035686,-1013.7075556084847
35000.0,14563.66,2.55,14549.238715519634,-647.9547780706438
36000.0,15773.29,3.85,15737.693682624762,-1059.0915805409402
37000.0,15129.59,8.07,14979.766174542076,-2123.9347739855593
38000.0,15013.44,7.02,14900.892508924393,-1834.8795794495336
39000.0,15102.57,6.27,15012.23059386654,-1649.4099555530481
40000.0,15002.39,5.18,14941.119859398417,-1354.4899627499033
41000.0,15155.53,4.01,15118.427144797508,-1059.8350099661131
42000.0,15083.33,2.96,15063.206255239369,-778.8845877391244
43000.0,15186.14,2.24,15174.535862709225,-593.5566114125901
44000.0,15110.25,1.17,15107.099691961397,-308.5351837957086
45000.0,16463.68,3.4,16434.70109019194,-976.4011565150878
46000.0,15448.71,6.88,15337.467193423858,-1850.6055102984212
47000.0,15448.71,6.88,15337.467193423858,-1850.6055102984212
48000.0,15373.43,5.79,15294.999853771767,-1550.9124533711195
49000.0,15493.64,5.1,15432.301692690915,-1377.2962337017727
50000.0,15434.58,4.11,15394.886722084002,-1106.219955796159
51000.0,15382.1,2.99,15361.15963803315,-802.3558966326956
52000.0,15503.28,2.36,15490.130448708007,-638.3959902827636
53000.0,15463.33,1.27,15459.531453701455,-342.72718146567905
54000.0,16695.23,4.99,16631.953316377,-1452.1823696616373
55000.0,16666.64,3.83,16629.417235957622,-1113.2705340731825
56000.0,16642.25,2.76,16622.9449485366,-801.3652727823949
57000.0,16794.55,2.13,16782.946144805606,-624.2022132728102
58000.0,15576.42,5.36,15508.310888311602,-1455.04412574871
59000.0,15419.4,4.85,15364.190177248523,-1303.6704174521817
60000.0,15583.2,4.18,15541.748398427197,-1135.8604491686751
61000.0,16636.32,7.35,16499.622355253294,-2128.2869347025708
62000.0,16627.02,6.19,16530.081119296196,-1792.822431220516
63000.0,16463.54,5.62,16384.404315255688,-1612.2793076358575
64000.0,16626.95,5.07,16561.896622806278,-1469.3694423044126
65000.0,16641.47,3.89,16603.130292189562,-1128.976643459654
66000.0,16487.13,3.31,16459.625421060886,-951.9383568625807
67000.0,16474.64,2.09,16463.680642641306,-600.8184640288476
68000.0,16642.16,1.58,16635.83266126907,-458.8694060986802
69000.0,17639.4,6.16,17537.552211805993,-1892.800776145972
70000.0,17671.97,5.0,17604.722818836384,-1540.2136711643327
71000.0,17735.36,3.8,17696.368248688093,-1175.3914821981466
72000.0,17735.36,3.8,17696.368248688093,-1175.3914821981466
73000.0,17777.18,2.65,17758.169132433413,-821.9232423341783
74000.0,17630.92,2.01,17620.07205964226,-618.3855265237895
75000.0,17685.41,0.93,17683.080320200097,-287.04922478913556
76000.0,17750.39,-0.17,17750.31186778019,52.666390057879326
77000.0,18781.27,5.14,18705.746057661327,-1682.6072741990845
78000.0,18820.22,3.95,18775.5134032893,-1296.4479516370454
79000.0,18684.93,3.29,18654.134399480412,-1072.3240699627818
80000.0,18770.56,2.22,18756.47186241632,-727.1079617119647
81000.0,18635.65,1.52,18629.092610369204,-494.3272567718952
82000.0,18748.58,0.48,18747.922080051758,-157.06589925192003
83000.0,18622.66,-0.22,18622.52271873201,71.50570543798267
84000.0,18858.13,-0.61,18857.061243097563,200.76944729670535
85000.0,19762.56,5.09,19684.62763358941,-1753.3432865608984
86000.0,19639.39,4.39,19581.770524674448,-1503.297273027183
87000.0,19746.94,3.85,19702.376161800752,-1325.9008041725672
88000.0,19630.88,3.15,19601.219653359818,-1078.720387839633
89000.0,19757.52,2.07,19744.627099786427,-713.6506433679345
90000.0,19643.86,1.32,19638.647090046503,-452.52201295419053
91000.0,19543.55,0.64,19542.330775654482,-218.299009176909
92000.0,19701.45,-0.42,19700.920678461145,144.41787798632717
93000.0,20566.74,6.88,20418.6433705907,-2463.6958278636184
94000.0,20464.66,6.16,20346.49949810411,-2195.966094740378
95000.0,20634.29,5.14,20551.314624630846,-1848.6186744524427
96000.0,20520.94,4.25,20464.51121341544,-1520.7758807903758
97000.0,20430.9,3.52,20392.355629016936,-1254.3949576195398
98000.0,20597.17,2.55,20576.77418960203,-916.392906469481
99000.0,20511.17,1.77,20501.38350524823,-633.5370073134827
100000.0,20426.53,0.96,20423.66284189817,-342.2337817455538
1000.0,725.94,7.51,719.7129339787762,-94.87979902835968
2000.0,8844.64,50.82,5587.678777005169,-6856.055908071784
3000.0,11424.35,44.83,8102.168369163137,-8054.231225898122
4000.0,13029.14,39.37,10072.38268955414,-8264.719964691489
5000.0,13614.04,32.47,11485.793334793589,-7308.805414841141
6000.0,13792.28,26.72,12319.46437352003,-6201.434120263698
7000.0,13945.77,22.0,12930.292783501867,-5224.177392261823
8000.0,13982.26,23.8,12793.20396538989,-5642.475255376169
9000.0,14003.74,21.2,13056.020108033716,-5064.096457041399
10000.0,14035.04,18.11,13339.765085133242,-4362.68441158195
11000.0,14152.12,16.34,13580.50335940764,-3981.5108940599207
12000.0,14067.49,13.91,13654.95437191131,-3381.7888758939675
13000.0,14227.7,12.13,13910.04307496214,-2989.6737184344865
14000.0,14187.91,9.76,13982.561099931867,-2405.1559730653958
15000.0,13951.22,13.47,13567.450102640283,-3249.744174664545
16000.0,13948.86,12.12,13637.940001382138,-2928.7007048008472
17000.0,13951.17,11.31,13680.244480696352,-2736.065663919086
18000.0,13964.25,9.68,13765.430121462716,-2348.0229201664483
19000.0,13987.2,8.13,13846.625091406873,-1978.064058118851
20000.0,14002.49,7.36,13887.121202490312,-1793.7644514941205
21000.0,13727.41,10.59,13493.59706204016,-2522.8205713845714
22000.0,13751.53,9.79,13551.274590765617,-2338.2759260981506
23000.0,15039.06,9.85,14817.369028219708,-2572.722442308013
24000.0,14864.97,8.86,14687.595725874235,-2289.511933618357
25000.0,14944.0,7.28,14823.532471906614,-1893.6792374449763
26000.0,14988.81,6.48,14893.051147235406,-1691.5829101554912
27000.0,15018.05,5.98,14936.326609134543,-1564.600021653894
28000.0,14871.28,5.02,14814.236956943165,-1301.2886774038038
29000.0,14494.15,8.26,14343.792435596297,-2082.30708278833
30000.0,14553.61,7.44,14431.083221988178,-1884.5161374080506
31000.0,14421.3,6.46,14329.734036570115,-1622.5338613304712
32000.0,14480.42,5.73,14408.06756587387,-1445.7359349526605
33000.0,14545.97,4.95,14491.719008355029,-1255.1188883056195
34000.0,14424.09,4.03,14388.424838035686,-1013.7075556084847
35000.0,15896.02,4.88,15838.397748058725,-1352.2605572478728
36000.0,15773.29,3.85,15737.693682624762,-1059.0915805409402
37000.0,15129.59,8.07,14979.766174542076,-2123.9347739855593
38000.0,15013.44,7.02,14900.892508924393,-1834.8795794495336
39000.0,15102.57,6.27,15012.23059386654,-1649.4099555530481
40000.0,15002.39,5.18,14941.119859398417,-1354.4899627499033
41000.0,15155.53,4.01,15118.427144797508,-1059.8350099661131
42000.0,15083.33,2.96,15063.206255239369,-778.8845877391244
43000.0,15186.14,2.24,15174.535862709225,-593.5566114125901
44000.0,15110.25,1.17,15107.099691961397,-308.5351837957086
45000.0,16463.68,3.4,16434.70109019194,-976.4011565150878
46000.0,15448.71,6.88,15337.467193423858,-1850.6055102984212
47000.0,15448.71,6.88,15337.467193423858,-1850.6055102984212
48000.0,15373.43,5.79,15294.999853771767,-1550.9124533711195
49000.0,15493.64,5.1,15432.301692690915,-1377.2962337017727
50000.0,15434.58,4.11,15394.886722084002,-1106.219955796159
51000.0,15382.1,2.99,15361.15963803315,-802.3558966326956
52000.0,15503.28,2.36,15490.130448708007,-638.3959902827636
53000.0,15463.33,1.27,15459.531453701455,-342.72718146567905
54000.0,16695.23,4.99,16631.953316377,-1452.1823696616373
55000.0,16666.64,3.83,16629.417235957622,-1113.2705340731825
56000.0,16642.25,2.76,16622.9449485366,-801.3652727823949
57000.0,16794.55,2.13,16782.946144805606,-624.2022132728102
58000.0,15576.42,5.36,15508.310888311602,-1455.04412574871
59000.0,15419.4,4.85,15364.190177248523,-1303.6704174521817
60000.0,15583.2,4.18,15541.748398427197,-1135.8604491686751
61000.0,15570.79,3.04,15548.878068171589,-825.7675491520533
62000.0,16627.02,6.19,16530.081119296196,-1792.822431220516
63000.0,16463.54,5.62,16384.404315255688,-1612.2793076358575
64000.0,16626.95,5.07,16561.896622806278,-1469.3694423044126
65000.0,16641.47,3.89,16603.130292189562,-1128.976643459654
66000.0,16487.13,3.31,16459.625421060886,-951.9383568625807
67000.0,16474.64,2.09,16463.680642641306,-600.8184640288476
68000.0,16642.16,1.58,16635.83266126907,-458.8694060986802
69000.0,17639.4,6.16,17537.552211805993,-1892.800776145972
70000.0,17671.97,5.0,17604.722818836384,-1540.2136711643327
71000.0,17735.36,3.8,17696.368248688093,-1175.3914821981466
72000.0,17735.36,3.8,17696.368248688093,-1175.3914821981466
73000.0,17777.18,2.65,17758.169132433413,-821.9232423341783
74000.0,17630.92,2.01,17620.07205964226,-618.3855265237895
75000.0,17685.41,0.93,17683.080320200097,-287.04922478913556
76000.0,17750.39,-0.17,17750.31186778019,52.666390057879326
77000.0,18781.27,5.14,18705.746057661327,-1682.6072741990845
78000.0,18820.22,3.95,18775.5134032893,-1296.4479516370454
79000.0,18684.93,3.29,18654.134399480412,-1072.3240699627818
80000.0,18770.56,2.22,18756.47186241632,-727.1079617119647
81000.0,18635.65,1.52,18629.092610369204,-494.3272567718952
82000.0,18748.58,0.48,18747.922080051758,-157.06589925192003
83000.0,18622.66,-0.22,18622.52271873201,71.50570543798267
84000.0,18858.13,-0.61,18857.061243097563,200.76944729670535
85000.0,19762.56,5.09,19684.62763358941,-1753.3432865608984
86000.0,19639.39,4.39,19581.770524674448,-1503.297273027183
87000.0,19746.94,3.85,19702.376161800752,-1325.9008041725672
88000.0,19630.88,3.15,19601.219653359818,-1078.720387839633
89000.0,19757.52,2.07,19744.627099786427,-713.6506433679345
90000.0,19643.86,1.32,19638.647090046503,-452.52201295419053
91000.0,19543.55,0.64,19542.330775654482,-218.299009176909
92000.0,19701.45,-0.42,19700.920678461145,144.41787798632717
93000.0,19701.45,-0.42,19700.920678461145,144.41787798632717
94000.0,20464.66,6.16,20346.49949810411,-2195.966094740378
95000.0,20634.29,5.14,20551.314624630846,-1848.6186744524427
96000.0,20520.94,4.25,20464.51121341544,-1520.7758807903758
97000.0,20430.9,3.52,20392.355629016936,-1254.3949576195398
98000.0,20597.17,2.55,20576.77418960203,-916.392906469481
99000.0,20511.17,1.77,20501.38350524823,-633.5370073134827
100000.0,20426.53,0.96,20423.66284189817,-342.2337817455538
1000.0,725.94,7.51,719.7129339787762,-94.87979902835968
2000.0,8844.64,50.82,5587.678777005169,-6856.055908071784
3000.0,11424.35,44.83,8102.168369163137,-8054.231225898122
4000.0,13029.14,39.37,10072.38268955414,-8264.719964691489
5000.0,13614.04,32.47,11485.793334793589,-7308.805414841141
6000.0,13792.28,26.72,12319.46437352003,-6201.434120263698
7000.0,13945.77,22.0,12930.292783501867,-5224.177392261823
8000.0,13982.26,23.8,12793.20396538989,-5642.475255376169
9000.0,14003.74,21.2,13056.020108033716,-5064.096457041399
10000.0,14035.04,18.11,13339.765085133242,-4362.68441158195
11000.0,14152.12,16.34,13580.50335940764,-3981.5108940599207
12000.0,14067.49,13.91,13654.95437191131,-3381.7888758939675
13000.0,14227.7,12.13,13910.04307496214,-2989.6737184344865
14000.0,13964.07,15.07,13483.830249459568,-3630.6435749959132
15000.0,13951.22,13.47,13567.450102640283,-3249.744174664545
16000.0,13948.86,12.12,13637.940001382138,-2928.7007048008472
17000.0,13951.17,11.31,13680.244480696352,-2736.065663919086
18000.0,13964.25,9.68,13765.430121462716,-2348.0229201664483
19000.0,13987.2,8.13,13846.625091406873,-1978.064058118851
20000.0,14002.49,7.36,13887.121202490312,-1793.7644514941205
21000.0,13727.41,10.59,13493.59706204016,-2522.8205713845714
22000.0,14979.81,11.39,14684.79248985149,-2958.3064692660337
23000.0,15039.06,9.85,14817.369028219708,-2572.722442308013
24000.0,14864.97,8.86,14687.595725874235,-2289.511933618357
25000.0,14944.0,7.28,14823.532471906614,-1893.6792374449763
26000.0,14988.81,6.48,14893.051147235406,-1691.5829101554912
27000.0,15018.05,5.98,14936.326609134543,-1564.600021653894
28000.0,14390.38,9.83,14179.109678379236,-2456.8038735096934
29000.0,14494.15,8.26,14343.792435596297,-2082.30708278833
30000.0,14553.61,7.44,14431.083221988178,-1884.5161374080506
31000.0,14421.3,6.46,14329.734036570115,-1622.5338613304712
32000.0,14480.42,5.73,14408.06756587387,-1445.7359349526605
33000.0,14545.97,4.95,14491.719008355029,-1255.1188883056195
34000.0,15743.67,6.36,15646.775535349325,-1744.00699978351
35000.0,14563.66,2.55,14549.238715519634,-647.9547780706438
36000.0,15773.29,3.85,15737.693682624762,-1059.0915805409402
37000.0,15129.59,8.07,14979.766174542076,-2123.9347739855593
38000.0,15013.44,7.02,14900.892508924393,-1834.8795794495336
39000.0,15102.57,6.27,15012.23059386654,-1649.4099555530481
40000.0,15002.39,5.18,14941.119859398417,-1354.4899627499033
41000.0,15155.53,4.01,15118.427144797508,-1059.8350099661131
42000.0,15083.33,2.96,15063.206255239369,-778.8845877391244
43000.0,15186.14,2.24,15174.535862709225,-593.5566114125901
44000.0,15110.25,1.17,15107.099691961397,-308.5351837957086
45000.0,16463.68,3.4,16434.70109019194,-976.4011565150878
46000.0,15448.71,6.88,15337.467193423858,-1850.6055102984212
47000.0,15448.71,6.88,15337.467193423858,-1850.6055102984212
48000.0,15373.43,5.79,15294.999853771767,-1550.9124533711195
49000.0,15493.64,5.1,15432.301692690915,-1377.2962337017727
50000.0,15434.58,4.11,15394.886722084002,-1106.219955796159
51000.0,15382.1,2.99,15361.15963803315,-802.3558966326956
52000.0,15503.28,2.36,15490.130448708007,-638.3959902827636
53000.0,16695.23,4.99,16631.953316377,-1452.1823696616373
54000.0,16695.23,4.99,16631.953316377,-1452.1823696616373
55000.0,16666.64,3.83,16629.417235957622,-1113.2705340731825
56000.0,16642.25,2.76,16622.9449485366,-801.3652727823949
57000.0,16794.55,2.13,16782.946144805606,-624.2022132728102
58000.0,15576.42,5.36,15508.310888311602,-1455.04412574871
59000.0,15419.4,4.85,15364.190177248523,-1303.6704174521817
60000.0,15583.2,4.18,15541.748398427197,-1135.8604491686751
61000.0,15570.79,3.04,15548.878068171589,-825.7675491520533
62000.0,16627.02,6.19,16530.081119296196,-1792.822431220516
63000.0,16463.54,5.62,16384.404315255688,-1612.2793076358575
64000.0,16626.95,5.07,16561.896622806278,-1469.3694423044126
65000.0,16641.47,3.89,16603.130292189562,-1128.976643459654
66000.0,16487.13,3.31,16459.625421060886,-951.9383568625807
67000.0,16474.64,2.09,16463.680642641306,-600.8184640288476
68000.0,16642.16,1.58,16635.83266126907,-458.8694060986802
69000.0,17639.4,6.16,17537.552211805993,-1892.800776145972
70000.0,17671.97,5.0,17604.722818836384,-1540.2136711643327
71000.0,17735.36,3.8,17696.368248688093,-1175.3914821981466
72000.0,17735.36,3.8,17696.368248688093,-1175.3914821981466
73000.0,17777.18,2.65,17758.169132433413,-821.9232423341783
74000.0,17630.92,2.01,17620.07205964226,-618.3855265237895
75000.0,17685.41,0.93,17683.080320200097,-287.04922478913556
76000.0,17750.39,-0.17,17750.31186778019,52.666390057879326
77000.0,18781.27,5.14,18705.746057661327,-1682.6072741990845
78000.0,18820.22,3.95,18775.5134032893,-1296.4479516370454
79000.0,18684.93,3.29,18654.134399480412,-1072.3240699627818
80000.0,18770.56,2.22,18756.47186241632,-727.1079617119647
81000.0,18635.65,1.52,18629.092610369204,-494.3272567718952
82000.0,18748.58,0.48,18747.922080051758,-157.06589925192003
83000.0,18622.66,-0.22,18622.52271873201,71.50570543798267
84000.0,18858.13,-0.61,18857.061243097563,200.76944729670535
85000.0,18732.85,-1.34,18727.72707030056,438.0729423642048
86000.0,19639.39,4.39,19581.770524674448,-1503.297273027183
87000.0,19746.94,3.85,19702.376161800752,-1325.9008041725672
88000.0,19630.88,3.15,19601.219653359818,-1078.720387839633
89000.0,19757.52,2.07,19744.627099786427,-713.6506433679345
90000.0,19643.86,1.32,19638.647090046503,-452.52201295419053
91000.0,17218.5,3.41,17188.013988087543,-1024.1666833611253
92000.0,19701.45,-0.42,19700.920678461145,144.41787798632717
93000.0,19701.45,-0.42,19700.920678461145,144.41787798632717
94000.0,20464.66,6.16,20346.49949810411,-2195.966094740378
95000.0,20634.29,5.14,20551.314624630846,-1848.6186744524427
96000.0,20520.94,4.25,20464.51121341544,-1520.7758807903758
97000.0,20430.9,3.52,20392.355629016936,-1254.3949576195398
98000.0,20597.17,2.55,20576.77418960203,-916.392906469481
99000.0,20511.17,1.77,20501.38350524823,-633.5370073134827
100000.0,20426.53,0.96,20423.66284189817,-342.2337817455538
1000.0,725.94,7.51,719.7129339787762,-94.87979902835968
2000.0,8844.64,50.82,5587.678777005169,-6856.055908071784
3000.0,11424.35,44.83,8102.168369163137,-8054.231225898122
4000.0,13029.14,39.37,10072.38268955414,-8264.719964691489
5000.0,13614.04,32.47,11485.793334793589,-7308.805414841141
6000.0,13792.28,26.72,12319.46437352003,-6201.434120263698
7000.0,13945.77,22.0,12930.292783501867,-5224.177392261823
8000.0,13982.26,23.8,12793.20396538989,-5642.475255376169
9000.0,14003.74,21.2,13056.020108033716,-5064.096457041399
10000.0,14035.04,18.11,13339.765085133242,-4362.68441158195
11000.0,14152.12,16.34,13580.50335940764,-3981.5108940599207
12000.0,14067.49,13.91,13654.95437191131,-3381.7888758939675
13000.0,14227.7,12.13,13910.04307496214,-2989.6737184344865
14000.0,14187.91,9.76,13982.561099931867,-2405.1559730653958
15000.0,13951.22,13.47,13567.450102640283,-3249.744174664545
16000.0,13948.86,12.12,13637.940001382138,-2928.7007048008472
17000.0,13951.17,11.31,13680.244480696352,-2736.065663919086
18000.0,13964.25,9.68,13765.430121462716,-2348.0229201664483
19000.0,13987.2,8.13,13846.625091406873,-1978.064058118851
20000.0,14002.49,7.36,13887.121202490312,-1793.7644514941205
21000.0,13727.41,10.59,13493.59706204016,-2522.8205713845714
22000.0,13751.53,9.79,13551.274590765617,-2338.2759260981506
23000.0,15039.06,9.85,14817.369028219708,-2572.722442308013
24000.0,14864.97,8.86,14687.595725874235,-2289.511933618357
25000.0,14944.0,7.28,14823.532471906614,-1893.6792374449763
26000.0,14988.81,6.48,14893.051147235406,-1691.5829101554912
27000.0,15018.05,5.98,14936.326609134543,-1564.600021653894
28000.0,14871.28,5.02,14814.236956943165,-1301.2886774038038
29000.0,14494.15,8.26,14343.792435596297,-2082.30708278833
30000.0,14553.61,7.44,14431.083221988178,-1884.5161374080506
31000.0,14421.3,6.46,14329.734036570115,-1622.5338613304712
32000.0,14480.42,5.73,14408.06756587387,-1445.7359349526605
33000.0,14545.97,4.95,14491.719008355029,-1255.1188883056195
34000.0,14424.09,4.03,14388.424838035686,-1013.7075556084847
35000.0,15896.02,4.88,15838.397748058725,-1352.2605572478728
36000.0,15773.29,3.85,15737.693682624762,-1059.0915805409402
37000.0,15129.59,8.07,14979.766174542076,-2123.9347739855593
38000.0,15013.44,7.02,14900.892508924393,-1834.8795794495336
39000.0,15102.57,6.27,15012.23059386654,-1649.4099555530481
40000.0,15002.39,5.18,14941.119859398417,-1354.4899627499033
41000.0,15155.53,4.01,15118.427144797508,-1059.8350099661131
42000.0,15083.33,2.96,15063.206255239369,-778.8845877391244
43000.0,15186.14,2.24,15174.535862709225,-593.5566114125901
44000.0,15110.25,1.17,15107.099691961397,-308.5351837957086
45000.0,16463.68,3.4,16434.70109019194,-976.4011565150878
46000.0,15448.71,6.88,15337.467193423858,-1850.6055102984212
47000.0,15448.71,6.88,15337.467193423858,-1850.6055102984212
48000.0,15373.43,5.79,15294.999853771767,-1550.9124533711195
49000.0,15493.64,5.1,15432.301692690915,-1377.2962337017727
50000.0,15434.58,4.11,15394.886722084002,-1106.219955796159
51000.0,15382.1,2.99,15361.15963803315,-802.3558966326956
52000.0,15503.28,2.36,15490.130448708007,-638.3959902827636
53000.0,16695.23,4.99,16631.953316377,-1452.1823696616373
54000.0,16695.23,4.99,16631.953316377,-1452.1823696616373
55000.0,16666.64,3.83,16629.417235957622,-1113.2705340731825
56000.0,16642.25,2.76,16622.9449485366,-801.3652727823949
57000.0,16794.55,2.13,16782.946144805606,-624.2022132728102
58000.0,15576.42,5.36,15508.310888311602,-1455.04412574871
59000.0,15419.4,4.85,15364.190177248523,-1303.6704174521817
60000.0,15583.2,4.18,15541.748398427197,-1135.8604491686751
61000.0,15570.79,3.04,15548.878068171589,-825.7675491520533
62000.0,16627.02,6.19,16530.081119296196,-1792.822431220516
63000.0,16463.54,5.62,16384.404315255688,-1612.2793076358575
64000.0,16626.95,5.07,16561.896622806278,-1469.3694423044126
65000.0,16641.47,3.89,16603.130292189562,-1128.976643459654
66000.0,16487.13,3.31,16459.625421060886,-951.9383568625807
67000.0,16474.64,2.09,16463.680642641306,-600.8184640288476
68000.0,16642.16,1.58,16635.83266126907,-458.8694060986802
69000.0,17639.4,6.16,17537.552211805993,-1892.800776145972
70000.0,17671.97,5.0,17604.722818836384,-1540.2136711643327
71000.0,17735.36,3.8,17696.368248688093,-1175.3914821981466
72000.0,17735.36,3.8,17696.368248688093,-1175.3914821981466
73000.0,17777.18,2.65,17758.169132433413,-821.9232423341783
74000.0,17630.92,2.01,17620.07205964226,-618.3855265237895
75000.0,17685.41,0.93,17683.080320200097,-287.04922478913556
76000.0,17750.39,-0.17,17750.31186778019,52.666390057879326
77000.0,18781.27,5.14,18705.746057661327,-1682.6072741990845
78000.0,18820.22,3.95,18775.5134032893,-1296.4479516370454
79000.0,18684.93,3.29,18654.134399480412,-1072.3240699627818
80000.0,18770.56,2.22,18756.47186241632,-727.1079617119647
81000.0,18635.65,1.52,18629.092610369204,-494.3272567718952
82000.0,18748.58,0.48,18747.922080051758,-157.06589925192003
83000.0,18622.66,-0.22,18622.52271873201,71.50570543798267
84000.0,18858.13,-0.61,18857.061243097563,200.76944729670535
85000.0,19762.56,5.09,19684.62763358941,-1753.3432865608984
86000.0,19639.39,4.39,19581.770524674448,-1503.297273027183
87000.0,19746.94,3.85,19702.376161800752,-1325.9008041725672
88000.0,19630.88,3.15,19601.219653359818,-1078.720387839633
89000.0,19757.52,2.07,19744.627099786427,-713.6506433679345
90000.0,19643.86,1.32,19638.647090046503,-452.52201295419053
91000.0,19543.55,0.64,19542.330775654482,-218.299009176909
92000.0,19701.45,-0.42,19700.920678461145,144.41787798632717
93000.0,20566.74,6.88,20418.6433705907,-2463.6958278636184
94000.0,20464.66,6.16,20346.49949810411,-2195.966094740378
95000.0,20634.29,5.14,20551.314624630846,-1848.6186744524427
96000.0,20520.94,4.25,20464.51121341544,-1520.7758807903758
97000.0,20430.9,3.52,20392.355629016936,-1254.3949576195398
98000.0,20597.17,2.55,20576.77418960203,-916.392906469481
99000.0,20511.17,1.77,20501.38350524823,-633.5370073134827
100000.0,20426.53,0.96,20423.66284189817,-342.2337817455538
1000.0,725.94,7.51,719.7129339787762,-94.87979902835968
2000.0,8844.64,50.82,5587.678777005169,-6856.055908071784
3000.0,11424.35,44.83,8102.168369163137,-8054.231225898122
4000.0,13029.14,39.37,10072.38268955414,-8264.719964691489
5000.0,13614.04,32.47,11485.793334793589,-7308.805414841141
6000.0,13792.28,26.72,12319.46437352003,-6201.434120263698
7000.0,13945.77,22.0,12930.292783501867,-5224.177392261823
8000.0,13982.26,23.8,12793.20396538989,-5642.475255376169
9000.0,14003.74,21.2,13056.020108033716,-5064.096457041399
10000.0,14035.04,18.11,13339.765085133242,-4362.68441158195
11000.0,14152.12,16.34,13580.50335940764,-3981.5108940599207
12000.0,14067.49,13.91,13654.95437191131,-3381.7888758939675
13000.0,14227.7,12.13,13910.04307496214,-2989.6737184344865
14000.0,14187.91,9.76,13982.561099931867,-2405.1559730653958
15000.0,13951.22,13.47,13567.450102640283,-3249.744174664545
16000.0,13948.86,12.12,13637.940001382138,-2928.7007048008472
17000.0,13951.17,11.31,13680.244480696352,-2736.065663919086
18000.0,13964.25,9.68,13765.430121462716,-2348.0229201664483
19000.0,13987.2,8.13,13846.625091406873,-1978.064058118851
20000.0,14002.49,7.36,13887.121202490312,-1793.7644514941205
21000.0,13727.41,10.59,13493.59706204016,-2522.8205713845714
22000.0,13751.53,9.79,13551.274590765617,-2338.2759260981506
23000.0,15039.06,9.85,14817.369028219708,-2572.722442308013
24000.0,14864.97,8.86,14687.595725874235,-2289.511933618357
25000.0,14944.0,7.28,14823.532471906614,-1893.6792374449763
26000.0,14988.81,6.48,14893.051147235406,-1691.5829101554912
27000.0,15018.05,5.98,14936.326609134543,-1564.600021653894
28000.0,14871.28,5.02,14814.236956943165,-1301.2886774038038
29000.0,14494.15,8.26,14343.792435596297,-2082.30708278833
30000.0,14553.61,7.44,14431.083221988178,-1884.5161374080506
31000.0,14421.3,6.46,14329.734036570115,-1622.5338613304712
32000.0,14480.42,5.73,14408.06756587387,-1445.7359349526605
33000.0,14545.97,4.95,14491.719008355029,-1255.1188883056195
34000.0,14424.09,4.03,14388.424838035686,-1013.7075556084847
35000.0,15896.02,4.88,15838.397748058725,-1352.2605572478728
36000.0,15773.29,3.85,15737.693682624762,-1059.0915805409402
37000.0,15129.59,8.07,14979.766174542076,-2123.9347739855593
38000.0,15013.44,7.02,14900.892508924393,-1834.8795794495336
39000.0,15102.57,6.27,15012.23059386654,-1649.4099555530481
40000.0,15002.39,5.18,14941.119859398417,-1354.4899627499033
41000.0,15155.53,4.01,15118.427144797508,-1059.8350099661131
42000.0,15083.33,2.96,15063.206255239369,-778.8845877391244
43000.0,15186.14,2.24,15174.535862709225,-593.5566114125901
44000.0,15110.25,1.17,15107.099691961397,-308.5351837957086
45000.0,16463.68,3.4,16434.70109019194,-976.4011565150878
46000.0,15448.71,6.88,15337.467193423858,-1850.6055102984212
47000.0,15448.71,6.88,15337.467193423858,-1850.6055102984212
48000.0,15373.43,5.79,15294.999853771767,-1550.9124533711195
49000.0,15493.64,5.1,15432.301692690915,-1377.2962337017727
50000.0,15434.58,4.11,15394.886722084002,-1106.219955796159
51000.0,15382.1,2.99,15361.15963803315,-802.3558966326956
52000.0,15503.28,2.36,15490.130448708007,-638.3959902827636
53000.0,16695.23,4.99,16631.953316377,-1452.1823696616373
54000.0,16695.23,4.99,16631.953316377,-1452.1823696616373
55000.0,16666.64,3.83,16629.417235957622,-1113.2705340731825
56000.0,16642.25,2.76,16622.9449485366,-801.3652727823949
57000.0,16794.55,2.13,16782.946144805606,-624.2022132728102
58000.0,15576.42,5.36,15508.310888311602,-1455.04412574871
59000.0,15419.4,4.85,15364.190177248523,-1303.6704174521817
60000.0,15583.2,4.18,15541.748398427197,-1135.8604491686751
61000.0,16636.32,7.35,16499.622355253294,-2128.2869347025708
62000.0,16627.02,6.19,16530.081119296196,-1792.822431220516
63000.0,16463.54,5.62,16384.404315255688,-1612.2793076358575
64000.0,16626.95,5.07,16561.896622806278,-1469.3694423044126
65000.0,16641.47,3.89,16603.130292189562,-1128.976643459654
66000.0,16487.13,3.31,16459.625421060886,-951.9383568625807
67000.0,16474.64,2.09,16463.680642641306,-600.8184640288476
68000.0,16642.16,1.58,16635.83266126907,-458.8694060986802
69000.0,17639.4,6.16,17537.552211805993,-1892.800776145972
70000.0,17671.97,5.0,17604.722818836384,-1540.2136711643327
71000.0,17735.36,3.8,17696.368248688093,-1175.3914821981466
72000.0,17735.36,3.8,17696.368248688093,-1175.3914821981466
73000.0,17777.18,2.65,17758.169132433413,-821.9232423341783
74000.0,17630.92,2.01,17620.07205964226,-618.3855265237895
75000.0,17685.41,0.93,17683.080320200097,-287.04922478913556
76000.0,17750.39,-0.17,17750.31186778019,52.666390057879326
77000.0,18781.27,5.14,18705.746057661327,-1682.6072741990845
78000.0,18820.22,3.95,18775.5134032893,-1296.4479516370454
79000.0,18684.93,3.29,18654.134399480412,-1072.3240699627818
80000.0,18770.56,2.22,18756.47186241632,-727.1079617119647
81000.0,18635.65,1.52,18629.092610369204,-494.3272567718952
82000.0,18748.58,0.48,18747.922080051758,-157.06589925192003
83000.0,18622.66,-0.22,18622.52271873201,71.50570543798267
84000.0,18858.13,-0.61,18857.061243097563,200.76944729670535
85000.0,19762.56,5.09,19684.62763358941,-1753.3432865608984
86000.0,19639.39,4.39,19581.770524674448,-1503.297273027183
87000.0,19746.94,3.85,19702.376161800752,-1325.9008041725672
88000.0,19630.88,3.15,19601.219653359818,-1078.720387839633
89000.0,19757.52,2.07,19744.627099786427,-713.6506433679345
90000.0,19643.86,1.32,19638.647090046503,-452.52201295419053
91000.0,19543.55,0.64,19542.330775654482,-218.299009176909
92000.0,19701.45,-0.42,19700.920678461145,144.41787798632717
93000.0,20566.74,6.88,20418.6433705907,-2463.6958278636184
94000.0,20464.66,6.16,20346.49949810411,-2195.966094740378
95000.0,20634.29,5.14,20551.314624630846,-1848.6186744524427
96000.0,20520.94,4.25,20464.51121341544,-1520.7758807903758
97000.0,20430.9,3.52,20392.355629016936,-1254.3949576195398
98000.0,20597.17,2.55,20576.77418960203,-916.392906469481
99000.0,20511.17,1.77,20501.38350524823,-633.5370073134827
100000.0,20426.53,0.96,20423.66284189817,-342.2337817455538
1000.0,2160.0,0.0,2160.0,-0.0
2000.0,2160.0,0.0,2160.0,-0.0
3000.0,2160.0,0.0,2160.0,-0.0
4000.0,2160.0,0.0,2160.0,-0.0
5000.0,2160.0,0.0,2160.0,-0.0
6000.0,2160.0,0.0,2160.0,-0.0
7000.0,2160.0,0.0,2160.0,-0.0
8000.0,2160.0,0.0,2160.0,-0.0
9000.0,2160.0,0.0,2160.0,-0.0
10000.0,2160.0,0.0,2160.0,-0.0
11000.0,2160.0,0.0,2160.0,-0.0
12000.0,2160.0,0.0,2160.0,-0.0
13000.0,2160.0,0.0,2160.0,-0.0
14000.0,2194.62,-5.31,2185.201922822328,203.09973139716405
15000.0,2160.0,0.0,2160.0,-0.0
16000.0,2160.0,0.0,2160.0,-0.0
17000.0,2160.0,0.0,2160.0,-0.0
18000.0,2160.0,0.0,2160.0,-0.0
19000.0,2160.0,0.0,2160.0,-0.0
20000.0,2160.0,0.0,2160.0,-0.0
21000.0,2160.0,0.0,2160.0,-0.0
22000.0,2160.0,0.0,2160.0,-0.0
23000.0,2160.0,0.0,2160.0,-0.0
24000.0,2160.0,0.0,2160.0,-0.0
25000.0,2160.0,0.0,2160.0,-0.0
26000.0,2160.0,0.0,2160.0,-0.0
27000.0,2160.0,0.0,2160.0,-0.0
28000.0,2160.0,0.0,2160.0,-0.0
29000.0,2160.0,0.0,2160.0,-0.0
30000.0,2160.0,0.0,2160.0,-0.0
31000.0,2160.0,0.0,2160.0,-0.0
32000.0,2160.0,0.0,2160.0,-0.0
33000.0,2160.0,0.0,2160.0,-0.0
34000.0,2160.0,0.0,2160.0,-0.0
35000.0,2160.0,0.0,2160.0,-0.0
36000.0,2160.0,0.0,2160.0,-0.0
37000.0,2160.0,0.0,2160.0,-0.0
38000.0,2160.0,0.0,2160.0,-0.0
39000.0,2160.0,0.0,2160.0,-0.0
40000.0,2160.0,0.0,2160.0,-0.0
41000.0,2160.0,0.0,2160.0,-0.0
42000.0,2160.0,0.0,2160.0,-0.0
43000.0,2160.0,0.0,2160.0,-0.0
44000.0,2160.0,0.0,2160.0,-0.0
45000.0,2160.0,0.0,2160.0,-0.0
46000.0,2160.0,0.0,2160.0,-0.0
47000.0,2160.0,0.0,2160.0,-0.0
48000.0,2160.0,0.0,2160.0,-0.0
49000.0,2160.0,0.0,2160.0,-0.0
50000.0,2160.0,0.0,2160.0,-0.0
51000.0,2160.0,0.0,2160.0,-0.0
52000.0,2160.0,0.0,2160.0,-0.0
53000.0,2160.0,0.0,2160.0,-0.0
54000.0,2160.0,0.0,2160.0,-0.0
55000.0,2160.0,0.0,2160.0,-0.0
56000.0,2160.0,0.0,2160.0,-0.0
57000.0,2160.0,0.0,2160.0,-0.0
58000.0,2160.0,0.0,2160.0,-0.0
59000.0,2160.0,0.0,2160.0,-0.0
60000.0,2160.0,0.0,2160.0,-0.0
61000.0,2307.81,4.31,2301.2835873560757,-173.43830795285936
62000.0,2160.0,0.0,2160.0,-0.0
63000.0,2160.0,0.0,2160.0,-0.0
64000.0,2160.0,0.0,2160.0,-0.0
65000.0,2160.0,0.0,2160.0,-0.0
66000.0,2160.0,0.0,2160.0,-0.0
67000.0,2160.0,0.0,2160.0,-0.0
68000.0,2160.0,0.0,2160.0,-0.0
69000.0,2160.0,0.0,2160.0,-0.0
70000.0,2160.0,0.0,2160.0,-0.0
71000.0,2160.0,0.0,2160.0,-0.0
72000.0,2160.0,0.0,2160.0,-0.0
73000.0,2160.0,0.0,2160.0,-0.0
74000.0,2160.0,0.0,2160.0,-0.0
75000.0,2160.0,0.0,2160.0,-0.0
76000.0,2160.0,0.0,2160.0,-0.0
77000.0,2160.0,0.0,2160.0,-0.0
78000.0,2160.0,0.0,2160.0,-0.0
79000.0,2160.0,0.0,2160.0,-0.0
80000.0,2160.0,0.0,2160.0,-0.0
81000.0,2160.0,0.0,2160.0,-0.0
82000.0,2160.0,0.0,2160.0,-0.0
83000.0,2160.0,0.0,2160.0,-0.0
84000.0,2160.0,0.0,2160.0,-0.0
85000.0,2160.0,0.0,2160.0,-0.0
86000.0,2160.0,0.0,2160.0,-0.0
87000.0,2160.0,0.0,2160.0,-0.0
88000.0,2160.0,0.0,2160.0,-0.0
89000.0,2160.0,0.0,2160.0,-0.0
90000.0,2160.0,0.0,2160.0,-0.0
91000.0,2451.67,-2.76,2448.826056691777,118.05394092279676
92000.0,2160.0,0.0,2160.0,-0.0
93000.0,2254.87,7.3,2236.5930217629802,-286.5141739969272
94000.0,2160.0,0.0,2160.0,-0.0
95000.0,2160.0,0.0,2160.0,-0.0
96000.0,2160.0,0.0,2160.0,-0.0
97000.0,2160.0,0.0,2160.0,-0.0
98000.0,2160.0,0.0,2160.0,-0.0
99000.0,2160.0,0.0,2160.0,-0.0
100000.0,2160.0,0.0,2160.0,-0.0
1000.0,2160.0,0.0,2160.0,-0.0
2000.0,2160.0,0.0,2160.0,-0.0
3000.0,2160.0,0.0,2160.0,-0.0
4000.0,2160.0,0.0,2160.0,-0.0
5000.0,2160.0,0.0,2160.0,-0.0
6000.0,2160.0,0.0,2160.0,-0.0
7000.0,2160.0,0.0,2160.0,-0.0
8000.0,2160.0,0.0,2160.0,-0.0
9000.0,2160.0,0.0,2160.0,-0.0
10000.0,2160.0,0.0,2160.0,-0.0
11000.0,2160.0,0.0,2160.0,-0.0
12000.0,2160.0,0.0,2160.0,-0.0
13000.0,2160.0,0.0,2160.0,-0.0
14000.0,2194.62,-5.31,2185.201922822328,203.09973139716405
15000.0,2160.0,0.0,2160.0,-0.0
16000.0,2160.0,0.0,2160.0,-0.0
17000.0,2160.0,0.0,2160.0,-0.0
18000.0,2160.0,0.0,2160.0,-0.0
19000.0,2160.0,0.0,2160.0,-0.0
20000.0,2160.0,0.0,2160.0,-0.0
21000.0,2160.0,0.0,2160.0,-0.0
22000.0,2160.0,0.0,2160.0,-0.0
23000.0,2160.0,0.0,2160.0,-0.0
24000.0,2160.0,0.0,2160.0,-0.0
25000.0,2160.0,0.0,2160.0,-0.0
26000.0,2160.0,0.0,2160.0,-0.0
27000.0,2160.0,0.0,2160.0,-0.0
28000.0,2160.0,0.0,2160.0,-0.0
29000.0,2160.0,0.0,2160.0,-0.0
30000.0,2160.0,0.0,2160.0,-0.0
31000.0,2160.0,0.0,2160.0,-0.0
32000.0,2160.0,0.0,2160.0,-0.0
33000.0,2160.0,0.0,2160.0,-0.0
34000.0,2160.0,0.0,2160.0,-0.0
35000.0,2357.61,2.33,2355.6608345937357,-95.84854960375982
36000.0,2160.0,0.0,2160.0,-0.0
37000.0,2160.0,0.0,2160.0,-0.0
38000.0,2160.0,0.0,2160.0,-0.0
39000.0,2160.0,0.0,2160.0,-0.0
40000.0,2160.0,0.0,2160.0,-0.0
41000.0,2160.0,0.0,2160.0,-0.0
42000.0,2160.0,0.0,2160.0,-0.0
43000.0,2160.0,0.0,2160.0,-0.0
44000.0,2160.0,0.0,2160.0,-0.0
45000.0,2160.0,0.0,2160.0,-0.0
46000.0,2160.0,0.0,2160.0,-0.0
47000.0,2160.0,0.0,2160.0,-0.0
48000.0,2160.0,0.0,2160.0,-0.0
49000.0,2160.0,0.0,2160.0,-0.0
50000.0,2160.0,0.0,2160.0,-0.0
51000.0,2160.0,0.0,2160.0,-0.0
52000.0,2160.0,0.0,2160.0,-0.0
53000.0,2332.08,3.72,2327.16638078644,-151.30684894393065
54000.0,2160.0,0.0,2160.0,-0.0
55000.0,2160.0,0.0,2160.0,-0.0
56000.0,2160.0,0.0,2160.0,-0.0
57000.0,2160.0,0.0,2160.0,-0.0
58000.0,2160.0,0.0,2160.0,-0.0
59000.0,2160.0,0.0,2160.0,-0.0
60000.0,2160.0,0.0,2160.0,-0.0
61000.0,2307.81,4.31,2301.2835873560757,-173.43830795285936
62000.0,2160.0,0.0,2160.0,-0.0
63000.0,2160.0,0.0,2160.0,-0.0
64000.0,2160.0,0.0,2160.0,-0.0
65000.0,2160.0,0.0,2160.0,-0.0
66000.0,2160.0,0.0,2160.0,-0.0
67000.0,2160.0,0.0,2160.0,-0.0
68000.0,2160.0,0.0,2160.0,-0.0
69000.0,2160.0,0.0,2160.0,-0.0
70000.0,2160.0,0.0,2160.0,-0.0
71000.0,2160.0,0.0,2160.0,-0.0
72000.0,2160.0,0.0,2160.0,-0.0
73000.0,2160.0,0.0,2160.0,-0.0
74000.0,2160.0,0.0,2160.0,-0.0
75000.0,2160.0,0.0,2160.0,-0.0
76000.0,2160.0,0.0,2160.0,-0.0
77000.0,2160.0,0.0,2160.0,-0.0
78000.0,2160.0,0.0,2160.0,-0.0
79000.0,2160.0,0.0,2160.0,-0.0
80000.0,2160.0,0.0,2160.0,-0.0
81000.0,2160.0,0.0,2160.0,-0.0
82000.0,2160.0,0.0,2160.0,-0.0
83000.0,2160.0,0.0,2160.0,-0.0
84000.0,2160.0,0.0,2160.0,-0.0
85000.0,2160.0,0.0,2160.0,-0.0
86000.0,2160.0,0.0,2160.0,-0.0
87000.0,2160.0,0.0,2160.0,-0.0
88000.0,2160.0,0.0,2160.0,-0.0
89000.0,2160.0,0.0,2160.0,-0.0
90000.0,2160.0,0.0,2160.0,-0.0
91000.0,2451.67,-2.76,2448.826056691777,118.05394092279676
92000.0,2160.0,0.0,2160.0,-0.0
93000.0,2160.0,0.0,2160.0,-0.0
94000.0,2160.0,0.0,2160.0,-0.0
95000.0,2160.0,0.0,2160.0,-0.0
96000.0,2160.0,0.0,2160.0,-0.0
97000.0,2160.0,0.0,2160.0,-0.0
98000.0,2160.0,0.0,2160.0,-0.0
99000.0,2160.0,0.0,2160.0,-0.0
100000.0,2160.0,0.0,2160.0,-0.0
1000.0,2160.0,0.0,2160.0,-0.0
2000.0,2160.0,0.0,2160.0,-0.0
3000.0,2160.0,0.0,2160.0,-0.0
4000.0,2160.0,0.0,2160.0,-0.0
5000.0,2160.0,0.0,2160.0,-0.0
6000.0,2160.0,0.0,2160.0,-0.0
7000.0,2160.0,0.0,2160.0,-0.0
8000.0,2160.0,0.0,2160.0,-0.0
9000.0,2160.0,0.0,2160.0,-0.0
10000.0,2160.0,0.0,2160.0,-0.0
11000.0,2160.0,0.0,2160.0,-0.0
12000.0,2160.0,0.0,2160.0,-0.0
13000.0,2160.0,0.0,2160.0,-0.0
14000.0,2194.62,-5.31,2185.201922822328,203.09973139716405
15000.0,2160.0,0.0,2160.0,-0.0
16000.0,2160.0,0.0,2160.0,-0.0
17000.0,2160.0,0.0,2160.0,-0.0
18000.0,2160.0,0.0,2160.0,-0.0
19000.0,2160.0,0.0,2160.0,-0.0
20000.0,2160.0,0.0,2160.0,-0.0
21000.0,2160.0,0.0,2160.0,-0.0
22000.0,2160.0,0.0,2160.0,-0.0
23000.0,2160.0,0.0,2160.0,-0.0
24000.0,2160.0,0.0,2160.0,-0.0
25000.0,2160.0,0.0,2160.0,-0.0
26000.0,2160.0,0.0,2160.0,-0.0
27000.0,2160.0,0.0,2160.0,-0.0
28000.0,2160.0,0.0,2160.0,-0.0
29000.0,2160.0,0.0,2160.0,-0.0
30000.0,2160.0,0.0,2160.0,-0.0
31000.0,2160.0,0.0,2160.0,-0.0
32000.0,2160.0,0.0,2160.0,-0.0
33000.0,2160.0,0.0,2160.0,-0.0
34000.0,2160.0,0.0,2160.0,-0.0
35000.0,2357.61,2.33,2355.6608345937357,-95.84854960375982
36000.0,2160.0,0.0,2160.0,-0.0
37000.0,2160.0,0.0,2160.0,-0.0
38000.0,2160.0,0.0,2160.0,-0.0
39000.0,2160.0,0.0,2160.0,-0.0
40000.0,2160.0,0.0,2160.0,-0.0
41000.0,2160.0,0.0,2160.0,-0.0
42000.0,2160.0,0.0,2160.0,-0.0
43000.0,2160.0,0.0,2160.0,-0.0
44000.0,2160.0,0.0,2160.0,-0.0
45000.0,2160.0,0.0,2160.0,-0.0
46000.0,2160.0,0.0,2160.0,-0.0
47000.0,2160.0,0.0,2160.0,-0.0
48000.0,2160.0,0.0,2160.0,-0.0
49000.0,2160.0,0.0,2160.0,-0.0
50000.0,2160.0,0.0,2160.0,-0.0
51000.0,2160.0,0.0,2160.0,-0.0
52000.0,2160.0,0.0,2160.0,-0.0
53000.0,2160.0,0.0,2160.0,-0.0
54000.0,2160.0,0.0,2160.0,-0.0
55000.0,2160.0,0.0,2160.0,-0.0
56000.0,2160.0,0.0,2160.0,-0.0
57000.0,2160.0,0.0,2160.0,-0.0
58000.0,2160.0,0.0,2160.0,-0.0
59000.0,2160.0,0.0,2160.0,-0.0
60000.0,2160.0,0.0,2160.0,-0.0
61000.0,2160.0,0.0,2160.0,-0.0
62000.0,2160.0,0.0,2160.0,-0.0
63000.0,2160.0,0.0,2160.0,-0.0
64000.0,2160.0,0.0,2160.0,-0.0
65000.0,2160.0,0.0,2160.0,-0.0
66000.0,2160.0,0.0,2160.0,-0.0
67000.0,2160.0,0.0,2160.0,-0.0
68000.0,2160.0,0.0,2160.0,-0.0
69000.0,2160.0,0.0,2160.0,-0.0
70000.0,2160.0,0.0,2160.0,-0.0
71000.0,2160.0,0.0,2160.0,-0.0
72000.0,2160.0,0.0,2160.0,-0.0
73000.0,2160.0,0.0,2160.0,-0.0
74000.0,2160.0,0.0,2160.0,-0.0
75000.0,2160.0,0.0,2160.0,-0.0
76000.0,2160.0,0.0,2160.0,-0.0
77000.0,2160.0,0.0,2160.0,-0.0
78000.0,2160.0,0.0,2160.0,-0.0
79000.0,2160.0,0.0,2160.0,-0.0
80000.0,2160.0,0.0,2160.0,-0.0
81000.0,2160.0,0.0,2160.0,-0.0
82000.0,2160.0,0.0,2160.0,-0.0
83000.0,2160.0,0.0,2160.0,-0.0
84000.0,2160.0,0.0,2160.0,-0.0
85000.0,2160.0,0.0,2160.0,-0.0
86000.0,2160.0,0.0,2160.0,-0.0
87000.0,2160.0,0.0,2160.0,-0.0
88000.0,2160.0,0.0,2160.0,-0.0
89000.0,2160.0,0.0,2160.0,-0.0
90000.0,2160.0,0.0,2160.0,-0.0
91000.0,2160.0,0.0,2160.0,-0.0
92000.0,2160.0,0.0,2160.0,-0.0
93000.0,2254.87,7.3,2236.5930217629802,-286.5141739969272
94000.0,2160.0,0.0,2160.0,-0.0
95000.0,2160.0,0.0,2160.0,-0.0
96000.0,2160.0,0.0,2160.0,-0.0
97000.0,2160.0,0.0,2160.0,-0.0
98000.0,2160.0,0.0,2160.0,-0.0
99000.0,2160.0,0.0,2160.0,-0.0
100000.0,2160.0,0.0,2160.0,-0.0
1000.0,2160.0,0.0,2160.0,-0.0
2000.0,2160.0,0.0,2160.0,-0.0
3000.0,2160.0,0.0,2160.0,-0.0
4000.0,2160.0,0.0,2160.0,-0.0
5000.0,2160.0,0.0,2160.0,-0.0
6000.0,2160.0,0.0,2160.0,-0.0
7000.0,2160.0,0.0,2160.0,-0.0
8000.0,2160.0,0.0,2160.0,-0.0
9000.0,2160.0,0.0,2160.0,-0.0
10000.0,2160.0,0.0,2160.0,-0.0
11000.0,2160.0,0.0,2160.0,-0.0
12000.0,2160.0,0.0,2160.0,-0.0
13000.0,2160.0,0.0,2160.0,-0.0
14000.0,2194.62,-5.31,2185.201922822328,203.09973139716405
15000.0,2160.0,0.0,2160.0,-0.0
16000.0,2160.0,0.0,2160.0,-0.0
17000.0,2160.0,0.0,2160.0,-0.0
18000.0,2160.0,0.0,2160.0,-0.0
19000.0,2160.0,0.0,2160.0,-0.0
20000.0,2160.0,0.0,2160.0,-0.0
21000.0,2160.0,0.0,2160.0,-0.0
22000.0,2160.0,0.0,2160.0,-0.0
23000.0,2160.0,0.0,2160.0,-0.0
24000.0,2160.0,0.0,2160.0,-0.0
25000.0,2160.0,0.0,2160.0,-0.0
26000.0,2160.0,0.0,2160.0,-0.0
27000.0,2160.0,0.0,2160.0,-0.0
28000.0,2160.0,0.0,2160.0,-0.0
29000.0,2160.0,0.0,2160.0,-0.0
30000.0,2160.0,0.0,2160.0,-0.0
31000.0,2160.0,0.0,2160.0,-0.0
32000.0,2160.0,0.0,2160.0,-0.0
33000.0,2160.0,0.0,2160.0,-0.0
34000.0,2160.0,0.0,2160.0,-0.0
35000.0,2160.0,0.0,2160.0,-0.0
36000.0,2160.0,0.0,2160.0,-0.0
37000.0,2160.0,0.0,2160.0,-0.0
38000.0,2160.0,0.0,2160.0,-0.0
39000.0,2160.0,0.0,2160.0,-0.0
40000.0,2160.0,0.0,2160.0,-0.0
41000.0,2160.0,0.0,2160.0,-0.0
42000.0,2160.0,0.0,2160.0,-0.0
43000.0,2160.0,0.0,2160.0,-0.0
44000.0,2160.0,0.0,2160.0,-0.0
45000.0,2160.0,0.0,2160.0,-0.0
46000.0,2160.0,0.0,2160.0,-0.0
47000.0,2160.0,0.0,2160.0,-0.0
48000.0,2160.0,0.0,2160.0,-0.0
49000.0,2160.0,0.0,2160.0,-0.0
50000.0,2160.0,0.0,2160.0,-0.0
51000.0,2160.0,0.0,2160.0,-0.0
52000.0,2160.0,0.0,2160.0,-0.0
53000.0,2160.0,0.0,2160.0,-0.0
54000.0,2160.0,0.0,2160.0,-0.0
55000.0,2160.0,0.0,2160.0,-0.0
56000.0,2160.0,0.0,2160.0,-0.0
57000.0,2160.0,0.0,2160.0,-0.0
58000.0,2160.0,0.0,2160.0,-0.0
59000.0,2160.0,0.0,2160.0,-0.0
60000.0,2160.0,0.0,2160.0,-0.0
61000.0,2160.0,0.0,2160.0,-0.0
62000.0,2160.0,0.0,2160.0,-0.0
63000.0,2160.0,0.0,2160.0,-0.0
64000.0,2160.0,0.0,2160.0,-0.0
65000.0,2160.0,0.0,2160.0,-0.0
66000.0,2160.0,0.0,2160.0,-0.0
67000.0,2160.0,0.0,2160.0,-0.0
68000.0,2160.0,0.0,2160.0,-0.0
69000.0,2160.0,0.0,2160.0,-0.0
70000.0,2160.0,0.0,2160.0,-0.0
71000.0,2160.0,0.0,2160.0,-0.0
72000.0,2160.0,0.0,2160.0,-0.0
73000.0,2160.0,0.0,2160.0,-0.0
74000.0,2160.0,0.0,2160.0,-0.0
75000.0,2160.0,0.0,2160.0,-0.0
76000.0,2160.0,0.0,2160.0,-0.0
77000.0,2160.0,0.0,2160.0,-0.0
78000.0,2160.0,0.0,2160.0,-0.0
79000.0,2160.0,0.0,2160.0,-0.0
80000.0,2160.0,0.0,2160.0,-0.0
81000.0,2160.0,0.0,2160.0,-0.0
82000.0,2160.0,0.0,2160.0,-0.0
83000.0,2160.0,0.0,2160.0,-0.0
84000.0,2160.0,0.0,2160.0,-0.0
85000.0,2160.0,0.0,2160.0,-0.0
86000.0,2160.0,0.0,2160.0,-0.0
87000.0,2160.0,0.0,2160.0,-0.0
88000.0,2160.0,0.0,2160.0,-0.0
89000.0,2160.0,0.0,2160.0,-0.0
90000.0,2160.0,0.0,2160.0,-0.0
91000.0,2451.67,-2.76,2448.826056691777,118.05394092279676
92000.0,2160.0,0.0,2160.0,-0.0
93000.0,2254.87,7.3,2236.5930217629802,-286.5141739969272
94000.0,2160.0,0.0,2160.0,-0.0
95000.0,2160.0,0.0,2160.0,-0.0
96000.0,2160.0,0.0,2160.0,-0.0
97000.0,2160.0,0.0,2160.0,-0.0
98000.0,2160.0,0.0,2160.0,-0.0
99000.0,2160.0,0.0,2160.0,-0.0
100000.0,2160.0,0.0,2160.0,-0.0
1000.0,2160.0,0.0,2160.0,-0.0
2000.0,2160.0,0.0,2160.0,-0.0
3000.0,2160.0,0.0,2160.0,-0.0
4000.0,2160.0,0.0,2160.0,-0.0
5000.0,2160.0,0.0,2160.0,-0.0
6000.0,2160.0,0.0,2160.0,-0.0
7000.0,2160.0,0.0,2160.0,-0.0
8000.0,2160.0,0.0,2160.0,-0.0
9000.0,2160.0,0.0,2160.0,-0.0
10000.0,2160.0,0.0,2160.0,-0.0
11000.0,2160.0,0.0,2160.0,-0.0
12000.0,2160.0,0.0,2160.0,-0.0
13000.0,2160.0,0.0,2160.0,-0.0
14000.0,2194.62,-5.31,2185.201922822328,203.09973139716405
15000.0,2160.0,0.0,2160.0,-0.0
16000.0,2160.0,0.0,2160.0,-0.0
17000.0,2160.0,0.0,2160.0,-0.0
18000.0,2160.0,0.0,2160.0,-0.0
19000.0,2160.0,0.0,2160.0,-0.0
20000.0,2160.0,0.0,2160.0,-0.0
21000.0,2160.0,0.0,2160.0,-0.0
22000.0,2160.0,0.0,2160.0,-0.0
23000.0,2160.0,0.0,2160.0,-0.0
24000.0,2160.0,0.0,2160.0,-0.0
25000.0,2160.0,0.0,2160.0,-0.0
26000.0,2160.0,0.0,2160.0,-0.0
27000.0,2160.0,0.0,2160.0,-0.0
28000.0,2160.0,0.0,2160.0,-0.0
29000.0,2160.0,0.0,2160.0,-0.0
30000.0,2160.0,0.0,2160.0,-0.0
31000.0,2160.0,0.0,2160.0,-0.0
32000.0,2160.0,0.0,2160.0,-0.0
33000.0,2160.0,0.0,2160.0,-0.0
34000.0,2160.0,0.0,2160.0,-0.0
35000.0,2160.0,0.0,2160.0,-0.0
36000.0,2160.0,0.0,2160.0,-0.0
37000.0,2160.0,0.0,2160.0,-0.0
38000.0,2160.0,0.0,2160.0,-0.0
39000.0,2160.0,0.0,2160.0,-0.0
40000.0,2160.0,0.0,2160.0,-0.0
41000.0,2160.0,0.0,2160.0,-0.0
42000.0,2160.0,0.0,2160.0,-0.0
43000.0,2160.0,0.0,2160.0,-0.0
44000.0,2160.0,0.0,2160.0,-0.0
45000.0,2160.0,0.0,2160.0,-0.0
46000.0,2160.0,0.0,2160.0,-0.0
47000.0,2160.0,0.0,2160.0,-0.0
48000.0,2160.0,0.0,2160.0,-0.0
49000.0,2160.0,0.0,2160.0,-0.0
50000.0,2160.0,0.0,2160.0,-0.0
51000.0,2160.0,0.0,2160.0,-0.0
52000.0,2160.0,0.0,2160.0,-0.0
53000.0,2160.0,0.0,2160.0,-0.0
54000.0,2160.0,0.0,2160.0,-0.0
55000.0,2160.0,0.0,2160.0,-0.0
56000.0,2160.0,0.0,2160.0,-0.0
57000.0,2160.0,0.0,2160.0,-0.0
58000.0,2160.0,0.0,2160.0,-0.0
59000.0,2160.0,0.0,2160.0,-0.0
60000.0,2160.0,0.0,2160.0,-0.0
61000.0,2160.0,0.0,2160.0,-0.0
62000.0,2160.0,0.0,2160.0,-0.0
63000.0,2160.0,0.0,2160.0,-0.0
64000.0,2160.0,0.0,2160.0,-0.0
65000.0,2160.0,0.0,2160.0,-0.0
66000.0,2160.0,0.0,2160.0,-0.0
67000.0,2160.0,0.0,2160.0,-0.0
68000.0,2160.0,0.0,2160.0,-0.0
69000.0,2160.0,0.0,2160.0,-0.0
70000.0,2160.0,0.0,2160.0,-0.0
71000.0,2160.0,0.0,2160.0,-0.0
72000.0,2160.0,0.0,2160.0,-0.0
73000.0,2160.0,0.0,2160.0,-0.0
74000.0,2160.0,0.0,2160.0,-0.0
75000.0,2160.0,0.0,2160.0,-0.0
76000.0,2160.0,0.0,2160.0,-0.0
77000.0,2160.0,0.0,2160.0,-0.0
78000.0,2160.0,0.0,2160.0,-0.0
79000.0,2160.0,0.0,2160.0,-0.0
80000.0,2160.0,0.0,2160.0,-0.0
81000.0,2160.0,0.0,2160.0,-0.0
82000.0,2160.0,0.0,2160.0,-0.0
83000.0,2160.0,0.0,2160.0,-0.0
84000.0,2160.0,0.0,2160.0,-0.0
85000.0,2160.0,0.0,2160.0,-0.0
86000.0,2160.0,0.0,2160.0,-0.0
87000.0,2160.0,0.0,2160.0,-0.0
88000.0,2160.0,0.0,2160.0,-0.0
89000.0,2160.0,0.0,2160.0,-0.0
90000.0,2160.0,0.0,2160.0,-0.0
91000.0,2451.67,-2.76,2448.826056691777,118.05394092279676
92000.0,2160.0,0.0,2160.0,-0.0
93000.0,2160.0,0.0,2160.0,-0.0
94000.0,2160.0,0.0,2160.0,-0.0
95000.0,2160.0,0.0,2160.0,-0.0
96000.0,2160.0,0.0,2160.0,-0.0
97000.0,2160.0,0.0,2160.0,-0.0
98000.0,2160.0,0.0,2160.0,-0.0
99000.0,2160.0,0.0,2160.0,-0.0
100000.0,2160.0,0.0,2160.0,-0.0
1000.0,4221.11,4.01,4210.776132881938,-295.18467245408505
2000.0,14076.22,-118.79,-6779.117720615214,12336.268982899195
3000.0,2857.303731695384,-113.49315,-1139.033922108765,2620.455368718554
4000.0,2254.387098771538,-113.93165685,-914.4846084466752,2060.577368608537
5000.0,1892.6713190172302,-113.81772519315,-764.3143011914909,1731.4815537061274
6000.0,1651.527465847692,-113.70390746795685,-663.9309235886575,1512.19664698478
7000.0,1479.281856440879,-113.59020356048889,-591.9972778440991,1355.6599993436223
8000.0,1353.3156493857691,-114.2791133569284,-556.4591540165087,1233.6192511401796
9000.0,1252.8390438984613,-114.16483424357148,-512.8661192075749,1143.0546853433445
10000.0,1172.4577595086153,-114.0506694093279,-477.8285660335646,1070.6713124550733
11000.0,1106.6912540987414,-113.93661873991857,-449.01321630223384,1011.510090648911
12000.0,1051.885832923846,-113.82268212117866,-424.86455270679187,962.2649933148099
13000.0,1005.512015006627,-113.70885943905748,-404.3056800159033,920.6472339770351
14000.0,972.9608282204396,-114.39165057961841,-401.80530300115714,886.1180913013525
15000.0,938.5117063390769,-114.2825689290388,-385.95079839013187,855.4801015555566
16000.0,908.3687246928846,-114.16828636010976,-371.90260263926734,828.7473644907215
17000.0,881.7719761815384,-114.05411807374966,-359.40967590445933,805.199666446371
18000.0,858.1304219492307,-113.94006395567591,-348.2128301360584,784.3058370325962
19000.0,836.9774523729554,-113.82612389172023,-338.10744413710046,765.6465320236227
20000.0,826.0661797543075,-92.95229776782851,-42.546140576710656,824.9697929354157
21000.0,819.6184188136264,-93.60184547006068,-51.49061373604376,817.9994310240286
22000.0,795.6445270493706,-114.26824362459062,-327.0171784897863,725.3343907441559
23000.0,750.7040606559196,-93.63397538096602,-47.5813654501783,749.1946344890513
24000.0,737.5984164619231,-93.54034140558507,-45.54766214664698,736.1907595454534
25000.0,725.5412238034462,-93.44680106417948,-43.620807054665164,724.2287571134566
26000.0,706.7783075033135,-114.1133542631153,-288.74947772810424,645.1041118059901
27000.0,696.4730146328204,-113.99924090885219,-283.2726663633768,636.2635119218388
28000.0,694.5370141102198,-93.12524166794333,-37.86526432539961,693.504063237345
29000.0,700.2037584512466,-93.75511642627538,-45.857909977779066,698.7004761997243
30000.0,691.8884531695384,-93.66136130984911,-44.18353092151113,690.4762466766285
31000.0,684.1096191963275,-93.56769994853926,-42.570691120213674,682.7837925247578
32000.0,676.8169623464422,-93.47413224859072,-41.013685243921955,675.5731478845039
33000.0,669.9662846995803,-93.38065811634213,-39.50749967751511,668.8004037853075
34000.0,663.5185880907692,-93.28727745822579,-38.047710796335856,662.4268174259903
35000.0,657.4393312881757,-93.19399018076756,-36.630400680282065,656.4180741498864
36000.0,613.9178109746153,-93.4502961905868,-36.9471943623488,612.80501259423
37000.0,628.2498431104366,-94.0948458943962,-44.8618877233314,626.6460535247847
38000.0,623.1045261864776,-94.00075104850181,-43.47372244250284,621.5861050659571
39000.0,618.2230716688757,-93.90675029745331,-42.121288855183074,616.7864811820036
40000.0,613.5856898771538,-93.81284354715585,-40.80195619218999,612.2275714086334
41000.0,609.1745218313696,-93.7190307036087,-39.51335046951701,607.8916788237449
42000.0,604.9734094068132,-93.62531167290508,-38.2533239174079,603.76279224425
43000.0,600.967697560143,-93.53168636123219,-37.01992867515121,599.826390209389
44000.0,597.1440635246853,-93.43815467487096,-35.811394072950144,596.0692716935887
45000.0,560.5541687796923,-93.77671652019609,-36.922814607846895,559.3368232985616
46000.0,581.0771303279598,-94.36843980367588,-44.26053496567856,579.3890199466406
47000.0,577.7310084060884,-94.27407136387221,-43.056820536966946,576.1243166879551
48000.0,574.5243082309615,-94.17979729250834,-41.87508652766049,572.9962110490486
49000.0,571.4484937772685,-94.08561749521583,-40.71402651710464,569.9962711150604
50000.0,568.4957119017231,-93.99153187772062,-39.572438698847975,567.1167397865037
51000.0,565.6587253938461,-93.8975403458429,-38.44921562332809,564.3504686204676
52000.0,562.9308537516567,-93.80364280549705,-37.34333512409821,561.6908593055244
53000.0,560.3059206620029,-93.70983916269155,-36.253852271277836,559.1318117621166
54000.0,526.5062073164102,-94.17412932352887,-38.323267364109896,525.1096204805713
55000.0,524.0704108197482,-94.07995519420534,-37.28681704291424,522.7422775819724
56000.0,521.7216070551099,-93.98587523901114,-36.265155102360794,520.4596754731035
57000.0,519.4552174576518,-93.89188936377212,-35.25753484891832,518.2573001708259
58000.0,547.5571792256234,-94.45049747440835,-42.48920393261583,545.9061568353063
59000.0,545.4431185607823,-94.35604697693394,-41.428663843721424,543.8675035313615
60000.0,543.3995265847692,-94.26169092995701,-40.381090830969185,541.897050181907
61000.0,541.4229376243632,-94.16742923902706,-39.345878914501675,539.9913880778474
62000.0,512.4287095981638,-94.71976180978803,-42.16378852369004,510.6910977859011
63000.0,510.57660627120885,-94.62504204797823,-41.17012765175432,508.9140315029281
64000.0,508.78238117322115,-94.53041700593025,-40.187868095008625,507.1927115508178
65000.0,507.0433630013255,-94.43588658892432,-39.21651148739832,505.52451690343634
66000.0,505.3570423497902,-94.3414507023354,-38.25558973747939,503.9069855701202
67000.0,503.7210596281516,-94.24710925163306,-37.30466276839399,502.3378027270536
68000.0,502.13319404538464,-94.15286214238142,-36.36331645726243,500.81478989587447
69000.0,474.9613535519733,-94.83420928023905,-40.0263226651598,473.27178329351847
70000.0,473.4635656440879,-94.7393750709588,-39.11917098439327,471.8447185821914
71000.0,472.0079689448754,-94.64463569588784,-38.22104843231137,470.4579409513686
72000.0,470.5928054873077,-94.54999106019196,-37.33160240585874,469.1097313403613
73000.0,469.2164136313172,-94.45544106913177,-36.45049968188945,467.7984650402093
74000.0,467.87722155521834,-94.36098562806264,-35.57742510710098,466.5226053183055
75000.0,466.5737412678154,-94.26662464243458,-34.71208039277538,465.28069755304904
76000.0,465.3045630932389,-94.17235801779213,-33.85418300467621,464.0713638315511
77000.0,443.75315058553446,-94.87318565977435,-37.69710778641508,442.1490548662605
78000.0,442.54863583443785,-94.77831247411457,-36.86458730982324,441.0105410093939
79000.0,441.37461512767277,-94.68353416164047,-36.03915914271198,439.9008182390521
80000.0,440.22994493857686,-94.58885062747882,-35.220577533251536,438.8187727739626
81000.0,439.11353821094013,-94.49426177685135,-34.408608915056796,437.7633459675004
82000.0,438.0243609156848,-94.39976751507449,-33.60303116365209,436.73353094559695
83000.0,436.96142885645963,-94.30536774755942,-32.80363290668904,435.7283694876913
84000.0,435.9238047034066,-94.21106237981185,-32.010212883434875,434.7469491304694
85000.0,416.6845952363077,-95.08135131743204,-36.9057961890366,415.0470022960037
86000.0,415.6949487800715,-94.9862699661146,-36.130965275224874,414.1217741070213
87000.0,414.72805281708224,-94.89128369614849,-35.36193255017024,413.21772895141584
88000.0,413.78313176234263,-94.79639241245235,-34.59851782075712,412.33411536720917
89000.0,412.85944488860844,-94.7015960200399,-33.84054903506627,411.4702157808451
90000.0,411.95628438984613,-94.60689442401986,-33.08786182963624,410.62534462430676
91000.0,455.8461735723753,-94.92628752959584,-39.145353127730765,454.162278584518
92000.0,410.2088651639799,-94.42012124206624,-31.61445688473186,408.98880079410935
93000.0,409.3633397321091,-94.32570112082418,-30.876649818239507,408.1972273455909
94000.0,394.58560420304417,-95.32637541970335,-36.62896632699284,392.8818115796371
95000.0,393.77549047459104,-95.23104904428365,-35.90139535015741,392.1354698448184
96000.0,392.9822541154807,-95.13581799523938,-35.178571420303335,391.40454795838906
97000.0,392.20537314521806,-95.04068217724414,-34.46036295805232,390.68854361086534
98000.0,391.4443468886342,-94.9456414950669,-33.74664379163565,389.986975095156
99000.0,390.69869489986013,-94.85069585357182,-33.03729288338963,389.29938026587087
100000.0,389.96795595086155,-94.75584515771826,-32.33219407266459,388.62531556106927
1000.0,6382.96,-8.84,6307.1389651827985,980.9059259036316
2000.0,3627.757397543076,-87.56823931256052,153.92389475309795,3624.490470404433
3000.0,2419.590531695384,-86.76846107324796,136.39497093820023,2415.743105748771
4000.0,1815.781098771538,-85.90868576217471,129.54914739398976,1811.153780623132
5000.0,1453.7669190172303,-85.09370873326253,124.33534147011045,1448.4401878194217
6000.0,1212.526465847692,-84.25093274972242,121.46103617912631,1206.4276385558262
7000.0,1040.192856440879,-83.58738572444067,116.17676650463575,1033.6847379714777
8000.0,910.963049385769,-83.9878885422767,95.41307438786555,905.9525498513013
9000.0,810.4984438984613,-83.51267976709137,91.5728130586725,805.3087280480379
10000.0,730.0801595086151,-83.19533192156784,86.50345142245072,724.937371226045
11000.0,664.2732540987413,-82.8376872590556,82.82200544104425,659.0898812192875
12000.0,609.492832923846,-82.62728619053647,78.2121405453791,604.4537819030046
13000.0,563.052015006627,-82.2684815864671,75.74812239916784,557.9335028083756
14000.0,523.4190282204395,-82.8639219643197,65.02241146375341,519.3645782209907
15000.0,488.9761063390768,-82.65544969293501,62.50866013617366,484.9642254625639
16000.0,458.8343246928845,-82.4845768121711,60.01234993790754,454.89279547087295
17000.0,432.23397618153837,-82.27026052171904,58.135702759098116,428.3064909972863
18000.0,408.5886219492307,-82.18204437927106,55.5786967193687,404.79089720168827
19000.0,387.4246523729554,-81.98130239884748,54.044287085342425,383.63664618978
20000.0,368.3705797543076,-81.77464722034034,52.70163148064405,364.5811597817461
21000.0,351.28861881362633,-82.39332487088784,46.50073100428797,348.1973229708294
22000.0,335.60552704937066,-82.169033391487,45.72659583294648,332.4757859147283
23000.0,320.74006065591965,-82.32563260172012,42.832536229789866,317.8672055272244
24000.0,307.707216461923,-82.18844094449935,41.82216377339081,304.8518290580793
25000.0,295.6168238034461,-81.96279284496045,41.33200296829784,292.71312243605735
26000.0,284.4683075033135,-81.85427685317967,40.30666869001148,281.59827846226864
27000.0,274.1510146328204,-81.8115359305896,39.04723286890676,271.35602523158815
28000.0,264.6208141102198,-81.57972363556786,38.74924939492868,261.76835357178896
29000.0,255.8971584512466,-82.19726915360023,34.74131309600449,253.52790155678684
30000.0,247.5554531695384,-82.08582700087291,34.08580134771181,245.19759489126284
31000.0,239.8354191963275,-81.95040253518188,33.58421693027296,237.4723745496695
32000.0,232.51636234644224,-81.85251983259525,32.952591238972076,230.16947123686765
33000.0,225.63668469958034,-81.74714144501124,32.3883402515126,223.30004231519993
34000.0,219.2117880907692,-81.50677496168257,32.375929018378635,216.80776567768325
35000.0,213.10193128817576,-81.41055546417911,31.82745210107746,210.71176144559183
36000.0,206.86901097461532,-81.6173388988957,30.15811895793618,204.6589249520638
37000.0,201.68964311043655,-82.2621718561874,27.155580013776717,199.85316262729154
38000.0,196.5919261864777,-82.1165045302256,26.964394423144235,194.7339386832778
39000.0,191.67387166887568,-82.01588877674388,26.623209990231878,189.81590494569375
40000.0,187.07768987715377,-81.86427963826459,26.47493961386666,185.19486931935947
41000.0,182.6037218313696,-81.70072820217348,26.357683072036963,180.69142694035668
42000.0,178.43200940681317,-81.55524650467491,26.20375772047651,176.49743641843534
43000.0,174.38449756014307,-81.45931656984314,25.898126715684615,172.45068866757794
44000.0,170.59166352468532,-81.31088893963454,25.771786942473806,168.6337174526826
45000.0,166.43036877969226,-81.65751620536977,24.14736171961701,164.6692824242771
46000.0,163.3079303279598,-82.1916354056846,22.18704970556572,161.79374194747007
47000.0,159.96180840608835,-82.20381221008259,21.698763661872658,158.48326032768355
48000.0,156.7845082309615,-82.05238246923638,21.67823236861275,155.27857631559115
49000.0,153.66169377726843,-81.96100988405965,21.489119505549787,152.15168049474582
50000.0,150.73191190172307,-81.8246344916708,21.434584827004254,149.20009329367983
51000.0,147.9155253938461,-81.66880138905685,21.432219261343658,146.3545784390472
52000.0,145.14025375165676,-81.58653012801364,21.23628275061017,143.57824888899938
53000.0,142.53092066200287,-81.43524724069113,21.226709781471495,140.9414422255262
54000.0,139.56760731641023,-81.83152183261313,19.830376547335334,138.1516311087878
55000.0,137.13181081974824,-81.84386444010404,19.455046355797332,135.74474100309374
56000.0,134.79120705510988,-81.69560053085814,19.468188086381044,133.3778810448224
57000.0,132.47381745765182,-81.6133908055663,19.321547130872517,131.0572017413493
58000.0,130.7201792256233,-82.1101693041245,17.943794358724805,129.48276140394472
59000.0,128.66711856078226,-82.0460096322948,17.804679429434266,127.42927759800523
60000.0,126.6225265847692,-81.87531966963942,17.89526722635966,125.35160010788758
61000.0,124.58813762436316,-81.79920604089975,17.771582012053535,123.31413102112876
62000.0,122.29450959816374,-82.28407426409787,16.419460258339594,121.18724521450338
63000.0,120.49820627120879,-82.21100995164356,16.330542048596424,119.38647792349771
64000.0,118.64818117322112,-82.1409239837399,16.223600083248055,117.53376406825545
65000.0,116.90436300132541,-81.97631347676209,16.317800164464046,115.75992176283758
66000.0,115.27044234979017,-81.90177304987424,16.238215803819607,114.12096751703818
67000.0,113.63885962815154,-81.73121272752671,16.343213594267556,112.45750213746915
68000.0,111.9939940453846,-81.66722862405081,16.23041094733148,110.8116801727976
69000.0,110.13515355197322,-82.36671425756916,14.629495890262993,109.15919520550477
70000.0,108.62756564408788,-82.20518175259181,14.732718957959793,107.6238589248053
71000.0,107.15316894487539,-82.03771594591018,14.842986578037214,106.12015531638282
72000.0,105.73800548730766,-82.05032286566016,14.62391459200981,104.72185505633247
73000.0,104.34921363131716,-81.89032253385469,14.720381672694788,103.30570530655342
74000.0,103.05362155521829,-81.80688765238996,14.68616640210044,102.00179131787817
75000.0,101.73374126781536,-81.65744175036563,14.76066680026679,100.65722442009962
76000.0,100.50616309323885,-81.5725509332577,14.729876618370268,99.42092111086237
77000.0,98.96555058553446,-82.19715074034225,13.436042252435021,98.0492374844841
78000.0,97.79803583443784,-82.11082677526169,13.423501587625996,96.87241825308683
79000.0,96.56761512767281,-82.06199426096053,13.336136915535393,95.64231147152623
80000.0,95.40014493857689,-81.91411580086121,13.418728553051528,94.45170923980676
81000.0,94.31973821094014,-81.82179053568782,13.417218095338308,93.360544529059
82000.0,93.2003609156848,-81.678463006929,13.48871535496653,92.21909689910542
83000.0,92.17102885645967,-81.58618431143714,13.486609357018338,91.17899938313376
84000.0,91.07100470340659,-81.54040349487326,13.397632739724239,90.08013840275433
85000.0,89.83119523630768,-82.40807415375819,11.868201636537957,89.04375007544384
86000.0,88.87114878007154,-82.31574743092187,11.883300263357947,88.07308476680312
87000.0,87.87845281708223,-82.24741795345706,11.854415189179916,87.07522787823578
88000.0,86.96153176234266,-82.15506181919976,11.869604977129178,86.14766673648127
89000.0,86.00724488860845,-82.005703149793,11.961417179546704,85.17141933997526
90000.0,85.13148438984612,-81.90589904266326,11.986453462424459,84.28341810707339
91000.0,84.91717357237529,-82.23210003804462,11.477446224337047,84.13794979489555
92000.0,83.3700651639799,-81.67029422553617,12.077755865678144,82.49057872687845
93000.0,82.52453973210916,-81.6830440525527,11.937094794969958,81.65663124236981
94000.0,81.52040420304418,-82.68268670962097,10.382791453070146,80.85650216939734
95000.0,80.67289047459107,-82.54233039833105,10.470830719199643,79.99048044345797
96000.0,79.90465411548075,-82.42151911697701,10.538153454316827,79.20669839784944
97000.0,79.14777314521807,-82.32473341585526,10.570848818872488,78.43868400920202
98000.0,78.34994688863421,-82.19194936461665,10.644214888972737,77.62354582759778
99000.0,77.62329489986014,-82.0877030567471,10.685399852546695,76.88431661335001
100000.0,76.91135595086153,-81.97896604954393,10.731951461036223,76.15892522901099
1000.0,6427.01,-7.51,6371.879526973213,840.0052582214205
2000.0,3627.504197543076,-89.57557292865211,26.871035099006534,3627.404671478679
3000.0,2419.606331695384,-88.57156559503602,60.31667486112286,2418.85441875159
4000.0,1815.807898771538,-87.64576249051422,74.58909395919852,1814.2752801886086
5000.0,1453.7669190172303,-86.60752541378588,86.02703687090859,1451.2193506689682
6000.0,1212.526465847692,-85.73451159710535,90.18537565074878,1209.1679074470292
7000.0,1040.164656440879,-85.14052801825797,88.11457359853816,1036.4257495972975
8000.0,910.963049385769,-85.40897487596416,72.91602111751875,908.0401594701682
9000.0,810.4984438984613,-84.90205378963047,72.01975161910985,807.2923156692061
10000.0,730.0801595086151,-84.55266441560794,69.30707635750282,726.7830270960517
11000.0,664.2732540987413,-84.16280708311389,67.55797931800073,660.8289306177503
12000.0,609.492832923846,-83.91998196328983,64.55582821035365,606.064401222849
13000.0,563.052015006627,-83.52868926751708,63.45916931078033,559.4644809399508
14000.0,523.4190282204395,-84.09142905983603,53.88145318964933,520.6383275416831
15000.0,488.9761063390768,-83.85020155274051,52.383157888743504,486.16215128301286
16000.0,458.8343246928845,-83.6465068008807,50.7756421129703,456.01619673471123
17000.0,432.23397618153837,-83.39934487089201,49.68465104435108,429.3688922317309
18000.0,408.5886219492307,-83.27821578654282,47.82461926604314,405.7800731657844
19000.0,387.4246523729554,-83.04461961513555,46.915712110682705,384.57350041760924
20000.0,368.3705797543076,-82.80505629791926,46.13682371641748,365.46994065980977
21000.0,351.28861881362633,-83.4115258888417,40.30591348350638,348.96866198305736
22000.0,335.60552704937066,-83.17500768782372,39.88238312550036,333.2273477707324
23000.0,320.74006065591965,-83.2985017135274,37.429309363851885,318.54863570592806
24000.0,307.707216461923,-83.1490288444156,36.70555622325056,305.5101196443197
25000.0,295.6168238034461,-82.91106825651568,36.48200666190775,293.35706861358943
26000.0,284.4683075033135,-82.79011998110411,35.70199888561998,282.2190377160459
27000.0,274.1510146328204,-82.7141841379762,34.767571619382196,271.93748323446704
28000.0,264.6208141102198,-82.44928148976881,34.77217336456172,262.32626864243
29000.0,255.8971584512466,-83.0544119319146,30.94479888633056,254.01924164383095
30000.0,247.5554531695384,-82.9305547891363,30.467210768991336,245.67346511565586
31000.0,239.8354191963275,-82.78271006134803,30.131150809444406,237.93516354666173
32000.0,232.51636234644224,-82.67237775382186,29.65578447614208,230.6174173949718
33000.0,225.71768469958036,-82.51705789590063,29.395443632941138,223.79540004155973
34000.0,219.2431880907692,-82.41578797944975,28.936429292390017,217.3252368778438
35000.0,213.10193128817576,-82.19287896643198,28.947490796565706,211.12668210184407
36000.0,206.86901097461532,-82.38709664292972,27.40592685760166,205.04561169332862
37000.0,201.68964311043655,-83.01932688518569,24.5122565890037,200.19455890440707
38000.0,196.5919261864777,-82.8610697301567,24.431599121750416,195.0678917865869
39000.0,191.67387166887568,-82.74782516495677,24.19626239195677,190.14051111427096
40000.0,187.07768987715377,-82.58359322856855,24.147905613327353,185.51264297686654
41000.0,182.6037218313696,-82.40737391497825,24.127214406228187,181.0027534366925
42000.0,178.43200940681317,-82.24916726926544,24.064292080751848,176.8018433942512
43000.0,174.38449756014307,-82.14047334850085,23.846177194110656,172.7463829506442
44000.0,170.59166352468532,-81.9792921917222,23.802824377805518,168.92288541153565
45000.0,166.43036877969226,-82.31312378847011,22.26159197083976,164.93480280119235
46000.0,163.3079303279598,-82.834468180887,20.370438640320963,162.03248235339325
47000.0,159.96180840608835,-82.8338253481118,19.954836214983974,158.71227003662725
48000.0,156.7845082309615,-82.66969533497378,20.004013086071655,155.5031237039202
49000.0,153.66169377726843,-82.56557802210803,19.882493444086418,152.36995303846777
50000.0,150.73191190172307,-82.41647345396999,19.892300602750364,149.41353901932254
51000.0,147.9155253938461,-82.24788161500769,19.95196508470724,146.5637122271272
52000.0,145.14025375165676,-82.15280253478173,19.81623919486511,143.78111810410712
53000.0,142.53092066200287,-81.98873626237497,19.864217193492376,141.13991717458217
54000.0,139.55800731641023,-82.54618277335328,18.104442208064896,138.37870709925733
55000.0,137.13181081974824,-82.37146811241256,18.204244427008934,135.9181335346573
56000.0,134.79120705510988,-82.21044050874025,18.268930948264607,133.54742850905458
57000.0,132.47381745765182,-82.11542566876236,18.172475775091044,131.22146713098047
58000.0,130.7201792256233,-82.59942363389916,16.83748749283466,129.63126270968633
59000.0,128.66711856078226,-82.52243437956939,16.744478674439613,127.57291966814758
60000.0,126.6225265847692,-82.3389579548221,16.880345422174734,125.49230325856104
61000.0,124.58813762436316,-82.24999431653693,16.800838505369953,123.45013512436401
62000.0,122.29450959816374,-82.7220435282613,15.492633589624038,121.30921392175046
63000.0,120.49820627120879,-82.63610555899713,15.444334466487726,119.50435242059613
64000.0,118.64818117322112,-82.55318046338978,15.377504613097509,117.64745321335123
65000.0,116.90436300132541,-82.37576820691012,15.510355080599771,115.87087198264875
66000.0,115.27044234979017,-82.28836875217998,15.46783585897227,114.22793412014502
67000.0,113.63885962815154,-82.10498215647767,15.609253724250316,112.56172358203612
68000.0,111.9939940453846,-82.02810838704872,15.53214181237089,110.91170935910257
69000.0,110.13515355197322,-82.71474750728572,13.966161523200164,109.24604514683634
70000.0,108.62756564408788,-82.54039947403601,14.102800551704204,107.7082124740703
71000.0,107.15316894487539,-82.36006425631456,14.245718650629508,106.20198263241659
72000.0,105.73800548730766,-82.35974190800415,14.058166172330287,104.79930232737742
73000.0,104.34921363131716,-82.1869324889618,14.185391739179659,103.3805254710977
74000.0,103.05362155521829,-82.0906358790067,14.180840740275016,102.07327109260831
75000.0,101.73374126781536,-81.92835213078008,14.284568223242287,100.72589152259877
76000.0,100.44516309323885,-81.76308122039967,14.390444092517894,99.4089830329607
77000.0,98.96555058553446,-82.44239069011253,13.016245739193574,98.10584870207742
78000.0,97.70563583443784,-82.38064545016277,12.954909058391252,96.84297395836519
79000.0,96.56761512767281,-82.28137563148786,12.969832600976547,95.69267335459381
80000.0,95.40014493857689,-82.12065625011734,13.078161555713196,94.49946743037307
81000.0,94.31973821094014,-82.01544970966808,13.101584328105355,93.40536121804693
82000.0,93.2003609156848,-81.8592560504941,13.197657423670647,92.26120047637217
83000.0,92.17102885645967,-81.75407525745054,13.219374594941527,91.21812701309393
84000.0,91.07100470340659,-81.69540736650451,13.153887696868154,90.11605370934795
85000.0,89.83119523630768,-82.55025236263288,11.647205227495359,89.07292657127772
86000.0,88.87114878007154,-82.44511018442401,11.684418206348195,88.09969044593045
87000.0,87.87845281708223,-82.36398082167051,11.677244428058033,87.09916435931827
88000.0,86.96153176234266,-82.25886425880229,11.71351234262758,86.16902944243972
89000.0,86.00724488860845,-82.09676045636269,11.826043469161974,85.19032145258377
90000.0,85.13148438984612,-81.98416939905613,11.871304807629127,84.29971385825088
91000.0,84.91717357237529,-82.29759112869974,11.381266112340393,84.15101395230485
92000.0,83.3700651639799,-81.72302563760907,12.001831649399511,82.50165939243725
93000.0,82.52453973210916,-81.722972906197,11.880186214221794,81.66493025474202
94000.0,81.52040420304418,-82.70993297734337,10.344340015568333,80.86143042928448
95000.0,80.67289047459107,-82.55690573107564,10.450481798598819,79.99314150414722
96000.0,79.90465411548075,-82.4233911557429,10.535565509210937,79.20704267119017
97000.0,79.14777314521807,-82.31388928370413,10.585694390559933,78.43668190404647
98000.0,78.34994688863421,-82.16840012783628,10.676118175946947,77.61916437417383
99000.0,77.62329489986014,-82.05142367707305,10.734080443311013,76.87753526321706
100000.0,76.91135595086153,-81.92995995645273,10.7970876026005,76.14971814459916
1000.0,6427.01,-7.51,6371.879526973213,840.0052582214205
2000.0,3627.504197543076,-89.51250896254582,30.863607473671077,3627.3728979698717
3000.0,2419.606331695384,-88.51057202651194,62.89160407837767,2418.788838761425
4000.0,1815.807898771538,-87.58663302008046,76.46139315167083,1814.1973378324678
5000.0,1453.7669190172303,-86.55019214955088,87.47916234328986,1451.1325408054795
6000.0,1212.526465847692,-85.67874948281512,91.36213425011773,1209.0795634722958
7000.0,1040.164656440879,-85.0863052449294,89.09537200638077,1036.341896864069
8000.0,910.963049385769,-85.35635946770273,73.74985453150406,907.9728169404638
9000.0,810.4984438984613,-84.85091208311101,72.7403048212893,807.2277098912879
10000.0,730.0801595086151,-84.50296322481752,69.93749771912084,726.7226332796529
11000.0,664.2732540987413,-84.1145129260083,68.11496270585586,660.7717517921833
12000.0,609.492832923846,-83.87306122016541,65.05212564954219,606.0113318528057
13000.0,563.052015006627,-83.48310814090854,63.904225967635824,559.4138195526638
14000.0,523.4190282204395,-84.04715372203515,54.28376054948468,520.5965351823189
15000.0,488.9761063390768,-83.80719799737295,52.74803386797413,486.12269798229664
16000.0,458.8343246928845,-83.60474100092831,51.108041929946005,455.9790626404487
17000.0,432.23397618153837,-83.35878276672827,49.9886069563161,429.3336107740339
18000.0,408.5886219492307,-83.23882332883242,48.10359313848718,405.7470964942796
19000.0,387.4246523729554,-83.00636272129015,47.172484728050165,384.5420886598594
20000.0,368.3705797543076,-82.76790097818399,46.37381491958833,365.43994488606256
21000.0,351.28861881362633,-83.37543813350372,40.52570343827065,348.9432060791822
22000.0,335.6181270493706,-83.25547422125908,39.41583725530093,333.29554299088835
23000.0,320.74006065591965,-83.26439375472563,37.61893350728745,318.52629773903647
24000.0,307.707216461923,-83.11592786268443,36.88204973550862,305.48886308677805
25000.0,295.6168238034461,-82.87896096366617,36.64639176500602,293.33657884117247
26000.0,284.4683075033135,-82.75899307095901,35.85531391870533,282.19960034980704
27000.0,274.1510146328204,-82.68402419786916,34.91071203766312,271.9191442492203
28000.0,264.6208141102198,-82.42005435780926,34.90598400459146,262.3084968906396
29000.0,255.8971584512466,-83.02608358494122,31.070388035721734,254.00391077842107
30000.0,247.5554531695384,-82.9031119132882,30.58487713058325,245.6588441006809
31000.0,239.8354191963275,-82.75613935616404,30.24148911484165,237.9211647525185
32000.0,232.51636234644224,-82.64666592686923,29.759272444897697,230.60408596200628
33000.0,225.63668469958034,-82.52969163869618,29.335564937878704,223.72156380642733
34000.0,219.2431880907692,-82.39167900495339,29.0278730550719,217.31304173956755
35000.0,213.10193128817576,-82.16970311392788,29.032888099262024,211.11495571694135
36000.0,206.86901097461532,-82.36472628978038,27.48598202018686,205.03489579581688
37000.0,201.68964311043655,-82.99774866013352,24.587650336679655,200.18531311996003
38000.0,196.5919261864777,-82.84027023835858,24.50241098125825,195.0590097837447
39000.0,191.67387166887568,-82.7277910378504,24.262745724116797,190.1320389899174
40000.0,187.07768987715377,-82.5643110719775,24.21033613516591,185.50450580510113
41000.0,182.6037218313696,-82.38883035413409,24.18579399343107,180.9949352760334
42000.0,178.43200940681317,-82.23134889769491,24.119274389081514,176.79435110856133
43000.0,174.38449756014307,-82.1233667160665,23.897752510160263,172.73925556823116
44000.0,170.59166352468532,-81.96288382269893,23.851199547859668,168.9160618302701
45000.0,166.43036877969226,-82.29740023106795,22.30685383479834,164.92868738984527
46000.0,163.3079303279598,-82.81941595462536,20.413005637445757,162.02712522552324
47000.0,159.96180840608835,-82.81943100685162,19.99470865395632,158.7072518015151
48000.0,156.7845082309615,-82.65594540119288,20.04133040066907,155.49831863076736
49000.0,153.66169377726843,-82.55245915112666,19.917380688721263,152.3653965997515
50000.0,150.73191190172307,-82.40397226999764,19.92490019405076,149.4091952250795
51000.0,147.9155253938461,-82.23598477118162,19.98239701100363,146.55956625970265
52000.0,145.14025375165676,-82.14149666802544,19.84461036046128,143.77720507346353
53000.0,142.53092066200287,-81.9780079738922,19.890644441715764,141.13619524576748
54000.0,139.55800731641023,-82.53601870218068,18.128989822400705,138.3754932571028
55000.0,137.13181081974824,-82.36202886625185,18.226636138418293,135.91513261510258
56000.0,134.79120705510988,-82.20153830549802,18.28968035986106,133.5445884029286
57000.0,132.47381745765182,-82.10704720770126,18.19166432310856,131.21880833538535
58000.0,130.7201792256233,-82.59155558616231,16.85528873181733,129.62894930742186
59000.0,128.66711856078226,-82.51506345421006,16.760890398569963,127.57076448693691
60000.0,126.6225265847692,-82.33207082513542,16.89542986269119,125.49027328229653
61000.0,124.58813762436316,-82.2435777122651,16.81466368818314,123.44825280967143
62000.0,122.29450959816374,-82.71608412886937,15.505251015532439,121.30760185907846
63000.0,120.49820627120879,-82.63059008826878,15.455838257208265,119.5028651470156
64000.0,118.64818117322112,-82.5480956037395,15.387945474927253,117.64608803429958
65000.0,116.90436300132541,-82.37110068859914,15.519794283136385,115.8696080693932
66000.0,115.27044234979017,-82.28410535611745,15.476335550829772,114.2267828376271
67000.0,113.63885962815154,-82.10110961951352,15.616861568945298,112.56066831857001
68000.0,111.9939940453846,-82.02461349205048,15.538907112114977,110.91076173211823
69000.0,110.13515355197322,-82.71161698694549,13.972130475446509,109.24528190221223
70000.0,108.62756564408788,-82.53762011746582,14.108025344520264,107.70752823567625
71000.0,107.15316894487539,-82.35762289682239,14.250243878832183,106.2013755293349
72000.0,105.73800548730766,-82.35762533818188,14.062037565527874,104.79878293157601
73000.0,104.34921363131716,-82.1851274547517,14.18864861051225,103.38007852619225
74000.0,103.05362155521829,-82.0891292597859,14.183524799599166,102.07289816550379
75000.0,101.73374126781536,-81.92713076640513,14.286715376673556,100.72558699800521
76000.0,100.44516309323885,-81.76213198776951,14.392091022502466,99.40874460945253
77000.0,98.96555058553446,-82.44163293700214,13.017543216030612,98.10567654991608
78000.0,97.70563583443784,-82.38013369475526,12.955774041578781,96.84285824362753
79000.0,96.56761512767281,-82.28113420651066,12.970235817323063,95.69261870326976
80000.0,95.40014493857689,-82.12063444793564,13.07819751463587,94.4994624538661
81000.0,94.31973821094014,-82.0156344697378,13.101283126426964,93.40540346586745
82000.0,93.2003609156848,-81.85963428497774,13.197048366872814,92.261287597867
83000.0,92.17102885645967,-81.75463390674327,13.218485192989505,91.21825590122319
84000.0,91.07100470340659,-81.69613334809397,13.152745856108478,90.116220371987
85000.0,89.83119523630768,-82.55113262211238,11.645836760788002,89.07310550174337
86000.0,88.87114878007154,-82.4461317418529,11.682847427480581,88.09989875973649
87000.0,87.87845281708223,-82.36513072029547,11.675496387540564,87.09939869843348
88000.0,86.96153176234266,-82.26012957039684,11.711609395558567,86.16928810091677
89000.0,86.00724488860845,-82.09812830508525,11.824009677730134,85.19060375692855
90000.0,85.13148438984612,-81.98562693723653,11.869160316836622,84.30001582320044
91000.0,84.91717357237529,-82.29912547969835,11.379012588133243,84.15131870648266
92000.0,83.3452651639799,-81.83562394534735,11.836153457670692,82.5005375532826
93000.0,82.52453973210916,-81.72451134703961,11.877993436489442,81.66524921849671
94000.0,81.52040420304418,-82.71150980859878,10.342114632540548,80.86171508417993
95000.0,80.67289047459107,-82.55850823176752,10.448244473269195,79.99343376147924
96000.0,79.90465411548075,-82.42500662926683,10.53333223616088,79.20733969347329
97000.0,79.14777314521807,-82.3155050137933,10.583482486833928,78.43698038742811
98000.0,78.34994688863421,-82.1700033980632,10.67394620558885,77.6194630865996
99000.0,77.62329489986014,-82.05300179479298,10.731962974363626,76.87783088659266
100000.0,76.91135595086153,-81.93150021667526,10.795040495355773,76.15000837100251
1000.0,6427.01,-7.51,6371.879526973213,840.0052582214205
2000.0,3627.504197543076,-89.51399867641504,30.76929427367727,3627.3736992102886
3000.0,2419.606331695384,-88.51199718670117,62.83143973987268,2418.7904023624305
4000.0,1815.807898771538,-87.58799576154098,76.41824367033504,1814.199155901978
5000.0,1453.7669190172303,-86.55149439879952,87.44618020094964,1451.1345287040458
6000.0,1212.526465847692,-85.67999309655028,91.33589097011094,1209.08154621671
7000.0,1040.164656440879,-85.08749185293652,89.07390912206279,1036.3437418262758
8000.0,910.963049385769,-85.35749066632853,73.73192828222373,907.9742728172445
9000.0,810.4984438984613,-84.8519895351299,72.72512482251834,807.2290776361915
10000.0,730.0801595086151,-84.50398845767789,69.92449395912637,726.7238846031448
11000.0,664.2732540987413,-84.11548743244502,68.103724061487,660.7729102194548
12000.0,609.492832923846,-83.87398645793859,65.04233950009247,606.0123822644962
13000.0,563.052015006627,-83.48398553270081,63.89565944620591,559.4147980764876
14000.0,523.4190282204395,-84.04798465530902,54.27621058133547,520.5973223789763
15000.0,488.9761063390768,-83.80798382437575,52.74136655966209,486.1234213900247
16000.0,458.8343246928845,-83.60548303854874,51.10213654097925,455.9797245024415
17000.0,432.23397618153837,-83.35948229651112,49.98336517649348,429.33422105783274
18000.0,408.5886219492307,-83.23948159698134,48.09893152860427,405.74764912711197
19000.0,387.4246523729554,-83.00698093871318,47.16833554326808,384.5425976252605
20000.0,368.3705797543076,-82.76848032049577,46.37011979649009,365.4404137730033
21000.0,351.28861881362633,-83.37597974115346,40.522404933300855,348.9435891464505
22000.0,335.6181270493706,-83.25597919954582,39.41289974225168,333.29589037075556
23000.0,320.74006065591965,-83.26497869456753,37.61568163016584,318.5266817788755
24000.0,307.707216461923,-83.11647810962768,36.87911593459027,305.4892172739126
25000.0,295.6168238034461,-82.87947755938075,36.6437469540586,293.33690924396916
26000.0,284.4683075033135,-82.75947704278502,35.85293020509971,282.19990320605706
27000.0,274.1510146328204,-82.6844765588132,34.90856518384284,271.919419867376
28000.0,264.6430141102198,-82.54047610645226,34.35748098750186,262.40329345786694
29000.0,255.8971584512466,-83.0263556847036,31.069181761465043,254.00405832997131
30000.0,247.5554531695384,-82.90335541260384,30.58383311343655,245.6589740800547
31000.0,239.8354191963275,-82.75635516910452,30.240592949733202,237.92127865982624
32000.0,232.51636234644224,-82.6468549532916,29.75851165108353,230.60418414056224
33000.0,225.63668469958034,-82.52985476426517,29.334927984956312,223.72164732617017
34000.0,219.2117880907692,-82.2778546011396,29.455312692852768,217.22383062665702
35000.0,213.10193128817576,-82.16996842554342,29.031910518220766,211.11509015324415
36000.0,206.86901097461532,-82.3649681602318,27.485116478304782,205.03501182429682
37000.0,201.68964311043655,-82.99796791836134,24.58688427174998,200.18540720997333
38000.0,196.5919261864777,-82.84046769910312,24.501738741418535,195.0590942262287
39000.0,191.67387166887568,-82.72796750164238,24.262160141243896,190.13211371521976
40000.0,187.07768987715377,-82.56446732517858,24.20983023964881,185.50457182921372
41000.0,182.6037218313696,-82.38896716892539,24.18536180124416,180.9949930280148
42000.0,178.43200940681317,-82.23146703211059,24.118909868335365,176.7944008381379
43000.0,174.38449756014307,-82.12346691397617,23.897450426576324,172.73929735996055
44000.0,170.59166352468532,-81.96296681377825,23.85095487839469,168.91609637778228
45000.0,166.43036877969226,-82.29746673078719,22.306662412107865,164.92871327993987
46000.0,163.3079303279598,-82.81946666428746,20.412862235238848,162.02714329200197
47000.0,159.96180840608835,-82.8194666135778,19.994610024599538,158.70726422728828
48000.0,156.7845082309615,-82.65596657797109,20.041272927788683,155.49832603812274
49000.0,153.66169377726843,-82.55246655679429,19.917360994993306,152.36539917413708
50000.0,150.73191190172307,-82.40396654938863,19.924915111582024,149.40919323570773
51000.0,147.9155253938461,-82.23596655510924,19.98244360674997,146.55955990668295
52000.0,145.14025375165676,-82.1414665733253,19.84468587966625,143.77719465003025
53000.0,142.53092066200287,-81.97796660342001,19.890746349234835,141.13618088367193
54000.0,139.50760731641023,-82.43396664479049,18.368791566738327,138.29302222284187
55000.0,137.13181081974824,-82.36206869684789,18.2265416536056,135.91514528577233
56000.0,134.79120705510988,-82.20156865701729,18.28960961675694,133.5445980915744
57000.0,132.47381745765182,-82.10706862666575,18.191615269389548,131.2188151359925
58000.0,130.7201792256233,-82.59156860524679,16.855259276763565,129.6289531373765
59000.0,128.66711856078226,-82.51506859222772,16.76087895862011,127.57076598997469
60000.0,126.6225265847692,-82.3320685870897,16.895434764500205,125.49027262233953
61000.0,124.58813762436316,-82.24356858932774,16.81468334426731,123.4482501323501
62000.0,122.29450959816374,-82.71606859845068,15.505283896799254,121.30759765626809
63000.0,120.49820627120879,-82.6305686139811,15.455883046525459,119.50285935420503
64000.0,118.64818117322112,-82.54806863545538,15.388000849215834,117.64608079140602
65000.0,116.90436300132541,-82.37106866242367,15.519859049866039,115.8695993943966
66000.0,115.27044234979017,-82.28406869444984,15.476408640753649,114.22677293481028
67000.0,113.63885962815154,-82.10106873111151,15.616941896426088,112.56065717376734
68000.0,111.9939940453846,-82.02456877199991,15.538993679304461,110.91074960377905
69000.0,110.13515355197322,-82.71156881671997,13.972222321122178,109.24527015539782
70000.0,108.62756564408788,-82.53756886489019,14.108121691720012,107.70751561563492
71000.0,107.15316894487539,-82.35756891614275,14.250343935452692,106.20136210355456
72000.0,105.73800548730766,-82.35756897012344,14.062140667424398,104.79876909717726
73000.0,104.34921363131716,-82.18506902649149,14.188754033944065,103.38006405704391
74000.0,103.05362155521829,-82.08906908491976,14.183632001605826,102.07288326920708
75000.0,101.73374126781536,-81.92706914509462,14.286823706506075,100.72557163265947
76000.0,100.44516309323885,-81.76206920671594,14.39219994824323,99.40872883945926
77000.0,98.96555058553446,-82.441569269497,13.017652231795106,98.10566208466267
78000.0,97.70563583443784,-82.3800693331645,12.955882827251912,96.8428436900647
79000.0,96.56761512767281,-82.2810693975261,12.9703440581224,95.69260403218355
80000.0,95.40014493857689,-82.12056946233508,13.078304697117536,94.49944762034765
81000.0,94.31973821094014,-82.01556952732066,13.101388997614045,93.40538861604014
82000.0,93.2003609156848,-81.85956959226309,13.197152539164774,92.26127269700936
83000.0,92.17102885645967,-81.75456965695581,13.218587482427354,91.21824107834867
84000.0,91.07100470340659,-81.69606972120559,13.15284593004549,90.11620576582433
85000.0,89.83119523630768,-82.55106978483248,11.645934448808086,89.07309272949767
86000.0,88.87114878007154,-82.44606984766976,11.682942598031067,88.09988613920407
87000.0,87.87845281708223,-82.36506990956394,11.6755888302618,87.09938630662569
88000.0,86.96153176234266,-82.26006997037467,11.711699030277938,86.16927591825939
89000.0,86.00724488860845,-82.09807002997469,11.824096324452539,85.19059173077233
90000.0,85.13148438984612,-81.98557008824982,11.869243959474641,84.3000040465544
91000.0,84.91717357237529,-82.2990701450988,11.37909385902716,84.15130771692358
92000.0,83.3700651639799,-81.72457020043339,11.999607589495366,82.501982904318
93000.0,82.52453973210916,-81.72468125417831,11.877751263122827,81.66528444160252
94000.0,81.52040420304418,-82.71168108427118,10.341872910595441,80.86174599975439
95000.0,80.67289047459107,-82.5586809129955,10.448003384532678,79.99346525062006
96000.0,79.90465411548075,-82.42518074031427,10.533091539973785,79.20737170191389
97000.0,79.14777314521807,-82.31568056620323,10.583242158420587,78.43701281450697
98000.0,78.34994688863421,-82.17018039065081,10.673706430990169,77.61949605915282
99000.0,77.62329489986014,-82.05318021365822,10.731723577004036,76.87786430551664
100000.0,76.91135595086153,-81.93168003523937,10.794801504136439,76.15004225006325
1000.0,6427.01,-7.51,6371.879526973213,840.0052582214205
2000.0,3627.504197543076,-89.51417985542079,30.757823900558616,3627.3737964898983
3000.0,2419.606331695384,-88.51217967424179,62.823735871737185,2418.7906024688273
4000.0,1815.807898771538,-87.58817949175425,76.41242608266684,1814.1994009428151
5000.0,1453.7669190172303,-86.55167930802403,87.44149699062018,1451.1348109093412
6000.0,1212.526465847692,-85.68017912311481,91.33196535262597,1209.0818427575202
7000.0,1040.164656440879,-85.08767893708824,89.07052521632525,1036.3440326679456
8000.0,910.963049385769,-85.3576787500041,73.72894769337803,907.974514850635
9000.0,810.4984438984613,-84.85217856192043,72.72246166048906,807.2293175621572
10000.0,730.0801595086151,-84.50417837289363,69.92208512646002,726.7241163740839
11000.0,664.2732540987413,-84.11567818297841,68.10152419951166,660.773136948404
12000.0,609.492832923846,-83.87417799222787,65.04031365852535,606.0125996914056
13000.0,563.052015006627,-83.48417780069359,63.893782212282595,559.4150124886105
14000.0,523.4190282204395,-84.0481776084256,54.274457382507876,520.5975051602376
15000.0,488.9761063390768,-83.80817741547249,52.73972404455297,486.1235995898868
16000.0,458.8343246928845,-83.60567722188138,51.10059116224307,455.9798976920415
17000.0,432.23397618153837,-83.35967702769805,49.981905997829585,429.3343909338347
18000.0,408.5886219492307,-83.23967683296686,48.09754893884235,405.7478130223834
19000.0,387.4246523729554,-83.00717663773088,47.16702210229534,384.54275873081644
20000.0,368.3705797543076,-82.76867644203186,46.36886890591013,365.4405724942309
21000.0,351.28861881362633,-83.37617624591033,40.52120817693614,348.94372812226715
22000.0,335.6181270493706,-83.25617604940558,39.411754644599355,333.2960257788283
23000.0,320.74006065591965,-83.26517585255571,37.61458556178079,318.5268112146582
24000.0,307.707216461923,-83.11667565539771,36.87806266128221,305.48934442480197
25000.0,295.6168238034461,-82.87967545785196,36.64273377404939,293.33703580898515
26000.0,284.4683075033135,-82.75967525995348,35.851953922404526,282.2000272390942
27000.0,274.1510146328204,-82.68467506173631,34.907623110758955,271.9195408075009
28000.0,264.6430141102198,-82.54067486323339,34.35657072070295,262.40341264102364
29000.0,255.8971584512466,-83.0266746644766,31.06776765757918,254.0042312958528
30000.0,247.5554531695384,-82.90367434549684,30.582465669706718,245.65914431898668
31000.0,239.8354191963275,-82.75667402656393,30.239268890580416,237.92144694844413
32000.0,232.51636234644224,-82.64717370770649,29.757228727126552,230.60434969293942
33000.0,225.63668469958034,-82.53017338895206,29.333683857266156,223.72181045570812
34000.0,219.2431880907692,-82.39217307032737,29.025999148966015,217.31329204079677
35000.0,213.10193128817576,-82.17005875185819,29.031577697019664,211.11513592154472
36000.0,206.86901097461532,-82.36505866153188,27.484792616106642,205.0350552380376
37000.0,201.68964311043655,-82.99805857103057,24.586567540859452,200.18544611078505
38000.0,196.5919261864777,-82.84055848037791,24.50142968348888,195.0591330473263
39000.0,191.67387166887568,-82.72805838959664,24.26185853577227,190.13215220190088
40000.0,187.07768987715377,-82.56455829870868,24.209535697753417,185.5046102690489
41000.0,182.6037218313696,-82.38905820773516,24.185074213386407,180.99503145656016
42000.0,178.43200940681317,-82.23155811669633,24.11862881366352,176.79443918037066
43000.0,174.38449756014307,-82.12355802561174,23.897175736856177,172.73933536142067
44000.0,170.59166352468532,-81.96305793450011,23.850686241533563,168.91613430909248
45000.0,166.43036877969226,-82.2975578433794,22.306400140011405,164.92874875211436
46000.0,163.3079303279598,-82.8195577522668,20.412604646866967,162.02717574386241
47000.0,159.96180840608835,-82.81955766117882,19.994357825969164,158.7072960001311
48000.0,156.7845082309615,-82.65605757013122,20.041025978883326,155.49835786572848
49000.0,153.66169377726843,-82.55255747913905,19.917119207187845,152.36543078069147
50000.0,150.73191190172307,-82.40405738821671,19.924678232747876,149.4092248252104
51000.0,147.9155253938461,-82.2360572973779,19.982211492822774,146.55959155372136
52000.0,145.14025375165676,-82.14155720663561,19.844458445732503,143.7772260411603
53000.0,142.53092066200287,-81.97805711600232,19.89052339037611,141.13621230575467
54000.0,139.55800731641023,-82.53605702548973,18.128897267467874,138.37550538297162
55000.0,137.13181081974824,-82.36195493510903,18.226811515388416,135.91510909639783
56000.0,134.79120705510988,-82.20145504887077,18.289874413786254,133.54456182601157
57000.0,132.47381745765182,-82.10695516247891,18.191875125075935,131.21877911044936
58000.0,130.7201792256233,-82.5914552759431,16.855515678844682,129.62891979793434
59000.0,128.66711856078226,-82.51495538927242,16.761131008351676,127.57073287417953
60000.0,126.5599265847692,-82.41445550247536,16.706708424223624,125.4523850342039
61000.0,124.58813762436316,-82.24337311555998,16.815104507731267,123.44819276563481
62000.0,122.29450959816374,-82.71587331103375,15.505697362545638,121.3075448072234
63000.0,120.49820627120879,-82.63037350632116,15.456289986064604,119.50280672204089
64000.0,118.64818117322112,-82.54787370142883,15.3884011093978,117.6460284370441
65000.0,116.90436300132541,-82.37087389636285,15.520252926352153,115.8695466369301
66000.0,115.27044234979017,-82.28387409112891,15.476796608321715,114.2267203690141
67000.0,113.63885962815154,-82.10087428573223,15.617323894798567,112.56060417371471
68000.0,111.9939940453846,-82.0243744801776,15.53936978111719,110.91069690991641
69000.0,110.13515355197322,-82.71137467446944,13.972592490062954,109.24522281099232
70000.0,108.62756564408788,-82.53737486861168,14.10848637569397,107.70746784669798
71000.0,107.15316894487539,-82.35737506260796,14.250703255195717,106.20131388858314
72000.0,105.73800548730766,-82.3573752564615,14.062494985820909,104.79872155330744
73000.0,104.34921363131716,-82.18487545017516,14.189103307965881,103.38001611912304
74000.0,103.05362155521829,-82.08887564375146,14.183976618492556,102.07283538205553
75000.0,101.73374126781536,-81.92687583719264,14.287163540337374,100.72552343035231
76000.0,100.44516309323885,-81.76187603050055,14.392535110754151,99.40868031471427
77000.0,98.92055058553446,-82.55837622367676,12.811792427579967,98.08737585916899
78000.0,97.70563583443784,-82.37975941672258,12.956406656038913,96.84277360947038
79000.0,96.56761512767281,-82.28075972663902,12.970861255077816,95.69253392897413
80000.0,95.40014493857689,-82.12026003630992,13.078815041470634,94.49937698954676
81000.0,94.31973821094014,-82.01526034573592,13.101893035003751,93.40531791648483
82000.0,93.2003609156848,-81.85926065491752,13.197650009343812,92.26120153696664
83000.0,92.17102885645967,-81.75426096385486,13.219078939755429,91.21816985909571
84000.0,91.07100470340659,-81.69576127254795,13.153331065460629,90.11613495690044
85000.0,89.83119523630768,-82.5507615809966,11.64641358809954,89.07303008272795
86000.0,88.87114878007154,-82.44576188920045,11.683416124993157,88.09982334340893
87000.0,87.87845281708223,-82.36476219715892,11.676056605588643,87.09932360051505
88000.0,86.96153176234266,-82.25976250487133,11.712161439033977,86.16921306869952
89000.0,86.00724488860845,-82.09776281233682,11.82455311276825,85.1905283292244
90000.0,85.13148438984612,-81.98526311955447,11.869695606222766,84.29994045451177
91000.0,84.91717357237529,-82.29876342652317,11.379544341769815,84.15124680059475
92000.0,83.3452651639799,-81.83526373324175,11.836672129014303,82.50046313908994
93000.0,82.52453973210916,-81.72415303970894,11.878504141543068,81.66517493617341
94000.0,81.52040420304418,-82.71115356792342,10.342617395933994,80.86165077976722
95000.0,80.67289047459107,-82.55815409543976,10.44873890007834,79.99336918097248
96000.0,79.90465411548075,-82.42465462225732,10.533818860614272,79.2072749785421
97000.0,79.14777314521807,-82.31515514837537,10.58396144664305,78.43691576000981
98000.0,78.34994688863421,-82.16965567379319,10.674417272744348,77.61939830570151
99000.0,77.62329489986014,-82.05265619851005,10.732426685332108,76.87776615221482
100000.0,76.91135595086153,-81.9311567225252,10.795497022372407,76.1499436522449
1000.0,6427.01,-7.51,6371.879526973213,840.0052582214205
2000.0,3627.504197543076,-89.51365724583792,30.790910111261866,3627.3735157889596
3000.0,2419.606331695384,-88.51165776844749,62.845768571039095,2418.7900301086715
4000.0,1815.740698771538,-87.6926582903533,73.10140455917575,1814.2685770929365
5000.0,1453.7173190172302,-86.65755381155469,84.7569653126962,1451.2443972128285
6000.0,1212.484865847692,-85.79494793705116,88.90682917558898,1209.2208754547855
7000.0,1040.164656440879,-85.08683316823722,89.08582314844486,1036.342717744828
8000.0,910.963049385769,-85.35683401400607,73.74233433905013,907.9734277347806
9000.0,810.4984438984613,-84.85133485874208,72.73434842588263,807.2282466074199
10000.0,730.0801595086151,-84.50333570244526,69.93277332215062,726.723087925241
11000.0,664.2732540987413,-84.1148365451157,68.1112305212417,660.7721365098662
12000.0,609.492832923846,-83.87333738675356,65.049204664321,606.0116453980687
13000.0,563.052015006627,-83.48333822735904,63.90197949205392,559.414076172579
14000.0,523.4190282204395,-84.04733906693237,54.28207648255342,520.5967107809763
15000.0,488.9761063390768,-83.80733990547387,52.74682985681069,486.1228286252157
16000.0,458.8343246928845,-83.60484074298385,51.10724814908091,455.97915161003095
17000.0,432.23397618153837,-83.35884157946276,49.98816625570286,429.333662085906
18000.0,408.5886219492307,-83.23884241491099,48.10345797807604,405.7471125182813
19000.0,387.4246523729554,-83.00634324932905,47.172615414612025,384.5420726282762
20000.0,368.37977975430755,-82.89084408271745,45.59070021962641,365.5477399537799
21000.0,351.28861881362633,-83.37522191507676,40.52702025314296,348.9430531439
22000.0,335.6181270493706,-83.2552228694076,39.417299394934915,333.29537007365934
23000.0,320.74006065591965,-83.26422382258761,37.619878216405105,318.5261861645693
24000.0,307.707216461923,-83.11572477461756,36.88313255748798,305.488732354389
25000.0,295.6168238034461,-82.87872572549836,36.647596110984935,293.33642838032205
26000.0,284.4683075033135,-82.7587266752307,35.85662600044144,282.1994336380996
27000.0,274.1510146328204,-82.68372762381543,34.91211954336052,271.91896354096934
28000.0,264.6430141102198,-82.53972857125335,34.36090454735716,262.40284517517983
29000.0,255.8971584512466,-83.02572951754533,31.071957688321014,254.0037187697015
30000.0,247.5554531695384,-82.90273046269226,30.586512620569437,245.65864047431197
31000.0,239.8354191963275,-82.75573140657505,30.243183127878464,237.92094942516465
32000.0,232.51636234644224,-82.64623234919506,29.76101750771517,230.60386075633576
33000.0,225.63668469958034,-82.52923329055356,29.33735463880123,223.7213291240132
34000.0,219.2431880907692,-82.39123423065196,29.029560006659608,217.31281639614392
35000.0,213.10193128817576,-82.16923516949163,29.03461231026499,211.11471859333494
36000.0,206.86901097461532,-82.364235993074,27.487736562620732,205.0346605827402
37000.0,201.68964311043655,-82.99723681574245,24.58943866514558,200.18509346139714
38000.0,196.5919261864777,-82.83973763749775,24.50422417826426,195.05878200975948
39000.0,191.67387166887568,-82.72723845834064,24.26457941946283,190.1318049831043
40000.0,187.07768987715377,-82.56373927827188,24.212187410087157,185.50426418438835
41000.0,182.6037218313696,-82.38824009729233,24.18765858845432,180.99468610618538
42000.0,178.43200940681317,-82.23074091540276,24.121150404347116,176.79409516192538
43000.0,174.38449756014307,-82.12274173260406,23.899636751853123,172.7389948808115
44000.0,170.59166352468532,-81.96224254889705,23.85309011223444,168.9157948689733
45000.0,166.43036877969226,-82.29674336428266,22.308744656314587,164.92843164234515
46000.0,163.3079303279598,-82.81874417876176,20.414905355583937,162.02688587800583
47000.0,159.96180840608835,-82.81874499233527,19.996608888099072,158.707012389253
48000.0,156.7845082309615,-82.65524580500411,20.04322907359746,155.49807390938236
49000.0,153.66169377726843,-82.55174661676924,19.919275514005687,152.36514889401758
50000.0,150.73191190172307,-82.40324742763161,19.926790351129274,149.40894314548558
51000.0,147.9155253938461,-82.2352482375922,19.98428102322438,146.55930937515478
52000.0,145.14025375165676,-82.14074904665198,19.846486429094014,143.77694611972777
53000.0,142.53092066200287,-81.97724985481197,19.892511908109796,141.13593204688829
54000.0,139.55800731641023,-82.53525066207315,18.13084472055023,138.37525022866808
55000.0,137.13181081974824,-82.36125146843658,18.2284802538475,135.91488530083197
56000.0,134.79120705510988,-82.20075217190325,18.291512672635104,133.54433744461176
57000.0,132.47381745765182,-82.10625287478021,18.193483502811443,131.21855611854667
58000.0,130.7201792256233,-82.59075357706791,16.857103237222645,129.62871335945866
59000.0,128.66711856078226,-82.51425427876678,16.7626920501926,127.57052776391892
60000.0,126.5599265847692,-82.4137549798773,16.708242257254554,125.45218076149598
61000.0,124.58813762436316,-82.2427556803999,16.816434818608737,123.448011554252
62000.0,122.29450959816374,-82.71525629783505,15.507003711902723,121.3073778207014
63000.0,120.49820627120879,-82.62975691484826,15.45757602075961,119.50264038146277
64000.0,118.64818117322112,-82.54725753143973,15.389666296845979,117.64586294037383
65000.0,116.90436300132541,-82.37025814760972,15.521498157294513,115.86937983651576
66000.0,115.27044234979017,-82.28325876335846,15.478023344786925,114.22655414943817
67000.0,113.63885962815154,-82.10025937868623,15.618531911473859,112.56043655973
68000.0,111.9939940453846,-82.02375999359327,15.540559276830177,110.91053024668562
69000.0,110.13515355197322,-82.71076060807987,13.973763322786407,109.24507305373304
70000.0,108.62756564408788,-82.53676122214625,14.109639938157757,107.70731673649736
71000.0,107.15316894487539,-82.35676183579271,14.251839908667884,106.20116135968904
72000.0,105.73800548730766,-82.35676244901953,14.063615860533444,104.79857114179208
73000.0,104.34921363131716,-82.18426306182697,14.190208252717609,103.37986445734379
74000.0,103.05362155521829,-82.08826367421531,14.185066845729123,102.07268387883384
75000.0,101.73374126781536,-81.92626428618486,14.28823864131786,100.72537092945127
76000.0,100.44516309323885,-81.76126489773587,14.39359543064576,99.40852679426573
77000.0,98.92055058553446,-82.55776550886864,12.812837938640902,98.08723929290397
78000.0,97.70563583443784,-82.37926611958345,12.957240438842083,96.84266205563445
79000.0,96.56761512767281,-82.28026661288058,12.971684828435876,95.69242229224878
80000.0,95.40014493857689,-82.11976710599434,13.07962804341221,94.4992644656426
81000.0,94.31973821094014,-82.01476759892465,13.102696325319185,93.40520523603998
82000.0,93.2003609156848,-81.85876809167146,13.198443164605106,92.26108807533431
83000.0,92.17102885645967,-81.75376858423472,13.219862835885985,91.21805625564865
84000.0,91.07100470340659,-81.69526907661432,13.15410520219023,90.1160219606792
85000.0,89.83119523630768,-82.55026956881025,11.647178478498889,89.07293006898122
86000.0,88.87114878007154,-82.44527006082245,11.684172375609192,88.09972304943223
87000.0,87.87845281708223,-82.36427055265082,11.676803988377431,87.09922340722196
88000.0,86.96153176234266,-82.25927104429533,11.712900564092774,86.16911260323276
89000.0,86.00724488860845,-82.09727153575591,11.825283569477877,85.19042693771702
90000.0,85.13148438984612,-81.98477202703249,11.870418155871818,84.29983871410053
91000.0,84.91717357237529,-82.29827251812502,11.380265346531214,84.15114929793563
92000.0,83.3700651639799,-81.72377300903341,12.0007554891358,82.50181593841575
93000.0,82.52453973210916,-81.72388449975762,11.878886898437436,81.66511926184027
94000.0,81.52040420304418,-82.71088476829757,10.342996753281735,80.8616022571239
95000.0,80.67289047459107,-82.55788503709721,10.449114545141708,79.99332011329368
96000.0,79.90465411548075,-82.42438530615554,10.5341911705478,79.20722546394974
97000.0,79.14777314521807,-82.31488557547165,10.584330487096077,78.43686596229372
98000.0,78.34994688863421,-82.16938584504454,10.674782813426592,77.6193480347392
99000.0,77.62329489986014,-82.05238611487329,10.732789075372239,76.87771556032492
100000.0,76.91135595086153,-81.93088638495693,10.795856319058494,76.14989271521247
1000.0,6427.01,-7.51,6371.879526973213,840.0052582214205
2000.0,3627.504197543076,-89.51338665529451,30.808041092975447,3627.373370332402
3000.0,2419.606331695384,-88.51138692588505,62.857202419310354,2418.789733003762
4000.0,1815.740698771538,-87.69238719672761,73.1099887272214,1814.268231195062
5000.0,1453.7173190172302,-86.65738746782124,84.76117863159635,1451.2441511364057
6000.0,1212.484865847692,-85.79488763416497,88.90810186105806,1209.2207818811085
7000.0,1040.164656440879,-85.08688769446785,89.08483690015865,1036.342802523974
8000.0,910.963049385769,-85.35688763994162,73.74148452206903,907.9734967534573
9000.0,810.4984438984613,-84.8513875863157,72.73360555810208,807.2283135422999
10000.0,730.0801595086151,-84.50338753358811,69.93211591090405,726.7231511878156
11000.0,664.2586540987413,-84.23788748175696,66.69050540923193,660.902364977863
12000.0,609.492832923846,-83.87326443082033,65.04997631177032,606.0115625690432
13000.0,563.052015006627,-83.48326450377627,63.9026993008648,559.4139939482085
14000.0,523.4190282204395,-84.04726457749985,54.28275330292761,520.5966402091765
15000.0,488.9761063390768,-83.80726465198929,52.74746834073562,486.1227593459982
16000.0,458.8343246928845,-83.60476472724275,51.107853107960096,455.97908380436763
17000.0,432.23397618153837,-83.35876480325851,49.98874156171389,429.3335951015001
18000.0,408.5886219492307,-83.23876488003471,48.10400705079859,405.7470474224404
19000.0,387.4246523729554,-83.00626495756958,47.1731408716908,384.542008168945
20000.0,368.37977975430755,-82.89076503586134,45.59120453944479,365.5476770552299
21000.0,351.28861881362633,-83.3752651149082,40.526757157294234,348.94308370033497
22000.0,335.6181270493706,-83.25526507170838,39.41705389985333,333.2953991071337
23000.0,320.74006065591965,-83.26426502950608,37.61964913350842,318.52621322056797
24000.0,307.707216461923,-83.11576498829915,36.88291814680648,305.4887582411515
25000.0,295.6168238034461,-82.87876494808548,36.64739530362694,293.33645346785215
26000.0,284.4683075033135,-82.75876490886287,35.856437687970725,282.1994575652625
27000.0,274.1510146328204,-82.68376487062926,34.91194277439919,271.9189862365664
28000.0,264.6430141102198,-82.53976483338243,34.360738474283046,262.402866921922
29000.0,255.8971584512466,-83.0257647971203,31.07180128686088,254.0037379020479
30000.0,247.5554531695384,-82.90276476184073,30.58636556117751,245.65865878436594
31000.0,239.8354191963275,-82.75576472754157,30.243044762429033,237.9209670133674
32000.0,232.51636234644224,-82.64626469422062,29.760887325560272,230.60387755720268
33000.0,225.63668469958034,-82.52926466187559,29.33723214401767,223.72134518714537
34000.0,219.2431880907692,-82.39126463050427,29.029444705361467,217.31283179854512
35000.0,213.10193128817576,-82.16926460010441,29.034503868843824,211.1147335072578
36000.0,206.86901097461532,-82.3642645706738,27.487634296821753,205.03467429286127
37000.0,201.68964311043655,-82.99726454209619,24.58934179234053,200.1851053606005
38000.0,196.5919261864777,-82.83976451436985,24.504132678154928,195.05879350442234
39000.0,191.67387166887568,-82.72726448749297,24.26449304364423,190.13181600634744
40000.0,187.07768987715377,-82.56376446146382,24.212105875466932,185.50427482634385
41000.0,182.6037218313696,-82.38826443628064,24.187581702727112,180.99469638097716
42000.0,178.43200940681317,-82.23076441194164,24.121077902507036,176.7941050538005
43000.0,174.38449756014307,-82.12276438844509,23.89956844756703,172.73900433116893
44000.0,170.59166352468532,-81.96226436578925,23.85302579305039,168.91580395165968
45000.0,166.43036877969226,-82.29676434397237,22.308684265349754,164.92843981100802
46000.0,163.3079303279598,-82.81876432299268,20.414848389658975,162.02689305553264
47000.0,159.96180840608835,-82.81876430284845,19.996555398750555,158.70701912874182
48000.0,156.7845082309615,-82.65526428353795,20.043178923717235,155.49808037354126
49000.0,153.66169377726843,-82.5517642650594,19.91922858237412,152.36515502956095
50000.0,150.73191190172307,-82.40326424741112,19.926746490559594,149.40894899519833
51000.0,147.9155253938461,-82.23526423059134,19.984240114051428,146.55931495337126
52000.0,145.14025375165676,-82.14076421459833,19.846448366935416,143.77695137369508
53000.0,142.53092066200287,-81.9772641994304,19.892476573201293,141.13593702718947
54000.0,139.55800731641023,-82.53526418508577,18.13081206107166,138.37525450792606
55000.0,137.13181081974824,-82.36126417156277,18.228450119970617,135.9148893422901
56000.0,134.79120705510988,-82.20076415885964,18.291484733575967,133.54434127141013
57000.0,132.47381745765182,-82.10626414687268,18.193457687511774,131.2185596978414
58000.0,130.7201792256233,-82.59076413560058,16.857079349092796,129.62871646590298
59000.0,128.66711856078226,-82.51426412504206,16.762670127207013,127.57053064458437
60000.0,126.5599265847692,-82.41376411519578,16.70822225498481,125.45218342547969
61000.0,124.58813762436316,-82.24276410606046,16.81641666489719,123.44801402720022
62000.0,122.29450959816374,-82.7152640976348,15.506987198063984,121.3073799317026
63000.0,120.49820627120879,-82.629764089835,15.457561055785318,119.50264231716992
64000.0,118.64818117322112,-82.54726408266,15.389652845175105,117.64586470003312
65000.0,116.90436300132541,-82.3702640761088,15.521486168077814,115.86938144255292
66000.0,115.27044234979017,-82.28326407018028,15.478012764950522,114.22655558303563
67000.0,113.63885962815154,-82.10026406487347,15.618522705223596,112.56043783715992
68000.0,111.9939940453846,-82.02376406018728,15.540551404904827,110.91053134968361
69000.0,110.13515355197322,-82.7107640561207,13.973756748454457,109.24507389466925
70000.0,108.62756564408788,-82.53676405267265,14.109634617200323,107.70731743354173
71000.0,107.15316894487539,-82.35676404984211,14.251835804794602,106.201161910415
72000.0,105.73800548730766,-82.35676404762806,14.06361293655035,104.79857153418075
73000.0,104.34921363131716,-82.18426404602945,14.190206476902354,103.3798647010971
74000.0,103.05362155521829,-82.08826404504525,14.185066185093946,102.07268397064247
75000.0,101.73374126781536,-81.92626404467443,14.28823906589063,100.72537086922418
76000.0,100.44516309323885,-81.76126404491595,14.393596910293528,99.408526580024
77000.0,98.96555058553446,-82.44076404576876,13.019030988380607,98.1054791274247
78000.0,97.70563583443784,-82.37938104723186,12.957046185425797,96.84268804592594
79000.0,96.56761512767281,-82.28038093230421,12.971493898071808,95.69244817381687
80000.0,95.40014493857689,-82.1198808179848,13.079440495550452,94.4992904239224
81000.0,94.31973821094014,-82.01488070427278,13.102511937746334,93.40523110137622
82000.0,93.2003609156848,-81.85888059116745,13.198262011168445,92.26111399012292
83000.0,92.17102885645967,-81.75388047866795,13.219684693722007,91.21808207289217
84000.0,91.07100470340659,-81.69538036677352,13.15393016263344,90.11604751077617
85000.0,89.83119523630768,-82.55038025548336,11.64700640321475,89.07295256938046
86000.0,88.87114878007154,-82.44538014479669,11.68400310714021,88.09974549839488
87000.0,87.87845281708223,-82.36438003471271,11.676637557204492,87.09924571936217
88000.0,86.96153176234266,-82.25937992523065,11.712736814251745,86.16913486146302
89000.0,86.00724488860845,-82.09737981634972,11.825122572083236,85.19044928561108
90000.0,85.13148438984612,-81.98487970806913,11.870259723692348,84.2998610230806
91000.0,84.91717357237529,-82.29837960038809,11.380108073225541,84.15117056679972
92000.0,83.3452651639799,-81.83487949330582,11.837225397644033,82.50038375752862
93000.0,82.52453973210916,-81.72376838682155,11.879052397108621,81.66509518847825
94000.0,81.52040420304418,-82.7107685029345,10.34316083870662,80.86158126880991
95000.0,80.67289047459107,-82.55776861919985,10.449277081596824,79.99329888182749
96000.0,79.90465411548075,-82.42426873561776,10.534352320770347,79.2072040315557
97000.0,79.14777314521807,-82.31476885218828,10.584490279097361,78.43684439967353
98000.0,78.34994688863421,-82.16926896891157,10.67494114704292,77.61932625937287
99000.0,77.62329489986014,-82.0522690857877,10.732946101379166,76.87769363798282
100000.0,76.91135595086153,-81.93076920281679,10.796012061875542,76.14987063521488
1000.0,6427.01,-7.51,6371.879526973213,840.0052582214205
2000.0,3627.504197543076,-89.51326931999893,30.81546954453861,3627.373307233401
3000.0,2419.606331695384,-88.51126943733422,62.8621622976002,2418.7896041060835
4000.0,1815.740698771538,-87.69226955482277,73.11371385259011,1814.2680810789884
5000.0,1453.7173190172302,-86.65726967246468,84.76416226867087,1451.243976871406
6000.0,1212.484865847692,-85.79476979026003,88.91058894281674,1209.2205990155546
7000.0,1040.164656440879,-85.08676990810393,89.08696737190952,1036.3426193847517
8000.0,910.963049385769,-85.3567700258903,73.74334836672664,907.9733453785318
9000.0,810.4984438984613,-84.85127014350435,72.73526018527687,807.2281644538967
10000.0,730.0801595086151,-84.50327026094718,69.93360336313012,726.7230080496786
11000.0,664.2586540987413,-84.2377703782198,66.69185618929505,660.9022286716074
12000.0,609.492832923846,-83.87327049532334,65.04991216814584,606.01156945429
13000.0,563.044215006627,-83.60627048925883,62.70070113286563,559.5421433009992
14000.0,523.4190282204395,-84.04714748327336,54.28381723564512,520.5965292715237
15000.0,488.9761063390768,-83.80714760036759,52.74846145840502,486.1226515852715
16000.0,458.8343246928845,-83.6046477174192,51.10878431138359,455.9789794306178
17000.0,432.23397618153837,-83.35864783442904,49.9896180423645,429.33349304902964
18000.0,408.5886219492307,-83.23864795139785,48.10483509509483,405.7469492514332
19000.0,387.4246523729554,-83.0061480683265,47.17392537657107,384.5419119301185
20000.0,368.37977975430755,-82.89064818521574,45.591950047700216,365.54758407446786
21000.0,351.28861881362633,-83.37514830206638,40.527468571446626,348.9430010749258
22000.0,335.6181270493706,-83.25514841887923,39.41773248118862,333.2953188542691
23000.0,320.74006065591965,-83.26414853553206,37.62029676201203,318.52613673151086
24000.0,307.707216461923,-83.11564865202602,36.88353842668681,305.4886833515635
25000.0,295.6168238034461,-82.87864876836231,36.64799010736169,293.3363791566406
26000.0,284.4683075033135,-82.75864888454203,35.85700914360802,282.1993849551677
27000.0,274.1510146328204,-82.68364900056636,34.91249267992826,271.91891563309616
28000.0,264.6430141102198,-82.53964911643641,34.36126843398744,262.4027975250063
29000.0,255.8971584512466,-83.02564923215336,31.072313609586985,254.00367523004445
30000.0,247.5554531695384,-82.90264934771832,30.586860405216623,245.6585971720251
31000.0,239.8354191963275,-82.75564946313244,30.243523398314803,237.92090617163873
32000.0,232.51636234644224,-82.64614957839686,29.761350643314426,230.60381776264612
33000.0,225.63668469958034,-82.52914969351268,29.337681057945318,223.7212863192953
34000.0,219.2431880907692,-82.39114980848103,29.02988020507703,217.31277362245248
35000.0,213.10193128817576,-82.16914992330307,29.034926412340596,211.11467539463084
36000.0,206.86901097461532,-82.36415003797985,27.488044155464955,205.03461934542352
37000.0,201.68964311043655,-82.99715015251255,24.589741456822633,200.1850562681987
38000.0,196.5919261864777,-82.83965026690214,24.504521624262477,195.05874464292944
39000.0,191.67387166887568,-82.72715038114961,24.26487169707572,190.13176768247087
40000.0,187.07768987715377,-82.56365049525596,24.21247485929399,185.50422666602663
41000.0,182.6037218313696,-82.38815060922217,24.187941277050506,180.99464832819274
42000.0,178.43200940681317,-82.23065072304922,24.121428705366128,176.79405719131228
43000.0,174.38449756014307,-82.1226508367381,23.89991079051591,172.7389569654423
44000.0,170.59166352468532,-81.96215095028981,23.853360157426877,168.91575673488703
45000.0,166.43036877969226,-82.29665106370533,22.309010347573707,164.9283957038818
46000.0,163.3079303279598,-82.81865117698558,20.415168355524976,162.02685274057922
47000.0,159.96180840608835,-82.81865129013158,19.996868439420233,158.70697968634724
48000.0,156.7845082309615,-82.65515140314432,20.043485275815794,155.49804088548058
49000.0,153.66169377726843,-82.55165151602469,19.919528412869333,152.36511583137363
50000.0,150.73191190172307,-82.40315162877374,19.927040163674523,149.4089098275739
51000.0,147.9155253938461,-82.23515174139237,19.984527854926494,146.55927571789238
52000.0,145.14025375165676,-82.14065185388156,19.8467303227664,143.7769124532541
53000.0,142.53092066200287,-81.9771519662423,19.892753035693197,141.1358980607665
54000.0,139.55800731641023,-82.53515207847548,18.13108281013686,138.3752190323801
55000.0,137.13181081974824,-82.36115219058209,18.228715756998913,135.91485371567657
56000.0,134.79120705510988,-82.20065230256307,18.29174544690551,133.54430556140952
57000.0,132.47381745765182,-82.10615241441937,18.193713576684356,131.2185242185448
58000.0,130.7201792256233,-82.59065252615181,16.857331859624612,129.6286836288696
59000.0,128.66711856078226,-82.51415263776127,16.762918356481027,127.57049802720199
60000.0,126.5599265847692,-82.41365274924856,16.708466096669962,125.45215094943012
61000.0,124.58813762436316,-82.2426528606145,16.816656351444344,123.44798137622453
62000.0,122.29450959816374,-82.71515297185994,15.507222474990746,121.30734985550754
63000.0,120.49820627120879,-82.62965308298573,15.457792584359586,119.50261236892564
64000.0,118.64818117322112,-82.54715319399257,15.389880533699907,117.64583491510419
65000.0,116.90436300132541,-82.37015330488124,15.521710180946918,115.86935143429581
66000.0,115.27044234979017,-82.28315341565245,15.478233369051326,114.22652569035567
67000.0,113.63885962815154,-82.100153526307,15.618739863762695,112.5604077047291
68000.0,111.9939940453846,-82.02365363684555,15.540765157295555,110.91050139893619
69000.0,110.13515355197322,-82.7106537472689,13.97396707279742,109.24504699145446
70000.0,108.62756564408788,-82.53665385757775,14.109841767127815,107.7072902967447
71000.0,107.15316894487539,-82.35665396777284,14.25203984848253,106.20113452824444
72000.0,105.73800548730766,-82.35665407785491,14.063814080050813,104.79854454120854
73000.0,104.34921363131716,-82.18415418782467,14.190404696124583,103.3798374927842
74000.0,103.05362155521829,-82.08815429768289,14.185261700478138,102.07265679963022
75000.0,101.73374126781536,-81.92615440743025,14.288431806973414,100.7253435280529
76000.0,100.44516309323885,-81.7611545170675,14.393786941751692,99.40849906473193
77000.0,98.92055058553446,-82.55765462659535,12.813027763001285,98.08721449653792
78000.0,97.70563583443784,-82.37903773601452,12.957626457970798,96.84261040671859
79000.0,96.56761512767281,-82.28003807932575,12.97206651315524,95.69237055180847
80000.0,95.40014493857689,-82.11953842217872,13.080005216854744,94.49921226035977
81000.0,94.31973821094014,-82.01453876457451,13.103069377464276,93.40515290426777
82000.0,93.2003609156848,-81.85853910651423,13.198811890083679,92.26103532642635
83000.0,92.17102885645967,-81.75353944799888,13.220227633366214,91.21800338628499
84000.0,91.07100470340659,-81.69503978902954,13.154465830480254,90.11596931955309
85000.0,89.83119523630768,-82.55004012960728,11.647535168239452,89.07288342749578
86000.0,88.87114878007154,-82.44504046973316,11.684525401716503,88.09967622883896
87000.0,87.87845281708223,-82.36404080940822,11.677153236660715,87.09917658515316
88000.0,86.96153176234266,-82.25904114863353,11.713246312068197,86.16906560527248
89000.0,86.00724488860845,-82.09704148741012,11.825625617557142,85.1903794573216
90000.0,85.13148438984612,-81.98454182573907,11.870756853182204,84.2997910208041
91000.0,84.91717357237529,-82.2980421636214,11.380603671467533,84.15110354352991
92000.0,83.3700651639799,-81.72354250105816,12.001087404001842,82.50176765723121
93000.0,82.52453973210916,-81.72365383805041,11.879215666288626,81.66507143908139
94000.0,81.52040420304418,-82.71065395259919,10.343322503669425,80.86156058976842
95000.0,80.67289047459107,-82.55765406714953,10.449437013013762,79.99327799031882
96000.0,79.90465411548075,-82.42415418170157,10.534510683118913,79.20718296961374
97000.0,79.14777314521807,-82.31465429625548,10.584647103993365,78.43682323711758
98000.0,78.34994688863421,-82.16915441081142,10.67509634034694,77.61930491556924
99000.0,77.62329489986014,-82.05215452536952,10.73309981496117,76.8776721777704
100000.0,76.91135595086153,-81.93065463992994,10.796164323488018,76.14984904844111
1000.0,4221.11,4.01,4210.776132881938,-295.18467245408505
2000.0,3898.6821975430757,-99.61667475449282,-651.2970580631777,3843.895812791699
3000.0,2857.303731695384,-105.40407134905833,-758.9702292070834,2754.6594719379955
4000.0,2254.387098771538,-105.9391785471466,-619.0925443095748,2167.7143752551556
5000.0,1892.6713190172302,-105.92093163815429,-519.1797095652889,1820.0706445097467
6000.0,1651.527465847692,-105.90166797618859,-452.49741330467685,1588.329015475659
7000.0,1479.281856440879,-105.88156107800266,-404.805031821643,1422.8168177973762
8000.0,1353.3156493857691,-106.66326628683277,-388.058360228551,1296.485231666429
9000.0,1252.8390438984613,-106.64195979057182,-358.8007057455481,1200.3614969970117
10000.0,1172.4577595086153,-106.62016910092476,-335.3530463941498,1123.4747581081317
11000.0,1106.6912540987414,-106.59805220208477,-316.13276292351077,1060.5779594659662
12000.0,1051.885832923846,-106.57569192026091,-300.0838497076669,1008.1733425609506
13000.0,1005.512015006627,-106.55298949883597,-286.4723631151746,963.8402344236803
14000.0,972.9608282204396,-107.3265427798264,-289.7644146862031,928.8107219627506
15000.0,938.5117063390769,-107.30326338452984,-279.140836423817,896.0382895703161
16000.0,908.3687246928846,-107.27976726874569,-269.8197594460369,867.3701847611896
17000.0,881.7719761815384,-107.25609214919436,-261.57158901343007,842.0820160768694
18000.0,858.1304219492307,-107.23219470487959,-254.21665607548488,819.6107081099925
19000.0,836.9774523729554,-107.20820115812612,-247.6154126857336,799.5110150468201
20000.0,817.9397797543077,-107.1839991050363,-241.65315876803743,781.4276896565383
21000.0,819.6184188136264,-87.14220575411649,40.86391254576291,818.5991040246753
22000.0,803.9597270493707,-87.13843869666444,40.136005949196125,802.9572490137596
23000.0,743.0708606559197,-108.13455540638665,-231.28053376407877,706.1611846156173
24000.0,737.5984164619231,-87.3496849995158,34.106719642905766,736.809443236402
25000.0,725.5412238034462,-87.3454509631683,33.60275080656888,724.7626663787491
26000.0,714.4115075033135,-87.3409841609735,33.14292454010758,713.6423113900167
27000.0,696.4730146328204,-108.09640182569707,-216.33617496375726,662.0221442775004
28000.0,694.5370141102198,-87.31098907287195,32.584111822771675,693.7722534274925
29000.0,700.2037584512466,-88.0292177329155,24.07990725888712,699.7895836718743
30000.0,691.8884531695384,-88.02421416441474,23.854331017175642,691.4771164117143
31000.0,684.1096191963275,-88.01909259959805,23.64725397137232,683.7007960040397
32000.0,676.8169623464422,-88.01382915646158,23.45731071217037,676.4103452003214
33000.0,669.9662846995803,-88.00846147688351,23.282605117453617,669.5616050320567
34000.0,663.5185880907692,-88.00298216510015,23.121950570215205,663.1155948579375
35000.0,657.4393312881757,-87.99737033274353,22.97445743585715,657.0377832592062
36000.0,613.9178109746153,-88.3410421123341,17.773062948627274,613.6604899007982
37000.0,628.2498431104366,-89.07306522025974,10.16342272188778,628.1676290663698
38000.0,623.1045261864776,-89.06698930519198,10.14625333031257,623.0219130154508
39000.0,618.2230716688757,-89.06076196615369,10.13395090297988,618.1400079130907
40000.0,613.5856898771538,-89.05442835456869,10.125752698340543,613.5021336183883
41000.0,609.1745218313696,-89.04793757670937,10.12195814759995,609.090423510119
42000.0,604.9734094068132,-89.04127778974188,10.122462490113907,604.8887185610588
43000.0,600.967697560143,-89.0344671626752,10.126864282056538,600.8823679644398
44000.0,597.1440635246853,-89.02755534634926,10.134458041485841,597.0580586199125
45000.0,560.5541687796923,-89.4524899419532,5.356491826287681,560.528575660159
46000.0,581.0771303279598,-90.13083410307495,-1.3268802648389575,581.0756153711319
47000.0,577.7310084060884,-90.12352192014886,-1.2455086363287853,577.7296658318254
48000.0,574.5243082309615,-90.11621704951884,-1.1653471645220528,574.5231263528484
49000.0,571.4484937772685,-90.10875598387247,-1.0846943070063233,571.4474643207101
50000.0,568.4957119017231,-90.10119887940462,-1.004107101201186,568.4948251475789
51000.0,565.6587253938461,-90.09350083215399,-0.9230965790854225,565.657972194237
52000.0,562.9308537516567,-90.08564248306322,-0.8414368137644932,562.9302248855159
53000.0,560.3059206620029,-90.07769749243405,-0.7598177746856439,560.3054054761957
54000.0,526.5062073164102,-90.62759694690786,-5.767040494095059,526.4746219777836
55000.0,524.0704108197482,-90.61950450203943,-5.666344986023223,524.0397771460474
56000.0,521.7216070551099,-90.61124614972798,-5.565755055389047,521.6919183184937
57000.0,519.4552174576518,-90.60283555588082,-5.465329206706678,519.4264655566162
58000.0,547.5571792256234,-91.24683887273935,-11.91469421779649,547.4275336363871
59000.0,545.4431185607823,-91.23818268639276,-11.7863072378789,545.3157604058459
60000.0,543.3995265847692,-91.22945865634414,-11.65942742253633,543.2744271956209
61000.0,541.4229376243632,-91.22064285043703,-11.53372991860574,541.3000743210365
62000.0,512.4287095981638,-91.8581648604472,-16.615711064900587,512.1592531295779
63000.0,510.57660627120885,-91.84902184855862,-16.474222888341078,510.31075909846373
64000.0,508.78238117322115,-91.83980247979305,-16.334505654737104,508.5201031594604
65000.0,507.0433630013255,-91.83050983050724,-16.19648048631572,506.78461498308167
66000.0,505.3570423497902,-91.82104947398162,-16.05921501625831,505.1018133659681
67000.0,503.7210596281516,-91.81151157792328,-15.923415672822436,503.46931460240785
68000.0,502.13319404538464,-91.80180021987167,-15.788153897015478,501.88492581342194
69000.0,474.9613535519733,-92.56752207328864,-21.27670964759624,474.4845508491235
70000.0,473.4635656440879,-92.55766520496263,-21.12824290735571,472.99190832831516
71000.0,472.0079689448754,-92.54764419361524,-20.980815008258922,471.5414384219649
72000.0,470.5928054873077,-92.53745320338939,-20.834290594282503,470.13138686100086
73000.0,469.2164136313172,-92.52727240426387,-20.69006144885619,468.76002834955744
74000.0,467.87722155521834,-92.51692928604743,-20.54662981160402,467.4258555681487
75000.0,466.5737412678154,-92.50650051105906,-20.40454551471173,466.12735444616897
76000.0,465.3045630932389,-92.49592016495544,-20.263198729302125,464.86314030330124
77000.0,443.75315058553446,-93.28018539930754,-25.391008107441635,443.02613394908866
78000.0,442.54863583443785,-93.26946286853483,-25.23940241713092,441.8283237237604
79000.0,441.37461512767277,-93.25857244340231,-25.088688106946464,440.6609905677761
80000.0,440.22994493857686,-93.24759390903823,-24.93940535031415,439.52295785475775
81000.0,439.11353821094013,-93.23646585355137,-24.791011281495276,438.4131672290096
82000.0,438.0243609156848,-93.2252439264624,-24.643864747554016,437.3305622591432
83000.0,436.96142885645963,-93.21387722164245,-24.497512307076615,436.2741823659102
84000.0,435.9238047034066,-93.2024168838688,-24.352282538663577,435.24306983828114
85000.0,416.6845952363077,-94.15540950677396,-30.19380502169228,415.589203475689
86000.0,415.6949487800715,-94.1438041373968,-30.038114171185203,414.60825141126304
87000.0,414.72805281708224,-94.13210537372913,-29.88378703902958,413.6499934312274
88000.0,413.78313176234263,-94.12033730916481,-29.730932247291154,412.71364382433393
89000.0,412.85944488860844,-94.10847601300428,-29.579314635127805,411.7984766599386
90000.0,411.95628438984613,-94.09646457847869,-29.428466851140815,410.9038154934548
91000.0,455.8461735723753,-94.49835265572595,-35.752212658640694,454.4419800707098
92000.0,410.2088651639799,-94.07215234523385,-29.130017135890736,409.1732581203016
93000.0,409.3633397321091,-94.05980373538966,-28.981968617394624,408.33612307961016
94000.0,394.58560420304417,-95.14246758549234,-35.36770885273212,392.99735904302185
95000.0,393.77549047459104,-95.13003577185944,-35.20999951508152,392.1981550602357
96000.0,392.9822541154807,-95.11746339015474,-35.05318383910737,391.41579726989306
97000.0,392.20537314521806,-95.10477008094628,-34.89734399929587,390.6497537510737
98000.0,391.4443468886342,-95.0919799651616,-34.74259374007755,389.8995112734579
99000.0,390.69869489986013,-95.07905713960724,-34.58863990692203,389.16461322407423
100000.0,389.96795595086155,-95.066030236993,-34.43563065053875,388.444582933258
1000.0,4221.11,4.01,4210.776132881938,-295.18467245408505
2000.0,3898.6821975430757,-98.46689486139593,-574.0339330843154,3856.19085641609
3000.0,2857.303731695384,-104.26554464128903,-704.0860458875338,2769.196174911923
4000.0,2254.387098771538,-104.8186831679968,-576.5843186604122,2179.406275705028
5000.0,1892.6713190172302,-104.81980366337595,-484.10730846771753,1829.711681035721
6000.0,1651.527465847692,-104.82090479135073,-422.4582379531267,1596.581350146255
7000.0,1479.281856440879,-104.82198555453556,-378.425045628975,1430.0591930531693
8000.0,1353.3156493857691,-105.62554513005904,-364.5145100493204,1303.3005865248163
9000.0,1252.8390438984613,-105.6265828512158,-337.4730673968516,1206.5312257451817
10000.0,1172.4577595086153,-105.62759822815516,-315.8410392438395,1129.1154218065278
11000.0,1106.6912540987414,-105.62859079902793,-298.14307613899484,1065.77494718586
12000.0,1051.885832923846,-105.62956026043099,-283.395613421756,1012.9909830789214
13000.0,1013.510215006627,-84.87050639209082,90.61491562667874,1009.4512831180855
14000.0,972.9608282204396,-106.44868887519756,-275.50024284989286,933.1411412219771
15000.0,938.5117063390769,-106.4495667291022,-265.7595387690459,900.0978227330348
16000.0,916.4951246928845,-85.69042042575762,68.87043880350248,913.90381126508
17000.0,881.7719761815384,-106.47200977260061,-250.02371622182145,845.5826153048121
18000.0,858.1304219492307,-106.4727938549772,-243.33148802086606,822.9080191687987
19000.0,836.9774523729554,-106.4735532558271,-237.34398932186036,802.6201383677758
20000.0,826.0661797543075,-85.7142879037294,61.73197144341775,823.7563335329113
21000.0,819.6184188136264,-86.47825761493071,50.34694939721059,818.0706186784511
22000.0,795.6445270493706,-107.2389215630699,-235.79475457738374,759.9019983770328
23000.0,750.7040606559196,-86.69882108020349,43.228969674781844,749.4583663327427
24000.0,737.5984164619231,-86.72025681452968,42.19878837194099,736.3903083467874
25000.0,725.5412238034462,-86.72088624271466,41.501026131999865,724.3533200505079
26000.0,714.4115075033135,-86.72151080743511,40.856630469241345,713.242271461708
27000.0,704.1062146328204,-86.72213028078865,40.25967866685038,702.9542799913813
28000.0,694.5370141102198,-86.74350455233356,39.453850048432805,693.4155014747619
29000.0,700.2037584512466,-87.46707203685409,30.94447896657548,699.5196513113401
30000.0,691.8884531695384,-87.46763418255016,30.570214545876453,691.2127701453118
31000.0,684.1096191963275,-87.46819076253203,30.219877566865325,683.4418264027947
32000.0,676.8169623464422,-87.46874166436909,29.89123025947007,676.1565757082014
33000.0,669.9662846995803,-87.46928675186118,29.582306483259885,669.3128638964663
34000.0,663.5185880907692,-87.46982592658621,29.291371097318834,662.8717314241172
35000.0,657.4393312881757,-87.47035908282471,29.016887434613572,656.7986712595045
36000.0,613.9178109746153,-87.82038609407464,23.348684543409565,613.4736486288192
37000.0,628.2498431104366,-88.55890675009289,15.799962247122911,628.0511337154624
38000.0,623.1045261864776,-88.55942090856306,15.664971974545026,622.9075848046093
39000.0,618.2230716688757,-88.5599284769597,15.536776288193154,618.0278108032603
40000.0,613.5856898771538,-88.56042931044888,15.414870876330465,613.3920284596863
41000.0,609.1745218313696,-88.560923309493,15.298800253610354,608.9823846050704
42000.0,604.9734094068132,-88.56141032376021,15.188152921976362,604.7827263572615
43000.0,600.967697560143,-88.5618901912262,15.082555890450704,600.7784034222194
44000.0,597.1440635246853,-88.56236276819766,14.981669996551785,596.9560973529693
45000.0,560.5541687796923,-88.99482796077581,9.833612164880552,560.4679082767206
46000.0,581.0771303279598,-89.68078562275699,3.237362616899173,581.068112077632
47000.0,577.7310084060884,-89.6812356712373,3.2141824168256212,577.7220673518601
48000.0,574.5243082309615,-89.68167795748622,3.191907187469225,574.51544146069
49000.0,571.4484937772685,-89.68211249657824,3.1704848873390157,571.4396985386018
50000.0,568.4957119017231,-89.68253914006554,3.1498692518076847,568.4869855804471
51000.0,565.6587253938461,-89.68295779980488,3.1300171356120607,565.6500655059817
52000.0,562.9308537516567,-89.68336834283723,3.110889202816176,562.9222579308238
53000.0,560.3059206620029,-89.68377061697745,3.0924493484710975,560.2973866491989
54000.0,526.5062073164102,-90.24216454385291,-2.2253079895849734,526.5015046009481
55000.0,524.0704108197482,-90.24254997625597,-2.21853838309969,524.0657149482519
56000.0,521.7216070551099,-90.24292693078175,-2.2120276585245935,521.7169176879396
57000.0,519.4552174576518,-90.2432952500007,-2.205757706275329,519.4505342926481
58000.0,547.5571792256234,-90.89615479030658,-8.563911452827123,547.49020442575
59000.0,545.4431185607823,-90.89650547438902,-8.534185117865011,545.3763501195167
60000.0,543.3995265847692,-90.89684715160102,-8.505450503339823,543.3329575907268
61000.0,541.4229376243632,-90.89717976310575,-8.477655011677145,541.3565615666795
62000.0,512.4287095981638,-91.54400322619308,-13.807226842608111,512.2426601790952
63000.0,510.57660627120885,-91.54431738782733,-13.760121067848148,510.39115386105897
64000.0,508.78238117322115,-91.54462209228807,-13.714471185563372,508.5975075365522
65000.0,507.0433630013255,-91.54491727267558,-13.670206395180506,506.8590508423492
66000.0,505.3570423497902,-91.5452028652334,-13.627260186790018,505.17327525546045
67000.0,503.7210596281516,-91.54547871184215,-13.585569165644301,503.5378220385767
68000.0,502.13319404538464,-91.54574474470823,-13.545074393195506,501.95047118406285
69000.0,474.9613535519733,-92.3215008001834,-19.23913945055373,474.57153610506884
70000.0,473.4635656440879,-92.3217468214565,-19.180500262093478,473.0748951298403
71000.0,472.0079689448754,-92.32198273984001,-19.123474451635428,471.62041460518236
72000.0,470.5928054873077,-92.32220840129378,-19.067990813951095,470.2063380078305
73000.0,469.2164136313172,-92.32242364609588,-19.01398194449838,468.8310050664841
74000.0,467.87722155521834,-92.32262849485404,-18.961385497860736,467.4928451968355
75000.0,466.5737412678154,-92.32282279564524,-18.91014105699822,466.19037163572006
76000.0,465.3045630932389,-92.32300647336066,-18.860191956409047,464.92217584748244
77000.0,443.75315058553446,-93.11817938705225,-24.138234905142745,443.0961569120773
78000.0,442.54863583443785,-93.11834139306451,-24.07396402954276,441.8933574232885
79000.0,441.37461512767277,-93.11849251453998,-24.011261543130146,440.72101175030065
80000.0,440.22994493857686,-93.11863259446883,-23.95006493848656,439.57797807677383
81000.0,439.11353821094013,-93.11876155578341,-23.89031535948007,438.4631709415916
82000.0,438.0243609156848,-93.11887926008117,-23.83195632988176,437.375557859701
83000.0,436.96142885645963,-93.11898562474755,-23.77493447937869,436.3141560834121
84000.0,435.9238047034066,-93.11908051634445,-23.719198569009286,435.27802968486435
85000.0,416.6845952363077,-94.08366385271198,-29.673381563147267,415.6266862628691
86000.0,415.6949487800715,-94.08373559836603,-29.60342502978535,414.6395153235786
87000.0,414.72805281708224,-94.08379566690508,-29.53500190441249,413.6750433080958
88000.0,413.78313176234263,-94.08384397661189,-29.46805702523086,412.73249659580955
89000.0,412.85944488860844,-94.08388046994445,-29.402537862179727,411.8111363246422
90000.0,411.95628438984613,-94.0839050654875,-29.338394033889827,410.9102564840649
91000.0,455.8461735723753,-94.4979176250005,-35.74876220757803,454.44225151409734
92000.0,410.2088651639799,-94.08391806003122,-29.21404043873062,409.1672676306897
93000.0,409.3633397321091,-94.08390629431642,-29.153740401194895,408.3238951338091
94000.0,394.58560420304417,-95.17888219175751,-35.61747304103932,392.97480155660395
95000.0,393.77549047459104,-95.17884577715124,-35.54409846333662,392.1680175166422
96000.0,392.9822541154807,-95.17879696714596,-35.47216366330896,391.3780495310483
97000.0,392.20537314521806,-95.17873563356896,-35.40162112139969,390.6043777864716
98000.0,391.4443468886342,-95.17866166801633,-35.332425363245505,389.84650367679336
99000.0,390.69869489986013,-95.17857498631348,-35.264532892188306,389.1039487288066
100000.0,389.96795595086155,-95.17847546846677,-35.1979016900432,388.3762536318501
1000.0,4221.11,4.01,4210.776132881938,-295.18467245408505
2000.0,3898.6821975430757,-98.5923630232353,-582.4769621655905,3854.924573319905
3000.0,2857.303731695384,-104.38973755507345,-710.0868282550682,2767.663511248979
4000.0,2254.387098771538,-104.94161336215967,-581.2589839843582,2178.164177614953
5000.0,1892.6713190172302,-104.9414904319655,-487.9922190051567,1828.6793912604924
6000.0,1651.527465847692,-104.94136874519693,-425.8141022605078,1595.689606648291
7000.0,1479.281856440879,-104.94124828124308,-381.40093085603917,1429.268393527724
8000.0,1353.3156493857691,-105.74362901851636,-367.19977479950956,1302.5465720117709
9000.0,1252.8390438984613,-105.7435109346279,-339.9346277843507,1205.8400054524338
10000.0,1172.4577595086153,-105.74339400654449,-318.12235479411083,1128.474796002202
11000.0,1106.6912540987414,-105.7432782107661,-300.27581030815867,1065.1760275383706
12000.0,1051.885832923846,-105.74316352335437,-285.40356391257757,1012.427089331322
13000.0,1005.512015006627,-105.74304992009144,-272.8192406451488,967.793404739096
14000.0,972.9608282204396,-106.51867737656345,-276.6398967244915,932.803913366398
15000.0,938.5117063390769,-106.51860738806208,-266.8439515761107,899.7769326020377
16000.0,908.3687246928846,-106.51853834740312,-258.2724471915227,870.8783399659677
17000.0,881.7719761815384,-106.49771022948147,-250.40298355784847,845.4703802052579
18000.0,858.1304219492307,-106.4976845290246,-243.68895621871013,822.8022324300051
19000.0,836.9774523729554,-106.49765963835054,-237.68165928724488,802.5202082310357
20000.0,826.0661797543075,-85.73763553196802,61.39629139988685,823.7814204849585
21000.0,819.6184188136264,-86.48011218433979,50.320469780952,818.0722478971973
22000.0,795.6445270493706,-107.24011032977037,-235.81052089195424,759.8971059691448
23000.0,743.0708606559197,-107.48010914100368,-223.1996779897481,708.7568043420831
24000.0,737.5984164619231,-86.69932785294287,42.467773678737245,736.3748448758337
25000.0,725.5412238034462,-86.69934878190446,41.77330731944418,724.3376686558539
26000.0,706.7783075033135,-107.45937031936528,-212.05428748449285,674.2169940877287
27000.0,704.1062146328204,-86.67863245985333,40.793335979450674,702.923513068262
28000.0,694.5370141102198,-86.67867595767427,40.23840514587984,693.3704166752832
29000.0,700.2037584512466,-87.40174078626893,31.74208276097055,699.4839122747909
30000.0,691.8884531695384,-87.40180611751951,31.36433993403683,691.1771913263912
31000.0,684.1096191963275,-87.40187194558455,31.010928561589168,683.4063896296933
32000.0,676.8169623464422,-87.4019382644015,30.67956727526892,676.1212647681388
33000.0,669.9662846995803,-87.40200506780147,30.368251243232756,669.2776643147349
34000.0,663.5185880907692,-87.40207234948552,30.075211503415307,662.8366302453363
35000.0,657.4393312881757,-87.40214010306262,29.79888126755731,656.7636568811079
36000.0,613.9178109746153,-87.75170832204239,24.0840097735728,613.4452209489369
37000.0,628.2498431104366,-88.48977699981441,16.557720479052723,628.0316132654675
38000.0,623.1045261864776,-88.4898461295647,16.421362506919316,622.8881034403299
39000.0,618.2230716688757,-88.48991570434369,16.291965685805074,618.0083641810945
40000.0,613.5856898771538,-88.48998571711631,16.169007752700775,613.3726126999117
41000.0,609.1745218313696,-88.49005616070964,16.05201740373272,608.9629962368388
42000.0,604.9734094068132,-88.49012702785842,15.940568227242736,604.763362294622
43000.0,600.967697560143,-88.49019831115433,15.834273484375819,600.759060933717
44000.0,597.1440635246853,-88.4902700030344,15.732781601050906,596.9367740270883
45000.0,560.5541687796923,-88.92234209579956,10.542661587799401,560.4550190897901
46000.0,581.0771303279598,-89.60791458166455,3.9763852324782163,581.0635247119369
47000.0,577.7310084060884,-89.60798745270563,3.952752527593934,577.7174861654886
48000.0,574.5243082309615,-89.60806070092417,3.93007827820175,574.510866070427
49000.0,571.4484937772685,-89.60813431818073,3.9083037137228738,571.4351286037552
50000.0,568.4957119017231,-89.60820829635912,3.8873747698100964,568.4824208082832
51000.0,565.6587253938461,-89.60828262720283,3.8672416285513482,565.6455056449905
52000.0,562.9308537516567,-89.60835730237544,3.8478583096641157,562.9177027701278
53000.0,560.3059206620029,-89.60843231341589,3.8291823089488255,560.2928360167917
54000.0,526.5062073164102,-90.16650765171946,-1.5300810904858886,526.5039840253511
55000.0,524.0704108197482,-90.16658330861159,-1.5236944278744227,524.068195802865
56000.0,521.7216070551099,-90.16665927527924,-1.5175571928146236,521.7193999539725
57000.0,519.4552174576518,-90.16673554293475,-1.5116562895691037,519.4530179325542
58000.0,547.5571792256234,-90.81931210264182,-7.829633154946756,547.5011975933755
59000.0,545.4431185607823,-90.81938894532948,-7.800135215582427,545.3873426070046
60000.0,543.3995265847692,-90.81946606185853,-7.771642038412518,543.3439491450863
61000.0,541.4229376243632,-90.81954344294827,-7.744104220589534,541.3675518865308
62000.0,512.4287095981638,-91.46612107926843,-13.110922908410144,512.2609551009417
63000.0,510.57660627120885,-91.46619896141536,-13.064229074316524,510.4094403418875
64000.0,508.78238117322115,-91.46627707984176,-13.019013325023558,508.61578493430164
65000.0,507.0433630013255,-91.46635542485421,-12.975207430775452,506.8773184468035
66000.0,505.3570423497902,-91.46643398670203,-12.93274729239178,505.1915322924552
67000.0,503.7210596281516,-91.46651275558057,-12.89157263301527,503.5560676508183
68000.0,502.13319404538464,-91.46659172153682,-12.851626716203889,501.96870445573325
69000.0,474.9613535519733,-92.24217087455999,-18.58204446825588,474.59771911725653
70000.0,473.4635656440879,-92.24225020448561,-18.524101138245268,473.10105228104663
71000.0,472.0079689448754,-92.24232970110259,-18.46780581103862,471.6465444546289
72000.0,470.5928054873077,-92.24240935414133,-18.41308978039898,470.232439014105
73000.0,469.2164136313172,-92.24248915318847,-18.35988810000629,468.8570755891294
74000.0,467.87722155521834,-92.24256908768139,-18.308139329300776,467.51888355929515
75000.0,466.5737412678154,-92.24264914708856,-18.25778530116969,466.21637607074973
76000.0,465.3045630932389,-92.24272932073711,-18.208770905202165,464.94814452529204
77000.0,443.75315058553446,-93.03780959788973,-23.516672654674046,443.1295801025259
78000.0,442.54863583443785,-93.0378899676789,-23.45345936316839,441.9267250606395
79000.0,441.37461512767277,-93.03797041910428,-23.391859440725423,440.7543213526177
80000.0,440.22994493857686,-93.03805094119973,-23.331812320527728,439.6112270568873
81000.0,439.11353821094013,-93.03813152285299,-23.27326042229274,438.4963566432986
82000.0,438.0243609156848,-93.03821215288592,-23.216148970724156,437.4086775345949
83000.0,436.96142885645963,-93.03829281999312,-23.16042582604558,436.34720691650483
84000.0,435.9238047034066,-93.03837351279788,-23.106041327503327,435.3110087756402
85000.0,416.6845952363077,-94.00295421980142,-29.087880270152727,415.6680732611477
86000.0,415.6949487800715,-94.00303492943434,-29.019379260132524,414.6808002170137
87000.0,414.72805281708224,-94.00311563010327,-28.952463632300663,413.7162223590814
88000.0,413.78313176234263,-94.00319631014005,-28.887079253710944,412.77356599380494
89000.0,412.85944488860844,-94.00327695780653,-28.823174420827982,411.85209220063024
90000.0,411.95628438984613,-94.00335756131867,-28.760699724710644,410.95109490015085
91000.0,455.8461735723753,-94.41743810882285,-35.11040277847653,454.4920170666469
92000.0,410.2088651639799,-94.00351858833902,-28.63985383040306,409.2078589564152
93000.0,409.3633397321091,-94.0035989878107,-28.58139419127964,408.3643566996376
94000.0,394.58560420304417,-95.09867929511722,-35.06735038411424,393.0242740357384
95000.0,393.77549047459104,-95.09875949801386,-34.99590352122475,392.2173168477367
96000.0,392.9822541154807,-95.098839584293,-34.92595356399361,391.4271705149376
97000.0,392.20537314521806,-95.09891954167585,-34.85745411273379,390.65331512321563
98000.0,391.4443468886342,-95.09899935776775,-34.790360658067556,389.89525197974774
99000.0,390.69869489986013,-95.099079020078,-34.72463048555809,389.15250254122157
100000.0,389.96795595086155,-95.09915851604424,-34.6602225861018,388.42460740634726
1000.0,4221.11,4.01,4210.776132881938,-295.18467245408505
2000.0,3898.6821975430757,-98.51323783299665,-577.1527765114486,3855.7252949353683
3000.0,2857.303731695384,-104.31081695818689,-706.2739089645797,2768.6389762257304
4000.0,2254.387098771538,-104.86289587878377,-578.2659017530841,2178.960701338426
5000.0,1892.6713190172302,-104.86297459626715,-485.48581278018787,1829.346398968654
6000.0,1651.527465847692,-104.86305311210285,-423.63261184425085,1596.2701465075759
7000.0,1479.281856440879,-104.86313142773594,-379.451917744055,1429.787065585478
8000.0,1353.3156493857691,-105.66570954458945,-365.4280357865387,1303.044741186433
9000.0,1252.8390438984613,-105.66578746406337,-338.2985568102527,1206.300027512439
10000.0,1172.4577595086153,-105.66586518753394,-316.59508736077504,1128.9042246758513
11000.0,1106.6912540987414,-105.66594271635296,-298.83780627978325,1065.5803570996097
12000.0,1051.885832923846,-105.66602005184737,-284.04016613135656,1012.8104410648444
13000.0,1005.512015006627,-105.66609719531887,-271.5191725394359,968.1589493808274
14000.0,972.9608282204396,-106.46267414804365,-275.728004182651,933.0738668298752
15000.0,938.5117063390769,-106.46273015127217,-265.96632477967717,900.0367420381665
16000.0,908.3687246928846,-106.46278602850896,-257.42490684257666,871.1292426140155
17000.0,881.7719761815384,-106.46284178082784,-249.88840995871286,845.622611185038
18000.0,858.1304219492307,-106.46287664927651,-243.18904896213326,822.9501245760024
19000.0,836.9774523729554,-106.46291145715625,-237.19491103885088,802.6642074728351
20000.0,826.0661797543075,-85.70294620533744,61.89503278240106,823.7440975513824
21000.0,811.3032188136262,-107.20548089466408,-239.9830299192944,774.9974569042829
22000.0,803.9597270493707,-86.42475552595376,50.13436647293537,802.3950323971703
23000.0,743.0708606559197,-107.44557088075757,-222.77239435418875,708.891221746772
24000.0,729.9652164619231,-107.44560541901782,-218.84374641562263,696.3882766812469
25000.0,725.5412238034462,-86.66485914145174,42.20932042246248,724.312391656857
26000.0,714.4115075033135,-86.66489363109218,41.561405137376155,713.2015505144137
27000.0,696.4730146328204,-107.44568810778047,-208.80373520881304,664.4363477975725
28000.0,694.5370141102198,-86.66492105213254,40.404860304361904,693.360736725786
29000.0,700.2037584512466,-87.38793480703808,31.910629337277488,699.4762434025552
30000.0,691.8884531695384,-87.38794861301731,31.53150649445116,691.1695853605878
31000.0,684.1096191963275,-87.38796247052181,31.176835575397334,683.39884108802
32000.0,676.8169623464422,-87.38797637999687,30.844324169045677,676.1137686709392
33000.0,669.9662846995803,-87.38799034188128,30.531957731986022,669.2702161244076
34000.0,663.5185880907692,-87.3880043566072,30.237958725586537,662.8292258146721
35000.0,657.4393312881757,-87.38801842460008,29.960752758176316,656.7562924089933
36000.0,613.9178109746153,-87.73753254627854,24.23578394692405,613.4392434531244
37000.0,628.2498431104366,-88.4755467220543,16.71370116424344,628.0274815337945
38000.0,623.1045261864776,-88.47556095233206,16.57666256032259,622.8839898507875
39000.0,618.2230716688757,-88.47557523750929,16.44664547539375,618.0042671343836
40000.0,613.5856898771538,-88.47558957797612,16.32312326027007,613.3685307130231
41000.0,609.1745218313696,-88.47560397411527,16.205620645964274,608.9589279318901
42000.0,604.9734094068132,-88.47561842630186,16.093707627007124,604.7593063890129
43000.0,600.967697560143,-88.47563293490342,15.986994198254322,600.7550162314457
44000.0,597.1440635246853,-88.47564750027968,15.885125809403835,596.9327394110602
45000.0,560.5541687796923,-88.90766212278243,10.686257585809434,560.4522995180781
46000.0,581.0771303279598,-89.59317680275545,4.125847866561578,581.0624826725253
47000.0,577.7310084060884,-89.59319154053435,4.101940646008628,577.7164461540389
48000.0,574.5243082309615,-89.59320633644653,4.079024434625917,574.5098278601739
49000.0,571.4484937772685,-89.59322119081101,4.057038528874983,571.4340919814673
50000.0,568.4957119017231,-89.59323610393837,4.03592708139486,568.4813855732135
51000.0,565.6587253938461,-89.5932510761308,4.015638624912956,565.6444716079392
52000.0,562.9308537516567,-89.59326610768187,3.9961256510900953,562.916669752593
53000.0,560.3059206620029,-89.59328119887655,3.977344237042471,560.2918038502033
54000.0,526.5062073164102,-90.1512963499911,-1.390300917745055,526.5043716875186
55000.0,524.0704108197482,-90.15131156129283,-1.3840080471585263,524.0685833156812
56000.0,521.7216070551099,-90.15132683304016,-1.377944194255756,521.7197873743759
57000.0,519.4552174576518,-90.15134216548239,-1.3720973295303427,519.4534053145619
58000.0,547.5571792256234,-90.80385755885985,-7.681953910201729,547.503289584312
59000.0,545.4431185607823,-90.80387301340363,-7.652441803662451,545.389434917613
60000.0,543.3995265847692,-90.80388852933555,-7.623917817468353,543.346042011593
61000.0,541.4229376243632,-90.80390410686807,-7.596333379822338,541.369645533417
62000.0,512.4287095981638,-91.45041974620415,-12.970542446771546,512.2645287828113
63000.0,510.57660627120885,-91.45043544753722,-12.923802072666065,510.41301532328856
64000.0,508.78238117322115,-91.45045121105109,-12.878526275219528,508.61936155957665
65000.0,507.0433630013255,-91.45046703691987,-12.834647479942822,506.88089704363443
66000.0,505.3570423497902,-91.45048292530781,-12.792102207755784,505.1951131727563
67000.0,503.7210596281516,-91.45049887636921,-12.75083076935468,503.5596511115631
68000.0,502.13319404538464,-91.45051489024843,-12.710776986547026,501.9722907796985
69000.0,474.9613535519733,-92.22603096707971,-18.4483521530008,474.60293474731213
70000.0,473.4635656440879,-92.22604710698718,-18.39030865160493,473.10627193064374
71000.0,472.0079689448754,-92.22606331008468,-18.333903633265315,471.6517684956059
72000.0,470.5928054873077,-92.2260795764757,-18.279068845698998,470.2376678006019
73000.0,469.2164136313172,-92.22609590625336,-18.225739776426195,468.8623094583711
74000.0,467.87722155521834,-92.2261122995003,-18.173855400074647,467.5241228323177
75000.0,466.5737412678154,-92.22612875628849,-18.123357945900707,466.22162105313294
76000.0,465.3045630932389,-92.22614527667929,-18.07419268366413,464.9533955077904
77000.0,443.75315058553446,-93.02116186072334,-23.387916896122572,443.13639435037163
78000.0,442.54863583443785,-93.02117850846051,-23.324561605598756,441.9335469330525
79000.0,441.37461512767277,-93.02119521991973,-23.26281330619826,440.761151187559
80000.0,440.22994493857686,-93.02121199511892,-23.202611750459933,439.61806517542004
81000.0,439.11353821094013,-93.021228834065,-23.14389966602716,438.50320335019177
82000.0,438.0243609156848,-93.02124573675378,-23.0866225742338,437.41553311891994
83000.0,436.96142885645963,-93.02126270316991,-23.030728621805483,436.35407165217055
84000.0,435.9238047034066,-93.02127973328673,-22.976168424581292,435.31788292191607
85000.0,416.6845952363077,-93.98579682706625,-28.96340591866015,415.67676507694836
86000.0,415.6949487800715,-93.98581398445899,-28.89474058172227,414.6895036144287
87000.0,414.72805281708224,-93.98583120540397,-28.827656494210533,413.72493762704266
88000.0,413.78313176234263,-93.98584848982865,-28.762099761879355,412.78229340457415
89000.0,412.85944488860844,-93.98586583764897,-28.698018912594975,411.8608320103069
90000.0,411.95628438984613,-93.98588324876913,-28.635364761768116,410.95984734916414
91000.0,455.8461735723753,-94.39990072308169,-34.97128789081807,454.50274254819806
92000.0,410.2088651639799,-93.98591826046741,-28.51415050889537,409.2166373449109
93000.0,409.3633397321091,-93.9859358607953,-28.455502384527488,408.37314835903493
94000.0,394.58560420304417,-95.08095352392232,-34.94575758170926,393.03510412089383
95000.0,393.77549047459104,-95.0809712496935,-34.87413267511591,392.22816289586234
96000.0,392.9822541154807,-95.08098903794183,-34.80400242004383,391.4380327270586
97000.0,392.20537314521806,-95.08100688848818,-34.73532059960545,390.6641936840672
98000.0,391.4443468886342,-95.08102480114137,-34.668042883194666,389.9061470581329
99000.0,390.69869489986013,-95.081042775698,-34.60212673121493,389.1634142903607
100000.0,389.96795595086155,-95.08106081194238,-34.5375313055256,388.4355359642227
1000.0,4221.11,4.01,4210.776132881938,-295.18467245408505
2000.0,3898.6821975430757,-98.49507890964647,-575.9307409563546,3855.90802004674
3000.0,2857.303731695384,-104.29259706856982,-705.3934542060451,2768.863429265451
4000.0,2254.387098771538,-104.84461528845944,-577.5706607779811,2179.14508991853
5000.0,1892.6713190172302,-104.84463356904976,-484.90019343805494,1829.5017147393328
6000.0,1651.527465847692,-104.84465191007698,-423.1199293922151,1596.4061186929928
7000.0,1479.281856440879,-104.844670311279,-378.99121027411536,1429.9092535297946
8000.0,1353.3156493857691,-105.64718877239545,-365.00680950304627,1303.1627971549958
9000.0,1252.8390438984613,-105.64720729316765,-337.9073538345533,1206.40966928359
10000.0,1172.4577595086153,-105.64722587333854,-316.2278184237667,1129.0071588289009
11000.0,1106.6912540987414,-105.64724451265275,-298.49004331790064,1065.6778246443541
12000.0,1051.885832923846,-105.64726321085644,-283.70858854781636,1012.9033726324043
13000.0,1013.510215006627,-84.88728196769743,90.31935548664833,1009.4777709029833
14000.0,972.9608282204396,-106.46456078292506,-275.7587282805551,933.0647871549406
15000.0,938.5117063390769,-106.46455889629017,-265.9950516764855,900.0282525671678
16000.0,908.3687246928846,-106.46455706754516,-257.45183372726035,871.1212850749594
17000.0,881.7719761815384,-106.46455529650612,-249.9136994514376,845.6151375215513
18000.0,858.1304219492307,-106.46455358299045,-243.21313497426883,822.9430065628803
19000.0,836.9774523729554,-106.46455190605673,-237.21789220879583,802.6574159607192
20000.0,826.0661797543075,-85.70455026560782,61.87197110873735,823.7458300501409
21000.0,819.6184188136264,-86.44704866154756,50.79254414818216,818.043073387645
22000.0,795.6445270493706,-107.22780709378068,-235.64734124898706,759.9477245086665
23000.0,743.0708606559197,-107.44700404221285,-222.79012605433357,708.8856492330926
24000.0,729.9652164619231,-107.4470026090514,-218.8607281730873,696.3829398454907
25000.0,725.5412238034462,-86.68700121186136,41.929405282096255,724.3286494478125
26000.0,706.7783075033135,-107.44697906979096,-211.90847089587496,674.2628388987639
27000.0,704.1062146328204,-86.66619698435225,40.94589753077319,702.9146427269521
28000.0,694.5370141102198,-86.68697647547567,40.137955205084005,693.3762387918224
29000.0,700.2037584512466,-87.40995442005233,31.641807951734165,699.4884554721381
30000.0,691.8884531695384,-87.40993240043932,31.266309686296307,691.1816327912202
31000.0,684.1096191963275,-87.4099104166519,30.915047852648776,683.4107336684233
32000.0,676.8169623464422,-87.40988846870577,30.585750258730133,676.1255152713702
33000.0,669.9662846995803,-87.40986655661706,30.27642012967879,669.2818248079731
34000.0,663.5185880907692,-87.40984468040233,29.985295605302998,662.8407039322724
35000.0,657.4393312881757,-87.40982284007853,29.710816180841388,656.7676466807054
36000.0,613.9178109746153,-87.75930103566306,24.00271711943863,613.4484071238165
37000.0,628.2498431104366,-88.49727926717367,16.47548633838768,628.0337759374107
38000.0,623.1045261864776,-88.49725753462855,16.34078966295231,622.8902223885569
39000.0,618.2230716688757,-88.49723583804625,16.21300853573999,618.0104406059171
40000.0,613.5856898771538,-88.49721417744571,16.091624270067598,613.3746477075603
41000.0,609.1745218313696,-88.49719255284624,15.976168782812588,608.9649908488178
42000.0,604.9734094068132,-88.49717096426751,15.866218570180164,604.7653174559424
43000.0,600.967697560143,-88.49714941172955,15.761389524059314,600.7609775201869
44000.0,597.1440635246853,-88.49712789525272,15.66133245524127,596.9386528517816
45000.0,560.5541687796923,-88.92910641485776,10.476494397127695,560.4562598467777
46000.0,581.0771303279598,-89.61458497056567,3.9087376456186003,581.0639837059208
47000.0,577.7310084060884,-89.61456356239786,3.886445112356607,577.7179360365268
48000.0,574.5243082309615,-89.614542190376,3.8650876701172097,574.5113069779977
49000.0,571.4484937772685,-89.61452085452207,3.8446080518410826,571.4355606971241
50000.0,568.4957119017231,-89.61449955485836,3.8249535718182246,568.4828442273525
51000.0,565.6587253938461,-89.61447829140744,3.8060756765346326,565.6459205210757
52000.0,562.9308537516567,-89.61445706419217,3.7879295473471246,562.918109226656
53000.0,560.3059206620029,-89.61443587323565,3.7704737481360273,560.2932341699383
54000.0,526.5062073164102,-90.1724147185613,-1.5843624665512415,526.5038234792652
55000.0,524.0704108197482,-90.17239360019273,-1.5768395041398888,524.0680385922784
56000.0,521.7216070551099,-90.17237251815382,-1.5695803825231125,521.7192460371663
57000.0,519.4552174576518,-90.17235147246872,-1.5625712286622246,519.4528672701034
58000.0,547.5571792256234,-90.82483046316173,-7.882364908205284,547.5004409541378
59000.0,545.4431185607823,-90.82480949025742,-7.851732289824525,545.3866022239275
60000.0,543.3995265847692,-90.82478855378058,-7.822115945554631,543.3432248539459
61000.0,541.4229376243632,-90.82476765375613,-7.793465908156726,541.3668435311987
62000.0,512.4287095981638,-91.47124679020924,-13.1567499936671,512.2597801409393
63000.0,510.57660627120885,-91.47122596316522,-13.1090111906822,510.40829215151626
64000.0,508.78238117322115,-91.4712051726496,-13.062760055597789,508.61466326878815
65000.0,507.0433630013255,-91.471184418688,-13.017927938686055,506.8762230721393
66000.0,505.3570423497902,-91.47116370130624,-12.974450350821384,505.19046298462695
67000.0,503.7210596281516,-91.47114302053023,-12.932266652986419,503.55502419509617
68000.0,502.13319404538464,-91.47112237638608,-12.89131977317702,501.9676866459888
69000.0,474.9613535519733,-92.24660176889994,-18.6187468079313,474.5962806799319
70000.0,473.4635656440879,-92.24658119809811,-18.559862840394157,473.09965069080243
71000.0,472.0079689448754,-92.246560664007,-18.502634138077,471.6451794277335
72000.0,470.5928054873077,-92.24654016665308,-18.446991741686187,470.2311102767417
73000.0,469.2164136313172,-92.24651970606291,-18.392870470529623,468.8557828766642
74000.0,467.87722155521834,-92.24649928226309,-18.34020866720543,467.51762661559
75000.0,466.5737412678154,-92.24647889528033,-18.28894796271649,466.21515464757624
76000.0,465.3045630932389,-92.24645854514134,-18.239033060127237,464.9469583817293
77000.0,443.75315058553446,-93.04143823187287,-23.544736717398024,443.1280898651048
78000.0,442.54863583443785,-93.04141795550173,-23.48067095832256,441.92528007602016
79000.0,441.37461512767277,-93.04139771605469,-23.418224271705483,440.75292131880576
80000.0,440.22994493857686,-93.04137751355856,-23.35733595097686,439.6098716793057
81000.0,439.11353821094013,-93.04135734804011,-23.29794828742994,438.49504563418617
82000.0,438.0243609156848,-93.04133721952614,-23.24000638742488,437.4074106124707
83000.0,436.96142885645963,-93.04131712804336,-23.183458002805676,436.34598380563904
84000.0,435.9238047034066,-93.0412970736185,-23.128253373431686,435.30982920557636
85000.0,416.6845952363077,-94.00577705627816,-29.108359282502693,415.66663966107063
86000.0,415.6949487800715,-94.00575707604895,-29.039080886833162,414.67942102606713
87000.0,414.72805281708224,-94.00573713295736,-28.971392714515876,413.7148972391855
88000.0,413.78313176234263,-94.0057172270298,-28.90524056088996,412.7722946118953
89000.0,412.85944488860844,-94.00569735829261,-28.840572657465763,411.8508742281839
90000.0,411.95628438984613,-94.00567752677196,-28.77733953658068,410.94993001275003
91000.0,455.8461735723753,-94.41965773249396,-35.128009655251766,454.4906565576862
92000.0,410.2088651639799,-94.00563797548455,-28.654990525647545,409.20679928013817
93000.0,409.3633397321091,-94.00561825576953,-28.59578610724373,408.36334915554676
94000.0,394.58560420304417,-95.10059857337457,-35.08051578342934,393.0230991387783
95000.0,393.77549047459104,-95.1005789283251,-35.00835838386642,392.2162053533376
96000.0,392.9822541154807,-95.10055932064648,-34.93770225890775,391.42612203396976
97000.0,392.20537314521806,-95.10053975036378,-34.8685009839328,390.65232926876706
98000.0,391.4443468886342,-95.1005202175019,-34.800710029207956,389.89432836671574
99000.0,390.69869489986013,-95.10050072208554,-34.73428666418512,389.15164078593347
100000.0,389.96795595086155,-95.10048126413915,-34.66918986754148,388.4238071262129
1000.0,4221.11,4.01,4210.776132881938,-295.18467245408505
2000.0,3898.6821975430757,-98.51446184368695,-577.2351463033203,3855.712964331174
3000.0,2857.303731695384,-104.31194246075292,-706.3282952124134,2768.6251018407484
4000.0,2254.387098771538,-104.86392311536073,-578.3049675067247,2178.9503334552164
5000.0,1892.6713190172302,-104.86390380753383,-485.51548068314446,1829.3385252181831
6000.0,1651.527465847692,-104.86388453729535,-423.65577544669276,1596.2639989613124
7000.0,1479.281856440879,-104.86386530466812,-379.4702312388859,1429.7822052322094
8000.0,1353.3156493857691,-105.66634610967473,-365.4425127951703,1303.0406811432933
9000.0,1252.8390438984613,-105.66632695233746,-338.3099151313396,1206.296842091629
10000.0,1172.4577595086153,-105.66630783267829,-316.60380883094945,1128.901778750347
11000.0,1106.6912540987414,-105.66628875071895,-298.8442417819118,1065.578552267471
12000.0,1059.884032923846,-84.90626970648087,94.10212450734947,1055.698325001096
13000.0,1005.512015006627,-105.68701069998525,-271.87254167220516,968.0597778068162
14000.0,972.9608282204396,-106.46271097125296,-275.7286038563327,933.0736896230873
15000.0,938.5117063390769,-106.46271282106464,-265.96605254628855,900.0368224847418
16000.0,908.3687246928846,-106.46271466713986,-257.42382185887675,871.1295632337057
17000.0,881.7719761815384,-106.46271650954027,-249.88656109186047,845.6231575381432
18000.0,858.1304219492307,-106.46271834832723,-243.18677525471142,822.9507964732637
19000.0,836.9774523729554,-106.4627201835619,-237.19223146026656,802.664999308941
20000.0,826.0661797543075,-85.7027220152844,61.89825597278871,823.7438553588142
21000.0,811.3032188136262,-107.20522384353472,-239.97955297715993,774.9985335536018
22000.0,795.6445270493706,-107.18446566835273,-235.0724109889459,760.1257626310667
23000.0,743.0708606559197,-107.42450900977816,-222.51179160771483,708.9730647573673
24000.0,729.9652164619231,-107.42453150481059,-218.5875936109993,696.4687223154066
25000.0,717.9080238034462,-107.42455397591483,-214.9773440101506,684.9647233279323
26000.0,706.7783075033135,-107.40381642315079,-211.4004681890134,674.422284630864
27000.0,704.1062146328204,-86.64385958579741,41.21993352385977,702.8986260940108
28000.0,694.5370141102198,-86.64388192319598,40.65946107355536,693.3458532322435
29000.0,700.2037584512466,-87.36692501774826,32.167118128627514,699.4644950678702
30000.0,691.8884531695384,-87.36696804715056,31.78459682129453,691.1579928165804
31000.0,684.1096191963275,-87.36701101150385,31.42673326744503,683.387394903565
32000.0,676.8169623464422,-87.367053910909,31.091215849423193,676.1024602949393
33000.0,669.9662846995803,-87.3670967454668,30.776013145557773,669.2590377791125
34000.0,663.5185880907692,-87.36713951527794,30.479332724870506,662.8181704046854
35000.0,657.4393312881757,-87.36718222044307,30.199587005547954,656.7453534432794
36000.0,613.9178109746153,-87.7167248610627,24.4585605446941,613.4304014702443
37000.0,628.2498431104366,-88.4547674372373,16.94146486271563,628.0213787257512
38000.0,623.1045261864776,-88.45480994906724,16.802253437061648,622.8779453741411
39000.0,618.2230716688757,-88.4548523966528,16.67016529258914,617.998278260399
40000.0,613.5856898771538,-88.4548947800942,16.5446662185133,613.362594915716
41000.0,609.1745218313696,-88.45493709949154,16.425274122102334,608.9530428682425
42000.0,604.9734094068132,-88.4549793549449,16.311552824146244,604.753469881545
43000.0,600.967697560143,-88.45502154655422,16.203106720176326,600.7492262528135
44000.0,597.1440635246853,-88.45506367441939,16.09957616969855,596.9269940704052
45000.0,560.5541687796923,-88.88710573864023,10.887334056129692,560.4484294682625
46000.0,581.0771303279598,-89.57264773931645,4.3340421391762,581.0609670842748
47000.0,577.7310084060884,-89.5726896765477,4.308661783302111,577.7149413919922
48000.0,574.5243082309615,-89.57273155043355,4.284326652605592,574.5083335282428
49000.0,571.4484937772685,-89.57277336107349,4.260972781402386,571.4326077073875
50000.0,568.4957119017231,-89.57281510856694,4.23854132120485,568.4799110066383
51000.0,565.6587253938461,-89.57285679301323,4.216978039036581,565.6430064187207
52000.0,562.9308537516567,-89.57289841451163,4.196232873632094,562.915213629228
53000.0,560.3059206620029,-89.5729399731613,4.176259541880557,560.2903564984263
54000.0,526.5062073164102,-90.13098146906138,-1.2036226232235263,526.5048315403112
55000.0,524.0704108197482,-90.13102290231089,-1.1984332350212885,524.0690405419508
56000.0,521.7216070551099,-90.13106427300876,-1.1934387504381432,521.7202420570966
57000.0,519.4552174576518,-90.1311055812539,-1.1886288897306607,519.453857532446
58000.0,547.5571792256234,-90.78364682714512,-7.4888250384694794,547.5059652835433
59000.0,545.4431185607823,-90.78368801078115,-7.460303495248583,545.3920969880938
60000.0,543.3995265847692,-90.78372913226062,-7.432742210548157,543.3486908383812
61000.0,541.4229376243632,-90.78377019168214,-7.406093936913969,541.3722814832623
62000.0,512.4287095981638,-91.4303111891442,-12.790757021885938,512.2690493824962
63000.0,510.57660627120885,-91.43035212474527,-12.744891257412082,510.41751401990683
64000.0,508.78238117322115,-91.4303929985837,-12.700467082830315,508.6238389302755
65000.0,507.0433630013255,-91.43043381075776,-12.657417944408413,506.88535363992764
66000.0,505.3570423497902,-91.43047456136568,-12.615681322014899,505.1995495220765
67000.0,503.7210596281516,-91.43051525050562,-12.575198428102846,503.56406771869825
68000.0,502.13319404538464,-91.43055587827565,-12.53591393325585,501.976688128122
69000.0,474.9613535519733,-92.20609644477376,-18.28322573959571,474.609324628665
70000.0,473.4635656440879,-92.20613695009789,-18.22590415953304,473.112633957265
71000.0,472.0079689448754,-92.20617739434589,-18.17020413415512,471.6581033218762
72000.0,470.5928054873077,-92.20621777761555,-18.116058083058874,470.2439760549265
73000.0,469.2164136313172,-92.20625810000459,-18.06340212891117,468.8685917446003
74000.0,467.87722155521834,-92.20629836161065,-18.01217584724098,467.53037973107047
75000.0,466.5737412678154,-92.2063385625313,-17.962322036248814,466.22785312303307
76000.0,465.3045630932389,-92.20637870286404,-17.913786504788952,464.95960328661977
77000.0,443.75315058553446,-93.00141878270632,-23.235218811512098,443.14442709050195
78000.0,442.54863583443785,-93.0014588021555,-23.172458277817334,441.9415484612017
79000.0,441.37461512767277,-93.00149876130884,-23.111292331514797,440.76912215565704
80000.0,440.22994493857686,-93.00153866026358,-23.051661162537627,439.62600621240546
81000.0,439.11353821094013,-93.00157849911687,-22.99350791443122,438.5111150631416
82000.0,438.0243609156848,-93.0016182779658,-22.93677850425476,437.42341609410994
83000.0,436.96142885645963,-93.00165799690735,-22.881421455502178,436.3619264560721
84000.0,435.9238047034066,-93.0016976560385,-22.827387742957647,435.3257101021331
85000.0,416.6845952363077,-93.96623725545608,-28.82150094656656,415.68662835173404
86000.0,415.6949487800715,-93.9662767952569,-28.75333464481422,414.69933227347934
87000.0,414.72805281708224,-93.9663162755377,-28.686740202298843,413.7347323225527
88000.0,413.78313176234263,-93.96635569639511,-28.621664021891704,412.7920547681001
89000.0,412.85944488860844,-93.96639505792575,-28.558054915348425,411.87056065368625
90000.0,411.95628438984613,-93.96643436022612,-28.495863969481963,410.96954386538255
91000.0,455.8461735723753,-94.38047360339266,-34.81717890994739,454.51457403842267
92000.0,410.2088651639799,-93.96651278752176,-28.37555154045182,409.2262713144104
93000.0,409.3633397321091,-93.96655191270972,-28.317342521320445,408.3827518751942
94000.0,394.58560420304417,-95.0615909790528,-34.81293324298185,393.04689125255925
95000.0,393.77549047459104,-95.06162998664712,-34.74172673108549,392.2399129643073
96000.0,392.9822541154807,-95.06166893558878,-34.672007774933775,391.4497463615722
97000.0,392.20537314521806,-95.06170782597385,-34.603730358285986,390.6758714961429
98000.0,391.4443468886342,-95.06174665789824,-34.53685034313569,389.9177896421824
99000.0,395.28649489986014,-89.10678543145784,6.1620830997515705,395.2384619215201
100000.0,389.96795595086155,-95.06777914674846,-34.447487607666424,388.4435316310632
1000.0,4221.11,4.01,4210.776132881938,-295.18467245408505
2000.0,3898.6821975430757,-98.48181184886585,-575.0378750125615,3856.0412756790274
3000.0,2857.303731695384,-104.27934449886068,-704.7529945294552,2769.0265133909666
4000.0,2262.327898771538,-84.07137709682256,233.67458529083117,2250.227479556056
5000.0,1892.6713190172302,-104.8521696428411,-485.14082232348136,1829.4379203311923
6000.0,1651.527465847692,-104.85218137700579,-423.32971583389417,1596.3505010308024
7000.0,1479.281856440879,-104.85219308016609,-379.1789499250317,1429.8594807633804
8000.0,1353.3156493857691,-105.65470475239059,-365.1777534300218,1303.1149048615123
9000.0,1260.8372438984613,-84.89471639374787,112.1970492558651,1255.8353306623226
10000.0,1172.4577595086153,-105.67548800430646,-316.78468217415167,1128.8510366615178
11000.0,1106.6912540987414,-105.67547882413483,-299.0151535822172,1065.5306048288091
12000.0,1059.884032923846,-84.91546963406141,93.93261084189922,1055.713421278398
13000.0,1013.510215006627,-84.91546043413383,89.82287633198591,1009.5220685107523
14000.0,972.9608282204396,-106.49273198439968,-276.2174644296114,932.9290892642806
15000.0,946.6381063390768,-85.73270196338655,70.43892905776374,944.0138037372275
16000.0,908.3687246928846,-106.51343197424423,-258.19483085431455,870.9013545289096
17000.0,881.7719761815384,-106.51338125693712,-250.63421966022918,845.4018606050046
18000.0,866.2568219492307,-85.75333059218971,64.14676821994613,863.8785063309062
19000.0,845.1038523729554,-85.77403997994585,62.27575412917648,842.8061768539978
20000.0,832.7733797543076,-79.83822866014947,146.9245667482788,819.7101156587265
21000.0,811.3032188136262,-107.3030931535046,-241.30300954276692,774.5874840474471
22000.0,803.9597270493707,-86.54299528419463,48.47837985916546,802.4967846686548
23000.0,750.7040606559196,-86.80363675457879,41.8578549878229,749.5361943636245
24000.0,729.9652164619231,-107.584257626834,-220.52832012019445,695.856649942549
25000.0,725.5412238034462,-86.82409790071198,40.196121558705165,724.4269040074645
26000.0,706.7783075033135,-107.60469835678718,-213.76372306343703,673.6769601665969
27000.0,704.1062146328204,-86.84449747485354,38.758281201180694,703.0386597640912
28000.0,694.5370141102198,-86.84429683696447,38.23396273896346,693.4838340310574
29000.0,700.2037584512466,-87.56709642205071,29.723242606037005,699.5726068094964
30000.0,691.8884531695384,-87.56689625064641,29.372677766596592,691.2646941875132
31000.0,684.1096191963275,-87.56669632244291,29.044828616822496,683.4927717302968
32000.0,668.9287623464422,-54.326496637131974,390.0962417489789,543.4064880618056
33000.0,669.9662846995803,-87.59953719440576,28.060683040689,669.3783838020533
34000.0,655.6303880907692,-54.35930475395681,382.0360507936809,532.8223547131076
35000.0,657.4393312881757,-87.63231258871814,27.16025247084999,656.8780670797004
36000.0,613.9178109746153,-87.98154745834987,21.623017962564145,613.5368967927309
37000.0,628.2498431104366,-88.71928263575256,14.041932729322841,628.0928987765371
38000.0,623.1045261864776,-88.71901812055405,13.929806345645481,622.9488029118024
39000.0,618.2230716688757,-88.71875391238257,13.823529144139682,618.0685046058414
40000.0,613.5856898771538,-88.71849001086684,13.722662266234076,613.4322190448995
41000.0,601.6015218313696,-55.47822641563606,340.9392420970125,495.6660410681113
42000.0,604.9734094068132,-88.75120312631992,13.184724851791719,604.8297191109958
43000.0,607.218297560143,-82.79440690254856,76.16344036064059,602.4227678667777
44000.0,595.4946635246853,-61.36206751719256,285.404525030536,522.6453399567171
45000.0,553.5575687796922,-55.97566051334978,309.74038733241986,458.78848547936144
46000.0,581.0771303279598,-89.93407195857507,0.6686228722461461,581.0767456486549
47000.0,577.7310084060884,-89.93371053435581,0.6684169691861302,577.7306217370437
48000.0,574.5243082309615,-89.933349513498,0.6683269926695934,574.5239195084011
49000.0,571.4484937772685,-89.93298889553495,0.6683456671364026,571.4481029405715
50000.0,568.4957119017231,-89.93262868000048,0.6684662993424725,568.4953188931757
51000.0,565.6587253938461,-89.93226886642904,0.6686827212680901,565.6583301584171
52000.0,562.9308537516567,-89.93190945435563,0.6689892396159854,562.9304562367952
53000.0,560.3059206620029,-89.93155044331579,0.6693805910265501,560.3055208174546
54000.0,526.5062073164102,-90.48919183284563,-4.495259676731306,526.4870169179383
55000.0,524.0704108197482,-90.48883362248185,-4.471186736238666,524.0513371664548
56000.0,521.7216070551099,-90.48847581176169,-4.447889538269248,521.7026466741585
57000.0,519.4552174576518,-90.48811840022293,-4.425327394171749,519.4363670570541
58000.0,547.5571792256234,-91.14026138740397,-10.896388893755008,547.4487494100224
59000.0,545.4431185607823,-91.1399047728437,-10.85092486306823,545.3351749290777
60000.0,543.3995265847692,-91.13954855608164,-10.806892365016896,543.2920545801883
61000.0,541.4229376243632,-91.13919273665782,-10.764221136344222,541.3159234025201
62000.0,512.4287095981638,-91.78533731411284,-15.964702193628202,512.1799592958592
63000.0,510.57660627120885,-91.78498228798786,-15.903837777447025,510.3288535987101
64000.0,508.78238117322115,-91.78462765782463,-15.844802294267797,508.5355972127698
65000.0,507.0433630013255,-91.78427342316539,-15.787511453896183,506.79752016538816
66000.0,505.3570423497902,-91.78391958355297,-15.731886074448076,505.11211430044744
67000.0,503.7210596281516,-91.78356613853079,-15.67785170113274,503.47702120250244
68000.0,495.2073940453846,-58.54471308764276,258.4155666492746,422.4355075399737
69000.0,473.5505535519732,-65.1970989304334,198.65353170852177,429.8684695451756
70000.0,473.4635656440879,-92.61860792794774,-21.631329258005383,472.96916769166387
71000.0,472.0079689448754,-92.61819545696989,-21.561432372102672,471.51524618142486
72000.0,464.1156054873077,-59.37778343890726,236.40894782550333,399.39216898292915
73000.0,469.2164136313172,-92.65061187324596,-21.699102989122434,468.7144031822607
74000.0,467.87722155521834,-92.65016751947273,-21.63354679897175,467.37681168745155
75000.0,466.5737412678154,-92.64972365031487,-21.569666252261257,466.07489262822605
76000.0,465.3045630932389,-92.64928026522708,-21.507395324150902,464.8072378758324
77000.0,448.8057505855345,-87.48883736366471,19.66398676385791,448.37476443617544
78000.0,442.54863583443785,-93.44934994508375,-26.626449565744842,441.74690407794003
79000.0,441.37461512767277,-93.44890205394083,-26.552369201772912,440.57521783331623
80000.0,440.22994493857686,-93.4484546506482,-26.480076349311094,439.4328276052633
81000.0,439.11353821094013,-93.4480077346578,-26.40950491010638,438.3186483490451
82000.0,438.0243609156848,-93.44756130542227,-26.340592010053214,437.23164794894933
83000.0,436.96142885645963,-93.44711536239481,-26.273277804967584,436.1708440297928
84000.0,435.9238047034066,-93.44666990502932,-26.207505300234992,435.1353009961751
85000.0,416.6845952363077,-94.41072493278034,-32.04540401225024,415.4505313378925
86000.0,420.4841487800715,-88.45378044510302,11.346069561972671,420.33104344170937
87000.0,414.72805281708224,-94.41579294145316,-31.93151017780604,413.49696063116744
88000.0,407.98033176234264,-61.175343464787254,196.69985815732184,357.431275780115
89000.0,417.64864488860843,-88.49163447701886,10.99372514981155,417.50392643018506
90000.0,411.95628438984613,-94.45360923759976,-31.989185933710974,410.71239600429186
91000.0,455.8461735723753,-94.8671220627224,-38.67634974708021,454.20245918622857
92000.0,410.2088651639799,-94.45263541426307,-31.846544484094157,408.97079438945616
93000.0,409.3633397321091,-94.45214929163633,-31.77743942266977,408.1280905063565
94000.0,394.58560420304417,-95.5466636942574,-38.139226460806476,392.73807868508595
95000.0,393.77549047459104,-95.5461786215422,-38.057605638070655,391.93208027871594
96000.0,392.9822541154807,-95.54569407290731,-37.97763306461534,391.14287854503203
97000.0,396.7931731452181,-89.59021004776999,2.837913552651223,396.78302446213434
98000.0,391.4443468886342,-95.55068154554819,-37.86292512944583,389.60887517061434
99000.0,271.19369489986013,-84.24469261066054,27.195365157380973,269.82667078588645
100000.0,389.96795595086155,-95.55505470348135,-37.749744461041495,388.13652683252985
1000.0,4221.11,4.01,4210.776132881938,-295.18467245408505
2000.0,3898.6821975430757,-98.9685674279246,-607.7756803764361,3851.0169565690394
3000.0,2857.303731695384,-104.76558067234555,-728.2264626786422,2762.946042581165
4000.0,2254.387098771538,-105.31709443617206,-595.5207400298772,2174.3082208605615
5000.0,1892.6713190172302,-105.2958487188327,-499.2926817787354,1825.6263417667428
6000.0,1651.527465847692,-105.29540503975672,-435.6658345532841,1593.0280132666499
7000.0,1479.281856440879,-105.29496181609396,-390.21714645253644,1426.886607060846
8000.0,1353.3156493857691,-106.09701904735803,-375.22661158551927,1300.2569887643272
9000.0,1252.8390438984613,-106.09657673306306,-347.3587065845068,1203.7223927784798
10000.0,1172.4577595086153,-106.07537487272376,-324.6555407625316,1126.6126120739773
11000.0,1106.6912540987414,-106.07497498585533,-306.4372619856138,1063.41983071852
12000.0,1059.884032923846,-85.31457548969361,86.57659661183234,1056.3421113285356
13000.0,1013.510215006627,-85.31417638383797,82.79558885987522,1010.1226887799946
14000.0,972.9608282204396,-106.87027766788827,-282.35888039971786,931.0887368617566
15000.0,938.5117063390769,-106.8699001222048,-272.35562714638644,898.123953191977
16000.0,916.4951246928845,-86.08876292404597,62.51501152182921,914.360534428434
17000.0,881.7719761815384,-106.86918759309617,-255.87929204997064,843.8291331064017
18000.0,858.1304219492307,-106.86883178676001,-249.0137065257255,821.2064265683048
19000.0,836.9774523729554,-106.84771628556544,-242.58030315856823,801.0530895641187
20000.0,826.0661797543075,-86.06664260925982,56.664940741597135,824.1203903706224
21000.0,819.6184188136264,-86.8029141953107,45.710710919515755,818.3427664284578
22000.0,795.6445270493706,-107.58341437426891,-240.35940145909936,758.4705475849672
23000.0,743.0708606559197,-107.80237395517884,-227.18258723007307,707.4901949959303
24000.0,737.5984164619231,-87.02137521797823,38.328118569741726,736.6019137186927
25000.0,717.9080238034462,-107.80193810038709,-219.48423377480674,683.533906814911
26000.0,706.7783075033135,-107.78096026018741,-215.83517476631692,673.0161612404577
27000.0,704.1062146328204,-87.02078399828402,36.59500568914266,703.1545826083842
28000.0,694.5370141102198,-87.02060771176058,36.09979297428596,693.5982042338009
29000.0,700.2037584512466,-87.74343140088578,27.570082418349184,699.6607705915039
30000.0,691.8884531695384,-87.74325506590695,27.244800227373815,691.3518297436602
31000.0,684.1096191963275,-87.74307870709168,26.940593697201344,683.5789460539188
32000.0,676.8169623464422,-87.74290232470705,26.655486999029744,676.291864162737
33000.0,669.9662846995803,-87.70948591901947,26.77611696493647,669.4309988299311
34000.0,663.5185880907692,-87.70937597029484,26.519698222972934,662.988402876046
35000.0,657.4393312881757,-87.67602589907851,26.659085278780605,656.8985975755637
36000.0,613.9178109746153,-88.02548218576815,21.152548093014882,613.5532970663887
37000.0,628.2498431104366,-88.76343825104072,13.55788198753149,628.1035338256746
38000.0,623.1045261864776,-88.76339409542544,13.4473240882164,622.9594048001372
39000.0,618.2230716688757,-88.76334971945057,13.342455299770839,618.0790768423353
40000.0,613.5856898771538,-88.7633051236435,13.242849058023939,613.4427648695917
41000.0,609.1745218313696,-88.76326030853073,13.148120414442202,609.0326140512059
42000.0,604.9734094068132,-88.72997527463784,13.408810875889184,604.8247927128965
43000.0,600.967697560143,-88.72999650248951,13.319804483789106,600.8200698372626
44000.0,597.1440635246853,-88.72406091288957,13.296903955341765,596.9960007805545
45000.0,560.5541687796923,-89.12869891949389,8.524059410745172,560.4893545353506
46000.0,581.0771303279598,-89.78104588108773,2.2205635825931935,581.072887413922
47000.0,577.7310084060884,-89.78119890716522,2.2062335103626913,577.7267958192814
48000.0,574.5243082309615,-89.78135141879241,2.1924585202545583,574.5201248641355
49000.0,571.4484937772685,-89.78150341688712,2.1792048514720004,571.4443385899664
50000.0,568.4957119017231,-89.78165490236577,2.166441443552381,568.4915839149412
51000.0,565.6587253938461,-89.7818058761434,2.154139671630195,565.6546236852181
52000.0,562.9308537516567,-89.78195633913369,2.14227311224455,562.9267774511013
53000.0,560.3059206620029,-89.78210629224891,2.1308173356626146,560.3018689477814
54000.0,526.5062073164102,-90.34025573639998,-3.1266823809026807,526.4969232578663
55000.0,524.0704108197482,-90.34040467249643,-3.113579544336268,524.061161620665
56000.0,521.7216070551099,-90.34055310144642,-3.1009764895265044,521.7123912779703
57000.0,519.4552174576518,-90.34070102415673,-3.088846737525905,519.4460337415316
58000.0,547.5571792256234,-90.99334844153279,-9.492633270133291,547.4748893192456
59000.0,545.4431185607823,-90.99349535447867,-9.457381580179094,545.3611221190583
60000.0,543.3995265847692,-90.99364176389703,-9.423336305551187,543.3178132782173
61000.0,541.4229376243632,-90.99378767068922,-9.390437940140714,541.3414976344299
62000.0,512.4287095981638,-91.64043307575517,-14.669320688814892,512.2186968971047
63000.0,510.57660627120885,-91.64057797999354,-14.61759118765933,510.3673156651937
64000.0,508.78238117322115,-91.64072238430153,-14.567505059986594,508.5737893252268
65000.0,507.0433630013255,-91.64086628957506,-14.518986306406314,506.83544765567484
66000.0,505.3570423497902,-91.64100969670864,-14.471963533913922,505.1497822666073
67000.0,503.7210596281516,-91.64115260659548,-14.426369612131568,503.5144345227076
68000.0,502.13319404538464,-91.64129502012742,-14.382141359877366,501.9271845319044
69000.0,474.9613535519733,-92.38369843819494,-19.75430083878121,474.55037136882896
70000.0,473.4635656440879,-92.35651183868717,-19.46754153656272,473.06317000897013
71000.0,472.0079689448754,-92.35677393477644,-19.409848682179895,471.6087154852011
72000.0,470.5928054873077,-92.35703535629862,-19.353799860946673,470.1946607601552
73000.0,469.2164136313172,-92.32405610438124,-19.027339762872877,468.83046313415207
74000.0,467.87722155521834,-92.3243826601501,-18.97569823123966,467.4922644567157
75000.0,466.5737412678154,-92.32470844500942,-18.92548374014885,466.18974903557
76000.0,465.3045630932389,-92.32503346021473,-18.876639772813366,464.9215083283171
77000.0,443.75315058553446,-93.12035770701974,-24.155080896497655,443.09523888377726
78000.0,442.54863583443785,-93.11472618667639,-24.046081723954245,441.8948755446784
79000.0,441.37461512767277,-93.1150608104348,-23.984864719754086,440.72244910314737
80000.0,440.22994493857686,-93.1153946516783,-23.9252231342982,439.5793308591709
81000.0,439.11353821094013,-93.11572771167727,-23.867098451768545,438.46443533270104
82000.0,438.0243609156848,-93.11605999170025,-23.810435011141205,437.37672999391987
83000.0,436.96142885645963,-93.11639149301396,-23.755179834210182,436.3152320734668
84000.0,435.9238047034066,-93.11672221688335,-23.701282465895662,435.27900560050625
85000.0,416.6845952363077,-94.0815521645715,-29.65806324291114,415.62777962008875
86000.0,415.6949487800715,-94.08188133733971,-29.590006052194376,414.64047316090284
87000.0,414.72805281708224,-94.07625323644747,-29.480545364573633,413.6789277186546
88000.0,413.78313176234263,-94.07659277615248,-29.415822469602535,412.7362226888852
89000.0,412.85944488860844,-94.04369152684112,-29.113674222745612,411.83165882066635
90000.0,411.95628438984613,-94.03813946979129,-29.010165897906024,410.93355974276886
91000.0,455.8461735723753,-94.4525549395591,-35.38895628670318,454.4704123851342
92000.0,410.2088651639799,-94.03896950668226,-28.89303965817577,409.19006014128854
93000.0,409.3633397321091,-94.03938317258985,-28.836433312618723,408.3464264940163
94000.0,394.58560420304417,-95.1347959387089,-35.31508795976499,393.00209109707737
95000.0,393.77549047459104,-95.13520780646445,-35.24540271973553,392.1949750897229
96000.0,392.9822541154807,-95.13561877727952,-35.17721050282615,391.4046702722441
97000.0,392.20537314521806,-95.13602885257515,-35.11046498955409,390.6306567234541
98000.0,391.4443468886342,-95.13048303377035,-35.00460042121878,389.8760760298331
99000.0,390.69869489986013,-95.13090323228212,-34.94077492737683,389.1331551589101
100000.0,389.96795595086155,-95.1200170216605,-34.801626109157844,388.41196362708945
1000.0,4221.11,4.01,4210.776132881938,-295.18467245408505
2000.0,3898.6821975430757,-98.53445205934231,-578.5803504316822,3855.511335158238
3000.0,2450.718731695384,-81.4033861747109,366.32585785620387,2423.1854381678154
4000.0,1847.853898771538,-81.97874836920853,257.8502585525556,1829.7751980419764
5000.0,1483.1389190172301,-81.26858671527549,225.1445729627274,1465.9505361263145
6000.0,1241.9950658476919,-81.29261397727906,188.02345474231709,1227.6803020561892
7000.0,1067.078456440879,-81.29861676834153,161.432627480603,1054.7966339465431
8000.0,938.136849385769,-82.12511311338929,128.53449194771352,929.2898538966193
9000.0,835.3056438984613,-82.13258501932326,114.33764340173937,827.4433044202846
10000.0,762.9945595086151,-80.973049011037,119.71311391930325,753.5446026583228
11000.0,689.1598540987413,-81.78265133689868,98.50066882595732,682.0842490061162
12000.0,632.421832923846,-81.81744366054764,90.01107560232425,625.9835309556231
13000.0,586.048015006627,-81.82094079237679,83.37539554135314,580.0869066885846
14000.0,546.6730282204395,-82.07493402796825,75.37410979664193,541.4518846177093
15000.0,512.2239063390768,-82.09972937160818,70.40477872991613,507.36229398454014
16000.0,482.0809246928845,-82.12449954235876,66.05520745948311,477.53400666364195
17000.0,455.4841761815384,-82.12846380574045,62.37967693680104,451.19243195895365
18000.0,431.62002194923065,-81.6027045295278,63.03220475079202,426.99272184863827
19000.0,409.2764523729554,-81.67897065678504,59.23023369324562,404.96789241078795
20000.0,390.2387797543076,-81.70413940241383,56.305489614452824,386.1554053271917
21000.0,376.43641881362635,-81.76400190562067,53.92480585036908,372.55401316215597
22000.0,365.59132704937065,-81.47504081791035,54.195343171516406,361.552047694715
23000.0,341.0572606559196,-82.22114919146672,46.16205089814787,337.91880696847386
24000.0,341.087616461923,-81.36923041623042,51.18576143346283,337.2251175849043
25000.0,329.0304238034461,-81.37488256103217,49.34429192192713,325.3093307038687
26000.0,317.9007075033135,-81.40130961657152,47.530206869567905,314.3274395690637
27000.0,295.16781463282047,-81.74718926721513,42.36873366323544,292.1111589838514
28000.0,285.13541411021976,-81.26496286194622,43.30216642359847,281.828186601038
29000.0,276.0963584512466,-82.09871850679602,37.954055281224356,273.4752069891328
30000.0,268.8054531695384,-81.99936321969012,37.41344687674129,266.1890411840468
31000.0,261.0266191963275,-82.00510711153633,36.30484346808411,258.48956317387837
32000.0,253.19776234644223,-81.5488450831319,37.21151653929349,250.44841763143828
33000.0,262.42168469958034,-81.22203914037347,40.04704421440667,259.3479802316866
34000.0,239.8993880907692,-81.56152658715212,35.20458263047216,237.302241388782
35000.0,253.84693128817577,-80.88517443653525,40.21279610931455,250.6415678882785
36000.0,238.99841097461533,-80.8964652879978,37.814085485742005,235.98799839667296
37000.0,226.62604311043657,-81.99709430489557,31.551630388410995,224.41893421840894
38000.0,217.1655261864777,-81.9933606488417,30.24851941934652,215.04858250355232
39000.0,228.6952716688757,-81.2621306822883,34.742042439535155,226.0409648068916
40000.0,224.0578898771538,-81.26963190132545,34.00856492517041,221.46186021058625
41000.0,219.64672183136958,-81.27712557454778,33.31062213039018,217.10616035606498
42000.0,215.44560940681316,-81.28461170928176,32.64567622953071,212.9579076629693
43000.0,211.4398975601431,-81.29205707284711,32.011546725620384,209.00261040589237
44000.0,211.1752635246853,-80.86749501227675,33.51736202854808,208.49838936396495
45000.0,203.96256877969228,-81.30735157817738,30.825676034609383,201.6197092553702
46000.0,200.46773032795983,-81.31517292551868,30.27043572442672,198.16914902147855
47000.0,197.12160840608834,-81.32363879847426,29.736381982174752,194.86578993556932
48000.0,193.9149082309615,-81.33209635858294,29.224344736989202,191.70010252713956
49000.0,190.83909377726843,-81.34054561364316,28.732976387492347,188.66365781900038
50000.0,187.88631190172305,-81.3489865714464,28.261037140011023,185.74870115239696
51000.0,185.04932539384612,-81.35741923977733,27.80738443919389,182.94808607735808
52000.0,182.32145375165675,-81.36584362641369,27.37096361817338,180.25521587108136
53000.0,179.69652066200285,-81.37425973912642,26.950799607199347,177.6639916768792
54000.0,177.1688073164102,-81.38266758567953,26.54598956353619,175.16876640546374
55000.0,174.73301081974824,-81.39162517383025,26.154013763421997,172.7645583856741
56000.0,172.38420705510987,-81.40057395332892,25.775824183559557,170.44624293212573
57000.0,170.11781745765182,-81.40951393247704,25.410695548820023,168.20929929192417
58000.0,167.9295792256233,-81.41844511956872,25.05795260267922,166.04951848848216
59000.0,545.4431185607823,-91.55602002289068,-14.811144860246907,545.2419880871615
60000.0,543.3995265847692,-91.55545749822227,-14.75031940050388,543.1992945228615
61000.0,541.4229376243632,-91.55489568248794,-14.691358855953478,541.2235779793418
62000.0,512.4287095981638,-92.20083457447613,-19.678474045000563,512.0507202218346
63000.0,510.57660627120885,-92.20027417297742,-19.60235870699804,510.200174837825
64000.0,508.78238117322115,-92.19971447678444,-19.528507358630677,508.4074633526113
65000.0,507.0433630013255,-92.19915548469194,-19.45681572202904,506.66991649954207
66000.0,505.3570423497902,-92.19859719549683,-19.38718583870922,504.9850267857286
67000.0,503.7210596281516,-92.19803960799804,-19.319525597978025,503.35043641937665
68000.0,502.13319404538464,-92.19748272099665,-19.253748306949173,501.76392630235244
69000.0,474.9613535519733,-92.97242653329577,-24.6292929026873,474.3223432424791
70000.0,473.4635656440879,-92.97183780520066,-24.546766159077666,472.82682269890853
71000.0,472.0079689448754,-92.97122247923416,-24.46623830508449,471.37344635720126
72000.0,470.5928054873077,-92.9706080306897,-24.38784426600882,469.9604468766195
73000.0,469.2164136313172,-92.96999445801531,-24.311496570671167,468.58616492116965
74000.0,140.96102155521828,-81.41934851966168,21.031586902078427,139.38321975858872
75000.0,139.65754126781536,-81.43025355380217,20.81082207229957,138.09829295703346
76000.0,138.38836309323887,-81.44114800869338,20.595677409225665,136.8472035215964
77000.0,137.15215058553446,-81.4520318941449,20.385934223414324,135.62863302443088
78000.0,135.94763583443785,-81.46370021995777,20.179519615131277,134.4416106608198
79000.0,134.77361512767283,-81.47535124592449,19.978149851204687,133.28466101958205
80000.0,133.6289449385769,-81.486990955489,19.781622427273117,132.15665832466414
81000.0,132.51253821094014,-81.4986193591852,19.589758279502004,131.05653037394418
82000.0,131.42336091568478,-81.51023646753768,19.402387078559386,129.98325726811163
83000.0,130.3604288564597,-81.52184229106184,19.2193467034412,128.93586825989505
84000.0,131.6974047034066,-80.5689368402638,21.580043760403896,129.91731261426213
85000.0,128.3095952363077,-81.54598462564041,18.863511637976387,126.91540552032698
86000.0,127.31994878007154,-81.55852019317935,18.6904644638777,125.94060463363104
87000.0,121.21365281708222,-81.15704355432351,18.633774730754915,119.77283526970389
88000.0,120.26873176234267,-81.16996276400563,18.461718489384506,118.84331192852652
89000.0,119.34504488860844,-81.18286939401777,18.293363077234858,117.93469636535478
90000.0,123.58128438984613,-81.60973021615061,18.032366073562738,122.25860961598185
91000.0,130.68497357237527,-80.94115862540424,20.57618106934276,129.05496150948264
92000.0,123.73126516397991,-80.5406700217184,20.334920808733443,122.04883028846137
93000.0,122.88573973210916,-80.55416832120336,20.16740331289408,121.2195564796487
94000.0,120.16080420304418,-81.66265353605475,17.423456207673738,118.89088291581317
95000.0,113.83469047459107,-81.3836256784574,17.054475399891707,112.54990726020365
96000.0,118.55745411548075,-81.6898772605854,17.135230168677445,117.31263279549552
97000.0,117.78057314521807,-81.70332300210211,16.995596652768374,116.54790047372143
98000.0,117.01954688863421,-81.71675570795257,16.858633490457684,115.79879460018432
99000.0,116.27389489986014,-81.7301694352784,16.724271985239678,115.06483981541645
100000.0,115.54315595086153,-81.7435701690754,16.592422562998543,114.3455832141146
1000.0,4221.11,4.01,4210.776132881938,-295.18467245408505
2000.0,3898.6821975430757,-99.57544661592797,-648.5309500236658,3844.3634693276217
3000.0,2857.303731695384,-105.3719056213714,-757.4236497696749,2755.0851220842437
4000.0,2254.387098771538,-105.89993710192473,-617.60774807496,2168.137878601204
5000.0,1892.6713190172302,-105.87601591319202,-517.7527471409596,1820.4770843541019
6000.0,1651.527465847692,-105.8514084839941,-451.10396731455734,1588.7253321837497
7000.0,1479.281856440879,-105.82684968948739,-403.44620841850104,1423.2027149032244
8000.0,1353.3156493857691,-106.60482145656624,-386.73567268972226,1296.8803978554283
9000.0,1252.8390438984613,-106.58034174822306,-357.5095844773583,1200.7466705859472
10000.0,1172.4577595086153,-106.55589399149416,-334.09250785647043,1123.8502542715094
11000.0,1106.6912540987414,-106.53031114651371,-314.87861621349765,1060.9509832928748
12000.0,1059.884032923846,-85.74556348670409,78.62824824358368,1056.96346286192
13000.0,1005.512015006627,-106.50163536687793,-285.60835942511534,964.0966120411281
14000.0,972.9608282204396,-107.27345467230343,-288.9036894545456,929.0788079979842
15000.0,938.5117063390769,-107.2482561516591,-278.28045978823343,896.3058677904185
16000.0,908.3687246928846,-107.22310762487905,-268.9618875878677,867.6365846512864
17000.0,881.7719761815384,-107.19800901679653,-260.7178009315579,842.3467494188532
18000.0,858.1304219492307,-107.17293947158547,-253.3688797665097,819.8731803398796
19000.0,836.9774523729554,-107.14736923664341,-246.76641859141515,799.7734619480002
20000.0,826.0661797543075,-86.36190083806355,52.417326683729904,824.4014539028949
21000.0,819.6184188136264,-87.0997430766279,41.47057614076557,818.5685944214462
22000.0,795.6445270493706,-107.8544073354569,-243.94405251996065,757.3252357235663
23000.0,743.0708606559197,-108.06802796893936,-230.46043817085715,706.429253636927
24000.0,737.5984164619231,-87.28218109016188,34.974779219312374,736.7687485131931
25000.0,717.9080238034462,-108.03626813948794,-222.27792832818585,682.6305393252629
26000.0,706.7783075033135,-108.0096067539095,-218.51921030400766,672.1494853716405
27000.0,704.1062146328204,-87.22299845677215,34.11313376633747,703.2793581424095
28000.0,694.5370141102198,-87.2175226475826,33.71581646507738,693.7181759830378
29000.0,700.2037584512466,-87.93457008779696,25.235865414449083,699.7488509787175
30000.0,691.8884531695384,-87.92873423621596,25.006601876933093,691.4364045173678
31000.0,684.1096191963275,-87.92280486519944,24.796205202753274,683.6600904575951
32000.0,676.8169623464422,-87.91688716744576,24.60173373551937,676.3696882748901
33000.0,669.9662846995803,-87.91051912536146,24.42713020584614,669.5208271174735
34000.0,663.5185880907692,-87.90383064537647,24.269450491678217,663.0745889527058
35000.0,657.4393312881757,-87.89748834131825,24.119815948852303,656.9967342409224
36000.0,613.9178109746153,-88.23997602741346,18.85549253264645,613.6281846796273
37000.0,628.2498431104366,-88.97063251667404,11.28643639266038,628.1484551615507
38000.0,623.1045261864776,-88.96365897846226,11.269827843075962,623.0026015471061
39000.0,618.2230716688757,-88.95668868013264,11.256736370770549,618.1205806555698
40000.0,613.5856898771538,-88.94899412213479,11.254685899224443,613.4824617438811
41000.0,609.1745218313696,-88.941314759914,11.255408037370596,609.0705327286735
42000.0,604.9734094068132,-88.93365057072862,11.25869677504151,604.8686368429358
43000.0,600.967697560143,-88.92600153186717,11.26436528145888,600.8621202784758
44000.0,597.1440635246853,-88.91836758740816,11.272244072105126,597.0376613885863
45000.0,560.5541687796923,-89.34231671483303,6.434313563843814,560.5172394719488
46000.0,581.0771303279598,-90.01978174969638,-0.20062074756213402,581.0770956951345
47000.0,577.7310084060884,-90.0110771408722,-0.11169422566328496,577.730997609022
48000.0,574.5243082309615,-90.0023897025298,-0.023962361697166278,574.5243077312483
49000.0,571.4484937772685,-89.99371940918586,0.06264046294655963,571.448490344039
50000.0,568.4957119017231,-89.9850662353903,0.1481746320442487,568.4956925913558
51000.0,565.6587253938461,-89.97643015572636,0.2326958077336138,565.6586775316468
52000.0,562.9308537516567,-89.96781114481041,0.31625538449735535,562.9307649152788
53000.0,560.3059206620029,-89.95920917729202,0.3989008917494754,560.3057786664111
54000.0,526.5062073164102,-90.50862422785386,-4.673822369426104,526.4854620283163
55000.0,524.0704108197482,-90.49949827121168,-4.568730028340582,524.0504958519816
56000.0,521.7216070551099,-90.4903903981143,-4.465322665690873,521.7024977529413
57000.0,519.4552174576518,-90.48130058166952,-4.363517873165883,519.436889964264
58000.0,547.5571792256234,-91.12472879502033,-10.747977942984784,547.4516832485389
59000.0,545.4431185607823,-91.11502251134488,-10.614097111663558,545.3398358159944
60000.0,543.3995265847692,-91.11546350885642,-10.578511335480066,543.2965494004876
61000.0,541.4229376243632,-91.11590350284578,-10.544189507211435,541.3202540580123
62000.0,512.4287095981638,-91.76284249502542,-15.763614682054095,512.1861877018893
63000.0,510.57660627120885,-91.76328048710486,-15.710540463765554,510.3348408542781
64000.0,508.78238117322115,-91.76371748079075,-15.659210446535019,508.54134593018495
65000.0,507.0433630013255,-91.76415347778673,-15.60954382569305,506.80303284929903
66000.0,505.3570423497902,-91.76458847979364,-15.561464694510317,505.11739335434606
67000.0,503.7210596281516,-91.76502248850935,-15.514901678678298,503.4820689347425
68000.0,502.13319404538464,-91.76545550562884,-15.469787603041784,501.8948398158091
69000.0,474.9613535519733,-92.5413875328442,-21.06027901033099,474.4942065146102
70000.0,473.4635656440879,-92.54181857184464,-20.997423927186485,472.99773380095127
71000.0,472.0079689448754,-92.542248591078,-20.936409372631072,471.5434121160512
72000.0,470.5928054873077,-92.54267756496617,-20.87715817386014,470.1294851878562
73000.0,469.2164136313172,-92.54310549543189,-20.819597602665183,468.75429296882015
74000.0,467.87722155521834,-92.54353238439447,-20.763658862734808,467.41626514367556
75000.0,466.5737412678154,-92.53240820052974,-20.61531431699259,466.11808037905803
76000.0,465.3045630932389,-92.52130604588301,-20.469162346253416,464.85411671645187
77000.0,443.75315058553446,-93.30522588784582,-25.584625362238373,443.01499477970486
78000.0,442.54863583443785,-93.29337269385212,-25.4237774602514,441.81775272002534
79000.0,441.37461512767277,-93.28154302137823,-25.265352460524625,440.65089679262735
80000.0,440.22994493857686,-93.26973682960278,-25.109264545406244,439.5132867782397
81000.0,439.11353821094013,-93.25795408372866,-24.955432169291583,438.4038387666954
82000.0,438.0243609156848,-93.24619474900412,-24.803777754735577,437.3215217259353
83000.0,436.96142885645963,-93.23445879072264,-24.654227453420287,436.2653543165602
84000.0,435.9238047034066,-93.22274617422299,-24.506710924196287,435.23440193391383
85000.0,416.6845952363077,-94.17459236488904,-30.332944268656227,415.57907117567913
86000.0,415.6949487800715,-94.16196375714978,-30.169520737013695,414.598710152076
87000.0,414.72805281708224,-94.14936031358582,-30.00835865786058,413.64097500623626
88000.0,413.78313176234263,-94.13636799682655,-29.846403523067995,412.70530930409706
89000.0,412.85944488860844,-94.12340159159373,-29.686587334882542,411.7907572616684
90000.0,411.95628438984613,-94.11046105939616,-29.528843477383294,410.89661430970193
91000.0,455.8461735723753,-94.5119603285529,-35.86014102624424,454.4334761504196
92000.0,410.2088651639799,-94.08438952684976,-29.21740733128168,409.1670272247731
93000.0,409.3633397321091,-94.07084580734463,-29.060662825344266,408.3305300767723
94000.0,394.58560420304417,-95.15232912985849,-35.43534962645722,392.99126585858386
95000.0,393.77549047459104,-95.13883945426468,-35.2702616181246,392.19274029983495
96000.0,392.9822541154807,-95.12508424048889,-35.105245325316204,391.41113142108463
97000.0,392.20537314521806,-95.11164903350898,-34.94424530215603,390.6455611474966
98000.0,391.4443468886342,-95.09824070747757,-34.785198073261114,389.8957126028361
99000.0,390.69869489986013,-95.08485922247804,-34.628048659021296,389.16110859452857
100000.0,389.96795595086155,-95.07150453269085,-34.47274423060445,388.4412910256895
1000.0,4221.11,4.01,4210.776132881938,-295.18467245408505
2000.0,3898.6821975430757,-98.47217659832722,-574.3894085845883,3856.1379234598385
3000.0,2857.303731695384,-104.27077986834483,-704.3390698002895,2769.1318296378076
4000.0,2254.387098771538,-104.82388099409785,-576.7820302364372,2179.353959480627
5000.0,1892.6713190172302,-104.82495705020568,-484.2718773059707,1829.668131296212
6000.0,1651.527465847692,-104.82600810906867,-422.6004432941905,1596.5437155859067
7000.0,1479.281856440879,-104.8270335094436,-378.5510372853162,1430.0258469571047
8000.0,1353.3156493857691,-105.63053332562363,-364.62797458549403,1303.2688467933644
9000.0,1252.8390438984613,-105.63150761375458,-337.5767715160637,1206.5022143573553
10000.0,1172.4577595086153,-105.63245644788904,-315.93677798429553,1129.0886369762402
11000.0,1106.6912540987414,-105.63337988543265,-298.2321582437247,1065.7500230766757
12000.0,1051.885832923846,-105.63427681669373,-283.4790013079905,1012.967650679585
13000.0,1013.510215006627,-84.85438810336373,90.89888805398358,1009.425751639678
14000.0,972.9608282204396,-106.43253535062726,-275.23714937909796,933.2187765219214
15000.0,938.5117063390769,-106.43337626994894,-265.505181381919,900.1728842810363
16000.0,916.4951246928845,-85.67419114983065,69.12930322165543,913.8842667547758
17000.0,881.7719761815384,-106.4557400663057,-249.78359455354092,845.6535779330729
18000.0,858.1304219492307,-106.45648233525618,-243.09720470544727,822.9772597946815
19000.0,836.9774523729554,-106.45719879239252,-237.11488037835082,802.6878529564798
20000.0,826.0661797543075,-85.69788896283676,61.9677407527867,823.7386311445345
21000.0,819.6184188136264,-86.441052974712,50.87814755884792,818.037753749501
22000.0,795.6445270493706,-107.20171166481391,-235.30119775109992,760.0549715385819
23000.0,750.7040606559196,-86.68236436048454,43.44423027590155,749.4459190235284
24000.0,737.5984164619231,-86.703750024093,42.41093907649497,736.3781204067557
25000.0,717.9080238034462,-107.46432845515908,-215.45279168388515,684.815321964243
26000.0,714.4115075033135,-86.7049003948434,41.063402241433224,713.2303968911555
27000.0,704.1062146328204,-86.72620510120247,40.209685136688314,702.9571414430383
28000.0,694.5370141102198,-86.72670189455803,39.657200558603236,693.4039013540337
29000.0,700.2037584512466,-87.45019271531106,31.150555925677395,699.5105047208176
30000.0,691.8884531695384,-87.45067709268355,30.77478249624592,691.2036924030754
31000.0,684.1096191963275,-87.45115514982707,30.42308229946797,683.4328109919394
32000.0,676.8169623464422,-87.45162679954245,30.093204155510403,676.1476167106707
33000.0,669.9662846995803,-87.45209205991036,29.78316860806605,669.3039559884752
34000.0,663.5185880907692,-87.45255048697581,29.491234406682835,662.8628695553386
35000.0,657.4393312881757,-87.45300176713421,29.215858205504986,656.7898506782511
36000.0,613.9178109746153,-87.8029462537084,23.53541418483857,613.4665132759992
37000.0,628.2498431104366,-88.54138328348209,15.992046038533283,628.0462720467256
38000.0,623.1045261864776,-88.54181253271528,15.856405766124379,622.9027411645054
39000.0,618.2230716688757,-88.54223437916103,15.727635056447918,618.0229832613275
40000.0,613.5856898771538,-88.542648833462,15.60522277023404,613.3872152599156
41000.0,609.1745218313696,-88.54305517875068,15.488715360082944,608.9775839429332
42000.0,604.9734094068132,-88.54345343833184,15.377695176270672,604.7779365852969
43000.0,600.967697560143,-88.54384363546424,15.271783404327005,600.7736230414838
44000.0,597.1440635246853,-88.54422579336064,15.170635651978243,596.9513249978496
45000.0,560.5541687796923,-88.9765999351547,10.011918399538255,560.4647514574425
46000.0,581.0771303279598,-89.66246565193437,3.423155380110544,581.0670472479234
47000.0,577.7310084060884,-89.66282296803213,3.3998403371670136,577.7210046030849
48000.0,574.5243082309615,-89.66317122220497,3.377477495708044,574.5143804936747
49000.0,571.4484937772685,-89.66351044068529,3.3560123998578573,571.4386390690437
50000.0,568.4957119017231,-89.66384064965379,3.335394935201383,568.4859273467314
51000.0,565.6587253938461,-89.66416187523953,3.315578903187716,565.6490082646015
52000.0,562.9308537516567,-89.66447414352001,3.2965216446401824,562.9212014577312
53000.0,560.3059206620029,-89.66477748052131,3.2781837058884262,560.2963307398016
54000.0,526.5062073164102,-90.22307191221809,-2.0498621494049423,526.5022169068988
55000.0,524.0704108197482,-90.22335746453372,-2.042990648062103,524.0664286958205
56000.0,521.7216070551099,-90.2236336053404,-2.0363487278607226,521.7176329701969
57000.0,519.4552174576518,-90.22390036213318,-2.0299211612587253,519.451251191154
58000.0,547.5571792256234,-90.8766577623527,-8.377606979550094,547.4930869178328
59000.0,545.4431185607823,-90.87690583338538,-8.347623225073196,545.3792375694219
60000.0,543.3995265847692,-90.87714395006334,-8.31860554790981,543.335850367238
61000.0,541.4229376243632,-90.87738226962213,-8.290598794376175,541.3594585461916
62000.0,512.4287095981638,-91.52412079085535,-13.6294706608833,512.2474206376675
63000.0,510.57660627120885,-91.52435951255951,-13.58233536186955,510.3959159687142
64000.0,508.78238117322115,-91.52459843353407,-13.53672631850414,508.6022693941414
65000.0,507.0433630013255,-91.52483755258132,-13.492573141117152,506.8638105386155
66000.0,505.3570423497902,-91.52507686850653,-13.449809705603522,505.1780308677434
67000.0,503.7210596281516,-91.52531638011781,-13.408373835098816,503.5425716103913
68000.0,502.13319404538464,-91.5255560862262,-13.368207009742614,501.95521274667976
69000.0,474.9613535519733,-92.30129598564561,-19.071785095757374,474.5782910976689
70000.0,473.4635656440879,-92.3015360771928,-19.01362472646024,473.0816315047276
71000.0,472.0079689448754,-92.30177635968745,-18.957147901810053,471.62712951111644
72000.0,470.5928054873077,-92.30201683191885,-18.902284515518378,470.21302854824154
73000.0,469.2164136313172,-92.30225749265189,-18.848968302109743,468.8376682978677
74000.0,467.87722155521834,-92.30249834065467,-18.79713657762138,467.4994781887068
75000.0,466.5737412678154,-92.3027393746984,-18.74673000083658,466.196971413288
76000.0,465.3045630932389,-92.30296904352424,-18.6975986301928,464.9287431863663
77000.0,443.75315058553446,-93.0981873805266,-23.983625519477513,443.1045524044291
78000.0,442.54863583443785,-93.09839441903392,-23.92012165562545,441.9017117628104
79000.0,441.37461512767277,-93.09858939730874,-23.858164668171405,440.72932606960444
80000.0,440.22994493857686,-93.0987723509328,-23.797694065199792,439.58625339949106
81000.0,439.11353821094013,-93.09894331541147,-23.738652352176405,438.4714082179513
82000.0,438.0243609156848,-93.0991023261798,-23.680984849198396,437.3837579428003
83000.0,436.96142885645963,-93.09924941860262,-23.624639521413446,436.3223197542868
84000.0,435.9238047034066,-93.09938462797474,-23.56956682155207,435.28615763304276
85000.0,416.6845952363077,-94.06400798952099,-29.53079512416964,415.6368415414831
86000.0,415.6949487800715,-94.06411857389635,-29.461458329196738,414.64962669027364
87000.0,414.72805281708224,-94.06421641907961,-29.393638179060332,413.6851119245737
88000.0,413.78313176234263,-94.06430156297412,-29.3272807360822,412.74252353698574
89000.0,412.85944488860844,-94.06437362940797,-29.26233152035794,411.8211228042129
90000.0,411.95628438984613,-94.06443265737016,-29.198741354297727,410.9202036303552
91000.0,455.8461735723753,-94.47847868577219,-35.594579943209,454.4543539666471
92000.0,410.2088651639799,-94.06451216741496,-29.075455154070283,409.1771388612808
93000.0,409.3633397321091,-94.0645320447744,-29.015666280340977,408.33372996476066
94000.0,394.58560420304417,-95.15953835853698,-35.48479738420011,392.9868041027379
95000.0,393.77549047459104,-95.1595311493083,-35.41189509782534,392.17997728604826
96000.0,392.9822541154807,-95.15951045761325,-35.34041868053638,391.3899677523284
97000.0,392.20537314521806,-95.15947603139612,-35.27032001265734,390.61625574236473
98000.0,391.4443468886342,-95.15942820439824,-35.201556867718416,389.8583423567568
99000.0,390.69869489986013,-95.15936701690131,-35.134086806826794,389.1157490268215
100000.0,389.96795595086155,-95.1592925091069,-35.06786909699173,388.3880163257993
1000.0,4221.11,4.01,4210.776132881938,-295.18467245408505
2000.0,3898.6821975430757,-98.57320472113048,-581.1879374850429,3855.11912380943
3000.0,2857.303731695384,-104.37060369300768,-709.1625305150471,2767.9004896263637
4000.0,2254.387098771538,-104.922503869183,-580.5324825744201,2178.3579200359923
5000.0,1892.6713190172302,-104.92240524630792,-487.3830600672922,1828.8418396870363
6000.0,1651.527465847692,-104.92230779811182,-425.28323061648325,1595.831176599112
7000.0,1479.281856440879,-104.92221149842278,-380.9260289012786,1429.3950368252563
8000.0,1353.3156493857691,-105.7246163204338,-366.7675251153028,1302.6683497318961
9000.0,1252.8390438984613,-105.72452223743899,-339.534975312107,1205.9525987600912
10000.0,1172.4577595086153,-105.7244292228153,-317.74881456625343,1128.5800320197511
11000.0,1106.6912540987414,-105.72433725004038,-299.92366574877684,1065.2752351493305
12000.0,1051.885832923846,-105.72424629267577,-285.06927737516094,1012.521265259499
13000.0,1013.510215006627,-84.96415632319979,88.96484755746835,1009.5980446800874
14000.0,972.9608282204396,-106.52054655497996,-276.67032773566933,932.7948879587843
15000.0,938.5117063390769,-106.5204585437756,-266.8730221157523,899.7683107346529
16000.0,916.4951246928845,-85.76037146150178,67.75462462572736,913.9872123983205
17000.0,881.7719761815384,-106.5202852811901,-250.73608703563954,845.3716535566779
18000.0,858.1304219492307,-106.52022073597522,-244.0125709948149,822.7063183610936
19000.0,836.9774523729554,-106.5201569975745,-237.99675291717082,802.4268199540728
20000.0,826.0661797543075,-85.76009403936932,61.07338505227251,823.8054230048093
21000.0,819.6184188136264,-86.50253183429278,50.00035695857617,818.0918755021125
22000.0,795.6445270493706,-107.26247035543321,-236.1070573846311,759.8050216185644
23000.0,750.7040606559196,-86.74240959674259,42.658796927842594,749.4910364573788
24000.0,737.5984164619231,-86.74234955150632,41.914839765773905,736.4065250760249
25000.0,717.9080238034462,-107.50231095197891,-215.90672182716676,684.6723436149703
26000.0,706.7783075033135,-107.50227296948209,-212.55907661907966,674.0580204285775
27000.0,696.4730146328204,-107.48147559690746,-209.21870771659437,664.3057973953917
28000.0,694.5370141102198,-86.70072032641175,39.97163011409438,693.385846953312
29000.0,700.2037584512466,-87.4237463079799,31.473430474420613,699.4960518283312
30000.0,691.8884531695384,-87.42377275438723,31.09934711602882,691.1891653073659
31000.0,684.1096191963275,-87.42379965872553,30.74937929646918,683.4182077979968
32000.0,676.8169623464422,-87.42382701421663,30.421265926566644,676.1329359669521
33000.0,669.9662846995803,-87.42385481400196,30.113019995957906,669.2891965816287
34000.0,663.5185880907692,-87.42388305124786,29.822888266257362,662.8480309071048
35000.0,657.4393312881757,-87.42391171868358,29.54931788032907,656.7749326348037
36000.0,613.9178109746153,-87.77344080873203,23.851326159570906,613.4543119681313
37000.0,628.2498431104366,-88.51147031417702,16.319934118433054,628.0378373304097
38000.0,623.1045261864776,-88.51150022714631,16.185949937916458,622.8942651675982
39000.0,618.2230716688757,-88.51153053945188,16.058820851964292,618.0144663489232
40000.0,613.5856898771538,-88.5115612432916,15.938032585885733,613.3786578772642
41000.0,609.1745218313696,-88.51159233088177,15.82312104368178,608.9689868038558
42000.0,604.9734094068132,-88.51162379372963,15.713666342053353,604.769300460427
43000.0,600.967697560143,-88.51165562337424,15.609287662244077,600.7649487523527
44000.0,597.1440635246853,-88.51168781138632,15.509638810861606,596.9426134116495
45000.0,560.5541687796923,-88.9437203493683,10.333543370306344,560.4589137641632
46000.0,581.0771303279598,-89.62925322895408,3.7599796747593555,581.064965337803
47000.0,577.7310084060884,-89.62928644137708,3.737993017163541,577.7189156346877
48000.0,574.5243082309615,-89.62931997790372,3.716908984519203,574.5122847562667
49000.0,571.4484937772685,-89.62935382914803,3.696672260911378,571.43653685646
50000.0,568.4957119017231,-89.62938798575956,3.677231960899283,568.4838189568395
51000.0,565.6587253938461,-89.62942243842346,3.6585411951306814,565.6468939988216
52000.0,562.9308537516567,-89.62945717786027,3.640556686078187,562.9190816206043
53000.0,560.3059206620029,-89.62949219482593,3.623238427277701,560.2942056386036
54000.0,526.5062073164102,-90.18752748011164,-1.7232369797720324,526.50338726073
55000.0,524.0704108197482,-90.18756302454373,-1.7155898147986046,524.067602746408
56000.0,521.7216070551099,-90.18759881898373,-1.708226736362151,521.7188105000467
57000.0,519.4552174576518,-90.18763485377009,-1.7011327950948139,519.4524319812062
58000.0,547.5571792256234,-90.84017111927845,-8.02895510684663,547.4983108662653
59000.0,545.4431185607823,-90.84020760592152,-7.998303463249732,545.3844723926611
60000.0,543.3995265847692,-90.840244304149,-7.968684522002541,543.341095040252
61000.0,541.4229376243632,-90.8402812037949,-7.940047475194179,541.3647135082658
62000.0,512.4287095981638,-91.48681830486072,-13.295968498104207,512.2561855577117
63000.0,510.57660627120885,-91.48685560734671,-13.248244342176632,510.4046971700741
64000.0,508.78238117322115,-91.48689311125193,-13.202021402986169,508.6110675390066
65000.0,507.0433630013255,-91.48693081657422,-13.157230457775494,506.87262625868334
66000.0,505.3570423497902,-91.48696872331021,-13.11380647909455,505.1868647660552
67000.0,503.7210596281516,-91.48700683145542,-13.071688321717554,503.55142426303166
68000.0,502.13319404538464,-91.48704514100407,-13.030818437183951,501.9640847043512
69000.0,474.9613535519733,-92.2625836519493,-18.751128297790657,474.5910687691904
70000.0,473.4635656440879,-92.26262236428299,-18.692316372003713,473.0944359227473
71000.0,472.0079689448754,-92.2626612779959,-18.635169816647153,471.63996140421693
72000.0,470.5928054873077,-92.2627003930776,-18.579619295360338,470.2258886144557
73000.0,469.2164136313172,-92.26273970951644,-18.52559927102217,468.8505572063287
74000.0,467.87722155521834,-92.26277922729957,-18.473047749044323,467.5123965811948
75000.0,466.5737412678154,-92.26281894641292,-18.42190604120193,466.2099199056746
76000.0,465.3045630932389,-92.26285886684121,-18.372118548110073,464.94171860077705
77000.0,443.75315058553446,-93.0578989770179,-23.672043874104542,443.12130731145226
78000.0,442.54863583443785,-93.05793926542141,-23.608099689445314,441.91849102292053
79000.0,441.37461512767277,-93.05797972057502,-23.54578184578203,440.7461253787401
80000.0,440.22994493857686,-93.05802033025175,-23.485029299637393,439.60306848271387
81000.0,439.11353821094013,-93.05806108227243,-23.425784018711447,438.48823482875736
82000.0,438.0243609156848,-93.05810196450557,-23.36799079829011,437.4005918624769
83000.0,436.96142885645963,-93.05814296486724,-23.311597090925495,436.33915679130746
84000.0,435.9238047034066,-93.05818407132098,-23.256552848281526,435.3029936224983
85000.0,416.6845952363077,-94.02272527187763,-29.231313098976962,415.658011160323
86000.0,415.6949487800715,-94.02276655459528,-29.16218606759178,414.67078188006616
87000.0,414.72805281708224,-94.02280790661459,-29.094654142310574,413.7062471051022
88000.0,413.78313176234263,-94.02284931512705,-29.028662865880666,412.76363316463727
89000.0,412.85944488860844,-94.02289076737489,-28.964160225607873,411.84220115980736
90000.0,411.95628438984613,-94.02293225023692,-28.90109651459366,410.9412450321115
91000.0,455.8461735723753,-94.43697375064406,-35.265364910522564,454.4800193609217
92000.0,410.2088651639799,-94.02301525557918,-28.779097843986854,409.1980896661255
93000.0,409.3633397321091,-94.02305675249102,-28.72007391672944,408.3546268512747
94000.0,394.58560420304417,-95.11809822778332,-35.20055384924996,393.0123662850668
95000.0,393.77549047459104,-95.11813966791406,-35.12856815121406,392.20545712438815
96000.0,392.9822541154807,-95.11818105939547,-35.058086589761295,391.41535817383186
97000.0,392.20537314521806,-95.11822238879368,-34.98906254530356,390.64154953893546
98000.0,391.4443468886342,-95.11826364243629,-34.921451296442356,389.8835325458355
99000.0,390.69869489986013,-95.11830480699825,-34.855209928013295,389.14082866916976
100000.0,389.96795595086155,-95.11834586920816,-34.790297238879376,388.4129785248216
1000.0,4221.11,4.01,4210.776132881938,-295.18467245408505
2000.0,3898.6821975430757,-98.53238681584804,-578.4413769976284,3855.532187755199
3000.0,2857.303731695384,-104.32992763375333,-707.1973331629898,2768.4032486484916
4000.0,2254.387098771538,-104.88196830981258,-578.9911949882636,2178.7680893646334
5000.0,1892.6713190172302,-104.88200884537194,-486.09351372706715,1829.1850146288907
6000.0,1651.527465847692,-104.88204924177288,-424.1618239495627,1596.1296054998413
7000.0,1479.281856440879,-104.88208950032922,-379.9249860327372,1429.661433970714
8000.0,1353.3156493857691,-105.68462962232732,-365.858304228827,1302.923999356537
9000.0,1252.8390438984613,-105.68466960902542,-338.69608136093456,1206.1884738245337
10000.0,1172.4577595086153,-105.68470946165384,-316.9663607664034,1128.8000371963424
11000.0,1106.6912540987414,-105.684749181415,-299.18755066259575,1065.4822107511518
12000.0,1059.884032923846,-84.92478876948363,93.7608982381171,1055.728685415196
13000.0,1013.510215006627,-84.94558822700681,89.29202777511263,1009.5691604335921
14000.0,972.9608282204396,-106.502106795103,-276.37010781450266,932.8838817119758
15000.0,938.5117063390769,-106.50212523486289,-266.5851036509277,899.8536577949271
16000.0,908.3687246928846,-106.5021435681718,-258.02324098719475,870.9522071334578
17000.0,881.7719761815384,-106.48140179606513,-250.16232222968432,845.5416196236275
18000.0,858.1304219492307,-106.48144067955026,-243.4556748728199,822.8712872904149
19000.0,836.9774523729554,-106.48147945960667,-237.4550201985579,802.5872969111991
20000.0,826.0661797543075,-85.72151813714464,61.628020004665146,823.7641170166254
21000.0,819.6184188136264,-86.46405671304687,50.54970869232588,818.0581149341837
22000.0,795.6445270493706,-107.22409518816812,-235.5981075605796,759.9629893208552
23000.0,743.0708606559197,-107.46413356333538,-223.00204918642217,708.8190107598595
24000.0,737.5984164619231,-86.68341183936879,42.6723272792818,736.3630194759282
25000.0,717.9080238034462,-107.44347077708093,-215.20348056021788,684.8937089769021
26000.0,714.4115075033135,-86.68352961725583,41.329427493146696,713.2150310223738
27000.0,696.4730146328204,-107.46434836060806,-209.02011965527515,664.3683087648171
28000.0,694.5370141102198,-86.70436548784434,39.927516777967185,693.3883885479225
29000.0,700.2037584512466,-87.42736184268291,31.429290123068913,699.4980365030424
30000.0,691.8884531695384,-87.42735822714822,31.056093608819868,691.1911100984277
31000.0,684.1096191963275,-87.42735464167545,30.706975763665916,683.420114363335
32000.0,676.8169623464422,-87.4273510866925,30.37967918518051,676.1348057987186
33000.0,669.9662846995803,-87.42734756262003,30.07222009515072,669.2910310266439
34000.0,663.5185880907692,-87.42734406987141,29.782848100731414,662.8498311842409
35000.0,657.4393312881757,-87.42734060885279,29.5100128536849,656.7766998501234
36000.0,613.9178109746153,-87.77683717996261,23.814961858501597,613.4557247459197
37000.0,628.2498431104366,-88.51483378359138,16.283065998567483,628.0387942874027
38000.0,623.1045261864776,-88.51483042012197,16.149745531773924,622.8952048886986
39000.0,618.2230716688757,-88.51482708992899,16.02326295532653,618.015389280853
40000.0,613.5856898771538,-88.51482379337851,15.903105404687487,613.3795644301415
41000.0,609.1745218313696,-88.51482053082843,15.788810050701365,608.9698773549153
42000.0,604.9734094068132,-88.51481730262849,15.679958143008264,604.7701753574966
43000.0,600.967697560143,-88.51481410911958,15.576169884617071,600.7658083167393
44000.0,597.1440635246853,-88.51481095063383,15.477100005393744,596.9434579406968
45000.0,560.5541687796923,-88.9468078274946,10.303342097011612,560.4594697905671
46000.0,581.0771303279598,-89.63230474001647,3.729032779726997,581.0651647661426
47000.0,577.7310084060884,-89.63230168850541,3.7075899820372955,577.7191115502766
48000.0,574.5243082309615,-89.63229867325828,3.6870412110932795,574.5124772147012
49000.0,571.4484937772685,-89.63229569456291,3.6673317112702075,571.4367259097269
50000.0,568.4957119017231,-89.63229275269751,3.648411107318915,568.4840046536392
51000.0,565.6587253938461,-89.63228984793056,3.6302329749244944,565.6470763848589
52000.0,562.9308537516567,-89.63228698052106,3.6127544608136652,562.9192607388514
53000.0,560.3059206620029,-89.6322841507184,3.5959359458716746,560.2943815295383
54000.0,526.5062073164102,-90.19028135876252,-1.7485429680229296,526.5033038264809
55000.0,524.0704108197482,-90.19027860488386,-1.7404284256015496,524.0675208460023
56000.0,521.7216070551099,-90.19027588930352,-1.7326033631817395,521.7187301159049
57000.0,519.4552174576518,-90.19027321223321,-1.7250525607028593,519.4523530966427
58000.0,547.5571792256234,-90.84277057387474,-8.053794572140559,547.4979460367967
59000.0,545.4431185607823,-90.84276797442014,-8.022674975018925,545.3841144290479
60000.0,543.3995265847692,-90.84276541405164,-7.992592429084457,543.3407438788424
61000.0,541.4229376243632,-90.84276289294175,-7.963495947634048,541.3643690880358
62000.0,512.4287095981638,-91.48926041125259,-13.317802277542986,512.255618381034
63000.0,510.57660627120885,-91.4892579691462,-13.269645151967067,510.40414123414587
64000.0,508.78238117322115,-91.4892555667844,-13.22299276243437,508.61052275262404
65000.0,507.0433630013255,-91.48925320432886,-13.177775673684922,506.8720925361624
66000.0,505.3570423497902,-91.4892508819411,-13.133928658722839,505.1863420268953
67000.0,503.7210596281516,-91.48924859978248,-13.091390384766493,503.55091243160456
68000.0,502.13319404538464,-91.48924635801416,-13.050103126908468,501.9635837096123
69000.0,474.9613535519733,-92.26474415679714,-18.769024127980508,474.59036136567903
70000.0,473.4635656440879,-92.26474199629229,-18.70981827851783,473.0937440850369
71000.0,472.0079689448754,-92.26473987666029,-18.65228014308546,471.6392850398812
72000.0,470.5928054873077,-92.26473779806162,-18.596340245908227,470.22522763658
73000.0,469.2164136313172,-92.26473576065663,-18.541932918158867,468.84991153320465
74000.0,467.87722155521834,-92.2647337646055,-18.488996040730648,467.5117661360372
75000.0,466.5737412678154,-92.26473181006818,-18.437470807589442,466.2093046163554
76000.0,465.3045630932389,-92.26472989720453,-18.38730150780887,464.9411183995785
77000.0,443.75315058553446,-93.05972802617417,-23.686189592496522,443.1205514046672
78000.0,442.54863583443785,-93.05972619712502,-23.62188216191976,441.9177545223209
79000.0,441.37461512767277,-93.05972441019331,-23.559202809249385,440.74540819172915
80000.0,440.22994493857686,-93.05972266550368,-23.498090492148727,439.60237051663546
81000.0,439.11353821094013,-93.05972096316844,-23.438487182661035,438.4875559907248
82000.0,438.0243609156848,-93.05971930328755,-23.380337683400604,437.3999320592131
83000.0,436.96142885645963,-93.05971768594877,-23.323589457033155,436.3385159289959
84000.0,435.9238047034066,-93.05971611122769,-23.26819246793531,435.3023716066441
85000.0,416.6845952363077,-94.02421457918777,-29.24211741918917,415.6572512011404
86000.0,415.6949487800715,-94.02421308988046,-29.172655170032666,414.67004549592997
87000.0,414.72805281708224,-94.02421164334518,-29.10478986538327,413.7055341669246
88000.0,413.78313176234263,-94.02421023960845,-29.038467072559513,412.76294354160245
89000.0,412.85944488860844,-94.02420887868396,-28.973634805207286,411.84153471924657
90000.0,411.95628438984613,-94.02420756057266,-28.91024338738918,410.94060163917817
91000.0,455.8461735723753,-94.43820628526232,-35.27514157984054,454.4792606347382
92000.0,410.2088651639799,-94.02420505272771,-28.787595195254998,409.1974919546726
93000.0,409.3633397321091,-94.02420386293055,-28.72824951935925,408.3540517690251
94000.0,394.58560420304417,-95.11920271582012,-35.20812992354042,393.0116876526302
95000.0,393.77549047459104,-95.11920161133209,-35.135837441579206,392.20480596976836
96000.0,392.9822541154807,-95.11920054938867,-35.065051216584266,391.41473430731065
97000.0,392.20537314521806,-95.11919952989868,-34.995724669932336,390.6409527671235
98000.0,391.4443468886342,-95.11919855275757,-34.927813124056605,389.8829626714155
99000.0,390.69869489986013,-95.11919761784725,-34.86127370642953,389.14028549100306
100000.0,389.96795595086155,-95.1191967250364,-34.79606525930858,388.4124618378806
1000.0,4221.11,4.01,4210.776132881938,-295.18467245408505
2000.0,3898.6821975430757,-98.53319587418056,-578.4958198757072,3855.524019355299
3000.0,2857.303731695384,-104.33069506512223,-707.2344136578894,2768.393776054691
4000.0,2254.387098771538,-104.88269429769086,-579.0188018481903,2178.7607528624703
5000.0,1892.6713190172302,-104.88269357170299,-486.11537378666713,1829.179205326441
6000.0,1651.527465847692,-104.88269288697666,-424.17975440867235,1596.1248404805615
7000.0,1479.281856440879,-104.88269224333145,-379.94002583545364,1429.657437137767
8000.0,1353.3156493857691,-105.68519164058844,-365.8710846827841,1302.920410564463
9000.0,1252.8390438984613,-105.68519107857018,-338.7070593030438,1206.1853911794385
10000.0,1172.4577595086153,-105.68519055710064,-316.9758389500085,1128.7973756852468
11000.0,1106.6912540987414,-105.6851900760052,-299.195749605679,1065.4799084527783
12000.0,1051.885832923846,-105.6851896351106,-284.3790085909735,1012.7153523960759
13000.0,1005.512015006627,-105.66442923424498,-271.49098794981256,968.1668532772242
14000.0,972.9608282204396,-106.44021039323775,-275.36215601008064,933.1818988219197
15000.0,938.5117063390769,-106.44027228963961,-265.6135226906344,900.1409220224117
16000.0,908.3687246928846,-106.44033414258483,-257.0835269633652,871.2300500810646
17000.0,881.7719761815384,-106.44039595201042,-249.55711507601276,845.7204409815536
18000.0,858.1304219492307,-106.44043695785447,-242.86672478467017,823.0453055981377
19000.0,836.9774523729554,-106.44047796157616,-236.88061903771012,802.7570168519452
20000.0,826.0661797543075,-85.68051896307419,62.2174655417712,823.7198069218892
21000.0,819.6184188136264,-86.42305996224827,51.135039421377,818.0217357759653
22000.0,795.6445270493706,-107.18310095899906,-235.05430573638574,760.1313615279943
23000.0,743.0708606559197,-107.42314195322824,-222.49487570380495,708.9783736063305
24000.0,737.5984164619231,-86.66318294483834,42.93230554104401,736.3479076551158
25000.0,717.9080238034462,-107.42320317373287,-214.96119525933963,684.969791431743
26000.0,714.4115075033135,-86.66322344133621,41.58219516627234,713.2003386835364
27000.0,696.4730146328204,-107.42324374751215,-208.54344088311126,664.5180910828246
28000.0,694.5370141102198,-86.66328485212523,40.42466064407331,693.359582598345
29000.0,700.2037584512466,-87.38632593276095,31.930270724899028,699.475347071422
30000.0,691.8884531695384,-87.38636696867087,31.55058615071761,691.1687146731126
31000.0,684.1096191963275,-87.38640795992936,31.195377082097934,683.3979949675371
32000.0,676.8169623464422,-87.3864489066111,30.862348972408885,676.1129461382695
33000.0,669.9662846995803,-87.38648980879118,30.549485401807665,669.2694162860304
34000.0,663.5185880907692,-87.38653066654501,30.255007176242547,662.828447852635
35000.0,657.4393312881757,-87.38657147994834,29.97733843805303,656.7555355722661
36000.0,613.9178109746153,-87.73611224907724,24.250990400546396,613.4386424871326
37000.0,628.2498431104366,-88.47415297400812,16.72897823699401,628.0270747789734
38000.0,623.1045261864776,-88.47419365481771,16.59152696164095,622.8835940905459
39000.0,618.2230716688757,-88.47423429158302,16.4611091942458,618.00388204913
40000.0,613.5856898771538,-88.47427488438136,16.337197445823335,613.368156005542
41000.0,609.1745218313696,-88.47431543329036,16.219315689667933,608.958563325155
42000.0,604.9734094068132,-88.47435593838789,16.1070332348923,604.7589516242597
43000.0,600.967697560143,-88.47439639975214,15.999959454819846,600.7546710664709
44000.0,597.1440635246853,-88.4744368174615,15.897739234234008,596.9324036187127
45000.0,560.5541687796923,-88.90647719159467,10.697848269863513,560.4520783962593
46000.0,581.0771303279598,-89.59201752223058,4.137604655232371,581.0623990742249
47000.0,577.7310084060884,-89.59205780944836,4.113372117111832,577.7163648744443
48000.0,574.5243082309615,-89.59209805332742,4.090137286316425,574.5097488513524
49000.0,571.4484937772685,-89.59213825394735,4.067839097556498,571.4340151980675
50000.0,568.4957119017231,-89.59217841138796,4.0464213707167,568.4813109722584
51000.0,565.6587253938461,-89.59221852572928,4.025832331916312,565.6443991486399
52000.0,562.9308537516567,-89.59225859705148,4.006024189834035,562.9165993961801
53000.0,560.3059206620029,-89.59229862543495,3.9869527599939936,560.2917355597746
54000.0,526.5062073164102,-90.15033861096023,-1.3815000287078887,526.5043948538145
55000.0,524.0704108197482,-90.15037855370804,-1.375474085707368,524.0686057834596
56000.0,521.7216070551099,-90.15041845375922,-1.369672739373044,521.7198091550229
57000.0,519.4552174576518,-90.15045831119475,-1.3640841541663797,519.4534264189588
58000.0,547.5571792256234,-90.8029981260958,-7.673741397535113,547.5034047515003
59000.0,545.4431185607823,-90.80303789854358,-7.644492476992263,545.389546397876
60000.0,543.3995265847692,-90.80307762861945,-7.616227901351769,543.3461498576262
61000.0,541.4229376243632,-90.80311731640488,-7.588899245601427,541.3697497958628
62000.0,512.4287095981638,-91.44965696198142,-12.963722618686752,512.2647014154937
63000.0,510.57660627120885,-91.44969656543068,-12.917219823349708,510.41318194523575
64000.0,508.78238117322115,-91.4497361268344,-12.872178412631685,508.6195222513645
65000.0,507.0433630013255,-91.44977564627435,-12.828530925335755,506.88105188297544
66000.0,505.3570423497902,-91.44981512383241,-12.786213988857492,505.1952622346718
67000.0,503.7210596281516,-91.44985455959052,-12.745168014065857,503.5597944685428
68000.0,502.13319404538464,-91.4498939536307,-12.705336917106653,501.97242850184784
69000.0,474.9613535519733,-92.22543330603509,-18.443401496151846,474.6031271590762
70000.0,473.4635656440879,-92.22547261688585,-18.385564935307254,473.10645630177476
71000.0,472.0079689448754,-92.22551188626525,-18.329364379755148,471.65194492220706
72000.0,470.5928054873077,-92.22555111425565,-18.27473165213032,470.2378363758681
73000.0,469.2164136313172,-92.22559030093946,-18.22160231084283,468.8624702727452
74000.0,467.87722155521834,-92.22562944639917,-18.16991539766161,467.5242759736361
75000.0,466.5737412678154,-92.22566855071739,-18.119613205490584,466.22176660676166
76000.0,465.3045630932389,-92.22570761397674,-18.070641064477236,464.953533556751
77000.0,443.75315058553446,-93.02074663625996,-23.384705470982787,443.1365638317644
78000.0,442.54863583443785,-93.02078561764988,-23.32153116143003,441.93370686473816
79000.0,441.37461512767277,-93.02082455822935,-23.259961904181704,440.76130167168407
80000.0,440.22994493857686,-93.02086345808131,-23.19993750108222,439.61820631153154
81000.0,439.11353821094013,-93.02090231728873,-23.14140072674939,438.5033352353603
82000.0,438.0243609156848,-93.0209411359346,-23.084297147308238,437.4156558478547
83000.0,436.96142885645963,-93.02097991410197,-23.028574952227455,436.3541853173274
84000.0,435.9238047034066,-93.02101865187382,-22.974184798168096,435.3179876135988
85000.0,416.6845952363077,-93.98555734933316,-28.96166852465414,415.676886130939
86000.0,415.6949487800715,-93.98559600656303,-28.89316292350343,414.6896135395028
87000.0,414.72805281708224,-93.98563462364635,-28.826237004226737,413.72503653226585
88000.0,413.78313176234263,-93.98567320066604,-28.76083690672877,412.78238139663466
89000.0,412.85944488860844,-93.98571173770499,-28.69691119161401,411.8609091936142
90000.0,411.95628438984613,-93.98575023484597,-28.63441070570249,410.9599138259411
91000.0,455.8461735723753,-94.3997886921717,-34.9703991977921,454.50281092697674
92000.0,410.2088651639799,-93.98582710976478,-28.513499494345897,409.21668270698126
93000.0,409.3633397321091,-93.98586548770774,-28.455000803419853,408.3731833089724
94000.0,394.58560420304417,-95.08090382608297,-34.945416666612516,393.03513443237904
95000.0,393.77549047459104,-95.08094212497271,-34.87393329680065,392.22818062311006
96000.0,392.9822541154807,-95.08098038445907,-34.80394330046608,391.43803798356413
97000.0,392.20537314521806,-95.081018604624,-34.73540048462938,390.66418658120193
98000.0,391.4443468886342,-95.08105678554928,-34.66826054175604,389.9061277052187
99000.0,390.69869489986013,-95.08109492731649,-34.60248095453226,389.16338279473985
100000.0,389.96795595086155,-95.08113303000701,-34.538020906353246,388.4354924313243
1000.0,4221.11,4.01,4210.776132881938,-295.18467245408505
2000.0,4066.243997543076,-103.51567109370204,-950.3272120139195,3953.6335740254112
3000.0,2857.303731695384,-104.28768861848252,-705.1562469222099,2768.923849185266
4000.0,2254.387098771538,-104.83973162492916,-577.3849170514569,2179.1943118200898
5000.0,1892.6713190172302,-104.83977458760191,-484.74504039080944,1829.5428302302557
6000.0,1659.468265847692,-84.07981750658601,171.16239499693594,1650.6175692432391
7000.0,1479.281856440879,-104.86062038196641,-379.38925550835637,1429.8036940783124
8000.0,1353.3156493857691,-105.66314245382777,-365.3696535608395,1303.0611125842327
9000.0,1252.8390438984613,-105.66316450301453,-338.2433328771434,1206.31551332169
10000.0,1172.4577595086153,-105.66318652959009,-316.54230916109566,1128.9190247059012
11000.0,1106.6912540987414,-105.66320853361759,-298.78695592160943,1065.5946165731802
12000.0,1059.884032923846,-84.90323051515999,94.15812272619662,1055.6933319726875
13000.0,1005.512015006627,-105.68401247427994,-271.82188378673766,968.074003275223
14000.0,972.9608282204396,-106.4804928910399,-276.0181728359475,932.988071475573
15000.0,938.5117063390769,-106.4804526085421,-266.2447071246384,899.9544315483986
16000.0,916.4951246928845,-85.7204124282232,68.39203803889565,913.9397369185301
17000.0,881.7719761815384,-106.50113234993756,-250.4534807483147,845.4554228107767
18000.0,866.2568219492307,-85.74107161353963,64.33160179841347,863.8647617443552
19000.0,836.9774523729554,-106.52177097888395,-238.01935661486385,802.4201154366516
20000.0,826.0661797543075,-85.76168968586664,61.0504426365193,823.8071235354554
21000.0,811.3032188136262,-107.26410851514385,-240.77591642668853,774.7514897863953
22000.0,803.9597270493707,-86.48326746659096,49.314913790664555,802.445812497715
23000.0,743.0708606559197,-107.50396730008336,-223.49478739466295,708.6638017870981
24000.0,729.9652164619231,-107.5038864747365,-219.55199666397408,696.1653093950922
25000.0,725.5412238034462,-86.7230457712066,41.473724586671636,724.3548837462969
26000.0,714.4115075033135,-86.74374592860913,40.579835139055405,713.258073233836
27000.0,702.4436146328204,-59.350665406121855,358.0933705342519,604.3146280852725
28000.0,694.5370141102198,-86.79173798446325,38.87009664001573,693.4484692868934
29000.0,700.2037584512466,-87.5146095313309,30.36408686315203,699.5450847359436
30000.0,684.0002531695384,-54.27448124773234,399.3896933283703,555.2875103935464
31000.0,676.2214191963275,-54.30759313345328,394.5302866641828,549.2005650803475
32000.0,676.8169623464422,-87.58067194827976,28.570267039784735,676.2136795134662
33000.0,669.9662846995803,-87.58047772523808,28.283350531843784,669.3690123667602
34000.0,655.6303880907692,-54.34028373732164,382.2129157665111,532.6954972677304
35000.0,649.5511312881758,-54.37332998425086,378.3644361271249,527.9744554729441
36000.0,613.9178109746153,-87.99584322574657,21.46993479809603,613.542272815516
37000.0,628.2498431104366,-88.73358349476989,13.885162142740965,628.0963840371619
38000.0,623.1045261864776,-88.73332406424913,13.77426443032324,622.9522615686361
39000.0,610.6500716688757,-55.4930649338397,345.9369202151317,503.2108477182032
40000.0,613.5856898771538,-88.76604610319744,13.213502482099795,613.4433976938526
41000.0,615.4251218313696,-82.80925433197864,77.0346007677955,610.584761409669
42000.0,604.9734094068132,-88.77141939307994,12.971315664933263,604.8343335651707
43000.0,593.3946975601431,-55.53112232962525,335.83677214030394,489.2146048217236
44000.0,589.5710635246853,-55.56406560369537,333.39322827985785,486.2540429474732
45000.0,566.3289687796922,-83.31247597490915,65.95154249021452,562.4756838497385
46000.0,581.0771303279598,-89.96006997612582,0.4049586549958861,581.0769892180076
47000.0,583.8526084060884,-84.00320192367192,60.99676649260663,580.6576123844753
48000.0,574.5243082309615,-89.9652907795577,0.3480411613845005,574.5242028109999
49000.0,571.4484937772685,-89.96491758683148,0.3498999591399743,571.4483866547595
50000.0,568.4957119017231,-89.96454480749858,0.35179072152631896,568.4956030559385
51000.0,571.780325393846,-84.00767244110247,59.691170908248296,568.65605124987
52000.0,562.9308537516567,-89.96975698718711,0.2971374920963384,562.9307753311058
53000.0,560.3059206620029,-89.96937948879697,0.2994435724560236,560.3058406463756
54000.0,526.5062073164102,-90.52700240793362,-4.842697472807216,526.4839357700266
55000.0,524.0704108197482,-90.52662574413664,-4.81684840437311,524.0482739864992
56000.0,521.7216070551099,-90.5262494969462,-4.791834151499943,521.6996009138123
57000.0,519.4552174576518,-90.52587366590302,-4.767610922569962,519.4333381966037
58000.0,547.5571792256234,-91.17799825054831,-11.256954048877896,547.4414539538113
59000.0,545.4431185607823,-91.17762325042386,-11.209922969758335,545.3279134725489
60000.0,543.3995265847692,-91.17724866507199,-11.164371298503339,543.2848261327206
61000.0,541.4229376243632,-91.17687449403553,-11.120226423518496,541.3087270219137
62000.0,512.4287095981638,-91.82300073685789,-16.301380592552302,512.1693542288683
63000.0,510.57660627120885,-91.82262739308302,-16.239136213476424,510.3182941326572
64000.0,508.78238117322115,-91.82225446225537,-16.178760091638576,508.5250820895564
65000.0,507.0433630013255,-91.82188194391995,-16.120166127311037,506.78704818466093
66000.0,505.3570423497902,-91.8215098376223,-16.063273438745853,505.1016843160986
67000.0,509.43725962815154,-85.86613814290851,36.72376308655339,508.11188405921325
68000.0,502.13319404538464,-91.82672185932519,-16.00645460446943,501.8780110477196
69000.0,474.9613535519733,-92.6018450314195,-21.56094513231064,474.4717199295697
70000.0,473.4635656440879,-92.60146861969412,-21.489845543855562,472.9756172689188
71000.0,472.0079689448754,-92.6010926236913,-21.420683757975546,471.521661278469
72000.0,470.5928054873077,-92.60071704295387,-21.353379140897502,470.1080958414566
73000.0,469.2164136313172,-92.60034187702517,-21.287855476979825,468.7332610667037
74000.0,467.87722155521834,-92.5999671254491,-21.22404067019102,467.3955867868897
75000.0,466.5737412678154,-92.59959278777004,-21.16186646946794,466.0935865769607
76000.0,470.6505630932388,-86.642718863533,27.562278138571788,469.8428177207722
77000.0,437.63135058553445,-60.161301852283444,217.7478308034423,379.61438486405444
78000.0,447.6012358344379,-87.47766129706741,19.698436628462986,447.16757252165604
79000.0,441.37461512767277,-93.438204421388,-26.47010942065058,440.5801677179308
80000.0,445.2825449385769,-87.48278704152484,19.556596642582956,444.8528794497514
81000.0,439.11353821094013,-93.4433251179414,-26.37368231901074,438.3208052569108
82000.0,438.0243609156848,-93.44290269514075,-26.30504145372451,437.2337882068492
83000.0,436.96142885645963,-93.44248073358153,-26.23799606343169,436.1729678359884
84000.0,435.9238047034066,-93.44205923276205,-26.172489263424772,435.1374085422324
85000.0,416.6845952363077,-94.40613819218117,-32.01214554685365,415.45309536063473
86000.0,415.6949487800715,-94.40571761133832,-31.933072723216377,414.46660819385687
87000.0,419.5172528170822,-88.44879748973354,11.356451131938723,419.3635134687799
88000.0,413.78313176234263,-94.41083432686746,-31.82305273832184,412.55760015477375
89000.0,417.64864488860843,-88.45390916574125,11.26862023005363,417.4965973219444
90000.0,416.7454843898461,-88.45944096831322,11.204030548100604,416.59484929461706
91000.0,455.8461735723753,-94.83546727757975,-38.425405980436445,454.2237577844368
92000.0,414.9980651639799,-88.46453159899434,11.120193327487934,414.8490513309705
93000.0,409.3633397321091,-94.42655289450511,-31.5951085404767,408.1422460772
94000.0,394.58560420304417,-95.52111220709833,-37.964078151053165,392.7550481081334
95000.0,393.77549047459104,-95.5206719987173,-37.88312368548105,391.9489837189724
96000.0,392.9822541154807,-95.52023226884356,-37.80380843127738,391.159716890397
97000.0,386.64677314521805,-62.28129301695917,179.8414391314725,342.2758886552346
98000.0,391.4443468886342,-95.55259274254685,-37.87592116706271,389.60761197237383
99000.0,395.28649489986014,-89.59712120658985,2.7794583677263214,395.2767228934677
100000.0,389.96795595086155,-95.55760518031057,-37.76702201766846,388.1348460476205
1000.0,2160.0,0.0,2160.0,-0.0
2000.0,3660.357797543076,-81.14861870816027,563.226541713334,3616.7658299569293
3000.0,2454.638531695384,-81.1709857605458,376.753262300874,2425.55298862534
4000.0,1851.778898771538,-81.19410246340374,283.48430444913924,1829.9512941787598
5000.0,1490.0631190172303,-81.21774809256527,227.50240892502285,1472.5932067576125
6000.0,1248.919265847692,-81.2413701190603,190.17574831862697,1234.3551018070077
7000.0,1076.673656440879,-81.24420856644784,163.89480471393568,1064.1262403782519
8000.0,947.489449385769,-81.26782497826335,143.84395881891587,936.5068991783509
9000.0,847.0128438984614,-81.29222029573891,128.23354167989424,837.2496142233749
10000.0,766.6315595086152,-81.31659123994619,115.74187310480606,757.8441573600751
11000.0,700.8650540987413,-81.34093783523583,105.5183897509505,692.8763911991792
12000.0,646.059632923846,-81.36526010593421,96.9960493859438,638.7368908222024
13000.0,599.6858150066271,-81.36879807634344,89.99711379379667,592.8942538336402
14000.0,560.6292282204395,-82.18961329074138,76.18680720570737,555.4283949735069
15000.0,525.4877063390768,-81.41740417034168,78.42115356543547,519.6031679916609
16000.0,495.3447246928845,-81.44246721877988,73.70850532660589,489.83002411406676
17000.0,468.7479761815384,-81.44674516398932,69.71623490526754,463.5345852953387
18000.0,445.10642194923065,-81.47179955117527,66.0075809999461,440.1848771947784
19000.0,423.9534523729554,-81.47606882323764,62.83943560128687,419.270479657535
20000.0,404.91577975430755,-81.50111452539328,59.842572990045085,400.4692936443068
21000.0,387.69121881362634,-81.50537510055375,57.268439445256966,383.4381397157826
22000.0,372.03252704937063,-81.53113383396834,54.78996318858306,367.97589746685094
23000.0,357.7354606559196,-81.53608596760097,52.65382355561859,353.83927802842464
24000.0,344.629816461923,-81.56205384893345,50.57035099905091,340.8993253064774
25000.0,332.5726238034461,-81.58799568155925,48.65214645693072,328.99470930190023
26000.0,321.4429075033135,-81.5931307316489,46.99547789928841,317.9889429543129
27000.0,311.13761463282043,-81.59828134684585,45.46115783670561,307.7984703788302
28000.0,301.56841411021975,-81.57603373090514,44.17881331665647,298.3148351035949
29000.0,292.65915845124664,-81.5812494351587,42.847281836518064,289.50560178451445
30000.0,284.3438531695384,-81.58718279525486,41.60073622353919,281.28420784139223
31000.0,276.5650191963275,-81.55987009370735,40.593073522363575,273.5697575118145
32000.0,269.27236234644226,-81.53261781674709,39.64937306385762,266.3372530069287
33000.0,262.42168469958034,-81.53866587087862,38.61323667088702,259.56532617891014
34000.0,255.97398809076918,-81.54470768273298,37.6378113217663,253.191780549844
35000.0,253.84693128817577,-81.16800325878756,38.9750706925542,250.8370155876804
36000.0,244.15321097461532,-81.49070858551303,36.12730026138089,241.46554330802365
37000.0,238.72204311043657,-81.49721372015327,35.29684605429353,236.09817137250477
38000.0,233.57672618647769,-81.50445008992789,34.50689591132742,231.0137683138336
39000.0,228.6952716688757,-81.5116789639022,33.75720835786885,226.19013720227568
40000.0,224.0578898771538,-81.48566034987215,33.17332366727974,221.58851191582264
41000.0,219.64672183136958,-81.49294073562547,32.49261721298021,217.230090544376
42000.0,215.44560940681316,-81.49425704922183,31.866246142054177,213.07593240318607
43000.0,211.4398975601431,-81.50153421156568,31.24720719045994,209.1182496173882
44000.0,207.61626352468534,-81.47556379968374,30.775208956818734,205.322671406778
45000.0,203.96256877969228,-81.44965230148775,30.324835511675747,201.69564649342462
46000.0,200.46773032795983,-81.45151512516117,29.798783136448883,198.24062002130268
47000.0,197.12160840608834,-81.46002368001214,29.27244642360374,194.93602125051308
48000.0,193.9149082309615,-81.4625668582558,28.78774141246023,191.7661533706914
49000.0,190.83909377726843,-81.4710695821771,28.303112617045024,188.72862403439476
50000.0,187.88631190172305,-81.47956343018176,27.83764354736217,185.81262551764763
51000.0,185.04932539384612,-81.48804841155908,27.3902075145553,183.01100885200086
52000.0,182.32145375165675,-81.49056803558861,26.978510222277663,180.3143712639233
53000.0,183.13812066200285,-80.9410472245402,28.835213276682854,180.85381310577483
54000.0,177.1688073164102,-81.50807555680447,26.162520038238505,175.22645014713976
55000.0,174.73301081974824,-81.5170944836556,25.775622444026833,172.82141753196342
56000.0,172.38420705510987,-81.52610401491607,25.402329749251876,170.50230639299068
57000.0,170.11781745765182,-81.5351041603981,25.041926240820082,168.2645944538074
58000.0,167.9295792256233,-81.54409492990361,24.693745564723503,166.10407131939783
59000.0,165.81551856078227,-81.55372883322426,24.35529867319461,164.01708942095215
60000.0,163.7719265847692,-81.56335272764146,24.027921466767555,161.9997003925436
61000.0,164.75153762436315,-80.92646662357888,25.981636213387368,162.68996198065554
62000.0,159.88250959816375,-81.58321703144935,23.402450284868756,158.16049505509008
63000.0,158.0304062712088,-81.59345681515475,23.103413690505153,156.3324712978359
64000.0,156.23618117322113,-81.60368598573268,22.813511216450852,154.56159941450025
65000.0,154.49716300132542,-81.6139045542092,22.532321617677216,152.84524152872956
66000.0,152.81084234979016,-81.62411253159891,22.259449178731053,151.18091963575267
67000.0,151.17485962815152,-81.63430992890494,21.994521808543066,149.56630367166542
68000.0,149.58699404538459,-81.63854175711894,21.752571387655106,147.99694059526666
69000.0,148.04515355197321,-81.64872993722115,21.50231524630895,146.47531508508754
70000.0,146.5473656440879,-81.65968305231534,21.25705565385417,144.99747570958243
71000.0,145.0917689448754,-81.67062483788273,21.018502231687364,143.5612899757092
72000.0,143.67660548730765,-81.68155530566854,20.78637587288455,142.16502221864073
73000.0,142.30021363131715,-81.69247446740582,20.56041276364525,140.80703187876318
74000.0,140.96102155521828,-81.70338233481544,20.340363349973423,139.48576707564743
75000.0,139.65754126781536,-81.71427891960607,20.125991387024673,138.1997586961025
76000.0,138.38836309323887,-81.72516423347423,19.917073063504173,136.94761494896196
77000.0,137.15215058553446,-81.7300817881043,19.727506445190002,135.7259661954635
78000.0,135.94763583443785,-81.70851300816847,19.604896494544867,134.52660600197683
79000.0,134.77361512767283,-81.71428215645737,19.42216324589511,133.3668133736121
80000.0,133.6289449385769,-81.7260060787223,19.230147074256056,132.238029208317
81000.0,132.51253821094014,-81.7317628596851,19.05631259679558,131.13515826550514
82000.0,131.42336091568478,-81.74347442194336,18.873095804003793,130.0611627241093
83000.0,130.3604288564597,-81.75517385021656,18.694109843662396,129.01306782180313
84000.0,129.32280470340658,-81.76686115709992,18.519203904082744,127.98994844562773
85000.0,128.3095952363077,-81.77853635517559,18.348234270226104,126.99092301763152
86000.0,127.31994878007154,-81.7911639570126,18.178942607205272,126.01545700049648
87000.0,126.35305281708223,-81.80377851066692,18.01335368388444,125.06243658771268
88000.0,125.40813176234266,-81.81042352964599,17.864246205950007,124.12923998645243
89000.0,124.48444488860845,-81.8230239404432,17.705570358149764,123.21886948644514
90000.0,123.58128438984613,-81.8296548256685,17.56295589570239,122.32692439381299
91000.0,128.5313735723753,-82.25028461181115,17.331942658775624,127.35744091365218
92000.0,121.83386516397991,-81.84886979447691,17.27417355780652,120.60304153996124
93000.0,122.88573973210916,-80.76048545628144,19.730772390857293,121.29139149324594
94000.0,120.16080420304418,-81.86915152371967,16.994852937364705,118.95290597694394
95000.0,119.35069047459108,-81.88280348440304,16.852122612786054,118.15495453092633
96000.0,118.55745411548075,-81.89644135291735,16.712181462411618,117.37364660396196
97000.0,117.78057314521807,-81.91006514383328,16.57494351258236,116.60846735109234
98000.0,117.01954688863421,-81.8904363717064,16.507535752972174,115.84936606380548
99000.0,116.27389489986014,-81.90409852807724,16.374900570509617,115.11507836286977
100000.0,115.54315595086153,-81.91179155075575,16.25663095621499,114.39380593825236
1000.0,2160.0,0.0,2160.0,-0.0
2000.0,3660.357797543076,-81.92543736438532,514.1400109832085,3624.0694329911207
3000.0,2454.638531695384,-81.92466054572908,344.81560566378755,2430.2988539219587
4000.0,1851.778898771538,-81.92390687094391,260.15295232327304,1833.4136279991526
5000.0,1490.0631190172303,-81.92317706653637,209.35497070430088,1475.2825474792135
6000.0,1248.919265847692,-81.9224716375624,175.4893051388482,1236.5285424879694
7000.0,1076.673656440879,-81.92179053604389,151.2992418430054,1065.9900102212514
8000.0,947.489449385769,-81.92111295407429,133.1567638386018,938.086101027714
9000.0,847.0128438984614,-81.92045966609848,119.04570442244243,838.6053171710299
10000.0,766.6315595086152,-81.91983142672812,107.7566225820837,759.0207232508964
11000.0,700.8650540987413,-81.91922818654135,98.51988356967875,693.9060862957239
12000.0,646.059632923846,-81.91864989619003,90.82239756477755,639.6439176559722
13000.0,599.6858150066271,-81.91809650639978,84.30894854838422,593.7298021110515
14000.0,560.6292282204395,-82.71404720796973,71.09979593483773,556.1024640775026
15000.0,525.4877063390768,-81.9170227740525,73.88729526110477,520.2672362473944
16000.0,495.3447246928845,-81.91652315544879,69.65325492725378,490.42310341082884
17000.0,468.7479761815384,-81.91604909951212,65.91717380333476,464.0900681678816
18000.0,445.10642194923065,-81.91557979557659,62.59621557042311,440.6829253065152
19000.0,423.9534523729554,-81.9151360153322,59.62468177876545,419.7397135150887
20000.0,404.91577975430755,-81.91469694814009,56.9503015139615,400.89082285768
21000.0,387.69121881362634,-81.91428336571735,54.53048461530324,383.837084441844
22000.0,372.03252704937063,-81.91387445745218,52.33064908660839,368.3336861446628
23000.0,357.7354606559196,-81.9134917168287,50.32196838696015,354.17842863218647
24000.0,344.629816461923,-81.91311431107948,48.480669782876866,341.20277702853235
25000.0,332.5726238034461,-81.91276325061733,46.78654620322192,329.2651958496104
26000.0,321.4429075033135,-81.91243848304828,45.222613936586036,318.2459080222812
27000.0,311.13761463282043,-81.91211917529687,43.77451710720127,308.0428653473942
28000.0,301.56841411021975,-81.91180533746842,42.42984428607222,298.5686130570537
29000.0,292.65915845124664,-81.91146956586186,41.178034597454555,289.7477394080629
30000.0,284.3438531695384,-81.91113934573116,40.00966832011836,281.5149254945715
31000.0,276.5650191963275,-81.91081538918068,38.916666481129624,273.81326285091
32000.0,269.27236234644226,-81.9104644438852,37.89211794666727,266.5929341170721
33000.0,262.42168469958034,-81.91008659725807,36.92980112383462,259.81018145854097
34000.0,255.97398809076918,-81.90971517653169,36.024079340254254,253.4264159214274
35000.0,249.89473128817576,-81.9093501690379,35.1701012361638,247.4074386606586
36000.0,244.15321097461532,-81.90860882212763,34.365169218309774,241.72262114624678
37000.0,238.72204311043657,-81.90819092189102,33.602442729013745,236.3452764695425
38000.0,233.57672618647769,-81.90777994468928,32.879848213958724,231.250951560031
39000.0,228.6952716688757,-81.90737661483452,32.19429533844211,226.4178761303136
40000.0,224.0578898771538,-81.90698091718359,31.543005610051182,221.8264565224064
41000.0,219.64672183136958,-81.90655959661628,30.923597768103303,217.4589927143589
42000.0,215.44560940681316,-81.90614597775529,30.33367184068622,213.29950530963418
43000.0,211.4398975601431,-81.90573408882676,29.771192367230444,209.3334812811299
44000.0,207.61626352468534,-81.9053298889495,29.234266532306066,205.54773299715487
45000.0,203.96256877969228,-81.90490012286023,28.721307580530222,201.93022545937814
46000.0,200.46773032795983,-81.90444487503886,28.23075340600282,198.46998630768604
47000.0,197.12160840608834,-81.90399194528898,27.761080440570694,195.1569904291809
48000.0,193.9149082309615,-81.9035479770237,27.310961240311357,191.9820383013797
49000.0,190.83909377726843,-81.90310699590493,26.879217927225366,188.93667552211716
50000.0,187.88631190172305,-81.9026749584912,26.46472847608931,186.01312950089954
51000.0,185.04932539384612,-81.9022518469629,26.066477618180986,183.20423459434122
52000.0,182.32145375165675,-81.9018376435275,25.683528183309654,180.50337636225714
53000.0,179.69652066200285,-81.90142637391955,25.31503222706907,177.90443693559774
54000.0,177.1688073164102,-81.90046599477017,24.961876647020468,175.4015136769869
55000.0,174.73301081974824,-81.9000736043322,24.619874255366103,172.9898461233613
56000.0,172.38420705510987,-81.89969062521153,24.29006866150334,170.6643120468906
57000.0,170.11781745765182,-81.89931703860124,23.971817614307163,168.4203781518773
58000.0,167.9295792256233,-81.89895282572303,23.66452315671799,166.25382378357514
59000.0,165.81551856078227,-81.89859796782721,23.36762787200566,164.16071443319376
60000.0,163.7719265847692,-81.8982530986926,23.080609658942027,162.13737815525013
61000.0,164.75153762436315,-81.25141819832156,25.058531269145984,162.8346988827172
62000.0,159.88250959816375,-81.89759324674682,22.534291534478392,158.2865205266894
63000.0,158.0304062712088,-81.89727887053152,22.274109312509598,156.45278316660807
64000.0,156.23618117322113,-81.89697504847615,22.022036625552214,154.67635310691293
65000.0,154.49716300132542,-81.8966817594134,21.77769888032839,152.95458543939068
66000.0,152.81084234979016,-81.8963989822082,21.54074418705438,151.2849955531622
67000.0,151.17485962815152,-81.89612669575759,21.310841665148484,149.66524717219522
68000.0,149.58699404538459,-81.89586487899074,21.08767989843489,148.09314144832996
69000.0,148.04515355197321,-81.89560755586886,20.87098075798384,146.56660483352678
70000.0,146.5473656440879,-81.89536067825021,20.660452059135398,145.08368653275312
71000.0,145.0917689448754,-81.89512500062428,20.455830858062765,143.64254383524207
72000.0,143.67660548730765,-81.89490050046155,20.25687071665706,142.24143613280935
73000.0,142.30021363131715,-81.89468715526675,20.063338701103177,140.87871819293116
74000.0,140.96102155521828,-81.89448494257888,19.875014469425633,139.55283371444247
75000.0,139.65754126781536,-81.89429383997113,19.691689432030916,138.26230939878008
76000.0,138.38836309323887,-81.89411382505075,19.513165978523215,137.00574948928502
77000.0,137.15215058553446,-81.89394487545918,19.339256764767477,135.78183073601386
78000.0,135.94763583443785,-81.89378101237182,19.169798046770136,134.58929575497072
79000.0,134.77361512767283,-81.89359574436762,19.00468236581301,133.426943990922
80000.0,133.6289449385769,-81.89341643077971,18.843684285500725,132.2936524854673
81000.0,132.51253821094014,-81.89324902042765,18.686637516679273,131.18834689646067
82000.0,131.42336091568478,-81.89308753426691,18.533410751638392,130.11000146139958
83000.0,130.3604288564597,-81.89293792115458,18.383852358445342,129.05764364849907
84000.0,129.32280470340658,-81.89280015708366,18.237831060970993,128.0303453660378
85000.0,128.3095952363077,-81.89267421808367,18.095221761546902,127.02722219707694
86000.0,127.31994878007154,-81.89256008022076,17.955905181750442,126.04743086022829
87000.0,126.35305281708223,-81.89245868409755,17.819765422233896,125.0901671455152
88000.0,125.40813176234266,-81.89237000392411,17.686693913970828,124.15466310418874
89000.0,124.48444488860845,-81.89228805744985,17.55659978033578,123.24018347673014
90000.0,123.58128438984613,-81.89221879333283,17.429370905557715,122.3460292828522
91000.0,128.5313735723753,-82.30615622936517,17.207742633730795,127.37428149297948
92000.0,121.83386516397991,-81.89210035774761,17.183171765122673,120.61604084401515
93000.0,120.98833973210917,-81.89205712718434,17.064011152758905,119.77895422197835
94000.0,120.16080420304418,-81.89092555551343,16.94964621131121,118.95935591635366
95000.0,119.35069047459108,-81.89090378148165,16.835418068621813,118.1573358501975
96000.0,118.55745411548075,-81.89089568118457,16.723542006475913,117.37202847826207
97000.0,117.78057314521807,-81.8909012268563,16.61394502095243,116.60291695003532
98000.0,117.01954688863421,-81.89092039077327,16.506557088639756,115.84950551081664
99000.0,116.27389489986014,-81.8909199067542,16.401377794624125,115.11130892150317
100000.0,115.54315595086153,-81.89093308537554,16.298274817003218,114.38788014940458
1000.0,2160.0,0.0,2160.0,-0.0
2000.0,3660.357797543076,-81.89095394384091,516.3210611176686,3623.7593418825045
3000.0,2454.638531695384,-81.89098842726146,346.2438067489617,2430.09578979341
4000.0,1851.778898771538,-81.89102209937992,261.205192653373,1833.2640118832978
5000.0,1490.0631190172303,-81.8910549841515,210.1820344136277,1475.164943680911
6000.0,1248.919265847692,-81.89108710623388,176.1666038635538,1236.4322303663553
7000.0,1076.673656440879,-81.89111849076521,151.8698746267649,1065.9088627338751
8000.0,947.489449385769,-81.89114916281048,133.64733350688303,938.0163361817574
9000.0,847.0128438984614,-81.89117912660174,119.47425124694698,838.5443703334611
10000.0,766.6315595086152,-81.89120840714125,108.13579001638436,758.9667970024406
11000.0,700.8650540987413,-81.89123703016084,98.85887118011856,693.8578727994835
12000.0,646.059632923846,-81.89126502131721,91.12810897586779,639.6004354659063
13000.0,599.6858150066271,-81.89129240619208,84.58669787078259,593.6902957464266
14000.0,560.6292282204395,-82.68781921029229,71.35435267408776,556.0698588212704
15000.0,525.4877063390768,-81.89134543828997,74.12044770361123,520.2340711119564
16000.0,495.3447246928845,-81.89137111562573,69.8685370405504,490.39247936003545
17000.0,468.7479761815384,-81.89139626766556,66.11685316104398,464.0616628233462
18000.0,445.10642194923065,-81.8914209204974,62.78202479921085,440.65649231862886
19000.0,423.9534523729554,-81.89144507937249,59.79823268315629,419.7150237326737
20000.0,404.91577975430755,-81.89146877030844,57.112821249289624,400.8677017957241
21000.0,387.69121881362634,-81.89149199848627,54.68316470106169,383.81536269861795
22000.0,375.89112704937065,-81.65151478985351,54.57695294655857,371.9079127976645
23000.0,357.7354606559196,-81.8917771495211,50.4561950986546,354.1593316388395
24000.0,344.629816461923,-81.89179886408841,48.60760229654911,341.18471740914663
25000.0,332.5726238034461,-81.8918201795354,46.906897915437035,329.2480721757673
26000.0,321.4429075033135,-81.89184112260648,45.337017792575416,318.2296303015473
27000.0,311.13761463282043,-81.89186171996693,43.883425786799144,308.02736920704945
28000.0,301.56841411021975,-81.89188197742226,42.53366245438975,298.5538409519613
29000.0,292.65915845124664,-81.8919019007823,41.27698689497031,289.7336593809293
30000.0,284.3438531695384,-81.89192146844738,40.10409046230237,281.5014898068774
31000.0,276.5650191963275,-81.89194068632466,39.006865496424076,273.8004278433635
32000.0,269.27236234644226,-81.89195956102752,37.97821779103182,266.5806821527971
33000.0,262.42168469958034,-81.89197806591038,37.01191319382537,259.79849668983593
34000.0,255.97398809076918,-81.89199617444173,36.10245098402237,253.4152631789165
35000.0,249.89473128817576,-81.89201389344382,35.244958952889654,247.39678573902023
36000.0,242.18021097461533,-81.15403122971941,37.2421456365313,239.29955531947104
37000.0,238.72204311043657,-81.89278580731181,33.66598766131317,236.33623323902208
38000.0,233.57672618647769,-81.89280121242639,32.94030260872303,231.24234793834484
39000.0,228.6952716688757,-81.89281619115866,32.25183326940464,226.4096873688566
40000.0,224.0578898771538,-81.89283075158234,31.597788457476085,221.8186596767715
41000.0,219.64672183136958,-81.89284490174794,30.97564929737323,217.45158440874414
42000.0,215.44560940681316,-81.89285861644281,30.383136929697773,213.29246494657127
43000.0,211.4398975601431,-81.89287190380412,29.818184361881293,209.3267927466636
44000.0,211.1752635246853,-81.46088476598914,31.35626767070882,208.83432764390807
45000.0,198.71996877969227,-81.66682921111209,28.80029675315589,196.62189323351564
46000.0,200.46773032795983,-81.89356728202385,28.268432386764342,198.46462312774676
47000.0,197.12160840608834,-81.89357815961687,27.796550710882904,195.15194149477622
48000.0,193.9149082309615,-81.89358857340254,27.34433198722994,191.97728809000915
49000.0,190.83909377726843,-81.89359853280615,26.910572351704204,188.93221220700494
50000.0,187.88631190172305,-81.89360804126926,26.494164268195544,186.0089391931512
51000.0,185.04932539384612,-81.89361710818648,26.094087046935126,183.20030417525106
52000.0,182.32145375165675,-81.89362574292525,25.70939851229778,180.49969342426422
53000.0,183.13812066200285,-81.33563395482585,27.58902847360182,181.04810616930823
54000.0,177.1688073164102,-81.89419974724495,24.981059573838603,175.39878263114488
55000.0,174.73301081974824,-81.89420601349248,24.637589805209014,172.98732392497584
56000.0,172.38420705510987,-81.89421188108332,24.3063878344231,170.66198859869647
57000.0,167.0230174576518,-81.24171735982745,25.431970450940426,165.07544711325653
58000.0,167.9295792256233,-81.89487495950621,23.67635574582888,166.25213910651453
59000.0,165.81551856078227,-81.89487903737243,23.378283097657974,164.15919735118985
60000.0,163.7719265847692,-81.89488275630289,23.090147118680836,162.13602019084072
61000.0,164.75153762436315,-81.24838612664527,25.067148386706236,162.83337256640849
62000.0,159.88250959816375,-81.89488915871695,22.541761879606963,158.28545683912347
63000.0,158.0304062712088,-81.89489186280498,22.28062729512183,156.4518550659569
64000.0,156.23618117322113,-81.89489424981271,22.027653959313895,154.67555323528117
65000.0,154.49716300132542,-81.89489633061137,21.782465181069917,152.95390673694345
66000.0,152.81084234979016,-81.89489811604018,21.544707098633864,151.28443124025188
67000.0,151.17485962815152,-81.89489961690634,21.314046975925226,149.6647907328219
68000.0,149.58699404538459,-81.8949008439852,21.090171649181915,148.09278661481784
69000.0,148.04515355197321,-81.8949018080202,20.872786108678213,146.5663477415218
70000.0,146.5473656440879,-81.89490251376805,20.661612217088177,145.08352131724908
71000.0,145.0917689448754,-81.89490297193254,20.456387491684925,143.64246456512487
72000.0,143.67660548730765,-81.89490319396123,20.256864029824857,142.24143708509357
73000.0,142.30021363131715,-81.89490319126773,20.062807512186094,140.8787938415412
74000.0,140.96102155521828,-81.89490297523173,19.87399628497829,139.5529787197514
75000.0,139.65754126781536,-81.89490255719907,19.69022051557505,138.2625185978455
76000.0,138.38836309323887,-81.89490194848185,19.511281414807502,137.00601788672753
77000.0,134.78095058553447,-82.69140116035841,17.145952247707925,133.68590412702306
78000.0,135.94763583443785,-81.89410370407352,19.16904003515625,134.5894037177649
79000.0,134.77361512767283,-81.89410338138181,19.003500210708854,133.42711236597933
80000.0,133.6289449385769,-81.8941028737448,18.84209931492645,132.29387823631018
81000.0,132.51253821094014,-81.89410218730183,18.684684045210766,131.18862513661966
82000.0,131.42336091568478,-81.89410133413496,18.531108563420425,130.11032937390124
83000.0,130.3604288564597,-81.89410032033508,18.381234072818597,129.05801658789096
84000.0,129.32280470340658,-81.89409915793591,18.234928372540857,128.03075881835483
85000.0,123.17019523630768,-81.48009785893505,18.248027119690096,121.81094573472946
86000.0,122.18054878007155,-81.4805104352942,18.100537991975376,120.83235090239906
87000.0,126.35305281708223,-81.89492248493913,17.814386348843406,125.09093330537794
88000.0,125.40813176234266,-81.89492002113829,17.681168244639387,124.15545014869808
89000.0,124.48444488860845,-81.89491747112108,17.55094403247467,123.24098905313093
90000.0,123.58128438984613,-81.8949148417074,17.423613903530143,122.34684928507453
91000.0,128.5313735723753,-82.30891214565904,17.201615934676262,127.37510903484002
92000.0,121.83386516397991,-81.89490938974274,17.177258319074543,120.61688313596326
93000.0,122.88573973210916,-80.79990658071074,19.647315803355223,121.30493811560558
94000.0,120.16080420304418,-81.89599873125721,16.939113052845805,118.96085623307033
95000.0,119.35069047459108,-81.89599365808147,16.824921482846907,118.15883096010083
96000.0,118.55745411548075,-81.89598856820487,16.713109016995613,117.37351453087848
97000.0,117.78057314521807,-81.89598347531785,16.603602047274972,116.60439018095241
98000.0,117.01954688863421,-81.89597839306938,16.496329969743673,115.85096223834567
99000.0,116.27389489986014,-81.8959733350671,16.391225032816322,115.11275505827882
100000.0,115.54315595086153,-81.89596828163877,16.28822226100679,114.38931201236046
1000.0,4221.11,4.01,4210.776132881938,-295.18467245408505
2000.0,3898.6821975430757,-99.71847324644251,-658.1255486649494,3842.7325745664066
3000.0,2857.303731695384,-105.49814572713991,-763.4921005667421,2753.4096003923123
4000.0,2254.387098771538,-106.02653856984003,-622.3969809334509,2166.7679130983265
5000.0,1892.6713190172302,-106.00240305336958,-521.7672231583472,1819.3305600324668
6000.0,1651.527465847692,-105.97829170530035,-454.62113817399785,1587.7224540752322
7000.0,1479.281856440879,-105.9542045007013,-406.60864833567274,1422.3024354523936
8000.0,1353.3156493857691,-106.73264141469136,-389.6278913325529,1296.014410864391
9000.0,1252.8390438984613,-106.70779992243946,-360.1798364483153,1199.948396945667
10000.0,1172.4577595086153,-106.68298330164363,-336.58452641807867,1123.10643057899
11000.0,1106.6912540987414,-106.65819152674914,-317.2458021959701,1060.2455531091277
12000.0,1059.884032923846,-85.87342457225255,76.26933799936828,1057.1362974224537
13000.0,1005.512015006627,-106.62944241270161,-287.75821280422736,963.4571206267585
14000.0,972.9608282204396,-107.4012042626951,-290.97449108457613,928.4323447561893
15000.0,938.5117063390769,-107.3764908776427,-280.28579959722975,895.6807988784996
16000.0,908.3687246928846,-107.35100573220335,-270.8979916352925,867.0340351613323
17000.0,881.7719761815384,-107.32554609758677,-262.5921684685538,841.7643203641255
18000.0,866.2568219492307,-86.54011194775684,52.278378200285864,864.6778895902966
19000.0,836.9774523729554,-107.29546325672959,-248.83278905219444,799.1329669543292
20000.0,826.0661797543075,-86.51005923855223,50.285373743504216,824.5342409635588
21000.0,819.6184188136264,-87.24794064808398,39.353182996953485,818.6731212434896
22000.0,803.9597270493707,-87.24258419943439,38.67641957122184,803.0288769941275
23000.0,743.0708606559197,-108.23699313002481,-232.54269176795015,705.7465554016153
24000.0,737.5984164619231,-87.4506479140443,32.808309446853706,736.8683999184495
25000.0,717.9080238034462,-108.20508906499435,-224.28831844945339,681.972639369415
26000.0,706.7783075033135,-108.1787757961089,-220.50281446007983,671.5013661731687
27000.0,696.4730146328204,-108.15248886143539,-216.98412696324658,661.8100548931895
28000.0,694.5370141102198,-87.36622823429391,31.91522731606734,693.803345505413
29000.0,700.2037584512466,-88.08375388803704,23.41381190532874,699.8121867767906
30000.0,691.8884531695384,-88.07756203604978,23.21048918668932,691.4990273464244
31000.0,684.1096191963275,-88.07137639548219,23.0233505649628,683.7220900378362
32000.0,676.8169623464422,-88.06519695977303,22.850874263408706,676.4311037092124
33000.0,669.9662846995803,-88.05902372237428,22.69172296917148,669.5818906921314
34000.0,663.5185880907692,-88.05285667671782,22.54471670660783,663.1354706925174
35000.0,657.4393312881757,-88.04669581621555,22.40881036056507,657.0573183085841
36000.0,613.9178109746153,-88.39004113429277,17.248257582707506,613.675464917919
37000.0,628.2498431104366,-89.1208051243882,9.640018357512592,628.1758793636977
38000.0,623.1045261864776,-89.11357710507112,9.639664373369067,623.0299570846041
39000.0,618.2230716688757,-89.10635632917848,9.6420493872057,618.1478765047361
40000.0,613.5856898771538,-89.09914278904046,9.646963945076545,613.5098490722582
41000.0,609.1745218313696,-89.091936477003,9.654219033002368,609.0980168276208
42000.0,604.9734094068132,-89.08473738542774,9.663643643629422,604.8962225711387
43000.0,600.967697560143,-89.07754550665875,9.675082682770888,600.8898121002062
44000.0,597.1440635246853,-89.0703608330559,9.688395160760502,597.065463414174
45000.0,560.5541687796923,-89.49475135698884,4.943044059016618,560.5323741334861
46000.0,581.0771303279598,-90.17242343484295,-1.748665684374488,581.074499146625
47000.0,577.7310084060884,-90.16414457869014,-1.655118126613411,577.7286375608386
48000.0,574.5243082309615,-90.15587401227107,-1.5629999166639037,574.5221821475002
49000.0,571.4484937772685,-90.1476117268322,-1.4722272105517495,571.4465973189002
50000.0,568.4957119017231,-90.13935771363818,-1.3827228669189535,568.4940303363969
51000.0,565.6587253938461,-90.13111196396581,-1.294415789856581,565.6572443644238
52000.0,562.9308537516567,-90.12287446911003,-1.207240347679476,562.9295592490344
53000.0,560.3059206620029,-90.11464522038384,-1.121135857443477,560.3047990007616
54000.0,526.5062073164102,-90.66386620911828,-6.100307251186872,526.4708658550364
55000.0,524.0704108197482,-90.65509654265642,-5.991876488542287,524.0361561122721
56000.0,521.7216070551099,-90.64633565212725,-5.885252390574406,521.688411863313
57000.0,519.4552174576518,-90.6375835283562,-5.780342947480719,519.423055494638
58000.0,547.5571792256234,-91.28068766218769,-12.238097429606501,547.420399229719
59000.0,545.4431185607823,-91.271301849485,-12.101518723506082,545.3088563648093
60000.0,543.3995265847692,-91.26192542667289,-11.96727309647352,543.2677331364212
61000.0,541.4229376243632,-91.25255838400251,-11.83524911288824,541.293565696315
62000.0,512.4287095981638,-91.88905421174515,-16.8918243861084,512.1502208232934
63000.0,510.57660627120885,-91.87906004669212,-16.74175891632738,510.3020521022942
64000.0,508.78238117322115,-91.86907587850824,-16.594315174070033,508.51169120895986
65000.0,507.0433630013255,-91.85910169687955,-16.449375236459463,506.77646947941855
66000.0,505.3570423497902,-91.84913749151328,-16.3068283235102,505.09387998921073
67000.0,503.7210596281516,-91.8391832521378,-16.1665702650861,503.46156548317754
68000.0,502.13319404538464,-91.82923896850257,-16.028503014890838,501.8773073703588
69000.0,474.9613535519733,-92.59480463037805,-21.502642748829288,474.4743657171995
70000.0,473.4635656440879,-92.58410472755568,-21.3465059455654,472.98210819895655
71000.0,472.0079689448754,-92.5734155253419,-21.192909667292955,471.53195366517895
72000.0,470.5928054873077,-92.56273701278849,-21.041750827218717,470.12214721127555
73000.0,469.2164136313172,-92.55206917896967,-20.892931983656943,468.75103009397395
74000.0,467.87722155521834,-92.54141201298197,-20.74636095860987,467.41703323392693
75000.0,466.5737412678154,-92.53076550394421,-20.601950486864855,466.11867123811203
76000.0,465.3045630932389,-92.52012964099747,-20.45961789279137,464.854536894146
77000.0,443.75315058553446,-93.30450441330495,-25.579046868344467,443.0153169089022
78000.0,442.54863583443785,-93.293891310052,-25.42777659921468,441.8175225770729
79000.0,441.37461512767277,-93.28249152244604,-25.272647197611985,440.65047847781386
80000.0,440.22994493857686,-93.27110313430497,-25.1197453987325,439.51268788480417
81000.0,439.11353821094013,-93.2597261340444,-24.96899116060872,438.40306673260426
82000.0,438.0243609156848,-93.24836051009765,-24.8203083426718,437.3205838390971
83000.0,436.96142885645963,-93.2370062509217,-24.67362447077843,436.2642577197378
84000.0,435.9238047034066,-93.22566334499112,-24.52887051893273,435.23315362936125
85000.0,416.6845952363077,-94.17883178080406,-30.363693615016633,415.5768256499621
86000.0,415.6949487800715,-94.1661330468822,-30.199690106937773,414.5965136837395
87000.0,414.72805281708224,-94.1534474242706,-30.037865055837973,413.6388333514345
88000.0,413.78313176234263,-94.14118889933127,-29.881128698648837,412.70279654825094
89000.0,412.85944488860844,-94.12894263045308,-29.726411221557242,411.78788436477436
90000.0,411.95628438984613,-94.11670860529374,-29.573647569687505,410.89339203461486
91000.0,455.8461735723753,-94.51848681153017,-35.911904682059166,454.42938842319916
92000.0,410.2088651639799,-94.09227723686429,-29.273735650963907,409.1630010890009
93000.0,409.3633397321091,-94.08007986901717,-29.126470947497634,408.32584121846946
94000.0,394.58560420304417,-95.16179969572887,-35.50030767308796,392.98540329050076
95000.0,393.77549047459104,-95.1485338947644,-35.33662008767598,392.1867669609519
96000.0,392.9822541154807,-95.13528135452772,-35.174905466102935,391.4048774289035
97000.0,392.20537314521806,-95.1220420617414,-35.01510492601227,390.6392160945955
98000.0,391.4443468886342,-95.10881600315497,-34.85716198590463,389.8892855277736
99000.0,390.69869489986013,-95.09560316554489,-34.70102244388789,389.1546083985166
100000.0,389.96795595086155,-95.0824035357144,-34.546634263702224,388.4347264722132
1000.0,2160.0,0.0,2160.0,-0.0
2000.0,3660.357797543076,-80.66070710046033,594.0049106002995,3611.8385030642116
3000.0,2454.638531695384,-80.6797648666063,397.53445052108214,2422.2338206565796
4000.0,1851.778898771538,-80.70458324746684,299.1083630684036,1827.462524124112
5000.0,1490.0631190172303,-80.72990520278921,240.03235377497003,1470.6027906258728
6000.0,1248.919265847692,-80.75517770063979,200.64309158294523,1232.6969142516648
7000.0,1076.673656440879,-80.78040081464445,172.50341327785736,1062.7646658038932
8000.0,947.489449385769,-80.80557461833051,151.39473723086346,935.3159307079857
9000.0,847.0128438984614,-80.83150168512688,134.96169505496866,836.1914246133172
10000.0,766.6315595086152,-80.85737798336419,121.81204734891882,756.8921806672838
11000.0,700.8650540987413,-80.88320358868246,111.05033210029575,692.0113061195211
12000.0,646.059632923846,-80.90897857662053,102.07957461940012,637.9442058199267
13000.0,599.6858150066271,-80.91394302261617,94.70104888071815,592.1611166406102
14000.0,560.6292282204395,-81.73615852200625,80.58019044661772,554.8080428784648
15000.0,525.4877063390768,-80.96532356774694,82.51849219290284,518.9682340564918
16000.0,495.3447246928845,-80.99173473505684,77.55956295493941,489.2350258059089
17000.0,468.7479761815384,-81.01809400605399,73.1821271391804,463.0000447534243
18000.0,445.10642194923065,-81.04440145814551,69.28927491302025,439.6802511399329
19000.0,423.9534523729554,-81.04989716863513,65.95624369515008,418.7914799713262
20000.0,404.91577975430755,-81.07614273472322,62.81124328105497,400.0144202544791
21000.0,387.69121881362634,-81.08157665122705,60.103015558013446,383.00405828924096
22000.0,375.89112704937065,-80.84774301522391,59.78870832828167,371.1057123662768
23000.0,357.7354606559196,-81.09413785640811,55.381551578566906,353.4226132485774
24000.0,344.629816461923,-81.12128071168173,53.19134763561297,340.5002069474938
25000.0,332.5726238034461,-81.12761007888409,51.294100361719,328.5931608716018
26000.0,321.4429075033135,-81.1546875578702,49.427417656002696,317.62001380272443
27000.0,311.13761463282043,-81.18171164610844,47.69778931152999,307.45981222623936
28000.0,301.56841411021975,-81.20868242332376,46.090534713246456,298.02545360891577
29000.0,292.65915845124664,-81.21483996913474,44.69779632401893,289.2256731847441
30000.0,284.3438531695384,-81.22170888305364,43.39411180514643,281.0131276220783
31000.0,276.5650191963275,-81.22856473620664,42.1742674503221,273.3304611785772
32000.0,269.27236234644226,-81.23540754786592,41.03040406199861,266.12799752401634
33000.0,262.42168469958034,-81.24223733727781,39.95561507106713,259.3620817021229
34000.0,255.97398809076918,-81.24905412366292,38.94380644444196,252.99419463440478
35000.0,253.84693128817577,-80.90635792621597,40.12012575096911,250.65641829833575
36000.0,244.15321097461532,-81.26299826410597,37.08666768481508,241.3200561686722
37000.0,238.72204311043657,-81.27012530697615,36.23232742320273,235.9564203752866
38000.0,233.57672618647769,-81.27797598679358,35.419756424449325,230.87556793828455
39000.0,228.6952716688757,-81.28581158791185,34.648614534941274,226.05530472543643
40000.0,224.0578898771538,-81.29363213265312,33.91579532304562,221.47608639265786
41000.0,219.64672183136958,-81.3014376433095,33.218495422180204,217.12027536173042
42000.0,215.44560940681316,-81.3092281421432,32.554178451642805,212.97191382436253
43000.0,211.4398975601431,-81.31700365138649,31.920543971743506,209.01652842010316
44000.0,207.61626352468534,-81.32476419324175,31.315500672328344,205.24096154908503
45000.0,203.96256877969228,-81.33250978988157,30.73714313616564,201.63322517640185
46000.0,200.46773032795983,-81.34067203144868,30.182238866705493,198.18260105225372
47000.0,197.12160840608834,-81.34950378285207,29.648410859551394,194.87919394872938
48000.0,193.9149082309615,-81.3583184236479,29.13660794752921,191.7134573042127
49000.0,190.83909377726843,-81.36711597923653,28.64548234786763,188.67696217288176
50000.0,187.88631190172305,-81.37589647498413,28.173794099074083,185.76195392516343
51000.0,185.04932539384612,-81.38465993622277,27.720400490223003,182.96128613829535
52000.0,182.32145375165675,-81.39340638825053,27.28424670994147,180.26836211489956
53000.0,179.69652066200285,-81.40213585633138,26.86435755400082,177.67708302209493
54000.0,177.1688073164102,-81.41084836569543,26.459830054286236,175.1818017929305
55000.0,174.73301081974824,-81.42010138353886,26.068145926208363,172.77753568709144
56000.0,172.38420705510987,-81.42933637869797,25.690257091841048,170.4591608936701
57000.0,170.11781745765182,-81.4385533779714,25.325438107340684,168.22215668937966
58000.0,167.9295792256233,-81.44775240812179,24.973013558257044,166.0623141254933
59000.0,165.81551856078227,-81.45758534337585,24.630488285354676,163.97598983511622
60000.0,163.7719265847692,-81.46739905988197,24.29918974725463,161.95923349693265
61000.0,161.79533762436316,-81.47719358624876,23.97856642997725,160.00862360805692
62000.0,159.88250959816375,-81.4869689510465,23.668102399879185,158.1209594082826
63000.0,158.0304062712088,-81.4973710363072,23.365552698686734,156.2935067535699
64000.0,156.23618117322113,-81.5077527253176,23.07226952542067,154.52318494820744
65000.0,154.49716300132542,-81.51811404847078,22.787825810719205,152.80735705547175
66000.0,152.81084234979016,-81.5284550361192,22.51182036700816,151.14354595356025
67000.0,151.17485962815152,-81.53877571857458,22.243875957026425,149.5294224091023
68000.0,149.58699404538459,-81.54907612610815,21.98363753277473,147.96279420300732
69000.0,148.04515355197321,-81.55935628895054,21.730770627600045,146.4415962018919
70000.0,146.5473656440879,-81.57039173729197,21.48299779389008,144.96417206678936
71000.0,145.0917689448754,-81.58140545028223,21.242026289794314,143.52838651171692
72000.0,143.67660548730765,-81.59239746035729,21.007573317419602,142.13250447265284
73000.0,142.30021363131715,-81.60336779990973,20.779371573491424,140.77488595814694
74000.0,140.96102155521828,-81.61431650128878,20.557168202421856,139.45397962549526
75000.0,139.65754126781536,-81.62524359680047,20.340723833131644,138.1683168708218
76000.0,138.38836309323887,-81.63614911870762,20.129811691913332,136.91650638573213
77000.0,137.15215058553446,-81.64703309922992,19.924216784421564,135.69722913812387
78000.0,135.94763583443785,-81.65869057054398,19.721868773631055,134.50950740021543
79000.0,134.77361512767283,-81.6703257712835,19.52447435868066,133.35187376111108
80000.0,133.6289449385769,-81.68193793703466,19.33185016279607,132.22319953276133
81000.0,127.81293821094015,-81.18952710223192,19.576656384870326,126.30479681667802
82000.0,126.72376091568479,-81.20159730126373,19.3834492942241,125.23255756421284
83000.0,130.3604288564597,-81.71764406447258,18.778611751353075,129.00079516162694
84000.0,129.32280470340658,-81.72916342665903,18.603410814273143,127.97773604198046
85000.0,128.3095952363077,-81.74065992657735,18.432179939679628,126.9787658326241
86000.0,125.06914878007154,-82.71759809843158,15.85375872477667,124.06026886504897
87000.0,121.21365281708222,-81.35054663338002,18.229164526709567,119.83508330167047
88000.0,120.26873176234267,-81.36334953417092,18.06048988191285,118.90494752089863
89000.0,119.34504488860844,-81.37612737353608,17.89546744805283,117.99572866964145
90000.0,118.44188438984614,-81.388880188793,17.733975954134248,117.10672941669863
91000.0,128.5313735723753,-82.2296080172095,17.377901601615328,127.35117796206703
92000.0,121.83386516397991,-81.82789689600382,17.318318676407603,120.59671031590054
93000.0,122.88573973210916,-80.74516127634469,19.76321196437788,121.28611001412628
94000.0,114.64480420304417,-81.56099619493736,16.82486294841318,113.40350575498735
95000.0,113.83469047459107,-81.57459699843815,16.6792437072409,112.60612587599495
96000.0,113.04145411548075,-81.58817093533447,16.536525355492035,111.82537135064433
97000.0,112.26457314521807,-81.60171804575367,16.396618635115768,111.06072789610462
98000.0,111.50354688863422,-81.61523836976966,16.259437930340727,110.31170222118435
99000.0,116.27389489986014,-81.92123194740304,16.340476449850854,115.11996987740916
100000.0,115.54315595086153,-81.93440631862119,16.21147820891862,114.40021355472578
1000.0,2160.0,0.0,2160.0,-0.0
2000.0,3660.357797543076,-81.94755431583827,512.7410325397149,3624.2676280297655
3000.0,2454.638531695384,-81.94626746862289,343.89908643732053,2430.42871519229
4000.0,1851.778898771538,-81.94500096602088,259.477942557851,1833.5092820221757
5000.0,1490.0631190172303,-81.94376054830232,208.82496264665144,1475.3576629519303
6000.0,1248.919265847692,-81.94254669295681,175.0560446811002,1236.589953794768
7000.0,1076.673656440879,-81.94135932396449,150.93515503219777,1066.0416227564374
8000.0,947.489449385769,-81.94019836545517,132.8442769113601,938.1304039360656
9000.0,847.0128438984614,-81.93906374170805,118.77340101457227,838.6439273853897
10000.0,766.6315595086152,-81.93795617965147,107.51651114852565,759.0547726383521
11000.0,700.8650540987413,-81.93687560145518,98.30615201250305,693.9363980461943
12000.0,646.059632923846,-81.93582192944241,90.6306867569998,639.6711091738076
13000.0,599.6858150066271,-81.9347950860896,84.13590527167646,593.7543483329432
14000.0,559.9368282204396,-81.93377423402612,78.56900122481156,554.3971172761468
15000.0,525.4877063390768,-81.93357661831409,73.73697704486264,520.2885619824725
16000.0,495.3447246928845,-81.93260836526353,69.5155708648593,490.4426385301366
17000.0,468.7479761815384,-81.93166749163332,65.79066394596457,464.1080194435744
18000.0,445.10642194923065,-81.93075391814774,62.479503615726266,440.69948773328406
19000.0,423.9534523729554,-81.92986756568774,59.516758828241706,419.7550299847861
20000.0,404.91577975430755,-81.92898759529069,56.85031001755012,400.90501486629887
21000.0,387.69121881362634,-81.92813475043012,54.437689536546706,383.85025609359394
22000.0,372.03252704937063,-81.92728819233092,52.24441564013552,368.3459273796324
23000.0,357.7354606559196,-81.92620864715381,50.24335642951654,354.18958898505133
24000.0,344.629816461923,-81.92537657636306,48.407645511530504,341.2131448971577
25000.0,332.5726238034461,-81.92457248049838,46.71868037899625,329.27483202813073
26000.0,321.4429075033135,-81.92377551809676,45.15964218294094,318.2548499270553
27000.0,311.13761463282043,-81.92300643013654,43.71598249147904,308.05117775169464
28000.0,301.56841411021975,-81.92226513535252,42.3753375166976,298.5763539855408
29000.0,292.65915845124664,-81.92155155264048,41.1270488282782,289.7549807683525
30000.0,284.3438531695384,-81.92084484105698,39.9619811310712,281.5216988073565
31000.0,276.5650191963275,-81.92014570509897,38.87207691763489,273.81959659449956
32000.0,269.27236234644226,-81.91945412413008,37.85028917731004,266.5988760907062
33000.0,262.42168469958034,-81.91877007755382,36.89042508423474,259.81577538261683
34000.0,255.97398809076918,-81.91809354481354,35.98702038192916,253.43168101704225
35000.0,253.84693128817577,-81.56792450539238,37.223307541945765,251.10294681676191
36000.0,244.15321097461532,-81.91676293881322,34.33076782944276,241.72750941805512
37000.0,238.72204311043657,-81.91610917413851,33.56977959200617,236.3499180557617
38000.0,233.57672618647769,-81.91546319027134,32.84883764389806,231.25535860048214
39000.0,228.6952716688757,-81.91482570306786,32.164858225691475,226.42205983300752
40000.0,224.0578898771538,-81.91419668895271,31.515068763318375,221.83042725705167
41000.0,219.64672183136958,-81.91357612439641,30.896967179285117,217.4627780342862
42000.0,215.44560940681316,-81.91296398591533,30.308289690694984,213.303113406012
43000.0,211.4398975601431,-81.91236025007156,29.746983100570723,209.33692286994707
44000.0,207.61626352468534,-81.91176489347286,29.21118086763265,205.55101506017925
45000.0,203.96256877969228,-81.91117789277264,28.699182366773087,201.93337117645862
46000.0,200.46773032795983,-81.91059922466974,28.20943485468664,198.47301753140857
47000.0,197.12160840608834,-81.91002929747653,27.740516267760043,195.15991457725477
48000.0,193.9149082309615,-81.9094687719619,27.2911221763664,191.9848595191216
49000.0,190.83909377726843,-81.90891762161358,26.86005686106547,188.9394004943103
50000.0,187.88631190172305,-81.90837581997121,26.44622026138677,186.0157617889349
51000.0,185.04932539384612,-81.90784334062621,26.048598597495655,183.20677754882348
52000.0,182.32145375165675,-81.90732015722182,25.666256073974566,180.5058331391611
53000.0,183.13812066200285,-81.34880624345284,27.547404820287216,181.0544440970106
54000.0,177.1688073164102,-81.90685957306573,24.942303613498282,175.40429805558173
55000.0,174.73301081974824,-81.90636356185836,24.600883200670246,172.99254786227422
56000.0,172.38420705510987,-81.90587729968004,24.27164055629003,170.66693384110835
57000.0,170.11781745765182,-81.90540075875906,23.95393444387239,168.42292255276183
58000.0,167.9295792256233,-81.90493391137827,23.647167851408675,166.25629320871496
59000.0,165.81551856078227,-81.90447672987501,23.350784243526604,164.16311117542028
60000.0,163.7719265847692,-81.90402983848851,23.064262343789434,162.13970439045426
61000.0,164.75153762436315,-81.2570932077099,25.042402760311635,162.83718007132856
62000.0,159.88250959816375,-81.90381330808844,22.517107729984634,158.28896592903496
63000.0,158.0304062712088,-81.9033964637314,22.257404386539253,156.45516052919882
64000.0,156.23618117322113,-81.90299043830397,22.005797287834064,154.67866431191578
65000.0,154.49716300132542,-81.902595200591,21.76191247170269,152.95683227967316
66000.0,152.81084234979016,-81.90221071943887,21.525398641601,151.28717973765188
67000.0,151.17485962815152,-81.90183696375556,21.29592547513922,149.66737033083942
68000.0,149.58699404538459,-81.90147390251038,21.07318208186199,148.09520513669108
69000.0,148.04515355197321,-81.90112150473396,20.856875595133648,146.56861270625592
70000.0,146.5473656440879,-81.90077973951819,20.646729884719768,145.08563995892018
71000.0,145.0917689448754,-81.90044935151596,20.44248243393269,143.64444412329865
72000.0,143.67660548730765,-81.90013030761473,20.243887210360498,142.24328453382128
73000.0,142.30021363131715,-81.89982257476747,20.050711664011178,140.88051590367346
74000.0,140.96102155521828,-81.89952611999261,19.862735816334904,139.5545818802851
75000.0,139.65754126781536,-81.8992409103739,19.679751422125197,138.2640091163818
76000.0,138.38836309323887,-81.89896691306033,19.501561197585342,137.00740180911012
77000.0,137.15215058553446,-81.89870409526598,19.327978108545512,135.78343666468567
78000.0,135.94763583443785,-81.89845242426995,19.158824713432654,134.59085825037633
79000.0,134.77361512767283,-81.89821266241621,18.99393070477206,133.42847496304677
80000.0,133.6289449385769,-81.89798477552509,18.833136101174656,132.29515452196972
81000.0,132.51253821094014,-81.8977687286866,18.676288824497068,131.18982056108558
82000.0,131.42336091568478,-81.89706048706014,18.524388735521562,130.11128627582477
83000.0,130.3604288564597,-81.89636502387434,18.376132842465346,129.05874303353554
84000.0,129.32280470340658,-81.89618630291494,18.230264513337975,128.0314229872072
85000.0,128.3095952363077,-81.89601928003869,18.087805583627286,127.02827842206638
86000.0,127.31994878007154,-81.89586392068523,17.948636892249755,126.0484660401316
87000.0,126.35305281708223,-81.89668565486296,17.81053690205208,125.09148145040498
88000.0,125.40813176234266,-81.89613951584148,17.678525691478054,124.15582645005772
89000.0,124.48444488860845,-81.89560672585982,17.549461471120306,123.2412001779383
90000.0,123.58128438984613,-81.89508724650749,17.423245757939146,122.34690171272212
91000.0,128.5313735723753,-82.30858103944979,17.20235202158191,127.37500962640618
92000.0,121.83386516397991,-81.89450206642753,17.178115800101146,120.61676101750184
93000.0,122.88573973210916,-80.79943546125712,19.648313242932744,121.3047765597681
94000.0,120.16080420304418,-81.8943811870722,16.942471486156006,118.96037796957066
95000.0,119.35069047459108,-81.89404780208007,16.82893433538718,118.15825949080696
96000.0,118.55745411548075,-81.89372835127642,16.717739181059976,117.37285513703063
97000.0,117.78057314521807,-81.89342279386048,16.608813351705095,116.60364801096185
98000.0,117.01954688863421,-81.89313108911237,16.502087143112966,115.85014231300006
99000.0,116.27389489986014,-81.89285319639303,16.397493668469306,115.11186227568483
100000.0,115.54315595086153,-81.89288157514405,16.294384754664367,114.3884343478486
1000.0,2160.0,0.0,2160.0,-0.0
2000.0,3660.357797543076,-81.89292309988753,516.1965185222075,3623.7770847970146
3000.0,2454.638531695384,-81.89297773110347,346.1594338529396,2430.107809879694
4000.0,1851.778898771538,-81.893031020841,261.14091405122906,1833.2731692096565
5000.0,1490.0631190172303,-81.89308299078617,210.12982023901512,1475.1723822325564
6000.0,1248.919265847692,-81.8931336683437,176.12243932274413,1236.438522116059
7000.0,1076.673656440879,-81.8931830813683,151.83146567083162,1065.914334506305
8000.0,947.489449385769,-81.89323125761089,133.61324645878884,938.0211922276014
9000.0,847.0128438984614,-81.89327822471874,119.44353010976529,838.5487468501022
10000.0,766.6315595086152,-81.89332401023573,108.107765670765,758.970789316879
11000.0,700.8650540987413,-81.89336864240515,98.83305706484444,693.8615502303387
12000.0,646.059632923846,-81.8934121493642,91.10414023486456,639.6038499929161
13000.0,599.6858150066271,-81.89345455914427,84.56429390513165,593.6934873455233
14000.0,560.6292282204395,-82.68999589967122,71.33322730820755,556.0725692001371
15000.0,525.4877063390768,-81.89273967800557,74.1077882674921,520.2358746103582
16000.0,495.3447246928845,-81.89278051494588,69.85647402222739,490.39419788395884
17000.0,468.7479761815384,-81.8928203427962,66.10531898088675,464.0633060011568
18000.0,445.10642194923065,-81.89285918994504,62.77096318335577,440.6580681679167
19000.0,423.9534523729554,-81.89289708467324,59.78759613113492,419.71653902104936
20000.0,404.91577975430755,-81.89293405515426,57.10256942195345,400.86916227049676
21000.0,387.69121881362634,-81.89297010869439,54.67326305642077,383.81677328115626
22000.0,372.03252704937063,-81.89300527333613,52.46480599165403,368.31460100707216
23000.0,357.7354606559196,-81.89303955625512,50.448391839310645,354.1604432619916
24000.0,344.629816461923,-81.89307272534602,48.60001669975333,341.18579802119905
25000.0,332.5726238034461,-81.89310502919703,46.89951456271125,329.2491239734595
26000.0,321.4429075033135,-81.89313649664834,45.32982307300281,318.23065522409064
27000.0,311.13761463282043,-81.89316713566978,43.87640774078151,308.0283689583902
28000.0,301.56841411021975,-81.89319697496425,42.52681032300846,298.5548170649803
29000.0,292.65915845124664,-81.89322604312464,41.27029095259565,289.73461324129016
30000.0,284.3438531695384,-81.89325436863416,40.09754174242685,281.5024226920869
31000.0,276.5650191963275,-81.89328195910659,39.00045592006409,273.8013409044816
32000.0,269.27236234644226,-81.89330882285257,37.97194005567148,266.5815764302593
33000.0,262.42168469958034,-81.89333496815385,37.00576052846928,259.7993731483499
34000.0,255.97398809076918,-81.89336040326324,36.09641708422906,253.4161227167179
35000.0,249.89473128817576,-81.8933851364048,35.239038068625725,247.3976291753571
36000.0,244.15321097461532,-81.89305967577378,34.430767555433526,241.713286094825
37000.0,238.72204311043657,-81.89308337903682,33.66476022349453,236.33640808372238
38000.0,233.57672618647769,-81.89310640483193,32.939070869914275,231.2425233952863
39000.0,228.6952716688757,-81.89312876161736,32.25059811721831,226.40986331161136
40000.0,224.0578898771538,-81.89315045855882,31.59655072230956,221.8188359870624
41000.0,219.64672183136958,-81.89317150478921,30.97440975794754,217.45176097565593
42000.0,215.44560940681316,-81.89319190940881,30.38189619419636,213.29264168348186
43000.0,211.4398975601431,-81.89321168148533,29.81694300339212,209.32696957195046
44000.0,207.61626352468534,-81.89323083005391,29.277671068977924,205.54155506059675
45000.0,203.96256877969228,-81.89324936411734,28.762368306494558,201.92438097617696
46000.0,200.46773032795983,-81.89326729264599,28.269471507919967,198.46447511710133
47000.0,197.12160840608834,-81.89328462457802,27.797550503752717,195.15179908623583
48000.0,193.9149082309615,-81.8933013692509,27.34529430338909,191.97715101981083
49000.0,190.83909377726843,-81.89331753665363,26.911498933149236,188.9320802269963
50000.0,187.88631190172305,-81.89333313673858,26.495056736769904,186.00881207229645
51000.0,185.04932539384612,-81.89334817942182,26.09494693252244,183.20018169561507
52000.0,182.32145375165675,-81.89336267458302,25.710227259894875,180.4995753800049
53000.0,179.69652066200285,-81.89337663206565,25.34002657193194,177.90087855703075
54000.0,177.1688073164102,-81.89283206167704,24.985246443759305,175.39818626788562
55000.0,174.73301081974824,-81.89284608918844,24.641695679506345,172.9867390991947
56000.0,172.38420705510987,-81.8928596066611,24.310415730650124,170.66141488052287
57000.0,170.11781745765182,-81.89287262435413,23.990760754683148,168.41768082646936
58000.0,167.9295792256233,-81.89288515248853,23.682129449542945,166.25131675758237
59000.0,165.81551856078227,-81.89289720124742,23.383961278999823,164.1583886083296
60000.0,163.7719265847692,-81.89290878077604,23.09573307550653,162.135224584271
61000.0,161.79533762436316,-81.89291990183375,22.81695597537105,160.17839366468763
62000.0,159.88250959816375,-81.89228407513963,22.548958666394952,158.28443176278623
63000.0,158.0304062712088,-81.89229560437258,22.287716615499214,156.45084529752629
64000.0,156.23618117322113,-81.89230670523195,22.034639266186,154.67455828286896
65000.0,154.49716300132542,-81.89231738896501,21.789349770807817,152.952926130962
66000.0,152.81084234979016,-81.89232766677664,21.55149412057162,151.28346453206112
67000.0,151.17485962815152,-81.8923375498293,21.320739441149,149.6638374934772
68000.0,149.58699404538459,-81.89234704924323,21.09677243867362,148.0918464339099
69000.0,148.04515355197321,-81.8923561760965,20.87929798086891,146.56542022610043
70000.0,146.5473656440879,-81.89236494142513,20.668037799793797,145.08260609297136
71000.0,145.0917689448754,-81.89237335622323,20.462729304215337,143.6415612731062
72000.0,143.67660548730765,-81.89238143221851,20.263124489025227,142.24054538104707
73000.0,142.30021363131715,-81.89238918109392,20.068988938066575,140.87791339497565
74000.0,140.96102155521828,-81.89239661448758,19.880100905963843,139.55210921322333
75000.0,139.65754126781536,-81.89240374399309,19.696250473405723,138.26165972626112
76000.0,138.38836309323887,-81.89241058115947,19.517238769116783,137.00516935669035
77000.0,137.15215058553446,-81.89241713749138,19.342877252454215,135.78131502468818
78000.0,135.94763583443785,-81.89242342444915,19.172987051189896,134.58884150072706
79000.0,134.77361512767283,-81.89242945344897,19.007398349587042,133.426557111252
80000.0,133.6289449385769,-81.89243523665793,18.845949820535754,132.29332976669332
81000.0,132.51253821094014,-81.8924407861968,18.688488103354622,131.1880832831879
82000.0,131.42336091568478,-81.89244611413929,18.534867318036643,130.10979397369408
83000.0,130.3604288564597,-81.89245072851222,18.384949749856723,129.05748732380982
84000.0,129.32280470340658,-81.89245464280758,18.238603129934376,128.0302353829914
85000.0,128.3095952363077,-81.89245837446768,18.095700296054066,127.02715402818606
86000.0,127.31994878007154,-81.89246193537325,17.956121094763187,126.0474001024624
87000.0,126.35305281708223,-81.89246533735857,17.8197508965996,125.09016921476886
88000.0,125.40813176234266,-81.89246955767607,17.686478190157167,124.1546938353528
89000.0,124.48444488860845,-81.89247322763424,17.55620148899657,123.24024021602176
90000.0,123.58128438984613,-81.89247636113247,17.42882091028903,122.34610763371714
91000.0,128.5313735723753,-82.30647897201784,17.207025144074823,127.37437842082947
92000.0,121.83386516397991,-81.89248107408527,17.182370300870726,120.61615501929496
93000.0,120.98833973210917,-81.89248309507761,17.063120650592086,119.7790810817799
94000.0,120.16080420304418,-81.89139004744379,16.94868181754179,118.95949332176077
95000.0,119.35069047459108,-81.89139303858342,16.834409105110907,118.15747960600464
96000.0,118.55745411548075,-81.89139569334691,16.722517716750858,117.3721744177779
97000.0,117.78057314521807,-81.89139802600485,16.61293398198701,116.60306100152863
98000.0,117.01954688863421,-81.8914000507727,16.50558723697947,115.84964369381427
99000.0,116.27389489986014,-81.89140178181104,16.400409672674584,115.11144685804346
100000.0,115.54315595086153,-81.89140323322562,16.297336192067444,114.38801388313304
1000.0,2160.0,0.0,2160.0,-0.0
2000.0,3660.357797543076,-81.89140471156755,516.2925516063254,3623.7634038648584
3000.0,2454.638531695384,-81.89140622995586,346.22608640193624,2430.0983145499417
4000.0,1851.778898771538,-81.891407801457,261.19285153361966,1833.2657702153463
5000.0,1490.0631190172303,-81.8914094246764,210.17290881185002,1475.1662438711517
6000.0,1248.919265847692,-81.8914110982425,176.15961217364884,1236.4332265206915
7000.0,1076.673656440879,-81.8914128208126,151.86439902064575,1065.9096428796722
8000.0,947.489449385769,-81.89141459107316,133.64298805367923,938.0169553059433
9000.0,847.0128438984614,-81.8914164077397,119.47077855100291,838.5448651094207
10000.0,766.6315595086152,-81.89141826955668,108.1330100795694,758.9671930760533
11000.0,700.8650540987413,-81.89142017529736,98.85665327288616,693.858188796901
12000.0,646.059632923846,-81.89142212376446,91.12635521993396,639.6006853326732
13000.0,599.6858150066271,-81.89142411379007,84.58533313613242,593.6904901869425
14000.0,560.6292282204395,-82.68792614423542,71.35331485332185,556.0699919924544
15000.0,525.4877063390768,-81.89142821399085,74.1196961169384,520.2341781938559
16000.0,495.3447246928845,-81.89142952545487,69.86803711292475,490.3925505868298
17000.0,468.7479761815384,-81.89143087644436,66.11657285055219,464.06170276029644
18000.0,445.10642194923065,-81.89143226591071,62.781937542694735,440.65650475039143
19000.0,423.9534523729554,-81.89143369283474,59.7983160942022,419.71501184880873
20000.0,404.91577975430755,-81.89143515622658,57.113056428901345,400.8676682889106
21000.0,387.69121881362634,-81.89143665512552,54.68353543745455,383.8153098786652
22000.0,372.03252704937063,-81.89143818857907,52.47487966684482,368.31316591548944
23000.0,357.7354606559196,-81.89143975566384,50.458280612350045,354.15903451464897
24000.0,344.629816461923,-81.89144135546442,48.609731186768784,341.1844141055227
25000.0,332.5726238034461,-81.8914429868343,46.90906543828934,329.2477633685835
26000.0,321.4429075033135,-81.89144464887667,45.3392198679698,318.22931657210285
27000.0,311.13761463282043,-81.89144634072444,43.885658902576544,308.0270510557282
28000.0,301.56841411021975,-81.89144806151938,42.535923479384316,298.5535188248649
29000.0,292.65915845124664,-81.89144981043283,41.27927302701721,289.7333336772848
30000.0,284.3438531695384,-81.89145158666553,40.106399050220645,281.5011609043993
31000.0,276.5650191963275,-81.89145338944749,39.009194149838976,273.80009608260764
32000.0,269.27236234644226,-81.89145521801716,37.98056435164381,266.5803478412547
33000.0,262.42168469958034,-81.89145707162199,37.01427555709868,259.7981601273364
34000.0,255.97398809076918,-81.89145894951852,36.10482709105027,253.41492465878684
35000.0,249.89473128817576,-81.89146085097227,35.24734692695906,247.39644552862956
36000.0,244.15321097461532,-81.8914627752577,34.437504374590645,241.71232637510457
37000.0,238.72204311043657,-81.89146437215821,33.67143836808917,236.33545672421883
38000.0,233.57672618647769,-81.89146599116509,32.94569147313135,231.24158023450283
39000.0,228.6952716688757,-81.89146763157876,32.257162221093566,226.4089282010383
40000.0,224.0578898771538,-81.89146929270879,31.60305929023139,221.81790878939623
41000.0,219.64672183136958,-81.89147097387465,30.980863682885616,217.45084156362674
42000.0,215.44560940681316,-81.89147267440556,30.38829630594822,213.2917299388211
43000.0,211.4398975601431,-81.89147439364056,29.82329007498303,209.3260653844791
44000.0,207.61626352468534,-81.89147613092841,29.283965822330845,205.54065832741742
45000.0,203.96256877969228,-81.89147788562754,28.768611417466776,201.9234916009564
46000.0,200.46773032795983,-81.89147965710603,28.275663610789294,198.4635930094311
47000.0,197.12160840608834,-81.89148144474157,27.803692195223768,195.1509241610618
48000.0,193.9149082309615,-81.8914832479214,27.351386147625036,191.97628319671605
49000.0,190.83909377726843,-81.89148506604273,26.917541467149984,188.931219429435
50000.0,187.88631190172305,-81.89148689851334,26.501050473024616,186.00795822721608
51000.0,185.04932539384612,-81.89148874475157,26.10089236139922,183.19933473311576
52000.0,182.32145375165675,-81.89149060418623,25.716124851797748,180.4987352330322
53000.0,179.69652066200285,-81.89149247625663,25.34587677925118,177.90004516109778
54000.0,177.1688073164102,-81.89149436041245,24.989341509528277,175.39760288224994
55000.0,174.73301081974824,-81.89149569811372,24.6457727574055,172.98615827668002
56000.0,172.38420705510987,-81.89149704850479,24.3144742443993,170.66083670320333
57000.0,170.11781745765182,-81.89149841106294,23.99480016948894,168.41710537050932
58000.0,167.9295792256233,-81.89149978527624,23.686149269650645,166.25074409358513
59000.0,165.81551856078227,-81.89150117064344,23.387961045450734,164.15781880165687
60000.0,163.7719265847692,-81.89150256667405,23.099712364079004,162.13465769533622
61000.0,161.79533762436316,-81.89150397288815,22.82091439651054,160.17782974896622
62000.0,159.88250959816375,-81.8915053888171,22.551109851068773,158.28412529338485
63000.0,158.0304062712088,-81.89150616750342,22.289872235779114,156.4505381964407
64000.0,156.23618117322113,-81.89150695694029,22.036798248781405,154.67425070299865
65000.0,154.49716300132542,-81.89150775668858,21.791511108033266,152.95261821585984
66000.0,152.81084234979016,-81.89150856632085,21.5536568667567,151.2831564164449
67000.0,151.17485962815152,-81.89150938542132,21.32290270931317,149.6635293037034
68000.0,149.58699404538459,-81.89151021358572,21.098935397443082,148.09153828841283
69000.0,148.04515355197321,-81.89151105042137,20.8814598516145,146.56511223580029
70000.0,146.5473656440879,-81.89151189554705,20.670197853970702,145.082298361653
71000.0,145.0917689448754,-81.89151274859293,20.464886860887898,143.6412538977719
72000.0,143.67660548730765,-81.89151360920056,20.26527891448622,142.24023845197084
73000.0,142.30021363131715,-81.89151447702358,20.071139643603924,140.87760699602137
74000.0,140.96102155521828,-81.89151535172765,19.882247345775397,139.55180342214183
75000.0,139.65754126781536,-81.89151623299041,19.698392142650935,138.26135461496787
76000.0,138.38836309323887,-81.8915171205014,19.519375202093954,137.004864991525
77000.0,137.15215058553446,-81.89151801396207,19.345008020893914,135.78101146665784
78000.0,135.94763583443785,-81.8915189130856,19.175111762655316,134.58853880573415
79000.0,134.77361512767283,-81.89151981759696,19.009516645973562,133.42625533030795
80000.0,133.6289449385769,-81.89152072723282,18.848061378497427,132.29302894585794
81000.0,132.51253821094014,-81.89152164174224,18.690592632911493,131.18778346376777
82000.0,131.42336091568478,-81.8915225608867,18.53696456126243,130.10949519242953
83000.0,130.3604288564597,-81.89152348443994,18.387038344394995,129.05718977477326
84000.0,129.32280470340658,-81.89152441168402,18.240681774696526,128.029939251527
85000.0,128.3095952363077,-81.89152534191514,18.097768866083012,127.02685933209146
86000.0,127.31994878007154,-81.8915262749477,17.95817949117276,126.04710685582141
87000.0,126.35305281708223,-81.89152721060812,17.821799045662107,125.08987742808132
88000.0,125.40813176234266,-81.89152814873486,17.688518134513785,124.15440321763089
89000.0,124.48444488860845,-81.8915290901438,17.558232277224498,123.23995090279786
90000.0,123.58128438984613,-81.8915300342813,17.430841639766168,122.34581975357156
91000.0,128.5313735723753,-82.30553098060815,17.209132623589564,127.374093703332
92000.0,121.83386516397991,-81.89153192859956,17.18436839121745,120.61587036451614
93000.0,122.88573973210916,-80.79653287774505,19.654458473918993,121.30378102765249
94000.0,120.16080420304418,-81.89262882796238,16.946109814315015,118.95985973799522
95000.0,119.35069047459108,-81.89262758918186,16.831863165212887,118.15784230912985
96000.0,118.55745411548075,-81.89262635463126,16.719996665232774,117.37253357518927
97000.0,117.78057314521807,-81.89262512396998,16.610436702110793,116.60341677232805
98000.0,117.01954688863421,-81.89262389687201,16.50311266814602,115.84999622910541
99000.0,116.27389489986014,-81.89262267302591,16.397956808454637,115.11179630121222
100000.0,115.54315595086153,-81.8926214521347,16.294904078328468,114.3883603701145
1000.0,2160.0,0.0,2160.0,-0.0
2000.0,3660.357797543076,-81.89262023391579,516.215673831102,3623.7743561272546
3000.0,2454.638531695384,-81.89261901839345,346.17464806551897,2430.105642625518
4000.0,1851.778898771538,-81.892617805605,261.15413554891336,1833.2712858224857
5000.0,1490.0631190172303,-81.89261659560086,210.1418283293761,1475.170671699293
6000.0,1248.919265847692,-81.89261538842993,176.1336237562786,1236.4369289163194
7000.0,1076.673656440879,-81.89261418413975,151.84204926507036,1065.9128268994402
8000.0,947.489449385769,-81.89261298277641,133.62336857348143,938.019750361592
9000.0,847.0128438984614,-81.89261178438471,119.45328374692217,838.5473574766286
10000.0,766.6315595086152,-81.89261058900807,108.11721602464249,758.969443148861
11000.0,700.8650540987413,-81.89260939668861,98.84225164980624,693.8602404992147
12000.0,646.059632923846,-81.89260820746722,91.11311478452566,639.6025716083046
13000.0,599.6858150066271,-81.89260702138353,84.57307600257404,593.6922363780964
14000.0,560.6292282204395,-82.68910583847594,71.34186560803766,556.0714610071356
15000.0,525.4877063390768,-81.89260465878169,74.10901421873713,520.2356999716867
16000.0,495.3447246928845,-81.8926034823369,69.85798924282327,490.3939820389511
17000.0,468.7479761815384,-81.89260230838002,66.10708493547241,464.0630544393965
18000.0,445.10642194923065,-81.89260113694809,62.77294785132974,440.65778545091064
19000.0,423.9534523729554,-81.89259996807704,59.78977263880167,419.7162289770889
20000.0,404.91577975430755,-81.8925988018018,57.10491501661478,400.8688281408073
21000.0,387.69121881362634,-81.89259763815623,54.67575818564525,383.8164178510606
22000.0,372.03252704937063,-81.8925964771732,52.46743385570275,368.31422666975294
23000.0,357.7354606559196,-81.8925953188846,50.451137787066514,354.16005210454415
24000.0,344.629816461923,-81.89259416332138,48.602866446637556,341.18539207848426
25000.0,332.5726238034461,-81.89259301051352,46.90245686661456,329.2487048469346
26000.0,321.4429075033135,-81.89259186048984,45.3328480742456,318.23022431827735
27000.0,311.13761463282043,-81.89259071327824,43.87950664829941,308.02792752557895
28000.0,301.56841411021975,-81.89258956890568,42.529975370579486,298.55436621146725
29000.0,292.65915845124664,-81.8925884273983,41.27351525988351,289.73415394717284
30000.0,284.3438531695384,-81.89258728878133,40.10081919917114,281.50195582776223
31000.0,276.5650191963275,-81.89258615307921,39.00378098973142,273.80086725861565
32000.0,269.27236234644226,-81.89258502031558,37.975307707693496,266.5810967194405
33000.0,262.42168469958034,-81.89258389051328,37.00916617753604,259.7988880257371
34000.0,255.97398809076918,-81.89258276369439,36.09985653850634,253.41563277941734
35000.0,253.84693128817577,-81.54308163988021,37.33217971573416,251.08678356714827
36000.0,244.15321097461532,-81.89293001909131,34.43131453704369,241.7132081795825
37000.0,238.72204311043657,-81.89292855184748,33.66539886206569,236.3363171124556
38000.0,233.57672618647769,-81.89292708766779,32.93979458367878,231.24242030556985
39000.0,228.6952716688757,-81.89292562657128,32.25140082497083,226.40974896971184
40000.0,224.0578898771538,-81.89292416857629,31.597426796722512,221.81871119458913
41000.0,219.64672183136958,-81.89292271370041,30.975353981834576,217.4516264757914
42000.0,215.44560940681316,-81.8929212619606,30.382903721980544,213.29249816647084
43000.0,211.4398975601431,-81.89291981337304,29.818009327051755,209.3268176799515
44000.0,207.61626352468534,-81.89291836795331,29.278791987859833,205.54139539198235
45000.0,203.96256877969228,-81.89291692571628,28.763539900478918,201.92421408935644
46000.0,200.46773032795983,-81.89291548667619,28.27069011349962,198.46430153392853
47000.0,197.12160840608834,-81.89291405084663,27.798812692655236,195.15161929505456
48000.0,193.9149082309615,-81.89291261824052,27.346596864869195,191.97696547797742
49000.0,190.83909377726843,-81.8929111888702,26.912838858949893,188.93188936302218
50000.0,187.88631190172305,-81.89290976274737,26.496431205402548,186.00861628808738
51000.0,185.04932539384612,-81.89290833988314,26.096353295085848,183.19998136849142
52000.0,182.32145375165675,-81.892906920288,25.711663027255476,180.4993708645279
53000.0,179.69652066200285,-81.8929055039719,25.341489403111087,177.90067018665675
54000.0,177.1688073164102,-81.89290409094419,24.985025942283404,175.39821767789635
55000.0,174.73301081974824,-81.89290268121366,24.641524817521887,172.98676343813625
56000.0,172.38420705510987,-81.89290127423055,24.31029161947149,170.661432559894
57000.0,170.11781745765182,-81.89289987000484,23.990680667641854,168.4176922346883
58000.0,167.9295792256233,-81.8928984685459,23.68209081123264,166.25132226151894
59000.0,165.81551856078227,-81.89289706986261,23.383961655431012,164.15838855470793
60000.0,163.7719265847692,-81.89289567396341,23.09577016507915,162.13521930095533
61000.0,161.79533762436316,-81.89289428085611,22.817027602407915,160.1783834616039
62000.0,159.88250959816375,-81.89289289054814,22.547276761117843,158.28467135532892
63000.0,158.0304062712088,-81.89289150304641,22.286089463881947,156.451077090096
64000.0,156.23618117322113,-81.89289011771086,22.0330642962024,154.67478264187406
65000.0,154.49716300132542,-81.8928887345501,21.78782454430976,152.95314340373815
66000.0,152.81084234979016,-81.89288735357223,21.55001632557304,151.28367504797058
67000.0,151.17485962815152,-81.89288597478499,21.319306884683208,149.6640415649264
68000.0,149.58699404538459,-81.89288459819562,21.095383040173736,148.09204435729245
69000.0,148.04515355197321,-81.89288322381101,20.877949766026116,146.56561228267228
70000.0,146.5473656440879,-81.89288185163763,20.66672889485223,145.08279254966342
71000.0,145.0917689448754,-81.89288048168153,20.46145793066682,143.6417423832803
72000.0,143.67660548730765,-81.89287911394844,20.26188896059555,142.24072138492528
73000.0,142.30021363131715,-81.8928777484437,20.06778765603186,140.87808452030754
74000.0,140.96102155521828,-81.89287638517227,19.878932354781032,139.55227567590845
75000.0,139.65754126781536,-81.89287502413883,19.69511321663262,138.26182173093036
76000.0,138.38836309323887,-81.89287366534768,19.516131445598447,137.0053270972492
77000.0,137.15215058553446,-81.89287230880284,19.34179857275515,135.7814686848249
78000.0,135.94763583443785,-81.892870954508,19.17193579425301,134.5889912543889
79000.0,134.77361512767283,-81.89286960246658,19.006373359602293,133.42670312309107
80000.0,133.6289449385769,-81.89286825268171,18.8449500058382,132.29347219222373
81000.0,132.51253821094014,-81.89286690515625,18.687512433599757,131.1882222691882
82000.0,131.42336091568478,-81.89286555989284,18.533914821543927,130.1099296585856
83000.0,130.3604288564597,-81.89286421689383,18.384018375862837,129.0576199997351
84000.0,129.32280470340658,-81.89286287616137,18.237690911977896,128.0303653300833
85000.0,128.3095952363077,-81.8928615376969,18.094806465762908,127.02728135590284
86000.0,127.31994878007154,-81.89286020150112,17.955244931889627,126.04752491340675
87000.0,126.35305281708223,-81.89285886757457,17.818891727114295,125.09029160495929
88000.0,125.40813176234266,-81.8928575359176,17.685637476522846,124.15481359645348
89000.0,124.48444488860845,-81.89285620653041,17.555377720927904,123.24035756318034
90000.0,123.58128438984613,-81.89285487941403,17.42801264377095,122.34622277264054
91000.0,128.5313735723753,-82.3068535545689,17.2061924083815,127.37449091245566
92000.0,121.83386516397991,-81.89285223199494,17.1815889577944,120.61626632291448
93000.0,122.88573973210916,-80.79785091169155,19.651667992655963,121.30423312734843
94000.0,120.16080420304418,-81.8928495936576,16.945651451350596,118.9599250319689
95000.0,119.35069047459108,-81.8928493728919,16.831405793097748,118.15790746196262
96000.0,118.55745411548075,-81.8928491511082,16.71954025824374,117.37259859054537
97000.0,117.78057314521807,-81.89284892831171,16.6099812347375,116.60348165384141
98000.0,117.01954688863421,-81.89284870450737,16.502658115102008,115.85006098037807
99000.0,116.27389489986014,-81.89284847969974,16.397503144688155,115.11186092581279
100000.0,115.54315595086153,-81.89284825389306,16.29445127903325,114.38842487157659
1000.0,2160.0,0.0,2160.0,-0.0
2000.0,3660.357797543076,-81.8928480270913,516.2012666390071,3623.776408438396
3000.0,2454.638531695384,-81.89284779929812,346.1649446994031,2430.10702487461
4000.0,1851.778898771538,-81.89284757051722,261.1467838462233,1833.2723330761048
5000.0,1490.0631190172303,-81.89284734075231,210.13588742795915,1475.1715179836617
6000.0,1248.919265847692,-81.89284711000715,176.12862322743888,1236.4376412442095
7000.0,1076.673656440879,-81.89284687828558,151.83772029444364,1065.913443563575
8000.0,947.489449385769,-81.89284664559143,133.61954315386166,938.0202952946706
9000.0,847.0128438984614,-81.89284641192862,119.44984987507347,838.5478466335608
10000.0,766.6315595086152,-81.89284617730108,108.11409529970537,758.9698876978833
11000.0,700.8650540987413,-81.89284594171278,98.83938705424605,693.8606485624996
12000.0,646.059632923846,-81.89284570516776,91.11046355635217,639.6029492773164
13000.0,599.6858150066271,-81.89284546767006,84.57060524901647,593.6925883384242
14000.0,559.9368282204396,-81.89284522922378,78.96501244866045,554.3408503858875
15000.0,525.4877063390768,-81.89364148983303,74.09959996122052,520.2370409717968
16000.0,495.3447246928845,-81.89364045300198,69.84911381022538,490.39524628711047
17000.0,468.7479761815384,-81.8936394160313,66.09868494564765,464.06425096396305
18000.0,445.10642194923065,-81.89363837892365,62.764970486414796,440.65892177543174
19000.0,423.9534523729554,-81.89363734168168,59.7821734211533,419.71731143710394
20000.0,404.91577975430755,-81.89363630430807,57.097656140763696,400.8698621214496
21000.0,387.69121881362634,-81.89363526680557,54.66880724740278,383.8174079680876
22000.0,372.03252704937063,-81.89363422917693,52.46076287010762,368.31517690943315
23000.0,357.7354606559196,-81.89363319142493,50.44472241982113,354.1609659331336
24000.0,344.629816461923,-81.89363215355237,48.59668540566202,341.1862725288956
25000.0,332.5726238034461,-81.89363111556214,46.89649141528935,329.24955458807256
26000.0,321.4429075033135,-81.8936300774571,45.32708163826043,318.23104571104034
27000.0,311.13761463282043,-81.89362903924012,43.87392449530888,308.0287226684898
28000.0,301.56841411021975,-81.89362800091416,42.524564347062814,298.55513697815604
29000.0,292.65915845124664,-81.89362696248216,41.2682635733739,289.7349020173966
30000.0,284.3438531695384,-81.89362592394708,40.09571623677974,281.50268271325524
31000.0,276.5650191963275,-81.89362488531191,38.9988171659417,273.80157432476983
32000.0,269.27236234644226,-81.89362384657969,37.9704743359381,266.58178520359854
33000.0,262.42168469958034,-81.89362280775342,37.00445536123142,259.7995590527139
34000.0,255.97398809076918,-81.89362176883617,36.095261078111655,253.4162873747388
35000.0,249.89473128817576,-81.89362072983103,35.238020798720996,247.3977740719962
36000.0,244.15321097461532,-81.89327019074108,34.42987945724783,241.71341259800707
37000.0,238.72204311043657,-81.89326985056942,33.663991056501544,236.33651764585372
38000.0,233.57672618647769,-81.89326950927071,32.93841258949694,231.2426171623147
39000.0,228.6952716688757,-81.89326916684911,32.250043292148376,226.40994234210524
40000.0,224.0578898771538,-81.89326882330883,31.596092476778107,221.81890126046892
41000.0,219.64672183136958,-81.8932684786541,30.974041717920695,217.4518133999428
42000.0,215.44560940681316,-81.89326813288915,30.381612440154488,213.29268210186996
43000.0,211.4398975601431,-81.89326778601821,29.816738028562067,209.3269987688638
44000.0,207.61626352468534,-81.89326743804557,29.27753974230886,205.54157376693678
45000.0,203.96256877969228,-81.89326708897548,28.762305839745373,201.92438987401113
46000.0,200.46773032795983,-81.89326673881222,28.269473426321824,198.46447484384228
47000.0,197.12160840608834,-81.89326638756009,27.79761261979004,195.15179023837658
48000.0,193.9149082309615,-81.89326603522336,27.345412694755797,191.9771341560648
49000.0,190.83909377726843,-81.89326568180638,26.911669923815737,188.93205587099465
50000.0,187.88631190172305,-81.89326532731346,26.495276877758613,186.00878071532662
51000.0,185.04932539384612,-81.89326497174889,26.09521298456592,183.20014379909117
52000.0,182.32145375165675,-81.89326461511702,25.71053617775876,180.499531377701
53000.0,183.13812066200285,-81.33526425742218,27.59019667451386,181.04792814907316
54000.0,177.1688073164102,-81.89382189866873,24.982216275950485,175.39861788469406
55000.0,174.73301081974824,-81.89382098086101,24.638752294544755,172.98715835431923
56000.0,172.38420705510987,-81.89382006256136,24.307554909836536,170.6618223749069
57000.0,170.11781745765182,-81.89381914377304,23.987978511482982,168.41807712798402
58000.0,167.9295792256233,-81.89381822449927,23.679422013992617,166.251702403248
59000.0,165.81551856078227,-81.89381730474332,23.381325083432284,164.15876410634917
60000.0,163.7719265847692,-81.89381638450844,23.093164741464204,162.13559041589428
61000.0,161.79533762436316,-81.89381546379789,22.81445230341207,160.17875028566368
62000.0,159.88250959816375,-81.89381454261495,22.54473061264287,158.2850340272582
63000.0,158.0304062712088,-81.89381362096287,22.28357153834147,156.45143574201842
64000.0,156.23618117322113,-81.89381269884497,22.030573707868513,154.6751373999511
65000.0,154.49716300132542,-81.89381177626383,21.78536044844095,152.95349438829314
66000.0,152.81084234979016,-81.89381085322212,21.547577915929118,151.28402237384287
67000.0,151.17485962815152,-81.89380992972247,21.316893391225904,149.66438534179875
68000.0,149.58699404538459,-81.89380900576754,21.09299372693612,148.09238468999462
69000.0,148.04515355197321,-81.89380808135996,20.875583929136823,146.56594927146242
70000.0,146.5473656440879,-81.8938071565024,20.664385860700456,145.08312629048933
71000.0,145.0917689448754,-81.89380623119754,20.45913705419664,143.64207296802255
72000.0,143.67660548730765,-81.89380530544803,20.259589623718792,142.24104890162317
73000.0,142.30021363131715,-81.89380437925652,20.065509266149704,140.8784090533697
74000.0,140.96102155521828,-81.89380345262572,19.876674343405284,139.5525973063093
75000.0,139.65754126781536,-81.89380252555826,19.6928750380993,138.26214053639325
76000.0,138.38836309323887,-81.89380159805684,19.51391257586554,137.0056431524176
77000.0,137.15215058553446,-81.89380067012414,19.339598508278968,135.78178206142272
78000.0,135.94763583443785,-81.8937997417628,19.16975405093618,134.58930202136997
79000.0,134.77361512767283,-81.89379881297556,19.004209471808455,133.4270113467798
80000.0,133.6289449385769,-81.89379788376505,18.84280352546852,132.29377793644645
81000.0,132.51253821094014,-81.89379695413396,18.68538292922607,131.1885255953967
82000.0,131.42336091568478,-81.89379602408499,18.531801877595125,130.1102306259731
83000.0,130.3604288564597,-81.8937950936208,18.38192159186007,129.05791866534497
84000.0,129.32280470340658,-81.89379416274407,18.23560990181537,128.03066174891174
85000.0,128.3095952363077,-81.89379323145748,18.092740857029856,127.02757558099532
86000.0,127.31994878007154,-81.89379229976372,17.953194365231795,126.047816995949
87000.0,126.35305281708223,-81.89379136766546,17.816855855633182,125.09058159436289
88000.0,125.40813176234266,-81.89379043516537,17.68361596520895,124.15510154043653
89000.0,124.48444488860845,-81.89378950226612,17.553370246126185,123.24064350784366
90000.0,123.58128438984613,-81.8937885689704,17.426018892677654,122.34650676253926
91000.0,122.69797357237529,-81.89378763528083,17.301466486220267,121.47202137197479
92000.0,121.83386516397991,-81.89420070120012,17.17875022176899,120.61667066211416
93000.0,122.88573973210916,-80.79919935273092,19.64881312412294,121.30469559057046
94000.0,120.16080420304418,-81.89419800428988,16.942851819371594,118.96032380146389
95000.0,119.35069047459108,-81.89419665587924,16.828627361483836,118.1583032117928
96000.0,118.55745411548075,-81.89419530859625,16.716782598461208,117.37299138174892
97000.0,117.78057314521807,-81.89419396243876,16.60724393147176,116.60387154557372
98000.0,117.01954688863421,-81.89419261740464,16.49994076571762,115.85044802998853
99000.0,116.27389489986014,-81.89419127349174,16.394805358715953,115.11224518891784
100000.0,115.54315595086153,-81.89418993069795,16.291772677683305,114.38880640212923
1000.0,2160.0,0.0,2160.0,-0.0
2000.0,3660.357797543076,-81.89418858902114,516.1164802056658,3623.7884851208564
3000.0,2454.638531695384,-81.89418724845922,346.1081340536106,2430.115116784717
4000.0,1851.778898771538,-81.89418590901005,261.103961442309,1833.2784325504576
5000.0,1490.0631190172303,-81.89418457067156,210.10145824686415,1475.1764219570139
6000.0,1248.919265847692,-81.89418323344164,176.09978975897846,1236.4417481840305
7000.0,1076.673656440879,-81.8941818973182,151.81288396081106,1065.916981165641
8000.0,947.489449385769,-81.89418056229917,133.59770484344145,938.0234058689115
9000.0,847.0128438984614,-81.89417922838247,119.43034351302639,838.5506250533236
10000.0,766.6315595086152,-81.89417789556602,108.09645463325997,758.9724003745663
11000.0,700.8650540987413,-81.89417656384775,98.82327299013006,693.8629437953506
12000.0,646.059632923846,-81.89417523322561,91.09562177429538,639.6050632908164
13000.0,599.6858150066271,-81.89417390369755,84.55684011775118,593.6945489975999
14000.0,560.6292282204395,-82.69067257526153,71.32665996551242,556.0734116222513
15000.0,525.4877063390768,-81.89337474791549,74.10202193681896,520.2366959936401
16000.0,495.3447246928845,-81.89337501465741,69.85138569936824,490.39492268675417
17000.0,468.7479761815384,-81.89337528009575,66.10082430051601,464.0639462413347
18000.0,445.10642194923065,-81.89337554423169,62.766991933982354,440.6586338471152
19000.0,423.9534523729554,-81.89337580706638,59.78408927901981,419.71703854862255
20000.0,404.91577975430755,-81.893376068601,57.09947687903022,400.869602781478
21000.0,387.69121881362634,-81.89337632883671,54.6705418405769,383.81716089832776
22000.0,372.03252704937063,-81.89337658777467,52.46241906902959,368.3149410058818
23000.0,357.7354606559196,-81.89337684541607,50.446306964476086,354.16074023577045
24000.0,344.629816461923,-81.89337710176208,48.59820419365621,341.1860561976858
25000.0,332.5726238034461,-81.89337735681387,46.897949636631274,329.249346883769
26000.0,321.4429075033135,-81.89337761057263,45.32848388422208,318.23084597967807
27000.0,311.13761463282043,-81.8933778630395,43.875274847127855,308.0285303287513
28000.0,301.56841411021975,-81.89337811421571,42.52586644880485,298.554951510993
29000.0,292.65915845124664,-81.8933783641024,41.269520692232526,289.73472295744136
30000.0,284.3438531695384,-81.89337861270079,40.09693131332615,281.50250964166275
31000.0,276.5650191963275,-81.89337886001204,38.9999928562701,273.80140686321516
32000.0,269.27236234644226,-81.89337910603733,37.971613047225354,266.58162300921174
33000.0,262.42168469958034,-81.89337935077788,37.00555928190919,259.7994018137822
34000.0,255.97398809076918,-81.89337959423484,36.09633220360138,253.41613480704123
35000.0,249.89473128817576,-81.89337983640945,35.23906095349238,247.39762591566156
36000.0,244.15321097461532,-81.89338007730287,34.42941587930718,241.71347863001915
37000.0,238.72204311043657,-81.89337996741631,33.66353684092212,236.3365823442935
38000.0,233.57672618647769,-81.89337985729946,32.93796723085649,231.24268059917443
39000.0,228.6952716688757,-81.89337974695144,32.24960632387168,226.41000458384377
40000.0,224.0578898771538,-81.89337963637134,31.595663467253086,221.81896236856502
41000.0,219.64672183136958,-81.89337952555827,30.973620267087405,217.45187343138096
42000.0,215.44560940681316,-81.89337941451136,30.381198176500963,213.29274110956817
43000.0,211.4398975601431,-81.89337930322974,29.816330606468593,209.32705680205214
44000.0,207.61626352468534,-81.89337919171253,29.277138839694985,205.54163087149234
45000.0,203.96256877969228,-81.89337907995886,28.76191115597755,201.92444609275609
46000.0,200.46773032795983,-81.89337896796788,28.26908468034894,198.4645302168095
47000.0,197.12160840608834,-81.89337885573872,27.797229548477308,195.15184480304688
48000.0,193.9149082309615,-81.89337874327055,27.34503505139167,191.97718794757978
49000.0,190.83909377726843,-81.8933786305625,26.911297476772067,188.9321089223474
50000.0,187.88631190172305,-81.89337851761374,26.494909409283867,186.00883305753356
51000.0,185.04932539384612,-81.89337840442344,26.094850289697348,183.20019546134722
52000.0,182.32145375165675,-81.89337829099077,25.71017806333892,180.49958238751944
53000.0,179.69652066200285,-81.8933781773149,25.34002177400089,177.9008792404433
54000.0,177.1688073164102,-81.892820063395,24.985283173809833,175.39818103573316
55000.0,174.73301081974824,-81.89282106523028,24.64177123154218,172.98672833690622
56000.0,172.38420705510987,-81.89282206514591,24.310527551937046,170.66139895174157
57000.0,170.11781745765182,-81.89282306314333,23.990906437030787,168.41766007424692
58000.0,167.9295792256233,-81.89282405922395,23.682306719753694,166.2512915057396
59000.0,165.81551856078227,-81.89282505338923,23.3841679901255,164.15835916270214
60000.0,163.7719265847692,-81.89282604564058,23.095967198831215,162.13519123385134
61000.0,161.79533762436316,-81.89282703597945,22.8172155948714,160.17835668241455
62000.0,159.88250959816375,-81.89282802440727,22.54745595956928,158.28464582883018
63000.0,158.0304062712088,-81.89282901092548,22.28626010400506,156.4510527827152
64000.0,156.23618117322113,-81.89282999553551,22.033226601066545,154.67475952183545
65000.0,154.49716300132542,-81.89283097823882,21.787978726848216,152.95312144070982
66000.0,152.81084234979016,-81.89283195903684,21.550162589196397,151.2836542129771
67000.0,151.17485962815152,-81.89283293793103,21.319445423847164,149.66402183026796
68000.0,149.58699404538459,-81.89283391492282,21.095514040904952,148.0920256964699
69000.0,148.04515355197321,-81.89283489001367,20.878073406410003,146.56559467031778
70000.0,146.5473656440879,-81.89283586320501,20.6668453454862,145.0827759614757
71000.0,145.0917689448754,-81.89283683449831,20.46156735508098,143.64172679596481
72000.0,143.67660548730765,-81.892837803895,20.261991515644958,142.24070677613838
73000.0,142.30021363131715,-81.89283877139657,20.067883492261327,140.8780708686044
74000.0,140.96102155521828,-81.89283973700442,19.87902161676565,139.55226296069466
75000.0,139.65754126781536,-81.89284070072004,19.695196043295393,138.26180993241667
76000.0,138.38836309323887,-81.89284166254488,19.51620797050707,137.0053161964091
77000.0,137.15215058553446,-81.8928426224804,19.34186892439966,135.7814586633553
78000.0,135.94763583443785,-81.89284358052804,19.17200009630556,134.58898209467293
79000.0,134.77361512767283,-81.89284453668927,19.00643173116039,133.42669480816357
80000.0,133.6289449385769,-81.89284549096556,18.845002561653015,132.29346470573861
81000.0,132.51253821094014,-81.89284644335837,18.687559284290028,131.18821559538804
82000.0,131.42336091568478,-81.89284739386913,18.533956073797285,130.10992378227303
83000.0,130.3604288564597,-81.89284834249935,18.384054132624453,129.05761490624573
84000.0,129.32280470340658,-81.89284928925048,18.23772127262839,128.0303610052606
85000.0,128.3095952363077,-81.89285023412397,18.09483152628449,127.02727778607434
86000.0,127.31994878007154,-81.8928511771213,17.95526478502255,126.0475220853618
87000.0,126.35305281708223,-81.89285211824394,17.818906462505595,125.09028950592787
88000.0,125.40813176234266,-81.89285305749337,17.685647180866315,124.15481221408622
89000.0,124.48444488860845,-81.89285399487103,17.555382478096664,123.2403568855297
90000.0,123.58128438984613,-81.89285493037843,17.428012534944386,122.3462227881427
91000.0,128.5313735723753,-82.30685586401702,17.20618727423753,127.3744916059937
92000.0,121.83386516397991,-81.89244279578828,17.18245088238689,120.61614354003032
93000.0,122.88573973210916,-80.79744455369371,19.652528316355266,121.30409374906738
94000.0,120.16080420304418,-81.89244630849274,16.946488768677217,118.95980575444554
95000.0,119.35069047459108,-81.89244806018853,16.832233397609215,118.15778956806045
96000.0,118.55745411548075,-81.89244980878422,16.720358325881893,117.3724820552008
97000.0,117.78057314521807,-81.89245155428404,16.610789936052868,116.60336645275893
98000.0,117.01954688863421,-81.8924532966922,16.503457615473135,115.84994708999889
99000.0,116.27389489986014,-81.8924550360129,16.398293604529954,115.1117483232852
100000.0,115.54315595086153,-81.89245677225038,16.295232853994975,114.3883135347278
1000.0,2160.0,0.0,2160.0,-0.0
2000.0,3660.357797543076,-81.89245850540883,516.2259026385875,3623.772898993447
3000.0,2454.638531695384,-81.89246023549244,346.1813825780921,2430.1046832677785
4000.0,1851.778898771538,-81.89246196250541,261.1591220003877,1833.270575482931
5000.0,1490.0631190172303,-81.89246368645192,210.1457652170664,1475.1701108742307
6000.0,1248.919265847692,-81.89246540733613,176.13686033199173,1236.4364678534544
7000.0,1076.673656440879,-81.89246712516224,151.84478510395928,1065.9124371685061
8000.0,947.489449385769,-81.8924688399344,133.62572841236667,938.0194141933376
9000.0,847.0128438984614,-81.89247055165676,119.45535074576617,838.5470630245898
10000.0,766.6315595086152,-81.89247226033348,108.11904839728794,758.9691821202467
11000.0,700.8650540987413,-81.89247396596872,98.84389173528652,693.8600068626629
12000.0,646.059632923846,-81.89247566856659,91.11459433866445,639.6023608400733
13000.0,599.6858150066271,-81.89247736813125,84.57441945435255,593.6920449981807
14000.0,560.6292282204395,-82.68897906466682,71.3430959829072,556.071303153309
15000.0,525.4877063390768,-81.89248075817741,74.1101392144736,520.2355397116917
16000.0,495.3447246928845,-81.89248165216715,69.85903198582348,490.393833496174
17000.0,468.7479761815384,-81.89248254552965,66.10805494594008,464.0629162576478
18000.0,445.10642194923065,-81.89248343826421,62.773853063445614,440.65765649993585
19000.0,423.9534523729554,-81.89248433037018,59.79061973462069,419.71610830500384
20000.0,404.91577975430755,-81.89248522184687,57.10570967649006,400.86871493842386
21000.0,387.69121881362634,-81.89248611269363,54.67650527902601,383.81631142470707
22000.0,372.03252704937063,-81.89248700290977,52.46813758856979,368.31412642027135
23000.0,357.7354606559196,-81.89248789249464,50.45180181731636,354.1599575108531
24000.0,344.629816461923,-81.89248878144755,48.60349397542825,341.18530268456647
25000.0,332.5726238034461,-81.89248966976787,46.90305071144188,329.24862025142704
26000.0,321.4429075033135,-81.89249055745492,45.33341072796532,318.23014416606316
27000.0,311.13761463282043,-81.89249144450804,43.88004032722026,308.0278515009365
28000.0,301.56841411021975,-81.89249233092657,42.53048205396804,298.5542940324424
29000.0,292.65915845124664,-81.89249321670985,41.273996722658424,289.7340853609217
30000.0,284.3438531695384,-81.89249410185725,40.10127703914769,281.5018906066699
31000.0,276.5650191963275,-81.89249498636809,39.004216650472095,273.8008051970411
32000.0,269.27236234644226,-81.89249587024173,37.975722497788446,266.58103763097006
33000.0,262.42168469958034,-81.89249675347753,37.0095612869618,259.79883174085404
34000.0,255.97398809076918,-81.89249763607484,36.100233052579064,253.41557914351424
35000.0,249.89473128817576,-81.892498518033,35.24286639670303,247.39708384242064
36000.0,244.15321097461532,-81.89249939935137,34.433131187833915,241.71294939621345
37000.0,238.72204311043657,-81.89250028002932,33.667165416796244,236.33606546530137
38000.0,233.57672618647769,-81.89250115971672,32.94151360310688,231.24217542984906
39000.0,228.6952716688757,-81.89250203841429,32.253074673177565,226.40951052865978
40000.0,224.0578898771538,-81.89250291612282,31.59905766077875,221.81847887665617
41000.0,219.64672183136958,-81.89250379284307,30.976943889069045,217.45139999218333
42000.0,215.44560940681316,-81.8925046685758,30.38445455519202,213.29227724898192
43000.0,211.4398975601431,-81.89250554332173,29.819522837952217,209.3266020790493
44000.0,207.61626352468534,-81.89250641708163,29.28026980899005,205.54118487511047
45000.0,203.96256877969228,-81.89250728985627,28.76498355580007,201.92400843942568
46000.0,200.46773032795983,-81.89250816164636,28.27210102783392,198.4641005479721
47000.0,197.12160840608834,-81.8925090324527,27.80019220012153,195.15142278302648
48000.0,193.9149082309615,-81.89250990227598,27.347946216440537,191.97677326167585
49000.0,190.83909377726843,-81.89251077111697,26.91415922923961,188.93170127512266
50000.0,187.88631190172305,-81.89251163897642,26.4977236987716,186.0084321712731
51000.0,185.04932539384612,-81.89251250585505,26.097618951151684,183.19980107466827
52000.0,182.32145375165675,-81.89251337175362,25.712902825870863,180.49919425411525
53000.0,183.13812066200285,-81.33451423667285,27.59256664955294,181.04756696873972
54000.0,177.1688073164102,-81.8930731006135,24.984508556862522,175.3982913773431
55000.0,174.73301081974824,-81.89307284757628,24.64101105307373,172.98683662179778
56000.0,172.38420705510987,-81.89307259579394,24.30978132028523,170.66150524995055
57000.0,170.11781745765182,-81.89307234526329,23.99017368629921,168.41776445213893
58000.0,167.9295792256233,-81.89307209598117,23.68158700803509,166.251394026263
59000.0,165.81551856078227,-81.89307184794441,23.383460897875384,164.15845988561986
60000.0,163.7719265847692,-81.89307160114986,23.095272327377373,162.135290215953
61000.0,161.79533762436316,-81.89307135559434,22.81653256504552,160.17845397771163
62000.0,159.88250959816375,-81.89307111127474,22.546784410448616,158.28474148873502
63000.0,158.0304062712088,-81.89307086818786,22.28559969175444,156.45114685620615
64000.0,156.23618117322113,-81.8930706263306,22.032576997870393,154.67485205560885
65000.0,154.49716300132542,-81.89307038569982,21.787339619925056,152.95321247932048
66000.0,152.81084234979016,-81.89307014629235,21.54953367988799,151.28374379896803
67000.0,151.17485962815152,-81.89306990810509,21.318826426775246,149.66411000429042
68000.0,149.58699404538459,-81.89306967113492,21.094904683190446,148.0921124973948
69000.0,148.04515355197321,-81.8930694353787,20.877473426948736,146.56568013533857
70000.0,146.5473656440879,-81.89306920083334,20.666254494275815,145.0828601262045
71000.0,145.0917689448754,-81.89306896749571,20.460985392596196,143.64180969452133
72000.0,143.67660548730765,-81.89306873536272,20.261418212255208,142.24078844123278
73000.0,142.30021363131715,-81.89306850443124,20.06731862768917,140.8781513316146
74000.0,140.96102155521828,-81.89306827469821,19.87846497958101,139.55234225173822
75000.0,139.65754126781536,-81.89306804616052,19.69464743044412,138.26188808041806
76000.0,138.38836309323887,-81.89306781881508,19.515667186870235,137.00539322916245
77000.0,137.15215058553446,-81.89306759265881,19.34133578238149,135.7815346075831
78000.0,135.94763583443785,-81.89306736768863,19.171474415447644,134.58905697608094
79000.0,134.77361512767283,-81.89306714390148,19.005913337780704,133.42676865149232
80000.0,133.6289449385769,-81.89306692129426,18.844491288507122,132.29353753481155
81000.0,132.51253821094014,-81.89306669986392,18.68705497025339,131.18828743315692
82000.0,131.42336091568478,-81.89306647960743,18.533458563566757,130.1099946508603
83000.0,130.3604288564597,-81.89306626052168,18.383563276438103,129.05768482698457
84000.0,129.32280470340658,-81.89306604260366,18.237236926001643,128.03042999873242
85000.0,128.3095952363077,-81.89306582585031,18.094353549761912,127.02734587214412
86000.0,127.31994878007154,-81.89306561025859,17.954793043944207,126.0475892832115
87000.0,126.35305281708223,-81.89306539582545,17.81844082678659,125.09035583408769
88000.0,125.40813176234266,-81.89306518254786,17.685187524789107,124.15487769046428
89000.0,124.48444488860845,-81.89306497042281,17.554928680114756,123.24042152743992
90000.0,123.58128438984613,-81.89306475944726,17.427564477497288,122.34628661233124
91000.0,128.5313735723753,-82.30706454961819,17.205723344274123,127.3745542743989
92000.0,121.83386516397991,-81.89306434093258,17.181142436338963,120.61632992831888
93000.0,120.98833973210917,-81.89306371938744,17.06190683175456,119.77925398998273
94000.0,120.16080420304418,-81.89196810022175,16.947481643365197,118.95966430967313
95000.0,119.35069047459108,-81.89196857843002,16.8332222046633,118.15764870278215
96000.0,118.55745411548075,-81.89196905791178,16.721343160889028,117.37234175579916
97000.0,117.78057314521807,-81.89196953866265,16.611770891560127,116.60322670604953
98000.0,117.01954688863421,-81.89197002067827,16.504434781112224,115.84980788321262
99000.0,116.27389489986014,-81.89197050395428,16.39926706713512,115.11160964405153
100000.0,115.54315595086153,-81.89197098848635,16.296202697715106,114.38817537105875
1000.0,2160.0,0.0,2160.0,-0.0
2000.0,3660.357797543076,-81.89197147427011,516.2567057655866,3623.768510789074
3000.0,2454.638531695384,-81.89197196130125,346.20209189889283,2430.101733024463
4000.0,1851.778898771538,-81.89197244957543,261.17478474400235,1833.2683441737204
5000.0,1490.0631190172303,-81.89197293908836,210.15840027338618,1475.1683108885873
6000.0,1248.919265847692,-81.89197342983573,176.14747714453847,1236.4349553863124
7000.0,1076.673656440879,-81.89197392181323,151.8539604963862,1065.9111300457155
8000.0,947.489449385769,-81.89197441501658,133.63382289839436,938.0182610562058
9000.0,847.0128438984614,-81.8919749094415,119.46260466693373,838.5460296341228
10000.0,766.6315595086152,-81.89197540508371,108.12562999182803,758.9682445092691
11000.0,700.8650540987413,-81.89197590193896,98.84992335751171,693.8591476006104
12000.0,646.059632923846,-81.89197640000299,91.12016775360843,639.6015668541228
13000.0,599.6858150066271,-81.89197689927155,84.57960524985857,593.6913062324062
14000.0,560.6292282204395,-82.68847739974042,71.3479647762992,556.0706784729128
15000.0,525.4877063390768,-81.89197790140534,74.11470506213115,520.234889263549
16000.0,495.3447246928845,-81.89197840426212,69.86333927541874,490.393219882124
17000.0,468.7479761815384,-81.89197890751002,66.11213412216865,464.0623351405503
18000.0,445.10642194923065,-81.89197941114804,62.777729496762994,440.65710426552505
19000.0,423.9534523729554,-81.89197991517516,59.79431478950371,419.71558190970404
20000.0,404.91577975430755,-81.89198041959035,57.109241512632195,400.8682117952118
21000.0,387.69121881362634,-81.89198092439261,54.6798894617729,383.81582931614923
22000.0,372.03252704937063,-81.89198142958091,52.471387560618545,368.31366343132595
23000.0,357.7354606559196,-81.89198193515423,50.45492926787194,354.1595119762803
24000.0,344.629816461923,-81.89198244111158,48.606509132452246,341.18487314729464
25000.0,332.5726238034461,-81.89198294745191,46.905962575451795,329.24820542924573
26000.0,321.4429075033135,-81.89198345417424,45.33622726087152,318.22974292472156
27000.0,311.13761463282043,-81.8919839612775,43.882768606194425,308.02746283222325
28000.0,301.56841411021975,-81.89198446876074,42.53312839783397,298.55391703618017
29000.0,292.65915845124664,-81.89198497662291,41.276566796491934,289.73371923006584
30000.0,284.3438531695384,-81.891985484863,40.103775941443146,281.5015346148908
31000.0,276.5650191963275,-81.89198599347999,39.00664898624974,273.8004586883092
32000.0,269.27236234644226,-81.89198650247288,37.97809244027854,266.5807000107685
33000.0,262.42168469958034,-81.89198701184064,37.011872629943014,259.7985024687225
34000.0,255.97398809076918,-81.89198752158228,36.10248925501981,253.41525772668942
35000.0,249.89473128817576,-81.89198803169677,35.24507062102548,247.396769830385
36000.0,244.15321097461532,-81.89198854218311,34.435286332863534,241.71264237600133
37000.0,238.72204311043657,-81.89198905304028,33.66927414625923,236.33576505743937
38000.0,233.57672618647769,-81.89198956426726,32.94357836896634,231.24188128503138
39000.0,228.6952716688757,-81.89199007586272,32.25509773871438,226.4092223244602
40000.0,224.0578898771538,-81.89199058782526,31.601041119459943,221.81819631484018
41000.0,219.64672183136958,-81.89199110015356,30.978889681115017,217.45112279634785
42000.0,215.44560940681316,-81.89199161284625,30.38636448217169,213.29200516247604
43000.0,211.4398975601431,-81.89199212590198,29.8213985756809,209.32633486313705
44000.0,207.61626352468534,-81.89199263931941,29.2821129189618,205.5409223073419
45000.0,203.96256877969228,-81.89199315309716,28.76679549534978,201.92375031218944
46000.0,200.46773032795983,-81.89199366723392,28.27388315919438,198.463846667205
47000.0,197.12160840608834,-81.89199418172834,27.80194579851786,195.15117296706038
48000.0,193.9149082309615,-81.89199469657906,27.34967247734058,191.97652734020485
49000.0,190.83909377726843,-81.89199521178476,26.915859274865,188.9314590882755
50000.0,187.88631190172305,-81.8919957273441,26.499398583957436,186.00819356877832
51000.0,185.04932539384612,-81.89199624325573,26.0992696686321,183.19956591510135
52000.0,182.32145375165675,-81.89199675951832,25.714530311055935,180.498962404218
53000.0,179.69652066200285,-81.89199727613055,25.344309404175853,177.90026846200942
54000.0,177.1688073164102,-81.89143979309111,24.98950855458448,175.3975790828358
55000.0,174.73301081974824,-81.89144142639863,24.645936613363872,172.9861349316306
56000.0,172.38420705510987,-81.8914430578198,24.314635060692137,170.66081379122846
57000.0,170.11781745765182,-81.89144468735778,23.99495808671052,168.41708287157795
58000.0,167.9295792256233,-81.89144631501568,23.68630442017112,166.25072198883794
59000.0,165.81551856078227,-81.89144794079665,23.388113553978226,164.1577970733262
60000.0,163.7719265847692,-81.89144956470379,23.099862348175773,162.13463632667256
61000.0,164.75153762436315,-81.24495118674024,25.076910366955076,162.8318694729003
62000.0,159.88250959816375,-81.89209930690909,22.54946910412545,158.28435904576617
63000.0,158.0304062712088,-81.89210027871346,22.288249968170486,156.45076931610038
64000.0,156.23618117322113,-81.89210124930294,22.035193910825093,154.67447926824875
65000.0,154.49716300132542,-81.89210221867997,21.78992417465032,152.9528443015072
66000.0,152.81084234979016,-81.89210318684698,21.552086835991272,151.28338009400213
67000.0,151.17485962815152,-81.89210415380643,21.321349100963413,149.66375064158376
68000.0,149.58699404538459,-81.89210511956072,21.097397751792986,148.09175735211113
69000.0,148.04515355197321,-81.8921060841123,20.879937728258227,146.56532908806022
70000.0,146.5473656440879,-81.89210704746357,20.668690830721385,145.08251306262258
71000.0,145.0917689448754,-81.89210800961693,20.463394532763708,143.64146650514806
72000.0,143.67660548730765,-81.89210897057481,20.263800892767314,142.24044902113368
73000.0,142.30021363131715,-81.8921099303396,20.06967555495632,140.877815580159
74000.0,140.96102155521828,-81.89211088891369,19.880796831434584,139.55201007236667
75000.0,139.65754126781536,-81.89211184629949,19.69695485766029,138.26155938042518
76000.0,138.38836309323887,-81.89211280249934,19.517950814593885,137.00506791949417
77000.0,137.15215058553446,-81.89211375751566,19.343596211457285,135.78121260264697
78000.0,135.94763583443785,-81.8921147113508,19.173712223666286,134.58873819356862
79000.0,134.77361512767283,-81.89211566400714,19.008129081045876,133.42645301221336
80000.0,133.6289449385769,-81.89211661548703,18.84668550192965,132.29322496253755
81000.0,132.51253821094014,-81.89211756579284,18.68922816917789,131.1879778544752
82000.0,131.42336091568478,-81.8921185149269,18.535611244535815,130.10968799503664
83000.0,130.3604288564597,-81.89211946289159,18.385695918097966,129.0573810258341
84000.0,129.32280470340658,-81.89212040968923,18.239349989954423,128.03012898649828
85000.0,128.3095952363077,-81.89212135532213,18.096447481367502,127.02704758538327
86000.0,127.31994878007154,-81.89212229979266,17.956868273075514,126.04729366068696
87000.0,126.35305281708223,-81.89212324310313,17.820497768541383,125.09006281666736
88000.0,125.40813176234266,-81.89212418525585,17.687226580161525,124.1545872210251
89000.0,124.48444488860845,-81.89212512625315,17.556950236629042,123.24013355077771
90000.0,123.58128438984613,-81.89212606609732,17.42956890980617,122.34600107507538
91000.0,128.5313735723753,-82.30612700479067,17.207807602897528,127.37427271589485
92000.0,121.83386516397991,-81.89212794233549,17.183113695507068,120.6160491166997
93000.0,122.88573973210916,-80.7971288787341,19.653196649138774,121.3039854702967
94000.0,120.16080420304418,-81.89322481357475,16.944872403497282,118.96003600348949
95000.0,119.35069047459108,-81.89322355686139,16.830634133897355,118.15801738101624
96000.0,118.55745411548075,-81.89322230188296,16.71877584423649,117.37270747756693
97000.0,117.78057314521807,-81.89322104863899,16.60922392684858,116.6035895286413
98000.0,117.01954688863421,-81.893219797129,16.501907778462154,115.85016786216751
99000.0,116.27389489986014,-81.89321854735256,16.396759648463053,115.11196683322832
100000.0,115.54315595086153,-81.89321729930916,16.29371449626186,114.388529822703
1000.0,2160.0,0.0,2160.0,-0.0
2000.0,3660.357797543076,-81.89321605299834,516.1779901564964,3623.7797240605555
3000.0,2454.638531695384,-81.89321480841961,346.1493785990936,2430.1092421903854
4000.0,1851.778898771538,-81.8932135655725,261.1350732294929,1833.274001197027
5000.0,1490.0631190172303,-81.8932123244565,210.12649033424984,1475.1728565545013
6000.0,1248.919265847692,-81.89321108507113,176.12076867555027,1236.4387600874827
7000.0,1076.673656440879,-81.89320984741589,151.83096772290259,1065.914405435117
8000.0,947.489449385769,-81.8932086114903,133.61361721106107,938.021139416977
9000.0,847.0128438984614,-81.89320737729382,119.44456699266749,838.548599155048
10000.0,766.6315595086152,-81.89320614482597,108.10932697930697,758.9705669225209
11000.0,700.8650540987413,-81.89320491408623,98.83503984198845,693.8612678023354
12000.0,646.059632923846,-81.89320368507407,91.10646736138465,639.6035185164507
13000.0,599.6858150066271,-81.893202457789,84.56690615488455,593.6931152569932
14000.0,560.6292282204395,-82.68970123223049,71.3360871423553,556.0722023319129
15000.0,525.4877063390768,-81.893200008398,74.10360854390005,520.2364699963625
16000.0,495.3447246928845,-81.893198786291,69.8528940386897,490.3947078379712
17000.0,468.7479761815384,-81.89319756590898,66.10226368626668,464.06374121432856
18000.0,445.10642194923065,-81.89319634725058,62.768370127628856,440.65843753633897
19000.0,423.9534523729554,-81.89319513031447,59.78541281619585,419.71685002313734
20000.0,404.91577975430755,-81.89319391509933,57.10075131470325,400.8694212500316
21000.0,387.69121881362634,-81.89319270160382,54.671771935842244,383.81698568274743
22000.0,372.03252704937063,-81.8931914898266,52.46360893545108,368.31477152051446
23000.0,357.7354606559196,-81.89319027976637,50.44746017704845,354.16057597139195
24000.0,344.629816461923,-81.89318907142176,48.59932388023373,341.1858967087632
25000.0,332.5726238034461,-81.89318786479144,46.89903854947023,329.2491917782697
26000.0,321.4429075033135,-81.8931866598741,45.3295444577656,318.23069491083857
27000.0,311.13761463282043,-81.8931854566684,43.87630924508952,308.02838298837133
28000.0,301.56841411021975,-81.89318425517301,42.526876602844744,298.5548076239259
29000.0,292.65915845124664,-81.8931830553866,41.27050833396473,289.7345822770351
30000.0,284.3438531695384,-81.89318185730784,40.097898000991876,281.5023719459608
31000.0,276.5650191963275,-81.89318066093539,39.000939997108695,273.80127195176965
32000.0,269.27236234644226,-81.89317946626794,37.97254191634955,266.58149070039497
33000.0,262.42168469958034,-81.89317827330414,37.0064710383209,259.7992719425054
34000.0,255.97398809076918,-81.89317708204268,36.09722790385201,253.41600722280867
35000.0,253.84693128817577,-81.54367589248221,37.32957552584837,251.08717075048622
36000.0,244.15321097461532,-81.89352420462143,34.42880784984892,241.71356523632096
37000.0,238.72204311043657,-81.893522668959,33.662948218144635,236.33666618636147
38000.0,233.57672618647769,-81.89352113534308,32.937397040180485,231.24276181582482
39000.0,228.6952716688757,-81.893519603772,32.24905366555797,226.41008330323282
40000.0,224.0578898771538,-81.89351807424408,31.595127508918438,221.81903870925498
41000.0,219.64672183136958,-81.89351654675767,30.973100237133423,217.45194750327607
42000.0,215.44560940681316,-81.89351502131106,30.380693358325104,213.29281301473924
43000.0,211.4398975601431,-81.8935134979026,29.815840333348408,209.3271266354652
44000.0,207.61626352468534,-81.8935119765306,29.27666249025356,205.54169872165446
45000.0,203.96256877969228,-81.89351045719339,28.761448150152876,201.92451204228962
46000.0,200.46773032795983,-81.8935089398893,28.268634475801377,198.46459434296375
47000.0,197.12160840608834,-81.89350742461664,27.796791637379236,195.15190717815537
48000.0,193.9149082309615,-81.89350591137375,27.344608957551642,191.97724863946976
49000.0,190.83909377726843,-81.89350440015896,26.910882753052157,188.9321679947079
50000.0,187.88631190172305,-81.89350289097058,26.494505635275704,186.0088905702464
51000.0,185.04932539384612,-81.89350138380695,26.094457069625438,183.20025147078542
52000.0,182.32145375165675,-81.8934998786664,25.709795024166056,180.49963694681736
53000.0,179.69652066200285,-81.89349837554725,25.339648563712203,177.9009323997409
54000.0,177.1688073164102,-81.89349687444783,24.983211266795827,175.3984761641843
55000.0,174.73301081974824,-81.89349481736649,24.639737045492932,172.98701809229277
56000.0,172.38420705510987,-81.89349276397552,24.308529804512382,170.661683516723
57000.0,170.11781745765182,-81.89349071426936,23.98894391318223,168.4179396218976
58000.0,167.9295792256233,-81.89348866824244,23.680378267084173,166.25156620020968
59000.0,165.81551856078227,-81.89348662588922,23.382272514641958,164.15862915982257
60000.0,163.7719265847692,-81.89348458720413,23.094103661051395,162.13545668168837
61000.0,161.79533762436316,-81.89348255218162,22.815383006249792,160.17861772177892
62000.0,159.88250959816375,-81.89283402081618,22.547439393960474,158.2846481885802
63000.0,158.0304062712088,-81.89283328610227,22.28624843026713,156.45105444562438
64000.0,156.23618117322113,-81.89283255309489,22.03321969672058,154.67476050535078
65000.0,154.49716300132542,-81.8928318217911,21.787976474955382,152.9531217614891
66000.0,152.81084234979016,-81.89283109218799,21.55016487802227,151.28365388693678
67000.0,151.17485962815152,-81.89283036428264,21.31945214655118,149.66402087262733
68000.0,149.58699404538459,-81.89282963807217,21.09552509525269,148.0920241217922
69000.0,148.04515355197321,-81.89282891355366,20.878088694506587,146.565592492548
70000.0,146.5473656440879,-81.89282819072422,20.66686477352801,145.08277319397607
71000.0,145.0917689448754,-81.89282746958095,20.46159083312591,143.6417234515475
72000.0,143.67660548730765,-81.89282675012099,20.26201895739759,142.24070286709605
73000.0,142.30021363131715,-81.89282603234145,20.06791481487354,140.8780664067387
74000.0,140.96102155521828,-81.89282531623945,19.879056740650284,139.5522579573427
75000.0,139.65754126781536,-81.89282460181212,19.695234891952687,138.26180439847573
76000.0,138.38836309323887,-81.8928238890566,19.516250470362163,137.00531014235983
77000.0,137.15215058553446,-81.89282317797004,19.341915004650897,135.78145209928334
78000.0,135.94763583443785,-81.8928224685496,19.172049688782327,134.58897503028913
79000.0,134.77361512767283,-81.8928217607924,19.006484770190152,133.4266872528229
80000.0,133.6289449385769,-81.89282105469562,18.845058983936532,132.29345666845796
81000.0,132.51253821094014,-81.8928203502564,18.687619028784397,131.18820708486294
82000.0,131.42336091568478,-81.89281964747194,18.534019081605724,130.10991480689324
83000.0,130.3604288564597,-81.89281894633939,18.384120346893372,129.05760547411
84000.0,129.32280470340658,-81.89281824685594,18.237790638450093,128.03035112419047
85000.0,128.3095952363077,-81.89281754901879,18.09490399060563,127.0272674636272
86000.0,127.31994878007154,-81.89281685282508,17.955340296558294,126.0475113288431
87000.0,126.35305281708223,-81.89281615827205,17.81898497165811,125.09027832240278
88000.0,125.40813176234266,-81.89281546535688,17.685728639648595,124.15480061039045
89000.0,124.48444488860845,-81.89281477407678,17.5554668400599,123.24034486827985
90000.0,123.58128438984613,-81.89281408442896,17.428099755110043,122.34621036374588
91000.0,128.5313735723753,-82.30681339641063,17.206281684149562,127.37447885274032
92000.0,121.83386516397991,-81.892812710019,17.18167215751663,120.61625447122148
93000.0,122.88573973210916,-80.79781202525133,19.65175032139973,121.30421978980384
94000.0,120.16080420304418,-81.8928113421048,16.94573087084146,118.95991371876214
95000.0,119.35069047459108,-81.89281175557628,16.831483369197233,118.15789641134477
96000.0,118.55745411548075,-81.89281216737756,16.719616020828816,117.37258779826048
97000.0,117.78057314521807,-81.89281257751206,16.610055212779944,116.60347111576253
98000.0,117.01954688863421,-81.8928129859832,16.502730336704623,115.85005069250194
99000.0,116.27389489986014,-81.89281339279434,16.397573637119404,115.11185088425503
100000.0,115.54315595086153,-81.89281379794889,16.29452006875993,114.38841507256707
1000.0,2160.0,0.0,2160.0,-0.0
2000.0,3660.357797543076,-81.89281420145025,516.2034060034753,3623.776103688638
3000.0,2454.638531695384,-81.8928146033018,346.16635265337874,2430.1068243133523
4000.0,1851.778898771538,-81.89281500350693,261.1478258810299,1833.2721846395698
5000.0,1490.0631190172303,-81.89281540206899,210.1367097404311,1475.1714008462957
6000.0,1248.919265847692,-81.89281579899138,176.12929891624725,1236.437544993199
7000.0,1076.673656440879,-81.89281619427746,151.83829113047713,1065.9133622487095
8000.0,947.489449385769,-81.8928165879306,133.62003524411827,938.0202251970414
9000.0,847.0128438984614,-81.89281697995415,119.45028062439071,838.5477852738708
10000.0,766.6315595086152,-81.8928173703515,108.11447689162523,758.9698333406022
11000.0,700.8650540987413,-81.89281775912596,98.83972834966858,693.8605999454036
12000.0,646.059632923846,-81.89281814628093,91.11077120108345,639.6029054537186
13000.0,599.6858150066271,-81.89281853181973,84.57088435533637,593.692548580087
14000.0,559.9368282204396,-81.89281891574569,78.96526703347398,554.3408141206078
15000.0,525.4877063390768,-81.89361579806217,74.09983323861955,520.2370077450398
16000.0,495.3447246928845,-81.89361538227251,69.84932839088512,490.39521572341204
17000.0,468.7479761815384,-81.89361496567653,66.09888298004603,464.0642227570213
18000.0,445.10642194923065,-81.89361454827676,62.76515376670077,440.65889566998305
19000.0,423.9534523729554,-81.89361413007573,59.78234345658432,419.7172872181783
20000.0,404.91577975430755,-81.89361371107597,57.09781421428434,400.8698396063116
21000.0,387.69121881362634,-81.89361329127999,54.668954458752594,383.81738700009663
22000.0,372.03252704937063,-81.89361287069032,52.46090016913091,368.3151573532987
23000.0,357.7354606559196,-81.89361244930946,50.44485063253632,354.16094767120234
24000.0,344.629816461923,-81.89361202713991,48.59680525489939,341.18625545821175
25000.0,332.5726238034461,-81.8936116041842,46.89660353720127,329.24953861802607
26000.0,321.4429075033135,-81.89361118044481,45.3271865956568,318.2310307614678
27000.0,311.13761463282043,-81.89361075592423,43.8740227885228,308.0287086681267
28000.0,301.56841411021975,-81.89361033062498,42.52465642287606,298.55512386336517
29000.0,292.65915845124664,-81.89360990454952,41.26834983240342,289.73488973111654
30000.0,284.3438531695384,-81.89360947770037,40.095797039633155,281.502671204123
31000.0,276.5650191963275,-81.89360905007997,38.99889283838016,273.8015635463858
32000.0,269.27236234644226,-81.89360862169082,37.970545173232054,266.5817751139062
33000.0,262.42168469958034,-81.8936081925354,37.00452163185658,259.799549613473
34000.0,255.97398809076918,-81.89360776261617,36.09532302690162,253.41627855107666
35000.0,253.84693128817577,-81.54410733193559,37.32768482860579,251.08745183652667
36000.0,244.15321097461532,-81.89360690049614,34.42845898092819,241.71361492769407
37000.0,238.72204311043657,-81.89360681780028,33.66260111651059,236.33671562601492
38000.0,233.57672618647769,-81.89360673365142,32.93705156985959,231.24281102312602
39000.0,228.6952716688757,-81.89360664805312,32.24870970121646,226.4101322960338
40000.0,224.0578898771538,-81.89360656100884,31.594784934798298,221.81908750404375
41000.0,219.64672183136958,-81.89360647252207,30.972758946117768,217.45199611530984
42000.0,215.44560940681316,-81.8936063825963,30.380353251114627,213.29286145816178
43000.0,211.4398975601431,-81.89360629123502,29.815501317734196,209.32717492341024
44000.0,211.1752635246853,-81.46160619844169,31.35363815759523,208.83472244577257
45000.0,201.51436877969226,-81.20853810421978,30.79916810763009,199.14681033989913
46000.0,200.46773032795983,-81.89472307657275,28.26442886920974,198.46519333006736
47000.0,197.12160840608834,-81.89472186243607,27.792655203310805,195.15249631340387
48000.0,193.9149082309615,-81.89472064799826,27.34053881226222,191.9778283335797
49000.0,190.83909377726843,-81.89471943326163,26.90687618944655,188.93273863323648
50000.0,187.88631190172305,-81.89471821822852,26.49056010877563,186.00945251560444
51000.0,185.04932539384612,-81.89471700290126,26.090570185422987,183.20080506405276
52000.0,182.32145375165675,-81.89471578728217,25.705964525702562,180.50018250938373
53000.0,179.69652066200285,-81.89471457137356,25.335872322244093,177.90147023479193
54000.0,177.1688073164102,-81.89471335517773,24.979487271926864,175.3990065580502
55000.0,174.73301081974824,-81.894712138697,24.636061711856936,172.98754155563873
56000.0,172.38420705510987,-81.89471092137566,24.304901385294894,170.66220029833812
57000.0,519.4552174576518,-91.37020970321826,-12.421416431331547,519.306683336365
58000.0,547.5571792256234,-92.01323298422932,-19.235855759743153,547.219194084703
59000.0,545.4431185607823,-92.00311323991333,-19.065309588996794,545.1098142169037
60000.0,543.3995265847692,-91.99300361329931,-18.898055759018636,543.0708139654351
61000.0,541.4229376243632,-91.98290409427321,-18.73393590783047,541.0987313154562
62000.0,512.4287095981638,-92.61931467273112,-23.417860412742133,511.893334820965
63000.0,510.57660627120885,-92.6085881920792,-23.237732950449285,510.0475258627853
64000.0,508.78238117322115,-92.59787243717322,-23.061015946106338,508.25948189465817
65000.0,507.0433630013255,-92.58716739728915,-22.887555291477465,506.5265361029701
66000.0,505.3570423497902,-92.57647306171364,-22.71720621407515,504.8461833017606
67000.0,503.7210596281516,-92.56578941974412,-22.54983258046766,503.2160678709502
68000.0,502.13319404538464,-92.55511646068867,-22.385306261057217,501.63397275884194
69000.0,474.9613535519733,-93.31995417386605,-27.50582512093788,474.1642299376229
70000.0,473.4635656440879,-93.30852704860573,-27.32481556405706,472.67441484261
71000.0,472.0079689448754,-93.29711134974785,-27.14692190482625,471.22666242325437
72000.0,470.5928054873077,-93.28570706586768,-26.972017262436133,469.81921933996045
73000.0,469.2164136313172,-93.27431418555193,-26.79998170477653,468.45042832903783
74000.0,467.87722155521834,-93.26293269739872,-26.63070177893312,467.11872171107893
75000.0,466.5737412678154,-93.25156259001757,-26.46407007924398,465.8226154186669
76000.0,465.3045630932389,-93.24020385202937,-26.29998484945797,464.56070349558
77000.0,443.75315058553446,-94.02385647206638,-31.13896949319986,442.659263128526
78000.0,442.54863583443785,-94.01172543877229,-30.960977511249098,441.46428275735946
79000.0,441.37461512767277,-93.99960653580207,-30.785713106236123,440.29966017207164
80000.0,440.22994493857686,-93.98749975102706,-30.613076638612732,439.1642562405789
81000.0,439.11353821094013,-93.97540507233073,-30.44297338603817,438.0569880866504
82000.0,438.0243609156848,-93.96332248760865,-30.275313243551828,436.9768256596669
83000.0,436.96142885645963,-93.95125198476852,-30.11001044542101,435.9227885523484
84000.0,435.9238047034066,-93.93919355173009,-29.94698330685578,434.89394304578747
85000.0,416.6845952363077,-94.89164717642521,-35.531391613803,415.166920788774
86000.0,415.6949487800715,-94.8786483467978,-35.35303569553462,414.1889101706811
87000.0,414.72805281708224,-94.86566251530384,-35.177148810916606,413.2335005719928
88000.0,413.78313176234263,-94.85268966894681,-35.00364921068208,412.2999207773241
89000.0,412.85944488860844,-94.83972979474322,-34.8324588167407,411.38743423506503
90000.0,411.95628438984613,-94.82678287972254,-34.66350301822621,410.49533713160884
91000.0,455.8461735723753,-95.22784891092726,-41.535164514165785,453.94995767083986
92000.0,410.2088651639799,-94.80092787541274,-34.33201296953445,408.7696490012192
93000.0,409.3633397321091,-94.78801976024734,-34.169345180393066,407.9347984256422
94000.0,394.58560420304417,-95.86902955251236,-40.348291310860034,392.5172791516004
95000.0,393.77549047459104,-95.85505333430194,-40.16990149092155,391.72122218832413
96000.0,392.9822541154807,-95.84109109272322,-39.99371541035015,390.9418815851791
97000.0,392.20537314521806,-95.82714281379788,-39.81966715408455,390.17873959471143
98000.0,391.4443468886342,-95.8132084835616,-39.64769349479491,389.4312996044516
99000.0,390.69869489986013,-95.79928808806402,-39.477733757140506,388.69908506948445
100000.0,389.96795595086155,-95.78538161336874,-39.30972969017196,387.9816385090649
1000.0,4221.11,4.01,4210.776132881938,-295.18467245408505
2000.0,3898.6821975430757,-99.18949904555332,-622.6205855361756,3848.644759380358
3000.0,2857.303731695384,-104.96970236070922,-738.065079744208,2760.3341379663702
4000.0,2254.387098771538,-105.4986254729518,-602.4066313233974,2172.410514070752
5000.0,1892.6713190172302,-105.47501966248237,-504.9991891331861,1824.056068437932
6000.0,1651.527465847692,-105.45143745822195,-440.0024741276076,1591.8356677782049
7000.0,1479.281856440879,-105.42787883656271,-393.52624158837057,1425.9775271639119
8000.0,1353.3156493857691,-106.20684377392043,-377.71825734215633,1299.5353650219877
9000.0,1252.8390438984613,-106.18252974673445,-349.16409494868725,1203.1999437811967
10000.0,1172.4577595086153,-106.15824003396766,-326.2845865626781,1126.1418944358584
11000.0,1106.6912540987414,-106.13397461130404,-307.53214283873854,1063.1037169625824
12000.0,1059.884032923846,-85.34973345445187,85.92838533699071,1056.395037777201
13000.0,1013.510215006627,-85.34627653914369,82.22965122408398,1010.1689167571653
14000.0,972.9608282204396,-106.89932308113637,-282.83084844773623,930.9454787568053
15000.0,938.5117063390769,-106.87431657697098,-272.42485523761366,898.1029568953945
16000.0,916.4951246928845,-86.08933587619208,62.5058680035098,914.3611595266685
17000.0,881.7719761815384,-106.84514015569816,-255.525108563704,843.9364531009446
18000.0,858.1304219492307,-106.82018863050814,-248.31642637960374,821.4175390535727
19000.0,836.9774523729554,-106.7952620564259,-241.84683829656896,801.2748358626246
20000.0,826.0661797543075,-86.01036040849955,57.47445473707272,824.0643302476768
21000.0,819.6184188136264,-86.74874366180214,46.48439595301163,818.2991833012132
22000.0,795.6445270493706,-107.50388853143161,-239.306422404607,758.803432793714
23000.0,743.0708606559197,-107.71827825577087,-226.14392639636264,707.8228793349123
24000.0,737.5984164619231,-86.9324535899644,39.4712598431322,736.5415423542195
25000.0,725.5412238034462,-86.92741474840157,38.889756438886316,724.4982086122274
26000.0,714.4115075033135,-86.92238094525736,38.35586746178748,713.3811249846822
27000.0,696.4730146328204,-107.67735217549256,-211.4885370769277,663.586662612194
28000.0,694.5370141102198,-86.89156843407298,37.66179441263746,693.5151427407767
29000.0,700.2037584512466,-87.60957047596953,29.20463285687852,699.5944487836839
30000.0,691.8884531695384,-87.60385451539811,28.92677595420453,691.2834970272556
31000.0,684.1096191963275,-87.59814427036042,28.669675422993762,683.5086106173677
32000.0,676.8169623464422,-87.59243973514013,28.431381191810228,676.2195332016012
33000.0,669.9662846995803,-87.58674090402668,28.21017956690807,669.3721001079757
34000.0,663.5185880907692,-87.5810477713152,28.004558470801065,662.927342509587
35000.0,657.4393312881757,-87.5753603313065,27.81317863993363,656.8507451610196
36000.0,613.9178109746153,-87.91882907830713,22.294608272535978,613.5128597460999
37000.0,628.2498431104366,-88.65080385612931,14.792606700365706,628.0756675395859
38000.0,623.1045261864776,-88.64404665909098,14.744921978648794,622.9300424846424
39000.0,618.2230716688757,-88.63729621916553,14.702225928783612,618.0482269988636
40000.0,613.5856898771538,-88.63055252959442,14.664140635248149,613.410435028173
41000.0,609.1745218313696,-88.62381558362584,14.630325057211424,608.9988108668177
42000.0,604.9734094068132,-88.61708537451474,14.600470638683438,604.7971993539921
43000.0,600.967697560143,-88.61036189552283,14.574297531202921,600.790948136048
44000.0,597.1440635246853,-88.60364513991854,14.551551331612322,596.9667368929502
45000.0,560.5541687796923,-89.02850310097706,9.504199915354281,560.4735910997598
46000.0,581.0771303279598,-89.7061831359803,2.9797921130100726,581.0694900174506
47000.0,577.7310084060884,-89.6983716759209,3.041397331695563,577.7230028103318
48000.0,574.5243082309615,-89.69056802610741,3.1027647772797895,574.5159298043891
49000.0,571.4484937772685,-89.6827721787293,3.1639055444141992,571.4397350045015
50000.0,568.4957119017231,-89.67498412598383,3.224829844654683,568.486565296947
51000.0,565.6587253938461,-89.66720386007607,3.2855470930350776,565.6491835002416
52000.0,562.9308537516567,-89.65943137321891,3.3460659846507115,562.9209091408806
53000.0,560.3059206620029,-89.65166665763297,3.4063945625723555,560.2955659337122
54000.0,526.5062073164102,-90.20190970554671,-1.8553983236290894,526.502938111243
55000.0,524.0704108197482,-90.19360250919634,-1.7708311906672054,524.0674189965198
56000.0,521.7216070551099,-90.18530361882584,-1.6873273056429001,521.7188785109564
57000.0,519.4552174576518,-90.17701302612839,-1.604833628022947,519.4527384209296
58000.0,547.5571792256234,-90.83070622280549,-7.938511777010804,547.4996297279914
59000.0,545.4431185607823,-90.83188874956691,-7.919118225929196,545.3856279292986
60000.0,543.3995265847692,-90.83305997405725,-7.900554803000522,543.3420899639159
61000.0,541.4229376243632,-90.8342199176965,-7.882776783014401,541.3655504518035
62000.0,512.4287095981638,-91.48186860187306,-13.251715346595306,512.2573322665202
63000.0,510.57660627120885,-91.48300604794393,-13.213951503686411,510.4055861342852
64000.0,508.78238117322115,-91.48413163008806,-13.177507891298161,508.61170324528285
65000.0,507.0433630013255,-91.48524537089514,-13.142319994717406,506.8730130800518
66000.0,505.3570423497902,-91.48634729292154,-13.108327218377932,505.18700696876954
67000.0,503.7210596281516,-91.48743741869033,-13.075472593370758,503.5513260129178
68000.0,502.13319404538464,-91.48851577069138,-13.04370251076104,501.96375007268267
69000.0,474.9613535519733,-92.26508237138138,-18.771825614658592,474.59025056464804
70000.0,473.4635656440879,-92.26613724318386,-18.72133888725303,473.0932883297777
71000.0,472.0079689448754,-92.26717963298928,-18.672363366862587,471.6384903649853
72000.0,470.5928054873077,-92.26820956470604,-18.624832925779536,470.22409995118477
73000.0,469.2164136313172,-92.26922706220721,-18.578685067905667,468.8484566277071
74000.0,467.87722155521834,-92.27023214933055,-18.533860683357524,467.5099896883496
75000.0,466.5737412678154,-92.27122484987862,-18.49030382270433,466.207212197742
76000.0,465.3045630932389,-92.27220518761875,-18.447961489028376,464.9387154801042
77000.0,443.75315058553446,-93.06817318628318,-23.75150346518294,443.11705534512146
78000.0,442.54863583443785,-93.06912886956896,-23.694403902346792,441.91387204141296
79000.0,441.37461512767277,-93.07007146613816,-23.638796723476084,440.74114644376857
80000.0,440.22994493857686,-93.07100100120782,-23.58462316588824,439.5977365396067
81000.0,439.11353821094013,-93.07191749995764,-23.53182737607392,438.4825567117504
82000.0,438.0243609156848,-93.07282098753001,-23.480356232294554,437.39457429968036
83000.0,436.96142885645963,-93.07371148903009,-23.430159180004146,436.332806409372
84000.0,435.9238047034066,-93.07458902952582,-23.381188079026895,435.2963169510017
85000.0,416.6845952363077,-94.03995363404803,-29.356296666578938,415.6492027578898
86000.0,415.6949487800715,-94.0408053275904,-29.292737902863045,414.661580023301
87000.0,414.72805281708224,-94.04164317060962,-29.230653272290958,413.69666025086985
88000.0,413.78313176234263,-94.04246718995431,-29.169989988142877,412.75366965678677
89000.0,412.85944488860844,-94.0432774124333,-29.110697642820696,411.83186923364514
90000.0,411.95628438984613,-94.04407386481562,-29.052728075662053,410.9305528184165
91000.0,455.8461735723753,-94.45885657383053,-35.43894066741844,454.46651740799047
92000.0,410.2088651639799,-94.04562556616762,-28.94057513509175,409.18670087133864
93000.0,409.3633397321091,-94.04638086847686,-28.886305603454502,408.34290157318765
94000.0,394.58560420304417,-95.14212250736864,-35.36534192746848,392.9975720467427
95000.0,393.77549047459104,-95.14284941441379,-35.29770992796938,392.19027087925787
96000.0,392.9822541154807,-95.14356161833368,-35.23147009634893,391.3997899393079
97000.0,392.20537314521806,-95.14425914780807,-35.1665770608708,390.6256092242309
98000.0,391.4443468886342,-95.14494203147406,-35.102987307882785,389.8672299554452
99000.0,390.69869489986013,-95.14561029792614,-35.04065908796189,389.1241735065238
100000.0,389.96795595086155,-95.14626397571628,-34.97955232769215,388.3959803955846
1000.0,4221.11,4.01,4210.776132881938,-295.18467245408505
2000.0,3898.6821975430757,-98.56090309335393,-580.3602149537672,3855.243818273771
3000.0,2857.303731695384,-104.35903168930612,-708.603484395235,2768.0436624199588
4000.0,2254.387098771538,-104.91164235997752,-580.1195228011046,2178.4679319128322
5000.0,1892.6713190172302,-104.9122293430905,-487.0582445566629,1828.9283715443325
6000.0,1651.527465847692,-104.9127921334099,-425.01818962207426,1595.9017854929775
7000.0,1479.281856440879,-104.9133307787347,-380.7044712425219,1429.4540623507721
8000.0,1353.3156493857691,-105.71634532679253,-366.5794732091099,1302.7212812778325
9000.0,1252.8390438984613,-105.71683582523966,-339.37318985644544,1205.998137611776
10000.0,1172.4577595086153,-105.71730151916115,-317.60841461114757,1128.6195518420525
11000.0,1106.6912540987414,-105.71774245767597,-299.8010496876657,1065.3097495586994
12000.0,1059.884032923846,-84.95815868982959,93.14601016826094,1055.7831141085042
13000.0,1013.510215006627,-84.95855026459421,89.06363042500438,1009.5893351547933
14000.0,972.9608282204396,-106.51543799086876,-276.58715746498524,932.8195525270914
15000.0,938.5117063390769,-106.51582187595903,-266.80020738370587,899.7899045196591
16000.0,916.4951246928845,-85.75618037066005,67.82148108668595,913.982253815157
17000.0,881.7719761815384,-106.51651352616557,-250.68043606213521,845.3881575671576
18000.0,858.1304219492307,-106.5168421527951,-243.96405771760217,822.7207057177588
19000.0,836.9774523729554,-106.51714549927283,-237.9545765848002,802.4393280884676
20000.0,826.0661797543075,-85.75742361582998,61.111780648085514,823.8025756210624
21000.0,819.6184188136264,-86.50017655262265,50.03398656260957,818.0898194252277
22000.0,795.6445270493706,-107.26042511973182,-236.07993516048288,759.8134492349019
23000.0,743.0708606559197,-107.50066858314352,-223.45398678894483,708.6766679834008
24000.0,729.9652164619231,-107.50088619281615,-219.51554180717721,696.1768052365748
25000.0,725.5412238034462,-86.72031776021329,41.50821308492557,724.3529082461799
26000.0,714.4115075033135,-86.72052485720148,40.868903991715904,713.2415682920289
27000.0,696.4730146328204,-107.48072671328954,-209.21002489986486,664.3085319285963
28000.0,694.5370141102198,-86.72092333875175,39.7271334858017,693.3998982074781
29000.0,700.2037584512466,-87.44409398384707,31.225013706717792,699.5071850011742
30000.0,691.8884531695384,-87.44425946033918,30.852203209261628,691.2002410202639
31000.0,684.1096191963275,-87.44441905539425,30.503431252482923,683.4292295174163
32000.0,676.8169623464422,-87.4445727806092,30.176448419765748,676.1439066357358
33000.0,669.9662846995803,-87.44472064756374,29.869277940208335,669.3001186833077
34000.0,663.5185880907692,-87.4448626678202,29.58017559368664,662.8589065206972
35000.0,657.4393312881757,-87.4449988529237,29.307596489332806,656.7857634820216
36000.0,613.9178109746153,-87.7946292144021,23.624464563807386,613.463090418598
37000.0,628.2498431104366,-88.53275341426598,16.086641955048233,628.0438562066333
38000.0,623.1045261864776,-88.53287146470785,15.95361021527501,622.9002591708996
39000.0,618.2230716688757,-88.53298263990223,15.827429068729328,618.0204356109708
40000.0,613.5856898771538,-88.5330869534815,15.70758846811812,613.384602420487
41000.0,609.1745218313696,-88.5331844190576,15.593628117036111,608.9749065524994
42000.0,604.9734094068132,-88.53327505022217,15.485131547257135,604.7751952504894
43000.0,600.967697560143,-88.53335886054647,15.381721022453586,600.7708183401779
44000.0,597.1440635246853,-88.53343586358145,15.2830531368602,596.9484574815394
45000.0,560.5541687796923,-88.96550607285779,10.120437875770413,560.4628023994941
46000.0,581.0771303279598,-89.6510690698859,3.5387341262643726,581.066354860579
47000.0,577.7310084060884,-89.651124183952,3.5178006693468573,577.7202983731545
48000.0,574.5243082309615,-89.65117143144397,3.4978013331561137,574.5136605287107
49000.0,571.4484937772685,-89.65121082803863,3.47868233274154,571.4379054713966
50000.0,568.4957119017231,-89.65124238938932,3.460394176905251,568.4851802138622
51000.0,565.6587253938461,-89.65126613112592,3.4428912472623487,565.6482476893658
52000.0,562.9308537516567,-89.65128206885487,3.426131425871359,562.9204275286355
53000.0,560.3059206620029,-89.65129021815923,3.4100757650197986,560.2955435412382
54000.0,526.5062073164102,-90.20929059459871,-1.9232228459928566,526.5026947287121
55000.0,524.0704108197482,-90.20928321370965,-1.9142578533260066,524.0669147290741
56000.0,521.7216070551099,-90.20926753300515,-1.9055356573950086,521.7181271549082
57000.0,519.4552174576518,-90.20924356909097,-1.8970406372248372,519.451753467824
58000.0,547.5571792256234,-90.861711338548,-8.23478529152966,547.4952537079421
59000.0,545.4431185607823,-90.86168033343226,-8.202696523387361,545.3814365699081
60000.0,543.3995265847692,-90.8616505418484,-8.171681262696138,543.338079944607
61000.0,541.4229376243632,-90.86162195128061,-8.141687036138118,541.3617185560876
62000.0,512.4287095981638,-91.50809454924702,-13.486189053798293,512.2512129075386
63000.0,510.57660627120885,-91.50806832329964,-13.437211447318264,510.3997572686973
64000.0,508.78238117322115,-91.50804326102428,-13.389769061975466,508.60615949549793
65000.0,507.0433630013255,-91.50801934939335,-13.343791296997491,506.8677492181921
66000.0,505.3570423497902,-91.50799657541485,-13.299211825308765,505.1820179077569
67000.0,503.7210596281516,-91.50797492613236,-13.255968274616288,503.546606798229
68000.0,502.13319404538464,-91.50795438862491,-13.214001936633856,501.9592958747139
69000.0,474.9613535519733,-92.28343495000698,-18.92384203956427,474.5842133598464
70000.0,473.4635656440879,-92.28341659742836,-18.864014276009044,473.0876208038085
71000.0,472.0079689448754,-92.2833993180741,-18.805877298998738,471.6331855653093
72000.0,470.5928054873077,-92.28338309838902,-18.749360836484012,470.21915108238454
73000.0,469.2164136313172,-92.28336792485534,-18.69439846245087,468.8438570432191
74000.0,467.87722155521834,-92.2833537839927,-18.640927337069417,467.5057328827583
75000.0,466.5737412678154,-92.28334066235803,-18.5888879676305,466.2032917995896
76000.0,465.3045630932389,-92.28332854654555,-18.53822398835563,464.93512524517604
77000.0,443.75315058553446,-93.07831742318663,-23.829957115185934,443.1128431883648
78000.0,442.54863583443785,-93.07830727894972,-23.76519531188104,441.91007068261075
79000.0,441.37461512767277,-93.07829810054034,-23.70207891171268,440.7377477983526
80000.0,440.22994493857686,-93.07828987390593,-23.64054632504849,439.5947326687112
81000.0,439.11353821094013,-93.07828258503324,-23.580538999789383,438.4799398155065
82000.0,438.0243609156848,-93.07827621994817,-23.522001236168204,437.3923367109211
83000.0,436.96142885645963,-93.07827076471575,-23.464880014936057,436.3309405877189
84000.0,435.9238047034066,-93.07826620544006,-23.409124837821413,435.29481547730506
85000.0,416.6845952363077,-94.04276252826415,-29.3766736058538,415.6477630820365
86000.0,415.6949487800715,-94.04275971936994,-29.30688222926212,414.66058059003683
87000.0,414.72805281708224,-94.04275776497815,-29.238701049191537,413.6960915387098
88000.0,413.78313176234263,-94.04275665038378,-29.172075234808016,412.7535222836347
89000.0,412.85944488860844,-94.04275636092336,-29.10695241606762,411.8321339511752
90000.0,411.95628438984613,-94.04275688197487,-29.043282547019455,410.9312205067678
91000.0,455.8461735723753,-94.45675819895771,-35.422296466217354,454.4678150030379
92000.0,410.2088651639799,-94.04276029733258,-28.92011233687859,409.188147630821
93000.0,409.3633397321091,-94.04276316260142,-28.860522416194172,408.3447246659255
94000.0,394.58560420304417,-95.1377667803073,-35.3354654509153,393.0002594473044
95000.0,393.77549047459104,-95.13777113603436,-35.26294891535519,392.1933978693392
96000.0,392.9822541154807,-95.13777621431274,-35.191948577929615,391.40334541872863
97000.0,392.20537314521806,-95.13778199971676,-35.12241756412866,390.62958222391546
98000.0,391.4443468886342,-95.13778847686486,-35.05431090951133,389.87160963287477
99000.0,390.69869489986013,-95.13779563041946,-34.98758546324962,389.1289491414199
100000.0,389.96795595086155,-95.13780344508697,-34.92219979745882,388.40114138580935
1000.0,2160.0,0.0,2160.0,-0.0
2000.0,3660.357797543076,-80.7293019056176,589.6803741030473,3612.547060237705
3000.0,2454.638531695384,-80.74713350680533,394.6861027484092,2422.6995689893006
4000.0,1851.778898771538,-80.77074540498784,296.99790635470964,1827.806700271243
5000.0,1490.0631190172303,-80.79488630194282,238.3643389413395,1470.8740736638247
6000.0,1248.919265847692,-80.81900364498397,199.26977644635159,1232.9196603187731
7000.0,1076.673656440879,-80.8430974334724,171.3403667872391,1062.9527934875503
8000.0,947.489449385769,-80.86716766681766,150.3891839250995,935.4781398064256
9000.0,847.0128438984614,-80.89201684447762,134.0784439429792,836.3335032143509
10000.0,766.6315595086152,-80.9168416634584,121.02645117534423,757.0181940683549
11000.0,700.8650540987413,-80.9416421233141,110.34446110008355,692.1242113677023
12000.0,646.059632923846,-80.96641822364846,101.43997737073981,638.0462211193783
13000.0,599.6858150066271,-80.97040996411464,94.11740804254057,592.2541601572052
14000.0,560.6292282204395,-81.77089810441512,80.24378439102031,554.856798283713
15000.0,525.4877063390768,-80.99914264430157,82.21215463753671,519.0168505389373
16000.0,495.3447246928845,-81.02465932353323,77.27841493929888,489.279514046459
17000.0,468.7479761815384,-81.02939084458036,73.09083737481271,463.01446485626855
18000.0,445.10642194923065,-81.05487796726194,69.20887840669803,439.692913304426
19000.0,423.9534523729554,-81.08033993144747,65.73371940760792,418.82646515208376
20000.0,404.91577975430755,-81.1057767370153,62.6043430665227,400.04685341000754
21000.0,388.69381881362636,-81.85292838389412,55.08356684950355,384.77095192732065
22000.0,372.03252704937063,-81.11507563206284,57.46058359960065,367.5683372043
23000.0,357.7354606559196,-81.14122098155052,55.091105916162064,353.46800401116536
24000.0,344.629816461923,-81.16758042915211,52.916178035883675,340.543078767802
25000.0,332.5726238034461,-81.19391373491577,50.91381247533562,328.652299250644
26000.0,321.4429075033135,-81.19944013894107,49.179315998795296,317.6585236729441
27000.0,311.13761463282043,-81.20496122365932,47.573023829513545,307.4791418017131
28000.0,301.56841411021975,-81.23123698914895,45.9732129976665,298.04357412234907
29000.0,292.65915845124664,-81.23672667549856,44.58731027893437,289.2427264210492
30000.0,284.3438531695384,-81.24293404280691,43.29000781980512,281.02918364159484
31000.0,276.5650191963275,-81.24913536822444,42.076132194993114,273.34558518947125
32000.0,269.27236234644226,-81.2553306519116,40.93786255464378,266.1422486812096
33000.0,262.42168469958034,-81.2615198940403,39.86832603066741,259.37551384060595
34000.0,255.97398809076918,-81.26770309479383,38.861458327654965,253.0068568947118
35000.0,249.89473128817576,-81.27388025436686,37.911888212493785,247.00215678765426
36000.0,244.15321097461532,-81.28005137296542,37.01484125571429,241.33108369215367
37000.0,238.72204311043657,-81.28656595080685,36.1646198030202,235.96680728722026
38000.0,233.57672618647769,-81.29381213827031,35.35594268516824,230.88534889168668
39000.0,228.6952716688757,-81.30105119759675,34.58848681134411,226.064512614878
40000.0,224.0578898771538,-81.30828312903905,33.85916097991888,221.4847516962256
41000.0,219.64672183136958,-81.3155079328635,33.1651755698758,217.12842637638758
42000.0,215.44560940681316,-81.32272560934969,32.50400663835484,212.9795768732929
43000.0,211.4398975601431,-81.32993615879056,31.873365027842976,209.02372803594733
44000.0,207.61626352468534,-81.33713958149232,31.271169686019814,205.24772063635626
45000.0,203.96256877969228,-81.34433587777441,30.69552454295754,201.63956515585772
46000.0,200.46773032795983,-81.35195704796949,30.143204098793085,198.18854192284206
47000.0,197.12160840608834,-81.36025615999141,29.61183845389944,194.88475446782235
48000.0,193.9149082309615,-81.36854702801537,29.102382255598148,191.7186557987283
49000.0,190.83909377726843,-81.37682965241879,28.613494478233186,188.6818158898021
50000.0,187.88631190172305,-81.38510403359442,28.143941378166332,185.76647911755742
51000.0,185.04932539384612,-81.39337017195021,27.69258597593158,182.96549814290992
52000.0,182.32145375165675,-81.40162806790939,27.258378751986186,180.2722754222922
53000.0,183.13812066200285,-80.85187772191033,29.11664128748715,180.80871782009325
54000.0,177.1688073164102,-81.41867713440658,26.435893353046737,175.18541557031972
55000.0,174.73301081974824,-81.42746774786677,26.045932167584517,172.78088577055
56000.0,172.38420705510987,-81.43624956333262,25.66968967180441,170.46225938363085
57000.0,170.11781745765182,-81.44502258130228,25.306444167602766,168.22501508440104
58000.0,167.9295792256233,-81.45378680229008,24.95552372912296,166.0649433634326
59000.0,165.81551856078227,-81.46319472682633,24.61443455551316,163.9784004285122
60000.0,163.7719265847692,-81.47259321243294,24.284507222768994,161.96143567600996
61000.0,161.79533762436316,-81.48198226976236,23.965193098433545,160.0106271368763
62000.0,159.88250959816375,-81.49136190944388,23.655978945280214,158.1227736145157
63000.0,158.0304062712088,-81.50137864208368,23.354620549056015,156.29514069622547
64000.0,156.23618117322113,-81.5113853317649,23.062472563424702,154.52464744128318
65000.0,154.49716300132542,-81.52138198969415,22.779110202186498,152.8086565409655
66000.0,152.81084234979016,-81.53136862705385,22.504134423356383,151.14469052370953
67000.0,151.17485962815152,-81.54134525500221,22.237170007955438,149.53041982696567
68000.0,149.58699404538459,-81.55131188467334,21.977863808319846,147.963651921534
69000.0,148.04515355197321,-81.56126852717729,21.72588314873151,146.4423213816108
70000.0,146.5473656440879,-81.57199069360013,21.47895226281201,144.96477153748023
71000.0,145.0917689448754,-81.58270211950395,21.23877807230826,143.52886720638588
72000.0,143.67660548730765,-81.59340281670252,21.00507934662914,142.1328730660056
73000.0,142.30021363131715,-81.6040927969842,20.777590264699477,140.77514888044254
74000.0,140.96102155521828,-81.61477207211207,20.55605937377719,139.4541430754657
75000.0,139.65754126781536,-81.62544065382396,20.340248631565526,138.1683868277315
76000.0,138.38836309323887,-81.6360985538325,20.12993252394771,136.9164886206458
77000.0,137.15215058553446,-81.64674578382521,19.92489725146967,135.69712922444415
78000.0,135.94763583443785,-81.65817735546457,19.72307361389639,134.5093307402641
79000.0,134.77361512767283,-81.66959748538805,19.52616939100665,133.35162557500303
80000.0,133.6289449385769,-81.6810061860032,19.3340003902147,132.22288513834658
81000.0,132.51253821094014,-81.69240346969111,19.146391514510192,131.12203657310604
82000.0,131.42336091568478,-81.70378934880645,18.963176207850875,130.048059356856
83000.0,130.3604288564597,-81.7151638356776,18.78419594064722,128.99998214923698
84000.0,129.32280470340658,-81.72652694260663,18.609299731998256,127.97687986445086
85000.0,126.05879523630769,-82.70237868186946,16.012420447996035,125.03768331117602
86000.0,127.31994878007154,-81.74921906571586,18.271190676944446,126.00211485767522
87000.0,126.35305281708223,-81.76151260636951,18.10560473143573,125.04911448509095
88000.0,125.40813176234266,-81.77379385152813,17.943599426469564,124.11779385625375
89000.0,124.48444488860845,-81.78606281432698,17.785054341394787,123.20742210312912
90000.0,123.58128438984613,-81.79831950787357,17.6298544072564,122.31730084098066
91000.0,128.5313735723753,-82.22456394524768,17.38911297970097,127.34964759346879
92000.0,121.83386516397991,-81.82279613950138,17.329054729335972,120.59516807477203
93000.0,122.88573973210916,-80.74001610365923,19.774103402092166,121.2843347846334
94000.0,120.16080420304418,-81.84831885071816,17.03810293925858,118.9467188070085
95000.0,119.35069047459108,-81.86160829864775,16.895830022085583,118.14871241205482
96000.0,118.55745411548075,-81.87488446148514,16.75634079048546,117.36735052670072
97000.0,117.78057314521807,-81.88814735323797,16.619549423229206,116.6021182800077
98000.0,117.01954688863421,-81.90139698788444,16.48537360167492,115.85252181646483
99000.0,116.27389489986014,-81.91463337937343,16.35373433286991,115.11808723460285
100000.0,115.54315595086153,-81.92785654162446,16.224555783267267,114.39835958929113
1000.0,2160.0,0.0,2160.0,-0.0
2000.0,3660.357797543076,-81.94106648852792,513.1514193833201,3624.2095451034947
3000.0,2454.638531695384,-81.93985472394502,344.17110639225734,2430.390209577137
4000.0,1851.778898771538,-81.93866200272788,259.68079270009787,1833.4805632561745
5000.0,1490.0631190172303,-81.93749408613014,208.98632185119942,1475.3348148588045
6000.0,1248.919265847692,-81.93635147834596,175.18975228691713,1236.5710182998737
7000.0,1076.673656440879,-81.93523413051258,151.04911912856053,1066.0254809732542
8000.0,947.489449385769,-81.93414199381556,132.9434399542265,938.1163565733649
9000.0,847.0128438984614,-81.93307501948856,118.86105787834285,838.6315082615251
10000.0,766.6315595086152,-81.93203396131354,107.59496815211267,759.0436554394992
11000.0,700.8650540987413,-81.93101876901568,98.37708637812248,693.9263454665654
12000.0,646.059632923846,-81.93002939236999,90.69535630337313,639.6619432471334
13000.0,599.6858150066271,-81.92906578120126,84.19527745602844,593.7459321749202
14000.0,560.6292282204395,-82.72460712538418,70.9973020810103,556.1155587036415
15000.0,525.4877063390768,-81.92715341636321,73.79530406265516,520.2802923538466
16000.0,495.3447246928845,-81.92622540559114,69.57020753945814,490.4348911975842
17000.0,468.7479761815384,-81.92532383950909,65.84204847617335,464.1007324135023
18000.0,445.10642194923065,-81.92442790651415,62.528160746929316,440.6925867019466
19000.0,423.9534523729554,-81.92355835657492,59.56298041040569,419.74847366438075
20000.0,404.91577975430755,-81.92271513814978,56.89419876504182,400.89878877457693
21000.0,387.69121881362634,-81.92189819974864,54.47947067845022,383.84432836736164
22000.0,372.03252704937063,-81.9218292299328,52.27951024910358,368.34094802350523
23000.0,357.7354606559196,-81.92102247633493,50.27541596219025,354.18503971869245
24000.0,344.629816461923,-81.92024267484014,48.43821920408934,341.20880603365924
25000.0,332.5726238034461,-81.91949001259445,46.747888782232174,329.270686514777
26000.0,321.4429075033135,-81.91876443631676,45.187476539945195,318.25089905314593
27000.0,311.13761463282043,-81.9180451120194,43.74265689070906,308.04739117146113
28000.0,301.56841411021975,-81.91733202813103,42.40104447416559,298.5727044062347
29000.0,292.65915845124664,-81.91664593309206,41.15185727091146,289.7514584407582
30000.0,284.3438531695384,-81.91596601383446,39.985953008877516,281.5182949601533
31000.0,276.5650191963275,-81.91529298186343,38.89526820223062,273.81630330303847
32000.0,269.27236234644226,-81.9146268242498,37.8727506052719,266.59568617144686
33000.0,262.42168469958034,-81.91396752807745,36.91220279107491,259.81268230337895
34000.0,255.97398809076918,-81.91331508044341,36.008156442840644,253.42867882045465
35000.0,253.84693128817577,-81.56316946845777,37.24414671108961,251.0998567506295
36000.0,244.15321097461532,-81.91238017924367,34.34925833272849,241.72488262735078
37000.0,238.72204311043657,-81.9117478504374,33.58777032247296,236.34736205759933
38000.0,233.57672618647769,-81.91112266853777,32.866356622029876,231.2528694273572
39000.0,228.6952716688757,-81.9105053580075,32.1819313189617,226.41963382242824
40000.0,224.0578898771538,-81.90989590384709,31.53171990093691,221.82806102089887
41000.0,219.64672183136958,-81.90929429107229,30.913218540788957,217.46046843211866
42000.0,215.44560940681316,-81.90870050471408,30.324161872090606,213.3008575215495
43000.0,211.4398975601431,-81.9081145298187,29.762495261159316,209.3347179902877
44000.0,207.61626352468534,-81.90753635144767,29.22635086015329,205.5488586573781
45000.0,203.96256877969228,-81.90696595467773,28.71402685308794,201.93126089115287
46000.0,200.46773032795983,-81.90640332460082,28.223969408893602,198.4709511582223
47000.0,197.12160840608834,-81.90584887832419,27.75475546688218,195.15789005207247
48000.0,193.9149082309615,-81.90530328560585,27.305079682252615,191.98287490755015
49000.0,190.83909377726843,-81.90476652934827,26.873745493124186,188.9374539812047
50000.0,187.88631190172305,-81.90423859247133,26.459652063530992,186.01385166892393
51000.0,185.04932539384612,-81.90371945791246,26.061784898526884,183.204902217764
52000.0,182.32145375165675,-81.9032091086265,25.67920754216323,180.50399108641344
53000.0,179.69652066200285,-81.90270752758578,25.31105421531784,177.90500294409614
54000.0,177.1688073164102,-81.90165669778011,24.958231502109573,175.40203238904158
55000.0,174.73301081974824,-81.90117371821674,24.616552740356976,172.9903188080636
56000.0,172.38420705510987,-81.90070001224638,24.287062042842884,170.66473994163556
57000.0,170.11781745765182,-81.90023556179747,23.96911762136086,168.42076242853287
58000.0,167.9295792256233,-81.89978034881698,23.66212194983643,166.25416555300492
59000.0,165.81551856078227,-81.89933435527044,23.365518013297315,164.16101474939597
60000.0,163.7719265847692,-81.898898215642,23.078784085479374,162.13763801913132
61000.0,161.79533762436316,-81.89847191063879,22.80143444837786,160.1806038947225
62000.0,159.88250959816375,-81.89805542099792,22.533014721479084,158.28670229355507
63000.0,158.0304062712088,-81.89764872748636,22.273099374656613,156.45292694766044
64000.0,156.23618117322113,-81.89725245740095,22.021287728932563,154.67645972917515
65000.0,154.49716300132542,-81.89686659027532,21.777205462931946,152.95465569142826
66000.0,152.81084234979016,-81.89649110567474,21.540500942264966,151.2850301874204
67000.0,151.17485962815152,-81.89612598319613,21.31084352646685,149.665246907162
68000.0,149.58699404538459,-81.89577120246793,21.08792202532531,148.09310697053974
69000.0,148.04515355197321,-81.89542674315014,20.871443289440176,146.56653896863025
70000.0,146.5473656440879,-81.89509258493416,20.661130921592626,145.08358985861497
71000.0,145.0917689448754,-81.89476948304282,20.45672215280819,143.64241690502118
72000.0,143.67660548730765,-81.89445741567928,20.25797071008742,142.24127947633446
73000.0,142.30021363131715,-81.8941563610803,20.064643815649415,140.87853231798528
74000.0,140.96102155521828,-81.89386629751621,19.876521275091097,139.5526191079607
75000.0,139.65754126781536,-81.8935872032908,19.69339463849374,138.26206652796745
76000.0,138.38836309323887,-81.89331905674135,19.515066427758054,137.0054788026607
77000.0,137.15215058553446,-81.89306183623843,19.341349424146962,135.78153266438764
78000.0,135.94763583443785,-81.89281552018602,19.172066010632395,134.58897270525875
79000.0,134.77361512767283,-81.89258088202129,19.007045712847848,133.42660734595555
80000.0,133.6289449385769,-81.89235789862467,18.846128390493966,132.29330432824722
81000.0,132.51253821094014,-81.89214654691204,18.689161812203736,131.18798730776814
82000.0,131.42336091568478,-81.89194680383483,18.536001173288597,130.10963244463565
83000.0,130.3604288564597,-81.8917586463798,18.38650864834701,129.05726524052938
84000.0,129.32280470340658,-81.89158205156909,18.24055297582905,128.0299576016934
85000.0,128.3095952363077,-81.89141699646014,18.098009071926,127.02682510925635
86000.0,127.31994878007154,-81.89222795814554,17.956635830977756,126.04732677448453
87000.0,126.35305281708223,-81.8920849492531,17.820581372952017,125.09005090624261
88000.0,125.40813176234266,-81.89195437691023,17.687594538862605,124.1545348005859
89000.0,124.48444488860845,-81.89183621638485,17.55757166596063,123.2400450195457
90000.0,123.58128438984613,-81.89173044298279,17.430413699467834,122.34588072227618
91000.0,128.5313735723753,-82.30563703204768,17.208896860889414,127.37412555630269
92000.0,121.83386516397991,-81.89155595896088,17.18431780384334,120.61587757178302
93000.0,120.98833973210917,-81.89148719914142,17.065202607647446,119.77878447827148
94000.0,120.16080420304418,-81.89033572804594,16.95087082933317,118.95918142308135
95000.0,119.35069047459108,-81.89029371116861,16.836676175742454,118.15715658441867
96000.0,118.55745411548075,-81.8902650257561,16.724833920985052,117.37184439489648
97000.0,117.78057314521807,-81.89024964519182,16.615271056862934,116.60272800463564
98000.0,117.01954688863421,-81.89024754289986,16.507917555830634,115.84931165954832
99000.0,116.27389489986014,-81.89025869234484,16.402706220455975,115.11111963589414
100000.0,115.54315595086153,-81.89028306703187,16.299572541912873,114.38769523876257
1000.0,2160.0,0.0,2160.0,-0.0
2000.0,3660.357797543076,-81.89032064050647,516.3611153256174,3623.75363464655
3000.0,2454.638531695384,-81.89037138635449,346.26997739141467,2430.0920608160136
4000.0,1851.778898771538,-81.89042086969208,261.22442988052944,1833.261270841972
5000.0,1490.0631190172303,-81.89046911082511,210.19711858161125,1475.1627944045174
6000.0,1248.919265847692,-81.89051613580042,176.17892529021583,1236.4304747494386
7000.0,1076.673656440879,-81.89056197114297,151.88022789871954,1065.907387556351
8000.0,947.489449385769,-81.89060664330233,133.65621534464458,938.0150706662946
9000.0,847.0128438984614,-81.89065017865285,119.48199258560749,838.543267325385
10000.0,766.6315595086152,-81.89069260349369,108.14262258929855,758.9658234822698
11000.0,700.8650540987413,-81.8907339448515,98.86496359193649,693.8570047429057
12000.0,646.059632923846,-81.89077422967567,91.13358774513772,639.5996548454307
13000.0,599.6858150066271,-81.89081348483836,84.59166037924706,593.6895886862467
14000.0,560.6292282204395,-82.68735173713473,71.35888961553192,556.0692766264685
15000.0,525.4877063390768,-81.89088899252297,74.12459213635762,520.2334806162734
16000.0,495.3447246928845,-81.89092525694682,69.8723531265457,490.39193564905696
17000.0,468.7479761815384,-81.89096055709545,66.12038215504411,464.06116001876194
18000.0,445.10642194923065,-81.89099492037788,62.78530112463239,440.6560255155213
19000.0,423.9534523729554,-81.891028353364,59.801285370062836,419.7145887946189
20000.0,404.91577975430755,-81.89106088336722,57.11567501302554,400.86729520109935
21000.0,387.69121881362634,-81.891092537622,54.685840624867225,383.81498144333386
22000.0,375.89112704937065,-81.65112334328413,54.57949383185324,371.9075399175241
23000.0,357.7354606559196,-81.89139404917078,50.45856313519321,354.158994262513
24000.0,344.629816461923,-81.89142367759794,48.609836454773465,341.1843991076071
25000.0,332.5726238034461,-81.89145249659518,46.90901079085179,329.247771154388
26000.0,321.4429075033135,-81.89148053411118,45.33902055600896,318.22934496869635
27000.0,311.13761463282043,-81.8915078180134,43.8853283953449,308.02709814403374
28000.0,301.56841411021975,-81.8915343553074,42.53547382467945,298.5535828883368
29000.0,292.65915845124664,-81.89156015298022,41.278715046678045,289.7334131740539
30000.0,284.3438531695384,-81.89158523876033,40.105742401050094,281.50125445859146
31000.0,276.5650191963275,-81.8916096195354,39.008447570915486,273.8002024491073
32000.0,269.27236234644226,-81.89163330289773,37.979735775083306,266.5804658899233
33000.0,262.42168469958034,-81.89165629641909,37.013372205246256,259.7982888291643
34000.0,255.97398809076918,-81.89167860765075,36.103855559382446,253.41506307408108
35000.0,249.89473128817576,-81.89170024412354,35.24631325514521,247.39659279688905
36000.0,244.15321097461532,-81.89137171334787,34.43788853523501,241.71227164223532
37000.0,238.72204311043657,-81.89139272181377,33.6717339136863,236.33541461674136
38000.0,233.57672618647769,-81.89141307694238,32.94590503105438,231.24154980815518
39000.0,228.6952716688757,-81.89143278653398,32.25729991411335,226.40890858345617
40000.0,224.0578898771538,-81.89145185910546,31.603126783603198,221.81789917340367
41000.0,219.64672183136958,-81.8914703031502,30.9808662284413,217.45084120095387
42000.0,215.44560940681316,-81.89148812713812,30.388238780941144,213.29173813456913
43000.0,211.4398975601431,-81.8915053395157,29.823177016419454,209.32608149222855
44000.0,207.61626352468534,-81.891521948706,29.2838014574023,205.5406817448921
45000.0,203.96256877969228,-81.89153796310875,28.76839969060344,201.92352176616865
46000.0,200.46773032795983,-81.89155339110032,28.275408207775346,198.4636293972457
47000.0,197.12160840608834,-81.89156824103381,27.80339656474952,195.15096628012506
48000.0,193.9149082309615,-81.8915825216711,27.351053519148756,191.97633058691082
49000.0,190.83909377726843,-81.89159624243504,26.91717486607653,188.93127165971785
50000.0,187.88631190172305,-81.89160941272195,26.50065273655146,186.00801489335956
51000.0,185.04932539384612,-81.8916220419017,26.100466152811425,183.19939545567144
52000.0,182.32145375165675,-81.89163413931772,25.715672673390575,180.4987996554895
53000.0,179.69652066200285,-81.89164571428702,25.34540098403638,177.90011294821605
54000.0,177.1688073164102,-81.89165677610032,24.988844311858276,175.3976737185445
55000.0,174.73301081974824,-81.89166677602199,24.645256242634872,172.98623186505083
56000.0,172.38420705510987,-81.8916762829642,24.31394037768373,170.66091276367132
57000.0,170.11781745765182,-81.89168530669347,23.99425080217634,168.41718363931042
58000.0,167.9295792256233,-81.89169385694858,23.685586146712215,166.25082432211147
59000.0,165.81551856078227,-81.89170194344045,23.387385812284514,164.1579007554875
60000.0,163.7719265847692,-81.89170957585227,23.099126572748926,162.134741153348
61000.0,164.75153762436315,-81.24521676449206,25.076155607396526,162.8319857078012
62000.0,159.88250959816375,-81.89237001963822,22.54872123743087,158.28446558637256
63000.0,158.0304062712088,-81.89237570503957,22.28749789400847,156.45087645605528
64000.0,156.23618117322113,-81.89238097806202,22.034438760697793,154.67458684636154
65000.0,154.49716300132542,-81.89238584954136,21.789167013081922,152.95295216612897
66000.0,152.81084234979016,-81.8923903302821,21.551328664179795,151.28348810250552
67000.0,151.17485962815152,-81.89239443105748,21.320590860161637,149.66385865988124
68000.0,149.58699404538459,-81.89239816260962,21.096640326442117,148.09186525420856
69000.0,148.04515355197321,-81.89240153564948,20.879181948896274,146.5654367556424
70000.0,146.5473656440879,-81.89240456085699,20.667937476685232,145.0826203846685
71000.0,145.0917689448754,-81.89240724888106,20.462644334702183,143.64157337757268
72000.0,143.67660548730765,-81.89240961111523,20.26305453305618,142.24055534672885
73000.0,142.30021363131715,-81.89241165891978,20.068933669959183,140.8779212682714
74000.0,140.96102155521828,-81.89241340362194,19.88006001361223,139.5521150385973
75000.0,139.65754126781536,-81.89241485651584,19.696223657541214,138.26166354634847
76000.0,138.38836309323887,-81.89241602886261,19.51722574261635,137.00517121239574
77000.0,137.15215058553446,-81.8924169318905,19.342877739693574,135.78131495527794
78000.0,135.94763583443785,-81.89241757679484,19.173000787437473,134.58883954391558
79000.0,134.77361512767283,-81.89241797473824,19.007425080436033,133.42655330328253
80000.0,133.6289449385769,-81.89241813764552,18.84598930137112,132.293324142414
81000.0,132.51253821094014,-81.8924180774065,18.688540098852616,131.18807587612318
82000.0,131.42336091568478,-81.89241780587601,18.534931601692534,130.1097848161118
83000.0,130.3604288564597,-81.89241733487395,18.385024968291734,129.0574766085072
84000.0,129.32280470340658,-81.89241667618546,18.23868796821355,128.03022329728861
85000.0,128.3095952363077,-81.89241584156085,18.095794593293174,127.02714059500221
86000.0,127.31994878007154,-81.89241484271575,17.956224695879076,126.04738534389018
87000.0,126.35305281708223,-81.89241465583117,17.819861546293037,125.09015345208958
88000.0,125.40813176234266,-81.89241432612461,17.686597871850104,124.15467678601787
89000.0,124.48444488860845,-81.89241386617539,17.55632917239615,123.24022202680204
90000.0,123.58128438984613,-81.8924132885256,17.42895559189052,122.3460884475672
91000.0,128.5313735723753,-82.30641260568007,17.207172683220502,127.37435848965569
92000.0,121.83386516397991,-81.89241183010643,17.182516069753497,120.6161342537038
93000.0,120.98833973210917,-81.89241097423528,17.06327142203669,119.77905960354745
94000.0,120.16080420304418,-81.89241005046019,16.946564049061767,118.95979503031
95000.0,119.35069047459108,-81.89240797613778,16.832316060636728,118.15777779222354
96000.0,118.55745411548075,-81.8924058618728,16.720448352718677,117.37246923034546
97000.0,117.78057314521807,-81.89240372103669,16.610887282094488,116.60335258523922
98000.0,117.01954688863421,-81.89240156696084,16.503562211069973,115.84993218973676
99000.0,116.27389489986014,-81.89239941293678,16.398405355677262,115.11173240367212
100000.0,115.54315595086153,-81.89239727221619,16.29535164298992,114.38829661253119
1000.0,2160.0,0.0,2160.0,-0.0
2000.0,3660.357797543076,-81.892395158011,516.2299091564729,3623.7723282412067
3000.0,2454.638531695384,-81.8923930834935,346.1842307176037,2430.104277533401
4000.0,1851.778898771538,-81.89239106179636,261.1613905823549,1833.270252309959
5000.0,1490.0631190172303,-81.89238909160426,210.1476857787625,1475.1698372788087
6000.0,1248.919265847692,-81.89238717162348,176.13854864969352,1236.436227342566
7000.0,1076.673656440879,-81.89238530058765,151.8463073421347,1065.912220316631
8000.0,947.489449385769,-81.8923834772582,133.6271259295956,938.0192151087011
9000.0,847.0128438984614,-81.89238170042425,119.4566511195889,838.5468777786082
10000.0,766.6315595086152,-81.89237996890247,108.1202709366174,758.9690079622512
11000.0,700.8650540987413,-81.89237828153708,98.84505048717132,693.8598417915683
12000.0,646.059632923846,-81.89237663720039,91.11569984221734,639.6022033545207
13000.0,599.6858150066271,-81.89237503479286,84.57547982008512,593.6918939427798
14000.0,560.6292282204395,-82.68887347324291,71.3441207766051,556.0711716728883
15000.0,525.4877063390768,-81.8923719515068,74.11112715965616,520.2353989730314
16000.0,495.3447246928845,-81.89237046854781,69.8599836048473,490.39369793238575
17000.0,468.7479761815384,-81.89236902333622,66.10897441039552,464.0627852744645
18000.0,445.10642194923065,-81.89236761486997,62.774743852584976,440.6575296017179
19000.0,423.9534523729554,-81.89236624217548,59.79148478106317,419.71598507398267
20000.0,404.91577975430755,-81.89236490428667,57.10655147564064,400.8685950191146
21000.0,387.69121881362634,-81.89236360026575,54.67732597230237,383.81619451205245
22000.0,372.03252704937063,-81.89236232920311,52.46893902770956,368.31401225048063
23000.0,357.7354606559196,-81.89212109021719,50.45406911555128,354.15963451582985
24000.0,344.629816461923,-81.89212036317613,48.605687834084954,341.18499015161
25000.0,332.5726238034461,-81.89211966649056,46.905176924114876,329.24831735519314
26000.0,321.4429075033135,-81.89211899932067,45.335474421748984,318.229850176156
27000.0,311.13761463282043,-81.89211836085546,43.88204606138789,308.0275657678509
28000.0,301.56841411021975,-81.89211775031262,42.53243390102605,298.55401597601707
29000.0,292.65915845124664,-81.89211716691761,41.27589833552758,289.7338144607686
30000.0,284.3438531695384,-81.89211660990367,40.103131707146915,281.5016263941991
31000.0,276.5650191963275,-81.89211607853252,39.00602734617229,273.80054724878596
32000.0,269.27236234644226,-81.89211557207354,37.97749191663952,266.580785562942
33000.0,262.42168469958034,-81.89211508980435,37.011291880911415,259.7985852037534
34000.0,255.97398809076918,-81.89211463101097,36.10192705874644,253.41533781864544
35000.0,253.84693128817577,-81.5426141949876,37.33422819407568,251.08647898597908
36000.0,244.15321097461532,-81.89246328103675,34.43328355968459,241.7129276900873
37000.0,238.72204311043657,-81.89246218946906,33.66732253434999,236.33604308312601
38000.0,233.57672618647769,-81.8924611200014,32.941675200880574,231.24215240944386
39000.0,228.6952716688757,-81.89246007195834,32.25324050745603,226.40948690474315
40000.0,224.0578898771538,-81.89245904467292,31.59922750745569,221.81845468115324
41000.0,219.64672183136958,-81.89245803748736,30.977117541747777,217.45137525449633
42000.0,215.44560940681316,-81.89245704975302,30.384631823511498,213.29225199622874
43000.0,211.4398975601431,-81.8924560808304,29.819703546107192,209.32657633627434
44000.0,207.61626352468534,-81.89245513008909,29.280453794418516,205.54115866547144
45000.0,203.96256877969228,-81.8924541969077,28.76517066801631,201.9239817843601
46000.0,200.46773032795983,-81.8924532806739,28.272291127387216,198.46407346734543
47000.0,197.12160840608834,-81.89245238078433,27.800385157665666,195.15139529526473
48000.0,193.9149082309615,-81.89245149664458,27.348141911899024,191.97674538388458
49000.0,190.83909377726843,-81.8924506276696,26.914357551054586,188.93167302319387
50000.0,187.88631190172305,-81.89244977328437,26.49792454322461,186.008403559982
51000.0,185.04932539384612,-81.89244893292381,26.09782222175092,183.19977211776063
52000.0,182.32145375165675,-81.89244810603279,25.713108432796304,180.49916496438638
53000.0,179.69652066200285,-81.89244729206607,25.342912128474072,177.90046751731165
54000.0,177.1688073164102,-81.8924464904883,24.986426782963054,175.3980181260293
55000.0,174.73301081974824,-81.8924457007739,24.64290452686505,172.98656689643295
56000.0,172.38420705510987,-81.89244492184915,24.311650911685387,170.66123892661548
57000.0,170.11781745765182,-81.89244415321026,23.99202022053786,168.41750141328023
58000.0,167.9295792256233,-81.89244339436375,23.683411268731458,166.25113416025474
59000.0,165.81551856078227,-81.89244264482633,23.38526362985509,164.1582030863621
60000.0,163.7719265847692,-81.89244190412495,23.097054239253467,162.13503638250438
61000.0,164.75153762436315,-81.24594117179667,25.074096872953838,162.83230273995903
62000.0,159.88250959816375,-81.89244044738938,22.54852667475933,158.28449330305415
63000.0,158.0304062712088,-81.89244037696162,22.28732130194906,156.45090161270082
64000.0,156.23618117322113,-81.8924403122897,22.034278583143585,154.6746096646505
65000.0,154.49716300132542,-81.89244025295547,21.789021781383717,152.9529728552816
66000.0,152.81084234979016,-81.89244019855205,21.55119699224241,151.2835068599812
67000.0,151.17485962815152,-81.89244014868379,21.32047143990399,149.66387567202565
68000.0,149.58699404538459,-81.89244010296616,21.096531923589282,148.09188069685285
69000.0,148.04515355197321,-81.89244006102581,20.879083399074194,146.56545079465977
70000.0,146.5473656440879,-81.89244002250042,20.667847681792416,145.08263317649093
71000.0,145.0917689448754,-81.89243998703878,20.462562259535108,143.6415850696718
72000.0,143.67660548730765,-81.89243995430063,20.2629792040923,142.24056607778937
73000.0,142.30021363131715,-81.89243992395744,20.06886417234657,140.87793116861988
74000.0,140.96102155521828,-81.8924398956924,19.87999548836067,139.55212423060235
75000.0,139.65754126781536,-81.89243986920033,19.69616329889866,138.2616721447946
76000.0,138.38836309323887,-81.89243984418765,19.517168795615905,137.00517932483265
77000.0,137.15215058553446,-81.89243982037232,19.342823497858056,135.7813226823477
78000.0,135.94763583443785,-81.89243979748385,19.172948590629026,134.58884697965885
79000.0,134.77361512767283,-81.89243977526316,19.007374312840167,133.42656053542586
80000.0,133.6289449385769,-81.89243975346263,18.845939391440602,132.2933312523778
81000.0,132.51253821094014,-81.8924397318468,18.68849051746184,131.18808293928458
82000.0,131.42336091568478,-81.89243971019238,18.534881860402844,130.1097919020519
83000.0,130.3604288564597,-81.89243968828805,18.384974617719312,129.0574837812434
84000.0,129.32280470340658,-81.89243966593465,18.238636596492434,128.0302306154938
85000.0,128.3095952363077,-81.8924396429449,18.095741824627265,127.02714811221085
86000.0,127.31994878007154,-81.8924396191435,17.95617018917618,126.04739310869297
87000.0,126.35305281708223,-81.89243959436708,17.819807099605924,125.09016120834286
88000.0,125.40813176234266,-81.89243956942855,17.686543171933888,124.15468457834533
89000.0,124.48444488860845,-81.89243954418524,17.556273940339555,123.24022989493629
90000.0,123.58128438984613,-81.89243951850723,17.428899581905405,122.34609642652227
91000.0,122.69797357237529,-81.89243949227725,17.304324661511853,121.47161424290161
92000.0,121.83386516397991,-81.89285346539066,17.18158636131018,120.61626669277938
93000.0,122.88573973210916,-80.79785302375538,19.651663521082572,121.3042338517573
94000.0,120.16080420304418,-81.89394758170585,16.943371758931956,118.9602497482287
95000.0,119.35069047459108,-81.8939460441746,16.82914418566903,118.15822960225668
96000.0,118.55745411548075,-81.89394450610656,16.717296378525525,117.37291820576355
97000.0,117.78057314521807,-81.89394296746232,16.607754736580095,116.60379879328832
98000.0,117.01954688863421,-81.8939414282159,16.500448663004615,115.85037569184146
99000.0,116.27389489986014,-81.89393988835465,16.395310413341985,115.1121732556287
100000.0,115.54315595086153,-81.89393834787923,16.29227495288735,114.38873486469124
1000.0,2160.0,0.0,2160.0,-0.0
2000.0,3660.357797543076,-81.89393680680357,516.132404680785,3623.7862170487965
3000.0,2454.638531695384,-81.89393526515478,346.11882154666336,2430.113594598989
4000.0,1851.778898771538,-81.89393372297312,261.112030572034,1833.2772832897044
5000.0,1490.0631190172303,-81.89393218031194,210.10795646006602,1475.1754964367906
6000.0,1248.919265847692,-81.89393063722324,176.10524077848575,1236.4409718121967
7000.0,1076.673656440879,-81.89392909375763,151.81758705632222,1065.916311318186
8000.0,947.489449385769,-81.89392754996446,133.6018470580919,938.0228159058893
9000.0,847.0128438984614,-81.89392600589176,119.434049541862,838.5500972148243
10000.0,766.6315595086152,-81.89392446158628,108.0998117624758,758.9719222287006
11000.0,700.8650540987413,-81.8939229170936,98.82634470028951,693.862506300788
12000.0,646.059632923846,-81.89392137245804,91.0984556755435,639.6046596665989
13000.0,599.6858150066271,-81.89391982772278,84.55947283302086,593.6941740276421
14000.0,560.6292282204395,-82.69041828292987,71.32912795120633,556.0730950520498
15000.0,525.4877063390768,-81.89391673812017,74.09710074741028,520.2373969394472
16000.0,495.3447246928845,-81.89391519333356,69.84676230371431,490.39558121659087
17000.0,468.7479761815384,-81.89391364860877,66.09646381208228,464.06456732423146
18000.0,445.10642194923065,-81.8939121039835,62.76286528020598,440.65922162399517
19000.0,423.9534523729554,-81.89391055949439,59.78017197731744,419.7175965066393
20000.0,404.91577975430755,-81.89390901517707,57.09574811880393,400.8701338847695
21000.0,387.69121881362634,-81.89390747106617,54.66698378379033,383.8176676876377
22000.0,372.03252704937063,-81.89390592719538,52.45901630974354,368.3154256755407
23000.0,357.7354606559196,-81.89390438359739,50.44304610587716,354.1612046939407
24000.0,344.629816461923,-81.893902600304,48.595074942362515,341.1865019105019
25000.0,332.5726238034461,-81.89390081806687,46.894941572350255,329.2497753354349
26000.0,321.4429075033135,-81.8938990369153,45.32558778864395,318.2312584831944
27000.0,311.13761463282043,-81.89389725687771,43.872482525855816,308.0289280512789
28000.0,301.56841411021975,-81.89389547798169,42.52317058508316,298.55533549468663
29000.0,292.65915845124664,-81.89389370025401,41.26691472589383,289.7350941366919
30000.0,284.3438531695384,-81.89389192372067,40.09440933991472,281.50286885746544
31000.0,276.5650191963275,-81.89389014840685,38.997549542434896,273.8017548752205
32000.0,269.27236234644226,-81.89388837433698,37.96924355933356,266.5819605058934
33000.0,262.42168469958034,-81.89388660153472,37.00325922547556,259.7997294210643
34000.0,255.97398809076918,-81.893884830023,36.09409757162508,253.41645309565686
35000.0,253.84693128817577,-81.54438305982399,37.32647650509139,251.08763146785762
36000.0,244.15321097461532,-81.89388129095914,34.4273014099186,241.71377980339813
37000.0,238.72204311043657,-81.89387987294923,33.661474803551116,236.3368760495726
38000.0,233.57672618647769,-81.89387845526574,32.93595491506818,231.2429672224117
39000.0,228.6952716688757,-81.89387703793048,32.247641227604646,226.41028448141785
40000.0,224.0578898771538,-81.89387562096451,31.593743275982952,221.81923587014282
41000.0,219.64672183136958,-81.89387420438821,30.97174283553183,217.45214084252362
42000.0,215.44560940681316,-81.89387278822132,30.379361512502,213.29300271402673
43000.0,211.4398975601431,-81.89387137248285,29.814532856750006,209.32731286379612
44000.0,207.61626352468534,-81.89386995719119,29.2753782772373,205.54188163650795
45000.0,203.96256877969228,-81.89386854236409,28.76018616879651,201.92469179064474
46000.0,200.46773032795983,-81.89386712801863,28.267393761493278,198.46477106221224
47000.0,197.12160840608834,-81.89386571417128,27.79557128709088,195.15208099691762
48000.0,193.9149082309615,-81.8938643008379,27.343408124706645,191.97741967832556
49000.0,190.83909377726843,-81.89386288803371,26.90970064291888,188.93233636685264
50000.0,187.88631190172305,-81.89386147577335,26.493341500820495,186.00905638208172
51000.0,185.04932539384612,-81.89386006407085,26.093310207772827,183.20041482245196
52000.0,182.32145375165675,-81.89385865293971,25.7086647724179,180.49979793267624
53000.0,179.69652066200285,-81.8938572423928,25.338534297086433,177.90109110880965
54000.0,177.1688073164102,-81.89385583244247,24.982112395048365,175.39863268053278
55000.0,174.73301081974824,-81.89385442310052,24.638651325882307,172.98717273536744
56000.0,172.38420705510987,-81.8938530143782,24.307456759198036,170.6618363545837
57000.0,170.11781745765182,-81.89385160628566,23.98788308954752,168.4180907190114
58000.0,167.9295792256233,-81.8938501988326,23.679329235997386,166.25171561769864
59000.0,165.81551856078227,-81.89384879202812,23.381234868864922,164.15877695569037
60000.0,163.7719265847692,-81.89384738588092,23.093077013780505,162.13560291102826
61000.0,164.75153762436315,-81.24734598039916,25.070104455826495,162.83291747114862
62000.0,159.88250959816375,-81.89384457559056,22.544647643691462,158.28504584460507
63000.0,158.0304062712088,-81.89384317146236,22.28349084796111,156.4514472348279
64000.0,156.23618117322113,-81.89384176866785,22.030495231250317,154.67514857745388
65000.0,154.49716300132542,-81.89384036721148,21.785284123700386,152.95350525930343
66000.0,152.81084234979016,-81.89383896709722,21.54750368392993,151.2840329467834
67000.0,151.17485962815152,-81.89383756832868,21.316821195416928,149.66439562472414
68000.0,149.58699404538459,-81.89383617090904,21.092923513200386,148.09239469061268
69000.0,148.04515355197321,-81.8938347748411,20.87551564565129,146.56595899715424
70000.0,146.5473656440879,-81.89383338012728,20.66431945780596,145.0831357483279
71000.0,145.0917689448754,-81.89383198676964,20.4590724842769,143.64208216478977
72000.0,143.67660548730765,-81.89383059476992,20.259526841087766,142.24105784382613
73000.0,142.30021363131715,-81.89382920412945,20.06544822694683,140.87841774725544
74000.0,140.96102155521828,-81.89382781484927,19.87661500549758,139.55260575787878
75000.0,139.65754126781536,-81.89382642693012,19.69281736099004,138.2621487514144
76000.0,138.38836309323887,-81.89382504037239,19.51385652060913,137.00565113643742
77000.0,137.15215058553446,-81.8938236551762,19.339544037400895,135.78178981977868
78000.0,135.94763583443785,-81.8938222713414,19.16970112835848,134.58930955920064
79000.0,134.77361512767283,-81.89382088886754,19.004158062779812,133.42701866903482
80000.0,133.6289449385769,-81.89381950775393,18.842753596498454,132.29378504789582
81000.0,132.51253821094014,-81.89381812799965,18.68533444802348,131.1885325006396
82000.0,131.42336091568478,-81.8938167496035,18.531754813010522,130.11023732944616
83000.0,130.3604288564597,-81.89381537256409,18.38187591383102,129.05792517132997
84000.0,129.32280470340658,-81.89381399687981,18.235565581315527,128.03066806154288
85000.0,126.05879523630769,-82.85831262254887,15.672063924508915,125.08079896121329
86000.0,127.31994878007154,-81.89284674956926,17.95527452539027,126.04752069786186
87000.0,126.35305281708223,-81.89284634243883,17.818919072459305,125.09028770966
88000.0,125.40813176234266,-81.89284593569076,17.68566261317327,124.1548100157787
89000.0,124.48444488860845,-81.8928455293245,17.555400687063756,123.24035429169147
90000.0,123.58128438984613,-81.89284512333936,17.42803347635026,122.34621980507302
91000.0,128.5313735723753,-82.30684471773453,17.206212053585315,127.37448825871117
92000.0,121.83386516397991,-81.89243031250908,17.182477161547176,120.6161397964126
93000.0,122.88573973210916,-80.79743073566196,19.652557571281214,121.30408900946063
94000.0,120.16080420304418,-81.89243115795004,16.946520224843727,118.9598012733347
95000.0,119.35069047459108,-81.89243267437381,16.83226512688909,118.15778504804395
96000.0,118.55745411548075,-81.8924341877436,16.72039032614946,117.3724774965815
97000.0,117.78057314521807,-81.89243569806196,16.61082220525056,116.60336185582996
98000.0,117.01954688863421,-81.89243720533136,16.50349015160893,115.849942455044
99000.0,116.27389489986014,-81.89243870955426,16.39832640567476,115.11174365057924
100000.0,115.54315595086153,-81.89244021073304,16.295265918280247,114.38830882453696
1000.0,2160.0,0.0,2160.0,-0.0
2000.0,3660.357797543076,-81.8924417088702,516.2269649653541,3623.7727476591376
3000.0,2454.638531695384,-81.89244320396813,346.182104941702,2430.1045803631173
4000.0,1851.778898771538,-81.89244469602932,261.15967446903613,1833.2704967807554
5000.0,1490.0631190172303,-81.89244618505626,210.1462158180606,1475.1700466836714
6000.0,1248.919265847692,-81.89244767105151,176.13724307900728,1236.436413329074
7000.0,1076.673656440879,-81.89244915401768,151.8451194334027,1065.91238954148
8000.0,947.489449385769,-81.89245063395742,133.62602647200768,938.0193717331482
9000.0,847.0128438984614,-81.89245211087344,119.45562063413267,838.5470245775567
10000.0,766.6315595086152,-81.89245358476845,108.11929578336252,758.9691468787919
11000.0,700.8650540987413,-81.89245505564527,98.84412074197702,693.8599742394549
12000.0,646.059632923846,-81.89245652350672,91.11480805816167,639.6023303946125
13000.0,599.6858150066271,-81.89245798835567,84.57462026527469,593.6920163916196
14000.0,560.6292282204395,-82.68895945019504,71.34328634674787,556.0712787298869
15000.0,525.4877063390768,-81.89246090902778,74.11031944123567,520.2355140374615
16000.0,495.3447246928845,-81.89246236485687,69.85919706565795,490.39380997970505
17000.0,468.7479761815384,-81.89246381768534,66.10820663072231,464.06289464937595
18000.0,445.10642194923065,-81.89246526751626,62.773992813338076,440.6576365918529
19000.0,423.9534523729554,-81.89246671435274,59.790748779485526,419.71608992190926
20000.0,404.91577975430755,-81.89246815819787,57.10582906194844,400.8686979313631
21000.0,387.69121881362634,-81.89246959905485,54.67661590155089,383.8162956659727
22000.0,372.03252704937063,-81.89247103692686,52.4682402226029,368.31411179953983
23000.0,357.7354606559196,-81.89247247181713,50.45189713649054,354.15994393216175
24000.0,344.629816461923,-81.89247390372891,48.603582569368065,341.18529006392015
25000.0,332.5726238034461,-81.89247533242549,46.90313310058386,329.2486085146867
26000.0,321.4429075033135,-81.89247675791113,45.33348737289051,318.2301332476165
27000.0,311.13761463282043,-81.89247818019014,43.880111637521146,308.0278413424347
28000.0,301.56841411021975,-81.89247959926682,42.53054839553216,298.55428458176294
29000.0,292.65915845124664,-81.89248101514553,41.27405842369569,289.7340765713092
30000.0,284.3438531695384,-81.89248242783064,40.1013343952137,281.5018824360208
31000.0,276.5650191963275,-81.89248383732654,39.00426992868101,273.80079760730354
32000.0,269.27236234644226,-81.89248524363762,37.975771940367565,266.58103058763743
33000.0,262.42168469958034,-81.89248664676832,37.00960711426768,259.79882521253535
34000.0,255.97398809076918,-81.89248804672309,36.100275465669874,253.41557310156767
35000.0,253.84693128817577,-81.54298944350637,37.33258374703266,251.08672349448233
36000.0,244.15321097461532,-81.8924908371227,34.43316730919469,241.71294425055524
37000.0,238.72204311043657,-81.89249222757654,33.66719863189525,236.33606073365453
38000.0,233.57672618647769,-81.89249361522191,32.94154405221483,231.24217109223127
39000.0,228.6952716688757,-81.89249500006196,32.253102485870016,226.40950656661224
40000.0,224.0578898771538,-81.89249638209982,31.59908295700553,221.8184752730914
41000.0,219.64672183136958,-81.89249776133869,30.976966780093026,217.45139673125132
42000.0,215.44560940681316,-81.89249913778173,30.384475144416307,213.29227431595228
43000.0,211.4398975601431,-81.89250051143217,29.819541221650734,209.32659946020735
44000.0,207.61626352468534,-81.89250188229323,29.280286076955754,205.54118255766463
45000.0,203.96256877969228,-81.89250325036812,28.76499779192083,201.9240064114257
46000.0,200.46773032795983,-81.89250461566012,28.272113310605405,198.46409879823582
47000.0,197.12160840608834,-81.89250597817248,27.80020260310638,195.1514213010745
48000.0,193.9149082309615,-81.89250733790847,27.34795480867894,191.976772037673
49000.0,190.83909377726843,-81.89250869487141,26.91416607561837,188.9317002998255
50000.0,187.88631190172305,-81.89251004906457,26.497728860356126,186.00843143598252
51000.0,185.04932539384612,-81.89251140049127,26.097622485485722,183.19980057118678
52000.0,182.32145375165675,-81.89251274915486,25.712904787246984,180.4991939747086
53000.0,179.69652066200285,-81.89251409505864,25.342704708578566,177.9004970653073
54000.0,177.1688073164102,-81.89251543820598,24.98621571516409,175.39804819368595
55000.0,174.73301081974824,-81.89251677860021,24.64268992972813,172.98659746686022
56000.0,172.38420705510987,-81.89251811624472,24.311432894800483,170.66126998420177
57000.0,170.11781745765182,-81.89251945114285,23.99179888676838,168.41753294337204
58000.0,167.9295792256233,-81.89252078329798,23.68318671468168,166.25116614909027
59000.0,165.81551856078227,-81.89252211271352,23.385035946298594,164.15823552101017
60000.0,163.7719265847692,-81.89252343939283,23.096823511526605,162.13506925080839
61000.0,164.75153762436315,-81.24602476333932,25.073859309122376,162.83233932158038
62000.0,159.88250959816375,-81.89252608455638,22.548290094732934,158.2845270050446
63000.0,158.0304062712088,-81.89252740304742,22.287083669942366,156.45093546454842
64000.0,156.23618117322113,-81.89252871881584,22.034039922520705,154.67464366302687
65000.0,154.49716300132542,-81.89253003186569,21.788782113595467,152.9530069971309
66000.0,152.81084234979016,-81.89253134220104,21.550956336952844,151.28354114250226
67000.0,151.17485962815152,-81.89253264982592,21.32022981510814,149.6639100926549
68000.0,149.58699404538459,-81.89253395474444,21.096289345722468,148.091915253249
69000.0,148.04515355197321,-81.8925352569606,20.878839883114257,146.56548548468908
70000.0,146.5473656440879,-81.89253655647848,20.667603241354968,145.0826679982138
71000.0,145.0917689448754,-81.89253785330213,20.462316906962492,143.64162002133
72000.0,143.67660548730765,-81.8925391474356,20.262732950536996,142.24060115779412
73000.0,142.30021363131715,-81.89254043888293,20.068617027851026,140.87796637554058
74000.0,140.96102155521828,-81.89254172764817,19.87974746193254,139.5521595631558
75000.0,139.65754126781536,-81.89254301373538,19.695914398581095,138.26170760183498
76000.0,138.38836309323887,-81.89254429714856,19.516919028554167,137.00521490534211
77000.0,137.15215058553446,-81.8925455778918,19.3425728703618,135.78135838542735
78000.0,135.94763583443785,-81.89254685596907,19.17269710823141,134.58888280452047
79000.0,134.77361512767283,-81.89254813138444,19.007121980353446,133.42659648138388
80000.0,133.6289449385769,-81.89254940414193,18.845686213008594,132.29336731884192
81000.0,132.51253821094014,-81.89255067424554,18.68823649661183,131.18811912575228
82000.0,131.42336091568478,-81.8925519416993,18.534627000094243,130.10982820810165
83000.0,130.3604288564597,-81.8925532065072,18.384718920390114,129.05752020652784
84000.0,129.32280470340658,-81.89255446867325,18.23838006410345,128.03026715973357
85000.0,128.3095952363077,-81.89255572820147,18.095484458703734,127.02718477518867
86000.0,127.31994878007154,-81.89352148509582,17.953790143603236,126.04773213683575
87000.0,126.35305281708223,-81.89352081036029,17.817446547645112,125.09049745971186
88000.0,125.40813176234266,-81.89352013589236,17.68420168064378,124.15501811461112
89000.0,124.48444488860845,-81.89351946169216,17.553951091054348,123.24056077573596
90000.0,123.58128438984613,-81.8935187877598,17.42659496962289,122.34642470954654
91000.0,128.5313735723753,-82.30751811409539,17.204715022116776,127.37469047424312
92000.0,121.83386516397991,-81.89351744069901,17.180188591881954,120.6164657944437
93000.0,122.88573973210916,-80.79851635357083,19.650259145556223,121.30446135662181
94000.0,120.16080420304418,-81.89351526795292,16.944269349030574,118.96012190204675
95000.0,119.35069047459108,-81.89351418384291,16.83003478922255,118.15810275116642
96000.0,118.55745411548075,-81.89351310233344,16.718180127608882,117.37279233095354
97000.0,117.78057314521807,-81.89351202341885,16.608631759042286,116.60367387654901
98000.0,117.01954688863421,-81.8935109470935,16.50131908266722,115.85025171553691
99000.0,116.27389489986014,-81.89350987335173,16.396174350188343,115.11205020266969
100000.0,115.54315595086153,-81.89350880218794,16.29313252324206,114.38861271850962
1000.0,2160.0,0.0,2160.0,-0.0
2000.0,3660.357797543076,-81.89350773359648,516.1595422598164,3623.782351765698
3000.0,2454.638531695384,-81.89350666757176,346.1369998534625,2430.11100541027
4000.0,1851.778898771538,-81.89350560410816,261.1257289662038,1833.2753321875573
5000.0,1490.0631190172303,-81.89350454320008,210.11896668558043,1475.1739282180731
6000.0,1248.919265847692,-81.89350348484193,176.11445870744217,1236.439658875322
7000.0,1076.673656440879,-81.89350242902815,151.82552461572539,1065.9151807479486
8000.0,947.489449385769,-81.89350137575313,133.60882420240185,938.0218221302741
9000.0,847.0128438984614,-81.89350032501133,119.44027957412321,838.5492098524777
10000.0,766.6315595086152,-81.8934992767972,108.1054439948823,758.971120012666
11000.0,700.8650540987413,-81.89349823110517,98.83148772358528,693.8617737641803
12000.0,646.059632923846,-81.89349718792971,91.1031909328372,639.6039852092463
13000.0,599.6858150066271,-81.89349614726528,84.56386297290454,593.6935487263294
14000.0,560.6292282204395,-82.68999510910638,71.3332349808743,556.072568215884
15000.0,525.4877063390768,-81.89349407344747,74.10093847953392,520.2368503191177
16000.0,495.3447246928845,-81.89349304028305,69.85037551717782,490.3950665750816
17000.0,468.7479761815384,-81.89349200960761,66.09987885625753,464.0640809085273
18000.0,445.10642194923065,-81.8934909814157,62.76610411293287,440.658760306579
19000.0,423.9534523729554,-81.8934899557018,59.78325308943628,419.7171576538087
20000.0,404.91577975430755,-81.89348893246044,57.09868722755435,400.8697152578738
21000.0,387.69121881362634,-81.89348791168618,54.66979436111516,383.81726736783025
22000.0,372.03252704937063,-81.89348689337355,52.46170999052399,368.3150420056325
23000.0,357.7354606559196,-81.89348587751711,50.44563300742074,354.16083623289524
24000.0,344.629816461923,-81.8934848641114,48.59756248817277,341.1861476009641
25000.0,332.5726238034461,-81.89348385315103,46.89733765692892,329.24943405296915
26000.0,321.4429075033135,-81.8934828446303,45.32789939566351,318.23092923309696
27000.0,311.13761463282043,-81.89348183854358,43.87471586309586,308.02860994935855
28000.0,301.56841411021975,-81.89348083488522,42.52533119527164,298.5550277514774
29000.0,292.65915845124664,-81.89347983364961,41.26900757843761,289.73479604438734
30000.0,284.3438531695384,-81.8934788348311,40.096438907341664,281.50257977903124
31000.0,276.5650191963275,-81.8934778384241,38.99951986450633,273.8014742352623
32000.0,269.27236234644226,-81.893476844423,37.97115829713959,266.5816877829519
33000.0,262.42168469958034,-81.89347585282222,37.005121707333615,259.7994641410782
34000.0,255.97398809076918,-81.89347486361616,36.0959108322291,253.41619482638635
35000.0,253.84693128817577,-81.54397387679927,37.32826966931477,251.08736489102503
36000.0,244.15321097461532,-81.89347289236598,34.429024320721965,241.7135344028922
37000.0,238.72204311043657,-81.89347191031074,33.66315759009237,236.33663636407653
38000.0,233.57672618647769,-81.893470930628,32.937599663765454,231.242732954751
39000.0,228.6952716688757,-81.8934699533126,32.24924986437141,226.41005535727913
40000.0,224.0578898771538,-81.89346897835935,31.595317582277836,221.81901163578783
41000.0,219.64672183136958,-81.89346800576308,30.973284462450895,217.451921262782
42000.0,215.44560940681316,-81.89346703551865,30.38087199319358,213.29278757052776
43000.0,211.4398975601431,-81.89346606762092,29.816013617385742,209.3271019534061
44000.0,207.61626352468534,-81.89346510206474,29.276830646736624,205.5416747699451
45000.0,203.96256877969228,-81.89346413884496,28.761611387470627,201.92448879124797
46000.0,200.46773032795983,-81.89346317795649,28.268792988749283,198.46457176484387
47000.0,197.12160840608834,-81.8934622193942,27.79694560831659,195.15188524698274
48000.0,193.9149082309615,-81.89346126315297,27.344758557438045,191.97722733089367
49000.0,190.83909377726843,-81.89346030922772,26.911028142378253,188.9321472858687
50000.0,187.88631190172305,-81.89345935761337,26.494646964900806,186.00887043965625
51000.0,185.04932539384612,-81.89345840830482,26.09459448153331,183.20023189822078
52000.0,182.32145375165675,-81.893457461297,25.70992865214773,180.49961791322158
53000.0,183.13812066200285,-81.33545651658486,27.58958915800453,181.0480207284875
54000.0,177.1688073164102,-81.89401357416334,24.981629502803646,175.39870145843136
55000.0,174.73301081974824,-81.89401207602738,24.63817534074577,172.9872405295053
56000.0,172.38420705510987,-81.89401058072995,24.306987430245105,170.6619032006994
57000.0,170.11781745765182,-81.89400908826546,23.98742017901945,168.41815665096837
58000.0,167.9295792256233,-81.89400759862835,23.678872518392275,166.25178066761458
59000.0,165.81551856078227,-81.89400611181301,23.380784130106342,164.15884115405572
60000.0,163.7719265847692,-81.89400462781391,23.09263205045495,162.13566628681468
61000.0,164.75153762436315,-81.24750314662549,25.06965779394698,162.83298623954036
62000.0,159.88250959816375,-81.89400166824221,22.544213660200295,158.28510765656435
63000.0,158.0304062712088,-81.89400019265852,22.28306208691818,156.4515083029686
64000.0,156.23618117322113,-81.8939987198689,22.03007152717853,154.67520892534452
65000.0,154.49716300132542,-81.89399724986785,21.784865318736262,152.9535649094281
66000.0,152.81084234979016,-81.89399578264985,21.54708962736142,151.2840919206077
67000.0,151.17485962815152,-81.89399431820941,21.316411743255983,149.66445394275587
68000.0,149.58699404538459,-81.89399285654102,21.09251852778661,148.09245237245852
69000.0,148.04515355197321,-81.89399139763923,20.875114995284488,146.566016061572
70000.0,146.5473656440879,-81.89398994149855,20.663923016404947,145.08319221327494
71000.0,145.0917689448754,-81.89398848811354,20.45868013106236,143.64213804746845
72000.0,143.67660548730765,-81.89398703747872,20.259138460287147,142.24111316072566
73000.0,142.30021363131715,-81.89398558958868,20.06506370751929,140.8784725141911
74000.0,140.96102155521828,-81.89398414443797,19.87623424087787,139.5526599900284
75000.0,139.65754126781536,-81.89398270202118,19.692440248849046,138.26220246335242
76000.0,138.38836309323887,-81.89398126233289,19.513482962630558,137.00570434216687
77000.0,137.15215058553446,-81.89397982536771,19.339173939072282,135.78184253276072
78000.0,135.94763583443785,-81.89397839112023,19.16933439877568,134.58936179238256
79000.0,134.77361512767283,-81.89397695958507,19.00379461446373,133.427070434876
80000.0,133.6289449385769,-81.89397553075688,18.84239334522353,132.29383635839235
81000.0,132.51253821094014,-81.89397410463026,18.684977312656553,131.1885833673471
82000.0,131.42336091568478,-81.89397268119988,18.53140071535942,130.1102877635013
83000.0,130.3604288564597,-81.89397126046038,18.381524778502687,129.05797518347086
84000.0,129.32280470340658,-81.89396984240642,18.235217335582227,128.03071766212793
85000.0,128.3095952363077,-81.89396842703269,18.092352439694285,127.02763090329208
86000.0,127.31994878007154,-81.89396701433387,17.952810001930807,126.04787174083748
87000.0,126.35305281708223,-81.89396656880463,17.81647334897468,125.09063607481436
88000.0,125.40813176234266,-81.89396612304618,17.68323526436797,124.15515576368995
89000.0,124.48444488860845,-81.89396567705903,17.552991301991252,123.24069748089393
90000.0,123.58128438984613,-81.89396523084366,17.42564165777479,122.3465604921481
91000.0,128.5313735723753,-82.30796478440058,17.203722025384632,127.37482459605111
92000.0,121.83386516397991,-81.89396433773027,17.179247804080745,120.61659979323254
93000.0,120.98833973210917,-81.89396389083323,17.060024983112292,119.77952203405995
94000.0,120.16080420304418,-81.89286844329598,16.945612314931836,118.95993060688272
95000.0,119.35069047459108,-81.89286909012063,16.83136513134983,118.15791325415674
96000.0,118.55745411548075,-81.89286973521436,16.719498090912854,117.37260459720696
97000.0,117.78057314521807,-81.89287037858148,16.60993758097756,116.60348787224203
98000.0,117.01954688863421,-81.89287102022631,16.502612993498044,115.85006740787028
99000.0,116.27389489986014,-81.89287166015318,16.397456573278667,115.11186755982705
100000.0,115.54315595086153,-81.89287229836638,16.294403275331483,114.38843170961816
1000.0,2160.0,0.0,2160.0,-0.0
2000.0,3660.357797543076,-81.8928729348702,516.1996913009086,3623.776632842488
3000.0,2454.638531695384,-81.89287356966892,346.1638516911284,2430.1071805716783
4000.0,1851.778898771538,-81.89287420276683,261.14593170373706,1833.2724544622704
5000.0,1490.0631190172303,-81.89287483416817,210.1351795659535,1475.1716188173298
6000.0,1248.919265847692,-81.8928754638772,176.12801135351486,1236.437728404546
7000.0,1076.673656440879,-81.89287609189816,151.83717681316492,1065.9135209815006
8000.0,947.489449385769,-81.8928767182353,133.6190508182729,938.0203654269834
9000.0,847.0128438984614,-81.89287734289282,119.44939718737726,838.5479111181015
10000.0,766.6315595086152,-81.89287796587493,108.11367421159937,758.9699476811184
11000.0,700.8650540987413,-81.89287858718586,98.83899171256046,693.8607048782026
12000.0,646.059632923846,-81.89287920682978,91.11008957134136,639.6030025507986
13000.0,599.6858150066271,-81.89287982481088,84.5702492440733,593.6926390506774
14000.0,559.9368282204396,-81.89288044113333,78.9646717708496,554.3408989148177
15000.0,525.4877063390768,-81.8936775558013,74.0992724876507,520.237087615161
16000.0,495.3447246928845,-81.89367737231895,69.8487978173455,490.39529129523777
17000.0,468.7479761815384,-81.89367718798691,66.0983790136007,464.06429453908913
18000.0,445.10642194923065,-81.89367700280853,62.76467343206929,440.65896408607443
19000.0,423.9534523729554,-81.89367681678713,59.78188424826683,419.717352625162
20000.0,404.91577975430755,-81.89367662992606,57.09737400260496,400.8699023075261
21000.0,387.69121881362634,-81.89367644222858,54.66853141827412,383.81744725554654
22000.0,372.03252704937063,-81.89367625369805,52.460492723338135,368.3152153875336
23000.0,357.7354606559196,-81.89367606433773,50.44445741054561,354.16100367948286
24000.0,344.629816461923,-81.8936758741509,48.59642505718645,341.18630961139104
25000.0,332.5726238034461,-81.89367568314086,46.896235308183805,329.24959106645514
26000.0,321.4429075033135,-81.89367549131087,45.3268294015492,318.23108163814953
27000.0,311.13761463282043,-81.89367529866419,43.87367579929237,308.0287580912861
28000.0,301.56841411021975,-81.89367510520407,42.52431889742121,298.5551719385605
29000.0,292.65915845124664,-81.89367491093375,41.26802110628698,289.7349365529862
30000.0,284.3438531695384,-81.89367471585646,40.09547651486065,281.50271685784185
31000.0,276.5650191963275,-81.89367451997545,38.998579974826235,273.80160810888617
32000.0,269.27236234644226,-81.8936743232939,37.97023948140702,266.5818186549081
33000.0,262.42168469958034,-81.89367412581502,37.00422266676873,259.79959219635845
34000.0,255.97398809076918,-81.89367392754203,36.09503038282205,253.4163202336353
35000.0,249.89473128817576,-81.8936737284781,35.23779195554459,247.39780666709098
36000.0,244.15321097461532,-81.89332402862642,34.42965233162051,241.71344494988017
37000.0,238.72204311043657,-81.89332417749016,33.66376696606699,236.33654956539303
38000.0,233.57672618647769,-81.89332432522298,32.93819135531117,231.24264867500906
39000.0,228.6952716688757,-81.8933244718284,32.24982474903507,226.40997347148246
40000.0,224.0578898771538,-81.89332461730987,31.595876471952433,221.8189320282917
41000.0,219.64672183136958,-81.89332476167093,30.973828109780037,217.45184382638112
42000.0,215.44560940681316,-81.89332490491502,30.381401097214003,213.2927122056525
43000.0,211.4398975601431,-81.89332504704562,29.81652882851333,209.3270285674123
44000.0,207.61626352468534,-81.8933251880662,29.277332571185994,205.54160327648455
45000.0,203.96256877969228,-81.8933253279802,28.762100591183515,201.92441910970882
46000.0,200.46773032795983,-81.89332546679105,28.26927000089627,198.464503819852
47000.0,197.12160840608834,-81.89332560450222,27.79741092442574,195.15181896795596
48000.0,193.9149082309615,-81.89332574111711,27.34521264219831,191.97716265164243
49000.0,190.83909377726843,-81.89332587663915,26.911471432156247,188.93208414423765
50000.0,187.88631190172305,-81.89332601107174,26.49507987000633,186.00880877720158
51000.0,185.04932539384612,-81.89332614441828,26.095017388262395,183.2001716599191
52000.0,182.32145375165675,-81.89332627668216,25.710341924629514,180.49955904720693
53000.0,183.13812066200285,-81.33532640786677,27.5900002863985,181.04795807687765
54000.0,177.1688073164102,-81.8933265379755,24.983732714476822,175.39840189001401
55000.0,174.73301081974824,-81.89332722501169,24.640243039056834,172.9869460193759
56000.0,172.38420705510987,-81.8933279098627,24.309020840237885,170.66161357437082
57000.0,170.11781745765182,-81.89332859253358,23.989420461427823,168.41787174311335
58000.0,167.9295792256233,-81.89332927302931,23.680840774075143,166.2515003214341
59000.0,165.81551856078227,-81.8933299513549,23.382721404106206,164.1585652207008
60000.0,163.7719265847692,-81.89333062751535,23.094539335718615,162.13539462485662
61000.0,161.79533762436316,-81.89333130151566,22.81580584922801,160.17855749266815
62000.0,159.88250959816375,-81.89268547336077,22.54784976934201,158.28458973060552
63000.0,158.0304062712088,-81.89268678955565,22.28664845161622,156.45099746258373
64000.0,156.23618117322113,-81.89268810295876,22.033609651903845,154.67470495623746
65000.0,154.49716300132542,-81.89268941357567,21.788356638685478,152.95306760717017
66000.0,152.81084234979016,-81.89269072141195,21.550535512654903,151.28360109003958
67000.0,151.17485962815152,-81.8926920264732,21.319813502822377,149.66396939743444
68000.0,149.58699404538459,-81.89269332876493,21.095877412962075,148.09197393414405
69000.0,148.04515355197321,-81.8926946282927,20.878432203150975,146.56554355975265
70000.0,146.5473656440879,-81.89269592506206,20.667199692889845,145.08272548472547
71000.0,145.0917689448754,-81.89269721907849,20.46191737382025,143.64167693583943
72000.0,143.67660548730765,-81.89269851034753,20.26233732138109,142.24065751616172
73000.0,142.30021363131715,-81.89269979887466,20.068225195918657,140.87802219297512
74000.0,140.96102155521828,-81.89270108466536,19.87935932478727,139.55221485424983
75000.0,139.65754126781536,-81.89270236772514,19.69552985788212,138.26176238059756
76000.0,138.38836309323887,-81.89270364805944,19.51653798984068,137.0052691852296
77000.0,137.15215058553446,-81.89270492567371,19.34219524285146,135.7814121793721
78000.0,135.94763583443785,-81.8927062005734,19.172322804631605,134.58893612495766
79000.0,134.77361512767283,-81.89270747276395,19.00675091668458,133.4266493402768
80000.0,133.6289449385769,-81.89270874225078,18.845318308438383,132.29341972770547
81000.0,132.51253821094014,-81.89271000903928,18.687871673299913,131.1881710956752
82000.0,131.42336091568478,-81.89271127313486,18.534265183046067,130.10987974976715
83000.0,130.3604288564597,-81.89271253454294,18.384360037319862,129.0575713302334
84000.0,129.32280470340658,-81.89271379326885,18.23802404530498,128.03031787540917
85000.0,126.05879523630769,-82.85721504931799,15.674460002772246,125.08049872002766
86000.0,127.31994878007154,-81.89175180269571,17.95768334419012,126.04717754186264
87000.0,126.35305281708223,-81.89175401790735,17.821303872972212,125.08994797530119
88000.0,125.40813176234266,-81.89175623045824,17.688023903376337,124.15447363069397
89000.0,124.48444488860845,-81.89175844035083,17.557738957881405,123.24002118594385
90000.0,123.58128438984613,-81.89176064758753,17.43034920241169,122.34588991104692
91000.0,128.5313735723753,-82.3057628521708,17.208617150399856,127.37416334630998
92000.0,121.83386516397991,-81.89176505410302,17.183877628304497,120.61594028340654
93000.0,122.88573973210916,-80.79676725338666,19.653962265277254,121.30386142568888
94000.0,120.16080420304418,-81.89286445002409,16.94562060593246,118.95992942584539
95000.0,119.35069047459108,-81.89286445401737,16.831374692128787,118.15791189224194
96000.0,118.55745411548075,-81.89286445865348,16.719508900150398,117.37260305745168
97000.0,117.78057314521807,-81.89286446393004,16.609949617972056,116.60348615759519
98000.0,117.01954688863421,-81.89286446984468,16.502626238141076,115.85006552119631
99000.0,116.27389489986014,-81.89286447639506,16.39747100603117,115.11186550390923
100000.0,115.54315595086153,-81.89286448357882,16.294418877201164,114.38842948716194
1000.0,2160.0,0.0,2160.0,-0.0
2000.0,3660.357797543076,-81.89286449139361,516.2002253240619,3623.7765567719243
3000.0,2454.638531695384,-81.89286449983709,346.16423637327097,2430.1071257744543
4000.0,1851.778898771538,-81.89286450890692,261.1462418746831,1833.2724102790235
5000.0,1490.0631190172303,-81.89286451860077,210.13544515675605,1475.1715809844386
6000.0,1248.919265847692,-81.89286452891635,176.12824732897573,1236.437694790304
7000.0,1076.673656440879,-81.8928645398513,151.83739172398157,1065.913490367877
8000.0,947.489449385769,-81.89286455140335,133.61925000809256,938.0203370527862
9000.0,847.0128438984614,-81.89286456357019,119.4495842181537,838.5478844759372
10000.0,766.6315595086152,-81.89286457634951,108.11385157627309,758.9699224158721
11000.0,700.8650540987413,-81.89286458973903,98.83916122379217,693.8606807316644
12000.0,646.059632923846,-81.89286460373648,91.11025258827247,639.6029793293617
13000.0,599.6858150066271,-81.89286461833957,84.57040681187293,593.6926166054593
14000.0,559.9368282204396,-81.89286463354604,78.96482471042117,554.3408771288822
15000.0,525.4877063390768,-81.89286464935364,74.10665354885803,520.236036250175
16000.0,495.3447246928845,-81.89286546226008,69.8557469586503,490.39430145334944
17000.0,468.7479761815384,-81.89286627417015,66.10494696279682,464.06335899458156
18000.0,445.10642194923065,-81.89286708508396,62.77090246236149,440.6580768175108
19000.0,423.9534523729554,-81.89286789500169,59.78780995818428,419.7165085618527
20000.0,404.91577975430755,-81.89286870392347,57.103026650936734,400.8690971393795
21000.0,387.69121881362634,-81.89286951184947,54.67393694116269,383.8166772881929
22000.0,372.03252704937063,-81.89287031877984,52.4656735202161,368.31447743037575
23000.0,357.7354606559196,-81.89287112471476,50.449432959215294,354.1602949580834
24000.0,344.629816461923,-81.89287192965439,48.60121240075907,341.1856276981125
25000.0,332.5726238034461,-81.89287273359889,46.90084944463018,329.24893382497174
26000.0,321.4429075033135,-81.89287353654842,45.33128359833732,318.2304471786301
27000.0,311.13761463282043,-81.89287433850319,43.87798184975786,308.0281447338762
28000.0,301.56841411021975,-81.89287513946334,42.5284873313584,298.55457818338584
29000.0,292.65915845124664,-81.89287593942909,41.272061364230574,289.73436105532784
30000.0,284.3438531695384,-81.8928767384006,40.09939709332058,281.50215840744846
31000.0,276.5650191963275,-81.89287753637805,39.00238854809778,273.80106561262363
32000.0,269.27236234644226,-81.89287833336165,37.97394300434749,266.5812911221196
33000.0,262.42168469958034,-81.89287912935158,37.007827462002425,259.79907872644316
34000.0,255.97398809076918,-81.89287992434805,36.09854221512091,253.41582000545344
35000.0,253.84693128817577,-81.54338071835124,37.33086906630927,251.0869784341233
36000.0,244.15321097461532,-81.89323101136137,34.43004474308899,241.7133890544831
37000.0,238.72204311043657,-81.89323110437863,33.66415087873351,236.3364948805728
38000.0,233.57672618647769,-81.89323119745174,32.93856721388534,231.24259513742084
39000.0,228.6952716688757,-81.89323129057951,32.25019296396863,226.40992102266114
40000.0,224.0578898771538,-81.89323138376076,31.596237422864895,221.818880614164
41000.0,219.64672183136958,-81.89323147699432,30.97418214846749,217.45179339683682
42000.0,215.44560940681316,-81.89323157027899,30.381748550299047,213.29266271416725
43000.0,211.4398975601431,-81.89323166361362,29.816869999786924,209.3269799707138
44000.0,207.61626352468534,-81.89323175699705,29.277667743683548,205.54155553425701
45000.0,203.96256877969228,-81.89323185042812,28.762430029029904,201.9243721843301
46000.0,200.46773032795983,-81.89323194390568,28.269593950950565,198.46445767615924
47000.0,197.12160840608834,-81.89323203742856,27.79772961775101,195.15177357303634
48000.0,193.9149082309615,-81.89323213099564,27.345526295377933,191.97711797464564
49000.0,190.83909377726843,-81.89323222460575,26.911780248476457,188.93204015620742
50000.0,187.88631190172305,-81.89323231825779,26.495384040519944,186.00876545092416
51000.0,185.04932539384612,-81.8932324119506,26.095317092748704,183.2001289697866
52000.0,182.32145375165675,-81.89323250568307,25.710637332461598,180.4995169690937
53000.0,183.13812066200285,-81.33523259945406,27.59029670996753,181.04791290447474
54000.0,177.1688073164102,-81.89323269326249,24.984019999350284,175.3983609689422
55000.0,174.73301081974824,-81.8932327871072,24.64052816516749,172.98690540580188
56000.0,172.38420705510987,-81.8932328815451,24.309303892222513,170.6615732562388
57000.0,170.11781745765182,-81.89323297657342,23.989701519382514,168.41783170901437
58000.0,167.9295792256233,-81.89323307218937,23.68111991386861,166.25146056056133
59000.0,165.81551856078227,-81.89323316839022,23.382998697666793,164.1585257228087
60000.0,163.7719265847692,-81.89323326517318,23.09481485129749,162.13535538022336
61000.0,161.79533762436316,-81.89323336253553,22.8160796516404,160.17851849206141
62000.0,159.88250959816375,-81.8932334604745,22.54633590609942,158.2848053750462
63000.0,158.0304062712088,-81.89323291248739,22.28515721550534,156.4512098838597
64000.0,156.23618117322113,-81.89323236636446,22.032140366742404,154.67491425066876
65000.0,154.49716300132542,-81.89323182210106,21.786908659366617,152.9532738666503
66000.0,152.81084234979016,-81.89323127969253,21.54910822326412,151.28380440230367
67000.0,151.17485962815152,-81.89323073913425,21.318406314895174,149.6641698463074
68000.0,149.58699404538459,-81.89323020042158,21.094489763869593,148.09217159977067
69000.0,148.04515355197321,-81.89322966354993,20.877063554602664,146.56573851881078
70000.0,146.5473656440879,-81.89322912851468,20.665849529543138,145.082917810624
71000.0,145.0917689448754,-81.89322859531123,20.460585201988028,143.6418666989026
72000.0,143.67660548730765,-81.89322806393498,20.261022667829035,142.24084478380027
73000.0,142.30021363131715,-81.8932275343814,20.066927606744805,140.87820702984604
74000.0,140.96102155521828,-81.8932270066459,19.87807836437742,139.55239732240497
75000.0,139.65754126781536,-81.89322648072391,19.69426510793501,138.26194253962268
76000.0,138.38836309323887,-81.89322595661092,19.515289048456783,137.00544709237403
77000.0,137.15215058553446,-81.89322543430237,19.340961723681634,135.78158788967008
78000.0,135.94763583443785,-81.89322491379373,19.17110433607969,134.58910969134195
79000.0,134.77361512767283,-81.89322439508052,19.00554714116087,133.42682081368494
80000.0,133.6289449385769,-81.8932238781582,18.844128881659724,132.29358915717955
81000.0,132.51253821094014,-81.89322336302229,18.68669626363264,131.18833852845538
82000.0,131.42336091568478,-81.8932228496683,18.53310347088957,130.1100452313796
83000.0,130.3604288564597,-81.89322233809177,18.383211714526748,129.05773490457275
84000.0,129.32280470340658,-81.89322182828823,18.2368888146361,128.03047958481622
85000.0,128.3095952363077,-81.8932213202532,18.094008811540654,127.02739497774881
86000.0,127.31994878007154,-81.89418531398228,17.952329753406673,126.04794014098361
87000.0,126.35305281708223,-81.89418288047098,17.816001087816176,125.09070333735959
88000.0,125.40813176234266,-81.89418045160842,17.682770832199605,124.15522191119071
89000.0,124.48444488860845,-81.89417802738727,17.55253454567005,123.24076253516145
90000.0,123.58128438984613,-81.89417560780024,17.425192429158088,122.34662447428143
91000.0,128.5313735723753,-82.30817319284003,17.203258710369717,127.3748871722585
92000.0,121.83386516397991,-81.89417078249936,17.178813205359983,120.61666169170073
93000.0,122.88573973210916,-80.79916837677096,19.64887870537971,121.30468496776598
94000.0,120.16080420304418,-81.89416597564757,16.942918318816066,118.96031433030197
95000.0,119.35069047459108,-81.89416467412195,16.828693315905884,118.15829381825394
96000.0,118.55745411548075,-81.89416337390185,16.71684801812201,117.37298206437175
97000.0,117.78057314521807,-81.8941620749866,16.607308826308003,116.60386230294301
98000.0,117.01954688863421,-81.89416077737553,16.5000051453547,115.8504388607334
99000.0,116.27389489986014,-81.89415948106802,16.39486923248049,115.11223609171002
100000.0,115.54315595086153,-81.89415818606334,16.291836054615263,114.38879737568118
1000.0,2160.0,0.0,2160.0,-0.0
2000.0,3660.357797543076,-81.89415689236085,516.118484925543,3623.7881995989446
3000.0,2454.638531695384,-81.89415559995989,346.10947637750036,2430.1149256044173
4000.0,1851.778898771538,-81.89415430885975,261.1049725442125,1833.2782885443814
5000.0,1490.0631190172303,-81.89415301905981,210.10227059626018,1475.1763062582222
6000.0,1248.919265847692,-81.89415173055934,176.10046959050638,1236.4416513590688
7000.0,1076.673656440879,-81.8941504433577,151.81346912274788,1065.9168978239761
8000.0,947.489449385769,-81.8941491574542,133.59821899088382,938.0233326414709
9000.0,847.0128438984614,-81.89414787284815,119.43080241597004,838.5505596940693
10000.0,766.6315595086152,-81.89414658953888,108.09686933063979,758.9723413112798
11000.0,700.8650540987413,-81.89414530752568,98.82365151020578,693.862889884609
12000.0,646.059632923846,-81.8941440268079,91.09597013820931,639.6050136750596
13000.0,599.6858150066271,-81.89414274738482,84.557162957103,593.6945030171734
14000.0,560.6292282204395,-82.69064146925578,71.32696185899013,556.0733728987675
15000.0,525.4877063390768,-81.89334369242007,74.10230391583795,520.2366558287379
16000.0,495.3447246928845,-81.89334321337701,69.85165788670841,490.39488391657164
17000.0,468.7479761815384,-81.89334273562588,66.1010878926102,464.0639086954527
18000.0,445.10642194923065,-81.89334225916443,62.767247927561414,440.6585973835602
19000.0,423.9534523729554,-81.89334178399035,59.784338513155895,419.7170030478776
20000.0,404.91577975430755,-81.89334131010136,57.099720066669185,400.8695681419917
21000.0,387.69121881362634,-81.89334083749517,54.6707795925624,383.8171270330918
22000.0,372.03252704937063,-81.89334036616954,52.46265191266776,368.3149078397872
23000.0,357.7354606559196,-81.89333989612214,50.44653535806462,354.1607077035375
24000.0,344.629816461923,-81.89333942735074,48.598428537985484,341.1860242422263
25000.0,332.5726238034461,-81.89333895985304,46.89817028418646,329.2493154548752
26000.0,321.4429075033135,-81.89333849362679,45.328701146615025,318.23081503296413
27000.0,311.13761463282043,-81.89333802866972,43.87548900115243,308.0284998247909
28000.0,301.56841411021975,-81.89333756497955,42.5260777414119,298.5549214146107
29000.0,292.65915845124664,-81.89333710255403,41.26972934464591,289.73469323712607
30000.0,284.3438531695384,-81.8933366413909,40.0971375244738,281.50248026907946
31000.0,276.5650191963275,-81.89333618148791,39.000196805660885,273.80137781279467
32000.0,269.27236234644226,-81.8933357228428,37.97181489737704,266.58159425780514
33000.0,262.42168469958034,-81.89333526545332,37.00575918040815,259.79937334036737
34000.0,255.97398809076918,-81.89333480931722,36.096530284859476,253.41610659247266
35000.0,249.89473128817576,-81.89333435443226,35.239257340253154,247.39759794245575
36000.0,244.15321097461532,-81.89298440079617,34.43108511740145,241.7132408596047
37000.0,238.72204311043657,-81.89298464740673,33.6651674764572,236.33635007252528
38000.0,233.57672618647769,-81.89298489386371,32.939561281230866,231.24245353868915
39000.0,228.6952716688757,-81.8929851401673,32.25116565129059,226.40978246938423
40000.0,224.0578898771538,-81.8929853863177,31.597189794247758,221.81874495476944
41000.0,219.64672183136958,-81.89298563231515,30.975115190141764,217.4516604908422
42000.0,215.44560940681316,-81.89298587815983,30.382663178055946,213.2925324311236
43000.0,211.4398975601431,-81.89298612385195,29.817767065531076,209.3268521892725
44000.0,207.61626352468534,-81.8929863693917,29.27854804124046,205.54143014134246
45000.0,203.96256877969228,-81.89298661477932,28.763294299308566,201.9242490744043
46000.0,200.46773032795983,-81.89298686001496,28.270442886544977,198.46433675056642
47000.0,197.12160840608834,-81.89298710509885,27.798563867051758,195.15165473941715
48000.0,193.9149082309615,-81.89298735003118,27.346346466256062,191.9770011464126
49000.0,190.83909377726843,-81.89298759481215,26.91258691159068,188.93192525207363
50000.0,187.88631190172305,-81.89298783944194,26.496177732294136,186.00865239447933
51000.0,185.04932539384612,-81.89298808392076,26.096098318056494,183.2000176891145
52000.0,182.32145375165675,-81.89298832824879,25.71140656705337,180.49940739642662
53000.0,179.69652066200285,-81.89298857242622,25.341231479484858,177.9007069270181
54000.0,177.1688073164102,-81.89243081645326,24.986474765461097,175.39801129064796
55000.0,174.73301081974824,-81.89243161833006,24.64294704436971,172.98656083957113
56000.0,172.38420705510987,-81.89243241949883,24.311688151192016,170.6612336216347
57000.0,170.11781745765182,-81.89243321996088,23.992052358167097,168.4174968350911
58000.0,167.9295792256233,-81.8924340197175,23.683438470482937,166.25113028520963
59000.0,165.81551856078227,-81.89243481876997,23.38528605229786,164.15819989215686
60000.0,163.7719265847692,-81.89243561711959,23.097072030159573,162.13503384808803
61000.0,164.75153762436315,-81.24593641476764,25.074110392239064,162.83230065816107
62000.0,159.88250959816375,-81.8930837117154,22.546749600598012,158.28474644720146
63000.0,158.0304062712088,-81.89308386146416,22.285564212474327,156.45115191002907
64000.0,156.23618117322113,-81.8930840105152,22.032540866119955,154.67485720237252
65000.0,154.49716300132542,-81.89308415887103,21.787302851932065,152.95321771671334
66000.0,152.81084234979016,-81.89308430653426,21.54949629119258,151.28374912477645
67000.0,151.17485962815152,-81.89308445350743,21.31878843227106,149.66411541639292
68000.0,149.58699404538459,-81.89308459979306,21.094866097162306,148.09211799375657
69000.0,148.04515355197321,-81.89308474539368,20.87743426310772,146.56568571400655
70000.0,146.5473656440879,-81.89308489031184,20.666214765791818,145.08286578530274
71000.0,145.0917689448754,-81.89308503455004,20.460945112128297,143.64181543224655
72000.0,143.67660548730765,-81.89308517811081,20.261377391979767,142.24079425585057
73000.0,142.30021363131715,-81.89308532099663,20.0672772793261,140.87815722145552
74000.0,140.96102155521828,-81.89308546321001,19.87842311441829,139.5523482151944
75000.0,139.65754126781536,-81.89308560475345,19.694605059360512,138.26189411593984
76000.0,138.38836309323887,-81.89308574562942,19.5156243203568,137.00539933525545
77000.0,137.15215058553446,-81.8930858858404,19.34129243056136,135.78154078280534
78000.0,135.94763583443785,-81.89308602538887,19.171430588094932,134.58906321904016
79000.0,134.77361512767283,-81.89308616427726,19.005869044337775,133.42677496084346
80000.0,133.6289449385769,-81.89308630250807,18.844446538101057,132.29354390925457
81000.0,132.51253821094014,-81.89308644008372,18.687009771711484,131.18829387143438
82000.0,131.42336091568478,-81.89308657700666,18.53341292543085,130.11000115175548
83000.0,130.3604288564597,-81.89308671327932,18.38351720697822,129.05769138931947
84000.0,129.32280470340658,-81.89308684890413,18.23719043322874,128.03043662136588
85000.0,128.3095952363077,-81.89308698388352,18.09430664143994,127.02735255397027
86000.0,127.31994878007154,-81.89308711821988,17.954745727601413,126.04759602315794
87000.0,126.35305281708223,-81.89308821641565,17.818391003992435,125.09036293106361
88000.0,125.40813176234266,-81.8930893110797,17.685135240396864,124.15488513808054
89000.0,124.48444488860845,-81.89309040222024,17.554873977559705,123.2404293195094
90000.0,123.58128438984613,-81.8930914898454,17.427507398859213,122.34629474285985
91000.0,128.5313735723753,-82.30709257396336,17.205661043200237,127.37456268999706
92000.0,121.83386516397991,-81.89309365458223,17.18108072664592,120.61633871851406
93000.0,122.88573973210916,-80.79809473171015,19.651151786910578,121.30431675317854
94000.0,120.16080420304418,-81.89309580535522,16.945140256035636,118.95999784980496
95000.0,119.35069047459108,-81.8930968755255,16.83089538199027,118.15798016808743
96000.0,118.55745411548075,-81.89309794332411,16.719030597703803,117.37267118975083
97000.0,117.78057314521807,-81.89309900875467,16.60947229220009,116.60355415076636
98000.0,117.01954688863421,-81.89310007182091,16.502149859032393,115.85013337951449
99000.0,116.27389489986014,-81.89310113252647,16.396995544539696,115.11193323151196
100000.0,115.54315595086153,-81.893102190875,16.293944305207308,114.38849708805475
1000.0,2160.0,0.0,2160.0,-0.0
2000.0,3660.357797543076,-81.8931032468702,516.185124791998,3623.7787077825083
3000.0,2454.638531695384,-81.89310430051569,346.15406561520643,2430.108574558292
4000.0,1851.778898771538,-81.89310535181512,261.13853570863097,1833.273507991506
5000.0,1490.0631190172303,-81.89310640077217,210.1292175110986,1475.1724680875557
6000.0,1248.919265847692,-81.89310744739046,176.123005168883,1236.43844151491
7000.0,1076.673656440879,-81.89310849167363,151.83285331610082,1065.9141368457701
8000.0,947.489449385769,-81.8931095336253,133.61523926980868,938.0209083662365
9000.0,847.0128438984614,-81.89311057324915,119.44598376170319,838.5483973463656
10000.0,766.6315595086152,-81.89311161054874,108.11057923080189,758.970388548191
11000.0,700.8650540987413,-81.89311264552774,98.83615722920565,693.8611086384618
12000.0,646.059632923846,-81.89311367818974,91.10747212498086,639.6033753950104
13000.0,599.6858150066271,-81.89311470853835,84.56781540371122,593.6929857409522
14000.0,560.6292282204395,-82.6896157365772,71.33691690245406,556.0720958849653
15000.0,525.4877063390768,-81.89311676230987,74.10436440492359,520.2363623293224
16000.0,495.3447246928845,-81.89311698923999,69.85359413976514,490.3946081135339
17000.0,468.7479761815384,-81.89311721546412,66.10291447982674,464.06364851339174
18000.0,445.10642194923065,-81.89311744098428,62.768976990977336,440.6583510929445
19000.0,423.9534523729554,-81.89311766580246,59.785980277850335,419.7167691922307
20000.0,404.91577975430755,-81.89311788992065,57.10128322415209,400.86934548328094
21000.0,387.69121881362634,-81.89311811334083,54.67227159288255,383.8169145101205
22000.0,375.89112704937065,-81.65311833606499,54.56654427851622,371.90944010598446
23000.0,357.7354606559196,-81.89335855809509,50.446420003360366,354.1607241346047
24000.0,344.629816461923,-81.89335853943311,48.59831472898232,341.1860404531251
25000.0,332.5726238034461,-81.89335852032103,46.89805788025542,329.24933146563666
26000.0,321.4429075033135,-81.89335850076057,45.3285900234799,318.23083086129014
27000.0,311.13761463282043,-81.89335848075343,43.875379048466925,308.0285154863991
28000.0,301.56841411021975,-81.89335846030134,42.525968860768835,298.55493692351814
29000.0,292.65915845124664,-81.89335843940603,41.26962144793025,289.73470860588384
30000.0,284.3438531695384,-81.89335841806917,40.09703053249006,281.502495508968
31000.0,276.5650191963275,-81.8933583962925,39.00009064698179,273.8013929339882
32000.0,269.27236234644226,-81.89335837407769,37.97170950737221,266.5816092695095
33000.0,262.42168469958034,-81.89335835142646,37.00565450041987,259.7993882509378
34000.0,255.97398809076918,-81.89335832834048,36.09642626149982,253.41612140951364
35000.0,253.84693128817577,-81.54385830482146,37.32877614045911,251.08728959523086
36000.0,244.15321097461532,-81.89370778087107,34.42803339699576,241.7136755453244
37000.0,238.72204311043657,-81.893707057491,33.662187642386776,236.3367745187995
38000.0,233.57672618647769,-81.8937063350809,32.9366495835775,231.24286827965395
39000.0,228.6952716688757,-81.8937056136397,32.24831862853195,226.4101879980968
40000.0,224.0578898771538,-81.89370489316622,31.594404244418072,221.81914172731592
41000.0,219.64672183136958,-81.89370417365937,30.9723881455092,217.45204892994448
42000.0,215.44560940681316,-81.89370345511803,30.379991882814867,213.292912929317
43000.0,211.4398975601431,-81.89370273754108,29.8151489560878,209.32722511171377
44000.0,207.61626352468534,-81.89370202092738,29.27598072873979,205.54179582829875
45000.0,203.96256877969228,-81.89370130527584,28.76077555410143,201.92460784346542
46000.0,200.46773032795983,-81.89370059058535,28.26797062434437,198.464688898617
47000.0,197.12160840608834,-81.89369987685478,27.79613613656194,195.15200054439862
48000.0,193.9149082309615,-81.89369916408302,27.343961438089618,191.97734086890173
49000.0,190.83909377726843,-81.89369845226898,26.91024286831711,188.93225913670022
50000.0,187.88631190172305,-81.89369774141151,26.493873059483345,186.00898067120184
51000.0,185.04932539384612,-81.89369703150955,26.09383149620039,183.20034057437078
52000.0,182.32145375165675,-81.89369632256195,25.709176164264253,180.49972509417387
53000.0,183.13812066200285,-81.33569561456764,27.58883363585829,181.04813585956427
54000.0,177.1688073164102,-81.8942529075255,24.98089683499138,175.3988058090442
55000.0,174.73301081974824,-81.89425108543443,24.637453724067885,172.98734330617566
56000.0,172.38420705510987,-81.89424926596732,24.306276479293658,170.6620044583185
57000.0,170.11781745765182,-81.89424744912085,23.986719528672825,168.41825644153823
58000.0,167.9295792256233,-81.89424563489169,23.678181822416278,166.25187904044722
59000.0,165.81551856078227,-81.89424382327653,23.38010305987324,164.15893815595555
60000.0,163.7719265847692,-81.89424201427201,23.09196029376999,162.13576196224565
61000.0,164.75153762436315,-81.24774020787486,25.068984072360852,162.83308996383894
62000.0,159.88250959816375,-81.89423840408176,22.543559654456885,158.28520080384288
63000.0,158.0304062712088,-81.89423724938939,22.28241478105479,156.45160049602669
64000.0,156.23618117322113,-81.89423609600146,22.029430708360042,154.67530019449498
65000.0,154.49716300132542,-81.89423494391598,21.7842307839927,152.95365528357883
66000.0,152.81084234979016,-81.89423379313094,21.546461182989837,151.28418142734665
67000.0,151.17485962815152,-81.89423264364434,21.31578920426708,149.66454260843003
68000.0,149.58699404538459,-81.8942314954542,21.09190171739207,148.09254022224684
69000.0,148.04515355197321,-81.89423034855854,20.874503744421393,146.56610311955308
70000.0,146.5473656440879,-81.89422920295537,20.66331716329416,145.08327850249012
71000.0,145.0917689448754,-81.89422805864274,20.45807952079807,143.64222358998003
72000.0,143.67660548730765,-81.89422691561865,20.25854294445496,142.24119797767142
73000.0,142.30021363131715,-81.89422577388113,20.06447314384023,140.87855662583505
74000.0,140.96102155521828,-81.89422463342825,19.875648492876703,139.55274341580792
75000.0,139.65754126781536,-81.89422349425803,19.691859185544725,138.2622852219224
76000.0,138.38836309323887,-81.89422235636852,19.512906458246764,137.0057864514409
77000.0,137.15215058553446,-81.89422121975778,19.338601872766972,135.78192400994962
78000.0,135.94763583443785,-81.89422008442386,19.168766654387955,134.58944265403045
79000.0,134.77361512767283,-81.89421895036483,19.003231080276738,133.42715069689407
80000.0,133.6289449385769,-81.89421781757875,18.841833913742043,132.29391603609056
81000.0,132.51253821094014,-81.89421668606367,18.68442188039843,131.1886624754638
82000.0,131.42336091568478,-81.8942155558177,18.53084918265975,130.11036631623116
83000.0,130.3604288564597,-81.89421442683889,18.3809770493297,129.05805319449112
84000.0,129.32280470340658,-81.89421329912533,18.23467331736417,128.03079514462308
85000.0,128.3095952363077,-81.8942121726751,18.09181204315652,127.027707869977
86000.0,127.31994878007154,-81.89421104748631,17.95227314094224,126.04794820397929
87000.0,126.35305281708223,-81.89420992355704,17.815942046141583,125.0907117463359
88000.0,125.40813176234266,-81.8942088018499,17.68270939956571,124.15523066069994
89000.0,124.48444488860845,-81.89420768235914,17.552470759096035,123.24077161993134
90000.0,123.58128438984613,-81.89420656507899,17.425126324486207,122.34663388920728
91000.0,128.5313735723753,-82.30820545000377,17.203186999106123,127.37489685756483
92000.0,121.83386516397991,-81.89420433712772,17.17874256756676,120.61667175225864
93000.0,122.88573973210916,-80.79920322644517,19.648804922825466,121.30469691900814
94000.0,120.16080420304418,-81.89420211795044,16.942843278386547,118.96032501790818
95000.0,119.35069047459108,-81.89420101163785,16.828618378814376,118.1583044911439
96000.0,118.55745411548075,-81.89419990750173,16.716773177395613,117.37299272353854
97000.0,117.78057314521807,-81.89419880553756,16.607234075177324,116.60387294935076
98000.0,117.01954688863421,-81.89419770574077,16.4999304772456,115.85044949531841
99000.0,116.27389489986014,-81.89419660810685,16.394794641006342,115.1122467153819
100000.0,115.54315595086153,-81.89419551263127,16.291761533569375,114.38880798932394
1000.0,2160.0,0.0,2160.0,-0.0
2000.0,2160.0,0.0,2160.0,-0.0
3000.0,2160.0,0.0,2160.0,-0.0
4000.0,2160.0,0.0,2160.0,-0.0
5000.0,2160.0,0.0,2160.0,-0.0
6000.0,2160.0,0.0,2160.0,-0.0
7000.0,2160.0,0.0,2160.0,-0.0
8000.0,2160.0,0.0,2160.0,-0.0
9000.0,2160.0,0.0,2160.0,-0.0
10000.0,2160.0,0.0,2160.0,-0.0
11000.0,2160.0,0.0,2160.0,-0.0
12000.0,2160.0,0.0,2160.0,-0.0
13000.0,2160.0,0.0,2160.0,-0.0
14000.0,2194.62,-5.31,2185.201922822328,203.09973139716405
15000.0,2160.0,0.0,2160.0,-0.0
16000.0,2160.0,0.0,2160.0,-0.0
17000.0,2160.0,0.0,2160.0,-0.0
18000.0,2160.0,0.0,2160.0,-0.0
19000.0,2160.0,0.0,2160.0,-0.0
20000.0,2160.0,0.0,2160.0,-0.0
21000.0,2160.0,0.0,2160.0,-0.0
22000.0,2160.0,0.0,2160.0,-0.0
23000.0,2160.0,0.0,2160.0,-0.0
24000.0,2160.0,0.0,2160.0,-0.0
25000.0,2160.0,0.0,2160.0,-0.0
26000.0,2160.0,0.0,2160.0,-0.0
27000.0,2160.0,0.0,2160.0,-0.0
28000.0,2160.0,0.0,2160.0,-0.0
29000.0,2160.0,0.0,2160.0,-0.0
30000.0,2160.0,0.0,2160.0,-0.0
31000.0,2160.0,0.0,2160.0,-0.0
32000.0,2160.0,0.0,2160.0,-0.0
33000.0,2160.0,0.0,2160.0,-0.0
34000.0,2160.0,0.0,2160.0,-0.0
35000.0,2160.0,0.0,2160.0,-0.0
36000.0,2160.0,0.0,2160.0,-0.0
37000.0,2160.0,0.0,2160.0,-0.0
38000.0,2160.0,0.0,2160.0,-0.0
39000.0,2160.0,0.0,2160.0,-0.0
40000.0,2160.0,0.0,2160.0,-0.0
41000.0,2160.0,0.0,2160.0,-0.0
42000.0,2160.0,0.0,2160.0,-0.0
43000.0,2160.0,0.0,2160.0,-0.0
44000.0,2160.0,0.0,2160.0,-0.0
45000.0,2160.0,0.0,2160.0,-0.0
46000.0,2160.0,0.0,2160.0,-0.0
47000.0,2160.0,0.0,2160.0,-0.0
48000.0,2160.0,0.0,2160.0,-0.0
49000.0,2160.0,0.0,2160.0,-0.0
50000.0,2160.0,0.0,2160.0,-0.0
51000.0,2160.0,0.0,2160.0,-0.0
52000.0,2160.0,0.0,2160.0,-0.0
53000.0,2160.0,0.0,2160.0,-0.0
54000.0,2160.0,0.0,2160.0,-0.0
55000.0,2160.0,0.0,2160.0,-0.0
56000.0,2160.0,0.0,2160.0,-0.0
57000.0,2160.0,0.0,2160.0,-0.0
58000.0,2160.0,0.0,2160.0,-0.0
59000.0,2160.0,0.0,2160.0,-0.0
60000.0,2160.0,0.0,2160.0,-0.0
61000.0,2160.0,0.0,2160.0,-0.0
62000.0,2160.0,0.0,2160.0,-0.0
63000.0,2160.0,0.0,2160.0,-0.0
64000.0,2160.0,0.0,2160.0,-0.0
65000.0,2160.0,0.0,2160.0,-0.0
66000.0,2160.0,0.0,2160.0,-0.0
67000.0,2160.0,0.0,2160.0,-0.0
68000.0,2160.0,0.0,2160.0,-0.0
69000.0,2160.0,0.0,2160.0,-0.0
70000.0,2160.0,0.0,2160.0,-0.0
71000.0,2160.0,0.0,2160.0,-0.0
72000.0,2160.0,0.0,2160.0,-0.0
73000.0,2160.0,0.0,2160.0,-0.0
74000.0,2160.0,0.0,2160.0,-0.0
75000.0,2160.0,0.0,2160.0,-0.0
76000.0,2160.0,0.0,2160.0,-0.0
77000.0,2160.0,0.0,2160.0,-0.0
78000.0,2160.0,0.0,2160.0,-0.0
79000.0,2160.0,0.0,2160.0,-0.0
80000.0,2160.0,0.0,2160.0,-0.0
81000.0,2160.0,0.0,2160.0,-0.0
82000.0,2160.0,0.0,2160.0,-0.0
83000.0,2160.0,0.0,2160.0,-0.0
84000.0,2160.0,0.0,2160.0,-0.0
85000.0,2160.0,0.0,2160.0,-0.0
86000.0,2160.0,0.0,2160.0,-0.0
87000.0,2160.0,0.0,2160.0,-0.0
88000.0,2160.0,0.0,2160.0,-0.0
89000.0,2160.0,0.0,2160.0,-0.0
90000.0,2160.0,0.0,2160.0,-0.0
91000.0,2451.67,-2.76,2448.826056691777,118.05394092279676
92000.0,2160.0,0.0,2160.0,-0.0
93000.0,2254.87,7.3,2236.5930217629802,-286.5141739969272
94000.0,2160.0,0.0,2160.0,-0.0
95000.0,2160.0,0.0,2160.0,-0.0
96000.0,2160.0,0.0,2160.0,-0.0
97000.0,2160.0,0.0,2160.0,-0.0
98000.0,2160.0,0.0,2160.0,-0.0
99000.0,2160.0,0.0,2160.0,-0.0
100000.0,2160.0,0.0,2160.0,-0.0
1000.0,2160.0,0.0,2160.0,-0.0
2000.0,2160.0,0.0,2160.0,-0.0
3000.0,2160.0,0.0,2160.0,-0.0
4000.0,2160.0,0.0,2160.0,-0.0
5000.0,2160.0,0.0,2160.0,-0.0
6000.0,2160.0,0.0,2160.0,-0.0
7000.0,2160.0,0.0,2160.0,-0.0
8000.0,2160.0,0.0,2160.0,-0.0
9000.0,2160.0,0.0,2160.0,-0.0
10000.0,2160.0,0.0,2160.0,-0.0
11000.0,2160.0,0.0,2160.0,-0.0
12000.0,2160.0,0.0,2160.0,-0.0
13000.0,2160.0,0.0,2160.0,-0.0
14000.0,2194.62,-5.31,2185.201922822328,203.09973139716405
15000.0,2160.0,0.0,2160.0,-0.0
16000.0,2160.0,0.0,2160.0,-0.0
17000.0,2160.0,0.0,2160.0,-0.0
18000.0,2160.0,0.0,2160.0,-0.0
19000.0,2160.0,0.0,2160.0,-0.0
20000.0,2160.0,0.0,2160.0,-0.0
21000.0,2160.0,0.0,2160.0,-0.0
22000.0,2352.93,1.6,2352.012627981901,-65.69766140184691
23000.0,2160.0,0.0,2160.0,-0.0
24000.0,2160.0,0.0,2160.0,-0.0
25000.0,2160.0,0.0,2160.0,-0.0
26000.0,2160.0,0.0,2160.0,-0.0
27000.0,2160.0,0.0,2160.0,-0.0
28000.0,2160.0,0.0,2160.0,-0.0
29000.0,2160.0,0.0,2160.0,-0.0
30000.0,2160.0,0.0,2160.0,-0.0
31000.0,2160.0,0.0,2160.0,-0.0
32000.0,2160.0,0.0,2160.0,-0.0
33000.0,2160.0,0.0,2160.0,-0.0
34000.0,2160.0,0.0,2160.0,-0.0
35000.0,2357.61,2.33,2355.6608345937357,-95.84854960375982
36000.0,2160.0,0.0,2160.0,-0.0
37000.0,2160.0,0.0,2160.0,-0.0
38000.0,2160.0,0.0,2160.0,-0.0
39000.0,2160.0,0.0,2160.0,-0.0
40000.0,2160.0,0.0,2160.0,-0.0
41000.0,2160.0,0.0,2160.0,-0.0
42000.0,2160.0,0.0,2160.0,-0.0
43000.0,2160.0,0.0,2160.0,-0.0
44000.0,2160.0,0.0,2160.0,-0.0
45000.0,2160.0,0.0,2160.0,-0.0
46000.0,2160.0,0.0,2160.0,-0.0
47000.0,2160.0,0.0,2160.0,-0.0
48000.0,2160.0,0.0,2160.0,-0.0
49000.0,2160.0,0.0,2160.0,-0.0
50000.0,2160.0,0.0,2160.0,-0.0
51000.0,2160.0,0.0,2160.0,-0.0
52000.0,2160.0,0.0,2160.0,-0.0
53000.0,2160.0,0.0,2160.0,-0.0
54000.0,2160.0,0.0,2160.0,-0.0
55000.0,2160.0,0.0,2160.0,-0.0
56000.0,2160.0,0.0,2160.0,-0.0
57000.0,2160.0,0.0,2160.0,-0.0
58000.0,2160.0,0.0,2160.0,-0.0
59000.0,2160.0,0.0,2160.0,-0.0
60000.0,2160.0,0.0,2160.0,-0.0
61000.0,2160.0,0.0,2160.0,-0.0
62000.0,2160.0,0.0,2160.0,-0.0
63000.0,2160.0,0.0,2160.0,-0.0
64000.0,2160.0,0.0,2160.0,-0.0
65000.0,2160.0,0.0,2160.0,-0.0
66000.0,2160.0,0.0,2160.0,-0.0
67000.0,2160.0,0.0,2160.0,-0.0
68000.0,2160.0,0.0,2160.0,-0.0
69000.0,2160.0,0.0,2160.0,-0.0
70000.0,2160.0,0.0,2160.0,-0.0
71000.0,2160.0,0.0,2160.0,-0.0
72000.0,2160.0,0.0,2160.0,-0.0
73000.0,2160.0,0.0,2160.0,-0.0
74000.0,2160.0,0.0,2160.0,-0.0
75000.0,2160.0,0.0,2160.0,-0.0
76000.0,2160.0,0.0,2160.0,-0.0
77000.0,2160.0,0.0,2160.0,-0.0
78000.0,2160.0,0.0,2160.0,-0.0
79000.0,2160.0,0.0,2160.0,-0.0
80000.0,2160.0,0.0,2160.0,-0.0
81000.0,2160.0,0.0,2160.0,-0.0
82000.0,2160.0,0.0,2160.0,-0.0
83000.0,2160.0,0.0,2160.0,-0.0
84000.0,2160.0,0.0,2160.0,-0.0
85000.0,2160.0,0.0,2160.0,-0.0
86000.0,2160.0,0.0,2160.0,-0.0
87000.0,2160.0,0.0,2160.0,-0.0
88000.0,2160.0,0.0,2160.0,-0.0
89000.0,2160.0,0.0,2160.0,-0.0
90000.0,2160.0,0.0,2160.0,-0.0
91000.0,2451.67,-2.76,2448.826056691777,118.05394092279676
92000.0,2160.0,0.0,2160.0,-0.0
93000.0,2254.87,7.3,2236.5930217629802,-286.5141739969272
94000.0,2160.0,0.0,2160.0,-0.0
95000.0,2160.0,0.0,2160.0,-0.0
96000.0,2160.0,0.0,2160.0,-0.0
97000.0,2160.0,0.0,2160.0,-0.0
98000.0,2160.0,0.0,2160.0,-0.0
99000.0,2160.0,0.0,2160.0,-0.0
100000.0,2160.0,0.0,2160.0,-0.0
1000.0,2160.0,0.0,2160.0,-0.0
2000.0,2160.0,0.0,2160.0,-0.0
3000.0,2160.0,0.0,2160.0,-0.0
4000.0,2160.0,0.0,2160.0,-0.0
5000.0,2160.0,0.0,2160.0,-0.0
6000.0,2160.0,0.0,2160.0,-0.0
7000.0,2160.0,0.0,2160.0,-0.0
8000.0,2160.0,0.0,2160.0,-0.0
9000.0,2160.0,0.0,2160.0,-0.0
10000.0,2160.0,0.0,2160.0,-0.0
11000.0,2160.0,0.0,2160.0,-0.0
12000.0,2160.0,0.0,2160.0,-0.0
13000.0,2160.0,0.0,2160.0,-0.0
14000.0,2194.62,-5.31,2185.201922822328,203.09973139716405
15000.0,2160.0,0.0,2160.0,-0.0
16000.0,2160.0,0.0,2160.0,-0.0
17000.0,2160.0,0.0,2160.0,-0.0
18000.0,2160.0,0.0,2160.0,-0.0
19000.0,2160.0,0.0,2160.0,-0.0
20000.0,2160.0,0.0,2160.0,-0.0
21000.0,2210.13,-4.95,2201.8870471983446,190.70408564096442
22000.0,2160.0,0.0,2160.0,-0.0
23000.0,2160.0,0.0,2160.0,-0.0
24000.0,2160.0,0.0,2160.0,-0.0
25000.0,2160.0,0.0,2160.0,-0.0
26000.0,2160.0,0.0,2160.0,-0.0
27000.0,2160.0,0.0,2160.0,-0.0
28000.0,2160.0,0.0,2160.0,-0.0
29000.0,2160.0,0.0,2160.0,-0.0
30000.0,2160.0,0.0,2160.0,-0.0
31000.0,2160.0,0.0,2160.0,-0.0
32000.0,2160.0,0.0,2160.0,-0.0
33000.0,2160.0,0.0,2160.0,-0.0
34000.0,2160.0,0.0,2160.0,-0.0
35000.0,2357.61,2.33,2355.6608345937357,-95.84854960375982
36000.0,2160.0,0.0,2160.0,-0.0
37000.0,2160.0,0.0,2160.0,-0.0
38000.0,2160.0,0.0,2160.0,-0.0
39000.0,2160.0,0.0,2160.0,-0.0
40000.0,2160.0,0.0,2160.0,-0.0
41000.0,2160.0,0.0,2160.0,-0.0
42000.0,2160.0,0.0,2160.0,-0.0
43000.0,2160.0,0.0,2160.0,-0.0
44000.0,2160.0,0.0,2160.0,-0.0
45000.0,2160.0,0.0,2160.0,-0.0
46000.0,2160.0,0.0,2160.0,-0.0
47000.0,2160.0,0.0,2160.0,-0.0
48000.0,2160.0,0.0,2160.0,-0.0
49000.0,2160.0,0.0,2160.0,-0.0
50000.0,2160.0,0.0,2160.0,-0.0
51000.0,2160.0,0.0,2160.0,-0.0
52000.0,2160.0,0.0,2160.0,-0.0
53000.0,2160.0,0.0,2160.0,-0.0
54000.0,2160.0,0.0,2160.0,-0.0
55000.0,2160.0,0.0,2160.0,-0.0
56000.0,2160.0,0.0,2160.0,-0.0
57000.0,2160.0,0.0,2160.0,-0.0
58000.0,2160.0,0.0,2160.0,-0.0
59000.0,2160.0,0.0,2160.0,-0.0
60000.0,2160.0,0.0,2160.0,-0.0
61000.0,2307.81,4.31,2301.2835873560757,-173.43830795285936
62000.0,2160.0,0.0,2160.0,-0.0
63000.0,2160.0,0.0,2160.0,-0.0
64000.0,2160.0,0.0,2160.0,-0.0
65000.0,2160.0,0.0,2160.0,-0.0
66000.0,2160.0,0.0,2160.0,-0.0
67000.0,2160.0,0.0,2160.0,-0.0
68000.0,2160.0,0.0,2160.0,-0.0
69000.0,2160.0,0.0,2160.0,-0.0
70000.0,2160.0,0.0,2160.0,-0.0
71000.0,2160.0,0.0,2160.0,-0.0
72000.0,2160.0,0.0,2160.0,-0.0
73000.0,2160.0,0.0,2160.0,-0.0
74000.0,2160.0,0.0,2160.0,-0.0
75000.0,2160.0,0.0,2160.0,-0.0
76000.0,2160.0,0.0,2160.0,-0.0
77000.0,2160.0,0.0,2160.0,-0.0
78000.0,2160.0,0.0,2160.0,-0.0
79000.0,2160.0,0.0,2160.0,-0.0
80000.0,2160.0,0.0,2160.0,-0.0
81000.0,2160.0,0.0,2160.0,-0.0
82000.0,2160.0,0.0,2160.0,-0.0
83000.0,2160.0,0.0,2160.0,-0.0
84000.0,2160.0,0.0,2160.0,-0.0
85000.0,2160.0,0.0,2160.0,-0.0
86000.0,2160.0,0.0,2160.0,-0.0
87000.0,2160.0,0.0,2160.0,-0.0
88000.0,2160.0,0.0,2160.0,-0.0
89000.0,2160.0,0.0,2160.0,-0.0
90000.0,2160.0,0.0,2160.0,-0.0
91000.0,2451.67,-2.76,2448.826056691777,118.05394092279676
92000.0,2160.0,0.0,2160.0,-0.0
93000.0,2254.87,7.3,2236.5930217629802,-286.5141739969272
94000.0,2160.0,0.0,2160.0,-0.0
95000.0,2160.0,0.0,2160.0,-0.0
96000.0,2160.0,0.0,2160.0,-0.0
97000.0,2160.0,0.0,2160.0,-0.0
98000.0,2160.0,0.0,2160.0,-0.0
99000.0,2160.0,0.0,2160.0,-0.0
100000.0,2160.0,0.0,2160.0,-0.0
1000.0,2160.0,0.0,2160.0,-0.0
2000.0,2160.0,0.0,2160.0,-0.0
3000.0,2160.0,0.0,2160.0,-0.0
4000.0,2160.0,0.0,2160.0,-0.0
5000.0,2160.0,0.0,2160.0,-0.0
6000.0,2160.0,0.0,2160.0,-0.0
7000.0,2160.0,0.0,2160.0,-0.0
8000.0,2160.0,0.0,2160.0,-0.0
9000.0,2160.0,0.0,2160.0,-0.0
10000.0,2160.0,0.0,2160.0,-0.0
11000.0,2160.0,0.0,2160.0,-0.0
12000.0,2160.0,0.0,2160.0,-0.0
13000.0,2160.0,0.0,2160.0,-0.0
14000.0,2194.62,-5.31,2185.201922822328,203.09973139716405
15000.0,2160.0,0.0,2160.0,-0.0
16000.0,2160.0,0.0,2160.0,-0.0
17000.0,2160.0,0.0,2160.0,-0.0
18000.0,2160.0,0.0,2160.0,-0.0
19000.0,2160.0,0.0,2160.0,-0.0
20000.0,2160.0,0.0,2160.0,-0.0
21000.0,2160.0,0.0,2160.0,-0.0
22000.0,2160.0,0.0,2160.0,-0.0
23000.0,2160.0,0.0,2160.0,-0.0
24000.0,2160.0,0.0,2160.0,-0.0
25000.0,2160.0,0.0,2160.0,-0.0
26000.0,2160.0,0.0,2160.0,-0.0
27000.0,2160.0,0.0,2160.0,-0.0
28000.0,2160.0,0.0,2160.0,-0.0
29000.0,2160.0,0.0,2160.0,-0.0
30000.0,2160.0,0.0,2160.0,-0.0
31000.0,2160.0,0.0,2160.0,-0.0
32000.0,2160.0,0.0,2160.0,-0.0
33000.0,2160.0,0.0,2160.0,-0.0
34000.0,2160.0,0.0,2160.0,-0.0
35000.0,2160.0,0.0,2160.0,-0.0
36000.0,2160.0,0.0,2160.0,-0.0
37000.0,2160.0,0.0,2160.0,-0.0
38000.0,2160.0,0.0,2160.0,-0.0
39000.0,2160.0,0.0,2160.0,-0.0
40000.0,2160.0,0.0,2160.0,-0.0
41000.0,2160.0,0.0,2160.0,-0.0
42000.0,2160.0,0.0,2160.0,-0.0
43000.0,2160.0,0.0,2160.0,-0.0
44000.0,2160.0,0.0,2160.0,-0.0
45000.0,2160.0,0.0,2160.0,-0.0
46000.0,2160.0,0.0,2160.0,-0.0
47000.0,2160.0,0.0,2160.0,-0.0
48000.0,2160.0,0.0,2160.0,-0.0
49000.0,2160.0,0.0,2160.0,-0.0
50000.0,2160.0,0.0,2160.0,-0.0
51000.0,2160.0,0.0,2160.0,-0.0
52000.0,2160.0,0.0,2160.0,-0.0
53000.0,2160.0,0.0,2160.0,-0.0
54000.0,2160.0,0.0,2160.0,-0.0
55000.0,2160.0,0.0,2160.0,-0.0
56000.0,2160.0,0.0,2160.0,-0.0
57000.0,2160.0,0.0,2160.0,-0.0
58000.0,2160.0,0.0,2160.0,-0.0
59000.0,2160.0,0.0,2160.0,-0.0
60000.0,2160.0,0.0,2160.0,-0.0
61000.0,2307.81,4.31,2301.2835873560757,-173.43830795285936
62000.0,2160.0,0.0,2160.0,-0.0
63000.0,2160.0,0.0,2160.0,-0.0
64000.0,2160.0,0.0,2160.0,-0.0
65000.0,2160.0,0.0,2160.0,-0.0
66000.0,2160.0,0.0,2160.0,-0.0
67000.0,2160.0,0.0,2160.0,-0.0
68000.0,2160.0,0.0,2160.0,-0.0
69000.0,2160.0,0.0,2160.0,-0.0
70000.0,2160.0,0.0,2160.0,-0.0
71000.0,2160.0,0.0,2160.0,-0.0
72000.0,2160.0,0.0,2160.0,-0.0
73000.0,2160.0,0.0,2160.0,-0.0
74000.0,2160.0,0.0,2160.0,-0.0
75000.0,2160.0,0.0,2160.0,-0.0
76000.0,2160.0,0.0,2160.0,-0.0
77000.0,2160.0,0.0,2160.0,-0.0
78000.0,2160.0,0.0,2160.0,-0.0
79000.0,2160.0,0.0,2160.0,-0.0
80000.0,2160.0,0.0,2160.0,-0.0
81000.0,2160.0,0.0,2160.0,-0.0
82000.0,2160.0,0.0,2160.0,-0.0
83000.0,2160.0,0.0,2160.0,-0.0
84000.0,2160.0,0.0,2160.0,-0.0
85000.0,2160.0,0.0,2160.0,-0.0
86000.0,2160.0,0.0,2160.0,-0.0
87000.0,2160.0,0.0,2160.0,-0.0
88000.0,2160.0,0.0,2160.0,-0.0
89000.0,2160.0,0.0,2160.0,-0.0
90000.0,2160.0,0.0,2160.0,-0.0
91000.0,2451.67,-2.76,2448.826056691777,118.05394092279676
92000.0,2160.0,0.0,2160.0,-0.0
93000.0,2254.87,7.3,2236.5930217629802,-286.5141739969272
94000.0,2160.0,0.0,2160.0,-0.0
95000.0,2160.0,0.0,2160.0,-0.0
96000.0,2160.0,0.0,2160.0,-0.0
97000.0,2160.0,0.0,2160.0,-0.0
98000.0,2160.0,0.0,2160.0,-0.0
99000.0,2160.0,0.0,2160.0,-0.0
100000.0,2160.0,0.0,2160.0,-0.0
1000.0,2160.0,0.0,2160.0,-0.0
2000.0,2160.0,0.0,2160.0,-0.0
3000.0,2160.0,0.0,2160.0,-0.0
4000.0,2160.0,0.0,2160.0,-0.0
5000.0,2160.0,0.0,2160.0,-0.0
6000.0,2160.0,0.0,2160.0,-0.0
7000.0,2160.0,0.0,2160.0,-0.0
8000.0,2160.0,0.0,2160.0,-0.0
9000.0,2160.0,0.0,2160.0,-0.0
10000.0,2160.0,0.0,2160.0,-0.0
11000.0,2160.0,0.0,2160.0,-0.0
12000.0,2160.0,0.0,2160.0,-0.0
13000.0,2160.0,0.0,2160.0,-0.0
14000.0,2194.62,-5.31,2185.201922822328,203.09973139716405
15000.0,2160.0,0.0,2160.0,-0.0
16000.0,2160.0,0.0,2160.0,-0.0
17000.0,2160.0,0.0,2160.0,-0.0
18000.0,2160.0,0.0,2160.0,-0.0
19000.0,2160.0,0.0,2160.0,-0.0
20000.0,2160.0,0.0,2160.0,-0.0
21000.0,2160.0,0.0,2160.0,-0.0
22000.0,2160.0,0.0,2160.0,-0.0
23000.0,2160.0,0.0,2160.0,-0.0
24000.0,2160.0,0.0,2160.0,-0.0
25000.0,2160.0,0.0,2160.0,-0.0
26000.0,2160.0,0.0,2160.0,-0.0
27000.0,2160.0,0.0,2160.0,-0.0
28000.0,2160.0,0.0,2160.0,-0.0
29000.0,2160.0,0.0,2160.0,-0.0
30000.0,2160.0,0.0,2160.0,-0.0
31000.0,2160.0,0.0,2160.0,-0.0
32000.0,2160.0,0.0,2160.0,-0.0
33000.0,2160.0,0.0,2160.0,-0.0
34000.0,2160.0,0.0,2160.0,-0.0
35000.0,2160.0,0.0,2160.0,-0.0
36000.0,2160.0,0.0,2160.0,-0.0
37000.0,2160.0,0.0,2160.0,-0.0
38000.0,2160.0,0.0,2160.0,-0.0
39000.0,2160.0,0.0,2160.0,-0.0
40000.0,2160.0,0.0,2160.0,-0.0
41000.0,2160.0,0.0,2160.0,-0.0
42000.0,2160.0,0.0,2160.0,-0.0
43000.0,2160.0,0.0,2160.0,-0.0
44000.0,2160.0,0.0,2160.0,-0.0
45000.0,2160.0,0.0,2160.0,-0.0
46000.0,2160.0,0.0,2160.0,-0.0
47000.0,2160.0,0.0,2160.0,-0.0
48000.0,2160.0,0.0,2160.0,-0.0
49000.0,2160.0,0.0,2160.0,-0.0
50000.0,2160.0,0.0,2160.0,-0.0
51000.0,2160.0,0.0,2160.0,-0.0
52000.0,2160.0,0.0,2160.0,-0.0
53000.0,2160.0,0.0,2160.0,-0.0
54000.0,2160.0,0.0,2160.0,-0.0
55000.0,2160.0,0.0,2160.0,-0.0
56000.0,2160.0,0.0,2160.0,-0.0
57000.0,2160.0,0.0,2160.0,-0.0
58000.0,2160.0,0.0,2160.0,-0.0
59000.0,2160.0,0.0,2160.0,-0.0
60000.0,2160.0,0.0,2160.0,-0.0
61000.0,2160.0,0.0,2160.0,-0.0
62000.0,2160.0,0.0,2160.0,-0.0
63000.0,2160.0,0.0,2160.0,-0.0
64000.0,2160.0,0.0,2160.0,-0.0
65000.0,2160.0,0.0,2160.0,-0.0
66000.0,2160.0,0.0,2160.0,-0.0
67000.0,2160.0,0.0,2160.0,-0.0
68000.0,2160.0,0.0,2160.0,-0.0
69000.0,2160.0,0.0,2160.0,-0.0
70000.0,2160.0,0.0,2160.0,-0.0
71000.0,2160.0,0.0,2160.0,-0.0
72000.0,2160.0,0.0,2160.0,-0.0
73000.0,2160.0,0.0,2160.0,-0.0
74000.0,2160.0,0.0,2160.0,-0.0
75000.0,2160.0,0.0,2160.0,-0.0
76000.0,2160.0,0.0,2160.0,-0.0
77000.0,2160.0,0.0,2160.0,-0.0
78000.0,2160.0,0.0,2160.0,-0.0
79000.0,2160.0,0.0,2160.0,-0.0
80000.0,2160.0,0.0,2160.0,-0.0
81000.0,2160.0,0.0,2160.0,-0.0
82000.0,2160.0,0.0,2160.0,-0.0
83000.0,2160.0,0.0,2160.0,-0.0
84000.0,2160.0,0.0,2160.0,-0.0
85000.0,2160.0,0.0,2160.0,-0.0
86000.0,2160.0,0.0,2160.0,-0.0
87000.0,2160.0,0.0,2160.0,-0.0
88000.0,2160.0,0.0,2160.0,-0.0
89000.0,2160.0,0.0,2160.0,-0.0
90000.0,2160.0,0.0,2160.0,-0.0
91000.0,2451.67,-2.76,2448.826056691777,118.05394092279676
92000.0,2160.0,0.0,2160.0,-0.0
93000.0,2254.87,7.3,2236.5930217629802,-286.5141739969272
94000.0,2160.0,0.0,2160.0,-0.0
95000.0,2160.0,0.0,2160.0,-0.0
96000.0,2160.0,0.0,2160.0,-0.0
97000.0,2160.0,0.0,2160.0,-0.0
98000.0,2160.0,0.0,2160.0,-0.0
99000.0,2160.0,0.0,2160.0,-0.0
100000.0,2160.0,0.0,2160.0,-0.0
1000.0,2160.0,0.0,2160.0,-0.0
2000.0,2160.0,0.0,2160.0,-0.0
3000.0,2160.0,0.0,2160.0,-0.0
4000.0,2160.0,0.0,2160.0,-0.0
5000.0,2160.0,0.0,2160.0,-0.0
6000.0,2160.0,0.0,2160.0,-0.0
7000.0,2160.0,0.0,2160.0,-0.0
8000.0,2160.0,0.0,2160.0,-0.0
9000.0,2160.0,0.0,2160.0,-0.0
10000.0,2160.0,0.0,2160.0,-0.0
11000.0,2160.0,0.0,2160.0,-0.0
12000.0,2160.0,0.0,2160.0,-0.0
13000.0,2160.0,0.0,2160.0,-0.0
14000.0,2194.62,-5.31,2185.201922822328,203.09973139716405
15000.0,2160.0,0.0,2160.0,-0.0
16000.0,2160.0,0.0,2160.0,-0.0
17000.0,2160.0,0.0,2160.0,-0.0
18000.0,2160.0,0.0,2160.0,-0.0
19000.0,2160.0,0.0,2160.0,-0.0
20000.0,2160.0,0.0,2160.0,-0.0
21000.0,2160.0,0.0,2160.0,-0.0
22000.0,2160.0,0.0,2160.0,-0.0
23000.0,2160.0,0.0,2160.0,-0.0
24000.0,2160.0,0.0,2160.0,-0.0
25000.0,2160.0,0.0,2160.0,-0.0
26000.0,2160.0,0.0,2160.0,-0.0
27000.0,2160.0,0.0,2160.0,-0.0
28000.0,2160.0,0.0,2160.0,-0.0
29000.0,2160.0,0.0,2160.0,-0.0
30000.0,2160.0,0.0,2160.0,-0.0
31000.0,2160.0,0.0,2160.0,-0.0
32000.0,2160.0,0.0,2160.0,-0.0
33000.0,2160.0,0.0,2160.0,-0.0
34000.0,2160.0,0.0,2160.0,-0.0
35000.0,2357.61,2.33,2355.6608345937357,-95.84854960375982
36000.0,2160.0,0.0,2160.0,-0.0
37000.0,2160.0,0.0,2160.0,-0.0
38000.0,2160.0,0.0,2160.0,-0.0
39000.0,2160.0,0.0,2160.0,-0.0
40000.0,2160.0,0.0,2160.0,-0.0
41000.0,2160.0,0.0,2160.0,-0.0
42000.0,2160.0,0.0,2160.0,-0.0
43000.0,2160.0,0.0,2160.0,-0.0
44000.0,2160.0,0.0,2160.0,-0.0
45000.0,2160.0,0.0,2160.0,-0.0
46000.0,2160.0,0.0,2160.0,-0.0
47000.0,2160.0,0.0,2160.0,-0.0
48000.0,2160.0,0.0,2160.0,-0.0
49000.0,2160.0,0.0,2160.0,-0.0
50000.0,2160.0,0.0,2160.0,-0.0
51000.0,2160.0,0.0,2160.0,-0.0
52000.0,2160.0,0.0,2160.0,-0.0
53000.0,2332.08,3.72,2327.16638078644,-151.30684894393065
54000.0,2160.0,0.0,2160.0,-0.0
55000.0,2160.0,0.0,2160.0,-0.0
56000.0,2160.0,0.0,2160.0,-0.0
57000.0,2160.0,0.0,2160.0,-0.0
58000.0,2160.0,0.0,2160.0,-0.0
59000.0,2160.0,0.0,2160.0,-0.0
60000.0,2160.0,0.0,2160.0,-0.0
61000.0,2307.81,4.31,2301.2835873560757,-173.43830795285936
62000.0,2160.0,0.0,2160.0,-0.0
63000.0,2160.0,0.0,2160.0,-0.0
64000.0,2160.0,0.0,2160.0,-0.0
65000.0,2160.0,0.0,2160.0,-0.0
66000.0,2160.0,0.0,2160.0,-0.0
67000.0,2160.0,0.0,2160.0,-0.0
68000.0,2160.0,0.0,2160.0,-0.0
69000.0,2160.0,0.0,2160.0,-0.0
70000.0,2160.0,0.0,2160.0,-0.0
71000.0,2160.0,0.0,2160.0,-0.0
72000.0,2160.0,0.0,2160.0,-0.0
73000.0,2160.0,0.0,2160.0,-0.0
74000.0,2160.0,0.0,2160.0,-0.0
75000.0,2160.0,0.0,2160.0,-0.0
76000.0,2160.0,0.0,2160.0,-0.0
77000.0,2160.0,0.0,2160.0,-0.0
78000.0,2160.0,0.0,2160.0,-0.0
79000.0,2160.0,0.0,2160.0,-0.0
80000.0,2160.0,0.0,2160.0,-0.0
81000.0,2160.0,0.0,2160.0,-0.0
82000.0,2160.0,0.0,2160.0,-0.0
83000.0,2160.0,0.0,2160.0,-0.0
84000.0,2160.0,0.0,2160.0,-0.0
85000.0,2160.0,0.0,2160.0,-0.0
86000.0,2160.0,0.0,2160.0,-0.0
87000.0,2160.0,0.0,2160.0,-0.0
88000.0,2160.0,0.0,2160.0,-0.0
89000.0,2160.0,0.0,2160.0,-0.0
90000.0,2160.0,0.0,2160.0,-0.0
91000.0,2451.67,-2.76,2448.826056691777,118.05394092279676
92000.0,2160.0,0.0,2160.0,-0.0
93000.0,2254.87,7.3,2236.5930217629802,-286.5141739969272
94000.0,2160.0,0.0,2160.0,-0.0
95000.0,2160.0,0.0,2160.0,-0.0
96000.0,2160.0,0.0,2160.0,-0.0
97000.0,2160.0,0.0,2160.0,-0.0
98000.0,2160.0,0.0,2160.0,-0.0
99000.0,2160.0,0.0,2160.0,-0.0
100000.0,2160.0,0.0,2160.0,-0.0
1000.0,2160.0,0.0,2160.0,-0.0
2000.0,2160.0,0.0,2160.0,-0.0
3000.0,2160.0,0.0,2160.0,-0.0
4000.0,2160.0,0.0,2160.0,-0.0
5000.0,2160.0,0.0,2160.0,-0.0
6000.0,2160.0,0.0,2160.0,-0.0
7000.0,2160.0,0.0,2160.0,-0.0
8000.0,2160.0,0.0,2160.0,-0.0
9000.0,2160.0,0.0,2160.0,-0.0
10000.0,2160.0,0.0,2160.0,-0.0
11000.0,2160.0,0.0,2160.0,-0.0
12000.0,2160.0,0.0,2160.0,-0.0
13000.0,2160.0,0.0,2160.0,-0.0
14000.0,2194.62,-5.31,2185.201922822328,203.09973139716405
15000.0,2160.0,0.0,2160.0,-0.0
16000.0,2160.0,0.0,2160.0,-0.0
17000.0,2160.0,0.0,2160.0,-0.0
18000.0,2160.0,0.0,2160.0,-0.0
19000.0,2160.0,0.0,2160.0,-0.0
20000.0,2160.0,0.0,2160.0,-0.0
21000.0,2160.0,0.0,2160.0,-0.0
22000.0,2160.0,0.0,2160.0,-0.0
23000.0,2160.0,0.0,2160.0,-0.0
24000.0,2160.0,0.0,2160.0,-0.0
25000.0,2160.0,0.0,2160.0,-0.0
26000.0,2160.0,0.0,2160.0,-0.0
27000.0,2160.0,0.0,2160.0,-0.0
28000.0,2160.0,0.0,2160.0,-0.0
29000.0,2160.0,0.0,2160.0,-0.0
30000.0,2160.0,0.0,2160.0,-0.0
31000.0,2160.0,0.0,2160.0,-0.0
32000.0,2160.0,0.0,2160.0,-0.0
33000.0,2160.0,0.0,2160.0,-0.0
34000.0,2160.0,0.0,2160.0,-0.0
35000.0,2357.61,2.33,2355.6608345937357,-95.84854960375982
36000.0,2061.35,4.92,2053.754789697267,-176.7910809275587
37000.0,2160.0,0.0,2160.0,-0.0
38000.0,2160.0,0.0,2160.0,-0.0
39000.0,2160.0,0.0,2160.0,-0.0
40000.0,2160.0,0.0,2160.0,-0.0
41000.0,2160.0,0.0,2160.0,-0.0
42000.0,2160.0,0.0,2160.0,-0.0
43000.0,2160.0,0.0,2160.0,-0.0
44000.0,2160.0,0.0,2160.0,-0.0
45000.0,2160.0,0.0,2160.0,-0.0
46000.0,2160.0,0.0,2160.0,-0.0
47000.0,2160.0,0.0,2160.0,-0.0
48000.0,2160.0,0.0,2160.0,-0.0
49000.0,2160.0,0.0,2160.0,-0.0
50000.0,2160.0,0.0,2160.0,-0.0
51000.0,2160.0,0.0,2160.0,-0.0
52000.0,2160.0,0.0,2160.0,-0.0
53000.0,2332.08,3.72,2327.16638078644,-151.30684894393065
54000.0,2160.0,0.0,2160.0,-0.0
55000.0,2160.0,0.0,2160.0,-0.0
56000.0,2160.0,0.0,2160.0,-0.0
57000.0,2160.0,0.0,2160.0,-0.0
58000.0,2160.0,0.0,2160.0,-0.0
59000.0,2160.0,0.0,2160.0,-0.0
60000.0,2160.0,0.0,2160.0,-0.0
61000.0,2307.81,4.31,2301.2835873560757,-173.43830795285936
62000.0,2160.0,0.0,2160.0,-0.0
63000.0,2160.0,0.0,2160.0,-0.0
64000.0,2160.0,0.0,2160.0,-0.0
65000.0,2160.0,0.0,2160.0,-0.0
66000.0,2160.0,0.0,2160.0,-0.0
67000.0,2160.0,0.0,2160.0,-0.0
68000.0,2160.0,0.0,2160.0,-0.0
69000.0,2160.0,0.0,2160.0,-0.0
70000.0,2160.0,0.0,2160.0,-0.0
71000.0,2160.0,0.0,2160.0,-0.0
72000.0,2160.0,0.0,2160.0,-0.0
73000.0,2160.0,0.0,2160.0,-0.0
74000.0,2160.0,0.0,2160.0,-0.0
75000.0,2160.0,0.0,2160.0,-0.0
76000.0,2160.0,0.0,2160.0,-0.0
77000.0,2160.0,0.0,2160.0,-0.0
78000.0,2160.0,0.0,2160.0,-0.0
79000.0,2160.0,0.0,2160.0,-0.0
80000.0,2160.0,0.0,2160.0,-0.0
81000.0,2160.0,0.0,2160.0,-0.0
82000.0,2160.0,0.0,2160.0,-0.0
83000.0,2160.0,0.0,2160.0,-0.0
84000.0,2160.0,0.0,2160.0,-0.0
85000.0,2160.0,0.0,2160.0,-0.0
86000.0,2160.0,0.0,2160.0,-0.0
87000.0,2160.0,0.0,2160.0,-0.0
88000.0,2160.0,0.0,2160.0,-0.0
89000.0,2160.0,0.0,2160.0,-0.0
90000.0,2160.0,0.0,2160.0,-0.0
91000.0,2451.67,-2.76,2448.826056691777,118.05394092279676
92000.0,2160.0,0.0,2160.0,-0.0
93000.0,2160.0,0.0,2160.0,-0.0
94000.0,2160.0,0.0,2160.0,-0.0
95000.0,2160.0,0.0,2160.0,-0.0
96000.0,2160.0,0.0,2160.0,-0.0
97000.0,2160.0,0.0,2160.0,-0.0
98000.0,2160.0,0.0,2160.0,-0.0
99000.0,2160.0,0.0,2160.0,-0.0
100000.0,2160.0,0.0,2160.0,-0.0
1000.0,2160.0,0.0,2160.0,-0.0
2000.0,2160.0,0.0,2160.0,-0.0
3000.0,2160.0,0.0,2160.0,-0.0
4000.0,2160.0,0.0,2160.0,-0.0
5000.0,2160.0,0.0,2160.0,-0.0
6000.0,2160.0,0.0,2160.0,-0.0
7000.0,2160.0,0.0,2160.0,-0.0
8000.0,2160.0,0.0,2160.0,-0.0
9000.0,2160.0,0.0,2160.0,-0.0
10000.0,2160.0,0.0,2160.0,-0.0
11000.0,2160.0,0.0,2160.0,-0.0
12000.0,2160.0,0.0,2160.0,-0.0
13000.0,2160.0,0.0,2160.0,-0.0
14000.0,2160.0,0.0,2160.0,-0.0
15000.0,2160.0,0.0,2160.0,-0.0
16000.0,2160.0,0.0,2160.0,-0.0
17000.0,2160.0,0.0,2160.0,-0.0
18000.0,2160.0,0.0,2160.0,-0.0
19000.0,2160.0,0.0,2160.0,-0.0
20000.0,2160.0,0.0,2160.0,-0.0
21000.0,2160.0,0.0,2160.0,-0.0
22000.0,2160.0,0.0,2160.0,-0.0
23000.0,2160.0,0.0,2160.0,-0.0
24000.0,2160.0,0.0,2160.0,-0.0
25000.0,2160.0,0.0,2160.0,-0.0
26000.0,2160.0,0.0,2160.0,-0.0
27000.0,2160.0,0.0,2160.0,-0.0
28000.0,2160.0,0.0,2160.0,-0.0
29000.0,2160.0,0.0,2160.0,-0.0
30000.0,2160.0,0.0,2160.0,-0.0
31000.0,2160.0,0.0,2160.0,-0.0
32000.0,2160.0,0.0,2160.0,-0.0
33000.0,2160.0,0.0,2160.0,-0.0
34000.0,2160.0,0.0,2160.0,-0.0
35000.0,2357.61,2.33,2355.6608345937357,-95.84854960375982
36000.0,2160.0,0.0,2160.0,-0.0
37000.0,2160.0,0.0,2160.0,-0.0
38000.0,2160.0,0.0,2160.0,-0.0
39000.0,2160.0,0.0,2160.0,-0.0
40000.0,2160.0,0.0,2160.0,-0.0
41000.0,2160.0,0.0,2160.0,-0.0
42000.0,2160.0,0.0,2160.0,-0.0
43000.0,2160.0,0.0,2160.0,-0.0
44000.0,2160.0,0.0,2160.0,-0.0
45000.0,2160.0,0.0,2160.0,-0.0
46000.0,2160.0,0.0,2160.0,-0.0
47000.0,2160.0,0.0,2160.0,-0.0
48000.0,2160.0,0.0,2160.0,-0.0
49000.0,2160.0,0.0,2160.0,-0.0
50000.0,2160.0,0.0,2160.0,-0.0
51000.0,2160.0,0.0,2160.0,-0.0
52000.0,2160.0,0.0,2160.0,-0.0
53000.0,2332.08,3.72,2327.16638078644,-151.30684894393065
54000.0,2160.0,0.0,2160.0,-0.0
55000.0,2160.0,0.0,2160.0,-0.0
56000.0,2160.0,0.0,2160.0,-0.0
57000.0,2160.0,0.0,2160.0,-0.0
58000.0,2160.0,0.0,2160.0,-0.0
59000.0,2160.0,0.0,2160.0,-0.0
60000.0,2160.0,0.0,2160.0,-0.0
61000.0,2160.0,0.0,2160.0,-0.0
62000.0,2160.0,0.0,2160.0,-0.0
63000.0,2160.0,0.0,2160.0,-0.0
64000.0,2160.0,0.0,2160.0,-0.0
65000.0,2160.0,0.0,2160.0,-0.0
66000.0,2160.0,0.0,2160.0,-0.0
67000.0,2160.0,0.0,2160.0,-0.0
68000.0,2160.0,0.0,2160.0,-0.0
69000.0,2160.0,0.0,2160.0,-0.0
70000.0,2160.0,0.0,2160.0,-0.0
71000.0,2160.0,0.0,2160.0,-0.0
72000.0,2160.0,0.0,2160.0,-0.0
73000.0,2160.0,0.0,2160.0,-0.0
74000.0,2160.0,0.0,2160.0,-0.0
75000.0,2160.0,0.0,2160.0,-0.0
76000.0,2160.0,0.0,2160.0,-0.0
77000.0,2160.0,0.0,2160.0,-0.0
78000.0,2160.0,0.0,2160.0,-0.0
79000.0,2160.0,0.0,2160.0,-0.0
80000.0,2160.0,0.0,2160.0,-0.0
81000.0,2160.0,0.0,2160.0,-0.0
82000.0,2160.0,0.0,2160.0,-0.0
83000.0,2160.0,0.0,2160.0,-0.0
84000.0,2160.0,0.0,2160.0,-0.0
85000.0,2160.0,0.0,2160.0,-0.0
86000.0,2160.0,0.0,2160.0,-0.0
87000.0,2160.0,0.0,2160.0,-0.0
88000.0,2160.0,0.0,2160.0,-0.0
89000.0,2160.0,0.0,2160.0,-0.0
90000.0,2160.0,0.0,2160.0,-0.0
91000.0,2451.67,-2.76,2448.826056691777,118.05394092279676
92000.0,2160.0,0.0,2160.0,-0.0
93000.0,2160.0,0.0,2160.0,-0.0
94000.0,2160.0,0.0,2160.0,-0.0
95000.0,2160.0,0.0,2160.0,-0.0
96000.0,2160.0,0.0,2160.0,-0.0
97000.0,2160.0,0.0,2160.0,-0.0
98000.0,2160.0,0.0,2160.0,-0.0
99000.0,2160.0,0.0,2160.0,-0.0
100000.0,2160.0,0.0,2160.0,-0.0
1000.0,2160.0,0.0,2160.0,-0.0
2000.0,2160.0,0.0,2160.0,-0.0
3000.0,2160.0,0.0,2160.0,-0.0
4000.0,2160.0,0.0,2160.0,-0.0
5000.0,2160.0,0.0,2160.0,-0.0
6000.0,2160.0,0.0,2160.0,-0.0
7000.0,2160.0,0.0,2160.0,-0.0
8000.0,2160.0,0.0,2160.0,-0.0
9000.0,2160.0,0.0,2160.0,-0.0
10000.0,2160.0,0.0,2160.0,-0.0
11000.0,2160.0,0.0,2160.0,-0.0
12000.0,2160.0,0.0,2160.0,-0.0
13000.0,2160.0,0.0,2160.0,-0.0
14000.0,2194.62,-5.31,2185.201922822328,203.09973139716405
15000.0,2160.0,0.0,2160.0,-0.0
16000.0,2160.0,0.0,2160.0,-0.0
17000.0,2160.0,0.0,2160.0,-0.0
18000.0,2160.0,0.0,2160.0,-0.0
19000.0,2160.0,0.0,2160.0,-0.0
20000.0,2160.0,0.0,2160.0,-0.0
21000.0,2160.0,0.0,2160.0,-0.0
22000.0,2160.0,0.0,2160.0,-0.0
23000.0,2160.0,0.0,2160.0,-0.0
24000.0,2160.0,0.0,2160.0,-0.0
25000.0,2160.0,0.0,2160.0,-0.0
26000.0,2160.0,0.0,2160.0,-0.0
27000.0,2160.0,0.0,2160.0,-0.0
28000.0,2160.0,0.0,2160.0,-0.0
29000.0,2160.0,0.0,2160.0,-0.0
30000.0,2160.0,0.0,2160.0,-0.0
31000.0,2160.0,0.0,2160.0,-0.0
32000.0,2160.0,0.0,2160.0,-0.0
33000.0,2160.0,0.0,2160.0,-0.0
34000.0,2160.0,0.0,2160.0,-0.0
35000.0,2357.61,2.33,2355.6608345937357,-95.84854960375982
36000.0,2160.0,0.0,2160.0,-0.0
37000.0,2160.0,0.0,2160.0,-0.0
38000.0,2160.0,0.0,2160.0,-0.0
39000.0,2160.0,0.0,2160.0,-0.0
40000.0,2160.0,0.0,2160.0,-0.0
41000.0,2160.0,0.0,2160.0,-0.0
42000.0,2160.0,0.0,2160.0,-0.0
43000.0,2160.0,0.0,2160.0,-0.0
44000.0,2160.0,0.0,2160.0,-0.0
45000.0,2160.0,0.0,2160.0,-0.0
46000.0,2160.0,0.0,2160.0,-0.0
47000.0,2160.0,0.0,2160.0,-0.0
48000.0,2160.0,0.0,2160.0,-0.0
49000.0,2160.0,0.0,2160.0,-0.0
50000.0,2160.0,0.0,2160.0,-0.0
51000.0,2160.0,0.0,2160.0,-0.0
52000.0,2160.0,0.0,2160.0,-0.0
53000.0,2160.0,0.0,2160.0,-0.0
54000.0,2160.0,0.0,2160.0,-0.0
55000.0,2160.0,0.0,2160.0,-0.0
56000.0,2160.0,0.0,2160.0,-0.0
57000.0,2160.0,0.0,2160.0,-0.0
58000.0,2160.0,0.0,2160.0,-0.0
59000.0,2160.0,0.0,2160.0,-0.0
60000.0,2160.0,0.0,2160.0,-0.0
61000.0,2307.81,4.31,2301.2835873560757,-173.43830795285936
62000.0,2160.0,0.0,2160.0,-0.0
63000.0,2160.0,0.0,2160.0,-0.0
64000.0,2160.0,0.0,2160.0,-0.0
65000.0,2160.0,0.0,2160.0,-0.0
66000.0,2160.0,0.0,2160.0,-0.0
67000.0,2160.0,0.0,2160.0,-0.0
68000.0,2160.0,0.0,2160.0,-0.0
69000.0,2160.0,0.0,2160.0,-0.0
70000.0,2160.0,0.0,2160.0,-0.0
71000.0,2160.0,0.0,2160.0,-0.0
72000.0,2160.0,0.0,2160.0,-0.0
73000.0,2160.0,0.0,2160.0,-0.0
74000.0,2160.0,0.0,2160.0,-0.0
75000.0,2160.0,0.0,2160.0,-0.0
76000.0,2160.0,0.0,2160.0,-0.0
77000.0,2160.0,0.0,2160.0,-0.0
78000.0,2160.0,0.0,2160.0,-0.0
79000.0,2160.0,0.0,2160.0,-0.0
80000.0,2160.0,0.0,2160.0,-0.0
81000.0,2160.0,0.0,2160.0,-0.0
82000.0,2160.0,0.0,2160.0,-0.0
83000.0,2160.0,0.0,2160.0,-0.0
84000.0,2160.0,0.0,2160.0,-0.0
85000.0,2160.0,0.0,2160.0,-0.0
86000.0,2160.0,0.0,2160.0,-0.0
87000.0,2160.0,0.0,2160.0,-0.0
88000.0,2160.0,0.0,2160.0,-0.0
89000.0,2160.0,0.0,2160.0,-0.0
90000.0,2160.0,0.0,2160.0,-0.0
91000.0,2451.67,-2.76,2448.826056691777,118.05394092279676
92000.0,2160.0,0.0,2160.0,-0.0
93000.0,2160.0,0.0,2160.0,-0.0
94000.0,2160.0,0.0,2160.0,-0.0
95000.0,2160.0,0.0,2160.0,-0.0
96000.0,2160.0,0.0,2160.0,-0.0
97000.0,2160.0,0.0,2160.0,-0.0
98000.0,2160.0,0.0,2160.0,-0.0
99000.0,2160.0,0.0,2160.0,-0.0
100000.0,2160.0,0.0,2160.0,-0.0
1000.0,2160.0,0.0,2160.0,-0.0
2000.0,2160.0,0.0,2160.0,-0.0
3000.0,2160.0,0.0,2160.0,-0.0
4000.0,2160.0,0.0,2160.0,-0.0
5000.0,2160.0,0.0,2160.0,-0.0
6000.0,2160.0,0.0,2160.0,-0.0
7000.0,2160.0,0.0,2160.0,-0.0
8000.0,2160.0,0.0,2160.0,-0.0
9000.0,2160.0,0.0,2160.0,-0.0
10000.0,2160.0,0.0,2160.0,-0.0
11000.0,2160.0,0.0,2160.0,-0.0
12000.0,2160.0,0.0,2160.0,-0.0
13000.0,2160.0,0.0,2160.0,-0.0
14000.0,2160.0,0.0,2160.0,-0.0
15000.0,2160.0,0.0,2160.0,-0.0
16000.0,2160.0,0.0,2160.0,-0.0
17000.0,2160.0,0.0,2160.0,-0.0
18000.0,2160.0,0.0,2160.0,-0.0
19000.0,2160.0,0.0,2160.0,-0.0
20000.0,2160.0,0.0,2160.0,-0.0
21000.0,2160.0,0.0,2160.0,-0.0
22000.0,2160.0,0.0,2160.0,-0.0
23000.0,2160.0,0.0,2160.0,-0.0
24000.0,2160.0,0.0,2160.0,-0.0
25000.0,2160.0,0.0,2160.0,-0.0
26000.0,2160.0,0.0,2160.0,-0.0
27000.0,2160.0,0.0,2160.0,-0.0
28000.0,2160.0,0.0,2160.0,-0.0
29000.0,2160.0,0.0,2160.0,-0.0
30000.0,2160.0,0.0,2160.0,-0.0
31000.0,2160.0,0.0,2160.0,-0.0
32000.0,22862.76,-5.04,22774.363633774155,2008.5208224524688
33000.0,22537.23,-44.75,16005.611153058377,15866.541768450783
34000.0,2160.0,0.0,2160.0,-0.0
35000.0,2160.0,0.0,2160.0,-0.0
36000.0,2061.35,4.92,2053.754789697267,-176.7910809275587
37000.0,2160.0,0.0,2160.0,-0.0
38000.0,2160.0,0.0,2160.0,-0.0
39000.0,2160.0,0.0,2160.0,-0.0
40000.0,2160.0,0.0,2160.0,-0.0
41000.0,2160.0,0.0,2160.0,-0.0
42000.0,2160.0,0.0,2160.0,-0.0
43000.0,2160.0,0.0,2160.0,-0.0
44000.0,21553.92,130.63,-14035.302330778517,-16357.926392120824
45000.0,19989.58,-54.88,11499.821572470966,16350.456029656527
46000.0,21190.47,-59.45,10770.90575294848,18248.934436892512
47000.0,21190.47,-59.45,10770.90575294848,18248.934436892512
48000.0,21190.47,-59.45,10770.90575294848,18248.934436892512
49000.0,21190.47,-59.45,10770.90575294848,18248.934436892512
50000.0,21190.47,-59.45,10770.90575294848,18248.934436892512
51000.0,21190.47,-59.45,10770.90575294848,18248.934436892512
52000.0,21190.47,-59.45,10770.90575294848,18248.934436892512
53000.0,21190.47,-59.45,10770.90575294848,18248.934436892512
54000.0,19626.87,-63.17,8858.48641554194,17514.02993095989
55000.0,19626.87,-63.17,8858.48641554194,17514.02993095989
56000.0,19626.87,-63.17,8858.48641554194,17514.02993095989
57000.0,19626.87,-63.17,8858.48641554194,17514.02993095989
58000.0,21141.38,-67.52,8083.637385571971,19534.91118287931
59000.0,21141.38,-67.52,8083.637385571971,19534.91118287931
60000.0,21141.38,-67.52,8083.637385571971,19534.91118287931
61000.0,21141.38,-67.52,8083.637385571971,19534.91118287931
62000.0,19787.31,-71.83,6170.424718537588,18800.624878683164
63000.0,19787.31,-71.83,6170.424718537588,18800.624878683164
64000.0,19787.31,-71.83,6170.424718537588,18800.624878683164
65000.0,19787.31,-71.83,6170.424718537588,18800.624878683164
66000.0,19787.31,-71.83,6170.424718537588,18800.624878683164
67000.0,19787.31,-71.83,6170.424718537588,18800.624878683164
68000.0,19787.31,-71.83,6170.424718537588,18800.624878683164
69000.0,18505.81,-77.0,4162.901470987239,18031.507288603254
70000.0,18505.81,-77.0,4162.901470987239,18031.507288603254
71000.0,18505.81,-77.0,4162.901470987239,18031.507288603254
72000.0,18505.81,-77.0,4162.901470987239,18031.507288603254
73000.0,18505.81,-77.0,4162.901470987239,18031.507288603254
74000.0,18505.81,-77.0,4162.901470987239,18031.507288603254
75000.0,18505.81,-77.0,4162.901470987239,18031.507288603254
76000.0,18505.81,-77.0,4162.901470987239,18031.507288603254
77000.0,17490.05,-82.3,2343.425082275201,17332.34571217247
78000.0,17490.05,-82.3,2343.425082275201,17332.34571217247
79000.0,17490.05,-82.3,2343.425082275201,17332.34571217247
80000.0,17490.05,-82.3,2343.425082275201,17332.34571217247
81000.0,17490.05,-82.3,2343.425082275201,17332.34571217247
82000.0,17490.05,-82.3,2343.425082275201,17332.34571217247
83000.0,17490.05,-82.3,2343.425082275201,17332.34571217247
84000.0,17490.05,-82.3,2343.425082275201,17332.34571217247
85000.0,16578.75,-88.73,367.44920141548613,16574.677452272765
86000.0,16578.75,-88.73,367.44920141548613,16574.677452272765
87000.0,16578.75,-88.73,367.44920141548613,16574.677452272765
88000.0,16578.75,-88.73,367.44920141548613,16574.677452272765
89000.0,16578.75,-88.73,367.44920141548613,16574.677452272765
90000.0,16578.75,-88.73,367.44920141548613,16574.677452272765
91000.0,18817.41,-91.49,-489.29922919334325,18811.04742890227
92000.0,16578.75,-88.73,367.44920141548613,16574.677452272765
93000.0,16578.75,-88.73,367.44920141548613,16574.677452272765
94000.0,15881.24,-96.03,-1668.3112292516835,15793.369544842315
95000.0,15881.24,-96.03,-1668.3112292516835,15793.369544842315
96000.0,15881.24,-96.03,-1668.3112292516835,15793.369544842315
97000.0,15881.24,-96.03,-1668.3112292516835,15793.369544842315
98000.0,15881.24,-96.03,-1668.3112292516835,15793.369544842315
99000.0,15881.24,-96.03,-1668.3112292516835,15793.369544842315
100000.0,15881.24,-96.03,-1668.3112292516835,15793.369544842315
1000.0,4221.11,4.01,4210.776132881938,-295.18467245408505
2000.0,14076.22,-118.79,-6779.117720615214,12336.268982899195
3000.0,2857.303731695384,-109.28299,-943.5793606992597,2697.0062301045477
4000.0,2254.387098771538,-109.72570701000001,-760.8954040232683,2122.0978712688584
5000.0,1892.6713190172302,-109.61598130299001,-635.3968674028258,1782.8279621783752
6000.0,1651.527465847692,-109.50636532168701,-551.4641466977905,1556.7370572309817
7000.0,1479.281856440879,-109.39685895636532,-491.28344298823157,1395.3190995040534
8000.0,1353.3156493857691,-110.08996209740896,-464.8573825687734,1270.9724075461809
9000.0,1252.8390438984613,-109.97987213531155,-428.08258612720715,1177.4340615809672
10000.0,1172.4577595086153,-109.86989226317624,-398.50127627048846,1102.6576670221605
11000.0,1106.6912540987414,-109.76002237091306,-374.15166936122796,1041.525832715085
12000.0,1059.884032923846,-88.89026234854214,20.527160796644697,1059.6852357735975
13000.0,1005.512015006627,-109.5613720861936,-336.66188611197896,947.4772750637411
14000.0,972.9608282204396,-110.24831071410742,-336.7314250476499,912.8333476800585
15000.0,938.5117063390769,-110.1380624033933,-323.11406915817156,881.1364941072036
16000.0,908.3687246928846,-110.02792434098991,-311.0963788265101,853.4358693429812
17000.0,881.7719761815384,-109.91789641664892,-300.39611069873837,829.0259312326526
18000.0,858.1304219492307,-109.80797852023227,-290.79374300910774,807.3579256448269
19000.0,836.9774523729554,-109.69817054171205,-282.115969893954,787.9986264655013
20000.0,826.0661797543075,-88.82847237117032,16.889410161122527,825.8935047318663
21000.0,819.6184188136264,-89.48214389879915,7.407851391597875,819.584941416269
22000.0,795.6445270493706,-110.15266175490036,-274.11759319258385,746.9335703567766
23000.0,743.0708606559197,-110.28250909314546,-257.5850103312377,696.9966043020478
24000.0,729.9652164619231,-110.17222658405231,-251.7235671477196,685.1893628674702
25000.0,725.5412238034462,-89.30205435746826,8.837925173419185,725.4873937683766
26000.0,706.7783075033135,-109.9727523031108,-241.41654411671823,664.2692437438218
27000.0,696.4730146328204,-109.86277955080769,-236.63969527314626,655.0391703804906
28000.0,694.5370141102198,-88.99291677125687,12.207191684867084,694.4297289433314
29000.0,700.2037584512466,-89.62692385448561,4.55927950626991,700.188914736327
30000.0,691.8884531695384,-89.53729693063113,5.587417326984358,691.8658919161651
31000.0,684.1096191963275,-89.4477596337005,6.593628719264407,684.0778428930853
32000.0,676.8169623464422,-89.3583118740668,7.579900871119866,676.7745160854163
33000.0,669.9662846995803,-89.27399356219273,8.489051445576688,669.9125007340239
34000.0,663.5185880907692,-89.22946956863053,8.92292342576744,663.4585881420977
35000.0,657.4393312881757,-89.14024009906191,9.864928393305583,657.3653151121061
36000.0,613.9178109746153,-89.40059985896285,6.422387712626024,613.8842167444382
37000.0,628.2498431104366,-90.04427925910389,-0.4855232802902378,628.2496554996529
38000.0,623.1045261864776,-89.95423497984477,0.4977048642994645,623.1043274155162
39000.0,618.2230716688757,-89.86428074486493,1.4644132088403554,618.2213372552371
40000.0,613.5856898771538,-89.77441646412007,2.4157882668075596,613.580934179895
41000.0,609.1745218313696,-89.68464204765594,3.352900710886913,609.165294567329
42000.0,604.9734094068132,-89.59495740560828,4.276719164605685,604.9582925809767
43000.0,600.967697560143,-89.50536244820267,5.1881220695453205,600.9453027523646
44000.0,597.1440635246853,-89.41585708575448,6.087907934292356,597.1130294841647
45000.0,560.5541687796923,-89.62781122866873,3.6412891463563866,560.5423419775212
46000.0,581.0771303279598,-90.27856341744005,-2.8250980247916218,581.0702627146972
47000.0,577.7310084060884,-90.24773485402261,-2.4979791233158486,577.7256080305038
48000.0,574.5243082309615,-90.21693711916859,-2.175297231088044,574.520190097982
49000.0,571.4484937772685,-90.18617018204942,-1.856794406505802,571.4454771496935
50000.0,568.4957119017231,-90.15543401186737,-1.5422333302094309,568.4936199879486
51000.0,565.6587253938461,-90.1247285778555,-1.2313952832789876,565.6573850661255
52000.0,562.9308537516567,-90.09405384927766,-0.9240783587158242,562.9300952913746
53000.0,560.3059206620029,-90.06340979542837,-0.6200958753986654,560.3055775289052
54000.0,526.5062073164102,-90.59079638563296,-5.428889436982192,526.4782175002035
55000.0,524.0704108197482,-90.56337558924731,-5.15297499122402,524.0450766351302
56000.0,521.7216070551099,-90.53598221365807,-4.880454124594122,521.698779407911
57000.0,519.4552174576518,-90.50861623144442,-4.611157879762686,519.4347506347493
58000.0,547.5571792256234,-91.13377761521298,-10.834437786754112,547.4499789746698
59000.0,545.4431185607823,-91.11016383759775,-10.56785233500697,545.340733929107
60000.0,543.3995265847692,-91.08657367376016,-10.30456752605858,543.3018142622498
61000.0,541.4229376243632,-91.0630071000864,-10.044429353531008,541.3297579338836
62000.0,512.4287095981638,-91.68596409298631,-15.076358880384342,512.2068779539661
63000.0,510.57660627120885,-91.66610812889331,-14.84500182939023,510.3607516180201
64000.0,508.78238117322115,-91.64627202076443,-14.616765158193127,508.57237593935747
65000.0,507.0433630013255,-91.62645574874367,-14.39151096337539,506.8390833152915
66000.0,505.3570423497902,-91.60665929299492,-14.169109692275724,505.1583678244437
67000.0,503.7210596281516,-91.58688263370192,-13.94943951980072,503.5278731609515
68000.0,502.13319404538464,-91.56712575106822,-13.732385780223826,501.9453816333038
69000.0,474.9613535519733,-92.32288862531715,-19.250634572668016,474.5710699531443
70000.0,473.4635656440879,-92.30756573669183,-19.063410507187776,473.07962794042186
71000.0,472.0079689448754,-92.29225817095514,-18.878799181625787,471.63027223549415
72000.0,470.5928054873077,-92.27696591278419,-18.696695695619276,470.2212480806035
73000.0,469.2164136313172,-92.2616889468714,-18.517000891974515,468.8508968734111
74000.0,467.87722155521834,-92.24642725792454,-18.339620968618654,467.51764966999724
75000.0,466.5737412678154,-92.2311808306666,-18.164467121594246,466.22002120762136
76000.0,465.3045630932389,-92.21594964983593,-17.991455216240283,464.9566043993697
77000.0,443.75315058553446,-92.99573370018611,-23.1912483968136,443.1467303866579
78000.0,442.54863583443785,-92.98503796648592,-23.04579791937623,441.9481714830158
79000.0,441.37461512767277,-92.97435292851944,-22.902460316957228,440.78002244944304
80000.0,440.22994493857686,-92.96367857559092,-22.761158701537457,439.64114238226824
81000.0,439.11353821094013,-92.95301489701532,-22.621819979081824,438.5304467205952
82000.0,438.0243609156848,-92.9423618821183,-22.48437461820127,437.4469038107625
83000.0,436.96142885645963,-92.93171952023619,-22.348756435538665,436.38953171915546
84000.0,435.9238047034066,-92.92108780071595,-22.214902396483904,435.3573952726753
85000.0,416.6845952363077,-93.87496671291524,-28.15928771600047,415.7320127468813
86000.0,415.6949487800715,-93.86982174620232,-28.05516524493236,414.74714965186416
87000.0,414.72805281708224,-93.86468192445612,-27.952790420453542,413.7849674663868
88000.0,413.78313176234263,-93.85954724253166,-27.85210463417699,412.84469283072906
89000.0,412.85944488860844,-93.85441769528913,-27.753051910534097,411.9255871433348
90000.0,411.95628438984613,-93.84929327759384,-27.655578760508543,411.02694462980054
91000.0,455.8461735723753,-94.25817398431626,-33.84692486886333,454.58785689621936
92000.0,410.2088651639799,-93.84140581033193,-27.48192731049077,409.28725454186963
93000.0,409.3633397321091,-93.8362944045216,-27.388843649569115,408.44607374801103
94000.0,394.58560420304417,-94.9261881101171,-33.88397831004869,393.1280644499519
95000.0,393.77549047459104,-94.92729192200697,-33.82197008705184,392.3202916469339
96000.0,392.9822541154807,-94.92839463008497,-33.761373156674615,391.5293370007668
97000.0,392.20537314521806,-94.92949623545488,-33.7021436893906,390.7546803746814
98000.0,391.4443468886342,-94.93059673921942,-33.64423964487617,389.9958228619731
99000.0,390.69869489986013,-94.9316961424802,-33.58762068164601,389.2522857137769
100000.0,389.96795595086155,-94.93279444633772,-33.53224807211137,388.52360933117495
1000.0,4221.11,4.01,4210.776132881938,-295.18467245408505
2000.0,3898.6821975430757,-98.34789165189137,-566.0234006485609,3857.374805143719
3000.0,2857.303731695384,-104.1658337602395,-699.2657966181979,2770.4172900197336
4000.0,2254.387098771538,-104.72295091647925,-572.9420698283336,2180.366614982072
5000.0,1892.6713190172302,-104.72795367257277,-481.1735047687664,1830.4853946805924
6000.0,1651.527465847692,-104.73284170020318,-420.0038089338556,1597.2287785193305
7000.0,1479.281856440879,-104.73761522382468,-376.31881665386254,1430.6148884404251
8000.0,1353.3156493857691,-105.5447744675572,-362.67686737663973,1303.813152542301
9000.0,1252.8390438984613,-105.54931965518706,-335.8457571190078,1206.985210075737
10000.0,1172.4577595086153,-105.55375020766719,-314.385470480785,1129.5215685335706
11000.0,1106.6912540987414,-105.5580663497227,-296.83100545238227,1066.141119224267
12000.0,1051.885832923846,-105.56226830574388,-282.2056946019493,1013.3231229179192
13000.0,1005.512015006627,-105.54559629978668,-269.4824022757972,968.7278499074716
14000.0,972.9608282204396,-106.34611207557309,-273.82919694635876,933.6328743950247
15000.0,938.5117063390769,-106.35001427421163,-264.1952021227014,900.5582258304183
16000.0,916.4951246928845,-85.5938023223408,70.41145982475336,913.786375424351
17000.0,881.7719761815384,-106.37823644435946,-248.63945637696295,845.9906847664837
18000.0,858.1304219492307,-106.38177610433175,-242.02394325366006,823.2935272226509
19000.0,836.9774523729554,-106.38520230674764,-236.106055373413,802.9851719656657
20000.0,826.0661797543075,-85.62851527498262,62.96507721669948,823.6629968530643
21000.0,819.6184188136264,-86.3742152320788,51.8323854007844,817.9778458382682
22000.0,795.6445270493706,-107.13732316074552,-234.44690611129585,760.3189210051647
23000.0,750.7040606559196,-86.62033849933968,44.255521461080654,749.3984490946685
24000.0,737.5984164619231,-86.64400066993348,43.17882788507138,736.3334929158173
25000.0,717.9080238034462,-107.4275288958476,-215.01290855996422,684.9535603192044
26000.0,714.4115075033135,-86.64940342130922,41.75422133723717,713.1902881094765
27000.0,704.1062146328204,-86.67272677019102,40.8657887104645,702.9193046130054
28000.0,694.5370141102198,-86.69591682297164,40.02976132859324,693.3824934169564
29000.0,700.2037584512466,-87.42121382291992,31.504348310843096,699.4946600130417
30000.0,691.8884531695384,-87.42341953295148,31.10360821165483,691.1889735705803
31000.0,684.1096191963275,-87.42553341034917,30.728699270053788,683.4191379513122
32000.0,676.8169623464422,-87.42755563657252,30.37726533715064,676.1349142519573
33000.0,669.9662846995803,-87.42948639281002,30.047235688351602,669.2921531451327
34000.0,663.5185880907692,-87.4313308999794,29.73672474198655,662.8519019687483
35000.0,657.4393312881757,-87.43312903864805,29.44366041948038,656.7796778111713
36000.0,613.9178109746153,-87.78433614970847,23.73467151891314,613.4588364346486
37000.0,628.2498431104366,-88.52395241341772,16.18311334723059,628.0413777854759
38000.0,623.1045261864776,-88.5254727402634,16.03404650184277,622.8981938542217
39000.0,618.2230716688757,-88.52690150250298,15.893023115998663,618.0187522720764
40000.0,613.5856898771538,-88.52823888174534,15.759489835973637,613.3832711299947
41000.0,609.1745218313696,-88.52948505932771,15.632947162890833,608.9738984648521
42000.0,604.9734094068132,-88.53064021631604,15.512943041661599,604.7744825035938
43000.0,600.967697560143,-88.53170453350533,15.399067344490735,600.7703739663428
44000.0,597.1440635246853,-88.53267819142003,15.290947106630682,596.948255328178
45000.0,560.5541687796923,-88.96556137031438,10.119896960400823,560.4628121666973
46000.0,581.0771303279598,-89.65172362017273,3.5320959905117233,581.0663952493644
47000.0,577.7310084060884,-89.65235045997,3.5054359786291522,577.7203735307554
48000.0,574.5243082309615,-89.65294584436404,3.4800090181443295,574.5137685778284
49000.0,571.4484937772685,-89.65350983563886,3.4557532399007735,571.4380445943845
50000.0,568.4957119017231,-89.65404249598527,3.4326116883437754,568.4853486481811
51000.0,565.6587253938461,-89.65454388750115,3.41053183985862,565.6484437234491
52000.0,562.9308537516567,-89.6550140721915,3.389465176688865,562.9206494981199
53000.0,560.3059206620029,-89.65545311196858,3.369366809088086,560.2957898255175
54000.0,526.5062073164102,-90.21386106865205,-1.9652218653374338,526.5025396384434
55000.0,524.0704108197482,-90.21423800396903,-1.9595777923002922,524.0667472294493
56000.0,521.7216070551099,-90.21458714155432,-1.9539744038174758,521.7179479874118
57000.0,519.4552174576518,-90.21490853662641,-1.9484000359198277,519.4515633639736
58000.0,547.5571792256234,-90.86770224432124,-8.292031914561145,547.4943896774189
59000.0,545.4431185607823,-90.86796831969212,-8.262549939669075,545.3805330719149
60000.0,543.3995265847692,-90.86821051521002,-8.233889688596483,543.3371407819894
61000.0,541.4229376243632,-90.86842887836858,-8.20600253157316,541.3607474764373
62000.0,512.4287095981638,-91.51512345659029,-13.549030689239324,512.2495545999247
63000.0,510.57660627120885,-91.51529429722669,-13.501581445198912,510.3980585483292
64000.0,508.78238117322115,-91.51544511105836,-13.455474077924736,508.60442547192923
65000.0,507.0433630013255,-91.51557593796807,-13.41064062542526,506.8659849326147
66000.0,505.3570423497902,-91.51568681777883,-13.36701726077651,505.1802283364599
67000.0,503.7210596281516,-91.51577779025405,-13.32454398350588,503.54479685579065
68000.0,502.13319404538464,-91.5158488950975,-13.283164338204566,501.9574704169509
69000.0,474.9613535519733,-92.29140017195347,-18.989818244692934,474.5815779936639
70000.0,473.4635656440879,-92.29143166040683,-18.93019395834461,473.084977302295
71000.0,472.0079689448754,-92.29144779448312,-18.872128564914814,471.63053920510254
72000.0,470.5928054873077,-92.29144860485958,-18.815553232879143,470.2165070825946
73000.0,469.2164136313172,-92.29143412216752,-18.760402912773905,468.8412205678867
74000.0,467.87722155521834,-92.29140437699222,-18.706616081630134,467.5031090431436
75000.0,466.5737412678154,-92.29135939987314,-18.65413450785569,466.2006856563053
76000.0,465.3045630932389,-92.29129922130394,-18.602903034677905,464.9325418101774
77000.0,443.75315058553446,-93.08622387173247,-23.891103606491466,443.1095505888492
78000.0,442.54863583443785,-93.08613338156093,-23.82555614254781,441.90682044229663
79000.0,441.37461512767277,-93.08603228614585,-23.761572563614923,440.7345443102972
80000.0,440.22994493857686,-93.08592060678822,-23.699091962919784,439.5915802887443
81000.0,439.11353821094013,-93.08579836475703,-23.638056447595847,438.4768428634642
82000.0,438.0243609156848,-93.08566558128929,-23.578410954896377,437.38929947180475
83000.0,436.96142885645963,-93.08552227759012,-23.52010308169412,436.3279673127833
84000.0,435.9238047034066,-93.08536847483276,-23.463082926159256,435.2919103850816
85000.0,416.6845952363077,-94.04970419415865,-29.427031163870012,415.64420090279884
86000.0,415.6949487800715,-94.0495294566774,-29.355875916036094,414.65711496424194
87000.0,414.72805281708224,-94.04934974896693,-29.28629734583334,413.6927248347739
88000.0,413.78313176234263,-94.04916508114242,-29.218240797612886,412.7502568572731
89000.0,412.85944488860844,-94.0489754633038,-29.15165407467285,411.8289721455261
90000.0,411.95628438984613,-94.04878090553579,-29.086487302645477,410.9281646525106
91000.0,455.8461735723753,-94.46258141790786,-35.46848582132058,454.46421253396716
92000.0,410.2088651639799,-94.04837701047425,-28.960224968214703,409.1853106221075
93000.0,409.3633397321091,-94.04817003927411,-28.899056881016495,408.34199934370446
94000.0,394.58560420304417,-95.14295816363938,-35.37107377495756,392.99705620308146
95000.0,393.77549047459104,-95.14274139358585,-35.296970524094924,392.1903374260079
96000.0,392.9822541154807,-95.14252594411427,-35.22439517730384,391.4004267167799
97000.0,392.20537314521806,-95.14231181280024,-35.15330068879136,390.6268042194022
98000.0,391.4443468886342,-95.1420989972229,-35.083641932478855,389.86897129654085
99000.0,390.69869489986013,-95.14188749496489,-35.01537560504743,389.12644945787406
100000.0,389.96795595086155,-95.14167730361241,-34.94846013480161,388.39877935274114
1000.0,4221.11,4.01,4210.776132881938,-295.18467245408505
2000.0,3898.6821975430757,-98.55546842075512,-579.9945311691349,3855.298849797925
3000.0,2857.303731695384,-104.35276084398626,-708.3005263602012,2768.121200294205
4000.0,2262.327898771538,-84.14457391690252,230.79967237220515,2250.524168453413
5000.0,1892.6713190172302,-104.9251522939021,-487.4707433752193,1828.8184699919325
6000.0,1659.468265847692,-84.16495509528076,168.70950272567373,1650.8700824249017
7000.0,1479.281856440879,-104.94552298188569,-381.50756408011534,1429.2399341415107
8000.0,947.489449385769,-80.77731507412763,151.85603727692316,935.2411457158508
9000.0,847.0128438984614,-80.80208253352106,135.39102897942865,836.1220168138444
10000.0,766.6315595086152,-80.82682977064273,122.21557986822266,756.8271269398881
11000.0,700.8650540987413,-80.85155669107975,111.43254243832295,691.9498627375851
12000.0,646.059632923846,-80.87626320073839,102.44381837514992,637.8858153074216
13000.0,599.0042150066271,-80.1044492058434,102.9404334250085,590.0926340516181
14000.0,560.6292282204395,-81.72289035293734,80.70866697869423,554.7893677870619
15000.0,529.5539063390768,-80.77251357465998,84.91647197483037,522.7011885449693
16000.0,495.3447246928845,-80.97659107535952,77.6888683505668,489.2145092037621
17000.0,468.7479761815384,-80.9812082866065,73.48018084963162,462.95283582303875
18000.0,445.10642194923065,-81.00660531476426,69.57930243266638,439.63444761918976
19000.0,423.9534523729554,-81.03198048555383,66.08719870441573,418.7708346415147
20000.0,403.9359797543076,-80.31483370737502,67.95583760608528,398.1787034427228
21000.0,387.69121881362634,-81.06264738894264,60.22954837192452,382.98418067605496
22000.0,372.03252704937063,-81.06795895678577,57.76283069350864,367.52096072607037
23000.0,354.19326065591963,-81.33402832098972,53.36761650684197,350.1496300190118
24000.0,344.629816461923,-81.09931463116808,53.32188483868753,340.47978940287845
25000.0,332.5726238034461,-81.10485931720685,51.42457267345253,328.5727673269063
26000.0,321.4429075033135,-81.13118198678548,49.55771697906565,317.59970949609914
27000.0,311.13761463282043,-81.13670020822,47.93931431768742,307.42224607557506
28000.0,300.17141411021976,-80.41923623478198,49.95984076684813,295.98461473441523
29000.0,292.65915845124664,-81.14851291537016,45.032581305800036,289.17373609359544
30000.0,284.3438531695384,-81.15478561627772,43.72231427250804,280.96225025785236
31000.0,276.5650191963275,-81.1610542501944,42.49629798661007,273.28057834485463
32000.0,269.27236234644226,-81.16731872935455,41.346634626030855,266.0790501500169
33000.0,262.42168469958034,-81.17357896626177,40.26638368721989,259.31401609885944
34000.0,255.97398809076918,-81.1798348736883,39.249421202988884,252.94696186023586
35000.0,253.84693128817577,-80.8365863697146,40.42533112382604,250.60737644361717
36000.0,244.15321097461532,-81.19268291238353,37.38279595716799,241.27436041908754
37000.0,238.72204311043657,-81.19927456562087,36.52407833382968,235.91143585821652
38000.0,233.57672618647769,-81.20659924346866,35.707344224100616,230.8312643132519
39000.0,228.6952716688757,-81.21391811696546,34.93223635708433,226.01165046694751
40000.0,224.0578898771538,-81.22123110035099,34.195633414090835,221.4330523467802
41000.0,219.64672183136958,-81.22853810813238,33.494718600604244,217.07783451364486
42000.0,215.44560940681316,-81.23583905508357,32.82694339338375,212.93004109359646
43000.0,211.4398975601431,-81.24313385624481,32.18999634610827,208.97520047958164
44000.0,207.61626352468534,-81.25042242692207,31.581776148797367,205.20015666475217
45000.0,203.96256877969228,-81.25770468268657,31.00036827930881,201.59292306466992
46000.0,203.0629303279598,-81.9509125393742,28.43316592052346,201.06244987345062
47000.0,197.12160840608834,-81.27311335045499,29.90820995438485,194.8394915768558
48000.0,193.9149082309615,-81.28149258756451,29.393643310924798,191.67421675106002
49000.0,190.83909377726843,-81.28986404082131,28.899849509461262,188.63816796199953
50000.0,187.88631190172305,-81.29822768661613,28.425582597946928,185.72359153860572
51000.0,185.04932539384612,-81.3065835014255,27.9696943472129,182.92334194093718
52000.0,182.32145375165675,-81.31493146181157,27.53112485453247,180.2308232860341
53000.0,179.69652066200285,-81.32327154442196,27.108894210932345,177.63993749348737
54000.0,177.1688073164102,-81.33160372598951,26.702095094358416,175.14503819261088
55000.0,174.73301081974824,-81.34048598333216,26.308203856931147,172.74114588006069
56000.0,172.38420705510987,-81.3493597353528,25.92816838701506,170.4231349497878
57000.0,167.0230174576518,-80.705724962759,26.975088213616328,164.83031570838745
58000.0,167.9295792256233,-81.36773414633286,25.20490878903129,166.02727532496434
59000.0,165.81551856078227,-81.37723411443086,24.86042285230962,163.94128696330736
60000.0,163.7719265847692,-81.38672484863612,24.527209142687287,161.9248589592034
61000.0,161.79533762436316,-81.39620633430269,24.204713661685204,159.97457020894757
62000.0,159.88250959816375,-81.40567855684677,23.892418153238644,158.0872203253562
63000.0,158.0304062712088,-81.4157880017465,23.588074099524814,156.2600782878296
64000.0,156.23618117322113,-81.42588750804198,23.293031342894622,154.49006116398073
65000.0,154.49716300132542,-81.435977065645,23.006860955288328,152.77453231622786
66000.0,152.81084234979016,-81.44605666451733,22.729160004656197,151.11101490339863
67000.0,151.17485962815152,-81.45612629467058,22.459549614955144,149.49717995562554
68000.0,149.58699404538459,-81.46618594616616,22.197673197321986,147.93083550145593
69000.0,148.04515355197321,-81.4762356091151,21.943194835058062,146.4099166404312
70000.0,146.5473656440879,-81.48705077367794,21.6938361398786,144.93277010655007
71000.0,145.0917689448754,-81.49785515456466,21.451300707109613,143.49725820909006
72000.0,143.67660548730765,-81.50864874720459,21.215304574264632,142.10164607131273
73000.0,142.30021363131715,-81.51943154706224,20.98557933859213,140.74429387844523
74000.0,140.96102155521828,-81.53020354963735,20.761871105740276,139.42365045457439
75000.0,139.65754126781536,-81.5409647504647,20.54393952252858,138.13824735338957
76000.0,138.38836309323887,-81.5517151451141,20.331556886079735,136.88669341544568
77000.0,137.15215058553446,-81.56245472919029,20.12450732236974,135.6676697495354
78000.0,135.94763583443785,-81.57397849833283,19.92072006765927,134.48020152036835
79000.0,134.77361512767283,-81.58549065321607,19.721900620623405,133.32281864141763
80000.0,133.6289449385769,-81.596991194849,19.527863004857245,132.19439281550765
81000.0,439.11353821094013,-93.95348012426093,-30.275343164951796,438.0686053991717
82000.0,438.0243609156848,-93.95261244250143,-30.193630581557432,436.9824772549793
83000.0,130.3604288564597,-81.60674549564023,19.028263284929388,128.9642066931732
84000.0,129.32280470340658,-81.61822427242217,18.85117312734985,127.94147524582527
85000.0,128.3095952363077,-81.62969141662458,18.67807335502419,126.94282888548472
86000.0,127.31994878007154,-81.64211142940212,18.50670456249551,125.96773890007135
87000.0,126.35305281708223,-81.65451884742939,18.339088914812585,125.0150861855119
88000.0,125.40813176234266,-81.66691367833093,18.17509876145234,124.0841057393434
89000.0,119.34504488860844,-81.26529592973374,18.12368164860285,117.96089141306139
90000.0,411.95628438984613,-95.00157960926731,-35.91567009407754,410.3876763378515
91000.0,461.2821735723753,-89.45962681056358,4.350422076156306,461.2616583712701
92000.0,410.2088651639799,-95.00562976517092,-35.79221105221801,408.64438169038095
93000.0,414.1525397321092,-89.04817251241622,6.879802374085097,414.09539297829645
94000.0,399.1734042030442,-90.14967250994309,-1.0427507552402857,399.1720422247897
95000.0,393.77549047459104,-96.10966579559678,-41.910239993348576,391.5388469643908
96000.0,392.9822541154807,-96.10869887119478,-41.81922009769142,390.7508219826352
97000.0,392.20537314521806,-96.1077326982677,-41.72997211110959,389.97905604222615
98000.0,391.4443468886342,-96.10676727738223,-41.64244192187587,389.22305140093204
99000.0,395.28649489986014,-90.15080260910207,-1.0403936634772695,395.28512573994254
100000.0,394.55575595086157,-90.15579369398793,-1.0728403292508608,394.55429736296594
1000.0,2160.0,0.0,2160.0,-0.0
2000.0,3660.357797543076,-81.70726957759754,527.9357870174942,3622.085450513366
3000.0,2454.638531695384,-81.7241177764407,353.3198419959305,2429.0770696986215
4000.0,1851.778898771538,-81.74674641950826,265.8206754467781,1832.6004633963587
5000.0,1490.0631190172303,-81.74914424700565,213.8350886930408,1474.6398385704206
6000.0,1248.919265847692,-81.77232025505255,178.72919003818362,1236.0644033519584
7000.0,1076.673656440879,-81.77471288989277,154.03512517367264,1065.5981149976303
8000.0,947.489449385769,-81.79788369998477,135.17404882353878,937.7975438344885
9000.0,847.0128438984614,-81.7968631313589,120.85443731404001,838.3465647991087
10000.0,766.6315595086152,-81.79586835076107,109.39855887657735,758.7858086115866
11000.0,700.8650540987413,-81.79489931218095,100.02539071089696,693.6906697296454
12000.0,646.059632923846,-81.79395596955985,92.21425096213524,639.444744456616
13000.0,599.6858150066271,-81.79303827679102,85.60466758798694,593.5443686931187
14000.0,559.9368282204396,-81.79134968772009,79.94686481524184,554.2000996064323
15000.0,525.4877063390768,-81.7912812283853,75.02889695997696,520.103830147859
16000.0,495.3447246928845,-81.79026246073157,70.73381307875232,490.26842032544744
17000.0,468.7479761815384,-81.7894487893462,66.94246187160992,463.9432852977356
18000.0,445.10642194923065,-81.78864054884346,63.57239760655587,440.5431614756953
19000.0,423.9534523729554,-81.78785851360938,60.55694851143781,419.6062270342646
20000.0,404.91577975430755,-81.78710263558133,57.84291971448794,400.7630039473981
21000.0,391.54981881362636,-81.54563036665313,57.56632468333262,387.29495074869845
22000.0,375.89112704937065,-81.54514738367541,55.26729120642417,371.80595196574035
23000.0,357.7354606559196,-81.78467019524852,51.11816102946258,354.0643916347264
24000.0,344.629816461923,-81.78421955337426,49.24812916066492,341.09284977664544
25000.0,332.5726238034461,-81.78353464845205,47.52907256099779,329.15883303505603
26000.0,321.4429075033135,-81.7828559731208,45.94225580297358,318.14281685418877
27000.0,311.13761463282043,-81.78220429913448,44.47287341419658,307.942817369859
28000.0,300.17141411021976,-81.05855879504357,46.65411886116547,296.52364331064274
29000.0,292.65915845124664,-81.7809194724833,41.83812575208368,289.6531620040505
30000.0,284.3438531695384,-81.78028706592619,40.65248808506687,281.4228172124526
31000.0,276.5650191963275,-81.77966156447654,39.54334062444695,273.7234627417313
32000.0,269.27236234644226,-81.77904295716226,38.503511981412565,266.5053183122823
33000.0,262.42168469958034,-81.77843123293445,37.52670002774367,259.7246376176001
34000.0,255.97398809076918,-81.77782638066778,36.607344063378726,253.3428209752916
35000.0,253.84693128817577,-81.42772838916079,37.8376152358571,251.01111409196022
36000.0,244.15321097461532,-81.77663724714135,34.921846586324705,241.64282538535306
37000.0,238.72204311043657,-81.7760532928066,34.14742103363685,236.26715282402816
38000.0,233.57672618647769,-81.7754765140794,33.413748700214605,231.17441124352771
39000.0,228.6952716688757,-81.77490763680879,32.71769144380253,226.34283719678206
40000.0,224.0578898771538,-81.77434664728895,32.056427744534396,221.75284317559996
41000.0,219.64672183136958,-81.77379353174202,31.427411354046555,217.38675264801807
42000.0,215.44560940681316,-81.7732482763184,30.82833852506583,213.2285725611299
43000.0,211.4398975601431,-81.77271086709717,30.25711981361326,209.26379758770616
44000.0,207.61626352468534,-81.77218129008631,29.71185572636225,205.47924106645766
45000.0,201.51436877969226,-81.08615953122316,31.22445700071304,199.08057190416255
46000.0,200.46773032795983,-81.77183107637461,28.69004557279201,198.40411333406055
47000.0,197.12160840608834,-81.77201015783761,28.210553785366667,195.09252460236956
48000.0,193.9149082309615,-81.77151126103023,27.753306219675423,191.91859114765077
49000.0,190.83909377726843,-81.77102124235677,27.314707746688587,188.87420801804052
50000.0,187.88631190172305,-81.77054008515523,26.893639077496523,185.95160224424234
51000.0,185.04932539384612,-81.77006777275669,26.48906871155212,183.1436105014647
52000.0,182.32145375165675,-81.76960428848537,26.100044495482333,180.44362048975674
53000.0,183.13812066200285,-81.21114961565868,27.982319313153326,180.98773727926167
54000.0,177.1688073164102,-81.76926173758746,25.363470891623837,175.34389248060236
55000.0,174.73301081974824,-81.76882407957585,25.01608344122525,172.93299465225226
56000.0,172.38420705510987,-81.76839574147961,24.681086596194305,170.60820263530752
57000.0,170.11781745765182,-81.76797670547349,24.35782790582175,168.36498459081483
58000.0,167.9295792256233,-81.76691445373076,24.047592636386796,166.19884737051967
59000.0,165.81551856078227,-81.76651527342337,23.74600151288164,164.10640940478635
60000.0,163.7719265847692,-81.76612599226438,23.454445351133472,162.0837219789752
61000.0,164.75153762436315,-81.11924659112074,25.434096185363938,162.77645990998084
62000.0,159.88250959816375,-81.76602355086393,22.89770899974779,158.2343571983335
63000.0,158.0304062712088,-81.76566320586991,22.633442093356962,156.401203976344
64000.0,156.23618117322113,-81.76531333066579,22.377413674762618,154.62533965951417
65000.0,154.49716300132542,-81.76497390484316,22.129243200009036,152.90412018926426
66000.0,152.81084234979016,-81.76464490800397,21.88857318930512,151.23506175285166
67000.0,151.17485962815152,-81.76432631976049,21.65506750581747,149.61582882472632
68000.0,149.58699404538459,-81.7640181197354,21.428409786334406,148.04422326306033
69000.0,148.04515355197321,-81.76372028756182,21.208302008394313,146.51817435440583
70000.0,146.5473656440879,-81.76343280288337,20.994463180231175,145.03572971166764
71000.0,145.0917689448754,-81.76315642085417,20.786626197866145,143.59504722260897
72000.0,143.67660548730765,-81.76289111958788,20.58454069355702,142.1943868399549
73000.0,142.30021363131715,-81.7626368772155,20.387970019192604,140.8321038613533
74000.0,140.96102155521828,-81.76239367188535,20.19669031929007,139.50664248714972
75000.0,139.65754126781536,-81.7621614817631,20.01048967815183,138.21652989354106
76000.0,140.89736309323885,-80.96544028503179,22.125139866748665,139.14936260186315
77000.0,132.45255058553445,-81.25852655989188,20.12964855848967,130.91400003637983
78000.0,131.24803583443784,-81.25883048806116,19.945902738776898,129.72358256821747
79000.0,134.77361512767283,-81.76314563607144,19.308417163482932,133.38332864800984
80000.0,133.6289449385769,-81.7629679810886,19.14483541443275,132.2504071916283
81000.0,132.51253821094014,-81.76280200430236,18.98526926353002,131.14546249907823
82000.0,126.72376091568479,-81.2709926824223,19.231756209575586,125.25594250857358
83000.0,125.66082885645967,-81.28367430218239,19.042952734380897,124.20954013298892
84000.0,126.2756047034066,-80.40949737337584,21.038185672673695,124.51073482560895
85000.0,128.3095952363077,-81.7892061002749,18.32458542539572,126.99433766389937
86000.0,122.18054878007155,-81.37504658559124,18.322922274226762,120.79882871755044
87000.0,126.35305281708223,-81.78931365043506,18.044926301818204,125.05788496115838
88000.0,120.26873176234267,-81.37517885563204,18.035940309431762,118.90867376636974
89000.0,119.34504488860844,-81.37547059045474,17.896820035129092,117.99552352565823
90000.0,118.44188438984614,-81.37536041579402,17.76160849722516,117.10254156682073
91000.0,124.1489735723753,-80.83098663498751,19.78280404460971,122.56267092066373
92000.0,123.73126516397991,-80.71661527516308,19.960035044831734,122.11069969535102
93000.0,122.88573973210916,-80.7309042896531,19.793391139831225,121.28118855244338
94000.0,114.64480420304417,-81.54172155787586,16.863011601686082,113.39783935541159
95000.0,113.83469047459107,-81.55032950882791,16.72693626353367,112.59905132229862
96000.0,113.04145411548075,-81.5648888451147,16.581964131470386,111.81864251583887
97000.0,117.78057314521807,-81.87193265514077,16.652547141467696,116.59741028049149
98000.0,111.50354688863422,-81.59366845518389,16.30096538563771,110.30557327824415
99000.0,116.27389489986014,-81.9006815540061,16.38176571088535,115.11410160087851
100000.0,116.67695595086153,-80.78843167506118,18.677704575951818,115.17228573633828
1000.0,2160.0,0.0,2160.0,-0.0
2000.0,3660.357797543076,-81.91829903708012,514.5915200702375,3624.0053495416087
3000.0,2454.638531695384,-81.91808800762064,345.09438888213026,2430.2592832958667
4000.0,1851.778898771538,-81.91789403738944,260.345356178769,1833.3863164787938
5000.0,1490.0631190172303,-81.91772288977157,209.49540683239852,1475.2626115954693
6000.0,1248.919265847692,-81.91755431112881,175.59542774511806,1236.5134768212383
7000.0,1076.673656440879,-81.91740907707273,151.38075860011875,1065.9784371174799
8000.0,947.489449385769,-81.91726638088555,133.21974229320398,938.0771593854527
9000.0,847.0128438984614,-81.91714699820464,119.09418983500738,838.5984329084466
10000.0,766.6315595086152,-81.91702671433781,107.79377762992554,759.015447496875
11000.0,700.8650540987413,-81.91690555597422,98.5480127418794,693.9020919708039
12000.0,646.059632923846,-81.91678354973043,90.84323320765263,639.6409588777713
13000.0,599.6858150066271,-81.91666072215025,84.32382689350501,593.72768921299
14000.0,560.6292282204395,-82.7130370997049,71.10959985175319,556.1012105219419
15000.0,525.4877063390768,-81.91561541229292,73.90007461312847,520.2654211896826
16000.0,495.3447246928845,-81.91549107810901,69.66208897975726,490.4218486568945
17000.0,468.7479761815384,-81.91536584949164,65.92270805529417,464.0892820750599
18000.0,445.10642194923065,-81.91523993243149,62.59882958184173,440.682553994857
19000.0,423.9534523729554,-81.9151133330479,59.6248479455464,419.7396899108044
20000.0,404.91577975430755,-81.91498607822845,56.94827850909855,400.8911102392881
21000.0,387.69121881362634,-81.91485819478581,54.526633705641075,383.83763150833187
22000.0,372.03252704937063,-81.91448896695768,52.32669862593393,368.3342473808964
23000.0,357.7354606559196,-81.9141196253744,50.31808691720679,354.1789800929686
24000.0,344.629816461923,-81.91399017594426,48.47545390395442,341.2035180993659
25000.0,332.5726238034461,-81.9138604053217,46.78024110792281,329.2660917030375
26000.0,321.4429075033135,-81.91373007956483,45.21543983112803,318.2469273772512
27000.0,311.13761463282043,-81.91359920545838,43.766559914326756,308.04399600165414
28000.0,301.56841411021975,-81.91346781055206,42.42118111209441,298.5698440599919
29000.0,292.65915845124664,-81.91261290153656,41.17225268123549,289.7485610569005
30000.0,284.3438531695384,-81.91248120810751,40.003075253076524,281.51586244046126
31000.0,276.5650191963275,-81.91234901396533,38.909337361802514,273.814304427527
32000.0,269.27236234644226,-81.91221632651583,37.8839665514077,266.59409258639903
33000.0,262.42168469958034,-81.91208315314648,36.92074763269409,259.81146817415294
34000.0,255.97398809076918,-81.91194950122627,36.014196614625604,253.42782053534756
35000.0,253.84693128817577,-81.56231537810571,37.247889774361965,251.0993015358283
36000.0,244.15321097461532,-81.91168079111677,34.35220897530108,241.7244633208072
37000.0,238.72204311043657,-81.91154574757279,33.588604004593144,236.3472435799575
38000.0,233.57672618647769,-81.91141025511803,32.865195886524084,231.253034391623
39000.0,228.6952716688757,-81.91127432137698,32.178892551148856,226.42006571389047
40000.0,224.0578898771538,-81.9111379546924,31.52691113216683,221.828744509514
41000.0,219.64672183136958,-81.91100116338501,30.906740261904798,217.4613892571511
42000.0,215.44560940681316,-81.91086395575337,30.316107750054083,213.30200238994527
43000.0,211.4398975601431,-81.91072634007394,29.752952772350856,209.33607448686448
44000.0,207.61626352468534,-81.91058832460095,29.21540185170976,205.55041516522098
45000.0,203.96256877969228,-81.91044991756644,28.70174804187242,201.93300652085478
46000.0,200.46773032795983,-81.9096256271801,28.21280739974868,198.4725381544467
47000.0,197.12160840608834,-81.9094878326293,27.74236059492085,195.15965241110834
48000.0,193.9149082309615,-81.9093503549545,27.29151896421679,191.98480311432988
49000.0,190.83909377726843,-81.90921251586057,26.85908441312791,188.93953873717783
50000.0,187.88631190172305,-81.90907432458707,26.44395250306435,186.01608418641445
51000.0,185.04932539384612,-81.90893579034764,26.045105417612657,183.2072741801018
52000.0,182.32145375165675,-81.90879692233005,25.6616036334822,180.50649461189911
53000.0,183.13812066200285,-81.3506577296962,27.541554116458524,181.05533418394637
54000.0,177.1688073164102,-81.90851822158217,24.93722584546731,175.40502003378194
55000.0,174.73301081974824,-81.90837896509818,24.594798099527917,172.9934131017066
56000.0,172.38420705510987,-81.90823941021266,24.264604517211474,170.66793433343685
57000.0,170.11781745765182,-81.90809956654392,23.946001178616758,168.42405067005316
58000.0,167.9295792256233,-81.90795944368284,23.638388571696044,166.25754167744813
59000.0,165.81551856078227,-81.9078183986929,23.341209698429108,164.1644727868825
60000.0,163.7719265847692,-81.90767709556764,23.05394102751254,162.1411722554978
61000.0,164.75153762436315,-81.26103554446432,25.031198402827986,162.83890277237256
62000.0,159.88250959816375,-81.90739375551098,22.50721611416996,158.2903727274561
63000.0,158.0304062712088,-81.90725238530634,22.246875134270734,156.4566580654319
64000.0,156.23618117322113,-81.9071107961269,21.994673698807425,154.68024643267984
65000.0,154.49716300132542,-81.90696899866144,21.750236115505214,152.95849307697134
66000.0,152.81084234979016,-81.90682700356761,21.51320946091669,151.28891353414878
67000.0,151.17485962815152,-81.90668482147206,21.283261881257193,149.66917166632928
68000.0,149.58699404538459,-81.90654246297034,21.06008104316651,148.0970687555604
69000.0,148.04515355197321,-81.9063999386271,20.84337271918686,146.57053354585426
70000.0,146.5473656440879,-81.90625725897604,20.632859494485867,145.0876131387611
71000.0,145.0917689448754,-81.90611443451995,20.428279582870218,143.64646465833124
72000.0,143.67660548730765,-81.90597147650628,20.22938573953976,142.2453476109372
73000.0,142.30021363131715,-81.90582839614936,20.035944266976124,140.88261687251952
74000.0,140.96102155521828,-81.90568520463043,19.84773409958728,139.5567162446967
75000.0,139.65754126781536,-81.90554191309768,19.66454596158082,138.2661725263863
76000.0,138.38836309323887,-81.90539853266635,19.486181591320513,137.00959005345646
77000.0,137.15215058553446,-81.90445857441871,19.31434065485885,135.78537717775498
78000.0,135.94763583443785,-81.90381264240419,19.146233189799773,134.59265003563434
79000.0,134.77361512767283,-81.90316766024985,18.982391602262982,133.4301170787181
80000.0,133.6289449385769,-81.90302763822567,18.821492128712578,132.29681159969815
81000.0,132.51253821094014,-81.90288757856852,18.66456814850937,131.19148859181195
82000.0,131.42336091568478,-81.90274749299427,18.51147419119566,130.11312430974456
83000.0,130.3604288564597,-81.9021157381837,18.36317926597753,129.06058677569098
84000.0,129.32280470340658,-81.90149729674769,18.218396648199242,128.0331122793019
85000.0,128.3095952363077,-81.90000529682432,18.07896829470577,127.02953646732772
86000.0,127.31994878007154,-81.89989449762777,17.939769736774686,126.04972835810295
87000.0,126.35305281708223,-81.89936964971574,17.804677028694336,125.09231563969169
88000.0,125.40813176234266,-81.89925959371645,17.67176468129376,124.15678896125688
89000.0,124.48444488860845,-81.89873551297836,17.542731534257815,123.24215832880382
90000.0,123.58128438984613,-81.89821224805584,17.4165727403944,122.34785182185496
91000.0,128.5313735723753,-82.31168939622358,17.195441766977023,127.37594268479427
92000.0,121.83386516397991,-81.89620869346234,17.174523070173414,120.6172726358332
93000.0,120.98833973210917,-81.89502910004404,17.057798110205777,119.77983918324371
94000.0,120.16080420304418,-81.89386497523365,16.943543270440088,118.96022531991541
95000.0,119.35069047459108,-81.8935128318163,16.83003757743665,118.15810235402274
96000.0,118.55745411548075,-81.89316964849331,16.71888370681465,117.37269211338015
97000.0,117.78057314521807,-81.89284136768993,16.609996621469694,116.60347946202477
98000.0,117.01954688863421,-81.89282045897738,16.50271522657312,115.8500528449249
99000.0,116.27389489986014,-81.89252130697359,16.398160460922508,115.11176729023649
100000.0,115.54315595086153,-81.89252946722063,16.295087721912452,114.3883342094826
1000.0,2160.0,0.0,2160.0,-0.0
2000.0,3659.723597543076,-82.63992536942845,468.8272079502968,3629.569927622164
3000.0,2450.718731695384,-82.57770374309611,316.58749439074796,2430.1840795046824
4000.0,1847.853898771538,-83.12904412736063,221.06537572418867,1834.5828220227882
5000.0,1483.1389190172301,-82.39433297727066,196.300004695329,1470.0909363914234
6000.0,1241.9950658476919,-82.39385636718316,164.39378824559165,1231.0671898707544
7000.0,1067.078456440879,-82.3753800651271,141.5824263206605,1057.6440085195982
8000.0,938.136849385769,-83.17742209413906,111.44619770634499,931.4936892927699
9000.0,835.3056438984613,-83.1596619384258,99.48742346288509,829.3598563358005
10000.0,754.9243595086151,-83.15841942348558,89.93002458895248,749.5487837738937
11000.0,689.1598540987413,-82.75817803077643,86.87368247280384,683.6623931408052
12000.0,632.421832923846,-82.76783675830164,79.61567422783138,627.3904041153361
13000.0,586.048015006627,-82.76698570509306,73.78630342095111,581.3844316118889
14000.0,546.7730282204395,-83.56263538011012,61.30254063475013,543.3256324719775
15000.0,512.2239063390768,-83.01578578182972,62.28431590758347,508.42304650476626
16000.0,482.0809246928845,-83.01468561146018,58.62824159633733,478.502609439142
17000.0,455.4841761815384,-83.01358641692683,55.40235307854739,452.1022163461872
18000.0,430.4294219492307,-82.5129881963594,56.08557410734859,426.75976339926655
19000.0,409.2764523729554,-82.51239044809547,53.33354512387554,405.7865786734593
20000.0,390.2387797543076,-82.51179317098043,50.8567453550128,386.91070891877155
21000.0,373.38201881362636,-82.75119636388767,47.11269179136995,370.3977946013051
22000.0,357.72332704937065,-82.75036002571856,45.14208527734782,354.8635947122269
23000.0,341.0572606559196,-82.99102415465981,41.6174550219195,338.5085559976563
24000.0,327.951616461923,-82.98994725013051,40.02435894135329,325.50009743673183
25000.0,315.5612238034461,-82.51937129305632,41.083226350725695,312.8754616152306
26000.0,304.4315075033135,-82.51876578216859,39.637427525808675,301.84005217975346
27000.0,294.12621463282045,-82.51816074646598,38.298742813918174,291.62207809612994
28000.0,284.14421411021976,-82.04805618492499,39.309214120671044,281.41201128866135
29000.0,277.1207584512466,-82.66442159655061,35.382920080411544,274.8526218379177
30000.0,268.8054531695384,-82.6636697878556,34.32471592129207,266.60492405543357
31000.0,261.0266191963275,-82.66291859927586,33.33480341580279,258.889333133473
32000.0,253.19776234644223,-82.20016802969054,34.362143580115735,250.85523703089189
33000.0,246.34708469958036,-82.19988007798737,33.433646459736046,244.06777219532202
34000.0,239.8993880907692,-82.19959228106254,32.55977411901903,237.67956899078212
35000.0,233.8201312881758,-82.1993046382827,31.73584443032492,231.6564049922082
36000.0,225.23021097461532,-82.0756676490225,31.051404215266498,223.07948859527596
37000.0,220.96084311043654,-82.8135036621646,27.642070035316845,219.22502172935822
38000.0,217.1655261864777,-82.60260170425,27.960184485570853,215.35805962949837
39000.0,212.2840716688757,-82.60191051280088,27.33423403854306,210.51690367721662
40000.0,206.8152898771538,-82.08671987660946,28.473113964348876,204.8459077163719
41000.0,202.4041218313696,-82.08654429468754,27.866424623054613,200.4766592724837
42000.0,198.20300940681318,-82.08636875155624,27.288628869060886,196.31546977343362
43000.0,194.19729756014308,-82.08619324676043,26.737710871006882,192.34782347882495
44000.0,190.37366352468533,-82.08601777985375,26.21183805491795,188.56052426102568
45000.0,185.23796877969227,-81.8038423503985,26.407998546136195,183.34590993641913
46000.0,183.2133303279598,-82.48944895796566,23.947588138059146,181.64150801023428
47000.0,179.86720840608837,-82.48886913463488,23.512025281749743,178.32385518194022
48000.0,176.6605082309615,-82.48828975333288,23.094620370548576,175.14443661835753
49000.0,173.5846937772684,-82.4877108139345,22.69426168174061,172.09478899858857
50000.0,171.01251190172306,-81.77163231563642,24.475133502280464,169.2520223423712
51000.0,168.1755253938461,-81.77176975764537,24.06870766381477,166.44429894979882
52000.0,165.44765375165676,-81.77190692367807,23.677911973030806,163.74456515110816
53000.0,162.82272066200287,-81.77204381367673,23.301861711853917,161.146708326724
54000.0,158.35240731641022,-82.33112242759275,21.13179220536252,156.93607699025637
55000.0,155.91661081974823,-82.33069982338674,20.8078800684276,154.5219131921902
56000.0,153.75500705510987,-81.57577750252845,22.525299585820022,152.09606527811934
57000.0,151.4886174576518,-81.57610996443613,22.192401156443953,149.8542576977452
58000.0,151.19617922562333,-82.22894195403825,20.44400593669566,149.80763409682152
59000.0,149.08211856078225,-82.22862097152789,20.15898053791058,147.71287546535433
60000.0,147.03852658476922,-82.22830016895504,19.883460424577436,145.68794151117706
61000.0,146.25393762436315,-81.84397954588167,20.748922037861227,144.7746404067296
62000.0,142.56970959816374,-82.49139660188024,18.630305890950392,141.3472100796983
63000.0,140.71760627120878,-82.49081259903387,18.389704173432747,139.5108006396371
64000.0,137.6697811732211,-82.10472903882014,18.91070546015334,136.36478235703643
65000.0,135.9307630013254,-82.10453142057744,18.672293462415634,134.6421842773502
66000.0,135.20584234979017,-81.70533385815554,19.50534673691824,133.79148423643753
67000.0,133.56985962815153,-81.70553535130095,19.26886837726005,132.17268292859887
68000.0,131.9819940453846,-81.70573650077112,19.03934342694855,130.60149369002886
69000.0,128.7825535519732,-82.47993730673332,16.854204024274534,127.67490711206713
70000.0,128.21116564408788,-82.0413637693652,17.75188165058218,126.97627216798998
71000.0,126.75556894487539,-82.04122866285482,17.550638432328924,125.53465397712584
72000.0,125.34040548730766,-82.04109354862649,17.354986933025412,124.13308050748287
73000.0,123.96401363131716,-82.04095842655437,17.164697356407682,122.76990608552373
74000.0,121.37022155521828,-81.73782329652396,17.441258029146965,120.11050411485037
75000.0,120.80574126781536,-81.31049115843207,18.251309559374818,119.41908064724926
76000.0,119.53656309323885,-81.31108620918673,18.058335140822955,118.16465820238128
77000.0,116.96395058553445,-82.10818052151022,16.059515650829535,115.85619402360888
78000.0,115.75943583443784,-82.10797679956312,15.894539712367463,114.66303062469309
79000.0,114.5854151276728,-82.10777263540596,15.733743307543184,113.50007348681959
80000.0,114.15374493857689,-81.63056803043081,16.615673272034066,112.93802231852071
81000.0,113.03733821094015,-81.6308404900386,16.452642643025058,111.83358341694763
82000.0,111.9481609156848,-81.63111253712712,16.293586445498843,110.75608233025902
83000.0,110.88522885645968,-81.63138417208299,16.138361030672318,109.70454540169753
84000.0,109.84760470340659,-81.63165490364909,15.986830522717868,108.67804520193474
85000.0,108.23899523630769,-82.0894247460422,14.89664770449964,107.20900138017079
86000.0,107.24934878007154,-82.08923532659298,14.760796461950358,106.22872352409355
87000.0,106.28245281708223,-82.08904598576402,14.628069832963293,105.27098056813786
88000.0,105.33753176234266,-82.08885630942797,14.498362049670291,104.33500417242159
89000.0,104.41384488860845,-82.08866671271225,14.371570608434135,103.42006073615107
90000.0,104.12628438984613,-81.52747678151252,15.341456669191684,102.98991605056501
91000.0,106.4493735723753,-81.94184751697907,14.921871354614343,105.3983248881473
92000.0,102.37886516397991,-81.52821735885831,15.082691621390524,101.26176201172096
93000.0,101.53333973210917,-81.52858535019291,14.957481856787306,100.42555856782565
94000.0,99.70680420304417,-82.62395179394277,12.80046216551468,98.88172213677012
95000.0,97.84009047459108,-81.92272170712405,13.747374975090018,96.86946363726
96000.0,98.57485411548075,-82.09069249824876,13.564437067439185,97.63712363098266
97000.0,96.26997314521807,-81.92249497539899,13.527137155393453,95.31486919552574
98000.0,95.50894688863421,-81.9224653217913,13.420252373866273,94.56138621021631
99000.0,94.76329489986014,-81.92243567692847,13.315527091057492,93.82312507354023
100000.0,95.98455595086153,-81.48890576255852,14.205801862777527,94.92749956951134
1000.0,2160.0,0.0,2160.0,-0.0
2000.0,3659.723597543076,-82.60680938626318,470.92495902659425,3629.298347253837
3000.0,2450.718731695384,-82.54534250224634,317.9600365833233,2430.004880040072
4000.0,1847.853898771538,-83.09737486348719,222.07937623501638,1834.4603516719133
5000.0,1483.1389190172301,-82.36390653275106,197.08065647655167,1469.9864856339223
6000.0,1241.9950658476919,-82.36393695919558,165.03661946169348,1230.9811768774812
7000.0,1067.078456440879,-82.34596687860356,142.12535654146834,1057.5711868371839
8000.0,938.136849385769,-83.14849629179011,111.91644852925617,931.4373069208981
9000.0,835.3056438984613,-83.13202521759244,99.88745507099574,829.3117719217923
10000.0,754.9243595086151,-83.13205285431327,90.27494499573824,749.5073201013511
11000.0,689.1598540987413,-90.2915,-3.5061785097841023,689.1509350016555
12000.0,632.421832923846,-81.85585,89.59144796086396,626.0437262771928
13000.0,586.048015006627,-82.2776325,78.74905434799813,580.7330387815935
14000.0,546.7730282204395,-83.20066725000001,64.73377353260732,542.9275116933924
15000.0,512.2239063390768,-82.69485875625,65.13112004654342,508.06620378327284
16000.0,482.0809246928845,-82.72908982987501,61.01264113100693,478.20442864424155
17000.0,455.4841761815384,-82.75134002773125,57.47106582934472,451.8439015237605
18000.0,430.4294219492307,-82.26741516623062,57.914170421760375,426.5154582707503
19000.0,409.2764523729554,-82.28514558087392,54.942540440755224,405.5718576490583
20000.0,390.2387797543076,-82.29873889876711,52.295117340334414,386.71892367259665
21000.0,373.38201881362636,-82.54947761990272,48.4164404252365,370.2296318096227
22000.0,357.72332704937065,-82.55598440336699,46.3456960250474,354.7084086615722
23000.0,341.0572606559196,-82.80285249972502,42.72896343532839,338.37004998944906
24000.0,327.618416461923,-82.33599574974828,43.69236470382482,324.6918601868639
25000.0,315.5612238034461,-82.34159608369663,42.05380535831222,312.7464842699496
26000.0,304.4315075033135,-82.34641237089221,40.54522229515348,301.7194519910452
27000.0,294.12621463282045,-82.35059652039337,39.15144042002142,291.50882464733286
28000.0,285.13541411021976,-81.77826380436792,40.775622531997094,282.20480681046985
29000.0,277.1207584512466,-82.50770323854545,36.13457778633399,274.7548126108031
30000.0,268.8054531695384,-82.50962568262965,35.04137882209766,266.5116759617243
31000.0,261.0266191963275,-82.51134627008503,34.019561186501264,258.80024224436585
32000.0,253.19776234644223,-82.05089479879486,35.015581720055906,250.76486176107593
33000.0,246.34708469958036,-82.05439551340056,34.05327115667454,243.98209127620868
34000.0,239.8993880907692,-82.05757659754228,33.14879588570941,237.59813496248887
35000.0,233.8201312881758,-82.06047933682159,32.29704460260382,231.5788304348158
36000.0,225.23021097461532,-81.94013824600142,31.578996730092882,223.0054145109273
37000.0,220.96084311043654,-82.68105547405523,28.1487687773952,219.160537059918
38000.0,217.1655261864777,-82.47101247326037,28.454715701835507,215.29327652803616
39000.0,212.2840716688757,-82.47172269752515,27.812500841117362,210.45425127870237
40000.0,206.8152898771538,-81.95788149175695,28.93366916340968,204.78136369238658
41000.0,202.4041218313696,-81.96020917039253,28.30840031593371,200.41472751741762
42000.0,198.20300940681318,-81.96237916757215,27.713396515802952,196.25595683055113
43000.0,194.19729756014308,-81.96440675868686,27.146499925352554,192.29055598615753
44000.0,191.8046635246853,-81.69630532127609,27.700431345082187,189.79387517281515
45000.0,185.23796877969227,-81.68688073735245,26.782219231431263,183.2916195865643
46000.0,183.2133303279598,-82.37483591417852,24.310891110532662,181.5932404669126
47000.0,179.86720840608837,-82.37524370568973,23.86561960210239,178.27687696615894
48000.0,176.6605082309615,-82.37562835227733,23.43896417776938,175.09868682173166
49000.0,173.5846937772684,-82.37599174207983,23.029780043688962,172.05021111549775
50000.0,171.01251190172306,-81.66083556473912,24.80238169871813,169.20437668396187
51000.0,168.1755253938461,-81.66295008670879,24.384785320530973,166.3982860079027
52000.0,165.44765375165676,-81.66495630389466,23.983522773667595,163.7000817571362
53000.0,162.82272066200287,-81.66686221022123,23.59764981587058,161.10366006687792
54000.0,158.35240731641022,-82.2281750374016,21.413736121538303,156.89785469603913
55000.0,155.91661081974823,-82.22862975237565,21.083121328051057,154.4845996356385
56000.0,153.75500705510987,-81.47456324731759,22.793945345805184,152.05603654603567
57000.0,151.4886174576518,-81.47661716966434,22.45258601621115,149.81549519464068
58000.0,151.19617922562333,-82.13107932101262,20.699851199472654,149.77249671667525
59000.0,149.08211856078225,-82.13159625323942,20.409088614358627,147.67852645697135
60000.0,147.03852658476922,-82.13209103122793,20.128066548534385,145.654348500955
61000.0,146.25393762436315,-81.74856502854091,20.9899859999134,144.7398865494738
62000.0,142.56970959816374,-82.39777244949394,18.86124928445409,141.31657854029166
63000.0,140.71760627120878,-82.39768495537002,18.616438406062283,139.4807260368694
64000.0,137.6697811732211,-82.01210092799442,19.13113689248295,136.33403188303228
65000.0,135.9307630013254,-82.01273405723899,18.887988566277137,134.61209536309389
66000.0,135.20584234979017,-81.61434301245784,19.717794948761686,133.76033929336043
67000.0,133.56985962815153,-81.615641631856,19.47621576799414,132.14228853944766
68000.0,131.9819940453846,-81.61689240738158,19.241833999325394,130.571813867076
69000.0,128.7825535519732,-82.39209789620709,17.049920871877834,127.64891812165722
70000.0,128.21116564408788,-81.95394861339645,17.94558636426302,126.94904066537296
71000.0,126.75556894487539,-81.95453455548419,17.740564454692578,125.50795445456019
72000.0,125.34040548730766,-81.95510032579513,17.54127429628897,124.10689321623137
73000.0,122.70941363131716,-81.65264693291812,17.814211745337023,121.40944795869052
74000.0,121.37022155521828,-81.65365627218462,17.61768048031405,120.08475346544346
75000.0,120.06674126781536,-81.65463249250645,17.426447738098258,118.79537565875133
76000.0,119.53656309323885,-81.2280771734025,18.229510838725382,118.13837162719261
77000.0,116.96395058553445,-82.02613952354277,16.225391939258504,115.83307987355248
78000.0,115.75943583443784,-82.02646409852937,16.05765065447151,114.64030198916208
79000.0,114.5854151276728,-82.02677864987669,15.894172568060915,113.47771868678807
80000.0,114.15374493857689,-81.55008362792213,16.774302879109772,112.91457056740533
81000.0,113.03733821094015,-81.55106088519764,16.608345601479414,111.81056607582438
82000.0,111.9481609156848,-81.5520092376805,16.446482158195703,110.7334816440999
83000.0,110.88522885645968,-81.5529299298826,16.288562625235294,109.68234455076727
84000.0,109.84760470340659,-81.55382413641861,16.134444326064816,108.65622837815138
85000.0,108.23899523630769,-82.0121929668232,15.041146375850841,107.18882406979596
86000.0,107.24934878007154,-82.01242746997647,14.903188070366253,106.2088404940414
87000.0,106.28245281708223,-82.01265549343734,14.768410967920794,105.25138390680621
88000.0,105.33753176234266,-82.01287729807655,14.636706231782059,104.31568639695116
89000.0,104.41384488860845,-82.01309313105239,14.50796993681448,103.401014563373
90000.0,104.12628438984613,-81.45230322669596,15.476568877858853,102.96969902162483
91000.0,106.4493735723753,-81.86720905732889,15.059159668527181,105.37879693766159
92000.0,102.37886516397991,-81.45358029235281,15.214588692531962,101.24202844264558
93000.0,101.53333973210917,-81.45444689818711,15.087415963412084,100.40612011577221
94000.0,99.70680420304417,-82.55029157784969,12.927575209148912,98.86518398099497
95000.0,99.36809047459107,-82.01731156909213,13.799633382946926,98.40522101526308
96000.0,98.57485411548075,-82.01746988996271,13.689203818409664,97.61970888456055
97000.0,96.26997314521807,-81.84962434485854,13.648350724044223,95.2975878597905
98000.0,95.50894688863421,-81.84996817498102,13.539891436233297,94.5443296854495
99000.0,94.76329489986014,-81.85030380006648,13.43363407529885,93.80628729359685
100000.0,95.98455595086153,-81.41713150590834,14.324706088559589,94.9096295249352
1000.0,2160.0,0.0,2160.0,-0.0
2000.0,2128.29,-4.99,2120.2235562919473,185.12264973451497
3000.0,1964.01,-4.58,1957.7385476888128,156.82811926850783
4000.0,1963.75,-8.26,1943.3787007449369,282.12282429984396
5000.0,1813.79,-3.37,1810.6534924521063,106.62126603539429
6000.0,1813.79,-3.37,1810.6534924521063,106.62126603539429
7000.0,1680.24,-3.25,1677.5376205372797,95.25748937548943
8000.0,1692.37,-8.6,1673.3416365925211,253.06912918383068
9000.0,1574.64,-8.49,1557.3845373111708,232.47479980434645
10000.0,1574.64,-8.49,1557.3845373111708,232.47479980434645
11000.0,1574.74,-5.83,1566.5949085236125,159.9576824910072
12000.0,1478.11,-5.9,1470.2801810090664,151.93867655059736
13000.0,1478.11,-5.9,1470.2801810090664,151.93867655059736
14000.0,1496.81,-7.57,1483.764782442879,197.185817142704
15000.0,1496.81,-7.57,1483.764782442879,197.185817142704
16000.0,1496.81,-7.57,1483.764782442879,197.185817142704
17000.0,1496.81,-7.57,1483.764782442879,197.185817142704
18000.0,1426.15,-4.24,1422.2467761717844,105.4415960091955
19000.0,1426.15,-4.24,1422.2467761717844,105.4415960091955
20000.0,1426.15,-4.24,1422.2467761717844,105.4415960091955
21000.0,1444.54,-5.84,1437.0427157459037,146.98314434532057
22000.0,1444.54,-5.84,1437.0427157459037,146.98314434532057
23000.0,1326.09,-7.45,1314.8956646470183,171.94208092400137
24000.0,1309.43,-4.32,1305.7097787682558,98.63517896244095
25000.0,1309.43,-4.32,1305.7097787682558,98.63517896244095
26000.0,1309.43,-4.32,1305.7097787682558,98.63517896244095
27000.0,1309.43,-4.32,1305.7097787682558,98.63517896244095
28000.0,1288.79,-1.19,1288.5120381406373,26.76549395510377
29000.0,1383.08,-5.3,1377.1669155651318,127.75591208559038
30000.0,1383.08,-5.3,1377.1669155651318,127.75591208559038
31000.0,1383.08,-5.3,1377.1669155651318,127.75591208559038
32000.0,1356.27,-2.22,1355.2520592267563,52.53730923483829
33000.0,1356.27,-2.22,1355.2520592267563,52.53730923483829
34000.0,1356.27,-2.22,1355.2520592267563,52.53730923483829
35000.0,1356.27,-2.22,1355.2520592267563,52.53730923483829
36000.0,1213.85,-1.4,1213.4876533708891,29.65699945059803
37000.0,1271.94,-6.32,1264.20989963309,140.0167606741893
38000.0,1339.44,-4.92,1334.5047253072537,114.8766805431437
39000.0,1339.44,-4.92,1334.5047253072537,114.8766805431437
40000.0,1297.87,-1.49,1297.4311622348341,33.7478319595081
41000.0,1297.87,-1.49,1297.4311622348341,33.7478319595081
42000.0,1297.87,-1.49,1297.4311622348341,33.7478319595081
43000.0,1297.87,-1.49,1297.4311622348341,33.7478319595081
44000.0,1369.42,0.31,1369.3999560304615,-7.409239081752316
45000.0,1223.77,0.39,1223.7416500642314,-8.329873832917905
46000.0,1297.28,-4.18,1293.8292110934617,94.55882254591731
47000.0,1297.28,-4.18,1293.8292110934617,94.55882254591731
48000.0,1297.28,-4.18,1293.8292110934617,94.55882254591731
49000.0,1297.28,-4.18,1293.8292110934617,94.55882254591731
50000.0,1316.31,0.59,1316.2402116218204,-13.554387103267459
51000.0,1316.31,0.59,1316.2402116218204,-13.554387103267459
52000.0,1316.31,0.59,1316.2402116218204,-13.554387103267459
53000.0,1316.31,0.59,1316.2402116218204,-13.554387103267459
54000.0,1219.18,-3.14,1217.349611975347,66.78169377510922
55000.0,1219.18,-3.14,1217.349611975347,66.78169377510922
56000.0,1228.54,1.89,1227.8716587474964,-40.51815944328427
57000.0,1228.54,1.89,1227.8716587474964,-40.51815944328427
58000.0,1323.33,-2.46,1322.1104590292744,56.79985057552118
59000.0,1323.33,-2.46,1322.1104590292744,56.79985057552118
60000.0,1323.33,-2.46,1322.1104590292744,56.79985057552118
61000.0,1382.93,0.1,1382.927893677693,-2.413666957051748
62000.0,1294.36,-4.22,1290.8507978424811,95.24719055924835
63000.0,1294.36,-4.22,1290.8507978424811,95.24719055924835
64000.0,1231.68,-1.65,1231.1693062968654,35.464935252942745
65000.0,1231.68,-1.65,1231.1693062968654,35.464935252942745
66000.0,1279.75,1.01,1279.5511702441574,-22.558041289243455
67000.0,1279.75,1.01,1279.5511702441574,-22.558041289243455
68000.0,1279.75,1.01,1279.5511702441574,-22.558041289243455
69000.0,1196.87,-4.15,1193.7318186504522,86.61490657781476
70000.0,1196.87,-4.15,1193.7318186504522,86.61490657781476
71000.0,1243.19,-1.23,1242.9035454060818,26.686193377701617
72000.0,1243.19,-1.23,1242.9035454060818,26.686193377701617
73000.0,1243.19,-1.23,1242.9035454060818,26.686193377701617
74000.0,1180.46,0.79,1180.3477921302915,-16.275786099174535
75000.0,1217.41,3.64,1214.9540569218957,-77.29002308854032
76000.0,1217.41,3.64,1214.9540569218957,-77.29002308854032
77000.0,1150.59,-1.67,1150.1012941580123,33.53149677639314
78000.0,1150.59,-1.67,1150.1012941580123,33.53149677639314
79000.0,1150.59,-1.67,1150.1012941580123,33.53149677639314
80000.0,1186.24,1.51,1185.828067496376,-31.25910967718789
81000.0,1186.24,1.51,1185.828067496376,-31.25910967718789
82000.0,1186.24,1.51,1185.828067496376,-31.25910967718789
83000.0,1186.24,1.51,1185.828067496376,-31.25910967718789
84000.0,1186.24,1.51,1185.828067496376,-31.25910967718789
85000.0,1156.47,-1.54,1156.0522904480242,31.079939669780273
86000.0,1156.47,-1.54,1156.0522904480242,31.079939669780273
87000.0,1156.47,-1.54,1156.0522904480242,31.079939669780273
88000.0,1156.47,-1.54,1156.0522904480242,31.079939669780273
89000.0,1156.47,-1.54,1156.0522904480242,31.079939669780273
90000.0,1187.25,2.2,1186.37489750851,-45.57592633915805
91000.0,1347.57,-0.56,1347.505635163517,13.170729006662018
92000.0,1187.25,2.2,1186.37489750851,-45.57592633915805
93000.0,1187.25,2.2,1186.37489750851,-45.57592633915805
94000.0,1137.3,-5.1,1132.7975036916682,101.09948382620392
95000.0,1084.47,-0.43,1084.4394594288453,8.138779618199308
96000.0,1084.47,-0.43,1084.4394594288453,8.138779618199308
97000.0,1084.47,-0.43,1084.4394594288453,8.138779618199308
98000.0,1160.87,-1.55,1160.4452384104004,31.4007253201042
99000.0,1160.87,-1.55,1160.4452384104004,31.4007253201042
100000.0,1182.07,2.46,1180.9806399800007,-50.73670163134389
1000.0,2160.0,0.0,2160.0,-0.0
2000.0,2128.29,-4.99,2120.2235562919473,185.12264973451497
3000.0,1964.01,-4.58,1957.7385476888128,156.82811926850783
4000.0,1963.75,-8.26,1943.3787007449369,282.12282429984396
5000.0,1813.79,-3.37,1810.6534924521063,106.62126603539429
6000.0,1813.79,-3.37,1810.6534924521063,106.62126603539429
7000.0,1680.24,-3.25,1677.5376205372797,95.25748937548943
8000.0,1692.37,-8.6,1673.3416365925211,253.06912918383068
9000.0,1574.64,-8.49,1557.3845373111708,232.47479980434645
10000.0,1574.64,-8.49,1557.3845373111708,232.47479980434645
11000.0,1574.74,-5.83,1566.5949085236125,159.9576824910072
12000.0,1478.11,-5.9,1470.2801810090664,151.93867655059736
13000.0,1478.11,-5.9,1470.2801810090664,151.93867655059736
14000.0,1501.81,-11.21,1473.15732762322,291.96020990883807
15000.0,1496.81,-7.57,1483.764782442879,197.185817142704
16000.0,1496.81,-7.57,1483.764782442879,197.185817142704
17000.0,1496.81,-7.57,1483.764782442879,197.185817142704
18000.0,1426.15,-4.24,1422.2467761717844,105.4415960091955
19000.0,1426.15,-4.24,1422.2467761717844,105.4415960091955
20000.0,1426.15,-4.24,1422.2467761717844,105.4415960091955
21000.0,1444.54,-5.84,1437.0427157459037,146.98314434532057
22000.0,1444.54,-5.84,1437.0427157459037,146.98314434532057
23000.0,1326.09,-7.45,1314.8956646470183,171.94208092400137
24000.0,1309.43,-4.32,1305.7097787682558,98.63517896244095
25000.0,1309.43,-4.32,1305.7097787682558,98.63517896244095
26000.0,1309.43,-4.32,1305.7097787682558,98.63517896244095
27000.0,1309.43,-4.32,1305.7097787682558,98.63517896244095
28000.0,1288.79,-1.19,1288.5120381406373,26.76549395510377
29000.0,1383.08,-5.3,1377.1669155651318,127.75591208559038
30000.0,1383.08,-5.3,1377.1669155651318,127.75591208559038
31000.0,1383.08,-5.3,1377.1669155651318,127.75591208559038
32000.0,1356.27,-2.22,1355.2520592267563,52.53730923483829
33000.0,1356.27,-2.22,1355.2520592267563,52.53730923483829
34000.0,1356.27,-2.22,1355.2520592267563,52.53730923483829
35000.0,1356.27,-2.22,1355.2520592267563,52.53730923483829
36000.0,1213.85,-1.4,1213.4876533708891,29.65699945059803
37000.0,1271.94,-6.32,1264.20989963309,140.0167606741893
38000.0,1339.44,-4.92,1334.5047253072537,114.8766805431437
39000.0,1339.44,-4.92,1334.5047253072537,114.8766805431437
40000.0,1297.87,-1.49,1297.4311622348341,33.7478319595081
41000.0,1297.87,-1.49,1297.4311622348341,33.7478319595081
42000.0,1297.87,-1.49,1297.4311622348341,33.7478319595081
43000.0,1297.87,-1.49,1297.4311622348341,33.7478319595081
44000.0,1369.42,0.31,1369.3999560304615,-7.409239081752316
45000.0,1223.77,0.39,1223.7416500642314,-8.329873832917905
46000.0,1297.28,-4.18,1293.8292110934617,94.55882254591731
47000.0,1297.28,-4.18,1293.8292110934617,94.55882254591731
48000.0,1297.28,-4.18,1293.8292110934617,94.55882254591731
49000.0,1297.28,-4.18,1293.8292110934617,94.55882254591731
50000.0,1316.31,0.59,1316.2402116218204,-13.554387103267459
51000.0,1316.31,0.59,1316.2402116218204,-13.554387103267459
52000.0,1316.31,0.59,1316.2402116218204,-13.554387103267459
53000.0,1316.31,0.59,1316.2402116218204,-13.554387103267459
54000.0,1219.18,-3.14,1217.349611975347,66.78169377510922
55000.0,1219.18,-3.14,1217.349611975347,66.78169377510922
56000.0,1228.54,1.89,1227.8716587474964,-40.51815944328427
57000.0,1228.54,1.89,1227.8716587474964,-40.51815944328427
58000.0,1323.33,-2.46,1322.1104590292744,56.79985057552118
59000.0,1323.33,-2.46,1322.1104590292744,56.79985057552118
60000.0,1323.33,-2.46,1322.1104590292744,56.79985057552118
61000.0,1382.93,0.1,1382.927893677693,-2.413666957051748
62000.0,1294.36,-4.22,1290.8507978424811,95.24719055924835
63000.0,1294.36,-4.22,1290.8507978424811,95.24719055924835
64000.0,1231.68,-1.65,1231.1693062968654,35.464935252942745
65000.0,1231.68,-1.65,1231.1693062968654,35.464935252942745
66000.0,1279.75,1.01,1279.5511702441574,-22.558041289243455
67000.0,1279.75,1.01,1279.5511702441574,-22.558041289243455
68000.0,1279.75,1.01,1279.5511702441574,-22.558041289243455
69000.0,1196.87,-4.15,1193.7318186504522,86.61490657781476
70000.0,1243.19,-1.23,1242.9035454060818,26.686193377701617
71000.0,1243.19,-1.23,1242.9035454060818,26.686193377701617
72000.0,1243.19,-1.23,1242.9035454060818,26.686193377701617
73000.0,1180.46,0.79,1180.3477921302915,-16.275786099174535
74000.0,1180.46,0.79,1180.3477921302915,-16.275786099174535
75000.0,1217.41,3.64,1214.9540569218957,-77.29002308854032
76000.0,1217.41,3.64,1214.9540569218957,-77.29002308854032
77000.0,1150.59,-1.67,1150.1012941580123,33.53149677639314
78000.0,1150.59,-1.67,1150.1012941580123,33.53149677639314
79000.0,1150.59,-1.67,1150.1012941580123,33.53149677639314
80000.0,1186.24,1.51,1185.828067496376,-31.25910967718789
81000.0,1186.24,1.51,1185.828067496376,-31.25910967718789
82000.0,1186.24,1.51,1185.828067496376,-31.25910967718789
83000.0,1186.24,1.51,1185.828067496376,-31.25910967718789
84000.0,1186.24,1.51,1185.828067496376,-31.25910967718789
85000.0,1156.47,-1.54,1156.0522904480242,31.079939669780273
86000.0,1156.47,-1.54,1156.0522904480242,31.079939669780273
87000.0,1156.47,-1.54,1156.0522904480242,31.079939669780273
88000.0,1156.47,-1.54,1156.0522904480242,31.079939669780273
89000.0,1156.47,-1.54,1156.0522904480242,31.079939669780273
90000.0,1187.25,2.2,1186.37489750851,-45.57592633915805
91000.0,1347.57,-0.56,1347.505635163517,13.170729006662018
92000.0,1187.25,2.2,1186.37489750851,-45.57592633915805
93000.0,1187.25,2.2,1186.37489750851,-45.57592633915805
94000.0,1137.3,-5.1,1132.7975036916682,101.09948382620392
95000.0,1160.87,-1.55,1160.4452384104004,31.4007253201042
96000.0,1160.87,-1.55,1160.4452384104004,31.4007253201042
97000.0,1160.87,-1.55,1160.4452384104004,31.4007253201042
98000.0,1160.87,-1.55,1160.4452384104004,31.4007253201042
99000.0,1101.7,3.32,1099.8509751972126,-63.802212796580974
100000.0,1182.07,2.46,1180.9806399800007,-50.73670163134389
1000.0,2160.0,0.0,2160.0,-0.0
2000.0,2128.29,-4.99,2120.2235562919473,185.12264973451497
3000.0,1964.01,-4.58,1957.7385476888128,156.82811926850783
4000.0,1963.75,-8.26,1943.3787007449369,282.12282429984396
5000.0,1813.79,-3.37,1810.6534924521063,106.62126603539429
6000.0,1813.79,-3.37,1810.6534924521063,106.62126603539429
7000.0,1680.24,-3.25,1677.5376205372797,95.25748937548943
8000.0,1692.37,-8.6,1673.3416365925211,253.06912918383068
9000.0,1574.64,-8.49,1557.3845373111708,232.47479980434645
10000.0,1574.64,-8.49,1557.3845373111708,232.47479980434645
11000.0,1574.74,-5.83,1566.5949085236125,159.9576824910072
12000.0,1478.11,-5.9,1470.2801810090664,151.93867655059736
13000.0,1478.11,-5.9,1470.2801810090664,151.93867655059736
14000.0,1501.81,-11.21,1473.15732762322,291.96020990883807
15000.0,1496.81,-7.57,1483.764782442879,197.185817142704
16000.0,1496.81,-7.57,1483.764782442879,197.185817142704
17000.0,1496.81,-7.57,1483.764782442879,197.185817142704
18000.0,1426.15,-4.24,1422.2467761717844,105.4415960091955
19000.0,1426.15,-4.24,1422.2467761717844,105.4415960091955
20000.0,1426.15,-4.24,1422.2467761717844,105.4415960091955
21000.0,1444.54,-5.84,1437.0427157459037,146.98314434532057
22000.0,1444.54,-5.84,1437.0427157459037,146.98314434532057
23000.0,1326.09,-7.45,1314.8956646470183,171.94208092400137
24000.0,1309.43,-4.32,1305.7097787682558,98.63517896244095
25000.0,1309.43,-4.32,1305.7097787682558,98.63517896244095
26000.0,1309.43,-4.32,1305.7097787682558,98.63517896244095
27000.0,1309.43,-4.32,1305.7097787682558,98.63517896244095
28000.0,1288.79,-1.19,1288.5120381406373,26.76549395510377
29000.0,1383.08,-5.3,1377.1669155651318,127.75591208559038
30000.0,1383.08,-5.3,1377.1669155651318,127.75591208559038
31000.0,1383.08,-5.3,1377.1669155651318,127.75591208559038
32000.0,1356.27,-2.22,1355.2520592267563,52.53730923483829
33000.0,1356.27,-2.22,1355.2520592267563,52.53730923483829
34000.0,1356.27,-2.22,1355.2520592267563,52.53730923483829
35000.0,1356.27,-2.22,1355.2520592267563,52.53730923483829
36000.0,1213.85,-1.4,1213.4876533708891,29.65699945059803
37000.0,1271.94,-6.32,1264.20989963309,140.0167606741893
38000.0,1339.44,-4.92,1334.5047253072537,114.8766805431437
39000.0,1339.44,-4.92,1334.5047253072537,114.8766805431437
40000.0,1297.87,-1.49,1297.4311622348341,33.7478319595081
41000.0,1297.87,-1.49,1297.4311622348341,33.7478319595081
42000.0,1297.87,-1.49,1297.4311622348341,33.7478319595081
43000.0,1297.87,-1.49,1297.4311622348341,33.7478319595081
44000.0,1369.42,0.31,1369.3999560304615,-7.409239081752316
45000.0,1223.77,0.39,1223.7416500642314,-8.329873832917905
46000.0,1297.28,-4.18,1293.8292110934617,94.55882254591731
47000.0,1297.28,-4.18,1293.8292110934617,94.55882254591731
48000.0,1297.28,-4.18,1293.8292110934617,94.55882254591731
49000.0,1297.28,-4.18,1293.8292110934617,94.55882254591731
50000.0,1316.31,0.59,1316.2402116218204,-13.554387103267459
51000.0,1316.31,0.59,1316.2402116218204,-13.554387103267459
52000.0,1316.31,0.59,1316.2402116218204,-13.554387103267459
53000.0,1316.31,0.59,1316.2402116218204,-13.554387103267459
54000.0,1219.18,-3.14,1217.349611975347,66.78169377510922
55000.0,1219.18,-3.14,1217.349611975347,66.78169377510922
56000.0,1228.54,1.89,1227.8716587474964,-40.51815944328427
57000.0,1228.54,1.89,1227.8716587474964,-40.51815944328427
58000.0,1323.33,-2.46,1322.1104590292744,56.79985057552118
59000.0,1323.33,-2.46,1322.1104590292744,56.79985057552118
60000.0,1323.33,-2.46,1322.1104590292744,56.79985057552118
61000.0,1382.93,0.1,1382.927893677693,-2.413666957051748
62000.0,1294.36,-4.22,1290.8507978424811,95.24719055924835
63000.0,1294.36,-4.22,1290.8507978424811,95.24719055924835
64000.0,1231.68,-1.65,1231.1693062968654,35.464935252942745
65000.0,1231.68,-1.65,1231.1693062968654,35.464935252942745
66000.0,1279.75,1.01,1279.5511702441574,-22.558041289243455
67000.0,1279.75,1.01,1279.5511702441574,-22.558041289243455
68000.0,1279.75,1.01,1279.5511702441574,-22.558041289243455
69000.0,1196.87,-4.15,1193.7318186504522,86.61490657781476
70000.0,1243.19,-1.23,1242.9035454060818,26.686193377701617
71000.0,1243.19,-1.23,1242.9035454060818,26.686193377701617
72000.0,1243.19,-1.23,1242.9035454060818,26.686193377701617
73000.0,1180.46,0.79,1180.3477921302915,-16.275786099174535
74000.0,1180.46,0.79,1180.3477921302915,-16.275786099174535
75000.0,1217.41,3.64,1214.9540569218957,-77.29002308854032
76000.0,1217.41,3.64,1214.9540569218957,-77.29002308854032
77000.0,1150.59,-1.67,1150.1012941580123,33.53149677639314
78000.0,1150.59,-1.67,1150.1012941580123,33.53149677639314
79000.0,1150.59,-1.67,1150.1012941580123,33.53149677639314
80000.0,1186.24,1.51,1185.828067496376,-31.25910967718789
81000.0,1186.24,1.51,1185.828067496376,-31.25910967718789
82000.0,1186.24,1.51,1185.828067496376,-31.25910967718789
83000.0,1186.24,1.51,1185.828067496376,-31.25910967718789
84000.0,1186.24,1.51,1185.828067496376,-31.25910967718789
85000.0,1156.47,-1.54,1156.0522904480242,31.079939669780273
86000.0,1156.47,-1.54,1156.0522904480242,31.079939669780273
87000.0,1156.47,-1.54,1156.0522904480242,31.079939669780273
88000.0,1156.47,-1.54,1156.0522904480242,31.079939669780273
89000.0,1156.47,-1.54,1156.0522904480242,31.079939669780273
90000.0,1187.25,2.2,1186.37489750851,-45.57592633915805
91000.0,1347.57,-0.56,1347.505635163517,13.170729006662018
92000.0,1187.25,2.2,1186.37489750851,-45.57592633915805
93000.0,1187.25,2.2,1186.37489750851,-45.57592633915805
94000.0,1065.18,-3.78,1062.8627450696376,70.22262842584867
95000.0,1084.47,-0.43,1084.4394594288453,8.138779618199308
96000.0,1160.87,-1.55,1160.4452384104004,31.4007253201042
97000.0,1160.87,-1.55,1160.4452384104004,31.4007253201042
98000.0,1084.47,-0.43,1084.4394594288453,8.138779618199308
99000.0,1160.87,-1.55,1160.4452384104004,31.4007253201042
100000.0,1182.07,2.46,1180.9806399800007,-50.73670163134389
1000.0,2160.0,0.0,2160.0,-0.0
2000.0,2128.29,-4.99,2120.2235562919473,185.12264973451497
3000.0,1964.01,-4.58,1957.7385476888128,156.82811926850783
4000.0,1963.75,-8.26,1943.3787007449369,282.12282429984396
5000.0,1813.79,-3.37,1810.6534924521063,106.62126603539429
6000.0,1813.79,-3.37,1810.6534924521063,106.62126603539429
7000.0,1680.24,-3.25,1677.5376205372797,95.25748937548943
8000.0,1692.37,-8.6,1673.3416365925211,253.06912918383068
9000.0,1574.64,-8.49,1557.3845373111708,232.47479980434645
10000.0,1574.64,-8.49,1557.3845373111708,232.47479980434645
11000.0,1574.74,-5.83,1566.5949085236125,159.9576824910072
12000.0,1478.11,-5.9,1470.2801810090664,151.93867655059736
13000.0,1478.11,-5.9,1470.2801810090664,151.93867655059736
14000.0,1501.81,-11.21,1473.15732762322,291.96020990883807
15000.0,1496.81,-7.57,1483.764782442879,197.185817142704
16000.0,1496.81,-7.57,1483.764782442879,197.185817142704
17000.0,1496.81,-7.57,1483.764782442879,197.185817142704
18000.0,1426.15,-4.24,1422.2467761717844,105.4415960091955
19000.0,1426.15,-4.24,1422.2467761717844,105.4415960091955
20000.0,1426.15,-4.24,1422.2467761717844,105.4415960091955
21000.0,1444.54,-5.84,1437.0427157459037,146.98314434532057
22000.0,1444.54,-5.84,1437.0427157459037,146.98314434532057
23000.0,1326.09,-7.45,1314.8956646470183,171.94208092400137
24000.0,1309.43,-4.32,1305.7097787682558,98.63517896244095
25000.0,1309.43,-4.32,1305.7097787682558,98.63517896244095
26000.0,1309.43,-4.32,1305.7097787682558,98.63517896244095
27000.0,1309.43,-4.32,1305.7097787682558,98.63517896244095
28000.0,1288.79,-1.19,1288.5120381406373,26.76549395510377
29000.0,1383.08,-5.3,1377.1669155651318,127.75591208559038
30000.0,1383.08,-5.3,1377.1669155651318,127.75591208559038
31000.0,1383.08,-5.3,1377.1669155651318,127.75591208559038
32000.0,1356.27,-2.22,1355.2520592267563,52.53730923483829
33000.0,1356.27,-2.22,1355.2520592267563,52.53730923483829
34000.0,1356.27,-2.22,1355.2520592267563,52.53730923483829
35000.0,1356.27,-2.22,1355.2520592267563,52.53730923483829
36000.0,1213.85,-1.4,1213.4876533708891,29.65699945059803
37000.0,1271.94,-6.32,1264.20989963309,140.0167606741893
38000.0,1339.44,-4.92,1334.5047253072537,114.8766805431437
39000.0,1339.44,-4.92,1334.5047253072537,114.8766805431437
40000.0,1297.87,-1.49,1297.4311622348341,33.7478319595081
41000.0,1297.87,-1.49,1297.4311622348341,33.7478319595081
42000.0,1297.87,-1.49,1297.4311622348341,33.7478319595081
43000.0,1297.87,-1.49,1297.4311622348341,33.7478319595081
44000.0,1369.42,0.31,1369.3999560304615,-7.409239081752316
45000.0,1223.77,0.39,1223.7416500642314,-8.329873832917905
46000.0,1297.28,-4.18,1293.8292110934617,94.55882254591731
47000.0,1297.28,-4.18,1293.8292110934617,94.55882254591731
48000.0,1297.28,-4.18,1293.8292110934617,94.55882254591731
49000.0,1297.28,-4.18,1293.8292110934617,94.55882254591731
50000.0,1316.31,0.59,1316.2402116218204,-13.554387103267459
51000.0,1316.31,0.59,1316.2402116218204,-13.554387103267459
52000.0,1316.31,0.59,1316.2402116218204,-13.554387103267459
53000.0,1316.31,0.59,1316.2402116218204,-13.554387103267459
54000.0,1219.18,-3.14,1217.349611975347,66.78169377510922
55000.0,1219.18,-3.14,1217.349611975347,66.78169377510922
56000.0,1228.54,1.89,1227.8716587474964,-40.51815944328427
57000.0,1228.54,1.89,1227.8716587474964,-40.51815944328427
58000.0,1323.33,-2.46,1322.1104590292744,56.79985057552118
59000.0,1323.33,-2.46,1322.1104590292744,56.79985057552118
60000.0,1323.33,-2.46,1322.1104590292744,56.79985057552118
61000.0,1382.93,0.1,1382.927893677693,-2.413666957051748
62000.0,1294.36,-4.22,1290.8507978424811,95.24719055924835
63000.0,1294.36,-4.22,1290.8507978424811,95.24719055924835
64000.0,1231.68,-1.65,1231.1693062968654,35.464935252942745
65000.0,1231.68,-1.65,1231.1693062968654,35.464935252942745
66000.0,1279.75,1.01,1279.5511702441574,-22.558041289243455
67000.0,1279.75,1.01,1279.5511702441574,-22.558041289243455
68000.0,1279.75,1.01,1279.5511702441574,-22.558041289243455
69000.0,1196.87,-4.15,1193.7318186504522,86.61490657781476
70000.0,1243.19,-1.23,1242.9035454060818,26.686193377701617
71000.0,1243.19,-1.23,1242.9035454060818,26.686193377701617
72000.0,1243.19,-1.23,1242.9035454060818,26.686193377701617
73000.0,1243.19,-1.23,1242.9035454060818,26.686193377701617
74000.0,1180.46,0.79,1180.3477921302915,-16.275786099174535
75000.0,1180.46,0.79,1180.3477921302915,-16.275786099174535
76000.0,1217.41,3.64,1214.9540569218957,-77.29002308854032
77000.0,1150.59,-1.67,1150.1012941580123,33.53149677639314
78000.0,1150.59,-1.67,1150.1012941580123,33.53149677639314
79000.0,1150.59,-1.67,1150.1012941580123,33.53149677639314
80000.0,1186.24,1.51,1185.828067496376,-31.25910967718789
81000.0,1186.24,1.51,1185.828067496376,-31.25910967718789
82000.0,1186.24,1.51,1185.828067496376,-31.25910967718789
83000.0,1186.24,1.51,1185.828067496376,-31.25910967718789
84000.0,1186.24,1.51,1185.828067496376,-31.25910967718789
85000.0,1156.47,-1.54,1156.0522904480242,31.079939669780273
86000.0,1156.47,-1.54,1156.0522904480242,31.079939669780273
87000.0,1156.47,-1.54,1156.0522904480242,31.079939669780273
88000.0,1156.47,-1.54,1156.0522904480242,31.079939669780273
89000.0,1156.47,-1.54,1156.0522904480242,31.079939669780273
90000.0,1187.25,2.2,1186.37489750851,-45.57592633915805
91000.0,1347.57,-0.56,1347.505635163517,13.170729006662018
92000.0,1187.25,2.2,1186.37489750851,-45.57592633915805
93000.0,1187.25,2.2,1186.37489750851,-45.57592633915805
94000.0,1137.3,-5.1,1132.7975036916682,101.09948382620392
95000.0,1160.87,-1.55,1160.4452384104004,31.4007253201042
96000.0,1160.87,-1.55,1160.4452384104004,31.4007253201042
97000.0,1160.87,-1.55,1160.4452384104004,31.4007253201042
98000.0,1084.47,-0.43,1084.4394594288453,8.138779618199308
99000.0,1084.47,-0.43,1084.4394594288453,8.138779618199308
100000.0,1182.07,2.46,1180.9806399800007,-50.73670163134389
1000.0,2160.0,0.0,2160.0,-0.0
2000.0,2128.29,-4.99,2120.2235562919473,185.12264973451497
3000.0,1964.01,-4.58,1957.7385476888128,156.82811926850783
4000.0,1963.75,-8.26,1943.3787007449369,282.12282429984396
5000.0,1813.79,-3.37,1810.6534924521063,106.62126603539429
6000.0,1813.79,-3.37,1810.6534924521063,106.62126603539429
7000.0,1680.24,-3.25,1677.5376205372797,95.25748937548943
8000.0,1692.37,-8.6,1673.3416365925211,253.06912918383068
9000.0,1574.64,-8.49,1557.3845373111708,232.47479980434645
10000.0,1574.64,-8.49,1557.3845373111708,232.47479980434645
11000.0,1574.74,-5.83,1566.5949085236125,159.9576824910072
12000.0,1478.11,-5.9,1470.2801810090664,151.93867655059736
13000.0,1478.11,-5.9,1470.2801810090664,151.93867655059736
14000.0,1501.81,-11.21,1473.15732762322,291.96020990883807
15000.0,1496.81,-7.57,1483.764782442879,197.185817142704
16000.0,1496.81,-7.57,1483.764782442879,197.185817142704
17000.0,1496.81,-7.57,1483.764782442879,197.185817142704
18000.0,1426.15,-4.24,1422.2467761717844,105.4415960091955
19000.0,1426.15,-4.24,1422.2467761717844,105.4415960091955
20000.0,1426.15,-4.24,1422.2467761717844,105.4415960091955
21000.0,1444.54,-5.84,1437.0427157459037,146.98314434532057
22000.0,1444.54,-5.84,1437.0427157459037,146.98314434532057
23000.0,1326.09,-7.45,1314.8956646470183,171.94208092400137
24000.0,1309.43,-4.32,1305.7097787682558,98.63517896244095
25000.0,1309.43,-4.32,1305.7097787682558,98.63517896244095
26000.0,1309.43,-4.32,1305.7097787682558,98.63517896244095
27000.0,1309.43,-4.32,1305.7097787682558,98.63517896244095
28000.0,1288.79,-1.19,1288.5120381406373,26.76549395510377
29000.0,1383.08,-5.3,1377.1669155651318,127.75591208559038
30000.0,1383.08,-5.3,1377.1669155651318,127.75591208559038
31000.0,1383.08,-5.3,1377.1669155651318,127.75591208559038
32000.0,1356.27,-2.22,1355.2520592267563,52.53730923483829
33000.0,1356.27,-2.22,1355.2520592267563,52.53730923483829
34000.0,1356.27,-2.22,1355.2520592267563,52.53730923483829
35000.0,1356.27,-2.22,1355.2520592267563,52.53730923483829
36000.0,1213.85,-1.4,1213.4876533708891,29.65699945059803
37000.0,1271.94,-6.32,1264.20989963309,140.0167606741893
38000.0,1339.44,-4.92,1334.5047253072537,114.8766805431437
39000.0,1339.44,-4.92,1334.5047253072537,114.8766805431437
40000.0,1297.87,-1.49,1297.4311622348341,33.7478319595081
41000.0,1297.87,-1.49,1297.4311622348341,33.7478319595081
42000.0,1297.87,-1.49,1297.4311622348341,33.7478319595081
43000.0,1297.87,-1.49,1297.4311622348341,33.7478319595081
44000.0,1369.42,0.31,1369.3999560304615,-7.409239081752316
45000.0,1223.77,0.39,1223.7416500642314,-8.329873832917905
46000.0,1297.28,-4.18,1293.8292110934617,94.55882254591731
47000.0,1297.28,-4.18,1293.8292110934617,94.55882254591731
48000.0,1297.28,-4.18,1293.8292110934617,94.55882254591731
49000.0,1297.28,-4.18,1293.8292110934617,94.55882254591731
50000.0,1316.31,0.59,1316.2402116218204,-13.554387103267459
51000.0,1316.31,0.59,1316.2402116218204,-13.554387103267459
52000.0,1316.31,0.59,1316.2402116218204,-13.554387103267459
53000.0,1316.31,0.59,1316.2402116218204,-13.554387103267459
54000.0,1219.18,-3.14,1217.349611975347,66.78169377510922
55000.0,1219.18,-3.14,1217.349611975347,66.78169377510922
56000.0,1228.54,1.89,1227.8716587474964,-40.51815944328427
57000.0,1228.54,1.89,1227.8716587474964,-40.51815944328427
58000.0,1323.33,-2.46,1322.1104590292744,56.79985057552118
59000.0,1323.33,-2.46,1322.1104590292744,56.79985057552118
60000.0,1323.33,-2.46,1322.1104590292744,56.79985057552118
61000.0,1382.93,0.1,1382.927893677693,-2.413666957051748
62000.0,1294.36,-4.22,1290.8507978424811,95.24719055924835
63000.0,1294.36,-4.22,1290.8507978424811,95.24719055924835
64000.0,1231.68,-1.65,1231.1693062968654,35.464935252942745
65000.0,1231.68,-1.65,1231.1693062968654,35.464935252942745
66000.0,1279.75,1.01,1279.5511702441574,-22.558041289243455
67000.0,1279.75,1.01,1279.5511702441574,-22.558041289243455
68000.0,1279.75,1.01,1279.5511702441574,-22.558041289243455
69000.0,1196.87,-4.15,1193.7318186504522,86.61490657781476
70000.0,1243.19,-1.23,1242.9035454060818,26.686193377701617
71000.0,1243.19,-1.23,1242.9035454060818,26.686193377701617
72000.0,1243.19,-1.23,1242.9035454060818,26.686193377701617
73000.0,1180.46,0.79,1180.3477921302915,-16.275786099174535
74000.0,1180.46,0.79,1180.3477921302915,-16.275786099174535
75000.0,1217.41,3.64,1214.9540569218957,-77.29002308854032
76000.0,1217.41,3.64,1214.9540569218957,-77.29002308854032
77000.0,1150.59,-1.67,1150.1012941580123,33.53149677639314
78000.0,1150.59,-1.67,1150.1012941580123,33.53149677639314
79000.0,1150.59,-1.67,1150.1012941580123,33.53149677639314
80000.0,1186.24,1.51,1185.828067496376,-31.25910967718789
81000.0,1186.24,1.51,1185.828067496376,-31.25910967718789
82000.0,1186.24,1.51,1185.828067496376,-31.25910967718789
83000.0,1186.24,1.51,1185.828067496376,-31.25910967718789
84000.0,1186.24,1.51,1185.828067496376,-31.25910967718789
85000.0,1156.47,-1.54,1156.0522904480242,31.079939669780273
86000.0,1156.47,-1.54,1156.0522904480242,31.079939669780273
87000.0,1156.47,-1.54,1156.0522904480242,31.079939669780273
88000.0,1156.47,-1.54,1156.0522904480242,31.079939669780273
89000.0,1156.47,-1.54,1156.0522904480242,31.079939669780273
90000.0,1187.25,2.2,1186.37489750851,-45.57592633915805
91000.0,1347.57,-0.56,1347.505635163517,13.170729006662018
92000.0,1187.25,2.2,1186.37489750851,-45.57592633915805
93000.0,1187.25,2.2,1186.37489750851,-45.57592633915805
94000.0,1137.3,-5.1,1132.7975036916682,101.09948382620392
95000.0,1160.87,-1.55,1160.4452384104004,31.4007253201042
96000.0,1160.87,-1.55,1160.4452384104004,31.4007253201042
97000.0,1160.87,-1.55,1160.4452384104004,31.4007253201042
98000.0,1160.87,-1.55,1160.4452384104004,31.4007253201042
99000.0,1160.87,-1.55,1160.4452384104004,31.4007253201042
100000.0,1101.7,3.32,1099.8509751972126,-63.802212796580974
1000.0,2160.0,0.0,2160.0,-0.0
2000.0,2128.29,-4.99,2120.2235562919473,185.12264973451497
3000.0,1964.01,-4.58,1957.7385476888128,156.82811926850783
4000.0,1963.75,-8.26,1943.3787007449369,282.12282429984396
5000.0,1813.79,-3.37,1810.6534924521063,106.62126603539429
6000.0,1813.79,-3.37,1810.6534924521063,106.62126603539429
7000.0,1680.24,-3.25,1677.5376205372797,95.25748937548943
8000.0,1692.37,-8.6,1673.3416365925211,253.06912918383068
9000.0,1574.64,-8.49,1557.3845373111708,232.47479980434645
10000.0,1574.64,-8.49,1557.3845373111708,232.47479980434645
11000.0,1574.74,-5.83,1566.5949085236125,159.9576824910072
12000.0,1478.11,-5.9,1470.2801810090664,151.93867655059736
13000.0,1478.11,-5.9,1470.2801810090664,151.93867655059736
14000.0,1501.81,-11.21,1473.15732762322,291.96020990883807
15000.0,1496.81,-7.57,1483.764782442879,197.185817142704
16000.0,1496.81,-7.57,1483.764782442879,197.185817142704
17000.0,1496.81,-7.57,1483.764782442879,197.185817142704
18000.0,1426.15,-4.24,1422.2467761717844,105.4415960091955
19000.0,1426.15,-4.24,1422.2467761717844,105.4415960091955
20000.0,1426.15,-4.24,1422.2467761717844,105.4415960091955
21000.0,1444.54,-5.84,1437.0427157459037,146.98314434532057
22000.0,1444.54,-5.84,1437.0427157459037,146.98314434532057
23000.0,1326.09,-7.45,1314.8956646470183,171.94208092400137
24000.0,1309.43,-4.32,1305.7097787682558,98.63517896244095
25000.0,1309.43,-4.32,1305.7097787682558,98.63517896244095
26000.0,1309.43,-4.32,1305.7097787682558,98.63517896244095
27000.0,1309.43,-4.32,1305.7097787682558,98.63517896244095
28000.0,1288.79,-1.19,1288.5120381406373,26.76549395510377
29000.0,1383.08,-5.3,1377.1669155651318,127.75591208559038
30000.0,1383.08,-5.3,1377.1669155651318,127.75591208559038
31000.0,1383.08,-5.3,1377.1669155651318,127.75591208559038
32000.0,1356.27,-2.22,1355.2520592267563,52.53730923483829
33000.0,1356.27,-2.22,1355.2520592267563,52.53730923483829
34000.0,1356.27,-2.22,1355.2520592267563,52.53730923483829
35000.0,1356.27,-2.22,1355.2520592267563,52.53730923483829
36000.0,1213.85,-1.4,1213.4876533708891,29.65699945059803
37000.0,1271.94,-6.32,1264.20989963309,140.0167606741893
38000.0,1339.44,-4.92,1334.5047253072537,114.8766805431437
39000.0,1339.44,-4.92,1334.5047253072537,114.8766805431437
40000.0,1297.87,-1.49,1297.4311622348341,33.7478319595081
41000.0,1297.87,-1.49,1297.4311622348341,33.7478319595081
42000.0,1297.87,-1.49,1297.4311622348341,33.7478319595081
43000.0,1297.87,-1.49,1297.4311622348341,33.7478319595081
44000.0,1369.42,0.31,1369.3999560304615,-7.409239081752316
45000.0,1223.77,0.39,1223.7416500642314,-8.329873832917905
46000.0,1297.28,-4.18,1293.8292110934617,94.55882254591731
47000.0,1297.28,-4.18,1293.8292110934617,94.55882254591731
48000.0,1297.28,-4.18,1293.8292110934617,94.55882254591731
49000.0,1297.28,-4.18,1293.8292110934617,94.55882254591731
50000.0,1316.31,0.59,1316.2402116218204,-13.554387103267459
51000.0,1316.31,0.59,1316.2402116218204,-13.554387103267459
52000.0,1316.31,0.59,1316.2402116218204,-13.554387103267459
53000.0,1316.31,0.59,1316.2402116218204,-13.554387103267459
54000.0,1219.18,-3.14,1217.349611975347,66.78169377510922
55000.0,1219.18,-3.14,1217.349611975347,66.78169377510922
56000.0,1228.54,1.89,1227.8716587474964,-40.51815944328427
57000.0,1228.54,1.89,1227.8716587474964,-40.51815944328427
58000.0,1323.33,-2.46,1322.1104590292744,56.79985057552118
59000.0,1323.33,-2.46,1322.1104590292744,56.79985057552118
60000.0,1323.33,-2.46,1322.1104590292744,56.79985057552118
61000.0,1382.93,0.1,1382.927893677693,-2.413666957051748
62000.0,1294.36,-4.22,1290.8507978424811,95.24719055924835
63000.0,1294.36,-4.22,1290.8507978424811,95.24719055924835
64000.0,1231.68,-1.65,1231.1693062968654,35.464935252942745
65000.0,1231.68,-1.65,1231.1693062968654,35.464935252942745
66000.0,1279.75,1.01,1279.5511702441574,-22.558041289243455
67000.0,1279.75,1.01,1279.5511702441574,-22.558041289243455
68000.0,1279.75,1.01,1279.5511702441574,-22.558041289243455
69000.0,1196.87,-4.15,1193.7318186504522,86.61490657781476
70000.0,1243.19,-1.23,1242.9035454060818,26.686193377701617
71000.0,1243.19,-1.23,1242.9035454060818,26.686193377701617
72000.0,1243.19,-1.23,1242.9035454060818,26.686193377701617
73000.0,1180.46,0.79,1180.3477921302915,-16.275786099174535
74000.0,1180.46,0.79,1180.3477921302915,-16.275786099174535
75000.0,1180.46,0.79,1180.3477921302915,-16.275786099174535
76000.0,1217.41,3.64,1214.9540569218957,-77.29002308854032
77000.0,1150.59,-1.67,1150.1012941580123,33.53149677639314
78000.0,1150.59,-1.67,1150.1012941580123,33.53149677639314
79000.0,1150.59,-1.67,1150.1012941580123,33.53149677639314
80000.0,1186.24,1.51,1185.828067496376,-31.25910967718789
81000.0,1186.24,1.51,1185.828067496376,-31.25910967718789
82000.0,1186.24,1.51,1185.828067496376,-31.25910967718789
83000.0,1186.24,1.51,1185.828067496376,-31.25910967718789
84000.0,1186.24,1.51,1185.828067496376,-31.25910967718789
85000.0,1156.47,-1.54,1156.0522904480242,31.079939669780273
86000.0,1156.47,-1.54,1156.0522904480242,31.079939669780273
87000.0,1156.47,-1.54,1156.0522904480242,31.079939669780273
88000.0,1156.47,-1.54,1156.0522904480242,31.079939669780273
89000.0,1156.47,-1.54,1156.0522904480242,31.079939669780273
90000.0,1187.25,2.2,1186.37489750851,-45.57592633915805
91000.0,1347.57,-0.56,1347.505635163517,13.170729006662018
92000.0,1187.25,2.2,1186.37489750851,-45.57592633915805
93000.0,1187.25,2.2,1186.37489750851,-45.57592633915805
94000.0,1137.3,-5.1,1132.7975036916682,101.09948382620392
95000.0,1084.47,-0.43,1084.4394594288453,8.138779618199308
96000.0,1160.87,-1.55,1160.4452384104004,31.4007253201042
97000.0,1160.87,-1.55,1160.4452384104004,31.4007253201042
98000.0,1084.47,-0.43,1084.4394594288453,8.138779618199308
99000.0,1160.87,-1.55,1160.4452384104004,31.4007253201042
100000.0,1182.07,2.46,1180.9806399800007,-50.73670163134389
1000.0,2160.0,0.0,2160.0,-0.0
2000.0,2128.29,-4.99,2120.2235562919473,185.12264973451497
3000.0,1964.01,-4.58,1957.7385476888128,156.82811926850783
4000.0,1963.75,-8.26,1943.3787007449369,282.12282429984396
5000.0,1813.79,-3.37,1810.6534924521063,106.62126603539429
6000.0,1813.79,-3.37,1810.6534924521063,106.62126603539429
7000.0,1680.24,-3.25,1677.5376205372797,95.25748937548943
8000.0,1692.37,-8.6,1673.3416365925211,253.06912918383068
9000.0,1574.64,-8.49,1557.3845373111708,232.47479980434645
10000.0,1574.64,-8.49,1557.3845373111708,232.47479980434645
11000.0,1574.74,-5.83,1566.5949085236125,159.9576824910072
12000.0,1478.11,-5.9,1470.2801810090664,151.93867655059736
13000.0,1478.11,-5.9,1470.2801810090664,151.93867655059736
14000.0,1496.81,-7.57,1483.764782442879,197.185817142704
15000.0,1496.81,-7.57,1483.764782442879,197.185817142704
16000.0,1496.81,-7.57,1483.764782442879,197.185817142704
17000.0,1496.81,-7.57,1483.764782442879,197.185817142704
18000.0,1426.15,-4.24,1422.2467761717844,105.4415960091955
19000.0,1426.15,-4.24,1422.2467761717844,105.4415960091955
20000.0,1426.15,-4.24,1422.2467761717844,105.4415960091955
21000.0,1444.54,-5.84,1437.0427157459037,146.98314434532057
22000.0,1444.54,-5.84,1437.0427157459037,146.98314434532057
23000.0,1326.09,-7.45,1314.8956646470183,171.94208092400137
24000.0,1326.09,-7.45,1314.8956646470183,171.94208092400137
25000.0,1309.43,-4.32,1305.7097787682558,98.63517896244095
26000.0,1309.43,-4.32,1305.7097787682558,98.63517896244095
27000.0,1309.43,-4.32,1305.7097787682558,98.63517896244095
28000.0,1288.79,-1.19,1288.5120381406373,26.76549395510377
29000.0,1383.08,-5.3,1377.1669155651318,127.75591208559038
30000.0,1383.08,-5.3,1377.1669155651318,127.75591208559038
31000.0,1383.08,-5.3,1377.1669155651318,127.75591208559038
32000.0,1356.27,-2.22,1355.2520592267563,52.53730923483829
33000.0,1356.27,-2.22,1355.2520592267563,52.53730923483829
34000.0,1356.27,-2.22,1355.2520592267563,52.53730923483829
35000.0,1356.27,-2.22,1355.2520592267563,52.53730923483829
36000.0,1213.85,-1.4,1213.4876533708891,29.65699945059803
37000.0,1271.94,-6.32,1264.20989963309,140.0167606741893
38000.0,1339.44,-4.92,1334.5047253072537,114.8766805431437
39000.0,1339.44,-4.92,1334.5047253072537,114.8766805431437
40000.0,1297.87,-1.49,1297.4311622348341,33.7478319595081
41000.0,1297.87,-1.49,1297.4311622348341,33.7478319595081
42000.0,1297.87,-1.49,1297.4311622348341,33.7478319595081
43000.0,1297.87,-1.49,1297.4311622348341,33.7478319595081
44000.0,1297.87,-1.49,1297.4311622348341,33.7478319595081
45000.0,1223.77,0.39,1223.7416500642314,-8.329873832917905
46000.0,1297.28,-4.18,1293.8292110934617,94.55882254591731
47000.0,1297.28,-4.18,1293.8292110934617,94.55882254591731
48000.0,1297.28,-4.18,1293.8292110934617,94.55882254591731
49000.0,1297.28,-4.18,1293.8292110934617,94.55882254591731
50000.0,1316.31,0.59,1316.2402116218204,-13.554387103267459
51000.0,1316.31,0.59,1316.2402116218204,-13.554387103267459
52000.0,1316.31,0.59,1316.2402116218204,-13.554387103267459
53000.0,1316.31,0.59,1316.2402116218204,-13.554387103267459
54000.0,1219.18,-3.14,1217.349611975347,66.78169377510922
55000.0,1219.18,-3.14,1217.349611975347,66.78169377510922
56000.0,1228.54,1.89,1227.8716587474964,-40.51815944328427
57000.0,1228.54,1.89,1227.8716587474964,-40.51815944328427
58000.0,1323.33,-2.46,1322.1104590292744,56.79985057552118
59000.0,1323.33,-2.46,1322.1104590292744,56.79985057552118
60000.0,1323.33,-2.46,1322.1104590292744,56.79985057552118
61000.0,1382.93,0.1,1382.927893677693,-2.413666957051748
62000.0,1294.36,-4.22,1290.8507978424811,95.24719055924835
63000.0,1294.36,-4.22,1290.8507978424811,95.24719055924835
64000.0,1231.68,-1.65,1231.1693062968654,35.464935252942745
65000.0,1231.68,-1.65,1231.1693062968654,35.464935252942745
66000.0,1279.75,1.01,1279.5511702441574,-22.558041289243455
67000.0,1279.75,1.01,1279.5511702441574,-22.558041289243455
68000.0,1279.75,1.01,1279.5511702441574,-22.558041289243455
69000.0,1196.87,-4.15,1193.7318186504522,86.61490657781476
70000.0,1243.19,-1.23,1242.9035454060818,26.686193377701617
71000.0,1243.19,-1.23,1242.9035454060818,26.686193377701617
72000.0,1243.19,-1.23,1242.9035454060818,26.686193377701617
73000.0,1180.46,0.79,1180.3477921302915,-16.275786099174535
74000.0,1180.46,0.79,1180.3477921302915,-16.275786099174535
75000.0,1180.46,0.79,1180.3477921302915,-16.275786099174535
76000.0,1217.41,3.64,1214.9540569218957,-77.29002308854032
77000.0,1150.59,-1.67,1150.1012941580123,33.53149677639314
78000.0,1150.59,-1.67,1150.1012941580123,33.53149677639314
79000.0,1150.59,-1.67,1150.1012941580123,33.53149677639314
80000.0,1186.24,1.51,1185.828067496376,-31.25910967718789
81000.0,1186.24,1.51,1185.828067496376,-31.25910967718789
82000.0,1186.24,1.51,1185.828067496376,-31.25910967718789
83000.0,1186.24,1.51,1185.828067496376,-31.25910967718789
84000.0,1186.24,1.51,1185.828067496376,-31.25910967718789
85000.0,1156.47,-1.54,1156.0522904480242,31.079939669780273
86000.0,1156.47,-1.54,1156.0522904480242,31.079939669780273
87000.0,1156.47,-1.54,1156.0522904480242,31.079939669780273
88000.0,1156.47,-1.54,1156.0522904480242,31.079939669780273
89000.0,1156.47,-1.54,1156.0522904480242,31.079939669780273
90000.0,1187.25,2.2,1186.37489750851,-45.57592633915805
91000.0,1347.57,-0.56,1347.505635163517,13.170729006662018
92000.0,1187.25,2.2,1186.37489750851,-45.57592633915805
93000.0,1187.25,2.2,1186.37489750851,-45.57592633915805
94000.0,1137.3,-5.1,1132.7975036916682,101.09948382620392
95000.0,1160.87,-1.55,1160.4452384104004,31.4007253201042
96000.0,1160.87,-1.55,1160.4452384104004,31.4007253201042
97000.0,1160.87,-1.55,1160.4452384104004,31.4007253201042
98000.0,1160.87,-1.55,1160.4452384104004,31.4007253201042
99000.0,1160.87,-1.55,1160.4452384104004,31.4007253201042
100000.0,1101.7,3.32,1099.8509751972126,-63.802212796580974
1000.0,2160.0,0.0,2160.0,-0.0
2000.0,2128.29,-4.99,2120.2235562919473,185.12264973451497
3000.0,1964.01,-4.58,1957.7385476888128,156.82811926850783
4000.0,1963.75,-8.26,1943.3787007449369,282.12282429984396
5000.0,1813.79,-3.37,1810.6534924521063,106.62126603539429
6000.0,1813.79,-3.37,1810.6534924521063,106.62126603539429
7000.0,1680.24,-3.25,1677.5376205372797,95.25748937548943
8000.0,1692.37,-8.6,1673.3416365925211,253.06912918383068
9000.0,1574.64,-8.49,1557.3845373111708,232.47479980434645
10000.0,1574.64,-8.49,1557.3845373111708,232.47479980434645
11000.0,1574.74,-5.83,1566.5949085236125,159.9576824910072
12000.0,1478.11,-5.9,1470.2801810090664,151.93867655059736
13000.0,1478.11,-5.9,1470.2801810090664,151.93867655059736
14000.0,1501.81,-11.21,1473.15732762322,291.96020990883807
15000.0,1496.81,-7.57,1483.764782442879,197.185817142704
16000.0,1496.81,-7.57,1483.764782442879,197.185817142704
17000.0,1496.81,-7.57,1483.764782442879,197.185817142704
18000.0,1426.15,-4.24,1422.2467761717844,105.4415960091955
19000.0,1426.15,-4.24,1422.2467761717844,105.4415960091955
20000.0,1426.15,-4.24,1422.2467761717844,105.4415960091955
21000.0,1444.54,-5.84,1437.0427157459037,146.98314434532057
22000.0,1444.54,-5.84,1437.0427157459037,146.98314434532057
23000.0,1326.09,-7.45,1314.8956646470183,171.94208092400137
24000.0,1309.43,-4.32,1305.7097787682558,98.63517896244095
25000.0,1309.43,-4.32,1305.7097787682558,98.63517896244095
26000.0,1309.43,-4.32,1305.7097787682558,98.63517896244095
27000.0,1309.43,-4.32,1305.7097787682558,98.63517896244095
28000.0,1288.79,-1.19,1288.5120381406373,26.76549395510377
29000.0,1383.08,-5.3,1377.1669155651318,127.75591208559038
30000.0,1383.08,-5.3,1377.1669155651318,127.75591208559038
31000.0,1383.08,-5.3,1377.1669155651318,127.75591208559038
32000.0,1356.27,-2.22,1355.2520592267563,52.53730923483829
33000.0,1356.27,-2.22,1355.2520592267563,52.53730923483829
34000.0,1356.27,-2.22,1355.2520592267563,52.53730923483829
35000.0,1356.27,-2.22,1355.2520592267563,52.53730923483829
36000.0,1213.85,-1.4,1213.4876533708891,29.65699945059803
37000.0,1271.94,-6.32,1264.20989963309,140.0167606741893
38000.0,1339.44,-4.92,1334.5047253072537,114.8766805431437
39000.0,1339.44,-4.92,1334.5047253072537,114.8766805431437
40000.0,1297.87,-1.49,1297.4311622348341,33.7478319595081
41000.0,1297.87,-1.49,1297.4311622348341,33.7478319595081
42000.0,1297.87,-1.49,1297.4311622348341,33.7478319595081
43000.0,1297.87,-1.49,1297.4311622348341,33.7478319595081
44000.0,1297.87,-1.49,1297.4311622348341,33.7478319595081
45000.0,1223.77,0.39,1223.7416500642314,-8.329873832917905
46000.0,1297.28,-4.18,1293.8292110934617,94.55882254591731
47000.0,1297.28,-4.18,1293.8292110934617,94.55882254591731
48000.0,1297.28,-4.18,1293.8292110934617,94.55882254591731
49000.0,1297.28,-4.18,1293.8292110934617,94.55882254591731
50000.0,1255.17,-1.54,1254.7166406406102,33.73248581918952
51000.0,1316.31,0.59,1316.2402116218204,-13.554387103267459
52000.0,1316.31,0.59,1316.2402116218204,-13.554387103267459
53000.0,1316.31,0.59,1316.2402116218204,-13.554387103267459
54000.0,1219.18,-3.14,1217.349611975347,66.78169377510922
55000.0,1219.18,-3.14,1217.349611975347,66.78169377510922
56000.0,1228.54,1.89,1227.8716587474964,-40.51815944328427
57000.0,1228.54,1.89,1227.8716587474964,-40.51815944328427
58000.0,1323.33,-2.46,1322.1104590292744,56.79985057552118
59000.0,1323.33,-2.46,1322.1104590292744,56.79985057552118
60000.0,1323.33,-2.46,1322.1104590292744,56.79985057552118
61000.0,1382.93,0.1,1382.927893677693,-2.413666957051748
62000.0,1294.36,-4.22,1290.8507978424811,95.24719055924835
63000.0,1294.36,-4.22,1290.8507978424811,95.24719055924835
64000.0,1231.68,-1.65,1231.1693062968654,35.464935252942745
65000.0,1231.68,-1.65,1231.1693062968654,35.464935252942745
66000.0,1279.75,1.01,1279.5511702441574,-22.558041289243455
67000.0,1279.75,1.01,1279.5511702441574,-22.558041289243455
68000.0,1279.75,1.01,1279.5511702441574,-22.558041289243455
69000.0,1196.87,-4.15,1193.7318186504522,86.61490657781476
70000.0,1243.19,-1.23,1242.9035454060818,26.686193377701617
71000.0,1243.19,-1.23,1242.9035454060818,26.686193377701617
72000.0,1243.19,-1.23,1242.9035454060818,26.686193377701617
73000.0,1243.19,-1.23,1242.9035454060818,26.686193377701617
74000.0,1180.46,0.79,1180.3477921302915,-16.275786099174535
75000.0,1180.46,0.79,1180.3477921302915,-16.275786099174535
76000.0,1217.41,3.64,1214.9540569218957,-77.29002308854032
77000.0,1150.59,-1.67,1150.1012941580123,33.53149677639314
78000.0,1150.59,-1.67,1150.1012941580123,33.53149677639314
79000.0,1150.59,-1.67,1150.1012941580123,33.53149677639314
80000.0,1186.24,1.51,1185.828067496376,-31.25910967718789
81000.0,1186.24,1.51,1185.828067496376,-31.25910967718789
82000.0,1186.24,1.51,1185.828067496376,-31.25910967718789
83000.0,1186.24,1.51,1185.828067496376,-31.25910967718789
84000.0,1186.24,1.51,1185.828067496376,-31.25910967718789
85000.0,1156.47,-1.54,1156.0522904480242,31.079939669780273
86000.0,1156.47,-1.54,1156.0522904480242,31.079939669780273
87000.0,1156.47,-1.54,1156.0522904480242,31.079939669780273
88000.0,1156.47,-1.54,1156.0522904480242,31.079939669780273
89000.0,1156.47,-1.54,1156.0522904480242,31.079939669780273
90000.0,1187.25,2.2,1186.37489750851,-45.57592633915805
91000.0,1347.57,-0.56,1347.505635163517,13.170729006662018
92000.0,1187.25,2.2,1186.37489750851,-45.57592633915805
93000.0,1187.25,2.2,1186.37489750851,-45.57592633915805
94000.0,1137.3,-5.1,1132.7975036916682,101.09948382620392
95000.0,1160.87,-1.55,1160.4452384104004,31.4007253201042
96000.0,1160.87,-1.55,1160.4452384104004,31.4007253201042
97000.0,1084.47,-0.43,1084.4394594288453,8.138779618199308
98000.0,1084.47,-0.43,1084.4394594288453,8.138779618199308
99000.0,1101.7,3.32,1099.8509751972126,-63.802212796580974
100000.0,1182.07,2.46,1180.9806399800007,-50.73670163134389
1000.0,2160.0,0.0,2160.0,-0.0
2000.0,2128.29,-4.99,2120.2235562919473,185.12264973451497
3000.0,1964.01,-4.58,1957.7385476888128,156.82811926850783
4000.0,1963.75,-8.26,1943.3787007449369,282.12282429984396
5000.0,1813.79,-3.37,1810.6534924521063,106.62126603539429
6000.0,1813.79,-3.37,1810.6534924521063,106.62126603539429
7000.0,1680.24,-3.25,1677.5376205372797,95.25748937548943
8000.0,1692.37,-8.6,1673.3416365925211,253.06912918383068
9000.0,1574.64,-8.49,1557.3845373111708,232.47479980434645
10000.0,1574.64,-8.49,1557.3845373111708,232.47479980434645
11000.0,1574.74,-5.83,1566.5949085236125,159.9576824910072
12000.0,1478.11,-5.9,1470.2801810090664,151.93867655059736
13000.0,1478.11,-5.9,1470.2801810090664,151.93867655059736
14000.0,1496.81,-7.57,1483.764782442879,197.185817142704
15000.0,1496.81,-7.57,1483.764782442879,197.185817142704
16000.0,1496.81,-7.57,1483.764782442879,197.185817142704
17000.0,1496.81,-7.57,1483.764782442879,197.185817142704
18000.0,1426.15,-4.24,1422.2467761717844,105.4415960091955
19000.0,1426.15,-4.24,1422.2467761717844,105.4415960091955
20000.0,1426.15,-4.24,1422.2467761717844,105.4415960091955
21000.0,1444.54,-5.84,1437.0427157459037,146.98314434532057
22000.0,1444.54,-5.84,1437.0427157459037,146.98314434532057
23000.0,1326.09,-7.45,1314.8956646470183,171.94208092400137
24000.0,1309.43,-4.32,1305.7097787682558,98.63517896244095
25000.0,1309.43,-4.32,1305.7097787682558,98.63517896244095
26000.0,1309.43,-4.32,1305.7097787682558,98.63517896244095
27000.0,1309.43,-4.32,1305.7097787682558,98.63517896244095
28000.0,1288.79,-1.19,1288.5120381406373,26.76549395510377
29000.0,1383.08,-5.3,1377.1669155651318,127.75591208559038
30000.0,1383.08,-5.3,1377.1669155651318,127.75591208559038
31000.0,1383.08,-5.3,1377.1669155651318,127.75591208559038
32000.0,1356.27,-2.22,1355.2520592267563,52.53730923483829
33000.0,1356.27,-2.22,1355.2520592267563,52.53730923483829
34000.0,1356.27,-2.22,1355.2520592267563,52.53730923483829
35000.0,1356.27,-2.22,1355.2520592267563,52.53730923483829
36000.0,1213.85,-1.4,1213.4876533708891,29.65699945059803
37000.0,1271.94,-6.32,1264.20989963309,140.0167606741893
38000.0,1339.44,-4.92,1334.5047253072537,114.8766805431437
39000.0,1339.44,-4.92,1334.5047253072537,114.8766805431437
40000.0,1297.87,-1.49,1297.4311622348341,33.7478319595081
41000.0,1297.87,-1.49,1297.4311622348341,33.7478319595081
42000.0,1297.87,-1.49,1297.4311622348341,33.7478319595081
43000.0,1297.87,-1.49,1297.4311622348341,33.7478319595081
44000.0,1297.87,-1.49,1297.4311622348341,33.7478319595081
45000.0,1223.77,0.39,1223.7416500642314,-8.329873832917905
46000.0,1297.28,-4.18,1293.8292110934617,94.55882254591731
47000.0,1297.28,-4.18,1293.8292110934617,94.55882254591731
48000.0,1297.28,-4.18,1293.8292110934617,94.55882254591731
49000.0,1297.28,-4.18,1293.8292110934617,94.55882254591731
50000.0,1316.31,0.59,1316.2402116218204,-13.554387103267459
51000.0,1316.31,0.59,1316.2402116218204,-13.554387103267459
52000.0,1316.31,0.59,1316.2402116218204,-13.554387103267459
53000.0,1316.31,0.59,1316.2402116218204,-13.554387103267459
54000.0,1219.18,-3.14,1217.349611975347,66.78169377510922
55000.0,1219.18,-3.14,1217.349611975347,66.78169377510922
56000.0,1228.54,1.89,1227.8716587474964,-40.51815944328427
57000.0,1228.54,1.89,1227.8716587474964,-40.51815944328427
58000.0,1323.33,-2.46,1322.1104590292744,56.79985057552118
59000.0,1323.33,-2.46,1322.1104590292744,56.79985057552118
60000.0,1323.33,-2.46,1322.1104590292744,56.79985057552118
61000.0,1382.93,0.1,1382.927893677693,-2.413666957051748
62000.0,1294.36,-4.22,1290.8507978424811,95.24719055924835
63000.0,1294.36,-4.22,1290.8507978424811,95.24719055924835
64000.0,1231.68,-1.65,1231.1693062968654,35.464935252942745
65000.0,1231.68,-1.65,1231.1693062968654,35.464935252942745
66000.0,1279.75,1.01,1279.5511702441574,-22.558041289243455
67000.0,1279.75,1.01,1279.5511702441574,-22.558041289243455
68000.0,1279.75,1.01,1279.5511702441574,-22.558041289243455
69000.0,1196.87,-4.15,1193.7318186504522,86.61490657781476
70000.0,1196.87,-4.15,1193.7318186504522,86.61490657781476
71000.0,1243.19,-1.23,1242.9035454060818,26.686193377701617
72000.0,1243.19,-1.23,1242.9035454060818,26.686193377701617
73000.0,1243.19,-1.23,1242.9035454060818,26.686193377701617
74000.0,1180.46,0.79,1180.3477921302915,-16.275786099174535
75000.0,1180.46,0.79,1180.3477921302915,-16.275786099174535
76000.0,1217.41,3.64,1214.9540569218957,-77.29002308854032
77000.0,1150.59,-1.67,1150.1012941580123,33.53149677639314
78000.0,1150.59,-1.67,1150.1012941580123,33.53149677639314
79000.0,1150.59,-1.67,1150.1012941580123,33.53149677639314
80000.0,1186.24,1.51,1185.828067496376,-31.25910967718789
81000.0,1186.24,1.51,1185.828067496376,-31.25910967718789
82000.0,1186.24,1.51,1185.828067496376,-31.25910967718789
83000.0,1186.24,1.51,1185.828067496376,-31.25910967718789
84000.0,1186.24,1.51,1185.828067496376,-31.25910967718789
85000.0,1156.47,-1.54,1156.0522904480242,31.079939669780273
86000.0,1156.47,-1.54,1156.0522904480242,31.079939669780273
87000.0,1156.47,-1.54,1156.0522904480242,31.079939669780273
88000.0,1156.47,-1.54,1156.0522904480242,31.079939669780273
89000.0,1156.47,-1.54,1156.0522904480242,31.079939669780273
90000.0,1187.25,2.2,1186.37489750851,-45.57592633915805
91000.0,1347.57,-0.56,1347.505635163517,13.170729006662018
92000.0,1187.25,2.2,1186.37489750851,-45.57592633915805
93000.0,1187.25,2.2,1186.37489750851,-45.57592633915805
94000.0,1137.3,-5.1,1132.7975036916682,101.09948382620392
95000.0,1160.87,-1.55,1160.4452384104004,31.4007253201042
96000.0,1160.87,-1.55,1160.4452384104004,31.4007253201042
97000.0,1084.47,-0.43,1084.4394594288453,8.138779618199308
98000.0,1084.47,-0.43,1084.4394594288453,8.138779618199308
99000.0,1084.47,-0.43,1084.4394594288453,8.138779618199308
100000.0,1182.07,2.46,1180.9806399800007,-50.73670163134389
1000.0,2160.0,0.0,2160.0,-0.0
2000.0,2128.29,-4.99,2120.2235562919473,185.12264973451497
3000.0,1964.01,-4.58,1957.7385476888128,156.82811926850783
4000.0,1963.75,-8.26,1943.3787007449369,282.12282429984396
5000.0,1813.79,-3.37,1810.6534924521063,106.62126603539429
6000.0,1813.79,-3.37,1810.6534924521063,106.62126603539429
7000.0,1680.24,-3.25,1677.5376205372797,95.25748937548943
8000.0,1692.37,-8.6,1673.3416365925211,253.06912918383068
9000.0,1574.64,-8.49,1557.3845373111708,232.47479980434645
10000.0,1574.64,-8.49,1557.3845373111708,232.47479980434645
11000.0,1574.74,-5.83,1566.5949085236125,159.9576824910072
12000.0,1478.11,-5.9,1470.2801810090664,151.93867655059736
13000.0,1478.11,-5.9,1470.2801810090664,151.93867655059736
14000.0,1496.81,-7.57,1483.764782442879,197.185817142704
15000.0,1496.81,-7.57,1483.764782442879,197.185817142704
16000.0,1496.81,-7.57,1483.764782442879,197.185817142704
17000.0,1496.81,-7.57,1483.764782442879,197.185817142704
18000.0,1426.15,-4.24,1422.2467761717844,105.4415960091955
19000.0,1426.15,-4.24,1422.2467761717844,105.4415960091955
20000.0,1426.15,-4.24,1422.2467761717844,105.4415960091955
21000.0,1444.54,-5.84,1437.0427157459037,146.98314434532057
22000.0,1444.54,-5.84,1437.0427157459037,146.98314434532057
23000.0,1326.09,-7.45,1314.8956646470183,171.94208092400137
24000.0,1326.09,-7.45,1314.8956646470183,171.94208092400137
25000.0,1309.43,-4.32,1305.7097787682558,98.63517896244095
26000.0,1309.43,-4.32,1305.7097787682558,98.63517896244095
27000.0,1309.43,-4.32,1305.7097787682558,98.63517896244095
28000.0,1288.79,-1.19,1288.5120381406373,26.76549395510377
29000.0,1383.08,-5.3,1377.1669155651318,127.75591208559038
30000.0,1383.08,-5.3,1377.1669155651318,127.75591208559038
31000.0,1383.08,-5.3,1377.1669155651318,127.75591208559038
32000.0,1356.27,-2.22,1355.2520592267563,52.53730923483829
33000.0,1356.27,-2.22,1355.2520592267563,52.53730923483829
34000.0,1356.27,-2.22,1355.2520592267563,52.53730923483829
35000.0,1356.27,-2.22,1355.2520592267563,52.53730923483829
36000.0,1213.85,-1.4,1213.4876533708891,29.65699945059803
37000.0,1271.94,-6.32,1264.20989963309,140.0167606741893
38000.0,1339.44,-4.92,1334.5047253072537,114.8766805431437
39000.0,1339.44,-4.92,1334.5047253072537,114.8766805431437
40000.0,1297.87,-1.49,1297.4311622348341,33.7478319595081
41000.0,1297.87,-1.49,1297.4311622348341,33.7478319595081
42000.0,1297.87,-1.49,1297.4311622348341,33.7478319595081
43000.0,1297.87,-1.49,1297.4311622348341,33.7478319595081
44000.0,1297.87,-1.49,1297.4311622348341,33.7478319595081
45000.0,1223.77,0.39,1223.7416500642314,-8.329873832917905
46000.0,1297.28,-4.18,1293.8292110934617,94.55882254591731
47000.0,1297.28,-4.18,1293.8292110934617,94.55882254591731
48000.0,1297.28,-4.18,1293.8292110934617,94.55882254591731
49000.0,1297.28,-4.18,1293.8292110934617,94.55882254591731
50000.0,1316.31,0.59,1316.2402116218204,-13.554387103267459
51000.0,1316.31,0.59,1316.2402116218204,-13.554387103267459
52000.0,1316.31,0.59,1316.2402116218204,-13.554387103267459
53000.0,1316.31,0.59,1316.2402116218204,-13.554387103267459
54000.0,1219.18,-3.14,1217.349611975347,66.78169377510922
55000.0,1219.18,-3.14,1217.349611975347,66.78169377510922
56000.0,1228.54,1.89,1227.8716587474964,-40.51815944328427
57000.0,1228.54,1.89,1227.8716587474964,-40.51815944328427
58000.0,1323.33,-2.46,1322.1104590292744,56.79985057552118
59000.0,1323.33,-2.46,1322.1104590292744,56.79985057552118
60000.0,1323.33,-2.46,1322.1104590292744,56.79985057552118
61000.0,1382.93,0.1,1382.927893677693,-2.413666957051748
62000.0,1294.36,-4.22,1290.8507978424811,95.24719055924835
63000.0,1294.36,-4.22,1290.8507978424811,95.24719055924835
64000.0,1231.68,-1.65,1231.1693062968654,35.464935252942745
65000.0,1231.68,-1.65,1231.1693062968654,35.464935252942745
66000.0,1279.75,1.01,1279.5511702441574,-22.558041289243455
67000.0,1279.75,1.01,1279.5511702441574,-22.558041289243455
68000.0,1279.75,1.01,1279.5511702441574,-22.558041289243455
69000.0,1196.87,-4.15,1193.7318186504522,86.61490657781476
70000.0,1243.19,-1.23,1242.9035454060818,26.686193377701617
71000.0,1243.19,-1.23,1242.9035454060818,26.686193377701617
72000.0,1243.19,-1.23,1242.9035454060818,26.686193377701617
73000.0,1243.19,-1.23,1242.9035454060818,26.686193377701617
74000.0,1180.46,0.79,1180.3477921302915,-16.275786099174535
75000.0,1217.41,3.64,1214.9540569218957,-77.29002308854032
76000.0,1217.41,3.64,1214.9540569218957,-77.29002308854032
77000.0,1150.59,-1.67,1150.1012941580123,33.53149677639314
78000.0,1150.59,-1.67,1150.1012941580123,33.53149677639314
79000.0,1150.59,-1.67,1150.1012941580123,33.53149677639314
80000.0,1186.24,1.51,1185.828067496376,-31.25910967718789
81000.0,1186.24,1.51,1185.828067496376,-31.25910967718789
82000.0,1186.24,1.51,1185.828067496376,-31.25910967718789
83000.0,1186.24,1.51,1185.828067496376,-31.25910967718789
84000.0,1186.24,1.51,1185.828067496376,-31.25910967718789
85000.0,1156.47,-1.54,1156.0522904480242,31.079939669780273
86000.0,1156.47,-1.54,1156.0522904480242,31.079939669780273
87000.0,1156.47,-1.54,1156.0522904480242,31.079939669780273
88000.0,1156.47,-1.54,1156.0522904480242,31.079939669780273
89000.0,1156.47,-1.54,1156.0522904480242,31.079939669780273
90000.0,1187.25,2.2,1186.37489750851,-45.57592633915805
91000.0,1262.12,0.76,1262.0089685004916,-16.740902733265823
92000.0,1187.25,2.2,1186.37489750851,-45.57592633915805
93000.0,1187.25,2.2,1186.37489750851,-45.57592633915805
94000.0,1137.3,-5.1,1132.7975036916682,101.09948382620392
95000.0,1160.87,-1.55,1160.4452384104004,31.4007253201042
96000.0,1160.87,-1.55,1160.4452384104004,31.4007253201042
97000.0,1084.47,-0.43,1084.4394594288453,8.138779618199308
98000.0,1084.47,-0.43,1084.4394594288453,8.138779618199308
99000.0,1084.47,-0.43,1084.4394594288453,8.138779618199308
100000.0,1182.07,2.46,1180.9806399800007,-50.73670163134389
1000.0,2160.0,0.0,2160.0,-0.0
2000.0,2128.29,-4.99,2120.2235562919473,185.12264973451497
3000.0,1964.01,-4.58,1957.7385476888128,156.82811926850783
4000.0,1963.75,-8.26,1943.3787007449369,282.12282429984396
5000.0,1813.79,-3.37,1810.6534924521063,106.62126603539429
6000.0,1813.79,-3.37,1810.6534924521063,106.62126603539429
7000.0,1680.24,-3.25,1677.5376205372797,95.25748937548943
8000.0,1692.37,-8.6,1673.3416365925211,253.06912918383068
9000.0,1574.64,-8.49,1557.3845373111708,232.47479980434645
10000.0,1574.64,-8.49,1557.3845373111708,232.47479980434645
11000.0,1574.74,-5.83,1566.5949085236125,159.9576824910072
12000.0,1478.11,-5.9,1470.2801810090664,151.93867655059736
13000.0,1478.11,-5.9,1470.2801810090664,151.93867655059736
14000.0,1496.81,-7.57,1483.764782442879,197.185817142704
15000.0,1496.81,-7.57,1483.764782442879,197.185817142704
16000.0,1496.81,-7.57,1483.764782442879,197.185817142704
17000.0,1496.81,-7.57,1483.764782442879,197.185817142704
18000.0,1426.15,-4.24,1422.2467761717844,105.4415960091955
19000.0,1426.15,-4.24,1422.2467761717844,105.4415960091955
20000.0,1426.15,-4.24,1422.2467761717844,105.4415960091955
21000.0,1444.54,-5.84,1437.0427157459037,146.98314434532057
22000.0,1444.54,-5.84,1437.0427157459037,146.98314434532057
23000.0,1326.09,-7.45,1314.8956646470183,171.94208092400137
24000.0,1309.43,-4.32,1305.7097787682558,98.63517896244095
25000.0,1309.43,-4.32,1305.7097787682558,98.63517896244095
26000.0,1309.43,-4.32,1305.7097787682558,98.63517896244095
27000.0,1309.43,-4.32,1305.7097787682558,98.63517896244095
28000.0,1288.79,-1.19,1288.5120381406373,26.76549395510377
29000.0,1383.08,-5.3,1377.1669155651318,127.75591208559038
30000.0,1383.08,-5.3,1377.1669155651318,127.75591208559038
31000.0,1383.08,-5.3,1377.1669155651318,127.75591208559038
32000.0,1356.27,-2.22,1355.2520592267563,52.53730923483829
33000.0,1356.27,-2.22,1355.2520592267563,52.53730923483829
34000.0,1356.27,-2.22,1355.2520592267563,52.53730923483829
35000.0,1356.27,-2.22,1355.2520592267563,52.53730923483829
36000.0,1213.85,-1.4,1213.4876533708891,29.65699945059803
37000.0,1271.94,-6.32,1264.20989963309,140.0167606741893
38000.0,1339.44,-4.92,1334.5047253072537,114.8766805431437
39000.0,1339.44,-4.92,1334.5047253072537,114.8766805431437
40000.0,1297.87,-1.49,1297.4311622348341,33.7478319595081
41000.0,1297.87,-1.49,1297.4311622348341,33.7478319595081
42000.0,1297.87,-1.49,1297.4311622348341,33.7478319595081
43000.0,1297.87,-1.49,1297.4311622348341,33.7478319595081
44000.0,1297.87,-1.49,1297.4311622348341,33.7478319595081
45000.0,1223.77,0.39,1223.7416500642314,-8.329873832917905
46000.0,1297.28,-4.18,1293.8292110934617,94.55882254591731
47000.0,1297.28,-4.18,1293.8292110934617,94.55882254591731
48000.0,1297.28,-4.18,1293.8292110934617,94.55882254591731
49000.0,1297.28,-4.18,1293.8292110934617,94.55882254591731
50000.0,1316.31,0.59,1316.2402116218204,-13.554387103267459
51000.0,1316.31,0.59,1316.2402116218204,-13.554387103267459
52000.0,1316.31,0.59,1316.2402116218204,-13.554387103267459
53000.0,1316.31,0.59,1316.2402116218204,-13.554387103267459
54000.0,1219.18,-3.14,1217.349611975347,66.78169377510922
55000.0,1219.18,-3.14,1217.349611975347,66.78169377510922
56000.0,1228.54,1.89,1227.8716587474964,-40.51815944328427
57000.0,1228.54,1.89,1227.8716587474964,-40.51815944328427
58000.0,1323.33,-2.46,1322.1104590292744,56.79985057552118
59000.0,1323.33,-2.46,1322.1104590292744,56.79985057552118
60000.0,1323.33,-2.46,1322.1104590292744,56.79985057552118
61000.0,1382.93,0.1,1382.927893677693,-2.413666957051748
62000.0,1294.36,-4.22,1290.8507978424811,95.24719055924835
63000.0,1294.36,-4.22,1290.8507978424811,95.24719055924835
64000.0,1231.68,-1.65,1231.1693062968654,35.464935252942745
65000.0,1231.68,-1.65,1231.1693062968654,35.464935252942745
66000.0,1279.75,1.01,1279.5511702441574,-22.558041289243455
67000.0,1279.75,1.01,1279.5511702441574,-22.558041289243455
68000.0,1279.75,1.01,1279.5511702441574,-22.558041289243455
69000.0,1196.87,-4.15,1193.7318186504522,86.61490657781476
70000.0,1196.87,-4.15,1193.7318186504522,86.61490657781476
71000.0,1243.19,-1.23,1242.9035454060818,26.686193377701617
72000.0,1243.19,-1.23,1242.9035454060818,26.686193377701617
73000.0,1243.19,-1.23,1242.9035454060818,26.686193377701617
74000.0,1180.46,0.79,1180.3477921302915,-16.275786099174535
75000.0,1217.41,3.64,1214.9540569218957,-77.29002308854032
76000.0,1217.41,3.64,1214.9540569218957,-77.29002308854032
77000.0,1150.59,-1.67,1150.1012941580123,33.53149677639314
78000.0,1150.59,-1.67,1150.1012941580123,33.53149677639314
79000.0,1150.59,-1.67,1150.1012941580123,33.53149677639314
80000.0,1186.24,1.51,1185.828067496376,-31.25910967718789
81000.0,1186.24,1.51,1185.828067496376,-31.25910967718789
82000.0,1186.24,1.51,1185.828067496376,-31.25910967718789
83000.0,1186.24,1.51,1185.828067496376,-31.25910967718789
84000.0,1186.24,1.51,1185.828067496376,-31.25910967718789
85000.0,1156.47,-1.54,1156.0522904480242,31.079939669780273
86000.0,1156.47,-1.54,1156.0522904480242,31.079939669780273
87000.0,1156.47,-1.54,1156.0522904480242,31.079939669780273
88000.0,1156.47,-1.54,1156.0522904480242,31.079939669780273
89000.0,1156.47,-1.54,1156.0522904480242,31.079939669780273
90000.0,1187.25,2.2,1186.37489750851,-45.57592633915805
91000.0,1347.57,-0.56,1347.505635163517,13.170729006662018
92000.0,1187.25,2.2,1186.37489750851,-45.57592633915805
93000.0,1187.25,2.2,1186.37489750851,-45.57592633915805
94000.0,1137.3,-5.1,1132.7975036916682,101.09948382620392
95000.0,1160.87,-1.55,1160.4452384104004,31.4007253201042
96000.0,1160.87,-1.55,1160.4452384104004,31.4007253201042
97000.0,1160.87,-1.55,1160.4452384104004,31.4007253201042
98000.0,1160.87,-1.55,1160.4452384104004,31.4007253201042
99000.0,1084.47,-0.43,1084.4394594288453,8.138779618199308
100000.0,1101.7,3.32,1099.8509751972126,-63.802212796580974
1000.0,2160.0,0.0,2160.0,-0.0
2000.0,2128.29,-4.99,2120.2235562919473,185.12264973451497
3000.0,1964.01,-4.58,1957.7385476888128,156.82811926850783
4000.0,1963.75,-8.26,1943.3787007449369,282.12282429984396
5000.0,1813.79,-3.37,1810.6534924521063,106.62126603539429
6000.0,1813.79,-3.37,1810.6534924521063,106.62126603539429
7000.0,1680.24,-3.25,1677.5376205372797,95.25748937548943
8000.0,1692.37,-8.6,1673.3416365925211,253.06912918383068
9000.0,1574.64,-8.49,1557.3845373111708,232.47479980434645
10000.0,1574.64,-8.49,1557.3845373111708,232.47479980434645
11000.0,1574.74,-5.83,1566.5949085236125,159.9576824910072
12000.0,1478.11,-5.9,1470.2801810090664,151.93867655059736
13000.0,1478.11,-5.9,1470.2801810090664,151.93867655059736
14000.0,1501.81,-11.21,1473.15732762322,291.96020990883807
15000.0,1496.81,-7.57,1483.764782442879,197.185817142704
16000.0,1496.81,-7.57,1483.764782442879,197.185817142704
17000.0,1496.81,-7.57,1483.764782442879,197.185817142704
18000.0,1426.15,-4.24,1422.2467761717844,105.4415960091955
19000.0,1426.15,-4.24,1422.2467761717844,105.4415960091955
20000.0,1426.15,-4.24,1422.2467761717844,105.4415960091955
21000.0,1444.54,-5.84,1437.0427157459037,146.98314434532057
22000.0,1444.54,-5.84,1437.0427157459037,146.98314434532057
23000.0,1326.09,-7.45,1314.8956646470183,171.94208092400137
24000.0,1326.09,-7.45,1314.8956646470183,171.94208092400137
1000.0,2160.0,0.0,2160.0,-0.0
2000.0,2160.0,0.0,2160.0,-0.0
3000.0,2160.0,0.0,2160.0,-0.0
4000.0,2160.0,0.0,2160.0,-0.0
5000.0,2160.0,0.0,2160.0,-0.0
6000.0,2160.0,0.0,2160.0,-0.0
7000.0,2160.0,0.0,2160.0,-0.0
8000.0,2160.0,0.0,2160.0,-0.0
9000.0,2160.0,0.0,2160.0,-0.0
10000.0,2160.0,0.0,2160.0,-0.0
11000.0,2160.0,0.0,2160.0,-0.0
12000.0,2160.0,0.0,2160.0,-0.0
13000.0,2160.0,0.0,2160.0,-0.0
14000.0,2125.92,5.31,2116.7967446603257,-196.7419329869677
15000.0,2160.0,0.0,2160.0,-0.0
16000.0,2160.0,0.0,2160.0,-0.0
17000.0,2160.0,0.0,2160.0,-0.0
18000.0,2160.0,0.0,2160.0,-0.0
19000.0,2160.0,0.0,2160.0,-0.0
20000.0,2160.0,0.0,2160.0,-0.0
21000.0,2160.0,0.0,2160.0,-0.0
22000.0,2160.0,0.0,2160.0,-0.0
23000.0,2160.0,0.0,2160.0,-0.0
24000.0,2160.0,0.0,2160.0,-0.0
25000.0,2160.0,0.0,2160.0,-0.0
26000.0,2160.0,0.0,2160.0,-0.0
27000.0,2160.0,0.0,2160.0,-0.0
28000.0,2160.0,0.0,2160.0,-0.0
29000.0,2160.0,0.0,2160.0,-0.0
30000.0,2160.0,0.0,2160.0,-0.0
31000.0,2160.0,0.0,2160.0,-0.0
32000.0,2160.0,0.0,2160.0,-0.0
33000.0,2160.0,0.0,2160.0,-0.0
34000.0,2160.0,0.0,2160.0,-0.0
35000.0,2160.0,0.0,2160.0,-0.0
36000.0,2263.37,-4.92,2255.0304307163283,194.1172672467114
37000.0,2160.0,0.0,2160.0,-0.0
38000.0,2160.0,0.0,2160.0,-0.0
39000.0,2160.0,0.0,2160.0,-0.0
40000.0,2160.0,0.0,2160.0,-0.0
41000.0,2160.0,0.0,2160.0,-0.0
42000.0,2160.0,0.0,2160.0,-0.0
43000.0,2160.0,0.0,2160.0,-0.0
44000.0,2160.0,0.0,2160.0,-0.0
45000.0,2160.0,0.0,2160.0,-0.0
46000.0,2160.0,0.0,2160.0,-0.0
47000.0,2160.0,0.0,2160.0,-0.0
48000.0,2160.0,0.0,2160.0,-0.0
49000.0,2160.0,0.0,2160.0,-0.0
50000.0,2160.0,0.0,2160.0,-0.0
51000.0,2160.0,0.0,2160.0,-0.0
52000.0,2160.0,0.0,2160.0,-0.0
53000.0,2000.62,-3.72,1996.4047565816643,129.80151115493746
54000.0,2160.0,0.0,2160.0,-0.0
55000.0,2160.0,0.0,2160.0,-0.0
56000.0,2160.0,0.0,2160.0,-0.0
57000.0,2160.0,0.0,2160.0,-0.0
58000.0,2160.0,0.0,2160.0,-0.0
59000.0,2160.0,0.0,2160.0,-0.0
60000.0,2160.0,0.0,2160.0,-0.0
61000.0,2307.81,4.31,2301.2835873560757,-173.43830795285936
62000.0,2160.0,0.0,2160.0,-0.0
63000.0,2160.0,0.0,2160.0,-0.0
64000.0,2160.0,0.0,2160.0,-0.0
65000.0,2160.0,0.0,2160.0,-0.0
66000.0,2160.0,0.0,2160.0,-0.0
67000.0,2160.0,0.0,2160.0,-0.0
68000.0,2160.0,0.0,2160.0,-0.0
69000.0,2160.0,0.0,2160.0,-0.0
70000.0,2160.0,0.0,2160.0,-0.0
71000.0,2160.0,0.0,2160.0,-0.0
72000.0,2160.0,0.0,2160.0,-0.0
73000.0,2160.0,0.0,2160.0,-0.0
74000.0,2160.0,0.0,2160.0,-0.0
75000.0,2160.0,0.0,2160.0,-0.0
76000.0,2160.0,0.0,2160.0,-0.0
77000.0,2160.0,0.0,2160.0,-0.0
78000.0,2160.0,0.0,2160.0,-0.0
79000.0,2160.0,0.0,2160.0,-0.0
80000.0,2160.0,0.0,2160.0,-0.0
81000.0,2160.0,0.0,2160.0,-0.0
82000.0,2160.0,0.0,2160.0,-0.0
83000.0,2160.0,0.0,2160.0,-0.0
84000.0,2160.0,0.0,2160.0,-0.0
85000.0,2160.0,0.0,2160.0,-0.0
86000.0,2160.0,0.0,2160.0,-0.0
87000.0,2160.0,0.0,2160.0,-0.0
88000.0,2160.0,0.0,2160.0,-0.0
89000.0,2160.0,0.0,2160.0,-0.0
90000.0,2160.0,0.0,2160.0,-0.0
91000.0,2160.0,0.0,2160.0,-0.0
92000.0,2160.0,0.0,2160.0,-0.0
93000.0,2160.0,0.0,2160.0,-0.0
94000.0,2160.0,0.0,2160.0,-0.0
95000.0,2160.0,0.0,2160.0,-0.0
96000.0,2160.0,0.0,2160.0,-0.0
97000.0,2160.0,0.0,2160.0,-0.0
98000.0,2160.0,0.0,2160.0,-0.0
99000.0,2160.0,0.0,2160.0,-0.0
100000.0,2160.0,0.0,2160.0,-0.0
1000.0,2160.0,0.0,2160.0,-0.0
2000.0,2160.0,0.0,2160.0,-0.0
3000.0,2160.0,0.0,2160.0,-0.0
4000.0,2160.0,0.0,2160.0,-0.0
5000.0,2160.0,0.0,2160.0,-0.0
6000.0,2160.0,0.0,2160.0,-0.0
7000.0,2160.0,0.0,2160.0,-0.0
8000.0,2160.0,0.0,2160.0,-0.0
9000.0,2160.0,0.0,2160.0,-0.0
10000.0,2160.0,0.0,2160.0,-0.0
11000.0,2160.0,0.0,2160.0,-0.0
12000.0,2160.0,0.0,2160.0,-0.0
13000.0,2160.0,0.0,2160.0,-0.0
14000.0,2125.92,5.31,2116.7967446603257,-196.7419329869677
15000.0,2160.0,0.0,2160.0,-0.0
16000.0,2160.0,0.0,2160.0,-0.0
17000.0,2160.0,0.0,2160.0,-0.0
18000.0,2160.0,0.0,2160.0,-0.0
19000.0,2160.0,0.0,2160.0,-0.0
20000.0,2160.0,0.0,2160.0,-0.0
21000.0,2160.0,0.0,2160.0,-0.0
22000.0,2160.0,0.0,2160.0,-0.0
23000.0,2160.0,0.0,2160.0,-0.0
24000.0,2160.0,0.0,2160.0,-0.0
25000.0,2160.0,0.0,2160.0,-0.0
26000.0,2160.0,0.0,2160.0,-0.0
27000.0,2160.0,0.0,2160.0,-0.0
28000.0,2160.0,0.0,2160.0,-0.0
29000.0,2160.0,0.0,2160.0,-0.0
30000.0,2160.0,0.0,2160.0,-0.0
31000.0,2160.0,0.0,2160.0,-0.0
32000.0,2160.0,0.0,2160.0,-0.0
33000.0,2160.0,0.0,2160.0,-0.0
34000.0,2160.0,0.0,2160.0,-0.0
35000.0,1978.96,-2.33,1977.323885302327,80.45454749676855
36000.0,2263.37,-4.92,2255.0304307163283,194.1172672467114
37000.0,2160.0,0.0,2160.0,-0.0
38000.0,2160.0,0.0,2160.0,-0.0
39000.0,2160.0,0.0,2160.0,-0.0
40000.0,2160.0,0.0,2160.0,-0.0
41000.0,2160.0,0.0,2160.0,-0.0
42000.0,2160.0,0.0,2160.0,-0.0
43000.0,2160.0,0.0,2160.0,-0.0
44000.0,2160.0,0.0,2160.0,-0.0
45000.0,2160.0,0.0,2160.0,-0.0
46000.0,2160.0,0.0,2160.0,-0.0
47000.0,2160.0,0.0,2160.0,-0.0
48000.0,2160.0,0.0,2160.0,-0.0
49000.0,2160.0,0.0,2160.0,-0.0
50000.0,2160.0,0.0,2160.0,-0.0
51000.0,2160.0,0.0,2160.0,-0.0
52000.0,2160.0,0.0,2160.0,-0.0
53000.0,2000.62,-3.72,1996.4047565816643,129.80151115493746
54000.0,2160.0,0.0,2160.0,-0.0
55000.0,2160.0,0.0,2160.0,-0.0
56000.0,2160.0,0.0,2160.0,-0.0
57000.0,2160.0,0.0,2160.0,-0.0
58000.0,2160.0,0.0,2160.0,-0.0
59000.0,2160.0,0.0,2160.0,-0.0
60000.0,2160.0,0.0,2160.0,-0.0
61000.0,2160.0,0.0,2160.0,-0.0
62000.0,2160.0,0.0,2160.0,-0.0
63000.0,2160.0,0.0,2160.0,-0.0
64000.0,2160.0,0.0,2160.0,-0.0
65000.0,2160.0,0.0,2160.0,-0.0
66000.0,2160.0,0.0,2160.0,-0.0
67000.0,2160.0,0.0,2160.0,-0.0
68000.0,2160.0,0.0,2160.0,-0.0
69000.0,2160.0,0.0,2160.0,-0.0
70000.0,2160.0,0.0,2160.0,-0.0
71000.0,2160.0,0.0,2160.0,-0.0
72000.0,2160.0,0.0,2160.0,-0.0
73000.0,2160.0,0.0,2160.0,-0.0
74000.0,2160.0,0.0,2160.0,-0.0
75000.0,2160.0,0.0,2160.0,-0.0
76000.0,2160.0,0.0,2160.0,-0.0
77000.0,2160.0,0.0,2160.0,-0.0
78000.0,2160.0,0.0,2160.0,-0.0
79000.0,2160.0,0.0,2160.0,-0.0
80000.0,2160.0,0.0,2160.0,-0.0
81000.0,2160.0,0.0,2160.0,-0.0
82000.0,2160.0,0.0,2160.0,-0.0
83000.0,2160.0,0.0,2160.0,-0.0
84000.0,2160.0,0.0,2160.0,-0.0
85000.0,2160.0,0.0,2160.0,-0.0
86000.0,2160.0,0.0,2160.0,-0.0
87000.0,2160.0,0.0,2160.0,-0.0
88000.0,2160.0,0.0,2160.0,-0.0
89000.0,2160.0,0.0,2160.0,-0.0
90000.0,2160.0,0.0,2160.0,-0.0
91000.0,2160.0,0.0,2160.0,-0.0
92000.0,2160.0,0.0,2160.0,-0.0
93000.0,2160.0,0.0,2160.0,-0.0
94000.0,2160.0,0.0,2160.0,-0.0
95000.0,2160.0,0.0,2160.0,-0.0
96000.0,2160.0,0.0,2160.0,-0.0
97000.0,2160.0,0.0,2160.0,-0.0
98000.0,2160.0,0.0,2160.0,-0.0
99000.0,2160.0,0.0,2160.0,-0.0
100000.0,2160.0,0.0,2160.0,-0.0
1000.0,2160.0,0.0,2160.0,-0.0
2000.0,2160.0,0.0,2160.0,-0.0
3000.0,2160.0,0.0,2160.0,-0.0
4000.0,2160.0,0.0,2160.0,-0.0
5000.0,2160.0,0.0,2160.0,-0.0
6000.0,2160.0,0.0,2160.0,-0.0
7000.0,2160.0,0.0,2160.0,-0.0
8000.0,2160.0,0.0,2160.0,-0.0
9000.0,2160.0,0.0,2160.0,-0.0
10000.0,2160.0,0.0,2160.0,-0.0
11000.0,2160.0,0.0,2160.0,-0.0
12000.0,2160.0,0.0,2160.0,-0.0
13000.0,2160.0,0.0,2160.0,-0.0
14000.0,2125.92,5.31,2116.7967446603257,-196.7419329869677
15000.0,2160.0,0.0,2160.0,-0.0
16000.0,2160.0,0.0,2160.0,-0.0
17000.0,2160.0,0.0,2160.0,-0.0
18000.0,2160.0,0.0,2160.0,-0.0
19000.0,2160.0,0.0,2160.0,-0.0
20000.0,2160.0,0.0,2160.0,-0.0
21000.0,2160.0,0.0,2160.0,-0.0
22000.0,2160.0,0.0,2160.0,-0.0
23000.0,2160.0,0.0,2160.0,-0.0
24000.0,2160.0,0.0,2160.0,-0.0
25000.0,2160.0,0.0,2160.0,-0.0
26000.0,2160.0,0.0,2160.0,-0.0
27000.0,2160.0,0.0,2160.0,-0.0
28000.0,2160.0,0.0,2160.0,-0.0
29000.0,2160.0,0.0,2160.0,-0.0
30000.0,2160.0,0.0,2160.0,-0.0
31000.0,2160.0,0.0,2160.0,-0.0
32000.0,2160.0,0.0,2160.0,-0.0
33000.0,2160.0,0.0,2160.0,-0.0
34000.0,2160.0,0.0,2160.0,-0.0
35000.0,2160.0,0.0,2160.0,-0.0
36000.0,2263.37,-4.92,2255.0304307163283,194.1172672467114
37000.0,2160.0,0.0,2160.0,-0.0
38000.0,2160.0,0.0,2160.0,-0.0
39000.0,2160.0,0.0,2160.0,-0.0
40000.0,2160.0,0.0,2160.0,-0.0
41000.0,2160.0,0.0,2160.0,-0.0
42000.0,2160.0,0.0,2160.0,-0.0
43000.0,2160.0,0.0,2160.0,-0.0
44000.0,2160.0,0.0,2160.0,-0.0
45000.0,2160.0,0.0,2160.0,-0.0
46000.0,2160.0,0.0,2160.0,-0.0
47000.0,2160.0,0.0,2160.0,-0.0
48000.0,2160.0,0.0,2160.0,-0.0
49000.0,2160.0,0.0,2160.0,-0.0
50000.0,2160.0,0.0,2160.0,-0.0
51000.0,2160.0,0.0,2160.0,-0.0
52000.0,2160.0,0.0,2160.0,-0.0
53000.0,2000.62,-3.72,1996.4047565816643,129.80151115493746
54000.0,2160.0,0.0,2160.0,-0.0
55000.0,2160.0,0.0,2160.0,-0.0
56000.0,2160.0,0.0,2160.0,-0.0
57000.0,2160.0,0.0,2160.0,-0.0
58000.0,2160.0,0.0,2160.0,-0.0
59000.0,2160.0,0.0,2160.0,-0.0
60000.0,2160.0,0.0,2160.0,-0.0
61000.0,2307.81,4.31,2301.2835873560757,-173.43830795285936
62000.0,2160.0,0.0,2160.0,-0.0
63000.0,2160.0,0.0,2160.0,-0.0
64000.0,2160.0,0.0,2160.0,-0.0
65000.0,2160.0,0.0,2160.0,-0.0
66000.0,2160.0,0.0,2160.0,-0.0
67000.0,2160.0,0.0,2160.0,-0.0
68000.0,2160.0,0.0,2160.0,-0.0
69000.0,2160.0,0.0,2160.0,-0.0
70000.0,2160.0,0.0,2160.0,-0.0
71000.0,2160.0,0.0,2160.0,-0.0
72000.0,2160.0,0.0,2160.0,-0.0
73000.0,2160.0,0.0,2160.0,-0.0
74000.0,2160.0,0.0,2160.0,-0.0
75000.0,2160.0,0.0,2160.0,-0.0
76000.0,2160.0,0.0,2160.0,-0.0
77000.0,2160.0,0.0,2160.0,-0.0
78000.0,2160.0,0.0,2160.0,-0.0
79000.0,2160.0,0.0,2160.0,-0.0
80000.0,2160.0,0.0,2160.0,-0.0
81000.0,2160.0,0.0,2160.0,-0.0
82000.0,2160.0,0.0,2160.0,-0.0
83000.0,2160.0,0.0,2160.0,-0.0
84000.0,2160.0,0.0,2160.0,-0.0
85000.0,2160.0,0.0,2160.0,-0.0
86000.0,2160.0,0.0,2160.0,-0.0
87000.0,2160.0,0.0,2160.0,-0.0
88000.0,2160.0,0.0,2160.0,-0.0
89000.0,2160.0,0.0,2160.0,-0.0
90000.0,2160.0,0.0,2160.0,-0.0
91000.0,2160.0,0.0,2160.0,-0.0
92000.0,2160.0,0.0,2160.0,-0.0
93000.0,2160.0,0.0,2160.0,-0.0
94000.0,2160.0,0.0,2160.0,-0.0
95000.0,2160.0,0.0,2160.0,-0.0
96000.0,2160.0,0.0,2160.0,-0.0
97000.0,2160.0,0.0,2160.0,-0.0
98000.0,2160.0,0.0,2160.0,-0.0
99000.0,2160.0,0.0,2160.0,-0.0
100000.0,2160.0,0.0,2160.0,-0.0
1000.0,2160.0,0.0,2160.0,-0.0
2000.0,2160.0,0.0,2160.0,-0.0
3000.0,2160.0,0.0,2160.0,-0.0
4000.0,2160.0,0.0,2160.0,-0.0
5000.0,2160.0,0.0,2160.0,-0.0
6000.0,2160.0,0.0,2160.0,-0.0
7000.0,2160.0,0.0,2160.0,-0.0
8000.0,2160.0,0.0,2160.0,-0.0
9000.0,2160.0,0.0,2160.0,-0.0
10000.0,2160.0,0.0,2160.0,-0.0
11000.0,2160.0,0.0,2160.0,-0.0
12000.0,2160.0,0.0,2160.0,-0.0
13000.0,2160.0,0.0,2160.0,-0.0
14000.0,2125.92,5.31,2116.7967446603257,-196.7419329869677
15000.0,2160.0,0.0,2160.0,-0.0
16000.0,2160.0,0.0,2160.0,-0.0
17000.0,2160.0,0.0,2160.0,-0.0
18000.0,2160.0,0.0,2160.0,-0.0
19000.0,2160.0,0.0,2160.0,-0.0
20000.0,2160.0,0.0,2160.0,-0.0
21000.0,2160.0,0.0,2160.0,-0.0
22000.0,2160.0,0.0,2160.0,-0.0
23000.0,2160.0,0.0,2160.0,-0.0
24000.0,2160.0,0.0,2160.0,-0.0
25000.0,2160.0,0.0,2160.0,-0.0
26000.0,2160.0,0.0,2160.0,-0.0
27000.0,2160.0,0.0,2160.0,-0.0
28000.0,2160.0,0.0,2160.0,-0.0
29000.0,2160.0,0.0,2160.0,-0.0
30000.0,2160.0,0.0,2160.0,-0.0
31000.0,2160.0,0.0,2160.0,-0.0
32000.0,2160.0,0.0,2160.0,-0.0
33000.0,2160.0,0.0,2160.0,-0.0
34000.0,2160.0,0.0,2160.0,-0.0
35000.0,2160.0,0.0,2160.0,-0.0
36000.0,2263.37,-4.92,2255.0304307163283,194.1172672467114
37000.0,2160.0,0.0,2160.0,-0.0
38000.0,2160.0,0.0,2160.0,-0.0
39000.0,2160.0,0.0,2160.0,-0.0
40000.0,2160.0,0.0,2160.0,-0.0
41000.0,2160.0,0.0,2160.0,-0.0
42000.0,2160.0,0.0,2160.0,-0.0
43000.0,2160.0,0.0,2160.0,-0.0
44000.0,2160.0,0.0,2160.0,-0.0
45000.0,2160.0,0.0,2160.0,-0.0
46000.0,2160.0,0.0,2160.0,-0.0
47000.0,2160.0,0.0,2160.0,-0.0
48000.0,2160.0,0.0,2160.0,-0.0
49000.0,2160.0,0.0,2160.0,-0.0
50000.0,2160.0,0.0,2160.0,-0.0
51000.0,2160.0,0.0,2160.0,-0.0
52000.0,2160.0,0.0,2160.0,-0.0
53000.0,2000.62,-3.72,1996.4047565816643,129.80151115493746
54000.0,2160.0,0.0,2160.0,-0.0
55000.0,2160.0,0.0,2160.0,-0.0
56000.0,2160.0,0.0,2160.0,-0.0
57000.0,2160.0,0.0,2160.0,-0.0
58000.0,2160.0,0.0,2160.0,-0.0
59000.0,2160.0,0.0,2160.0,-0.0
60000.0,2160.0,0.0,2160.0,-0.0
61000.0,2307.81,4.31,2301.2835873560757,-173.43830795285936
62000.0,2160.0,0.0,2160.0,-0.0
63000.0,2160.0,0.0,2160.0,-0.0
64000.0,2160.0,0.0,2160.0,-0.0
65000.0,2160.0,0.0,2160.0,-0.0
66000.0,2160.0,0.0,2160.0,-0.0
67000.0,2160.0,0.0,2160.0,-0.0
68000.0,2160.0,0.0,2160.0,-0.0
69000.0,2160.0,0.0,2160.0,-0.0
70000.0,2160.0,0.0,2160.0,-0.0
71000.0,2160.0,0.0,2160.0,-0.0
72000.0,2160.0,0.0,2160.0,-0.0
73000.0,2160.0,0.0,2160.0,-0.0
74000.0,2160.0,0.0,2160.0,-0.0
75000.0,2160.0,0.0,2160.0,-0.0
76000.0,2160.0,0.0,2160.0,-0.0
77000.0,2160.0,0.0,2160.0,-0.0
78000.0,2160.0,0.0,2160.0,-0.0
79000.0,2160.0,0.0,2160.0,-0.0
80000.0,2160.0,0.0,2160.0,-0.0
81000.0,2160.0,0.0,2160.0,-0.0
82000.0,2160.0,0.0,2160.0,-0.0
83000.0,2160.0,0.0,2160.0,-0.0
84000.0,2160.0,0.0,2160.0,-0.0
85000.0,2160.0,0.0,2160.0,-0.0
86000.0,2160.0,0.0,2160.0,-0.0
87000.0,2160.0,0.0,2160.0,-0.0
88000.0,2160.0,0.0,2160.0,-0.0
89000.0,2160.0,0.0,2160.0,-0.0
90000.0,2160.0,0.0,2160.0,-0.0
91000.0,2160.0,0.0,2160.0,-0.0
92000.0,2160.0,0.0,2160.0,-0.0
93000.0,2160.0,0.0,2160.0,-0.0
94000.0,2160.0,0.0,2160.0,-0.0
95000.0,2160.0,0.0,2160.0,-0.0
96000.0,2160.0,0.0,2160.0,-0.0
97000.0,2160.0,0.0,2160.0,-0.0
98000.0,2160.0,0.0,2160.0,-0.0
99000.0,2160.0,0.0,2160.0,-0.0
100000.0,2160.0,0.0,2160.0,-0.0
1000.0,2160.0,0.0,2160.0,-0.0
2000.0,2160.0,0.0,2160.0,-0.0
3000.0,2160.0,0.0,2160.0,-0.0
4000.0,2160.0,0.0,2160.0,-0.0
5000.0,2160.0,0.0,2160.0,-0.0
6000.0,2160.0,0.0,2160.0,-0.0
7000.0,2160.0,0.0,2160.0,-0.0
8000.0,2160.0,0.0,2160.0,-0.0
9000.0,2160.0,0.0,2160.0,-0.0
10000.0,2160.0,0.0,2160.0,-0.0
11000.0,2160.0,0.0,2160.0,-0.0
12000.0,2160.0,0.0,2160.0,-0.0
13000.0,2160.0,0.0,2160.0,-0.0
14000.0,2125.92,5.31,2116.7967446603257,-196.7419329869677
15000.0,2160.0,0.0,2160.0,-0.0
16000.0,2160.0,0.0,2160.0,-0.0
17000.0,2160.0,0.0,2160.0,-0.0
18000.0,2160.0,0.0,2160.0,-0.0
19000.0,2160.0,0.0,2160.0,-0.0
20000.0,2160.0,0.0,2160.0,-0.0
21000.0,2160.0,0.0,2160.0,-0.0
22000.0,2160.0,0.0,2160.0,-0.0
23000.0,2160.0,0.0,2160.0,-0.0
24000.0,2160.0,0.0,2160.0,-0.0
25000.0,2160.0,0.0,2160.0,-0.0
26000.0,2160.0,0.0,2160.0,-0.0
27000.0,2160.0,0.0,2160.0,-0.0
28000.0,2160.0,0.0,2160.0,-0.0
29000.0,2160.0,0.0,2160.0,-0.0
30000.0,2160.0,0.0,2160.0,-0.0
31000.0,2160.0,0.0,2160.0,-0.0
32000.0,2160.0,0.0,2160.0,-0.0
33000.0,2160.0,0.0,2160.0,-0.0
34000.0,2160.0,0.0,2160.0,-0.0
35000.0,1978.96,-2.33,1977.323885302327,80.45454749676855
36000.0,2160.0,0.0,2160.0,-0.0
37000.0,2160.0,0.0,2160.0,-0.0
38000.0,2160.0,0.0,2160.0,-0.0
39000.0,2160.0,0.0,2160.0,-0.0
40000.0,2160.0,0.0,2160.0,-0.0
41000.0,2160.0,0.0,2160.0,-0.0
42000.0,2160.0,0.0,2160.0,-0.0
43000.0,2160.0,0.0,2160.0,-0.0
44000.0,2160.0,0.0,2160.0,-0.0
45000.0,2160.0,0.0,2160.0,-0.0
46000.0,2160.0,0.0,2160.0,-0.0
47000.0,2160.0,0.0,2160.0,-0.0
48000.0,2160.0,0.0,2160.0,-0.0
49000.0,2160.0,0.0,2160.0,-0.0
50000.0,2160.0,0.0,2160.0,-0.0
51000.0,2160.0,0.0,2160.0,-0.0
52000.0,2160.0,0.0,2160.0,-0.0
53000.0,2160.0,0.0,2160.0,-0.0
54000.0,2160.0,0.0,2160.0,-0.0
55000.0,2160.0,0.0,2160.0,-0.0
56000.0,2160.0,0.0,2160.0,-0.0
57000.0,2160.0,0.0,2160.0,-0.0
58000.0,2160.0,0.0,2160.0,-0.0
59000.0,2160.0,0.0,2160.0,-0.0
60000.0,2160.0,0.0,2160.0,-0.0
61000.0,2307.81,4.31,2301.2835873560757,-173.43830795285936
62000.0,2160.0,0.0,2160.0,-0.0
63000.0,2160.0,0.0,2160.0,-0.0
64000.0,2160.0,0.0,2160.0,-0.0
65000.0,2160.0,0.0,2160.0,-0.0
66000.0,2160.0,0.0,2160.0,-0.0
67000.0,2160.0,0.0,2160.0,-0.0
68000.0,2160.0,0.0,2160.0,-0.0
69000.0,2020.11,-5.16,2011.9233615996034,181.6832384942276
70000.0,2160.0,0.0,2160.0,-0.0
71000.0,2160.0,0.0,2160.0,-0.0
72000.0,2160.0,0.0,2160.0,-0.0
73000.0,2160.0,0.0,2160.0,-0.0
74000.0,2160.0,0.0,2160.0,-0.0
75000.0,2160.0,0.0,2160.0,-0.0
76000.0,2160.0,0.0,2160.0,-0.0
77000.0,2160.0,0.0,2160.0,-0.0
78000.0,2160.0,0.0,2160.0,-0.0
79000.0,2160.0,0.0,2160.0,-0.0
80000.0,2160.0,0.0,2160.0,-0.0
81000.0,2160.0,0.0,2160.0,-0.0
82000.0,2160.0,0.0,2160.0,-0.0
83000.0,2160.0,0.0,2160.0,-0.0
84000.0,2160.0,0.0,2160.0,-0.0
85000.0,2160.0,0.0,2160.0,-0.0
86000.0,2160.0,0.0,2160.0,-0.0
87000.0,2160.0,0.0,2160.0,-0.0
88000.0,2160.0,0.0,2160.0,-0.0
89000.0,2160.0,0.0,2160.0,-0.0
90000.0,2160.0,0.0,2160.0,-0.0
91000.0,1903.03,2.76,1900.822480458688,-91.63557542177776
92000.0,2160.0,0.0,2160.0,-0.0
93000.0,2160.0,0.0,2160.0,-0.0
94000.0,2160.0,0.0,2160.0,-0.0
95000.0,2160.0,0.0,2160.0,-0.0
96000.0,2160.0,0.0,2160.0,-0.0
97000.0,2160.0,0.0,2160.0,-0.0
98000.0,2160.0,0.0,2160.0,-0.0
99000.0,2160.0,0.0,2160.0,-0.0
100000.0,2160.0,0.0,2160.0,-0.0
1000.0,2160.0,0.0,2160.0,-0.0
2000.0,2160.0,0.0,2160.0,-0.0
3000.0,2160.0,0.0,2160.0,-0.0
4000.0,1975.63,-3.51,1971.923971473358,120.95349366074116
5000.0,1813.79,-3.37,1810.6534924521063,106.62126603539429
6000.0,1813.79,-3.37,1810.6534924521063,106.62126603539429
7000.0,1680.24,-3.25,1677.5376205372797,95.25748937548943
8000.0,1692.37,-8.6,1673.3416365925211,253.06912918383068
9000.0,1574.64,-8.49,1557.3845373111708,232.47479980434645
10000.0,1574.64,-8.49,1557.3845373111708,232.47479980434645
11000.0,1574.74,-5.83,1566.5949085236125,159.9576824910072
12000.0,1478.11,-5.9,1470.2801810090664,151.93867655059736
13000.0,1478.11,-5.9,1470.2801810090664,151.93867655059736
14000.0,1478.11,-5.9,1470.2801810090664,151.93867655059736
15000.0,1496.81,-7.57,1483.764782442879,197.185817142704
16000.0,1496.81,-7.57,1483.764782442879,197.185817142704
17000.0,1496.81,-7.57,1483.764782442879,197.185817142704
18000.0,1426.15,-4.24,1422.2467761717844,105.4415960091955
19000.0,1426.15,-4.24,1422.2467761717844,105.4415960091955
20000.0,1426.15,-4.24,1422.2467761717844,105.4415960091955
21000.0,1444.54,-5.84,1437.0427157459037,146.98314434532057
22000.0,1444.54,-5.84,1437.0427157459037,146.98314434532057
23000.0,1326.09,-7.45,1314.8956646470183,171.94208092400137
24000.0,1326.09,-7.45,1314.8956646470183,171.94208092400137
25000.0,1309.43,-4.32,1305.7097787682558,98.63517896244095
26000.0,1309.43,-4.32,1305.7097787682558,98.63517896244095
27000.0,1309.43,-4.32,1305.7097787682558,98.63517896244095
28000.0,1338.35,-0.48,1338.3030349945045,11.212003589808248
29000.0,1383.08,-5.3,1377.1669155651318,127.75591208559038
30000.0,1383.08,-5.3,1377.1669155651318,127.75591208559038
31000.0,1383.08,-5.3,1377.1669155651318,127.75591208559038
32000.0,1356.27,-2.22,1355.2520592267563,52.53730923483829
33000.0,1356.27,-2.22,1355.2520592267563,52.53730923483829
34000.0,1356.27,-2.22,1355.2520592267563,52.53730923483829
35000.0,1242.59,-4.54,1238.6911452545128,98.35728121528811
36000.0,1271.94,-6.32,1264.20989963309,140.0167606741893
37000.0,1271.94,-6.32,1264.20989963309,140.0167606741893
38000.0,1339.44,-4.92,1334.5047253072537,114.8766805431437
39000.0,1339.44,-4.92,1334.5047253072537,114.8766805431437
40000.0,1297.87,-1.49,1297.4311622348341,33.7478319595081
41000.0,1297.87,-1.49,1297.4311622348341,33.7478319595081
42000.0,1297.87,-1.49,1297.4311622348341,33.7478319595081
43000.0,1297.87,-1.49,1297.4311622348341,33.7478319595081
44000.0,1297.87,-1.49,1297.4311622348341,33.7478319595081
45000.0,1223.77,0.39,1223.7416500642314,-8.329873832917905
46000.0,1297.28,-4.18,1293.8292110934617,94.55882254591731
47000.0,1297.28,-4.18,1293.8292110934617,94.55882254591731
48000.0,1297.28,-4.18,1293.8292110934617,94.55882254591731
49000.0,1297.28,-4.18,1293.8292110934617,94.55882254591731
50000.0,1316.31,0.59,1316.2402116218204,-13.554387103267459
51000.0,1316.31,0.59,1316.2402116218204,-13.554387103267459
52000.0,1316.31,0.59,1316.2402116218204,-13.554387103267459
53000.0,1219.18,-3.14,1217.349611975347,66.78169377510922
54000.0,1219.18,-3.14,1217.349611975347,66.78169377510922
55000.0,1281.48,-0.72,1281.3788197263063,16.103128789718696
56000.0,1228.54,1.89,1227.8716587474964,-40.51815944328427
57000.0,1228.54,1.89,1227.8716587474964,-40.51815944328427
58000.0,1323.33,-2.46,1322.1104590292744,56.79985057552118
59000.0,1323.33,-2.46,1322.1104590292744,56.79985057552118
60000.0,1323.33,-2.46,1322.1104590292744,56.79985057552118
61000.0,1382.93,0.1,1382.927893677693,-2.413666957051748
62000.0,1294.36,-4.22,1290.8507978424811,95.24719055924835
63000.0,1294.36,-4.22,1290.8507978424811,95.24719055924835
64000.0,1231.68,-1.65,1231.1693062968654,35.464935252942745
65000.0,1231.68,-1.65,1231.1693062968654,35.464935252942745
66000.0,1279.75,1.01,1279.5511702441574,-22.558041289243455
67000.0,1279.75,1.01,1279.5511702441574,-22.558041289243455
68000.0,1279.75,1.01,1279.5511702441574,-22.558041289243455
69000.0,1196.87,-4.15,1193.7318186504522,86.61490657781476
70000.0,1196.87,-4.15,1193.7318186504522,86.61490657781476
71000.0,1243.19,-1.23,1242.9035454060818,26.686193377701617
72000.0,1243.19,-1.23,1242.9035454060818,26.686193377701617
73000.0,1243.19,-1.23,1242.9035454060818,26.686193377701617
74000.0,1180.46,0.79,1180.3477921302915,-16.275786099174535
75000.0,1180.46,0.79,1180.3477921302915,-16.275786099174535
76000.0,1217.41,3.64,1214.9540569218957,-77.29002308854032
77000.0,1150.59,-1.67,1150.1012941580123,33.53149677639314
78000.0,1150.59,-1.67,1150.1012941580123,33.53149677639314
79000.0,1150.59,-1.67,1150.1012941580123,33.53149677639314
80000.0,1186.24,1.51,1185.828067496376,-31.25910967718789
81000.0,1186.24,1.51,1185.828067496376,-31.25910967718789
82000.0,1186.24,1.51,1185.828067496376,-31.25910967718789
83000.0,1186.24,1.51,1185.828067496376,-31.25910967718789
84000.0,1186.24,1.51,1185.828067496376,-31.25910967718789
85000.0,1156.47,-1.54,1156.0522904480242,31.079939669780273
86000.0,1156.47,-1.54,1156.0522904480242,31.079939669780273
87000.0,1156.47,-1.54,1156.0522904480242,31.079939669780273
88000.0,1156.47,-1.54,1156.0522904480242,31.079939669780273
89000.0,1156.47,-1.54,1156.0522904480242,31.079939669780273
90000.0,1187.25,2.2,1186.37489750851,-45.57592633915805
91000.0,1187.25,2.2,1186.37489750851,-45.57592633915805
92000.0,1187.25,2.2,1186.37489750851,-45.57592633915805
93000.0,1137.3,-5.1,1132.7975036916682,101.09948382620392
94000.0,1137.3,-5.1,1132.7975036916682,101.09948382620392
95000.0,1084.47,-0.43,1084.4394594288453,8.138779618199308
96000.0,1160.87,-1.55,1160.4452384104004,31.4007253201042
97000.0,1160.87,-1.55,1160.4452384104004,31.4007253201042
98000.0,1084.47,-0.43,1084.4394594288453,8.138779618199308
99000.0,1160.87,-1.55,1160.4452384104004,31.4007253201042
100000.0,1101.7,3.32,1099.8509751972126,-63.802212796580974
1000.0,2160.0,0.0,2160.0,-0.0
2000.0,2128.29,-4.99,2120.2235562919473,185.12264973451497
3000.0,1964.01,-4.58,1957.7385476888128,156.82811926850783
4000.0,1963.75,-8.26,1943.3787007449369,282.12282429984396
5000.0,1813.79,-3.37,1810.6534924521063,106.62126603539429
6000.0,1813.79,-3.37,1810.6534924521063,106.62126603539429
7000.0,1680.24,-3.25,1677.5376205372797,95.25748937548943
8000.0,1692.37,-8.6,1673.3416365925211,253.06912918383068
9000.0,1574.64,-8.49,1557.3845373111708,232.47479980434645
10000.0,1574.64,-8.49,1557.3845373111708,232.47479980434645
11000.0,1574.74,-5.83,1566.5949085236125,159.9576824910072
12000.0,1478.11,-5.9,1470.2801810090664,151.93867655059736
13000.0,1478.11,-5.9,1470.2801810090664,151.93867655059736
14000.0,1478.11,-5.9,1470.2801810090664,151.93867655059736
15000.0,1496.81,-7.57,1483.764782442879,197.185817142704
16000.0,1496.81,-7.57,1483.764782442879,197.185817142704
17000.0,1496.81,-7.57,1483.764782442879,197.185817142704
18000.0,1426.15,-4.24,1422.2467761717844,105.4415960091955
19000.0,1426.15,-4.24,1422.2467761717844,105.4415960091955
20000.0,1426.15,-4.24,1422.2467761717844,105.4415960091955
21000.0,1444.54,-5.84,1437.0427157459037,146.98314434532057
22000.0,1444.54,-5.84,1437.0427157459037,146.98314434532057
23000.0,1326.09,-7.45,1314.8956646470183,171.94208092400137
24000.0,1326.09,-7.45,1314.8956646470183,171.94208092400137
25000.0,1309.43,-4.32,1305.7097787682558,98.63517896244095
26000.0,1309.43,-4.32,1305.7097787682558,98.63517896244095
27000.0,1309.43,-4.32,1305.7097787682558,98.63517896244095
28000.0,1288.79,-1.19,1288.5120381406373,26.76549395510377
29000.0,1383.08,-5.3,1377.1669155651318,127.75591208559038
30000.0,1383.08,-5.3,1377.1669155651318,127.75591208559038
31000.0,1383.08,-5.3,1377.1669155651318,127.75591208559038
32000.0,1356.27,-2.22,1355.2520592267563,52.53730923483829
33000.0,1356.27,-2.22,1355.2520592267563,52.53730923483829
34000.0,1356.27,-2.22,1355.2520592267563,52.53730923483829
35000.0,1242.59,-4.54,1238.6911452545128,98.35728121528811
36000.0,1271.94,-6.32,1264.20989963309,140.0167606741893
37000.0,1271.94,-6.32,1264.20989963309,140.0167606741893
38000.0,1339.44,-4.92,1334.5047253072537,114.8766805431437
39000.0,1339.44,-4.92,1334.5047253072537,114.8766805431437
40000.0,1297.87,-1.49,1297.4311622348341,33.7478319595081
41000.0,1297.87,-1.49,1297.4311622348341,33.7478319595081
42000.0,1297.87,-1.49,1297.4311622348341,33.7478319595081
43000.0,1297.87,-1.49,1297.4311622348341,33.7478319595081
44000.0,1369.42,0.31,1369.3999560304615,-7.409239081752316
45000.0,1223.77,0.39,1223.7416500642314,-8.329873832917905
46000.0,1297.28,-4.18,1293.8292110934617,94.55882254591731
47000.0,1297.28,-4.18,1293.8292110934617,94.55882254591731
48000.0,1297.28,-4.18,1293.8292110934617,94.55882254591731
49000.0,1297.28,-4.18,1293.8292110934617,94.55882254591731
50000.0,1316.31,0.59,1316.2402116218204,-13.554387103267459
51000.0,1316.31,0.59,1316.2402116218204,-13.554387103267459
52000.0,1316.31,0.59,1316.2402116218204,-13.554387103267459
53000.0,1219.18,-3.14,1217.349611975347,66.78169377510922
54000.0,1219.18,-3.14,1217.349611975347,66.78169377510922
55000.0,1219.18,-3.14,1217.349611975347,66.78169377510922
56000.0,1228.54,1.89,1227.8716587474964,-40.51815944328427
57000.0,1228.54,1.89,1227.8716587474964,-40.51815944328427
58000.0,1323.33,-2.46,1322.1104590292744,56.79985057552118
59000.0,1323.33,-2.46,1322.1104590292744,56.79985057552118
60000.0,1323.33,-2.46,1322.1104590292744,56.79985057552118
61000.0,1382.93,0.1,1382.927893677693,-2.413666957051748
62000.0,1294.36,-4.22,1290.8507978424811,95.24719055924835
63000.0,1231.68,-1.65,1231.1693062968654,35.464935252942745
64000.0,1231.68,-1.65,1231.1693062968654,35.464935252942745
65000.0,1231.68,-1.65,1231.1693062968654,35.464935252942745
66000.0,1279.75,1.01,1279.5511702441574,-22.558041289243455
67000.0,1279.75,1.01,1279.5511702441574,-22.558041289243455
68000.0,1279.75,1.01,1279.5511702441574,-22.558041289243455
69000.0,1196.87,-4.15,1193.7318186504522,86.61490657781476
70000.0,1196.87,-4.15,1193.7318186504522,86.61490657781476
71000.0,1243.19,-1.23,1242.9035454060818,26.686193377701617
72000.0,1243.19,-1.23,1242.9035454060818,26.686193377701617
73000.0,1243.19,-1.23,1242.9035454060818,26.686193377701617
74000.0,1180.46,0.79,1180.3477921302915,-16.275786099174535
75000.0,1217.41,3.64,1214.9540569218957,-77.29002308854032
76000.0,1217.41,3.64,1214.9540569218957,-77.29002308854032
77000.0,1150.59,-1.67,1150.1012941580123,33.53149677639314
78000.0,1150.59,-1.67,1150.1012941580123,33.53149677639314
79000.0,1150.59,-1.67,1150.1012941580123,33.53149677639314
80000.0,1186.24,1.51,1185.828067496376,-31.25910967718789
81000.0,1186.24,1.51,1185.828067496376,-31.25910967718789
82000.0,1186.24,1.51,1185.828067496376,-31.25910967718789
83000.0,1186.24,1.51,1185.828067496376,-31.25910967718789
84000.0,1186.24,1.51,1185.828067496376,-31.25910967718789
85000.0,1156.47,-1.54,1156.0522904480242,31.079939669780273
86000.0,1156.47,-1.54,1156.0522904480242,31.079939669780273
87000.0,1156.47,-1.54,1156.0522904480242,31.079939669780273
88000.0,1156.47,-1.54,1156.0522904480242,31.079939669780273
89000.0,1156.47,-1.54,1156.0522904480242,31.079939669780273
90000.0,1187.25,2.2,1186.37489750851,-45.57592633915805
91000.0,1187.25,2.2,1186.37489750851,-45.57592633915805
92000.0,1187.25,2.2,1186.37489750851,-45.57592633915805
93000.0,1137.3,-5.1,1132.7975036916682,101.09948382620392
94000.0,1137.3,-5.1,1132.7975036916682,101.09948382620392
95000.0,1160.87,-1.55,1160.4452384104004,31.4007253201042
96000.0,1160.87,-1.55,1160.4452384104004,31.4007253201042
97000.0,1160.87,-1.55,1160.4452384104004,31.4007253201042
98000.0,1160.87,-1.55,1160.4452384104004,31.4007253201042
99000.0,1182.07,2.46,1180.9806399800007,-50.73670163134389
100000.0,1101.7,3.32,1099.8509751972126,-63.802212796580974
1000.0,2160.0,0.0,2160.0,-0.0
2000.0,2128.29,-4.99,2120.2235562919473,185.12264973451497
3000.0,1964.01,-4.58,1957.7385476888128,156.82811926850783
4000.0,1963.75,-8.26,1943.3787007449369,282.12282429984396
5000.0,1813.79,-3.37,1810.6534924521063,106.62126603539429
6000.0,1813.79,-3.37,1810.6534924521063,106.62126603539429
7000.0,1680.24,-3.25,1677.5376205372797,95.25748937548943
8000.0,1692.37,-8.6,1673.3416365925211,253.06912918383068
9000.0,1574.64,-8.49,1557.3845373111708,232.47479980434645
10000.0,1574.64,-8.49,1557.3845373111708,232.47479980434645
11000.0,1574.74,-5.83,1566.5949085236125,159.9576824910072
12000.0,1478.11,-5.9,1470.2801810090664,151.93867655059736
13000.0,1478.11,-5.9,1470.2801810090664,151.93867655059736
14000.0,1478.11,-5.9,1470.2801810090664,151.93867655059736
15000.0,1496.81,-7.57,1483.764782442879,197.185817142704
16000.0,1496.81,-7.57,1483.764782442879,197.185817142704
17000.0,1496.81,-7.57,1483.764782442879,197.185817142704
18000.0,1426.15,-4.24,1422.2467761717844,105.4415960091955
19000.0,1426.15,-4.24,1422.2467761717844,105.4415960091955
20000.0,1426.15,-4.24,1422.2467761717844,105.4415960091955
21000.0,1444.54,-5.84,1437.0427157459037,146.98314434532057
22000.0,1444.54,-5.84,1437.0427157459037,146.98314434532057
23000.0,1326.09,-7.45,1314.8956646470183,171.94208092400137
24000.0,1326.09,-7.45,1314.8956646470183,171.94208092400137
25000.0,1309.43,-4.32,1305.7097787682558,98.63517896244095
26000.0,1309.43,-4.32,1305.7097787682558,98.63517896244095
27000.0,1309.43,-4.32,1305.7097787682558,98.63517896244095
28000.0,1288.79,-1.19,1288.5120381406373,26.76549395510377
29000.0,1383.08,-5.3,1377.1669155651318,127.75591208559038
30000.0,1383.08,-5.3,1377.1669155651318,127.75591208559038
31000.0,1383.08,-5.3,1377.1669155651318,127.75591208559038
32000.0,1356.27,-2.22,1355.2520592267563,52.53730923483829
33000.0,1356.27,-2.22,1355.2520592267563,52.53730923483829
34000.0,1356.27,-2.22,1355.2520592267563,52.53730923483829
35000.0,1242.59,-4.54,1238.6911452545128,98.35728121528811
36000.0,1271.94,-6.32,1264.20989963309,140.0167606741893
37000.0,1271.94,-6.32,1264.20989963309,140.0167606741893
38000.0,1339.44,-4.92,1334.5047253072537,114.8766805431437
39000.0,1339.44,-4.92,1334.5047253072537,114.8766805431437
40000.0,1297.87,-1.49,1297.4311622348341,33.7478319595081
41000.0,1297.87,-1.49,1297.4311622348341,33.7478319595081
42000.0,1297.87,-1.49,1297.4311622348341,33.7478319595081
43000.0,1297.87,-1.49,1297.4311622348341,33.7478319595081
44000.0,1297.87,-1.49,1297.4311622348341,33.7478319595081
45000.0,1223.77,0.39,1223.7416500642314,-8.329873832917905
46000.0,1297.28,-4.18,1293.8292110934617,94.55882254591731
47000.0,1297.28,-4.18,1293.8292110934617,94.55882254591731
48000.0,1297.28,-4.18,1293.8292110934617,94.55882254591731
49000.0,1297.28,-4.18,1293.8292110934617,94.55882254591731
50000.0,1316.31,0.59,1316.2402116218204,-13.554387103267459
51000.0,1316.31,0.59,1316.2402116218204,-13.554387103267459
52000.0,1316.31,0.59,1316.2402116218204,-13.554387103267459
53000.0,1219.18,-3.14,1217.349611975347,66.78169377510922
54000.0,1219.18,-3.14,1217.349611975347,66.78169377510922
55000.0,1219.18,-3.14,1217.349611975347,66.78169377510922
56000.0,1228.54,1.89,1227.8716587474964,-40.51815944328427
57000.0,1228.54,1.89,1227.8716587474964,-40.51815944328427
58000.0,1323.33,-2.46,1322.1104590292744,56.79985057552118
59000.0,1323.33,-2.46,1322.1104590292744,56.79985057552118
60000.0,1323.33,-2.46,1322.1104590292744,56.79985057552118
61000.0,1382.93,0.1,1382.927893677693,-2.413666957051748
62000.0,1294.36,-4.22,1290.8507978424811,95.24719055924835
63000.0,1294.36,-4.22,1290.8507978424811,95.24719055924835
64000.0,1231.68,-1.65,1231.1693062968654,35.464935252942745
65000.0,1231.68,-1.65,1231.1693062968654,35.464935252942745
66000.0,1279.75,1.01,1279.5511702441574,-22.558041289243455
67000.0,1279.75,1.01,1279.5511702441574,-22.558041289243455
68000.0,1279.75,1.01,1279.5511702441574,-22.558041289243455
69000.0,1196.87,-4.15,1193.7318186504522,86.61490657781476
70000.0,1196.87,-4.15,1193.7318186504522,86.61490657781476
71000.0,1243.19,-1.23,1242.9035454060818,26.686193377701617
72000.0,1243.19,-1.23,1242.9035454060818,26.686193377701617
73000.0,1243.19,-1.23,1242.9035454060818,26.686193377701617
74000.0,1180.46,0.79,1180.3477921302915,-16.275786099174535
75000.0,1217.41,3.64,1214.9540569218957,-77.29002308854032
76000.0,1217.41,3.64,1214.9540569218957,-77.29002308854032
77000.0,1150.59,-1.67,1150.1012941580123,33.53149677639314
78000.0,1150.59,-1.67,1150.1012941580123,33.53149677639314
79000.0,1150.59,-1.67,1150.1012941580123,33.53149677639314
80000.0,1186.24,1.51,1185.828067496376,-31.25910967718789
81000.0,1186.24,1.51,1185.828067496376,-31.25910967718789
82000.0,1186.24,1.51,1185.828067496376,-31.25910967718789
83000.0,1186.24,1.51,1185.828067496376,-31.25910967718789
84000.0,1186.24,1.51,1185.828067496376,-31.25910967718789
85000.0,1156.47,-1.54,1156.0522904480242,31.079939669780273
86000.0,1156.47,-1.54,1156.0522904480242,31.079939669780273
87000.0,1156.47,-1.54,1156.0522904480242,31.079939669780273
88000.0,1156.47,-1.54,1156.0522904480242,31.079939669780273
89000.0,1156.47,-1.54,1156.0522904480242,31.079939669780273
90000.0,1187.25,2.2,1186.37489750851,-45.57592633915805
91000.0,1187.25,2.2,1186.37489750851,-45.57592633915805
92000.0,1187.25,2.2,1186.37489750851,-45.57592633915805
93000.0,1137.3,-5.1,1132.7975036916682,101.09948382620392
94000.0,1137.3,-5.1,1132.7975036916682,101.09948382620392
95000.0,1160.87,-1.55,1160.4452384104004,31.4007253201042
96000.0,1160.87,-1.55,1160.4452384104004,31.4007253201042
97000.0,1084.47,-0.43,1084.4394594288453,8.138779618199308
98000.0,1084.47,-0.43,1084.4394594288453,8.138779618199308
99000.0,1160.87,-1.55,1160.4452384104004,31.4007253201042
100000.0,1182.07,2.46,1180.9806399800007,-50.73670163134389
1000.0,2160.0,0.0,2160.0,-0.0
2000.0,2128.29,-4.99,2120.2235562919473,185.12264973451497
3000.0,1964.01,-4.58,1957.7385476888128,156.82811926850783
4000.0,1963.75,-8.26,1943.3787007449369,282.12282429984396
5000.0,1813.79,-3.37,1810.6534924521063,106.62126603539429
6000.0,1813.79,-3.37,1810.6534924521063,106.62126603539429
7000.0,1680.24,-3.25,1677.5376205372797,95.25748937548943
8000.0,1692.37,-8.6,1673.3416365925211,253.06912918383068
9000.0,1574.64,-8.49,1557.3845373111708,232.47479980434645
10000.0,1574.64,-8.49,1557.3845373111708,232.47479980434645
11000.0,1574.74,-5.83,1566.5949085236125,159.9576824910072
12000.0,1478.11,-5.9,1470.2801810090664,151.93867655059736
13000.0,1478.11,-5.9,1470.2801810090664,151.93867655059736
14000.0,1473.19,-2.26,1472.0441069887415,58.09408902563681
15000.0,1496.81,-7.57,1483.764782442879,197.185817142704
16000.0,1496.81,-7.57,1483.764782442879,197.185817142704
17000.0,1496.81,-7.57,1483.764782442879,197.185817142704
18000.0,1426.15,-4.24,1422.2467761717844,105.4415960091955
19000.0,1426.15,-4.24,1422.2467761717844,105.4415960091955
20000.0,1426.15,-4.24,1422.2467761717844,105.4415960091955
21000.0,1444.54,-5.84,1437.0427157459037,146.98314434532057
22000.0,1444.54,-5.84,1437.0427157459037,146.98314434532057
23000.0,1326.09,-7.45,1314.8956646470183,171.94208092400137
24000.0,1326.09,-7.45,1314.8956646470183,171.94208092400137
25000.0,1309.43,-4.32,1305.7097787682558,98.63517896244095
26000.0,1309.43,-4.32,1305.7097787682558,98.63517896244095
27000.0,1309.43,-4.32,1305.7097787682558,98.63517896244095
28000.0,1288.79,-1.19,1288.5120381406373,26.76549395510377
29000.0,1383.08,-5.3,1377.1669155651318,127.75591208559038
30000.0,1383.08,-5.3,1377.1669155651318,127.75591208559038
31000.0,1383.08,-5.3,1377.1669155651318,127.75591208559038
32000.0,1356.27,-2.22,1355.2520592267563,52.53730923483829
33000.0,1356.27,-2.22,1355.2520592267563,52.53730923483829
34000.0,1356.27,-2.22,1355.2520592267563,52.53730923483829
35000.0,1242.59,-4.54,1238.6911452545128,98.35728121528811
36000.0,1271.94,-6.32,1264.20989963309,140.0167606741893
37000.0,1271.94,-6.32,1264.20989963309,140.0167606741893
38000.0,1339.44,-4.92,1334.5047253072537,114.8766805431437
39000.0,1339.44,-4.92,1334.5047253072537,114.8766805431437
40000.0,1297.87,-1.49,1297.4311622348341,33.7478319595081
41000.0,1297.87,-1.49,1297.4311622348341,33.7478319595081
42000.0,1297.87,-1.49,1297.4311622348341,33.7478319595081
43000.0,1297.87,-1.49,1297.4311622348341,33.7478319595081
44000.0,1297.87,-1.49,1297.4311622348341,33.7478319595081
45000.0,1223.77,0.39,1223.7416500642314,-8.329873832917905
46000.0,1297.28,-4.18,1293.8292110934617,94.55882254591731
47000.0,1297.28,-4.18,1293.8292110934617,94.55882254591731
48000.0,1297.28,-4.18,1293.8292110934617,94.55882254591731
49000.0,1297.28,-4.18,1293.8292110934617,94.55882254591731
50000.0,1316.31,0.59,1316.2402116218204,-13.554387103267459
51000.0,1316.31,0.59,1316.2402116218204,-13.554387103267459
52000.0,1316.31,0.59,1316.2402116218204,-13.554387103267459
53000.0,1219.18,-3.14,1217.349611975347,66.78169377510922
54000.0,1219.18,-3.14,1217.349611975347,66.78169377510922
55000.0,1219.18,-3.14,1217.349611975347,66.78169377510922
56000.0,1228.54,1.89,1227.8716587474964,-40.51815944328427
57000.0,1228.54,1.89,1227.8716587474964,-40.51815944328427
58000.0,1323.33,-2.46,1322.1104590292744,56.79985057552118
59000.0,1323.33,-2.46,1322.1104590292744,56.79985057552118
60000.0,1323.33,-2.46,1322.1104590292744,56.79985057552118
61000.0,1382.93,0.1,1382.927893677693,-2.413666957051748
62000.0,1294.36,-4.22,1290.8507978424811,95.24719055924835
63000.0,1294.36,-4.22,1290.8507978424811,95.24719055924835
64000.0,1231.68,-1.65,1231.1693062968654,35.464935252942745
65000.0,1231.68,-1.65,1231.1693062968654,35.464935252942745
66000.0,1279.75,1.01,1279.5511702441574,-22.558041289243455
67000.0,1279.75,1.01,1279.5511702441574,-22.558041289243455
68000.0,1279.75,1.01,1279.5511702441574,-22.558041289243455
69000.0,1196.87,-4.15,1193.7318186504522,86.61490657781476
70000.0,1196.87,-4.15,1193.7318186504522,86.61490657781476
71000.0,1243.19,-1.23,1242.9035454060818,26.686193377701617
72000.0,1243.19,-1.23,1242.9035454060818,26.686193377701617
73000.0,1180.46,0.79,1180.3477921302915,-16.275786099174535
74000.0,1180.46,0.79,1180.3477921302915,-16.275786099174535
75000.0,1180.46,0.79,1180.3477921302915,-16.275786099174535
76000.0,1217.41,3.64,1214.9540569218957,-77.29002308854032
77000.0,1150.59,-1.67,1150.1012941580123,33.53149677639314
78000.0,1150.59,-1.67,1150.1012941580123,33.53149677639314
79000.0,1150.59,-1.67,1150.1012941580123,33.53149677639314
80000.0,1186.24,1.51,1185.828067496376,-31.25910967718789
81000.0,1186.24,1.51,1185.828067496376,-31.25910967718789
82000.0,1186.24,1.51,1185.828067496376,-31.25910967718789
83000.0,1186.24,1.51,1185.828067496376,-31.25910967718789
84000.0,1186.24,1.51,1185.828067496376,-31.25910967718789
85000.0,1156.47,-1.54,1156.0522904480242,31.079939669780273
86000.0,1156.47,-1.54,1156.0522904480242,31.079939669780273
87000.0,1156.47,-1.54,1156.0522904480242,31.079939669780273
88000.0,1156.47,-1.54,1156.0522904480242,31.079939669780273
89000.0,1156.47,-1.54,1156.0522904480242,31.079939669780273
90000.0,1187.25,2.2,1186.37489750851,-45.57592633915805
91000.0,1187.25,2.2,1186.37489750851,-45.57592633915805
92000.0,1187.25,2.2,1186.37489750851,-45.57592633915805
93000.0,1137.3,-5.1,1132.7975036916682,101.09948382620392
94000.0,1137.3,-5.1,1132.7975036916682,101.09948382620392
95000.0,1084.47,-0.43,1084.4394594288453,8.138779618199308
96000.0,1084.47,-0.43,1084.4394594288453,8.138779618199308
97000.0,1084.47,-0.43,1084.4394594288453,8.138779618199308
98000.0,1160.87,-1.55,1160.4452384104004,31.4007253201042
99000.0,1182.07,2.46,1180.9806399800007,-50.73670163134389
100000.0,1101.7,3.32,1099.8509751972126,-63.802212796580974
1000.0,2160.0,0.0,2160.0,-0.0
2000.0,2128.29,-4.99,2120.2235562919473,185.12264973451497
3000.0,1964.01,-4.58,1957.7385476888128,156.82811926850783
4000.0,1963.75,-8.26,1943.3787007449369,282.12282429984396
5000.0,1813.79,-3.37,1810.6534924521063,106.62126603539429
6000.0,1813.79,-3.37,1810.6534924521063,106.62126603539429
7000.0,1680.24,-3.25,1677.5376205372797,95.25748937548943
8000.0,1692.37,-8.6,1673.3416365925211,253.06912918383068
9000.0,1574.64,-8.49,1557.3845373111708,232.47479980434645
10000.0,1574.64,-8.49,1557.3845373111708,232.47479980434645
11000.0,1574.74,-5.83,1566.5949085236125,159.9576824910072
12000.0,1478.11,-5.9,1470.2801810090664,151.93867655059736
13000.0,1478.11,-5.9,1470.2801810090664,151.93867655059736
14000.0,1478.11,-5.9,1470.2801810090664,151.93867655059736
15000.0,1496.81,-7.57,1483.764782442879,197.185817142704
16000.0,1496.81,-7.57,1483.764782442879,197.185817142704
17000.0,1496.81,-7.57,1483.764782442879,197.185817142704
18000.0,1426.15,-4.24,1422.2467761717844,105.4415960091955
19000.0,1426.15,-4.24,1422.2467761717844,105.4415960091955
20000.0,1426.15,-4.24,1422.2467761717844,105.4415960091955
21000.0,1444.54,-5.84,1437.0427157459037,146.98314434532057
22000.0,1444.54,-5.84,1437.0427157459037,146.98314434532057
23000.0,1326.09,-7.45,1314.8956646470183,171.94208092400137
24000.0,1309.43,-4.32,1305.7097787682558,98.63517896244095
25000.0,1309.43,-4.32,1305.7097787682558,98.63517896244095
26000.0,1309.43,-4.32,1305.7097787682558,98.63517896244095
27000.0,1309.43,-4.32,1305.7097787682558,98.63517896244095
28000.0,1288.79,-1.19,1288.5120381406373,26.76549395510377
29000.0,1383.08,-5.3,1377.1669155651318,127.75591208559038
30000.0,1383.08,-5.3,1377.1669155651318,127.75591208559038
31000.0,1383.08,-5.3,1377.1669155651318,127.75591208559038
32000.0,1356.27,-2.22,1355.2520592267563,52.53730923483829
33000.0,1356.27,-2.22,1355.2520592267563,52.53730923483829
34000.0,1356.27,-2.22,1355.2520592267563,52.53730923483829
35000.0,1242.59,-4.54,1238.6911452545128,98.35728121528811
36000.0,1271.94,-6.32,1264.20989963309,140.0167606741893
37000.0,1271.94,-6.32,1264.20989963309,140.0167606741893
38000.0,1339.44,-4.92,1334.5047253072537,114.8766805431437
39000.0,1339.44,-4.92,1334.5047253072537,114.8766805431437
40000.0,1297.87,-1.49,1297.4311622348341,33.7478319595081
41000.0,1297.87,-1.49,1297.4311622348341,33.7478319595081
42000.0,1297.87,-1.49,1297.4311622348341,33.7478319595081
43000.0,1297.87,-1.49,1297.4311622348341,33.7478319595081
44000.0,1297.87,-1.49,1297.4311622348341,33.7478319595081
45000.0,1223.77,0.39,1223.7416500642314,-8.329873832917905
46000.0,1297.28,-4.18,1293.8292110934617,94.55882254591731
47000.0,1297.28,-4.18,1293.8292110934617,94.55882254591731
48000.0,1297.28,-4.18,1293.8292110934617,94.55882254591731
49000.0,1297.28,-4.18,1293.8292110934617,94.55882254591731
50000.0,1316.31,0.59,1316.2402116218204,-13.554387103267459
51000.0,1316.31,0.59,1316.2402116218204,-13.554387103267459
52000.0,1316.31,0.59,1316.2402116218204,-13.554387103267459
53000.0,1219.18,-3.14,1217.349611975347,66.78169377510922
54000.0,1219.18,-3.14,1217.349611975347,66.78169377510922
55000.0,1219.18,-3.14,1217.349611975347,66.78169377510922
56000.0,1228.54,1.89,1227.8716587474964,-40.51815944328427
57000.0,1228.54,1.89,1227.8716587474964,-40.51815944328427
58000.0,1323.33,-2.46,1322.1104590292744,56.79985057552118
59000.0,1323.33,-2.46,1322.1104590292744,56.79985057552118
60000.0,1323.33,-2.46,1322.1104590292744,56.79985057552118
61000.0,1382.93,0.1,1382.927893677693,-2.413666957051748
62000.0,1294.36,-4.22,1290.8507978424811,95.24719055924835
63000.0,1294.36,-4.22,1290.8507978424811,95.24719055924835
64000.0,1231.68,-1.65,1231.1693062968654,35.464935252942745
65000.0,1231.68,-1.65,1231.1693062968654,35.464935252942745
66000.0,1279.75,1.01,1279.5511702441574,-22.558041289243455
67000.0,1279.75,1.01,1279.5511702441574,-22.558041289243455
68000.0,1279.75,1.01,1279.5511702441574,-22.558041289243455
69000.0,1196.87,-4.15,1193.7318186504522,86.61490657781476
70000.0,1243.19,-1.23,1242.9035454060818,26.686193377701617
71000.0,1243.19,-1.23,1242.9035454060818,26.686193377701617
72000.0,1243.19,-1.23,1242.9035454060818,26.686193377701617
73000.0,1243.19,-1.23,1242.9035454060818,26.686193377701617
74000.0,1180.46,0.79,1180.3477921302915,-16.275786099174535
75000.0,1217.41,3.64,1214.9540569218957,-77.29002308854032
76000.0,1217.41,3.64,1214.9540569218957,-77.29002308854032
77000.0,1150.59,-1.67,1150.1012941580123,33.53149677639314
78000.0,1150.59,-1.67,1150.1012941580123,33.53149677639314
79000.0,1150.59,-1.67,1150.1012941580123,33.53149677639314
80000.0,1186.24,1.51,1185.828067496376,-31.25910967718789
81000.0,1186.24,1.51,1185.828067496376,-31.25910967718789
82000.0,1186.24,1.51,1185.828067496376,-31.25910967718789
83000.0,1186.24,1.51,1185.828067496376,-31.25910967718789
84000.0,1186.24,1.51,1185.828067496376,-31.25910967718789
85000.0,1156.47,-1.54,1156.0522904480242,31.079939669780273
86000.0,1156.47,-1.54,1156.0522904480242,31.079939669780273
87000.0,1156.47,-1.54,1156.0522904480242,31.079939669780273
88000.0,1156.47,-1.54,1156.0522904480242,31.079939669780273
89000.0,1156.47,-1.54,1156.0522904480242,31.079939669780273
90000.0,1187.25,2.2,1186.37489750851,-45.57592633915805
91000.0,1187.25,2.2,1186.37489750851,-45.57592633915805
92000.0,1187.25,2.2,1186.37489750851,-45.57592633915805
93000.0,1137.3,-5.1,1132.7975036916682,101.09948382620392
94000.0,1137.3,-5.1,1132.7975036916682,101.09948382620392
95000.0,1160.87,-1.55,1160.4452384104004,31.4007253201042
96000.0,1160.87,-1.55,1160.4452384104004,31.4007253201042
97000.0,1160.87,-1.55,1160.4452384104004,31.4007253201042
98000.0,1084.47,-0.43,1084.4394594288453,8.138779618199308
99000.0,1101.7,3.32,1099.8509751972126,-63.802212796580974
100000.0,1182.07,2.46,1180.9806399800007,-50.73670163134389
1000.0,2160.0,0.0,2160.0,-0.0
2000.0,2128.29,-4.99,2120.2235562919473,185.12264973451497
3000.0,1964.01,-4.58,1957.7385476888128,156.82811926850783
4000.0,1963.75,-8.26,1943.3787007449369,282.12282429984396
5000.0,1813.79,-3.37,1810.6534924521063,106.62126603539429
6000.0,1813.79,-3.37,1810.6534924521063,106.62126603539429
7000.0,1680.24,-3.25,1677.5376205372797,95.25748937548943
8000.0,1692.37,-8.6,1673.3416365925211,253.06912918383068
9000.0,1574.64,-8.49,1557.3845373111708,232.47479980434645
10000.0,1574.64,-8.49,1557.3845373111708,232.47479980434645
11000.0,1574.74,-5.83,1566.5949085236125,159.9576824910072
12000.0,1478.11,-5.9,1470.2801810090664,151.93867655059736
13000.0,1478.11,-5.9,1470.2801810090664,151.93867655059736
14000.0,1478.11,-5.9,1470.2801810090664,151.93867655059736
15000.0,1496.81,-7.57,1483.764782442879,197.185817142704
16000.0,1496.81,-7.57,1483.764782442879,197.185817142704
17000.0,1496.81,-7.57,1483.764782442879,197.185817142704
18000.0,1426.15,-4.24,1422.2467761717844,105.4415960091955
19000.0,1426.15,-4.24,1422.2467761717844,105.4415960091955
20000.0,1426.15,-4.24,1422.2467761717844,105.4415960091955
21000.0,1444.54,-5.84,1437.0427157459037,146.98314434532057
22000.0,1444.54,-5.84,1437.0427157459037,146.98314434532057
23000.0,1326.09,-7.45,1314.8956646470183,171.94208092400137
24000.0,1309.43,-4.32,1305.7097787682558,98.63517896244095
25000.0,1309.43,-4.32,1305.7097787682558,98.63517896244095
26000.0,1309.43,-4.32,1305.7097787682558,98.63517896244095
27000.0,1309.43,-4.32,1305.7097787682558,98.63517896244095
28000.0,1338.35,-0.48,1338.3030349945045,11.212003589808248
29000.0,1383.08,-5.3,1377.1669155651318,127.75591208559038
30000.0,1383.08,-5.3,1377.1669155651318,127.75591208559038
31000.0,1383.08,-5.3,1377.1669155651318,127.75591208559038
32000.0,1356.27,-2.22,1355.2520592267563,52.53730923483829
33000.0,1356.27,-2.22,1355.2520592267563,52.53730923483829
34000.0,1356.27,-2.22,1355.2520592267563,52.53730923483829
35000.0,1242.59,-4.54,1238.6911452545128,98.35728121528811
36000.0,1271.94,-6.32,1264.20989963309,140.0167606741893
37000.0,1271.94,-6.32,1264.20989963309,140.0167606741893
38000.0,1339.44,-4.92,1334.5047253072537,114.8766805431437
39000.0,1339.44,-4.92,1334.5047253072537,114.8766805431437
40000.0,1297.87,-1.49,1297.4311622348341,33.7478319595081
41000.0,1297.87,-1.49,1297.4311622348341,33.7478319595081
42000.0,1297.87,-1.49,1297.4311622348341,33.7478319595081
43000.0,1297.87,-1.49,1297.4311622348341,33.7478319595081
44000.0,1369.42,0.31,1369.3999560304615,-7.409239081752316
45000.0,1223.77,0.39,1223.7416500642314,-8.329873832917905
46000.0,1297.28,-4.18,1293.8292110934617,94.55882254591731
47000.0,1297.28,-4.18,1293.8292110934617,94.55882254591731
48000.0,1297.28,-4.18,1293.8292110934617,94.55882254591731
49000.0,1297.28,-4.18,1293.8292110934617,94.55882254591731
50000.0,1316.31,0.59,1316.2402116218204,-13.554387103267459
51000.0,1316.31,0.59,1316.2402116218204,-13.554387103267459
52000.0,1316.31,0.59,1316.2402116218204,-13.554387103267459
53000.0,1219.18,-3.14,1217.349611975347,66.78169377510922
54000.0,1219.18,-3.14,1217.349611975347,66.78169377510922
55000.0,1219.18,-3.14,1217.349611975347,66.78169377510922
56000.0,1228.54,1.89,1227.8716587474964,-40.51815944328427
57000.0,1228.54,1.89,1227.8716587474964,-40.51815944328427
58000.0,1323.33,-2.46,1322.1104590292744,56.79985057552118
59000.0,1323.33,-2.46,1322.1104590292744,56.79985057552118
60000.0,1323.33,-2.46,1322.1104590292744,56.79985057552118
61000.0,1382.93,0.1,1382.927893677693,-2.413666957051748
62000.0,1294.36,-4.22,1290.8507978424811,95.24719055924835
63000.0,1294.36,-4.22,1290.8507978424811,95.24719055924835
64000.0,1231.68,-1.65,1231.1693062968654,35.464935252942745
65000.0,1231.68,-1.65,1231.1693062968654,35.464935252942745
66000.0,1279.75,1.01,1279.5511702441574,-22.558041289243455
67000.0,1279.75,1.01,1279.5511702441574,-22.558041289243455
68000.0,1279.75,1.01,1279.5511702441574,-22.558041289243455
69000.0,1196.87,-4.15,1193.7318186504522,86.61490657781476
70000.0,1196.87,-4.15,1193.7318186504522,86.61490657781476
71000.0,1243.19,-1.23,1242.9035454060818,26.686193377701617
72000.0,1243.19,-1.23,1242.9035454060818,26.686193377701617
73000.0,1243.19,-1.23,1242.9035454060818,26.686193377701617
74000.0,1180.46,0.79,1180.3477921302915,-16.275786099174535
75000.0,1180.46,0.79,1180.3477921302915,-16.275786099174535
76000.0,1217.41,3.64,1214.9540569218957,-77.29002308854032
77000.0,1150.59,-1.67,1150.1012941580123,33.53149677639314
78000.0,1150.59,-1.67,1150.1012941580123,33.53149677639314
79000.0,1150.59,-1.67,1150.1012941580123,33.53149677639314
80000.0,1186.24,1.51,1185.828067496376,-31.25910967718789
81000.0,1186.24,1.51,1185.828067496376,-31.25910967718789
82000.0,1186.24,1.51,1185.828067496376,-31.25910967718789
83000.0,1186.24,1.51,1185.828067496376,-31.25910967718789
84000.0,1186.24,1.51,1185.828067496376,-31.25910967718789
85000.0,1156.47,-1.54,1156.0522904480242,31.079939669780273
86000.0,1156.47,-1.54,1156.0522904480242,31.079939669780273
87000.0,1156.47,-1.54,1156.0522904480242,31.079939669780273
88000.0,1156.47,-1.54,1156.0522904480242,31.079939669780273
89000.0,1156.47,-1.54,1156.0522904480242,31.079939669780273
90000.0,1187.25,2.2,1186.37489750851,-45.57592633915805
91000.0,1187.25,2.2,1186.37489750851,-45.57592633915805
92000.0,1187.25,2.2,1186.37489750851,-45.57592633915805
93000.0,1137.3,-5.1,1132.7975036916682,101.09948382620392
94000.0,1137.3,-5.1,1132.7975036916682,101.09948382620392
95000.0,1160.87,-1.55,1160.4452384104004,31.4007253201042
96000.0,1160.87,-1.55,1160.4452384104004,31.4007253201042
97000.0,1160.87,-1.55,1160.4452384104004,31.4007253201042
98000.0,1084.47,-0.43,1084.4394594288453,8.138779618199308
99000.0,1160.87,-1.55,1160.4452384104004,31.4007253201042
100000.0,1182.07,2.46,1180.9806399800007,-50.73670163134389
1000.0,2160.0,0.0,2160.0,-0.0
2000.0,2128.29,-4.99,2120.2235562919473,185.12264973451497
3000.0,1964.01,-4.58,1957.7385476888128,156.82811926850783
4000.0,1963.75,-8.26,1943.3787007449369,282.12282429984396
5000.0,1813.79,-3.37,1810.6534924521063,106.62126603539429
6000.0,1813.79,-3.37,1810.6534924521063,106.62126603539429
7000.0,1680.24,-3.25,1677.5376205372797,95.25748937548943
8000.0,1692.37,-8.6,1673.3416365925211,253.06912918383068
9000.0,1574.64,-8.49,1557.3845373111708,232.47479980434645
10000.0,1574.64,-8.49,1557.3845373111708,232.47479980434645
11000.0,1574.74,-5.83,1566.5949085236125,159.9576824910072
12000.0,1478.11,-5.9,1470.2801810090664,151.93867655059736
13000.0,1478.11,-5.9,1470.2801810090664,151.93867655059736
14000.0,1478.11,-5.9,1470.2801810090664,151.93867655059736
15000.0,1496.81,-7.57,1483.764782442879,197.185817142704
16000.0,1496.81,-7.57,1483.764782442879,197.185817142704
17000.0,1496.81,-7.57,1483.764782442879,197.185817142704
18000.0,1426.15,-4.24,1422.2467761717844,105.4415960091955
19000.0,1426.15,-4.24,1422.2467761717844,105.4415960091955
20000.0,1426.15,-4.24,1422.2467761717844,105.4415960091955
21000.0,1444.54,-5.84,1437.0427157459037,146.98314434532057
22000.0,1444.54,-5.84,1437.0427157459037,146.98314434532057
23000.0,1326.09,-7.45,1314.8956646470183,171.94208092400137
24000.0,1309.43,-4.32,1305.7097787682558,98.63517896244095
25000.0,1309.43,-4.32,1305.7097787682558,98.63517896244095
26000.0,1309.43,-4.32,1305.7097787682558,98.63517896244095
27000.0,1309.43,-4.32,1305.7097787682558,98.63517896244095
28000.0,1288.79,-1.19,1288.5120381406373,26.76549395510377
29000.0,1383.08,-5.3,1377.1669155651318,127.75591208559038
30000.0,1383.08,-5.3,1377.1669155651318,127.75591208559038
31000.0,1383.08,-5.3,1377.1669155651318,127.75591208559038
32000.0,1356.27,-2.22,1355.2520592267563,52.53730923483829
33000.0,1356.27,-2.22,1355.2520592267563,52.53730923483829
34000.0,1356.27,-2.22,1355.2520592267563,52.53730923483829
35000.0,1242.59,-4.54,1238.6911452545128,98.35728121528811
36000.0,1271.94,-6.32,1264.20989963309,140.0167606741893
37000.0,1271.94,-6.32,1264.20989963309,140.0167606741893
38000.0,1339.44,-4.92,1334.5047253072537,114.8766805431437
39000.0,1339.44,-4.92,1334.5047253072537,114.8766805431437
40000.0,1297.87,-1.49,1297.4311622348341,33.7478319595081
41000.0,1297.87,-1.49,1297.4311622348341,33.7478319595081
42000.0,1297.87,-1.49,1297.4311622348341,33.7478319595081
43000.0,1297.87,-1.49,1297.4311622348341,33.7478319595081
44000.0,1369.42,0.31,1369.3999560304615,-7.409239081752316
45000.0,1223.77,0.39,1223.7416500642314,-8.329873832917905
46000.0,1297.28,-4.18,1293.8292110934617,94.55882254591731
47000.0,1297.28,-4.18,1293.8292110934617,94.55882254591731
48000.0,1297.28,-4.18,1293.8292110934617,94.55882254591731
49000.0,1297.28,-4.18,1293.8292110934617,94.55882254591731
50000.0,1316.31,0.59,1316.2402116218204,-13.554387103267459
51000.0,1316.31,0.59,1316.2402116218204,-13.554387103267459
52000.0,1316.31,0.59,1316.2402116218204,-13.554387103267459
53000.0,1219.18,-3.14,1217.349611975347,66.78169377510922
54000.0,1219.18,-3.14,1217.349611975347,66.78169377510922
55000.0,1219.18,-3.14,1217.349611975347,66.78169377510922
56000.0,1228.54,1.89,1227.8716587474964,-40.51815944328427
57000.0,1228.54,1.89,1227.8716587474964,-40.51815944328427
58000.0,1323.33,-2.46,1322.1104590292744,56.79985057552118
59000.0,1323.33,-2.46,1322.1104590292744,56.79985057552118
60000.0,1323.33,-2.46,1322.1104590292744,56.79985057552118
61000.0,1382.93,0.1,1382.927893677693,-2.413666957051748
62000.0,1294.36,-4.22,1290.8507978424811,95.24719055924835
63000.0,1294.36,-4.22,1290.8507978424811,95.24719055924835
64000.0,1231.68,-1.65,1231.1693062968654,35.464935252942745
65000.0,1231.68,-1.65,1231.1693062968654,35.464935252942745
66000.0,1279.75,1.01,1279.5511702441574,-22.558041289243455
67000.0,1279.75,1.01,1279.5511702441574,-22.558041289243455
68000.0,1279.75,1.01,1279.5511702441574,-22.558041289243455
69000.0,1196.87,-4.15,1193.7318186504522,86.61490657781476
70000.0,1243.19,-1.23,1242.9035454060818,26.686193377701617
71000.0,1243.19,-1.23,1242.9035454060818,26.686193377701617
72000.0,1243.19,-1.23,1242.9035454060818,26.686193377701617
73000.0,1180.46,0.79,1180.3477921302915,-16.275786099174535
74000.0,1180.46,0.79,1180.3477921302915,-16.275786099174535
75000.0,1217.41,3.64,1214.9540569218957,-77.29002308854032
76000.0,1217.41,3.64,1214.9540569218957,-77.29002308854032
77000.0,1150.59,-1.67,1150.1012941580123,33.53149677639314
78000.0,1150.59,-1.67,1150.1012941580123,33.53149677639314
79000.0,1150.59,-1.67,1150.1012941580123,33.53149677639314
80000.0,1186.24,1.51,1185.828067496376,-31.25910967718789
81000.0,1186.24,1.51,1185.828067496376,-31.25910967718789
82000.0,1186.24,1.51,1185.828067496376,-31.25910967718789
83000.0,1186.24,1.51,1185.828067496376,-31.25910967718789
84000.0,1186.24,1.51,1185.828067496376,-31.25910967718789
85000.0,1156.47,-1.54,1156.0522904480242,31.079939669780273
86000.0,1156.47,-1.54,1156.0522904480242,31.079939669780273
87000.0,1156.47,-1.54,1156.0522904480242,31.079939669780273
88000.0,1156.47,-1.54,1156.0522904480242,31.079939669780273
89000.0,1156.47,-1.54,1156.0522904480242,31.079939669780273
90000.0,1187.25,2.2,1186.37489750851,-45.57592633915805
91000.0,1187.25,2.2,1186.37489750851,-45.57592633915805
92000.0,1187.25,2.2,1186.37489750851,-45.57592633915805
93000.0,1137.3,-5.1,1132.7975036916682,101.09948382620392
94000.0,1065.18,-3.78,1062.8627450696376,70.22262842584867
95000.0,1084.47,-0.43,1084.4394594288453,8.138779618199308
96000.0,1160.87,-1.55,1160.4452384104004,31.4007253201042
97000.0,1160.87,-1.55,1160.4452384104004,31.4007253201042
98000.0,1160.87,-1.55,1160.4452384104004,31.4007253201042
99000.0,1101.7,3.32,1099.8509751972126,-63.802212796580974
100000.0,1182.07,2.46,1180.9806399800007,-50.73670163134389
1000.0,2160.0,0.0,2160.0,-0.0
2000.0,2128.29,-4.99,2120.2235562919473,185.12264973451497
3000.0,1964.01,-4.58,1957.7385476888128,156.82811926850783
4000.0,1963.75,-8.26,1943.3787007449369,282.12282429984396
5000.0,1813.79,-3.37,1810.6534924521063,106.62126603539429
6000.0,1813.79,-3.37,1810.6534924521063,106.62126603539429
7000.0,1680.24,-3.25,1677.5376205372797,95.25748937548943
8000.0,1692.37,-8.6,1673.3416365925211,253.06912918383068
9000.0,1574.64,-8.49,1557.3845373111708,232.47479980434645
10000.0,1574.64,-8.49,1557.3845373111708,232.47479980434645
11000.0,1574.74,-5.83,1566.5949085236125,159.9576824910072
12000.0,1478.11,-5.9,1470.2801810090664,151.93867655059736
13000.0,1478.11,-5.9,1470.2801810090664,151.93867655059736
14000.0,1473.19,-2.26,1472.0441069887415,58.09408902563681
15000.0,1496.81,-7.57,1483.764782442879,197.185817142704
16000.0,1496.81,-7.57,1483.764782442879,197.185817142704
17000.0,1496.81,-7.57,1483.764782442879,197.185817142704
18000.0,1426.15,-4.24,1422.2467761717844,105.4415960091955
19000.0,1426.15,-4.24,1422.2467761717844,105.4415960091955
20000.0,1426.15,-4.24,1422.2467761717844,105.4415960091955
21000.0,1444.54,-5.84,1437.0427157459037,146.98314434532057
22000.0,1444.54,-5.84,1437.0427157459037,146.98314434532057
23000.0,1326.09,-7.45,1314.8956646470183,171.94208092400137
24000.0,1326.09,-7.45,1314.8956646470183,171.94208092400137
25000.0,1309.43,-4.32,1305.7097787682558,98.63517896244095
26000.0,1309.43,-4.32,1305.7097787682558,98.63517896244095
27000.0,1309.43,-4.32,1305.7097787682558,98.63517896244095
28000.0,1288.79,-1.19,1288.5120381406373,26.76549395510377
29000.0,1383.08,-5.3,1377.1669155651318,127.75591208559038
30000.0,1383.08,-5.3,1377.1669155651318,127.75591208559038
31000.0,1383.08,-5.3,1377.1669155651318,127.75591208559038
32000.0,1356.27,-2.22,1355.2520592267563,52.53730923483829
33000.0,1356.27,-2.22,1355.2520592267563,52.53730923483829
34000.0,1356.27,-2.22,1355.2520592267563,52.53730923483829
35000.0,1242.59,-4.54,1238.6911452545128,98.35728121528811
36000.0,1271.94,-6.32,1264.20989963309,140.0167606741893
37000.0,1271.94,-6.32,1264.20989963309,140.0167606741893
38000.0,1339.44,-4.92,1334.5047253072537,114.8766805431437
39000.0,1339.44,-4.92,1334.5047253072537,114.8766805431437
40000.0,1297.87,-1.49,1297.4311622348341,33.7478319595081
41000.0,1297.87,-1.49,1297.4311622348341,33.7478319595081
42000.0,1297.87,-1.49,1297.4311622348341,33.7478319595081
43000.0,1297.87,-1.49,1297.4311622348341,33.7478319595081
44000.0,1297.87,-1.49,1297.4311622348341,33.7478319595081
45000.0,1223.77,0.39,1223.7416500642314,-8.329873832917905
46000.0,1297.28,-4.18,1293.8292110934617,94.55882254591731
47000.0,1297.28,-4.18,1293.8292110934617,94.55882254591731
48000.0,1297.28,-4.18,1293.8292110934617,94.55882254591731
49000.0,1297.28,-4.18,1293.8292110934617,94.55882254591731
50000.0,1316.31,0.59,1316.2402116218204,-13.554387103267459
51000.0,1316.31,0.59,1316.2402116218204,-13.554387103267459
52000.0,1316.31,0.59,1316.2402116218204,-13.554387103267459
53000.0,1219.18,-3.14,1217.349611975347,66.78169377510922
54000.0,1219.18,-3.14,1217.349611975347,66.78169377510922
55000.0,1219.18,-3.14,1217.349611975347,66.78169377510922
56000.0,1228.54,1.89,1227.8716587474964,-40.51815944328427
57000.0,1228.54,1.89,1227.8716587474964,-40.51815944328427
58000.0,1323.33,-2.46,1322.1104590292744,56.79985057552118
59000.0,1323.33,-2.46,1322.1104590292744,56.79985057552118
60000.0,1323.33,-2.46,1322.1104590292744,56.79985057552118
61000.0,1382.93,0.1,1382.927893677693,-2.413666957051748
62000.0,1294.36,-4.22,1290.8507978424811,95.24719055924835
63000.0,1294.36,-4.22,1290.8507978424811,95.24719055924835
64000.0,1231.68,-1.65,1231.1693062968654,35.464935252942745
65000.0,1231.68,-1.65,1231.1693062968654,35.464935252942745
66000.0,1279.75,1.01,1279.5511702441574,-22.558041289243455
67000.0,1279.75,1.01,1279.5511702441574,-22.558041289243455
68000.0,1279.75,1.01,1279.5511702441574,-22.558041289243455
69000.0,1196.87,-4.15,1193.7318186504522,86.61490657781476
70000.0,1196.87,-4.15,1193.7318186504522,86.61490657781476
71000.0,1243.19,-1.23,1242.9035454060818,26.686193377701617
72000.0,1243.19,-1.23,1242.9035454060818,26.686193377701617
73000.0,1243.19,-1.23,1242.9035454060818,26.686193377701617
74000.0,1180.46,0.79,1180.3477921302915,-16.275786099174535
75000.0,1217.41,3.64,1214.9540569218957,-77.29002308854032
76000.0,1217.41,3.64,1214.9540569218957,-77.29002308854032
77000.0,1150.59,-1.67,1150.1012941580123,33.53149677639314
78000.0,1150.59,-1.67,1150.1012941580123,33.53149677639314
79000.0,1150.59,-1.67,1150.1012941580123,33.53149677639314
80000.0,1186.24,1.51,1185.828067496376,-31.25910967718789
81000.0,1186.24,1.51,1185.828067496376,-31.25910967718789
82000.0,1186.24,1.51,1185.828067496376,-31.25910967718789
83000.0,1186.24,1.51,1185.828067496376,-31.25910967718789
84000.0,1186.24,1.51,1185.828067496376,-31.25910967718789
85000.0,1156.47,-1.54,1156.0522904480242,31.079939669780273
86000.0,1156.47,-1.54,1156.0522904480242,31.079939669780273
87000.0,1156.47,-1.54,1156.0522904480242,31.079939669780273
88000.0,1156.47,-1.54,1156.0522904480242,31.079939669780273
89000.0,1156.47,-1.54,1156.0522904480242,31.079939669780273
90000.0,1187.25,2.2,1186.37489750851,-45.57592633915805
91000.0,1187.25,2.2,1186.37489750851,-45.57592633915805
92000.0,1187.25,2.2,1186.37489750851,-45.57592633915805
93000.0,1137.3,-5.1,1132.7975036916682,101.09948382620392
94000.0,1137.3,-5.1,1132.7975036916682,101.09948382620392
95000.0,1160.87,-1.55,1160.4452384104004,31.4007253201042
96000.0,1160.87,-1.55,1160.4452384104004,31.4007253201042
97000.0,1084.47,-0.43,1084.4394594288453,8.138779618199308
98000.0,1084.47,-0.43,1084.4394594288453,8.138779618199308
99000.0,1084.47,-0.43,1084.4394594288453,8.138779618199308
100000.0,1182.07,2.46,1180.9806399800007,-50.73670163134389
1000.0,2160.0,0.0,2160.0,-0.0
2000.0,2128.29,-4.99,2120.2235562919473,185.12264973451497
3000.0,1964.01,-4.58,1957.7385476888128,156.82811926850783
4000.0,1963.75,-8.26,1943.3787007449369,282.12282429984396
5000.0,1813.79,-3.37,1810.6534924521063,106.62126603539429
6000.0,1813.79,-3.37,1810.6534924521063,106.62126603539429
7000.0,1680.24,-3.25,1677.5376205372797,95.25748937548943
8000.0,1692.37,-8.6,1673.3416365925211,253.06912918383068
9000.0,1574.64,-8.49,1557.3845373111708,232.47479980434645
10000.0,1574.64,-8.49,1557.3845373111708,232.47479980434645
11000.0,1574.74,-5.83,1566.5949085236125,159.9576824910072
12000.0,1478.11,-5.9,1470.2801810090664,151.93867655059736
13000.0,1478.11,-5.9,1470.2801810090664,151.93867655059736
14000.0,1478.11,-5.9,1470.2801810090664,151.93867655059736
15000.0,1496.81,-7.57,1483.764782442879,197.185817142704
16000.0,1496.81,-7.57,1483.764782442879,197.185817142704
17000.0,1496.81,-7.57,1483.764782442879,197.185817142704
18000.0,1426.15,-4.24,1422.2467761717844,105.4415960091955
19000.0,1426.15,-4.24,1422.2467761717844,105.4415960091955
20000.0,1426.15,-4.24,1422.2467761717844,105.4415960091955
21000.0,1444.54,-5.84,1437.0427157459037,146.98314434532057
22000.0,1444.54,-5.84,1437.0427157459037,146.98314434532057
23000.0,1326.09,-7.45,1314.8956646470183,171.94208092400137
24000.0,1326.09,-7.45,1314.8956646470183,171.94208092400137
25000.0,1309.43,-4.32,1305.7097787682558,98.63517896244095
26000.0,1309.43,-4.32,1305.7097787682558,98.63517896244095
27000.0,1361.51,-3.73,1358.6259030794602,88.57276997769239
28000.0,1288.79,-1.19,1288.5120381406373,26.76549395510377
29000.0,1383.08,-5.3,1377.1669155651318,127.75591208559038
30000.0,1383.08,-5.3,1377.1669155651318,127.75591208559038
31000.0,1383.08,-5.3,1377.1669155651318,127.75591208559038
32000.0,1356.27,-2.22,1355.2520592267563,52.53730923483829
33000.0,1356.27,-2.22,1355.2520592267563,52.53730923483829
34000.0,1356.27,-2.22,1355.2520592267563,52.53730923483829
35000.0,1242.59,-4.54,1238.6911452545128,98.35728121528811
36000.0,1271.94,-6.32,1264.20989963309,140.0167606741893
37000.0,1271.94,-6.32,1264.20989963309,140.0167606741893
38000.0,1339.44,-4.92,1334.5047253072537,114.8766805431437
39000.0,1339.44,-4.92,1334.5047253072537,114.8766805431437
40000.0,1297.87,-1.49,1297.4311622348341,33.7478319595081
41000.0,1297.87,-1.49,1297.4311622348341,33.7478319595081
42000.0,1297.87,-1.49,1297.4311622348341,33.7478319595081
43000.0,1297.87,-1.49,1297.4311622348341,33.7478319595081
44000.0,1297.87,-1.49,1297.4311622348341,33.7478319595081
45000.0,1223.77,0.39,1223.7416500642314,-8.329873832917905
46000.0,1297.28,-4.18,1293.8292110934617,94.55882254591731
47000.0,1297.28,-4.18,1293.8292110934617,94.55882254591731
48000.0,1297.28,-4.18,1293.8292110934617,94.55882254591731
49000.0,1297.28,-4.18,1293.8292110934617,94.55882254591731
50000.0,1316.31,0.59,1316.2402116218204,-13.554387103267459
51000.0,1316.31,0.59,1316.2402116218204,-13.554387103267459
52000.0,1316.31,0.59,1316.2402116218204,-13.554387103267459
53000.0,1219.18,-3.14,1217.349611975347,66.78169377510922
54000.0,1219.18,-3.14,1217.349611975347,66.78169377510922
55000.0,1219.18,-3.14,1217.349611975347,66.78169377510922
56000.0,1228.54,1.89,1227.8716587474964,-40.51815944328427
57000.0,1228.54,1.89,1227.8716587474964,-40.51815944328427
58000.0,1323.33,-2.46,1322.1104590292744,56.79985057552118
59000.0,1323.33,-2.46,1322.1104590292744,56.79985057552118
60000.0,1323.33,-2.46,1322.1104590292744,56.79985057552118
61000.0,1382.93,0.1,1382.927893677693,-2.413666957051748
62000.0,1294.36,-4.22,1290.8507978424811,95.24719055924835
63000.0,1294.36,-4.22,1290.8507978424811,95.24719055924835
64000.0,1231.68,-1.65,1231.1693062968654,35.464935252942745
65000.0,1231.68,-1.65,1231.1693062968654,35.464935252942745
66000.0,1279.75,1.01,1279.5511702441574,-22.558041289243455
67000.0,1279.75,1.01,1279.5511702441574,-22.558041289243455
68000.0,1279.75,1.01,1279.5511702441574,-22.558041289243455
69000.0,1196.87,-4.15,1193.7318186504522,86.61490657781476
70000.0,1243.19,-1.23,1242.9035454060818,26.686193377701617
71000.0,1243.19,-1.23,1242.9035454060818,26.686193377701617
72000.0,1243.19,-1.23,1242.9035454060818,26.686193377701617
73000.0,1243.19,-1.23,1242.9035454060818,26.686193377701617
74000.0,1180.46,0.79,1180.3477921302915,-16.275786099174535
75000.0,1217.41,3.64,1214.9540569218957,-77.29002308854032
76000.0,1217.41,3.64,1214.9540569218957,-77.29002308854032
77000.0,1150.59,-1.67,1150.1012941580123,33.53149677639314
78000.0,1150.59,-1.67,1150.1012941580123,33.53149677639314
79000.0,1150.59,-1.67,1150.1012941580123,33.53149677639314
80000.0,1186.24,1.51,1185.828067496376,-31.25910967718789
81000.0,1186.24,1.51,1185.828067496376,-31.25910967718789
82000.0,1186.24,1.51,1185.828067496376,-31.25910967718789
83000.0,1186.24,1.51,1185.828067496376,-31.25910967718789
84000.0,1186.24,1.51,1185.828067496376,-31.25910967718789
85000.0,1156.47,-1.54,1156.0522904480242,31.079939669780273
86000.0,1156.47,-1.54,1156.0522904480242,31.079939669780273
87000.0,1156.47,-1.54,1156.0522904480242,31.079939669780273
88000.0,1156.47,-1.54,1156.0522904480242,31.079939669780273
89000.0,1156.47,-1.54,1156.0522904480242,31.079939669780273
90000.0,1187.25,2.2,1186.37489750851,-45.57592633915805
91000.0,1187.25,2.2,1186.37489750851,-45.57592633915805
92000.0,1187.25,2.2,1186.37489750851,-45.57592633915805
93000.0,1137.3,-5.1,1132.7975036916682,101.09948382620392
94000.0,1137.3,-5.1,1132.7975036916682,101.09948382620392
95000.0,1160.87,-1.55,1160.4452384104004,31.4007253201042
96000.0,1160.87,-1.55,1160.4452384104004,31.4007253201042
97000.0,1160.87,-1.55,1160.4452384104004,31.4007253201042
98000.0,1160.87,-1.55,1160.4452384104004,31.4007253201042
99000.0,1084.47,-0.43,1084.4394594288453,8.138779618199308
100000.0,1182.07,2.46,1180.9806399800007,-50.73670163134389
1000.0,2160.0,0.0,2160.0,-0.0
2000.0,2128.29,-4.99,2120.2235562919473,185.12264973451497
3000.0,1964.01,-4.58,1957.7385476888128,156.82811926850783
4000.0,1963.75,-8.26,1943.3787007449369,282.12282429984396
5000.0,1813.79,-3.37,1810.6534924521063,106.62126603539429
6000.0,1813.79,-3.37,1810.6534924521063,106.62126603539429
7000.0,1680.24,-3.25,1677.5376205372797,95.25748937548943
8000.0,1692.37,-8.6,1673.3416365925211,253.06912918383068
9000.0,1574.64,-8.49,1557.3845373111708,232.47479980434645
10000.0,1574.64,-8.49,1557.3845373111708,232.47479980434645
11000.0,1574.74,-5.83,1566.5949085236125,159.9576824910072
12000.0,1478.11,-5.9,1470.2801810090664,151.93867655059736
13000.0,1478.11,-5.9,1470.2801810090664,151.93867655059736
14000.0,1478.11,-5.9,1470.2801810090664,151.93867655059736
15000.0,1496.81,-7.57,1483.764782442879,197.185817142704
16000.0,1496.81,-7.57,1483.764782442879,197.185817142704
17000.0,1496.81,-7.57,1483.764782442879,197.185817142704
18000.0,1426.15,-4.24,1422.2467761717844,105.4415960091955
19000.0,1426.15,-4.24,1422.2467761717844,105.4415960091955
20000.0,1426.15,-4.24,1422.2467761717844,105.4415960091955
21000.0,1444.54,-5.84,1437.0427157459037,146.98314434532057
22000.0,1444.54,-5.84,1437.0427157459037,146.98314434532057
23000.0,1326.09,-7.45,1314.8956646470183,171.94208092400137
24000.0,1326.09,-7.45,1314.8956646470183,171.94208092400137
25000.0,1309.43,-4.32,1305.7097787682558,98.63517896244095
26000.0,1309.43,-4.32,1305.7097787682558,98.63517896244095
27000.0,1309.43,-4.32,1305.7097787682558,98.63517896244095
28000.0,1288.79,-1.19,1288.5120381406373,26.76549395510377
29000.0,1383.08,-5.3,1377.1669155651318,127.75591208559038
30000.0,1383.08,-5.3,1377.1669155651318,127.75591208559038
31000.0,1383.08,-5.3,1377.1669155651318,127.75591208559038
32000.0,1356.27,-2.22,1355.2520592267563,52.53730923483829
33000.0,1356.27,-2.22,1355.2520592267563,52.53730923483829
34000.0,1356.27,-2.22,1355.2520592267563,52.53730923483829
35000.0,1242.59,-4.54,1238.6911452545128,98.35728121528811
36000.0,1271.94,-6.32,1264.20989963309,140.0167606741893
37000.0,1271.94,-6.32,1264.20989963309,140.0167606741893
38000.0,1339.44,-4.92,1334.5047253072537,114.8766805431437
39000.0,1339.44,-4.92,1334.5047253072537,114.8766805431437
40000.0,1297.87,-1.49,1297.4311622348341,33.7478319595081
41000.0,1297.87,-1.49,1297.4311622348341,33.7478319595081
42000.0,1297.87,-1.49,1297.4311622348341,33.7478319595081
43000.0,1297.87,-1.49,1297.4311622348341,33.7478319595081
44000.0,1297.87,-1.49,1297.4311622348341,33.7478319595081
45000.0,1223.77,0.39,1223.7416500642314,-8.329873832917905
46000.0,1297.28,-4.18,1293.8292110934617,94.55882254591731
47000.0,1297.28,-4.18,1293.8292110934617,94.55882254591731
48000.0,1297.28,-4.18,1293.8292110934617,94.55882254591731
49000.0,1297.28,-4.18,1293.8292110934617,94.55882254591731
50000.0,1316.31,0.59,1316.2402116218204,-13.554387103267459
51000.0,1316.31,0.59,1316.2402116218204,-13.554387103267459
52000.0,1316.31,0.59,1316.2402116218204,-13.554387103267459
53000.0,1219.18,-3.14,1217.349611975347,66.78169377510922
54000.0,1219.18,-3.14,1217.349611975347,66.78169377510922
55000.0,1219.18,-3.14,1217.349611975347,66.78169377510922
56000.0,1228.54,1.89,1227.8716587474964,-40.51815944328427
57000.0,1228.54,1.89,1227.8716587474964,-40.51815944328427
58000.0,1323.33,-2.46,1322.1104590292744,56.79985057552118
59000.0,1323.33,-2.46,1322.1104590292744,56.79985057552118
60000.0,1323.33,-2.46,1322.1104590292744,56.79985057552118
61000.0,1382.93,0.1,1382.927893677693,-2.413666957051748
62000.0,1294.36,-4.22,1290.8507978424811,95.24719055924835
63000.0,1294.36,-4.22,1290.8507978424811,95.24719055924835
64000.0,1231.68,-1.65,1231.1693062968654,35.464935252942745
65000.0,1231.68,-1.65,1231.1693062968654,35.464935252942745
66000.0,1279.75,1.01,1279.5511702441574,-22.558041289243455
67000.0,1279.75,1.01,1279.5511702441574,-22.558041289243455
68000.0,1279.75,1.01,1279.5511702441574,-22.558041289243455
69000.0,1196.87,-4.15,1193.7318186504522,86.61490657781476
70000.0,1243.19,-1.23,1242.9035454060818,26.686193377701617
71000.0,1243.19,-1.23,1242.9035454060818,26.686193377701617
72000.0,1243.19,-1.23,1242.9035454060818,26.686193377701617
73000.0,1243.19,-1.23,1242.9035454060818,26.686193377701617
74000.0,1180.46,0.79,1180.3477921302915,-16.275786099174535
75000.0,1217.41,3.64,1214.9540569218957,-77.29002308854032
76000.0,1217.41,3.64,1214.9540569218957,-77.29002308854032
77000.0,1150.59,-1.67,1150.1012941580123,33.53149677639314
78000.0,1150.59,-1.67,1150.1012941580123,33.53149677639314
79000.0,1150.59,-1.67,1150.1012941580123,33.53149677639314
80000.0,1186.24,1.51,1185.828067496376,-31.25910967718789
81000.0,1186.24,1.51,1185.828067496376,-31.25910967718789
82000.0,1186.24,1.51,1185.828067496376,-31.25910967718789
83000.0,1186.24,1.51,1185.828067496376,-31.25910967718789
84000.0,1186.24,1.51,1185.828067496376,-31.25910967718789
85000.0,1156.47,-1.54,1156.0522904480242,31.079939669780273
86000.0,1156.47,-1.54,1156.0522904480242,31.079939669780273
87000.0,1156.47,-1.54,1156.0522904480242,31.079939669780273
88000.0,1156.47,-1.54,1156.0522904480242,31.079939669780273
89000.0,1156.47,-1.54,1156.0522904480242,31.079939669780273
90000.0,1187.25,2.2,1186.37489750851,-45.57592633915805
91000.0,1187.25,2.2,1186.37489750851,-45.57592633915805
92000.0,1187.25,2.2,1186.37489750851,-45.57592633915805
93000.0,1137.3,-5.1,1132.7975036916682,101.09948382620392
94000.0,1137.3,-5.1,1132.7975036916682,101.09948382620392
95000.0,1084.47,-0.43,1084.4394594288453,8.138779618199308
96000.0,1084.47,-0.43,1084.4394594288453,8.138779618199308
97000.0,1160.87,-1.55,1160.4452384104004,31.4007253201042
98000.0,1160.87,-1.55,1160.4452384104004,31.4007253201042
99000.0,1084.47,-0.43,1084.4394594288453,8.138779618199308
100000.0,1182.07,2.46,1180.9806399800007,-50.73670163134389
1000.0,2160.0,0.0,2160.0,-0.0
2000.0,2128.29,-4.99,2120.2235562919473,185.12264973451497
3000.0,1964.01,-4.58,1957.7385476888128,156.82811926850783
4000.0,1963.75,-8.26,1943.3787007449369,282.12282429984396
5000.0,1813.79,-3.37,1810.6534924521063,106.62126603539429
6000.0,1813.79,-3.37,1810.6534924521063,106.62126603539429
7000.0,1680.24,-3.25,1677.5376205372797,95.25748937548943
8000.0,1692.37,-8.6,1673.3416365925211,253.06912918383068
9000.0,1574.64,-8.49,1557.3845373111708,232.47479980434645
10000.0,1574.64,-8.49,1557.3845373111708,232.47479980434645
11000.0,1574.74,-5.83,1566.5949085236125,159.9576824910072
12000.0,1478.11,-5.9,1470.2801810090664,151.93867655059736
13000.0,1478.11,-5.9,1470.2801810090664,151.93867655059736
14000.0,1478.11,-5.9,1470.2801810090664,151.93867655059736
15000.0,1496.81,-7.57,1483.764782442879,197.185817142704
16000.0,1496.81,-7.57,1483.764782442879,197.185817142704
17000.0,1496.81,-7.57,1483.764782442879,197.185817142704
18000.0,1426.15,-4.24,1422.2467761717844,105.4415960091955
19000.0,1426.15,-4.24,1422.2467761717844,105.4415960091955
20000.0,1426.15,-4.24,1422.2467761717844,105.4415960091955
21000.0,1444.54,-5.84,1437.0427157459037,146.98314434532057
22000.0,1444.54,-5.84,1437.0427157459037,146.98314434532057
23000.0,1326.09,-7.45,1314.8956646470183,171.94208092400137
24000.0,1309.43,-4.32,1305.7097787682558,98.63517896244095
25000.0,1309.43,-4.32,1305.7097787682558,98.63517896244095
26000.0,1309.43,-4.32,1305.7097787682558,98.63517896244095
27000.0,1309.43,-4.32,1305.7097787682558,98.63517896244095
28000.0,1288.79,-1.19,1288.5120381406373,26.76549395510377
29000.0,1383.08,-5.3,1377.1669155651318,127.75591208559038
30000.0,1383.08,-5.3,1377.1669155651318,127.75591208559038
31000.0,1383.08,-5.3,1377.1669155651318,127.75591208559038
32000.0,1356.27,-2.22,1355.2520592267563,52.53730923483829
33000.0,1356.27,-2.22,1355.2520592267563,52.53730923483829
34000.0,1356.27,-2.22,1355.2520592267563,52.53730923483829
35000.0,1242.59,-4.54,1238.6911452545128,98.35728121528811
36000.0,1271.94,-6.32,1264.20989963309,140.0167606741893
37000.0,1271.94,-6.32,1264.20989963309,140.0167606741893
38000.0,1339.44,-4.92,1334.5047253072537,114.8766805431437
39000.0,1339.44,-4.92,1334.5047253072537,114.8766805431437
40000.0,1297.87,-1.49,1297.4311622348341,33.7478319595081
41000.0,1297.87,-1.49,1297.4311622348341,33.7478319595081
42000.0,1297.87,-1.49,1297.4311622348341,33.7478319595081
43000.0,1297.87,-1.49,1297.4311622348341,33.7478319595081
44000.0,1297.87,-1.49,1297.4311622348341,33.7478319595081
45000.0,1223.77,0.39,1223.7416500642314,-8.329873832917905
46000.0,1297.28,-4.18,1293.8292110934617,94.55882254591731
47000.0,1297.28,-4.18,1293.8292110934617,94.55882254591731
48000.0,1297.28,-4.18,1293.8292110934617,94.55882254591731
49000.0,1297.28,-4.18,1293.8292110934617,94.55882254591731
50000.0,1316.31,0.59,1316.2402116218204,-13.554387103267459
51000.0,1316.31,0.59,1316.2402116218204,-13.554387103267459
52000.0,1316.31,0.59,1316.2402116218204,-13.554387103267459
53000.0,1219.18,-3.14,1217.349611975347,66.78169377510922
54000.0,1219.18,-3.14,1217.349611975347,66.78169377510922
55000.0,1219.18,-3.14,1217.349611975347,66.78169377510922
56000.0,1228.54,1.89,1227.8716587474964,-40.51815944328427
57000.0,1228.54,1.89,1227.8716587474964,-40.51815944328427
58000.0,1323.33,-2.46,1322.1104590292744,56.79985057552118
59000.0,1323.33,-2.46,1322.1104590292744,56.79985057552118
60000.0,1323.33,-2.46,1322.1104590292744,56.79985057552118
61000.0,1382.93,0.1,1382.927893677693,-2.413666957051748
62000.0,1294.36,-4.22,1290.8507978424811,95.24719055924835
63000.0,1294.36,-4.22,1290.8507978424811,95.24719055924835
64000.0,1231.68,-1.65,1231.1693062968654,35.464935252942745
65000.0,1231.68,-1.65,1231.1693062968654,35.464935252942745
66000.0,1279.75,1.01,1279.5511702441574,-22.558041289243455
67000.0,1279.75,1.01,1279.5511702441574,-22.558041289243455
68000.0,1279.75,1.01,1279.5511702441574,-22.558041289243455
69000.0,1196.87,-4.15,1193.7318186504522,86.61490657781476
70000.0,1243.19,-1.23,1242.9035454060818,26.686193377701617
71000.0,1243.19,-1.23,1242.9035454060818,26.686193377701617
72000.0,1243.19,-1.23,1242.9035454060818,26.686193377701617
73000.0,1180.46,0.79,1180.3477921302915,-16.275786099174535
74000.0,1180.46,0.79,1180.3477921302915,-16.275786099174535
75000.0,1180.46,0.79,1180.3477921302915,-16.275786099174535
76000.0,1217.41,3.64,1214.9540569218957,-77.29002308854032
77000.0,1150.59,-1.67,1150.1012941580123,33.53149677639314
78000.0,1150.59,-1.67,1150.1012941580123,33.53149677639314
79000.0,1150.59,-1.67,1150.1012941580123,33.53149677639314
80000.0,1186.24,1.51,1185.828067496376,-31.25910967718789
81000.0,1186.24,1.51,1185.828067496376,-31.25910967718789
82000.0,1186.24,1.51,1185.828067496376,-31.25910967718789
83000.0,1186.24,1.51,1185.828067496376,-31.25910967718789
84000.0,1186.24,1.51,1185.828067496376,-31.25910967718789
85000.0,1156.47,-1.54,1156.0522904480242,31.079939669780273
86000.0,1156.47,-1.54,1156.0522904480242,31.079939669780273
87000.0,1156.47,-1.54,1156.0522904480242,31.079939669780273
88000.0,1156.47,-1.54,1156.0522904480242,31.079939669780273
89000.0,1156.47,-1.54,1156.0522904480242,31.079939669780273
90000.0,1187.25,2.2,1186.37489750851,-45.57592633915805
91000.0,1187.25,2.2,1186.37489750851,-45.57592633915805
92000.0,1187.25,2.2,1186.37489750851,-45.57592633915805
93000.0,1137.3,-5.1,1132.7975036916682,101.09948382620392
94000.0,1137.3,-5.1,1132.7975036916682,101.09948382620392
95000.0,1160.87,-1.55,1160.4452384104004,31.4007253201042
96000.0,1160.87,-1.55,1160.4452384104004,31.4007253201042
97000.0,1084.47,-0.43,1084.4394594288453,8.138779618199308
98000.0,1084.47,-0.43,1084.4394594288453,8.138779618199308
99000.0,1182.07,2.46,1180.9806399800007,-50.73670163134389
100000.0,1182.07,2.46,1180.9806399800007,-50.73670163134389
1000.0,2160.0,0.0,2160.0,-0.0
2000.0,2128.29,-4.99,2120.2235562919473,185.12264973451497
3000.0,1964.01,-4.58,1957.7385476888128,156.82811926850783
4000.0,1963.75,-8.26,1943.3787007449369,282.12282429984396
5000.0,1813.79,-3.37,1810.6534924521063,106.62126603539429
6000.0,1813.79,-3.37,1810.6534924521063,106.62126603539429
7000.0,1680.24,-3.25,1677.5376205372797,95.25748937548943
8000.0,1692.37,-8.6,1673.3416365925211,253.06912918383068
9000.0,1574.64,-8.49,1557.3845373111708,232.47479980434645
10000.0,1574.64,-8.49,1557.3845373111708,232.47479980434645
11000.0,1574.74,-5.83,1566.5949085236125,159.9576824910072
12000.0,1478.11,-5.9,1470.2801810090664,151.93867655059736
13000.0,1478.11,-5.9,1470.2801810090664,151.93867655059736
14000.0,1478.11,-5.9,1470.2801810090664,151.93867655059736
15000.0,1496.81,-7.57,1483.764782442879,197.185817142704
16000.0,1496.81,-7.57,1483.764782442879,197.185817142704
17000.0,1496.81,-7.57,1483.764782442879,197.185817142704
18000.0,1426.15,-4.24,1422.2467761717844,105.4415960091955
19000.0,1426.15,-4.24,1422.2467761717844,105.4415960091955
20000.0,1426.15,-4.24,1422.2467761717844,105.4415960091955
21000.0,1444.54,-5.84,1437.0427157459037,146.98314434532057
22000.0,1444.54,-5.84,1437.0427157459037,146.98314434532057
23000.0,1326.09,-7.45,1314.8956646470183,171.94208092400137
24000.0,1326.09,-7.45,1314.8956646470183,171.94208092400137
25000.0,1309.43,-4.32,1305.7097787682558,98.63517896244095
26000.0,1309.43,-4.32,1305.7097787682558,98.63517896244095
27000.0,1309.43,-4.32,1305.7097787682558,98.63517896244095
28000.0,1288.79,-1.19,1288.5120381406373,26.76549395510377
29000.0,1383.08,-5.3,1377.1669155651318,127.75591208559038
30000.0,1383.08,-5.3,1377.1669155651318,127.75591208559038
31000.0,1383.08,-5.3,1377.1669155651318,127.75591208559038
32000.0,1356.27,-2.22,1355.2520592267563,52.53730923483829
33000.0,1356.27,-2.22,1355.2520592267563,52.53730923483829
34000.0,1356.27,-2.22,1355.2520592267563,52.53730923483829
35000.0,1242.59,-4.54,1238.6911452545128,98.35728121528811
36000.0,1271.94,-6.32,1264.20989963309,140.0167606741893
37000.0,1271.94,-6.32,1264.20989963309,140.0167606741893
38000.0,1339.44,-4.92,1334.5047253072537,114.8766805431437
39000.0,1339.44,-4.92,1334.5047253072537,114.8766805431437
40000.0,1297.87,-1.49,1297.4311622348341,33.7478319595081
41000.0,1297.87,-1.49,1297.4311622348341,33.7478319595081
42000.0,1297.87,-1.49,1297.4311622348341,33.7478319595081
43000.0,1297.87,-1.49,1297.4311622348341,33.7478319595081
44000.0,1297.87,-1.49,1297.4311622348341,33.7478319595081
45000.0,1223.77,0.39,1223.7416500642314,-8.329873832917905
46000.0,1297.28,-4.18,1293.8292110934617,94.55882254591731
47000.0,1297.28,-4.18,1293.8292110934617,94.55882254591731
48000.0,1297.28,-4.18,1293.8292110934617,94.55882254591731
49000.0,1297.28,-4.18,1293.8292110934617,94.55882254591731
50000.0,1255.17,-1.54,1254.7166406406102,33.73248581918952
51000.0,1316.31,0.59,1316.2402116218204,-13.554387103267459
52000.0,1316.31,0.59,1316.2402116218204,-13.554387103267459
53000.0,1219.18,-3.14,1217.349611975347,66.78169377510922
54000.0,1219.18,-3.14,1217.349611975347,66.78169377510922
55000.0,1219.18,-3.14,1217.349611975347,66.78169377510922
56000.0,1228.54,1.89,1227.8716587474964,-40.51815944328427
57000.0,1228.54,1.89,1227.8716587474964,-40.51815944328427
58000.0,1323.33,-2.46,1322.1104590292744,56.79985057552118
59000.0,1323.33,-2.46,1322.1104590292744,56.79985057552118
60000.0,1323.33,-2.46,1322.1104590292744,56.79985057552118
61000.0,1382.93,0.1,1382.927893677693,-2.413666957051748
62000.0,1294.36,-4.22,1290.8507978424811,95.24719055924835
63000.0,1294.36,-4.22,1290.8507978424811,95.24719055924835
64000.0,1231.68,-1.65,1231.1693062968654,35.464935252942745
65000.0,1231.68,-1.65,1231.1693062968654,35.464935252942745
66000.0,1279.75,1.01,1279.5511702441574,-22.558041289243455
67000.0,1279.75,1.01,1279.5511702441574,-22.558041289243455
68000.0,1279.75,1.01,1279.5511702441574,-22.558041289243455
69000.0,1196.87,-4.15,1193.7318186504522,86.61490657781476
70000.0,1196.87,-4.15,1193.7318186504522,86.61490657781476
71000.0,1243.19,-1.23,1242.9035454060818,26.686193377701617
72000.0,1243.19,-1.23,1242.9035454060818,26.686193377701617
73000.0,1180.46,0.79,1180.3477921302915,-16.275786099174535
74000.0,1180.46,0.79,1180.3477921302915,-16.275786099174535
75000.0,1180.46,0.79,1180.3477921302915,-16.275786099174535
76000.0,1217.41,3.64,1214.9540569218957,-77.29002308854032
77000.0,1150.59,-1.67,1150.1012941580123,33.53149677639314
78000.0,1150.59,-1.67,1150.1012941580123,33.53149677639314
79000.0,1150.59,-1.67,1150.1012941580123,33.53149677639314
80000.0,1186.24,1.51,1185.828067496376,-31.25910967718789
81000.0,1186.24,1.51,1185.828067496376,-31.25910967718789
82000.0,1186.24,1.51,1185.828067496376,-31.25910967718789
83000.0,1186.24,1.51,1185.828067496376,-31.25910967718789
84000.0,1186.24,1.51,1185.828067496376,-31.25910967718789
85000.0,1156.47,-1.54,1156.0522904480242,31.079939669780273
86000.0,1156.47,-1.54,1156.0522904480242,31.079939669780273
87000.0,1156.47,-1.54,1156.0522904480242,31.079939669780273
88000.0,1156.47,-1.54,1156.0522904480242,31.079939669780273
89000.0,1156.47,-1.54,1156.0522904480242,31.079939669780273
90000.0,1187.25,2.2,1186.37489750851,-45.57592633915805
91000.0,1187.25,2.2,1186.37489750851,-45.57592633915805
92000.0,1187.25,2.2,1186.37489750851,-45.57592633915805
93000.0,1137.3,-5.1,1132.7975036916682,101.09948382620392
94000.0,1137.3,-5.1,1132.7975036916682,101.09948382620392
95000.0,1084.47,-0.43,1084.4394594288453,8.138779618199308
96000.0,1160.87,-1.55,1160.4452384104004,31.4007253201042
97000.0,1160.87,-1.55,1160.4452384104004,31.4007253201042
98000.0,1084.47,-0.43,1084.4394594288453,8.138779618199308
99000.0,1084.47,-0.43,1084.4394594288453,8.138779618199308
100000.0,1101.7,3.32,1099.8509751972126,-63.802212796580974
1000.0,2160.0,0.0,2160.0,-0.0
2000.0,2128.29,-4.99,2120.2235562919473,185.12264973451497
3000.0,1964.01,-4.58,1957.7385476888128,156.82811926850783
4000.0,1963.75,-8.26,1943.3787007449369,282.12282429984396
5000.0,1813.79,-3.37,1810.6534924521063,106.62126603539429
6000.0,1813.79,-3.37,1810.6534924521063,106.62126603539429
7000.0,1680.24,-3.25,1677.5376205372797,95.25748937548943
8000.0,1692.37,-8.6,1673.3416365925211,253.06912918383068
9000.0,1574.64,-8.49,1557.3845373111708,232.47479980434645
10000.0,1574.64,-8.49,1557.3845373111708,232.47479980434645
11000.0,1574.74,-5.83,1566.5949085236125,159.9576824910072
12000.0,1478.11,-5.9,1470.2801810090664,151.93867655059736
13000.0,1478.11,-5.9,1470.2801810090664,151.93867655059736
14000.0,1478.11,-5.9,1470.2801810090664,151.93867655059736
15000.0,1496.81,-7.57,1483.764782442879,197.185817142704
16000.0,1496.81,-7.57,1483.764782442879,197.185817142704
17000.0,1496.81,-7.57,1483.764782442879,197.185817142704
18000.0,1426.15,-4.24,1422.2467761717844,105.4415960091955
19000.0,1426.15,-4.24,1422.2467761717844,105.4415960091955
20000.0,1426.15,-4.24,1422.2467761717844,105.4415960091955
21000.0,1444.54,-5.84,1437.0427157459037,146.98314434532057
22000.0,1444.54,-5.84,1437.0427157459037,146.98314434532057
23000.0,1326.09,-7.45,1314.8956646470183,171.94208092400137
24000.0,1309.43,-4.32,1305.7097787682558,98.63517896244095
25000.0,1309.43,-4.32,1305.7097787682558,98.63517896244095
26000.0,1309.43,-4.32,1305.7097787682558,98.63517896244095
27000.0,1309.43,-4.32,1305.7097787682558,98.63517896244095
28000.0,1288.79,-1.19,1288.5120381406373,26.76549395510377
29000.0,1383.08,-5.3,1377.1669155651318,127.75591208559038
30000.0,1383.08,-5.3,1377.1669155651318,127.75591208559038
31000.0,1383.08,-5.3,1377.1669155651318,127.75591208559038
32000.0,1356.27,-2.22,1355.2520592267563,52.53730923483829
33000.0,1356.27,-2.22,1355.2520592267563,52.53730923483829
34000.0,1356.27,-2.22,1355.2520592267563,52.53730923483829
35000.0,1242.59,-4.54,1238.6911452545128,98.35728121528811
36000.0,1271.94,-6.32,1264.20989963309,140.0167606741893
37000.0,1271.94,-6.32,1264.20989963309,140.0167606741893
38000.0,1339.44,-4.92,1334.5047253072537,114.8766805431437
39000.0,1339.44,-4.92,1334.5047253072537,114.8766805431437
40000.0,1297.87,-1.49,1297.4311622348341,33.7478319595081
41000.0,1297.87,-1.49,1297.4311622348341,33.7478319595081
42000.0,1297.87,-1.49,1297.4311622348341,33.7478319595081
43000.0,1297.87,-1.49,1297.4311622348341,33.7478319595081
44000.0,1297.87,-1.49,1297.4311622348341,33.7478319595081
45000.0,1223.77,0.39,1223.7416500642314,-8.329873832917905
46000.0,1297.28,-4.18,1293.8292110934617,94.55882254591731
47000.0,1297.28,-4.18,1293.8292110934617,94.55882254591731
48000.0,1297.28,-4.18,1293.8292110934617,94.55882254591731
49000.0,1297.28,-4.18,1293.8292110934617,94.55882254591731
50000.0,1316.31,0.59,1316.2402116218204,-13.554387103267459
51000.0,1316.31,0.59,1316.2402116218204,-13.554387103267459
52000.0,1316.31,0.59,1316.2402116218204,-13.554387103267459
53000.0,1219.18,-3.14,1217.349611975347,66.78169377510922
54000.0,1219.18,-3.14,1217.349611975347,66.78169377510922
55000.0,1219.18,-3.14,1217.349611975347,66.78169377510922
56000.0,1228.54,1.89,1227.8716587474964,-40.51815944328427
57000.0,1228.54,1.89,1227.8716587474964,-40.51815944328427
58000.0,1323.33,-2.46,1322.1104590292744,56.79985057552118
59000.0,1323.33,-2.46,1322.1104590292744,56.79985057552118
60000.0,1323.33,-2.46,1322.1104590292744,56.79985057552118
61000.0,1382.93,0.1,1382.927893677693,-2.413666957051748
62000.0,1294.36,-4.22,1290.8507978424811,95.24719055924835
63000.0,1294.36,-4.22,1290.8507978424811,95.24719055924835
64000.0,1231.68,-1.65,1231.1693062968654,35.464935252942745
65000.0,1231.68,-1.65,1231.1693062968654,35.464935252942745
66000.0,1279.75,1.01,1279.5511702441574,-22.558041289243455
67000.0,1279.75,1.01,1279.5511702441574,-22.558041289243455
68000.0,1279.75,1.01,1279.5511702441574,-22.558041289243455
69000.0,1196.87,-4.15,1193.7318186504522,86.61490657781476
70000.0,1243.19,-1.23,1242.9035454060818,26.686193377701617
71000.0,1243.19,-1.23,1242.9035454060818,26.686193377701617
72000.0,1243.19,-1.23,1242.9035454060818,26.686193377701617
73000.0,1243.19,-1.23,1242.9035454060818,26.686193377701617
74000.0,1180.46,0.79,1180.3477921302915,-16.275786099174535
75000.0,1217.41,3.64,1214.9540569218957,-77.29002308854032
76000.0,1217.41,3.64,1214.9540569218957,-77.29002308854032
77000.0,1150.59,-1.67,1150.1012941580123,33.53149677639314
78000.0,1150.59,-1.67,1150.1012941580123,33.53149677639314
79000.0,1150.59,-1.67,1150.1012941580123,33.53149677639314
80000.0,1186.24,1.51,1185.828067496376,-31.25910967718789
81000.0,1186.24,1.51,1185.828067496376,-31.25910967718789
82000.0,1186.24,1.51,1185.828067496376,-31.25910967718789
83000.0,1186.24,1.51,1185.828067496376,-31.25910967718789
84000.0,1186.24,1.51,1185.828067496376,-31.25910967718789
85000.0,1156.47,-1.54,1156.0522904480242,31.079939669780273
86000.0,1156.47,-1.54,1156.0522904480242,31.079939669780273
87000.0,1156.47,-1.54,1156.0522904480242,31.079939669780273
88000.0,1156.47,-1.54,1156.0522904480242,31.079939669780273
89000.0,1156.47,-1.54,1156.0522904480242,31.079939669780273
90000.0,1187.25,2.2,1186.37489750851,-45.57592633915805
91000.0,1187.25,2.2,1186.37489750851,-45.57592633915805
92000.0,1187.25,2.2,1186.37489750851,-45.57592633915805
93000.0,1137.3,-5.1,1132.7975036916682,101.09948382620392
94000.0,1137.3,-5.1,1132.7975036916682,101.09948382620392
95000.0,1160.87,-1.55,1160.4452384104004,31.4007253201042
96000.0,1160.87,-1.55,1160.4452384104004,31.4007253201042
97000.0,1160.87,-1.55,1160.4452384104004,31.4007253201042
98000.0,1084.47,-0.43,1084.4394594288453,8.138779618199308
99000.0,1084.47,-0.43,1084.4394594288453,8.138779618199308
100000.0,1182.07,2.46,1180.9806399800007,-50.73670163134389
1000.0,2160.0,0.0,2160.0,-0.0
2000.0,2128.29,-4.99,2120.2235562919473,185.12264973451497
3000.0,1964.01,-4.58,1957.7385476888128,156.82811926850783
4000.0,1963.75,-8.26,1943.3787007449369,282.12282429984396
5000.0,1813.79,-3.37,1810.6534924521063,106.62126603539429
6000.0,1813.79,-3.37,1810.6534924521063,106.62126603539429
7000.0,1680.24,-3.25,1677.5376205372797,95.25748937548943
8000.0,1692.37,-8.6,1673.3416365925211,253.06912918383068
9000.0,1574.64,-8.49,1557.3845373111708,232.47479980434645
10000.0,1574.64,-8.49,1557.3845373111708,232.47479980434645
11000.0,1574.74,-5.83,1566.5949085236125,159.9576824910072
12000.0,1478.11,-5.9,1470.2801810090664,151.93867655059736
13000.0,1478.11,-5.9,1470.2801810090664,151.93867655059736
14000.0,1473.19,-2.26,1472.0441069887415,58.09408902563681
15000.0,1496.81,-7.57,1483.764782442879,197.185817142704
16000.0,1496.81,-7.57,1483.764782442879,197.185817142704
17000.0,1435.98,-7.76,1422.8297925374122,193.89157245208995
18000.0,1426.15,-4.24,1422.2467761717844,105.4415960091955
19000.0,1426.15,-4.24,1422.2467761717844,105.4415960091955
20000.0,1426.15,-4.24,1422.2467761717844,105.4415960091955
21000.0,1444.54,-5.84,1437.0427157459037,146.98314434532057
22000.0,1444.54,-5.84,1437.0427157459037,146.98314434532057
23000.0,1326.09,-7.45,1314.8956646470183,171.94208092400137
24000.0,1309.43,-4.32,1305.7097787682558,98.63517896244095
25000.0,1309.43,-4.32,1305.7097787682558,98.63517896244095
26000.0,1309.43,-4.32,1305.7097787682558,98.63517896244095
27000.0,1309.43,-4.32,1305.7097787682558,98.63517896244095
28000.0,1288.79,-1.19,1288.5120381406373,26.76549395510377
29000.0,1383.08,-5.3,1377.1669155651318,127.75591208559038
30000.0,1383.08,-5.3,1377.1669155651318,127.75591208559038
31000.0,1383.08,-5.3,1377.1669155651318,127.75591208559038
32000.0,1356.27,-2.22,1355.2520592267563,52.53730923483829
33000.0,1356.27,-2.22,1355.2520592267563,52.53730923483829
34000.0,1356.27,-2.22,1355.2520592267563,52.53730923483829
35000.0,1242.59,-4.54,1238.6911452545128,98.35728121528811
36000.0,1271.94,-6.32,1264.20989963309,140.0167606741893
37000.0,1271.94,-6.32,1264.20989963309,140.0167606741893
38000.0,1339.44,-4.92,1334.5047253072537,114.8766805431437
39000.0,1339.44,-4.92,1334.5047253072537,114.8766805431437
40000.0,1297.87,-1.49,1297.4311622348341,33.7478319595081
41000.0,1297.87,-1.49,1297.4311622348341,33.7478319595081
42000.0,1297.87,-1.49,1297.4311622348341,33.7478319595081
43000.0,1297.87,-1.49,1297.4311622348341,33.7478319595081
44000.0,1297.87,-1.49,1297.4311622348341,33.7478319595081
45000.0,1223.77,0.39,1223.7416500642314,-8.329873832917905
46000.0,1297.28,-4.18,1293.8292110934617,94.55882254591731
47000.0,1297.28,-4.18,1293.8292110934617,94.55882254591731
48000.0,1297.28,-4.18,1293.8292110934617,94.55882254591731
49000.0,1297.28,-4.18,1293.8292110934617,94.55882254591731
50000.0,1316.31,0.59,1316.2402116218204,-13.554387103267459
51000.0,1316.31,0.59,1316.2402116218204,-13.554387103267459
52000.0,1316.31,0.59,1316.2402116218204,-13.554387103267459
53000.0,1219.18,-3.14,1217.349611975347,66.78169377510922
54000.0,1219.18,-3.14,1217.349611975347,66.78169377510922
55000.0,1219.18,-3.14,1217.349611975347,66.78169377510922
56000.0,1228.54,1.89,1227.8716587474964,-40.51815944328427
57000.0,1228.54,1.89,1227.8716587474964,-40.51815944328427
58000.0,1323.33,-2.46,1322.1104590292744,56.79985057552118
59000.0,1323.33,-2.46,1322.1104590292744,56.79985057552118
60000.0,1323.33,-2.46,1322.1104590292744,56.79985057552118
61000.0,1382.93,0.1,1382.927893677693,-2.413666957051748
62000.0,1294.36,-4.22,1290.8507978424811,95.24719055924835
63000.0,1294.36,-4.22,1290.8507978424811,95.24719055924835
64000.0,1231.68,-1.65,1231.1693062968654,35.464935252942745
65000.0,1231.68,-1.65,1231.1693062968654,35.464935252942745
66000.0,1279.75,1.01,1279.5511702441574,-22.558041289243455
67000.0,1279.75,1.01,1279.5511702441574,-22.558041289243455
68000.0,1279.75,1.01,1279.5511702441574,-22.558041289243455
69000.0,1196.87,-4.15,1193.7318186504522,86.61490657781476
70000.0,1243.19,-1.23,1242.9035454060818,26.686193377701617
71000.0,1243.19,-1.23,1242.9035454060818,26.686193377701617
72000.0,1243.19,-1.23,1242.9035454060818,26.686193377701617
73000.0,1243.19,-1.23,1242.9035454060818,26.686193377701617
74000.0,1180.46,0.79,1180.3477921302915,-16.275786099174535
75000.0,1217.41,3.64,1214.9540569218957,-77.29002308854032
76000.0,1217.41,3.64,1214.9540569218957,-77.29002308854032
77000.0,1150.59,-1.67,1150.1012941580123,33.53149677639314
78000.0,1150.59,-1.67,1150.1012941580123,33.53149677639314
79000.0,1150.59,-1.67,1150.1012941580123,33.53149677639314
80000.0,1186.24,1.51,1185.828067496376,-31.25910967718789
81000.0,1186.24,1.51,1185.828067496376,-31.25910967718789
82000.0,1186.24,1.51,1185.828067496376,-31.25910967718789
83000.0,1186.24,1.51,1185.828067496376,-31.25910967718789
84000.0,1186.24,1.51,1185.828067496376,-31.25910967718789
85000.0,1156.47,-1.54,1156.0522904480242,31.079939669780273
86000.0,1156.47,-1.54,1156.0522904480242,31.079939669780273
87000.0,1156.47,-1.54,1156.0522904480242,31.079939669780273
88000.0,1156.47,-1.54,1156.0522904480242,31.079939669780273
89000.0,1156.47,-1.54,1156.0522904480242,31.079939669780273
90000.0,1187.25,2.2,1186.37489750851,-45.57592633915805
91000.0,1187.25,2.2,1186.37489750851,-45.57592633915805
92000.0,1187.25,2.2,1186.37489750851,-45.57592633915805
93000.0,1137.3,-5.1,1132.7975036916682,101.09948382620392
94000.0,1137.3,-5.1,1132.7975036916682,101.09948382620392
95000.0,1160.87,-1.55,1160.4452384104004,31.4007253201042
96000.0,1160.87,-1.55,1160.4452384104004,31.4007253201042
97000.0,1084.47,-0.43,1084.4394594288453,8.138779618199308
98000.0,1084.47,-0.43,1084.4394594288453,8.138779618199308
99000.0,1084.47,-0.43,1084.4394594288453,8.138779618199308
100000.0,1182.07,2.46,1180.9806399800007,-50.73670163134389
