Timestamp,Freq(Hz),Imp_AVG(Ohm),Fase_AVG(°),Real_AVG(Ohm),Imag_AVG(Ohm),Mag_AVG
2026-05-19 15:21:10.375,35250,979.0,0.0,979.0,0.0,5339.018
2026-05-19 15:21:10.376,35500,979.0,0.0,979.0,0.0,5311.955
2026-05-19 15:21:10.376,35750,979.0,0.0,979.0,0.0,5069.911
2026-05-19 15:21:10.377,36000,979.0,0.0,979.0,0.0,5069.911
2026-05-19 15:21:10.377,36250,979.0,0.0,979.0,0.0,5053.16
2026-05-19 15:21:10.479,36500,979.0,0.0,979.0,0.0,5053.16
2026-05-19 15:21:10.480,36750,979.0,0.0,979.0,0.0,5052.649
2026-05-19 15:21:10.581,37000,979.0,0.0,979.0,0.0,5052.649
2026-05-19 15:21:10.582,37250,979.0,0.0,979.0,0.0,4801.84
2026-05-19 15:21:10.582,37500,979.0,0.0,979.0,0.0,4801.84
2026-05-19 15:21:10.696,37750,979.0,0.0,979.0,0.0,4819.526
2026-05-19 15:21:10.696,38000,979.0,0.0,979.0,0.0,4819.526
2026-05-19 15:21:10.798,38250,979.0,0.0,979.0,0.0,4819.526
2026-05-19 15:21:10.798,38500,979.0,0.0,979.0,0.0,4819.526
2026-05-19 15:21:10.799,38750,979.0,0.0,979.0,0.0,4591.487
2026-05-19 15:21:10.911,39000,979.0,0.0,979.0,0.0,4591.487
2026-05-19 15:21:10.911,39250,979.0,0.0,979.0,0.0,4591.487
2026-05-19 15:21:11.014,39500,979.0,0.0,979.0,0.0,4591.487
2026-05-19 15:21:11.015,39750,979.0,0.0,979.0,0.0,4637.368
2026-05-19 15:21:11.015,40000,979.0,0.0,979.0,0.0,4380.519
2026-05-19 15:21:11.130,40250,979.0,0.0,979.0,0.0,4380.519
2026-05-19 15:21:11.130,40500,979.0,0.0,979.0,0.0,4380.519
2026-05-19 15:21:11.231,40750,979.0,0.0,979.0,0.0,4449.44
2026-05-19 15:21:11.232,41000,979.0,0.0,979.0,0.0,4449.44
2026-05-19 15:21:11.233,41250,979.0,0.0,979.0,0.0,4262.566
2026-05-19 15:21:11.346,41500,979.0,0.0,979.0,0.0,4262.566
2026-05-19 15:21:11.347,41750,960.683,3.218750224387,959.168,53.941,4343.838
2026-05-19 15:21:11.448,42000,979.0,0.0,979.0,0.0,4343.838
2026-05-19 15:21:11.448,42250,951.716,-0.624293089955,951.607,-10.072,4222.78
2026-05-19 15:21:11.449,42500,979.0,0.0,979.0,0.0,4101.722
2026-05-19 15:21:11.563,42750,979.0,0.0,979.0,0.0,4101.722
2026-05-19 15:21:11.565,43000,979.0,0.0,979.0,0.0,4101.722
2026-05-19 15:21:11.565,43250,979.0,0.0,979.0,0.0,4198.29
2026-05-19 15:21:11.680,43500,1008.374,0.791246497503,1008.176,14.329,4079.457
2026-05-19 15:21:11.681,43750,979.0,0.0,979.0,0.0,3960.624
2026-05-19 15:21:11.681,44000,979.0,0.0,979.0,0.0,3960.624
2026-05-19 15:21:11.796,44250,979.0,0.0,979.0,0.0,3960.624
2026-05-19 15:21:11.797,44500,964.512,1.632643803436,963.74,27.056,4021.026
2026-05-19 15:21:11.797,44750,979.0,0.0,979.0,0.0,3861.35
2026-05-19 15:21:11.898,45000,979.0,0.0,979.0,0.0,3861.35
2026-05-19 15:21:11.899,45250,979.0,0.0,979.0,0.0,3861.35
2026-05-19 15:21:11.899,45500,979.0,0.0,979.0,0.0,3861.35
2026-05-19 15:21:12.014,45750,979.0,0.0,979.0,0.0,3861.35
2026-05-19 15:21:12.015,46000,979.0,0.0,979.0,0.0,3655.855
2026-05-19 15:21:12.015,46250,979.0,0.0,979.0,0.0,3823.201
2026-05-19 15:21:12.131,46500,979.0,0.0,979.0,0.0,3823.201
2026-05-19 15:21:12.131,46750,979.0,0.0,979.0,0.0,3823.201
2026-05-19 15:21:12.132,47000,979.0,0.0,979.0,0.0,3823.201
2026-05-19 15:21:12.247,47250,979.0,0.0,979.0,0.0,3625.638
2026-05-19 15:21:12.248,47500,979.0,0.0,979.0,0.0,3625.638
2026-05-19 15:21:12.248,47750,979.0,0.0,979.0,0.0,3625.638
2026-05-19 15:21:12.349,48000,979.0,0.0,979.0,0.0,3625.638
2026-05-19 15:21:12.350,48250,934.658,3.072382154865,933.314,50.095,3797.646
2026-05-19 15:21:12.351,48500,979.0,0.0,979.0,0.0,3618.973
2026-05-19 15:21:12.462,48750,979.0,0.0,979.0,0.0,3618.973
2026-05-19 15:21:12.463,49000,979.0,0.0,979.0,0.0,3618.973
2026-05-19 15:21:12.463,49250,930.053,-3.100736592919,928.692,-50.308,3618.973
2026-05-19 15:21:12.565,49500,979.0,0.0,979.0,0.0,3438.037
2026-05-19 15:21:12.565,49750,979.0,0.0,979.0,0.0,3438.037
2026-05-19 15:21:12.565,50000,979.0,0.0,979.0,0.0,3438.037
2026-05-19 15:21:12.680,50250,979.0,0.0,979.0,0.0,3438.037
2026-05-19 15:21:12.681,50500,979.0,0.0,979.0,0.0,3438.037
2026-05-19 15:21:12.681,50750,928.344,2.607632761173,927.382,42.236,3625.638
2026-05-19 15:21:12.797,51000,979.0,0.0,979.0,0.0,3448.719
2026-05-19 15:21:12.798,51250,979.0,0.0,979.0,0.0,3448.719
2026-05-19 15:21:12.798,51500,979.0,0.0,979.0,0.0,3448.719
2026-05-19 15:21:12.798,51750,979.0,0.0,979.0,0.0,3448.719
2026-05-19 15:21:12.913,52000,979.0,0.0,979.0,0.0,3448.719
2026-05-19 15:21:12.914,52250,979.0,0.0,979.0,0.0,3304.868
2026-05-19 15:21:12.914,52500,979.0,0.0,979.0,0.0,3304.868
2026-05-19 15:21:13.026,52750,979.0,0.0,979.0,0.0,3304.868
2026-05-19 15:21:13.027,53000,979.0,0.0,979.0,0.0,3304.868
2026-05-19 15:21:13.027,53250,979.0,0.0,979.0,0.0,3304.868
2026-05-19 15:21:13.028,53500,979.0,0.0,979.0,0.0,3304.868
2026-05-19 15:21:13.129,53750,979.0,0.0,979.0,0.0,3181.295
2026-05-19 15:21:13.130,54000,979.0,0.0,979.0,0.0,3181.295
2026-05-19 15:21:13.131,54250,979.0,0.0,979.0,0.0,3181.295
2026-05-19 15:21:13.232,54500,979.0,0.0,979.0,0.0,3181.295
2026-05-19 15:21:13.232,54750,979.0,0.0,979.0,0.0,3181.295
2026-05-19 15:21:13.233,55000,979.0,0.0,979.0,0.0,3181.295
2026-05-19 15:21:13.344,55250,979.0,0.0,979.0,0.0,3181.295
2026-05-19 15:21:13.345,55500,961.782,-2.101132916185,960.512,-34.608,3125.344
2026-05-19 15:21:13.345,55750,979.0,0.0,979.0,0.0,3069.393
2026-05-19 15:21:13.447,56000,979.0,0.0,979.0,0.0,3069.393
2026-05-19 15:21:13.448,56250,979.0,0.0,979.0,0.0,3069.393
2026-05-19 15:21:13.448,56500,979.0,0.0,979.0,0.0,3069.393
2026-05-19 15:21:13.564,56750,979.0,0.0,979.0,0.0,3069.393
2026-05-19 15:21:13.564,57000,979.0,0.0,979.0,0.0,3069.393
2026-05-19 15:21:13.565,57250,979.0,0.0,979.0,0.0,3069.393
2026-05-19 15:21:13.566,57500,979.0,0.0,979.0,0.0,3069.393
2026-05-19 15:21:13.680,57750,979.0,0.0,979.0,0.0,3069.393
2026-05-19 15:21:13.681,58000,937.022,6.321979856173,931.324,103.181,3206.9
2026-05-19 15:21:13.681,58250,906.252,1.463962538707,905.957,23.153,3206.9
2026-05-19 15:21:13.795,58500,979.0,0.0,979.0,0.0,3206.9
2026-05-19 15:21:13.796,58750,999.799,4.369904778779,996.892,76.18,3140.187
2026-05-19 15:21:13.796,59000,999.799,4.369904778779,996.892,76.18,3140.187
2026-05-19 15:21:13.796,59250,979.0,0.0,979.0,0.0,3140.187
2026-05-19 15:21:13.898,59500,958.634,-4.369904778779,955.847,-73.043,3206.9
2026-05-19 15:21:13.899,59750,997.11,-5.101886048132,993.035,-89.152,3087.751
2026-05-19 15:21:13.899,60000,979.0,0.0,979.0,0.0,2968.602
2026-05-19 15:21:14.014,60250,979.0,0.0,979.0,0.0,2968.602
2026-05-19 15:21:14.014,60500,979.0,0.0,979.0,0.0,2968.602
2026-05-19 15:21:14.015,60750,979.0,0.0,979.0,0.0,2968.602
2026-05-19 15:21:14.015,61000,979.0,0.0,979.0,0.0,2968.602
2026-05-19 15:21:14.130,61250,979.0,0.0,979.0,0.0,2968.602
2026-05-19 15:21:14.131,61500,979.0,0.0,979.0,0.0,2968.602
2026-05-19 15:21:14.132,61750,979.0,0.0,979.0,0.0,2968.602
2026-05-19 15:21:14.132,62000,979.0,0.0,979.0,0.0,2968.602
2026-05-19 15:21:14.133,62250,979.0,0.0,979.0,0.0,2968.602
2026-05-19 15:21:14.247,62500,979.0,0.0,979.0,0.0,2968.602
2026-05-19 15:21:14.248,62750,979.0,0.0,979.0,0.0,2968.602
2026-05-19 15:21:14.248,63000,979.0,0.0,979.0,0.0,2968.602
2026-05-19 15:21:14.249,63250,1062.106,-1.688447386204,1061.645,-31.295,2736.319
2026-05-19 15:21:14.362,63500,979.0,0.0,979.0,0.0,2736.319
2026-05-19 15:21:14.363,63750,979.0,0.0,979.0,0.0,2736.319
2026-05-19 15:21:14.363,64000,979.0,0.0,979.0,0.0,2736.319
2026-05-19 15:21:14.364,64250,979.0,0.0,979.0,0.0,2736.319
2026-05-19 15:21:14.465,64500,979.0,0.0,979.0,0.0,2736.319
2026-05-19 15:21:14.465,64750,979.0,0.0,979.0,0.0,2736.319
2026-05-19 15:21:14.466,65000,979.0,0.0,979.0,0.0,2736.319
2026-05-19 15:21:14.580,65250,979.0,0.0,979.0,0.0,2736.319
2026-05-19 15:21:14.580,65500,979.0,0.0,979.0,0.0,2736.319
2026-05-19 15:21:14.581,65750,979.0,0.0,979.0,0.0,2736.319
2026-05-19 15:21:14.581,66000,979.0,0.0,979.0,0.0,2736.319
2026-05-19 15:21:14.582,66250,979.0,0.0,979.0,0.0,2736.319
2026-05-19 15:21:14.696,66500,979.0,0.0,979.0,0.0,2736.319
2026-05-19 15:21:14.696,66750,979.0,0.0,979.0,0.0,2736.319
2026-05-19 15:21:14.697,67000,979.0,0.0,979.0,0.0,2736.319
2026-05-19 15:21:14.697,67250,979.0,0.0,979.0,0.0,2492.103
2026-05-19 15:21:14.798,67500,979.0,0.0,979.0,0.0,2492.103
2026-05-19 15:21:14.799,67750,979.0,0.0,979.0,0.0,2492.103
2026-05-19 15:21:14.799,68000,979.0,0.0,979.0,0.0,2492.103
2026-05-19 15:21:14.914,68250,979.0,0.0,979.0,0.0,2492.103
2026-05-19 15:21:14.915,68500,934.294,-5.567750663059,929.886,-90.648,2611.351
2026-05-19 15:21:14.915,68750,956.647,-2.783875331529,954.443,-45.324,2551.727
2026-05-19 15:21:14.916,69000,979.0,0.0,979.0,0.0,2611.351
2026-05-19 15:21:14.916,69250,979.0,0.0,979.0,0.0,2611.351
2026-05-19 15:21:15.030,69500,979.0,0.0,979.0,0.0,2611.351
2026-05-19 15:21:15.031,69750,979.0,0.0,979.0,0.0,2611.351
2026-05-19 15:21:15.032,70000,979.0,0.0,979.0,0.0,2611.351
2026-05-19 15:21:15.032,70250,979.0,0.0,979.0,0.0,2611.351
2026-05-19 15:21:15.144,70500,979.0,0.0,979.0,0.0,2611.351
2026-05-19 15:21:15.145,70750,979.0,0.0,979.0,0.0,2611.351
2026-05-19 15:21:15.145,71000,979.0,0.0,979.0,0.0,2611.351
2026-05-19 15:21:15.146,71250,979.0,0.0,979.0,0.0,2611.351
2026-05-19 15:21:15.248,71500,979.0,0.0,979.0,0.0,2611.351
2026-05-19 15:21:15.248,71750,1083.466,-3.368127183258,1081.595,-63.655,2359.568
2026-05-19 15:21:15.249,72000,979.0,0.0,979.0,0.0,2359.568
2026-05-19 15:21:15.363,72250,1037.334,6.023390614508,1031.607,108.852,2226.878
2026-05-19 15:21:15.363,72500,1037.334,6.023390614508,1031.607,108.852,2226.878
2026-05-19 15:21:15.364,72750,1037.334,6.023390614508,1031.607,108.852,2226.878
2026-05-19 15:21:15.364,73000,979.0,0.0,979.0,0.0,2226.878
2026-05-19 15:21:15.364,73250,979.0,0.0,979.0,0.0,2226.878
2026-05-19 15:21:15.479,73500,979.0,0.0,979.0,0.0,2226.878
2026-05-19 15:21:15.479,73750,979.0,0.0,979.0,0.0,2226.878
2026-05-19 15:21:15.480,74000,979.0,0.0,979.0,0.0,2226.878
2026-05-19 15:21:15.480,74250,979.0,0.0,979.0,0.0,2226.878
2026-05-19 15:21:15.581,74500,979.0,0.0,979.0,0.0,2226.878
2026-05-19 15:21:15.582,74750,979.0,0.0,979.0,0.0,2226.878
2026-05-19 15:21:15.582,75000,979.0,0.0,979.0,0.0,2226.878
2026-05-19 15:21:15.696,75250,979.0,0.0,979.0,0.0,2226.878
2026-05-19 15:21:15.697,75500,979.0,0.0,979.0,0.0,2226.878
2026-05-19 15:21:15.697,75750,979.0,0.0,979.0,0.0,2226.878
2026-05-19 15:21:15.698,76000,979.0,0.0,979.0,0.0,2226.878
2026-05-19 15:21:15.698,76250,979.0,0.0,979.0,0.0,2226.878
2026-05-19 15:21:15.813,76500,979.0,0.0,979.0,0.0,2226.878
2026-05-19 15:21:15.814,76750,979.0,0.0,979.0,0.0,2226.878
2026-05-19 15:21:15.814,77000,979.0,0.0,979.0,0.0,2226.878
2026-05-19 15:21:15.815,77250,979.0,0.0,979.0,0.0,2226.878
2026-05-19 15:21:15.815,77500,1091.767,-3.235425986683,1090.027,-61.618,1996.867
2026-05-19 15:21:15.930,77750,979.0,0.0,979.0,0.0,1996.867
2026-05-19 15:21:15.931,78000,979.0,0.0,979.0,0.0,1996.867
2026-05-19 15:21:15.931,78250,979.0,0.0,979.0,0.0,1996.867
2026-05-19 15:21:15.932,78500,979.0,0.0,979.0,0.0,1996.867
2026-05-19 15:21:15.932,78750,979.0,0.0,979.0,0.0,1996.867
2026-05-19 15:21:15.933,79000,979.0,0.0,979.0,0.0,1996.867
2026-05-19 15:21:16.044,79250,979.0,0.0,979.0,0.0,1996.867
2026-05-19 15:21:16.045,79500,979.0,0.0,979.0,0.0,1996.867
2026-05-19 15:21:16.045,79750,979.0,0.0,979.0,0.0,1996.867
2026-05-19 15:21:16.046,80000,979.0,0.0,979.0,0.0,1996.867
2026-05-19 15:21:16.147,80250,979.0,0.0,979.0,0.0,1996.867
2026-05-19 15:21:16.148,80500,979.0,0.0,979.0,0.0,1996.867
2026-05-19 15:21:16.148,80750,979.0,0.0,979.0,0.0,1996.867
2026-05-19 15:21:16.149,81000,979.0,0.0,979.0,0.0,1996.867
2026-05-19 15:21:16.149,81250,979.0,0.0,979.0,0.0,1996.867
2026-05-19 15:21:16.250,81500,979.0,0.0,979.0,0.0,1996.867
2026-05-19 15:21:16.251,81750,1007.262,3.337899851708,1003.752,60.191,1942.367
2026-05-19 15:21:16.251,82000,979.0,0.0,979.0,0.0,1887.867
2026-05-19 15:21:16.252,82250,979.0,0.0,979.0,0.0,1887.867
2026-05-19 15:21:16.363,82500,979.0,0.0,979.0,0.0,1887.867
2026-05-19 15:21:16.364,82750,979.0,0.0,979.0,0.0,1887.867
2026-05-19 15:21:16.364,83000,979.0,0.0,979.0,0.0,1887.867
2026-05-19 15:21:16.365,83250,979.0,0.0,979.0,0.0,1662.085
2026-05-19 15:21:16.365,83500,979.0,0.0,979.0,0.0,1662.085
2026-05-19 15:21:16.479,83750,979.0,0.0,979.0,0.0,1662.085
2026-05-19 15:21:16.480,84000,979.0,0.0,979.0,0.0,1662.085
2026-05-19 15:21:16.481,84250,979.0,0.0,979.0,0.0,1662.085
2026-05-19 15:21:16.481,84500,979.0,0.0,979.0,0.0,1662.085
2026-05-19 15:21:16.481,84750,979.0,0.0,979.0,0.0,1662.085
2026-05-19 15:21:16.596,85000,979.0,0.0,979.0,0.0,1662.085
2026-05-19 15:21:16.596,85250,979.0,0.0,979.0,0.0,1662.085
2026-05-19 15:21:16.597,85500,979.0,0.0,979.0,0.0,1662.085
2026-05-19 15:21:16.597,85750,979.0,0.0,979.0,0.0,1662.085
2026-05-19 15:21:16.598,86000,979.0,0.0,979.0,0.0,1662.085
2026-05-19 15:21:16.713,86250,979.0,0.0,979.0,0.0,1662.085
2026-05-19 15:21:16.713,86500,979.0,0.0,979.0,0.0,1662.085
2026-05-19 15:21:16.714,86750,979.0,0.0,979.0,0.0,1662.085
2026-05-19 15:21:16.714,87000,979.0,0.0,979.0,0.0,1662.085
2026-05-19 15:21:16.715,87250,979.0,0.0,979.0,0.0,1662.085
2026-05-19 15:21:16.715,87500,979.0,0.0,979.0,0.0,1662.085
2026-05-19 15:21:16.830,87750,979.0,0.0,979.0,0.0,1662.085
2026-05-19 15:21:16.831,88000,979.0,0.0,979.0,0.0,1662.085
2026-05-19 15:21:16.831,88250,979.0,0.0,979.0,0.0,1662.085
2026-05-19 15:21:16.832,88500,979.0,0.0,979.0,0.0,1662.085
2026-05-19 15:21:16.832,88750,979.0,0.0,979.0,0.0,1662.085
2026-05-19 15:21:16.947,89000,1055.935,-2.199251437571,1054.266,-43.442,1549.21
2026-05-19 15:21:16.948,89250,979.0,0.0,979.0,0.0,1436.336
2026-05-19 15:21:16.948,89500,979.0,0.0,979.0,0.0,1436.336
2026-05-19 15:21:16.949,89750,979.0,0.0,979.0,0.0,1436.336
2026-05-19 15:21:16.949,90000,979.0,0.0,979.0,0.0,1436.336
2026-05-19 15:21:17.064,90250,979.0,0.0,979.0,0.0,1436.336
2026-05-19 15:21:17.065,90500,940.92,-4.950996783845,934.196,-77.628,1380.467
2026-05-19 15:21:17.065,90750,979.0,0.0,979.0,0.0,1324.598
2026-05-19 15:21:17.066,91000,979.0,0.0,979.0,0.0,1324.598
2026-05-19 15:21:17.066,91250,979.0,0.0,979.0,0.0,1324.598
2026-05-19 15:21:17.178,91500,979.0,0.0,979.0,0.0,1324.598
2026-05-19 15:21:17.178,91750,979.0,0.0,979.0,0.0,1324.598
2026-05-19 15:21:17.178,92000,979.0,0.0,979.0,0.0,1324.598
2026-05-19 15:21:17.179,92250,979.0,0.0,979.0,0.0,1324.598
2026-05-19 15:21:17.179,92500,979.0,0.0,979.0,0.0,1324.598
2026-05-19 15:21:17.295,92750,979.0,0.0,979.0,0.0,1324.598
2026-05-19 15:21:17.295,93000,979.0,0.0,979.0,0.0,1324.598
2026-05-19 15:21:17.296,93250,979.0,0.0,979.0,0.0,1324.598
2026-05-19 15:21:17.296,93500,979.0,0.0,979.0,0.0,1324.598
2026-05-19 15:21:17.297,93750,979.0,0.0,979.0,0.0,1324.598
2026-05-19 15:21:17.398,94000,979.0,0.0,979.0,0.0,1324.598
2026-05-19 15:21:17.398,94250,979.0,0.0,979.0,0.0,1324.598
2026-05-19 15:21:17.399,94500,979.0,0.0,979.0,0.0,1324.598
2026-05-19 15:21:17.399,94750,979.0,0.0,979.0,0.0,1324.598
2026-05-19 15:21:17.513,95000,979.0,0.0,979.0,0.0,1324.598
2026-05-19 15:21:17.514,95250,979.0,0.0,979.0,0.0,1324.598
2026-05-19 15:21:17.514,95500,979.0,0.0,979.0,0.0,1070.507
2026-05-19 15:21:17.515,95750,979.0,0.0,979.0,0.0,1070.507
2026-05-19 15:21:17.515,96000,979.0,0.0,979.0,0.0,1070.507
2026-05-19 15:21:17.630,96250,979.0,0.0,979.0,0.0,1070.507
2026-05-19 15:21:17.630,96500,979.0,0.0,979.0,0.0,1070.507
2026-05-19 15:21:17.631,96750,979.0,0.0,979.0,0.0,1070.507
2026-05-19 15:21:17.631,97000,979.0,0.0,979.0,0.0,1070.507
2026-05-19 15:21:17.631,97250,979.0,0.0,979.0,0.0,1070.507
2026-05-19 15:21:17.746,97500,979.0,0.0,979.0,0.0,1070.507
2026-05-19 15:21:17.747,97750,979.0,0.0,979.0,0.0,1070.507
2026-05-19 15:21:17.747,98000,979.0,0.0,979.0,0.0,1070.507
2026-05-19 15:21:17.748,98250,979.0,0.0,979.0,0.0,1070.507
2026-05-19 15:21:17.748,98500,979.0,0.0,979.0,0.0,1070.507
2026-05-19 15:21:17.748,98750,979.0,0.0,979.0,0.0,1070.507
2026-05-19 15:21:17.862,99000,979.0,0.0,979.0,0.0,1070.507
2026-05-19 15:21:17.863,99250,979.0,0.0,979.0,0.0,1070.507
2026-05-19 15:21:17.863,99500,979.0,0.0,979.0,0.0,1070.507
2026-05-19 15:21:17.864,99750,979.0,0.0,979.0,0.0,1070.507
2026-05-19 15:21:17.864,100000,979.0,0.0,979.0,0.0,1070.507
2026-05-19 15:21:18.497,10000,979.0,0.0,979.0,0.0,9286.314
2026-05-19 15:21:18.613,10250,979.0,0.0,979.0,0.0,9286.314
2026-05-19 15:21:18.714,10500,979.0,0.0,979.0,0.0,9286.314
2026-05-19 15:21:18.930,10750,983.814,-1.04065909743,983.57,-17.91,9309.146
2026-05-19 15:21:19.046,11000,979.0,0.0,979.0,0.0,9354.811
2026-05-19 15:21:19.161,11250,970.319,-0.148598633522,970.31,-2.472,9188.914
2026-05-19 15:21:19.264,11500,961.639,-0.297197267043,961.619,-4.943,9271.862
2026-05-19 15:21:19.481,11750,979.0,0.0,979.0,0.0,9178.44
2026-05-19 15:21:19.596,12000,979.0,0.0,979.0,0.0,9178.44
2026-05-19 15:21:19.698,12250,979.0,0.0,979.0,0.0,9178.44
2026-05-19 15:21:19.799,12500,981.838,-0.493045346059,981.728,-8.497,9231.653
2026-05-19 15:21:19.913,12750,970.795,-0.172583771975,970.782,-2.875,9103.074
2026-05-19 15:21:20.014,13000,979.0,0.0,979.0,0.0,9025.481
2026-05-19 15:21:20.129,13250,979.0,0.0,979.0,0.0,9110.657
2026-05-19 15:21:20.245,13500,979.0,0.0,979.0,0.0,9110.657
2026-05-19 15:21:20.448,13750,979.0,0.0,979.0,0.0,9110.657
2026-05-19 15:21:20.564,14000,962.362,-0.419260528969,962.324,-6.981,9127.863
2026-05-19 15:21:20.565,14250,979.0,0.0,979.0,0.0,8971.41
2026-05-19 15:21:20.679,14500,979.0,0.0,979.0,0.0,8971.41
2026-05-19 15:21:20.781,14750,986.815,-1.016053226686,986.582,-17.567,9007.219
2026-05-19 15:21:20.896,15000,984.125,0.13927734975,984.117,2.417,9032.041
2026-05-19 15:21:20.998,15250,979.0,0.0,979.0,0.0,8938.448
2026-05-19 15:21:21.111,15500,979.0,0.0,979.0,0.0,8938.448
2026-05-19 15:21:21.214,15750,970.989,-1.477408596972,970.507,-24.928,8901.875
2026-05-19 15:21:21.328,16000,962.894,-0.489113536945,962.842,-8.151,8977.649
2026-05-19 15:21:21.430,16250,979.0,0.0,979.0,0.0,8828.731
2026-05-19 15:21:21.532,16500,975.644,0.370335261541,975.584,6.262,8859.306
2026-05-19 15:21:21.647,16750,963.194,-0.519093625889,963.135,-8.655,8848.447
2026-05-19 15:21:21.763,17000,979.0,0.0,979.0,0.0,8704.426
2026-05-19 15:21:21.763,17250,953.338,-0.872532988888,953.228,-14.517,8704.426
2026-05-19 15:21:21.865,17500,997.414,-0.691288267625,997.151,-11.934,8673.554
2026-05-19 15:21:21.979,17750,979.0,0.0,979.0,0.0,8611.81
2026-05-19 15:21:22.081,18000,979.0,0.0,979.0,0.0,8611.81
2026-05-19 15:21:22.196,18250,990.292,-0.990628382703,990.069,-17.218,8434.373
2026-05-19 15:21:22.196,18500,979.0,0.0,979.0,0.0,8531.103
2026-05-19 15:21:22.297,18750,979.0,0.0,979.0,0.0,8531.103
2026-05-19 15:21:22.412,19000,987.352,0.334462822436,987.3,5.861,8460.143
2026-05-19 15:21:22.513,19250,979.0,0.0,979.0,0.0,8318.223
2026-05-19 15:21:22.514,19500,998.84,-0.562351529646,998.585,-9.73,8297.439
2026-05-19 15:21:22.615,19750,962.839,-0.72577808892,962.725,-12.093,8395.614
2026-05-19 15:21:22.716,20000,979.0,0.0,979.0,0.0,8255.872
2026-05-19 15:21:22.829,20250,979.0,0.0,979.0,0.0,8255.872
2026-05-19 15:21:22.830,20500,981.641,-2.06101748981,980.969,-35.198,8189.124
2026-05-19 15:21:22.931,20750,985.258,-0.44050381119,985.17,-7.67,8158.619
2026-05-19 15:21:23.046,21000,965.788,-0.670348573096,965.69,-11.222,8154.716
2026-05-19 15:21:23.148,21250,979.0,0.0,979.0,0.0,8043.919
2026-05-19 15:21:23.148,21500,979.0,0.0,979.0,0.0,8043.919
2026-05-19 15:21:23.263,21750,963.803,-0.802885041036,963.662,-13.398,7981.487
2026-05-19 15:21:23.364,22000,986.226,-0.448280306285,986.134,-7.829,7972.604
2026-05-19 15:21:23.365,22250,979.0,0.0,979.0,0.0,8030.595
2026-05-19 15:21:23.481,22500,979.0,0.0,979.0,0.0,7842.522
2026-05-19 15:21:23.582,22750,979.0,0.0,979.0,0.0,7842.522
2026-05-19 15:21:23.582,23000,971.358,-0.46391458054,971.264,-7.74,7720.082
2026-05-19 15:21:23.694,23250,979.0,0.0,979.0,0.0,7658.862
2026-05-19 15:21:23.695,23500,979.0,0.0,979.0,0.0,7658.862
2026-05-19 15:21:23.796,23750,995.059,-0.826369945358,994.903,-14.466,7560.258
2026-05-19 15:21:23.897,24000,987.03,-0.413184972679,986.951,-7.233,7621.761
2026-05-19 15:21:23.898,24250,979.0,0.0,979.0,0.0,7515.704
2026-05-19 15:21:24.011,24500,979.0,0.0,979.0,0.0,7515.704
2026-05-19 15:21:24.113,24750,979.0,0.0,979.0,0.0,7515.704
2026-05-19 15:21:24.113,25000,979.0,0.0,979.0,0.0,7360.845
2026-05-19 15:21:24.215,25250,979.0,0.0,979.0,0.0,7360.845
2026-05-19 15:21:24.215,25500,979.0,0.0,979.0,0.0,7206.363
2026-05-19 15:21:24.329,25750,979.0,0.0,979.0,0.0,7206.363
2026-05-19 15:21:24.431,26000,979.0,0.0,979.0,0.0,7206.363
2026-05-19 15:21:24.431,26250,979.0,0.0,979.0,0.0,7078.333
2026-05-19 15:21:24.547,26500,992.279,1.131441986778,991.986,19.723,6984.24
2026-05-19 15:21:24.547,26750,979.0,0.0,979.0,0.0,6937.194
2026-05-19 15:21:24.648,27000,979.0,0.0,979.0,0.0,6937.194
2026-05-19 15:21:24.649,27250,972.757,-0.57911400385,972.61,-9.704,6848.723
2026-05-19 15:21:24.764,27500,979.0,0.0,979.0,0.0,6804.488
2026-05-19 15:21:24.765,27750,979.0,0.0,979.0,0.0,6804.488
2026-05-19 15:21:24.879,28000,979.0,0.0,979.0,0.0,6670.342
2026-05-19 15:21:24.880,28250,979.0,0.0,979.0,0.0,6670.342
2026-05-19 15:21:24.981,28500,973.459,-0.594646865967,973.304,-9.986,6594.836
2026-05-19 15:21:25.097,28750,979.0,0.0,979.0,0.0,6557.083
2026-05-19 15:21:25.098,29000,979.0,0.0,979.0,0.0,6557.083
2026-05-19 15:21:25.211,29250,979.0,0.0,979.0,0.0,6439.888
2026-05-19 15:21:25.211,29500,979.0,0.0,979.0,0.0,6439.888
2026-05-19 15:21:25.313,29750,973.407,-0.714147946287,973.183,-11.991,6366.305
2026-05-19 15:21:25.314,30000,979.0,0.0,979.0,0.0,6329.513
2026-05-19 15:21:25.430,30250,979.0,0.0,979.0,0.0,6329.513
2026-05-19 15:21:25.431,30500,979.0,0.0,979.0,0.0,6231.235
2026-05-19 15:21:25.431,30750,979.0,0.0,979.0,0.0,6231.235
2026-05-19 15:21:25.546,31000,979.0,0.0,979.0,0.0,6231.235
2026-05-19 15:21:25.547,31250,979.0,0.0,979.0,0.0,6132.743
2026-05-19 15:21:25.661,31500,979.0,0.0,979.0,0.0,6132.743
2026-05-19 15:21:25.662,31750,979.0,0.0,979.0,0.0,6055.123
2026-05-19 15:21:25.763,32000,979.0,0.0,979.0,0.0,5819.217
2026-05-19 15:21:25.763,32250,979.0,0.0,979.0,0.0,5819.217
2026-05-19 15:21:25.865,32500,979.0,0.0,979.0,0.0,5745.191
2026-05-19 15:21:25.865,32750,979.0,0.0,979.0,0.0,5745.191
2026-05-19 15:21:25.979,33000,979.0,0.0,979.0,0.0,5745.191
2026-05-19 15:21:25.980,33250,979.0,0.0,979.0,0.0,5682.385
2026-05-19 15:21:26.081,33500,979.0,0.0,979.0,0.0,5682.385
2026-05-19 15:21:26.082,33750,982.008,0.884401665969,981.655,15.245,5665.085
2026-05-19 15:21:26.196,34000,979.0,0.0,979.0,0.0,5630.485
2026-05-19 15:21:26.197,34250,979.0,0.0,979.0,0.0,5379.444
2026-05-19 15:21:26.197,34500,976.548,-0.911773925843,976.179,-15.456,5352.493
2026-05-19 15:21:26.313,34750,979.0,0.0,979.0,0.0,5339.018
2026-05-19 15:21:26.313,35000,979.0,0.0,979.0,0.0,5339.018
2026-05-19 15:21:26.415,35250,979.0,0.0,979.0,0.0,5339.018
2026-05-19 15:21:26.415,35500,979.0,0.0,979.0,0.0,5311.955
2026-05-19 15:21:26.530,35750,979.0,0.0,979.0,0.0,5069.911
2026-05-19 15:21:26.530,36000,979.0,0.0,979.0,0.0,5069.911
2026-05-19 15:21:26.531,36250,979.0,0.0,979.0,0.0,5053.16
2026-05-19 15:21:26.645,36500,979.0,0.0,979.0,0.0,5053.16
2026-05-19 15:21:26.646,36750,979.0,0.0,979.0,0.0,5052.649
2026-05-19 15:21:26.747,37000,979.0,0.0,979.0,0.0,5052.649
2026-05-19 15:21:26.748,37250,979.0,0.0,979.0,0.0,4801.84
2026-05-19 15:21:26.863,37500,979.0,0.0,979.0,0.0,4801.84
2026-05-19 15:21:26.865,37750,979.0,0.0,979.0,0.0,4819.526
2026-05-19 15:21:26.865,38000,979.0,0.0,979.0,0.0,4819.526
2026-05-19 15:21:26.979,38250,979.0,0.0,979.0,0.0,4819.526
2026-05-19 15:21:26.980,38500,997.742,0.104043304432,997.737,1.88,4732.273
2026-05-19 15:21:26.980,38750,979.0,0.0,979.0,0.0,4591.487
2026-05-19 15:21:27.081,39000,979.0,0.0,979.0,0.0,4591.487
2026-05-19 15:21:27.082,39250,979.0,0.0,979.0,0.0,4591.487
2026-05-19 15:21:27.196,39500,979.0,0.0,979.0,0.0,4591.487
2026-05-19 15:21:27.197,39750,979.0,0.0,979.0,0.0,4637.368
2026-05-19 15:21:27.197,40000,979.0,0.0,979.0,0.0,4380.519
2026-05-19 15:21:27.312,40250,979.0,0.0,979.0,0.0,4380.519
2026-05-19 15:21:27.313,40500,979.0,0.0,979.0,0.0,4380.519
2026-05-19 15:21:27.415,40750,979.0,0.0,979.0,0.0,4449.44
2026-05-19 15:21:27.416,41000,979.0,0.0,979.0,0.0,4449.44
2026-05-19 15:21:27.416,41250,979.0,0.0,979.0,0.0,4262.566
2026-05-19 15:21:27.528,41500,979.0,0.0,979.0,0.0,4262.566
2026-05-19 15:21:27.528,41750,960.683,3.218750224387,959.168,53.941,4343.838
2026-05-19 15:21:27.630,42000,979.0,0.0,979.0,0.0,4343.838
2026-05-19 15:21:27.631,42250,942.622,-0.832390786607,942.475,-13.429,4263.133
2026-05-19 15:21:27.632,42500,979.0,0.0,979.0,0.0,4101.722
2026-05-19 15:21:27.747,42750,979.0,0.0,979.0,0.0,4101.722
2026-05-19 15:21:27.748,43000,979.0,0.0,979.0,0.0,4101.722
2026-05-19 15:21:27.748,43250,979.0,0.0,979.0,0.0,4198.29
2026-05-19 15:21:27.863,43500,1018.165,1.054995330004,1017.901,19.106,4039.846
2026-05-19 15:21:27.864,43750,979.0,0.0,979.0,0.0,3960.624
2026-05-19 15:21:27.865,44000,979.0,0.0,979.0,0.0,3960.624
2026-05-19 15:21:27.979,44250,979.0,0.0,979.0,0.0,3960.624
2026-05-19 15:21:27.980,44500,959.682,2.176858404581,958.654,36.075,4041.16
2026-05-19 15:21:27.981,44750,979.0,0.0,979.0,0.0,3861.35
2026-05-19 15:21:28.097,45000,979.0,0.0,979.0,0.0,3861.35
2026-05-19 15:21:28.098,45250,979.0,0.0,979.0,0.0,3861.35
2026-05-19 15:21:28.098,45500,979.0,0.0,979.0,0.0,3861.35
2026-05-19 15:21:28.213,45750,979.0,0.0,979.0,0.0,3861.35
2026-05-19 15:21:28.213,46000,979.0,0.0,979.0,0.0,3655.855
2026-05-19 15:21:28.214,46250,979.0,0.0,979.0,0.0,3823.201
2026-05-19 15:21:28.330,46500,979.0,0.0,979.0,0.0,3823.201
2026-05-19 15:21:28.331,46750,979.0,0.0,979.0,0.0,3823.201
2026-05-19 15:21:28.331,47000,979.0,0.0,979.0,0.0,3823.201
2026-05-19 15:21:28.446,47250,979.0,0.0,979.0,0.0,3625.638
2026-05-19 15:21:28.447,47500,979.0,0.0,979.0,0.0,3625.638
2026-05-19 15:21:28.448,47750,979.0,0.0,979.0,0.0,3625.638
2026-05-19 15:21:28.562,48000,979.0,0.0,979.0,0.0,3625.638
2026-05-19 15:21:28.563,48250,949.439,2.04825476991,948.543,33.397,3740.31
2026-05-19 15:21:28.563,48500,979.0,0.0,979.0,0.0,3618.973
2026-05-19 15:21:28.679,48750,979.0,0.0,979.0,0.0,3618.973
2026-05-19 15:21:28.680,49000,979.0,0.0,979.0,0.0,3618.973
2026-05-19 15:21:28.680,49250,946.369,-2.067157728613,945.461,-33.539,3558.661
2026-05-19 15:21:28.680,49500,979.0,0.0,979.0,0.0,3438.037
2026-05-19 15:21:28.782,49750,979.0,0.0,979.0,0.0,3438.037
2026-05-19 15:21:28.782,50000,979.0,0.0,979.0,0.0,3438.037
2026-05-19 15:21:28.783,50250,979.0,0.0,979.0,0.0,3438.037
2026-05-19 15:21:28.896,50500,979.0,0.0,979.0,0.0,3438.037
2026-05-19 15:21:28.897,50750,945.229,1.738421840782,944.588,28.157,3563.104
2026-05-19 15:21:28.897,51000,979.0,0.0,979.0,0.0,3448.719
2026-05-19 15:21:29.013,51250,979.0,0.0,979.0,0.0,3448.719
2026-05-19 15:21:29.014,51500,979.0,0.0,979.0,0.0,3448.719
2026-05-19 15:21:29.015,51750,979.0,0.0,979.0,0.0,3448.719
2026-05-19 15:21:29.015,52000,979.0,0.0,979.0,0.0,3448.719
2026-05-19 15:21:29.129,52250,979.0,0.0,979.0,0.0,3304.868
2026-05-19 15:21:29.130,52500,979.0,0.0,979.0,0.0,3304.868
2026-05-19 15:21:29.130,52750,979.0,0.0,979.0,0.0,3304.868
2026-05-19 15:21:29.245,53000,979.0,0.0,979.0,0.0,3304.868
2026-05-19 15:21:29.246,53250,979.0,0.0,979.0,0.0,3304.868
2026-05-19 15:21:29.246,53500,979.0,0.0,979.0,0.0,3304.868
2026-05-19 15:21:29.247,53750,979.0,0.0,979.0,0.0,3181.295
2026-05-19 15:21:29.362,54000,979.0,0.0,979.0,0.0,3181.295
2026-05-19 15:21:29.363,54250,979.0,0.0,979.0,0.0,3181.295
2026-05-19 15:21:29.363,54500,979.0,0.0,979.0,0.0,3181.295
2026-05-19 15:21:29.479,54750,979.0,0.0,979.0,0.0,3181.295
2026-05-19 15:21:29.479,55000,979.0,0.0,979.0,0.0,3181.295
2026-05-19 15:21:29.480,55250,979.0,0.0,979.0,0.0,3181.295
2026-05-19 15:21:29.480,55500,967.521,-1.400755277456,966.675,-23.072,3106.693
2026-05-19 15:21:29.581,55750,979.0,0.0,979.0,0.0,3069.393
2026-05-19 15:21:29.582,56000,979.0,0.0,979.0,0.0,3069.393
2026-05-19 15:21:29.582,56250,979.0,0.0,979.0,0.0,3069.393
2026-05-19 15:21:29.696,56500,979.0,0.0,979.0,0.0,3069.393
2026-05-19 15:21:29.697,56750,979.0,0.0,979.0,0.0,3069.393
2026-05-19 15:21:29.697,57000,979.0,0.0,979.0,0.0,3069.393
2026-05-19 15:21:29.798,57250,979.0,0.0,979.0,0.0,3069.393
2026-05-19 15:21:29.799,57500,979.0,0.0,979.0,0.0,3069.393
2026-05-19 15:21:29.799,57750,979.0,0.0,979.0,0.0,3069.393
2026-05-19 15:21:29.913,58000,937.022,6.321979856173,931.324,103.181,3206.9
2026-05-19 15:21:29.914,58250,906.252,1.463962538707,905.957,23.153,3206.9
2026-05-19 15:21:29.914,58500,979.0,0.0,979.0,0.0,3206.9
2026-05-19 15:21:29.915,58750,999.799,4.369904778779,996.892,76.18,3140.187
2026-05-19 15:21:30.029,59000,999.799,4.369904778779,996.892,76.18,3140.187
2026-05-19 15:21:30.030,59250,979.0,0.0,979.0,0.0,3140.187
2026-05-19 15:21:30.030,59500,958.634,-4.369904778779,955.847,-73.043,3206.9
2026-05-19 15:21:30.146,59750,1009.935,-5.345879804584,1005.431,-94.522,3048.035
2026-05-19 15:21:30.147,60000,979.0,0.0,979.0,0.0,2968.602
2026-05-19 15:21:30.147,60250,979.0,0.0,979.0,0.0,2968.602
2026-05-19 15:21:30.147,60500,979.0,0.0,979.0,0.0,2968.602
2026-05-19 15:21:30.263,60750,979.0,0.0,979.0,0.0,2968.602
2026-05-19 15:21:30.264,61000,979.0,0.0,979.0,0.0,2968.602
2026-05-19 15:21:30.264,61250,979.0,0.0,979.0,0.0,2968.602
2026-05-19 15:21:30.265,61500,979.0,0.0,979.0,0.0,2968.602
2026-05-19 15:21:30.265,61750,979.0,0.0,979.0,0.0,2968.602
2026-05-19 15:21:30.379,62000,979.0,0.0,979.0,0.0,2968.602
2026-05-19 15:21:30.380,62250,979.0,0.0,979.0,0.0,2968.602
2026-05-19 15:21:30.380,62500,979.0,0.0,979.0,0.0,2968.602
2026-05-19 15:21:30.381,62750,979.0,0.0,979.0,0.0,2968.602
2026-05-19 15:21:30.497,63000,979.0,0.0,979.0,0.0,2968.602
2026-05-19 15:21:30.498,63250,1062.106,-1.688447386204,1061.645,-31.295,2736.319
2026-05-19 15:21:30.498,63500,979.0,0.0,979.0,0.0,2736.319
2026-05-19 15:21:30.499,63750,979.0,0.0,979.0,0.0,2736.319
2026-05-19 15:21:30.612,64000,979.0,0.0,979.0,0.0,2736.319
2026-05-19 15:21:30.613,64250,979.0,0.0,979.0,0.0,2736.319
2026-05-19 15:21:30.614,64500,979.0,0.0,979.0,0.0,2736.319
2026-05-19 15:21:30.614,64750,979.0,0.0,979.0,0.0,2736.319
2026-05-19 15:21:30.715,65000,979.0,0.0,979.0,0.0,2736.319
2026-05-19 15:21:30.716,65250,979.0,0.0,979.0,0.0,2736.319
2026-05-19 15:21:30.716,65500,979.0,0.0,979.0,0.0,2736.319
2026-05-19 15:21:30.717,65750,979.0,0.0,979.0,0.0,2736.319
2026-05-19 15:21:30.829,66000,979.0,0.0,979.0,0.0,2736.319
2026-05-19 15:21:30.830,66250,979.0,0.0,979.0,0.0,2736.319
2026-05-19 15:21:30.830,66500,979.0,0.0,979.0,0.0,2736.319
2026-05-19 15:21:30.831,66750,979.0,0.0,979.0,0.0,2736.319
2026-05-19 15:21:30.946,67000,979.0,0.0,979.0,0.0,2736.319
2026-05-19 15:21:30.947,67250,979.0,0.0,979.0,0.0,2492.103
2026-05-19 15:21:30.947,67500,979.0,0.0,979.0,0.0,2492.103
2026-05-19 15:21:30.948,67750,979.0,0.0,979.0,0.0,2492.103
2026-05-19 15:21:31.049,68000,964.098,-1.855916887686,962.629,-30.216,2531.852
2026-05-19 15:21:31.050,68250,979.0,0.0,979.0,0.0,2492.103
2026-05-19 15:21:31.050,68500,949.196,-3.711833775372,946.257,-60.432,2571.601
2026-05-19 15:21:31.050,68750,949.196,-3.711833775372,946.257,-60.432,2571.601
2026-05-19 15:21:31.163,69000,979.0,0.0,979.0,0.0,2611.351
2026-05-19 15:21:31.164,69250,979.0,0.0,979.0,0.0,2611.351
2026-05-19 15:21:31.165,69500,979.0,0.0,979.0,0.0,2611.351
2026-05-19 15:21:31.165,69750,979.0,0.0,979.0,0.0,2611.351
2026-05-19 15:21:31.279,70000,979.0,0.0,979.0,0.0,2611.351
2026-05-19 15:21:31.279,70250,979.0,0.0,979.0,0.0,2611.351
2026-05-19 15:21:31.280,70500,979.0,0.0,979.0,0.0,2611.351
2026-05-19 15:21:31.280,70750,979.0,0.0,979.0,0.0,2611.351
2026-05-19 15:21:31.382,71000,979.0,0.0,979.0,0.0,2611.351
2026-05-19 15:21:31.382,71250,979.0,0.0,979.0,0.0,2611.351
2026-05-19 15:21:31.382,71500,979.0,0.0,979.0,0.0,2611.351
2026-05-19 15:21:31.383,71750,1083.466,-3.368127183258,1081.595,-63.655,2359.568
2026-05-19 15:21:31.496,72000,979.0,0.0,979.0,0.0,2359.568
2026-05-19 15:21:31.496,72250,1037.334,6.023390614508,1031.607,108.852,2226.878
2026-05-19 15:21:31.497,72500,1037.334,6.023390614508,1031.607,108.852,2226.878
2026-05-19 15:21:31.497,72750,1037.334,6.023390614508,1031.607,108.852,2226.878
2026-05-19 15:21:31.613,73000,979.0,0.0,979.0,0.0,2226.878
2026-05-19 15:21:31.614,73250,979.0,0.0,979.0,0.0,2226.878
2026-05-19 15:21:31.614,73500,979.0,0.0,979.0,0.0,2226.878
2026-05-19 15:21:31.615,73750,979.0,0.0,979.0,0.0,2226.878
2026-05-19 15:21:31.729,74000,979.0,0.0,979.0,0.0,2226.878
2026-05-19 15:21:31.730,74250,979.0,0.0,979.0,0.0,2226.878
2026-05-19 15:21:31.730,74500,979.0,0.0,979.0,0.0,2226.878
2026-05-19 15:21:31.731,74750,979.0,0.0,979.0,0.0,2226.878
2026-05-19 15:21:31.845,75000,979.0,0.0,979.0,0.0,2226.878
2026-05-19 15:21:31.846,75250,979.0,0.0,979.0,0.0,2226.878
2026-05-19 15:21:31.846,75500,979.0,0.0,979.0,0.0,2226.878
2026-05-19 15:21:31.847,75750,979.0,0.0,979.0,0.0,2226.878
2026-05-19 15:21:31.847,76000,979.0,0.0,979.0,0.0,2226.878
2026-05-19 15:21:31.949,76250,979.0,0.0,979.0,0.0,2226.878
2026-05-19 15:21:31.949,76500,979.0,0.0,979.0,0.0,2226.878
2026-05-19 15:21:31.950,76750,979.0,0.0,979.0,0.0,2226.878
2026-05-19 15:21:31.950,77000,979.0,0.0,979.0,0.0,2226.878
2026-05-19 15:21:32.062,77250,979.0,0.0,979.0,0.0,2226.878
2026-05-19 15:21:32.063,77500,1091.767,-3.235425986683,1090.027,-61.618,1996.867
2026-05-19 15:21:32.063,77750,979.0,0.0,979.0,0.0,1996.867
2026-05-19 15:21:32.064,78000,979.0,0.0,979.0,0.0,1996.867
2026-05-19 15:21:32.064,78250,979.0,0.0,979.0,0.0,1996.867
2026-05-19 15:21:32.180,78500,979.0,0.0,979.0,0.0,1996.867
2026-05-19 15:21:32.181,78750,979.0,0.0,979.0,0.0,1996.867
2026-05-19 15:21:32.181,79000,979.0,0.0,979.0,0.0,1996.867
2026-05-19 15:21:32.181,79250,979.0,0.0,979.0,0.0,1996.867
2026-05-19 15:21:32.182,79500,979.0,0.0,979.0,0.0,1996.867
2026-05-19 15:21:32.295,79750,979.0,0.0,979.0,0.0,1996.867
2026-05-19 15:21:32.295,80000,979.0,0.0,979.0,0.0,1996.867
2026-05-19 15:21:32.296,80250,979.0,0.0,979.0,0.0,1996.867
2026-05-19 15:21:32.296,80500,979.0,0.0,979.0,0.0,1996.867
2026-05-19 15:21:32.297,80750,979.0,0.0,979.0,0.0,1996.867
2026-05-19 15:21:32.398,81000,979.0,0.0,979.0,0.0,1996.867
2026-05-19 15:21:32.398,81250,979.0,0.0,979.0,0.0,1996.867
2026-05-19 15:21:32.399,81500,979.0,0.0,979.0,0.0,1996.867
2026-05-19 15:21:32.399,81750,1016.683,4.450533135611,1012.003,80.254,1924.2
2026-05-19 15:21:32.400,82000,979.0,0.0,979.0,0.0,1887.867
2026-05-19 15:21:32.513,82250,979.0,0.0,979.0,0.0,1887.867
2026-05-19 15:21:32.514,82500,979.0,0.0,979.0,0.0,1887.867
2026-05-19 15:21:32.514,82750,979.0,0.0,979.0,0.0,1887.867
2026-05-19 15:21:32.515,83000,979.0,0.0,979.0,0.0,1887.867
2026-05-19 15:21:32.515,83250,979.0,0.0,979.0,0.0,1662.085
2026-05-19 15:21:32.629,83500,979.0,0.0,979.0,0.0,1662.085
2026-05-19 15:21:32.630,83750,979.0,0.0,979.0,0.0,1662.085
2026-05-19 15:21:32.630,84000,979.0,0.0,979.0,0.0,1662.085
2026-05-19 15:21:32.631,84250,979.0,0.0,979.0,0.0,1662.085
2026-05-19 15:21:32.631,84500,979.0,0.0,979.0,0.0,1662.085
2026-05-19 15:21:32.746,84750,979.0,0.0,979.0,0.0,1662.085
2026-05-19 15:21:32.746,85000,979.0,0.0,979.0,0.0,1662.085
2026-05-19 15:21:32.747,85250,979.0,0.0,979.0,0.0,1662.085
2026-05-19 15:21:32.747,85500,979.0,0.0,979.0,0.0,1662.085
2026-05-19 15:21:32.747,85750,979.0,0.0,979.0,0.0,1662.085
2026-05-19 15:21:32.862,86000,979.0,0.0,979.0,0.0,1662.085
2026-05-19 15:21:32.862,86250,979.0,0.0,979.0,0.0,1662.085
2026-05-19 15:21:32.863,86500,979.0,0.0,979.0,0.0,1662.085
2026-05-19 15:21:32.863,86750,979.0,0.0,979.0,0.0,1662.085
2026-05-19 15:21:32.864,87000,979.0,0.0,979.0,0.0,1662.085
2026-05-19 15:21:32.965,87250,979.0,0.0,979.0,0.0,1662.085
2026-05-19 15:21:32.966,87500,979.0,0.0,979.0,0.0,1662.085
2026-05-19 15:21:32.966,87750,979.0,0.0,979.0,0.0,1662.085
2026-05-19 15:21:32.966,88000,979.0,0.0,979.0,0.0,1662.085
2026-05-19 15:21:33.079,88250,979.0,0.0,979.0,0.0,1662.085
2026-05-19 15:21:33.080,88500,979.0,0.0,979.0,0.0,1662.085
2026-05-19 15:21:33.080,88750,979.0,0.0,979.0,0.0,1662.085
2026-05-19 15:21:33.081,89000,1081.58,-2.932335250094,1079.355,-57.922,1511.585
2026-05-19 15:21:33.081,89250,979.0,0.0,979.0,0.0,1436.336
2026-05-19 15:21:33.196,89500,979.0,0.0,979.0,0.0,1436.336
2026-05-19 15:21:33.197,89750,979.0,0.0,979.0,0.0,1436.336
2026-05-19 15:21:33.198,90000,979.0,0.0,979.0,0.0,1436.336
2026-05-19 15:21:33.198,90250,979.0,0.0,979.0,0.0,1436.336
2026-05-19 15:21:33.198,90500,953.613,-3.300664522563,949.13,-51.752,1361.844
2026-05-19 15:21:33.313,90750,979.0,0.0,979.0,0.0,1324.598
2026-05-19 15:21:33.314,91000,979.0,0.0,979.0,0.0,1324.598
2026-05-19 15:21:33.314,91250,979.0,0.0,979.0,0.0,1324.598
2026-05-19 15:21:33.315,91500,979.0,0.0,979.0,0.0,1324.598
2026-05-19 15:21:33.315,91750,979.0,0.0,979.0,0.0,1324.598
2026-05-19 15:21:33.315,92000,979.0,0.0,979.0,0.0,1324.598
2026-05-19 15:21:33.430,92250,979.0,0.0,979.0,0.0,1324.598
2026-05-19 15:21:33.431,92500,979.0,0.0,979.0,0.0,1324.598
2026-05-19 15:21:33.431,92750,979.0,0.0,979.0,0.0,1324.598
2026-05-19 15:21:33.432,93000,979.0,0.0,979.0,0.0,1324.598
2026-05-19 15:21:33.432,93250,979.0,0.0,979.0,0.0,1324.598
2026-05-19 15:21:33.547,93500,979.0,0.0,979.0,0.0,1324.598
2026-05-19 15:21:33.548,93750,979.0,0.0,979.0,0.0,1324.598
2026-05-19 15:21:33.548,94000,979.0,0.0,979.0,0.0,1324.598
2026-05-19 15:21:33.549,94250,979.0,0.0,979.0,0.0,1324.598
2026-05-19 15:21:33.549,94500,979.0,0.0,979.0,0.0,1324.598
2026-05-19 15:21:33.664,94750,979.0,0.0,979.0,0.0,1324.598
2026-05-19 15:21:33.665,95000,979.0,0.0,979.0,0.0,1324.598
2026-05-19 15:21:33.665,95250,979.0,0.0,979.0,0.0,1324.598
2026-05-19 15:21:33.666,95500,979.0,0.0,979.0,0.0,1070.507
2026-05-19 15:21:33.666,95750,979.0,0.0,979.0,0.0,1070.507
2026-05-19 15:21:33.780,96000,979.0,0.0,979.0,0.0,1070.507
2026-05-19 15:21:33.781,96250,979.0,0.0,979.0,0.0,1070.507
2026-05-19 15:21:33.781,96500,979.0,0.0,979.0,0.0,1070.507
2026-05-19 15:21:33.782,96750,979.0,0.0,979.0,0.0,1070.507
2026-05-19 15:21:33.782,97000,979.0,0.0,979.0,0.0,1070.507
2026-05-19 15:21:33.897,97250,979.0,0.0,979.0,0.0,1070.507
2026-05-19 15:21:33.898,97500,979.0,0.0,979.0,0.0,1070.507
2026-05-19 15:21:33.898,97750,979.0,0.0,979.0,0.0,1070.507
2026-05-19 15:21:33.899,98000,979.0,0.0,979.0,0.0,1070.507
2026-05-19 15:21:33.899,98250,979.0,0.0,979.0,0.0,1070.507
2026-05-19 15:21:34.015,98500,979.0,0.0,979.0,0.0,1070.507
2026-05-19 15:21:34.015,98750,979.0,0.0,979.0,0.0,1070.507
2026-05-19 15:21:34.016,99000,979.0,0.0,979.0,0.0,1070.507
2026-05-19 15:21:34.016,99250,979.0,0.0,979.0,0.0,1070.507
2026-05-19 15:21:34.016,99500,979.0,0.0,979.0,0.0,1070.507
2026-05-19 15:21:34.130,99750,979.0,0.0,979.0,0.0,1070.507
2026-05-19 15:21:34.131,100000,979.0,0.0,979.0,0.0,1070.507
2026-05-19 15:21:34.680,10000,979.0,0.0,979.0,0.0,9286.314
2026-05-19 15:21:34.782,10250,979.0,0.0,979.0,0.0,9286.314
2026-05-19 15:21:34.897,10500,979.0,0.0,979.0,0.0,9286.314
2026-05-19 15:21:35.113,10750,984.416,-1.170741484609,984.141,-20.149,9303.438
2026-05-19 15:21:35.215,11000,979.0,0.0,979.0,0.0,9354.811
2026-05-19 15:21:35.329,11250,965.979,-0.222897950282,965.964,-3.707,9230.388
2026-05-19 15:21:35.547,11500,965.979,-0.222897950282,965.964,-3.707,9230.388
2026-05-19 15:21:35.649,11750,979.0,0.0,979.0,0.0,9178.44
2026-05-19 15:21:35.763,12000,979.0,0.0,979.0,0.0,9178.44
2026-05-19 15:21:35.864,12250,979.0,0.0,979.0,0.0,9178.44
2026-05-19 15:21:35.980,12500,987.441,-0.240346180563,987.348,-4.104,9180.11
2026-05-19 15:21:36.081,12750,972.846,-0.129437828981,972.837,-2.156,9083.676
2026-05-19 15:21:36.197,13000,979.0,0.0,979.0,0.0,9025.481
2026-05-19 15:21:36.310,13250,979.0,0.0,979.0,0.0,9110.657
2026-05-19 15:21:36.515,13500,979.0,0.0,979.0,0.0,9110.657
2026-05-19 15:21:36.629,13750,979.0,0.0,979.0,0.0,9110.657
2026-05-19 15:21:36.731,14000,966.522,-0.314445396727,966.493,-5.236,9088.75
2026-05-19 15:21:36.832,14250,979.0,0.0,979.0,0.0,8971.41
2026-05-19 15:21:36.946,14500,979.0,0.0,979.0,0.0,8971.41
2026-05-19 15:21:37.048,14750,984.862,-0.762039920014,984.686,-13.175,9025.124
2026-05-19 15:21:37.163,15000,986.688,0.208916024625,986.675,3.626,9008.643
2026-05-19 15:21:37.264,15250,979.0,0.0,979.0,0.0,8938.448
2026-05-19 15:21:37.380,15500,979.0,0.0,979.0,0.0,8938.448
2026-05-19 15:21:37.381,15750,972.992,-1.108056447729,972.63,-18.696,8883.589
2026-05-19 15:21:37.496,16000,966.921,-0.366835152709,966.882,-6.113,8940.419
2026-05-19 15:21:37.598,16250,979.0,0.0,979.0,0.0,8828.731
2026-05-19 15:21:37.714,16500,973.967,0.555502892311,973.876,9.394,8874.594
2026-05-19 15:21:37.815,16750,967.146,-0.389320219416,967.101,-6.491,8812.442
2026-05-19 15:21:37.929,17000,979.0,0.0,979.0,0.0,8704.426
2026-05-19 15:21:38.031,17250,953.338,-0.872532988888,953.228,-14.517,8704.426
2026-05-19 15:21:38.031,17500,992.811,-0.518466200719,992.613,-8.95,8714.284
2026-05-19 15:21:38.146,17750,979.0,0.0,979.0,0.0,8611.81
2026-05-19 15:21:38.248,18000,979.0,0.0,979.0,0.0,8611.81
2026-05-19 15:21:38.363,18250,991.704,-1.114456930541,991.453,-19.37,8422.282
2026-05-19 15:21:38.464,18500,979.0,0.0,979.0,0.0,8531.103
2026-05-19 15:21:38.465,18750,979.0,0.0,979.0,0.0,8531.103
2026-05-19 15:21:38.580,19000,985.264,0.250847116827,985.225,4.396,8477.883
2026-05-19 15:21:38.696,19250,979.0,0.0,979.0,0.0,8318.223
2026-05-19 15:21:38.798,19500,1000.094,-0.149596863889,999.857,-2.529,8287.047
2026-05-19 15:21:38.798,19750,966.88,-0.54433356669,966.793,-9.07,8360.678
2026-05-19 15:21:38.913,20000,979.0,0.0,979.0,0.0,8255.872
2026-05-19 15:21:39.014,20250,979.0,0.0,979.0,0.0,8255.872
2026-05-19 15:21:39.015,20500,985.674,-1.87614097575,985.104,-32.151,8155.75
2026-05-19 15:21:39.129,20750,983.694,-0.330377858393,983.627,-5.753,8171.493
2026-05-19 15:21:39.231,21000,969.091,-0.502761429822,969.017,-8.416,8127.017
2026-05-19 15:21:39.346,21250,979.0,0.0,979.0,0.0,8043.919
2026-05-19 15:21:39.346,21500,979.0,0.0,979.0,0.0,8043.919
2026-05-19 15:21:39.448,21750,967.602,-0.602163780777,967.497,-10.049,7950.27
2026-05-19 15:21:39.563,22000,984.42,-0.336210229714,984.351,-5.871,7987.102
2026-05-19 15:21:39.564,22250,979.0,0.0,979.0,0.0,8030.595
2026-05-19 15:21:39.678,22500,979.0,0.0,979.0,0.0,7842.522
2026-05-19 15:21:39.678,22750,979.0,0.0,979.0,0.0,7842.522
2026-05-19 15:21:39.781,23000,973.268,-0.347935935405,973.198,-5.805,7704.777
2026-05-19 15:21:39.897,23250,979.0,0.0,979.0,0.0,7658.862
2026-05-19 15:21:39.898,23500,979.0,0.0,979.0,0.0,7658.862
2026-05-19 15:21:40.010,23750,991.044,-0.619777459019,990.927,-10.85,7591.01
2026-05-19 15:21:40.112,24000,985.022,-0.309888729509,984.963,-5.425,7637.137
2026-05-19 15:21:40.113,24250,979.0,0.0,979.0,0.0,7515.704
2026-05-19 15:21:40.214,24500,979.0,0.0,979.0,0.0,7515.704
2026-05-19 15:21:40.215,24750,979.0,0.0,979.0,0.0,7515.704
2026-05-19 15:21:40.330,25000,979.0,0.0,979.0,0.0,7360.845
2026-05-19 15:21:40.431,25250,979.0,0.0,979.0,0.0,7360.845
2026-05-19 15:21:40.432,25500,979.0,0.0,979.0,0.0,7206.363
2026-05-19 15:21:40.546,25750,979.0,0.0,979.0,0.0,7206.363
2026-05-19 15:21:40.547,26000,983.427,0.356355098395,983.35,6.198,7174.355
2026-05-19 15:21:40.648,26250,979.0,0.0,979.0,0.0,7078.333
2026-05-19 15:21:40.763,26500,993.938,1.272872235126,993.61,22.189,6972.479
2026-05-19 15:21:40.763,26750,979.0,0.0,979.0,0.0,6937.194
2026-05-19 15:21:40.864,27000,979.0,0.0,979.0,0.0,6937.194
2026-05-19 15:21:40.865,27250,974.318,-0.434335502887,974.208,-7.278,6837.665
2026-05-19 15:21:40.979,27500,979.0,0.0,979.0,0.0,6804.488
2026-05-19 15:21:40.980,27750,979.0,0.0,979.0,0.0,6804.488
2026-05-19 15:21:41.095,28000,979.0,0.0,979.0,0.0,6670.342
2026-05-19 15:21:41.096,28250,979.0,0.0,979.0,0.0,6670.342
2026-05-19 15:21:41.198,28500,974.844,-0.445985149475,974.728,-7.49,6585.398
2026-05-19 15:21:41.198,28750,979.0,0.0,979.0,0.0,6557.083
2026-05-19 15:21:41.311,29000,979.0,0.0,979.0,0.0,6557.083
2026-05-19 15:21:41.311,29250,979.0,0.0,979.0,0.0,6439.888
2026-05-19 15:21:41.413,29500,979.0,0.0,979.0,0.0,6439.888
2026-05-19 15:21:41.413,29750,974.805,-0.535610959716,974.637,-8.993,6357.107
2026-05-19 15:21:41.515,30000,979.0,0.0,979.0,0.0,6329.513
2026-05-19 15:21:41.515,30250,979.0,0.0,979.0,0.0,6329.513
2026-05-19 15:21:41.630,30500,979.0,0.0,979.0,0.0,6231.235
2026-05-19 15:21:41.631,30750,979.0,0.0,979.0,0.0,6231.235
2026-05-19 15:21:41.732,31000,979.0,0.0,979.0,0.0,6231.235
2026-05-19 15:21:41.732,31250,979.0,0.0,979.0,0.0,6132.743
2026-05-19 15:21:41.846,31500,979.0,0.0,979.0,0.0,6132.743
2026-05-19 15:21:41.846,31750,979.0,0.0,979.0,0.0,6055.123
2026-05-19 15:21:41.948,32000,979.0,0.0,979.0,0.0,5819.217
2026-05-19 15:21:41.949,32250,979.0,0.0,979.0,0.0,5819.217
2026-05-19 15:21:42.064,32500,979.0,0.0,979.0,0.0,5745.191
2026-05-19 15:21:42.065,32750,979.0,0.0,979.0,0.0,5745.191
2026-05-19 15:21:42.178,33000,979.0,0.0,979.0,0.0,5745.191
2026-05-19 15:21:42.179,33250,979.0,0.0,979.0,0.0,5682.385
2026-05-19 15:21:42.294,33500,979.0,0.0,979.0,0.0,5682.385
2026-05-19 15:21:42.295,33750,983.512,1.326602498953,982.982,22.868,5656.435
2026-05-19 15:21:42.295,34000,979.0,0.0,979.0,0.0,5630.485
2026-05-19 15:21:42.397,34250,979.0,0.0,979.0,0.0,5379.444
2026-05-19 15:21:42.397,34500,977.161,-0.683830444382,976.884,-11.592,5349.125
2026-05-19 15:21:42.498,34750,979.0,0.0,979.0,0.0,5339.018
2026-05-19 15:21:42.499,35000,979.0,0.0,979.0,0.0,5339.018
2026-05-19 15:21:42.613,35250,980.247,0.660415945918,979.986,11.338,5332.252
2026-05-19 15:21:42.613,35500,979.0,0.0,979.0,0.0,5311.955
2026-05-19 15:21:42.715,35750,979.0,0.0,979.0,0.0,5069.911
2026-05-19 15:21:42.715,36000,979.0,0.0,979.0,0.0,5069.911
2026-05-19 15:21:42.716,36250,979.0,0.0,979.0,0.0,5053.16
2026-05-19 15:21:42.830,36500,979.0,0.0,979.0,0.0,5053.16
2026-05-19 15:21:42.830,36750,979.0,0.0,979.0,0.0,5052.649
2026-05-19 15:21:42.947,37000,979.0,0.0,979.0,0.0,5052.649
2026-05-19 15:21:42.948,37250,979.0,0.0,979.0,0.0,4801.84
2026-05-19 15:21:42.948,37500,979.0,0.0,979.0,0.0,4801.84
2026-05-19 15:21:43.063,37750,979.0,0.0,979.0,0.0,4819.526
2026-05-19 15:21:43.064,38000,979.0,0.0,979.0,0.0,4819.526
2026-05-19 15:21:43.165,38250,979.0,0.0,979.0,0.0,4819.526
2026-05-19 15:21:43.166,38500,993.056,0.078032478324,993.052,1.41,4754.086
2026-05-19 15:21:43.166,38750,979.0,0.0,979.0,0.0,4591.487
2026-05-19 15:21:43.278,39000,979.0,0.0,979.0,0.0,4591.487
2026-05-19 15:21:43.278,39250,979.0,0.0,979.0,0.0,4591.487
2026-05-19 15:21:43.381,39500,979.0,0.0,979.0,0.0,4591.487
2026-05-19 15:21:43.381,39750,979.0,0.0,979.0,0.0,4637.368
2026-05-19 15:21:43.382,40000,979.0,0.0,979.0,0.0,4380.519
2026-05-19 15:21:43.497,40250,979.0,0.0,979.0,0.0,4380.519
2026-05-19 15:21:43.497,40500,979.0,0.0,979.0,0.0,4380.519
2026-05-19 15:21:43.599,40750,979.0,0.0,979.0,0.0,4449.44
2026-05-19 15:21:43.600,41000,979.0,0.0,979.0,0.0,4449.44
2026-05-19 15:21:43.601,41250,979.0,0.0,979.0,0.0,4262.566
2026-05-19 15:21:43.712,41500,979.0,0.0,979.0,0.0,4262.566
2026-05-19 15:21:43.713,41750,960.683,3.218750224387,959.168,53.941,4343.838
2026-05-19 15:21:43.814,42000,979.0,0.0,979.0,0.0,4343.838
2026-05-19 15:21:43.815,42250,951.716,-0.624293089955,951.607,-10.072,4222.78
2026-05-19 15:21:43.815,42500,979.0,0.0,979.0,0.0,4101.722
2026-05-19 15:21:43.930,42750,979.0,0.0,979.0,0.0,4101.722
2026-05-19 15:21:43.931,43000,979.0,0.0,979.0,0.0,4101.722
2026-05-19 15:21:43.931,43250,979.0,0.0,979.0,0.0,4198.29
2026-05-19 15:21:44.047,43500,1023.06,1.186869746255,1022.764,21.494,4020.04
2026-05-19 15:21:44.048,43750,979.0,0.0,979.0,0.0,3960.624
2026-05-19 15:21:44.048,44000,979.0,0.0,979.0,0.0,3960.624
2026-05-19 15:21:44.164,44250,979.0,0.0,979.0,0.0,3960.624
2026-05-19 15:21:44.164,44500,957.267,2.448965705154,956.111,40.584,4051.227
2026-05-19 15:21:44.165,44750,979.0,0.0,979.0,0.0,3861.35
2026-05-19 15:21:44.279,45000,979.0,0.0,979.0,0.0,3861.35
2026-05-19 15:21:44.279,45250,979.0,0.0,979.0,0.0,3861.35
2026-05-19 15:21:44.280,45500,979.0,0.0,979.0,0.0,3861.35
2026-05-19 15:21:44.381,45750,979.0,0.0,979.0,0.0,3861.35
2026-05-19 15:21:44.381,46000,979.0,0.0,979.0,0.0,3655.855
2026-05-19 15:21:44.382,46250,979.0,0.0,979.0,0.0,3823.201
2026-05-19 15:21:44.496,46500,979.0,0.0,979.0,0.0,3823.201
2026-05-19 15:21:44.496,46750,979.0,0.0,979.0,0.0,3823.201
2026-05-19 15:21:44.497,47000,979.0,0.0,979.0,0.0,3823.201
2026-05-19 15:21:44.613,47250,979.0,0.0,979.0,0.0,3625.638
2026-05-19 15:21:44.613,47500,979.0,0.0,979.0,0.0,3625.638
2026-05-19 15:21:44.613,47750,979.0,0.0,979.0,0.0,3625.638
2026-05-19 15:21:44.715,48000,979.0,0.0,979.0,0.0,3625.638
2026-05-19 15:21:44.715,48250,956.829,1.536191077433,956.157,25.048,3711.642
2026-05-19 15:21:44.828,48500,979.0,0.0,979.0,0.0,3618.973
2026-05-19 15:21:44.829,48750,979.0,0.0,979.0,0.0,3618.973
2026-05-19 15:21:44.829,49000,979.0,0.0,979.0,0.0,3618.973
2026-05-19 15:21:44.931,49250,942.29,-2.325552444689,941.269,-37.731,3573.739
2026-05-19 15:21:44.932,49500,979.0,0.0,979.0,0.0,3438.037
2026-05-19 15:21:44.932,49750,979.0,0.0,979.0,0.0,3438.037
2026-05-19 15:21:45.048,50000,979.0,0.0,979.0,0.0,3438.037
2026-05-19 15:21:45.048,50250,979.0,0.0,979.0,0.0,3438.037
2026-05-19 15:21:45.049,50500,979.0,0.0,979.0,0.0,3438.037
2026-05-19 15:21:45.049,50750,953.672,1.303816380587,953.191,21.118,3531.837
2026-05-19 15:21:45.163,51000,979.0,0.0,979.0,0.0,3448.719
2026-05-19 15:21:45.163,51250,979.0,0.0,979.0,0.0,3448.719
2026-05-19 15:21:45.164,51500,979.0,0.0,979.0,0.0,3448.719
2026-05-19 15:21:45.279,51750,979.0,0.0,979.0,0.0,3448.719
2026-05-19 15:21:45.279,52000,979.0,0.0,979.0,0.0,3448.719
2026-05-19 15:21:45.279,52250,979.0,0.0,979.0,0.0,3304.868
2026-05-19 15:21:45.280,52500,979.0,0.0,979.0,0.0,3304.868
2026-05-19 15:21:45.382,52750,979.0,0.0,979.0,0.0,3304.868
2026-05-19 15:21:45.382,53000,979.0,0.0,979.0,0.0,3304.868
2026-05-19 15:21:45.382,53250,979.0,0.0,979.0,0.0,3304.868
2026-05-19 15:21:45.496,53500,979.0,0.0,979.0,0.0,3304.868
2026-05-19 15:21:45.497,53750,979.0,0.0,979.0,0.0,3181.295
2026-05-19 15:21:45.497,54000,979.0,0.0,979.0,0.0,3181.295
2026-05-19 15:21:45.498,54250,979.0,0.0,979.0,0.0,3181.295
2026-05-19 15:21:45.612,54500,979.0,0.0,979.0,0.0,3181.295
2026-05-19 15:21:45.613,54750,979.0,0.0,979.0,0.0,3181.295
2026-05-19 15:21:45.613,55000,979.0,0.0,979.0,0.0,3181.295
2026-05-19 15:21:45.714,55250,979.0,0.0,979.0,0.0,3181.295
2026-05-19 15:21:45.715,55500,970.391,-1.050566458092,969.756,-17.304,3097.368
2026-05-19 15:21:45.715,55750,979.0,0.0,979.0,0.0,3069.393
2026-05-19 15:21:45.831,56000,979.0,0.0,979.0,0.0,3069.393
2026-05-19 15:21:45.832,56250,979.0,0.0,979.0,0.0,3069.393
2026-05-19 15:21:45.832,56500,979.0,0.0,979.0,0.0,3069.393
2026-05-19 15:21:45.832,56750,979.0,0.0,979.0,0.0,3069.393
2026-05-19 15:21:45.947,57000,979.0,0.0,979.0,0.0,3069.393
2026-05-19 15:21:45.948,57250,979.0,0.0,979.0,0.0,3069.393
2026-05-19 15:21:45.948,57500,979.0,0.0,979.0,0.0,3069.393
2026-05-19 15:21:46.063,57750,979.0,0.0,979.0,0.0,3069.393
2026-05-19 15:21:46.064,58000,937.022,6.321979856173,931.324,103.181,3206.9
2026-05-19 15:21:46.064,58250,906.252,1.463962538707,905.957,23.153,3206.9
2026-05-19 15:21:46.065,58500,979.0,0.0,979.0,0.0,3206.9
2026-05-19 15:21:46.180,58750,999.799,4.369904778779,996.892,76.18,3140.187
2026-05-19 15:21:46.181,59000,999.799,4.369904778779,996.892,76.18,3140.187
2026-05-19 15:21:46.181,59250,979.0,0.0,979.0,0.0,3140.187
2026-05-19 15:21:46.295,59500,958.634,-4.369904778779,955.847,-73.043,3206.9
2026-05-19 15:21:46.296,59750,1016.348,-5.467876682809,1011.629,-97.207,3028.176
2026-05-19 15:21:46.296,60000,979.0,0.0,979.0,0.0,2968.602
2026-05-19 15:21:46.297,60250,979.0,0.0,979.0,0.0,2968.602
2026-05-19 15:21:46.398,60500,979.0,0.0,979.0,0.0,2968.602
2026-05-19 15:21:46.398,60750,979.0,0.0,979.0,0.0,2968.602
2026-05-19 15:21:46.399,61000,979.0,0.0,979.0,0.0,2968.602
2026-05-19 15:21:46.399,61250,979.0,0.0,979.0,0.0,2968.602
2026-05-19 15:21:46.511,61500,979.0,0.0,979.0,0.0,2968.602
2026-05-19 15:21:46.511,61750,979.0,0.0,979.0,0.0,2968.602
2026-05-19 15:21:46.512,62000,979.0,0.0,979.0,0.0,2968.602
2026-05-19 15:21:46.512,62250,979.0,0.0,979.0,0.0,2968.602
2026-05-19 15:21:46.628,62500,979.0,0.0,979.0,0.0,2968.602
2026-05-19 15:21:46.629,62750,979.0,0.0,979.0,0.0,2968.602
2026-05-19 15:21:46.629,63000,979.0,0.0,979.0,0.0,2968.602
2026-05-19 15:21:46.629,63250,1062.106,-1.688447386204,1061.645,-31.295,2736.319
2026-05-19 15:21:46.731,63500,979.0,0.0,979.0,0.0,2736.319
2026-05-19 15:21:46.731,63750,979.0,0.0,979.0,0.0,2736.319
2026-05-19 15:21:46.732,64000,979.0,0.0,979.0,0.0,2736.319
2026-05-19 15:21:46.732,64250,979.0,0.0,979.0,0.0,2736.319
2026-05-19 15:21:46.846,64500,979.0,0.0,979.0,0.0,2736.319
2026-05-19 15:21:46.846,64750,979.0,0.0,979.0,0.0,2736.319
2026-05-19 15:21:46.847,65000,979.0,0.0,979.0,0.0,2736.319
2026-05-19 15:21:46.847,65250,979.0,0.0,979.0,0.0,2736.319
2026-05-19 15:21:46.948,65500,979.0,0.0,979.0,0.0,2736.319
2026-05-19 15:21:46.949,65750,979.0,0.0,979.0,0.0,2736.319
2026-05-19 15:21:46.949,66000,979.0,0.0,979.0,0.0,2736.319
2026-05-19 15:21:46.950,66250,979.0,0.0,979.0,0.0,2736.319
2026-05-19 15:21:47.061,66500,979.0,0.0,979.0,0.0,2736.319
2026-05-19 15:21:47.062,66750,979.0,0.0,979.0,0.0,2736.319
2026-05-19 15:21:47.062,67000,979.0,0.0,979.0,0.0,2736.319
2026-05-19 15:21:47.063,67250,979.0,0.0,979.0,0.0,2492.103
2026-05-19 15:21:47.164,67500,979.0,0.0,979.0,0.0,2492.103
2026-05-19 15:21:47.165,67750,979.0,0.0,979.0,0.0,2492.103
2026-05-19 15:21:47.165,68000,967.823,-1.391937665765,966.721,-22.662,2521.915
2026-05-19 15:21:47.279,68250,979.0,0.0,979.0,0.0,2492.103
2026-05-19 15:21:47.279,68500,945.47,-4.175812997294,942.164,-67.986,2581.539
2026-05-19 15:21:47.280,68750,945.47,-4.175812997294,942.164,-67.986,2581.539
2026-05-19 15:21:47.281,69000,979.0,0.0,979.0,0.0,2611.351
2026-05-19 15:21:47.395,69250,979.0,0.0,979.0,0.0,2611.351
2026-05-19 15:21:47.396,69500,979.0,0.0,979.0,0.0,2611.351
2026-05-19 15:21:47.396,69750,979.0,0.0,979.0,0.0,2611.351
2026-05-19 15:21:47.396,70000,979.0,0.0,979.0,0.0,2611.351
2026-05-19 15:21:47.498,70250,979.0,0.0,979.0,0.0,2611.351
2026-05-19 15:21:47.499,70500,979.0,0.0,979.0,0.0,2611.351
2026-05-19 15:21:47.499,70750,979.0,0.0,979.0,0.0,2611.351
2026-05-19 15:21:47.499,71000,979.0,0.0,979.0,0.0,2611.351
2026-05-19 15:21:47.602,71250,979.0,0.0,979.0,0.0,2611.351
2026-05-19 15:21:47.602,71500,979.0,0.0,979.0,0.0,2611.351
2026-05-19 15:21:47.603,71750,1083.466,-3.368127183258,1081.595,-63.655,2359.568
2026-05-19 15:21:47.603,72000,979.0,0.0,979.0,0.0,2359.568
2026-05-19 15:21:47.713,72250,1037.334,6.023390614508,1031.607,108.852,2226.878
2026-05-19 15:21:47.714,72500,1037.334,6.023390614508,1031.607,108.852,2226.878
2026-05-19 15:21:47.714,72750,1037.334,6.023390614508,1031.607,108.852,2226.878
2026-05-19 15:21:47.715,73000,979.0,0.0,979.0,0.0,2226.878
2026-05-19 15:21:47.829,73250,979.0,0.0,979.0,0.0,2226.878
2026-05-19 15:21:47.830,73500,979.0,0.0,979.0,0.0,2226.878
2026-05-19 15:21:47.830,73750,979.0,0.0,979.0,0.0,2226.878
2026-05-19 15:21:47.831,74000,979.0,0.0,979.0,0.0,2226.878
2026-05-19 15:21:47.946,74250,979.0,0.0,979.0,0.0,2226.878
2026-05-19 15:21:47.946,74500,979.0,0.0,979.0,0.0,2226.878
2026-05-19 15:21:47.947,74750,979.0,0.0,979.0,0.0,2226.878
2026-05-19 15:21:47.947,75000,979.0,0.0,979.0,0.0,2226.878
2026-05-19 15:21:48.063,75250,979.0,0.0,979.0,0.0,2226.878
2026-05-19 15:21:48.064,75500,979.0,0.0,979.0,0.0,2226.878
2026-05-19 15:21:48.065,75750,979.0,0.0,979.0,0.0,2226.878
2026-05-19 15:21:48.065,76000,979.0,0.0,979.0,0.0,2226.878
2026-05-19 15:21:48.065,76250,979.0,0.0,979.0,0.0,2226.878
2026-05-19 15:21:48.179,76500,979.0,0.0,979.0,0.0,2226.878
2026-05-19 15:21:48.180,76750,979.0,0.0,979.0,0.0,2226.878
2026-05-19 15:21:48.180,77000,979.0,0.0,979.0,0.0,2226.878
2026-05-19 15:21:48.181,77250,979.0,0.0,979.0,0.0,2226.878
2026-05-19 15:21:48.181,77500,1091.767,-3.235425986683,1090.027,-61.618,1996.867
2026-05-19 15:21:48.294,77750,979.0,0.0,979.0,0.0,1996.867
2026-05-19 15:21:48.295,78000,979.0,0.0,979.0,0.0,1996.867
2026-05-19 15:21:48.295,78250,979.0,0.0,979.0,0.0,1996.867
2026-05-19 15:21:48.296,78500,979.0,0.0,979.0,0.0,1996.867
2026-05-19 15:21:48.296,78750,979.0,0.0,979.0,0.0,1996.867
2026-05-19 15:21:48.397,79000,979.0,0.0,979.0,0.0,1996.867
2026-05-19 15:21:48.398,79250,979.0,0.0,979.0,0.0,1996.867
2026-05-19 15:21:48.398,79500,979.0,0.0,979.0,0.0,1996.867
2026-05-19 15:21:48.399,79750,979.0,0.0,979.0,0.0,1996.867
2026-05-19 15:21:48.399,80000,979.0,0.0,979.0,0.0,1996.867
2026-05-19 15:21:48.514,80250,979.0,0.0,979.0,0.0,1996.867
2026-05-19 15:21:48.514,80500,979.0,0.0,979.0,0.0,1996.867
2026-05-19 15:21:48.515,80750,979.0,0.0,979.0,0.0,1996.867
2026-05-19 15:21:48.515,81000,979.0,0.0,979.0,0.0,1996.867
2026-05-19 15:21:48.516,81250,979.0,0.0,979.0,0.0,1996.867
2026-05-19 15:21:48.629,81500,979.0,0.0,979.0,0.0,1996.867
2026-05-19 15:21:48.630,81750,1021.394,5.006849777562,1016.128,90.286,1915.117
2026-05-19 15:21:48.631,82000,979.0,0.0,979.0,0.0,1887.867
2026-05-19 15:21:48.631,82250,979.0,0.0,979.0,0.0,1887.867
2026-05-19 15:21:48.631,82500,979.0,0.0,979.0,0.0,1887.867
2026-05-19 15:21:48.747,82750,979.0,0.0,979.0,0.0,1887.867
2026-05-19 15:21:48.747,83000,1012.247,-0.810011411923,1011.803,-15.712,1831.421
2026-05-19 15:21:48.748,83250,979.0,0.0,979.0,0.0,1662.085
2026-05-19 15:21:48.749,83500,979.0,0.0,979.0,0.0,1662.085
2026-05-19 15:21:48.749,83750,979.0,0.0,979.0,0.0,1662.085
2026-05-19 15:21:48.864,84000,979.0,0.0,979.0,0.0,1662.085
2026-05-19 15:21:48.865,84250,979.0,0.0,979.0,0.0,1662.085
2026-05-19 15:21:48.865,84500,979.0,0.0,979.0,0.0,1662.085
2026-05-19 15:21:48.866,84750,979.0,0.0,979.0,0.0,1662.085
2026-05-19 15:21:48.866,85000,979.0,0.0,979.0,0.0,1662.085
2026-05-19 15:21:48.979,85250,979.0,0.0,979.0,0.0,1662.085
2026-05-19 15:21:48.980,85500,979.0,0.0,979.0,0.0,1662.085
2026-05-19 15:21:48.981,85750,979.0,0.0,979.0,0.0,1662.085
2026-05-19 15:21:48.981,86000,979.0,0.0,979.0,0.0,1662.085
2026-05-19 15:21:48.981,86250,979.0,0.0,979.0,0.0,1662.085
2026-05-19 15:21:49.097,86500,979.0,0.0,979.0,0.0,1662.085
2026-05-19 15:21:49.097,86750,979.0,0.0,979.0,0.0,1662.085
2026-05-19 15:21:49.098,87000,979.0,0.0,979.0,0.0,1662.085
2026-05-19 15:21:49.098,87250,979.0,0.0,979.0,0.0,1662.085
2026-05-19 15:21:49.099,87500,979.0,0.0,979.0,0.0,1662.085
2026-05-19 15:21:49.213,87750,979.0,0.0,979.0,0.0,1662.085
2026-05-19 15:21:49.213,88000,979.0,0.0,979.0,0.0,1662.085
2026-05-19 15:21:49.214,88250,979.0,0.0,979.0,0.0,1662.085
2026-05-19 15:21:49.214,88500,979.0,0.0,979.0,0.0,1662.085
2026-05-19 15:21:49.215,88750,979.0,0.0,979.0,0.0,1662.085
2026-05-19 15:21:49.330,89000,1094.402,-3.298877156356,1091.9,-65.162,1492.773
2026-05-19 15:21:49.331,89250,979.0,0.0,979.0,0.0,1436.336
2026-05-19 15:21:49.331,89500,979.0,0.0,979.0,0.0,1436.336
2026-05-19 15:21:49.332,89750,979.0,0.0,979.0,0.0,1436.336
2026-05-19 15:21:49.332,90000,979.0,0.0,979.0,0.0,1436.336
2026-05-19 15:21:49.445,90250,979.0,0.0,979.0,0.0,1436.336
2026-05-19 15:21:49.445,90500,959.96,-2.475498391922,956.598,-38.814,1352.533
2026-05-19 15:21:49.446,90750,979.0,0.0,979.0,0.0,1324.598
2026-05-19 15:21:49.446,91000,979.0,0.0,979.0,0.0,1324.598
2026-05-19 15:21:49.446,91250,979.0,0.0,979.0,0.0,1324.598
2026-05-19 15:21:49.548,91500,979.0,0.0,979.0,0.0,1324.598
2026-05-19 15:21:49.549,91750,979.0,0.0,979.0,0.0,1324.598
2026-05-19 15:21:49.549,92000,979.0,0.0,979.0,0.0,1324.598
2026-05-19 15:21:49.549,92250,979.0,0.0,979.0,0.0,1324.598
2026-05-19 15:21:49.550,92500,979.0,0.0,979.0,0.0,1324.598
2026-05-19 15:21:49.663,92750,979.0,0.0,979.0,0.0,1324.598
2026-05-19 15:21:49.664,93000,979.0,0.0,979.0,0.0,1324.598
2026-05-19 15:21:49.665,93250,979.0,0.0,979.0,0.0,1324.598
2026-05-19 15:21:49.665,93500,979.0,0.0,979.0,0.0,1324.598
2026-05-19 15:21:49.666,93750,979.0,0.0,979.0,0.0,1324.598
2026-05-19 15:21:49.780,94000,979.0,0.0,979.0,0.0,1324.598
2026-05-19 15:21:49.781,94250,979.0,0.0,979.0,0.0,1324.598
2026-05-19 15:21:49.781,94500,979.0,0.0,979.0,0.0,1324.598
2026-05-19 15:21:49.781,94750,979.0,0.0,979.0,0.0,1324.598
2026-05-19 15:21:49.782,95000,979.0,0.0,979.0,0.0,1324.598
2026-05-19 15:21:49.896,95250,1037.093,-1.265604641585,1035.911,-26.723,1261.076
2026-05-19 15:21:49.896,95500,979.0,0.0,979.0,0.0,1070.507
2026-05-19 15:21:49.897,95750,979.0,0.0,979.0,0.0,1070.507
2026-05-19 15:21:49.897,96000,979.0,0.0,979.0,0.0,1070.507
2026-05-19 15:21:49.898,96250,979.0,0.0,979.0,0.0,1070.507
2026-05-19 15:21:50.014,96500,979.0,0.0,979.0,0.0,1070.507
2026-05-19 15:21:50.014,96750,979.0,0.0,979.0,0.0,1070.507
2026-05-19 15:21:50.015,97000,979.0,0.0,979.0,0.0,1070.507
2026-05-19 15:21:50.016,97250,979.0,0.0,979.0,0.0,1070.507
2026-05-19 15:21:50.016,97500,979.0,0.0,979.0,0.0,1070.507
2026-05-19 15:21:50.130,97750,979.0,0.0,979.0,0.0,1070.507
2026-05-19 15:21:50.130,98000,979.0,0.0,979.0,0.0,1070.507
2026-05-19 15:21:50.131,98250,979.0,0.0,979.0,0.0,1070.507
2026-05-19 15:21:50.131,98500,979.0,0.0,979.0,0.0,1070.507
2026-05-19 15:21:50.131,98750,979.0,0.0,979.0,0.0,1070.507
2026-05-19 15:21:50.246,99000,979.0,0.0,979.0,0.0,1070.507
2026-05-19 15:21:50.247,99250,979.0,0.0,979.0,0.0,1070.507
2026-05-19 15:21:50.248,99500,979.0,0.0,979.0,0.0,1070.507
2026-05-19 15:21:50.248,99750,979.0,0.0,979.0,0.0,1070.507
2026-05-19 15:21:50.248,100000,979.0,0.0,979.0,0.0,1070.507
2026-05-19 15:21:50.897,10000,979.0,0.0,979.0,0.0,9286.314
2026-05-19 15:21:50.998,10250,979.0,0.0,979.0,0.0,9286.314
2026-05-19 15:21:51.112,10500,979.0,0.0,979.0,0.0,9286.314
2026-05-19 15:21:51.330,10750,983.333,-0.936593187687,983.113,-16.119,9313.712
2026-05-19 15:21:51.431,11000,979.0,0.0,979.0,0.0,9354.811
2026-05-19 15:21:51.546,11250,968.583,-0.178318360226,968.572,-2.966,9205.503
2026-05-19 15:21:51.648,11500,967.037,0.117663273306,966.961,2.051,9219.998
2026-05-19 15:21:51.763,11750,979.0,0.0,979.0,0.0,9178.44
2026-05-19 15:21:51.965,12000,979.0,0.0,979.0,0.0,9178.44
2026-05-19 15:21:52.079,12250,979.0,0.0,979.0,0.0,9178.44
2026-05-19 15:21:52.181,12500,985.753,-0.192276944451,985.679,-3.283,9195.74
2026-05-19 15:21:52.295,12750,974.077,-0.103550263185,974.069,-1.725,9072.037
2026-05-19 15:21:52.396,13000,979.0,0.0,979.0,0.0,9025.481
2026-05-19 15:21:52.498,13250,979.0,0.0,979.0,0.0,9110.657
2026-05-19 15:21:52.613,13500,979.0,0.0,979.0,0.0,9110.657
2026-05-19 15:21:52.830,13750,979.0,0.0,979.0,0.0,9110.657
2026-05-19 15:21:52.830,14000,969.017,-0.251556317382,968.994,-4.189,9065.282
2026-05-19 15:21:52.947,14250,979.0,0.0,979.0,0.0,8971.41
2026-05-19 15:21:53.048,14500,979.0,0.0,979.0,0.0,8971.41
2026-05-19 15:21:53.161,14750,986.034,-0.914447904017,985.824,-15.81,9014.381
2026-05-19 15:21:53.263,15000,988.226,0.250699229551,988.21,4.351,8994.604
2026-05-19 15:21:53.365,15250,979.0,0.0,979.0,0.0,8938.448
2026-05-19 15:21:53.479,15500,979.0,0.0,979.0,0.0,8938.448
2026-05-19 15:21:53.581,15750,969.362,-1.033179219267,969.057,-17.402,8917.293
2026-05-19 15:21:53.696,16000,969.337,-0.293468122167,969.305,-4.891,8918.082
2026-05-19 15:21:53.797,16250,979.0,0.0,979.0,0.0,8828.731
2026-05-19 15:21:53.913,16500,972.96,0.666603470774,972.851,11.272,8883.766
2026-05-19 15:21:54.030,16750,969.516,-0.311456175533,969.481,-5.193,8790.838
2026-05-19 15:21:54.031,17000,979.0,0.0,979.0,0.0,8704.426
2026-05-19 15:21:54.132,17250,953.338,-0.872532988888,953.228,-14.517,8704.426
2026-05-19 15:21:54.247,17500,995.157,-0.235163172674,994.974,-4.011,8693.789
2026-05-19 15:21:54.363,17750,979.0,0.0,979.0,0.0,8611.81
2026-05-19 15:21:54.465,18000,979.0,0.0,979.0,0.0,8611.81
2026-05-19 15:21:54.579,18250,992.551,-1.188754059244,992.283,-20.661,8415.028
2026-05-19 15:21:54.580,18500,979.0,0.0,979.0,0.0,8531.103
2026-05-19 15:21:54.695,18750,979.0,0.0,979.0,0.0,8531.103
2026-05-19 15:21:54.798,19000,984.011,0.200677693461,983.98,3.517,8488.527
2026-05-19 15:21:54.798,19250,979.0,0.0,979.0,0.0,8318.223
2026-05-19 15:21:54.913,19500,1000.846,0.098055935565,1000.621,1.791,8280.812
2026-05-19 15:21:55.015,19750,969.304,-0.435466853352,969.235,-7.256,8339.717
2026-05-19 15:21:55.127,20000,979.0,0.0,979.0,0.0,8255.872
2026-05-19 15:21:55.128,20250,979.0,0.0,979.0,0.0,8255.872
2026-05-19 15:21:55.231,20500,988.095,-1.765215067314,987.585,-30.323,8135.725
2026-05-19 15:21:55.346,20750,982.755,-0.264302286714,982.702,-4.602,8179.218
2026-05-19 15:21:55.448,21000,971.073,-0.402209143858,971.014,-6.733,8110.397
2026-05-19 15:21:55.448,21250,979.0,0.0,979.0,0.0,8043.919
2026-05-19 15:21:55.564,21500,979.0,0.0,979.0,0.0,8043.919
2026-05-19 15:21:55.677,21750,969.882,-0.481731024622,969.797,-8.039,7931.541
2026-05-19 15:21:55.678,22000,983.336,-0.268968183771,983.281,-4.697,7995.801
2026-05-19 15:21:55.780,22250,979.0,0.0,979.0,0.0,8030.595
2026-05-19 15:21:55.881,22500,979.0,0.0,979.0,0.0,7842.522
2026-05-19 15:21:55.882,22750,979.0,0.0,979.0,0.0,7842.522
2026-05-19 15:21:55.994,23000,974.415,-0.278348748324,974.358,-4.644,7695.594
2026-05-19 15:21:55.994,23250,979.0,0.0,979.0,0.0,7658.862
2026-05-19 15:21:56.096,23500,979.0,0.0,979.0,0.0,7658.862
2026-05-19 15:21:56.198,23750,993.453,-0.743732950823,993.312,-13.02,7572.559
2026-05-19 15:21:56.198,24000,983.818,-0.247910983608,983.771,-4.34,7646.363
2026-05-19 15:21:56.313,24250,979.0,0.0,979.0,0.0,7515.704
2026-05-19 15:21:56.414,24500,979.0,0.0,979.0,0.0,7515.704
2026-05-19 15:21:56.415,24750,979.0,0.0,979.0,0.0,7515.704
2026-05-19 15:21:56.529,25000,979.0,0.0,979.0,0.0,7360.845
2026-05-19 15:21:56.530,25250,979.0,0.0,979.0,0.0,7360.845
2026-05-19 15:21:56.631,25500,979.0,0.0,979.0,0.0,7206.363
2026-05-19 15:21:56.746,25750,979.0,0.0,979.0,0.0,7206.363
2026-05-19 15:21:56.747,26000,982.542,0.285084078716,982.48,4.959,7180.757
2026-05-19 15:21:56.848,26250,979.0,0.0,979.0,0.0,7078.333
2026-05-19 15:21:56.849,26500,994.934,1.357730384134,994.584,23.668,6965.422
2026-05-19 15:21:56.963,26750,979.0,0.0,979.0,0.0,6937.194
2026-05-19 15:21:56.963,27000,979.0,0.0,979.0,0.0,6937.194
2026-05-19 15:21:57.065,27250,975.254,-0.34746840231,975.166,-5.823,6831.029
2026-05-19 15:21:57.181,27500,979.0,0.0,979.0,0.0,6804.488
2026-05-19 15:21:57.181,27750,979.0,0.0,979.0,0.0,6804.488
2026-05-19 15:21:57.296,28000,979.0,0.0,979.0,0.0,6670.342
2026-05-19 15:21:57.297,28250,979.0,0.0,979.0,0.0,6670.342
2026-05-19 15:21:57.398,28500,975.675,-0.35678811958,975.582,-5.992,6579.735
2026-05-19 15:21:57.399,28750,979.0,0.0,979.0,0.0,6557.083
2026-05-19 15:21:57.513,29000,979.0,0.0,979.0,0.0,6557.083
2026-05-19 15:21:57.513,29250,979.0,0.0,979.0,0.0,6439.888
2026-05-19 15:21:57.615,29500,979.0,0.0,979.0,0.0,6439.888
2026-05-19 15:21:57.616,29750,975.644,-0.428488767772,975.51,-7.194,6351.588
2026-05-19 15:21:57.730,30000,979.0,0.0,979.0,0.0,6329.513
2026-05-19 15:21:57.730,30250,979.0,0.0,979.0,0.0,6329.513
2026-05-19 15:21:57.846,30500,979.0,0.0,979.0,0.0,6231.235
2026-05-19 15:21:57.846,30750,979.0,0.0,979.0,0.0,6231.235
2026-05-19 15:21:57.948,31000,979.0,0.0,979.0,0.0,6231.235
2026-05-19 15:21:57.948,31250,979.0,0.0,979.0,0.0,6132.743
2026-05-19 15:21:58.063,31500,979.0,0.0,979.0,0.0,6132.743
2026-05-19 15:21:58.064,31750,979.0,0.0,979.0,0.0,6055.123
2026-05-19 15:21:58.180,32000,979.0,0.0,979.0,0.0,5819.217
2026-05-19 15:21:58.180,32250,979.0,0.0,979.0,0.0,5819.217
2026-05-19 15:21:58.181,32500,979.0,0.0,979.0,0.0,5745.191
2026-05-19 15:21:58.294,32750,979.0,0.0,979.0,0.0,5745.191
2026-05-19 15:21:58.295,33000,979.0,0.0,979.0,0.0,5745.191
2026-05-19 15:21:58.396,33250,979.0,0.0,979.0,0.0,5682.385
2026-05-19 15:21:58.397,33500,979.0,0.0,979.0,0.0,5682.385
2026-05-19 15:21:58.498,33750,982.61,1.061281999162,982.186,18.294,5661.625
2026-05-19 15:21:58.499,34000,979.0,0.0,979.0,0.0,5630.485
2026-05-19 15:21:58.612,34250,979.0,0.0,979.0,0.0,5379.444
2026-05-19 15:21:58.612,34500,977.529,-0.547064355506,977.307,-9.274,5347.103
2026-05-19 15:21:58.613,34750,979.0,0.0,979.0,0.0,5339.018
2026-05-19 15:21:58.714,35000,979.0,0.0,979.0,0.0,5339.018
2026-05-19 15:21:58.716,35250,980.995,1.05666551347,980.577,18.141,5328.193
2026-05-19 15:21:58.831,35500,979.0,0.0,979.0,0.0,5311.955
2026-05-19 15:21:58.831,35750,979.0,0.0,979.0,0.0,5069.911
2026-05-19 15:21:58.947,36000,979.0,0.0,979.0,0.0,5069.911
2026-05-19 15:21:58.948,36250,979.0,0.0,979.0,0.0,5053.16
2026-05-19 15:21:58.948,36500,979.0,0.0,979.0,0.0,5053.16
2026-05-19 15:21:59.062,36750,979.0,0.0,979.0,0.0,5052.649
2026-05-19 15:21:59.063,37000,979.0,0.0,979.0,0.0,5052.649
2026-05-19 15:21:59.164,37250,979.0,0.0,979.0,0.0,4801.84
2026-05-19 15:21:59.165,37500,979.0,0.0,979.0,0.0,4801.84
2026-05-19 15:21:59.278,37750,979.0,0.0,979.0,0.0,4819.526
2026-05-19 15:21:59.279,38000,979.0,0.0,979.0,0.0,4819.526
2026-05-19 15:21:59.279,38250,979.0,0.0,979.0,0.0,4819.526
2026-05-19 15:21:59.381,38500,990.245,0.062425982659,990.242,1.128,4767.174
2026-05-19 15:21:59.381,38750,979.0,0.0,979.0,0.0,4591.487
2026-05-19 15:21:59.496,39000,979.0,0.0,979.0,0.0,4591.487
2026-05-19 15:21:59.497,39250,979.0,0.0,979.0,0.0,4591.487
2026-05-19 15:21:59.497,39500,979.0,0.0,979.0,0.0,4591.487
2026-05-19 15:21:59.612,39750,979.0,0.0,979.0,0.0,4637.368
2026-05-19 15:21:59.612,40000,979.0,0.0,979.0,0.0,4380.519
2026-05-19 15:21:59.613,40250,979.0,0.0,979.0,0.0,4380.519
2026-05-19 15:21:59.715,40500,979.0,0.0,979.0,0.0,4380.519
2026-05-19 15:21:59.715,40750,979.0,0.0,979.0,0.0,4449.44
2026-05-19 15:21:59.830,41000,979.0,0.0,979.0,0.0,4449.44
2026-05-19 15:21:59.830,41250,979.0,0.0,979.0,0.0,4262.566
2026-05-19 15:21:59.831,41500,979.0,0.0,979.0,0.0,4262.566
2026-05-19 15:21:59.946,41750,960.683,3.218750224387,959.168,53.941,4343.838
2026-05-19 15:21:59.947,42000,979.0,0.0,979.0,0.0,4343.838
2026-05-19 15:21:59.948,42250,957.173,-0.499434471964,957.085,-8.057,4198.569
2026-05-19 15:22:00.063,42500,979.0,0.0,979.0,0.0,4101.722
2026-05-19 15:22:00.064,42750,979.0,0.0,979.0,0.0,4101.722
2026-05-19 15:22:00.064,43000,979.0,0.0,979.0,0.0,4101.722
2026-05-19 15:22:00.180,43250,979.0,0.0,979.0,0.0,4198.29
2026-05-19 15:22:00.181,43500,1025.998,1.265994396005,1025.681,22.927,4008.157
2026-05-19 15:22:00.181,43750,979.0,0.0,979.0,0.0,3960.624
2026-05-19 15:22:00.296,44000,979.0,0.0,979.0,0.0,3960.624
2026-05-19 15:22:00.297,44250,979.0,0.0,979.0,0.0,3960.624
2026-05-19 15:22:00.297,44500,955.819,2.612230085498,954.585,43.29,4057.267
2026-05-19 15:22:00.411,44750,979.0,0.0,979.0,0.0,3861.35
2026-05-19 15:22:00.411,45000,979.0,0.0,979.0,0.0,3861.35
2026-05-19 15:22:00.412,45250,979.0,0.0,979.0,0.0,3861.35
2026-05-19 15:22:00.513,45500,979.0,0.0,979.0,0.0,3861.35
2026-05-19 15:22:00.514,45750,979.0,0.0,979.0,0.0,3861.35
2026-05-19 15:22:00.514,46000,979.0,0.0,979.0,0.0,3655.855
2026-05-19 15:22:00.630,46250,979.0,0.0,979.0,0.0,3823.201
2026-05-19 15:22:00.630,46500,979.0,0.0,979.0,0.0,3823.201
2026-05-19 15:22:00.631,46750,979.0,0.0,979.0,0.0,3823.201
2026-05-19 15:22:00.746,47000,979.0,0.0,979.0,0.0,3823.201
2026-05-19 15:22:00.747,47250,979.0,0.0,979.0,0.0,3625.638
2026-05-19 15:22:00.747,47500,979.0,0.0,979.0,0.0,3625.638
2026-05-19 15:22:00.862,47750,979.0,0.0,979.0,0.0,3625.638
2026-05-19 15:22:00.863,48000,979.0,0.0,979.0,0.0,3625.638
2026-05-19 15:22:00.863,48250,961.263,1.228952861946,960.726,20.038,3694.441
2026-05-19 15:22:00.965,48500,979.0,0.0,979.0,0.0,3618.973
2026-05-19 15:22:00.965,48750,979.0,0.0,979.0,0.0,3618.973
2026-05-19 15:22:01.079,49000,979.0,0.0,979.0,0.0,3618.973
2026-05-19 15:22:01.080,49250,939.843,-2.480589274335,938.753,-40.247,3582.785
2026-05-19 15:22:01.080,49500,979.0,0.0,979.0,0.0,3438.037
2026-05-19 15:22:01.081,49750,979.0,0.0,979.0,0.0,3438.037
2026-05-19 15:22:01.196,50000,979.0,0.0,979.0,0.0,3438.037
2026-05-19 15:22:01.196,50250,979.0,0.0,979.0,0.0,3438.037
2026-05-19 15:22:01.197,50500,979.0,0.0,979.0,0.0,3438.037
2026-05-19 15:22:01.310,50750,958.737,1.043053104469,958.353,16.894,3513.077
2026-05-19 15:22:01.310,51000,979.0,0.0,979.0,0.0,3448.719
2026-05-19 15:22:01.311,51250,979.0,0.0,979.0,0.0,3448.719
2026-05-19 15:22:01.311,51500,979.0,0.0,979.0,0.0,3448.719
2026-05-19 15:22:01.412,51750,979.0,0.0,979.0,0.0,3448.719
2026-05-19 15:22:01.413,52000,979.0,0.0,979.0,0.0,3448.719
2026-05-19 15:22:01.413,52250,979.0,0.0,979.0,0.0,3304.868
2026-05-19 15:22:01.514,52500,979.0,0.0,979.0,0.0,3304.868
2026-05-19 15:22:01.515,52750,979.0,0.0,979.0,0.0,3304.868
2026-05-19 15:22:01.515,53000,979.0,0.0,979.0,0.0,3304.868
2026-05-19 15:22:01.630,53250,979.0,0.0,979.0,0.0,3304.868
2026-05-19 15:22:01.631,53500,979.0,0.0,979.0,0.0,3304.868
2026-05-19 15:22:01.631,53750,979.0,0.0,979.0,0.0,3181.295
2026-05-19 15:22:01.747,54000,979.0,0.0,979.0,0.0,3181.295
2026-05-19 15:22:01.747,54250,979.0,0.0,979.0,0.0,3181.295
2026-05-19 15:22:01.748,54500,979.0,0.0,979.0,0.0,3181.295
2026-05-19 15:22:01.748,54750,979.0,0.0,979.0,0.0,3181.295
2026-05-19 15:22:01.863,55000,979.0,0.0,979.0,0.0,3181.295
2026-05-19 15:22:01.864,55250,979.0,0.0,979.0,0.0,3181.295
2026-05-19 15:22:01.864,55500,972.113,-0.840453166474,971.605,-13.843,3091.773
2026-05-19 15:22:01.965,55750,979.0,0.0,979.0,0.0,3069.393
2026-05-19 15:22:01.966,56000,979.0,0.0,979.0,0.0,3069.393
2026-05-19 15:22:01.966,56250,979.0,0.0,979.0,0.0,3069.393
2026-05-19 15:22:02.081,56500,979.0,0.0,979.0,0.0,3069.393
2026-05-19 15:22:02.081,56750,979.0,0.0,979.0,0.0,3069.393
2026-05-19 15:22:02.082,57000,979.0,0.0,979.0,0.0,3069.393
2026-05-19 15:22:02.082,57250,979.0,0.0,979.0,0.0,3069.393
2026-05-19 15:22:02.197,57500,979.0,0.0,979.0,0.0,3069.393
2026-05-19 15:22:02.198,57750,979.0,0.0,979.0,0.0,3069.393
2026-05-19 15:22:02.198,58000,937.022,6.321979856173,931.324,103.181,3206.9
2026-05-19 15:22:02.308,58250,906.252,1.463962538707,905.957,23.153,3206.9
2026-05-19 15:22:02.309,58500,979.0,0.0,979.0,0.0,3206.9
2026-05-19 15:22:02.309,58750,999.799,4.369904778779,996.892,76.18,3140.187
2026-05-19 15:22:02.310,59000,999.799,4.369904778779,996.892,76.18,3140.187
2026-05-19 15:22:02.414,59250,979.0,0.0,979.0,0.0,3140.187
2026-05-19 15:22:02.415,59500,958.634,-4.369904778779,955.847,-73.043,3206.9
2026-05-19 15:22:02.416,59750,1020.196,-5.541074809745,1015.347,-98.818,3016.262
2026-05-19 15:22:02.531,60000,979.0,0.0,979.0,0.0,2968.602
2026-05-19 15:22:02.531,60250,979.0,0.0,979.0,0.0,2968.602
2026-05-19 15:22:02.532,60500,979.0,0.0,979.0,0.0,2968.602
2026-05-19 15:22:02.532,60750,979.0,0.0,979.0,0.0,2968.602
2026-05-19 15:22:02.647,61000,979.0,0.0,979.0,0.0,2968.602
2026-05-19 15:22:02.647,61250,979.0,0.0,979.0,0.0,2968.602
2026-05-19 15:22:02.648,61500,979.0,0.0,979.0,0.0,2968.602
2026-05-19 15:22:02.648,61750,979.0,0.0,979.0,0.0,2968.602
2026-05-19 15:22:02.764,62000,979.0,0.0,979.0,0.0,2968.602
2026-05-19 15:22:02.764,62250,979.0,0.0,979.0,0.0,2968.602
2026-05-19 15:22:02.765,62500,979.0,0.0,979.0,0.0,2968.602
2026-05-19 15:22:02.765,62750,979.0,0.0,979.0,0.0,2968.602
2026-05-19 15:22:02.766,63000,979.0,0.0,979.0,0.0,2968.602
2026-05-19 15:22:02.880,63250,1062.106,-1.688447386204,1061.645,-31.295,2736.319
2026-05-19 15:22:02.880,63500,979.0,0.0,979.0,0.0,2736.319
2026-05-19 15:22:02.881,63750,979.0,0.0,979.0,0.0,2736.319
2026-05-19 15:22:02.881,64000,979.0,0.0,979.0,0.0,2736.319
2026-05-19 15:22:02.997,64250,979.0,0.0,979.0,0.0,2736.319
2026-05-19 15:22:02.997,64500,979.0,0.0,979.0,0.0,2736.319
2026-05-19 15:22:02.998,64750,979.0,0.0,979.0,0.0,2736.319
2026-05-19 15:22:02.998,65000,979.0,0.0,979.0,0.0,2736.319
2026-05-19 15:22:03.112,65250,979.0,0.0,979.0,0.0,2736.319
2026-05-19 15:22:03.112,65500,979.0,0.0,979.0,0.0,2736.319
2026-05-19 15:22:03.113,65750,979.0,0.0,979.0,0.0,2736.319
2026-05-19 15:22:03.113,66000,979.0,0.0,979.0,0.0,2736.319
2026-05-19 15:22:03.215,66250,971.497,-1.037161247915,970.726,-17.019,2758.125
2026-05-19 15:22:03.215,66500,979.0,0.0,979.0,0.0,2736.319
2026-05-19 15:22:03.216,66750,979.0,0.0,979.0,0.0,2736.319
2026-05-19 15:22:03.216,67000,998.188,-0.42835179269,998.037,-8.035,2687.476
2026-05-19 15:22:03.330,67250,979.0,0.0,979.0,0.0,2492.103
2026-05-19 15:22:03.330,67500,979.0,0.0,979.0,0.0,2492.103
2026-05-19 15:22:03.331,67750,979.0,0.0,979.0,0.0,2492.103
2026-05-19 15:22:03.331,68000,970.059,-1.113550132612,969.177,-18.13,2515.952
2026-05-19 15:22:03.447,68250,979.0,0.0,979.0,0.0,2492.103
2026-05-19 15:22:03.447,68500,943.235,-4.454200530447,939.709,-72.518,2587.501
2026-05-19 15:22:03.448,68750,943.235,-4.454200530447,939.709,-72.518,2587.501
2026-05-19 15:22:03.448,69000,979.0,0.0,979.0,0.0,2611.351
2026-05-19 15:22:03.563,69250,979.0,0.0,979.0,0.0,2611.351
2026-05-19 15:22:03.563,69500,979.0,0.0,979.0,0.0,2611.351
2026-05-19 15:22:03.564,69750,979.0,0.0,979.0,0.0,2611.351
2026-05-19 15:22:03.564,70000,979.0,0.0,979.0,0.0,2611.351
2026-05-19 15:22:03.679,70250,979.0,0.0,979.0,0.0,2611.351
2026-05-19 15:22:03.680,70500,979.0,0.0,979.0,0.0,2611.351
2026-05-19 15:22:03.680,70750,979.0,0.0,979.0,0.0,2611.351
2026-05-19 15:22:03.681,71000,979.0,0.0,979.0,0.0,2611.351
2026-05-19 15:22:03.796,71250,979.0,0.0,979.0,0.0,2611.351
2026-05-19 15:22:03.797,71500,979.0,0.0,979.0,0.0,2611.351
2026-05-19 15:22:03.797,71750,1083.466,-3.368127183258,1081.595,-63.655,2359.568
2026-05-19 15:22:03.798,72000,979.0,0.0,979.0,0.0,2359.568
2026-05-19 15:22:03.912,72250,1037.334,6.023390614508,1031.607,108.852,2226.878
2026-05-19 15:22:03.913,72500,1037.334,6.023390614508,1031.607,108.852,2226.878
2026-05-19 15:22:03.913,72750,1037.334,6.023390614508,1031.607,108.852,2226.878
2026-05-19 15:22:03.914,73000,979.0,0.0,979.0,0.0,2226.878
2026-05-19 15:22:03.914,73250,979.0,0.0,979.0,0.0,2226.878
2026-05-19 15:22:04.029,73500,979.0,0.0,979.0,0.0,2226.878
2026-05-19 15:22:04.030,73750,979.0,0.0,979.0,0.0,2226.878
2026-05-19 15:22:04.030,74000,979.0,0.0,979.0,0.0,2226.878
2026-05-19 15:22:04.031,74250,979.0,0.0,979.0,0.0,2226.878
2026-05-19 15:22:04.146,74500,979.0,0.0,979.0,0.0,2226.878
2026-05-19 15:22:04.146,74750,979.0,0.0,979.0,0.0,2226.878
2026-05-19 15:22:04.147,75000,979.0,0.0,979.0,0.0,2226.878
2026-05-19 15:22:04.147,75250,979.0,0.0,979.0,0.0,2226.878
2026-05-19 15:22:04.262,75500,979.0,0.0,979.0,0.0,2226.878
2026-05-19 15:22:04.263,75750,979.0,0.0,979.0,0.0,2226.878
2026-05-19 15:22:04.263,76000,979.0,0.0,979.0,0.0,2226.878
2026-05-19 15:22:04.264,76250,979.0,0.0,979.0,0.0,2226.878
2026-05-19 15:22:04.264,76500,979.0,0.0,979.0,0.0,2226.878
2026-05-19 15:22:04.379,76750,979.0,0.0,979.0,0.0,2226.878
2026-05-19 15:22:04.380,77000,979.0,0.0,979.0,0.0,2226.878
2026-05-19 15:22:04.380,77250,979.0,0.0,979.0,0.0,2226.878
2026-05-19 15:22:04.381,77500,1091.767,-3.235425986683,1090.027,-61.618,1996.867
2026-05-19 15:22:04.381,77750,979.0,0.0,979.0,0.0,1996.867
2026-05-19 15:22:04.497,78000,979.0,0.0,979.0,0.0,1996.867
2026-05-19 15:22:04.497,78250,979.0,0.0,979.0,0.0,1996.867
2026-05-19 15:22:04.498,78500,979.0,0.0,979.0,0.0,1996.867
2026-05-19 15:22:04.498,78750,979.0,0.0,979.0,0.0,1996.867
2026-05-19 15:22:04.499,79000,979.0,0.0,979.0,0.0,1996.867
2026-05-19 15:22:04.612,79250,979.0,0.0,979.0,0.0,1996.867
2026-05-19 15:22:04.612,79500,979.0,0.0,979.0,0.0,1996.867
2026-05-19 15:22:04.613,79750,979.0,0.0,979.0,0.0,1996.867
2026-05-19 15:22:04.613,80000,979.0,0.0,979.0,0.0,1996.867
2026-05-19 15:22:04.614,80250,979.0,0.0,979.0,0.0,1996.867
2026-05-19 15:22:04.716,80500,979.0,0.0,979.0,0.0,1996.867
2026-05-19 15:22:04.716,80750,979.0,0.0,979.0,0.0,1996.867
2026-05-19 15:22:04.717,81000,979.0,0.0,979.0,0.0,1996.867
2026-05-19 15:22:04.717,81250,979.0,0.0,979.0,0.0,1996.867
2026-05-19 15:22:04.718,81500,979.0,0.0,979.0,0.0,1996.867
2026-05-19 15:22:04.830,81750,1012.915,4.00547982205,1008.702,72.229,1931.467
2026-05-19 15:22:04.830,82000,979.0,0.0,979.0,0.0,1887.867
2026-05-19 15:22:04.831,82250,979.0,0.0,979.0,0.0,1887.867
2026-05-19 15:22:04.831,82500,979.0,0.0,979.0,0.0,1887.867
2026-05-19 15:22:04.832,82750,979.0,0.0,979.0,0.0,1887.867
2026-05-19 15:22:04.947,83000,1005.598,-0.648009129538,1005.242,-12.57,1842.71
2026-05-19 15:22:04.948,83250,979.0,0.0,979.0,0.0,1662.085
2026-05-19 15:22:04.948,83500,979.0,0.0,979.0,0.0,1662.085
2026-05-19 15:22:04.949,83750,979.0,0.0,979.0,0.0,1662.085
2026-05-19 15:22:04.949,84000,979.0,0.0,979.0,0.0,1662.085
2026-05-19 15:22:05.062,84250,979.0,0.0,979.0,0.0,1662.085
2026-05-19 15:22:05.063,84500,979.0,0.0,979.0,0.0,1662.085
2026-05-19 15:22:05.063,84750,979.0,0.0,979.0,0.0,1662.085
2026-05-19 15:22:05.064,85000,979.0,0.0,979.0,0.0,1662.085
2026-05-19 15:22:05.064,85250,979.0,0.0,979.0,0.0,1662.085
2026-05-19 15:22:05.178,85500,979.0,0.0,979.0,0.0,1662.085
2026-05-19 15:22:05.179,85750,979.0,0.0,979.0,0.0,1662.085
2026-05-19 15:22:05.179,86000,979.0,0.0,979.0,0.0,1662.085
2026-05-19 15:22:05.180,86250,979.0,0.0,979.0,0.0,1662.085
2026-05-19 15:22:05.180,86500,979.0,0.0,979.0,0.0,1662.085
2026-05-19 15:22:05.294,86750,979.0,0.0,979.0,0.0,1662.085
2026-05-19 15:22:05.294,87000,979.0,0.0,979.0,0.0,1662.085
2026-05-19 15:22:05.295,87250,979.0,0.0,979.0,0.0,1662.085
2026-05-19 15:22:05.295,87500,979.0,0.0,979.0,0.0,1662.085
2026-05-19 15:22:05.296,87750,979.0,0.0,979.0,0.0,1662.085
2026-05-19 15:22:05.397,88000,979.0,0.0,979.0,0.0,1662.085
2026-05-19 15:22:05.398,88250,979.0,0.0,979.0,0.0,1662.085
2026-05-19 15:22:05.398,88500,979.0,0.0,979.0,0.0,1662.085
2026-05-19 15:22:05.399,88750,979.0,0.0,979.0,0.0,1662.085
2026-05-19 15:22:05.511,89000,1102.096,-3.518802300113,1099.426,-69.507,1481.485
2026-05-19 15:22:05.512,89250,979.0,0.0,979.0,0.0,1436.336
2026-05-19 15:22:05.512,89500,979.0,0.0,979.0,0.0,1436.336
2026-05-19 15:22:05.512,89750,979.0,0.0,979.0,0.0,1436.336
2026-05-19 15:22:05.513,90000,979.0,0.0,979.0,0.0,1436.336
2026-05-19 15:22:05.615,90250,979.0,0.0,979.0,0.0,1436.336
2026-05-19 15:22:05.615,90500,963.768,-1.980398713538,961.078,-31.051,1346.946
2026-05-19 15:22:05.616,90750,979.0,0.0,979.0,0.0,1324.598
2026-05-19 15:22:05.616,91000,979.0,0.0,979.0,0.0,1324.598
2026-05-19 15:22:05.616,91250,979.0,0.0,979.0,0.0,1324.598
2026-05-19 15:22:05.730,91500,979.0,0.0,979.0,0.0,1324.598
2026-05-19 15:22:05.731,91750,979.0,0.0,979.0,0.0,1324.598
2026-05-19 15:22:05.731,92000,979.0,0.0,979.0,0.0,1324.598
2026-05-19 15:22:05.732,92250,979.0,0.0,979.0,0.0,1324.598
2026-05-19 15:22:05.732,92500,979.0,0.0,979.0,0.0,1324.598
2026-05-19 15:22:05.848,92750,979.0,0.0,979.0,0.0,1324.598
2026-05-19 15:22:05.848,93000,979.0,0.0,979.0,0.0,1324.598
2026-05-19 15:22:05.849,93250,979.0,0.0,979.0,0.0,1324.598
2026-05-19 15:22:05.849,93500,979.0,0.0,979.0,0.0,1324.598
2026-05-19 15:22:05.850,93750,979.0,0.0,979.0,0.0,1324.598
2026-05-19 15:22:05.963,94000,979.0,0.0,979.0,0.0,1324.598
2026-05-19 15:22:05.964,94250,979.0,0.0,979.0,0.0,1324.598
2026-05-19 15:22:05.964,94500,979.0,0.0,979.0,0.0,1324.598
2026-05-19 15:22:05.964,94750,979.0,0.0,979.0,0.0,1324.598
2026-05-19 15:22:05.965,95000,979.0,0.0,979.0,0.0,1324.598
2026-05-19 15:22:06.081,95250,1071.949,-2.024967426536,1070.058,-42.757,1222.962
2026-05-19 15:22:06.081,95500,979.0,0.0,979.0,0.0,1070.507
2026-05-19 15:22:06.082,95750,979.0,0.0,979.0,0.0,1070.507
2026-05-19 15:22:06.082,96000,979.0,0.0,979.0,0.0,1070.507
2026-05-19 15:22:06.083,96250,979.0,0.0,979.0,0.0,1070.507
2026-05-19 15:22:06.196,96500,979.0,0.0,979.0,0.0,1070.507
2026-05-19 15:22:06.196,96750,979.0,0.0,979.0,0.0,1070.507
2026-05-19 15:22:06.196,97000,979.0,0.0,979.0,0.0,1070.507
2026-05-19 15:22:06.197,97250,979.0,0.0,979.0,0.0,1070.507
2026-05-19 15:22:06.197,97500,979.0,0.0,979.0,0.0,1070.507
2026-05-19 15:22:06.308,97750,979.0,0.0,979.0,0.0,1070.507
2026-05-19 15:22:06.309,98000,979.0,0.0,979.0,0.0,1070.507
2026-05-19 15:22:06.309,98250,979.0,0.0,979.0,0.0,1070.507
2026-05-19 15:22:06.310,98500,979.0,0.0,979.0,0.0,1070.507
2026-05-19 15:22:06.310,98750,979.0,0.0,979.0,0.0,1070.507
2026-05-19 15:22:06.413,99000,979.0,0.0,979.0,0.0,1070.507
2026-05-19 15:22:06.413,99250,979.0,0.0,979.0,0.0,1070.507
2026-05-19 15:22:06.414,99500,979.0,0.0,979.0,0.0,1070.507
2026-05-19 15:22:06.414,99750,979.0,0.0,979.0,0.0,1070.507
2026-05-19 15:22:06.415,100000,979.0,0.0,979.0,0.0,1070.507
2026-05-19 15:22:07.064,10000,979.0,0.0,979.0,0.0,9286.314
2026-05-19 15:22:07.179,10250,979.0,0.0,979.0,0.0,9286.314
2026-05-19 15:22:07.295,10500,979.0,0.0,979.0,0.0,9286.314
2026-05-19 15:22:07.498,10750,983.333,-0.936593187687,983.113,-16.119,9313.712
2026-05-19 15:22:07.613,11000,979.0,0.0,979.0,0.0,9354.811
2026-05-19 15:22:07.725,11250,967.037,0.117663273306,966.961,2.051,9219.998
2026-05-19 15:22:07.830,11500,972.245,0.206822453419,972.175,3.534,9170.229
2026-05-19 15:22:08.045,11750,979.0,0.0,979.0,0.0,9178.44
2026-05-19 15:22:08.147,12000,979.0,0.0,979.0,0.0,9178.44
2026-05-19 15:22:08.262,12250,979.0,0.0,979.0,0.0,9178.44
2026-05-19 15:22:08.364,12500,985.753,-0.192276944451,985.679,-3.283,9195.74
2026-05-19 15:22:08.479,12750,979.0,0.0,979.0,0.0,9025.481
2026-05-19 15:22:08.581,13000,979.0,0.0,979.0,0.0,9025.481
2026-05-19 15:22:08.694,13250,979.0,0.0,979.0,0.0,9110.657
2026-05-19 15:22:08.796,13500,979.0,0.0,979.0,0.0,9110.657
2026-05-19 15:22:08.898,13750,979.0,0.0,979.0,0.0,9110.657
2026-05-19 15:22:09.013,14000,974.009,-0.125778158691,973.997,-2.094,9018.346
2026-05-19 15:22:09.114,14250,979.0,0.0,979.0,0.0,8971.41
2026-05-19 15:22:09.230,14500,979.0,0.0,979.0,0.0,8971.41
2026-05-19 15:22:09.331,14750,983.689,-0.609631936012,983.549,-10.54,9035.867
2026-05-19 15:22:09.446,15000,991.301,0.334265639401,991.28,5.801,8966.526
2026-05-19 15:22:09.563,15250,979.0,0.0,979.0,0.0,8938.448
2026-05-19 15:22:09.664,15500,979.0,0.0,979.0,0.0,8938.448
2026-05-19 15:22:09.780,15750,966.933,-0.736690701258,966.757,-12.369,8940.025
2026-05-19 15:22:09.881,16000,974.168,-0.146734061083,974.153,-2.445,8873.406
2026-05-19 15:22:09.995,16250,979.0,0.0,979.0,0.0,8828.731
2026-05-19 15:22:10.097,16500,970.947,0.888804627698,970.801,15.03,8902.111
2026-05-19 15:22:10.198,16750,974.258,-0.155728087767,974.241,-2.596,8747.632
2026-05-19 15:22:10.199,17000,979.0,0.0,979.0,0.0,8704.426
2026-05-19 15:22:10.308,17250,953.338,-0.872532988888,953.228,-14.517,8704.426
2026-05-19 15:22:10.412,17500,992.186,0.062028201564,992.07,1.143,8720.199
2026-05-19 15:22:10.513,17750,979.0,0.0,979.0,0.0,8611.81
2026-05-19 15:22:10.615,18000,979.0,0.0,979.0,0.0,8611.81
2026-05-19 15:22:10.730,18250,989.163,-0.891565544433,988.962,-15.496,8444.046
2026-05-19 15:22:10.731,18500,979.0,0.0,979.0,0.0,8531.103
2026-05-19 15:22:10.845,18750,979.0,0.0,979.0,0.0,8531.103
2026-05-19 15:22:10.946,19000,989.022,0.401355386923,988.96,7.033,8445.951
2026-05-19 15:22:11.048,19250,979.0,0.0,979.0,0.0,8318.223
2026-05-19 15:22:11.163,19500,1002.351,0.593361534472,1002.148,10.432,8268.342
2026-05-19 15:22:11.163,19750,974.152,-0.217733426676,974.117,-3.628,8297.795
2026-05-19 15:22:11.278,20000,979.0,0.0,979.0,0.0,8255.872
2026-05-19 15:22:11.381,20250,979.0,0.0,979.0,0.0,8255.872
2026-05-19 15:22:11.381,20500,992.935,-1.543363250443,992.547,-26.667,8095.676
2026-05-19 15:22:11.495,20750,982.755,-0.264302286714,982.702,-4.602,8179.218
2026-05-19 15:22:11.597,21000,971.073,-0.402209143858,971.014,-6.733,8110.397
2026-05-19 15:22:11.713,21250,979.0,0.0,979.0,0.0,8043.919
2026-05-19 15:22:11.714,21500,979.0,0.0,979.0,0.0,8043.919
2026-05-19 15:22:11.815,21750,974.441,-0.240865512311,974.399,-4.019,7894.082
2026-05-19 15:22:11.930,22000,979.0,0.0,979.0,0.0,8030.595
2026-05-19 15:22:11.930,22250,979.0,0.0,979.0,0.0,8030.595
2026-05-19 15:22:12.032,22500,979.0,0.0,979.0,0.0,7842.522
2026-05-19 15:22:12.146,22750,979.0,0.0,979.0,0.0,7842.522
2026-05-19 15:22:12.147,23000,979.0,0.0,979.0,0.0,7658.862
2026-05-19 15:22:12.248,23250,979.0,0.0,979.0,0.0,7658.862
2026-05-19 15:22:12.249,23500,979.0,0.0,979.0,0.0,7658.862
2026-05-19 15:22:12.362,23750,993.453,-0.743732950823,993.312,-13.02,7572.559
2026-05-19 15:22:12.463,24000,979.0,0.0,979.0,0.0,7683.264
2026-05-19 15:22:12.464,24250,979.0,0.0,979.0,0.0,7515.704
2026-05-19 15:22:12.578,24500,979.0,0.0,979.0,0.0,7515.704
2026-05-19 15:22:12.579,24750,979.0,0.0,979.0,0.0,7515.704
2026-05-19 15:22:12.680,25000,979.0,0.0,979.0,0.0,7360.845
2026-05-19 15:22:12.795,25250,979.0,0.0,979.0,0.0,7360.845
2026-05-19 15:22:12.795,25500,979.0,0.0,979.0,0.0,7206.363
2026-05-19 15:22:12.897,25750,979.0,0.0,979.0,0.0,7206.363
2026-05-19 15:22:12.897,26000,986.083,0.570168157431,985.96,9.918,7155.151
2026-05-19 15:22:13.013,26250,979.0,0.0,979.0,0.0,7078.333
2026-05-19 15:22:13.013,26500,994.934,1.357730384134,994.584,23.668,6965.422
2026-05-19 15:22:13.129,26750,979.0,0.0,979.0,0.0,6937.194
2026-05-19 15:22:13.231,27000,979.0,0.0,979.0,0.0,6937.194
2026-05-19 15:22:13.231,27250,979.0,0.0,979.0,0.0,6804.488
2026-05-19 15:22:13.346,27500,979.0,0.0,979.0,0.0,6804.488
2026-05-19 15:22:13.346,27750,979.0,0.0,979.0,0.0,6804.488
2026-05-19 15:22:13.448,28000,979.0,0.0,979.0,0.0,6670.342
2026-05-19 15:22:13.448,28250,979.0,0.0,979.0,0.0,6670.342
2026-05-19 15:22:13.563,28500,979.0,0.0,979.0,0.0,6557.083
2026-05-19 15:22:13.563,28750,979.0,0.0,979.0,0.0,6557.083
2026-05-19 15:22:13.664,29000,979.0,0.0,979.0,0.0,6557.083
2026-05-19 15:22:13.665,29250,979.0,0.0,979.0,0.0,6439.888
2026-05-19 15:22:13.779,29500,979.0,0.0,979.0,0.0,6439.888
2026-05-19 15:22:13.779,29750,979.0,0.0,979.0,0.0,6329.513
2026-05-19 15:22:13.881,30000,979.0,0.0,979.0,0.0,6329.513
2026-05-19 15:22:13.881,30250,979.0,0.0,979.0,0.0,6329.513
2026-05-19 15:22:13.996,30500,979.0,0.0,979.0,0.0,6231.235
2026-05-19 15:22:13.996,30750,979.0,0.0,979.0,0.0,6231.235
2026-05-19 15:22:14.098,31000,979.0,0.0,979.0,0.0,6231.235
2026-05-19 15:22:14.098,31250,979.0,0.0,979.0,0.0,6132.743
2026-05-19 15:22:14.213,31500,979.0,0.0,979.0,0.0,6132.743
2026-05-19 15:22:14.214,31750,979.0,0.0,979.0,0.0,6055.123
2026-05-19 15:22:14.330,32000,979.0,0.0,979.0,0.0,5819.217
2026-05-19 15:22:14.330,32250,979.0,0.0,979.0,0.0,5819.217
2026-05-19 15:22:14.446,32500,979.0,0.0,979.0,0.0,5745.191
2026-05-19 15:22:14.446,32750,979.0,0.0,979.0,0.0,5745.191
2026-05-19 15:22:14.548,33000,979.0,0.0,979.0,0.0,5745.191
2026-05-19 15:22:14.548,33250,979.0,0.0,979.0,0.0,5682.385
2026-05-19 15:22:14.548,33500,979.0,0.0,979.0,0.0,5682.385
2026-05-19 15:22:14.663,33750,982.61,1.061281999162,982.186,18.294,5661.625
2026-05-19 15:22:14.664,34000,979.0,0.0,979.0,0.0,5630.485
2026-05-19 15:22:14.779,34250,979.0,0.0,979.0,0.0,5379.444
2026-05-19 15:22:14.780,34500,979.0,0.0,979.0,0.0,5339.018
2026-05-19 15:22:14.881,34750,979.0,0.0,979.0,0.0,5339.018
2026-05-19 15:22:14.882,35000,979.0,0.0,979.0,0.0,5339.018
2026-05-19 15:22:14.996,35250,981.993,1.584998270204,981.365,27.211,5322.78
2026-05-19 15:22:14.997,35500,979.0,0.0,979.0,0.0,5311.955
2026-05-19 15:22:14.997,35750,979.0,0.0,979.0,0.0,5069.911
2026-05-19 15:22:15.113,36000,979.0,0.0,979.0,0.0,5069.911
2026-05-19 15:22:15.113,36250,979.0,0.0,979.0,0.0,5053.16
2026-05-19 15:22:15.229,36500,979.0,0.0,979.0,0.0,5053.16
2026-05-19 15:22:15.229,36750,979.0,0.0,979.0,0.0,5052.649
2026-05-19 15:22:15.230,37000,979.0,0.0,979.0,0.0,5052.649
2026-05-19 15:22:15.346,37250,979.0,0.0,979.0,0.0,4801.84
2026-05-19 15:22:15.346,37500,979.0,0.0,979.0,0.0,4801.84
2026-05-19 15:22:15.447,37750,979.0,0.0,979.0,0.0,4819.526
2026-05-19 15:22:15.448,38000,979.0,0.0,979.0,0.0,4819.526
2026-05-19 15:22:15.448,38250,979.0,0.0,979.0,0.0,4819.526
2026-05-19 15:22:15.564,38500,1001.49,0.124851965319,1001.484,2.256,4714.823
2026-05-19 15:22:15.564,38750,979.0,0.0,979.0,0.0,4591.487
2026-05-19 15:22:15.564,39000,979.0,0.0,979.0,0.0,4591.487
2026-05-19 15:22:15.679,39250,979.0,0.0,979.0,0.0,4591.487
2026-05-19 15:22:15.680,39500,979.0,0.0,979.0,0.0,4591.487
2026-05-19 15:22:15.781,39750,979.0,0.0,979.0,0.0,4637.368
2026-05-19 15:22:15.781,40000,979.0,0.0,979.0,0.0,4380.519
2026-05-19 15:22:15.782,40250,979.0,0.0,979.0,0.0,4380.519
2026-05-19 15:22:15.896,40500,979.0,0.0,979.0,0.0,4380.519
2026-05-19 15:22:15.897,40750,979.0,0.0,979.0,0.0,4449.44
2026-05-19 15:22:16.013,41000,979.0,0.0,979.0,0.0,4449.44
2026-05-19 15:22:16.014,41250,979.0,0.0,979.0,0.0,4262.566
2026-05-19 15:22:16.014,41500,979.0,0.0,979.0,0.0,4262.566
2026-05-19 15:22:16.115,41750,960.683,3.218750224387,959.168,53.941,4343.838
2026-05-19 15:22:16.116,42000,979.0,0.0,979.0,0.0,4343.838
2026-05-19 15:22:16.228,42250,968.087,-0.249717235982,968.043,-4.029,4150.145
2026-05-19 15:22:16.228,42500,979.0,0.0,979.0,0.0,4101.722
2026-05-19 15:22:16.229,42750,979.0,0.0,979.0,0.0,4101.722
2026-05-19 15:22:16.331,43000,979.0,0.0,979.0,0.0,4101.722
2026-05-19 15:22:16.331,43250,979.0,0.0,979.0,0.0,4198.29
2026-05-19 15:22:16.332,43500,1037.747,1.582492995006,1037.351,28.659,3960.624
2026-05-19 15:22:16.446,43750,979.0,0.0,979.0,0.0,3960.624
2026-05-19 15:22:16.446,44000,979.0,0.0,979.0,0.0,3960.624
2026-05-19 15:22:16.447,44250,979.0,0.0,979.0,0.0,3960.624
2026-05-19 15:22:16.563,44500,955.819,2.612230085498,954.585,43.29,4057.267
2026-05-19 15:22:16.563,44750,979.0,0.0,979.0,0.0,3861.35
2026-05-19 15:22:16.564,45000,979.0,0.0,979.0,0.0,3861.35
2026-05-19 15:22:16.679,45250,979.0,0.0,979.0,0.0,3861.35
2026-05-19 15:22:16.680,45500,979.0,0.0,979.0,0.0,3861.35
2026-05-19 15:22:16.680,45750,979.0,0.0,979.0,0.0,3861.35
2026-05-19 15:22:16.781,46000,979.0,0.0,979.0,0.0,3655.855
2026-05-19 15:22:16.782,46250,979.0,0.0,979.0,0.0,3823.201
2026-05-19 15:22:16.782,46500,979.0,0.0,979.0,0.0,3823.201
2026-05-19 15:22:16.896,46750,979.0,0.0,979.0,0.0,3823.201
2026-05-19 15:22:16.896,47000,979.0,0.0,979.0,0.0,3823.201
2026-05-19 15:22:16.897,47250,979.0,0.0,979.0,0.0,3625.638
2026-05-19 15:22:16.998,47500,979.0,0.0,979.0,0.0,3625.638
2026-05-19 15:22:16.999,47750,979.0,0.0,979.0,0.0,3625.638
2026-05-19 15:22:16.999,48000,979.0,0.0,979.0,0.0,3625.638
2026-05-19 15:22:17.112,48250,961.263,1.228952861946,960.726,20.038,3694.441
2026-05-19 15:22:17.113,48500,979.0,0.0,979.0,0.0,3618.973
2026-05-19 15:22:17.113,48750,979.0,0.0,979.0,0.0,3618.973
2026-05-19 15:22:17.215,49000,979.0,0.0,979.0,0.0,3618.973
2026-05-19 15:22:17.215,49250,939.843,-2.480589274335,938.753,-40.247,3582.785
2026-05-19 15:22:17.329,49500,979.0,0.0,979.0,0.0,3438.037
2026-05-19 15:22:17.330,49750,979.0,0.0,979.0,0.0,3438.037
2026-05-19 15:22:17.330,50000,979.0,0.0,979.0,0.0,3438.037
2026-05-19 15:22:17.330,50250,979.0,0.0,979.0,0.0,3438.037
2026-05-19 15:22:17.432,50500,979.0,0.0,979.0,0.0,3438.037
2026-05-19 15:22:17.432,50750,980.138,1.28557415657,979.486,22.243,3438.134
2026-05-19 15:22:17.433,51000,979.0,0.0,979.0,0.0,3448.719
2026-05-19 15:22:17.546,51250,979.0,0.0,979.0,0.0,3448.719
2026-05-19 15:22:17.547,51500,979.0,0.0,979.0,0.0,3448.719
2026-05-19 15:22:17.548,51750,979.0,0.0,979.0,0.0,3448.719
2026-05-19 15:22:17.663,52000,979.0,0.0,979.0,0.0,3448.719
2026-05-19 15:22:17.664,52250,979.0,0.0,979.0,0.0,3304.868
2026-05-19 15:22:17.664,52500,979.0,0.0,979.0,0.0,3304.868
2026-05-19 15:22:17.664,52750,979.0,0.0,979.0,0.0,3304.868
2026-05-19 15:22:17.780,53000,979.0,0.0,979.0,0.0,3304.868
2026-05-19 15:22:17.781,53250,979.0,0.0,979.0,0.0,3304.868
2026-05-19 15:22:17.781,53500,979.0,0.0,979.0,0.0,3304.868
2026-05-19 15:22:17.898,53750,979.0,0.0,979.0,0.0,3181.295
2026-05-19 15:22:17.898,54000,979.0,0.0,979.0,0.0,3181.295
2026-05-19 15:22:17.899,54250,979.0,0.0,979.0,0.0,3181.295
2026-05-19 15:22:17.899,54500,979.0,0.0,979.0,0.0,3181.295
2026-05-19 15:22:18.013,54750,979.0,0.0,979.0,0.0,3181.295
2026-05-19 15:22:18.014,55000,979.0,0.0,979.0,0.0,3181.295
2026-05-19 15:22:18.014,55250,979.0,0.0,979.0,0.0,3181.295
2026-05-19 15:22:18.129,55500,979.0,0.0,979.0,0.0,3069.393
2026-05-19 15:22:18.130,55750,979.0,0.0,979.0,0.0,3069.393
2026-05-19 15:22:18.130,56000,979.0,0.0,979.0,0.0,3069.393
2026-05-19 15:22:18.130,56250,979.0,0.0,979.0,0.0,3069.393
2026-05-19 15:22:18.232,56500,979.0,0.0,979.0,0.0,3069.393
2026-05-19 15:22:18.232,56750,979.0,0.0,979.0,0.0,3069.393
2026-05-19 15:22:18.233,57000,979.0,0.0,979.0,0.0,3069.393
2026-05-19 15:22:18.345,57250,979.0,0.0,979.0,0.0,3069.393
2026-05-19 15:22:18.346,57500,979.0,0.0,979.0,0.0,3069.393
2026-05-19 15:22:18.346,57750,979.0,0.0,979.0,0.0,3069.393
2026-05-19 15:22:18.347,58000,937.022,6.321979856173,931.324,103.181,3206.9
2026-05-19 15:22:18.463,58250,906.252,1.463962538707,905.957,23.153,3206.9
2026-05-19 15:22:18.464,58500,979.0,0.0,979.0,0.0,3206.9
2026-05-19 15:22:18.464,58750,999.799,4.369904778779,996.892,76.18,3140.187
2026-05-19 15:22:18.578,59000,999.799,4.369904778779,996.892,76.18,3140.187
2026-05-19 15:22:18.579,59250,979.0,0.0,979.0,0.0,3140.187
2026-05-19 15:22:18.579,59500,958.634,-4.369904778779,955.847,-73.043,3206.9
2026-05-19 15:22:18.580,59750,1035.586,-5.833867317486,1030.223,-105.261,2968.602
2026-05-19 15:22:18.681,60000,979.0,0.0,979.0,0.0,2968.602
2026-05-19 15:22:18.682,60250,979.0,0.0,979.0,0.0,2968.602
2026-05-19 15:22:18.682,60500,979.0,0.0,979.0,0.0,2968.602
2026-05-19 15:22:18.797,60750,979.0,0.0,979.0,0.0,2968.602
2026-05-19 15:22:18.798,61000,979.0,0.0,979.0,0.0,2968.602
2026-05-19 15:22:18.798,61250,979.0,0.0,979.0,0.0,2968.602
2026-05-19 15:22:18.799,61500,979.0,0.0,979.0,0.0,2968.602
2026-05-19 15:22:18.913,61750,979.0,0.0,979.0,0.0,2968.602
2026-05-19 15:22:18.914,62000,979.0,0.0,979.0,0.0,2968.602
2026-05-19 15:22:18.914,62250,979.0,0.0,979.0,0.0,2968.602
2026-05-19 15:22:18.915,62500,979.0,0.0,979.0,0.0,2968.602
2026-05-19 15:22:19.031,62750,979.0,0.0,979.0,0.0,2968.602
2026-05-19 15:22:19.031,63000,979.0,0.0,979.0,0.0,2968.602
2026-05-19 15:22:19.032,63250,1062.106,-1.688447386204,1061.645,-31.295,2736.319
2026-05-19 15:22:19.032,63500,979.0,0.0,979.0,0.0,2736.319
2026-05-19 15:22:19.033,63750,979.0,0.0,979.0,0.0,2736.319
2026-05-19 15:22:19.144,64000,979.0,0.0,979.0,0.0,2736.319
2026-05-19 15:22:19.145,64250,979.0,0.0,979.0,0.0,2736.319
2026-05-19 15:22:19.145,64500,979.0,0.0,979.0,0.0,2736.319
2026-05-19 15:22:19.146,64750,979.0,0.0,979.0,0.0,2736.319
2026-05-19 15:22:19.248,65000,979.0,0.0,979.0,0.0,2736.319
2026-05-19 15:22:19.248,65250,979.0,0.0,979.0,0.0,2736.319
2026-05-19 15:22:19.249,65500,979.0,0.0,979.0,0.0,2736.319
2026-05-19 15:22:19.361,65750,979.0,0.0,979.0,0.0,2736.319
2026-05-19 15:22:19.361,66000,979.0,0.0,979.0,0.0,2736.319
2026-05-19 15:22:19.362,66250,971.497,-1.037161247915,970.726,-17.019,2758.125
2026-05-19 15:22:19.362,66500,979.0,0.0,979.0,0.0,2736.319
2026-05-19 15:22:19.464,66750,979.0,0.0,979.0,0.0,2736.319
2026-05-19 15:22:19.465,67000,1017.375,-0.85670358538,1017.075,-16.069,2638.633
2026-05-19 15:22:19.465,67250,979.0,0.0,979.0,0.0,2492.103
2026-05-19 15:22:19.465,67500,979.0,0.0,979.0,0.0,2492.103
2026-05-19 15:22:19.579,67750,979.0,0.0,979.0,0.0,2492.103
2026-05-19 15:22:19.580,68000,970.059,-1.113550132612,969.177,-18.13,2515.952
2026-05-19 15:22:19.581,68250,979.0,0.0,979.0,0.0,2492.103
2026-05-19 15:22:19.581,68500,943.235,-4.454200530447,939.709,-72.518,2587.501
2026-05-19 15:22:19.696,68750,952.176,-3.340650397835,949.532,-54.389,2563.652
2026-05-19 15:22:19.697,69000,979.0,0.0,979.0,0.0,2611.351
2026-05-19 15:22:19.697,69250,979.0,0.0,979.0,0.0,2611.351
2026-05-19 15:22:19.698,69500,979.0,0.0,979.0,0.0,2611.351
2026-05-19 15:22:19.813,69750,979.0,0.0,979.0,0.0,2611.351
2026-05-19 15:22:19.814,70000,979.0,0.0,979.0,0.0,2611.351
2026-05-19 15:22:19.814,70250,988.369,1.113550132612,987.401,19.906,2587.501
2026-05-19 15:22:19.814,70500,979.0,0.0,979.0,0.0,2611.351
2026-05-19 15:22:19.815,70750,979.0,0.0,979.0,0.0,2611.351
2026-05-19 15:22:19.929,71000,988.369,1.113550132612,987.401,19.906,2587.501
2026-05-19 15:22:19.930,71250,979.0,0.0,979.0,0.0,2611.351
2026-05-19 15:22:19.931,71500,979.0,0.0,979.0,0.0,2611.351
2026-05-19 15:22:19.931,71750,1083.466,-3.368127183258,1081.595,-63.655,2359.568
2026-05-19 15:22:20.046,72000,979.0,0.0,979.0,0.0,2359.568
2026-05-19 15:22:20.046,72250,1037.334,6.023390614508,1031.607,108.852,2226.878
2026-05-19 15:22:20.047,72500,1037.334,6.023390614508,1031.607,108.852,2226.878
2026-05-19 15:22:20.048,72750,1037.334,6.023390614508,1031.607,108.852,2226.878
2026-05-19 15:22:20.163,73000,979.0,0.0,979.0,0.0,2226.878
2026-05-19 15:22:20.164,73250,979.0,0.0,979.0,0.0,2226.878
2026-05-19 15:22:20.165,73500,979.0,0.0,979.0,0.0,2226.878
2026-05-19 15:22:20.165,73750,979.0,0.0,979.0,0.0,2226.878
2026-05-19 15:22:20.278,74000,979.0,0.0,979.0,0.0,2226.878
2026-05-19 15:22:20.279,74250,979.0,0.0,979.0,0.0,2226.878
2026-05-19 15:22:20.279,74500,979.0,0.0,979.0,0.0,2226.878
2026-05-19 15:22:20.280,74750,979.0,0.0,979.0,0.0,2226.878
2026-05-19 15:22:20.381,75000,979.0,0.0,979.0,0.0,2226.878
2026-05-19 15:22:20.382,75250,979.0,0.0,979.0,0.0,2226.878
2026-05-19 15:22:20.382,75500,979.0,0.0,979.0,0.0,2226.878
2026-05-19 15:22:20.382,75750,979.0,0.0,979.0,0.0,2226.878
2026-05-19 15:22:20.496,76000,979.0,0.0,979.0,0.0,2226.878
2026-05-19 15:22:20.497,76250,979.0,0.0,979.0,0.0,2226.878
2026-05-19 15:22:20.497,76500,979.0,0.0,979.0,0.0,2226.878
2026-05-19 15:22:20.498,76750,979.0,0.0,979.0,0.0,2226.878
2026-05-19 15:22:20.498,77000,979.0,0.0,979.0,0.0,2226.878
2026-05-19 15:22:20.614,77250,979.0,0.0,979.0,0.0,2226.878
2026-05-19 15:22:20.614,77500,1091.767,-3.235425986683,1090.027,-61.618,1996.867
2026-05-19 15:22:20.614,77750,979.0,0.0,979.0,0.0,1996.867
2026-05-19 15:22:20.615,78000,979.0,0.0,979.0,0.0,1996.867
2026-05-19 15:22:20.615,78250,979.0,0.0,979.0,0.0,1996.867
2026-05-19 15:22:20.729,78500,979.0,0.0,979.0,0.0,1996.867
2026-05-19 15:22:20.730,78750,979.0,0.0,979.0,0.0,1996.867
2026-05-19 15:22:20.730,79000,979.0,0.0,979.0,0.0,1996.867
2026-05-19 15:22:20.731,79250,979.0,0.0,979.0,0.0,1996.867
2026-05-19 15:22:20.731,79500,979.0,0.0,979.0,0.0,1996.867
2026-05-19 15:22:20.732,79750,979.0,0.0,979.0,0.0,1996.867
2026-05-19 15:22:20.845,80000,979.0,0.0,979.0,0.0,1996.867
2026-05-19 15:22:20.846,80250,979.0,0.0,979.0,0.0,1996.867
2026-05-19 15:22:20.846,80500,979.0,0.0,979.0,0.0,1996.867
2026-05-19 15:22:20.846,80750,979.0,0.0,979.0,0.0,1996.867
2026-05-19 15:22:20.847,81000,979.0,0.0,979.0,0.0,1996.867
2026-05-19 15:22:20.962,81250,979.0,0.0,979.0,0.0,1996.867
2026-05-19 15:22:20.962,81500,979.0,0.0,979.0,0.0,1996.867
2026-05-19 15:22:20.963,81750,1024.22,5.340639762733,1018.603,96.305,1909.667
2026-05-19 15:22:20.963,82000,979.0,0.0,979.0,0.0,1887.867
2026-05-19 15:22:20.963,82250,979.0,0.0,979.0,0.0,1887.867
2026-05-19 15:22:21.079,82500,979.0,0.0,979.0,0.0,1887.867
2026-05-19 15:22:21.079,82750,979.0,0.0,979.0,0.0,1887.867
2026-05-19 15:22:21.080,83000,1032.196,-1.296018259076,1031.485,-25.14,1797.554
2026-05-19 15:22:21.080,83250,979.0,0.0,979.0,0.0,1662.085
2026-05-19 15:22:21.081,83500,979.0,0.0,979.0,0.0,1662.085
2026-05-19 15:22:21.196,83750,979.0,0.0,979.0,0.0,1662.085
2026-05-19 15:22:21.196,84000,979.0,0.0,979.0,0.0,1662.085
2026-05-19 15:22:21.196,84250,979.0,0.0,979.0,0.0,1662.085
2026-05-19 15:22:21.197,84500,979.0,0.0,979.0,0.0,1662.085
2026-05-19 15:22:21.198,84750,979.0,0.0,979.0,0.0,1662.085
2026-05-19 15:22:21.313,85000,979.0,0.0,979.0,0.0,1662.085
2026-05-19 15:22:21.313,85250,979.0,0.0,979.0,0.0,1662.085
2026-05-19 15:22:21.314,85500,979.0,0.0,979.0,0.0,1662.085
2026-05-19 15:22:21.314,85750,979.0,0.0,979.0,0.0,1662.085
2026-05-19 15:22:21.315,86000,979.0,0.0,979.0,0.0,1662.085
2026-05-19 15:22:21.429,86250,979.0,0.0,979.0,0.0,1662.085
2026-05-19 15:22:21.429,86500,979.0,0.0,979.0,0.0,1662.085
2026-05-19 15:22:21.430,86750,979.0,0.0,979.0,0.0,1662.085
2026-05-19 15:22:21.430,87000,979.0,0.0,979.0,0.0,1662.085
2026-05-19 15:22:21.431,87250,979.0,0.0,979.0,0.0,1662.085
2026-05-19 15:22:21.547,87500,979.0,0.0,979.0,0.0,1662.085
2026-05-19 15:22:21.547,87750,979.0,0.0,979.0,0.0,1662.085
2026-05-19 15:22:21.548,88000,979.0,0.0,979.0,0.0,1662.085
2026-05-19 15:22:21.548,88250,979.0,0.0,979.0,0.0,1662.085
2026-05-19 15:22:21.549,88500,979.0,0.0,979.0,0.0,1662.085
2026-05-19 15:22:21.661,88750,979.0,0.0,979.0,0.0,1662.085
2026-05-19 15:22:21.661,89000,1132.869,-4.398502875142,1129.533,-86.883,1436.336
2026-05-19 15:22:21.662,89250,979.0,0.0,979.0,0.0,1436.336
2026-05-19 15:22:21.662,89500,979.0,0.0,979.0,0.0,1436.336
2026-05-19 15:22:21.662,89750,979.0,0.0,979.0,0.0,1436.336
2026-05-19 15:22:21.765,90000,979.0,0.0,979.0,0.0,1436.336
2026-05-19 15:22:21.765,90250,979.0,0.0,979.0,0.0,1436.336
2026-05-19 15:22:21.765,90500,979.0,0.0,979.0,0.0,1324.598
2026-05-19 15:22:21.766,90750,979.0,0.0,979.0,0.0,1324.598
2026-05-19 15:22:21.878,91000,979.0,0.0,979.0,0.0,1324.598
2026-05-19 15:22:21.879,91250,979.0,0.0,979.0,0.0,1324.598
2026-05-19 15:22:21.879,91500,979.0,0.0,979.0,0.0,1324.598
2026-05-19 15:22:21.879,91750,979.0,0.0,979.0,0.0,1324.598
2026-05-19 15:22:21.880,92000,979.0,0.0,979.0,0.0,1324.598
2026-05-19 15:22:21.981,92250,979.0,0.0,979.0,0.0,1324.598
2026-05-19 15:22:21.982,92500,979.0,0.0,979.0,0.0,1324.598
2026-05-19 15:22:21.982,92750,979.0,0.0,979.0,0.0,1324.598
2026-05-19 15:22:21.983,93000,979.0,0.0,979.0,0.0,1324.598
2026-05-19 15:22:21.983,93250,979.0,0.0,979.0,0.0,1324.598
2026-05-19 15:22:22.096,93500,979.0,0.0,979.0,0.0,1324.598
2026-05-19 15:22:22.096,93750,979.0,0.0,979.0,0.0,1324.598
2026-05-19 15:22:22.097,94000,979.0,0.0,979.0,0.0,1324.598
2026-05-19 15:22:22.098,94250,979.0,0.0,979.0,0.0,1324.598
2026-05-19 15:22:22.098,94500,979.0,0.0,979.0,0.0,1324.598
2026-05-19 15:22:22.213,94750,979.0,0.0,979.0,0.0,1324.598
2026-05-19 15:22:22.214,95000,979.0,0.0,979.0,0.0,1324.598
2026-05-19 15:22:22.215,95250,1118.423,-3.037451139804,1115.588,-64.136,1172.144
2026-05-19 15:22:22.215,95500,979.0,0.0,979.0,0.0,1070.507
2026-05-19 15:22:22.216,95750,979.0,0.0,979.0,0.0,1070.507
2026-05-19 15:22:22.330,96000,979.0,0.0,979.0,0.0,1070.507
2026-05-19 15:22:22.331,96250,979.0,0.0,979.0,0.0,1070.507
2026-05-19 15:22:22.331,96500,979.0,0.0,979.0,0.0,1070.507
2026-05-19 15:22:22.332,96750,979.0,0.0,979.0,0.0,1070.507
2026-05-19 15:22:22.332,97000,979.0,0.0,979.0,0.0,1070.507
2026-05-19 15:22:22.446,97250,979.0,0.0,979.0,0.0,1070.507
2026-05-19 15:22:22.447,97500,979.0,0.0,979.0,0.0,1070.507
2026-05-19 15:22:22.447,97750,979.0,0.0,979.0,0.0,1070.507
2026-05-19 15:22:22.447,98000,979.0,0.0,979.0,0.0,1070.507
2026-05-19 15:22:22.448,98250,979.0,0.0,979.0,0.0,1070.507
2026-05-19 15:22:22.562,98500,979.0,0.0,979.0,0.0,1070.507
2026-05-19 15:22:22.562,98750,979.0,0.0,979.0,0.0,1070.507
2026-05-19 15:22:22.563,99000,979.0,0.0,979.0,0.0,1070.507
2026-05-19 15:22:22.564,99250,979.0,0.0,979.0,0.0,1070.507
2026-05-19 15:22:22.564,99500,979.0,0.0,979.0,0.0,1070.507
2026-05-19 15:22:22.679,99750,979.0,0.0,979.0,0.0,1070.507
2026-05-19 15:22:22.680,100000,979.0,0.0,979.0,0.0,1070.507
2026-05-19 15:22:23.241,10000,979.0,0.0,979.0,0.0,9286.314
2026-05-19 15:22:23.345,10250,979.0,0.0,979.0,0.0,9286.314
2026-05-19 15:22:23.461,10500,979.0,0.0,979.0,0.0,9286.314
2026-05-19 15:22:23.664,10750,981.888,-0.624395458458,981.742,-10.746,9327.412
2026-05-19 15:22:23.780,11000,979.0,0.0,979.0,0.0,9354.811
2026-05-19 15:22:23.896,11250,972.245,0.206822453419,972.175,3.534,9170.229
2026-05-19 15:22:23.998,11500,975.908,0.591963267064,975.778,10.034,9134.955
2026-05-19 15:22:24.215,11750,979.0,0.0,979.0,0.0,9178.44
2026-05-19 15:22:24.330,12000,979.0,0.0,979.0,0.0,9178.44
2026-05-19 15:22:24.432,12250,979.0,0.0,979.0,0.0,9178.44
2026-05-19 15:22:24.546,12500,989.1,0.207100526369,989.083,3.63,9165.148
2026-05-19 15:22:24.661,12750,979.0,0.0,979.0,0.0,9025.481
2026-05-19 15:22:24.765,13000,979.0,0.0,979.0,0.0,9025.481
2026-05-19 15:22:24.881,13250,979.0,0.0,979.0,0.0,9110.657
2026-05-19 15:22:24.997,13500,979.0,0.0,979.0,0.0,9110.657
2026-05-19 15:22:25.098,13750,979.0,0.0,979.0,0.0,9110.657
2026-05-19 15:22:25.212,14000,979.0,0.0,979.0,0.0,8971.41
2026-05-19 15:22:25.314,14250,979.0,0.0,979.0,0.0,8971.41
2026-05-19 15:22:25.429,14500,979.0,0.0,979.0,0.0,8971.41
2026-05-19 15:22:25.531,14750,981.345,-0.304815968006,981.275,-5.27,9057.352
2026-05-19 15:22:25.646,15000,994.376,0.417832049251,994.35,7.251,8938.448
2026-05-19 15:22:25.748,15250,979.0,0.0,979.0,0.0,8938.448
2026-05-19 15:22:25.862,15500,979.0,0.0,979.0,0.0,8938.448
2026-05-19 15:22:25.978,15750,964.505,-0.44020218325,964.458,-7.336,8962.757
2026-05-19 15:22:26.081,16000,979.0,0.0,979.0,0.0,8828.731
2026-05-19 15:22:26.196,16250,979.0,0.0,979.0,0.0,8828.731
2026-05-19 15:22:26.196,16500,968.933,1.111005784623,968.751,18.787,8920.457
2026-05-19 15:22:26.309,16750,979.0,0.0,979.0,0.0,8704.426
2026-05-19 15:22:26.412,17000,979.0,0.0,979.0,0.0,8704.426
2026-05-19 15:22:26.514,17250,953.338,-0.872532988888,953.228,-14.517,8704.426
2026-05-19 15:22:26.628,17500,989.216,0.359219575803,989.167,6.298,8746.609
2026-05-19 15:22:26.731,17750,979.0,0.0,979.0,0.0,8611.81
2026-05-19 15:22:26.846,18000,979.0,0.0,979.0,0.0,8611.81
2026-05-19 15:22:26.847,18250,989.163,-0.891565544433,988.962,-15.496,8444.046
2026-05-19 15:22:26.962,18500,979.0,0.0,979.0,0.0,8531.103
2026-05-19 15:22:27.064,18750,979.0,0.0,979.0,0.0,8531.103
2026-05-19 15:22:27.178,19000,989.022,0.401355386923,988.96,7.033,8445.951
2026-05-19 15:22:27.179,19250,975.594,0.277572172232,975.538,4.66,8347.675
2026-05-19 15:22:27.293,19500,1003.856,1.08866713338,1003.675,19.073,8255.872
2026-05-19 15:22:27.394,19750,979.0,0.0,979.0,0.0,8255.872
2026-05-19 15:22:27.497,20000,979.0,0.0,979.0,0.0,8255.872
2026-05-19 15:22:27.497,20250,979.0,0.0,979.0,0.0,8255.872
2026-05-19 15:22:27.613,20500,997.775,-1.321511433571,997.51,-23.011,8055.627
2026-05-19 15:22:27.715,20750,979.0,0.0,979.0,0.0,8210.115
2026-05-19 15:22:27.715,21000,975.036,-0.201104571929,975.007,-3.366,8077.158
2026-05-19 15:22:27.829,21250,979.0,0.0,979.0,0.0,8043.919
2026-05-19 15:22:27.931,21500,979.0,0.0,979.0,0.0,8043.919
2026-05-19 15:22:27.931,21750,979.0,0.0,979.0,0.0,7856.622
2026-05-19 15:22:28.046,22000,979.0,0.0,979.0,0.0,8030.595
2026-05-19 15:22:28.148,22250,979.0,0.0,979.0,0.0,8030.595
2026-05-19 15:22:28.149,22500,979.0,0.0,979.0,0.0,7842.522
2026-05-19 15:22:28.263,22750,979.0,0.0,979.0,0.0,7842.522
2026-05-19 15:22:28.377,23000,979.0,0.0,979.0,0.0,7658.862
2026-05-19 15:22:28.378,23250,979.0,0.0,979.0,0.0,7658.862
2026-05-19 15:22:28.479,23500,979.0,0.0,979.0,0.0,7658.862
2026-05-19 15:22:28.581,23750,993.453,-0.743732950823,993.312,-13.02,7572.559
2026-05-19 15:22:28.582,24000,979.0,0.0,979.0,0.0,7683.264
2026-05-19 15:22:28.695,24250,979.0,0.0,979.0,0.0,7515.704
2026-05-19 15:22:28.696,24500,979.0,0.0,979.0,0.0,7515.704
2026-05-19 15:22:28.798,24750,979.0,0.0,979.0,0.0,7515.704
2026-05-19 15:22:28.913,25000,979.0,0.0,979.0,0.0,7360.845
2026-05-19 15:22:28.913,25250,979.0,0.0,979.0,0.0,7360.845
2026-05-19 15:22:29.014,25500,979.0,0.0,979.0,0.0,7206.363
2026-05-19 15:22:29.015,25750,979.0,0.0,979.0,0.0,7206.363
2026-05-19 15:22:29.129,26000,986.083,0.570168157431,985.96,9.918,7155.151
2026-05-19 15:22:29.231,26250,979.0,0.0,979.0,0.0,7078.333
2026-05-19 15:22:29.232,26500,994.934,1.357730384134,994.584,23.668,6965.422
2026-05-19 15:22:29.346,26750,979.0,0.0,979.0,0.0,6937.194
2026-05-19 15:22:29.347,27000,979.0,0.0,979.0,0.0,6937.194
2026-05-19 15:22:29.448,27250,979.0,0.0,979.0,0.0,6804.488
2026-05-19 15:22:29.449,27500,979.0,0.0,979.0,0.0,6804.488
2026-05-19 15:22:29.561,27750,979.0,0.0,979.0,0.0,6804.488
2026-05-19 15:22:29.562,28000,979.0,0.0,979.0,0.0,6670.342
2026-05-19 15:22:29.663,28250,979.0,0.0,979.0,0.0,6670.342
2026-05-19 15:22:29.764,28500,979.0,0.0,979.0,0.0,6557.083
2026-05-19 15:22:29.765,28750,979.0,0.0,979.0,0.0,6557.083
2026-05-19 15:22:29.877,29000,979.0,0.0,979.0,0.0,6557.083
2026-05-19 15:22:29.878,29250,979.0,0.0,979.0,0.0,6439.888
2026-05-19 15:22:29.981,29500,979.0,0.0,979.0,0.0,6439.888
2026-05-19 15:22:29.982,29750,979.0,0.0,979.0,0.0,6329.513
2026-05-19 15:22:30.093,30000,979.0,0.0,979.0,0.0,6329.513
2026-05-19 15:22:30.094,30250,979.0,0.0,979.0,0.0,6329.513
2026-05-19 15:22:30.195,30500,979.0,0.0,979.0,0.0,6231.235
2026-05-19 15:22:30.196,30750,979.0,0.0,979.0,0.0,6231.235
2026-05-19 15:22:30.298,31000,979.0,0.0,979.0,0.0,6231.235
2026-05-19 15:22:30.298,31250,979.0,0.0,979.0,0.0,6132.743
2026-05-19 15:22:30.413,31500,979.0,0.0,979.0,0.0,6132.743
2026-05-19 15:22:30.414,31750,979.0,0.0,979.0,0.0,6055.123
2026-05-19 15:22:30.515,32000,979.0,0.0,979.0,0.0,5819.217
2026-05-19 15:22:30.516,32250,979.0,0.0,979.0,0.0,5819.217
2026-05-19 15:22:30.630,32500,979.0,0.0,979.0,0.0,5745.191
2026-05-19 15:22:30.630,32750,979.0,0.0,979.0,0.0,5745.191
2026-05-19 15:22:30.731,33000,979.0,0.0,979.0,0.0,5745.191
2026-05-19 15:22:30.732,33250,979.0,0.0,979.0,0.0,5682.385
2026-05-19 15:22:30.732,33500,979.0,0.0,979.0,0.0,5682.385
2026-05-19 15:22:30.846,33750,984.414,1.591922998744,983.779,27.442,5651.245
2026-05-19 15:22:30.847,34000,979.0,0.0,979.0,0.0,5630.485
2026-05-19 15:22:30.948,34250,979.0,0.0,979.0,0.0,5379.444
2026-05-19 15:22:30.949,34500,979.0,0.0,979.0,0.0,5339.018
2026-05-19 15:22:31.062,34750,979.0,0.0,979.0,0.0,5339.018
2026-05-19 15:22:31.063,35000,979.0,0.0,979.0,0.0,5339.018
2026-05-19 15:22:31.164,35250,981.993,1.584998270204,981.365,27.211,5322.78
2026-05-19 15:22:31.165,35500,979.0,0.0,979.0,0.0,5311.955
2026-05-19 15:22:31.165,35750,979.0,0.0,979.0,0.0,5069.911
2026-05-19 15:22:31.280,36000,979.0,0.0,979.0,0.0,5069.911
2026-05-19 15:22:31.281,36250,979.0,0.0,979.0,0.0,5053.16
2026-05-19 15:22:31.397,36500,979.0,0.0,979.0,0.0,5053.16
2026-05-19 15:22:31.398,36750,979.0,0.0,979.0,0.0,5052.649
2026-05-19 15:22:31.515,37000,979.0,0.0,979.0,0.0,5052.649
2026-05-19 15:22:31.515,37250,979.0,0.0,979.0,0.0,4801.84
2026-05-19 15:22:31.515,37500,979.0,0.0,979.0,0.0,4801.84
2026-05-19 15:22:31.631,37750,979.0,0.0,979.0,0.0,4819.526
2026-05-19 15:22:31.632,38000,979.0,0.0,979.0,0.0,4819.526
2026-05-19 15:22:31.632,38250,979.0,0.0,979.0,0.0,4819.526
2026-05-19 15:22:31.747,38500,1012.735,0.187277947978,1012.726,3.384,4662.471
2026-05-19 15:22:31.747,38750,979.0,0.0,979.0,0.0,4591.487
2026-05-19 15:22:31.748,39000,979.0,0.0,979.0,0.0,4591.487
2026-05-19 15:22:31.862,39250,979.0,0.0,979.0,0.0,4591.487
2026-05-19 15:22:31.863,39500,979.0,0.0,979.0,0.0,4591.487
2026-05-19 15:22:31.965,39750,979.0,0.0,979.0,0.0,4637.368
2026-05-19 15:22:31.965,40000,979.0,0.0,979.0,0.0,4380.519
2026-05-19 15:22:31.966,40250,979.0,0.0,979.0,0.0,4380.519
2026-05-19 15:22:32.080,40500,979.0,0.0,979.0,0.0,4380.519
2026-05-19 15:22:32.080,40750,979.0,0.0,979.0,0.0,4449.44
2026-05-19 15:22:32.196,41000,979.0,0.0,979.0,0.0,4449.44
2026-05-19 15:22:32.197,41250,979.0,0.0,979.0,0.0,4262.566
2026-05-19 15:22:32.197,41500,979.0,0.0,979.0,0.0,4262.566
2026-05-19 15:22:32.309,41750,960.683,3.218750224387,959.168,53.941,4343.838
2026-05-19 15:22:32.309,42000,979.0,0.0,979.0,0.0,4343.838
2026-05-19 15:22:32.310,42250,968.087,-0.249717235982,968.043,-4.029,4150.145
2026-05-19 15:22:32.413,42500,979.0,0.0,979.0,0.0,4101.722
2026-05-19 15:22:32.414,42750,979.0,0.0,979.0,0.0,4101.722
2026-05-19 15:22:32.515,43000,979.0,0.0,979.0,0.0,4101.722
2026-05-19 15:22:32.516,43250,979.0,0.0,979.0,0.0,4198.29
2026-05-19 15:22:32.516,43500,1037.747,1.582492995006,1037.351,28.659,3960.624
2026-05-19 15:22:32.630,43750,979.0,0.0,979.0,0.0,3960.624
2026-05-19 15:22:32.630,44000,979.0,0.0,979.0,0.0,3960.624
2026-05-19 15:22:32.631,44250,979.0,0.0,979.0,0.0,3960.624
2026-05-19 15:22:32.747,44500,950.023,3.265287606872,948.481,54.113,4081.427
2026-05-19 15:22:32.748,44750,979.0,0.0,979.0,0.0,3861.35
2026-05-19 15:22:32.748,45000,979.0,0.0,979.0,0.0,3861.35
2026-05-19 15:22:32.864,45250,979.0,0.0,979.0,0.0,3861.35
2026-05-19 15:22:32.865,45500,979.0,0.0,979.0,0.0,3861.35
2026-05-19 15:22:32.865,45750,979.0,0.0,979.0,0.0,3861.35
2026-05-19 15:22:32.981,46000,979.0,0.0,979.0,0.0,3655.855
2026-05-19 15:22:32.981,46250,979.0,0.0,979.0,0.0,3823.201
2026-05-19 15:22:32.982,46500,979.0,0.0,979.0,0.0,3823.201
2026-05-19 15:22:33.096,46750,979.0,0.0,979.0,0.0,3823.201
2026-05-19 15:22:33.097,47000,979.0,0.0,979.0,0.0,3823.201
2026-05-19 15:22:33.097,47250,979.0,0.0,979.0,0.0,3625.638
2026-05-19 15:22:33.213,47500,979.0,0.0,979.0,0.0,3625.638
2026-05-19 15:22:33.214,47750,979.0,0.0,979.0,0.0,3625.638
2026-05-19 15:22:33.214,48000,979.0,0.0,979.0,0.0,3625.638
2026-05-19 15:22:33.329,48250,970.132,0.614476430973,969.863,10.019,3660.04
2026-05-19 15:22:33.330,48500,979.0,0.0,979.0,0.0,3618.973
2026-05-19 15:22:33.331,48750,979.0,0.0,979.0,0.0,3618.973
2026-05-19 15:22:33.331,49000,979.0,0.0,979.0,0.0,3618.973
2026-05-19 15:22:33.446,49250,939.843,-2.480589274335,938.753,-40.247,3582.785
2026-05-19 15:22:33.446,49500,979.0,0.0,979.0,0.0,3438.037
2026-05-19 15:22:33.447,49750,979.0,0.0,979.0,0.0,3438.037
2026-05-19 15:22:33.563,50000,979.0,0.0,979.0,0.0,3438.037
2026-05-19 15:22:33.564,50250,979.0,0.0,979.0,0.0,3438.037
2026-05-19 15:22:33.564,50500,979.0,0.0,979.0,0.0,3438.037
2026-05-19 15:22:33.665,50750,989.663,2.034433430664,988.005,35.392,3402.751
2026-05-19 15:22:33.666,51000,979.0,0.0,979.0,0.0,3448.719
2026-05-19 15:22:33.666,51250,979.0,0.0,979.0,0.0,3448.719
2026-05-19 15:22:33.780,51500,979.0,0.0,979.0,0.0,3448.719
2026-05-19 15:22:33.782,51750,979.0,0.0,979.0,0.0,3448.719
2026-05-19 15:22:33.782,52000,979.0,0.0,979.0,0.0,3448.719
2026-05-19 15:22:33.783,52250,979.0,0.0,979.0,0.0,3304.868
2026-05-19 15:22:33.897,52500,979.0,0.0,979.0,0.0,3304.868
2026-05-19 15:22:33.898,52750,979.0,0.0,979.0,0.0,3304.868
2026-05-19 15:22:33.899,53000,979.0,0.0,979.0,0.0,3304.868
2026-05-19 15:22:34.012,53250,979.0,0.0,979.0,0.0,3304.868
2026-05-19 15:22:34.013,53500,979.0,0.0,979.0,0.0,3304.868
2026-05-19 15:22:34.014,53750,979.0,0.0,979.0,0.0,3181.295
2026-05-19 15:22:34.014,54000,979.0,0.0,979.0,0.0,3181.295
2026-05-19 15:22:34.130,54250,979.0,0.0,979.0,0.0,3181.295
2026-05-19 15:22:34.130,54500,979.0,0.0,979.0,0.0,3181.295
2026-05-19 15:22:34.131,54750,979.0,0.0,979.0,0.0,3181.295
2026-05-19 15:22:34.246,55000,979.0,0.0,979.0,0.0,3181.295
2026-05-19 15:22:34.247,55250,979.0,0.0,979.0,0.0,3181.295
2026-05-19 15:22:34.247,55500,979.0,0.0,979.0,0.0,3069.393
2026-05-19 15:22:34.248,55750,979.0,0.0,979.0,0.0,3069.393
2026-05-19 15:22:34.362,56000,979.0,0.0,979.0,0.0,3069.393
2026-05-19 15:22:34.363,56250,979.0,0.0,979.0,0.0,3069.393
2026-05-19 15:22:34.363,56500,979.0,0.0,979.0,0.0,3069.393
2026-05-19 15:22:34.364,56750,979.0,0.0,979.0,0.0,3069.393
2026-05-19 15:22:34.480,57000,979.0,0.0,979.0,0.0,3069.393
2026-05-19 15:22:34.480,57250,979.0,0.0,979.0,0.0,3069.393
2026-05-19 15:22:34.481,57500,979.0,0.0,979.0,0.0,3069.393
2026-05-19 15:22:34.582,57750,985.648,0.971603463493,984.921,17.145,3049.235
2026-05-19 15:22:34.583,58000,952.065,6.029187348432,946.779,99.689,3159.241
2026-05-19 15:22:34.583,58250,906.252,1.463962538707,905.957,23.153,3206.9
2026-05-19 15:22:34.697,58500,979.0,0.0,979.0,0.0,3206.9
2026-05-19 15:22:34.698,58750,999.799,4.369904778779,996.892,76.18,3140.187
2026-05-19 15:22:34.698,59000,999.799,4.369904778779,996.892,76.18,3140.187
2026-05-19 15:22:34.699,59250,979.0,0.0,979.0,0.0,3140.187
2026-05-19 15:22:34.814,59500,958.634,-4.369904778779,955.847,-73.043,3206.9
2026-05-19 15:22:34.815,59750,1035.586,-5.833867317486,1030.223,-105.261,2968.602
2026-05-19 15:22:34.815,60000,979.0,0.0,979.0,0.0,2968.602
2026-05-19 15:22:34.926,60250,979.0,0.0,979.0,0.0,2968.602
2026-05-19 15:22:34.926,60500,979.0,0.0,979.0,0.0,2968.602
2026-05-19 15:22:34.927,60750,979.0,0.0,979.0,0.0,2968.602
2026-05-19 15:22:34.927,61000,979.0,0.0,979.0,0.0,2968.602
2026-05-19 15:22:35.029,61250,979.0,0.0,979.0,0.0,2968.602
2026-05-19 15:22:35.030,61500,979.0,0.0,979.0,0.0,2968.602
2026-05-19 15:22:35.031,61750,979.0,0.0,979.0,0.0,2968.602
2026-05-19 15:22:35.031,62000,979.0,0.0,979.0,0.0,2968.602
2026-05-19 15:22:35.146,62250,979.0,0.0,979.0,0.0,2968.602
2026-05-19 15:22:35.147,62500,979.0,0.0,979.0,0.0,2968.602
2026-05-19 15:22:35.148,62750,979.0,0.0,979.0,0.0,2968.602
2026-05-19 15:22:35.148,63000,979.0,0.0,979.0,0.0,2968.602
2026-05-19 15:22:35.250,63250,1062.106,-1.688447386204,1061.645,-31.295,2736.319
2026-05-19 15:22:35.250,63500,979.0,0.0,979.0,0.0,2736.319
2026-05-19 15:22:35.251,63750,979.0,0.0,979.0,0.0,2736.319
2026-05-19 15:22:35.251,64000,979.0,0.0,979.0,0.0,2736.319
2026-05-19 15:22:35.364,64250,979.0,0.0,979.0,0.0,2736.319
2026-05-19 15:22:35.364,64500,979.0,0.0,979.0,0.0,2736.319
2026-05-19 15:22:35.365,64750,979.0,0.0,979.0,0.0,2736.319
2026-05-19 15:22:35.365,65000,979.0,0.0,979.0,0.0,2736.319
2026-05-19 15:22:35.481,65250,979.0,0.0,979.0,0.0,2736.319
2026-05-19 15:22:35.481,65500,979.0,0.0,979.0,0.0,2736.319
2026-05-19 15:22:35.482,65750,979.0,0.0,979.0,0.0,2736.319
2026-05-19 15:22:35.482,66000,979.0,0.0,979.0,0.0,2736.319
2026-05-19 15:22:35.597,66250,971.497,-1.037161247915,970.726,-17.019,2758.125
2026-05-19 15:22:35.597,66500,979.0,0.0,979.0,0.0,2736.319
2026-05-19 15:22:35.598,66750,979.0,0.0,979.0,0.0,2736.319
2026-05-19 15:22:35.598,67000,1036.563,-1.285055378071,1036.112,-24.104,2589.789
2026-05-19 15:22:35.711,67250,979.0,0.0,979.0,0.0,2492.103
2026-05-19 15:22:35.711,67500,979.0,0.0,979.0,0.0,2492.103
2026-05-19 15:22:35.712,67750,979.0,0.0,979.0,0.0,2492.103
2026-05-19 15:22:35.712,68000,970.059,-1.113550132612,969.177,-18.13,2515.952
2026-05-19 15:22:35.827,68250,979.0,0.0,979.0,0.0,2492.103
2026-05-19 15:22:35.827,68500,952.176,-3.340650397835,949.532,-54.389,2563.652
2026-05-19 15:22:35.828,68750,943.235,-4.454200530447,939.709,-72.518,2587.501
2026-05-19 15:22:35.828,69000,979.0,0.0,979.0,0.0,2611.351
2026-05-19 15:22:35.829,69250,979.0,0.0,979.0,0.0,2611.351
2026-05-19 15:22:35.931,69500,979.0,0.0,979.0,0.0,2611.351
2026-05-19 15:22:35.931,69750,979.0,0.0,979.0,0.0,2611.351
2026-05-19 15:22:35.932,70000,979.0,0.0,979.0,0.0,2611.351
2026-05-19 15:22:36.046,70250,988.369,1.113550132612,987.401,19.906,2587.501
2026-05-19 15:22:36.047,70500,979.0,0.0,979.0,0.0,2611.351
2026-05-19 15:22:36.047,70750,979.0,0.0,979.0,0.0,2611.351
2026-05-19 15:22:36.048,71000,988.369,1.113550132612,987.401,19.906,2587.501
2026-05-19 15:22:36.162,71250,979.0,0.0,979.0,0.0,2611.351
2026-05-19 15:22:36.162,71500,979.0,0.0,979.0,0.0,2611.351
2026-05-19 15:22:36.163,71750,1083.466,-3.368127183258,1081.595,-63.655,2359.568
2026-05-19 15:22:36.163,72000,979.0,0.0,979.0,0.0,2359.568
2026-05-19 15:22:36.278,72250,1037.334,6.023390614508,1031.607,108.852,2226.878
2026-05-19 15:22:36.278,72500,1037.334,6.023390614508,1031.607,108.852,2226.878
2026-05-19 15:22:36.279,72750,1037.334,6.023390614508,1031.607,108.852,2226.878
2026-05-19 15:22:36.279,73000,979.0,0.0,979.0,0.0,2226.878
2026-05-19 15:22:36.280,73250,979.0,0.0,979.0,0.0,2226.878
2026-05-19 15:22:36.381,73500,979.0,0.0,979.0,0.0,2226.878
2026-05-19 15:22:36.382,73750,979.0,0.0,979.0,0.0,2226.878
2026-05-19 15:22:36.382,74000,979.0,0.0,979.0,0.0,2226.878
2026-05-19 15:22:36.495,74250,979.0,0.0,979.0,0.0,2226.878
2026-05-19 15:22:36.496,74500,979.0,0.0,979.0,0.0,2226.878
2026-05-19 15:22:36.496,74750,979.0,0.0,979.0,0.0,2226.878
2026-05-19 15:22:36.497,75000,979.0,0.0,979.0,0.0,2226.878
2026-05-19 15:22:36.611,75250,979.0,0.0,979.0,0.0,2226.878
2026-05-19 15:22:36.612,75500,979.0,0.0,979.0,0.0,2226.878
2026-05-19 15:22:36.612,75750,979.0,0.0,979.0,0.0,2226.878
2026-05-19 15:22:36.613,76000,979.0,0.0,979.0,0.0,2226.878
2026-05-19 15:22:36.613,76250,979.0,0.0,979.0,0.0,2226.878
2026-05-19 15:22:36.714,76500,979.0,0.0,979.0,0.0,2226.878
2026-05-19 15:22:36.715,76750,979.0,0.0,979.0,0.0,2226.878
2026-05-19 15:22:36.715,77000,979.0,0.0,979.0,0.0,2226.878
2026-05-19 15:22:36.716,77250,979.0,0.0,979.0,0.0,2226.878
2026-05-19 15:22:36.716,77500,1091.767,-3.235425986683,1090.027,-61.618,1996.867
2026-05-19 15:22:36.829,77750,979.0,0.0,979.0,0.0,1996.867
2026-05-19 15:22:36.830,78000,979.0,0.0,979.0,0.0,1996.867
2026-05-19 15:22:36.830,78250,979.0,0.0,979.0,0.0,1996.867
2026-05-19 15:22:36.831,78500,979.0,0.0,979.0,0.0,1996.867
2026-05-19 15:22:36.831,78750,979.0,0.0,979.0,0.0,1996.867
2026-05-19 15:22:36.945,79000,979.0,0.0,979.0,0.0,1996.867
2026-05-19 15:22:36.946,79250,979.0,0.0,979.0,0.0,1996.867
2026-05-19 15:22:36.946,79500,979.0,0.0,979.0,0.0,1996.867
2026-05-19 15:22:36.947,79750,979.0,0.0,979.0,0.0,1996.867
2026-05-19 15:22:36.947,80000,979.0,0.0,979.0,0.0,1996.867
2026-05-19 15:22:37.063,80250,979.0,0.0,979.0,0.0,1996.867
2026-05-19 15:22:37.063,80500,979.0,0.0,979.0,0.0,1996.867
2026-05-19 15:22:37.064,80750,979.0,0.0,979.0,0.0,1996.867
2026-05-19 15:22:37.064,81000,979.0,0.0,979.0,0.0,1996.867
2026-05-19 15:22:37.065,81250,979.0,0.0,979.0,0.0,1996.867
2026-05-19 15:22:37.179,81500,979.0,0.0,979.0,0.0,1996.867
2026-05-19 15:22:37.181,81750,1024.22,5.340639762733,1018.603,96.305,1909.667
2026-05-19 15:22:37.181,82000,979.0,0.0,979.0,0.0,1887.867
2026-05-19 15:22:37.182,82250,979.0,0.0,979.0,0.0,1887.867
2026-05-19 15:22:37.182,82500,979.0,0.0,979.0,0.0,1887.867
2026-05-19 15:22:37.294,82750,979.0,0.0,979.0,0.0,1887.867
2026-05-19 15:22:37.295,83000,1058.794,-1.944027388614,1057.727,-37.709,1752.397
2026-05-19 15:22:37.295,83250,979.0,0.0,979.0,0.0,1662.085
2026-05-19 15:22:37.295,83500,979.0,0.0,979.0,0.0,1662.085
2026-05-19 15:22:37.296,83750,979.0,0.0,979.0,0.0,1662.085
2026-05-19 15:22:37.398,84000,979.0,0.0,979.0,0.0,1662.085
2026-05-19 15:22:37.398,84250,979.0,0.0,979.0,0.0,1662.085
2026-05-19 15:22:37.399,84500,979.0,0.0,979.0,0.0,1662.085
2026-05-19 15:22:37.399,84750,979.0,0.0,979.0,0.0,1662.085
2026-05-19 15:22:37.400,85000,979.0,0.0,979.0,0.0,1662.085
2026-05-19 15:22:37.513,85250,979.0,0.0,979.0,0.0,1662.085
2026-05-19 15:22:37.513,85500,979.0,0.0,979.0,0.0,1662.085
2026-05-19 15:22:37.514,85750,979.0,0.0,979.0,0.0,1662.085
2026-05-19 15:22:37.514,86000,979.0,0.0,979.0,0.0,1662.085
2026-05-19 15:22:37.515,86250,979.0,0.0,979.0,0.0,1662.085
2026-05-19 15:22:37.629,86500,979.0,0.0,979.0,0.0,1662.085
2026-05-19 15:22:37.630,86750,979.0,0.0,979.0,0.0,1662.085
2026-05-19 15:22:37.630,87000,979.0,0.0,979.0,0.0,1662.085
2026-05-19 15:22:37.631,87250,979.0,0.0,979.0,0.0,1662.085
2026-05-19 15:22:37.631,87500,979.0,0.0,979.0,0.0,1662.085
2026-05-19 15:22:37.746,87750,979.0,0.0,979.0,0.0,1662.085
2026-05-19 15:22:37.746,88000,979.0,0.0,979.0,0.0,1662.085
2026-05-19 15:22:37.747,88250,979.0,0.0,979.0,0.0,1662.085
2026-05-19 15:22:37.747,88500,979.0,0.0,979.0,0.0,1662.085
2026-05-19 15:22:37.747,88750,979.0,0.0,979.0,0.0,1662.085
2026-05-19 15:22:37.863,89000,1132.869,-4.398502875142,1129.533,-86.883,1436.336
2026-05-19 15:22:37.863,89250,979.0,0.0,979.0,0.0,1436.336
2026-05-19 15:22:37.864,89500,979.0,0.0,979.0,0.0,1436.336
2026-05-19 15:22:37.864,89750,979.0,0.0,979.0,0.0,1436.336
2026-05-19 15:22:37.864,90000,979.0,0.0,979.0,0.0,1436.336
2026-05-19 15:22:37.980,90250,979.0,0.0,979.0,0.0,1436.336
2026-05-19 15:22:37.980,90500,979.0,0.0,979.0,0.0,1324.598
2026-05-19 15:22:37.981,90750,979.0,0.0,979.0,0.0,1324.598
2026-05-19 15:22:37.981,91000,979.0,0.0,979.0,0.0,1324.598
2026-05-19 15:22:37.982,91250,979.0,0.0,979.0,0.0,1324.598
2026-05-19 15:22:38.095,91500,979.0,0.0,979.0,0.0,1324.598
2026-05-19 15:22:38.095,91750,979.0,0.0,979.0,0.0,1324.598
2026-05-19 15:22:38.096,92000,979.0,0.0,979.0,0.0,1324.598
2026-05-19 15:22:38.096,92250,979.0,0.0,979.0,0.0,1324.598
2026-05-19 15:22:38.097,92500,979.0,0.0,979.0,0.0,1324.598
2026-05-19 15:22:38.198,92750,979.0,0.0,979.0,0.0,1324.598
2026-05-19 15:22:38.199,93000,979.0,0.0,979.0,0.0,1324.598
2026-05-19 15:22:38.199,93250,979.0,0.0,979.0,0.0,1324.598
2026-05-19 15:22:38.200,93500,979.0,0.0,979.0,0.0,1324.598
2026-05-19 15:22:38.313,93750,979.0,0.0,979.0,0.0,1324.598
2026-05-19 15:22:38.313,94000,979.0,0.0,979.0,0.0,1324.598
2026-05-19 15:22:38.314,94250,979.0,0.0,979.0,0.0,1324.598
2026-05-19 15:22:38.314,94500,979.0,0.0,979.0,0.0,1324.598
2026-05-19 15:22:38.315,94750,979.0,0.0,979.0,0.0,1324.598
2026-05-19 15:22:38.429,95000,979.0,0.0,979.0,0.0,1324.598
2026-05-19 15:22:38.430,95250,1164.897,-4.049934853072,1161.117,-85.514,1121.326
2026-05-19 15:22:38.430,95500,979.0,0.0,979.0,0.0,1070.507
2026-05-19 15:22:38.431,95750,979.0,0.0,979.0,0.0,1070.507
2026-05-19 15:22:38.431,96000,979.0,0.0,979.0,0.0,1070.507
2026-05-19 15:22:38.546,96250,979.0,0.0,979.0,0.0,1070.507
2026-05-19 15:22:38.547,96500,979.0,0.0,979.0,0.0,1070.507
2026-05-19 15:22:38.547,96750,979.0,0.0,979.0,0.0,1070.507
2026-05-19 15:22:38.548,97000,979.0,0.0,979.0,0.0,1070.507
2026-05-19 15:22:38.548,97250,979.0,0.0,979.0,0.0,1070.507
2026-05-19 15:22:38.548,97500,979.0,0.0,979.0,0.0,1070.507
2026-05-19 15:22:38.663,97750,979.0,0.0,979.0,0.0,1070.507
2026-05-19 15:22:38.663,98000,979.0,0.0,979.0,0.0,1070.507
2026-05-19 15:22:38.664,98250,979.0,0.0,979.0,0.0,1070.507
2026-05-19 15:22:38.664,98500,979.0,0.0,979.0,0.0,1070.507
2026-05-19 15:22:38.664,98750,979.0,0.0,979.0,0.0,1070.507
2026-05-19 15:22:38.780,99000,979.0,0.0,979.0,0.0,1070.507
2026-05-19 15:22:38.780,99250,979.0,0.0,979.0,0.0,1070.507
2026-05-19 15:22:38.780,99500,979.0,0.0,979.0,0.0,1070.507
2026-05-19 15:22:38.781,99750,979.0,0.0,979.0,0.0,1070.507
2026-05-19 15:22:38.781,100000,979.0,0.0,979.0,0.0,1070.507
2026-05-19 15:22:39.415,10000,979.0,0.0,979.0,0.0,9286.314
2026-05-19 15:22:39.531,10250,979.0,0.0,979.0,0.0,9286.314
2026-05-19 15:22:39.646,10500,979.0,0.0,979.0,0.0,9286.314
2026-05-19 15:22:39.864,10750,980.444,-0.312197729229,980.371,-5.373,9341.111
2026-05-19 15:22:39.965,11000,979.0,0.0,979.0,0.0,9354.811
2026-05-19 15:22:40.080,11250,972.245,0.206822453419,972.175,3.534,9170.229
2026-05-19 15:22:40.181,11500,974.362,0.887944900595,974.167,15.051,9149.45
2026-05-19 15:22:40.398,11750,979.0,0.0,979.0,0.0,9178.44
2026-05-19 15:22:40.513,12000,979.0,0.0,979.0,0.0,9178.44
2026-05-19 15:22:40.629,12250,979.0,0.0,979.0,0.0,9178.44
2026-05-19 15:22:40.731,12500,989.1,0.207100526369,989.083,3.63,9165.148
2026-05-19 15:22:40.846,12750,979.0,0.0,979.0,0.0,9025.481
2026-05-19 15:22:40.947,13000,979.0,0.0,979.0,0.0,9025.481
2026-05-19 15:22:41.048,13250,980.848,-0.287603676373,980.786,-4.96,9093.622
2026-05-19 15:22:41.163,13500,979.0,0.0,979.0,0.0,9110.657
2026-05-19 15:22:41.277,13750,979.0,0.0,979.0,0.0,9110.657
2026-05-19 15:22:41.380,14000,979.0,0.0,979.0,0.0,8971.41
2026-05-19 15:22:41.481,14250,979.0,0.0,979.0,0.0,8971.41
2026-05-19 15:22:41.597,14500,979.0,0.0,979.0,0.0,8971.41
2026-05-19 15:22:41.713,14750,983.689,-0.609631936012,983.549,-10.54,9035.867
2026-05-19 15:22:41.815,15000,994.376,0.417832049251,994.35,7.251,8938.448
2026-05-19 15:22:41.929,15250,979.0,0.0,979.0,0.0,8938.448
2026-05-19 15:22:42.046,15500,979.0,0.0,979.0,0.0,8938.448
2026-05-19 15:22:42.147,15750,959.673,-0.586936244334,959.611,-9.781,9007.432
2026-05-19 15:22:42.248,16000,979.0,0.0,979.0,0.0,8828.731
2026-05-19 15:22:42.363,16250,979.0,0.0,979.0,0.0,8828.731
2026-05-19 15:22:42.465,16500,968.933,1.111005784623,968.751,18.787,8920.457
2026-05-19 15:22:42.577,16750,979.0,0.0,979.0,0.0,8704.426
2026-05-19 15:22:42.578,17000,979.0,0.0,979.0,0.0,8704.426
2026-05-19 15:22:42.679,17250,950.489,-0.57534161465,950.39,-9.603,8730.836
2026-05-19 15:22:42.780,17500,989.216,0.359219575803,989.167,6.298,8746.609
2026-05-19 15:22:42.881,17750,979.0,0.0,979.0,0.0,8611.81
2026-05-19 15:22:42.996,18000,979.0,0.0,979.0,0.0,8611.81
2026-05-19 15:22:43.112,18250,989.163,-0.891565544433,988.962,-15.496,8444.046
2026-05-19 15:22:43.112,18500,979.0,0.0,979.0,0.0,8531.103
2026-05-19 15:22:43.214,18750,979.0,0.0,979.0,0.0,8531.103
2026-05-19 15:22:43.329,19000,989.022,0.401355386923,988.96,7.033,8445.951
2026-05-19 15:22:43.431,19250,975.594,0.277572172232,975.538,4.66,8347.675
2026-05-19 15:22:43.432,19500,1003.856,1.08866713338,1003.675,19.073,8255.872
2026-05-19 15:22:43.546,19750,979.0,0.0,979.0,0.0,8255.872
2026-05-19 15:22:43.648,20000,979.0,0.0,979.0,0.0,8255.872
2026-05-19 15:22:43.762,20250,979.0,0.0,979.0,0.0,8255.872
2026-05-19 15:22:43.763,20500,997.775,-1.321511433571,997.51,-23.011,8055.627
2026-05-19 15:22:43.879,20750,979.0,0.0,979.0,0.0,8210.115
2026-05-19 15:22:43.981,21000,975.036,-0.201104571929,975.007,-3.366,8077.158
2026-05-19 15:22:43.981,21250,979.0,0.0,979.0,0.0,8043.919
2026-05-19 15:22:44.096,21500,979.0,0.0,979.0,0.0,8043.919
2026-05-19 15:22:44.198,21750,979.0,0.0,979.0,0.0,7856.622
2026-05-19 15:22:44.198,22000,979.0,0.0,979.0,0.0,8030.595
2026-05-19 15:22:44.314,22250,979.0,0.0,979.0,0.0,8030.595
2026-05-19 15:22:44.430,22500,979.0,0.0,979.0,0.0,7842.522
2026-05-19 15:22:44.431,22750,979.0,0.0,979.0,0.0,7842.522
2026-05-19 15:22:44.546,23000,979.0,0.0,979.0,0.0,7658.862
2026-05-19 15:22:44.546,23250,979.0,0.0,979.0,0.0,7658.862
2026-05-19 15:22:44.648,23500,979.0,0.0,979.0,0.0,7658.862
2026-05-19 15:22:44.763,23750,998.271,-0.99164393443,998.083,-17.36,7535.657
2026-05-19 15:22:44.763,24000,979.0,0.0,979.0,0.0,7683.264
2026-05-19 15:22:44.865,24250,979.0,0.0,979.0,0.0,7515.704
2026-05-19 15:22:44.978,24500,979.0,0.0,979.0,0.0,7515.704
2026-05-19 15:22:44.979,24750,979.0,0.0,979.0,0.0,7515.704
2026-05-19 15:22:45.081,25000,979.0,0.0,979.0,0.0,7360.845
2026-05-19 15:22:45.081,25250,979.0,0.0,979.0,0.0,7360.845
2026-05-19 15:22:45.196,25500,979.0,0.0,979.0,0.0,7206.363
2026-05-19 15:22:45.196,25750,979.0,0.0,979.0,0.0,7206.363
2026-05-19 15:22:45.298,26000,989.625,0.855252236147,989.44,14.876,7129.545
2026-05-19 15:22:45.414,26250,979.0,0.0,979.0,0.0,7078.333
2026-05-19 15:22:45.414,26500,994.934,1.357730384134,994.584,23.668,6965.422
2026-05-19 15:22:45.529,26750,979.0,0.0,979.0,0.0,6937.194
2026-05-19 15:22:45.530,27000,979.0,0.0,979.0,0.0,6937.194
2026-05-19 15:22:45.632,27250,979.0,0.0,979.0,0.0,6804.488
2026-05-19 15:22:45.632,27500,979.0,0.0,979.0,0.0,6804.488
2026-05-19 15:22:45.745,27750,979.0,0.0,979.0,0.0,6804.488
2026-05-19 15:22:45.746,28000,979.0,0.0,979.0,0.0,6670.342
2026-05-19 15:22:45.847,28250,979.0,0.0,979.0,0.0,6670.342
2026-05-19 15:22:45.848,28500,979.0,0.0,979.0,0.0,6557.083
2026-05-19 15:22:45.962,28750,979.0,0.0,979.0,0.0,6557.083
2026-05-19 15:22:45.963,29000,979.0,0.0,979.0,0.0,6557.083
2026-05-19 15:22:46.064,29250,979.0,0.0,979.0,0.0,6439.888
2026-05-19 15:22:46.166,29500,979.0,0.0,979.0,0.0,6439.888
2026-05-19 15:22:46.166,29750,979.0,0.0,979.0,0.0,6329.513
2026-05-19 15:22:46.276,30000,979.0,0.0,979.0,0.0,6329.513
2026-05-19 15:22:46.277,30250,979.0,0.0,979.0,0.0,6329.513
2026-05-19 15:22:46.381,30500,979.0,0.0,979.0,0.0,6231.235
2026-05-19 15:22:46.381,30750,979.0,0.0,979.0,0.0,6231.235
2026-05-19 15:22:46.496,31000,982.145,0.491837955418,981.961,8.536,6211.536
2026-05-19 15:22:46.497,31250,979.0,0.0,979.0,0.0,6132.743
2026-05-19 15:22:46.599,31500,979.0,0.0,979.0,0.0,6132.743
2026-05-19 15:22:46.599,31750,979.0,0.0,979.0,0.0,6055.123
2026-05-19 15:22:46.713,32000,979.0,0.0,979.0,0.0,5819.217
2026-05-19 15:22:46.714,32250,979.0,0.0,979.0,0.0,5819.217
2026-05-19 15:22:46.714,32500,979.0,0.0,979.0,0.0,5745.191
2026-05-19 15:22:46.830,32750,979.0,0.0,979.0,0.0,5745.191
2026-05-19 15:22:46.831,33000,979.0,0.0,979.0,0.0,5745.191
2026-05-19 15:22:46.947,33250,979.0,0.0,979.0,0.0,5682.385
2026-05-19 15:22:46.948,33500,979.0,0.0,979.0,0.0,5682.385
2026-05-19 15:22:47.063,33750,982.61,1.061281999162,982.186,18.294,5661.625
2026-05-19 15:22:47.064,34000,979.0,0.0,979.0,0.0,5630.485
2026-05-19 15:22:47.064,34250,979.0,0.0,979.0,0.0,5379.444
2026-05-19 15:22:47.179,34500,979.0,0.0,979.0,0.0,5339.018
2026-05-19 15:22:47.180,34750,979.0,0.0,979.0,0.0,5339.018
2026-05-19 15:22:47.293,35000,979.0,0.0,979.0,0.0,5339.018
2026-05-19 15:22:47.294,35250,981.993,1.584998270204,981.365,27.211,5322.78
2026-05-19 15:22:47.294,35500,979.0,0.0,979.0,0.0,5311.955
2026-05-19 15:22:47.397,35750,979.0,0.0,979.0,0.0,5069.911
2026-05-19 15:22:47.398,36000,979.0,0.0,979.0,0.0,5069.911
2026-05-19 15:22:47.513,36250,979.0,0.0,979.0,0.0,5053.16
2026-05-19 15:22:47.513,36500,979.0,0.0,979.0,0.0,5053.16
2026-05-19 15:22:47.614,36750,979.0,0.0,979.0,0.0,5052.649
2026-05-19 15:22:47.615,37000,979.0,0.0,979.0,0.0,5052.649
2026-05-19 15:22:47.731,37250,979.0,0.0,979.0,0.0,4801.84
2026-05-19 15:22:47.731,37500,979.0,0.0,979.0,0.0,4801.84
2026-05-19 15:22:47.732,37750,979.0,0.0,979.0,0.0,4819.526
2026-05-19 15:22:47.847,38000,979.0,0.0,979.0,0.0,4819.526
2026-05-19 15:22:47.848,38250,979.0,0.0,979.0,0.0,4819.526
2026-05-19 15:22:47.849,38500,1001.49,0.124851965319,1001.484,2.256,4714.823
2026-05-19 15:22:47.964,38750,979.0,0.0,979.0,0.0,4591.487
2026-05-19 15:22:47.964,39000,979.0,0.0,979.0,0.0,4591.487
2026-05-19 15:22:48.080,39250,979.0,0.0,979.0,0.0,4591.487
2026-05-19 15:22:48.080,39500,979.0,0.0,979.0,0.0,4591.487
2026-05-19 15:22:48.081,39750,979.0,0.0,979.0,0.0,4637.368
2026-05-19 15:22:48.196,40000,979.0,0.0,979.0,0.0,4380.519
2026-05-19 15:22:48.197,40250,979.0,0.0,979.0,0.0,4380.519
2026-05-19 15:22:48.197,40500,979.0,0.0,979.0,0.0,4380.519
2026-05-19 15:22:48.313,40750,979.0,0.0,979.0,0.0,4449.44
2026-05-19 15:22:48.313,41000,979.0,0.0,979.0,0.0,4449.44
2026-05-19 15:22:48.314,41250,979.0,0.0,979.0,0.0,4262.566
2026-05-19 15:22:48.415,41500,979.0,0.0,979.0,0.0,4262.566
2026-05-19 15:22:48.415,41750,960.683,3.218750224387,959.168,53.941,4343.838
2026-05-19 15:22:48.526,42000,979.0,0.0,979.0,0.0,4343.838
2026-05-19 15:22:48.527,42250,979.0,0.0,979.0,0.0,4101.722
2026-05-19 15:22:48.527,42500,979.0,0.0,979.0,0.0,4101.722
2026-05-19 15:22:48.629,42750,979.0,0.0,979.0,0.0,4101.722
2026-05-19 15:22:48.630,43000,979.0,0.0,979.0,0.0,4101.722
2026-05-19 15:22:48.746,43250,979.0,0.0,979.0,0.0,4198.29
2026-05-19 15:22:48.747,43500,1037.747,1.582492995006,1037.351,28.659,3960.624
2026-05-19 15:22:48.748,43750,979.0,0.0,979.0,0.0,3960.624
2026-05-19 15:22:48.863,44000,979.0,0.0,979.0,0.0,3960.624
2026-05-19 15:22:48.863,44250,979.0,0.0,979.0,0.0,3960.624
2026-05-19 15:22:48.864,44500,950.023,3.265287606872,948.481,54.113,4081.427
2026-05-19 15:22:48.864,44750,979.0,0.0,979.0,0.0,3861.35
2026-05-19 15:22:48.979,45000,979.0,0.0,979.0,0.0,3861.35
2026-05-19 15:22:48.980,45250,979.0,0.0,979.0,0.0,3861.35
2026-05-19 15:22:48.980,45500,979.0,0.0,979.0,0.0,3861.35
2026-05-19 15:22:49.096,45750,979.0,0.0,979.0,0.0,3861.35
2026-05-19 15:22:49.096,46000,979.0,0.0,979.0,0.0,3655.855
2026-05-19 15:22:49.097,46250,979.0,0.0,979.0,0.0,3823.201
2026-05-19 15:22:49.211,46500,979.0,0.0,979.0,0.0,3823.201
2026-05-19 15:22:49.211,46750,979.0,0.0,979.0,0.0,3823.201
2026-05-19 15:22:49.212,47000,979.0,0.0,979.0,0.0,3823.201
2026-05-19 15:22:49.314,47250,979.0,0.0,979.0,0.0,3625.638
2026-05-19 15:22:49.315,47500,979.0,0.0,979.0,0.0,3625.638
2026-05-19 15:22:49.430,47750,979.0,0.0,979.0,0.0,3625.638
2026-05-19 15:22:49.430,48000,979.0,0.0,979.0,0.0,3625.638
2026-05-19 15:22:49.431,48250,961.263,1.228952861946,960.726,20.038,3694.441
2026-05-19 15:22:49.546,48500,979.0,0.0,979.0,0.0,3618.973
2026-05-19 15:22:49.546,48750,979.0,0.0,979.0,0.0,3618.973
2026-05-19 15:22:49.547,49000,979.0,0.0,979.0,0.0,3618.973
2026-05-19 15:22:49.547,49250,930.053,-3.100736592919,928.692,-50.308,3618.973
2026-05-19 15:22:49.662,49500,979.0,0.0,979.0,0.0,3438.037
2026-05-19 15:22:49.662,49750,979.0,0.0,979.0,0.0,3438.037
2026-05-19 15:22:49.663,50000,979.0,0.0,979.0,0.0,3438.037
2026-05-19 15:22:49.764,50250,979.0,0.0,979.0,0.0,3438.037
2026-05-19 15:22:49.765,50500,979.0,0.0,979.0,0.0,3438.037
2026-05-19 15:22:49.765,50750,989.057,3.304819256993,986.2,56.987,3404.887
2026-05-19 15:22:49.878,51000,979.0,0.0,979.0,0.0,3448.719
2026-05-19 15:22:49.879,51250,979.0,0.0,979.0,0.0,3448.719
2026-05-19 15:22:49.879,51500,979.0,0.0,979.0,0.0,3448.719
2026-05-19 15:22:49.981,51750,979.0,0.0,979.0,0.0,3448.719
2026-05-19 15:22:49.981,52000,979.0,0.0,979.0,0.0,3448.719
2026-05-19 15:22:49.981,52250,979.0,0.0,979.0,0.0,3304.868
2026-05-19 15:22:49.982,52500,979.0,0.0,979.0,0.0,3304.868
2026-05-19 15:22:50.096,52750,979.0,0.0,979.0,0.0,3304.868
2026-05-19 15:22:50.097,53000,979.0,0.0,979.0,0.0,3304.868
2026-05-19 15:22:50.097,53250,979.0,0.0,979.0,0.0,3304.868
2026-05-19 15:22:50.211,53500,979.0,0.0,979.0,0.0,3304.868
2026-05-19 15:22:50.212,53750,979.0,0.0,979.0,0.0,3181.295
2026-05-19 15:22:50.212,54000,979.0,0.0,979.0,0.0,3181.295
2026-05-19 15:22:50.213,54250,979.0,0.0,979.0,0.0,3181.295
2026-05-19 15:22:50.314,54500,979.0,0.0,979.0,0.0,3181.295
2026-05-19 15:22:50.315,54750,979.0,0.0,979.0,0.0,3181.295
2026-05-19 15:22:50.315,55000,979.0,0.0,979.0,0.0,3181.295
2026-05-19 15:22:50.429,55250,979.0,0.0,979.0,0.0,3181.295
2026-05-19 15:22:50.430,55500,979.0,0.0,979.0,0.0,3069.393
2026-05-19 15:22:50.430,55750,979.0,0.0,979.0,0.0,3069.393
2026-05-19 15:22:50.546,56000,979.0,0.0,979.0,0.0,3069.393
2026-05-19 15:22:50.547,56250,979.0,0.0,979.0,0.0,3069.393
2026-05-19 15:22:50.547,56500,979.0,0.0,979.0,0.0,3069.393
2026-05-19 15:22:50.548,56750,979.0,0.0,979.0,0.0,3069.393
2026-05-19 15:22:50.664,57000,979.0,0.0,979.0,0.0,3069.393
2026-05-19 15:22:50.664,57250,979.0,0.0,979.0,0.0,3069.393
2026-05-19 15:22:50.665,57500,979.0,0.0,979.0,0.0,3069.393
2026-05-19 15:22:50.781,57750,985.648,0.971603463493,984.921,17.145,3049.235
2026-05-19 15:22:50.781,58000,967.109,5.73639484069,962.235,96.198,3111.581
2026-05-19 15:22:50.782,58250,906.252,1.463962538707,905.957,23.153,3206.9
2026-05-19 15:22:50.782,58500,979.0,0.0,979.0,0.0,3206.9
2026-05-19 15:22:50.897,58750,999.799,4.369904778779,996.892,76.18,3140.187
2026-05-19 15:22:50.897,59000,999.799,4.369904778779,996.892,76.18,3140.187
2026-05-19 15:22:50.898,59250,979.0,0.0,979.0,0.0,3140.187
2026-05-19 15:22:51.013,59500,958.634,-4.369904778779,955.847,-73.043,3206.9
2026-05-19 15:22:51.014,59750,1035.586,-5.833867317486,1030.223,-105.261,2968.602
2026-05-19 15:22:51.014,60000,979.0,0.0,979.0,0.0,2968.602
2026-05-19 15:22:51.015,60250,979.0,0.0,979.0,0.0,2968.602
2026-05-19 15:22:51.128,60500,979.0,0.0,979.0,0.0,2968.602
2026-05-19 15:22:51.128,60750,979.0,0.0,979.0,0.0,2968.602
2026-05-19 15:22:51.129,61000,979.0,0.0,979.0,0.0,2968.602
2026-05-19 15:22:51.129,61250,979.0,0.0,979.0,0.0,2968.602
2026-05-19 15:22:51.231,61500,979.0,0.0,979.0,0.0,2968.602
2026-05-19 15:22:51.232,61750,979.0,0.0,979.0,0.0,2968.602
2026-05-19 15:22:51.232,62000,979.0,0.0,979.0,0.0,2968.602
2026-05-19 15:22:51.233,62250,979.0,0.0,979.0,0.0,2968.602
2026-05-19 15:22:51.348,62500,979.0,0.0,979.0,0.0,2968.602
2026-05-19 15:22:51.348,62750,979.0,0.0,979.0,0.0,2968.602
2026-05-19 15:22:51.349,63000,979.0,0.0,979.0,0.0,2968.602
2026-05-19 15:22:51.349,63250,1062.106,-1.688447386204,1061.645,-31.295,2736.319
2026-05-19 15:22:51.461,63500,979.0,0.0,979.0,0.0,2736.319
2026-05-19 15:22:51.462,63750,979.0,0.0,979.0,0.0,2736.319
2026-05-19 15:22:51.462,64000,979.0,0.0,979.0,0.0,2736.319
2026-05-19 15:22:51.462,64250,979.0,0.0,979.0,0.0,2736.319
2026-05-19 15:22:51.564,64500,979.0,0.0,979.0,0.0,2736.319
2026-05-19 15:22:51.565,64750,979.0,0.0,979.0,0.0,2736.319
2026-05-19 15:22:51.565,65000,979.0,0.0,979.0,0.0,2736.319
2026-05-19 15:22:51.565,65250,979.0,0.0,979.0,0.0,2736.319
2026-05-19 15:22:51.679,65500,979.0,0.0,979.0,0.0,2736.319
2026-05-19 15:22:51.680,65750,979.0,0.0,979.0,0.0,2736.319
2026-05-19 15:22:51.681,66000,979.0,0.0,979.0,0.0,2736.319
2026-05-19 15:22:51.681,66250,971.497,-1.037161247915,970.726,-17.019,2758.125
2026-05-19 15:22:51.796,66500,979.0,0.0,979.0,0.0,2736.319
2026-05-19 15:22:51.797,66750,979.0,0.0,979.0,0.0,2736.319
2026-05-19 15:22:51.797,67000,1036.563,-1.285055378071,1036.112,-24.104,2589.789
2026-05-19 15:22:51.798,67250,979.0,0.0,979.0,0.0,2492.103
2026-05-19 15:22:51.913,67500,979.0,0.0,979.0,0.0,2492.103
2026-05-19 15:22:51.913,67750,979.0,0.0,979.0,0.0,2492.103
2026-05-19 15:22:51.914,68000,979.0,0.0,979.0,0.0,2492.103
2026-05-19 15:22:51.914,68250,979.0,0.0,979.0,0.0,2492.103
2026-05-19 15:22:52.029,68500,943.235,-4.454200530447,939.709,-72.518,2587.501
2026-05-19 15:22:52.030,68750,943.235,-4.454200530447,939.709,-72.518,2587.501
2026-05-19 15:22:52.031,69000,979.0,0.0,979.0,0.0,2611.351
2026-05-19 15:22:52.031,69250,979.0,0.0,979.0,0.0,2611.351
2026-05-19 15:22:52.146,69500,979.0,0.0,979.0,0.0,2611.351
2026-05-19 15:22:52.146,69750,979.0,0.0,979.0,0.0,2611.351
2026-05-19 15:22:52.147,70000,979.0,0.0,979.0,0.0,2611.351
2026-05-19 15:22:52.147,70250,988.369,1.113550132612,987.401,19.906,2587.501
2026-05-19 15:22:52.148,70500,979.0,0.0,979.0,0.0,2611.351
2026-05-19 15:22:52.258,70750,979.0,0.0,979.0,0.0,2611.351
2026-05-19 15:22:52.259,71000,988.369,1.113550132612,987.401,19.906,2587.501
2026-05-19 15:22:52.259,71250,979.0,0.0,979.0,0.0,2611.351
2026-05-19 15:22:52.260,71500,979.0,0.0,979.0,0.0,2611.351
2026-05-19 15:22:52.363,71750,1083.466,-3.368127183258,1081.595,-63.655,2359.568
2026-05-19 15:22:52.364,72000,979.0,0.0,979.0,0.0,2359.568
2026-05-19 15:22:52.364,72250,1037.334,6.023390614508,1031.607,108.852,2226.878
2026-05-19 15:22:52.480,72500,1037.334,6.023390614508,1031.607,108.852,2226.878
2026-05-19 15:22:52.480,72750,1037.334,6.023390614508,1031.607,108.852,2226.878
2026-05-19 15:22:52.481,73000,979.0,0.0,979.0,0.0,2226.878
2026-05-19 15:22:52.481,73250,979.0,0.0,979.0,0.0,2226.878
2026-05-19 15:22:52.595,73500,979.0,0.0,979.0,0.0,2226.878
2026-05-19 15:22:52.595,73750,979.0,0.0,979.0,0.0,2226.878
2026-05-19 15:22:52.596,74000,979.0,0.0,979.0,0.0,2226.878
2026-05-19 15:22:52.596,74250,979.0,0.0,979.0,0.0,2226.878
2026-05-19 15:22:52.597,74500,979.0,0.0,979.0,0.0,2226.878
2026-05-19 15:22:52.713,74750,979.0,0.0,979.0,0.0,2226.878
2026-05-19 15:22:52.713,75000,979.0,0.0,979.0,0.0,2226.878
2026-05-19 15:22:52.714,75250,979.0,0.0,979.0,0.0,2226.878
2026-05-19 15:22:52.714,75500,979.0,0.0,979.0,0.0,2226.878
2026-05-19 15:22:52.830,75750,979.0,0.0,979.0,0.0,2226.878
2026-05-19 15:22:52.830,76000,979.0,0.0,979.0,0.0,2226.878
2026-05-19 15:22:52.831,76250,979.0,0.0,979.0,0.0,2226.878
2026-05-19 15:22:52.831,76500,979.0,0.0,979.0,0.0,2226.878
2026-05-19 15:22:52.831,76750,979.0,0.0,979.0,0.0,2226.878
2026-05-19 15:22:52.946,77000,979.0,0.0,979.0,0.0,2226.878
2026-05-19 15:22:52.947,77250,979.0,0.0,979.0,0.0,2226.878
2026-05-19 15:22:52.947,77500,1091.767,-3.235425986683,1090.027,-61.618,1996.867
2026-05-19 15:22:52.948,77750,979.0,0.0,979.0,0.0,1996.867
2026-05-19 15:22:52.948,78000,979.0,0.0,979.0,0.0,1996.867
2026-05-19 15:22:53.064,78250,979.0,0.0,979.0,0.0,1996.867
2026-05-19 15:22:53.064,78500,979.0,0.0,979.0,0.0,1996.867
2026-05-19 15:22:53.065,78750,979.0,0.0,979.0,0.0,1996.867
2026-05-19 15:22:53.065,79000,979.0,0.0,979.0,0.0,1996.867
2026-05-19 15:22:53.065,79250,979.0,0.0,979.0,0.0,1996.867
2026-05-19 15:22:53.179,79500,979.0,0.0,979.0,0.0,1996.867
2026-05-19 15:22:53.180,79750,979.0,0.0,979.0,0.0,1996.867
2026-05-19 15:22:53.180,80000,979.0,0.0,979.0,0.0,1996.867
2026-05-19 15:22:53.181,80250,979.0,0.0,979.0,0.0,1996.867
2026-05-19 15:22:53.181,80500,979.0,0.0,979.0,0.0,1996.867
2026-05-19 15:22:53.294,80750,979.0,0.0,979.0,0.0,1996.867
2026-05-19 15:22:53.294,81000,979.0,0.0,979.0,0.0,1996.867
2026-05-19 15:22:53.295,81250,979.0,0.0,979.0,0.0,1996.867
2026-05-19 15:22:53.295,81500,979.0,0.0,979.0,0.0,1996.867
2026-05-19 15:22:53.296,81750,1024.22,5.340639762733,1018.603,96.305,1909.667
2026-05-19 15:22:53.398,82000,979.0,0.0,979.0,0.0,1887.867
2026-05-19 15:22:53.399,82250,979.0,0.0,979.0,0.0,1887.867
2026-05-19 15:22:53.399,82500,979.0,0.0,979.0,0.0,1887.867
2026-05-19 15:22:53.400,82750,979.0,0.0,979.0,0.0,1887.867
2026-05-19 15:22:53.400,83000,1058.794,-1.944027388614,1057.727,-37.709,1752.397
2026-05-19 15:22:53.514,83250,979.0,0.0,979.0,0.0,1662.085
2026-05-19 15:22:53.515,83500,979.0,0.0,979.0,0.0,1662.085
2026-05-19 15:22:53.515,83750,979.0,0.0,979.0,0.0,1662.085
2026-05-19 15:22:53.516,84000,979.0,0.0,979.0,0.0,1662.085
2026-05-19 15:22:53.516,84250,979.0,0.0,979.0,0.0,1662.085
2026-05-19 15:22:53.629,84500,979.0,0.0,979.0,0.0,1662.085
2026-05-19 15:22:53.630,84750,979.0,0.0,979.0,0.0,1662.085
2026-05-19 15:22:53.630,85000,979.0,0.0,979.0,0.0,1662.085
2026-05-19 15:22:53.631,85250,979.0,0.0,979.0,0.0,1662.085
2026-05-19 15:22:53.631,85500,979.0,0.0,979.0,0.0,1662.085
2026-05-19 15:22:53.745,85750,979.0,0.0,979.0,0.0,1662.085
2026-05-19 15:22:53.745,86000,979.0,0.0,979.0,0.0,1662.085
2026-05-19 15:22:53.746,86250,979.0,0.0,979.0,0.0,1662.085
2026-05-19 15:22:53.746,86500,979.0,0.0,979.0,0.0,1662.085
2026-05-19 15:22:53.747,86750,979.0,0.0,979.0,0.0,1662.085
2026-05-19 15:22:53.848,87000,979.0,0.0,979.0,0.0,1662.085
2026-05-19 15:22:53.848,87250,979.0,0.0,979.0,0.0,1662.085
2026-05-19 15:22:53.849,87500,979.0,0.0,979.0,0.0,1662.085
2026-05-19 15:22:53.849,87750,979.0,0.0,979.0,0.0,1662.085
2026-05-19 15:22:53.962,88000,979.0,0.0,979.0,0.0,1662.085
2026-05-19 15:22:53.963,88250,979.0,0.0,979.0,0.0,1662.085
2026-05-19 15:22:53.964,88500,979.0,0.0,979.0,0.0,1662.085
2026-05-19 15:22:53.964,88750,979.0,0.0,979.0,0.0,1662.085
2026-05-19 15:22:53.965,89000,1132.869,-4.398502875142,1129.533,-86.883,1436.336
2026-05-19 15:22:54.079,89250,979.0,0.0,979.0,0.0,1436.336
2026-05-19 15:22:54.080,89500,979.0,0.0,979.0,0.0,1436.336
2026-05-19 15:22:54.081,89750,979.0,0.0,979.0,0.0,1436.336
2026-05-19 15:22:54.081,90000,979.0,0.0,979.0,0.0,1436.336
2026-05-19 15:22:54.082,90250,979.0,0.0,979.0,0.0,1436.336
2026-05-19 15:22:54.082,90500,979.0,0.0,979.0,0.0,1324.598
2026-05-19 15:22:54.196,90750,979.0,0.0,979.0,0.0,1324.598
2026-05-19 15:22:54.196,91000,979.0,0.0,979.0,0.0,1324.598
2026-05-19 15:22:54.197,91250,979.0,0.0,979.0,0.0,1324.598
2026-05-19 15:22:54.198,91500,979.0,0.0,979.0,0.0,1324.598
2026-05-19 15:22:54.198,91750,979.0,0.0,979.0,0.0,1324.598
2026-05-19 15:22:54.313,92000,979.0,0.0,979.0,0.0,1324.598
2026-05-19 15:22:54.314,92250,979.0,0.0,979.0,0.0,1324.598
2026-05-19 15:22:54.315,92500,979.0,0.0,979.0,0.0,1324.598
2026-05-19 15:22:54.315,92750,979.0,0.0,979.0,0.0,1324.598
2026-05-19 15:22:54.315,93000,979.0,0.0,979.0,0.0,1324.598
2026-05-19 15:22:54.430,93250,979.0,0.0,979.0,0.0,1324.598
2026-05-19 15:22:54.430,93500,979.0,0.0,979.0,0.0,1324.598
2026-05-19 15:22:54.431,93750,979.0,0.0,979.0,0.0,1324.598
2026-05-19 15:22:54.431,94000,979.0,0.0,979.0,0.0,1324.598
2026-05-19 15:22:54.432,94250,979.0,0.0,979.0,0.0,1324.598
2026-05-19 15:22:54.546,94500,979.0,0.0,979.0,0.0,1324.598
2026-05-19 15:22:54.546,94750,979.0,0.0,979.0,0.0,1324.598
2026-05-19 15:22:54.547,95000,979.0,0.0,979.0,0.0,1324.598
2026-05-19 15:22:54.547,95250,1164.897,-4.049934853072,1161.117,-85.514,1121.326
2026-05-19 15:22:54.548,95500,979.0,0.0,979.0,0.0,1070.507
2026-05-19 15:22:54.662,95750,979.0,0.0,979.0,0.0,1070.507
2026-05-19 15:22:54.663,96000,979.0,0.0,979.0,0.0,1070.507
2026-05-19 15:22:54.663,96250,979.0,0.0,979.0,0.0,1070.507
2026-05-19 15:22:54.664,96500,979.0,0.0,979.0,0.0,1070.507
2026-05-19 15:22:54.664,96750,979.0,0.0,979.0,0.0,1070.507
2026-05-19 15:22:54.779,97000,979.0,0.0,979.0,0.0,1070.507
2026-05-19 15:22:54.779,97250,979.0,0.0,979.0,0.0,1070.507
2026-05-19 15:22:54.780,97500,979.0,0.0,979.0,0.0,1070.507
2026-05-19 15:22:54.780,97750,979.0,0.0,979.0,0.0,1070.507
2026-05-19 15:22:54.781,98000,979.0,0.0,979.0,0.0,1070.507
2026-05-19 15:22:54.896,98250,979.0,0.0,979.0,0.0,1070.507
2026-05-19 15:22:54.897,98500,979.0,0.0,979.0,0.0,1070.507
2026-05-19 15:22:54.898,98750,979.0,0.0,979.0,0.0,1070.507
2026-05-19 15:22:54.898,99000,979.0,0.0,979.0,0.0,1070.507
2026-05-19 15:22:54.898,99250,979.0,0.0,979.0,0.0,1070.507
2026-05-19 15:22:55.013,99500,979.0,0.0,979.0,0.0,1070.507
2026-05-19 15:22:55.013,99750,979.0,0.0,979.0,0.0,1070.507
2026-05-19 15:22:55.014,100000,979.0,0.0,979.0,0.0,1070.507
2026-05-19 15:22:55.547,10000,979.0,0.0,979.0,0.0,9286.314
2026-05-19 15:22:55.663,10250,979.0,0.0,979.0,0.0,9286.314
2026-05-19 15:22:55.881,10500,979.0,0.0,979.0,0.0,9286.314
2026-05-19 15:22:55.994,10750,979.0,0.0,979.0,0.0,9354.811
2026-05-19 15:22:56.097,11000,979.0,0.0,979.0,0.0,9354.811
2026-05-19 15:22:56.314,11250,977.454,0.295981633532,977.389,5.017,9120.46
2026-05-19 15:22:56.428,11500,972.816,1.183926534127,972.557,20.068,9163.945
2026-05-19 15:22:56.531,11750,979.0,0.0,979.0,0.0,9178.44
2026-05-19 15:22:56.645,12000,979.0,0.0,979.0,0.0,9178.44
2026-05-19 15:22:56.747,12250,979.0,0.0,979.0,0.0,9178.44
2026-05-19 15:22:56.863,12500,989.1,0.207100526369,989.083,3.63,9165.148
2026-05-19 15:22:57.065,12750,979.0,0.0,979.0,0.0,9025.481
2026-05-19 15:22:57.180,13000,979.0,0.0,979.0,0.0,9025.481
2026-05-19 15:22:57.294,13250,980.848,-0.287603676373,980.786,-4.96,9093.622
2026-05-19 15:22:57.396,13500,979.0,0.0,979.0,0.0,9110.657
2026-05-19 15:22:57.498,13750,979.0,0.0,979.0,0.0,9110.657
2026-05-19 15:22:57.612,14000,979.0,0.0,979.0,0.0,8971.41
2026-05-19 15:22:57.714,14250,979.0,0.0,979.0,0.0,8971.41
2026-05-19 15:22:57.830,14500,979.0,0.0,979.0,0.0,8971.41
2026-05-19 15:22:57.931,14750,983.689,-0.609631936012,983.549,-10.54,9035.867
2026-05-19 15:22:58.046,15000,994.376,0.417832049251,994.35,7.251,8938.448
2026-05-19 15:22:58.148,15250,979.0,0.0,979.0,0.0,8938.448
2026-05-19 15:22:58.262,15500,979.0,0.0,979.0,0.0,8938.448
2026-05-19 15:22:58.364,15750,959.673,-0.586936244334,959.611,-9.781,9007.432
2026-05-19 15:22:58.479,16000,979.0,0.0,979.0,0.0,8828.731
2026-05-19 15:22:58.480,16250,979.0,0.0,979.0,0.0,8828.731
2026-05-19 15:22:58.581,16500,968.933,1.111005784623,968.751,18.787,8920.457
2026-05-19 15:22:58.697,16750,979.0,0.0,979.0,0.0,8704.426
2026-05-19 15:22:58.798,17000,979.0,0.0,979.0,0.0,8704.426
2026-05-19 15:22:58.913,17250,950.489,-0.57534161465,950.39,-9.603,8730.836
2026-05-19 15:22:59.028,17500,989.216,0.359219575803,989.167,6.298,8746.609
2026-05-19 15:22:59.028,17750,979.0,0.0,979.0,0.0,8611.81
2026-05-19 15:22:59.129,18000,979.0,0.0,979.0,0.0,8611.81
2026-05-19 15:22:59.231,18250,989.163,-0.891565544433,988.962,-15.496,8444.046
2026-05-19 15:22:59.344,18500,979.0,0.0,979.0,0.0,8531.103
2026-05-19 15:22:59.448,18750,979.0,0.0,979.0,0.0,8531.103
2026-05-19 15:22:59.449,19000,989.022,0.401355386923,988.96,7.033,8445.951
2026-05-19 15:22:59.564,19250,972.188,0.555144344463,972.075,9.32,8377.127
2026-05-19 15:22:59.665,19500,1003.856,1.08866713338,1003.675,19.073,8255.872
2026-05-19 15:22:59.780,19750,979.0,0.0,979.0,0.0,8255.872
2026-05-19 15:22:59.781,20000,979.0,0.0,979.0,0.0,8255.872
2026-05-19 15:22:59.882,20250,979.0,0.0,979.0,0.0,8255.872
2026-05-19 15:22:59.996,20500,997.775,-1.321511433571,997.51,-23.011,8055.627
2026-05-19 15:22:59.997,20750,979.0,0.0,979.0,0.0,8210.115
2026-05-19 15:23:00.112,21000,975.036,-0.201104571929,975.007,-3.366,8077.158
2026-05-19 15:23:00.214,21250,979.0,0.0,979.0,0.0,8043.919
2026-05-19 15:23:00.329,21500,979.0,0.0,979.0,0.0,8043.919
2026-05-19 15:23:00.330,21750,979.0,0.0,979.0,0.0,7856.622
2026-05-19 15:23:00.445,22000,979.0,0.0,979.0,0.0,8030.595
2026-05-19 15:23:00.446,22250,979.0,0.0,979.0,0.0,8030.595
2026-05-19 15:23:00.547,22500,979.0,0.0,979.0,0.0,7842.522
2026-05-19 15:23:00.663,22750,979.0,0.0,979.0,0.0,7842.522
2026-05-19 15:23:00.663,23000,979.0,0.0,979.0,0.0,7658.862
2026-05-19 15:23:00.779,23250,979.0,0.0,979.0,0.0,7658.862
2026-05-19 15:23:00.881,23500,979.0,0.0,979.0,0.0,7658.862
2026-05-19 15:23:00.881,23750,998.271,-0.99164393443,998.083,-17.36,7535.657
2026-05-19 15:23:00.996,24000,979.0,0.0,979.0,0.0,7683.264
2026-05-19 15:23:00.996,24250,979.0,0.0,979.0,0.0,7515.704
2026-05-19 15:23:01.098,24500,979.0,0.0,979.0,0.0,7515.704
2026-05-19 15:23:01.213,24750,979.0,0.0,979.0,0.0,7515.704
2026-05-19 15:23:01.213,25000,979.0,0.0,979.0,0.0,7360.845
2026-05-19 15:23:01.315,25250,979.0,0.0,979.0,0.0,7360.845
2026-05-19 15:23:01.315,25500,979.0,0.0,979.0,0.0,7206.363
2026-05-19 15:23:01.429,25750,979.0,0.0,979.0,0.0,7206.363
2026-05-19 15:23:01.531,26000,986.083,0.570168157431,985.96,9.918,7155.151
2026-05-19 15:23:01.531,26250,979.0,0.0,979.0,0.0,7078.333
2026-05-19 15:23:01.646,26500,990.951,1.0182977881,990.688,17.751,6993.649
2026-05-19 15:23:01.647,26750,979.0,0.0,979.0,0.0,6937.194
2026-05-19 15:23:01.763,27000,979.0,0.0,979.0,0.0,6937.194
2026-05-19 15:23:01.763,27250,979.0,0.0,979.0,0.0,6804.488
2026-05-19 15:23:01.865,27500,979.0,0.0,979.0,0.0,6804.488
2026-05-19 15:23:01.865,27750,979.0,0.0,979.0,0.0,6804.488
2026-05-19 15:23:01.977,28000,979.0,0.0,979.0,0.0,6670.342
2026-05-19 15:23:01.977,28250,979.0,0.0,979.0,0.0,6670.342
2026-05-19 15:23:02.079,28500,979.0,0.0,979.0,0.0,6557.083
2026-05-19 15:23:02.181,28750,979.0,0.0,979.0,0.0,6557.083
2026-05-19 15:23:02.181,29000,979.0,0.0,979.0,0.0,6557.083
2026-05-19 15:23:02.295,29250,979.0,0.0,979.0,0.0,6439.888
2026-05-19 15:23:02.296,29500,979.0,0.0,979.0,0.0,6439.888
2026-05-19 15:23:02.397,29750,979.0,0.0,979.0,0.0,6329.513
2026-05-19 15:23:02.397,30000,979.0,0.0,979.0,0.0,6329.513
2026-05-19 15:23:02.513,30250,979.0,0.0,979.0,0.0,6329.513
2026-05-19 15:23:02.513,30500,979.0,0.0,979.0,0.0,6231.235
2026-05-19 15:23:02.630,30750,979.0,0.0,979.0,0.0,6231.235
2026-05-19 15:23:02.630,31000,982.145,0.491837955418,981.961,8.536,6211.536
2026-05-19 15:23:02.631,31250,979.0,0.0,979.0,0.0,6132.743
2026-05-19 15:23:02.745,31500,979.0,0.0,979.0,0.0,6132.743
2026-05-19 15:23:02.746,31750,979.0,0.0,979.0,0.0,6055.123
2026-05-19 15:23:02.847,32000,979.0,0.0,979.0,0.0,5819.217
2026-05-19 15:23:02.848,32250,979.0,0.0,979.0,0.0,5819.217
2026-05-19 15:23:02.964,32500,979.0,0.0,979.0,0.0,5745.191
2026-05-19 15:23:02.964,32750,979.0,0.0,979.0,0.0,5745.191
2026-05-19 15:23:03.080,33000,979.0,0.0,979.0,0.0,5745.191
2026-05-19 15:23:03.081,33250,979.0,0.0,979.0,0.0,5682.385
2026-05-19 15:23:03.196,33500,979.0,0.0,979.0,0.0,5682.385
2026-05-19 15:23:03.196,33750,982.61,1.061281999162,982.186,18.294,5661.625
2026-05-19 15:23:03.197,34000,979.0,0.0,979.0,0.0,5630.485
2026-05-19 15:23:03.313,34250,979.0,0.0,979.0,0.0,5379.444
2026-05-19 15:23:03.313,34500,979.0,0.0,979.0,0.0,5339.018
2026-05-19 15:23:03.415,34750,979.0,0.0,979.0,0.0,5339.018
2026-05-19 15:23:03.415,35000,979.0,0.0,979.0,0.0,5339.018
2026-05-19 15:23:03.529,35250,981.993,1.584998270204,981.365,27.211,5322.78
2026-05-19 15:23:03.530,35500,979.0,0.0,979.0,0.0,5311.955
2026-05-19 15:23:03.530,35750,979.0,0.0,979.0,0.0,5069.911
2026-05-19 15:23:03.646,36000,979.0,0.0,979.0,0.0,5069.911
2026-05-19 15:23:03.647,36250,979.0,0.0,979.0,0.0,5053.16
2026-05-19 15:23:03.761,36500,979.0,0.0,979.0,0.0,5053.16
2026-05-19 15:23:03.762,36750,979.0,0.0,979.0,0.0,5052.649
2026-05-19 15:23:03.863,37000,979.0,0.0,979.0,0.0,5052.649
2026-05-19 15:23:03.864,37250,979.0,0.0,979.0,0.0,4801.84
2026-05-19 15:23:03.864,37500,979.0,0.0,979.0,0.0,4801.84
2026-05-19 15:23:03.980,37750,979.0,0.0,979.0,0.0,4819.526
2026-05-19 15:23:03.980,38000,979.0,0.0,979.0,0.0,4819.526
2026-05-19 15:23:03.981,38250,979.0,0.0,979.0,0.0,4819.526
2026-05-19 15:23:04.095,38500,1012.735,0.187277947978,1012.726,3.384,4662.471
2026-05-19 15:23:04.095,38750,979.0,0.0,979.0,0.0,4591.487
2026-05-19 15:23:04.197,39000,979.0,0.0,979.0,0.0,4591.487
2026-05-19 15:23:04.197,39250,979.0,0.0,979.0,0.0,4591.487
2026-05-19 15:23:04.198,39500,979.0,0.0,979.0,0.0,4591.487
2026-05-19 15:23:04.313,39750,979.0,0.0,979.0,0.0,4637.368
2026-05-19 15:23:04.313,40000,979.0,0.0,979.0,0.0,4380.519
2026-05-19 15:23:04.429,40250,979.0,0.0,979.0,0.0,4380.519
2026-05-19 15:23:04.429,40500,979.0,0.0,979.0,0.0,4380.519
2026-05-19 15:23:04.430,40750,979.0,0.0,979.0,0.0,4449.44
2026-05-19 15:23:04.544,41000,979.0,0.0,979.0,0.0,4449.44
2026-05-19 15:23:04.544,41250,979.0,0.0,979.0,0.0,4262.566
2026-05-19 15:23:04.545,41500,979.0,0.0,979.0,0.0,4262.566
2026-05-19 15:23:04.646,41750,960.683,3.218750224387,959.168,53.941,4343.838
2026-05-19 15:23:04.647,42000,979.0,0.0,979.0,0.0,4343.838
2026-05-19 15:23:04.748,42250,979.0,0.0,979.0,0.0,4101.722
2026-05-19 15:23:04.749,42500,979.0,0.0,979.0,0.0,4101.722
2026-05-19 15:23:04.749,42750,979.0,0.0,979.0,0.0,4101.722
2026-05-19 15:23:04.863,43000,979.0,0.0,979.0,0.0,4101.722
2026-05-19 15:23:04.863,43250,979.0,0.0,979.0,0.0,4198.29
2026-05-19 15:23:04.864,43500,1037.747,1.582492995006,1037.351,28.659,3960.624
2026-05-19 15:23:04.965,43750,979.0,0.0,979.0,0.0,3960.624
2026-05-19 15:23:04.966,44000,979.0,0.0,979.0,0.0,3960.624
2026-05-19 15:23:05.080,44250,979.0,0.0,979.0,0.0,3960.624
2026-05-19 15:23:05.081,44500,950.023,3.265287606872,948.481,54.113,4081.427
2026-05-19 15:23:05.081,44750,979.0,0.0,979.0,0.0,3861.35
2026-05-19 15:23:05.197,45000,979.0,0.0,979.0,0.0,3861.35
2026-05-19 15:23:05.198,45250,979.0,0.0,979.0,0.0,3861.35
2026-05-19 15:23:05.198,45500,979.0,0.0,979.0,0.0,3861.35
2026-05-19 15:23:05.199,45750,979.0,0.0,979.0,0.0,3861.35
2026-05-19 15:23:05.311,46000,979.0,0.0,979.0,0.0,3655.855
2026-05-19 15:23:05.312,46250,979.0,0.0,979.0,0.0,3823.201
2026-05-19 15:23:05.312,46500,979.0,0.0,979.0,0.0,3823.201
2026-05-19 15:23:05.413,46750,979.0,0.0,979.0,0.0,3823.201
2026-05-19 15:23:05.414,47000,979.0,0.0,979.0,0.0,3823.201
2026-05-19 15:23:05.530,47250,979.0,0.0,979.0,0.0,3625.638
2026-05-19 15:23:05.530,47500,979.0,0.0,979.0,0.0,3625.638
2026-05-19 15:23:05.531,47750,979.0,0.0,979.0,0.0,3625.638
2026-05-19 15:23:05.647,48000,979.0,0.0,979.0,0.0,3625.638
2026-05-19 15:23:05.648,48250,952.395,1.843429292919,951.589,30.057,3728.843
2026-05-19 15:23:05.648,48500,979.0,0.0,979.0,0.0,3618.973
2026-05-19 15:23:05.761,48750,979.0,0.0,979.0,0.0,3618.973
2026-05-19 15:23:05.762,49000,979.0,0.0,979.0,0.0,3618.973
2026-05-19 15:23:05.763,49250,930.053,-3.100736592919,928.692,-50.308,3618.973
2026-05-19 15:23:05.864,49500,979.0,0.0,979.0,0.0,3438.037
2026-05-19 15:23:05.865,49750,979.0,0.0,979.0,0.0,3438.037
2026-05-19 15:23:05.865,50000,979.0,0.0,979.0,0.0,3438.037
2026-05-19 15:23:05.979,50250,979.0,0.0,979.0,0.0,3438.037
2026-05-19 15:23:05.980,50500,979.0,0.0,979.0,0.0,3438.037
2026-05-19 15:23:05.980,50750,988.45,4.575205083322,984.395,78.582,3407.023
2026-05-19 15:23:05.981,51000,979.0,0.0,979.0,0.0,3448.719
2026-05-19 15:23:06.096,51250,979.0,0.0,979.0,0.0,3448.719
2026-05-19 15:23:06.096,51500,979.0,0.0,979.0,0.0,3448.719
2026-05-19 15:23:06.096,51750,979.0,0.0,979.0,0.0,3448.719
2026-05-19 15:23:06.198,52000,979.0,0.0,979.0,0.0,3448.719
2026-05-19 15:23:06.199,52250,979.0,0.0,979.0,0.0,3304.868
2026-05-19 15:23:06.199,52500,979.0,0.0,979.0,0.0,3304.868
2026-05-19 15:23:06.200,52750,979.0,0.0,979.0,0.0,3304.868
2026-05-19 15:23:06.313,53000,979.0,0.0,979.0,0.0,3304.868
2026-05-19 15:23:06.313,53250,979.0,0.0,979.0,0.0,3304.868
2026-05-19 15:23:06.314,53500,979.0,0.0,979.0,0.0,3304.868
2026-05-19 15:23:06.429,53750,979.0,0.0,979.0,0.0,3181.295
2026-05-19 15:23:06.430,54000,979.0,0.0,979.0,0.0,3181.295
2026-05-19 15:23:06.431,54250,979.0,0.0,979.0,0.0,3181.295
2026-05-19 15:23:06.431,54500,979.0,0.0,979.0,0.0,3181.295
2026-05-19 15:23:06.544,54750,979.0,0.0,979.0,0.0,3181.295
2026-05-19 15:23:06.545,55000,979.0,0.0,979.0,0.0,3181.295
2026-05-19 15:23:06.545,55250,979.0,0.0,979.0,0.0,3181.295
2026-05-19 15:23:06.646,55500,979.0,0.0,979.0,0.0,3069.393
2026-05-19 15:23:06.647,55750,979.0,0.0,979.0,0.0,3069.393
2026-05-19 15:23:06.647,56000,979.0,0.0,979.0,0.0,3069.393
2026-05-19 15:23:06.763,56250,979.0,0.0,979.0,0.0,3069.393
2026-05-19 15:23:06.763,56500,979.0,0.0,979.0,0.0,3069.393
2026-05-19 15:23:06.764,56750,979.0,0.0,979.0,0.0,3069.393
2026-05-19 15:23:06.764,57000,979.0,0.0,979.0,0.0,3069.393
2026-05-19 15:23:06.879,57250,979.0,0.0,979.0,0.0,3069.393
2026-05-19 15:23:06.880,57500,979.0,0.0,979.0,0.0,3069.393
2026-05-19 15:23:06.880,57750,985.648,0.971603463493,984.921,17.145,3049.235
2026-05-19 15:23:06.981,58000,982.152,5.443602332949,977.691,92.706,3063.921
2026-05-19 15:23:06.982,58250,906.252,1.463962538707,905.957,23.153,3206.9
2026-05-19 15:23:06.982,58500,979.0,0.0,979.0,0.0,3206.9
2026-05-19 15:23:07.096,58750,999.799,4.369904778779,996.892,76.18,3140.187
2026-05-19 15:23:07.097,59000,999.799,4.369904778779,996.892,76.18,3140.187
2026-05-19 15:23:07.097,59250,979.0,0.0,979.0,0.0,3140.187
2026-05-19 15:23:07.098,59500,958.634,-4.369904778779,955.847,-73.043,3206.9
2026-05-19 15:23:07.213,59750,1035.586,-5.833867317486,1030.223,-105.261,2968.602
2026-05-19 15:23:07.213,60000,979.0,0.0,979.0,0.0,2968.602
2026-05-19 15:23:07.214,60250,979.0,0.0,979.0,0.0,2968.602
2026-05-19 15:23:07.214,60500,979.0,0.0,979.0,0.0,2968.602
2026-05-19 15:23:07.329,60750,979.0,0.0,979.0,0.0,2968.602
2026-05-19 15:23:07.330,61000,979.0,0.0,979.0,0.0,2968.602
2026-05-19 15:23:07.330,61250,979.0,0.0,979.0,0.0,2968.602
2026-05-19 15:23:07.330,61500,979.0,0.0,979.0,0.0,2968.602
2026-05-19 15:23:07.432,61750,979.0,0.0,979.0,0.0,2968.602
2026-05-19 15:23:07.432,62000,979.0,0.0,979.0,0.0,2968.602
2026-05-19 15:23:07.433,62250,979.0,0.0,979.0,0.0,2968.602
2026-05-19 15:23:07.433,62500,979.0,0.0,979.0,0.0,2968.602
2026-05-19 15:23:07.545,62750,979.0,0.0,979.0,0.0,2968.602
2026-05-19 15:23:07.545,63000,979.0,0.0,979.0,0.0,2968.602
2026-05-19 15:23:07.546,63250,1062.106,-1.688447386204,1061.645,-31.295,2736.319
2026-05-19 15:23:07.546,63500,979.0,0.0,979.0,0.0,2736.319
2026-05-19 15:23:07.663,63750,979.0,0.0,979.0,0.0,2736.319
2026-05-19 15:23:07.664,64000,979.0,0.0,979.0,0.0,2736.319
2026-05-19 15:23:07.664,64250,979.0,0.0,979.0,0.0,2736.319
2026-05-19 15:23:07.665,64500,979.0,0.0,979.0,0.0,2736.319
2026-05-19 15:23:07.781,64750,979.0,0.0,979.0,0.0,2736.319
2026-05-19 15:23:07.782,65000,979.0,0.0,979.0,0.0,2736.319
2026-05-19 15:23:07.783,65250,979.0,0.0,979.0,0.0,2736.319
2026-05-19 15:23:07.783,65500,979.0,0.0,979.0,0.0,2736.319
2026-05-19 15:23:07.896,65750,971.497,-1.037161247915,970.726,-17.019,2758.125
2026-05-19 15:23:07.897,66000,979.0,0.0,979.0,0.0,2736.319
2026-05-19 15:23:07.897,66250,971.497,-1.037161247915,970.726,-17.019,2758.125
2026-05-19 15:23:07.898,66500,979.0,0.0,979.0,0.0,2736.319
2026-05-19 15:23:08.013,66750,979.0,0.0,979.0,0.0,2736.319
2026-05-19 15:23:08.013,67000,1036.563,-1.285055378071,1036.112,-24.104,2589.789
2026-05-19 15:23:08.014,67250,979.0,0.0,979.0,0.0,2492.103
2026-05-19 15:23:08.014,67500,979.0,0.0,979.0,0.0,2492.103
2026-05-19 15:23:08.129,67750,979.0,0.0,979.0,0.0,2492.103
2026-05-19 15:23:08.129,68000,979.0,0.0,979.0,0.0,2492.103
2026-05-19 15:23:08.130,68250,979.0,0.0,979.0,0.0,2492.103
2026-05-19 15:23:08.130,68500,952.176,-3.340650397835,949.532,-54.389,2563.652
2026-05-19 15:23:08.246,68750,943.235,-4.454200530447,939.709,-72.518,2587.501
2026-05-19 15:23:08.247,69000,979.0,0.0,979.0,0.0,2611.351
2026-05-19 15:23:08.247,69250,979.0,0.0,979.0,0.0,2611.351
2026-05-19 15:23:08.248,69500,979.0,0.0,979.0,0.0,2611.351
2026-05-19 15:23:08.248,69750,979.0,0.0,979.0,0.0,2611.351
2026-05-19 15:23:08.364,70000,979.0,0.0,979.0,0.0,2611.351
2026-05-19 15:23:08.364,70250,988.369,1.113550132612,987.401,19.906,2587.501
2026-05-19 15:23:08.365,70500,979.0,0.0,979.0,0.0,2611.351
2026-05-19 15:23:08.365,70750,979.0,0.0,979.0,0.0,2611.351
2026-05-19 15:23:08.479,71000,988.369,1.113550132612,987.401,19.906,2587.501
2026-05-19 15:23:08.480,71250,979.0,0.0,979.0,0.0,2611.351
2026-05-19 15:23:08.480,71500,979.0,0.0,979.0,0.0,2611.351
2026-05-19 15:23:08.481,71750,1083.466,-3.368127183258,1081.595,-63.655,2359.568
2026-05-19 15:23:08.595,72000,979.0,0.0,979.0,0.0,2359.568
2026-05-19 15:23:08.596,72250,1037.334,6.023390614508,1031.607,108.852,2226.878
2026-05-19 15:23:08.597,72500,1037.334,6.023390614508,1031.607,108.852,2226.878
2026-05-19 15:23:08.597,72750,1037.334,6.023390614508,1031.607,108.852,2226.878
2026-05-19 15:23:08.712,73000,979.0,0.0,979.0,0.0,2226.878
2026-05-19 15:23:08.713,73250,979.0,0.0,979.0,0.0,2226.878
2026-05-19 15:23:08.714,73500,979.0,0.0,979.0,0.0,2226.878
2026-05-19 15:23:08.714,73750,979.0,0.0,979.0,0.0,2226.878
2026-05-19 15:23:08.815,74000,979.0,0.0,979.0,0.0,2226.878
2026-05-19 15:23:08.816,74250,979.0,0.0,979.0,0.0,2226.878
2026-05-19 15:23:08.816,74500,979.0,0.0,979.0,0.0,2226.878
2026-05-19 15:23:08.817,74750,979.0,0.0,979.0,0.0,2226.878
2026-05-19 15:23:08.925,75000,979.0,0.0,979.0,0.0,2226.878
2026-05-19 15:23:08.926,75250,979.0,0.0,979.0,0.0,2226.878
2026-05-19 15:23:08.926,75500,979.0,0.0,979.0,0.0,2226.878
2026-05-19 15:23:08.927,75750,979.0,0.0,979.0,0.0,2226.878
2026-05-19 15:23:09.029,76000,979.0,0.0,979.0,0.0,2226.878
2026-05-19 15:23:09.030,76250,979.0,0.0,979.0,0.0,2226.878
2026-05-19 15:23:09.030,76500,979.0,0.0,979.0,0.0,2226.878
2026-05-19 15:23:09.031,76750,979.0,0.0,979.0,0.0,2226.878
2026-05-19 15:23:09.031,77000,979.0,0.0,979.0,0.0,2226.878
2026-05-19 15:23:09.147,77250,979.0,0.0,979.0,0.0,2226.878
2026-05-19 15:23:09.147,77500,1091.767,-3.235425986683,1090.027,-61.618,1996.867
2026-05-19 15:23:09.148,77750,979.0,0.0,979.0,0.0,1996.867
2026-05-19 15:23:09.148,78000,979.0,0.0,979.0,0.0,1996.867
2026-05-19 15:23:09.149,78250,979.0,0.0,979.0,0.0,1996.867
2026-05-19 15:23:09.261,78500,979.0,0.0,979.0,0.0,1996.867
2026-05-19 15:23:09.262,78750,979.0,0.0,979.0,0.0,1996.867
2026-05-19 15:23:09.263,79000,979.0,0.0,979.0,0.0,1996.867
2026-05-19 15:23:09.263,79250,979.0,0.0,979.0,0.0,1996.867
2026-05-19 15:23:09.263,79500,979.0,0.0,979.0,0.0,1996.867
2026-05-19 15:23:09.378,79750,979.0,0.0,979.0,0.0,1996.867
2026-05-19 15:23:09.379,80000,979.0,0.0,979.0,0.0,1996.867
2026-05-19 15:23:09.380,80250,979.0,0.0,979.0,0.0,1996.867
2026-05-19 15:23:09.380,80500,979.0,0.0,979.0,0.0,1996.867
2026-05-19 15:23:09.381,80750,979.0,0.0,979.0,0.0,1996.867
2026-05-19 15:23:09.482,81000,979.0,0.0,979.0,0.0,1996.867
2026-05-19 15:23:09.482,81250,979.0,0.0,979.0,0.0,1996.867
2026-05-19 15:23:09.483,81500,979.0,0.0,979.0,0.0,1996.867
2026-05-19 15:23:09.483,81750,1024.22,5.340639762733,1018.603,96.305,1909.667
2026-05-19 15:23:09.484,82000,979.0,0.0,979.0,0.0,1887.867
2026-05-19 15:23:09.597,82250,979.0,0.0,979.0,0.0,1887.867
2026-05-19 15:23:09.597,82500,979.0,0.0,979.0,0.0,1887.867
2026-05-19 15:23:09.598,82750,979.0,0.0,979.0,0.0,1887.867
2026-05-19 15:23:09.598,83000,1032.196,-1.296018259076,1031.485,-25.14,1797.554
2026-05-19 15:23:09.599,83250,979.0,0.0,979.0,0.0,1662.085
2026-05-19 15:23:09.712,83500,979.0,0.0,979.0,0.0,1662.085
2026-05-19 15:23:09.713,83750,979.0,0.0,979.0,0.0,1662.085
2026-05-19 15:23:09.713,84000,979.0,0.0,979.0,0.0,1662.085
2026-05-19 15:23:09.714,84250,979.0,0.0,979.0,0.0,1662.085
2026-05-19 15:23:09.714,84500,979.0,0.0,979.0,0.0,1662.085
2026-05-19 15:23:09.830,84750,979.0,0.0,979.0,0.0,1662.085
2026-05-19 15:23:09.831,85000,979.0,0.0,979.0,0.0,1662.085
2026-05-19 15:23:09.831,85250,979.0,0.0,979.0,0.0,1662.085
2026-05-19 15:23:09.832,85500,979.0,0.0,979.0,0.0,1662.085
2026-05-19 15:23:09.832,85750,979.0,0.0,979.0,0.0,1662.085
2026-05-19 15:23:09.948,86000,979.0,0.0,979.0,0.0,1662.085
2026-05-19 15:23:09.948,86250,979.0,0.0,979.0,0.0,1662.085
2026-05-19 15:23:09.949,86500,979.0,0.0,979.0,0.0,1662.085
2026-05-19 15:23:09.949,86750,979.0,0.0,979.0,0.0,1662.085
2026-05-19 15:23:09.950,87000,979.0,0.0,979.0,0.0,1662.085
2026-05-19 15:23:10.063,87250,979.0,0.0,979.0,0.0,1662.085
2026-05-19 15:23:10.063,87500,979.0,0.0,979.0,0.0,1662.085
2026-05-19 15:23:10.064,87750,979.0,0.0,979.0,0.0,1662.085
2026-05-19 15:23:10.064,88000,979.0,0.0,979.0,0.0,1662.085
2026-05-19 15:23:10.065,88250,979.0,0.0,979.0,0.0,1662.085
2026-05-19 15:23:10.178,88500,979.0,0.0,979.0,0.0,1662.085
2026-05-19 15:23:10.179,88750,979.0,0.0,979.0,0.0,1662.085
2026-05-19 15:23:10.179,89000,1132.869,-4.398502875142,1129.533,-86.883,1436.336
2026-05-19 15:23:10.179,89250,979.0,0.0,979.0,0.0,1436.336
2026-05-19 15:23:10.180,89500,979.0,0.0,979.0,0.0,1436.336
2026-05-19 15:23:10.293,89750,979.0,0.0,979.0,0.0,1436.336
2026-05-19 15:23:10.293,90000,979.0,0.0,979.0,0.0,1436.336
2026-05-19 15:23:10.294,90250,979.0,0.0,979.0,0.0,1436.336
2026-05-19 15:23:10.294,90500,979.0,0.0,979.0,0.0,1324.598
2026-05-19 15:23:10.294,90750,979.0,0.0,979.0,0.0,1324.598
2026-05-19 15:23:10.413,91000,979.0,0.0,979.0,0.0,1324.598
2026-05-19 15:23:10.414,91250,979.0,0.0,979.0,0.0,1324.598
2026-05-19 15:23:10.414,91500,979.0,0.0,979.0,0.0,1324.598
2026-05-19 15:23:10.415,91750,979.0,0.0,979.0,0.0,1324.598
2026-05-19 15:23:10.415,92000,979.0,0.0,979.0,0.0,1324.598
2026-05-19 15:23:10.529,92250,979.0,0.0,979.0,0.0,1324.598
2026-05-19 15:23:10.529,92500,979.0,0.0,979.0,0.0,1324.598
2026-05-19 15:23:10.529,92750,979.0,0.0,979.0,0.0,1324.598
2026-05-19 15:23:10.530,93000,979.0,0.0,979.0,0.0,1324.598
2026-05-19 15:23:10.530,93250,979.0,0.0,979.0,0.0,1324.598
2026-05-19 15:23:10.646,93500,979.0,0.0,979.0,0.0,1324.598
2026-05-19 15:23:10.646,93750,979.0,0.0,979.0,0.0,1324.598
2026-05-19 15:23:10.647,94000,979.0,0.0,979.0,0.0,1324.598
2026-05-19 15:23:10.647,94250,979.0,0.0,979.0,0.0,1324.598
2026-05-19 15:23:10.648,94500,979.0,0.0,979.0,0.0,1324.598
2026-05-19 15:23:10.762,94750,979.0,0.0,979.0,0.0,1324.598
2026-05-19 15:23:10.763,95000,979.0,0.0,979.0,0.0,1324.598
2026-05-19 15:23:10.763,95250,1164.897,-4.049934853072,1161.117,-85.514,1121.326
2026-05-19 15:23:10.764,95500,979.0,0.0,979.0,0.0,1070.507
2026-05-19 15:23:10.764,95750,979.0,0.0,979.0,0.0,1070.507
2026-05-19 15:23:10.878,96000,979.0,0.0,979.0,0.0,1070.507
2026-05-19 15:23:10.879,96250,979.0,0.0,979.0,0.0,1070.507
2026-05-19 15:23:10.879,96500,979.0,0.0,979.0,0.0,1070.507
2026-05-19 15:23:10.879,96750,979.0,0.0,979.0,0.0,1070.507
2026-05-19 15:23:10.880,97000,979.0,0.0,979.0,0.0,1070.507
2026-05-19 15:23:10.981,97250,979.0,0.0,979.0,0.0,1070.507
2026-05-19 15:23:10.981,97500,979.0,0.0,979.0,0.0,1070.507
2026-05-19 15:23:10.982,97750,979.0,0.0,979.0,0.0,1070.507
2026-05-19 15:23:10.982,98000,979.0,0.0,979.0,0.0,1070.507
2026-05-19 15:23:10.983,98250,979.0,0.0,979.0,0.0,1070.507
2026-05-19 15:23:11.096,98500,979.0,0.0,979.0,0.0,1070.507
2026-05-19 15:23:11.097,98750,979.0,0.0,979.0,0.0,1070.507
2026-05-19 15:23:11.097,99000,979.0,0.0,979.0,0.0,1070.507
2026-05-19 15:23:11.098,99250,979.0,0.0,979.0,0.0,1070.507
2026-05-19 15:23:11.098,99500,979.0,0.0,979.0,0.0,1070.507
2026-05-19 15:23:11.213,99750,979.0,0.0,979.0,0.0,1070.507
2026-05-19 15:23:11.213,100000,979.0,0.0,979.0,0.0,1070.507
2026-05-19 15:23:11.747,10000,979.0,0.0,979.0,0.0,9286.314
2026-05-19 15:23:11.863,10250,979.0,0.0,979.0,0.0,9286.314
2026-05-19 15:23:12.078,10500,979.0,0.0,979.0,0.0,9286.314
2026-05-19 15:23:12.181,10750,980.444,-0.312197729229,980.371,-5.373,9341.111
2026-05-19 15:23:12.293,11000,979.0,0.0,979.0,0.0,9354.811
2026-05-19 15:23:12.497,11250,977.454,0.295981633532,977.389,5.017,9120.46
2026-05-19 15:23:12.612,11500,974.362,0.887944900595,974.167,15.051,9149.45
2026-05-19 15:23:12.714,11750,979.0,0.0,979.0,0.0,9178.44
2026-05-19 15:23:12.829,12000,979.0,0.0,979.0,0.0,9178.44
2026-05-19 15:23:12.931,12250,979.0,0.0,979.0,0.0,9178.44
2026-05-19 15:23:13.047,12500,989.1,0.207100526369,989.083,3.63,9165.148
2026-05-19 15:23:13.250,12750,979.0,0.0,979.0,0.0,9025.481
2026-05-19 15:23:13.363,13000,979.0,0.0,979.0,0.0,9025.481
2026-05-19 15:23:13.476,13250,980.848,-0.287603676373,980.786,-4.96,9093.622
2026-05-19 15:23:13.579,13500,979.0,0.0,979.0,0.0,9110.657
2026-05-19 15:23:13.681,13750,979.0,0.0,979.0,0.0,9110.657
2026-05-19 15:23:13.797,14000,979.0,0.0,979.0,0.0,8971.41
2026-05-19 15:23:13.913,14250,979.0,0.0,979.0,0.0,8971.41
2026-05-19 15:23:14.014,14500,979.0,0.0,979.0,0.0,8971.41
2026-05-19 15:23:14.129,14750,981.345,-0.304815968006,981.275,-5.27,9057.352
2026-05-19 15:23:14.231,15000,994.376,0.417832049251,994.35,7.251,8938.448
2026-05-19 15:23:14.346,15250,979.0,0.0,979.0,0.0,8938.448
2026-05-19 15:23:14.447,15500,979.0,0.0,979.0,0.0,8938.448
2026-05-19 15:23:14.562,15750,959.673,-0.586936244334,959.611,-9.781,9007.432
2026-05-19 15:23:14.563,16000,979.0,0.0,979.0,0.0,8828.731
2026-05-19 15:23:14.678,16250,983.965,0.151803364,983.947,2.66,8785.065
2026-05-19 15:23:14.779,16500,968.933,1.111005784623,968.751,18.787,8920.457
2026-05-19 15:23:14.881,16750,979.0,0.0,979.0,0.0,8704.426
2026-05-19 15:23:14.996,17000,979.0,0.0,979.0,0.0,8704.426
2026-05-19 15:23:15.098,17250,947.64,-0.278150240412,947.552,-4.689,8757.246
2026-05-19 15:23:15.214,17500,989.216,0.359219575803,989.167,6.298,8746.609
2026-05-19 15:23:15.214,17750,979.0,0.0,979.0,0.0,8611.81
2026-05-19 15:23:15.330,18000,979.0,0.0,979.0,0.0,8611.81
2026-05-19 15:23:15.432,18250,989.163,-0.891565544433,988.962,-15.496,8444.046
2026-05-19 15:23:15.546,18500,979.0,0.0,979.0,0.0,8531.103
2026-05-19 15:23:15.547,18750,979.0,0.0,979.0,0.0,8531.103
2026-05-19 15:23:15.663,19000,989.022,0.401355386923,988.96,7.033,8445.951
2026-05-19 15:23:15.777,19250,972.188,0.555144344463,972.075,9.32,8377.127
2026-05-19 15:23:15.879,19500,1003.856,1.08866713338,1003.675,19.073,8255.872
2026-05-19 15:23:15.880,19750,979.0,0.0,979.0,0.0,8255.872
2026-05-19 15:23:15.981,20000,979.0,0.0,979.0,0.0,8255.872
2026-05-19 15:23:16.097,20250,979.0,0.0,979.0,0.0,8255.872
2026-05-19 15:23:16.098,20500,997.775,-1.321511433571,997.51,-23.011,8055.627
2026-05-19 15:23:16.213,20750,979.0,0.0,979.0,0.0,8210.115
2026-05-19 15:23:16.315,21000,975.036,-0.201104571929,975.007,-3.366,8077.158
2026-05-19 15:23:16.429,21250,979.0,0.0,979.0,0.0,8043.919
2026-05-19 15:23:16.430,21500,979.0,0.0,979.0,0.0,8043.919
2026-05-19 15:23:16.531,21750,979.0,0.0,979.0,0.0,7856.622
2026-05-19 15:23:16.645,22000,979.0,0.0,979.0,0.0,8030.595
2026-05-19 15:23:16.646,22250,979.0,0.0,979.0,0.0,8030.595
2026-05-19 15:23:16.747,22500,979.0,0.0,979.0,0.0,7842.522
2026-05-19 15:23:16.862,22750,979.0,0.0,979.0,0.0,7842.522
2026-05-19 15:23:16.863,23000,979.0,0.0,979.0,0.0,7658.862
2026-05-19 15:23:16.979,23250,979.0,0.0,979.0,0.0,7658.862
2026-05-19 15:23:16.980,23500,979.0,0.0,979.0,0.0,7658.862
2026-05-19 15:23:17.081,23750,998.271,-0.99164393443,998.083,-17.36,7535.657
2026-05-19 15:23:17.196,24000,979.0,0.0,979.0,0.0,7683.264
2026-05-19 15:23:17.196,24250,979.0,0.0,979.0,0.0,7515.704
2026-05-19 15:23:17.298,24500,979.0,0.0,979.0,0.0,7515.704
2026-05-19 15:23:17.298,24750,979.0,0.0,979.0,0.0,7515.704
2026-05-19 15:23:17.413,25000,979.0,0.0,979.0,0.0,7360.845
2026-05-19 15:23:17.514,25250,979.0,0.0,979.0,0.0,7360.845
2026-05-19 15:23:17.515,25500,979.0,0.0,979.0,0.0,7206.363
2026-05-19 15:23:17.630,25750,979.0,0.0,979.0,0.0,7206.363
2026-05-19 15:23:17.630,26000,989.625,0.855252236147,989.44,14.876,7129.545
2026-05-19 15:23:17.745,26250,979.0,0.0,979.0,0.0,7078.333
2026-05-19 15:23:17.745,26500,990.951,1.0182977881,990.688,17.751,6993.649
2026-05-19 15:23:17.848,26750,979.0,0.0,979.0,0.0,6937.194
2026-05-19 15:23:17.964,27000,979.0,0.0,979.0,0.0,6937.194
2026-05-19 15:23:17.965,27250,979.0,0.0,979.0,0.0,6804.488
2026-05-19 15:23:18.080,27500,979.0,0.0,979.0,0.0,6804.488
2026-05-19 15:23:18.081,27750,979.0,0.0,979.0,0.0,6804.488
2026-05-19 15:23:18.195,28000,979.0,0.0,979.0,0.0,6670.342
2026-05-19 15:23:18.195,28250,979.0,0.0,979.0,0.0,6670.342
2026-05-19 15:23:18.297,28500,979.0,0.0,979.0,0.0,6557.083
2026-05-19 15:23:18.298,28750,979.0,0.0,979.0,0.0,6557.083
2026-05-19 15:23:18.412,29000,979.0,0.0,979.0,0.0,6557.083
2026-05-19 15:23:18.413,29250,979.0,0.0,979.0,0.0,6439.888
2026-05-19 15:23:18.515,29500,979.0,0.0,979.0,0.0,6439.888
2026-05-19 15:23:18.515,29750,979.0,0.0,979.0,0.0,6329.513
2026-05-19 15:23:18.629,30000,979.0,0.0,979.0,0.0,6329.513
2026-05-19 15:23:18.630,30250,979.0,0.0,979.0,0.0,6329.513
2026-05-19 15:23:18.731,30500,979.0,0.0,979.0,0.0,6231.235
2026-05-19 15:23:18.731,30750,979.0,0.0,979.0,0.0,6231.235
2026-05-19 15:23:18.846,31000,982.145,0.491837955418,981.961,8.536,6211.536
2026-05-19 15:23:18.846,31250,979.0,0.0,979.0,0.0,6132.743
2026-05-19 15:23:18.948,31500,979.0,0.0,979.0,0.0,6132.743
2026-05-19 15:23:18.948,31750,979.0,0.0,979.0,0.0,6055.123
2026-05-19 15:23:19.062,32000,979.0,0.0,979.0,0.0,5819.217
2026-05-19 15:23:19.063,32250,979.0,0.0,979.0,0.0,5819.217
2026-05-19 15:23:19.164,32500,979.0,0.0,979.0,0.0,5745.191
2026-05-19 15:23:19.165,32750,979.0,0.0,979.0,0.0,5745.191
2026-05-19 15:23:19.278,33000,979.0,0.0,979.0,0.0,5745.191
2026-05-19 15:23:19.279,33250,979.0,0.0,979.0,0.0,5682.385
2026-05-19 15:23:19.279,33500,979.0,0.0,979.0,0.0,5682.385
2026-05-19 15:23:19.381,33750,984.414,1.591922998744,983.779,27.442,5651.245
2026-05-19 15:23:19.381,34000,979.0,0.0,979.0,0.0,5630.485
2026-05-19 15:23:19.496,34250,979.0,0.0,979.0,0.0,5379.444
2026-05-19 15:23:19.497,34500,979.0,0.0,979.0,0.0,5339.018
2026-05-19 15:23:19.611,34750,979.0,0.0,979.0,0.0,5339.018
2026-05-19 15:23:19.612,35000,979.0,0.0,979.0,0.0,5339.018
2026-05-19 15:23:19.612,35250,981.993,1.584998270204,981.365,27.211,5322.78
2026-05-19 15:23:19.713,35500,979.0,0.0,979.0,0.0,5311.955
2026-05-19 15:23:19.714,35750,979.0,0.0,979.0,0.0,5069.911
2026-05-19 15:23:19.828,36000,979.0,0.0,979.0,0.0,5069.911
2026-05-19 15:23:19.829,36250,979.0,0.0,979.0,0.0,5053.16
2026-05-19 15:23:19.931,36500,979.0,0.0,979.0,0.0,5053.16
2026-05-19 15:23:19.931,36750,979.0,0.0,979.0,0.0,5052.649
2026-05-19 15:23:20.038,37000,979.0,0.0,979.0,0.0,5052.649
2026-05-19 15:23:20.039,37250,979.0,0.0,979.0,0.0,4801.84
2026-05-19 15:23:20.039,37500,979.0,0.0,979.0,0.0,4801.84
2026-05-19 15:23:20.146,37750,979.0,0.0,979.0,0.0,4819.526
2026-05-19 15:23:20.147,38000,979.0,0.0,979.0,0.0,4819.526
2026-05-19 15:23:20.248,38250,979.0,0.0,979.0,0.0,4819.526
2026-05-19 15:23:20.249,38500,1023.98,0.249703930638,1023.968,4.512,4610.12
2026-05-19 15:23:20.249,38750,979.0,0.0,979.0,0.0,4591.487
2026-05-19 15:23:20.351,39000,979.0,0.0,979.0,0.0,4591.487
2026-05-19 15:23:20.351,39250,979.0,0.0,979.0,0.0,4591.487
2026-05-19 15:23:20.459,39500,979.0,0.0,979.0,0.0,4591.487
2026-05-19 15:23:20.460,39750,979.0,0.0,979.0,0.0,4637.368
2026-05-19 15:23:20.563,40000,979.0,0.0,979.0,0.0,4380.519
2026-05-19 15:23:20.564,40250,979.0,0.0,979.0,0.0,4380.519
2026-05-19 15:23:20.565,40500,979.0,0.0,979.0,0.0,4380.519
2026-05-19 15:23:20.680,40750,979.0,0.0,979.0,0.0,4449.44
2026-05-19 15:23:20.681,41000,979.0,0.0,979.0,0.0,4449.44
2026-05-19 15:23:20.681,41250,979.0,0.0,979.0,0.0,4262.566
2026-05-19 15:23:20.792,41500,979.0,0.0,979.0,0.0,4262.566
2026-05-19 15:23:20.792,41750,960.683,3.218750224387,959.168,53.941,4343.838
2026-05-19 15:23:20.894,42000,979.0,0.0,979.0,0.0,4343.838
2026-05-19 15:23:20.895,42250,979.0,0.0,979.0,0.0,4101.722
2026-05-19 15:23:20.895,42500,979.0,0.0,979.0,0.0,4101.722
2026-05-19 15:23:20.997,42750,979.0,0.0,979.0,0.0,4101.722
2026-05-19 15:23:20.998,43000,979.0,0.0,979.0,0.0,4101.722
2026-05-19 15:23:21.113,43250,979.0,0.0,979.0,0.0,4198.29
2026-05-19 15:23:21.113,43500,1037.747,1.582492995006,1037.351,28.659,3960.624
2026-05-19 15:23:21.114,43750,979.0,0.0,979.0,0.0,3960.624
2026-05-19 15:23:21.114,44000,979.0,0.0,979.0,0.0,3960.624
2026-05-19 15:23:21.227,44250,979.0,0.0,979.0,0.0,3960.624
2026-05-19 15:23:21.227,44500,955.819,2.612230085498,954.585,43.29,4057.267
2026-05-19 15:23:21.329,44750,979.0,0.0,979.0,0.0,3861.35
2026-05-19 15:23:21.330,45000,979.0,0.0,979.0,0.0,3861.35
2026-05-19 15:23:21.330,45250,979.0,0.0,979.0,0.0,3861.35
2026-05-19 15:23:21.433,45500,979.0,0.0,979.0,0.0,3861.35
2026-05-19 15:23:21.434,45750,979.0,0.0,979.0,0.0,3861.35
2026-05-19 15:23:21.434,46000,979.0,0.0,979.0,0.0,3655.855
2026-05-19 15:23:21.546,46250,979.0,0.0,979.0,0.0,3823.201
2026-05-19 15:23:21.547,46500,979.0,0.0,979.0,0.0,3823.201
2026-05-19 15:23:21.548,46750,979.0,0.0,979.0,0.0,3823.201
2026-05-19 15:23:21.664,47000,979.0,0.0,979.0,0.0,3823.201
2026-05-19 15:23:21.666,47250,979.0,0.0,979.0,0.0,3625.638
2026-05-19 15:23:21.666,47500,979.0,0.0,979.0,0.0,3625.638
2026-05-19 15:23:21.780,47750,979.0,0.0,979.0,0.0,3625.638
2026-05-19 15:23:21.781,48000,979.0,0.0,979.0,0.0,3625.638
2026-05-19 15:23:21.782,48250,943.526,2.457905723892,942.451,40.076,3763.245
2026-05-19 15:23:21.886,48500,979.0,0.0,979.0,0.0,3618.973
2026-05-19 15:23:21.887,48750,979.0,0.0,979.0,0.0,3618.973
2026-05-19 15:23:21.887,49000,979.0,0.0,979.0,0.0,3618.973
2026-05-19 15:23:21.991,49250,939.843,-2.480589274335,938.753,-40.247,3582.785
2026-05-19 15:23:21.991,49500,979.0,0.0,979.0,0.0,3438.037
2026-05-19 15:23:21.992,49750,979.0,0.0,979.0,0.0,3438.037
2026-05-19 15:23:22.097,50000,979.0,0.0,979.0,0.0,3438.037
2026-05-19 15:23:22.098,50250,979.0,0.0,979.0,0.0,3438.037
2026-05-19 15:23:22.098,50500,979.0,0.0,979.0,0.0,3438.037
2026-05-19 15:23:22.207,50750,999.72,5.339252687657,995.205,92.378,3369.601
2026-05-19 15:23:22.208,51000,979.0,0.0,979.0,0.0,3448.719
2026-05-19 15:23:22.210,51250,979.0,0.0,979.0,0.0,3448.719
2026-05-19 15:23:22.238,51500,979.0,0.0,979.0,0.0,3448.719
2026-05-19 15:23:22.346,51750,979.0,0.0,979.0,0.0,3448.719
2026-05-19 15:23:22.355,52000,979.0,0.0,979.0,0.0,3448.719
2026-05-19 15:23:22.356,52250,979.0,0.0,979.0,0.0,3304.868
2026-05-19 15:23:22.356,52500,979.0,0.0,979.0,0.0,3304.868
2026-05-19 15:23:22.463,52750,979.0,0.0,979.0,0.0,3304.868
2026-05-19 15:23:22.463,53000,979.0,0.0,979.0,0.0,3304.868
2026-05-19 15:23:22.463,53250,979.0,0.0,979.0,0.0,3304.868
2026-05-19 15:23:22.565,53500,979.0,0.0,979.0,0.0,3304.868
2026-05-19 15:23:22.565,53750,979.0,0.0,979.0,0.0,3181.295
2026-05-19 15:23:22.566,54000,979.0,0.0,979.0,0.0,3181.295
2026-05-19 15:23:22.680,54250,979.0,0.0,979.0,0.0,3181.295
2026-05-19 15:23:22.681,54500,979.0,0.0,979.0,0.0,3181.295
2026-05-19 15:23:22.682,54750,979.0,0.0,979.0,0.0,3181.295
2026-05-19 15:23:22.682,55000,979.0,0.0,979.0,0.0,3181.295
2026-05-19 15:23:22.794,55250,979.0,0.0,979.0,0.0,3181.295
2026-05-19 15:23:22.794,55500,979.0,0.0,979.0,0.0,3069.393
2026-05-19 15:23:22.795,55750,979.0,0.0,979.0,0.0,3069.393
2026-05-19 15:23:22.899,56000,979.0,0.0,979.0,0.0,3069.393
2026-05-19 15:23:22.899,56250,979.0,0.0,979.0,0.0,3069.393
2026-05-19 15:23:22.900,56500,979.0,0.0,979.0,0.0,3069.393
2026-05-19 15:23:23.012,56750,979.0,0.0,979.0,0.0,3069.393
2026-05-19 15:23:23.013,57000,979.0,0.0,979.0,0.0,3069.393
2026-05-19 15:23:23.014,57250,979.0,0.0,979.0,0.0,3069.393
2026-05-19 15:23:23.014,57500,979.0,0.0,979.0,0.0,3069.393
2026-05-19 15:23:23.123,57750,985.648,0.971603463493,984.921,17.145,3049.235
2026-05-19 15:23:23.126,58000,982.152,5.443602332949,977.691,92.706,3063.921
2026-05-19 15:23:23.128,58250,906.252,1.463962538707,905.957,23.153,3206.9
2026-05-19 15:23:23.234,58500,979.0,0.0,979.0,0.0,3206.9
2026-05-19 15:23:23.236,58750,999.799,4.369904778779,996.892,76.18,3140.187
2026-05-19 15:23:23.238,59000,999.799,4.369904778779,996.892,76.18,3140.187
2026-05-19 15:23:23.240,59250,979.0,0.0,979.0,0.0,3140.187
2026-05-19 15:23:23.345,59500,958.634,-4.369904778779,955.847,-73.043,3206.9
2026-05-19 15:23:23.345,59750,1035.586,-5.833867317486,1030.223,-105.261,2968.602
2026-05-19 15:23:23.346,60000,979.0,0.0,979.0,0.0,2968.602
2026-05-19 15:23:23.456,60250,979.0,0.0,979.0,0.0,2968.602
2026-05-19 15:23:23.458,60500,979.0,0.0,979.0,0.0,2968.602
2026-05-19 15:23:23.459,60750,979.0,0.0,979.0,0.0,2968.602
2026-05-19 15:23:23.459,61000,979.0,0.0,979.0,0.0,2968.602
2026-05-19 15:23:23.564,61250,979.0,0.0,979.0,0.0,2968.602
2026-05-19 15:23:23.565,61500,979.0,0.0,979.0,0.0,2968.602
2026-05-19 15:23:23.566,61750,979.0,0.0,979.0,0.0,2968.602
2026-05-19 15:23:23.566,62000,979.0,0.0,979.0,0.0,2968.602
2026-05-19 15:23:23.681,62250,979.0,0.0,979.0,0.0,2968.602
2026-05-19 15:23:23.683,62500,979.0,0.0,979.0,0.0,2968.602
2026-05-19 15:23:23.685,62750,979.0,0.0,979.0,0.0,2968.602
2026-05-19 15:23:23.687,63000,979.0,0.0,979.0,0.0,2968.602
2026-05-19 15:23:23.798,63250,1062.106,-1.688447386204,1061.645,-31.295,2736.319
2026-05-19 15:23:23.799,63500,979.0,0.0,979.0,0.0,2736.319
2026-05-19 15:23:23.802,63750,979.0,0.0,979.0,0.0,2736.319
2026-05-19 15:23:23.806,64000,979.0,0.0,979.0,0.0,2736.319
2026-05-19 15:23:23.914,64250,979.0,0.0,979.0,0.0,2736.319
2026-05-19 15:23:23.915,64500,979.0,0.0,979.0,0.0,2736.319
2026-05-19 15:23:23.916,64750,979.0,0.0,979.0,0.0,2736.319
2026-05-19 15:23:23.916,65000,979.0,0.0,979.0,0.0,2736.319
2026-05-19 15:23:24.028,65250,979.0,0.0,979.0,0.0,2736.319
2026-05-19 15:23:24.029,65500,979.0,0.0,979.0,0.0,2736.319
2026-05-19 15:23:24.030,65750,971.497,-1.037161247915,970.726,-17.019,2758.125
2026-05-19 15:23:24.030,66000,979.0,0.0,979.0,0.0,2736.319
2026-05-19 15:23:24.142,66250,979.0,0.0,979.0,0.0,2736.319
2026-05-19 15:23:24.142,66500,979.0,0.0,979.0,0.0,2736.319
2026-05-19 15:23:24.143,66750,979.0,0.0,979.0,0.0,2736.319
2026-05-19 15:23:24.143,67000,1036.563,-1.285055378071,1036.112,-24.104,2589.789
2026-05-19 15:23:24.144,67250,979.0,0.0,979.0,0.0,2492.103
2026-05-19 15:23:24.248,67500,979.0,0.0,979.0,0.0,2492.103
2026-05-19 15:23:24.249,67750,979.0,0.0,979.0,0.0,2492.103
2026-05-19 15:23:24.250,68000,979.0,0.0,979.0,0.0,2492.103
2026-05-19 15:23:24.365,68250,979.0,0.0,979.0,0.0,2492.103
2026-05-19 15:23:24.365,68500,952.176,-3.340650397835,949.532,-54.389,2563.652
2026-05-19 15:23:24.366,68750,943.235,-4.454200530447,939.709,-72.518,2587.501
2026-05-19 15:23:24.367,69000,979.0,0.0,979.0,0.0,2611.351
2026-05-19 15:23:24.368,69250,979.0,0.0,979.0,0.0,2611.351
2026-05-19 15:23:24.482,69500,979.0,0.0,979.0,0.0,2611.351
2026-05-19 15:23:24.482,69750,979.0,0.0,979.0,0.0,2611.351
2026-05-19 15:23:24.483,70000,979.0,0.0,979.0,0.0,2611.351
2026-05-19 15:23:24.484,70250,988.369,1.113550132612,987.401,19.906,2587.501
2026-05-19 15:23:24.597,70500,979.0,0.0,979.0,0.0,2611.351
2026-05-19 15:23:24.597,70750,979.0,0.0,979.0,0.0,2611.351
2026-05-19 15:23:24.598,71000,988.369,1.113550132612,987.401,19.906,2587.501
2026-05-19 15:23:24.598,71250,979.0,0.0,979.0,0.0,2611.351
2026-05-19 15:23:24.714,71500,979.0,0.0,979.0,0.0,2611.351
2026-05-19 15:23:24.715,71750,1083.466,-3.368127183258,1081.595,-63.655,2359.568
2026-05-19 15:23:24.715,72000,979.0,0.0,979.0,0.0,2359.568
2026-05-19 15:23:24.716,72250,1037.334,6.023390614508,1031.607,108.852,2226.878
2026-05-19 15:23:24.832,72500,1037.334,6.023390614508,1031.607,108.852,2226.878
2026-05-19 15:23:24.832,72750,1037.334,6.023390614508,1031.607,108.852,2226.878
2026-05-19 15:23:24.833,73000,979.0,0.0,979.0,0.0,2226.878
2026-05-19 15:23:24.833,73250,979.0,0.0,979.0,0.0,2226.878
2026-05-19 15:23:24.947,73500,979.0,0.0,979.0,0.0,2226.878
2026-05-19 15:23:24.947,73750,979.0,0.0,979.0,0.0,2226.878
2026-05-19 15:23:24.948,74000,979.0,0.0,979.0,0.0,2226.878
2026-05-19 15:23:24.948,74250,979.0,0.0,979.0,0.0,2226.878
2026-05-19 15:23:25.060,74500,979.0,0.0,979.0,0.0,2226.878
2026-05-19 15:23:25.061,74750,979.0,0.0,979.0,0.0,2226.878
2026-05-19 15:23:25.061,75000,979.0,0.0,979.0,0.0,2226.878
2026-05-19 15:23:25.062,75250,979.0,0.0,979.0,0.0,2226.878
2026-05-19 15:23:25.062,75500,979.0,0.0,979.0,0.0,2226.878
2026-05-19 15:23:25.171,75750,979.0,0.0,979.0,0.0,2226.878
2026-05-19 15:23:25.172,76000,979.0,0.0,979.0,0.0,2226.878
2026-05-19 15:23:25.173,76250,979.0,0.0,979.0,0.0,2226.878
2026-05-19 15:23:25.173,76500,979.0,0.0,979.0,0.0,2226.878
2026-05-19 15:23:25.280,76750,979.0,0.0,979.0,0.0,2226.878
2026-05-19 15:23:25.280,77000,979.0,0.0,979.0,0.0,2226.878
2026-05-19 15:23:25.281,77250,979.0,0.0,979.0,0.0,2226.878
2026-05-19 15:23:25.281,77500,1091.767,-3.235425986683,1090.027,-61.618,1996.867
2026-05-19 15:23:25.282,77750,979.0,0.0,979.0,0.0,1996.867
2026-05-19 15:23:25.392,78000,979.0,0.0,979.0,0.0,1996.867
2026-05-19 15:23:25.392,78250,979.0,0.0,979.0,0.0,1996.867
2026-05-19 15:23:25.392,78500,979.0,0.0,979.0,0.0,1996.867
2026-05-19 15:23:25.393,78750,979.0,0.0,979.0,0.0,1996.867
2026-05-19 15:23:25.393,79000,979.0,0.0,979.0,0.0,1996.867
2026-05-19 15:23:25.502,79250,979.0,0.0,979.0,0.0,1996.867
2026-05-19 15:23:25.503,79500,979.0,0.0,979.0,0.0,1996.867
2026-05-19 15:23:25.503,79750,979.0,0.0,979.0,0.0,1996.867
2026-05-19 15:23:25.503,80000,979.0,0.0,979.0,0.0,1996.867
2026-05-19 15:23:25.504,80250,979.0,0.0,979.0,0.0,1996.867
2026-05-19 15:23:25.614,80500,979.0,0.0,979.0,0.0,1996.867
2026-05-19 15:23:25.614,80750,979.0,0.0,979.0,0.0,1996.867
2026-05-19 15:23:25.615,81000,979.0,0.0,979.0,0.0,1996.867
2026-05-19 15:23:25.615,81250,979.0,0.0,979.0,0.0,1996.867
2026-05-19 15:23:25.615,81500,979.0,0.0,979.0,0.0,1996.867
2026-05-19 15:23:25.725,81750,1035.525,6.675799703416,1028.504,120.381,1887.867
2026-05-19 15:23:25.726,82000,979.0,0.0,979.0,0.0,1887.867
2026-05-19 15:23:25.726,82250,979.0,0.0,979.0,0.0,1887.867
2026-05-19 15:23:25.727,82500,979.0,0.0,979.0,0.0,1887.867
2026-05-19 15:23:25.837,82750,979.0,0.0,979.0,0.0,1887.867
2026-05-19 15:23:25.838,83000,1032.196,-1.296018259076,1031.485,-25.14,1797.554
2026-05-19 15:23:25.839,83250,979.0,0.0,979.0,0.0,1662.085
2026-05-19 15:23:25.839,83500,979.0,0.0,979.0,0.0,1662.085
2026-05-19 15:23:25.839,83750,979.0,0.0,979.0,0.0,1662.085
2026-05-19 15:23:25.949,84000,979.0,0.0,979.0,0.0,1662.085
2026-05-19 15:23:25.949,84250,979.0,0.0,979.0,0.0,1662.085
2026-05-19 15:23:25.949,84500,979.0,0.0,979.0,0.0,1662.085
2026-05-19 15:23:25.950,84750,979.0,0.0,979.0,0.0,1662.085
2026-05-19 15:23:25.950,85000,979.0,0.0,979.0,0.0,1662.085
2026-05-19 15:23:26.060,85250,979.0,0.0,979.0,0.0,1662.085
2026-05-19 15:23:26.061,85500,979.0,0.0,979.0,0.0,1662.085
2026-05-19 15:23:26.061,85750,979.0,0.0,979.0,0.0,1662.085
2026-05-19 15:23:26.061,86000,979.0,0.0,979.0,0.0,1662.085
2026-05-19 15:23:26.062,86250,979.0,0.0,979.0,0.0,1662.085
2026-05-19 15:23:26.171,86500,979.0,0.0,979.0,0.0,1662.085
2026-05-19 15:23:26.172,86750,979.0,0.0,979.0,0.0,1662.085
2026-05-19 15:23:26.172,87000,979.0,0.0,979.0,0.0,1662.085
2026-05-19 15:23:26.172,87250,979.0,0.0,979.0,0.0,1662.085
2026-05-19 15:23:26.173,87500,979.0,0.0,979.0,0.0,1662.085
2026-05-19 15:23:26.279,87750,979.0,0.0,979.0,0.0,1662.085
2026-05-19 15:23:26.280,88000,979.0,0.0,979.0,0.0,1662.085
2026-05-19 15:23:26.280,88250,979.0,0.0,979.0,0.0,1662.085
2026-05-19 15:23:26.281,88500,979.0,0.0,979.0,0.0,1662.085
2026-05-19 15:23:26.281,88750,979.0,0.0,979.0,0.0,1662.085
2026-05-19 15:23:26.394,89000,1132.869,-4.398502875142,1129.533,-86.883,1436.336
2026-05-19 15:23:26.394,89250,979.0,0.0,979.0,0.0,1436.336
2026-05-19 15:23:26.394,89500,979.0,0.0,979.0,0.0,1436.336
2026-05-19 15:23:26.395,89750,979.0,0.0,979.0,0.0,1436.336
2026-05-19 15:23:26.498,90000,979.0,0.0,979.0,0.0,1436.336
2026-05-19 15:23:26.498,90250,979.0,0.0,979.0,0.0,1436.336
2026-05-19 15:23:26.499,90500,979.0,0.0,979.0,0.0,1324.598
2026-05-19 15:23:26.499,90750,979.0,0.0,979.0,0.0,1324.598
2026-05-19 15:23:26.500,91000,979.0,0.0,979.0,0.0,1324.598
2026-05-19 15:23:26.615,91250,979.0,0.0,979.0,0.0,1324.598
2026-05-19 15:23:26.615,91500,979.0,0.0,979.0,0.0,1324.598
2026-05-19 15:23:26.616,91750,979.0,0.0,979.0,0.0,1324.598
2026-05-19 15:23:26.616,92000,979.0,0.0,979.0,0.0,1324.598
2026-05-19 15:23:26.617,92250,979.0,0.0,979.0,0.0,1324.598
2026-05-19 15:23:26.731,92500,979.0,0.0,979.0,0.0,1324.598
2026-05-19 15:23:26.733,92750,979.0,0.0,979.0,0.0,1324.598
2026-05-19 15:23:26.733,93000,979.0,0.0,979.0,0.0,1324.598
2026-05-19 15:23:26.734,93250,979.0,0.0,979.0,0.0,1324.598
2026-05-19 15:23:26.734,93500,979.0,0.0,979.0,0.0,1324.598
2026-05-19 15:23:26.845,93750,979.0,0.0,979.0,0.0,1324.598
2026-05-19 15:23:26.846,94000,979.0,0.0,979.0,0.0,1324.598
2026-05-19 15:23:26.848,94250,979.0,0.0,979.0,0.0,1324.598
2026-05-19 15:23:26.848,94500,979.0,0.0,979.0,0.0,1324.598
2026-05-19 15:23:26.849,94750,979.0,0.0,979.0,0.0,1324.598
2026-05-19 15:23:26.964,95000,979.0,0.0,979.0,0.0,1324.598
2026-05-19 15:23:26.965,95250,1164.897,-4.049934853072,1161.117,-85.514,1121.326
2026-05-19 15:23:26.966,95500,979.0,0.0,979.0,0.0,1070.507
2026-05-19 15:23:26.966,95750,979.0,0.0,979.0,0.0,1070.507
2026-05-19 15:23:26.967,96000,979.0,0.0,979.0,0.0,1070.507
2026-05-19 15:23:27.080,96250,979.0,0.0,979.0,0.0,1070.507
2026-05-19 15:23:27.081,96500,979.0,0.0,979.0,0.0,1070.507
2026-05-19 15:23:27.081,96750,979.0,0.0,979.0,0.0,1070.507
2026-05-19 15:23:27.082,97000,979.0,0.0,979.0,0.0,1070.507
2026-05-19 15:23:27.082,97250,979.0,0.0,979.0,0.0,1070.507
2026-05-19 15:23:27.197,97500,979.0,0.0,979.0,0.0,1070.507
2026-05-19 15:23:27.197,97750,979.0,0.0,979.0,0.0,1070.507
2026-05-19 15:23:27.198,98000,979.0,0.0,979.0,0.0,1070.507
2026-05-19 15:23:27.198,98250,979.0,0.0,979.0,0.0,1070.507
2026-05-19 15:23:27.199,98500,979.0,0.0,979.0,0.0,1070.507
2026-05-19 15:23:27.314,98750,979.0,0.0,979.0,0.0,1070.507
2026-05-19 15:23:27.315,99000,979.0,0.0,979.0,0.0,1070.507
2026-05-19 15:23:27.315,99250,979.0,0.0,979.0,0.0,1070.507
2026-05-19 15:23:27.316,99500,979.0,0.0,979.0,0.0,1070.507
2026-05-19 15:23:27.316,99750,979.0,0.0,979.0,0.0,1070.507
2026-05-19 15:23:27.317,100000,979.0,0.0,979.0,0.0,1070.507
2026-05-19 15:23:27.963,10000,979.0,0.0,979.0,0.0,9286.314
2026-05-19 15:23:28.079,10250,979.0,0.0,979.0,0.0,9286.314
2026-05-19 15:23:28.194,10500,979.0,0.0,979.0,0.0,9286.314
2026-05-19 15:23:28.399,10750,981.888,-0.624395458458,981.742,-10.746,9327.412
2026-05-19 15:23:28.512,11000,979.0,0.0,979.0,0.0,9354.811
2026-05-19 15:23:28.614,11250,979.0,0.0,979.0,0.0,9105.965
2026-05-19 15:23:28.726,11500,974.362,0.887944900595,974.167,15.051,9149.45
2026-05-19 15:23:28.949,11750,979.0,0.0,979.0,0.0,9178.44
2026-05-19 15:23:29.061,12000,979.0,0.0,979.0,0.0,9178.44
2026-05-19 15:23:29.173,12250,979.0,0.0,979.0,0.0,9178.44
2026-05-19 15:23:29.280,12500,989.1,0.207100526369,989.083,3.63,9165.148
2026-05-19 15:23:29.391,12750,979.0,0.0,979.0,0.0,9025.481
2026-05-19 15:23:29.501,13000,979.0,0.0,979.0,0.0,9025.481
2026-05-19 15:23:29.612,13250,980.848,-0.287603676373,980.786,-4.96,9093.622
2026-05-19 15:23:29.724,13500,979.0,0.0,979.0,0.0,9110.657
2026-05-19 15:23:29.836,13750,979.0,0.0,979.0,0.0,9110.657
2026-05-19 15:23:29.948,14000,979.0,0.0,979.0,0.0,8971.41
2026-05-19 15:23:30.061,14250,979.0,0.0,979.0,0.0,8971.41
2026-05-19 15:23:30.172,14500,979.0,0.0,979.0,0.0,8971.41
2026-05-19 15:23:30.280,14750,983.689,-0.609631936012,983.549,-10.54,9035.867
2026-05-19 15:23:30.394,15000,994.376,0.417832049251,994.35,7.251,8938.448
2026-05-19 15:23:30.506,15250,979.0,0.0,979.0,0.0,8938.448
2026-05-19 15:23:30.617,15500,979.0,0.0,979.0,0.0,8938.448
2026-05-19 15:23:30.727,15750,959.673,-0.586936244334,959.611,-9.781,9007.432
2026-05-19 15:23:30.728,16000,979.0,0.0,979.0,0.0,8828.731
2026-05-19 15:23:30.839,16250,983.965,0.151803364,983.947,2.66,8785.065
2026-05-19 15:23:30.952,16500,968.933,1.111005784623,968.751,18.787,8920.457
2026-05-19 15:23:31.064,16750,979.0,0.0,979.0,0.0,8704.426
2026-05-19 15:23:31.175,17000,979.0,0.0,979.0,0.0,8704.426
2026-05-19 15:23:31.279,17250,947.64,-0.278150240412,947.552,-4.689,8757.246
2026-05-19 15:23:31.393,17500,994.324,0.538829363704,994.25,9.447,8701.676
2026-05-19 15:23:31.393,17750,979.0,0.0,979.0,0.0,8611.81
2026-05-19 15:23:31.505,18000,979.0,0.0,979.0,0.0,8611.81
2026-05-19 15:23:31.616,18250,989.163,-0.891565544433,988.962,-15.496,8444.046
2026-05-19 15:23:31.728,18500,979.0,0.0,979.0,0.0,8531.103
2026-05-19 15:23:31.728,18750,979.0,0.0,979.0,0.0,8531.103
2026-05-19 15:23:31.839,19000,984.011,0.200677693461,983.98,3.517,8488.527
2026-05-19 15:23:31.950,19250,972.188,0.555144344463,972.075,9.32,8377.127
2026-05-19 15:23:32.061,19500,1003.856,1.08866713338,1003.675,19.073,8255.872
2026-05-19 15:23:32.062,19750,979.0,0.0,979.0,0.0,8255.872
2026-05-19 15:23:32.172,20000,979.0,0.0,979.0,0.0,8255.872
2026-05-19 15:23:32.280,20250,979.0,0.0,979.0,0.0,8255.872
2026-05-19 15:23:32.281,20500,997.775,-1.321511433571,997.51,-23.011,8055.627
2026-05-19 15:23:32.393,20750,979.0,0.0,979.0,0.0,8210.115
2026-05-19 15:23:32.505,21000,975.036,-0.201104571929,975.007,-3.366,8077.158
2026-05-19 15:23:32.505,21250,979.0,0.0,979.0,0.0,8043.919
2026-05-19 15:23:32.617,21500,979.0,0.0,979.0,0.0,8043.919
2026-05-19 15:23:32.728,21750,979.0,0.0,979.0,0.0,7856.622
2026-05-19 15:23:32.733,22000,979.0,0.0,979.0,0.0,8030.595
2026-05-19 15:23:32.839,22250,979.0,0.0,979.0,0.0,8030.595
2026-05-19 15:23:32.949,22500,979.0,0.0,979.0,0.0,7842.522
2026-05-19 15:23:32.950,22750,979.0,0.0,979.0,0.0,7842.522
2026-05-19 15:23:33.061,23000,979.0,0.0,979.0,0.0,7658.862
2026-05-19 15:23:33.172,23250,979.0,0.0,979.0,0.0,7658.862
2026-05-19 15:23:33.172,23500,979.0,0.0,979.0,0.0,7658.862
2026-05-19 15:23:33.278,23750,998.271,-0.99164393443,998.083,-17.36,7535.657
2026-05-19 15:23:33.279,24000,979.0,0.0,979.0,0.0,7683.264
2026-05-19 15:23:33.390,24250,979.0,0.0,979.0,0.0,7515.704
2026-05-19 15:23:33.500,24500,979.0,0.0,979.0,0.0,7515.704
2026-05-19 15:23:33.500,24750,979.0,0.0,979.0,0.0,7515.704
2026-05-19 15:23:33.612,25000,979.0,0.0,979.0,0.0,7360.845
2026-05-19 15:23:33.613,25250,979.0,0.0,979.0,0.0,7360.845
2026-05-19 15:23:33.723,25500,979.0,0.0,979.0,0.0,7206.363
2026-05-19 15:23:33.723,25750,979.0,0.0,979.0,0.0,7206.363
2026-05-19 15:23:33.834,26000,989.625,0.855252236147,989.44,14.876,7129.545
2026-05-19 15:23:33.946,26250,979.0,0.0,979.0,0.0,7078.333
2026-05-19 15:23:33.946,26500,994.934,1.357730384134,994.584,23.668,6965.422
2026-05-19 15:23:34.057,26750,979.0,0.0,979.0,0.0,6937.194
2026-05-19 15:23:34.058,27000,979.0,0.0,979.0,0.0,6937.194
2026-05-19 15:23:34.169,27250,979.0,0.0,979.0,0.0,6804.488
2026-05-19 15:23:34.170,27500,979.0,0.0,979.0,0.0,6804.488
2026-05-19 15:23:34.279,27750,979.0,0.0,979.0,0.0,6804.488
2026-05-19 15:23:34.280,28000,979.0,0.0,979.0,0.0,6670.342
2026-05-19 15:23:34.392,28250,979.0,0.0,979.0,0.0,6670.342
2026-05-19 15:23:34.392,28500,979.0,0.0,979.0,0.0,6557.083
2026-05-19 15:23:34.502,28750,979.0,0.0,979.0,0.0,6557.083
2026-05-19 15:23:34.503,29000,979.0,0.0,979.0,0.0,6557.083
2026-05-19 15:23:34.612,29250,979.0,0.0,979.0,0.0,6439.888
2026-05-19 15:23:34.613,29500,979.0,0.0,979.0,0.0,6439.888
2026-05-19 15:23:34.722,29750,979.0,0.0,979.0,0.0,6329.513
2026-05-19 15:23:34.725,30000,979.0,0.0,979.0,0.0,6329.513
2026-05-19 15:23:34.834,30250,979.0,0.0,979.0,0.0,6329.513
2026-05-19 15:23:34.835,30500,979.0,0.0,979.0,0.0,6231.235
2026-05-19 15:23:34.945,30750,979.0,0.0,979.0,0.0,6231.235
2026-05-19 15:23:34.947,31000,982.145,0.491837955418,981.961,8.536,6211.536
2026-05-19 15:23:35.056,31250,979.0,0.0,979.0,0.0,6132.743
2026-05-19 15:23:35.057,31500,979.0,0.0,979.0,0.0,6132.743
2026-05-19 15:23:35.166,31750,979.0,0.0,979.0,0.0,6055.123
2026-05-19 15:23:35.168,32000,979.0,0.0,979.0,0.0,5819.217
2026-05-19 15:23:35.276,32250,979.0,0.0,979.0,0.0,5819.217
2026-05-19 15:23:35.280,32500,979.0,0.0,979.0,0.0,5745.191
2026-05-19 15:23:35.396,32750,979.0,0.0,979.0,0.0,5745.191
2026-05-19 15:23:35.397,33000,979.0,0.0,979.0,0.0,5745.191
2026-05-19 15:23:35.508,33250,979.0,0.0,979.0,0.0,5682.385
2026-05-19 15:23:35.513,33500,979.0,0.0,979.0,0.0,5682.385
2026-05-19 15:23:35.513,33750,986.219,2.122563998325,985.372,36.589,5640.865
2026-05-19 15:23:35.620,34000,979.0,0.0,979.0,0.0,5630.485
2026-05-19 15:23:35.620,34250,979.0,0.0,979.0,0.0,5379.444
2026-05-19 15:23:35.731,34500,979.0,0.0,979.0,0.0,5339.018
2026-05-19 15:23:35.731,34750,979.0,0.0,979.0,0.0,5339.018
2026-05-19 15:23:35.842,35000,979.0,0.0,979.0,0.0,5339.018
2026-05-19 15:23:35.842,35250,981.993,1.584998270204,981.365,27.211,5322.78
2026-05-19 15:23:35.842,35500,979.0,0.0,979.0,0.0,5311.955
2026-05-19 15:23:35.954,35750,979.0,0.0,979.0,0.0,5069.911
2026-05-19 15:23:35.954,36000,979.0,0.0,979.0,0.0,5069.911
2026-05-19 15:23:36.066,36250,979.0,0.0,979.0,0.0,5053.16
2026-05-19 15:23:36.066,36500,979.0,0.0,979.0,0.0,5053.16
2026-05-19 15:23:36.177,36750,979.0,0.0,979.0,0.0,5052.649
2026-05-19 15:23:36.178,37000,979.0,0.0,979.0,0.0,5052.649
2026-05-19 15:23:36.178,37250,979.0,0.0,979.0,0.0,4801.84
2026-05-19 15:23:36.280,37500,979.0,0.0,979.0,0.0,4801.84
2026-05-19 15:23:36.280,37750,979.0,0.0,979.0,0.0,4819.526
2026-05-19 15:23:36.393,38000,979.0,0.0,979.0,0.0,4819.526
2026-05-19 15:23:36.393,38250,979.0,0.0,979.0,0.0,4819.526
2026-05-19 15:23:36.394,38500,1023.98,0.249703930638,1023.968,4.512,4610.12
2026-05-19 15:23:36.504,38750,979.0,0.0,979.0,0.0,4591.487
2026-05-19 15:23:36.505,39000,979.0,0.0,979.0,0.0,4591.487
2026-05-19 15:23:36.505,39250,979.0,0.0,979.0,0.0,4591.487
2026-05-19 15:23:36.616,39500,979.0,0.0,979.0,0.0,4591.487
2026-05-19 15:23:36.617,39750,979.0,0.0,979.0,0.0,4637.368
2026-05-19 15:23:36.727,40000,979.0,0.0,979.0,0.0,4380.519
2026-05-19 15:23:36.728,40250,979.0,0.0,979.0,0.0,4380.519
2026-05-19 15:23:36.728,40500,979.0,0.0,979.0,0.0,4380.519
2026-05-19 15:23:36.838,40750,979.0,0.0,979.0,0.0,4449.44
2026-05-19 15:23:36.839,41000,979.0,0.0,979.0,0.0,4449.44
2026-05-19 15:23:36.949,41250,979.0,0.0,979.0,0.0,4262.566
2026-05-19 15:23:36.950,41500,979.0,0.0,979.0,0.0,4262.566
2026-05-19 15:23:36.950,41750,960.683,3.218750224387,959.168,53.941,4343.838
2026-05-19 15:23:37.061,42000,979.0,0.0,979.0,0.0,4343.838
2026-05-19 15:23:37.062,42250,979.0,0.0,979.0,0.0,4101.722
2026-05-19 15:23:37.062,42500,979.0,0.0,979.0,0.0,4101.722
2026-05-19 15:23:37.173,42750,979.0,0.0,979.0,0.0,4101.722
2026-05-19 15:23:37.173,43000,979.0,0.0,979.0,0.0,4101.722
2026-05-19 15:23:37.174,43250,979.0,0.0,979.0,0.0,4198.29
2026-05-19 15:23:37.280,43500,1037.747,1.582492995006,1037.351,28.659,3960.624
2026-05-19 15:23:37.281,43750,979.0,0.0,979.0,0.0,3960.624
2026-05-19 15:23:37.393,44000,979.0,0.0,979.0,0.0,3960.624
2026-05-19 15:23:37.393,44250,979.0,0.0,979.0,0.0,3960.624
2026-05-19 15:23:37.394,44500,955.819,2.612230085498,954.585,43.29,4057.267
2026-05-19 15:23:37.504,44750,979.0,0.0,979.0,0.0,3861.35
2026-05-19 15:23:37.504,45000,979.0,0.0,979.0,0.0,3861.35
2026-05-19 15:23:37.505,45250,979.0,0.0,979.0,0.0,3861.35
2026-05-19 15:23:37.615,45500,979.0,0.0,979.0,0.0,3861.35
2026-05-19 15:23:37.616,45750,979.0,0.0,979.0,0.0,3861.35
2026-05-19 15:23:37.616,46000,979.0,0.0,979.0,0.0,3655.855
2026-05-19 15:23:37.728,46250,979.0,0.0,979.0,0.0,3823.201
2026-05-19 15:23:37.728,46500,979.0,0.0,979.0,0.0,3823.201
2026-05-19 15:23:37.729,46750,979.0,0.0,979.0,0.0,3823.201
2026-05-19 15:23:37.839,47000,979.0,0.0,979.0,0.0,3823.201
2026-05-19 15:23:37.840,47250,979.0,0.0,979.0,0.0,3625.638
2026-05-19 15:23:37.840,47500,979.0,0.0,979.0,0.0,3625.638
2026-05-19 15:23:37.950,47750,979.0,0.0,979.0,0.0,3625.638
2026-05-19 15:23:37.950,48000,979.0,0.0,979.0,0.0,3625.638
2026-05-19 15:23:37.951,48250,943.526,2.457905723892,942.451,40.076,3763.245
2026-05-19 15:23:38.061,48500,979.0,0.0,979.0,0.0,3618.973
2026-05-19 15:23:38.062,48750,979.0,0.0,979.0,0.0,3618.973
2026-05-19 15:23:38.062,49000,979.0,0.0,979.0,0.0,3618.973
2026-05-19 15:23:38.172,49250,949.632,-1.860441955751,948.815,-30.185,3546.598
2026-05-19 15:23:38.172,49500,979.0,0.0,979.0,0.0,3438.037
2026-05-19 15:23:38.173,49750,979.0,0.0,979.0,0.0,3438.037
2026-05-19 15:23:38.278,50000,979.0,0.0,979.0,0.0,3438.037
2026-05-19 15:23:38.279,50250,979.0,0.0,979.0,0.0,3438.037
2026-05-19 15:23:38.279,50500,979.0,0.0,979.0,0.0,3438.037
2026-05-19 15:23:38.391,50750,987.844,5.845590909651,982.591,100.177,3409.16
2026-05-19 15:23:38.391,51000,979.0,0.0,979.0,0.0,3448.719
2026-05-19 15:23:38.392,51250,979.0,0.0,979.0,0.0,3448.719
2026-05-19 15:23:38.392,51500,979.0,0.0,979.0,0.0,3448.719
2026-05-19 15:23:38.503,51750,979.0,0.0,979.0,0.0,3448.719
2026-05-19 15:23:38.504,52000,979.0,0.0,979.0,0.0,3448.719
2026-05-19 15:23:38.504,52250,979.0,0.0,979.0,0.0,3304.868
2026-05-19 15:23:38.615,52500,979.0,0.0,979.0,0.0,3304.868
2026-05-19 15:23:38.615,52750,979.0,0.0,979.0,0.0,3304.868
2026-05-19 15:23:38.616,53000,979.0,0.0,979.0,0.0,3304.868
2026-05-19 15:23:38.727,53250,979.0,0.0,979.0,0.0,3304.868
2026-05-19 15:23:38.727,53500,979.0,0.0,979.0,0.0,3304.868
2026-05-19 15:23:38.728,53750,979.0,0.0,979.0,0.0,3181.295
2026-05-19 15:23:38.728,54000,979.0,0.0,979.0,0.0,3181.295
2026-05-19 15:23:38.837,54250,979.0,0.0,979.0,0.0,3181.295
2026-05-19 15:23:38.838,54500,979.0,0.0,979.0,0.0,3181.295
2026-05-19 15:23:38.838,54750,979.0,0.0,979.0,0.0,3181.295
2026-05-19 15:23:38.948,55000,979.0,0.0,979.0,0.0,3181.295
2026-05-19 15:23:38.949,55250,979.0,0.0,979.0,0.0,3181.295
2026-05-19 15:23:38.949,55500,979.0,0.0,979.0,0.0,3069.393
2026-05-19 15:23:38.950,55750,979.0,0.0,979.0,0.0,3069.393
2026-05-19 15:23:39.060,56000,979.0,0.0,979.0,0.0,3069.393
2026-05-19 15:23:39.061,56250,979.0,0.0,979.0,0.0,3069.393
2026-05-19 15:23:39.061,56500,979.0,0.0,979.0,0.0,3069.393
2026-05-19 15:23:39.172,56750,979.0,0.0,979.0,0.0,3069.393
2026-05-19 15:23:39.172,57000,979.0,0.0,979.0,0.0,3069.393
2026-05-19 15:23:39.173,57250,979.0,0.0,979.0,0.0,3069.393
2026-05-19 15:23:39.281,57500,979.0,0.0,979.0,0.0,3069.393
2026-05-19 15:23:39.282,57750,985.648,0.971603463493,984.921,17.145,3049.235
2026-05-19 15:23:39.282,58000,997.196,5.150809825208,993.147,89.215,3016.262
2026-05-19 15:23:39.282,58250,906.252,1.463962538707,905.957,23.153,3206.9
2026-05-19 15:23:39.392,58500,979.0,0.0,979.0,0.0,3206.9
2026-05-19 15:23:39.392,58750,999.799,4.369904778779,996.892,76.18,3140.187
2026-05-19 15:23:39.393,59000,999.799,4.369904778779,996.892,76.18,3140.187
2026-05-19 15:23:39.503,59250,979.0,0.0,979.0,0.0,3140.187
2026-05-19 15:23:39.504,59500,958.634,-4.369904778779,955.847,-73.043,3206.9
2026-05-19 15:23:39.504,59750,1035.586,-5.833867317486,1030.223,-105.261,2968.602
2026-05-19 15:23:39.615,60000,979.0,0.0,979.0,0.0,2968.602
2026-05-19 15:23:39.615,60250,979.0,0.0,979.0,0.0,2968.602
2026-05-19 15:23:39.616,60500,979.0,0.0,979.0,0.0,2968.602
2026-05-19 15:23:39.616,60750,979.0,0.0,979.0,0.0,2968.602
2026-05-19 15:23:39.725,61000,979.0,0.0,979.0,0.0,2968.602
2026-05-19 15:23:39.726,61250,979.0,0.0,979.0,0.0,2968.602
2026-05-19 15:23:39.726,61500,979.0,0.0,979.0,0.0,2968.602
2026-05-19 15:23:39.727,61750,979.0,0.0,979.0,0.0,2968.602
2026-05-19 15:23:39.837,62000,979.0,0.0,979.0,0.0,2968.602
2026-05-19 15:23:39.838,62250,979.0,0.0,979.0,0.0,2968.602
2026-05-19 15:23:39.838,62500,979.0,0.0,979.0,0.0,2968.602
2026-05-19 15:23:39.838,62750,979.0,0.0,979.0,0.0,2968.602
2026-05-19 15:23:39.947,63000,979.0,0.0,979.0,0.0,2968.602
2026-05-19 15:23:39.947,63250,1062.106,-1.688447386204,1061.645,-31.295,2736.319
2026-05-19 15:23:39.948,63500,979.0,0.0,979.0,0.0,2736.319
2026-05-19 15:23:39.948,63750,979.0,0.0,979.0,0.0,2736.319
2026-05-19 15:23:40.057,64000,979.0,0.0,979.0,0.0,2736.319
2026-05-19 15:23:40.058,64250,979.0,0.0,979.0,0.0,2736.319
2026-05-19 15:23:40.058,64500,979.0,0.0,979.0,0.0,2736.319
2026-05-19 15:23:40.059,64750,979.0,0.0,979.0,0.0,2736.319
2026-05-19 15:23:40.168,65000,979.0,0.0,979.0,0.0,2736.319
2026-05-19 15:23:40.169,65250,979.0,0.0,979.0,0.0,2736.319
2026-05-19 15:23:40.169,65500,979.0,0.0,979.0,0.0,2736.319
2026-05-19 15:23:40.170,65750,971.497,-1.037161247915,970.726,-17.019,2758.125
2026-05-19 15:23:40.278,66000,979.0,0.0,979.0,0.0,2736.319
2026-05-19 15:23:40.278,66250,979.0,0.0,979.0,0.0,2736.319
2026-05-19 15:23:40.279,66500,979.0,0.0,979.0,0.0,2736.319
2026-05-19 15:23:40.279,66750,979.0,0.0,979.0,0.0,2736.319
2026-05-19 15:23:40.392,67000,1026.745,-2.398605510682,1024.59,-43.593,2613.639
2026-05-19 15:23:40.393,67250,979.0,0.0,979.0,0.0,2492.103
2026-05-19 15:23:40.393,67500,979.0,0.0,979.0,0.0,2492.103
2026-05-19 15:23:40.394,67750,979.0,0.0,979.0,0.0,2492.103
2026-05-19 15:23:40.504,68000,979.0,0.0,979.0,0.0,2492.103
2026-05-19 15:23:40.504,68250,979.0,0.0,979.0,0.0,2492.103
2026-05-19 15:23:40.505,68500,952.176,-3.340650397835,949.532,-54.389,2563.652
2026-05-19 15:23:40.505,68750,934.294,-5.567750663059,929.886,-90.648,2611.351
2026-05-19 15:23:40.615,69000,988.369,1.113550132612,987.401,19.906,2587.501
2026-05-19 15:23:40.616,69250,979.0,0.0,979.0,0.0,2611.351
2026-05-19 15:23:40.616,69500,979.0,0.0,979.0,0.0,2611.351
2026-05-19 15:23:40.617,69750,979.0,0.0,979.0,0.0,2611.351
2026-05-19 15:23:40.727,70000,979.0,0.0,979.0,0.0,2611.351
2026-05-19 15:23:40.728,70250,979.0,0.0,979.0,0.0,2611.351
2026-05-19 15:23:40.728,70500,979.0,0.0,979.0,0.0,2611.351
2026-05-19 15:23:40.729,70750,979.0,0.0,979.0,0.0,2611.351
2026-05-19 15:23:40.840,71000,979.0,0.0,979.0,0.0,2611.351
2026-05-19 15:23:40.840,71250,979.0,0.0,979.0,0.0,2611.351
2026-05-19 15:23:40.840,71500,979.0,0.0,979.0,0.0,2611.351
2026-05-19 15:23:40.841,71750,1083.466,-3.368127183258,1081.595,-63.655,2359.568
2026-05-19 15:23:40.950,72000,979.0,0.0,979.0,0.0,2359.568
2026-05-19 15:23:40.950,72250,1037.334,6.023390614508,1031.607,108.852,2226.878
2026-05-19 15:23:40.951,72500,1037.334,6.023390614508,1031.607,108.852,2226.878
2026-05-19 15:23:40.951,72750,1037.334,6.023390614508,1031.607,108.852,2226.878
2026-05-19 15:23:41.057,73000,979.0,0.0,979.0,0.0,2226.878
2026-05-19 15:23:41.057,73250,979.0,0.0,979.0,0.0,2226.878
2026-05-19 15:23:41.058,73500,979.0,0.0,979.0,0.0,2226.878
2026-05-19 15:23:41.058,73750,979.0,0.0,979.0,0.0,2226.878
2026-05-19 15:23:41.166,74000,979.0,0.0,979.0,0.0,2226.878
2026-05-19 15:23:41.167,74250,979.0,0.0,979.0,0.0,2226.878
2026-05-19 15:23:41.168,74500,979.0,0.0,979.0,0.0,2226.878
2026-05-19 15:23:41.168,74750,979.0,0.0,979.0,0.0,2226.878
2026-05-19 15:23:41.279,75000,979.0,0.0,979.0,0.0,2226.878
2026-05-19 15:23:41.280,75250,979.0,0.0,979.0,0.0,2226.878
2026-05-19 15:23:41.280,75500,979.0,0.0,979.0,0.0,2226.878
2026-05-19 15:23:41.281,75750,979.0,0.0,979.0,0.0,2226.878
2026-05-19 15:23:41.382,76000,979.0,0.0,979.0,0.0,2226.878
2026-05-19 15:23:41.383,76250,979.0,0.0,979.0,0.0,2226.878
2026-05-19 15:23:41.383,76500,979.0,0.0,979.0,0.0,2226.878
2026-05-19 15:23:41.383,76750,979.0,0.0,979.0,0.0,2226.878
2026-05-19 15:23:41.384,77000,979.0,0.0,979.0,0.0,2226.878
2026-05-19 15:23:41.485,77250,979.0,0.0,979.0,0.0,2226.878
2026-05-19 15:23:41.486,77500,1091.767,-3.235425986683,1090.027,-61.618,1996.867
2026-05-19 15:23:41.486,77750,979.0,0.0,979.0,0.0,1996.867
2026-05-19 15:23:41.487,78000,979.0,0.0,979.0,0.0,1996.867
2026-05-19 15:23:41.600,78250,979.0,0.0,979.0,0.0,1996.867
2026-05-19 15:23:41.601,78500,979.0,0.0,979.0,0.0,1996.867
2026-05-19 15:23:41.601,78750,979.0,0.0,979.0,0.0,1996.867
2026-05-19 15:23:41.602,79000,979.0,0.0,979.0,0.0,1996.867
2026-05-19 15:23:41.602,79250,979.0,0.0,979.0,0.0,1996.867
2026-05-19 15:23:41.703,79500,979.0,0.0,979.0,0.0,1996.867
2026-05-19 15:23:41.704,79750,979.0,0.0,979.0,0.0,1996.867
2026-05-19 15:23:41.704,80000,979.0,0.0,979.0,0.0,1996.867
2026-05-19 15:23:41.705,80250,979.0,0.0,979.0,0.0,1996.867
2026-05-19 15:23:41.705,80500,979.0,0.0,979.0,0.0,1996.867
2026-05-19 15:23:41.815,80750,979.0,0.0,979.0,0.0,1996.867
2026-05-19 15:23:41.816,81000,979.0,0.0,979.0,0.0,1996.867
2026-05-19 15:23:41.816,81250,979.0,0.0,979.0,0.0,1996.867
2026-05-19 15:23:41.816,81500,979.0,0.0,979.0,0.0,1996.867
2026-05-19 15:23:41.817,81750,1035.525,6.675799703416,1028.504,120.381,1887.867
2026-05-19 15:23:41.918,82000,979.0,0.0,979.0,0.0,1887.867
2026-05-19 15:23:41.919,82250,979.0,0.0,979.0,0.0,1887.867
2026-05-19 15:23:41.919,82500,979.0,0.0,979.0,0.0,1887.867
2026-05-19 15:23:41.921,82750,979.0,0.0,979.0,0.0,1887.867
2026-05-19 15:23:42.031,83000,1005.598,-0.648009129538,1005.242,-12.57,1842.71
2026-05-19 15:23:42.032,83250,979.0,0.0,979.0,0.0,1662.085
2026-05-19 15:23:42.032,83500,979.0,0.0,979.0,0.0,1662.085
2026-05-19 15:23:42.033,83750,979.0,0.0,979.0,0.0,1662.085
2026-05-19 15:23:42.033,84000,979.0,0.0,979.0,0.0,1662.085
2026-05-19 15:23:42.134,84250,979.0,0.0,979.0,0.0,1662.085
2026-05-19 15:23:42.135,84500,979.0,0.0,979.0,0.0,1662.085
2026-05-19 15:23:42.135,84750,979.0,0.0,979.0,0.0,1662.085
2026-05-19 15:23:42.136,85000,979.0,0.0,979.0,0.0,1662.085
2026-05-19 15:23:42.238,85250,979.0,0.0,979.0,0.0,1662.085
2026-05-19 15:23:42.239,85500,979.0,0.0,979.0,0.0,1662.085
2026-05-19 15:23:42.239,85750,979.0,0.0,979.0,0.0,1662.085
2026-05-19 15:23:42.240,86000,979.0,0.0,979.0,0.0,1662.085
2026-05-19 15:23:42.240,86250,979.0,0.0,979.0,0.0,1662.085
2026-05-19 15:23:42.342,86500,979.0,0.0,979.0,0.0,1662.085
2026-05-19 15:23:42.343,86750,979.0,0.0,979.0,0.0,1662.085
2026-05-19 15:23:42.343,87000,979.0,0.0,979.0,0.0,1662.085
2026-05-19 15:23:42.344,87250,979.0,0.0,979.0,0.0,1662.085
2026-05-19 15:23:42.345,87500,979.0,0.0,979.0,0.0,1662.085
2026-05-19 15:23:42.447,87750,979.0,0.0,979.0,0.0,1662.085
2026-05-19 15:23:42.447,88000,979.0,0.0,979.0,0.0,1662.085
2026-05-19 15:23:42.448,88250,979.0,0.0,979.0,0.0,1662.085
2026-05-19 15:23:42.448,88500,979.0,0.0,979.0,0.0,1662.085
2026-05-19 15:23:42.550,88750,979.0,0.0,979.0,0.0,1662.085
2026-05-19 15:23:42.551,89000,1132.869,-4.398502875142,1129.533,-86.883,1436.336
2026-05-19 15:23:42.551,89250,979.0,0.0,979.0,0.0,1436.336
2026-05-19 15:23:42.552,89500,979.0,0.0,979.0,0.0,1436.336
2026-05-19 15:23:42.552,89750,979.0,0.0,979.0,0.0,1436.336
2026-05-19 15:23:42.655,90000,979.0,0.0,979.0,0.0,1436.336
2026-05-19 15:23:42.655,90250,979.0,0.0,979.0,0.0,1436.336
2026-05-19 15:23:42.655,90500,979.0,0.0,979.0,0.0,1324.598
2026-05-19 15:23:42.656,90750,979.0,0.0,979.0,0.0,1324.598
2026-05-19 15:23:42.763,91000,979.0,0.0,979.0,0.0,1324.598
2026-05-19 15:23:42.764,91250,979.0,0.0,979.0,0.0,1324.598
2026-05-19 15:23:42.764,91500,979.0,0.0,979.0,0.0,1324.598
2026-05-19 15:23:42.765,91750,979.0,0.0,979.0,0.0,1324.598
2026-05-19 15:23:42.765,92000,979.0,0.0,979.0,0.0,1324.598
2026-05-19 15:23:42.879,92250,979.0,0.0,979.0,0.0,1324.598
2026-05-19 15:23:42.880,92500,979.0,0.0,979.0,0.0,1324.598
2026-05-19 15:23:42.880,92750,979.0,0.0,979.0,0.0,1324.598
2026-05-19 15:23:42.881,93000,979.0,0.0,979.0,0.0,1324.598
2026-05-19 15:23:42.881,93250,979.0,0.0,979.0,0.0,1324.598
2026-05-19 15:23:42.991,93500,979.0,0.0,979.0,0.0,1324.598
2026-05-19 15:23:42.991,93750,979.0,0.0,979.0,0.0,1324.598
2026-05-19 15:23:42.992,94000,979.0,0.0,979.0,0.0,1324.598
2026-05-19 15:23:42.992,94250,979.0,0.0,979.0,0.0,1324.598
2026-05-19 15:23:42.992,94500,979.0,0.0,979.0,0.0,1324.598
2026-05-19 15:23:43.103,94750,979.0,0.0,979.0,0.0,1324.598
2026-05-19 15:23:43.103,95000,979.0,0.0,979.0,0.0,1324.598
2026-05-19 15:23:43.104,95250,1164.897,-4.049934853072,1161.117,-85.514,1121.326
2026-05-19 15:23:43.104,95500,979.0,0.0,979.0,0.0,1070.507
2026-05-19 15:23:43.104,95750,979.0,0.0,979.0,0.0,1070.507
2026-05-19 15:23:43.214,96000,979.0,0.0,979.0,0.0,1070.507
2026-05-19 15:23:43.214,96250,979.0,0.0,979.0,0.0,1070.507
2026-05-19 15:23:43.215,96500,979.0,0.0,979.0,0.0,1070.507
2026-05-19 15:23:43.215,96750,979.0,0.0,979.0,0.0,1070.507
2026-05-19 15:23:43.329,97000,979.0,0.0,979.0,0.0,1070.507
2026-05-19 15:23:43.330,97250,979.0,0.0,979.0,0.0,1070.507
2026-05-19 15:23:43.331,97500,979.0,0.0,979.0,0.0,1070.507
2026-05-19 15:23:43.331,97750,979.0,0.0,979.0,0.0,1070.507
2026-05-19 15:23:43.332,98000,979.0,0.0,979.0,0.0,1070.507
2026-05-19 15:23:43.441,98250,979.0,0.0,979.0,0.0,1070.507
2026-05-19 15:23:43.441,98500,979.0,0.0,979.0,0.0,1070.507
2026-05-19 15:23:43.442,98750,979.0,0.0,979.0,0.0,1070.507
2026-05-19 15:23:43.442,99000,979.0,0.0,979.0,0.0,1070.507
2026-05-19 15:23:43.443,99250,979.0,0.0,979.0,0.0,1070.507
2026-05-19 15:23:43.547,99500,979.0,0.0,979.0,0.0,1070.507
2026-05-19 15:23:43.548,99750,979.0,0.0,979.0,0.0,1070.507
2026-05-19 15:23:43.548,100000,979.0,0.0,979.0,0.0,1070.507
2026-05-19 15:23:44.105,10000,979.0,0.0,979.0,0.0,9286.314
2026-05-19 15:23:44.218,10250,979.0,0.0,979.0,0.0,9286.314
2026-05-19 15:23:44.441,10500,979.0,0.0,979.0,0.0,9286.314
2026-05-19 15:23:44.553,10750,981.888,-0.624395458458,981.742,-10.746,9327.412
2026-05-19 15:23:44.664,11000,979.0,0.0,979.0,0.0,9354.811
2026-05-19 15:23:44.775,11250,979.0,0.0,979.0,0.0,9105.965
2026-05-19 15:23:44.999,11500,975.908,0.591963267064,975.778,10.034,9134.955
2026-05-19 15:23:45.110,11750,979.0,0.0,979.0,0.0,9178.44
2026-05-19 15:23:45.221,12000,979.0,0.0,979.0,0.0,9178.44
2026-05-19 15:23:45.331,12250,979.0,0.0,979.0,0.0,9178.44
2026-05-19 15:23:45.442,12500,984.05,0.103550263185,984.042,1.815,9211.704
2026-05-19 15:23:45.552,12750,979.0,0.0,979.0,0.0,9025.481
2026-05-19 15:23:45.655,13000,979.0,0.0,979.0,0.0,9025.481
2026-05-19 15:23:45.759,13250,980.848,-0.287603676373,980.786,-4.96,9093.622
2026-05-19 15:23:45.864,13500,979.0,0.0,979.0,0.0,9110.657
2026-05-19 15:23:46.079,13750,979.0,0.0,979.0,0.0,9110.657
2026-05-19 15:23:46.181,14000,979.0,0.0,979.0,0.0,8971.41
2026-05-19 15:23:46.296,14250,979.0,0.0,979.0,0.0,8971.41
2026-05-19 15:23:46.409,14500,979.0,0.0,979.0,0.0,8971.41
2026-05-19 15:23:46.410,14750,986.034,-0.914447904017,985.824,-15.81,9014.381
2026-05-19 15:23:46.522,15000,994.376,0.417832049251,994.35,7.251,8938.448
2026-05-19 15:23:46.632,15250,979.0,0.0,979.0,0.0,8938.448
2026-05-19 15:23:46.745,15500,979.0,0.0,979.0,0.0,8938.448
2026-05-19 15:23:46.853,15750,959.673,-0.586936244334,959.611,-9.781,9007.432
2026-05-19 15:23:46.958,16000,979.0,0.0,979.0,0.0,8828.731
2026-05-19 15:23:47.063,16250,988.93,0.303606728,988.894,5.319,8741.398
2026-05-19 15:23:47.176,16500,968.933,1.111005784623,968.751,18.787,8920.457
2026-05-19 15:23:47.280,16750,979.0,0.0,979.0,0.0,8704.426
2026-05-19 15:23:47.381,17000,979.0,0.0,979.0,0.0,8704.426
2026-05-19 15:23:47.382,17250,947.64,-0.278150240412,947.552,-4.689,8757.246
2026-05-19 15:23:47.496,17500,999.432,0.718439151605,999.333,12.596,8656.743
2026-05-19 15:23:47.606,17750,979.0,0.0,979.0,0.0,8611.81
2026-05-19 15:23:47.710,18000,979.0,0.0,979.0,0.0,8611.81
2026-05-19 15:23:47.822,18250,985.775,-0.594377029622,985.641,-10.331,8473.065
2026-05-19 15:23:47.823,18500,979.0,0.0,979.0,0.0,8531.103
2026-05-19 15:23:47.926,18750,979.0,0.0,979.0,0.0,8531.103
2026-05-19 15:23:48.097,19000,989.022,0.401355386923,988.96,7.033,8445.951
2026-05-19 15:23:48.097,19250,975.594,0.277572172232,975.538,4.66,8347.675
