Timestamp,Freq(Hz),Imp_AVG(Ohm),Fase_AVG(°),Real_AVG(Ohm),Imag_AVG(Ohm),Mag_AVG
2026-05-19 14:21:20.229,11000,979.0,0.0,979.0,0.0,9354.811
2026-05-19 14:21:20.336,11250,986.792,-1.479908167659,986.463,-25.485,9105.965
2026-05-19 14:21:20.446,11500,979.0,0.0,979.0,0.0,9178.44
2026-05-19 14:21:20.549,11750,979.0,0.0,979.0,0.0,9178.44
2026-05-19 14:21:20.651,12000,979.0,0.0,979.0,0.0,9178.44
2026-05-19 14:21:20.762,12250,979.0,0.0,979.0,0.0,9178.44
2026-05-19 14:21:20.973,12500,979.0,0.0,979.0,0.0,9258.26
2026-05-19 14:21:21.078,12750,954.385,-0.517751315924,954.346,-8.624,9258.26
2026-05-19 14:21:21.190,13000,988.239,-1.438018381863,987.928,-24.8,9025.481
2026-05-19 14:21:21.301,13250,979.0,0.0,979.0,0.0,9110.657
2026-05-19 14:21:21.412,13500,979.0,0.0,979.0,0.0,9110.657
2026-05-19 14:21:21.524,13750,979.0,0.0,979.0,0.0,9110.657
2026-05-19 14:21:21.638,14000,979.0,0.0,979.0,0.0,8971.41
2026-05-19 14:21:21.752,14250,979.0,0.0,979.0,0.0,8971.41
2026-05-19 14:21:21.862,14500,979.0,0.0,979.0,0.0,8971.41
2026-05-19 14:21:21.966,14750,979.0,0.0,979.0,0.0,9078.838
2026-05-19 14:21:22.084,15000,979.0,0.0,979.0,0.0,8938.448
2026-05-19 14:21:22.196,15250,979.0,0.0,979.0,0.0,8938.448
2026-05-19 14:21:22.197,15500,979.0,0.0,979.0,0.0,8938.448
2026-05-19 14:21:22.306,15750,979.0,0.0,979.0,0.0,9052.108
2026-05-19 14:21:22.417,16000,979.0,0.0,979.0,0.0,8828.731
2026-05-19 14:21:22.520,16250,979.0,0.0,979.0,0.0,8828.731
2026-05-19 14:21:22.634,16500,989.171,-1.111005784623,988.985,-19.18,8828.731
2026-05-19 14:21:22.745,16750,979.0,0.0,979.0,0.0,8920.457
2026-05-19 14:21:22.858,17000,979.0,0.0,979.0,0.0,8704.426
2026-05-19 14:21:22.859,17250,979.0,0.0,979.0,0.0,8704.426
2026-05-19 14:21:22.973,17500,954.109,-0.898048939506,953.992,-14.954,8836.474
2026-05-19 14:21:23.084,17750,979.0,0.0,979.0,0.0,8611.81
2026-05-19 14:21:23.195,18000,979.0,0.0,979.0,0.0,8611.81
2026-05-19 14:21:23.306,18250,979.0,0.0,979.0,0.0,8386.009
2026-05-19 14:21:23.306,18500,979.0,0.0,979.0,0.0,8531.103
2026-05-19 14:21:23.417,18750,979.0,0.0,979.0,0.0,8531.103
2026-05-19 14:21:23.529,19000,1004.055,1.003388467307,1003.901,17.583,8318.223
2026-05-19 14:21:23.641,19250,979.0,0.0,979.0,0.0,8318.223
2026-05-19 14:21:23.642,19500,954.759,-1.08866713338,954.587,-18.14,8465.484
2026-05-19 14:21:23.752,19750,979.0,0.0,979.0,0.0,8255.872
2026-05-19 14:21:23.863,20000,979.0,0.0,979.0,0.0,8255.872
2026-05-19 14:21:23.864,20250,979.0,0.0,979.0,0.0,8255.872
2026-05-19 14:21:23.977,20500,979.0,0.0,979.0,0.0,8055.627
2026-05-19 14:21:24.089,20750,979.0,0.0,979.0,0.0,8210.115
2026-05-19 14:21:24.200,21000,959.182,-1.005522859644,959.034,-16.832,8210.115
2026-05-19 14:21:24.201,21250,979.0,0.0,979.0,0.0,8043.919
2026-05-19 14:21:24.312,21500,979.0,0.0,979.0,0.0,8043.919
2026-05-19 14:21:24.312,21750,979.0,0.0,979.0,0.0,7856.622
2026-05-19 14:21:24.424,22000,979.0,0.0,979.0,0.0,8030.595
2026-05-19 14:21:24.536,22250,979.0,0.0,979.0,0.0,8030.595
2026-05-19 14:21:24.537,22500,979.0,0.0,979.0,0.0,7842.522
2026-05-19 14:21:24.647,22750,979.0,0.0,979.0,0.0,7842.522
2026-05-19 14:21:24.760,23000,979.0,0.0,979.0,0.0,7658.862
2026-05-19 14:21:24.761,23250,979.0,0.0,979.0,0.0,7658.862
2026-05-19 14:21:24.877,23500,979.0,0.0,979.0,0.0,7658.862
2026-05-19 14:21:24.878,23750,979.0,0.0,979.0,0.0,7498.755
2026-05-19 14:21:24.990,24000,979.0,0.0,979.0,0.0,7683.264
2026-05-19 14:21:25.102,24250,979.0,0.0,979.0,0.0,7515.704
2026-05-19 14:21:25.103,24500,979.0,0.0,979.0,0.0,7515.704
2026-05-19 14:21:25.216,24750,979.0,0.0,979.0,0.0,7515.704
2026-05-19 14:21:25.216,25000,979.0,0.0,979.0,0.0,7360.845
2026-05-19 14:21:25.328,25250,979.0,0.0,979.0,0.0,7360.845
2026-05-19 14:21:25.328,25500,979.0,0.0,979.0,0.0,7206.363
2026-05-19 14:21:25.440,25750,979.0,0.0,979.0,0.0,7206.363
2026-05-19 14:21:25.552,26000,979.0,0.0,979.0,0.0,7206.363
2026-05-19 14:21:25.553,26250,979.0,0.0,979.0,0.0,7078.333
2026-05-19 14:21:25.665,26500,979.0,0.0,979.0,0.0,7078.333
2026-05-19 14:21:25.665,26750,979.0,0.0,979.0,0.0,6937.194
2026-05-19 14:21:25.777,27000,979.0,0.0,979.0,0.0,6937.194
2026-05-19 14:21:25.777,27250,979.0,0.0,979.0,0.0,6804.488
2026-05-19 14:21:25.887,27500,979.0,0.0,979.0,0.0,6804.488
2026-05-19 14:21:25.888,27750,979.0,0.0,979.0,0.0,6804.488
2026-05-19 14:21:25.998,28000,979.0,0.0,979.0,0.0,6670.342
2026-05-19 14:21:25.998,28250,979.0,0.0,979.0,0.0,6670.342
2026-05-19 14:21:26.108,28500,979.0,0.0,979.0,0.0,6557.083
2026-05-19 14:21:26.109,28750,979.0,0.0,979.0,0.0,6557.083
2026-05-19 14:21:26.219,29000,979.0,0.0,979.0,0.0,6557.083
2026-05-19 14:21:26.331,29250,979.0,0.0,979.0,0.0,6439.888
2026-05-19 14:21:26.331,29500,979.0,0.0,979.0,0.0,6439.888
2026-05-19 14:21:26.442,29750,979.0,0.0,979.0,0.0,6329.513
2026-05-19 14:21:26.442,30000,979.0,0.0,979.0,0.0,6329.513
2026-05-19 14:21:26.443,30250,979.0,0.0,979.0,0.0,6329.513
2026-05-19 14:21:26.557,30500,979.0,0.0,979.0,0.0,6231.235
2026-05-19 14:21:26.557,30750,979.0,0.0,979.0,0.0,6231.235
2026-05-19 14:21:26.668,31000,979.0,0.0,979.0,0.0,6231.235
2026-05-19 14:21:26.669,31250,979.0,0.0,979.0,0.0,6132.743
2026-05-19 14:21:26.780,31500,979.0,0.0,979.0,0.0,6132.743
2026-05-19 14:21:26.780,31750,979.0,0.0,979.0,0.0,6055.123
2026-05-19 14:21:26.892,32000,979.0,0.0,979.0,0.0,5819.217
2026-05-19 14:21:26.893,32250,979.0,0.0,979.0,0.0,5819.217
2026-05-19 14:21:27.006,32500,979.0,0.0,979.0,0.0,5745.191
2026-05-19 14:21:27.006,32750,979.0,0.0,979.0,0.0,5745.191
2026-05-19 14:21:27.119,33000,979.0,0.0,979.0,0.0,5745.191
2026-05-19 14:21:27.119,33250,979.0,0.0,979.0,0.0,5682.385
2026-05-19 14:21:27.120,33500,979.0,0.0,979.0,0.0,5682.385
2026-05-19 14:21:27.233,33750,979.0,0.0,979.0,0.0,5682.385
2026-05-19 14:21:27.234,34000,979.0,0.0,979.0,0.0,5630.485
2026-05-19 14:21:27.344,34250,979.0,0.0,979.0,0.0,5379.444
2026-05-19 14:21:27.344,34500,979.0,0.0,979.0,0.0,5339.018
2026-05-19 14:21:27.454,34750,979.0,0.0,979.0,0.0,5339.018
2026-05-19 14:21:27.455,35000,979.0,0.0,979.0,0.0,5339.018
2026-05-19 14:21:27.455,35250,979.0,0.0,979.0,0.0,5339.018
2026-05-19 14:21:27.566,35500,979.0,0.0,979.0,0.0,5311.955
2026-05-19 14:21:27.566,35750,979.0,0.0,979.0,0.0,5069.911
2026-05-19 14:21:27.677,36000,979.0,0.0,979.0,0.0,5069.911
2026-05-19 14:21:27.677,36250,979.0,0.0,979.0,0.0,5053.16
2026-05-19 14:21:27.787,36500,979.0,0.0,979.0,0.0,5053.16
2026-05-19 14:21:27.788,36750,979.0,0.0,979.0,0.0,5053.16
2026-05-19 14:21:27.788,37000,979.0,0.0,979.0,0.0,5052.649
2026-05-19 14:21:27.898,37250,979.0,0.0,979.0,0.0,4801.84
2026-05-19 14:21:27.898,37500,979.0,0.0,979.0,0.0,4801.84
2026-05-19 14:21:28.009,37750,979.0,0.0,979.0,0.0,4819.526
2026-05-19 14:21:28.009,38000,979.0,0.0,979.0,0.0,4819.526
2026-05-19 14:21:28.010,38250,979.0,0.0,979.0,0.0,4819.526
2026-05-19 14:21:28.119,38500,979.0,0.0,979.0,0.0,4819.526
2026-05-19 14:21:28.120,38750,979.0,0.0,979.0,0.0,4591.487
2026-05-19 14:21:28.230,39000,979.0,0.0,979.0,0.0,4591.487
2026-05-19 14:21:28.231,39250,979.0,0.0,979.0,0.0,4591.487
2026-05-19 14:21:28.231,39500,979.0,0.0,979.0,0.0,4591.487
2026-05-19 14:21:28.342,39750,979.0,0.0,979.0,0.0,4637.368
2026-05-19 14:21:28.342,40000,979.0,0.0,979.0,0.0,4380.519
2026-05-19 14:21:28.453,40250,979.0,0.0,979.0,0.0,4380.519
2026-05-19 14:21:28.454,40500,979.0,0.0,979.0,0.0,4380.519
2026-05-19 14:21:28.454,40750,963.835,3.455564014488,962.083,58.095,4449.44
2026-05-19 14:21:28.564,41000,979.0,0.0,979.0,0.0,4449.44
2026-05-19 14:21:28.565,41250,979.0,0.0,979.0,0.0,4262.566
2026-05-19 14:21:28.565,41500,979.0,0.0,979.0,0.0,4262.566
2026-05-19 14:21:28.676,41750,960.683,3.218750224387,959.168,53.941,4343.838
2026-05-19 14:21:28.677,42000,979.0,0.0,979.0,0.0,4343.838
2026-05-19 14:21:28.788,42250,924.433,-1.248586179911,924.213,-20.144,4343.838
2026-05-19 14:21:28.789,42500,979.0,0.0,979.0,0.0,4101.722
2026-05-19 14:21:28.789,42750,979.0,0.0,979.0,0.0,4101.722
2026-05-19 14:21:28.900,43000,979.0,0.0,979.0,0.0,4101.722
2026-05-19 14:21:28.900,43250,979.0,0.0,979.0,0.0,4198.29
2026-05-19 14:21:28.901,43500,979.0,0.0,979.0,0.0,4198.29
2026-05-19 14:21:29.012,43750,979.0,0.0,979.0,0.0,3960.624
2026-05-19 14:21:29.013,44000,979.0,0.0,979.0,0.0,3960.624
2026-05-19 14:21:29.013,44250,979.0,0.0,979.0,0.0,3960.624
2026-05-19 14:21:29.126,44500,979.0,0.0,979.0,0.0,3960.624
2026-05-19 14:21:29.127,44750,979.0,0.0,979.0,0.0,3861.35
2026-05-19 14:21:29.128,45000,979.0,0.0,979.0,0.0,3861.35
2026-05-19 14:21:29.238,45250,979.0,0.0,979.0,0.0,3861.35
2026-05-19 14:21:29.239,45500,979.0,0.0,979.0,0.0,3861.35
2026-05-19 14:21:29.239,45750,979.0,0.0,979.0,0.0,3861.35
2026-05-19 14:21:29.351,46000,979.0,0.0,979.0,0.0,3655.855
2026-05-19 14:21:29.352,46250,979.0,0.0,979.0,0.0,3823.201
2026-05-19 14:21:29.352,46500,979.0,0.0,979.0,0.0,3823.201
2026-05-19 14:21:29.462,46750,979.0,0.0,979.0,0.0,3823.201
2026-05-19 14:21:29.462,47000,979.0,0.0,979.0,0.0,3823.201
2026-05-19 14:21:29.463,47250,979.0,0.0,979.0,0.0,3625.638
2026-05-19 14:21:29.573,47500,979.0,0.0,979.0,0.0,3625.638
2026-05-19 14:21:29.574,47750,979.0,0.0,979.0,0.0,3625.638
2026-05-19 14:21:29.574,48000,979.0,0.0,979.0,0.0,3625.638
2026-05-19 14:21:29.685,48250,934.658,3.072382154865,933.314,50.095,3797.646
2026-05-19 14:21:29.685,48500,979.0,0.0,979.0,0.0,3618.973
2026-05-19 14:21:29.686,48750,979.0,0.0,979.0,0.0,3618.973
2026-05-19 14:21:29.797,49000,979.0,0.0,979.0,0.0,3618.973
2026-05-19 14:21:29.798,49250,930.053,-3.100736592919,928.692,-50.308,3618.973
2026-05-19 14:21:29.798,49500,979.0,0.0,979.0,0.0,3438.037
2026-05-19 14:21:29.909,49750,979.0,0.0,979.0,0.0,3438.037
2026-05-19 14:21:29.910,50000,979.0,0.0,979.0,0.0,3438.037
2026-05-19 14:21:29.910,50250,979.0,0.0,979.0,0.0,3438.037
2026-05-19 14:21:30.021,50500,979.0,0.0,979.0,0.0,3438.037
2026-05-19 14:21:30.022,50750,928.344,2.607632761173,927.382,42.236,3625.638
2026-05-19 14:21:30.022,51000,979.0,0.0,979.0,0.0,3448.719
2026-05-19 14:21:30.023,51250,979.0,0.0,979.0,0.0,3448.719
2026-05-19 14:21:30.133,51500,979.0,0.0,979.0,0.0,3448.719
2026-05-19 14:21:30.134,51750,979.0,0.0,979.0,0.0,3448.719
2026-05-19 14:21:30.134,52000,979.0,0.0,979.0,0.0,3448.719
2026-05-19 14:21:30.249,52250,979.0,0.0,979.0,0.0,3304.868
2026-05-19 14:21:30.250,52500,979.0,0.0,979.0,0.0,3304.868
2026-05-19 14:21:30.250,52750,979.0,0.0,979.0,0.0,3304.868
2026-05-19 14:21:30.361,53000,979.0,0.0,979.0,0.0,3304.868
2026-05-19 14:21:30.361,53250,979.0,0.0,979.0,0.0,3304.868
2026-05-19 14:21:30.362,53500,979.0,0.0,979.0,0.0,3304.868
2026-05-19 14:21:30.362,53750,979.0,0.0,979.0,0.0,3181.295
2026-05-19 14:21:30.471,54000,979.0,0.0,979.0,0.0,3181.295
2026-05-19 14:21:30.472,54250,979.0,0.0,979.0,0.0,3181.295
2026-05-19 14:21:30.472,54500,979.0,0.0,979.0,0.0,3181.295
2026-05-19 14:21:30.582,54750,979.0,0.0,979.0,0.0,3181.295
2026-05-19 14:21:30.583,55000,979.0,0.0,979.0,0.0,3181.295
2026-05-19 14:21:30.583,55250,979.0,0.0,979.0,0.0,3181.295
2026-05-19 14:21:30.584,55500,944.564,-4.202265832369,942.024,-69.215,3181.295
2026-05-19 14:21:30.693,55750,979.0,0.0,979.0,0.0,3069.393
2026-05-19 14:21:30.694,56000,979.0,0.0,979.0,0.0,3069.393
2026-05-19 14:21:30.694,56250,979.0,0.0,979.0,0.0,3069.393
2026-05-19 14:21:30.804,56500,979.0,0.0,979.0,0.0,3069.393
2026-05-19 14:21:30.806,56750,979.0,0.0,979.0,0.0,3069.393
2026-05-19 14:21:30.807,57000,979.0,0.0,979.0,0.0,3069.393
2026-05-19 14:21:30.922,57250,979.0,0.0,979.0,0.0,3069.393
2026-05-19 14:21:30.922,57500,979.0,0.0,979.0,0.0,3069.393
2026-05-19 14:21:30.923,57750,979.0,0.0,979.0,0.0,3069.393
2026-05-19 14:21:30.923,58000,937.022,6.321979856173,931.324,103.181,3206.9
2026-05-19 14:21:31.033,58250,937.022,6.321979856173,931.324,103.181,3206.9
2026-05-19 14:21:31.033,58500,979.0,0.0,979.0,0.0,3206.9
2026-05-19 14:21:31.034,58750,979.0,0.0,979.0,0.0,3206.9
2026-05-19 14:21:31.144,59000,999.799,4.369904778779,996.892,76.18,3140.187
2026-05-19 14:21:31.145,59250,979.0,0.0,979.0,0.0,3140.187
2026-05-19 14:21:31.145,59500,958.634,-4.369904778779,955.847,-73.043,3206.9
2026-05-19 14:21:31.146,59750,1057.587,-1.463962538707,1057.242,-27.019,2968.602
2026-05-19 14:21:31.256,60000,979.0,0.0,979.0,0.0,2968.602
2026-05-19 14:21:31.257,60250,979.0,0.0,979.0,0.0,2968.602
2026-05-19 14:21:31.257,60500,979.0,0.0,979.0,0.0,2968.602
2026-05-19 14:21:31.367,60750,979.0,0.0,979.0,0.0,2968.602
2026-05-19 14:21:31.368,61000,979.0,0.0,979.0,0.0,2968.602
2026-05-19 14:21:31.368,61250,979.0,0.0,979.0,0.0,2968.602
2026-05-19 14:21:31.369,61500,979.0,0.0,979.0,0.0,2968.602
2026-05-19 14:21:31.479,61750,979.0,0.0,979.0,0.0,2968.602
2026-05-19 14:21:31.479,62000,979.0,0.0,979.0,0.0,2968.602
2026-05-19 14:21:31.480,62250,979.0,0.0,979.0,0.0,2968.602
2026-05-19 14:21:31.480,62500,979.0,0.0,979.0,0.0,2968.602
2026-05-19 14:21:31.590,62750,979.0,0.0,979.0,0.0,2968.602
2026-05-19 14:21:31.591,63000,979.0,0.0,979.0,0.0,2968.602
2026-05-19 14:21:31.591,63250,979.0,0.0,979.0,0.0,2736.319
2026-05-19 14:21:31.591,63500,979.0,0.0,979.0,0.0,2736.319
2026-05-19 14:21:31.702,63750,979.0,0.0,979.0,0.0,2736.319
2026-05-19 14:21:31.702,64000,979.0,0.0,979.0,0.0,2736.319
2026-05-19 14:21:31.703,64250,979.0,0.0,979.0,0.0,2736.319
2026-05-19 14:21:31.703,64500,979.0,0.0,979.0,0.0,2736.319
2026-05-19 14:21:31.814,64750,979.0,0.0,979.0,0.0,2736.319
2026-05-19 14:21:31.814,65000,979.0,0.0,979.0,0.0,2736.319
2026-05-19 14:21:31.815,65250,979.0,0.0,979.0,0.0,2736.319
2026-05-19 14:21:31.815,65500,979.0,0.0,979.0,0.0,2736.319
2026-05-19 14:21:31.930,65750,979.0,0.0,979.0,0.0,2736.319
2026-05-19 14:21:31.931,66000,979.0,0.0,979.0,0.0,2736.319
2026-05-19 14:21:31.932,66250,979.0,0.0,979.0,0.0,2736.319
2026-05-19 14:21:31.932,66500,979.0,0.0,979.0,0.0,2736.319
2026-05-19 14:21:31.933,66750,979.0,0.0,979.0,0.0,2736.319
2026-05-19 14:21:32.041,67000,979.0,0.0,979.0,0.0,2736.319
2026-05-19 14:21:32.041,67250,979.0,0.0,979.0,0.0,2492.103
2026-05-19 14:21:32.042,67500,979.0,0.0,979.0,0.0,2492.103
2026-05-19 14:21:32.156,67750,979.0,0.0,979.0,0.0,2492.103
2026-05-19 14:21:32.156,68000,979.0,0.0,979.0,0.0,2492.103
2026-05-19 14:21:32.157,68250,979.0,0.0,979.0,0.0,2492.103
2026-05-19 14:21:32.157,68500,934.294,-5.567750663059,929.886,-90.648,2611.351
2026-05-19 14:21:32.157,68750,979.0,0.0,979.0,0.0,2611.351
2026-05-19 14:21:32.268,69000,979.0,0.0,979.0,0.0,2611.351
2026-05-19 14:21:32.269,69250,979.0,0.0,979.0,0.0,2611.351
2026-05-19 14:21:32.269,69500,979.0,0.0,979.0,0.0,2611.351
2026-05-19 14:21:32.270,69750,979.0,0.0,979.0,0.0,2611.351
2026-05-19 14:21:32.379,70000,979.0,0.0,979.0,0.0,2611.351
2026-05-19 14:21:32.380,70250,979.0,0.0,979.0,0.0,2611.351
2026-05-19 14:21:32.380,70500,979.0,0.0,979.0,0.0,2611.351
2026-05-19 14:21:32.381,70750,979.0,0.0,979.0,0.0,2611.351
2026-05-19 14:21:32.492,71000,979.0,0.0,979.0,0.0,2611.351
2026-05-19 14:21:32.492,71250,979.0,0.0,979.0,0.0,2611.351
2026-05-19 14:21:32.492,71500,979.0,0.0,979.0,0.0,2611.351
2026-05-19 14:21:32.493,71750,1083.466,-3.368127183258,1081.595,-63.655,2359.568
2026-05-19 14:21:32.604,72000,979.0,0.0,979.0,0.0,2359.568
2026-05-19 14:21:32.605,72250,1037.334,6.023390614508,1031.607,108.852,2226.878
2026-05-19 14:21:32.605,72500,1037.334,6.023390614508,1031.607,108.852,2226.878
2026-05-19 14:21:32.606,72750,1037.334,6.023390614508,1031.607,108.852,2226.878
2026-05-19 14:21:32.717,73000,979.0,0.0,979.0,0.0,2226.878
2026-05-19 14:21:32.718,73250,979.0,0.0,979.0,0.0,2226.878
2026-05-19 14:21:32.718,73500,979.0,0.0,979.0,0.0,2226.878
2026-05-19 14:21:32.719,73750,979.0,0.0,979.0,0.0,2226.878
2026-05-19 14:21:32.828,74000,979.0,0.0,979.0,0.0,2226.878
2026-05-19 14:21:32.828,74250,979.0,0.0,979.0,0.0,2226.878
2026-05-19 14:21:32.829,74500,979.0,0.0,979.0,0.0,2226.878
2026-05-19 14:21:32.829,74750,979.0,0.0,979.0,0.0,2226.878
2026-05-19 14:21:32.941,75000,979.0,0.0,979.0,0.0,2226.878
2026-05-19 14:21:32.942,75250,979.0,0.0,979.0,0.0,2226.878
2026-05-19 14:21:32.942,75500,979.0,0.0,979.0,0.0,2226.878
2026-05-19 14:21:32.943,75750,979.0,0.0,979.0,0.0,2226.878
2026-05-19 14:21:33.053,76000,979.0,0.0,979.0,0.0,2226.878
2026-05-19 14:21:33.053,76250,979.0,0.0,979.0,0.0,2226.878
2026-05-19 14:21:33.054,76500,979.0,0.0,979.0,0.0,2226.878
2026-05-19 14:21:33.054,76750,979.0,0.0,979.0,0.0,2226.878
2026-05-19 14:21:33.055,77000,979.0,0.0,979.0,0.0,2226.878
2026-05-19 14:21:33.165,77250,979.0,0.0,979.0,0.0,2226.878
2026-05-19 14:21:33.165,77500,877.88,3.235425986683,876.481,49.547,2226.878
2026-05-19 14:21:33.166,77750,979.0,0.0,979.0,0.0,1996.867
2026-05-19 14:21:33.166,78000,979.0,0.0,979.0,0.0,1996.867
2026-05-19 14:21:33.167,78250,979.0,0.0,979.0,0.0,1996.867
2026-05-19 14:21:33.276,78500,979.0,0.0,979.0,0.0,1996.867
2026-05-19 14:21:33.277,78750,979.0,0.0,979.0,0.0,1996.867
2026-05-19 14:21:33.278,79000,979.0,0.0,979.0,0.0,1996.867
2026-05-19 14:21:33.278,79250,979.0,0.0,979.0,0.0,1996.867
2026-05-19 14:21:33.278,79500,979.0,0.0,979.0,0.0,1996.867
2026-05-19 14:21:33.389,79750,979.0,0.0,979.0,0.0,1996.867
2026-05-19 14:21:33.390,80000,979.0,0.0,979.0,0.0,1996.867
2026-05-19 14:21:33.391,80250,979.0,0.0,979.0,0.0,1996.867
2026-05-19 14:21:33.391,80500,979.0,0.0,979.0,0.0,1996.867
2026-05-19 14:21:33.391,80750,979.0,0.0,979.0,0.0,1996.867
2026-05-19 14:21:33.500,81000,979.0,0.0,979.0,0.0,1996.867
2026-05-19 14:21:33.501,81250,979.0,0.0,979.0,0.0,1996.867
2026-05-19 14:21:33.501,81500,979.0,0.0,979.0,0.0,1996.867
2026-05-19 14:21:33.502,81750,979.0,0.0,979.0,0.0,1996.867
2026-05-19 14:21:33.613,82000,979.0,0.0,979.0,0.0,1887.867
2026-05-19 14:21:33.613,82250,979.0,0.0,979.0,0.0,1887.867
2026-05-19 14:21:33.614,82500,979.0,0.0,979.0,0.0,1887.867
2026-05-19 14:21:33.614,82750,979.0,0.0,979.0,0.0,1887.867
2026-05-19 14:21:33.615,83000,979.0,0.0,979.0,0.0,1887.867
2026-05-19 14:21:33.725,83250,979.0,0.0,979.0,0.0,1662.085
2026-05-19 14:21:33.725,83500,979.0,0.0,979.0,0.0,1662.085
2026-05-19 14:21:33.726,83750,979.0,0.0,979.0,0.0,1662.085
2026-05-19 14:21:33.726,84000,979.0,0.0,979.0,0.0,1662.085
2026-05-19 14:21:33.727,84250,979.0,0.0,979.0,0.0,1662.085
2026-05-19 14:21:33.837,84500,979.0,0.0,979.0,0.0,1662.085
2026-05-19 14:21:33.837,84750,979.0,0.0,979.0,0.0,1662.085
2026-05-19 14:21:33.838,85000,979.0,0.0,979.0,0.0,1662.085
2026-05-19 14:21:33.838,85250,979.0,0.0,979.0,0.0,1662.085
2026-05-19 14:21:33.839,85500,979.0,0.0,979.0,0.0,1662.085
2026-05-19 14:21:33.948,85750,979.0,0.0,979.0,0.0,1662.085
2026-05-19 14:21:33.948,86000,979.0,0.0,979.0,0.0,1662.085
2026-05-19 14:21:33.948,86250,979.0,0.0,979.0,0.0,1662.085
2026-05-19 14:21:33.949,86500,979.0,0.0,979.0,0.0,1662.085
2026-05-19 14:21:33.949,86750,979.0,0.0,979.0,0.0,1662.085
2026-05-19 14:21:34.060,87000,979.0,0.0,979.0,0.0,1662.085
2026-05-19 14:21:34.060,87250,979.0,0.0,979.0,0.0,1662.085
2026-05-19 14:21:34.061,87500,979.0,0.0,979.0,0.0,1662.085
2026-05-19 14:21:34.061,87750,979.0,0.0,979.0,0.0,1662.085
2026-05-19 14:21:34.061,88000,979.0,0.0,979.0,0.0,1662.085
2026-05-19 14:21:34.172,88250,979.0,0.0,979.0,0.0,1662.085
2026-05-19 14:21:34.172,88500,979.0,0.0,979.0,0.0,1662.085
2026-05-19 14:21:34.173,88750,979.0,0.0,979.0,0.0,1662.085
2026-05-19 14:21:34.173,89000,979.0,0.0,979.0,0.0,1662.085
2026-05-19 14:21:34.174,89250,979.0,0.0,979.0,0.0,1436.336
2026-05-19 14:21:34.284,89500,979.0,0.0,979.0,0.0,1436.336
2026-05-19 14:21:34.284,89750,979.0,0.0,979.0,0.0,1436.336
2026-05-19 14:21:34.284,90000,979.0,0.0,979.0,0.0,1436.336
2026-05-19 14:21:34.285,90250,979.0,0.0,979.0,0.0,1436.336
2026-05-19 14:21:34.395,90500,979.0,0.0,979.0,0.0,1324.598
2026-05-19 14:21:34.395,90750,979.0,0.0,979.0,0.0,1324.598
2026-05-19 14:21:34.396,91000,979.0,0.0,979.0,0.0,1324.598
2026-05-19 14:21:34.396,91250,979.0,0.0,979.0,0.0,1324.598
2026-05-19 14:21:34.397,91500,979.0,0.0,979.0,0.0,1324.598
2026-05-19 14:21:34.508,91750,979.0,0.0,979.0,0.0,1324.598
2026-05-19 14:21:34.508,92000,979.0,0.0,979.0,0.0,1324.598
2026-05-19 14:21:34.509,92250,979.0,0.0,979.0,0.0,1324.598
2026-05-19 14:21:34.509,92500,979.0,0.0,979.0,0.0,1324.598
2026-05-19 14:21:34.509,92750,979.0,0.0,979.0,0.0,1324.598
2026-05-19 14:21:34.619,93000,979.0,0.0,979.0,0.0,1324.598
2026-05-19 14:21:34.620,93250,979.0,0.0,979.0,0.0,1324.598
2026-05-19 14:21:34.620,93500,979.0,0.0,979.0,0.0,1324.598
2026-05-19 14:21:34.620,93750,979.0,0.0,979.0,0.0,1324.598
2026-05-19 14:21:34.621,94000,979.0,0.0,979.0,0.0,1324.598
2026-05-19 14:21:34.731,94250,979.0,0.0,979.0,0.0,1324.598
2026-05-19 14:21:34.732,94500,979.0,0.0,979.0,0.0,1324.598
2026-05-19 14:21:34.732,94750,979.0,0.0,979.0,0.0,1324.598
2026-05-19 14:21:34.733,95000,979.0,0.0,979.0,0.0,1324.598
2026-05-19 14:21:34.733,95250,791.203,5.062418566341,788.117,69.817,1324.598
2026-05-19 14:21:34.843,95500,979.0,0.0,979.0,0.0,1070.507
2026-05-19 14:21:34.843,95750,979.0,0.0,979.0,0.0,1070.507
2026-05-19 14:21:34.844,96000,979.0,0.0,979.0,0.0,1070.507
2026-05-19 14:21:34.844,96250,979.0,0.0,979.0,0.0,1070.507
2026-05-19 14:21:34.844,96500,979.0,0.0,979.0,0.0,1070.507
2026-05-19 14:21:34.954,96750,979.0,0.0,979.0,0.0,1070.507
2026-05-19 14:21:34.955,97000,979.0,0.0,979.0,0.0,1070.507
2026-05-19 14:21:34.955,97250,979.0,0.0,979.0,0.0,1070.507
2026-05-19 14:21:34.955,97500,979.0,0.0,979.0,0.0,1070.507
2026-05-19 14:21:34.956,97750,979.0,0.0,979.0,0.0,1070.507
2026-05-19 14:21:35.066,98000,979.0,0.0,979.0,0.0,1070.507
2026-05-19 14:21:35.067,98250,979.0,0.0,979.0,0.0,1070.507
2026-05-19 14:21:35.067,98500,979.0,0.0,979.0,0.0,1070.507
2026-05-19 14:21:35.068,98750,979.0,0.0,979.0,0.0,1070.507
2026-05-19 14:21:35.178,99000,979.0,0.0,979.0,0.0,1070.507
2026-05-19 14:21:35.179,99250,979.0,0.0,979.0,0.0,1070.507
2026-05-19 14:21:35.179,99500,979.0,0.0,979.0,0.0,1070.507
2026-05-19 14:21:35.180,99750,979.0,0.0,979.0,0.0,1070.507
2026-05-19 14:21:35.180,100000,979.0,0.0,979.0,0.0,1070.507
2026-05-19 14:21:35.736,10000,979.0,0.0,979.0,0.0,9286.314
2026-05-19 14:21:35.960,10250,979.0,0.0,979.0,0.0,9286.314
2026-05-19 14:21:36.071,10500,979.0,0.0,979.0,0.0,9286.314
2026-05-19 14:21:36.183,10750,971.832,1.560988646146,971.471,26.474,9354.811
2026-05-19 14:21:36.295,11000,979.0,0.0,979.0,0.0,9354.811
2026-05-19 14:21:36.518,11250,982.896,-0.739954083829,982.731,-12.743,9142.202
2026-05-19 14:21:36.630,11500,982.896,-0.739954083829,982.731,-12.743,9142.202
2026-05-19 14:21:36.742,11750,979.0,0.0,979.0,0.0,9178.44
2026-05-19 14:21:36.855,12000,979.0,0.0,979.0,0.0,9178.44
2026-05-19 14:21:36.966,12250,979.0,0.0,979.0,0.0,9178.44
2026-05-19 14:21:37.081,12500,979.0,0.0,979.0,0.0,9258.26
2026-05-19 14:21:37.193,12750,954.385,-0.517751315924,954.346,-8.624,9258.26
2026-05-19 14:21:37.306,13000,988.239,-1.438018381863,987.928,-24.8,9025.481
2026-05-19 14:21:37.421,13250,983.62,-0.719009190932,983.464,-12.4,9068.069
2026-05-19 14:21:37.533,13500,979.0,0.0,979.0,0.0,9110.657
2026-05-19 14:21:37.645,13750,979.0,0.0,979.0,0.0,9110.657
2026-05-19 14:21:37.756,14000,16662.745,55.827747626477,-5478.831,15031.729,4621.469
2026-05-19 14:21:37.867,14250,16662.745,55.827747626477,-5478.831,15031.729,4621.469
2026-05-19 14:21:37.979,14500,16124.762,9.889990600221,15202.267,5291.116,4626.141
2026-05-19 14:21:38.090,14750,16311.986,9.127950680207,15515.591,4956.578,4679.855
2026-05-19 14:21:38.200,15000,16603.322,54.856791681837,-4945.99,15169.401,4604.988
2026-05-19 14:21:38.312,15250,16603.322,54.856791681837,-4945.99,15169.401,4604.988
2026-05-19 14:21:38.424,15500,16603.322,54.856791681837,-4945.99,15169.401,4604.988
2026-05-19 14:21:38.537,15750,16265.401,8.177813360561,15626.988,4442.469,4666.49
2026-05-19 14:21:38.648,16000,16405.53,53.748735234108,-4295.872,15179.599,4550.13
2026-05-19 14:21:38.759,16250,16405.53,53.748735234108,-4295.872,15179.599,4550.13
2026-05-19 14:21:38.760,16500,16575.974,52.637729449485,-4042.306,15418.583,4550.13
2026-05-19 14:21:38.870,16750,16570.889,53.193232341797,-4047.298,15428.173,4595.993
2026-05-19 14:21:38.982,17000,16181.44,52.80391212238,-3732.437,15113.312,4487.978
2026-05-19 14:21:39.093,17250,16181.44,52.80391212238,-3732.437,15113.312,4487.978
2026-05-19 14:21:39.204,17500,16002.029,51.162884747278,-3074.428,15105.835,4554.002
2026-05-19 14:21:39.314,17750,16014.474,51.611909217031,-3061.924,15113.313,4441.669
2026-05-19 14:21:39.315,18000,16014.474,51.611909217031,-3061.924,15113.313,4441.669
2026-05-19 14:21:39.425,18250,15607.411,51.131565836949,-2721.569,14772.957,4328.769
2026-05-19 14:21:39.537,18500,15868.98,50.388594549922,-2386.312,15108.214,4401.316
2026-05-19 14:21:39.648,18750,15868.98,50.388594549922,-2386.312,15108.214,4401.316
2026-05-19 14:21:39.649,19000,15881.508,50.890288783575,-2373.862,15117.005,4294.876
2026-05-19 14:21:39.758,19250,14986.396,3.949143290012,14848.872,1992.09,4299.547
2026-05-19 14:21:39.871,19500,15360.686,48.10430275231,-1413.145,14753.689,4368.507
2026-05-19 14:21:39.981,19750,15372.807,48.648636318999,-1400.939,14762.759,4263.701
2026-05-19 14:21:39.982,20000,15372.807,48.648636318999,-1400.939,14762.759,4263.701
2026-05-19 14:21:40.093,20250,15372.807,48.648636318999,-1400.939,14762.759,4263.701
2026-05-19 14:21:40.205,20500,15011.814,48.094006776821,-1075.88,14437.701,4163.578
2026-05-19 14:21:40.206,20750,15290.318,47.433251060035,-766.118,14747.462,4240.822
2026-05-19 14:21:40.319,21000,14980.798,46.427728200391,-496.933,14459.878,4240.822
2026-05-19 14:21:40.431,21250,14990.707,46.930489630213,-486.951,14468.294,4157.724
2026-05-19 14:21:40.432,21500,14990.707,46.930489630213,-486.951,14468.294,4157.724
2026-05-19 14:21:40.543,21750,14653.057,46.328325849436,-166.991,14148.335,4064.076
2026-05-19 14:21:40.655,22000,14966.688,45.655905390009,158.068,14473.393,4151.062
2026-05-19 14:21:40.656,22250,14966.688,45.655905390009,158.068,14473.393,4151.062
2026-05-19 14:21:40.766,22500,14627.637,44.992251044345,493.324,14138.137,4057.025
2026-05-19 14:21:40.879,22750,14627.637,44.992251044345,493.324,14138.137,4057.025
2026-05-19 14:21:40.880,23000,14296.544,44.296379173534,828.581,13802.88,3965.196
2026-05-19 14:21:40.991,23250,14296.544,44.296379173534,828.581,13802.88,3965.196
2026-05-19 14:21:40.991,23500,14296.544,44.296379173534,828.581,13802.88,3965.196
2026-05-19 14:21:41.102,23750,14007.91,43.646095953977,1128.145,13503.316,3885.142
2026-05-19 14:21:41.213,24000,14340.536,43.026318494959,1443.005,13818.177,3977.397
2026-05-19 14:21:41.213,24250,14038.465,42.281750530427,1773.163,13488.02,3893.616
2026-05-19 14:21:41.324,24500,14038.465,42.281750530427,1773.163,13488.02,3893.616
2026-05-19 14:21:41.325,24750,14038.465,42.281750530427,1773.163,13488.02,3893.616
2026-05-19 14:21:41.435,25000,13759.292,41.540578179773,2088.023,13173.159,3816.187
2026-05-19 14:21:41.548,25250,13759.292,41.540578179773,2088.023,13173.159,3816.187
2026-05-19 14:21:41.549,25500,13480.799,40.742539922903,2413.082,12848.1,3738.946
2026-05-19 14:21:41.659,25750,13480.799,40.742539922903,2413.082,12848.1,3738.946
2026-05-19 14:21:41.660,26000,13480.799,40.742539922903,2413.082,12848.1,3738.946
2026-05-19 14:21:41.771,26250,13249.992,40.029829726113,2692.25,12568.932,3674.931
2026-05-19 14:21:41.771,26500,13249.992,40.029829726113,2692.25,12568.932,3674.931
2026-05-19 14:21:41.883,26750,12995.554,39.18124823603,3012.21,12248.973,3604.362
2026-05-19 14:21:41.884,27000,12995.554,39.18124823603,3012.21,12248.973,3604.362
2026-05-19 14:21:41.995,27250,12756.318,38.312577230255,3327.07,11934.112,3538.009
2026-05-19 14:21:41.996,27500,12756.318,38.312577230255,3327.07,11934.112,3538.009
2026-05-19 14:21:42.107,27750,12756.318,38.312577230255,3327.07,11934.112,3538.009
2026-05-19 14:21:42.221,28000,12514.486,37.350599686508,3662.327,11598.855,3470.935
2026-05-19 14:21:42.221,28250,12514.486,37.350599686508,3662.327,11598.855,3470.935
2026-05-19 14:21:42.333,28500,12310.307,36.458629387557,3961.891,11299.292,3414.306
2026-05-19 14:21:42.334,28750,12310.307,36.458629387557,3961.891,11299.292,3414.306
2026-05-19 14:21:42.444,29000,12310.307,36.458629387557,3961.891,11299.292,3414.306
2026-05-19 14:21:42.445,29250,12099.034,35.440334971582,4292.048,10969.134,3355.708
2026-05-19 14:21:42.557,29500,12099.034,35.440334971582,4292.048,10969.134,3355.708
2026-05-19 14:21:42.558,29750,11900.056,34.369113052151,4627.305,10633.878,3300.521
2026-05-19 14:21:42.668,30000,11900.056,34.369113052151,4627.305,10633.878,3300.521
2026-05-19 14:21:42.668,30250,11900.056,34.369113052151,4627.305,10633.878,3300.521
2026-05-19 14:21:42.779,30500,11722.883,33.295695962071,4952.363,10308.819,3251.382
2026-05-19 14:21:42.779,30750,841.416,4.941078025878,836.195,60.397,7449.301
2026-05-19 14:21:42.780,31000,843.439,5.797290557861,836.217,71.137,7424.538
2026-05-19 14:21:42.891,31250,839.54,5.433022978285,833.264,65.987,7354.421
2026-05-19 14:21:42.891,31500,839.54,5.433022978285,833.264,65.987,7354.421
2026-05-19 14:21:42.995,31750,847.446,5.094217222736,841.801,63.316,7167.831
2026-05-19 14:21:42.995,32000,833.5,5.447464542929,827.3,65.019,7049.878
2026-05-19 14:21:43.107,32250,834.592,6.340369374723,826.175,75.754,7036.776
2026-05-19 14:21:43.108,32500,820.377,5.995438514616,813.157,68.742,7122.324
2026-05-19 14:21:43.220,32750,830.925,5.945932969635,823.598,70.356,6991.023
2026-05-19 14:21:43.221,33000,836.434,5.920077616794,829.053,71.185,6925.627
2026-05-19 14:21:43.332,33250,833.085,5.540533185876,826.68,66.036,6888.99
2026-05-19 14:21:43.333,33500,833.085,5.540533185876,826.68,66.036,6888.99
2026-05-19 14:21:43.445,33750,833.099,6.945565318739,823.05,82.49,6888.831
2026-05-19 14:21:43.445,34000,841.21,5.641419625805,834.412,68.813,6733.419
2026-05-19 14:21:43.446,34250,825.064,6.83443571769,815.56,79.297,6613.323
2026-05-19 14:21:43.558,34500,822.542,5.466774828925,816.497,63.168,6593.11
2026-05-19 14:21:43.559,34750,822.542,5.466774828925,816.497,63.168,6593.11
2026-05-19 14:21:43.671,35000,821.711,6.423082805459,813.396,73.862,6602.926
2026-05-19 14:21:43.671,35250,833.15,6.513505212405,824.306,77.462,6471.994
2026-05-19 14:21:43.783,35500,830.163,6.130706498576,822.393,72.347,6472.357
2026-05-19 14:21:43.783,35750,814.641,6.249612356783,806.935,70.369,6351.335
2026-05-19 14:21:43.784,36000,825.782,6.375280852452,817.489,74.22,6224.902
2026-05-19 14:21:43.894,36250,822.813,5.987614203856,815.56,69.159,6237.085
2026-05-19 14:21:43.895,36500,822.813,5.987614203856,815.56,69.159,6237.085
2026-05-19 14:21:44.006,36750,820.717,6.952157847782,811.011,79.592,6260.574
2026-05-19 14:21:44.007,37000,820.683,4.700753765079,816.235,54.099,6260.319
2026-05-19 14:21:44.007,37250,816.013,4.863518412488,811.319,55.166,6000.319
2026-05-19 14:21:44.119,37500,813.517,5.817745103377,806.859,65.349,6028.047
2026-05-19 14:21:44.119,37750,814.71,4.25491394096,811.13,48.124,6036.89
2026-05-19 14:21:44.232,38000,825.999,4.501773479523,821.853,52.661,5915.209
2026-05-19 14:21:44.233,38250,825.999,4.501773479523,821.853,52.661,5915.209
2026-05-19 14:21:44.233,38500,822.722,5.516984579691,816.562,63.776,5949.683
2026-05-19 14:21:44.344,38750,837.608,2.214172025223,836.569,26.878,5523.955
2026-05-19 14:21:44.345,39000,979.0,0.0,979.0,0.0,4591.487
2026-05-19 14:21:44.457,39250,979.0,0.0,979.0,0.0,4591.487
2026-05-19 14:21:44.457,39500,979.0,0.0,979.0,0.0,4591.487
2026-05-19 14:21:44.458,39750,1007.702,0.359406894794,1007.661,6.501,4508.944
2026-05-19 14:21:44.569,40000,979.0,0.0,979.0,0.0,4380.519
2026-05-19 14:21:44.569,40250,979.0,0.0,979.0,0.0,4380.519
2026-05-19 14:21:44.570,40500,979.0,0.0,979.0,0.0,4380.519
2026-05-19 14:21:44.681,40750,971.418,1.727782007244,970.541,29.047,4414.98
2026-05-19 14:21:44.681,41000,979.0,0.0,979.0,0.0,4449.44
2026-05-19 14:21:44.793,41250,979.0,0.0,979.0,0.0,4262.566
2026-05-19 14:21:44.793,41500,979.0,0.0,979.0,0.0,4262.566
2026-05-19 14:21:44.793,41750,888.998,3.123475904519,887.67,48.559,4724.825
2026-05-19 14:21:44.905,42000,880.903,0.735681104588,880.774,10.05,4888.186
2026-05-19 14:21:44.905,42250,831.803,-0.512905075322,831.691,-8.635,4888.186
2026-05-19 14:21:45.016,42500,837.555,1.009273462724,837.339,12.26,4935.167
2026-05-19 14:21:45.017,42750,851.491,1.508847642564,850.989,19.057,4824.127
2026-05-19 14:21:45.017,43000,866.971,2.068488348074,865.988,27.231,4710.392
2026-05-19 14:21:45.119,43250,875.858,0.498833582131,875.8,6.727,4758.676
2026-05-19 14:21:45.120,43500,875.858,0.498833582131,875.8,6.727,4758.676
2026-05-19 14:21:45.120,43750,846.03,0.957820306643,845.831,11.918,4699.194
2026-05-19 14:21:45.230,44000,861.818,1.638803996304,861.209,21.287,4583.901
2026-05-19 14:21:45.231,44250,861.818,1.638803996304,861.209,21.287,4583.901
2026-05-19 14:21:45.231,44500,861.818,1.638803996304,861.209,21.287,4583.901
2026-05-19 14:21:45.343,44750,869.059,-0.179765862331,869.052,-2.382,4420.578
2026-05-19 14:21:45.343,45000,869.059,-0.179765862331,869.052,-2.382,4420.578
2026-05-19 14:21:45.344,45250,869.059,-0.179765862331,869.052,-2.382,4420.578
2026-05-19 14:21:45.454,45500,859.307,1.008233580865,859.078,13.012,4486.239
2026-05-19 14:21:45.454,45750,871.399,1.627943398769,870.782,21.69,4405.325
2026-05-19 14:21:45.455,46000,851.075,0.63900001825,850.985,8.064,4302.577
2026-05-19 14:21:45.565,46250,867.626,-1.185562122229,867.302,-15.644,4386.25
2026-05-19 14:21:45.566,46500,884.47,-0.297608354042,884.449,-4.103,4280.712
2026-05-19 14:21:45.566,46750,884.47,-0.297608354042,884.449,-4.103,4280.712
2026-05-19 14:21:45.675,47000,902.718,0.687776206194,902.599,9.92,4176.091
2026-05-19 14:21:45.677,47250,979.0,0.0,979.0,0.0,3625.638
2026-05-19 14:21:45.677,47500,979.0,0.0,979.0,0.0,3625.638
2026-05-19 14:21:45.786,47750,979.0,0.0,979.0,0.0,3625.638
2026-05-19 14:21:45.786,48000,979.0,0.0,979.0,0.0,3625.638
2026-05-19 14:21:45.787,48250,956.829,1.536191077433,956.157,25.048,3711.642
2026-05-19 14:21:45.899,48500,979.0,0.0,979.0,0.0,3618.973
2026-05-19 14:21:45.900,48750,979.0,0.0,979.0,0.0,3618.973
2026-05-19 14:21:45.900,49000,979.0,0.0,979.0,0.0,3618.973
2026-05-19 14:21:46.011,49250,930.053,-3.100736592919,928.692,-50.308,3618.973
2026-05-19 14:21:46.011,49500,979.0,0.0,979.0,0.0,3438.037
2026-05-19 14:21:46.012,49750,979.0,0.0,979.0,0.0,3438.037
2026-05-19 14:21:46.122,50000,979.0,0.0,979.0,0.0,3438.037
2026-05-19 14:21:46.123,50250,979.0,0.0,979.0,0.0,3438.037
2026-05-19 14:21:46.123,50500,979.0,0.0,979.0,0.0,3438.037
2026-05-19 14:21:46.234,50750,953.672,1.303816380587,953.191,21.118,3531.837
2026-05-19 14:21:46.235,51000,979.0,0.0,979.0,0.0,3448.719
2026-05-19 14:21:46.236,51250,979.0,0.0,979.0,0.0,3448.719
2026-05-19 14:21:46.237,51500,979.0,0.0,979.0,0.0,3448.719
2026-05-19 14:21:46.346,51750,979.0,0.0,979.0,0.0,3448.719
2026-05-19 14:21:46.347,52000,979.0,0.0,979.0,0.0,3448.719
2026-05-19 14:21:46.347,52250,979.0,0.0,979.0,0.0,3304.868
2026-05-19 14:21:46.457,52500,979.0,0.0,979.0,0.0,3304.868
2026-05-19 14:21:46.457,52750,979.0,0.0,979.0,0.0,3304.868
2026-05-19 14:21:46.458,53000,979.0,0.0,979.0,0.0,3304.868
2026-05-19 14:21:46.568,53250,979.0,0.0,979.0,0.0,3304.868
2026-05-19 14:21:46.569,53500,979.0,0.0,979.0,0.0,3304.868
2026-05-19 14:21:46.569,53750,979.0,0.0,979.0,0.0,3181.295
2026-05-19 14:21:46.569,54000,979.0,0.0,979.0,0.0,3181.295
2026-05-19 14:21:46.679,54250,979.0,0.0,979.0,0.0,3181.295
2026-05-19 14:21:46.679,54500,979.0,0.0,979.0,0.0,3181.295
2026-05-19 14:21:46.680,54750,979.0,0.0,979.0,0.0,3181.295
2026-05-19 14:21:46.789,55000,979.0,0.0,979.0,0.0,3181.295
2026-05-19 14:21:46.790,55250,979.0,0.0,979.0,0.0,3181.295
2026-05-19 14:21:46.790,55500,961.782,-2.101132916185,960.512,-34.608,3125.344
2026-05-19 14:21:46.901,55750,979.0,0.0,979.0,0.0,3069.393
2026-05-19 14:21:46.902,56000,979.0,0.0,979.0,0.0,3069.393
2026-05-19 14:21:46.902,56250,979.0,0.0,979.0,0.0,3069.393
2026-05-19 14:21:46.902,56500,979.0,0.0,979.0,0.0,3069.393
2026-05-19 14:21:47.012,56750,979.0,0.0,979.0,0.0,3069.393
2026-05-19 14:21:47.013,57000,979.0,0.0,979.0,0.0,3069.393
2026-05-19 14:21:47.014,57250,979.0,0.0,979.0,0.0,3069.393
2026-05-19 14:21:47.125,57500,979.0,0.0,979.0,0.0,3069.393
2026-05-19 14:21:47.126,57750,979.0,0.0,979.0,0.0,3069.393
2026-05-19 14:21:47.126,58000,937.022,6.321979856173,931.324,103.181,3206.9
2026-05-19 14:21:47.240,58250,937.022,6.321979856173,931.324,103.181,3206.9
2026-05-19 14:21:47.240,58500,979.0,0.0,979.0,0.0,3206.9
2026-05-19 14:21:47.241,58750,989.399,2.184952389389,987.946,38.09,3173.544
2026-05-19 14:21:47.241,59000,999.799,4.369904778779,996.892,76.18,3140.187
2026-05-19 14:21:47.352,59250,979.0,0.0,979.0,0.0,3140.187
2026-05-19 14:21:47.352,59500,958.634,-4.369904778779,955.847,-73.043,3206.9
2026-05-19 14:21:47.353,59750,1057.587,-1.463962538707,1057.242,-27.019,2968.602
2026-05-19 14:21:47.465,60000,979.0,0.0,979.0,0.0,2968.602
2026-05-19 14:21:47.466,60250,979.0,0.0,979.0,0.0,2968.602
2026-05-19 14:21:47.466,60500,979.0,0.0,979.0,0.0,2968.602
2026-05-19 14:21:47.467,60750,979.0,0.0,979.0,0.0,2968.602
2026-05-19 14:21:47.576,61000,979.0,0.0,979.0,0.0,2968.602
2026-05-19 14:21:47.577,61250,979.0,0.0,979.0,0.0,2968.602
2026-05-19 14:21:47.577,61500,979.0,0.0,979.0,0.0,2968.602
2026-05-19 14:21:47.578,61750,979.0,0.0,979.0,0.0,2968.602
2026-05-19 14:21:47.686,62000,979.0,0.0,979.0,0.0,2968.602
2026-05-19 14:21:47.687,62250,979.0,0.0,979.0,0.0,2968.602
2026-05-19 14:21:47.687,62500,979.0,0.0,979.0,0.0,2968.602
2026-05-19 14:21:47.688,62750,979.0,0.0,979.0,0.0,2968.602
2026-05-19 14:21:47.797,63000,979.0,0.0,979.0,0.0,2968.602
2026-05-19 14:21:47.798,63250,979.0,0.0,979.0,0.0,2736.319
2026-05-19 14:21:47.798,63500,979.0,0.0,979.0,0.0,2736.319
2026-05-19 14:21:47.798,63750,979.0,0.0,979.0,0.0,2736.319
2026-05-19 14:21:47.908,64000,979.0,0.0,979.0,0.0,2736.319
2026-05-19 14:21:47.909,64250,979.0,0.0,979.0,0.0,2736.319
2026-05-19 14:21:47.910,64500,979.0,0.0,979.0,0.0,2736.319
2026-05-19 14:21:47.910,64750,979.0,0.0,979.0,0.0,2736.319
2026-05-19 14:21:48.020,65000,979.0,0.0,979.0,0.0,2736.319
2026-05-19 14:21:48.020,65250,979.0,0.0,979.0,0.0,2736.319
2026-05-19 14:21:48.021,65500,979.0,0.0,979.0,0.0,2736.319
2026-05-19 14:21:48.021,65750,979.0,0.0,979.0,0.0,2736.319
2026-05-19 14:21:48.132,66000,979.0,0.0,979.0,0.0,2736.319
2026-05-19 14:21:48.133,66250,979.0,0.0,979.0,0.0,2736.319
2026-05-19 14:21:48.133,66500,979.0,0.0,979.0,0.0,2736.319
2026-05-19 14:21:48.134,66750,979.0,0.0,979.0,0.0,2736.319
2026-05-19 14:21:48.244,67000,979.0,0.0,979.0,0.0,2736.319
2026-05-19 14:21:48.245,67250,979.0,0.0,979.0,0.0,2492.103
2026-05-19 14:21:48.245,67500,979.0,0.0,979.0,0.0,2492.103
2026-05-19 14:21:48.246,67750,979.0,0.0,979.0,0.0,2492.103
2026-05-19 14:21:48.356,68000,979.0,0.0,979.0,0.0,2492.103
2026-05-19 14:21:48.357,68250,979.0,0.0,979.0,0.0,2492.103
2026-05-19 14:21:48.357,68500,956.647,-2.783875331529,954.443,-45.324,2551.727
2026-05-19 14:21:48.358,68750,979.0,0.0,979.0,0.0,2611.351
2026-05-19 14:21:48.468,69000,979.0,0.0,979.0,0.0,2611.351
2026-05-19 14:21:48.469,69250,979.0,0.0,979.0,0.0,2611.351
2026-05-19 14:21:48.469,69500,979.0,0.0,979.0,0.0,2611.351
2026-05-19 14:21:48.470,69750,979.0,0.0,979.0,0.0,2611.351
2026-05-19 14:21:48.580,70000,979.0,0.0,979.0,0.0,2611.351
2026-05-19 14:21:48.580,70250,979.0,0.0,979.0,0.0,2611.351
2026-05-19 14:21:48.581,70500,979.0,0.0,979.0,0.0,2611.351
2026-05-19 14:21:48.581,70750,979.0,0.0,979.0,0.0,2611.351
2026-05-19 14:21:48.692,71000,979.0,0.0,979.0,0.0,2611.351
2026-05-19 14:21:48.693,71250,979.0,0.0,979.0,0.0,2611.351
2026-05-19 14:21:48.694,71500,979.0,0.0,979.0,0.0,2611.351
2026-05-19 14:21:48.694,71750,1115.746,-0.356431876004,1114.194,-5.235,2293.223
2026-05-19 14:21:48.804,72000,979.0,0.0,979.0,0.0,2359.568
2026-05-19 14:21:48.805,72250,1037.334,6.023390614508,1031.607,108.852,2226.878
2026-05-19 14:21:48.805,72500,1037.334,6.023390614508,1031.607,108.852,2226.878
2026-05-19 14:21:48.806,72750,1037.334,6.023390614508,1031.607,108.852,2226.878
2026-05-19 14:21:48.916,73000,979.0,0.0,979.0,0.0,2226.878
2026-05-19 14:21:48.917,73250,979.0,0.0,979.0,0.0,2226.878
2026-05-19 14:21:48.917,73500,979.0,0.0,979.0,0.0,2226.878
2026-05-19 14:21:48.918,73750,979.0,0.0,979.0,0.0,2226.878
2026-05-19 14:21:49.027,74000,979.0,0.0,979.0,0.0,2226.878
2026-05-19 14:21:49.027,74250,979.0,0.0,979.0,0.0,2226.878
2026-05-19 14:21:49.028,74500,979.0,0.0,979.0,0.0,2226.878
2026-05-19 14:21:49.028,74750,979.0,0.0,979.0,0.0,2226.878
2026-05-19 14:21:49.144,75000,979.0,0.0,979.0,0.0,2226.878
2026-05-19 14:21:49.144,75250,979.0,0.0,979.0,0.0,2226.878
2026-05-19 14:21:49.145,75500,979.0,0.0,979.0,0.0,2226.878
2026-05-19 14:21:49.145,75750,979.0,0.0,979.0,0.0,2226.878
2026-05-19 14:21:49.145,76000,979.0,0.0,979.0,0.0,2226.878
2026-05-19 14:21:49.257,76250,979.0,0.0,979.0,0.0,2226.878
2026-05-19 14:21:49.257,76500,979.0,0.0,979.0,0.0,2226.878
2026-05-19 14:21:49.258,76750,979.0,0.0,979.0,0.0,2226.878
2026-05-19 14:21:49.258,77000,979.0,0.0,979.0,0.0,2226.878
2026-05-19 14:21:49.259,77250,979.0,0.0,979.0,0.0,2226.878
2026-05-19 14:21:49.370,77500,928.44,1.617712993341,927.741,24.773,2111.872
2026-05-19 14:21:49.370,77750,979.0,0.0,979.0,0.0,1996.867
2026-05-19 14:21:49.371,78000,979.0,0.0,979.0,0.0,1996.867
2026-05-19 14:21:49.371,78250,979.0,0.0,979.0,0.0,1996.867
2026-05-19 14:21:49.371,78500,979.0,0.0,979.0,0.0,1996.867
2026-05-19 14:21:49.482,78750,979.0,0.0,979.0,0.0,1996.867
2026-05-19 14:21:49.483,79000,979.0,0.0,979.0,0.0,1996.867
2026-05-19 14:21:49.483,79250,979.0,0.0,979.0,0.0,1996.867
2026-05-19 14:21:49.484,79500,979.0,0.0,979.0,0.0,1996.867
2026-05-19 14:21:49.484,79750,979.0,0.0,979.0,0.0,1996.867
2026-05-19 14:21:49.593,80000,979.0,0.0,979.0,0.0,1996.867
2026-05-19 14:21:49.594,80250,979.0,0.0,979.0,0.0,1996.867
2026-05-19 14:21:49.594,80500,979.0,0.0,979.0,0.0,1996.867
2026-05-19 14:21:49.594,80750,979.0,0.0,979.0,0.0,1996.867
2026-05-19 14:21:49.705,81000,979.0,0.0,979.0,0.0,1996.867
2026-05-19 14:21:49.706,81250,979.0,0.0,979.0,0.0,1996.867
2026-05-19 14:21:49.706,81500,979.0,0.0,979.0,0.0,1996.867
2026-05-19 14:21:49.706,81750,1007.262,3.337899851708,1003.752,60.191,1942.367
2026-05-19 14:21:49.707,82000,979.0,0.0,979.0,0.0,1887.867
2026-05-19 14:21:49.816,82250,979.0,0.0,979.0,0.0,1887.867
2026-05-19 14:21:49.816,82500,979.0,0.0,979.0,0.0,1887.867
2026-05-19 14:21:49.817,82750,979.0,0.0,979.0,0.0,1887.867
2026-05-19 14:21:49.817,83000,979.0,0.0,979.0,0.0,1887.867
2026-05-19 14:21:49.817,83250,979.0,0.0,979.0,0.0,1662.085
2026-05-19 14:21:49.927,83500,979.0,0.0,979.0,0.0,1662.085
2026-05-19 14:21:49.927,83750,979.0,0.0,979.0,0.0,1662.085
2026-05-19 14:21:49.928,84000,979.0,0.0,979.0,0.0,1662.085
2026-05-19 14:21:49.928,84250,979.0,0.0,979.0,0.0,1662.085
2026-05-19 14:21:49.928,84500,979.0,0.0,979.0,0.0,1662.085
2026-05-19 14:21:50.037,84750,979.0,0.0,979.0,0.0,1662.085
2026-05-19 14:21:50.038,85000,979.0,0.0,979.0,0.0,1662.085
2026-05-19 14:21:50.038,85250,979.0,0.0,979.0,0.0,1662.085
2026-05-19 14:21:50.038,85500,979.0,0.0,979.0,0.0,1662.085
2026-05-19 14:21:50.039,85750,979.0,0.0,979.0,0.0,1662.085
2026-05-19 14:21:50.147,86000,979.0,0.0,979.0,0.0,1662.085
2026-05-19 14:21:50.148,86250,979.0,0.0,979.0,0.0,1662.085
2026-05-19 14:21:50.149,86500,979.0,0.0,979.0,0.0,1662.085
2026-05-19 14:21:50.149,86750,979.0,0.0,979.0,0.0,1662.085
2026-05-19 14:21:50.150,87000,979.0,0.0,979.0,0.0,1662.085
2026-05-19 14:21:50.259,87250,979.0,0.0,979.0,0.0,1662.085
2026-05-19 14:21:50.259,87500,979.0,0.0,979.0,0.0,1662.085
2026-05-19 14:21:50.260,87750,979.0,0.0,979.0,0.0,1662.085
2026-05-19 14:21:50.260,88000,979.0,0.0,979.0,0.0,1662.085
2026-05-19 14:21:50.370,88250,979.0,0.0,979.0,0.0,1662.085
2026-05-19 14:21:50.370,88500,979.0,0.0,979.0,0.0,1662.085
2026-05-19 14:21:50.371,88750,979.0,0.0,979.0,0.0,1662.085
2026-05-19 14:21:50.371,89000,979.0,0.0,979.0,0.0,1662.085
2026-05-19 14:21:50.372,89250,979.0,0.0,979.0,0.0,1436.336
2026-05-19 14:21:50.481,89500,979.0,0.0,979.0,0.0,1436.336
2026-05-19 14:21:50.482,89750,979.0,0.0,979.0,0.0,1436.336
2026-05-19 14:21:50.482,90000,979.0,0.0,979.0,0.0,1436.336
2026-05-19 14:21:50.482,90250,979.0,0.0,979.0,0.0,1436.336
2026-05-19 14:21:50.483,90500,979.0,0.0,979.0,0.0,1324.598
2026-05-19 14:21:50.592,90750,979.0,0.0,979.0,0.0,1324.598
2026-05-19 14:21:50.593,91000,979.0,0.0,979.0,0.0,1324.598
2026-05-19 14:21:50.593,91250,979.0,0.0,979.0,0.0,1324.598
2026-05-19 14:21:50.593,91500,979.0,0.0,979.0,0.0,1324.598
2026-05-19 14:21:50.594,91750,979.0,0.0,979.0,0.0,1324.598
2026-05-19 14:21:50.703,92000,979.0,0.0,979.0,0.0,1324.598
2026-05-19 14:21:50.703,92250,979.0,0.0,979.0,0.0,1324.598
2026-05-19 14:21:50.704,92500,979.0,0.0,979.0,0.0,1324.598
2026-05-19 14:21:50.704,92750,979.0,0.0,979.0,0.0,1324.598
2026-05-19 14:21:50.705,93000,979.0,0.0,979.0,0.0,1324.598
2026-05-19 14:21:50.814,93250,979.0,0.0,979.0,0.0,1324.598
2026-05-19 14:21:50.815,93500,979.0,0.0,979.0,0.0,1324.598
2026-05-19 14:21:50.815,93750,979.0,0.0,979.0,0.0,1324.598
2026-05-19 14:21:50.815,94000,979.0,0.0,979.0,0.0,1324.598
2026-05-19 14:21:50.816,94250,979.0,0.0,979.0,0.0,1324.598
2026-05-19 14:21:50.925,94500,979.0,0.0,979.0,0.0,1324.598
2026-05-19 14:21:50.925,94750,979.0,0.0,979.0,0.0,1324.598
2026-05-19 14:21:50.926,95000,979.0,0.0,979.0,0.0,1324.598
2026-05-19 14:21:50.926,95250,791.203,5.062418566341,788.117,69.817,1324.598
2026-05-19 14:21:51.036,95500,979.0,0.0,979.0,0.0,1070.507
2026-05-19 14:21:51.036,95750,979.0,0.0,979.0,0.0,1070.507
2026-05-19 14:21:51.037,96000,979.0,0.0,979.0,0.0,1070.507
2026-05-19 14:21:51.037,96250,979.0,0.0,979.0,0.0,1070.507
2026-05-19 14:21:51.037,96500,979.0,0.0,979.0,0.0,1070.507
2026-05-19 14:21:51.147,96750,979.0,0.0,979.0,0.0,1070.507
2026-05-19 14:21:51.147,97000,979.0,0.0,979.0,0.0,1070.507
2026-05-19 14:21:51.148,97250,979.0,0.0,979.0,0.0,1070.507
2026-05-19 14:21:51.148,97500,979.0,0.0,979.0,0.0,1070.507
2026-05-19 14:21:51.149,97750,979.0,0.0,979.0,0.0,1070.507
2026-05-19 14:21:51.257,98000,979.0,0.0,979.0,0.0,1070.507
2026-05-19 14:21:51.258,98250,979.0,0.0,979.0,0.0,1070.507
2026-05-19 14:21:51.258,98500,979.0,0.0,979.0,0.0,1070.507
2026-05-19 14:21:51.259,98750,979.0,0.0,979.0,0.0,1070.507
2026-05-19 14:21:51.259,99000,979.0,0.0,979.0,0.0,1070.507
2026-05-19 14:21:51.369,99250,979.0,0.0,979.0,0.0,1070.507
2026-05-19 14:21:51.369,99500,979.0,0.0,979.0,0.0,1070.507
2026-05-19 14:21:51.370,99750,979.0,0.0,979.0,0.0,1070.507
2026-05-19 14:21:51.370,100000,979.0,0.0,979.0,0.0,1070.507
2026-05-19 14:21:51.929,10000,979.0,0.0,979.0,0.0,9286.314
2026-05-19 14:21:52.154,10250,979.0,0.0,979.0,0.0,9286.314
2026-05-19 14:21:52.269,10500,979.0,0.0,979.0,0.0,9286.314
2026-05-19 14:21:52.381,10750,983.277,1.17601499966,983.028,20.026,9248.401
2026-05-19 14:21:52.493,11000,987.918,0.148598633522,987.908,2.608,9271.862
2026-05-19 14:21:52.713,11250,984.195,-0.986605445106,983.975,-16.99,9130.123
2026-05-19 14:21:52.823,11500,984.195,-0.986605445106,983.975,-16.99,9130.123
2026-05-19 14:21:52.934,11750,979.0,0.0,979.0,0.0,9178.44
2026-05-19 14:21:53.046,12000,979.0,0.0,979.0,0.0,9178.44
2026-05-19 14:21:53.159,12250,979.0,0.0,979.0,0.0,9178.44
2026-05-19 14:21:53.270,12500,987.417,0.172583771975,987.403,3.025,9180.667
2026-05-19 14:21:53.382,12750,962.59,-0.345167543949,962.564,-5.749,9180.667
2026-05-19 14:21:53.494,13000,988.239,-1.438018381863,987.928,-24.8,9025.481
2026-05-19 14:21:53.607,13250,985.159,-0.958678921242,984.952,-16.534,9053.873
2026-05-19 14:21:53.719,13500,979.0,0.0,979.0,0.0,9110.657
2026-05-19 14:21:53.833,13750,987.723,0.198802117954,987.705,3.488,9031.589
2026-05-19 14:21:53.944,14000,11438.432,36.714524946814,-3322.733,10012.447,6038.797
2026-05-19 14:21:54.055,14250,11434.83,37.218498417652,-3326.22,10021.153,6071.45
2026-05-19 14:21:54.166,14500,11076.175,6.593327066814,10461.178,3527.411,6074.564
2026-05-19 14:21:54.268,14750,11210.213,5.71013212092,10679.218,3297.794,6063.007
2026-05-19 14:21:54.379,15000,11395.215,36.571194454558,-2970.993,10112.934,6049.475
2026-05-19 14:21:54.492,15250,11395.215,36.571194454558,-2970.993,10112.934,6049.475
2026-05-19 14:21:54.604,15500,11395.215,36.571194454558,-2970.993,10112.934,6049.475
2026-05-19 14:21:54.715,15750,11182.668,5.192763926891,10757.027,2957.046,6015.046
2026-05-19 14:21:54.826,16000,11263.353,35.832490156072,-2537.582,10119.733,5976.33
2026-05-19 14:21:54.937,16250,11263.353,35.832490156072,-2537.582,10119.733,5976.33
2026-05-19 14:21:55.048,16500,11380.373,34.721484371449,-2365.209,10272.662,5976.33
2026-05-19 14:21:55.049,16750,11381.692,35.721701707476,-2363.797,10289.994,5965.471
2026-05-19 14:21:55.159,17000,11113.96,35.202608081587,-2161.958,10075.542,5893.461
2026-05-19 14:21:55.272,17250,11122.744,35.493452411216,-2153.213,10080.645,5817.406
2026-05-19 14:21:55.384,17500,10999.571,33.604765557582,-1718.182,10061.812,5861.422
2026-05-19 14:21:55.497,17750,11002.65,34.407939478021,-1714.95,10075.542,5831.716
2026-05-19 14:21:55.497,18000,11002.65,34.407939478021,-1714.95,10075.542,5831.716
2026-05-19 14:21:55.609,18250,10731.274,34.087710557966,-1488.046,9848.638,5681.182
2026-05-19 14:21:55.725,18500,10911.3,33.097082175263,-1259.007,10063.534,5729.547
2026-05-19 14:21:55.836,18750,10914.005,33.92685918905,-1256.241,10078.003,5706.952
2026-05-19 14:21:55.836,19000,10922.357,34.261322011486,-1247.941,10083.864,5635.991
2026-05-19 14:21:55.946,19250,10317.264,2.632762193341,10225.581,1328.06,5639.106
2026-05-19 14:21:56.057,19500,10572.873,31.601520642903,-609.781,9827.648,5613.939
2026-05-19 14:21:56.168,19750,10574.871,32.432424212666,-607.626,9841.839,5594.424
2026-05-19 14:21:56.169,20000,10574.871,32.432424212666,-607.626,9841.839,5594.424
2026-05-19 14:21:56.280,20250,10574.871,32.432424212666,-607.626,9841.839,5594.424
2026-05-19 14:21:56.392,20500,10334.21,32.062671184547,-390.92,9625.134,5460.928
2026-05-19 14:21:56.392,20750,10526.137,31.181663562166,-178.242,9823.971,5512.424
2026-05-19 14:21:56.504,21000,10320.059,30.508575893821,1.482,9632.194,5455.94
2026-05-19 14:21:56.616,21250,10320.138,31.286993086809,1.7,9645.53,5453.122
2026-05-19 14:21:56.617,21500,10320.138,31.286993086809,1.7,9645.53,5453.122
2026-05-19 14:21:56.729,21750,10095.038,30.885550566291,215.006,9432.223,5328.258
2026-05-19 14:21:56.841,22000,10311.351,29.988989953721,438.846,9641.1,5386.249
2026-05-19 14:21:56.841,22250,10311.351,29.988989953721,438.846,9641.1,5386.249
2026-05-19 14:21:56.952,22500,10078.091,29.994834029563,655.216,9425.424,5318.857
2026-05-19 14:21:57.065,22750,10078.091,29.994834029563,655.216,9425.424,5318.857
2026-05-19 14:21:57.065,23000,9857.363,29.530919449023,878.72,9201.92,5196.418
2026-05-19 14:21:57.179,23250,9857.363,29.530919449023,878.72,9201.92,5196.418
2026-05-19 14:21:57.180,23500,9857.363,29.530919449023,878.72,9201.92,5196.418
2026-05-19 14:21:57.290,23750,9664.94,29.097397302652,1078.43,9002.211,5089.68
2026-05-19 14:21:57.401,24000,9894.72,28.271027357293,1296.288,9204.885,5151.183
2026-05-19 14:21:57.402,24250,9693.716,27.777723363415,1516.77,8984.826,5038.07
2026-05-19 14:21:57.511,24500,9693.716,27.777723363415,1516.77,8984.826,5038.07
2026-05-19 14:21:57.512,24750,9692.176,28.681948587387,1515.196,9000.633,5049.359
2026-05-19 14:21:57.624,25000,9499.195,27.693718786516,1718.349,8782.106,4997.74
2026-05-19 14:21:57.625,25250,9499.195,27.693718786516,1718.349,8782.106,4997.74
2026-05-19 14:21:57.735,25500,9313.533,27.161693281935,1935.055,8565.4,4894.751
2026-05-19 14:21:57.847,25750,9313.533,27.161693281935,1935.055,8565.4,4894.751
2026-05-19 14:21:57.848,26000,9319.435,27.636833413128,1940.854,8573.665,4852.075
2026-05-19 14:21:57.959,26250,9159.662,26.686553150742,2121.167,8379.288,4809.398
2026-05-19 14:21:57.959,26500,9166.301,27.252274144131,2127.66,8389.15,4762.352
2026-05-19 14:21:58.071,26750,8990.036,26.120832157353,2334.473,8165.982,4715.306
2026-05-19 14:21:58.071,27000,8990.036,26.120832157353,2334.473,8165.982,4715.306
2026-05-19 14:21:58.183,27250,8830.546,25.541718153503,2544.38,7956.075,4626.835
2026-05-19 14:21:58.184,27500,8830.546,25.541718153503,2544.38,7956.075,4626.835
2026-05-19 14:21:58.295,27750,8830.546,25.541718153503,2544.38,7956.075,4626.835
2026-05-19 14:21:58.296,28000,8669.324,24.900399791005,2767.885,7732.57,4537.404
2026-05-19 14:21:58.406,28250,8669.324,24.900399791005,2767.885,7732.57,4537.404
2026-05-19 14:21:58.517,28500,8533.205,24.305752925038,2967.594,7532.861,4461.898
2026-05-19 14:21:58.518,28750,8533.205,24.305752925038,2967.594,7532.861,4461.898
2026-05-19 14:21:58.628,29000,8533.205,24.305752925038,2967.594,7532.861,4461.898
2026-05-19 14:21:58.629,29250,8392.356,23.626889981055,3187.699,7312.756,4383.768
2026-05-19 14:21:58.739,29500,8392.356,23.626889981055,3187.699,7312.756,4383.768
2026-05-19 14:21:58.740,29750,8259.704,22.912742034767,3411.203,7089.252,4310.185
2026-05-19 14:21:58.850,30000,8259.704,22.912742034767,3411.203,7089.252,4310.185
2026-05-19 14:21:58.850,30250,8259.704,22.912742034767,3411.203,7089.252,4310.185
2026-05-19 14:21:58.963,30500,8141.589,22.197130641381,3627.909,6872.546,4244.666
2026-05-19 14:21:58.963,30750,887.278,3.294052017252,883.797,40.264,7043.279
2026-05-19 14:21:58.964,31000,888.626,3.864860371907,883.811,47.424,7026.77
2026-05-19 14:21:59.074,31250,886.027,3.622015318857,881.843,43.992,6947.195
2026-05-19 14:21:59.075,31500,898.903,3.359952411826,894.687,39.337,6869.594
2026-05-19 14:21:59.185,31750,904.526,3.160646601695,900.738,38.023,6718.293
2026-05-19 14:21:59.185,32000,882.0,3.631643028619,877.866,43.346,6639.658
2026-05-19 14:21:59.296,32250,882.728,4.226912916482,877.117,50.503,6630.923
2026-05-19 14:21:59.296,32500,873.251,3.996959009744,868.438,45.828,6663.28
2026-05-19 14:21:59.406,32750,880.284,3.96395531309,875.399,46.904,6575.746
2026-05-19 14:21:59.406,33000,883.956,3.946718411196,879.035,47.456,6532.148
2026-05-19 14:21:59.517,33250,881.724,3.693688790584,877.453,44.024,6486.789
2026-05-19 14:21:59.518,33500,881.724,3.693688790584,877.453,44.024,6486.789
2026-05-19 14:21:59.628,33750,881.733,4.630376879159,875.033,54.994,6486.682
2026-05-19 14:21:59.628,34000,902.369,3.605621820951,897.826,43.097,6282.094
2026-05-19 14:21:59.629,34250,876.376,4.55629047846,870.04,52.865,6202.03
2026-05-19 14:21:59.739,34500,872.242,2.732742626774,867.843,26.656,6188.555
2026-05-19 14:21:59.739,34750,874.695,3.644516552617,870.664,42.112,6175.079
2026-05-19 14:21:59.849,35000,874.141,4.28205520364,868.597,49.241,6181.623
2026-05-19 14:21:59.850,35250,881.767,4.34233680827,875.871,51.642,6094.335
2026-05-19 14:21:59.960,35500,895.355,4.00786709358,890.172,46.813,6004.875
2026-05-19 14:21:59.961,35750,869.427,4.166408237855,864.29,46.913,5924.194
2026-05-19 14:21:59.961,36000,876.854,4.250187234968,871.326,49.48,5839.905
2026-05-19 14:22:00.071,36250,874.876,3.99174280257,870.04,46.106,5842.443
2026-05-19 14:22:00.072,36500,874.876,3.99174280257,870.04,46.106,5842.443
2026-05-19 14:22:00.183,36750,873.478,4.634771898521,867.008,53.061,5858.103
2026-05-19 14:22:00.183,37000,873.455,3.133835843386,870.49,36.066,5857.762
2026-05-19 14:22:00.294,37250,870.342,3.242345608325,867.213,36.777,5600.826
2026-05-19 14:22:00.295,37500,868.678,3.878496735584,864.239,43.566,5619.311
2026-05-19 14:22:00.296,37750,869.474,2.836609293973,867.087,32.083,5631.102
2026-05-19 14:22:00.406,38000,876.999,3.001182319682,874.235,35.107,5549.981
2026-05-19 14:22:00.407,38250,876.999,3.001182319682,874.235,35.107,5549.981
2026-05-19 14:22:00.408,38500,893.556,3.782033024226,889.445,44.397,5485.711
2026-05-19 14:22:00.518,38750,884.739,1.476114683482,884.046,17.919,5213.132
2026-05-19 14:22:00.518,39000,979.0,0.0,979.0,0.0,4591.487
2026-05-19 14:22:00.629,39250,979.0,0.0,979.0,0.0,4591.487
2026-05-19 14:22:00.630,39500,979.0,0.0,979.0,0.0,4591.487
2026-05-19 14:22:00.630,39750,1017.269,0.479209193059,1017.214,8.668,4466.135
2026-05-19 14:22:00.743,40000,979.0,0.0,979.0,0.0,4380.519
2026-05-19 14:22:00.744,40250,979.0,0.0,979.0,0.0,4380.519
2026-05-19 14:22:00.854,40500,979.0,0.0,979.0,0.0,4380.519
2026-05-19 14:22:00.855,40750,973.945,1.151854671496,973.361,19.365,4403.493
2026-05-19 14:22:00.855,41000,979.0,0.0,979.0,0.0,4449.44
2026-05-19 14:22:00.965,41250,979.0,0.0,979.0,0.0,4262.566
2026-05-19 14:22:00.966,41500,979.0,0.0,979.0,0.0,4262.566
2026-05-19 14:22:00.966,41750,912.893,3.155234011142,911.503,50.353,4597.83
2026-05-19 14:22:01.077,42000,913.602,0.490454069725,913.516,6.7,4706.737
2026-05-19 14:22:01.078,42250,880.869,-0.341936716882,880.794,-5.757,4626.031
2026-05-19 14:22:01.190,42500,884.703,0.672848975149,884.559,8.173,4657.352
2026-05-19 14:22:01.191,42750,893.994,1.005898428376,893.659,12.705,4583.325
2026-05-19 14:22:01.191,43000,904.314,1.378992232049,903.658,18.154,4507.502
2026-05-19 14:22:01.301,43250,910.239,0.332555721421,910.2,4.485,4571.881
2026-05-19 14:22:01.301,43500,929.821,0.860053386423,929.65,14.038,4492.659
2026-05-19 14:22:01.302,43750,890.353,0.638546871095,890.22,7.945,4453.004
2026-05-19 14:22:01.412,44000,900.879,1.092535997536,900.473,14.191,4376.142
2026-05-19 14:22:01.412,44250,900.879,1.092535997536,900.473,14.191,4376.142
2026-05-19 14:22:01.413,44500,900.879,1.092535997536,900.473,14.191,4376.142
2026-05-19 14:22:01.524,44750,905.706,-0.119843908221,905.701,-1.588,4234.169
2026-05-19 14:22:01.525,45000,905.706,-0.119843908221,905.701,-1.588,4234.169
2026-05-19 14:22:01.525,45250,905.706,-0.119843908221,905.701,-1.588,4234.169
2026-05-19 14:22:01.637,45500,899.205,0.672155720577,899.052,8.675,4277.942
2026-05-19 14:22:01.637,45750,907.266,1.085295599179,906.855,14.46,4224.0
2026-05-19 14:22:01.638,46000,893.716,0.426000012167,893.656,5.376,4087.003
2026-05-19 14:22:01.747,46250,919.688,-2.006749508472,918.781,-32.15,4142.785
2026-05-19 14:22:01.748,46500,915.98,-0.198405569361,915.966,-2.735,4128.208
2026-05-19 14:22:01.748,46750,915.98,-0.198405569361,915.966,-2.735,4128.208
2026-05-19 14:22:01.858,47000,928.145,0.458517470796,928.066,6.613,4058.461
2026-05-19 14:22:01.858,47250,979.0,0.0,979.0,0.0,3625.638
2026-05-19 14:22:01.858,47500,979.0,0.0,979.0,0.0,3625.638
2026-05-19 14:22:01.969,47750,979.0,0.0,979.0,0.0,3625.638
2026-05-19 14:22:01.970,48000,979.0,0.0,979.0,0.0,3625.638
2026-05-19 14:22:01.970,48250,964.219,1.024127384955,963.771,16.698,3682.974
2026-05-19 14:22:02.080,48500,979.0,0.0,979.0,0.0,3618.973
2026-05-19 14:22:02.081,48750,979.0,0.0,979.0,0.0,3618.973
2026-05-19 14:22:02.081,49000,979.0,0.0,979.0,0.0,3618.973
2026-05-19 14:22:02.193,49250,930.053,-3.100736592919,928.692,-50.308,3618.973
2026-05-19 14:22:02.194,49500,979.0,0.0,979.0,0.0,3438.037
2026-05-19 14:22:02.194,49750,979.0,0.0,979.0,0.0,3438.037
2026-05-19 14:22:02.303,50000,979.0,0.0,979.0,0.0,3438.037
2026-05-19 14:22:02.304,50250,979.0,0.0,979.0,0.0,3438.037
2026-05-19 14:22:02.304,50500,979.0,0.0,979.0,0.0,3438.037
2026-05-19 14:22:02.415,50750,980.897,2.142623594283,979.81,37.072,3438.2
2026-05-19 14:22:02.415,51000,979.0,0.0,979.0,0.0,3448.719
2026-05-19 14:22:02.416,51250,979.0,0.0,979.0,0.0,3448.719
2026-05-19 14:22:02.416,51500,979.0,0.0,979.0,0.0,3448.719
2026-05-19 14:22:02.527,51750,979.0,0.0,979.0,0.0,3448.719
2026-05-19 14:22:02.528,52000,979.0,0.0,979.0,0.0,3448.719
2026-05-19 14:22:02.528,52250,979.0,0.0,979.0,0.0,3304.868
2026-05-19 14:22:02.639,52500,979.0,0.0,979.0,0.0,3304.868
2026-05-19 14:22:02.639,52750,979.0,0.0,979.0,0.0,3304.868
2026-05-19 14:22:02.640,53000,979.0,0.0,979.0,0.0,3304.868
2026-05-19 14:22:02.751,53250,979.0,0.0,979.0,0.0,3304.868
2026-05-19 14:22:02.752,53500,979.0,0.0,979.0,0.0,3304.868
2026-05-19 14:22:02.752,53750,979.0,0.0,979.0,0.0,3181.295
2026-05-19 14:22:02.753,54000,979.0,0.0,979.0,0.0,3181.295
2026-05-19 14:22:02.864,54250,979.0,0.0,979.0,0.0,3181.295
2026-05-19 14:22:02.864,54500,979.0,0.0,979.0,0.0,3181.295
2026-05-19 14:22:02.864,54750,979.0,0.0,979.0,0.0,3181.295
2026-05-19 14:22:02.977,55000,979.0,0.0,979.0,0.0,3181.295
2026-05-19 14:22:02.978,55250,979.0,0.0,979.0,0.0,3181.295
2026-05-19 14:22:02.978,55500,956.042,-2.801510554913,954.35,-46.144,3143.994
2026-05-19 14:22:02.979,55750,979.0,0.0,979.0,0.0,3069.393
2026-05-19 14:22:03.089,56000,979.0,0.0,979.0,0.0,3069.393
2026-05-19 14:22:03.089,56250,979.0,0.0,979.0,0.0,3069.393
2026-05-19 14:22:03.090,56500,979.0,0.0,979.0,0.0,3069.393
2026-05-19 14:22:03.200,56750,979.0,0.0,979.0,0.0,3069.393
2026-05-19 14:22:03.201,57000,979.0,0.0,979.0,0.0,3069.393
2026-05-19 14:22:03.201,57250,979.0,0.0,979.0,0.0,3069.393
2026-05-19 14:22:03.313,57500,979.0,0.0,979.0,0.0,3069.393
2026-05-19 14:22:03.314,57750,979.0,0.0,979.0,0.0,3069.393
2026-05-19 14:22:03.314,58000,962.094,5.833992343271,957.083,97.362,3127.468
2026-05-19 14:22:03.314,58250,962.094,5.833992343271,957.083,97.362,3127.468
2026-05-19 14:22:03.428,58500,979.0,0.0,979.0,0.0,3206.9
2026-05-19 14:22:03.429,58750,992.866,2.913269852519,990.928,50.787,3162.425
2026-05-19 14:22:03.429,59000,999.799,4.369904778779,996.892,76.18,3140.187
2026-05-19 14:22:03.540,59250,979.0,0.0,979.0,0.0,3140.187
2026-05-19 14:22:03.542,59500,984.285,-4.857892291681,980.639,-83.783,3127.468
2026-05-19 14:22:03.542,59750,1057.587,-1.463962538707,1057.242,-27.019,2968.602
2026-05-19 14:22:03.542,60000,979.0,0.0,979.0,0.0,2968.602
2026-05-19 14:22:03.656,60250,979.0,0.0,979.0,0.0,2968.602
2026-05-19 14:22:03.656,60500,979.0,0.0,979.0,0.0,2968.602
2026-05-19 14:22:03.657,60750,979.0,0.0,979.0,0.0,2968.602
2026-05-19 14:22:03.657,61000,979.0,0.0,979.0,0.0,2968.602
2026-05-19 14:22:03.768,61250,979.0,0.0,979.0,0.0,2968.602
2026-05-19 14:22:03.769,61500,979.0,0.0,979.0,0.0,2968.602
2026-05-19 14:22:03.770,61750,979.0,0.0,979.0,0.0,2968.602
2026-05-19 14:22:03.770,62000,979.0,0.0,979.0,0.0,2968.602
2026-05-19 14:22:03.881,62250,979.0,0.0,979.0,0.0,2968.602
2026-05-19 14:22:03.881,62500,979.0,0.0,979.0,0.0,2968.602
2026-05-19 14:22:03.882,62750,979.0,0.0,979.0,0.0,2968.602
2026-05-19 14:22:03.882,63000,979.0,0.0,979.0,0.0,2968.602
2026-05-19 14:22:03.995,63250,979.0,0.0,979.0,0.0,2736.319
2026-05-19 14:22:03.995,63500,979.0,0.0,979.0,0.0,2736.319
2026-05-19 14:22:03.996,63750,979.0,0.0,979.0,0.0,2736.319
2026-05-19 14:22:03.996,64000,979.0,0.0,979.0,0.0,2736.319
2026-05-19 14:22:04.107,64250,979.0,0.0,979.0,0.0,2736.319
2026-05-19 14:22:04.107,64500,979.0,0.0,979.0,0.0,2736.319
2026-05-19 14:22:04.108,64750,979.0,0.0,979.0,0.0,2736.319
2026-05-19 14:22:04.108,65000,979.0,0.0,979.0,0.0,2736.319
2026-05-19 14:22:04.219,65250,979.0,0.0,979.0,0.0,2736.319
2026-05-19 14:22:04.220,65500,979.0,0.0,979.0,0.0,2736.319
2026-05-19 14:22:04.220,65750,979.0,0.0,979.0,0.0,2736.319
2026-05-19 14:22:04.220,66000,979.0,0.0,979.0,0.0,2736.319
2026-05-19 14:22:04.329,66250,979.0,0.0,979.0,0.0,2736.319
2026-05-19 14:22:04.330,66500,979.0,0.0,979.0,0.0,2736.319
2026-05-19 14:22:04.330,66750,979.0,0.0,979.0,0.0,2736.319
2026-05-19 14:22:04.330,67000,979.0,0.0,979.0,0.0,2736.319
2026-05-19 14:22:04.443,67250,979.0,0.0,979.0,0.0,2492.103
2026-05-19 14:22:04.443,67500,979.0,0.0,979.0,0.0,2492.103
2026-05-19 14:22:04.444,67750,979.0,0.0,979.0,0.0,2492.103
2026-05-19 14:22:04.444,68000,979.0,0.0,979.0,0.0,2492.103
2026-05-19 14:22:04.554,68250,979.0,0.0,979.0,0.0,2492.103
2026-05-19 14:22:04.555,68500,964.098,-1.855916887686,962.629,-30.216,2531.852
2026-05-19 14:22:04.556,68750,979.0,0.0,979.0,0.0,2611.351
2026-05-19 14:22:04.556,69000,979.0,0.0,979.0,0.0,2611.351
2026-05-19 14:22:04.665,69250,979.0,0.0,979.0,0.0,2611.351
2026-05-19 14:22:04.665,69500,979.0,0.0,979.0,0.0,2611.351
2026-05-19 14:22:04.666,69750,979.0,0.0,979.0,0.0,2611.351
2026-05-19 14:22:04.666,70000,979.0,0.0,979.0,0.0,2611.351
2026-05-19 14:22:04.776,70250,979.0,0.0,979.0,0.0,2611.351
2026-05-19 14:22:04.776,70500,979.0,0.0,979.0,0.0,2611.351
2026-05-19 14:22:04.777,70750,979.0,0.0,979.0,0.0,2611.351
2026-05-19 14:22:04.777,71000,979.0,0.0,979.0,0.0,2611.351
2026-05-19 14:22:04.887,71250,994.615,1.855916887686,993.002,33.177,2571.601
2026-05-19 14:22:04.887,71500,979.0,0.0,979.0,0.0,2611.351
2026-05-19 14:22:04.888,71750,1104.986,-1.360330311755,1103.327,-24.709,2315.338
2026-05-19 14:22:04.888,72000,979.0,0.0,979.0,0.0,2359.568
2026-05-19 14:22:05.000,72250,1037.334,6.023390614508,1031.607,108.852,2226.878
2026-05-19 14:22:05.000,72500,1037.334,6.023390614508,1031.607,108.852,2226.878
2026-05-19 14:22:05.001,72750,1037.334,6.023390614508,1031.607,108.852,2226.878
2026-05-19 14:22:05.001,73000,979.0,0.0,979.0,0.0,2226.878
2026-05-19 14:22:05.112,73250,979.0,0.0,979.0,0.0,2226.878
2026-05-19 14:22:05.112,73500,979.0,0.0,979.0,0.0,2226.878
2026-05-19 14:22:05.113,73750,979.0,0.0,979.0,0.0,2226.878
2026-05-19 14:22:05.113,74000,979.0,0.0,979.0,0.0,2226.878
2026-05-19 14:22:05.224,74250,979.0,0.0,979.0,0.0,2226.878
2026-05-19 14:22:05.224,74500,979.0,0.0,979.0,0.0,2226.878
2026-05-19 14:22:05.225,74750,979.0,0.0,979.0,0.0,2226.878
2026-05-19 14:22:05.225,75000,979.0,0.0,979.0,0.0,2226.878
2026-05-19 14:22:05.335,75250,979.0,0.0,979.0,0.0,2226.878
2026-05-19 14:22:05.336,75500,979.0,0.0,979.0,0.0,2226.878
2026-05-19 14:22:05.336,75750,979.0,0.0,979.0,0.0,2226.878
2026-05-19 14:22:05.337,76000,979.0,0.0,979.0,0.0,2226.878
2026-05-19 14:22:05.337,76250,979.0,0.0,979.0,0.0,2226.878
2026-05-19 14:22:05.448,76500,979.0,0.0,979.0,0.0,2226.878
2026-05-19 14:22:05.448,76750,979.0,0.0,979.0,0.0,2226.878
2026-05-19 14:22:05.449,77000,979.0,0.0,979.0,0.0,2226.878
2026-05-19 14:22:05.449,77250,979.0,0.0,979.0,0.0,2226.878
2026-05-19 14:22:05.450,77500,945.293,1.078475328894,944.827,16.516,2073.537
2026-05-19 14:22:05.559,77750,979.0,0.0,979.0,0.0,1996.867
2026-05-19 14:22:05.560,78000,979.0,0.0,979.0,0.0,1996.867
2026-05-19 14:22:05.560,78250,979.0,0.0,979.0,0.0,1996.867
2026-05-19 14:22:05.560,78500,979.0,0.0,979.0,0.0,1996.867
2026-05-19 14:22:05.672,78750,979.0,0.0,979.0,0.0,1996.867
2026-05-19 14:22:05.672,79000,979.0,0.0,979.0,0.0,1996.867
2026-05-19 14:22:05.673,79250,979.0,0.0,979.0,0.0,1996.867
2026-05-19 14:22:05.673,79500,979.0,0.0,979.0,0.0,1996.867
2026-05-19 14:22:05.673,79750,979.0,0.0,979.0,0.0,1996.867
2026-05-19 14:22:05.785,80000,979.0,0.0,979.0,0.0,1996.867
2026-05-19 14:22:05.786,80250,979.0,0.0,979.0,0.0,1996.867
2026-05-19 14:22:05.786,80500,979.0,0.0,979.0,0.0,1996.867
2026-05-19 14:22:05.786,80750,979.0,0.0,979.0,0.0,1996.867
2026-05-19 14:22:05.787,81000,979.0,0.0,979.0,0.0,1996.867
2026-05-19 14:22:05.897,81250,979.0,0.0,979.0,0.0,1996.867
2026-05-19 14:22:05.897,81500,979.0,0.0,979.0,0.0,1996.867
2026-05-19 14:22:05.898,81750,1016.683,4.450533135611,1012.003,80.254,1924.2
2026-05-19 14:22:05.899,82000,979.0,0.0,979.0,0.0,1887.867
2026-05-19 14:22:05.899,82250,979.0,0.0,979.0,0.0,1887.867
2026-05-19 14:22:06.009,82500,979.0,0.0,979.0,0.0,1887.867
2026-05-19 14:22:06.010,82750,979.0,0.0,979.0,0.0,1887.867
2026-05-19 14:22:06.010,83000,979.0,0.0,979.0,0.0,1887.867
2026-05-19 14:22:06.010,83250,979.0,0.0,979.0,0.0,1662.085
2026-05-19 14:22:06.011,83500,979.0,0.0,979.0,0.0,1662.085
2026-05-19 14:22:06.123,83750,979.0,0.0,979.0,0.0,1662.085
2026-05-19 14:22:06.124,84000,979.0,0.0,979.0,0.0,1662.085
2026-05-19 14:22:06.124,84250,979.0,0.0,979.0,0.0,1662.085
2026-05-19 14:22:06.124,84500,979.0,0.0,979.0,0.0,1662.085
2026-05-19 14:22:06.125,84750,979.0,0.0,979.0,0.0,1662.085
2026-05-19 14:22:06.237,85000,979.0,0.0,979.0,0.0,1662.085
2026-05-19 14:22:06.238,85250,979.0,0.0,979.0,0.0,1662.085
2026-05-19 14:22:06.238,85500,979.0,0.0,979.0,0.0,1662.085
2026-05-19 14:22:06.239,85750,979.0,0.0,979.0,0.0,1662.085
2026-05-19 14:22:06.239,86000,979.0,0.0,979.0,0.0,1662.085
2026-05-19 14:22:06.348,86250,979.0,0.0,979.0,0.0,1662.085
2026-05-19 14:22:06.349,86500,979.0,0.0,979.0,0.0,1662.085
2026-05-19 14:22:06.349,86750,979.0,0.0,979.0,0.0,1662.085
2026-05-19 14:22:06.350,87000,979.0,0.0,979.0,0.0,1662.085
2026-05-19 14:22:06.350,87250,979.0,0.0,979.0,0.0,1662.085
2026-05-19 14:22:06.459,87500,979.0,0.0,979.0,0.0,1662.085
2026-05-19 14:22:06.460,87750,979.0,0.0,979.0,0.0,1662.085
2026-05-19 14:22:06.460,88000,979.0,0.0,979.0,0.0,1662.085
2026-05-19 14:22:06.461,88250,979.0,0.0,979.0,0.0,1662.085
2026-05-19 14:22:06.461,88500,979.0,0.0,979.0,0.0,1662.085
2026-05-19 14:22:06.573,88750,979.0,0.0,979.0,0.0,1662.085
2026-05-19 14:22:06.574,89000,979.0,0.0,979.0,0.0,1662.085
2026-05-19 14:22:06.574,89250,979.0,0.0,979.0,0.0,1436.336
2026-05-19 14:22:06.574,89500,979.0,0.0,979.0,0.0,1436.336
2026-05-19 14:22:06.575,89750,979.0,0.0,979.0,0.0,1436.336
2026-05-19 14:22:06.691,90000,979.0,0.0,979.0,0.0,1436.336
2026-05-19 14:22:06.691,90250,979.0,0.0,979.0,0.0,1436.336
2026-05-19 14:22:06.692,90500,979.0,0.0,979.0,0.0,1324.598
2026-05-19 14:22:06.692,90750,979.0,0.0,979.0,0.0,1324.598
2026-05-19 14:22:06.693,91000,979.0,0.0,979.0,0.0,1324.598
2026-05-19 14:22:06.802,91250,979.0,0.0,979.0,0.0,1324.598
2026-05-19 14:22:06.802,91500,979.0,0.0,979.0,0.0,1324.598
2026-05-19 14:22:06.803,91750,979.0,0.0,979.0,0.0,1324.598
2026-05-19 14:22:06.803,92000,979.0,0.0,979.0,0.0,1324.598
2026-05-19 14:22:06.804,92250,979.0,0.0,979.0,0.0,1324.598
2026-05-19 14:22:06.914,92500,979.0,0.0,979.0,0.0,1324.598
2026-05-19 14:22:06.915,92750,979.0,0.0,979.0,0.0,1324.598
2026-05-19 14:22:06.915,93000,979.0,0.0,979.0,0.0,1324.598
2026-05-19 14:22:06.916,93250,979.0,0.0,979.0,0.0,1324.598
2026-05-19 14:22:07.026,93500,979.0,0.0,979.0,0.0,1324.598
2026-05-19 14:22:07.027,93750,979.0,0.0,979.0,0.0,1324.598
2026-05-19 14:22:07.027,94000,979.0,0.0,979.0,0.0,1324.598
2026-05-19 14:22:07.028,94250,979.0,0.0,979.0,0.0,1324.598
2026-05-19 14:22:07.028,94500,979.0,0.0,979.0,0.0,1324.598
2026-05-19 14:22:07.138,94750,979.0,0.0,979.0,0.0,1324.598
2026-05-19 14:22:07.138,95000,979.0,0.0,979.0,0.0,1324.598
2026-05-19 14:22:07.139,95250,853.802,3.374945710894,851.745,46.544,1239.901
2026-05-19 14:22:07.139,95500,979.0,0.0,979.0,0.0,1070.507
2026-05-19 14:22:07.140,95750,979.0,0.0,979.0,0.0,1070.507
2026-05-19 14:22:07.256,96000,979.0,0.0,979.0,0.0,1070.507
2026-05-19 14:22:07.256,96250,979.0,0.0,979.0,0.0,1070.507
2026-05-19 14:22:07.257,96500,979.0,0.0,979.0,0.0,1070.507
2026-05-19 14:22:07.257,96750,979.0,0.0,979.0,0.0,1070.507
2026-05-19 14:22:07.257,97000,979.0,0.0,979.0,0.0,1070.507
2026-05-19 14:22:07.370,97250,979.0,0.0,979.0,0.0,1070.507
2026-05-19 14:22:07.370,97500,979.0,0.0,979.0,0.0,1070.507
2026-05-19 14:22:07.371,97750,979.0,0.0,979.0,0.0,1070.507
2026-05-19 14:22:07.371,98000,979.0,0.0,979.0,0.0,1070.507
2026-05-19 14:22:07.372,98250,979.0,0.0,979.0,0.0,1070.507
2026-05-19 14:22:07.485,98500,979.0,0.0,979.0,0.0,1070.507
2026-05-19 14:22:07.486,98750,979.0,0.0,979.0,0.0,1070.507
2026-05-19 14:22:07.486,99000,979.0,0.0,979.0,0.0,1070.507
2026-05-19 14:22:07.487,99250,979.0,0.0,979.0,0.0,1070.507
2026-05-19 14:22:07.488,99500,979.0,0.0,979.0,0.0,1070.507
2026-05-19 14:22:07.597,99750,979.0,0.0,979.0,0.0,1070.507
2026-05-19 14:22:07.598,100000,979.0,0.0,979.0,0.0,1070.507
2026-05-19 14:22:08.159,10000,979.0,0.0,979.0,0.0,9286.314
2026-05-19 14:22:08.271,10250,979.0,0.0,979.0,0.0,9286.314
2026-05-19 14:22:08.383,10500,979.0,0.0,979.0,0.0,9286.314
2026-05-19 14:22:08.607,10750,988.999,0.983528176418,988.806,16.802,9195.196
2026-05-19 14:22:08.719,11000,992.377,0.222897950282,992.362,3.913,9230.388
2026-05-19 14:22:08.832,11250,984.844,-1.109931125744,984.597,-19.114,9124.084
2026-05-19 14:22:08.944,11500,984.844,-1.109931125744,984.597,-19.114,9124.084
2026-05-19 14:22:09.057,11750,979.0,0.0,979.0,0.0,9178.44
2026-05-19 14:22:09.168,12000,979.0,0.0,979.0,0.0,9178.44
2026-05-19 14:22:09.393,12250,979.0,0.0,979.0,0.0,9178.44
2026-05-19 14:22:09.505,12500,993.924,-0.119405626708,993.875,-2.133,9121.396
2026-05-19 14:22:09.616,12750,966.693,-0.258875657962,966.673,-4.312,9141.87
2026-05-19 14:22:09.729,13000,988.239,-1.438018381863,987.928,-24.8,9025.481
2026-05-19 14:22:09.841,13250,985.929,-1.078513786397,985.696,-18.6,9046.775
2026-05-19 14:22:09.954,13500,979.0,0.0,979.0,0.0,9110.657
2026-05-19 14:22:10.066,13750,992.085,0.29820317693,992.058,5.231,8992.055
2026-05-19 14:22:10.178,14000,8826.276,27.157913606983,-2244.684,7502.807,6747.461
2026-05-19 14:22:10.290,14250,8820.872,27.913873813239,-2249.915,7515.865,6796.44
2026-05-19 14:22:10.402,14500,8551.881,4.944995300111,8090.634,2645.558,6798.775
2026-05-19 14:22:10.516,14750,8655.341,3.901579130683,8257.007,2466.758,6790.108
2026-05-19 14:22:10.629,15000,8791.161,27.428395840919,-1983.495,7584.701,6771.718
2026-05-19 14:22:10.629,15250,8791.161,27.428395840919,-1983.495,7584.701,6771.718
2026-05-19 14:22:10.741,15500,8791.161,27.428395840919,-1983.495,7584.701,6771.718
2026-05-19 14:22:10.854,15750,8641.301,3.700239210056,8322.047,2214.334,6689.324
2026-05-19 14:22:10.966,16000,8692.265,26.874367617054,-1658.436,7589.799,6689.43
2026-05-19 14:22:11.077,16250,8698.471,27.064121822054,-1652.252,7593.124,6634.848
2026-05-19 14:22:11.189,16500,8788.843,25.953116037431,-1520.348,7702.939,6634.848
2026-05-19 14:22:11.302,16750,8787.093,26.985936390315,-1522.047,7720.904,6650.21
2026-05-19 14:22:11.302,17000,8580.22,26.40195606119,-1376.719,7556.656,6596.202
2026-05-19 14:22:11.414,17250,8593.396,26.838222555634,-1363.601,7564.311,6482.12
2026-05-19 14:22:11.525,17500,8498.342,24.825705962735,-1040.059,7539.8,6515.132
2026-05-19 14:22:11.637,17750,8496.737,25.805954608516,-1041.462,7556.656,6526.74
2026-05-19 14:22:11.749,18000,8496.737,25.805954608516,-1041.462,7556.656,6526.74
2026-05-19 14:22:11.750,18250,8293.205,25.565782918475,-871.285,7386.479,6357.389
2026-05-19 14:22:11.860,18500,8432.459,24.451325987933,-695.354,7541.194,6393.662
2026-05-19 14:22:11.967,18750,8430.254,25.445144391788,-697.431,7558.502,6412.989
2026-05-19 14:22:12.082,19000,8442.781,25.946838625441,-684.981,7567.294,6306.549
2026-05-19 14:22:12.083,19250,7982.698,1.974571645006,7913.936,996.045,6308.885
2026-05-19 14:22:12.194,19500,8178.967,23.3501295882,-208.098,7364.627,6236.655
2026-05-19 14:22:12.309,19750,8180.465,23.973307265522,-206.482,7375.271,6222.019
2026-05-19 14:22:12.411,20000,8175.903,24.3243181595,-210.969,7381.38,6259.786
2026-05-19 14:22:12.411,20250,8175.903,24.3243181595,-210.969,7381.38,6259.786
2026-05-19 14:22:12.528,20500,7995.407,24.04700338841,-48.44,7218.85,6109.603
2026-05-19 14:22:12.639,20750,8144.047,23.055869813232,115.696,7362.225,6148.225
2026-05-19 14:22:12.640,21000,7989.69,22.548999740536,250.69,7218.352,6063.499
2026-05-19 14:22:12.750,21250,7984.853,23.465244815106,246.025,7234.147,6100.821
2026-05-19 14:22:12.861,21500,7984.853,23.465244815106,246.025,7234.147,6100.821
2026-05-19 14:22:12.862,21750,7816.029,23.164162924718,406.005,7074.167,5960.349
2026-05-19 14:22:12.972,22000,7983.683,22.155532235577,579.235,7224.954,6003.842
2026-05-19 14:22:13.084,22250,7983.683,22.155532235577,579.235,7224.954,6003.842
2026-05-19 14:22:13.084,22500,7803.319,22.496125522172,736.162,7069.068,5949.773
2026-05-19 14:22:13.194,22750,7803.319,22.496125522172,736.162,7069.068,5949.773
2026-05-19 14:22:13.305,23000,7637.772,22.148189586767,903.79,6901.44,5812.029
2026-05-19 14:22:13.306,23250,7637.772,22.148189586767,903.79,6901.44,5812.029
2026-05-19 14:22:13.416,23500,7637.772,22.148189586767,903.79,6901.44,5812.029
2026-05-19 14:22:13.417,23750,7493.455,21.823047976989,1053.572,6751.658,5691.948
2026-05-19 14:22:13.528,24000,7671.812,20.89338178846,1222.93,6898.239,5738.076
2026-05-19 14:22:13.638,24250,7521.341,20.525709779909,1388.574,6733.229,5610.296
2026-05-19 14:22:13.639,24500,7515.037,20.833292522561,1382.328,6738.619,5657.478
2026-05-19 14:22:13.749,24750,7519.031,21.882047615868,1386.212,6756.939,5627.231
2026-05-19 14:22:13.750,25000,7369.146,20.770289089887,1533.512,6586.579,5588.516
2026-05-19 14:22:13.860,25250,7369.146,20.770289089887,1533.512,6586.579,5588.516
2026-05-19 14:22:13.861,25500,7229.899,20.371269961451,1696.041,6424.05,5472.654
2026-05-19 14:22:13.971,25750,7229.899,20.371269961451,1696.041,6424.05,5472.654
2026-05-19 14:22:14.083,26000,7238.753,21.083980158241,1704.741,6436.447,5408.639
2026-05-19 14:22:14.084,26250,7114.496,20.014914863057,1835.625,6284.466,5376.632
2026-05-19 14:22:14.195,26500,7124.455,20.86349635314,1845.365,6299.258,5306.062
2026-05-19 14:22:14.196,26750,6987.277,19.590624118015,1995.605,6124.486,5270.778
2026-05-19 14:22:14.307,27000,6987.277,19.590624118015,1995.605,6124.486,5270.778
2026-05-19 14:22:14.308,27250,6867.659,19.156288615127,2153.035,5967.056,5171.248
2026-05-19 14:22:14.417,27500,6867.659,19.156288615127,2153.035,5967.056,5171.248
2026-05-19 14:22:14.418,27750,6867.659,19.156288615127,2153.035,5967.056,5171.248
2026-05-19 14:22:14.533,28000,6746.743,18.675299843254,2320.663,5799.428,5070.639
2026-05-19 14:22:14.533,28250,6746.743,18.675299843254,2320.663,5799.428,5070.639
2026-05-19 14:22:14.644,28500,6644.654,18.229314693779,2470.445,5649.646,4985.694
2026-05-19 14:22:14.644,28750,6644.654,18.229314693779,2470.445,5649.646,4985.694
2026-05-19 14:22:14.756,29000,6644.654,18.229314693779,2470.445,5649.646,4985.694
2026-05-19 14:22:14.757,29250,6539.017,17.720167485791,2635.524,5484.567,4897.798
2026-05-19 14:22:14.868,29500,6539.017,17.720167485791,2635.524,5484.567,4897.798
2026-05-19 14:22:14.869,29750,6439.528,17.184556526075,2803.152,5316.939,4815.017
2026-05-19 14:22:14.981,30000,6439.528,17.184556526075,2803.152,5316.939,4815.017
2026-05-19 14:22:14.982,30250,6439.528,17.184556526075,2803.152,5316.939,4815.017
2026-05-19 14:22:15.094,30500,6350.942,16.647847981036,2965.682,5154.41,4741.308
2026-05-19 14:22:15.095,30750,910.208,2.470539012939,907.598,30.198,6840.268
2026-05-19 14:22:15.205,31000,911.219,2.898645278931,907.608,35.568,6827.886
2026-05-19 14:22:15.206,31250,909.27,2.716511489143,906.132,32.994,6743.582
2026-05-19 14:22:15.317,31500,918.927,2.51996430887,915.765,29.503,6685.381
2026-05-19 14:22:15.317,31750,933.067,2.193861291174,930.206,25.377,6493.524
2026-05-19 14:22:15.429,32000,906.25,2.723732271465,903.15,32.509,6434.548
2026-05-19 14:22:15.430,32250,906.796,3.170184687361,902.587,37.877,6427.996
2026-05-19 14:22:15.541,32500,899.688,2.997719257308,896.079,34.371,6433.758
2026-05-19 14:22:15.541,32750,904.963,2.972966484818,901.299,35.178,6368.107
2026-05-19 14:22:15.652,33000,907.717,2.960038808397,904.026,35.592,6335.409
2026-05-19 14:22:15.652,33250,906.043,2.770266592938,902.84,33.018,6285.688
2026-05-19 14:22:15.653,33500,906.043,2.770266592938,902.84,33.018,6285.688
2026-05-19 14:22:15.763,33750,906.049,3.47278265937,901.025,41.245,6285.608
2026-05-19 14:22:15.764,34000,932.948,2.587722918524,929.533,30.24,6056.432
2026-05-19 14:22:15.874,34250,902.032,3.417217858845,897.28,39.649,5996.384
2026-05-19 14:22:15.875,34500,897.093,1.365726525698,893.516,8.4,5986.277
2026-05-19 14:22:15.989,34750,900.771,2.733387414463,897.748,31.584,5966.064
2026-05-19 14:22:15.990,35000,900.356,3.21154140273,896.198,36.931,5970.972
2026-05-19 14:22:15.991,35250,906.075,3.256752606202,901.653,38.731,5905.506
2026-05-19 14:22:16.098,35500,927.951,2.946447391082,924.061,34.045,5771.134
2026-05-19 14:22:16.099,35750,896.82,3.124806178392,892.967,35.185,5710.623
2026-05-19 14:22:16.209,36000,902.391,3.187640426226,898.244,37.11,5647.407
2026-05-19 14:22:16.210,36250,900.907,2.993807101928,897.28,34.579,5645.123
2026-05-19 14:22:16.323,36500,900.907,2.993807101928,897.28,34.579,5645.123
2026-05-19 14:22:16.324,36750,899.858,3.476078923891,895.006,39.796,5656.867
2026-05-19 14:22:16.324,37000,899.842,2.350376882539,897.617,27.05,5656.484
2026-05-19 14:22:16.435,37250,897.506,2.431759206244,895.159,27.583,5401.079
2026-05-19 14:22:16.435,37500,896.258,2.908872551688,892.929,32.675,5414.943
2026-05-19 14:22:16.547,37750,896.855,2.12745697048,895.065,24.062,5428.208
2026-05-19 14:22:16.547,38000,902.499,2.250886739761,900.426,26.33,5367.368
2026-05-19 14:22:16.548,38250,902.499,2.250886739761,900.426,26.33,5367.368
2026-05-19 14:22:16.658,38500,928.974,2.914557246494,925.886,34.708,5253.725
2026-05-19 14:22:16.659,38750,908.304,1.107086012611,907.784,13.439,5057.721
2026-05-19 14:22:16.771,39000,979.0,0.0,979.0,0.0,4591.487
2026-05-19 14:22:16.771,39250,979.0,0.0,979.0,0.0,4591.487
2026-05-19 14:22:16.772,39500,979.0,0.0,979.0,0.0,4591.487
2026-05-19 14:22:16.883,39750,1022.052,0.539110342192,1021.991,9.752,4444.731
2026-05-19 14:22:16.883,40000,979.0,0.0,979.0,0.0,4380.519
2026-05-19 14:22:16.884,40250,979.0,0.0,979.0,0.0,4380.519
2026-05-19 14:22:16.995,40500,979.0,0.0,979.0,0.0,4380.519
2026-05-19 14:22:16.996,40750,975.209,0.863891003622,974.771,14.524,4397.749
2026-05-19 14:22:17.106,41000,979.0,0.0,979.0,0.0,4449.44
2026-05-19 14:22:17.107,41250,979.0,0.0,979.0,0.0,4262.566
2026-05-19 14:22:17.107,41500,979.0,0.0,979.0,0.0,4262.566
2026-05-19 14:22:17.224,41750,924.841,3.171113064453,923.419,51.25,4534.332
2026-05-19 14:22:17.224,42000,929.951,0.367840552294,929.887,5.025,4616.012
2026-05-19 14:22:17.225,42250,905.402,-0.256452537661,905.345,-4.317,4494.954
2026-05-19 14:22:17.336,42500,908.277,0.504636731362,908.169,6.13,4518.445
2026-05-19 14:22:17.339,42750,915.245,0.754423821282,914.994,9.528,4462.925
2026-05-19 14:22:17.339,43000,922.986,1.034244174037,922.494,13.616,4406.057
2026-05-19 14:22:17.451,43250,927.429,0.249416791065,927.4,3.364,4478.483
2026-05-19 14:22:17.452,43500,956.803,1.040663288569,956.575,17.693,4359.65
2026-05-19 14:22:17.452,43750,912.515,0.478910153321,912.415,5.959,4329.909
2026-05-19 14:22:17.561,44000,920.409,0.819401998152,920.104,10.643,4272.262
2026-05-19 14:22:17.562,44250,920.409,0.819401998152,920.104,10.643,4272.262
2026-05-19 14:22:17.673,44500,920.409,0.819401998152,920.104,10.643,4272.262
2026-05-19 14:22:17.674,44750,924.03,-0.089882931166,924.026,-1.191,4140.964
2026-05-19 14:22:17.674,45000,924.03,-0.089882931166,924.026,-1.191,4140.964
2026-05-19 14:22:17.785,45250,924.03,-0.089882931166,924.026,-1.191,4140.964
2026-05-19 14:22:17.786,45500,919.154,0.504116790433,919.039,6.506,4173.794
2026-05-19 14:22:17.786,45750,925.199,0.813971699384,924.891,10.845,4133.337
2026-05-19 14:22:17.897,46000,915.037,0.319500009125,914.992,4.032,3979.216
2026-05-19 14:22:17.897,46250,934.516,-1.505062131354,933.835,-24.112,4062.889
2026-05-19 14:22:17.898,46500,931.735,-0.148804177021,931.724,-2.052,4051.956
2026-05-19 14:22:18.008,46750,931.735,-0.148804177021,931.724,-2.052,4051.956
2026-05-19 14:22:18.009,47000,940.859,0.343888103097,940.8,4.96,3999.646
2026-05-19 14:22:18.009,47250,979.0,0.0,979.0,0.0,3625.638
2026-05-19 14:22:18.120,47500,979.0,0.0,979.0,0.0,3625.638
2026-05-19 14:22:18.121,47750,979.0,0.0,979.0,0.0,3625.638
2026-05-19 14:22:18.121,48000,979.0,0.0,979.0,0.0,3625.638
2026-05-19 14:22:18.232,48250,967.914,0.768095538716,967.579,12.524,3668.64
2026-05-19 14:22:18.232,48500,979.0,0.0,979.0,0.0,3618.973
2026-05-19 14:22:18.233,48750,979.0,0.0,979.0,0.0,3618.973
2026-05-19 14:22:18.346,49000,979.0,0.0,979.0,0.0,3618.973
2026-05-19 14:22:18.346,49250,930.053,-3.100736592919,928.692,-50.308,3618.973
2026-05-19 14:22:18.347,49500,979.0,0.0,979.0,0.0,3438.037
2026-05-19 14:22:18.458,49750,979.0,0.0,979.0,0.0,3438.037
2026-05-19 14:22:18.458,50000,979.0,0.0,979.0,0.0,3438.037
2026-05-19 14:22:18.459,50250,979.0,0.0,979.0,0.0,3438.037
2026-05-19 14:22:18.459,50500,979.0,0.0,979.0,0.0,3438.037
2026-05-19 14:22:18.569,50750,980.423,1.606967695712,979.607,27.804,3438.159
2026-05-19 14:22:18.570,51000,979.0,0.0,979.0,0.0,3448.719
2026-05-19 14:22:18.570,51250,979.0,0.0,979.0,0.0,3448.719
2026-05-19 14:22:18.681,51500,979.0,0.0,979.0,0.0,3448.719
2026-05-19 14:22:18.681,51750,979.0,0.0,979.0,0.0,3448.719
2026-05-19 14:22:18.681,52000,979.0,0.0,979.0,0.0,3448.719
2026-05-19 14:22:18.793,52250,979.0,0.0,979.0,0.0,3304.868
2026-05-19 14:22:18.793,52500,979.0,0.0,979.0,0.0,3304.868
2026-05-19 14:22:18.794,52750,979.0,0.0,979.0,0.0,3304.868
2026-05-19 14:22:18.794,53000,979.0,0.0,979.0,0.0,3304.868
2026-05-19 14:22:18.904,53250,979.0,0.0,979.0,0.0,3304.868
2026-05-19 14:22:18.904,53500,979.0,0.0,979.0,0.0,3304.868
2026-05-19 14:22:18.905,53750,979.0,0.0,979.0,0.0,3181.295
2026-05-19 14:22:19.015,54000,979.0,0.0,979.0,0.0,3181.295
2026-05-19 14:22:19.016,54250,979.0,0.0,979.0,0.0,3181.295
2026-05-19 14:22:19.016,54500,979.0,0.0,979.0,0.0,3181.295
2026-05-19 14:22:19.017,54750,979.0,0.0,979.0,0.0,3181.295
2026-05-19 14:22:19.126,55000,979.0,0.0,979.0,0.0,3181.295
2026-05-19 14:22:19.127,55250,979.0,0.0,979.0,0.0,3181.295
2026-05-19 14:22:19.127,55500,961.782,-2.101132916185,960.512,-34.608,3125.344
2026-05-19 14:22:19.239,55750,979.0,0.0,979.0,0.0,3069.393
2026-05-19 14:22:19.240,56000,979.0,0.0,979.0,0.0,3069.393
2026-05-19 14:22:19.240,56250,979.0,0.0,979.0,0.0,3069.393
2026-05-19 14:22:19.342,56500,979.0,0.0,979.0,0.0,3069.393
2026-05-19 14:22:19.342,56750,979.0,0.0,979.0,0.0,3069.393
2026-05-19 14:22:19.342,57000,979.0,0.0,979.0,0.0,3069.393
2026-05-19 14:22:19.445,57250,979.0,0.0,979.0,0.0,3069.393
2026-05-19 14:22:19.446,57500,979.0,0.0,979.0,0.0,3069.393
2026-05-19 14:22:19.446,57750,979.0,0.0,979.0,0.0,3069.393
2026-05-19 14:22:19.447,58000,955.826,5.955989221497,950.643,98.816,3147.326
2026-05-19 14:22:19.549,58250,955.826,5.955989221497,950.643,98.816,3147.326
2026-05-19 14:22:19.550,58500,979.0,0.0,979.0,0.0,3206.9
2026-05-19 14:22:19.550,58750,989.399,2.184952389389,987.946,38.09,3173.544
2026-05-19 14:22:19.653,59000,999.799,4.369904778779,996.892,76.18,3140.187
2026-05-19 14:22:19.653,59250,979.0,0.0,979.0,0.0,3140.187
2026-05-19 14:22:19.654,59500,977.872,-4.735895413456,974.441,-81.098,3147.326
2026-05-19 14:22:19.757,59750,1057.587,-1.463962538707,1057.242,-27.019,2968.602
2026-05-19 14:22:19.758,60000,979.0,0.0,979.0,0.0,2968.602
2026-05-19 14:22:19.758,60250,979.0,0.0,979.0,0.0,2968.602
2026-05-19 14:22:19.860,60500,979.0,0.0,979.0,0.0,2968.602
2026-05-19 14:22:19.861,60750,979.0,0.0,979.0,0.0,2968.602
2026-05-19 14:22:19.861,61000,979.0,0.0,979.0,0.0,2968.602
2026-05-19 14:22:19.861,61250,979.0,0.0,979.0,0.0,2968.602
2026-05-19 14:22:19.965,61500,979.0,0.0,979.0,0.0,2968.602
2026-05-19 14:22:19.966,61750,979.0,0.0,979.0,0.0,2968.602
2026-05-19 14:22:19.966,62000,979.0,0.0,979.0,0.0,2968.602
2026-05-19 14:22:19.969,62250,979.0,0.0,979.0,0.0,2968.602
2026-05-19 14:22:20.077,62500,979.0,0.0,979.0,0.0,2968.602
2026-05-19 14:22:20.077,62750,979.0,0.0,979.0,0.0,2968.602
2026-05-19 14:22:20.078,63000,979.0,0.0,979.0,0.0,2968.602
2026-05-19 14:22:20.078,63250,979.0,0.0,979.0,0.0,2736.319
2026-05-19 14:22:20.193,63500,979.0,0.0,979.0,0.0,2736.319
2026-05-19 14:22:20.193,63750,979.0,0.0,979.0,0.0,2736.319
2026-05-19 14:22:20.194,64000,979.0,0.0,979.0,0.0,2736.319
2026-05-19 14:22:20.194,64250,979.0,0.0,979.0,0.0,2736.319
2026-05-19 14:22:20.304,64500,979.0,0.0,979.0,0.0,2736.319
2026-05-19 14:22:20.305,64750,979.0,0.0,979.0,0.0,2736.319
2026-05-19 14:22:20.305,65000,979.0,0.0,979.0,0.0,2736.319
2026-05-19 14:22:20.305,65250,979.0,0.0,979.0,0.0,2736.319
2026-05-19 14:22:20.423,65500,979.0,0.0,979.0,0.0,2736.319
2026-05-19 14:22:20.423,65750,979.0,0.0,979.0,0.0,2736.319
2026-05-19 14:22:20.424,66000,979.0,0.0,979.0,0.0,2736.319
2026-05-19 14:22:20.424,66250,979.0,0.0,979.0,0.0,2736.319
2026-05-19 14:22:20.527,66500,979.0,0.0,979.0,0.0,2736.319
2026-05-19 14:22:20.527,66750,979.0,0.0,979.0,0.0,2736.319
2026-05-19 14:22:20.528,67000,1002.985,-0.535439740863,1002.797,-10.043,2675.265
2026-05-19 14:22:20.528,67250,979.0,0.0,979.0,0.0,2492.103
2026-05-19 14:22:20.638,67500,979.0,0.0,979.0,0.0,2492.103
2026-05-19 14:22:20.638,67750,979.0,0.0,979.0,0.0,2492.103
2026-05-19 14:22:20.639,68000,979.0,0.0,979.0,0.0,2492.103
2026-05-19 14:22:20.639,68250,979.0,0.0,979.0,0.0,2492.103
2026-05-19 14:22:20.741,68500,967.823,-1.391937665765,966.721,-22.662,2521.915
2026-05-19 14:22:20.742,68750,979.0,0.0,979.0,0.0,2611.351
2026-05-19 14:22:20.742,69000,979.0,0.0,979.0,0.0,2611.351
2026-05-19 14:22:20.845,69250,979.0,0.0,979.0,0.0,2611.351
2026-05-19 14:22:20.845,69500,979.0,0.0,979.0,0.0,2611.351
2026-05-19 14:22:20.846,69750,979.0,0.0,979.0,0.0,2611.351
2026-05-19 14:22:20.846,70000,979.0,0.0,979.0,0.0,2611.351
2026-05-19 14:22:20.949,70250,979.0,0.0,979.0,0.0,2611.351
2026-05-19 14:22:20.950,70500,979.0,0.0,979.0,0.0,2611.351
2026-05-19 14:22:20.950,70750,979.0,0.0,979.0,0.0,2611.351
2026-05-19 14:22:20.951,71000,979.0,0.0,979.0,0.0,2611.351
2026-05-19 14:22:21.053,71250,990.711,1.391937665765,989.501,24.883,2581.539
2026-05-19 14:22:21.054,71500,979.0,0.0,979.0,0.0,2611.351
2026-05-19 14:22:21.054,71750,1099.606,-1.862279529631,1097.894,-34.445,2326.395
2026-05-19 14:22:21.054,72000,979.0,0.0,979.0,0.0,2359.568
2026-05-19 14:22:21.162,72250,1037.334,6.023390614508,1031.607,108.852,2226.878
2026-05-19 14:22:21.163,72500,1037.334,6.023390614508,1031.607,108.852,2226.878
2026-05-19 14:22:21.163,72750,1037.334,6.023390614508,1031.607,108.852,2226.878
2026-05-19 14:22:21.269,73000,979.0,0.0,979.0,0.0,2226.878
2026-05-19 14:22:21.269,73250,979.0,0.0,979.0,0.0,2226.878
2026-05-19 14:22:21.270,73500,979.0,0.0,979.0,0.0,2226.878
2026-05-19 14:22:21.270,73750,979.0,0.0,979.0,0.0,2226.878
2026-05-19 14:22:21.389,74000,979.0,0.0,979.0,0.0,2226.878
2026-05-19 14:22:21.390,74250,979.0,0.0,979.0,0.0,2226.878
2026-05-19 14:22:21.390,74500,979.0,0.0,979.0,0.0,2226.878
2026-05-19 14:22:21.390,74750,979.0,0.0,979.0,0.0,2226.878
2026-05-19 14:22:21.391,75000,979.0,0.0,979.0,0.0,2226.878
2026-05-19 14:22:21.493,75250,979.0,0.0,979.0,0.0,2226.878
2026-05-19 14:22:21.494,75500,979.0,0.0,979.0,0.0,2226.878
2026-05-19 14:22:21.494,75750,979.0,0.0,979.0,0.0,2226.878
2026-05-19 14:22:21.494,76000,979.0,0.0,979.0,0.0,2226.878
2026-05-19 14:22:21.597,76250,979.0,0.0,979.0,0.0,2226.878
2026-05-19 14:22:21.598,76500,979.0,0.0,979.0,0.0,2226.878
2026-05-19 14:22:21.598,76750,979.0,0.0,979.0,0.0,2226.878
2026-05-19 14:22:21.601,77000,979.0,0.0,979.0,0.0,2226.878
2026-05-19 14:22:21.602,77250,979.0,0.0,979.0,0.0,2226.878
2026-05-19 14:22:21.710,77500,953.72,0.808856496671,953.37,12.387,2054.37
2026-05-19 14:22:21.711,77750,979.0,0.0,979.0,0.0,1996.867
2026-05-19 14:22:21.711,78000,979.0,0.0,979.0,0.0,1996.867
2026-05-19 14:22:21.712,78250,979.0,0.0,979.0,0.0,1996.867
2026-05-19 14:22:21.813,78500,979.0,0.0,979.0,0.0,1996.867
2026-05-19 14:22:21.814,78750,979.0,0.0,979.0,0.0,1996.867
2026-05-19 14:22:21.814,79000,979.0,0.0,979.0,0.0,1996.867
2026-05-19 14:22:21.815,79250,979.0,0.0,979.0,0.0,1996.867
2026-05-19 14:22:21.815,79500,979.0,0.0,979.0,0.0,1996.867
2026-05-19 14:22:21.917,79750,979.0,0.0,979.0,0.0,1996.867
2026-05-19 14:22:21.918,80000,979.0,0.0,979.0,0.0,1996.867
2026-05-19 14:22:21.918,80250,979.0,0.0,979.0,0.0,1996.867
2026-05-19 14:22:21.918,80500,979.0,0.0,979.0,0.0,1996.867
2026-05-19 14:22:22.029,80750,979.0,0.0,979.0,0.0,1996.867
2026-05-19 14:22:22.030,81000,979.0,0.0,979.0,0.0,1996.867
2026-05-19 14:22:22.030,81250,979.0,0.0,979.0,0.0,1996.867
2026-05-19 14:22:22.030,81500,979.0,0.0,979.0,0.0,1996.867
2026-05-19 14:22:22.031,81750,1021.394,5.006849777562,1016.128,90.286,1915.117
2026-05-19 14:22:22.135,82000,979.0,0.0,979.0,0.0,1887.867
2026-05-19 14:22:22.135,82250,979.0,0.0,979.0,0.0,1887.867
2026-05-19 14:22:22.136,82500,979.0,0.0,979.0,0.0,1887.867
2026-05-19 14:22:22.136,82750,979.0,0.0,979.0,0.0,1887.867
2026-05-19 14:22:22.137,83000,979.0,0.0,979.0,0.0,1887.867
2026-05-19 14:22:22.249,83250,979.0,0.0,979.0,0.0,1662.085
2026-05-19 14:22:22.250,83500,979.0,0.0,979.0,0.0,1662.085
2026-05-19 14:22:22.250,83750,979.0,0.0,979.0,0.0,1662.085
2026-05-19 14:22:22.251,84000,979.0,0.0,979.0,0.0,1662.085
2026-05-19 14:22:22.251,84250,979.0,0.0,979.0,0.0,1662.085
2026-05-19 14:22:22.361,84500,979.0,0.0,979.0,0.0,1662.085
2026-05-19 14:22:22.362,84750,979.0,0.0,979.0,0.0,1662.085
2026-05-19 14:22:22.362,85000,979.0,0.0,979.0,0.0,1662.085
2026-05-19 14:22:22.363,85250,979.0,0.0,979.0,0.0,1662.085
2026-05-19 14:22:22.363,85500,979.0,0.0,979.0,0.0,1662.085
2026-05-19 14:22:22.545,85750,979.0,0.0,979.0,0.0,1662.085
2026-05-19 14:22:22.545,86000,979.0,0.0,979.0,0.0,1662.085
2026-05-19 14:22:22.546,86250,979.0,0.0,979.0,0.0,1662.085
2026-05-19 14:22:22.546,86500,979.0,0.0,979.0,0.0,1662.085
2026-05-19 14:22:22.547,86750,979.0,0.0,979.0,0.0,1662.085
2026-05-19 14:22:22.547,87000,979.0,0.0,979.0,0.0,1662.085
2026-05-19 14:22:22.547,87250,979.0,0.0,979.0,0.0,1662.085
2026-05-19 14:22:22.548,87500,979.0,0.0,979.0,0.0,1662.085
2026-05-19 14:22:22.650,87750,979.0,0.0,979.0,0.0,1662.085
2026-05-19 14:22:22.650,88000,979.0,0.0,979.0,0.0,1662.085
2026-05-19 14:22:22.651,88250,979.0,0.0,979.0,0.0,1662.085
2026-05-19 14:22:22.652,88500,979.0,0.0,979.0,0.0,1662.085
2026-05-19 14:22:22.762,88750,979.0,0.0,979.0,0.0,1662.085
2026-05-19 14:22:22.763,89000,979.0,0.0,979.0,0.0,1662.085
2026-05-19 14:22:22.763,89250,979.0,0.0,979.0,0.0,1436.336
2026-05-19 14:22:22.764,89500,979.0,0.0,979.0,0.0,1436.336
2026-05-19 14:22:22.764,89750,979.0,0.0,979.0,0.0,1436.336
2026-05-19 14:22:22.867,90000,979.0,0.0,979.0,0.0,1436.336
2026-05-19 14:22:22.867,90250,979.0,0.0,979.0,0.0,1436.336
2026-05-19 14:22:22.868,90500,979.0,0.0,979.0,0.0,1324.598
2026-05-19 14:22:22.868,90750,979.0,0.0,979.0,0.0,1324.598
2026-05-19 14:22:22.869,91000,979.0,0.0,979.0,0.0,1324.598
2026-05-19 14:22:22.972,91250,979.0,0.0,979.0,0.0,1324.598
2026-05-19 14:22:22.972,91500,979.0,0.0,979.0,0.0,1324.598
2026-05-19 14:22:22.973,91750,979.0,0.0,979.0,0.0,1324.598
2026-05-19 14:22:22.973,92000,979.0,0.0,979.0,0.0,1324.598
2026-05-19 14:22:23.077,92250,979.0,0.0,979.0,0.0,1324.598
2026-05-19 14:22:23.078,92500,979.0,0.0,979.0,0.0,1324.598
2026-05-19 14:22:23.078,92750,979.0,0.0,979.0,0.0,1324.598
2026-05-19 14:22:23.078,93000,979.0,0.0,979.0,0.0,1324.598
2026-05-19 14:22:23.079,93250,979.0,0.0,979.0,0.0,1324.598
2026-05-19 14:22:23.182,93500,979.0,0.0,979.0,0.0,1324.598
2026-05-19 14:22:23.183,93750,979.0,0.0,979.0,0.0,1324.598
2026-05-19 14:22:23.183,94000,979.0,0.0,979.0,0.0,1324.598
2026-05-19 14:22:23.183,94250,979.0,0.0,979.0,0.0,1324.598
2026-05-19 14:22:23.293,94500,979.0,0.0,979.0,0.0,1324.598
2026-05-19 14:22:23.293,94750,979.0,0.0,979.0,0.0,1324.598
2026-05-19 14:22:23.293,95000,979.0,0.0,979.0,0.0,1324.598
2026-05-19 14:22:23.294,95250,885.102,2.53120928317,883.558,34.908,1197.553
2026-05-19 14:22:23.294,95500,979.0,0.0,979.0,0.0,1070.507
2026-05-19 14:22:23.404,95750,979.0,0.0,979.0,0.0,1070.507
2026-05-19 14:22:23.404,96000,979.0,0.0,979.0,0.0,1070.507
2026-05-19 14:22:23.405,96250,979.0,0.0,979.0,0.0,1070.507
2026-05-19 14:22:23.405,96500,979.0,0.0,979.0,0.0,1070.507
2026-05-19 14:22:23.405,96750,979.0,0.0,979.0,0.0,1070.507
2026-05-19 14:22:23.514,97000,979.0,0.0,979.0,0.0,1070.507
2026-05-19 14:22:23.515,97250,979.0,0.0,979.0,0.0,1070.507
2026-05-19 14:22:23.516,97500,979.0,0.0,979.0,0.0,1070.507
2026-05-19 14:22:23.516,97750,979.0,0.0,979.0,0.0,1070.507
2026-05-19 14:22:23.517,98000,979.0,0.0,979.0,0.0,1070.507
2026-05-19 14:22:23.626,98250,979.0,0.0,979.0,0.0,1070.507
2026-05-19 14:22:23.627,98500,979.0,0.0,979.0,0.0,1070.507
2026-05-19 14:22:23.627,98750,979.0,0.0,979.0,0.0,1070.507
2026-05-19 14:22:23.628,99000,979.0,0.0,979.0,0.0,1070.507
2026-05-19 14:22:23.628,99250,979.0,0.0,979.0,0.0,1070.507
2026-05-19 14:22:23.736,99500,979.0,0.0,979.0,0.0,1070.507
2026-05-19 14:22:23.737,99750,979.0,0.0,979.0,0.0,1070.507
2026-05-19 14:22:23.737,100000,979.0,0.0,979.0,0.0,1070.507
2026-05-19 14:22:24.292,10000,979.0,0.0,979.0,0.0,9286.314
2026-05-19 14:22:24.402,10250,979.0,0.0,979.0,0.0,9286.314
2026-05-19 14:22:24.623,10500,979.0,0.0,979.0,0.0,9286.314
2026-05-19 14:22:24.734,10750,986.999,0.786822541134,986.845,13.442,9213.42
2026-05-19 14:22:24.845,11000,995.052,0.267477540339,995.034,4.695,9205.503
2026-05-19 14:22:25.068,11250,985.234,-1.183926534127,984.97,-20.388,9120.46
2026-05-19 14:22:25.182,11500,985.234,-1.183926534127,984.97,-20.388,9120.46
2026-05-19 14:22:25.293,11750,979.0,0.0,979.0,0.0,9178.44
2026-05-19 14:22:25.407,12000,979.0,0.0,979.0,0.0,9178.44
2026-05-19 14:22:25.521,12250,979.0,0.0,979.0,0.0,9178.44
2026-05-19 14:22:25.632,12500,997.828,-0.294599265917,997.759,-5.227,9085.834
2026-05-19 14:22:25.743,12750,969.154,-0.207100526369,969.139,-3.45,9118.593
2026-05-19 14:22:25.850,13000,988.239,-1.438018381863,987.928,-24.8,9025.481
2026-05-19 14:22:25.951,13250,984.543,-0.862811029118,984.357,-14.88,9059.551
2026-05-19 14:22:26.174,13500,979.0,0.0,979.0,0.0,9110.657
2026-05-19 14:22:26.285,13750,994.702,0.357843812317,994.67,6.278,8968.334
2026-05-19 14:22:26.286,14000,7258.982,21.423946803084,-1597.855,5997.022,7172.66
2026-05-19 14:22:26.396,14250,7252.498,22.331099050591,-1604.132,6012.692,7231.434
2026-05-19 14:22:26.507,14500,7037.305,3.955996240088,6668.307,2116.446,7233.302
2026-05-19 14:22:26.618,14750,7125.606,2.896162305016,6806.9,1969.452,7197.949
2026-05-19 14:22:26.732,15000,7228.729,21.942716672735,-1390.996,6067.76,7205.064
2026-05-19 14:22:26.844,15250,7228.729,21.942716672735,-1390.996,6067.76,7205.064
2026-05-19 14:22:26.960,15500,7228.729,21.942716672735,-1390.996,6067.76,7205.064
2026-05-19 14:22:27.075,15750,7116.481,2.804724379955,6861.059,1768.708,7093.89
2026-05-19 14:22:27.183,16000,7149.612,21.499494093643,-1130.949,6071.84,7117.291
2026-05-19 14:22:27.300,16250,7154.577,21.651297457643,-1126.002,6074.499,7073.624
2026-05-19 14:22:27.300,16500,7233.925,20.692095037021,-1013.431,6161.105,7029.958
2026-05-19 14:22:27.415,16750,7230.334,21.744477200019,-1016.997,6179.45,7061.053
2026-05-19 14:22:27.527,17000,7059.976,21.121564848952,-905.575,6045.325,7017.847
2026-05-19 14:22:27.643,17250,7070.517,21.470578044508,-895.081,6051.449,6926.581
2026-05-19 14:22:27.758,17500,6997.605,19.558270205826,-633.186,6026.593,6907.358
2026-05-19 14:22:27.759,17750,6993.19,20.644763686813,-637.37,6045.325,6943.754
2026-05-19 14:22:27.867,18000,6993.19,20.644763686813,-637.37,6045.325,6943.754
2026-05-19 14:22:27.981,18250,6830.364,20.45262633478,-501.228,5909.183,6763.113
2026-05-19 14:22:28.094,18500,6945.155,19.263872275536,-357.163,6027.79,6792.132
2026-05-19 14:22:28.094,18750,6943.391,20.058926998619,-358.824,6041.637,6807.593
2026-05-19 14:22:28.206,19000,6955.036,20.958148593814,-347.204,6057.351,6708.884
2026-05-19 14:22:28.316,19250,6581.958,1.579657316005,6526.949,796.836,6710.753
2026-05-19 14:22:28.426,19500,6742.623,18.399294955378,32.911,5886.814,6610.284
2026-05-19 14:22:28.427,19750,6743.822,18.897837097236,34.204,5895.33,6598.576
2026-05-19 14:22:28.538,20000,6736.523,19.4594545276,27.024,5905.104,6659.004
2026-05-19 14:22:28.649,20250,6736.523,19.4594545276,27.024,5905.104,6659.004
2026-05-19 14:22:28.758,20500,6592.126,19.237602710728,157.048,5775.08,6498.808
2026-05-19 14:22:28.758,20750,6714.792,18.180393563871,292.058,5885.178,6529.705
2026-05-19 14:22:28.867,21000,6591.469,17.773254048565,400.215,5770.047,6428.034
2026-05-19 14:22:28.981,21250,6583.683,18.772195852085,392.62,5787.318,6489.441
2026-05-19 14:22:28.982,21500,6583.683,18.772195852085,392.62,5787.318,6489.441
2026-05-19 14:22:29.093,21750,6448.623,18.531330339774,520.604,5659.334,6339.604
2026-05-19 14:22:29.206,22000,6587.082,17.455457604691,663.469,5775.266,6374.398
2026-05-19 14:22:29.206,22250,6587.082,17.455457604691,663.469,5775.266,6374.398
2026-05-19 14:22:29.318,22500,6438.455,17.996900417738,784.73,5655.255,6328.323
2026-05-19 14:22:29.318,22750,6438.455,17.996900417738,784.73,5655.255,6328.323
2026-05-19 14:22:29.431,23000,6306.018,17.718551669414,918.832,5521.152,6181.396
2026-05-19 14:22:29.533,23250,6306.018,17.718551669414,918.832,5521.152,6181.396
2026-05-19 14:22:29.533,23500,6310.198,17.978664957236,922.961,5525.691,6149.374
2026-05-19 14:22:29.637,23750,6190.564,17.458438381591,1038.658,5401.327,6053.31
2026-05-19 14:22:29.753,24000,6338.067,16.466794447161,1178.914,5514.251,6090.212
2026-05-19 14:22:29.754,24250,6217.916,16.174501629805,1311.656,5382.27,5953.632
2026-05-19 14:22:29.866,24500,6212.873,16.420567823927,1306.659,5386.583,5991.378
2026-05-19 14:22:29.867,24750,6215.144,17.802107032956,1308.822,5410.723,5973.953
2026-05-19 14:22:29.979,25000,6091.117,16.616231271909,1422.609,5269.264,5942.982
2026-05-19 14:22:30.091,25250,6091.117,16.616231271909,1422.609,5269.264,5942.982
2026-05-19 14:22:30.091,25500,5979.72,16.297015969161,1552.633,5139.24,5819.396
2026-05-19 14:22:30.199,25750,5979.72,16.297015969161,1552.633,5139.24,5819.396
2026-05-19 14:22:30.200,26000,5990.344,17.152268205308,1563.072,5154.116,5742.578
2026-05-19 14:22:30.313,26250,5887.397,16.011931890445,1664.3,5027.573,5716.972
2026-05-19 14:22:30.314,26500,5899.348,17.030229678546,1675.988,5045.324,5632.289
2026-05-19 14:22:30.425,26750,5785.622,15.672499294412,1792.284,4899.589,5604.061
2026-05-19 14:22:30.425,27000,5785.622,15.672499294412,1792.284,4899.589,5604.061
2026-05-19 14:22:30.536,27250,5689.927,15.325030892102,1918.228,4773.645,5497.896
2026-05-19 14:22:30.536,27500,5689.927,15.325030892102,1918.228,4773.645,5497.896
2026-05-19 14:22:30.649,27750,5689.927,15.325030892102,1918.228,4773.645,5497.896
2026-05-19 14:22:30.650,28000,5593.194,14.940239874603,2052.331,4639.542,5390.579
2026-05-19 14:22:30.761,28250,5593.194,14.940239874603,2052.331,4639.542,5390.579
2026-05-19 14:22:30.867,28500,5511.523,14.583451755023,2172.156,4519.717,5299.972
2026-05-19 14:22:30.867,28750,5511.523,14.583451755023,2172.156,4519.717,5299.972
2026-05-19 14:22:30.969,29000,5511.523,14.583451755023,2172.156,4519.717,5299.972
2026-05-19 14:22:30.970,29250,5427.014,14.176133988633,2304.219,4387.654,5206.216
2026-05-19 14:22:31.080,29500,5427.014,14.176133988633,2304.219,4387.654,5206.216
2026-05-19 14:22:31.081,29750,5347.422,13.74764522086,2438.322,4253.551,5117.917
2026-05-19 14:22:31.194,30000,5347.422,13.74764522086,2438.322,4253.551,5117.917
2026-05-19 14:22:31.195,30250,5347.422,13.74764522086,2438.322,4253.551,5117.917
2026-05-19 14:22:31.300,30500,5276.553,13.318278384828,2568.345,4123.528,5039.294
2026-05-19 14:22:31.300,30750,923.967,1.976431210351,921.878,24.159,6718.461
2026-05-19 14:22:31.405,31000,924.776,2.318916223144,921.887,28.455,6708.556
2026-05-19 14:22:31.405,31250,923.216,2.173209191314,920.706,26.395,6621.414
2026-05-19 14:22:31.517,31500,930.942,2.015971447096,928.412,23.602,6574.854
2026-05-19 14:22:31.517,31750,950.191,1.613790104862,947.887,17.79,6358.663
2026-05-19 14:22:31.628,32000,920.8,2.178985817172,918.32,26.008,6311.482
2026-05-19 14:22:31.629,32250,921.237,2.536147749889,917.87,30.302,6306.241
2026-05-19 14:22:31.744,32500,915.551,2.398175405847,912.663,27.497,6296.045
2026-05-19 14:22:31.744,32750,919.77,2.378373187854,916.839,28.142,6243.524
2026-05-19 14:22:31.745,33000,921.974,2.368031046718,919.021,28.474,6217.366
2026-05-19 14:22:31.860,33250,920.634,2.21621327435,918.072,26.415,6165.027
2026-05-19 14:22:31.860,33500,920.634,2.21621327435,918.072,26.415,6165.027
2026-05-19 14:22:31.975,33750,920.64,2.778226127496,916.62,32.996,6164.963
2026-05-19 14:22:31.975,34000,951.296,1.976983577067,948.557,22.525,5921.034
2026-05-19 14:22:31.976,34250,917.426,2.733774287076,913.624,31.719,5872.996
2026-05-19 14:22:32.079,34500,912.003,0.545516865053,908.92,-2.554,5864.911
2026-05-19 14:22:32.079,34750,916.417,2.18670993157,913.999,25.267,5840.655
2026-05-19 14:22:32.193,35000,916.084,2.569233122184,912.758,29.545,5844.581
2026-05-19 14:22:32.194,35250,920.66,2.605402084962,917.122,30.985,5792.208
2026-05-19 14:22:32.302,35500,947.509,2.309595569583,944.395,26.385,5630.889
2026-05-19 14:22:32.302,35750,913.256,2.499844942713,910.174,28.148,5582.481
2026-05-19 14:22:32.413,36000,917.713,2.550112340981,914.396,29.688,5531.908
2026-05-19 14:22:32.414,36250,916.525,2.395045681542,913.624,27.664,5526.73
2026-05-19 14:22:32.414,36500,916.525,2.395045681542,913.624,27.664,5526.73
2026-05-19 14:22:32.524,36750,915.706,3.681424772194,911.22,47.21,5536.024
2026-05-19 14:22:32.524,37000,915.673,1.880301506031,913.894,21.64,5535.717
2026-05-19 14:22:32.635,37250,913.805,1.945407364995,911.928,22.066,5281.232
2026-05-19 14:22:32.635,37500,912.807,2.327098041351,910.143,26.14,5292.323
2026-05-19 14:22:32.636,37750,913.284,1.701965576384,911.852,19.25,5306.471
2026-05-19 14:22:32.750,38000,917.8,1.800709391809,916.141,21.064,5257.799
2026-05-19 14:22:32.750,38250,917.8,1.800709391809,916.141,21.064,5257.799
2026-05-19 14:22:32.863,38500,950.224,2.394071779854,947.751,28.894,5114.534
2026-05-19 14:22:32.863,38750,922.443,0.885668810089,922.028,10.751,4964.474
2026-05-19 14:22:32.864,39000,979.0,0.0,979.0,0.0,4591.487
2026-05-19 14:22:32.977,39250,979.0,0.0,979.0,0.0,4591.487
2026-05-19 14:22:32.978,39500,979.0,0.0,979.0,0.0,4591.487
2026-05-19 14:22:32.979,39750,1024.923,0.575051031671,1024.857,10.402,4431.889
2026-05-19 14:22:33.093,40000,979.0,0.0,979.0,0.0,4380.519
2026-05-19 14:22:33.094,40250,979.0,0.0,979.0,0.0,4380.519
2026-05-19 14:22:33.208,40500,979.0,0.0,979.0,0.0,4380.519
2026-05-19 14:22:33.209,40750,975.967,0.691112802898,975.617,11.619,4394.303
2026-05-19 14:22:33.210,41000,979.0,0.0,979.0,0.0,4449.44
2026-05-19 14:22:33.316,41250,979.0,0.0,979.0,0.0,4262.566
2026-05-19 14:22:33.317,41500,979.0,0.0,979.0,0.0,4262.566
2026-05-19 14:22:33.419,41750,932.009,3.18064049644,930.569,51.788,4496.233
2026-05-19 14:22:33.419,42000,939.761,0.294272441835,939.709,4.02,4561.577
2026-05-19 14:22:33.420,42250,920.121,-0.205162030129,920.076,-3.454,4416.308
2026-05-19 14:22:33.530,42500,922.422,0.40370938509,922.336,4.904,4435.1
2026-05-19 14:22:33.530,42750,927.996,0.603539057026,927.795,7.623,4390.684
2026-05-19 14:22:33.531,43000,934.189,0.82739533923,933.795,10.892,4345.19
2026-05-19 14:22:33.641,43250,937.743,0.199533432852,937.72,2.691,4422.444
2026-05-19 14:22:33.642,43500,972.992,1.149029229856,972.731,19.886,4279.845
2026-05-19 14:22:33.642,43750,925.812,0.383128122657,925.732,4.767,4256.052
2026-05-19 14:22:33.748,44000,932.127,0.655521598522,931.884,8.515,4209.935
2026-05-19 14:22:33.749,44250,932.127,0.655521598522,931.884,8.515,4209.935
2026-05-19 14:22:33.749,44500,932.127,0.655521598522,931.884,8.515,4209.935
2026-05-19 14:22:33.853,44750,935.024,-0.071906344932,935.021,-0.953,4085.041
2026-05-19 14:22:33.853,45000,935.024,-0.071906344932,935.021,-0.953,4085.041
2026-05-19 14:22:33.968,45250,935.024,-0.071906344932,935.021,-0.953,4085.041
2026-05-19 14:22:33.968,45500,931.123,0.403293432346,931.031,5.205,4111.306
2026-05-19 14:22:33.969,45750,935.959,0.651177359507,935.713,8.676,4078.94
2026-05-19 14:22:34.083,46000,927.83,0.2556000073,927.794,3.226,3914.544
2026-05-19 14:22:34.084,46250,952.376,-1.933874561275,951.416,-32.322,3981.482
2026-05-19 14:22:34.084,46500,941.188,-0.119043341617,941.18,-1.641,4006.205
2026-05-19 14:22:34.197,46750,941.188,-0.119043341617,941.18,-1.641,4006.205
2026-05-19 14:22:34.198,47000,948.487,0.275110482478,948.44,3.968,3964.357
2026-05-19 14:22:34.198,47250,979.0,0.0,979.0,0.0,3625.638
2026-05-19 14:22:34.300,47500,979.0,0.0,979.0,0.0,3625.638
2026-05-19 14:22:34.302,47750,979.0,0.0,979.0,0.0,3625.638
2026-05-19 14:22:34.303,48000,979.0,0.0,979.0,0.0,3625.638
2026-05-19 14:22:34.419,48250,970.132,0.614476430973,969.863,10.019,3660.04
2026-05-19 14:22:34.420,48500,979.0,0.0,979.0,0.0,3618.973
2026-05-19 14:22:34.420,48750,979.0,0.0,979.0,0.0,3618.973
2026-05-19 14:22:34.530,49000,979.0,0.0,979.0,0.0,3618.973
2026-05-19 14:22:34.530,49250,930.053,-3.100736592919,928.692,-50.308,3618.973
2026-05-19 14:22:34.531,49500,979.0,0.0,979.0,0.0,3438.037
2026-05-19 14:22:34.641,49750,979.0,0.0,979.0,0.0,3438.037
2026-05-19 14:22:34.642,50000,979.0,0.0,979.0,0.0,3438.037
2026-05-19 14:22:34.643,50250,979.0,0.0,979.0,0.0,3438.037
2026-05-19 14:22:34.643,50500,979.0,0.0,979.0,0.0,3438.037
2026-05-19 14:22:34.756,50750,980.138,1.28557415657,979.486,22.243,3438.134
2026-05-19 14:22:34.757,51000,979.0,0.0,979.0,0.0,3448.719
2026-05-19 14:22:34.758,51250,979.0,0.0,979.0,0.0,3448.719
2026-05-19 14:22:34.867,51500,979.0,0.0,979.0,0.0,3448.719
2026-05-19 14:22:34.867,51750,979.0,0.0,979.0,0.0,3448.719
2026-05-19 14:22:34.868,52000,979.0,0.0,979.0,0.0,3448.719
2026-05-19 14:22:34.982,52250,979.0,0.0,979.0,0.0,3304.868
2026-05-19 14:22:34.982,52500,979.0,0.0,979.0,0.0,3304.868
2026-05-19 14:22:34.983,52750,979.0,0.0,979.0,0.0,3304.868
2026-05-19 14:22:34.983,53000,979.0,0.0,979.0,0.0,3304.868
2026-05-19 14:22:35.091,53250,979.0,0.0,979.0,0.0,3304.868
2026-05-19 14:22:35.092,53500,979.0,0.0,979.0,0.0,3304.868
2026-05-19 14:22:35.092,53750,979.0,0.0,979.0,0.0,3181.295
2026-05-19 14:22:35.201,54000,979.0,0.0,979.0,0.0,3181.295
2026-05-19 14:22:35.201,54250,979.0,0.0,979.0,0.0,3181.295
2026-05-19 14:22:35.202,54500,979.0,0.0,979.0,0.0,3181.295
2026-05-19 14:22:35.202,54750,979.0,0.0,979.0,0.0,3181.295
2026-05-19 14:22:35.312,55000,979.0,0.0,979.0,0.0,3181.295
2026-05-19 14:22:35.312,55250,979.0,0.0,979.0,0.0,3181.295
2026-05-19 14:22:35.312,55500,965.225,-1.680906332948,964.21,-27.686,3114.154
2026-05-19 14:22:35.422,55750,979.0,0.0,979.0,0.0,3069.393
2026-05-19 14:22:35.423,56000,979.0,0.0,979.0,0.0,3069.393
2026-05-19 14:22:35.423,56250,979.0,0.0,979.0,0.0,3069.393
2026-05-19 14:22:35.534,56500,979.0,0.0,979.0,0.0,3069.393
2026-05-19 14:22:35.535,56750,979.0,0.0,979.0,0.0,3069.393
2026-05-19 14:22:35.535,57000,979.0,0.0,979.0,0.0,3069.393
2026-05-19 14:22:35.535,57250,979.0,0.0,979.0,0.0,3069.393
2026-05-19 14:22:35.643,57500,979.0,0.0,979.0,0.0,3069.393
2026-05-19 14:22:35.644,57750,979.0,0.0,979.0,0.0,3069.393
2026-05-19 14:22:35.644,58000,952.065,6.029187348432,946.779,99.689,3159.241
2026-05-19 14:22:35.753,58250,952.065,6.029187348432,946.779,99.689,3159.241
2026-05-19 14:22:35.754,58500,979.0,0.0,979.0,0.0,3206.9
2026-05-19 14:22:35.754,58750,991.479,2.621942867267,989.735,45.708,3166.872
2026-05-19 14:22:35.864,59000,999.799,4.369904778779,996.892,76.18,3140.187
2026-05-19 14:22:35.865,59250,979.0,0.0,979.0,0.0,3140.187
2026-05-19 14:22:35.865,59500,974.024,-4.66269728652,970.722,-79.487,3159.241
2026-05-19 14:22:35.866,59750,1057.587,-1.463962538707,1057.242,-27.019,2968.602
2026-05-19 14:22:35.975,60000,979.0,0.0,979.0,0.0,2968.602
2026-05-19 14:22:35.975,60250,979.0,0.0,979.0,0.0,2968.602
2026-05-19 14:22:35.976,60500,979.0,0.0,979.0,0.0,2968.602
2026-05-19 14:22:35.976,60750,979.0,0.0,979.0,0.0,2968.602
2026-05-19 14:22:36.082,61000,979.0,0.0,979.0,0.0,2968.602
2026-05-19 14:22:36.083,61250,979.0,0.0,979.0,0.0,2968.602
2026-05-19 14:22:36.083,61500,979.0,0.0,979.0,0.0,2968.602
2026-05-19 14:22:36.196,61750,979.0,0.0,979.0,0.0,2968.602
2026-05-19 14:22:36.197,62000,979.0,0.0,979.0,0.0,2968.602
2026-05-19 14:22:36.197,62250,979.0,0.0,979.0,0.0,2968.602
2026-05-19 14:22:36.198,62500,979.0,0.0,979.0,0.0,2968.602
2026-05-19 14:22:36.307,62750,979.0,0.0,979.0,0.0,2968.602
2026-05-19 14:22:36.307,63000,979.0,0.0,979.0,0.0,2968.602
2026-05-19 14:22:36.308,63250,979.0,0.0,979.0,0.0,2736.319
2026-05-19 14:22:36.308,63500,979.0,0.0,979.0,0.0,2736.319
2026-05-19 14:22:36.417,63750,979.0,0.0,979.0,0.0,2736.319
2026-05-19 14:22:36.418,64000,979.0,0.0,979.0,0.0,2736.319
2026-05-19 14:22:36.418,64250,979.0,0.0,979.0,0.0,2736.319
2026-05-19 14:22:36.419,64500,979.0,0.0,979.0,0.0,2736.319
2026-05-19 14:22:36.531,64750,979.0,0.0,979.0,0.0,2736.319
2026-05-19 14:22:36.531,65000,979.0,0.0,979.0,0.0,2736.319
2026-05-19 14:22:36.532,65250,979.0,0.0,979.0,0.0,2736.319
2026-05-19 14:22:36.532,65500,979.0,0.0,979.0,0.0,2736.319
2026-05-19 14:22:36.641,65750,979.0,0.0,979.0,0.0,2736.319
2026-05-19 14:22:36.642,66000,979.0,0.0,979.0,0.0,2736.319
2026-05-19 14:22:36.642,66250,979.0,0.0,979.0,0.0,2736.319
2026-05-19 14:22:36.643,66500,979.0,0.0,979.0,0.0,2736.319
2026-05-19 14:22:36.756,66750,979.0,0.0,979.0,0.0,2736.319
2026-05-19 14:22:36.757,67000,998.188,-0.42835179269,998.037,-8.035,2687.476
2026-05-19 14:22:36.757,67250,979.0,0.0,979.0,0.0,2492.103
2026-05-19 14:22:36.758,67500,979.0,0.0,979.0,0.0,2492.103
2026-05-19 14:22:36.869,67750,979.0,0.0,979.0,0.0,2492.103
2026-05-19 14:22:36.870,68000,979.0,0.0,979.0,0.0,2492.103
2026-05-19 14:22:36.870,68250,979.0,0.0,979.0,0.0,2492.103
2026-05-19 14:22:36.871,68500,970.059,-1.113550132612,969.177,-18.13,2515.952
2026-05-19 14:22:36.982,68750,979.0,0.0,979.0,0.0,2611.351
2026-05-19 14:22:36.983,69000,979.0,0.0,979.0,0.0,2611.351
2026-05-19 14:22:36.983,69250,979.0,0.0,979.0,0.0,2611.351
2026-05-19 14:22:36.984,69500,979.0,0.0,979.0,0.0,2611.351
2026-05-19 14:22:36.984,69750,979.0,0.0,979.0,0.0,2611.351
2026-05-19 14:22:37.093,70000,979.0,0.0,979.0,0.0,2611.351
2026-05-19 14:22:37.094,70250,979.0,0.0,979.0,0.0,2611.351
2026-05-19 14:22:37.094,70500,979.0,0.0,979.0,0.0,2611.351
2026-05-19 14:22:37.207,70750,979.0,0.0,979.0,0.0,2611.351
2026-05-19 14:22:37.207,71000,979.0,0.0,979.0,0.0,2611.351
2026-05-19 14:22:37.208,71250,988.369,1.113550132612,987.401,19.906,2587.501
2026-05-19 14:22:37.208,71500,979.0,0.0,979.0,0.0,2611.351
2026-05-19 14:22:37.209,71750,1096.378,-2.163449060357,1094.634,-40.287,2333.03
2026-05-19 14:22:37.320,72000,979.0,0.0,979.0,0.0,2359.568
2026-05-19 14:22:37.321,72250,1037.334,6.023390614508,1031.607,108.852,2226.878
2026-05-19 14:22:37.321,72500,1037.334,6.023390614508,1031.607,108.852,2226.878
2026-05-19 14:22:37.322,72750,1037.334,6.023390614508,1031.607,108.852,2226.878
2026-05-19 14:22:37.431,73000,979.0,0.0,979.0,0.0,2226.878
2026-05-19 14:22:37.431,73250,979.0,0.0,979.0,0.0,2226.878
2026-05-19 14:22:37.432,73500,979.0,0.0,979.0,0.0,2226.878
2026-05-19 14:22:37.432,73750,979.0,0.0,979.0,0.0,2226.878
2026-05-19 14:22:37.536,74000,979.0,0.0,979.0,0.0,2226.878
2026-05-19 14:22:37.536,74250,979.0,0.0,979.0,0.0,2226.878
2026-05-19 14:22:37.537,74500,979.0,0.0,979.0,0.0,2226.878
2026-05-19 14:22:37.648,74750,979.0,0.0,979.0,0.0,2226.878
2026-05-19 14:22:37.649,75000,979.0,0.0,979.0,0.0,2226.878
2026-05-19 14:22:37.649,75250,979.0,0.0,979.0,0.0,2226.878
2026-05-19 14:22:37.650,75500,979.0,0.0,979.0,0.0,2226.878
2026-05-19 14:22:37.650,75750,979.0,0.0,979.0,0.0,2226.878
2026-05-19 14:22:37.759,76000,979.0,0.0,979.0,0.0,2226.878
2026-05-19 14:22:37.760,76250,979.0,0.0,979.0,0.0,2226.878
2026-05-19 14:22:37.761,76500,979.0,0.0,979.0,0.0,2226.878
2026-05-19 14:22:37.761,76750,979.0,0.0,979.0,0.0,2226.878
2026-05-19 14:22:37.761,77000,979.0,0.0,979.0,0.0,2226.878
2026-05-19 14:22:37.866,77250,979.0,0.0,979.0,0.0,2226.878
2026-05-19 14:22:37.867,77500,958.776,0.647085197337,958.496,9.909,2042.869
2026-05-19 14:22:37.867,77750,979.0,0.0,979.0,0.0,1996.867
2026-05-19 14:22:37.867,78000,979.0,0.0,979.0,0.0,1996.867
2026-05-19 14:22:37.981,78250,979.0,0.0,979.0,0.0,1996.867
2026-05-19 14:22:37.982,78500,979.0,0.0,979.0,0.0,1996.867
2026-05-19 14:22:37.983,78750,979.0,0.0,979.0,0.0,1996.867
2026-05-19 14:22:37.983,79000,979.0,0.0,979.0,0.0,1996.867
2026-05-19 14:22:37.984,79250,979.0,0.0,979.0,0.0,1996.867
2026-05-19 14:22:38.093,79500,979.0,0.0,979.0,0.0,1996.867
2026-05-19 14:22:38.093,79750,979.0,0.0,979.0,0.0,1996.867
2026-05-19 14:22:38.094,80000,979.0,0.0,979.0,0.0,1996.867
2026-05-19 14:22:38.094,80250,979.0,0.0,979.0,0.0,1996.867
2026-05-19 14:22:38.095,80500,979.0,0.0,979.0,0.0,1996.867
2026-05-19 14:22:38.204,80750,979.0,0.0,979.0,0.0,1996.867
2026-05-19 14:22:38.205,81000,979.0,0.0,979.0,0.0,1996.867
2026-05-19 14:22:38.205,81250,979.0,0.0,979.0,0.0,1996.867
2026-05-19 14:22:38.206,81500,979.0,0.0,979.0,0.0,1996.867
2026-05-19 14:22:38.206,81750,1024.22,5.340639762733,1018.603,96.305,1909.667
2026-05-19 14:22:38.314,82000,979.0,0.0,979.0,0.0,1887.867
2026-05-19 14:22:38.315,82250,979.0,0.0,979.0,0.0,1887.867
2026-05-19 14:22:38.315,82500,979.0,0.0,979.0,0.0,1887.867
2026-05-19 14:22:38.316,82750,979.0,0.0,979.0,0.0,1887.867
2026-05-19 14:22:38.316,83000,979.0,0.0,979.0,0.0,1887.867
2026-05-19 14:22:38.425,83250,979.0,0.0,979.0,0.0,1662.085
2026-05-19 14:22:38.426,83500,979.0,0.0,979.0,0.0,1662.085
2026-05-19 14:22:38.426,83750,979.0,0.0,979.0,0.0,1662.085
2026-05-19 14:22:38.427,84000,979.0,0.0,979.0,0.0,1662.085
2026-05-19 14:22:38.539,84250,979.0,0.0,979.0,0.0,1662.085
2026-05-19 14:22:38.540,84500,979.0,0.0,979.0,0.0,1662.085
2026-05-19 14:22:38.540,84750,979.0,0.0,979.0,0.0,1662.085
2026-05-19 14:22:38.541,85000,979.0,0.0,979.0,0.0,1662.085
2026-05-19 14:22:38.541,85250,979.0,0.0,979.0,0.0,1662.085
2026-05-19 14:22:38.654,85500,979.0,0.0,979.0,0.0,1662.085
2026-05-19 14:22:38.655,85750,979.0,0.0,979.0,0.0,1662.085
2026-05-19 14:22:38.655,86000,979.0,0.0,979.0,0.0,1662.085
2026-05-19 14:22:38.655,86250,979.0,0.0,979.0,0.0,1662.085
2026-05-19 14:22:38.656,86500,979.0,0.0,979.0,0.0,1662.085
2026-05-19 14:22:38.768,86750,979.0,0.0,979.0,0.0,1662.085
2026-05-19 14:22:38.769,87000,979.0,0.0,979.0,0.0,1662.085
2026-05-19 14:22:38.769,87250,979.0,0.0,979.0,0.0,1662.085
2026-05-19 14:22:38.769,87500,979.0,0.0,979.0,0.0,1662.085
2026-05-19 14:22:38.770,87750,979.0,0.0,979.0,0.0,1662.085
2026-05-19 14:22:38.880,88000,979.0,0.0,979.0,0.0,1662.085
2026-05-19 14:22:38.880,88250,979.0,0.0,979.0,0.0,1662.085
2026-05-19 14:22:38.881,88500,979.0,0.0,979.0,0.0,1662.085
2026-05-19 14:22:38.881,88750,979.0,0.0,979.0,0.0,1662.085
2026-05-19 14:22:38.881,89000,979.0,0.0,979.0,0.0,1662.085
2026-05-19 14:22:38.994,89250,979.0,0.0,979.0,0.0,1436.336
2026-05-19 14:22:38.995,89500,979.0,0.0,979.0,0.0,1436.336
2026-05-19 14:22:38.995,89750,979.0,0.0,979.0,0.0,1436.336
2026-05-19 14:22:38.996,90000,979.0,0.0,979.0,0.0,1436.336
2026-05-19 14:22:38.996,90250,979.0,0.0,979.0,0.0,1436.336
2026-05-19 14:22:39.108,90500,963.768,-1.980398713538,961.078,-31.051,1346.946
2026-05-19 14:22:39.109,90750,979.0,0.0,979.0,0.0,1324.598
2026-05-19 14:22:39.109,91000,979.0,0.0,979.0,0.0,1324.598
2026-05-19 14:22:39.110,91250,979.0,0.0,979.0,0.0,1324.598
2026-05-19 14:22:39.110,91500,979.0,0.0,979.0,0.0,1324.598
2026-05-19 14:22:39.219,91750,979.0,0.0,979.0,0.0,1324.598
2026-05-19 14:22:39.220,92000,979.0,0.0,979.0,0.0,1324.598
2026-05-19 14:22:39.220,92250,979.0,0.0,979.0,0.0,1324.598
2026-05-19 14:22:39.221,92500,979.0,0.0,979.0,0.0,1324.598
2026-05-19 14:22:39.221,92750,979.0,0.0,979.0,0.0,1324.598
2026-05-19 14:22:39.330,93000,979.0,0.0,979.0,0.0,1324.598
2026-05-19 14:22:39.331,93250,979.0,0.0,979.0,0.0,1324.598
2026-05-19 14:22:39.331,93500,979.0,0.0,979.0,0.0,1324.598
2026-05-19 14:22:39.332,93750,979.0,0.0,979.0,0.0,1324.598
2026-05-19 14:22:39.332,94000,979.0,0.0,979.0,0.0,1324.598
2026-05-19 14:22:39.441,94250,979.0,0.0,979.0,0.0,1324.598
2026-05-19 14:22:39.442,94500,979.0,0.0,979.0,0.0,1324.598
2026-05-19 14:22:39.442,94750,979.0,0.0,979.0,0.0,1324.598
2026-05-19 14:22:39.443,95000,979.0,0.0,979.0,0.0,1324.598
2026-05-19 14:22:39.443,95250,866.322,3.037451139804,864.47,41.89,1222.962
2026-05-19 14:22:39.553,95500,979.0,0.0,979.0,0.0,1070.507
2026-05-19 14:22:39.553,95750,979.0,0.0,979.0,0.0,1070.507
2026-05-19 14:22:39.553,96000,979.0,0.0,979.0,0.0,1070.507
2026-05-19 14:22:39.554,96250,979.0,0.0,979.0,0.0,1070.507
2026-05-19 14:22:39.667,96500,979.0,0.0,979.0,0.0,1070.507
2026-05-19 14:22:39.667,96750,979.0,0.0,979.0,0.0,1070.507
2026-05-19 14:22:39.668,97000,979.0,0.0,979.0,0.0,1070.507
2026-05-19 14:22:39.668,97250,979.0,0.0,979.0,0.0,1070.507
2026-05-19 14:22:39.669,97500,979.0,0.0,979.0,0.0,1070.507
2026-05-19 14:22:39.779,97750,979.0,0.0,979.0,0.0,1070.507
2026-05-19 14:22:39.779,98000,979.0,0.0,979.0,0.0,1070.507
2026-05-19 14:22:39.780,98250,979.0,0.0,979.0,0.0,1070.507
2026-05-19 14:22:39.780,98500,979.0,0.0,979.0,0.0,1070.507
2026-05-19 14:22:39.780,98750,979.0,0.0,979.0,0.0,1070.507
2026-05-19 14:22:39.890,99000,979.0,0.0,979.0,0.0,1070.507
2026-05-19 14:22:39.891,99250,979.0,0.0,979.0,0.0,1070.507
2026-05-19 14:22:39.892,99500,979.0,0.0,979.0,0.0,1070.507
2026-05-19 14:22:39.892,99750,979.0,0.0,979.0,0.0,1070.507
2026-05-19 14:22:39.893,100000,979.0,0.0,979.0,0.0,1070.507
2026-05-19 14:22:40.436,10000,980.437,-0.350547876838,980.344,-6.033,9272.787
2026-05-19 14:22:40.672,10250,979.0,0.0,979.0,0.0,9286.314
2026-05-19 14:22:40.774,10500,979.0,0.0,979.0,0.0,9286.314
2026-05-19 14:22:40.882,10750,988.433,0.474624811905,988.351,8.147,9199.72
2026-05-19 14:22:41.103,11000,1000.403,0.356636720452,1000.379,6.26,9155.734
2026-05-19 14:22:41.218,11250,985.234,-1.183926534127,984.97,-20.388,9120.46
2026-05-19 14:22:41.330,11500,986.792,-1.479908167659,986.463,-25.485,9105.965
2026-05-19 14:22:41.441,11750,979.0,0.0,979.0,0.0,9178.44
2026-05-19 14:22:41.554,12000,979.0,0.0,979.0,0.0,9178.44
2026-05-19 14:22:41.667,12250,979.0,0.0,979.0,0.0,9178.44
2026-05-19 14:22:41.777,12500,1002.878,-0.191049002732,1002.801,-3.412,9039.278
2026-05-19 14:22:42.004,12750,974.077,-0.103550263185,974.069,-1.725,9072.037
2026-05-19 14:22:42.115,13000,988.239,-1.438018381863,987.928,-24.8,9025.481
2026-05-19 14:22:42.226,13250,984.543,-0.862811029118,984.357,-14.88,9059.551
2026-05-19 14:22:42.342,13500,979.0,0.0,979.0,0.0,9110.657
2026-05-19 14:22:42.455,13750,999.936,0.477125083089,999.893,8.37,8920.894
2026-05-19 14:22:42.565,14000,7261.144,21.121562720581,-1595.762,5991.799,7153.068
2026-05-19 14:22:42.676,14250,7252.498,22.331099050591,-1604.132,6012.692,7231.434
2026-05-19 14:22:42.782,14500,7037.305,3.955996240088,6668.307,2116.446,7233.302
2026-05-19 14:22:42.884,14750,7131.14,2.671061305485,6812.395,1965.497,7148.043
2026-05-19 14:22:42.997,15000,7231.149,21.634049263354,-1388.648,6062.422,7183.237
2026-05-19 14:22:42.997,15250,7228.729,21.942716672735,-1390.996,6067.76,7205.064
2026-05-19 14:22:43.110,15500,7228.729,21.942716672735,-1390.996,6067.76,7205.064
2026-05-19 14:22:43.212,15750,7124.121,2.649257391865,6868.681,1765.948,7025.9
2026-05-19 14:22:43.325,16000,7149.612,21.499494093643,-1130.949,6071.84,7117.291
2026-05-19 14:22:43.438,16250,7159.542,21.803100821644,-1121.055,6077.159,7029.958
2026-05-19 14:22:43.540,16500,7233.925,20.692095037021,-1013.431,6161.105,7029.958
2026-05-19 14:22:43.650,16750,7235.193,21.900205287785,-1012.156,6182.177,7017.847
2026-05-19 14:22:43.761,17000,7059.976,21.121564848952,-905.575,6045.325,7017.847
2026-05-19 14:22:43.762,17250,7070.517,21.470578044508,-895.081,6051.449,6926.581
2026-05-19 14:22:43.875,17500,7005.714,19.435585429365,-625.122,6024.336,6835.316
2026-05-19 14:22:43.987,17750,6993.19,20.644763686813,-637.37,6045.325,6943.754
2026-05-19 14:22:44.100,18000,6993.19,20.644763686813,-637.37,6045.325,6943.754
2026-05-19 14:22:44.211,18250,6830.364,20.45262633478,-501.228,5909.183,6763.113
2026-05-19 14:22:44.212,18500,6948.543,18.966683760725,-353.842,6022.624,6763.113
2026-05-19 14:22:44.326,18750,6943.391,20.058926998619,-358.824,6041.637,6807.593
2026-05-19 14:22:44.441,19000,6955.036,20.958148593814,-347.204,6057.351,6708.884
2026-05-19 14:22:44.442,19250,6581.958,1.579657316005,6526.949,796.836,6710.753
2026-05-19 14:22:44.557,19500,6751.121,18.336219666872,41.383,5885.555,6538.148
2026-05-19 14:22:44.666,19750,6743.822,18.897837097236,34.204,5895.33,6598.576
2026-05-19 14:22:44.782,20000,6736.523,19.4594545276,27.024,5905.104,6659.004
2026-05-19 14:22:44.782,20250,6736.523,19.4594545276,27.024,5905.104,6659.004
2026-05-19 14:22:44.893,20500,6592.126,19.237602710728,157.048,5775.08,6498.808
2026-05-19 14:22:45.003,20750,6718.547,17.916091277157,295.76,5880.576,6498.808
2026-05-19 14:22:45.004,21000,6599.349,17.70841287663,408.071,5768.779,6363.246
2026-05-19 14:22:45.115,21250,6583.683,18.772195852085,392.62,5787.318,6489.441
2026-05-19 14:22:45.227,21500,6583.683,18.772195852085,392.62,5787.318,6489.441
2026-05-19 14:22:45.227,21750,6448.623,18.531330339774,520.604,5659.334,6339.604
2026-05-19 14:22:45.338,22000,6591.418,17.18648942092,667.749,5770.569,6339.604
2026-05-19 14:22:45.450,22250,6591.418,17.18648942092,667.749,5770.569,6339.604
2026-05-19 14:22:45.450,22500,6438.455,17.996900417738,784.73,5655.255,6328.323
2026-05-19 14:22:45.561,22750,6438.455,17.996900417738,784.73,5655.255,6328.323
2026-05-19 14:22:45.673,23000,6306.018,17.718551669414,918.832,5521.152,6181.396
2026-05-19 14:22:45.674,23250,6306.018,17.718551669414,918.832,5521.152,6181.396
2026-05-19 14:22:45.785,23500,6310.198,17.978664957236,922.961,5525.691,6149.374
2026-05-19 14:22:45.785,23750,6190.564,17.458438381591,1038.658,5401.327,6053.31
2026-05-19 14:22:45.898,24000,6342.885,16.218883463553,1183.685,5509.911,6053.31
2026-05-19 14:22:46.010,24250,6222.96,15.928435435683,1316.654,5377.958,5915.887
2026-05-19 14:22:46.011,24500,6217.916,16.174501629805,1311.656,5382.27,5953.632
2026-05-19 14:22:46.124,24750,6219.263,18.098575973217,1312.875,5415.895,5942.982
2026-05-19 14:22:46.125,25000,6091.117,16.616231271909,1422.609,5269.264,5942.982
2026-05-19 14:22:46.239,25250,6091.117,16.616231271909,1422.609,5269.264,5942.982
2026-05-19 14:22:46.240,25500,5979.72,16.297015969161,1552.633,5139.24,5819.396
2026-05-19 14:22:46.349,25750,5979.72,16.297015969161,1552.633,5139.24,5819.396
2026-05-19 14:22:46.462,26000,5993.886,17.437352284024,1566.552,5159.075,5716.972
2026-05-19 14:22:46.462,26250,5887.397,16.011931890445,1664.3,5027.573,5716.972
2026-05-19 14:22:46.572,26500,5903.331,17.369662274579,1679.884,5051.241,5604.061
2026-05-19 14:22:46.573,26750,5785.622,15.672499294412,1792.284,4899.589,5604.061
2026-05-19 14:22:46.683,27000,5785.622,15.672499294412,1792.284,4899.589,5604.061
2026-05-19 14:22:46.683,27250,5689.927,15.325030892102,1918.228,4773.645,5497.896
2026-05-19 14:22:46.793,27500,5689.927,15.325030892102,1918.228,4773.645,5497.896
2026-05-19 14:22:46.793,27750,5689.927,15.325030892102,1918.228,4773.645,5497.896
2026-05-19 14:22:46.904,28000,5593.194,14.940239874603,2052.331,4639.542,5390.579
2026-05-19 14:22:46.904,28250,5593.194,14.940239874603,2052.331,4639.542,5390.579
2026-05-19 14:22:47.019,28500,5511.523,14.583451755023,2172.156,4519.717,5299.972
2026-05-19 14:22:47.019,28750,5511.523,14.583451755023,2172.156,4519.717,5299.972
2026-05-19 14:22:47.130,29000,5511.523,14.583451755023,2172.156,4519.717,5299.972
2026-05-19 14:22:47.130,29250,5427.014,14.176133988633,2304.219,4387.654,5206.216
2026-05-19 14:22:47.241,29500,5427.014,14.176133988633,2304.219,4387.654,5206.216
2026-05-19 14:22:47.241,29750,5347.422,13.74764522086,2438.322,4253.551,5117.917
2026-05-19 14:22:47.353,30000,5347.422,13.74764522086,2438.322,4253.551,5117.917
2026-05-19 14:22:47.354,30250,5347.422,13.74764522086,2438.322,4253.551,5117.917
2026-05-19 14:22:47.464,30500,5276.553,13.318278384828,2568.345,4123.528,5039.294
2026-05-19 14:22:47.464,30750,923.967,1.976431210351,921.878,24.159,6718.461
2026-05-19 14:22:47.574,31000,924.776,2.318916223144,921.887,28.455,6708.556
2026-05-19 14:22:47.575,31250,923.216,2.173209191314,920.706,26.395,6621.414
2026-05-19 14:22:47.685,31500,938.668,1.858733702878,936.119,20.81,6528.293
2026-05-19 14:22:47.685,31750,958.128,1.472491176785,955.809,15.278,6311.482
2026-05-19 14:22:47.796,32000,920.8,2.178985817172,918.32,26.008,6311.482
2026-05-19 14:22:47.797,32250,921.237,2.536147749889,917.87,30.302,6306.241
2026-05-19 14:22:47.908,32500,915.551,2.398175405847,912.663,27.497,6296.045
2026-05-19 14:22:47.909,32750,919.77,2.378373187854,916.839,28.142,6243.524
2026-05-19 14:22:48.020,33000,921.974,2.368031046718,919.021,28.474,6217.366
2026-05-19 14:22:48.020,33250,920.634,2.21621327435,918.072,26.415,6165.027
2026-05-19 14:22:48.021,33500,920.634,2.21621327435,918.072,26.415,6165.027
2026-05-19 14:22:48.135,33750,920.64,2.778226127496,916.62,32.996,6164.963
2026-05-19 14:22:48.135,34000,960.433,1.883788819316,957.687,20.858,5870.826
2026-05-19 14:22:48.246,34250,917.426,2.733774287076,913.624,31.719,5872.996
2026-05-19 14:22:48.247,34500,912.003,0.545516865053,908.92,-2.554,5864.911
2026-05-19 14:22:48.359,34750,916.417,2.18670993157,913.999,25.267,5840.655
2026-05-19 14:22:48.360,35000,916.084,2.569233122184,912.758,29.545,5844.581
2026-05-19 14:22:48.360,35250,920.66,2.605402084962,917.122,30.985,5792.208
2026-05-19 14:22:48.474,35500,956.856,2.2620332263,953.741,25.533,5582.481
2026-05-19 14:22:48.475,35750,913.256,2.499844942713,910.174,28.148,5582.481
2026-05-19 14:22:48.589,36000,917.713,2.550112340981,914.396,29.688,5531.908
2026-05-19 14:22:48.590,36250,916.525,2.395045681542,913.624,27.664,5526.73
2026-05-19 14:22:48.590,36500,916.525,2.395045681542,913.624,27.664,5526.73
2026-05-19 14:22:48.699,36750,915.706,3.681424772194,911.22,47.21,5536.024
2026-05-19 14:22:48.700,37000,915.673,1.880301506031,913.894,21.64,5535.717
2026-05-19 14:22:48.813,37250,913.805,1.945407364995,911.928,22.066,5281.232
2026-05-19 14:22:48.814,37500,912.807,2.327098041351,910.143,26.14,5292.323
2026-05-19 14:22:48.814,37750,913.284,1.701965576384,911.852,19.25,5306.471
2026-05-19 14:22:48.927,38000,917.8,1.800709391809,916.141,21.064,5257.799
2026-05-19 14:22:48.928,38250,917.8,1.800709391809,916.141,21.064,5257.799
2026-05-19 14:22:49.041,38500,961.469,2.456497762514,958.993,30.022,5062.182
2026-05-19 14:22:49.041,38750,922.443,0.885668810089,922.028,10.751,4964.474
2026-05-19 14:22:49.042,39000,979.0,0.0,979.0,0.0,4591.487
2026-05-19 14:22:49.155,39250,979.0,0.0,979.0,0.0,4591.487
2026-05-19 14:22:49.156,39500,979.0,0.0,979.0,0.0,4591.487
2026-05-19 14:22:49.157,39750,1036.403,0.718813789589,1036.322,13.002,4380.519
2026-05-19 14:22:49.268,40000,979.0,0.0,979.0,0.0,4380.519
2026-05-19 14:22:49.269,40250,979.0,0.0,979.0,0.0,4380.519
2026-05-19 14:22:49.382,40500,979.0,0.0,979.0,0.0,4380.519
2026-05-19 14:22:49.383,40750,979.0,0.0,979.0,0.0,4380.519
2026-05-19 14:22:49.383,41000,979.0,0.0,979.0,0.0,4449.44
2026-05-19 14:22:49.494,41250,979.0,0.0,979.0,0.0,4262.566
2026-05-19 14:22:49.495,41500,979.0,0.0,979.0,0.0,4262.566
2026-05-19 14:22:49.606,41750,932.009,3.18064049644,930.569,51.788,4496.233
2026-05-19 14:22:49.607,42000,939.761,0.294272441835,939.709,4.02,4561.577
2026-05-19 14:22:49.608,42250,931.035,0.044555205853,931.034,0.575,4367.885
2026-05-19 14:22:49.719,42500,922.422,0.40370938509,922.336,4.904,4435.1
2026-05-19 14:22:49.720,42750,927.996,0.603539057026,927.795,7.623,4390.684
2026-05-19 14:22:49.720,43000,934.189,0.82739533923,933.795,10.892,4345.19
2026-05-19 14:22:49.830,43250,937.743,0.199533432852,937.72,2.691,4422.444
2026-05-19 14:22:49.830,43500,984.741,1.465527828858,984.401,25.618,4232.311
2026-05-19 14:22:49.830,43750,925.812,0.383128122657,925.732,4.767,4256.052
2026-05-19 14:22:49.945,44000,932.127,0.655521598522,931.884,8.515,4209.935
2026-05-19 14:22:49.945,44250,932.127,0.655521598522,931.884,8.515,4209.935
2026-05-19 14:22:49.946,44500,932.127,0.655521598522,931.884,8.515,4209.935
2026-05-19 14:22:50.055,44750,935.024,-0.071906344932,935.021,-0.953,4085.041
2026-05-19 14:22:50.056,45000,935.024,-0.071906344932,935.021,-0.953,4085.041
2026-05-19 14:22:50.057,45250,935.024,-0.071906344932,935.021,-0.953,4085.041
2026-05-19 14:22:50.171,45500,931.123,0.403293432346,931.031,5.205,4111.306
2026-05-19 14:22:50.172,45750,935.959,0.651177359507,935.713,8.676,4078.94
2026-05-19 14:22:50.172,46000,927.83,0.2556000073,927.794,3.226,3914.544
2026-05-19 14:22:50.283,46250,952.376,-1.933874561275,951.416,-32.322,3981.482
2026-05-19 14:22:50.284,46500,941.188,-0.119043341617,941.18,-1.641,4006.205
2026-05-19 14:22:50.284,46750,941.188,-0.119043341617,941.18,-1.641,4006.205
2026-05-19 14:22:50.395,47000,948.487,0.275110482478,948.44,3.968,3964.357
2026-05-19 14:22:50.395,47250,979.0,0.0,979.0,0.0,3625.638
2026-05-19 14:22:50.395,47500,979.0,0.0,979.0,0.0,3625.638
2026-05-19 14:22:50.510,47750,979.0,0.0,979.0,0.0,3625.638
2026-05-19 14:22:50.511,48000,979.0,0.0,979.0,0.0,3625.638
2026-05-19 14:22:50.511,48250,979.0,0.0,979.0,0.0,3625.638
2026-05-19 14:22:50.621,48500,979.0,0.0,979.0,0.0,3618.973
2026-05-19 14:22:50.622,48750,979.0,0.0,979.0,0.0,3618.973
2026-05-19 14:22:50.622,49000,979.0,0.0,979.0,0.0,3618.973
2026-05-19 14:22:50.734,49250,930.053,-3.100736592919,928.692,-50.308,3618.973
2026-05-19 14:22:50.735,49500,979.0,0.0,979.0,0.0,3438.037
2026-05-19 14:22:50.735,49750,979.0,0.0,979.0,0.0,3438.037
2026-05-19 14:22:50.845,50000,979.0,0.0,979.0,0.0,3438.037
2026-05-19 14:22:50.845,50250,979.0,0.0,979.0,0.0,3438.037
2026-05-19 14:22:50.846,50500,979.0,0.0,979.0,0.0,3438.037
2026-05-19 14:22:50.956,50750,990.27,0.764047604335,989.81,13.796,3400.614
2026-05-19 14:22:50.956,51000,979.0,0.0,979.0,0.0,3448.719
2026-05-19 14:22:50.957,51250,979.0,0.0,979.0,0.0,3448.719
2026-05-19 14:22:50.957,51500,979.0,0.0,979.0,0.0,3448.719
2026-05-19 14:22:51.067,51750,979.0,0.0,979.0,0.0,3448.719
2026-05-19 14:22:51.067,52000,979.0,0.0,979.0,0.0,3448.719
2026-05-19 14:22:51.068,52250,979.0,0.0,979.0,0.0,3304.868
2026-05-19 14:22:51.179,52500,979.0,0.0,979.0,0.0,3304.868
2026-05-19 14:22:51.180,52750,979.0,0.0,979.0,0.0,3304.868
2026-05-19 14:22:51.180,53000,979.0,0.0,979.0,0.0,3304.868
2026-05-19 14:22:51.283,53250,979.0,0.0,979.0,0.0,3304.868
2026-05-19 14:22:51.284,53500,979.0,0.0,979.0,0.0,3304.868
2026-05-19 14:22:51.284,53750,979.0,0.0,979.0,0.0,3181.295
2026-05-19 14:22:51.284,54000,979.0,0.0,979.0,0.0,3181.295
2026-05-19 14:22:51.396,54250,979.0,0.0,979.0,0.0,3181.295
2026-05-19 14:22:51.396,54500,979.0,0.0,979.0,0.0,3181.295
2026-05-19 14:22:51.397,54750,979.0,0.0,979.0,0.0,3181.295
2026-05-19 14:22:51.507,55000,979.0,0.0,979.0,0.0,3181.295
2026-05-19 14:22:51.507,55250,979.0,0.0,979.0,0.0,3181.295
2026-05-19 14:22:51.507,55500,972.113,-0.840453166474,971.605,-13.843,3091.773
2026-05-19 14:22:51.618,55750,979.0,0.0,979.0,0.0,3069.393
2026-05-19 14:22:51.619,56000,979.0,0.0,979.0,0.0,3069.393
2026-05-19 14:22:51.619,56250,979.0,0.0,979.0,0.0,3069.393
2026-05-19 14:22:51.620,56500,979.0,0.0,979.0,0.0,3069.393
2026-05-19 14:22:51.729,56750,979.0,0.0,979.0,0.0,3069.393
2026-05-19 14:22:51.729,57000,979.0,0.0,979.0,0.0,3069.393
2026-05-19 14:22:51.730,57250,979.0,0.0,979.0,0.0,3069.393
2026-05-19 14:22:51.840,57500,979.0,0.0,979.0,0.0,3069.393
2026-05-19 14:22:51.841,57750,979.0,0.0,979.0,0.0,3069.393
2026-05-19 14:22:51.841,58000,967.109,5.73639484069,962.235,96.198,3111.581
2026-05-19 14:22:51.950,58250,952.065,6.029187348432,946.779,99.689,3159.241
2026-05-19 14:22:51.950,58500,979.0,0.0,979.0,0.0,3206.9
2026-05-19 14:22:51.951,58750,995.639,3.495923823023,993.314,60.944,3153.529
2026-05-19 14:22:51.952,59000,999.799,4.369904778779,996.892,76.18,3140.187
2026-05-19 14:22:52.062,59250,979.0,0.0,979.0,0.0,3140.187
2026-05-19 14:22:52.063,59500,989.415,-4.955489794262,985.597,-85.931,3111.581
2026-05-19 14:22:52.063,59750,1057.587,-1.463962538707,1057.242,-27.019,2968.602
2026-05-19 14:22:52.174,60000,979.0,0.0,979.0,0.0,2968.602
2026-05-19 14:22:52.175,60250,979.0,0.0,979.0,0.0,2968.602
2026-05-19 14:22:52.175,60500,979.0,0.0,979.0,0.0,2968.602
2026-05-19 14:22:52.176,60750,979.0,0.0,979.0,0.0,2968.602
2026-05-19 14:22:52.288,61000,979.0,0.0,979.0,0.0,2968.602
2026-05-19 14:22:52.292,61250,979.0,0.0,979.0,0.0,2968.602
2026-05-19 14:22:52.292,61500,979.0,0.0,979.0,0.0,2968.602
2026-05-19 14:22:52.292,61750,979.0,0.0,979.0,0.0,2968.602
2026-05-19 14:22:52.399,62000,979.0,0.0,979.0,0.0,2968.602
2026-05-19 14:22:52.400,62250,979.0,0.0,979.0,0.0,2968.602
2026-05-19 14:22:52.400,62500,979.0,0.0,979.0,0.0,2968.602
2026-05-19 14:22:52.401,62750,979.0,0.0,979.0,0.0,2968.602
2026-05-19 14:22:52.514,63000,979.0,0.0,979.0,0.0,2968.602
2026-05-19 14:22:52.514,63250,979.0,0.0,979.0,0.0,2736.319
2026-05-19 14:22:52.515,63500,979.0,0.0,979.0,0.0,2736.319
2026-05-19 14:22:52.516,63750,979.0,0.0,979.0,0.0,2736.319
2026-05-19 14:22:52.627,64000,979.0,0.0,979.0,0.0,2736.319
2026-05-19 14:22:52.628,64250,979.0,0.0,979.0,0.0,2736.319
2026-05-19 14:22:52.628,64500,979.0,0.0,979.0,0.0,2736.319
2026-05-19 14:22:52.629,64750,979.0,0.0,979.0,0.0,2736.319
2026-05-19 14:22:52.629,65000,979.0,0.0,979.0,0.0,2736.319
2026-05-19 14:22:52.740,65250,979.0,0.0,979.0,0.0,2736.319
2026-05-19 14:22:52.741,65500,979.0,0.0,979.0,0.0,2736.319
2026-05-19 14:22:52.741,65750,979.0,0.0,979.0,0.0,2736.319
2026-05-19 14:22:52.742,66000,979.0,0.0,979.0,0.0,2736.319
2026-05-19 14:22:52.851,66250,979.0,0.0,979.0,0.0,2736.319
2026-05-19 14:22:52.851,66500,979.0,0.0,979.0,0.0,2736.319
2026-05-19 14:22:52.852,66750,979.0,0.0,979.0,0.0,2736.319
2026-05-19 14:22:52.965,67000,998.188,-0.42835179269,998.037,-8.035,2687.476
2026-05-19 14:22:52.965,67250,979.0,0.0,979.0,0.0,2492.103
2026-05-19 14:22:52.966,67500,979.0,0.0,979.0,0.0,2492.103
2026-05-19 14:22:52.966,67750,979.0,0.0,979.0,0.0,2492.103
2026-05-19 14:22:52.967,68000,979.0,0.0,979.0,0.0,2492.103
2026-05-19 14:22:53.075,68250,979.0,0.0,979.0,0.0,2492.103
2026-05-19 14:22:53.075,68500,970.059,-1.113550132612,969.177,-18.13,2515.952
2026-05-19 14:22:53.076,68750,979.0,0.0,979.0,0.0,2611.351
2026-05-19 14:22:53.189,69000,979.0,0.0,979.0,0.0,2611.351
2026-05-19 14:22:53.190,69250,979.0,0.0,979.0,0.0,2611.351
2026-05-19 14:22:53.190,69500,979.0,0.0,979.0,0.0,2611.351
2026-05-19 14:22:53.191,69750,979.0,0.0,979.0,0.0,2611.351
2026-05-19 14:22:53.191,70000,979.0,0.0,979.0,0.0,2611.351
2026-05-19 14:22:53.299,70250,979.0,0.0,979.0,0.0,2611.351
2026-05-19 14:22:53.300,70500,979.0,0.0,979.0,0.0,2611.351
2026-05-19 14:22:53.301,70750,979.0,0.0,979.0,0.0,2611.351
2026-05-19 14:22:53.412,71000,979.0,0.0,979.0,0.0,2611.351
2026-05-19 14:22:53.412,71250,988.369,1.113550132612,987.401,19.906,2587.501
2026-05-19 14:22:53.413,71500,979.0,0.0,979.0,0.0,2611.351
2026-05-19 14:22:53.413,71750,1096.378,-2.163449060357,1094.634,-40.287,2333.03
2026-05-19 14:22:53.413,72000,979.0,0.0,979.0,0.0,2359.568
2026-05-19 14:22:53.526,72250,1037.334,6.023390614508,1031.607,108.852,2226.878
2026-05-19 14:22:53.526,72500,1037.334,6.023390614508,1031.607,108.852,2226.878
2026-05-19 14:22:53.527,72750,1037.334,6.023390614508,1031.607,108.852,2226.878
2026-05-19 14:22:53.527,73000,979.0,0.0,979.0,0.0,2226.878
2026-05-19 14:22:53.640,73250,979.0,0.0,979.0,0.0,2226.878
2026-05-19 14:22:53.641,73500,979.0,0.0,979.0,0.0,2226.878
2026-05-19 14:22:53.642,73750,979.0,0.0,979.0,0.0,2226.878
2026-05-19 14:22:53.642,74000,979.0,0.0,979.0,0.0,2226.878
2026-05-19 14:22:53.756,74250,979.0,0.0,979.0,0.0,2226.878
2026-05-19 14:22:53.757,74500,979.0,0.0,979.0,0.0,2226.878
2026-05-19 14:22:53.757,74750,979.0,0.0,979.0,0.0,2226.878
2026-05-19 14:22:53.757,75000,979.0,0.0,979.0,0.0,2226.878
2026-05-19 14:22:53.871,75250,979.0,0.0,979.0,0.0,2226.878
2026-05-19 14:22:53.872,75500,979.0,0.0,979.0,0.0,2226.878
2026-05-19 14:22:53.872,75750,979.0,0.0,979.0,0.0,2226.878
2026-05-19 14:22:53.873,76000,979.0,0.0,979.0,0.0,2226.878
2026-05-19 14:22:53.873,76250,979.0,0.0,979.0,0.0,2226.878
2026-05-19 14:22:53.983,76500,979.0,0.0,979.0,0.0,2226.878
2026-05-19 14:22:53.984,76750,979.0,0.0,979.0,0.0,2226.878
2026-05-19 14:22:53.984,77000,979.0,0.0,979.0,0.0,2226.878
2026-05-19 14:22:53.984,77250,979.0,0.0,979.0,0.0,2226.878
2026-05-19 14:22:53.985,77500,979.0,0.0,979.0,0.0,1996.867
2026-05-19 14:22:54.094,77750,979.0,0.0,979.0,0.0,1996.867
2026-05-19 14:22:54.095,78000,979.0,0.0,979.0,0.0,1996.867
2026-05-19 14:22:54.095,78250,979.0,0.0,979.0,0.0,1996.867
2026-05-19 14:22:54.096,78500,979.0,0.0,979.0,0.0,1996.867
2026-05-19 14:22:54.205,78750,979.0,0.0,979.0,0.0,1996.867
2026-05-19 14:22:54.205,79000,979.0,0.0,979.0,0.0,1996.867
2026-05-19 14:22:54.206,79250,979.0,0.0,979.0,0.0,1996.867
2026-05-19 14:22:54.206,79500,979.0,0.0,979.0,0.0,1996.867
2026-05-19 14:22:54.207,79750,979.0,0.0,979.0,0.0,1996.867
2026-05-19 14:22:54.319,80000,979.0,0.0,979.0,0.0,1996.867
2026-05-19 14:22:54.319,80250,979.0,0.0,979.0,0.0,1996.867
2026-05-19 14:22:54.320,80500,979.0,0.0,979.0,0.0,1996.867
2026-05-19 14:22:54.320,80750,979.0,0.0,979.0,0.0,1996.867
2026-05-19 14:22:54.320,81000,979.0,0.0,979.0,0.0,1996.867
2026-05-19 14:22:54.432,81250,979.0,0.0,979.0,0.0,1996.867
2026-05-19 14:22:54.433,81500,979.0,0.0,979.0,0.0,1996.867
2026-05-19 14:22:54.433,81750,1035.525,6.675799703416,1028.504,120.381,1887.867
2026-05-19 14:22:54.434,82000,979.0,0.0,979.0,0.0,1887.867
2026-05-19 14:22:54.434,82250,979.0,0.0,979.0,0.0,1887.867
2026-05-19 14:22:54.544,82500,979.0,0.0,979.0,0.0,1887.867
2026-05-19 14:22:54.544,82750,979.0,0.0,979.0,0.0,1887.867
2026-05-19 14:22:54.545,83000,979.0,0.0,979.0,0.0,1887.867
2026-05-19 14:22:54.545,83250,979.0,0.0,979.0,0.0,1662.085
2026-05-19 14:22:54.546,83500,979.0,0.0,979.0,0.0,1662.085
2026-05-19 14:22:54.655,83750,979.0,0.0,979.0,0.0,1662.085
2026-05-19 14:22:54.655,84000,979.0,0.0,979.0,0.0,1662.085
2026-05-19 14:22:54.656,84250,979.0,0.0,979.0,0.0,1662.085
2026-05-19 14:22:54.656,84500,979.0,0.0,979.0,0.0,1662.085
2026-05-19 14:22:54.656,84750,979.0,0.0,979.0,0.0,1662.085
2026-05-19 14:22:54.766,85000,979.0,0.0,979.0,0.0,1662.085
2026-05-19 14:22:54.767,85250,979.0,0.0,979.0,0.0,1662.085
2026-05-19 14:22:54.767,85500,979.0,0.0,979.0,0.0,1662.085
2026-05-19 14:22:54.768,85750,979.0,0.0,979.0,0.0,1662.085
2026-05-19 14:22:54.768,86000,979.0,0.0,979.0,0.0,1662.085
2026-05-19 14:22:54.877,86250,979.0,0.0,979.0,0.0,1662.085
2026-05-19 14:22:54.878,86500,979.0,0.0,979.0,0.0,1662.085
2026-05-19 14:22:54.878,86750,979.0,0.0,979.0,0.0,1662.085
2026-05-19 14:22:54.879,87000,979.0,0.0,979.0,0.0,1662.085
2026-05-19 14:22:54.992,87250,979.0,0.0,979.0,0.0,1662.085
2026-05-19 14:22:54.993,87500,979.0,0.0,979.0,0.0,1662.085
2026-05-19 14:22:54.994,87750,979.0,0.0,979.0,0.0,1662.085
2026-05-19 14:22:54.994,88000,979.0,0.0,979.0,0.0,1662.085
2026-05-19 14:22:54.994,88250,979.0,0.0,979.0,0.0,1662.085
2026-05-19 14:22:55.106,88500,979.0,0.0,979.0,0.0,1662.085
2026-05-19 14:22:55.107,88750,979.0,0.0,979.0,0.0,1662.085
2026-05-19 14:22:55.107,89000,979.0,0.0,979.0,0.0,1662.085
2026-05-19 14:22:55.107,89250,979.0,0.0,979.0,0.0,1436.336
2026-05-19 14:22:55.108,89500,979.0,0.0,979.0,0.0,1436.336
2026-05-19 14:22:55.220,89750,979.0,0.0,979.0,0.0,1436.336
2026-05-19 14:22:55.220,90000,979.0,0.0,979.0,0.0,1436.336
2026-05-19 14:22:55.221,90250,979.0,0.0,979.0,0.0,1436.336
2026-05-19 14:22:55.221,90500,963.768,-1.980398713538,961.078,-31.051,1346.946
2026-05-19 14:22:55.222,90750,979.0,0.0,979.0,0.0,1324.598
2026-05-19 14:22:55.331,91000,979.0,0.0,979.0,0.0,1324.598
2026-05-19 14:22:55.332,91250,979.0,0.0,979.0,0.0,1324.598
2026-05-19 14:22:55.332,91500,979.0,0.0,979.0,0.0,1324.598
2026-05-19 14:22:55.333,91750,979.0,0.0,979.0,0.0,1324.598
2026-05-19 14:22:55.333,92000,979.0,0.0,979.0,0.0,1324.598
2026-05-19 14:22:55.442,92250,979.0,0.0,979.0,0.0,1324.598
2026-05-19 14:22:55.442,92500,979.0,0.0,979.0,0.0,1324.598
2026-05-19 14:22:55.442,92750,979.0,0.0,979.0,0.0,1324.598
2026-05-19 14:22:55.443,93000,979.0,0.0,979.0,0.0,1324.598
2026-05-19 14:22:55.443,93250,979.0,0.0,979.0,0.0,1324.598
2026-05-19 14:22:55.553,93500,979.0,0.0,979.0,0.0,1324.598
2026-05-19 14:22:55.554,93750,979.0,0.0,979.0,0.0,1324.598
2026-05-19 14:22:55.554,94000,979.0,0.0,979.0,0.0,1324.598
2026-05-19 14:22:55.554,94250,979.0,0.0,979.0,0.0,1324.598
2026-05-19 14:22:55.555,94500,979.0,0.0,979.0,0.0,1324.598
2026-05-19 14:22:55.665,94750,979.0,0.0,979.0,0.0,1324.598
2026-05-19 14:22:55.666,95000,979.0,0.0,979.0,0.0,1324.598
2026-05-19 14:22:55.666,95250,866.322,3.037451139804,864.47,41.89,1222.962
2026-05-19 14:22:55.667,95500,979.0,0.0,979.0,0.0,1070.507
2026-05-19 14:22:55.667,95750,979.0,0.0,979.0,0.0,1070.507
2026-05-19 14:22:55.776,96000,979.0,0.0,979.0,0.0,1070.507
2026-05-19 14:22:55.777,96250,979.0,0.0,979.0,0.0,1070.507
2026-05-19 14:22:55.777,96500,979.0,0.0,979.0,0.0,1070.507
2026-05-19 14:22:55.778,96750,979.0,0.0,979.0,0.0,1070.507
2026-05-19 14:22:55.889,97000,979.0,0.0,979.0,0.0,1070.507
2026-05-19 14:22:55.889,97250,979.0,0.0,979.0,0.0,1070.507
2026-05-19 14:22:55.890,97500,979.0,0.0,979.0,0.0,1070.507
2026-05-19 14:22:55.890,97750,979.0,0.0,979.0,0.0,1070.507
2026-05-19 14:22:55.890,98000,979.0,0.0,979.0,0.0,1070.507
2026-05-19 14:22:56.003,98250,979.0,0.0,979.0,0.0,1070.507
2026-05-19 14:22:56.003,98500,979.0,0.0,979.0,0.0,1070.507
2026-05-19 14:22:56.004,98750,979.0,0.0,979.0,0.0,1070.507
2026-05-19 14:22:56.004,99000,979.0,0.0,979.0,0.0,1070.507
2026-05-19 14:22:56.004,99250,979.0,0.0,979.0,0.0,1070.507
2026-05-19 14:22:56.118,99500,979.0,0.0,979.0,0.0,1070.507
2026-05-19 14:22:56.119,99750,979.0,0.0,979.0,0.0,1070.507
2026-05-19 14:22:56.119,100000,979.0,0.0,979.0,0.0,1070.507
2026-05-19 14:22:56.677,10000,981.873,-0.701095753677,981.689,-12.065,9259.259
2026-05-19 14:22:56.787,10250,979.0,0.0,979.0,0.0,9286.314
2026-05-19 14:22:56.900,10500,979.0,0.0,979.0,0.0,9286.314
2026-05-19 14:22:57.117,10750,989.867,0.162427082676,989.857,2.852,9186.021
2026-05-19 14:22:57.219,11000,1005.754,0.445795900565,1005.723,7.825,9105.965
2026-05-19 14:22:57.333,11250,986.792,-1.479908167659,986.463,-25.485,9105.965
2026-05-19 14:22:57.556,11500,986.792,-1.479908167659,986.463,-25.485,9105.965
2026-05-19 14:22:57.666,11750,979.0,0.0,979.0,0.0,9178.44
2026-05-19 14:22:57.777,12000,979.0,0.0,979.0,0.0,9178.44
2026-05-19 14:22:57.887,12250,979.0,0.0,979.0,0.0,9178.44
2026-05-19 14:22:57.998,12500,1002.878,-0.191049002732,1002.801,-3.412,9039.278
2026-05-19 14:22:58.108,12750,979.0,0.0,979.0,0.0,9025.481
2026-05-19 14:22:58.219,13000,988.239,-1.438018381863,987.928,-24.8,9025.481
2026-05-19 14:22:58.329,13250,984.543,-0.862811029118,984.357,-14.88,9059.551
2026-05-19 14:22:58.440,13500,979.0,0.0,979.0,0.0,9110.657
2026-05-19 14:22:58.550,13750,1005.17,0.596406353861,1005.116,10.463,8873.453
2026-05-19 14:22:58.661,14000,989.807,-1.511920412512,989.463,-26.116,8873.453
2026-05-19 14:22:58.771,14250,979.0,0.0,979.0,0.0,8971.41
2026-05-19 14:22:58.883,14500,979.0,0.0,979.0,0.0,8971.41
2026-05-19 14:22:58.995,14750,1003.479,-1.205219966128,1003.253,-21.089,8857.731
2026-05-19 14:22:59.110,15000,981.42,-0.308667409381,981.348,-5.339,8916.621
2026-05-19 14:22:59.225,15250,979.0,0.0,979.0,0.0,8938.448
2026-05-19 14:22:59.336,15500,979.0,0.0,979.0,0.0,8938.448
2026-05-19 14:22:59.449,15750,1017.201,-0.777334940449,1017.107,-13.8,8712.157
2026-05-19 14:22:59.560,16000,979.0,0.0,979.0,0.0,8828.731
2026-05-19 14:22:59.675,16250,993.895,0.455410092,993.842,7.979,8697.732
2026-05-19 14:22:59.676,16500,1004.221,-0.655595692622,1004.135,-11.41,8697.732
2026-05-19 14:22:59.787,16750,1003.297,0.778640438833,1003.205,13.634,8704.426
2026-05-19 14:22:59.902,17000,979.0,0.0,979.0,0.0,8704.426
2026-05-19 14:23:00.014,17250,989.541,0.349013195555,989.494,6.124,8613.161
2026-05-19 14:23:00.126,17500,994.656,-1.511472821809,994.309,-26.236,8476.262
2026-05-19 14:23:00.127,17750,979.0,0.0,979.0,0.0,8611.81
2026-05-19 14:23:00.238,18000,979.0,0.0,979.0,0.0,8611.81
2026-05-19 14:23:00.349,18250,979.0,0.0,979.0,0.0,8386.009
2026-05-19 14:23:00.460,18500,995.939,-1.485942574055,995.604,-25.826,8386.009
2026-05-19 14:23:00.461,18750,987.399,-0.09651082135,987.301,-1.649,8459.508
2026-05-19 14:23:00.575,19000,1004.055,1.003388467307,1003.901,17.583,8318.223
2026-05-19 14:23:00.689,19250,979.0,0.0,979.0,0.0,8318.223
2026-05-19 14:23:00.805,19500,997.248,-1.40404357591,996.949,-24.435,8104.803
2026-05-19 14:23:00.805,19750,986.299,-0.561617430364,986.179,-9.774,8195.444
2026-05-19 14:23:00.915,20000,979.0,0.0,979.0,0.0,8255.872
2026-05-19 14:23:01.027,20250,979.0,0.0,979.0,0.0,8255.872
2026-05-19 14:23:01.028,20500,979.0,0.0,979.0,0.0,8055.627
2026-05-19 14:23:01.139,20750,997.775,-1.321511433571,997.51,-23.011,8055.627
2026-05-19 14:23:01.251,21000,998.582,-1.329728719319,998.314,-23.173,7886.176
2026-05-19 14:23:01.251,21250,979.0,0.0,979.0,0.0,8043.919
2026-05-19 14:23:01.365,21500,979.0,0.0,979.0,0.0,8043.919
2026-05-19 14:23:01.477,21750,979.0,0.0,979.0,0.0,7856.622
2026-05-19 14:23:01.477,22000,1000.678,-1.344840918854,1000.403,-23.486,7856.622
2026-05-19 14:23:01.590,22250,1005.701,-1.079954549854,1005.481,-18.862,7818.154
2026-05-19 14:23:01.704,22500,979.0,0.0,979.0,0.0,7842.522
2026-05-19 14:23:01.705,22750,979.0,0.0,979.0,0.0,7842.522
2026-05-19 14:23:01.819,23000,979.0,0.0,979.0,0.0,7658.862
2026-05-19 14:23:01.819,23250,979.0,0.0,979.0,0.0,7658.862
2026-05-19 14:23:01.933,23500,987.361,0.520226575645,987.258,9.078,7594.819
2026-05-19 14:23:02.045,23750,979.0,0.0,979.0,0.0,7498.755
2026-05-19 14:23:02.046,24000,1003.089,-1.239554918038,1002.854,-21.699,7498.755
2026-05-19 14:23:02.160,24250,1004.217,-1.23033097061,1003.986,-21.562,7326.976
2026-05-19 14:23:02.160,24500,999.174,-0.984264776488,998.988,-17.25,7364.722
2026-05-19 14:23:02.275,24750,999.596,1.482344701308,999.262,25.858,7360.845
2026-05-19 14:23:02.391,25000,979.0,0.0,979.0,0.0,7360.845
2026-05-19 14:23:02.392,25250,979.0,0.0,979.0,0.0,7360.845
2026-05-19 14:23:02.504,25500,979.0,0.0,979.0,0.0,7206.363
2026-05-19 14:23:02.505,25750,979.0,0.0,979.0,0.0,7206.363
2026-05-19 14:23:02.616,26000,996.708,1.425420393579,996.399,24.794,7078.333
2026-05-19 14:23:02.616,26250,979.0,0.0,979.0,0.0,7078.333
2026-05-19 14:23:02.730,26500,998.918,1.697162980167,998.48,29.585,6937.194
2026-05-19 14:23:02.730,26750,979.0,0.0,979.0,0.0,6937.194
2026-05-19 14:23:02.843,27000,979.0,0.0,979.0,0.0,6937.194
2026-05-19 14:23:02.843,27250,979.0,0.0,979.0,0.0,6804.488
2026-05-19 14:23:02.954,27500,979.0,0.0,979.0,0.0,6804.488
2026-05-19 14:23:02.955,27750,979.0,0.0,979.0,0.0,6804.488
2026-05-19 14:23:03.066,28000,979.0,0.0,979.0,0.0,6670.342
2026-05-19 14:23:03.067,28250,979.0,0.0,979.0,0.0,6670.342
2026-05-19 14:23:03.178,28500,979.0,0.0,979.0,0.0,6557.083
2026-05-19 14:23:03.289,28750,979.0,0.0,979.0,0.0,6557.083
2026-05-19 14:23:03.289,29000,979.0,0.0,979.0,0.0,6557.083
2026-05-19 14:23:03.400,29250,979.0,0.0,979.0,0.0,6439.888
2026-05-19 14:23:03.400,29500,979.0,0.0,979.0,0.0,6439.888
2026-05-19 14:23:03.511,29750,979.0,0.0,979.0,0.0,6329.513
2026-05-19 14:23:03.511,30000,979.0,0.0,979.0,0.0,6329.513
2026-05-19 14:23:03.624,30250,979.0,0.0,979.0,0.0,6329.513
2026-05-19 14:23:03.625,30500,979.0,0.0,979.0,0.0,6231.235
2026-05-19 14:23:03.625,30750,979.0,0.0,979.0,0.0,6231.235
2026-05-19 14:23:03.737,31000,979.0,0.0,979.0,0.0,6231.235
2026-05-19 14:23:03.738,31250,979.0,0.0,979.0,0.0,6132.743
2026-05-19 14:23:03.853,31500,1002.178,-0.471713232655,1002.12,-8.378,5993.062
2026-05-19 14:23:03.853,31750,1018.688,-0.706494640387,1018.61,-12.561,5819.217
2026-05-19 14:23:03.964,32000,979.0,0.0,979.0,0.0,5819.217
2026-05-19 14:23:03.965,32250,979.0,0.0,979.0,0.0,5819.217
2026-05-19 14:23:04.077,32500,979.0,0.0,979.0,0.0,5745.191
2026-05-19 14:23:04.077,32750,979.0,0.0,979.0,0.0,5745.191
2026-05-19 14:23:04.191,33000,979.0,0.0,979.0,0.0,5745.191
2026-05-19 14:23:04.191,33250,979.0,0.0,979.0,0.0,5682.385
2026-05-19 14:23:04.192,33500,979.0,0.0,979.0,0.0,5682.385
2026-05-19 14:23:04.305,33750,979.0,0.0,979.0,0.0,5682.385
2026-05-19 14:23:04.306,34000,1024.687,-0.465973788758,1024.653,-8.333,5379.444
2026-05-19 14:23:04.416,34250,979.0,0.0,979.0,0.0,5379.444
2026-05-19 14:23:04.417,34500,973.114,-2.188257422023,972.229,-37.095,5371.359
2026-05-19 14:23:04.531,34750,979.0,0.0,979.0,0.0,5339.018
2026-05-19 14:23:04.532,35000,979.0,0.0,979.0,0.0,5339.018
2026-05-19 14:23:04.533,35250,979.0,0.0,979.0,0.0,5339.018
2026-05-19 14:23:04.644,35500,1025.739,-0.237811716413,1025.73,-4.257,5069.911
2026-05-19 14:23:04.644,35750,979.0,0.0,979.0,0.0,5069.911
2026-05-19 14:23:04.760,36000,979.0,0.0,979.0,0.0,5069.911
2026-05-19 14:23:04.760,36250,979.0,0.0,979.0,0.0,5053.16
2026-05-19 14:23:04.870,36500,979.0,0.0,979.0,0.0,5053.16
2026-05-19 14:23:04.871,36750,979.02,0.900561633081,978.415,15.373,5053.058
2026-05-19 14:23:04.871,37000,989.227,0.022761507249,989.227,0.409,5002.487
2026-05-19 14:23:04.981,37250,979.0,0.0,979.0,0.0,4801.84
2026-05-19 14:23:04.982,37500,979.0,0.0,979.0,0.0,4801.84
2026-05-19 14:23:05.091,37750,979.0,0.0,979.0,0.0,4819.526
2026-05-19 14:23:05.092,38000,979.0,0.0,979.0,0.0,4819.526
2026-05-19 14:23:05.092,38250,979.0,0.0,979.0,0.0,4819.526
2026-05-19 14:23:05.202,38500,1035.225,0.312129913297,1035.21,5.64,4557.768
2026-05-19 14:23:05.203,38750,979.0,0.0,979.0,0.0,4591.487
2026-05-19 14:23:05.314,39000,979.0,0.0,979.0,0.0,4591.487
2026-05-19 14:23:05.315,39250,979.0,0.0,979.0,0.0,4591.487
2026-05-19 14:23:05.315,39500,979.0,0.0,979.0,0.0,4591.487
2026-05-19 14:23:05.426,39750,1036.403,0.718813789589,1036.322,13.002,4380.519
2026-05-19 14:23:05.427,40000,979.0,0.0,979.0,0.0,4380.519
2026-05-19 14:23:05.427,40250,979.0,0.0,979.0,0.0,4380.519
2026-05-19 14:23:05.538,40500,979.0,0.0,979.0,0.0,4380.519
2026-05-19 14:23:05.539,40750,979.0,0.0,979.0,0.0,4380.519
2026-05-19 14:23:05.651,41000,979.0,0.0,979.0,0.0,4449.44
2026-05-19 14:23:05.652,41250,979.0,0.0,979.0,0.0,4262.566
2026-05-19 14:23:05.652,41500,979.0,0.0,979.0,0.0,4262.566
2026-05-19 14:23:05.763,41750,960.683,3.218750224387,959.168,53.941,4343.838
2026-05-19 14:23:05.764,42000,979.0,0.0,979.0,0.0,4343.838
2026-05-19 14:23:05.765,42250,979.0,0.0,979.0,0.0,4101.722
2026-05-19 14:23:05.875,42500,979.0,0.0,979.0,0.0,4101.722
2026-05-19 14:23:05.876,42750,979.0,0.0,979.0,0.0,4101.722
2026-05-19 14:23:05.986,43000,979.0,0.0,979.0,0.0,4101.722
2026-05-19 14:23:05.987,43250,979.0,0.0,979.0,0.0,4198.29
2026-05-19 14:23:05.988,43500,1037.747,1.582492995006,1037.351,28.659,3960.624
2026-05-19 14:23:06.100,43750,979.0,0.0,979.0,0.0,3960.624
2026-05-19 14:23:06.101,44000,979.0,0.0,979.0,0.0,3960.624
2026-05-19 14:23:06.101,44250,979.0,0.0,979.0,0.0,3960.624
2026-05-19 14:23:06.212,44500,979.0,0.0,979.0,0.0,3960.624
2026-05-19 14:23:06.212,44750,979.0,0.0,979.0,0.0,3861.35
2026-05-19 14:23:06.213,45000,979.0,0.0,979.0,0.0,3861.35
2026-05-19 14:23:06.316,45250,979.0,0.0,979.0,0.0,3861.35
2026-05-19 14:23:06.317,45500,979.0,0.0,979.0,0.0,3861.35
2026-05-19 14:23:06.317,45750,979.0,0.0,979.0,0.0,3861.35
2026-05-19 14:23:06.423,46000,979.0,0.0,979.0,0.0,3655.855
2026-05-19 14:23:06.424,46250,1005.888,-2.189474568575,1004.643,-39.097,3722.793
2026-05-19 14:23:06.424,46500,979.0,0.0,979.0,0.0,3823.201
2026-05-19 14:23:06.533,46750,979.0,0.0,979.0,0.0,3823.201
2026-05-19 14:23:06.533,47000,979.0,0.0,979.0,0.0,3823.201
2026-05-19 14:23:06.534,47250,979.0,0.0,979.0,0.0,3625.638
2026-05-19 14:23:06.647,47500,979.0,0.0,979.0,0.0,3625.638
2026-05-19 14:23:06.648,47750,979.0,0.0,979.0,0.0,3625.638
2026-05-19 14:23:06.648,48000,979.0,0.0,979.0,0.0,3625.638
2026-05-19 14:23:06.761,48250,979.0,0.0,979.0,0.0,3625.638
2026-05-19 14:23:06.761,48500,979.0,0.0,979.0,0.0,3618.973
2026-05-19 14:23:06.762,48750,979.0,0.0,979.0,0.0,3618.973
2026-05-19 14:23:06.872,49000,979.0,0.0,979.0,0.0,3618.973
2026-05-19 14:23:06.872,49250,930.053,-3.100736592919,928.692,-50.308,3618.973
2026-05-19 14:23:06.872,49500,979.0,0.0,979.0,0.0,3438.037
2026-05-19 14:23:06.984,49750,979.0,0.0,979.0,0.0,3438.037
2026-05-19 14:23:06.985,50000,979.0,0.0,979.0,0.0,3438.037
2026-05-19 14:23:06.985,50250,979.0,0.0,979.0,0.0,3438.037
2026-05-19 14:23:07.095,50500,979.0,0.0,979.0,0.0,3438.037
2026-05-19 14:23:07.096,50750,990.27,0.764047604335,989.81,13.796,3400.614
2026-05-19 14:23:07.096,51000,979.0,0.0,979.0,0.0,3448.719
2026-05-19 14:23:07.208,51250,979.0,0.0,979.0,0.0,3448.719
2026-05-19 14:23:07.208,51500,979.0,0.0,979.0,0.0,3448.719
2026-05-19 14:23:07.209,51750,979.0,0.0,979.0,0.0,3448.719
2026-05-19 14:23:07.209,52000,979.0,0.0,979.0,0.0,3448.719
2026-05-19 14:23:07.323,52250,979.0,0.0,979.0,0.0,3304.868
2026-05-19 14:23:07.324,52500,979.0,0.0,979.0,0.0,3304.868
2026-05-19 14:23:07.324,52750,979.0,0.0,979.0,0.0,3304.868
2026-05-19 14:23:07.433,53000,979.0,0.0,979.0,0.0,3304.868
2026-05-19 14:23:07.434,53250,979.0,0.0,979.0,0.0,3304.868
2026-05-19 14:23:07.434,53500,979.0,0.0,979.0,0.0,3304.868
2026-05-19 14:23:07.434,53750,979.0,0.0,979.0,0.0,3181.295
2026-05-19 14:23:07.548,54000,979.0,0.0,979.0,0.0,3181.295
2026-05-19 14:23:07.548,54250,979.0,0.0,979.0,0.0,3181.295
2026-05-19 14:23:07.549,54500,979.0,0.0,979.0,0.0,3181.295
2026-05-19 14:23:07.660,54750,979.0,0.0,979.0,0.0,3181.295
2026-05-19 14:23:07.661,55000,979.0,0.0,979.0,0.0,3181.295
2026-05-19 14:23:07.661,55250,979.0,0.0,979.0,0.0,3181.295
2026-05-19 14:23:07.662,55500,965.225,-1.680906332948,964.21,-27.686,3114.154
2026-05-19 14:23:07.775,55750,979.0,0.0,979.0,0.0,3069.393
2026-05-19 14:23:07.776,56000,979.0,0.0,979.0,0.0,3069.393
2026-05-19 14:23:07.776,56250,979.0,0.0,979.0,0.0,3069.393
2026-05-19 14:23:07.886,56500,979.0,0.0,979.0,0.0,3069.393
2026-05-19 14:23:07.886,56750,979.0,0.0,979.0,0.0,3069.393
2026-05-19 14:23:07.887,57000,979.0,0.0,979.0,0.0,3069.393
2026-05-19 14:23:08.000,57250,979.0,0.0,979.0,0.0,3069.393
2026-05-19 14:23:08.000,57500,979.0,0.0,979.0,0.0,3069.393
2026-05-19 14:23:08.000,57750,979.0,0.0,979.0,0.0,3069.393
2026-05-19 14:23:08.001,58000,982.152,5.443602332949,977.691,92.706,3063.921
2026-05-19 14:23:08.112,58250,952.065,6.029187348432,946.779,99.689,3159.241
2026-05-19 14:23:08.112,58500,979.0,0.0,979.0,0.0,3206.9
2026-05-19 14:23:08.113,58750,995.639,3.495923823023,993.314,60.944,3153.529
2026-05-19 14:23:08.226,59000,999.799,4.369904778779,996.892,76.18,3140.187
2026-05-19 14:23:08.226,59250,979.0,0.0,979.0,0.0,3140.187
2026-05-19 14:23:08.227,59500,1004.805,-5.248282302003,1000.472,-92.374,3063.921
2026-05-19 14:23:08.227,59750,1057.587,-1.463962538707,1057.242,-27.019,2968.602
2026-05-19 14:23:08.339,60000,979.0,0.0,979.0,0.0,2968.602
2026-05-19 14:23:08.339,60250,979.0,0.0,979.0,0.0,2968.602
2026-05-19 14:23:08.340,60500,979.0,0.0,979.0,0.0,2968.602
2026-05-19 14:23:08.340,60750,979.0,0.0,979.0,0.0,2968.602
2026-05-19 14:23:08.450,61000,979.0,0.0,979.0,0.0,2968.602
2026-05-19 14:23:08.450,61250,979.0,0.0,979.0,0.0,2968.602
2026-05-19 14:23:08.451,61500,979.0,0.0,979.0,0.0,2968.602
2026-05-19 14:23:08.451,61750,979.0,0.0,979.0,0.0,2968.602
2026-05-19 14:23:08.564,62000,979.0,0.0,979.0,0.0,2968.602
2026-05-19 14:23:08.565,62250,979.0,0.0,979.0,0.0,2968.602
2026-05-19 14:23:08.566,62500,979.0,0.0,979.0,0.0,2968.602
2026-05-19 14:23:08.566,62750,979.0,0.0,979.0,0.0,2968.602
2026-05-19 14:23:08.675,63000,979.0,0.0,979.0,0.0,2968.602
2026-05-19 14:23:08.676,63250,979.0,0.0,979.0,0.0,2736.319
2026-05-19 14:23:08.676,63500,979.0,0.0,979.0,0.0,2736.319
2026-05-19 14:23:08.677,63750,979.0,0.0,979.0,0.0,2736.319
2026-05-19 14:23:08.789,64000,979.0,0.0,979.0,0.0,2736.319
2026-05-19 14:23:08.790,64250,979.0,0.0,979.0,0.0,2736.319
2026-05-19 14:23:08.790,64500,979.0,0.0,979.0,0.0,2736.319
2026-05-19 14:23:08.791,64750,979.0,0.0,979.0,0.0,2736.319
2026-05-19 14:23:08.903,65000,979.0,0.0,979.0,0.0,2736.319
2026-05-19 14:23:08.903,65250,979.0,0.0,979.0,0.0,2736.319
2026-05-19 14:23:08.904,65500,979.0,0.0,979.0,0.0,2736.319
2026-05-19 14:23:08.904,65750,979.0,0.0,979.0,0.0,2736.319
2026-05-19 14:23:09.013,66000,979.0,0.0,979.0,0.0,2736.319
2026-05-19 14:23:09.014,66250,979.0,0.0,979.0,0.0,2736.319
2026-05-19 14:23:09.014,66500,979.0,0.0,979.0,0.0,2736.319
2026-05-19 14:23:09.015,66750,979.0,0.0,979.0,0.0,2736.319
2026-05-19 14:23:09.124,67000,998.188,-0.42835179269,998.037,-8.035,2687.476
2026-05-19 14:23:09.124,67250,979.0,0.0,979.0,0.0,2492.103
2026-05-19 14:23:09.125,67500,979.0,0.0,979.0,0.0,2492.103
2026-05-19 14:23:09.125,67750,979.0,0.0,979.0,0.0,2492.103
2026-05-19 14:23:09.235,68000,979.0,0.0,979.0,0.0,2492.103
2026-05-19 14:23:09.236,68250,979.0,0.0,979.0,0.0,2492.103
2026-05-19 14:23:09.236,68500,970.059,-1.113550132612,969.177,-18.13,2515.952
2026-05-19 14:23:09.237,68750,979.0,0.0,979.0,0.0,2611.351
2026-05-19 14:23:09.347,69000,979.0,0.0,979.0,0.0,2611.351
2026-05-19 14:23:09.347,69250,979.0,0.0,979.0,0.0,2611.351
2026-05-19 14:23:09.348,69500,979.0,0.0,979.0,0.0,2611.351
2026-05-19 14:23:09.348,69750,979.0,0.0,979.0,0.0,2611.351
2026-05-19 14:23:09.457,70000,979.0,0.0,979.0,0.0,2611.351
2026-05-19 14:23:09.458,70250,979.0,0.0,979.0,0.0,2611.351
2026-05-19 14:23:09.458,70500,979.0,0.0,979.0,0.0,2611.351
2026-05-19 14:23:09.458,70750,979.0,0.0,979.0,0.0,2611.351
2026-05-19 14:23:09.568,71000,979.0,0.0,979.0,0.0,2611.351
2026-05-19 14:23:09.568,71250,988.369,1.113550132612,987.401,19.906,2587.501
2026-05-19 14:23:09.569,71500,979.0,0.0,979.0,0.0,2611.351
2026-05-19 14:23:09.569,71750,1083.466,-3.368127183258,1081.595,-63.655,2359.568
2026-05-19 14:23:09.679,72000,979.0,0.0,979.0,0.0,2359.568
2026-05-19 14:23:09.680,72250,1037.334,6.023390614508,1031.607,108.852,2226.878
2026-05-19 14:23:09.680,72500,1037.334,6.023390614508,1031.607,108.852,2226.878
2026-05-19 14:23:09.681,72750,1037.334,6.023390614508,1031.607,108.852,2226.878
2026-05-19 14:23:09.792,73000,979.0,0.0,979.0,0.0,2226.878
2026-05-19 14:23:09.792,73250,979.0,0.0,979.0,0.0,2226.878
2026-05-19 14:23:09.793,73500,979.0,0.0,979.0,0.0,2226.878
2026-05-19 14:23:09.793,73750,979.0,0.0,979.0,0.0,2226.878
2026-05-19 14:23:09.902,74000,979.0,0.0,979.0,0.0,2226.878
2026-05-19 14:23:09.903,74250,979.0,0.0,979.0,0.0,2226.878
2026-05-19 14:23:09.903,74500,979.0,0.0,979.0,0.0,2226.878
2026-05-19 14:23:09.904,74750,979.0,0.0,979.0,0.0,2226.878
2026-05-19 14:23:10.013,75000,979.0,0.0,979.0,0.0,2226.878
2026-05-19 14:23:10.013,75250,979.0,0.0,979.0,0.0,2226.878
2026-05-19 14:23:10.013,75500,979.0,0.0,979.0,0.0,2226.878
2026-05-19 14:23:10.014,75750,979.0,0.0,979.0,0.0,2226.878
2026-05-19 14:23:10.116,76000,979.0,0.0,979.0,0.0,2226.878
2026-05-19 14:23:10.116,76250,979.0,0.0,979.0,0.0,2226.878
2026-05-19 14:23:10.117,76500,979.0,0.0,979.0,0.0,2226.878
2026-05-19 14:23:10.117,76750,979.0,0.0,979.0,0.0,2226.878
2026-05-19 14:23:10.118,77000,979.0,0.0,979.0,0.0,2226.878
2026-05-19 14:23:10.233,77250,979.0,0.0,979.0,0.0,2226.878
2026-05-19 14:23:10.233,77500,979.0,0.0,979.0,0.0,1996.867
2026-05-19 14:23:10.234,77750,979.0,0.0,979.0,0.0,1996.867
2026-05-19 14:23:10.234,78000,979.0,0.0,979.0,0.0,1996.867
2026-05-19 14:23:10.234,78250,979.0,0.0,979.0,0.0,1996.867
2026-05-19 14:23:10.344,78500,979.0,0.0,979.0,0.0,1996.867
2026-05-19 14:23:10.345,78750,979.0,0.0,979.0,0.0,1996.867
2026-05-19 14:23:10.346,79000,979.0,0.0,979.0,0.0,1996.867
2026-05-19 14:23:10.346,79250,979.0,0.0,979.0,0.0,1996.867
2026-05-19 14:23:10.346,79500,979.0,0.0,979.0,0.0,1996.867
2026-05-19 14:23:10.459,79750,979.0,0.0,979.0,0.0,1996.867
2026-05-19 14:23:10.460,80000,979.0,0.0,979.0,0.0,1996.867
2026-05-19 14:23:10.460,80250,979.0,0.0,979.0,0.0,1996.867
2026-05-19 14:23:10.460,80500,979.0,0.0,979.0,0.0,1996.867
2026-05-19 14:23:10.574,80750,979.0,0.0,979.0,0.0,1996.867
2026-05-19 14:23:10.575,81000,979.0,0.0,979.0,0.0,1996.867
2026-05-19 14:23:10.575,81250,979.0,0.0,979.0,0.0,1996.867
2026-05-19 14:23:10.575,81500,979.0,0.0,979.0,0.0,1996.867
2026-05-19 14:23:10.576,81750,1024.22,5.340639762733,1018.603,96.305,1909.667
2026-05-19 14:23:10.576,82000,979.0,0.0,979.0,0.0,1887.867
2026-05-19 14:23:10.685,82250,979.0,0.0,979.0,0.0,1887.867
2026-05-19 14:23:10.686,82500,979.0,0.0,979.0,0.0,1887.867
2026-05-19 14:23:10.687,82750,979.0,0.0,979.0,0.0,1887.867
2026-05-19 14:23:10.687,83000,979.0,0.0,979.0,0.0,1887.867
2026-05-19 14:23:10.800,83250,979.0,0.0,979.0,0.0,1662.085
2026-05-19 14:23:10.801,83500,979.0,0.0,979.0,0.0,1662.085
2026-05-19 14:23:10.801,83750,979.0,0.0,979.0,0.0,1662.085
2026-05-19 14:23:10.802,84000,979.0,0.0,979.0,0.0,1662.085
2026-05-19 14:23:10.802,84250,979.0,0.0,979.0,0.0,1662.085
2026-05-19 14:23:10.911,84500,979.0,0.0,979.0,0.0,1662.085
2026-05-19 14:23:10.912,84750,979.0,0.0,979.0,0.0,1662.085
2026-05-19 14:23:10.912,85000,979.0,0.0,979.0,0.0,1662.085
2026-05-19 14:23:10.913,85250,979.0,0.0,979.0,0.0,1662.085
2026-05-19 14:23:10.913,85500,979.0,0.0,979.0,0.0,1662.085
2026-05-19 14:23:11.016,85750,979.0,0.0,979.0,0.0,1662.085
2026-05-19 14:23:11.016,86000,979.0,0.0,979.0,0.0,1662.085
2026-05-19 14:23:11.017,86250,979.0,0.0,979.0,0.0,1662.085
2026-05-19 14:23:11.017,86500,979.0,0.0,979.0,0.0,1662.085
2026-05-19 14:23:11.017,86750,979.0,0.0,979.0,0.0,1662.085
2026-05-19 14:23:11.133,87000,979.0,0.0,979.0,0.0,1662.085
2026-05-19 14:23:11.134,87250,979.0,0.0,979.0,0.0,1662.085
2026-05-19 14:23:11.134,87500,979.0,0.0,979.0,0.0,1662.085
2026-05-19 14:23:11.135,87750,979.0,0.0,979.0,0.0,1662.085
2026-05-19 14:23:11.135,88000,979.0,0.0,979.0,0.0,1662.085
2026-05-19 14:23:11.249,88250,979.0,0.0,979.0,0.0,1662.085
2026-05-19 14:23:11.249,88500,979.0,0.0,979.0,0.0,1662.085
2026-05-19 14:23:11.250,88750,979.0,0.0,979.0,0.0,1662.085
2026-05-19 14:23:11.250,89000,979.0,0.0,979.0,0.0,1662.085
2026-05-19 14:23:11.251,89250,979.0,0.0,979.0,0.0,1436.336
2026-05-19 14:23:11.360,89500,979.0,0.0,979.0,0.0,1436.336
2026-05-19 14:23:11.361,89750,979.0,0.0,979.0,0.0,1436.336
2026-05-19 14:23:11.361,90000,979.0,0.0,979.0,0.0,1436.336
2026-05-19 14:23:11.361,90250,979.0,0.0,979.0,0.0,1436.336
2026-05-19 14:23:11.362,90500,963.768,-1.980398713538,961.078,-31.051,1346.946
2026-05-19 14:23:11.475,90750,979.0,0.0,979.0,0.0,1324.598
2026-05-19 14:23:11.476,91000,979.0,0.0,979.0,0.0,1324.598
2026-05-19 14:23:11.476,91250,979.0,0.0,979.0,0.0,1324.598
2026-05-19 14:23:11.477,91500,979.0,0.0,979.0,0.0,1324.598
2026-05-19 14:23:11.477,91750,979.0,0.0,979.0,0.0,1324.598
2026-05-19 14:23:11.590,92000,979.0,0.0,979.0,0.0,1324.598
2026-05-19 14:23:11.590,92250,979.0,0.0,979.0,0.0,1324.598
2026-05-19 14:23:11.591,92500,979.0,0.0,979.0,0.0,1324.598
2026-05-19 14:23:11.591,92750,979.0,0.0,979.0,0.0,1324.598
2026-05-19 14:23:11.592,93000,979.0,0.0,979.0,0.0,1324.598
2026-05-19 14:23:11.702,93250,979.0,0.0,979.0,0.0,1324.598
2026-05-19 14:23:11.703,93500,979.0,0.0,979.0,0.0,1324.598
2026-05-19 14:23:11.703,93750,979.0,0.0,979.0,0.0,1324.598
2026-05-19 14:23:11.704,94000,979.0,0.0,979.0,0.0,1324.598
2026-05-19 14:23:11.704,94250,979.0,0.0,979.0,0.0,1324.598
2026-05-19 14:23:11.816,94500,979.0,0.0,979.0,0.0,1324.598
2026-05-19 14:23:11.817,94750,979.0,0.0,979.0,0.0,1324.598
2026-05-19 14:23:11.817,95000,979.0,0.0,979.0,0.0,1324.598
2026-05-19 14:23:11.818,95250,903.881,2.024967426536,902.647,27.927,1172.144
2026-05-19 14:23:11.928,95500,979.0,0.0,979.0,0.0,1070.507
2026-05-19 14:23:11.928,95750,979.0,0.0,979.0,0.0,1070.507
2026-05-19 14:23:11.929,96000,979.0,0.0,979.0,0.0,1070.507
2026-05-19 14:23:11.929,96250,979.0,0.0,979.0,0.0,1070.507
2026-05-19 14:23:11.930,96500,979.0,0.0,979.0,0.0,1070.507
2026-05-19 14:23:12.043,96750,979.0,0.0,979.0,0.0,1070.507
2026-05-19 14:23:12.044,97000,979.0,0.0,979.0,0.0,1070.507
2026-05-19 14:23:12.045,97250,979.0,0.0,979.0,0.0,1070.507
2026-05-19 14:23:12.045,97500,979.0,0.0,979.0,0.0,1070.507
2026-05-19 14:23:12.045,97750,979.0,0.0,979.0,0.0,1070.507
2026-05-19 14:23:12.149,98000,979.0,0.0,979.0,0.0,1070.507
2026-05-19 14:23:12.150,98250,979.0,0.0,979.0,0.0,1070.507
2026-05-19 14:23:12.150,98500,979.0,0.0,979.0,0.0,1070.507
2026-05-19 14:23:12.151,98750,979.0,0.0,979.0,0.0,1070.507
2026-05-19 14:23:12.151,99000,979.0,0.0,979.0,0.0,1070.507
2026-05-19 14:23:12.267,99250,979.0,0.0,979.0,0.0,1070.507
2026-05-19 14:23:12.268,99500,979.0,0.0,979.0,0.0,1070.507
2026-05-19 14:23:12.269,99750,979.0,0.0,979.0,0.0,1070.507
2026-05-19 14:23:12.269,100000,979.0,0.0,979.0,0.0,1070.507
2026-05-19 14:23:12.830,10000,981.873,-0.701095753677,981.689,-12.065,9259.259
2026-05-19 14:23:12.946,10250,979.0,0.0,979.0,0.0,9286.314
2026-05-19 14:23:13.157,10500,979.0,0.0,979.0,0.0,9286.314
2026-05-19 14:23:13.268,10750,984.433,0.081213541338,984.428,1.426,9236.167
2026-05-19 14:23:13.381,11000,1005.754,0.445795900565,1005.723,7.825,9105.965
2026-05-19 14:23:13.607,11250,986.792,-1.479908167659,986.463,-25.485,9105.965
2026-05-19 14:23:13.721,11500,986.792,-1.479908167659,986.463,-25.485,9105.965
2026-05-19 14:23:13.823,11750,979.0,0.0,979.0,0.0,9178.44
2026-05-19 14:23:13.933,12000,979.0,0.0,979.0,0.0,9178.44
2026-05-19 14:23:14.045,12250,979.0,0.0,979.0,0.0,9178.44
2026-05-19 14:23:14.156,12500,1002.878,-0.191049002732,1002.801,-3.412,9039.278
2026-05-19 14:23:14.270,12750,979.0,0.0,979.0,0.0,9025.481
2026-05-19 14:23:14.381,13000,988.239,-1.438018381863,987.928,-24.8,9025.481
2026-05-19 14:23:14.491,13250,982.696,-0.575207352745,982.571,-9.92,9076.586
2026-05-19 14:23:14.702,13500,979.0,0.0,979.0,0.0,9110.657
2026-05-19 14:23:14.816,13750,1005.17,0.596406353861,1005.116,10.463,8873.453
2026-05-19 14:23:14.926,14000,989.807,-1.511920412512,989.463,-26.116,8873.453
2026-05-19 14:23:15.041,14250,979.0,0.0,979.0,0.0,8971.41
2026-05-19 14:23:15.041,14500,979.0,0.0,979.0,0.0,8971.41
2026-05-19 14:23:15.152,14750,1003.479,-1.205219966128,1003.253,-21.089,8857.731
2026-05-19 14:23:15.266,15000,981.42,-0.308667409381,981.348,-5.339,8916.621
2026-05-19 14:23:15.377,15250,979.0,0.0,979.0,0.0,8938.448
2026-05-19 14:23:15.490,15500,979.0,0.0,979.0,0.0,8938.448
2026-05-19 14:23:15.602,15750,1017.201,-0.777334940449,1017.107,-13.8,8712.157
2026-05-19 14:23:15.715,16000,979.0,0.0,979.0,0.0,8828.731
2026-05-19 14:23:15.817,16250,993.895,0.455410092,993.842,7.979,8697.732
2026-05-19 14:23:15.920,16500,1004.221,-0.655595692622,1004.135,-11.41,8697.732
2026-05-19 14:23:16.035,16750,1003.297,0.778640438833,1003.205,13.634,8704.426
2026-05-19 14:23:16.036,17000,979.0,0.0,979.0,0.0,8704.426
2026-05-19 14:23:16.149,17250,989.541,0.349013195555,989.494,6.124,8613.161
2026-05-19 14:23:16.260,17500,994.656,-1.511472821809,994.309,-26.236,8476.262
2026-05-19 14:23:16.371,17750,979.0,0.0,979.0,0.0,8611.81
2026-05-19 14:23:16.482,18000,979.0,0.0,979.0,0.0,8611.81
2026-05-19 14:23:16.483,18250,979.0,0.0,979.0,0.0,8386.009
2026-05-19 14:23:16.592,18500,995.939,-1.485942574055,995.604,-25.826,8386.009
2026-05-19 14:23:16.706,18750,982.388,-0.297188514811,982.321,-5.165,8502.084
2026-05-19 14:23:16.819,19000,1004.055,1.003388467307,1003.901,17.583,8318.223
2026-05-19 14:23:16.819,19250,979.0,0.0,979.0,0.0,8318.223
2026-05-19 14:23:16.932,19500,997.248,-1.40404357591,996.949,-24.435,8104.803
2026-05-19 14:23:17.043,19750,986.299,-0.561617430364,986.179,-9.774,8195.444
2026-05-19 14:23:17.044,20000,979.0,0.0,979.0,0.0,8255.872
2026-05-19 14:23:17.149,20250,979.0,0.0,979.0,0.0,8255.872
2026-05-19 14:23:17.251,20500,979.0,0.0,979.0,0.0,8055.627
2026-05-19 14:23:17.361,20750,997.775,-1.321511433571,997.51,-23.011,8055.627
2026-05-19 14:23:17.365,21000,994.666,-1.063782975455,994.451,-18.539,7917.724
2026-05-19 14:23:17.475,21250,979.0,0.0,979.0,0.0,8043.919
2026-05-19 14:23:17.586,21500,979.0,0.0,979.0,0.0,8043.919
2026-05-19 14:23:17.587,21750,979.0,0.0,979.0,0.0,7856.622
2026-05-19 14:23:17.700,22000,1000.678,-1.344840918854,1000.403,-23.486,7856.622
2026-05-19 14:23:17.802,22250,1005.701,-1.079954549854,1005.481,-18.862,7818.154
2026-05-19 14:23:17.802,22500,979.0,0.0,979.0,0.0,7842.522
2026-05-19 14:23:17.913,22750,979.0,0.0,979.0,0.0,7842.522
2026-05-19 14:23:18.026,23000,979.0,0.0,979.0,0.0,7658.862
2026-05-19 14:23:18.026,23250,979.0,0.0,979.0,0.0,7658.862
2026-05-19 14:23:18.133,23500,987.361,0.520226575645,987.258,9.078,7594.819
2026-05-19 14:23:18.133,23750,979.0,0.0,979.0,0.0,7498.755
2026-05-19 14:23:18.236,24000,1003.089,-1.239554918038,1002.854,-21.699,7498.755
2026-05-19 14:23:18.347,24250,1004.217,-1.23033097061,1003.986,-21.562,7326.976
2026-05-19 14:23:18.347,24500,994.13,-0.738198582366,993.991,-12.937,7402.467
2026-05-19 14:23:18.459,24750,999.596,1.482344701308,999.262,25.858,7360.845
2026-05-19 14:23:18.459,25000,979.0,0.0,979.0,0.0,7360.845
2026-05-19 14:23:18.566,25250,979.0,0.0,979.0,0.0,7360.845
2026-05-19 14:23:18.681,25500,979.0,0.0,979.0,0.0,7206.363
2026-05-19 14:23:18.681,25750,979.0,0.0,979.0,0.0,7206.363
2026-05-19 14:23:18.783,26000,996.708,1.425420393579,996.399,24.794,7078.333
2026-05-19 14:23:18.784,26250,979.0,0.0,979.0,0.0,7078.333
2026-05-19 14:23:18.887,26500,998.918,1.697162980167,998.48,29.585,6937.194
2026-05-19 14:23:18.999,26750,979.0,0.0,979.0,0.0,6937.194
2026-05-19 14:23:18.999,27000,979.0,0.0,979.0,0.0,6937.194
2026-05-19 14:23:19.110,27250,979.0,0.0,979.0,0.0,6804.488
2026-05-19 14:23:19.110,27500,979.0,0.0,979.0,0.0,6804.488
2026-05-19 14:23:19.222,27750,979.0,0.0,979.0,0.0,6804.488
2026-05-19 14:23:19.222,28000,979.0,0.0,979.0,0.0,6670.342
2026-05-19 14:23:19.334,28250,979.0,0.0,979.0,0.0,6670.342
2026-05-19 14:23:19.334,28500,979.0,0.0,979.0,0.0,6557.083
2026-05-19 14:23:19.449,28750,979.0,0.0,979.0,0.0,6557.083
2026-05-19 14:23:19.449,29000,979.0,0.0,979.0,0.0,6557.083
2026-05-19 14:23:19.560,29250,979.0,0.0,979.0,0.0,6439.888
2026-05-19 14:23:19.560,29500,979.0,0.0,979.0,0.0,6439.888
2026-05-19 14:23:19.672,29750,979.0,0.0,979.0,0.0,6329.513
2026-05-19 14:23:19.672,30000,979.0,0.0,979.0,0.0,6329.513
2026-05-19 14:23:19.787,30250,979.0,0.0,979.0,0.0,6329.513
2026-05-19 14:23:19.788,30500,979.0,0.0,979.0,0.0,6231.235
2026-05-19 14:23:19.899,30750,979.0,0.0,979.0,0.0,6231.235
2026-05-19 14:23:19.899,31000,979.0,0.0,979.0,0.0,6231.235
2026-05-19 14:23:20.010,31250,979.0,0.0,979.0,0.0,6132.743
2026-05-19 14:23:20.011,31500,1002.178,-0.471713232655,1002.12,-8.378,5993.062
2026-05-19 14:23:20.011,31750,1018.688,-0.706494640387,1018.61,-12.561,5819.217
2026-05-19 14:23:20.116,32000,979.0,0.0,979.0,0.0,5819.217
2026-05-19 14:23:20.116,32250,979.0,0.0,979.0,0.0,5819.217
