Timestamp,Freq(Hz),Imp_AVG(Ohm),Fase_AVG(°),Real_AVG(Ohm),Imag_AVG(Ohm),Mag_AVG
2026-05-19 15:04:28.890,10000,979.0,0.0,979.0,0.0,9286.314
2026-05-19 15:04:29.001,10250,979.0,0.0,979.0,0.0,9286.314
2026-05-19 15:04:29.225,10500,979.0,0.0,979.0,0.0,9286.314
2026-05-19 15:04:29.329,10750,979.0,0.0,979.0,0.0,9286.314
2026-05-19 15:04:29.439,11000,979.0,0.0,979.0,0.0,9354.811
2026-05-19 15:04:29.653,11250,952.958,-0.445795900565,952.929,-7.415,9354.811
2026-05-19 15:04:29.765,11500,979.0,0.0,979.0,0.0,9105.965
2026-05-19 15:04:29.876,11750,979.0,0.0,979.0,0.0,9178.44
2026-05-19 15:04:29.988,12000,979.0,0.0,979.0,0.0,9178.44
2026-05-19 15:04:30.104,12250,979.0,0.0,979.0,0.0,9178.44
2026-05-19 15:04:30.214,12500,979.0,0.0,979.0,0.0,9258.26
2026-05-19 15:04:30.329,12750,954.385,-0.517751315924,954.346,-8.624,9258.26
2026-05-19 15:04:30.440,13000,979.0,0.0,979.0,0.0,9025.481
2026-05-19 15:04:30.550,13250,988.239,-1.438018381863,987.928,-24.8,9025.481
2026-05-19 15:04:30.661,13500,979.0,0.0,979.0,0.0,9110.657
2026-05-19 15:04:30.773,13750,979.0,0.0,979.0,0.0,9110.657
2026-05-19 15:04:30.882,14000,979.0,0.0,979.0,0.0,8971.41
2026-05-19 15:04:30.993,14250,979.0,0.0,979.0,0.0,8971.41
2026-05-19 15:04:31.103,14500,979.0,0.0,979.0,0.0,8971.41
2026-05-19 15:04:31.215,14750,979.0,0.0,979.0,0.0,9078.838
2026-05-19 15:04:31.329,15000,979.0,0.0,979.0,0.0,8938.448
2026-05-19 15:04:31.439,15250,979.0,0.0,979.0,0.0,8938.448
2026-05-19 15:04:31.549,15500,979.0,0.0,979.0,0.0,8938.448
2026-05-19 15:04:31.659,15750,979.0,0.0,979.0,0.0,9052.108
2026-05-19 15:04:31.770,16000,979.0,0.0,979.0,0.0,8828.731
2026-05-19 15:04:31.880,16250,979.0,0.0,979.0,0.0,8828.731
2026-05-19 15:04:31.881,16500,979.0,0.0,979.0,0.0,8828.731
2026-05-19 15:04:31.991,16750,979.0,0.0,979.0,0.0,8920.457
2026-05-19 15:04:32.101,17000,979.0,0.0,979.0,0.0,8704.426
2026-05-19 15:04:32.212,17250,968.583,-2.384005810698,967.745,-40.29,8704.426
2026-05-19 15:04:32.314,17500,979.0,0.0,979.0,0.0,8836.474
2026-05-19 15:04:32.424,17750,979.0,0.0,979.0,0.0,8611.81
2026-05-19 15:04:32.424,18000,979.0,0.0,979.0,0.0,8611.81
2026-05-19 15:04:32.534,18250,988.262,2.446629334219,987.361,42.188,8531.103
2026-05-19 15:04:32.645,18500,979.0,0.0,979.0,0.0,8531.103
2026-05-19 15:04:32.757,18750,979.0,0.0,979.0,0.0,8531.103
2026-05-19 15:04:32.870,19000,979.0,0.0,979.0,0.0,8531.103
2026-05-19 15:04:32.870,19250,979.0,0.0,979.0,0.0,8318.223
2026-05-19 15:04:32.982,19500,954.759,-1.08866713338,954.587,-18.14,8465.484
2026-05-19 15:04:33.094,19750,954.759,-1.08866713338,954.587,-18.14,8465.484
2026-05-19 15:04:33.095,20000,979.0,0.0,979.0,0.0,8255.872
2026-05-19 15:04:33.205,20250,979.0,0.0,979.0,0.0,8255.872
2026-05-19 15:04:33.313,20500,979.0,0.0,979.0,0.0,8055.627
2026-05-19 15:04:33.425,20750,979.0,0.0,979.0,0.0,8210.115
2026-05-19 15:04:33.425,21000,959.182,-1.005522859644,959.034,-16.832,8210.115
2026-05-19 15:04:33.537,21250,979.0,0.0,979.0,0.0,8043.919
2026-05-19 15:04:33.538,21500,979.0,0.0,979.0,0.0,8043.919
2026-05-19 15:04:33.649,21750,979.0,0.0,979.0,0.0,7856.622
2026-05-19 15:04:33.762,22000,979.0,0.0,979.0,0.0,8030.595
2026-05-19 15:04:33.762,22250,979.0,0.0,979.0,0.0,8030.595
2026-05-19 15:04:33.874,22500,979.0,0.0,979.0,0.0,7842.522
2026-05-19 15:04:33.985,22750,979.0,0.0,979.0,0.0,7842.522
2026-05-19 15:04:33.986,23000,979.0,0.0,979.0,0.0,7658.862
2026-05-19 15:04:34.097,23250,979.0,0.0,979.0,0.0,7658.862
2026-05-19 15:04:34.208,23500,979.0,0.0,979.0,0.0,7658.862
2026-05-19 15:04:34.208,23750,979.0,0.0,979.0,0.0,7498.755
2026-05-19 15:04:34.312,24000,979.0,0.0,979.0,0.0,7683.264
2026-05-19 15:04:34.312,24250,979.0,0.0,979.0,0.0,7515.704
2026-05-19 15:04:34.424,24500,979.0,0.0,979.0,0.0,7515.704
2026-05-19 15:04:34.535,24750,979.0,0.0,979.0,0.0,7515.704
2026-05-19 15:04:34.535,25000,979.0,0.0,979.0,0.0,7360.845
2026-05-19 15:04:34.647,25250,979.0,0.0,979.0,0.0,7360.845
2026-05-19 15:04:34.648,25500,979.0,0.0,979.0,0.0,7206.363
2026-05-19 15:04:34.759,25750,979.0,0.0,979.0,0.0,7206.363
2026-05-19 15:04:34.759,26000,979.0,0.0,979.0,0.0,7206.363
2026-05-19 15:04:34.871,26250,979.0,0.0,979.0,0.0,7078.333
2026-05-19 15:04:34.983,26500,998.918,1.697162980167,998.48,29.585,6937.194
2026-05-19 15:04:34.983,26750,979.0,0.0,979.0,0.0,6937.194
2026-05-19 15:04:35.098,27000,979.0,0.0,979.0,0.0,6937.194
2026-05-19 15:04:35.098,27250,998.093,1.73734201155,997.634,30.26,6804.488
2026-05-19 15:04:35.209,27500,979.0,0.0,979.0,0.0,6804.488
2026-05-19 15:04:35.209,27750,979.0,0.0,979.0,0.0,6804.488
2026-05-19 15:04:35.313,28000,979.0,0.0,979.0,0.0,6670.342
2026-05-19 15:04:35.314,28250,979.0,0.0,979.0,0.0,6670.342
2026-05-19 15:04:35.426,28500,979.0,0.0,979.0,0.0,6557.083
2026-05-19 15:04:35.426,28750,979.0,0.0,979.0,0.0,6557.083
2026-05-19 15:04:35.537,29000,979.0,0.0,979.0,0.0,6557.083
2026-05-19 15:04:35.537,29250,979.0,0.0,979.0,0.0,6439.888
2026-05-19 15:04:35.639,29500,979.0,0.0,979.0,0.0,6439.888
2026-05-19 15:04:35.640,29750,979.0,0.0,979.0,0.0,6329.513
2026-05-19 15:04:35.749,30000,979.0,0.0,979.0,0.0,6329.513
2026-05-19 15:04:35.750,30250,979.0,0.0,979.0,0.0,6329.513
2026-05-19 15:04:35.860,30500,979.0,0.0,979.0,0.0,6231.235
2026-05-19 15:04:35.860,30750,979.0,0.0,979.0,0.0,6231.235
2026-05-19 15:04:35.971,31000,979.0,0.0,979.0,0.0,6231.235
2026-05-19 15:04:35.971,31250,979.0,0.0,979.0,0.0,6132.743
2026-05-19 15:04:36.083,31500,979.0,0.0,979.0,0.0,6132.743
2026-05-19 15:04:36.083,31750,979.0,0.0,979.0,0.0,6055.123
2026-05-19 15:04:36.194,32000,979.0,0.0,979.0,0.0,5819.217
2026-05-19 15:04:36.195,32250,979.0,0.0,979.0,0.0,5819.217
2026-05-19 15:04:36.297,32500,979.0,0.0,979.0,0.0,5745.191
2026-05-19 15:04:36.297,32750,979.0,0.0,979.0,0.0,5745.191
2026-05-19 15:04:36.409,33000,979.0,0.0,979.0,0.0,5745.191
2026-05-19 15:04:36.410,33250,979.0,0.0,979.0,0.0,5682.385
2026-05-19 15:04:36.410,33500,979.0,0.0,979.0,0.0,5682.385
2026-05-19 15:04:36.521,33750,970.058,-2.653204997906,969.019,-44.905,5682.385
2026-05-19 15:04:36.522,34000,979.0,0.0,979.0,0.0,5630.485
2026-05-19 15:04:36.633,34250,979.0,0.0,979.0,0.0,5379.444
2026-05-19 15:04:36.633,34500,971.643,-2.735321777529,970.536,-46.369,5379.444
2026-05-19 15:04:36.743,34750,979.0,0.0,979.0,0.0,5339.018
2026-05-19 15:04:36.744,35000,979.0,0.0,979.0,0.0,5339.018
2026-05-19 15:04:36.854,35250,979.0,0.0,979.0,0.0,5339.018
2026-05-19 15:04:36.855,35500,979.0,0.0,979.0,0.0,5311.955
2026-05-19 15:04:36.855,35750,979.0,0.0,979.0,0.0,5069.911
2026-05-19 15:04:36.965,36000,979.0,0.0,979.0,0.0,5069.911
2026-05-19 15:04:36.966,36250,979.0,0.0,979.0,0.0,5053.16
2026-05-19 15:04:37.077,36500,979.0,0.0,979.0,0.0,5053.16
2026-05-19 15:04:37.077,36750,979.0,0.0,979.0,0.0,5052.649
2026-05-19 15:04:37.192,37000,979.0,0.0,979.0,0.0,5052.649
2026-05-19 15:04:37.192,37250,979.0,0.0,979.0,0.0,4801.84
2026-05-19 15:04:37.193,37500,979.0,0.0,979.0,0.0,4801.84
2026-05-19 15:04:37.297,37750,979.0,0.0,979.0,0.0,4819.526
2026-05-19 15:04:37.298,38000,979.0,0.0,979.0,0.0,4819.526
2026-05-19 15:04:37.298,38250,979.0,0.0,979.0,0.0,4819.526
2026-05-19 15:04:37.408,38500,979.0,0.0,979.0,0.0,4819.526
2026-05-19 15:04:37.409,38750,979.0,0.0,979.0,0.0,4591.487
2026-05-19 15:04:37.520,39000,979.0,0.0,979.0,0.0,4591.487
2026-05-19 15:04:37.521,39250,979.0,0.0,979.0,0.0,4591.487
2026-05-19 15:04:37.521,39500,979.0,0.0,979.0,0.0,4591.487
2026-05-19 15:04:37.629,39750,979.0,0.0,979.0,0.0,4637.368
2026-05-19 15:04:37.630,40000,979.0,0.0,979.0,0.0,4380.519
2026-05-19 15:04:37.732,40250,979.0,0.0,979.0,0.0,4380.519
2026-05-19 15:04:37.732,40500,979.0,0.0,979.0,0.0,4380.519
2026-05-19 15:04:37.733,40750,994.403,-3.455564014488,992.595,-59.937,4380.519
2026-05-19 15:04:37.842,41000,979.0,0.0,979.0,0.0,4449.44
2026-05-19 15:04:37.843,41250,979.0,0.0,979.0,0.0,4262.566
2026-05-19 15:04:37.953,41500,979.0,0.0,979.0,0.0,4262.566
2026-05-19 15:04:37.954,41750,960.683,3.218750224387,959.168,53.941,4343.838
2026-05-19 15:04:37.954,42000,979.0,0.0,979.0,0.0,4343.838
2026-05-19 15:04:38.065,42250,924.433,-1.248586179911,924.213,-20.144,4343.838
2026-05-19 15:04:38.065,42500,979.0,0.0,979.0,0.0,4101.722
2026-05-19 15:04:38.066,42750,979.0,0.0,979.0,0.0,4101.722
2026-05-19 15:04:38.176,43000,979.0,0.0,979.0,0.0,4101.722
2026-05-19 15:04:38.176,43250,979.0,0.0,979.0,0.0,4198.29
2026-05-19 15:04:38.177,43500,979.0,0.0,979.0,0.0,4198.29
2026-05-19 15:04:38.281,43750,979.0,0.0,979.0,0.0,3960.624
2026-05-19 15:04:38.282,44000,979.0,0.0,979.0,0.0,3960.624
2026-05-19 15:04:38.393,44250,979.0,0.0,979.0,0.0,3960.624
2026-05-19 15:04:38.394,44500,979.0,0.0,979.0,0.0,3960.624
2026-05-19 15:04:38.394,44750,979.0,0.0,979.0,0.0,3861.35
2026-05-19 15:04:38.505,45000,979.0,0.0,979.0,0.0,3861.35
2026-05-19 15:04:38.506,45250,979.0,0.0,979.0,0.0,3861.35
2026-05-19 15:04:38.506,45500,979.0,0.0,979.0,0.0,3861.35
2026-05-19 15:04:38.616,45750,979.0,0.0,979.0,0.0,3861.35
2026-05-19 15:04:38.617,46000,979.0,0.0,979.0,0.0,3655.855
2026-05-19 15:04:38.617,46250,979.0,0.0,979.0,0.0,3823.201
2026-05-19 15:04:38.727,46500,979.0,0.0,979.0,0.0,3823.201
2026-05-19 15:04:38.727,46750,979.0,0.0,979.0,0.0,3823.201
2026-05-19 15:04:38.728,47000,979.0,0.0,979.0,0.0,3823.201
2026-05-19 15:04:38.838,47250,979.0,0.0,979.0,0.0,3625.638
2026-05-19 15:04:38.838,47500,979.0,0.0,979.0,0.0,3625.638
2026-05-19 15:04:38.839,47750,979.0,0.0,979.0,0.0,3625.638
2026-05-19 15:04:38.949,48000,979.0,0.0,979.0,0.0,3625.638
2026-05-19 15:04:38.949,48250,934.658,3.072382154865,933.314,50.095,3797.646
2026-05-19 15:04:38.950,48500,979.0,0.0,979.0,0.0,3618.973
2026-05-19 15:04:39.060,48750,979.0,0.0,979.0,0.0,3618.973
2026-05-19 15:04:39.060,49000,979.0,0.0,979.0,0.0,3618.973
2026-05-19 15:04:39.061,49250,930.053,-3.100736592919,928.692,-50.308,3618.973
2026-05-19 15:04:39.172,49500,979.0,0.0,979.0,0.0,3438.037
2026-05-19 15:04:39.172,49750,979.0,0.0,979.0,0.0,3438.037
2026-05-19 15:04:39.173,50000,979.0,0.0,979.0,0.0,3438.037
2026-05-19 15:04:39.280,50250,979.0,0.0,979.0,0.0,3438.037
2026-05-19 15:04:39.280,50500,979.0,0.0,979.0,0.0,3438.037
2026-05-19 15:04:39.282,50750,928.344,2.607632761173,927.382,42.236,3625.638
2026-05-19 15:04:39.392,51000,979.0,0.0,979.0,0.0,3448.719
2026-05-19 15:04:39.393,51250,979.0,0.0,979.0,0.0,3448.719
2026-05-19 15:04:39.393,51500,979.0,0.0,979.0,0.0,3448.719
2026-05-19 15:04:39.394,51750,979.0,0.0,979.0,0.0,3448.719
2026-05-19 15:04:39.503,52000,979.0,0.0,979.0,0.0,3448.719
2026-05-19 15:04:39.504,52250,979.0,0.0,979.0,0.0,3304.868
2026-05-19 15:04:39.504,52500,979.0,0.0,979.0,0.0,3304.868
2026-05-19 15:04:39.617,52750,979.0,0.0,979.0,0.0,3304.868
2026-05-19 15:04:39.617,53000,979.0,0.0,979.0,0.0,3304.868
2026-05-19 15:04:39.618,53250,979.0,0.0,979.0,0.0,3304.868
2026-05-19 15:04:39.618,53500,979.0,0.0,979.0,0.0,3304.868
2026-05-19 15:04:39.729,53750,979.0,0.0,979.0,0.0,3181.295
2026-05-19 15:04:39.729,54000,979.0,0.0,979.0,0.0,3181.295
2026-05-19 15:04:39.730,54250,979.0,0.0,979.0,0.0,3181.295
2026-05-19 15:04:39.842,54500,979.0,0.0,979.0,0.0,3181.295
2026-05-19 15:04:39.842,54750,979.0,0.0,979.0,0.0,3181.295
2026-05-19 15:04:39.842,55000,979.0,0.0,979.0,0.0,3181.295
2026-05-19 15:04:39.954,55250,979.0,0.0,979.0,0.0,3181.295
2026-05-19 15:04:39.955,55500,944.564,-4.202265832369,942.024,-69.215,3181.295
2026-05-19 15:04:39.955,55750,979.0,0.0,979.0,0.0,3069.393
2026-05-19 15:04:39.955,56000,979.0,0.0,979.0,0.0,3069.393
2026-05-19 15:04:40.067,56250,979.0,0.0,979.0,0.0,3069.393
2026-05-19 15:04:40.068,56500,979.0,0.0,979.0,0.0,3069.393
2026-05-19 15:04:40.068,56750,979.0,0.0,979.0,0.0,3069.393
2026-05-19 15:04:40.179,57000,979.0,0.0,979.0,0.0,3069.393
2026-05-19 15:04:40.179,57250,979.0,0.0,979.0,0.0,3069.393
2026-05-19 15:04:40.180,57500,979.0,0.0,979.0,0.0,3069.393
2026-05-19 15:04:40.180,57750,979.0,0.0,979.0,0.0,3069.393
2026-05-19 15:04:40.296,58000,937.022,6.321979856173,931.324,103.181,3206.9
2026-05-19 15:04:40.297,58250,906.252,1.463962538707,905.957,23.153,3206.9
2026-05-19 15:04:40.297,58500,906.252,1.463962538707,905.957,23.153,3206.9
2026-05-19 15:04:40.409,58750,979.0,0.0,979.0,0.0,3206.9
2026-05-19 15:04:40.409,59000,999.799,4.369904778779,996.892,76.18,3140.187
2026-05-19 15:04:40.410,59250,979.0,0.0,979.0,0.0,3140.187
2026-05-19 15:04:40.410,59500,958.634,-4.369904778779,955.847,-73.043,3206.9
2026-05-19 15:04:40.520,59750,1035.586,-5.833867317486,1030.223,-105.261,2968.602
2026-05-19 15:04:40.521,60000,979.0,0.0,979.0,0.0,2968.602
2026-05-19 15:04:40.521,60250,979.0,0.0,979.0,0.0,2968.602
2026-05-19 15:04:40.632,60500,979.0,0.0,979.0,0.0,2968.602
2026-05-19 15:04:40.632,60750,979.0,0.0,979.0,0.0,2968.602
2026-05-19 15:04:40.633,61000,979.0,0.0,979.0,0.0,2968.602
2026-05-19 15:04:40.633,61250,979.0,0.0,979.0,0.0,2968.602
2026-05-19 15:04:40.743,61500,979.0,0.0,979.0,0.0,2968.602
2026-05-19 15:04:40.744,61750,979.0,0.0,979.0,0.0,2968.602
2026-05-19 15:04:40.744,62000,979.0,0.0,979.0,0.0,2968.602
2026-05-19 15:04:40.745,62250,979.0,0.0,979.0,0.0,2968.602
2026-05-19 15:04:40.855,62500,979.0,0.0,979.0,0.0,2968.602
2026-05-19 15:04:40.855,62750,979.0,0.0,979.0,0.0,2968.602
2026-05-19 15:04:40.856,63000,979.0,0.0,979.0,0.0,2968.602
2026-05-19 15:04:40.856,63250,979.0,0.0,979.0,0.0,2736.319
2026-05-19 15:04:40.967,63500,979.0,0.0,979.0,0.0,2736.319
2026-05-19 15:04:40.967,63750,979.0,0.0,979.0,0.0,2736.319
2026-05-19 15:04:40.967,64000,979.0,0.0,979.0,0.0,2736.319
2026-05-19 15:04:40.968,64250,979.0,0.0,979.0,0.0,2736.319
2026-05-19 15:04:41.079,64500,979.0,0.0,979.0,0.0,2736.319
2026-05-19 15:04:41.080,64750,979.0,0.0,979.0,0.0,2736.319
2026-05-19 15:04:41.080,65000,979.0,0.0,979.0,0.0,2736.319
2026-05-19 15:04:41.081,65250,979.0,0.0,979.0,0.0,2736.319
2026-05-19 15:04:41.191,65500,979.0,0.0,979.0,0.0,2736.319
2026-05-19 15:04:41.192,65750,979.0,0.0,979.0,0.0,2736.319
2026-05-19 15:04:41.192,66000,979.0,0.0,979.0,0.0,2736.319
2026-05-19 15:04:41.192,66250,979.0,0.0,979.0,0.0,2736.319
2026-05-19 15:04:41.297,66500,979.0,0.0,979.0,0.0,2736.319
2026-05-19 15:04:41.298,66750,979.0,0.0,979.0,0.0,2736.319
2026-05-19 15:04:41.298,67000,979.0,0.0,979.0,0.0,2736.319
2026-05-19 15:04:41.299,67250,979.0,0.0,979.0,0.0,2492.103
2026-05-19 15:04:41.410,67500,979.0,0.0,979.0,0.0,2492.103
2026-05-19 15:04:41.410,67750,979.0,0.0,979.0,0.0,2492.103
2026-05-19 15:04:41.411,68000,979.0,0.0,979.0,0.0,2492.103
2026-05-19 15:04:41.411,68250,979.0,0.0,979.0,0.0,2492.103
2026-05-19 15:04:41.521,68500,934.294,-5.567750663059,929.886,-90.648,2611.351
2026-05-19 15:04:41.521,68750,934.294,-5.567750663059,929.886,-90.648,2611.351
2026-05-19 15:04:41.522,69000,934.294,-5.567750663059,929.886,-90.648,2611.351
2026-05-19 15:04:41.522,69250,979.0,0.0,979.0,0.0,2611.351
2026-05-19 15:04:41.635,69500,1025.845,5.567750663059,1021.006,99.53,2492.103
2026-05-19 15:04:41.636,69750,979.0,0.0,979.0,0.0,2611.351
2026-05-19 15:04:41.636,70000,979.0,0.0,979.0,0.0,2611.351
2026-05-19 15:04:41.637,70250,979.0,0.0,979.0,0.0,2611.351
2026-05-19 15:04:41.748,70500,979.0,0.0,979.0,0.0,2611.351
2026-05-19 15:04:41.748,70750,979.0,0.0,979.0,0.0,2611.351
2026-05-19 15:04:41.749,71000,979.0,0.0,979.0,0.0,2611.351
2026-05-19 15:04:41.749,71250,979.0,0.0,979.0,0.0,2611.351
2026-05-19 15:04:41.863,71500,979.0,0.0,979.0,0.0,2611.351
2026-05-19 15:04:41.863,71750,1083.466,-3.368127183258,1081.595,-63.655,2359.568
2026-05-19 15:04:41.864,72000,979.0,0.0,979.0,0.0,2359.568
2026-05-19 15:04:41.864,72250,1037.334,6.023390614508,1031.607,108.852,2226.878
2026-05-19 15:04:41.975,72500,1037.334,6.023390614508,1031.607,108.852,2226.878
2026-05-19 15:04:41.976,72750,1037.334,6.023390614508,1031.607,108.852,2226.878
2026-05-19 15:04:41.976,73000,979.0,0.0,979.0,0.0,2226.878
2026-05-19 15:04:41.976,73250,979.0,0.0,979.0,0.0,2226.878
2026-05-19 15:04:42.082,73500,979.0,0.0,979.0,0.0,2226.878
2026-05-19 15:04:42.082,73750,979.0,0.0,979.0,0.0,2226.878
2026-05-19 15:04:42.083,74000,979.0,0.0,979.0,0.0,2226.878
2026-05-19 15:04:42.083,74250,979.0,0.0,979.0,0.0,2226.878
2026-05-19 15:04:42.197,74500,979.0,0.0,979.0,0.0,2226.878
2026-05-19 15:04:42.198,74750,979.0,0.0,979.0,0.0,2226.878
2026-05-19 15:04:42.199,75000,979.0,0.0,979.0,0.0,2226.878
2026-05-19 15:04:42.199,75250,979.0,0.0,979.0,0.0,2226.878
2026-05-19 15:04:42.199,75500,979.0,0.0,979.0,0.0,2226.878
2026-05-19 15:04:42.314,75750,979.0,0.0,979.0,0.0,2226.878
2026-05-19 15:04:42.314,76000,979.0,0.0,979.0,0.0,2226.878
2026-05-19 15:04:42.315,76250,979.0,0.0,979.0,0.0,2226.878
2026-05-19 15:04:42.315,76500,979.0,0.0,979.0,0.0,2226.878
2026-05-19 15:04:42.316,76750,979.0,0.0,979.0,0.0,2226.878
2026-05-19 15:04:42.424,77000,979.0,0.0,979.0,0.0,2226.878
2026-05-19 15:04:42.425,77250,979.0,0.0,979.0,0.0,2226.878
2026-05-19 15:04:42.425,77500,877.88,3.235425986683,876.481,49.547,2226.878
2026-05-19 15:04:42.425,77750,979.0,0.0,979.0,0.0,1996.867
2026-05-19 15:04:42.535,78000,979.0,0.0,979.0,0.0,1996.867
2026-05-19 15:04:42.536,78250,979.0,0.0,979.0,0.0,1996.867
2026-05-19 15:04:42.536,78500,979.0,0.0,979.0,0.0,1996.867
2026-05-19 15:04:42.537,78750,979.0,0.0,979.0,0.0,1996.867
2026-05-19 15:04:42.537,79000,979.0,0.0,979.0,0.0,1996.867
2026-05-19 15:04:42.646,79250,979.0,0.0,979.0,0.0,1996.867
2026-05-19 15:04:42.647,79500,979.0,0.0,979.0,0.0,1996.867
2026-05-19 15:04:42.647,79750,979.0,0.0,979.0,0.0,1996.867
2026-05-19 15:04:42.648,80000,979.0,0.0,979.0,0.0,1996.867
2026-05-19 15:04:42.648,80250,979.0,0.0,979.0,0.0,1996.867
2026-05-19 15:04:42.757,80500,979.0,0.0,979.0,0.0,1996.867
2026-05-19 15:04:42.758,80750,979.0,0.0,979.0,0.0,1996.867
2026-05-19 15:04:42.758,81000,979.0,0.0,979.0,0.0,1996.867
2026-05-19 15:04:42.759,81250,979.0,0.0,979.0,0.0,1996.867
2026-05-19 15:04:42.759,81500,979.0,0.0,979.0,0.0,1996.867
2026-05-19 15:04:42.868,81750,925.561,-6.675799703416,919.285,-107.598,1996.867
2026-05-19 15:04:42.868,82000,979.0,0.0,979.0,0.0,1887.867
2026-05-19 15:04:42.869,82250,979.0,0.0,979.0,0.0,1887.867
2026-05-19 15:04:42.869,82500,979.0,0.0,979.0,0.0,1887.867
2026-05-19 15:04:42.870,82750,979.0,0.0,979.0,0.0,1887.867
2026-05-19 15:04:42.979,83000,979.0,0.0,979.0,0.0,1887.867
2026-05-19 15:04:42.980,83250,979.0,0.0,979.0,0.0,1662.085
2026-05-19 15:04:42.980,83500,979.0,0.0,979.0,0.0,1662.085
2026-05-19 15:04:42.980,83750,979.0,0.0,979.0,0.0,1662.085
2026-05-19 15:04:42.981,84000,979.0,0.0,979.0,0.0,1662.085
2026-05-19 15:04:43.090,84250,979.0,0.0,979.0,0.0,1662.085
2026-05-19 15:04:43.091,84500,979.0,0.0,979.0,0.0,1662.085
2026-05-19 15:04:43.091,84750,979.0,0.0,979.0,0.0,1662.085
2026-05-19 15:04:43.092,85000,979.0,0.0,979.0,0.0,1662.085
2026-05-19 15:04:43.201,85250,979.0,0.0,979.0,0.0,1662.085
2026-05-19 15:04:43.202,85500,979.0,0.0,979.0,0.0,1662.085
2026-05-19 15:04:43.202,85750,979.0,0.0,979.0,0.0,1662.085
2026-05-19 15:04:43.203,86000,979.0,0.0,979.0,0.0,1662.085
2026-05-19 15:04:43.203,86250,979.0,0.0,979.0,0.0,1662.085
2026-05-19 15:04:43.313,86500,979.0,0.0,979.0,0.0,1662.085
2026-05-19 15:04:43.314,86750,979.0,0.0,979.0,0.0,1662.085
2026-05-19 15:04:43.314,87000,979.0,0.0,979.0,0.0,1662.085
2026-05-19 15:04:43.315,87250,979.0,0.0,979.0,0.0,1662.085
2026-05-19 15:04:43.315,87500,979.0,0.0,979.0,0.0,1662.085
2026-05-19 15:04:43.425,87750,979.0,0.0,979.0,0.0,1662.085
2026-05-19 15:04:43.425,88000,979.0,0.0,979.0,0.0,1662.085
2026-05-19 15:04:43.426,88250,979.0,0.0,979.0,0.0,1662.085
2026-05-19 15:04:43.426,88500,979.0,0.0,979.0,0.0,1662.085
2026-05-19 15:04:43.426,88750,979.0,0.0,979.0,0.0,1662.085
2026-05-19 15:04:43.535,89000,979.0,0.0,979.0,0.0,1662.085
2026-05-19 15:04:43.535,89250,979.0,0.0,979.0,0.0,1436.336
2026-05-19 15:04:43.536,89500,979.0,0.0,979.0,0.0,1436.336
2026-05-19 15:04:43.536,89750,979.0,0.0,979.0,0.0,1436.336
2026-05-19 15:04:43.536,90000,979.0,0.0,979.0,0.0,1436.336
2026-05-19 15:04:43.645,90250,902.84,-9.90199356769,889.391,-155.255,1436.336
2026-05-19 15:04:43.645,90500,979.0,0.0,979.0,0.0,1324.598
2026-05-19 15:04:43.646,90750,979.0,0.0,979.0,0.0,1324.598
2026-05-19 15:04:43.646,91000,979.0,0.0,979.0,0.0,1324.598
2026-05-19 15:04:43.646,91250,979.0,0.0,979.0,0.0,1324.598
2026-05-19 15:04:43.755,91500,979.0,0.0,979.0,0.0,1324.598
2026-05-19 15:04:43.756,91750,979.0,0.0,979.0,0.0,1324.598
2026-05-19 15:04:43.756,92000,979.0,0.0,979.0,0.0,1324.598
2026-05-19 15:04:43.757,92250,979.0,0.0,979.0,0.0,1324.598
2026-05-19 15:04:43.866,92500,979.0,0.0,979.0,0.0,1324.598
2026-05-19 15:04:43.867,92750,979.0,0.0,979.0,0.0,1324.598
2026-05-19 15:04:43.867,93000,979.0,0.0,979.0,0.0,1324.598
2026-05-19 15:04:43.867,93250,979.0,0.0,979.0,0.0,1324.598
2026-05-19 15:04:43.868,93500,979.0,0.0,979.0,0.0,1324.598
2026-05-19 15:04:43.978,93750,979.0,0.0,979.0,0.0,1324.598
2026-05-19 15:04:43.978,94000,979.0,0.0,979.0,0.0,1324.598
2026-05-19 15:04:43.979,94250,979.0,0.0,979.0,0.0,1324.598
2026-05-19 15:04:43.979,94500,979.0,0.0,979.0,0.0,1324.598
2026-05-19 15:04:43.980,94750,979.0,0.0,979.0,0.0,1324.598
2026-05-19 15:04:44.093,95000,979.0,0.0,979.0,0.0,1324.598
2026-05-19 15:04:44.094,95250,1211.371,-5.062418566341,1206.646,-106.893,1070.507
2026-05-19 15:04:44.094,95500,979.0,0.0,979.0,0.0,1070.507
2026-05-19 15:04:44.095,95750,979.0,0.0,979.0,0.0,1070.507
2026-05-19 15:04:44.095,96000,979.0,0.0,979.0,0.0,1070.507
2026-05-19 15:04:44.205,96250,979.0,0.0,979.0,0.0,1070.507
2026-05-19 15:04:44.205,96500,979.0,0.0,979.0,0.0,1070.507
2026-05-19 15:04:44.206,96750,979.0,0.0,979.0,0.0,1070.507
2026-05-19 15:04:44.206,97000,979.0,0.0,979.0,0.0,1070.507
2026-05-19 15:04:44.206,97250,979.0,0.0,979.0,0.0,1070.507
2026-05-19 15:04:44.312,97500,979.0,0.0,979.0,0.0,1070.507
2026-05-19 15:04:44.313,97750,979.0,0.0,979.0,0.0,1070.507
2026-05-19 15:04:44.313,98000,979.0,0.0,979.0,0.0,1070.507
2026-05-19 15:04:44.314,98250,979.0,0.0,979.0,0.0,1070.507
2026-05-19 15:04:44.314,98500,979.0,0.0,979.0,0.0,1070.507
2026-05-19 15:04:44.423,98750,979.0,0.0,979.0,0.0,1070.507
2026-05-19 15:04:44.423,99000,979.0,0.0,979.0,0.0,1070.507
2026-05-19 15:04:44.424,99250,979.0,0.0,979.0,0.0,1070.507
2026-05-19 15:04:44.424,99500,979.0,0.0,979.0,0.0,1070.507
2026-05-19 15:04:44.535,99750,979.0,0.0,979.0,0.0,1070.507
2026-05-19 15:04:44.535,100000,979.0,0.0,979.0,0.0,1070.507
2026-05-19 15:04:45.094,10000,979.0,0.0,979.0,0.0,9286.314
2026-05-19 15:04:45.205,10250,979.0,0.0,979.0,0.0,9286.314
2026-05-19 15:04:45.313,10500,979.0,0.0,979.0,0.0,9286.314
2026-05-19 15:04:45.537,10750,975.416,0.780494323073,975.235,13.237,9320.562
2026-05-19 15:04:45.649,11000,979.0,0.0,979.0,0.0,9354.811
2026-05-19 15:04:45.761,11250,965.979,-0.222897950282,965.964,-3.707,9230.388
2026-05-19 15:04:45.875,11500,975.135,0.739954083829,974.973,12.542,9142.202
2026-05-19 15:04:45.987,11750,979.0,0.0,979.0,0.0,9178.44
2026-05-19 15:04:46.211,12000,979.0,0.0,979.0,0.0,9178.44
2026-05-19 15:04:46.313,12250,979.0,0.0,979.0,0.0,9178.44
2026-05-19 15:04:46.424,12500,979.0,0.0,979.0,0.0,9258.26
2026-05-19 15:04:46.534,12750,954.385,-0.517751315924,954.346,-8.624,9258.26
2026-05-19 15:04:46.647,13000,979.0,0.0,979.0,0.0,9025.481
2026-05-19 15:04:46.759,13250,983.62,-0.719009190932,983.464,-12.4,9068.069
2026-05-19 15:04:46.871,13500,979.0,0.0,979.0,0.0,9110.657
2026-05-19 15:04:46.984,13750,979.0,0.0,979.0,0.0,9110.657
2026-05-19 15:04:47.096,14000,979.0,0.0,979.0,0.0,8971.41
2026-05-19 15:04:47.207,14250,979.0,0.0,979.0,0.0,8971.41
2026-05-19 15:04:47.313,14500,979.0,0.0,979.0,0.0,8971.41
2026-05-19 15:04:47.424,14750,984.862,-0.762039920014,984.686,-13.175,9025.124
2026-05-19 15:04:47.536,15000,971.431,-0.208916024625,971.418,-3.514,9008.643
2026-05-19 15:04:47.647,15250,979.0,0.0,979.0,0.0,8938.448
2026-05-19 15:04:47.759,15500,979.0,0.0,979.0,0.0,8938.448
2026-05-19 15:04:47.760,15750,979.0,0.0,979.0,0.0,9052.108
2026-05-19 15:04:47.870,16000,979.0,0.0,979.0,0.0,8828.731
2026-05-19 15:04:47.983,16250,979.0,0.0,979.0,0.0,8828.731
2026-05-19 15:04:48.096,16500,979.0,0.0,979.0,0.0,8828.731
2026-05-19 15:04:48.207,16750,979.0,0.0,979.0,0.0,8920.457
2026-05-19 15:04:48.313,17000,979.0,0.0,979.0,0.0,8704.426
2026-05-19 15:04:48.423,17250,968.583,-2.384005810698,967.745,-40.29,8704.426
2026-05-19 15:04:48.424,17500,979.0,0.0,979.0,0.0,8836.474
2026-05-19 15:04:48.535,17750,979.0,0.0,979.0,0.0,8611.81
2026-05-19 15:04:48.647,18000,979.0,0.0,979.0,0.0,8611.81
2026-05-19 15:04:48.758,18250,996.811,1.703658047192,996.29,29.522,8458.556
2026-05-19 15:04:48.862,18500,979.0,0.0,979.0,0.0,8531.103
2026-05-19 15:04:48.862,18750,979.0,0.0,979.0,0.0,8531.103
2026-05-19 15:04:48.975,19000,979.0,0.0,979.0,0.0,8531.103
2026-05-19 15:04:49.087,19250,979.0,0.0,979.0,0.0,8318.223
2026-05-19 15:04:49.197,19500,966.88,-0.54433356669,966.793,-9.07,8360.678
2026-05-19 15:04:49.198,19750,966.88,-0.54433356669,966.793,-9.07,8360.678
2026-05-19 15:04:49.313,20000,979.0,0.0,979.0,0.0,8255.872
2026-05-19 15:04:49.424,20250,979.0,0.0,979.0,0.0,8255.872
2026-05-19 15:04:49.425,20500,979.0,0.0,979.0,0.0,8055.627
2026-05-19 15:04:49.535,20750,979.0,0.0,979.0,0.0,8210.115
2026-05-19 15:04:49.647,21000,959.182,-1.005522859644,959.034,-16.832,8210.115
2026-05-19 15:04:49.648,21250,979.0,0.0,979.0,0.0,8043.919
2026-05-19 15:04:49.758,21500,979.0,0.0,979.0,0.0,8043.919
2026-05-19 15:04:49.870,21750,979.0,0.0,979.0,0.0,7856.622
2026-05-19 15:04:49.871,22000,979.0,0.0,979.0,0.0,8030.595
2026-05-19 15:04:49.980,22250,979.0,0.0,979.0,0.0,8030.595
2026-05-19 15:04:50.098,22500,979.0,0.0,979.0,0.0,7842.522
2026-05-19 15:04:50.098,22750,979.0,0.0,979.0,0.0,7842.522
2026-05-19 15:04:50.210,23000,979.0,0.0,979.0,0.0,7658.862
2026-05-19 15:04:50.211,23250,979.0,0.0,979.0,0.0,7658.862
2026-05-19 15:04:50.313,23500,979.0,0.0,979.0,0.0,7658.862
2026-05-19 15:04:50.424,23750,979.0,0.0,979.0,0.0,7498.755
2026-05-19 15:04:50.424,24000,979.0,0.0,979.0,0.0,7683.264
2026-05-19 15:04:50.535,24250,979.0,0.0,979.0,0.0,7515.704
2026-05-19 15:04:50.646,24500,979.0,0.0,979.0,0.0,7515.704
2026-05-19 15:04:50.647,24750,979.0,0.0,979.0,0.0,7515.704
2026-05-19 15:04:50.758,25000,979.0,0.0,979.0,0.0,7360.845
2026-05-19 15:04:50.759,25250,979.0,0.0,979.0,0.0,7360.845
2026-05-19 15:04:50.870,25500,979.0,0.0,979.0,0.0,7206.363
2026-05-19 15:04:50.870,25750,979.0,0.0,979.0,0.0,7206.363
2026-05-19 15:04:50.983,26000,979.0,0.0,979.0,0.0,7206.363
2026-05-19 15:04:51.094,26250,979.0,0.0,979.0,0.0,7078.333
2026-05-19 15:04:51.095,26500,988.959,0.848581490084,988.74,14.792,7007.763
2026-05-19 15:04:51.208,26750,979.0,0.0,979.0,0.0,6937.194
2026-05-19 15:04:51.209,27000,979.0,0.0,979.0,0.0,6937.194
2026-05-19 15:04:51.313,27250,998.093,1.73734201155,997.634,30.26,6804.488
2026-05-19 15:04:51.313,27500,979.0,0.0,979.0,0.0,6804.488
2026-05-19 15:04:51.425,27750,979.0,0.0,979.0,0.0,6804.488
2026-05-19 15:04:51.426,28000,979.0,0.0,979.0,0.0,6670.342
2026-05-19 15:04:51.542,28250,979.0,0.0,979.0,0.0,6670.342
2026-05-19 15:04:51.543,28500,979.0,0.0,979.0,0.0,6557.083
2026-05-19 15:04:51.653,28750,979.0,0.0,979.0,0.0,6557.083
2026-05-19 15:04:51.653,29000,979.0,0.0,979.0,0.0,6557.083
2026-05-19 15:04:51.764,29250,979.0,0.0,979.0,0.0,6439.888
2026-05-19 15:04:51.764,29500,979.0,0.0,979.0,0.0,6439.888
2026-05-19 15:04:51.875,29750,979.0,0.0,979.0,0.0,6329.513
2026-05-19 15:04:51.875,30000,979.0,0.0,979.0,0.0,6329.513
2026-05-19 15:04:51.986,30250,979.0,0.0,979.0,0.0,6329.513
2026-05-19 15:04:51.987,30500,979.0,0.0,979.0,0.0,6231.235
2026-05-19 15:04:52.097,30750,979.0,0.0,979.0,0.0,6231.235
2026-05-19 15:04:52.098,31000,979.0,0.0,979.0,0.0,6231.235
2026-05-19 15:04:52.209,31250,979.0,0.0,979.0,0.0,6132.743
2026-05-19 15:04:52.210,31500,979.0,0.0,979.0,0.0,6132.743
2026-05-19 15:04:52.313,31750,979.0,0.0,979.0,0.0,6055.123
2026-05-19 15:04:52.313,32000,979.0,0.0,979.0,0.0,5819.217
2026-05-19 15:04:52.423,32250,979.0,0.0,979.0,0.0,5819.217
2026-05-19 15:04:52.423,32500,979.0,0.0,979.0,0.0,5745.191
2026-05-19 15:04:52.533,32750,979.0,0.0,979.0,0.0,5745.191
2026-05-19 15:04:52.533,33000,979.0,0.0,979.0,0.0,5745.191
2026-05-19 15:04:52.534,33250,979.0,0.0,979.0,0.0,5682.385
2026-05-19 15:04:52.644,33500,979.0,0.0,979.0,0.0,5682.385
2026-05-19 15:04:52.644,33750,970.058,-2.653204997906,969.019,-44.905,5682.385
2026-05-19 15:04:52.755,34000,979.0,0.0,979.0,0.0,5630.485
2026-05-19 15:04:52.755,34250,979.0,0.0,979.0,0.0,5379.444
2026-05-19 15:04:52.865,34500,971.643,-2.735321777529,970.536,-46.369,5379.444
2026-05-19 15:04:52.866,34750,979.0,0.0,979.0,0.0,5339.018
2026-05-19 15:04:52.977,35000,979.0,0.0,979.0,0.0,5339.018
2026-05-19 15:04:52.977,35250,979.0,0.0,979.0,0.0,5339.018
2026-05-19 15:04:52.978,35500,979.0,0.0,979.0,0.0,5311.955
2026-05-19 15:04:53.091,35750,979.0,0.0,979.0,0.0,5069.911
2026-05-19 15:04:53.091,36000,979.0,0.0,979.0,0.0,5069.911
2026-05-19 15:04:53.207,36250,979.0,0.0,979.0,0.0,5053.16
2026-05-19 15:04:53.207,36500,979.0,0.0,979.0,0.0,5053.16
2026-05-19 15:04:53.208,36750,978.951,-2.251404082703,977.44,-38.426,5052.905
2026-05-19 15:04:53.313,37000,979.0,0.0,979.0,0.0,5052.649
2026-05-19 15:04:53.314,37250,979.0,0.0,979.0,0.0,4801.84
2026-05-19 15:04:53.425,37500,979.0,0.0,979.0,0.0,4801.84
2026-05-19 15:04:53.426,37750,979.0,0.0,979.0,0.0,4819.526
2026-05-19 15:04:53.426,38000,979.0,0.0,979.0,0.0,4819.526
2026-05-19 15:04:53.537,38250,979.0,0.0,979.0,0.0,4819.526
2026-05-19 15:04:53.537,38500,979.0,0.0,979.0,0.0,4819.526
2026-05-19 15:04:53.647,38750,979.0,0.0,979.0,0.0,4591.487
2026-05-19 15:04:53.648,39000,979.0,0.0,979.0,0.0,4591.487
2026-05-19 15:04:53.648,39250,979.0,0.0,979.0,0.0,4591.487
2026-05-19 15:04:53.758,39500,979.0,0.0,979.0,0.0,4591.487
2026-05-19 15:04:53.758,39750,979.0,0.0,979.0,0.0,4637.368
2026-05-19 15:04:53.869,40000,979.0,0.0,979.0,0.0,4380.519
2026-05-19 15:04:53.870,40250,979.0,0.0,979.0,0.0,4380.519
2026-05-19 15:04:53.870,40500,979.0,0.0,979.0,0.0,4380.519
2026-05-19 15:04:53.980,40750,986.702,-1.727782007244,985.798,-29.969,4414.98
2026-05-19 15:04:53.980,41000,979.0,0.0,979.0,0.0,4449.44
2026-05-19 15:04:54.090,41250,979.0,0.0,979.0,0.0,4262.566
2026-05-19 15:04:54.090,41500,979.0,0.0,979.0,0.0,4262.566
2026-05-19 15:04:54.091,41750,960.683,3.218750224387,959.168,53.941,4343.838
2026-05-19 15:04:54.201,42000,979.0,0.0,979.0,0.0,4343.838
2026-05-19 15:04:54.201,42250,924.433,-1.248586179911,924.213,-20.144,4343.838
2026-05-19 15:04:54.202,42500,979.0,0.0,979.0,0.0,4101.722
2026-05-19 15:04:54.313,42750,979.0,0.0,979.0,0.0,4101.722
2026-05-19 15:04:54.313,43000,979.0,0.0,979.0,0.0,4101.722
2026-05-19 15:04:54.314,43250,979.0,0.0,979.0,0.0,4198.29
2026-05-19 15:04:54.423,43500,979.0,0.0,979.0,0.0,4198.29
2026-05-19 15:04:54.423,43750,979.0,0.0,979.0,0.0,3960.624
2026-05-19 15:04:54.424,44000,979.0,0.0,979.0,0.0,3960.624
2026-05-19 15:04:54.533,44250,979.0,0.0,979.0,0.0,3960.624
2026-05-19 15:04:54.533,44500,979.0,0.0,979.0,0.0,3960.624
2026-05-19 15:04:54.643,44750,979.0,0.0,979.0,0.0,3861.35
2026-05-19 15:04:54.644,45000,979.0,0.0,979.0,0.0,3861.35
2026-05-19 15:04:54.644,45250,979.0,0.0,979.0,0.0,3861.35
2026-05-19 15:04:54.753,45500,979.0,0.0,979.0,0.0,3861.35
2026-05-19 15:04:54.754,45750,979.0,0.0,979.0,0.0,3861.35
2026-05-19 15:04:54.754,46000,979.0,0.0,979.0,0.0,3655.855
2026-05-19 15:04:54.864,46250,979.0,0.0,979.0,0.0,3823.201
2026-05-19 15:04:54.864,46500,979.0,0.0,979.0,0.0,3823.201
2026-05-19 15:04:54.865,46750,979.0,0.0,979.0,0.0,3823.201
2026-05-19 15:04:54.973,47000,979.0,0.0,979.0,0.0,3823.201
2026-05-19 15:04:54.973,47250,979.0,0.0,979.0,0.0,3625.638
2026-05-19 15:04:54.974,47500,979.0,0.0,979.0,0.0,3625.638
2026-05-19 15:04:55.083,47750,979.0,0.0,979.0,0.0,3625.638
2026-05-19 15:04:55.085,48000,979.0,0.0,979.0,0.0,3625.638
2026-05-19 15:04:55.085,48250,956.829,1.536191077433,956.157,25.048,3711.642
2026-05-19 15:04:55.195,48500,979.0,0.0,979.0,0.0,3618.973
2026-05-19 15:04:55.196,48750,979.0,0.0,979.0,0.0,3618.973
2026-05-19 15:04:55.196,49000,979.0,0.0,979.0,0.0,3618.973
2026-05-19 15:04:55.299,49250,930.053,-3.100736592919,928.692,-50.308,3618.973
2026-05-19 15:04:55.299,49500,979.0,0.0,979.0,0.0,3438.037
2026-05-19 15:04:55.300,49750,979.0,0.0,979.0,0.0,3438.037
2026-05-19 15:04:55.410,50000,979.0,0.0,979.0,0.0,3438.037
2026-05-19 15:04:55.411,50250,979.0,0.0,979.0,0.0,3438.037
2026-05-19 15:04:55.411,50500,979.0,0.0,979.0,0.0,3438.037
2026-05-19 15:04:55.521,50750,953.672,1.303816380587,953.191,21.118,3531.837
2026-05-19 15:04:55.521,51000,979.0,0.0,979.0,0.0,3448.719
2026-05-19 15:04:55.522,51250,979.0,0.0,979.0,0.0,3448.719
2026-05-19 15:04:55.632,51500,979.0,0.0,979.0,0.0,3448.719
2026-05-19 15:04:55.632,51750,979.0,0.0,979.0,0.0,3448.719
2026-05-19 15:04:55.633,52000,979.0,0.0,979.0,0.0,3448.719
2026-05-19 15:04:55.633,52250,979.0,0.0,979.0,0.0,3304.868
2026-05-19 15:04:55.743,52500,979.0,0.0,979.0,0.0,3304.868
2026-05-19 15:04:55.743,52750,979.0,0.0,979.0,0.0,3304.868
2026-05-19 15:04:55.743,53000,979.0,0.0,979.0,0.0,3304.868
2026-05-19 15:04:55.853,53250,979.0,0.0,979.0,0.0,3304.868
2026-05-19 15:04:55.854,53500,979.0,0.0,979.0,0.0,3304.868
2026-05-19 15:04:55.854,53750,979.0,0.0,979.0,0.0,3181.295
2026-05-19 15:04:55.855,54000,979.0,0.0,979.0,0.0,3181.295
2026-05-19 15:04:55.965,54250,979.0,0.0,979.0,0.0,3181.295
2026-05-19 15:04:55.966,54500,979.0,0.0,979.0,0.0,3181.295
2026-05-19 15:04:55.967,54750,979.0,0.0,979.0,0.0,3181.295
2026-05-19 15:04:56.077,55000,979.0,0.0,979.0,0.0,3181.295
2026-05-19 15:04:56.078,55250,979.0,0.0,979.0,0.0,3181.295
2026-05-19 15:04:56.078,55500,944.564,-4.202265832369,942.024,-69.215,3181.295
2026-05-19 15:04:56.188,55750,979.0,0.0,979.0,0.0,3069.393
2026-05-19 15:04:56.189,56000,979.0,0.0,979.0,0.0,3069.393
2026-05-19 15:04:56.189,56250,979.0,0.0,979.0,0.0,3069.393
2026-05-19 15:04:56.189,56500,979.0,0.0,979.0,0.0,3069.393
2026-05-19 15:04:56.297,56750,979.0,0.0,979.0,0.0,3069.393
2026-05-19 15:04:56.298,57000,979.0,0.0,979.0,0.0,3069.393
2026-05-19 15:04:56.298,57250,979.0,0.0,979.0,0.0,3069.393
2026-05-19 15:04:56.409,57500,979.0,0.0,979.0,0.0,3069.393
2026-05-19 15:04:56.409,57750,979.0,0.0,979.0,0.0,3069.393
2026-05-19 15:04:56.409,58000,937.022,6.321979856173,931.324,103.181,3206.9
2026-05-19 15:04:56.520,58250,906.252,1.463962538707,905.957,23.153,3206.9
2026-05-19 15:04:56.520,58500,906.252,1.463962538707,905.957,23.153,3206.9
2026-05-19 15:04:56.521,58750,979.0,0.0,979.0,0.0,3206.9
2026-05-19 15:04:56.521,59000,999.799,4.369904778779,996.892,76.18,3140.187
2026-05-19 15:04:56.631,59250,979.0,0.0,979.0,0.0,3140.187
2026-05-19 15:04:56.632,59500,958.634,-4.369904778779,955.847,-73.043,3206.9
2026-05-19 15:04:56.632,59750,1035.586,-5.833867317486,1030.223,-105.261,2968.602
2026-05-19 15:04:56.742,60000,979.0,0.0,979.0,0.0,2968.602
2026-05-19 15:04:56.743,60250,979.0,0.0,979.0,0.0,2968.602
2026-05-19 15:04:56.743,60500,979.0,0.0,979.0,0.0,2968.602
2026-05-19 15:04:56.743,60750,979.0,0.0,979.0,0.0,2968.602
2026-05-19 15:04:56.853,61000,979.0,0.0,979.0,0.0,2968.602
2026-05-19 15:04:56.854,61250,979.0,0.0,979.0,0.0,2968.602
2026-05-19 15:04:56.854,61500,979.0,0.0,979.0,0.0,2968.602
2026-05-19 15:04:56.854,61750,979.0,0.0,979.0,0.0,2968.602
2026-05-19 15:04:56.964,62000,979.0,0.0,979.0,0.0,2968.602
2026-05-19 15:04:56.965,62250,979.0,0.0,979.0,0.0,2968.602
2026-05-19 15:04:56.965,62500,979.0,0.0,979.0,0.0,2968.602
2026-05-19 15:04:56.965,62750,979.0,0.0,979.0,0.0,2968.602
2026-05-19 15:04:57.075,63000,979.0,0.0,979.0,0.0,2968.602
2026-05-19 15:04:57.076,63250,979.0,0.0,979.0,0.0,2736.319
2026-05-19 15:04:57.076,63500,979.0,0.0,979.0,0.0,2736.319
2026-05-19 15:04:57.077,63750,979.0,0.0,979.0,0.0,2736.319
2026-05-19 15:04:57.186,64000,979.0,0.0,979.0,0.0,2736.319
2026-05-19 15:04:57.186,64250,979.0,0.0,979.0,0.0,2736.319
2026-05-19 15:04:57.187,64500,979.0,0.0,979.0,0.0,2736.319
2026-05-19 15:04:57.187,64750,979.0,0.0,979.0,0.0,2736.319
2026-05-19 15:04:57.297,65000,979.0,0.0,979.0,0.0,2736.319
2026-05-19 15:04:57.298,65250,979.0,0.0,979.0,0.0,2736.319
2026-05-19 15:04:57.298,65500,979.0,0.0,979.0,0.0,2736.319
2026-05-19 15:04:57.299,65750,979.0,0.0,979.0,0.0,2736.319
2026-05-19 15:04:57.408,66000,979.0,0.0,979.0,0.0,2736.319
2026-05-19 15:04:57.408,66250,979.0,0.0,979.0,0.0,2736.319
2026-05-19 15:04:57.409,66500,979.0,0.0,979.0,0.0,2736.319
2026-05-19 15:04:57.409,66750,979.0,0.0,979.0,0.0,2736.319
2026-05-19 15:04:57.519,67000,979.0,0.0,979.0,0.0,2736.319
2026-05-19 15:04:57.520,67250,979.0,0.0,979.0,0.0,2492.103
2026-05-19 15:04:57.520,67500,979.0,0.0,979.0,0.0,2492.103
2026-05-19 15:04:57.521,67750,979.0,0.0,979.0,0.0,2492.103
2026-05-19 15:04:57.633,68000,979.0,0.0,979.0,0.0,2492.103
2026-05-19 15:04:57.634,68250,979.0,0.0,979.0,0.0,2492.103
2026-05-19 15:04:57.634,68500,934.294,-5.567750663059,929.886,-90.648,2611.351
2026-05-19 15:04:57.634,68750,934.294,-5.567750663059,929.886,-90.648,2611.351
2026-05-19 15:04:57.744,69000,934.294,-5.567750663059,929.886,-90.648,2611.351
2026-05-19 15:04:57.745,69250,979.0,0.0,979.0,0.0,2611.351
2026-05-19 15:04:57.745,69500,1002.423,2.783875331529,1000.003,49.765,2551.727
2026-05-19 15:04:57.746,69750,979.0,0.0,979.0,0.0,2611.351
2026-05-19 15:04:57.855,70000,979.0,0.0,979.0,0.0,2611.351
2026-05-19 15:04:57.856,70250,979.0,0.0,979.0,0.0,2611.351
2026-05-19 15:04:57.856,70500,979.0,0.0,979.0,0.0,2611.351
2026-05-19 15:04:57.856,70750,979.0,0.0,979.0,0.0,2611.351
2026-05-19 15:04:57.967,71000,979.0,0.0,979.0,0.0,2611.351
2026-05-19 15:04:57.968,71250,979.0,0.0,979.0,0.0,2611.351
2026-05-19 15:04:57.968,71500,979.0,0.0,979.0,0.0,2611.351
2026-05-19 15:04:57.968,71750,1083.466,-3.368127183258,1081.595,-63.655,2359.568
2026-05-19 15:04:58.078,72000,979.0,0.0,979.0,0.0,2359.568
2026-05-19 15:04:58.079,72250,1037.334,6.023390614508,1031.607,108.852,2226.878
2026-05-19 15:04:58.079,72500,1037.334,6.023390614508,1031.607,108.852,2226.878
2026-05-19 15:04:58.079,72750,1037.334,6.023390614508,1031.607,108.852,2226.878
2026-05-19 15:04:58.189,73000,979.0,0.0,979.0,0.0,2226.878
2026-05-19 15:04:58.190,73250,979.0,0.0,979.0,0.0,2226.878
2026-05-19 15:04:58.191,73500,979.0,0.0,979.0,0.0,2226.878
2026-05-19 15:04:58.191,73750,979.0,0.0,979.0,0.0,2226.878
2026-05-19 15:04:58.297,74000,979.0,0.0,979.0,0.0,2226.878
2026-05-19 15:04:58.298,74250,979.0,0.0,979.0,0.0,2226.878
2026-05-19 15:04:58.298,74500,979.0,0.0,979.0,0.0,2226.878
2026-05-19 15:04:58.299,74750,979.0,0.0,979.0,0.0,2226.878
2026-05-19 15:04:58.408,75000,979.0,0.0,979.0,0.0,2226.878
2026-05-19 15:04:58.408,75250,979.0,0.0,979.0,0.0,2226.878
2026-05-19 15:04:58.409,75500,979.0,0.0,979.0,0.0,2226.878
2026-05-19 15:04:58.409,75750,979.0,0.0,979.0,0.0,2226.878
2026-05-19 15:04:58.519,76000,979.0,0.0,979.0,0.0,2226.878
2026-05-19 15:04:58.520,76250,979.0,0.0,979.0,0.0,2226.878
2026-05-19 15:04:58.520,76500,979.0,0.0,979.0,0.0,2226.878
2026-05-19 15:04:58.520,76750,979.0,0.0,979.0,0.0,2226.878
2026-05-19 15:04:58.521,77000,979.0,0.0,979.0,0.0,2226.878
2026-05-19 15:04:58.630,77250,979.0,0.0,979.0,0.0,2226.878
2026-05-19 15:04:58.630,77500,877.88,3.235425986683,876.481,49.547,2226.878
2026-05-19 15:04:58.631,77750,979.0,0.0,979.0,0.0,1996.867
2026-05-19 15:04:58.632,78000,979.0,0.0,979.0,0.0,1996.867
2026-05-19 15:04:58.632,78250,979.0,0.0,979.0,0.0,1996.867
2026-05-19 15:04:58.740,78500,979.0,0.0,979.0,0.0,1996.867
2026-05-19 15:04:58.741,78750,979.0,0.0,979.0,0.0,1996.867
2026-05-19 15:04:58.741,79000,979.0,0.0,979.0,0.0,1996.867
2026-05-19 15:04:58.742,79250,979.0,0.0,979.0,0.0,1996.867
2026-05-19 15:04:58.852,79500,979.0,0.0,979.0,0.0,1996.867
2026-05-19 15:04:58.852,79750,979.0,0.0,979.0,0.0,1996.867
2026-05-19 15:04:58.853,80000,979.0,0.0,979.0,0.0,1996.867
2026-05-19 15:04:58.853,80250,979.0,0.0,979.0,0.0,1996.867
2026-05-19 15:04:58.854,80500,979.0,0.0,979.0,0.0,1996.867
2026-05-19 15:04:58.966,80750,979.0,0.0,979.0,0.0,1996.867
2026-05-19 15:04:58.966,81000,979.0,0.0,979.0,0.0,1996.867
2026-05-19 15:04:58.966,81250,979.0,0.0,979.0,0.0,1996.867
2026-05-19 15:04:58.967,81500,979.0,0.0,979.0,0.0,1996.867
2026-05-19 15:04:58.967,81750,925.561,-6.675799703416,919.285,-107.598,1996.867
2026-05-19 15:04:59.079,82000,979.0,0.0,979.0,0.0,1887.867
2026-05-19 15:04:59.079,82250,979.0,0.0,979.0,0.0,1887.867
2026-05-19 15:04:59.080,82500,979.0,0.0,979.0,0.0,1887.867
2026-05-19 15:04:59.080,82750,979.0,0.0,979.0,0.0,1887.867
2026-05-19 15:04:59.080,83000,979.0,0.0,979.0,0.0,1887.867
2026-05-19 15:04:59.191,83250,979.0,0.0,979.0,0.0,1662.085
2026-05-19 15:04:59.192,83500,979.0,0.0,979.0,0.0,1662.085
2026-05-19 15:04:59.192,83750,979.0,0.0,979.0,0.0,1662.085
2026-05-19 15:04:59.192,84000,979.0,0.0,979.0,0.0,1662.085
2026-05-19 15:04:59.193,84250,979.0,0.0,979.0,0.0,1662.085
2026-05-19 15:04:59.298,84500,979.0,0.0,979.0,0.0,1662.085
2026-05-19 15:04:59.299,84750,979.0,0.0,979.0,0.0,1662.085
2026-05-19 15:04:59.299,85000,979.0,0.0,979.0,0.0,1662.085
2026-05-19 15:04:59.299,85250,979.0,0.0,979.0,0.0,1662.085
2026-05-19 15:04:59.300,85500,979.0,0.0,979.0,0.0,1662.085
2026-05-19 15:04:59.409,85750,979.0,0.0,979.0,0.0,1662.085
2026-05-19 15:04:59.410,86000,979.0,0.0,979.0,0.0,1662.085
2026-05-19 15:04:59.410,86250,979.0,0.0,979.0,0.0,1662.085
2026-05-19 15:04:59.411,86500,979.0,0.0,979.0,0.0,1662.085
2026-05-19 15:04:59.411,86750,979.0,0.0,979.0,0.0,1662.085
2026-05-19 15:04:59.523,87000,979.0,0.0,979.0,0.0,1662.085
2026-05-19 15:04:59.523,87250,979.0,0.0,979.0,0.0,1662.085
2026-05-19 15:04:59.524,87500,979.0,0.0,979.0,0.0,1662.085
2026-05-19 15:04:59.524,87750,979.0,0.0,979.0,0.0,1662.085
2026-05-19 15:04:59.634,88000,979.0,0.0,979.0,0.0,1662.085
2026-05-19 15:04:59.635,88250,979.0,0.0,979.0,0.0,1662.085
2026-05-19 15:04:59.635,88500,979.0,0.0,979.0,0.0,1662.085
2026-05-19 15:04:59.636,88750,979.0,0.0,979.0,0.0,1662.085
2026-05-19 15:04:59.636,89000,979.0,0.0,979.0,0.0,1662.085
2026-05-19 15:04:59.745,89250,979.0,0.0,979.0,0.0,1436.336
2026-05-19 15:04:59.745,89500,979.0,0.0,979.0,0.0,1436.336
2026-05-19 15:04:59.746,89750,979.0,0.0,979.0,0.0,1436.336
2026-05-19 15:04:59.746,90000,979.0,0.0,979.0,0.0,1436.336
2026-05-19 15:04:59.747,90250,902.84,-9.90199356769,889.391,-155.255,1436.336
2026-05-19 15:04:59.857,90500,979.0,0.0,979.0,0.0,1324.598
2026-05-19 15:04:59.857,90750,979.0,0.0,979.0,0.0,1324.598
2026-05-19 15:04:59.858,91000,979.0,0.0,979.0,0.0,1324.598
2026-05-19 15:04:59.858,91250,979.0,0.0,979.0,0.0,1324.598
2026-05-19 15:04:59.858,91500,979.0,0.0,979.0,0.0,1324.598
2026-05-19 15:04:59.969,91750,979.0,0.0,979.0,0.0,1324.598
2026-05-19 15:04:59.970,92000,979.0,0.0,979.0,0.0,1324.598
2026-05-19 15:04:59.970,92250,979.0,0.0,979.0,0.0,1324.598
2026-05-19 15:04:59.971,92500,979.0,0.0,979.0,0.0,1324.598
2026-05-19 15:04:59.971,92750,979.0,0.0,979.0,0.0,1324.598
2026-05-19 15:05:00.082,93000,979.0,0.0,979.0,0.0,1324.598
2026-05-19 15:05:00.083,93250,979.0,0.0,979.0,0.0,1324.598
2026-05-19 15:05:00.083,93500,979.0,0.0,979.0,0.0,1324.598
2026-05-19 15:05:00.084,93750,979.0,0.0,979.0,0.0,1324.598
2026-05-19 15:05:00.084,94000,979.0,0.0,979.0,0.0,1324.598
2026-05-19 15:05:00.198,94250,979.0,0.0,979.0,0.0,1324.598
2026-05-19 15:05:00.198,94500,979.0,0.0,979.0,0.0,1324.598
2026-05-19 15:05:00.199,94750,979.0,0.0,979.0,0.0,1324.598
2026-05-19 15:05:00.199,95000,979.0,0.0,979.0,0.0,1324.598
2026-05-19 15:05:00.200,95250,1095.186,-2.53120928317,1092.823,-53.446,1197.553
2026-05-19 15:05:00.314,95500,979.0,0.0,979.0,0.0,1070.507
2026-05-19 15:05:00.315,95750,979.0,0.0,979.0,0.0,1070.507
2026-05-19 15:05:00.315,96000,979.0,0.0,979.0,0.0,1070.507
2026-05-19 15:05:00.316,96250,979.0,0.0,979.0,0.0,1070.507
2026-05-19 15:05:00.316,96500,979.0,0.0,979.0,0.0,1070.507
2026-05-19 15:05:00.425,96750,979.0,0.0,979.0,0.0,1070.507
2026-05-19 15:05:00.426,97000,979.0,0.0,979.0,0.0,1070.507
2026-05-19 15:05:00.426,97250,979.0,0.0,979.0,0.0,1070.507
2026-05-19 15:05:00.427,97500,979.0,0.0,979.0,0.0,1070.507
2026-05-19 15:05:00.427,97750,979.0,0.0,979.0,0.0,1070.507
2026-05-19 15:05:00.538,98000,979.0,0.0,979.0,0.0,1070.507
2026-05-19 15:05:00.539,98250,979.0,0.0,979.0,0.0,1070.507
2026-05-19 15:05:00.539,98500,979.0,0.0,979.0,0.0,1070.507
2026-05-19 15:05:00.540,98750,979.0,0.0,979.0,0.0,1070.507
2026-05-19 15:05:00.540,99000,979.0,0.0,979.0,0.0,1070.507
2026-05-19 15:05:00.650,99250,979.0,0.0,979.0,0.0,1070.507
2026-05-19 15:05:00.650,99500,979.0,0.0,979.0,0.0,1070.507
2026-05-19 15:05:00.651,99750,979.0,0.0,979.0,0.0,1070.507
2026-05-19 15:05:00.651,100000,979.0,0.0,979.0,0.0,1070.507
2026-05-19 15:05:01.212,10000,979.0,0.0,979.0,0.0,9286.314
2026-05-19 15:05:01.424,10250,979.0,0.0,979.0,0.0,9286.314
2026-05-19 15:05:01.536,10500,979.0,0.0,979.0,0.0,9286.314
2026-05-19 15:05:01.647,10750,976.611,0.520329548715,976.49,8.825,9309.146
2026-05-19 15:05:01.758,11000,979.0,0.0,979.0,0.0,9354.811
2026-05-19 15:05:01.982,11250,961.639,-0.297197267043,961.619,-4.943,9271.862
2026-05-19 15:05:02.093,11500,976.423,0.493302722553,976.315,8.361,9130.123
2026-05-19 15:05:02.205,11750,979.0,0.0,979.0,0.0,9178.44
2026-05-19 15:05:02.313,12000,979.0,0.0,979.0,0.0,9178.44
2026-05-19 15:05:02.424,12250,979.0,0.0,979.0,0.0,9178.44
2026-05-19 15:05:02.537,12500,979.0,0.0,979.0,0.0,9258.26
2026-05-19 15:05:02.648,12750,954.385,-0.517751315924,954.346,-8.624,9258.26
2026-05-19 15:05:02.872,13000,979.0,0.0,979.0,0.0,9025.481
2026-05-19 15:05:02.983,13250,982.08,-0.479339460621,981.976,-8.267,9082.265
2026-05-19 15:05:03.094,13500,979.0,0.0,979.0,0.0,9110.657
2026-05-19 15:05:03.206,13750,979.0,0.0,979.0,0.0,9110.657
2026-05-19 15:05:03.313,14000,979.0,0.0,979.0,0.0,8971.41
2026-05-19 15:05:03.424,14250,979.0,0.0,979.0,0.0,8971.41
2026-05-19 15:05:03.536,14500,979.0,0.0,979.0,0.0,8971.41
2026-05-19 15:05:03.537,14750,982.908,-0.508026613343,982.791,-8.783,9043.028
2026-05-19 15:05:03.648,15000,973.954,-0.13927734975,973.945,-2.343,8985.244
2026-05-19 15:05:03.763,15250,979.0,0.0,979.0,0.0,8938.448
2026-05-19 15:05:03.875,15500,979.0,0.0,979.0,0.0,8938.448
2026-05-19 15:05:03.986,15750,979.0,0.0,979.0,0.0,9052.108
2026-05-19 15:05:04.096,16000,979.0,0.0,979.0,0.0,8828.731
2026-05-19 15:05:04.208,16250,979.0,0.0,979.0,0.0,8828.731
2026-05-19 15:05:04.314,16500,979.0,0.0,979.0,0.0,8828.731
2026-05-19 15:05:04.425,16750,979.0,0.0,979.0,0.0,8920.457
2026-05-19 15:05:04.426,17000,979.0,0.0,979.0,0.0,8704.426
2026-05-19 15:05:04.536,17250,968.583,-2.384005810698,967.745,-40.29,8704.426
2026-05-19 15:05:04.648,17500,979.0,0.0,979.0,0.0,8836.474
2026-05-19 15:05:04.759,17750,979.0,0.0,979.0,0.0,8611.81
2026-05-19 15:05:04.874,18000,979.0,0.0,979.0,0.0,8611.81
2026-05-19 15:05:04.874,18250,993.961,1.951315142868,993.314,33.744,8482.738
2026-05-19 15:05:04.985,18500,979.0,0.0,979.0,0.0,8531.103
2026-05-19 15:05:05.096,18750,979.0,0.0,979.0,0.0,8531.103
2026-05-19 15:05:05.206,19000,979.0,0.0,979.0,0.0,8531.103
2026-05-19 15:05:05.206,19250,979.0,0.0,979.0,0.0,8318.223
2026-05-19 15:05:05.312,19500,970.92,-0.36288904446,970.862,-6.047,8325.743
2026-05-19 15:05:05.423,19750,962.839,-0.72577808892,962.725,-12.093,8395.614
2026-05-19 15:05:05.533,20000,979.0,0.0,979.0,0.0,8255.872
2026-05-19 15:05:05.534,20250,979.0,0.0,979.0,0.0,8255.872
2026-05-19 15:05:05.644,20500,979.0,0.0,979.0,0.0,8055.627
2026-05-19 15:05:05.754,20750,979.0,0.0,979.0,0.0,8210.115
2026-05-19 15:05:05.755,21000,959.182,-1.005522859644,959.034,-16.832,8210.115
2026-05-19 15:05:05.865,21250,979.0,0.0,979.0,0.0,8043.919
2026-05-19 15:05:05.976,21500,979.0,0.0,979.0,0.0,8043.919
2026-05-19 15:05:05.977,21750,979.0,0.0,979.0,0.0,7856.622
2026-05-19 15:05:06.087,22000,986.226,-0.448280306285,986.134,-7.829,7972.604
2026-05-19 15:05:06.198,22250,979.0,0.0,979.0,0.0,8030.595
2026-05-19 15:05:06.198,22500,979.0,0.0,979.0,0.0,7842.522
2026-05-19 15:05:06.313,22750,979.0,0.0,979.0,0.0,7842.522
2026-05-19 15:05:06.314,23000,979.0,0.0,979.0,0.0,7658.862
2026-05-19 15:05:06.424,23250,979.0,0.0,979.0,0.0,7658.862
2026-05-19 15:05:06.535,23500,979.0,0.0,979.0,0.0,7658.862
2026-05-19 15:05:06.535,23750,979.0,0.0,979.0,0.0,7498.755
2026-05-19 15:05:06.647,24000,979.0,0.0,979.0,0.0,7683.264
2026-05-19 15:05:06.758,24250,979.0,0.0,979.0,0.0,7515.704
2026-05-19 15:05:06.759,24500,979.0,0.0,979.0,0.0,7515.704
2026-05-19 15:05:06.869,24750,979.0,0.0,979.0,0.0,7515.704
2026-05-19 15:05:06.870,25000,979.0,0.0,979.0,0.0,7360.845
2026-05-19 15:05:06.981,25250,979.0,0.0,979.0,0.0,7360.845
2026-05-19 15:05:06.981,25500,979.0,0.0,979.0,0.0,7206.363
2026-05-19 15:05:07.091,25750,979.0,0.0,979.0,0.0,7206.363
2026-05-19 15:05:07.205,26000,979.0,0.0,979.0,0.0,7206.363
2026-05-19 15:05:07.205,26250,979.0,0.0,979.0,0.0,7078.333
2026-05-19 15:05:07.313,26500,992.279,1.131441986778,991.986,19.723,6984.24
2026-05-19 15:05:07.314,26750,979.0,0.0,979.0,0.0,6937.194
2026-05-19 15:05:07.425,27000,979.0,0.0,979.0,0.0,6937.194
2026-05-19 15:05:07.426,27250,998.093,1.73734201155,997.634,30.26,6804.488
2026-05-19 15:05:07.536,27500,979.0,0.0,979.0,0.0,6804.488
2026-05-19 15:05:07.537,27750,979.0,0.0,979.0,0.0,6804.488
2026-05-19 15:05:07.648,28000,979.0,0.0,979.0,0.0,6670.342
2026-05-19 15:05:07.649,28250,979.0,0.0,979.0,0.0,6670.342
2026-05-19 15:05:07.759,28500,973.459,-0.594646865967,973.304,-9.986,6594.836
2026-05-19 15:05:07.759,28750,979.0,0.0,979.0,0.0,6557.083
2026-05-19 15:05:07.870,29000,979.0,0.0,979.0,0.0,6557.083
2026-05-19 15:05:07.871,29250,979.0,0.0,979.0,0.0,6439.888
2026-05-19 15:05:07.982,29500,979.0,0.0,979.0,0.0,6439.888
2026-05-19 15:05:07.983,29750,979.0,0.0,979.0,0.0,6329.513
2026-05-19 15:05:08.094,30000,979.0,0.0,979.0,0.0,6329.513
2026-05-19 15:05:08.094,30250,979.0,0.0,979.0,0.0,6329.513
2026-05-19 15:05:08.208,30500,979.0,0.0,979.0,0.0,6231.235
2026-05-19 15:05:08.209,30750,979.0,0.0,979.0,0.0,6231.235
2026-05-19 15:05:08.313,31000,979.0,0.0,979.0,0.0,6231.235
2026-05-19 15:05:08.313,31250,979.0,0.0,979.0,0.0,6132.743
2026-05-19 15:05:08.424,31500,979.0,0.0,979.0,0.0,6132.743
2026-05-19 15:05:08.424,31750,979.0,0.0,979.0,0.0,6055.123
2026-05-19 15:05:08.535,32000,979.0,0.0,979.0,0.0,5819.217
2026-05-19 15:05:08.536,32250,979.0,0.0,979.0,0.0,5819.217
2026-05-19 15:05:08.647,32500,979.0,0.0,979.0,0.0,5745.191
2026-05-19 15:05:08.648,32750,979.0,0.0,979.0,0.0,5745.191
2026-05-19 15:05:08.759,33000,979.0,0.0,979.0,0.0,5745.191
2026-05-19 15:05:08.759,33250,979.0,0.0,979.0,0.0,5682.385
2026-05-19 15:05:08.760,33500,979.0,0.0,979.0,0.0,5682.385
2026-05-19 15:05:08.871,33750,970.058,-2.653204997906,969.019,-44.905,5682.385
2026-05-19 15:05:08.871,34000,979.0,0.0,979.0,0.0,5630.485
2026-05-19 15:05:08.982,34250,979.0,0.0,979.0,0.0,5379.444
2026-05-19 15:05:08.982,34500,974.095,-1.823547851686,973.357,-30.913,5365.969
2026-05-19 15:05:09.094,34750,979.0,0.0,979.0,0.0,5339.018
2026-05-19 15:05:09.095,35000,979.0,0.0,979.0,0.0,5339.018
2026-05-19 15:05:09.095,35250,979.0,0.0,979.0,0.0,5339.018
2026-05-19 15:05:09.209,35500,979.0,0.0,979.0,0.0,5311.955
2026-05-19 15:05:09.209,35750,979.0,0.0,979.0,0.0,5069.911
2026-05-19 15:05:09.313,36000,979.0,0.0,979.0,0.0,5069.911
2026-05-19 15:05:09.313,36250,979.0,0.0,979.0,0.0,5053.16
2026-05-19 15:05:09.424,36500,979.0,0.0,979.0,0.0,5053.16
2026-05-19 15:05:09.425,36750,978.934,-3.001872110271,976.92,-51.234,5052.99
2026-05-19 15:05:09.535,37000,979.0,0.0,979.0,0.0,5052.649
2026-05-19 15:05:09.535,37250,979.0,0.0,979.0,0.0,4801.84
2026-05-19 15:05:09.535,37500,979.0,0.0,979.0,0.0,4801.84
2026-05-19 15:05:09.647,37750,979.0,0.0,979.0,0.0,4819.526
2026-05-19 15:05:09.648,38000,979.0,0.0,979.0,0.0,4819.526
2026-05-19 15:05:09.648,38250,979.0,0.0,979.0,0.0,4819.526
2026-05-19 15:05:09.759,38500,979.0,0.0,979.0,0.0,4819.526
2026-05-19 15:05:09.760,38750,979.0,0.0,979.0,0.0,4591.487
2026-05-19 15:05:09.871,39000,979.0,0.0,979.0,0.0,4591.487
2026-05-19 15:05:09.872,39250,979.0,0.0,979.0,0.0,4591.487
2026-05-19 15:05:09.872,39500,979.0,0.0,979.0,0.0,4591.487
2026-05-19 15:05:09.983,39750,979.0,0.0,979.0,0.0,4637.368
2026-05-19 15:05:09.983,40000,979.0,0.0,979.0,0.0,4380.519
2026-05-19 15:05:10.095,40250,979.0,0.0,979.0,0.0,4380.519
2026-05-19 15:05:10.096,40500,979.0,0.0,979.0,0.0,4380.519
2026-05-19 15:05:10.096,40750,984.134,-1.151854671496,983.532,-19.979,4426.467
2026-05-19 15:05:10.209,41000,979.0,0.0,979.0,0.0,4449.44
2026-05-19 15:05:10.210,41250,979.0,0.0,979.0,0.0,4262.566
2026-05-19 15:05:10.210,41500,979.0,0.0,979.0,0.0,4262.566
2026-05-19 15:05:10.313,41750,960.683,3.218750224387,959.168,53.941,4343.838
2026-05-19 15:05:10.313,42000,979.0,0.0,979.0,0.0,4343.838
2026-05-19 15:05:10.424,42250,924.433,-1.248586179911,924.213,-20.144,4343.838
2026-05-19 15:05:10.425,42500,979.0,0.0,979.0,0.0,4101.722
2026-05-19 15:05:10.425,42750,979.0,0.0,979.0,0.0,4101.722
2026-05-19 15:05:10.535,43000,979.0,0.0,979.0,0.0,4101.722
2026-05-19 15:05:10.535,43250,979.0,0.0,979.0,0.0,4198.29
2026-05-19 15:05:10.536,43500,979.0,0.0,979.0,0.0,4198.29
2026-05-19 15:05:10.647,43750,979.0,0.0,979.0,0.0,3960.624
2026-05-19 15:05:10.648,44000,979.0,0.0,979.0,0.0,3960.624
2026-05-19 15:05:10.648,44250,979.0,0.0,979.0,0.0,3960.624
2026-05-19 15:05:10.757,44500,979.0,0.0,979.0,0.0,3960.624
2026-05-19 15:05:10.758,44750,979.0,0.0,979.0,0.0,3861.35
2026-05-19 15:05:10.758,45000,979.0,0.0,979.0,0.0,3861.35
2026-05-19 15:05:10.870,45250,979.0,0.0,979.0,0.0,3861.35
2026-05-19 15:05:10.870,45500,979.0,0.0,979.0,0.0,3861.35
2026-05-19 15:05:10.871,45750,979.0,0.0,979.0,0.0,3861.35
2026-05-19 15:05:10.981,46000,979.0,0.0,979.0,0.0,3655.855
2026-05-19 15:05:10.982,46250,979.0,0.0,979.0,0.0,3823.201
2026-05-19 15:05:10.983,46500,979.0,0.0,979.0,0.0,3823.201
2026-05-19 15:05:11.092,46750,979.0,0.0,979.0,0.0,3823.201
2026-05-19 15:05:11.093,47000,979.0,0.0,979.0,0.0,3823.201
2026-05-19 15:05:11.203,47250,979.0,0.0,979.0,0.0,3625.638
2026-05-19 15:05:11.204,47500,979.0,0.0,979.0,0.0,3625.638
2026-05-19 15:05:11.204,47750,979.0,0.0,979.0,0.0,3625.638
2026-05-19 15:05:11.313,48000,979.0,0.0,979.0,0.0,3625.638
2026-05-19 15:05:11.313,48250,964.219,1.024127384955,963.771,16.698,3682.974
2026-05-19 15:05:11.314,48500,979.0,0.0,979.0,0.0,3618.973
2026-05-19 15:05:11.425,48750,979.0,0.0,979.0,0.0,3618.973
2026-05-19 15:05:11.425,49000,979.0,0.0,979.0,0.0,3618.973
2026-05-19 15:05:11.426,49250,930.053,-3.100736592919,928.692,-50.308,3618.973
2026-05-19 15:05:11.537,49500,979.0,0.0,979.0,0.0,3438.037
2026-05-19 15:05:11.537,49750,979.0,0.0,979.0,0.0,3438.037
2026-05-19 15:05:11.538,50000,979.0,0.0,979.0,0.0,3438.037
2026-05-19 15:05:11.538,50250,979.0,0.0,979.0,0.0,3438.037
2026-05-19 15:05:11.648,50500,979.0,0.0,979.0,0.0,3438.037
2026-05-19 15:05:11.648,50750,945.229,1.738421840782,944.588,28.157,3563.104
2026-05-19 15:05:11.649,51000,979.0,0.0,979.0,0.0,3448.719
2026-05-19 15:05:11.758,51250,979.0,0.0,979.0,0.0,3448.719
2026-05-19 15:05:11.759,51500,979.0,0.0,979.0,0.0,3448.719
2026-05-19 15:05:11.759,51750,979.0,0.0,979.0,0.0,3448.719
2026-05-19 15:05:11.870,52000,979.0,0.0,979.0,0.0,3448.719
2026-05-19 15:05:11.870,52250,979.0,0.0,979.0,0.0,3304.868
2026-05-19 15:05:11.871,52500,979.0,0.0,979.0,0.0,3304.868
2026-05-19 15:05:11.871,52750,979.0,0.0,979.0,0.0,3304.868
2026-05-19 15:05:11.982,53000,979.0,0.0,979.0,0.0,3304.868
2026-05-19 15:05:11.982,53250,979.0,0.0,979.0,0.0,3304.868
2026-05-19 15:05:11.983,53500,979.0,0.0,979.0,0.0,3304.868
2026-05-19 15:05:12.092,53750,979.0,0.0,979.0,0.0,3181.295
2026-05-19 15:05:12.093,54000,979.0,0.0,979.0,0.0,3181.295
2026-05-19 15:05:12.093,54250,979.0,0.0,979.0,0.0,3181.295
2026-05-19 15:05:12.203,54500,979.0,0.0,979.0,0.0,3181.295
2026-05-19 15:05:12.204,54750,979.0,0.0,979.0,0.0,3181.295
2026-05-19 15:05:12.205,55000,979.0,0.0,979.0,0.0,3181.295
2026-05-19 15:05:12.205,55250,979.0,0.0,979.0,0.0,3181.295
2026-05-19 15:05:12.313,55500,956.042,-2.801510554913,954.35,-46.144,3143.994
2026-05-19 15:05:12.314,55750,979.0,0.0,979.0,0.0,3069.393
2026-05-19 15:05:12.314,56000,979.0,0.0,979.0,0.0,3069.393
2026-05-19 15:05:12.426,56250,979.0,0.0,979.0,0.0,3069.393
2026-05-19 15:05:12.427,56500,979.0,0.0,979.0,0.0,3069.393
2026-05-19 15:05:12.427,56750,979.0,0.0,979.0,0.0,3069.393
2026-05-19 15:05:12.427,57000,979.0,0.0,979.0,0.0,3069.393
2026-05-19 15:05:12.538,57250,979.0,0.0,979.0,0.0,3069.393
2026-05-19 15:05:12.538,57500,979.0,0.0,979.0,0.0,3069.393
2026-05-19 15:05:12.539,57750,979.0,0.0,979.0,0.0,3069.393
2026-05-19 15:05:12.649,58000,937.022,6.321979856173,931.324,103.181,3206.9
2026-05-19 15:05:12.650,58250,906.252,1.463962538707,905.957,23.153,3206.9
2026-05-19 15:05:12.650,58500,906.252,1.463962538707,905.957,23.153,3206.9
2026-05-19 15:05:12.761,58750,979.0,0.0,979.0,0.0,3206.9
2026-05-19 15:05:12.761,59000,999.799,4.369904778779,996.892,76.18,3140.187
2026-05-19 15:05:12.762,59250,972.211,-1.45663492626,971.282,-24.348,3162.425
2026-05-19 15:05:12.762,59500,958.634,-4.369904778779,955.847,-73.043,3206.9
2026-05-19 15:05:12.873,59750,1035.586,-5.833867317486,1030.223,-105.261,2968.602
2026-05-19 15:05:12.873,60000,979.0,0.0,979.0,0.0,2968.602
2026-05-19 15:05:12.874,60250,979.0,0.0,979.0,0.0,2968.602
2026-05-19 15:05:12.874,60500,979.0,0.0,979.0,0.0,2968.602
2026-05-19 15:05:12.984,60750,979.0,0.0,979.0,0.0,2968.602
2026-05-19 15:05:12.985,61000,979.0,0.0,979.0,0.0,2968.602
2026-05-19 15:05:12.985,61250,979.0,0.0,979.0,0.0,2968.602
2026-05-19 15:05:12.986,61500,979.0,0.0,979.0,0.0,2968.602
2026-05-19 15:05:13.098,61750,979.0,0.0,979.0,0.0,2968.602
2026-05-19 15:05:13.099,62000,979.0,0.0,979.0,0.0,2968.602
2026-05-19 15:05:13.099,62250,979.0,0.0,979.0,0.0,2968.602
2026-05-19 15:05:13.100,62500,979.0,0.0,979.0,0.0,2968.602
2026-05-19 15:05:13.210,62750,979.0,0.0,979.0,0.0,2968.602
2026-05-19 15:05:13.210,63000,979.0,0.0,979.0,0.0,2968.602
2026-05-19 15:05:13.211,63250,979.0,0.0,979.0,0.0,2736.319
2026-05-19 15:05:13.211,63500,979.0,0.0,979.0,0.0,2736.319
2026-05-19 15:05:13.329,63750,979.0,0.0,979.0,0.0,2736.319
2026-05-19 15:05:13.329,64000,979.0,0.0,979.0,0.0,2736.319
2026-05-19 15:05:13.330,64250,979.0,0.0,979.0,0.0,2736.319
2026-05-19 15:05:13.330,64500,979.0,0.0,979.0,0.0,2736.319
2026-05-19 15:05:13.440,64750,979.0,0.0,979.0,0.0,2736.319
2026-05-19 15:05:13.440,65000,979.0,0.0,979.0,0.0,2736.319
2026-05-19 15:05:13.441,65250,979.0,0.0,979.0,0.0,2736.319
2026-05-19 15:05:13.441,65500,979.0,0.0,979.0,0.0,2736.319
2026-05-19 15:05:13.551,65750,979.0,0.0,979.0,0.0,2736.319
2026-05-19 15:05:13.552,66000,979.0,0.0,979.0,0.0,2736.319
2026-05-19 15:05:13.552,66250,979.0,0.0,979.0,0.0,2736.319
2026-05-19 15:05:13.552,66500,979.0,0.0,979.0,0.0,2736.319
2026-05-19 15:05:13.664,66750,979.0,0.0,979.0,0.0,2736.319
2026-05-19 15:05:13.664,67000,979.0,0.0,979.0,0.0,2736.319
2026-05-19 15:05:13.665,67250,979.0,0.0,979.0,0.0,2492.103
2026-05-19 15:05:13.665,67500,979.0,0.0,979.0,0.0,2492.103
2026-05-19 15:05:13.775,67750,979.0,0.0,979.0,0.0,2492.103
2026-05-19 15:05:13.777,68000,979.0,0.0,979.0,0.0,2492.103
2026-05-19 15:05:13.777,68250,979.0,0.0,979.0,0.0,2492.103
2026-05-19 15:05:13.777,68500,934.294,-5.567750663059,929.886,-90.648,2611.351
2026-05-19 15:05:13.888,68750,934.294,-5.567750663059,929.886,-90.648,2611.351
2026-05-19 15:05:13.889,69000,934.294,-5.567750663059,929.886,-90.648,2611.351
2026-05-19 15:05:13.889,69250,979.0,0.0,979.0,0.0,2611.351
2026-05-19 15:05:13.890,69500,994.615,1.855916887686,993.002,33.177,2571.601
2026-05-19 15:05:14.000,69750,979.0,0.0,979.0,0.0,2611.351
2026-05-19 15:05:14.000,70000,979.0,0.0,979.0,0.0,2611.351
2026-05-19 15:05:14.001,70250,979.0,0.0,979.0,0.0,2611.351
2026-05-19 15:05:14.001,70500,979.0,0.0,979.0,0.0,2611.351
2026-05-19 15:05:14.112,70750,979.0,0.0,979.0,0.0,2611.351
2026-05-19 15:05:14.112,71000,979.0,0.0,979.0,0.0,2611.351
2026-05-19 15:05:14.113,71250,979.0,0.0,979.0,0.0,2611.351
2026-05-19 15:05:14.113,71500,979.0,0.0,979.0,0.0,2611.351
2026-05-19 15:05:14.223,71750,1083.466,-3.368127183258,1081.595,-63.655,2359.568
2026-05-19 15:05:14.224,72000,979.0,0.0,979.0,0.0,2359.568
2026-05-19 15:05:14.226,72250,1037.334,6.023390614508,1031.607,108.852,2226.878
2026-05-19 15:05:14.226,72500,1037.334,6.023390614508,1031.607,108.852,2226.878
2026-05-19 15:05:14.329,72750,1037.334,6.023390614508,1031.607,108.852,2226.878
2026-05-19 15:05:14.329,73000,979.0,0.0,979.0,0.0,2226.878
2026-05-19 15:05:14.329,73250,979.0,0.0,979.0,0.0,2226.878
2026-05-19 15:05:14.330,73500,979.0,0.0,979.0,0.0,2226.878
2026-05-19 15:05:14.440,73750,979.0,0.0,979.0,0.0,2226.878
2026-05-19 15:05:14.440,74000,979.0,0.0,979.0,0.0,2226.878
2026-05-19 15:05:14.441,74250,979.0,0.0,979.0,0.0,2226.878
2026-05-19 15:05:14.441,74500,979.0,0.0,979.0,0.0,2226.878
2026-05-19 15:05:14.551,74750,979.0,0.0,979.0,0.0,2226.878
2026-05-19 15:05:14.551,75000,979.0,0.0,979.0,0.0,2226.878
2026-05-19 15:05:14.552,75250,979.0,0.0,979.0,0.0,2226.878
2026-05-19 15:05:14.552,75500,979.0,0.0,979.0,0.0,2226.878
2026-05-19 15:05:14.662,75750,979.0,0.0,979.0,0.0,2226.878
2026-05-19 15:05:14.663,76000,979.0,0.0,979.0,0.0,2226.878
2026-05-19 15:05:14.663,76250,979.0,0.0,979.0,0.0,2226.878
2026-05-19 15:05:14.663,76500,979.0,0.0,979.0,0.0,2226.878
2026-05-19 15:05:14.664,76750,979.0,0.0,979.0,0.0,2226.878
2026-05-19 15:05:14.775,77000,979.0,0.0,979.0,0.0,2226.878
2026-05-19 15:05:14.775,77250,979.0,0.0,979.0,0.0,2226.878
2026-05-19 15:05:14.776,77500,911.587,2.156950657788,910.654,33.031,2150.208
2026-05-19 15:05:14.776,77750,979.0,0.0,979.0,0.0,1996.867
2026-05-19 15:05:14.886,78000,979.0,0.0,979.0,0.0,1996.867
2026-05-19 15:05:14.887,78250,979.0,0.0,979.0,0.0,1996.867
2026-05-19 15:05:14.887,78500,979.0,0.0,979.0,0.0,1996.867
2026-05-19 15:05:14.888,78750,979.0,0.0,979.0,0.0,1996.867
2026-05-19 15:05:14.888,79000,979.0,0.0,979.0,0.0,1996.867
2026-05-19 15:05:15.000,79250,979.0,0.0,979.0,0.0,1996.867
2026-05-19 15:05:15.000,79500,979.0,0.0,979.0,0.0,1996.867
2026-05-19 15:05:15.001,79750,979.0,0.0,979.0,0.0,1996.867
2026-05-19 15:05:15.001,80000,979.0,0.0,979.0,0.0,1996.867
2026-05-19 15:05:15.001,80250,979.0,0.0,979.0,0.0,1996.867
2026-05-19 15:05:15.111,80500,979.0,0.0,979.0,0.0,1996.867
2026-05-19 15:05:15.112,80750,979.0,0.0,979.0,0.0,1996.867
2026-05-19 15:05:15.112,81000,979.0,0.0,979.0,0.0,1996.867
2026-05-19 15:05:15.112,81250,979.0,0.0,979.0,0.0,1996.867
2026-05-19 15:05:15.113,81500,979.0,0.0,979.0,0.0,1996.867
2026-05-19 15:05:15.224,81750,943.374,-4.450533135611,939.19,-71.732,1960.533
2026-05-19 15:05:15.224,82000,979.0,0.0,979.0,0.0,1887.867
2026-05-19 15:05:15.225,82250,979.0,0.0,979.0,0.0,1887.867
2026-05-19 15:05:15.225,82500,979.0,0.0,979.0,0.0,1887.867
2026-05-19 15:05:15.226,82750,979.0,0.0,979.0,0.0,1887.867
2026-05-19 15:05:15.330,83000,979.0,0.0,979.0,0.0,1887.867
2026-05-19 15:05:15.330,83250,979.0,0.0,979.0,0.0,1662.085
2026-05-19 15:05:15.331,83500,979.0,0.0,979.0,0.0,1662.085
2026-05-19 15:05:15.331,83750,979.0,0.0,979.0,0.0,1662.085
2026-05-19 15:05:15.332,84000,979.0,0.0,979.0,0.0,1662.085
2026-05-19 15:05:15.441,84250,979.0,0.0,979.0,0.0,1662.085
2026-05-19 15:05:15.442,84500,979.0,0.0,979.0,0.0,1662.085
2026-05-19 15:05:15.442,84750,979.0,0.0,979.0,0.0,1662.085
2026-05-19 15:05:15.442,85000,979.0,0.0,979.0,0.0,1662.085
2026-05-19 15:05:15.552,85250,979.0,0.0,979.0,0.0,1662.085
2026-05-19 15:05:15.553,85500,979.0,0.0,979.0,0.0,1662.085
2026-05-19 15:05:15.553,85750,979.0,0.0,979.0,0.0,1662.085
2026-05-19 15:05:15.553,86000,979.0,0.0,979.0,0.0,1662.085
2026-05-19 15:05:15.554,86250,979.0,0.0,979.0,0.0,1662.085
2026-05-19 15:05:15.664,86500,979.0,0.0,979.0,0.0,1662.085
2026-05-19 15:05:15.665,86750,979.0,0.0,979.0,0.0,1662.085
2026-05-19 15:05:15.665,87000,979.0,0.0,979.0,0.0,1662.085
2026-05-19 15:05:15.665,87250,979.0,0.0,979.0,0.0,1662.085
2026-05-19 15:05:15.666,87500,979.0,0.0,979.0,0.0,1662.085
2026-05-19 15:05:15.775,87750,979.0,0.0,979.0,0.0,1662.085
2026-05-19 15:05:15.776,88000,979.0,0.0,979.0,0.0,1662.085
2026-05-19 15:05:15.776,88250,979.0,0.0,979.0,0.0,1662.085
2026-05-19 15:05:15.776,88500,979.0,0.0,979.0,0.0,1662.085
2026-05-19 15:05:15.777,88750,979.0,0.0,979.0,0.0,1662.085
2026-05-19 15:05:15.887,89000,979.0,0.0,979.0,0.0,1662.085
2026-05-19 15:05:15.888,89250,979.0,0.0,979.0,0.0,1436.336
2026-05-19 15:05:15.888,89500,979.0,0.0,979.0,0.0,1436.336
2026-05-19 15:05:15.889,89750,979.0,0.0,979.0,0.0,1436.336
2026-05-19 15:05:15.889,90000,979.0,0.0,979.0,0.0,1436.336
2026-05-19 15:05:16.001,90250,902.84,-9.90199356769,889.391,-155.255,1436.336
2026-05-19 15:05:16.002,90500,979.0,0.0,979.0,0.0,1324.598
2026-05-19 15:05:16.002,90750,979.0,0.0,979.0,0.0,1324.598
2026-05-19 15:05:16.003,91000,979.0,0.0,979.0,0.0,1324.598
2026-05-19 15:05:16.003,91250,979.0,0.0,979.0,0.0,1324.598
2026-05-19 15:05:16.114,91500,979.0,0.0,979.0,0.0,1324.598
2026-05-19 15:05:16.114,91750,979.0,0.0,979.0,0.0,1324.598
2026-05-19 15:05:16.115,92000,979.0,0.0,979.0,0.0,1324.598
2026-05-19 15:05:16.115,92250,979.0,0.0,979.0,0.0,1324.598
2026-05-19 15:05:16.116,92500,979.0,0.0,979.0,0.0,1324.598
2026-05-19 15:05:16.226,92750,979.0,0.0,979.0,0.0,1324.598
2026-05-19 15:05:16.226,93000,979.0,0.0,979.0,0.0,1324.598
2026-05-19 15:05:16.227,93250,979.0,0.0,979.0,0.0,1324.598
2026-05-19 15:05:16.227,93500,979.0,0.0,979.0,0.0,1324.598
2026-05-19 15:05:16.228,93750,979.0,0.0,979.0,0.0,1324.598
2026-05-19 15:05:16.330,94000,979.0,0.0,979.0,0.0,1324.598
2026-05-19 15:05:16.331,94250,979.0,0.0,979.0,0.0,1324.598
2026-05-19 15:05:16.331,94500,979.0,0.0,979.0,0.0,1324.598
2026-05-19 15:05:16.332,94750,979.0,0.0,979.0,0.0,1324.598
2026-05-19 15:05:16.442,95000,979.0,0.0,979.0,0.0,1324.598
2026-05-19 15:05:16.443,95250,1056.457,-1.687472855447,1054.882,-35.631,1239.901
2026-05-19 15:05:16.443,95500,979.0,0.0,979.0,0.0,1070.507
2026-05-19 15:05:16.443,95750,979.0,0.0,979.0,0.0,1070.507
2026-05-19 15:05:16.444,96000,979.0,0.0,979.0,0.0,1070.507
2026-05-19 15:05:16.556,96250,979.0,0.0,979.0,0.0,1070.507
2026-05-19 15:05:16.556,96500,979.0,0.0,979.0,0.0,1070.507
2026-05-19 15:05:16.557,96750,979.0,0.0,979.0,0.0,1070.507
2026-05-19 15:05:16.557,97000,979.0,0.0,979.0,0.0,1070.507
2026-05-19 15:05:16.557,97250,979.0,0.0,979.0,0.0,1070.507
2026-05-19 15:05:16.665,97500,979.0,0.0,979.0,0.0,1070.507
2026-05-19 15:05:16.666,97750,979.0,0.0,979.0,0.0,1070.507
2026-05-19 15:05:16.666,98000,979.0,0.0,979.0,0.0,1070.507
2026-05-19 15:05:16.667,98250,979.0,0.0,979.0,0.0,1070.507
2026-05-19 15:05:16.667,98500,979.0,0.0,979.0,0.0,1070.507
2026-05-19 15:05:16.776,98750,979.0,0.0,979.0,0.0,1070.507
2026-05-19 15:05:16.776,99000,979.0,0.0,979.0,0.0,1070.507
2026-05-19 15:05:16.776,99250,979.0,0.0,979.0,0.0,1070.507
2026-05-19 15:05:16.777,99500,979.0,0.0,979.0,0.0,1070.507
2026-05-19 15:05:16.887,99750,979.0,0.0,979.0,0.0,1070.507
2026-05-19 15:05:16.888,100000,979.0,0.0,979.0,0.0,1070.507
2026-05-19 15:05:17.439,10000,979.0,0.0,979.0,0.0,9286.314
2026-05-19 15:05:17.551,10250,979.0,0.0,979.0,0.0,9286.314
2026-05-19 15:05:17.661,10500,979.0,0.0,979.0,0.0,9286.314
2026-05-19 15:05:17.883,10750,977.208,0.390247161536,977.118,6.618,9303.438
2026-05-19 15:05:17.995,11000,979.0,0.0,979.0,0.0,9354.811
2026-05-19 15:05:18.108,11250,965.979,-0.222897950282,965.964,-3.707,9230.388
2026-05-19 15:05:18.219,11500,975.135,0.739954083829,974.973,12.542,9142.202
2026-05-19 15:05:18.331,11750,979.0,0.0,979.0,0.0,9178.44
2026-05-19 15:05:18.553,12000,979.0,0.0,979.0,0.0,9178.44
2026-05-19 15:05:18.666,12250,979.0,0.0,979.0,0.0,9178.44
2026-05-19 15:05:18.778,12500,979.0,0.0,979.0,0.0,9258.26
2026-05-19 15:05:18.891,12750,954.385,-0.517751315924,954.346,-8.624,9258.26
2026-05-19 15:05:19.003,13000,979.0,0.0,979.0,0.0,9025.481
2026-05-19 15:05:19.114,13250,981.31,-0.359504595466,981.232,-6.2,9089.363
2026-05-19 15:05:19.229,13500,979.0,0.0,979.0,0.0,9110.657
2026-05-19 15:05:19.345,13750,979.0,0.0,979.0,0.0,9110.657
2026-05-19 15:05:19.457,14000,979.0,0.0,979.0,0.0,8971.41
2026-05-19 15:05:19.568,14250,979.0,0.0,979.0,0.0,8971.41
2026-05-19 15:05:19.681,14500,979.0,0.0,979.0,0.0,8971.41
2026-05-19 15:05:19.793,14750,984.862,-0.762039920014,984.686,-13.175,9025.124
2026-05-19 15:05:19.904,15000,975.215,-0.104458012313,975.209,-1.757,8973.545
2026-05-19 15:05:20.017,15250,979.0,0.0,979.0,0.0,8938.448
2026-05-19 15:05:20.018,15500,979.0,0.0,979.0,0.0,8938.448
2026-05-19 15:05:20.128,15750,979.0,0.0,979.0,0.0,9052.108
2026-05-19 15:05:20.244,16000,979.0,0.0,979.0,0.0,8828.731
2026-05-19 15:05:20.360,16250,979.0,0.0,979.0,0.0,8828.731
2026-05-19 15:05:20.471,16500,979.0,0.0,979.0,0.0,8828.731
2026-05-19 15:05:20.582,16750,985.074,0.194660109708,985.051,3.409,8866.449
2026-05-19 15:05:20.694,17000,979.0,0.0,979.0,0.0,8704.426
2026-05-19 15:05:20.694,17250,964.965,-2.0125165929,964.307,-33.956,8737.438
2026-05-19 15:05:20.804,17500,979.0,0.0,979.0,0.0,8836.474
2026-05-19 15:05:20.916,17750,979.0,0.0,979.0,0.0,8611.81
2026-05-19 15:05:21.027,18000,979.0,0.0,979.0,0.0,8611.81
2026-05-19 15:05:21.141,18250,992.536,2.075143690706,991.825,35.855,8494.829
2026-05-19 15:05:21.142,18500,979.0,0.0,979.0,0.0,8531.103
2026-05-19 15:05:21.248,18750,979.0,0.0,979.0,0.0,8531.103
2026-05-19 15:05:21.361,19000,979.0,0.0,979.0,0.0,8531.103
2026-05-19 15:05:21.361,19250,979.0,0.0,979.0,0.0,8318.223
2026-05-19 15:05:21.472,19500,966.88,-0.54433356669,966.793,-9.07,8360.678
2026-05-19 15:05:21.585,19750,960.819,-0.816500350035,960.69,-13.605,8413.081
2026-05-19 15:05:21.696,20000,979.0,0.0,979.0,0.0,8255.872
2026-05-19 15:05:21.696,20250,979.0,0.0,979.0,0.0,8255.872
2026-05-19 15:05:21.807,20500,979.0,0.0,979.0,0.0,8055.627
2026-05-19 15:05:21.920,20750,979.0,0.0,979.0,0.0,8210.115
2026-05-19 15:05:21.921,21000,959.182,-1.005522859644,959.034,-16.832,8210.115
2026-05-19 15:05:22.032,21250,979.0,0.0,979.0,0.0,8043.919
2026-05-19 15:05:22.143,21500,979.0,0.0,979.0,0.0,8043.919
2026-05-19 15:05:22.143,21750,973.301,-0.301081890388,973.248,-5.024,7903.446
2026-05-19 15:05:22.248,22000,989.839,-0.672420459427,989.701,-11.743,7943.609
2026-05-19 15:05:22.360,22250,979.0,0.0,979.0,0.0,8030.595
2026-05-19 15:05:22.361,22500,979.0,0.0,979.0,0.0,7842.522
2026-05-19 15:05:22.470,22750,979.0,0.0,979.0,0.0,7842.522
2026-05-19 15:05:22.582,23000,979.0,0.0,979.0,0.0,7658.862
2026-05-19 15:05:22.583,23250,979.0,0.0,979.0,0.0,7658.862
2026-05-19 15:05:22.694,23500,979.0,0.0,979.0,0.0,7658.862
2026-05-19 15:05:22.694,23750,979.0,0.0,979.0,0.0,7498.755
2026-05-19 15:05:22.805,24000,979.0,0.0,979.0,0.0,7683.264
2026-05-19 15:05:22.918,24250,979.0,0.0,979.0,0.0,7515.704
2026-05-19 15:05:22.918,24500,979.0,0.0,979.0,0.0,7515.704
2026-05-19 15:05:23.029,24750,979.0,0.0,979.0,0.0,7515.704
2026-05-19 15:05:23.029,25000,979.0,0.0,979.0,0.0,7360.845
2026-05-19 15:05:23.140,25250,979.0,0.0,979.0,0.0,7360.845
2026-05-19 15:05:23.248,25500,979.0,0.0,979.0,0.0,7206.363
2026-05-19 15:05:23.249,25750,979.0,0.0,979.0,0.0,7206.363
2026-05-19 15:05:23.360,26000,979.0,0.0,979.0,0.0,7206.363
2026-05-19 15:05:23.360,26250,979.0,0.0,979.0,0.0,7078.333
2026-05-19 15:05:23.470,26500,988.959,0.848581490084,988.74,14.792,7007.763
2026-05-19 15:05:23.471,26750,979.0,0.0,979.0,0.0,6937.194
2026-05-19 15:05:23.582,27000,979.0,0.0,979.0,0.0,6937.194
2026-05-19 15:05:23.582,27250,998.093,1.73734201155,997.634,30.26,6804.488
2026-05-19 15:05:23.692,27500,979.0,0.0,979.0,0.0,6804.488
2026-05-19 15:05:23.804,27750,979.0,0.0,979.0,0.0,6804.488
2026-05-19 15:05:23.804,28000,979.0,0.0,979.0,0.0,6670.342
2026-05-19 15:05:23.915,28250,979.0,0.0,979.0,0.0,6670.342
2026-05-19 15:05:23.916,28500,974.844,-0.445985149475,974.728,-7.49,6585.398
2026-05-19 15:05:24.028,28750,979.0,0.0,979.0,0.0,6557.083
2026-05-19 15:05:24.029,29000,979.0,0.0,979.0,0.0,6557.083
2026-05-19 15:05:24.138,29250,979.0,0.0,979.0,0.0,6439.888
2026-05-19 15:05:24.139,29500,979.0,0.0,979.0,0.0,6439.888
2026-05-19 15:05:24.250,29750,979.0,0.0,979.0,0.0,6329.513
2026-05-19 15:05:24.250,30000,979.0,0.0,979.0,0.0,6329.513
2026-05-19 15:05:24.361,30250,979.0,0.0,979.0,0.0,6329.513
2026-05-19 15:05:24.362,30500,979.0,0.0,979.0,0.0,6231.235
2026-05-19 15:05:24.473,30750,979.0,0.0,979.0,0.0,6231.235
2026-05-19 15:05:24.473,31000,979.0,0.0,979.0,0.0,6231.235
2026-05-19 15:05:24.474,31250,979.0,0.0,979.0,0.0,6132.743
2026-05-19 15:05:24.584,31500,979.0,0.0,979.0,0.0,6132.743
2026-05-19 15:05:24.585,31750,979.0,0.0,979.0,0.0,6055.123
2026-05-19 15:05:24.697,32000,979.0,0.0,979.0,0.0,5819.217
2026-05-19 15:05:24.697,32250,979.0,0.0,979.0,0.0,5819.217
2026-05-19 15:05:24.808,32500,979.0,0.0,979.0,0.0,5745.191
2026-05-19 15:05:24.808,32750,979.0,0.0,979.0,0.0,5745.191
2026-05-19 15:05:24.919,33000,979.0,0.0,979.0,0.0,5745.191
2026-05-19 15:05:24.920,33250,979.0,0.0,979.0,0.0,5682.385
2026-05-19 15:05:25.033,33500,979.0,0.0,979.0,0.0,5682.385
2026-05-19 15:05:25.034,33750,970.058,-2.653204997906,969.019,-44.905,5682.385
2026-05-19 15:05:25.034,34000,979.0,0.0,979.0,0.0,5630.485
2026-05-19 15:05:25.148,34250,979.0,0.0,979.0,0.0,5379.444
2026-05-19 15:05:25.149,34500,973.482,-2.051491333147,972.652,-34.777,5369.338
2026-05-19 15:05:25.265,34750,979.0,0.0,979.0,0.0,5339.018
2026-05-19 15:05:25.266,35000,979.0,0.0,979.0,0.0,5339.018
2026-05-19 15:05:25.380,35250,979.0,0.0,979.0,0.0,5339.018
2026-05-19 15:05:25.381,35500,979.0,0.0,979.0,0.0,5311.955
2026-05-19 15:05:25.381,35750,979.0,0.0,979.0,0.0,5069.911
2026-05-19 15:05:25.491,36000,979.0,0.0,979.0,0.0,5069.911
2026-05-19 15:05:25.492,36250,979.0,0.0,979.0,0.0,5053.16
2026-05-19 15:05:25.601,36500,979.0,0.0,979.0,0.0,5053.16
2026-05-19 15:05:25.601,36750,978.926,-3.377106124055,976.66,-57.639,5053.032
2026-05-19 15:05:25.712,37000,979.0,0.0,979.0,0.0,5052.649
2026-05-19 15:05:25.712,37250,979.0,0.0,979.0,0.0,4801.84
2026-05-19 15:05:25.713,37500,979.0,0.0,979.0,0.0,4801.84
2026-05-19 15:05:25.822,37750,979.0,0.0,979.0,0.0,4819.526
2026-05-19 15:05:25.823,38000,979.0,0.0,979.0,0.0,4819.526
2026-05-19 15:05:25.823,38250,979.0,0.0,979.0,0.0,4819.526
2026-05-19 15:05:25.933,38500,979.0,0.0,979.0,0.0,4819.526
2026-05-19 15:05:25.934,38750,979.0,0.0,979.0,0.0,4591.487
2026-05-19 15:05:26.044,39000,979.0,0.0,979.0,0.0,4591.487
2026-05-19 15:05:26.045,39250,979.0,0.0,979.0,0.0,4591.487
2026-05-19 15:05:26.045,39500,979.0,0.0,979.0,0.0,4591.487
2026-05-19 15:05:26.163,39750,979.0,0.0,979.0,0.0,4637.368
2026-05-19 15:05:26.163,40000,979.0,0.0,979.0,0.0,4380.519
2026-05-19 15:05:26.164,40250,979.0,0.0,979.0,0.0,4380.519
2026-05-19 15:05:26.280,40500,979.0,0.0,979.0,0.0,4380.519
2026-05-19 15:05:26.280,40750,982.851,-0.863891003622,982.399,-14.984,4432.21
2026-05-19 15:05:26.393,41000,979.0,0.0,979.0,0.0,4449.44
2026-05-19 15:05:26.393,41250,979.0,0.0,979.0,0.0,4262.566
2026-05-19 15:05:26.394,41500,979.0,0.0,979.0,0.0,4262.566
2026-05-19 15:05:26.504,41750,960.683,3.218750224387,959.168,53.941,4343.838
2026-05-19 15:05:26.504,42000,979.0,0.0,979.0,0.0,4343.838
2026-05-19 15:05:26.616,42250,938.075,-0.936439634933,937.91,-15.108,4283.309
2026-05-19 15:05:26.616,42500,979.0,0.0,979.0,0.0,4101.722
2026-05-19 15:05:26.617,42750,979.0,0.0,979.0,0.0,4101.722
2026-05-19 15:05:26.726,43000,979.0,0.0,979.0,0.0,4101.722
2026-05-19 15:05:26.726,43250,979.0,0.0,979.0,0.0,4198.29
2026-05-19 15:05:26.727,43500,979.0,0.0,979.0,0.0,4198.29
2026-05-19 15:05:26.838,43750,979.0,0.0,979.0,0.0,3960.624
2026-05-19 15:05:26.839,44000,979.0,0.0,979.0,0.0,3960.624
2026-05-19 15:05:26.839,44250,979.0,0.0,979.0,0.0,3960.624
2026-05-19 15:05:26.949,44500,979.0,0.0,979.0,0.0,3960.624
2026-05-19 15:05:26.950,44750,979.0,0.0,979.0,0.0,3861.35
2026-05-19 15:05:26.950,45000,979.0,0.0,979.0,0.0,3861.35
2026-05-19 15:05:27.060,45250,979.0,0.0,979.0,0.0,3861.35
2026-05-19 15:05:27.061,45500,979.0,0.0,979.0,0.0,3861.35
2026-05-19 15:05:27.061,45750,979.0,0.0,979.0,0.0,3861.35
2026-05-19 15:05:27.171,46000,979.0,0.0,979.0,0.0,3655.855
2026-05-19 15:05:27.171,46250,979.0,0.0,979.0,0.0,3823.201
2026-05-19 15:05:27.172,46500,979.0,0.0,979.0,0.0,3823.201
2026-05-19 15:05:27.281,46750,979.0,0.0,979.0,0.0,3823.201
2026-05-19 15:05:27.282,47000,979.0,0.0,979.0,0.0,3823.201
2026-05-19 15:05:27.282,47250,979.0,0.0,979.0,0.0,3625.638
2026-05-19 15:05:27.393,47500,979.0,0.0,979.0,0.0,3625.638
2026-05-19 15:05:27.394,47750,979.0,0.0,979.0,0.0,3625.638
2026-05-19 15:05:27.394,48000,979.0,0.0,979.0,0.0,3625.638
2026-05-19 15:05:27.504,48250,967.914,0.768095538716,967.579,12.524,3668.64
2026-05-19 15:05:27.505,48500,979.0,0.0,979.0,0.0,3618.973
2026-05-19 15:05:27.505,48750,979.0,0.0,979.0,0.0,3618.973
2026-05-19 15:05:27.615,49000,979.0,0.0,979.0,0.0,3618.973
2026-05-19 15:05:27.615,49250,930.053,-3.100736592919,928.692,-50.308,3618.973
2026-05-19 15:05:27.616,49500,979.0,0.0,979.0,0.0,3438.037
2026-05-19 15:05:27.727,49750,979.0,0.0,979.0,0.0,3438.037
2026-05-19 15:05:27.727,50000,979.0,0.0,979.0,0.0,3438.037
2026-05-19 15:05:27.728,50250,979.0,0.0,979.0,0.0,3438.037
2026-05-19 15:05:27.838,50500,979.0,0.0,979.0,0.0,3438.037
2026-05-19 15:05:27.838,50750,953.672,1.303816380587,953.191,21.118,3531.837
2026-05-19 15:05:27.839,51000,979.0,0.0,979.0,0.0,3448.719
2026-05-19 15:05:27.947,51250,979.0,0.0,979.0,0.0,3448.719
2026-05-19 15:05:27.948,51500,979.0,0.0,979.0,0.0,3448.719
2026-05-19 15:05:27.949,51750,979.0,0.0,979.0,0.0,3448.719
2026-05-19 15:05:27.949,52000,979.0,0.0,979.0,0.0,3448.719
2026-05-19 15:05:28.058,52250,979.0,0.0,979.0,0.0,3304.868
2026-05-19 15:05:28.058,52500,979.0,0.0,979.0,0.0,3304.868
2026-05-19 15:05:28.059,52750,979.0,0.0,979.0,0.0,3304.868
2026-05-19 15:05:28.167,53000,979.0,0.0,979.0,0.0,3304.868
2026-05-19 15:05:28.168,53250,979.0,0.0,979.0,0.0,3304.868
2026-05-19 15:05:28.168,53500,979.0,0.0,979.0,0.0,3304.868
2026-05-19 15:05:28.277,53750,979.0,0.0,979.0,0.0,3181.295
2026-05-19 15:05:28.278,54000,979.0,0.0,979.0,0.0,3181.295
2026-05-19 15:05:28.278,54250,979.0,0.0,979.0,0.0,3181.295
2026-05-19 15:05:28.278,54500,979.0,0.0,979.0,0.0,3181.295
2026-05-19 15:05:28.392,54750,979.0,0.0,979.0,0.0,3181.295
2026-05-19 15:05:28.393,55000,979.0,0.0,979.0,0.0,3181.295
2026-05-19 15:05:28.393,55250,979.0,0.0,979.0,0.0,3181.295
2026-05-19 15:05:28.504,55500,961.782,-2.101132916185,960.512,-34.608,3125.344
2026-05-19 15:05:28.505,55750,979.0,0.0,979.0,0.0,3069.393
2026-05-19 15:05:28.505,56000,979.0,0.0,979.0,0.0,3069.393
2026-05-19 15:05:28.506,56250,979.0,0.0,979.0,0.0,3069.393
2026-05-19 15:05:28.615,56500,979.0,0.0,979.0,0.0,3069.393
2026-05-19 15:05:28.615,56750,979.0,0.0,979.0,0.0,3069.393
2026-05-19 15:05:28.616,57000,979.0,0.0,979.0,0.0,3069.393
2026-05-19 15:05:28.726,57250,979.0,0.0,979.0,0.0,3069.393
2026-05-19 15:05:28.726,57500,979.0,0.0,979.0,0.0,3069.393
2026-05-19 15:05:28.727,57750,979.0,0.0,979.0,0.0,3069.393
2026-05-19 15:05:28.837,58000,937.022,6.321979856173,931.324,103.181,3206.9
2026-05-19 15:05:28.838,58250,906.252,1.463962538707,905.957,23.153,3206.9
2026-05-19 15:05:28.838,58500,906.252,1.463962538707,905.957,23.153,3206.9
2026-05-19 15:05:28.838,58750,984.2,1.092476194695,983.473,19.045,3190.222
2026-05-19 15:05:28.948,59000,999.799,4.369904778779,996.892,76.18,3140.187
2026-05-19 15:05:28.948,59250,973.908,-1.092476194695,973.212,-18.261,3156.865
2026-05-19 15:05:28.949,59500,958.634,-4.369904778779,955.847,-73.043,3206.9
2026-05-19 15:05:29.060,59750,1035.586,-5.833867317486,1030.223,-105.261,2968.602
2026-05-19 15:05:29.060,60000,979.0,0.0,979.0,0.0,2968.602
2026-05-19 15:05:29.061,60250,979.0,0.0,979.0,0.0,2968.602
2026-05-19 15:05:29.061,60500,979.0,0.0,979.0,0.0,2968.602
2026-05-19 15:05:29.171,60750,979.0,0.0,979.0,0.0,2968.602
2026-05-19 15:05:29.172,61000,979.0,0.0,979.0,0.0,2968.602
2026-05-19 15:05:29.172,61250,979.0,0.0,979.0,0.0,2968.602
2026-05-19 15:05:29.173,61500,979.0,0.0,979.0,0.0,2968.602
2026-05-19 15:05:29.279,61750,979.0,0.0,979.0,0.0,2968.602
2026-05-19 15:05:29.280,62000,979.0,0.0,979.0,0.0,2968.602
2026-05-19 15:05:29.280,62250,979.0,0.0,979.0,0.0,2968.602
2026-05-19 15:05:29.281,62500,979.0,0.0,979.0,0.0,2968.602
2026-05-19 15:05:29.395,62750,979.0,0.0,979.0,0.0,2968.602
2026-05-19 15:05:29.395,63000,979.0,0.0,979.0,0.0,2968.602
2026-05-19 15:05:29.396,63250,979.0,0.0,979.0,0.0,2736.319
2026-05-19 15:05:29.396,63500,979.0,0.0,979.0,0.0,2736.319
2026-05-19 15:05:29.507,63750,979.0,0.0,979.0,0.0,2736.319
2026-05-19 15:05:29.508,64000,979.0,0.0,979.0,0.0,2736.319
2026-05-19 15:05:29.508,64250,979.0,0.0,979.0,0.0,2736.319
2026-05-19 15:05:29.509,64500,979.0,0.0,979.0,0.0,2736.319
2026-05-19 15:05:29.618,64750,979.0,0.0,979.0,0.0,2736.319
2026-05-19 15:05:29.619,65000,979.0,0.0,979.0,0.0,2736.319
2026-05-19 15:05:29.619,65250,979.0,0.0,979.0,0.0,2736.319
2026-05-19 15:05:29.620,65500,979.0,0.0,979.0,0.0,2736.319
2026-05-19 15:05:29.729,65750,979.0,0.0,979.0,0.0,2736.319
2026-05-19 15:05:29.729,66000,979.0,0.0,979.0,0.0,2736.319
2026-05-19 15:05:29.730,66250,979.0,0.0,979.0,0.0,2736.319
2026-05-19 15:05:29.730,66500,979.0,0.0,979.0,0.0,2736.319
2026-05-19 15:05:29.840,66750,979.0,0.0,979.0,0.0,2736.319
2026-05-19 15:05:29.840,67000,979.0,0.0,979.0,0.0,2736.319
2026-05-19 15:05:29.841,67250,979.0,0.0,979.0,0.0,2492.103
2026-05-19 15:05:29.841,67500,979.0,0.0,979.0,0.0,2492.103
2026-05-19 15:05:29.952,67750,979.0,0.0,979.0,0.0,2492.103
2026-05-19 15:05:29.952,68000,979.0,0.0,979.0,0.0,2492.103
2026-05-19 15:05:29.953,68250,979.0,0.0,979.0,0.0,2492.103
2026-05-19 15:05:29.953,68500,945.47,-4.175812997294,942.164,-67.986,2581.539
2026-05-19 15:05:30.063,68750,934.294,-5.567750663059,929.886,-90.648,2611.351
2026-05-19 15:05:30.064,69000,934.294,-5.567750663059,929.886,-90.648,2611.351
2026-05-19 15:05:30.064,69250,979.0,0.0,979.0,0.0,2611.351
2026-05-19 15:05:30.065,69500,990.711,1.391937665765,989.501,24.883,2581.539
2026-05-19 15:05:30.178,69750,979.0,0.0,979.0,0.0,2611.351
2026-05-19 15:05:30.179,70000,979.0,0.0,979.0,0.0,2611.351
2026-05-19 15:05:30.179,70250,979.0,0.0,979.0,0.0,2611.351
2026-05-19 15:05:30.179,70500,979.0,0.0,979.0,0.0,2611.351
2026-05-19 15:05:30.282,70750,979.0,0.0,979.0,0.0,2611.351
2026-05-19 15:05:30.283,71000,979.0,0.0,979.0,0.0,2611.351
2026-05-19 15:05:30.283,71250,979.0,0.0,979.0,0.0,2611.351
2026-05-19 15:05:30.391,71500,979.0,0.0,979.0,0.0,2611.351
2026-05-19 15:05:30.391,71750,1083.466,-3.368127183258,1081.595,-63.655,2359.568
2026-05-19 15:05:30.392,72000,979.0,0.0,979.0,0.0,2359.568
2026-05-19 15:05:30.392,72250,1037.334,6.023390614508,1031.607,108.852,2226.878
2026-05-19 15:05:30.503,72500,1037.334,6.023390614508,1031.607,108.852,2226.878
2026-05-19 15:05:30.503,72750,1037.334,6.023390614508,1031.607,108.852,2226.878
2026-05-19 15:05:30.504,73000,979.0,0.0,979.0,0.0,2226.878
2026-05-19 15:05:30.504,73250,979.0,0.0,979.0,0.0,2226.878
2026-05-19 15:05:30.613,73500,979.0,0.0,979.0,0.0,2226.878
2026-05-19 15:05:30.614,73750,979.0,0.0,979.0,0.0,2226.878
2026-05-19 15:05:30.614,74000,979.0,0.0,979.0,0.0,2226.878
2026-05-19 15:05:30.615,74250,979.0,0.0,979.0,0.0,2226.878
2026-05-19 15:05:30.723,74500,979.0,0.0,979.0,0.0,2226.878
2026-05-19 15:05:30.724,74750,979.0,0.0,979.0,0.0,2226.878
2026-05-19 15:05:30.724,75000,979.0,0.0,979.0,0.0,2226.878
2026-05-19 15:05:30.725,75250,979.0,0.0,979.0,0.0,2226.878
2026-05-19 15:05:30.836,75500,979.0,0.0,979.0,0.0,2226.878
2026-05-19 15:05:30.837,75750,979.0,0.0,979.0,0.0,2226.878
2026-05-19 15:05:30.837,76000,979.0,0.0,979.0,0.0,2226.878
2026-05-19 15:05:30.837,76250,979.0,0.0,979.0,0.0,2226.878
2026-05-19 15:05:30.838,76500,979.0,0.0,979.0,0.0,2226.878
2026-05-19 15:05:30.950,76750,979.0,0.0,979.0,0.0,2226.878
2026-05-19 15:05:30.951,77000,979.0,0.0,979.0,0.0,2226.878
2026-05-19 15:05:30.951,77250,979.0,0.0,979.0,0.0,2226.878
2026-05-19 15:05:30.952,77500,903.16,2.426569490012,902.111,37.16,2169.375
2026-05-19 15:05:30.952,77750,979.0,0.0,979.0,0.0,1996.867
2026-05-19 15:05:31.065,78000,979.0,0.0,979.0,0.0,1996.867
2026-05-19 15:05:31.065,78250,979.0,0.0,979.0,0.0,1996.867
2026-05-19 15:05:31.066,78500,979.0,0.0,979.0,0.0,1996.867
2026-05-19 15:05:31.066,78750,979.0,0.0,979.0,0.0,1996.867
2026-05-19 15:05:31.066,79000,979.0,0.0,979.0,0.0,1996.867
2026-05-19 15:05:31.176,79250,979.0,0.0,979.0,0.0,1996.867
2026-05-19 15:05:31.177,79500,979.0,0.0,979.0,0.0,1996.867
2026-05-19 15:05:31.177,79750,979.0,0.0,979.0,0.0,1996.867
2026-05-19 15:05:31.178,80000,979.0,0.0,979.0,0.0,1996.867
2026-05-19 15:05:31.178,80250,979.0,0.0,979.0,0.0,1996.867
2026-05-19 15:05:31.281,80500,979.0,0.0,979.0,0.0,1996.867
2026-05-19 15:05:31.282,80750,979.0,0.0,979.0,0.0,1996.867
2026-05-19 15:05:31.282,81000,979.0,0.0,979.0,0.0,1996.867
2026-05-19 15:05:31.283,81250,979.0,0.0,979.0,0.0,1996.867
2026-05-19 15:05:31.283,81500,979.0,0.0,979.0,0.0,1996.867
2026-05-19 15:05:31.393,81750,938.92,-5.006849777562,934.214,-80.698,1969.617
2026-05-19 15:05:31.393,82000,979.0,0.0,979.0,0.0,1887.867
2026-05-19 15:05:31.393,82250,979.0,0.0,979.0,0.0,1887.867
2026-05-19 15:05:31.394,82500,979.0,0.0,979.0,0.0,1887.867
2026-05-19 15:05:31.504,82750,979.0,0.0,979.0,0.0,1887.867
2026-05-19 15:05:31.504,83000,979.0,0.0,979.0,0.0,1887.867
2026-05-19 15:05:31.505,83250,979.0,0.0,979.0,0.0,1662.085
2026-05-19 15:05:31.505,83500,979.0,0.0,979.0,0.0,1662.085
2026-05-19 15:05:31.505,83750,979.0,0.0,979.0,0.0,1662.085
2026-05-19 15:05:31.614,84000,979.0,0.0,979.0,0.0,1662.085
2026-05-19 15:05:31.615,84250,979.0,0.0,979.0,0.0,1662.085
2026-05-19 15:05:31.615,84500,979.0,0.0,979.0,0.0,1662.085
2026-05-19 15:05:31.615,84750,979.0,0.0,979.0,0.0,1662.085
2026-05-19 15:05:31.616,85000,979.0,0.0,979.0,0.0,1662.085
2026-05-19 15:05:31.725,85250,979.0,0.0,979.0,0.0,1662.085
2026-05-19 15:05:31.726,85500,979.0,0.0,979.0,0.0,1662.085
2026-05-19 15:05:31.726,85750,979.0,0.0,979.0,0.0,1662.085
2026-05-19 15:05:31.726,86000,979.0,0.0,979.0,0.0,1662.085
2026-05-19 15:05:31.727,86250,979.0,0.0,979.0,0.0,1662.085
2026-05-19 15:05:31.836,86500,979.0,0.0,979.0,0.0,1662.085
2026-05-19 15:05:31.837,86750,979.0,0.0,979.0,0.0,1662.085
2026-05-19 15:05:31.837,87000,979.0,0.0,979.0,0.0,1662.085
2026-05-19 15:05:31.838,87250,979.0,0.0,979.0,0.0,1662.085
2026-05-19 15:05:31.838,87500,979.0,0.0,979.0,0.0,1662.085
2026-05-19 15:05:31.947,87750,979.0,0.0,979.0,0.0,1662.085
2026-05-19 15:05:31.948,88000,979.0,0.0,979.0,0.0,1662.085
2026-05-19 15:05:31.948,88250,979.0,0.0,979.0,0.0,1662.085
2026-05-19 15:05:31.949,88500,979.0,0.0,979.0,0.0,1662.085
2026-05-19 15:05:32.059,88750,979.0,0.0,979.0,0.0,1662.085
2026-05-19 15:05:32.060,89000,979.0,0.0,979.0,0.0,1662.085
2026-05-19 15:05:32.060,89250,979.0,0.0,979.0,0.0,1436.336
2026-05-19 15:05:32.060,89500,979.0,0.0,979.0,0.0,1436.336
2026-05-19 15:05:32.061,89750,979.0,0.0,979.0,0.0,1436.336
2026-05-19 15:05:32.171,90000,979.0,0.0,979.0,0.0,1436.336
2026-05-19 15:05:32.172,90250,902.84,-9.90199356769,889.391,-155.255,1436.336
2026-05-19 15:05:32.172,90500,979.0,0.0,979.0,0.0,1324.598
2026-05-19 15:05:32.173,90750,979.0,0.0,979.0,0.0,1324.598
2026-05-19 15:05:32.173,91000,979.0,0.0,979.0,0.0,1324.598
2026-05-19 15:05:32.281,91250,979.0,0.0,979.0,0.0,1324.598
2026-05-19 15:05:32.282,91500,979.0,0.0,979.0,0.0,1324.598
2026-05-19 15:05:32.282,91750,979.0,0.0,979.0,0.0,1324.598
2026-05-19 15:05:32.283,92000,979.0,0.0,979.0,0.0,1324.598
2026-05-19 15:05:32.283,92250,979.0,0.0,979.0,0.0,1324.598
2026-05-19 15:05:32.392,92500,979.0,0.0,979.0,0.0,1324.598
2026-05-19 15:05:32.393,92750,979.0,0.0,979.0,0.0,1324.598
2026-05-19 15:05:32.393,93000,979.0,0.0,979.0,0.0,1324.598
2026-05-19 15:05:32.393,93250,979.0,0.0,979.0,0.0,1324.598
2026-05-19 15:05:32.394,93500,979.0,0.0,979.0,0.0,1324.598
2026-05-19 15:05:32.503,93750,979.0,0.0,979.0,0.0,1324.598
2026-05-19 15:05:32.504,94000,979.0,0.0,979.0,0.0,1324.598
2026-05-19 15:05:32.504,94250,979.0,0.0,979.0,0.0,1324.598
2026-05-19 15:05:32.504,94500,979.0,0.0,979.0,0.0,1324.598
2026-05-19 15:05:32.505,94750,979.0,0.0,979.0,0.0,1324.598
2026-05-19 15:05:32.615,95000,979.0,0.0,979.0,0.0,1324.598
2026-05-19 15:05:32.615,95250,1095.186,-2.53120928317,1092.823,-53.446,1197.553
2026-05-19 15:05:32.616,95500,979.0,0.0,979.0,0.0,1070.507
2026-05-19 15:05:32.616,95750,979.0,0.0,979.0,0.0,1070.507
2026-05-19 15:05:32.726,96000,979.0,0.0,979.0,0.0,1070.507
2026-05-19 15:05:32.727,96250,979.0,0.0,979.0,0.0,1070.507
2026-05-19 15:05:32.727,96500,979.0,0.0,979.0,0.0,1070.507
2026-05-19 15:05:32.728,96750,979.0,0.0,979.0,0.0,1070.507
2026-05-19 15:05:32.728,97000,979.0,0.0,979.0,0.0,1070.507
2026-05-19 15:05:32.838,97250,979.0,0.0,979.0,0.0,1070.507
2026-05-19 15:05:32.839,97500,979.0,0.0,979.0,0.0,1070.507
2026-05-19 15:05:32.839,97750,979.0,0.0,979.0,0.0,1070.507
2026-05-19 15:05:32.840,98000,979.0,0.0,979.0,0.0,1070.507
2026-05-19 15:05:32.840,98250,979.0,0.0,979.0,0.0,1070.507
2026-05-19 15:05:32.949,98500,979.0,0.0,979.0,0.0,1070.507
2026-05-19 15:05:32.949,98750,979.0,0.0,979.0,0.0,1070.507
2026-05-19 15:05:32.950,99000,979.0,0.0,979.0,0.0,1070.507
2026-05-19 15:05:32.950,99250,979.0,0.0,979.0,0.0,1070.507
2026-05-19 15:05:32.951,99500,979.0,0.0,979.0,0.0,1070.507
2026-05-19 15:05:33.061,99750,979.0,0.0,979.0,0.0,1070.507
2026-05-19 15:05:33.061,100000,979.0,0.0,979.0,0.0,1070.507
2026-05-19 15:05:33.637,10000,979.0,0.0,979.0,0.0,9286.314
2026-05-19 15:05:33.750,10250,979.0,0.0,979.0,0.0,9286.314
2026-05-19 15:05:33.860,10500,979.0,0.0,979.0,0.0,9286.314
2026-05-19 15:05:34.081,10750,976.133,0.624395458458,975.988,10.589,9313.712
2026-05-19 15:05:34.195,11000,979.0,0.0,979.0,0.0,9354.811
2026-05-19 15:05:34.313,11250,963.375,-0.267477540339,963.357,-4.449,9255.273
2026-05-19 15:05:34.425,11500,975.908,0.591963267064,975.778,10.034,9134.955
2026-05-19 15:05:34.538,11750,979.0,0.0,979.0,0.0,9178.44
2026-05-19 15:05:34.650,12000,979.0,0.0,979.0,0.0,9178.44
2026-05-19 15:05:34.761,12250,979.0,0.0,979.0,0.0,9178.44
2026-05-19 15:05:34.983,12500,979.0,0.0,979.0,0.0,9258.26
2026-05-19 15:05:35.096,12750,954.385,-0.517751315924,954.346,-8.624,9258.26
2026-05-19 15:05:35.211,13000,979.0,0.0,979.0,0.0,9025.481
2026-05-19 15:05:35.313,13250,980.848,-0.287603676373,980.786,-4.96,9093.622
2026-05-19 15:05:35.424,13500,979.0,0.0,979.0,0.0,9110.657
2026-05-19 15:05:35.536,13750,979.0,0.0,979.0,0.0,9110.657
2026-05-19 15:05:35.648,14000,979.0,0.0,979.0,0.0,8971.41
2026-05-19 15:05:35.759,14250,979.0,0.0,979.0,0.0,8971.41
2026-05-19 15:05:35.870,14500,979.0,0.0,979.0,0.0,8971.41
2026-05-19 15:05:35.981,14750,983.689,-0.609631936012,983.549,-10.54,9035.867
2026-05-19 15:05:36.092,15000,975.972,-0.08356640985,975.967,-1.406,8966.526
2026-05-19 15:05:36.203,15250,979.0,0.0,979.0,0.0,8938.448
2026-05-19 15:05:36.204,15500,979.0,0.0,979.0,0.0,8938.448
2026-05-19 15:05:36.313,15750,979.0,0.0,979.0,0.0,9052.108
2026-05-19 15:05:36.425,16000,979.0,0.0,979.0,0.0,8828.731
2026-05-19 15:05:36.538,16250,979.0,0.0,979.0,0.0,8828.731
2026-05-19 15:05:36.653,16500,979.0,0.0,979.0,0.0,8828.731
2026-05-19 15:05:36.764,16750,983.859,0.155728087767,983.841,2.727,8877.251
2026-05-19 15:05:36.876,17000,979.0,0.0,979.0,0.0,8704.426
2026-05-19 15:05:36.877,17250,965.688,-2.086814436459,964.994,-35.223,8730.836
2026-05-19 15:05:36.988,17500,979.0,0.0,979.0,0.0,8836.474
2026-05-19 15:05:37.099,17750,979.0,0.0,979.0,0.0,8611.81
2026-05-19 15:05:37.210,18000,979.0,0.0,979.0,0.0,8611.81
2026-05-19 15:05:37.313,18250,991.681,2.149440819408,990.932,37.121,8502.084
2026-05-19 15:05:37.314,18500,979.0,0.0,979.0,0.0,8531.103
2026-05-19 15:05:37.425,18750,979.0,0.0,979.0,0.0,8531.103
2026-05-19 15:05:37.537,19000,979.0,0.0,979.0,0.0,8531.103
2026-05-19 15:05:37.649,19250,979.0,0.0,979.0,0.0,8318.223
2026-05-19 15:05:37.649,19500,969.304,-0.435466853352,969.235,-7.256,8339.717
2026-05-19 15:05:37.760,19750,964.456,-0.653200280028,964.352,-10.884,8381.639
2026-05-19 15:05:37.872,20000,979.0,0.0,979.0,0.0,8255.872
2026-05-19 15:05:37.872,20250,979.0,0.0,979.0,0.0,8255.872
2026-05-19 15:05:37.983,20500,979.0,0.0,979.0,0.0,8055.627
2026-05-19 15:05:38.093,20750,979.0,0.0,979.0,0.0,8210.115
2026-05-19 15:05:38.204,21000,959.182,-1.005522859644,959.034,-16.832,8210.115
2026-05-19 15:05:38.204,21250,979.0,0.0,979.0,0.0,8043.919
2026-05-19 15:05:38.313,21500,979.0,0.0,979.0,0.0,8043.919
2026-05-19 15:05:38.423,21750,974.441,-0.240865512311,974.399,-4.019,7894.082
2026-05-19 15:05:38.423,22000,992.007,-0.806904551313,991.842,-14.091,7926.211
2026-05-19 15:05:38.533,22250,979.0,0.0,979.0,0.0,8030.595
2026-05-19 15:05:38.534,22500,979.0,0.0,979.0,0.0,7842.522
2026-05-19 15:05:38.644,22750,979.0,0.0,979.0,0.0,7842.522
2026-05-19 15:05:38.755,23000,979.0,0.0,979.0,0.0,7658.862
2026-05-19 15:05:38.755,23250,979.0,0.0,979.0,0.0,7658.862
2026-05-19 15:05:38.866,23500,979.0,0.0,979.0,0.0,7658.862
2026-05-19 15:05:38.976,23750,979.0,0.0,979.0,0.0,7498.755
2026-05-19 15:05:38.977,24000,979.0,0.0,979.0,0.0,7683.264
2026-05-19 15:05:39.087,24250,979.0,0.0,979.0,0.0,7515.704
2026-05-19 15:05:39.088,24500,979.0,0.0,979.0,0.0,7515.704
2026-05-19 15:05:39.198,24750,979.0,0.0,979.0,0.0,7515.704
2026-05-19 15:05:39.313,25000,979.0,0.0,979.0,0.0,7360.845
2026-05-19 15:05:39.314,25250,979.0,0.0,979.0,0.0,7360.845
2026-05-19 15:05:39.423,25500,979.0,0.0,979.0,0.0,7206.363
2026-05-19 15:05:39.424,25750,979.0,0.0,979.0,0.0,7206.363
2026-05-19 15:05:39.534,26000,979.0,0.0,979.0,0.0,7206.363
2026-05-19 15:05:39.535,26250,979.0,0.0,979.0,0.0,7078.333
2026-05-19 15:05:39.647,26500,986.967,0.678865192067,986.792,11.834,7021.877
2026-05-19 15:05:39.647,26750,979.0,0.0,979.0,0.0,6937.194
2026-05-19 15:05:39.758,27000,979.0,0.0,979.0,0.0,6937.194
2026-05-19 15:05:39.869,27250,998.093,1.73734201155,997.634,30.26,6804.488
2026-05-19 15:05:39.869,27500,979.0,0.0,979.0,0.0,6804.488
2026-05-19 15:05:39.980,27750,979.0,0.0,979.0,0.0,6804.488
2026-05-19 15:05:39.980,28000,979.0,0.0,979.0,0.0,6670.342
2026-05-19 15:05:40.094,28250,979.0,0.0,979.0,0.0,6670.342
2026-05-19 15:05:40.095,28500,975.675,-0.35678811958,975.582,-5.992,6579.735
2026-05-19 15:05:40.220,28750,979.0,0.0,979.0,0.0,6557.083
2026-05-19 15:05:40.220,29000,979.0,0.0,979.0,0.0,6557.083
2026-05-19 15:05:40.328,29250,979.0,0.0,979.0,0.0,6439.888
2026-05-19 15:05:40.328,29500,979.0,0.0,979.0,0.0,6439.888
2026-05-19 15:05:40.439,29750,979.0,0.0,979.0,0.0,6329.513
2026-05-19 15:05:40.440,30000,979.0,0.0,979.0,0.0,6329.513
2026-05-19 15:05:40.551,30250,979.0,0.0,979.0,0.0,6329.513
2026-05-19 15:05:40.551,30500,979.0,0.0,979.0,0.0,6231.235
2026-05-19 15:05:40.552,30750,979.0,0.0,979.0,0.0,6231.235
2026-05-19 15:05:40.662,31000,979.0,0.0,979.0,0.0,6231.235
2026-05-19 15:05:40.662,31250,979.0,0.0,979.0,0.0,6132.743
2026-05-19 15:05:40.773,31500,979.0,0.0,979.0,0.0,6132.743
2026-05-19 15:05:40.774,31750,979.0,0.0,979.0,0.0,6055.123
2026-05-19 15:05:40.885,32000,979.0,0.0,979.0,0.0,5819.217
2026-05-19 15:05:40.886,32250,979.0,0.0,979.0,0.0,5819.217
2026-05-19 15:05:40.997,32500,979.0,0.0,979.0,0.0,5745.191
2026-05-19 15:05:40.998,32750,979.0,0.0,979.0,0.0,5745.191
2026-05-19 15:05:41.107,33000,979.0,0.0,979.0,0.0,5745.191
2026-05-19 15:05:41.108,33250,979.0,0.0,979.0,0.0,5682.385
2026-05-19 15:05:41.219,33500,979.0,0.0,979.0,0.0,5682.385
2026-05-19 15:05:41.219,33750,970.058,-2.653204997906,969.019,-44.905,5682.385
2026-05-19 15:05:41.220,34000,979.0,0.0,979.0,0.0,5630.485
2026-05-19 15:05:41.329,34250,979.0,0.0,979.0,0.0,5379.444
2026-05-19 15:05:41.330,34500,973.114,-2.188257422023,972.229,-37.095,5371.359
2026-05-19 15:05:41.441,34750,979.0,0.0,979.0,0.0,5339.018
2026-05-19 15:05:41.442,35000,979.0,0.0,979.0,0.0,5339.018
2026-05-19 15:05:41.553,35250,979.0,0.0,979.0,0.0,5339.018
2026-05-19 15:05:41.553,35500,979.0,0.0,979.0,0.0,5311.955
2026-05-19 15:05:41.554,35750,979.0,0.0,979.0,0.0,5069.911
2026-05-19 15:05:41.666,36000,979.0,0.0,979.0,0.0,5069.911
2026-05-19 15:05:41.666,36250,979.0,0.0,979.0,0.0,5053.16
2026-05-19 15:05:41.777,36500,979.0,0.0,979.0,0.0,5053.16
2026-05-19 15:05:41.778,36750,978.921,-3.602246532325,976.504,-61.481,5053.058
2026-05-19 15:05:41.888,37000,979.0,0.0,979.0,0.0,5052.649
2026-05-19 15:05:41.889,37250,979.0,0.0,979.0,0.0,4801.84
2026-05-19 15:05:41.889,37500,979.0,0.0,979.0,0.0,4801.84
2026-05-19 15:05:42.000,37750,979.0,0.0,979.0,0.0,4819.526
2026-05-19 15:05:42.001,38000,979.0,0.0,979.0,0.0,4819.526
2026-05-19 15:05:42.112,38250,979.0,0.0,979.0,0.0,4819.526
2026-05-19 15:05:42.112,38500,979.0,0.0,979.0,0.0,4819.526
2026-05-19 15:05:42.113,38750,979.0,0.0,979.0,0.0,4591.487
2026-05-19 15:05:42.223,39000,979.0,0.0,979.0,0.0,4591.487
2026-05-19 15:05:42.224,39250,979.0,0.0,979.0,0.0,4591.487
2026-05-19 15:05:42.224,39500,979.0,0.0,979.0,0.0,4591.487
2026-05-19 15:05:42.330,39750,979.0,0.0,979.0,0.0,4637.368
2026-05-19 15:05:42.330,40000,979.0,0.0,979.0,0.0,4380.519
2026-05-19 15:05:42.444,40250,979.0,0.0,979.0,0.0,4380.519
2026-05-19 15:05:42.444,40500,979.0,0.0,979.0,0.0,4380.519
2026-05-19 15:05:42.444,40750,982.081,-0.691112802898,981.719,-11.987,4435.656
2026-05-19 15:05:42.554,41000,979.0,0.0,979.0,0.0,4449.44
2026-05-19 15:05:42.555,41250,979.0,0.0,979.0,0.0,4262.566
2026-05-19 15:05:42.665,41500,979.0,0.0,979.0,0.0,4262.566
2026-05-19 15:05:42.665,41750,960.683,3.218750224387,959.168,53.941,4343.838
2026-05-19 15:05:42.666,42000,979.0,0.0,979.0,0.0,4343.838
2026-05-19 15:05:42.777,42250,935.346,-0.998868943928,935.171,-16.115,4295.415
2026-05-19 15:05:42.777,42500,979.0,0.0,979.0,0.0,4101.722
2026-05-19 15:05:42.778,42750,979.0,0.0,979.0,0.0,4101.722
2026-05-19 15:05:42.889,43000,979.0,0.0,979.0,0.0,4101.722
2026-05-19 15:05:42.889,43250,979.0,0.0,979.0,0.0,4198.29
2026-05-19 15:05:42.890,43500,979.0,0.0,979.0,0.0,4198.29
2026-05-19 15:05:43.001,43750,979.0,0.0,979.0,0.0,3960.624
2026-05-19 15:05:43.002,44000,979.0,0.0,979.0,0.0,3960.624
2026-05-19 15:05:43.003,44250,979.0,0.0,979.0,0.0,3960.624
2026-05-19 15:05:43.115,44500,979.0,0.0,979.0,0.0,3960.624
2026-05-19 15:05:43.115,44750,979.0,0.0,979.0,0.0,3861.35
2026-05-19 15:05:43.116,45000,979.0,0.0,979.0,0.0,3861.35
2026-05-19 15:05:43.225,45250,979.0,0.0,979.0,0.0,3861.35
2026-05-19 15:05:43.226,45500,979.0,0.0,979.0,0.0,3861.35
2026-05-19 15:05:43.226,45750,979.0,0.0,979.0,0.0,3861.35
2026-05-19 15:05:43.328,46000,979.0,0.0,979.0,0.0,3655.855
2026-05-19 15:05:43.329,46250,979.0,0.0,979.0,0.0,3823.201
2026-05-19 15:05:43.440,46500,979.0,0.0,979.0,0.0,3823.201
2026-05-19 15:05:43.441,46750,979.0,0.0,979.0,0.0,3823.201
2026-05-19 15:05:43.441,47000,979.0,0.0,979.0,0.0,3823.201
2026-05-19 15:05:43.551,47250,979.0,0.0,979.0,0.0,3625.638
2026-05-19 15:05:43.552,47500,979.0,0.0,979.0,0.0,3625.638
2026-05-19 15:05:43.552,47750,979.0,0.0,979.0,0.0,3625.638
2026-05-19 15:05:43.664,48000,979.0,0.0,979.0,0.0,3625.638
2026-05-19 15:05:43.664,48250,970.132,0.614476430973,969.863,10.019,3660.04
2026-05-19 15:05:43.665,48500,979.0,0.0,979.0,0.0,3618.973
2026-05-19 15:05:43.775,48750,979.0,0.0,979.0,0.0,3618.973
2026-05-19 15:05:43.775,49000,979.0,0.0,979.0,0.0,3618.973
2026-05-19 15:05:43.775,49250,930.053,-3.100736592919,928.692,-50.308,3618.973
2026-05-19 15:05:43.886,49500,979.0,0.0,979.0,0.0,3438.037
2026-05-19 15:05:43.887,49750,979.0,0.0,979.0,0.0,3438.037
2026-05-19 15:05:43.888,50000,979.0,0.0,979.0,0.0,3438.037
2026-05-19 15:05:43.998,50250,979.0,0.0,979.0,0.0,3438.037
2026-05-19 15:05:43.999,50500,979.0,0.0,979.0,0.0,3438.037
2026-05-19 15:05:43.999,50750,958.737,1.043053104469,958.353,16.894,3513.077
2026-05-19 15:05:44.000,51000,979.0,0.0,979.0,0.0,3448.719
2026-05-19 15:05:44.109,51250,979.0,0.0,979.0,0.0,3448.719
2026-05-19 15:05:44.110,51500,979.0,0.0,979.0,0.0,3448.719
2026-05-19 15:05:44.110,51750,979.0,0.0,979.0,0.0,3448.719
2026-05-19 15:05:44.227,52000,979.0,0.0,979.0,0.0,3448.719
2026-05-19 15:05:44.227,52250,979.0,0.0,979.0,0.0,3304.868
2026-05-19 15:05:44.227,52500,979.0,0.0,979.0,0.0,3304.868
2026-05-19 15:05:44.228,52750,979.0,0.0,979.0,0.0,3304.868
2026-05-19 15:05:44.344,53000,979.0,0.0,979.0,0.0,3304.868
2026-05-19 15:05:44.345,53250,979.0,0.0,979.0,0.0,3304.868
2026-05-19 15:05:44.346,53500,979.0,0.0,979.0,0.0,3304.868
2026-05-19 15:05:44.456,53750,979.0,0.0,979.0,0.0,3181.295
2026-05-19 15:05:44.456,54000,979.0,0.0,979.0,0.0,3181.295
2026-05-19 15:05:44.457,54250,979.0,0.0,979.0,0.0,3181.295
2026-05-19 15:05:44.457,54500,979.0,0.0,979.0,0.0,3181.295
2026-05-19 15:05:44.566,54750,979.0,0.0,979.0,0.0,3181.295
2026-05-19 15:05:44.567,55000,979.0,0.0,979.0,0.0,3181.295
2026-05-19 15:05:44.567,55250,979.0,0.0,979.0,0.0,3181.295
2026-05-19 15:05:44.678,55500,958.338,-2.521359499421,956.815,-41.529,3136.534
2026-05-19 15:05:44.678,55750,979.0,0.0,979.0,0.0,3069.393
2026-05-19 15:05:44.679,56000,979.0,0.0,979.0,0.0,3069.393
2026-05-19 15:05:44.789,56250,979.0,0.0,979.0,0.0,3069.393
2026-05-19 15:05:44.790,56500,979.0,0.0,979.0,0.0,3069.393
2026-05-19 15:05:44.790,56750,979.0,0.0,979.0,0.0,3069.393
2026-05-19 15:05:44.791,57000,979.0,0.0,979.0,0.0,3069.393
2026-05-19 15:05:44.901,57250,979.0,0.0,979.0,0.0,3069.393
2026-05-19 15:05:44.901,57500,979.0,0.0,979.0,0.0,3069.393
2026-05-19 15:05:44.902,57750,979.0,0.0,979.0,0.0,3069.393
2026-05-19 15:05:45.013,58000,937.022,6.321979856173,931.324,103.181,3206.9
2026-05-19 15:05:45.013,58250,906.252,1.463962538707,905.957,23.153,3206.9
2026-05-19 15:05:45.014,58500,906.252,1.463962538707,905.957,23.153,3206.9
2026-05-19 15:05:45.014,58750,983.16,0.873980955756,982.578,15.236,3193.558
2026-05-19 15:05:45.124,59000,999.799,4.369904778779,996.892,76.18,3140.187
2026-05-19 15:05:45.125,59250,974.927,-0.873980955756,974.369,-14.609,3153.529
2026-05-19 15:05:45.125,59500,958.634,-4.369904778779,955.847,-73.043,3206.9
2026-05-19 15:05:45.242,59750,1035.586,-5.833867317486,1030.223,-105.261,2968.602
2026-05-19 15:05:45.243,60000,979.0,0.0,979.0,0.0,2968.602
2026-05-19 15:05:45.244,60250,979.0,0.0,979.0,0.0,2968.602
2026-05-19 15:05:45.244,60500,979.0,0.0,979.0,0.0,2968.602
2026-05-19 15:05:45.360,60750,979.0,0.0,979.0,0.0,2968.602
2026-05-19 15:05:45.361,61000,979.0,0.0,979.0,0.0,2968.602
2026-05-19 15:05:45.361,61250,979.0,0.0,979.0,0.0,2968.602
2026-05-19 15:05:45.362,61500,979.0,0.0,979.0,0.0,2968.602
2026-05-19 15:05:45.475,61750,979.0,0.0,979.0,0.0,2968.602
2026-05-19 15:05:45.476,62000,979.0,0.0,979.0,0.0,2968.602
2026-05-19 15:05:45.476,62250,979.0,0.0,979.0,0.0,2968.602
2026-05-19 15:05:45.477,62500,979.0,0.0,979.0,0.0,2968.602
2026-05-19 15:05:45.586,62750,979.0,0.0,979.0,0.0,2968.602
2026-05-19 15:05:45.587,63000,979.0,0.0,979.0,0.0,2968.602
2026-05-19 15:05:45.587,63250,979.0,0.0,979.0,0.0,2736.319
2026-05-19 15:05:45.588,63500,979.0,0.0,979.0,0.0,2736.319
2026-05-19 15:05:45.699,63750,979.0,0.0,979.0,0.0,2736.319
2026-05-19 15:05:45.700,64000,979.0,0.0,979.0,0.0,2736.319
2026-05-19 15:05:45.700,64250,979.0,0.0,979.0,0.0,2736.319
2026-05-19 15:05:45.701,64500,979.0,0.0,979.0,0.0,2736.319
2026-05-19 15:05:45.811,64750,979.0,0.0,979.0,0.0,2736.319
2026-05-19 15:05:45.811,65000,979.0,0.0,979.0,0.0,2736.319
2026-05-19 15:05:45.812,65250,979.0,0.0,979.0,0.0,2736.319
2026-05-19 15:05:45.812,65500,979.0,0.0,979.0,0.0,2736.319
2026-05-19 15:05:45.922,65750,979.0,0.0,979.0,0.0,2736.319
2026-05-19 15:05:45.922,66000,979.0,0.0,979.0,0.0,2736.319
2026-05-19 15:05:45.923,66250,979.0,0.0,979.0,0.0,2736.319
2026-05-19 15:05:45.923,66500,979.0,0.0,979.0,0.0,2736.319
2026-05-19 15:05:46.033,66750,979.0,0.0,979.0,0.0,2736.319
2026-05-19 15:05:46.034,67000,979.0,0.0,979.0,0.0,2736.319
2026-05-19 15:05:46.034,67250,979.0,0.0,979.0,0.0,2492.103
2026-05-19 15:05:46.034,67500,979.0,0.0,979.0,0.0,2492.103
2026-05-19 15:05:46.147,67750,979.0,0.0,979.0,0.0,2492.103
2026-05-19 15:05:46.148,68000,979.0,0.0,979.0,0.0,2492.103
2026-05-19 15:05:46.148,68250,979.0,0.0,979.0,0.0,2492.103
2026-05-19 15:05:46.149,68500,943.235,-4.454200530447,939.709,-72.518,2587.501
2026-05-19 15:05:46.263,68750,934.294,-5.567750663059,929.886,-90.648,2611.351
2026-05-19 15:05:46.264,69000,934.294,-5.567750663059,929.886,-90.648,2611.351
2026-05-19 15:05:46.264,69250,979.0,0.0,979.0,0.0,2611.351
2026-05-19 15:05:46.265,69500,988.369,1.113550132612,987.401,19.906,2587.501
2026-05-19 15:05:46.265,69750,979.0,0.0,979.0,0.0,2611.351
2026-05-19 15:05:46.376,70000,979.0,0.0,979.0,0.0,2611.351
2026-05-19 15:05:46.377,70250,979.0,0.0,979.0,0.0,2611.351
2026-05-19 15:05:46.377,70500,979.0,0.0,979.0,0.0,2611.351
2026-05-19 15:05:46.378,70750,979.0,0.0,979.0,0.0,2611.351
2026-05-19 15:05:46.488,71000,979.0,0.0,979.0,0.0,2611.351
2026-05-19 15:05:46.488,71250,979.0,0.0,979.0,0.0,2611.351
2026-05-19 15:05:46.489,71500,979.0,0.0,979.0,0.0,2611.351
2026-05-19 15:05:46.489,71750,1083.466,-3.368127183258,1081.595,-63.655,2359.568
2026-05-19 15:05:46.599,72000,979.0,0.0,979.0,0.0,2359.568
2026-05-19 15:05:46.599,72250,1037.334,6.023390614508,1031.607,108.852,2226.878
2026-05-19 15:05:46.600,72500,1037.334,6.023390614508,1031.607,108.852,2226.878
2026-05-19 15:05:46.714,72750,1037.334,6.023390614508,1031.607,108.852,2226.878
2026-05-19 15:05:46.714,73000,979.0,0.0,979.0,0.0,2226.878
2026-05-19 15:05:46.715,73250,979.0,0.0,979.0,0.0,2226.878
2026-05-19 15:05:46.715,73500,979.0,0.0,979.0,0.0,2226.878
2026-05-19 15:05:46.716,73750,979.0,0.0,979.0,0.0,2226.878
2026-05-19 15:05:46.825,74000,979.0,0.0,979.0,0.0,2226.878
2026-05-19 15:05:46.825,74250,979.0,0.0,979.0,0.0,2226.878
2026-05-19 15:05:46.826,74500,979.0,0.0,979.0,0.0,2226.878
2026-05-19 15:05:46.826,74750,979.0,0.0,979.0,0.0,2226.878
2026-05-19 15:05:46.936,75000,979.0,0.0,979.0,0.0,2226.878
2026-05-19 15:05:46.937,75250,979.0,0.0,979.0,0.0,2226.878
2026-05-19 15:05:46.937,75500,979.0,0.0,979.0,0.0,2226.878
2026-05-19 15:05:46.937,75750,979.0,0.0,979.0,0.0,2226.878
2026-05-19 15:05:47.049,76000,979.0,0.0,979.0,0.0,2226.878
2026-05-19 15:05:47.049,76250,979.0,0.0,979.0,0.0,2226.878
2026-05-19 15:05:47.050,76500,979.0,0.0,979.0,0.0,2226.878
2026-05-19 15:05:47.050,76750,979.0,0.0,979.0,0.0,2226.878
2026-05-19 15:05:47.050,77000,979.0,0.0,979.0,0.0,2226.878
2026-05-19 15:05:47.160,77250,979.0,0.0,979.0,0.0,2226.878
2026-05-19 15:05:47.161,77500,918.328,1.94125559201,917.489,29.728,2134.874
2026-05-19 15:05:47.162,77750,979.0,0.0,979.0,0.0,1996.867
2026-05-19 15:05:47.162,78000,979.0,0.0,979.0,0.0,1996.867
2026-05-19 15:05:47.162,78250,979.0,0.0,979.0,0.0,1996.867
2026-05-19 15:05:47.265,78500,979.0,0.0,979.0,0.0,1996.867
2026-05-19 15:05:47.265,78750,979.0,0.0,979.0,0.0,1996.867
2026-05-19 15:05:47.266,79000,979.0,0.0,979.0,0.0,1996.867
2026-05-19 15:05:47.266,79250,979.0,0.0,979.0,0.0,1996.867
2026-05-19 15:05:47.377,79500,979.0,0.0,979.0,0.0,1996.867
2026-05-19 15:05:47.377,79750,979.0,0.0,979.0,0.0,1996.867
2026-05-19 15:05:47.378,80000,979.0,0.0,979.0,0.0,1996.867
2026-05-19 15:05:47.378,80250,979.0,0.0,979.0,0.0,1996.867
2026-05-19 15:05:47.378,80500,979.0,0.0,979.0,0.0,1996.867
2026-05-19 15:05:47.490,80750,979.0,0.0,979.0,0.0,1996.867
2026-05-19 15:05:47.491,81000,979.0,0.0,979.0,0.0,1996.867
2026-05-19 15:05:47.491,81250,979.0,0.0,979.0,0.0,1996.867
2026-05-19 15:05:47.491,81500,979.0,0.0,979.0,0.0,1996.867
2026-05-19 15:05:47.492,81750,936.249,-5.340639762733,931.228,-86.078,1975.067
2026-05-19 15:05:47.601,82000,979.0,0.0,979.0,0.0,1887.867
2026-05-19 15:05:47.601,82250,979.0,0.0,979.0,0.0,1887.867
2026-05-19 15:05:47.602,82500,979.0,0.0,979.0,0.0,1887.867
2026-05-19 15:05:47.602,82750,979.0,0.0,979.0,0.0,1887.867
2026-05-19 15:05:47.602,83000,979.0,0.0,979.0,0.0,1887.867
2026-05-19 15:05:47.714,83250,979.0,0.0,979.0,0.0,1662.085
2026-05-19 15:05:47.715,83500,979.0,0.0,979.0,0.0,1662.085
2026-05-19 15:05:47.715,83750,979.0,0.0,979.0,0.0,1662.085
2026-05-19 15:05:47.716,84000,979.0,0.0,979.0,0.0,1662.085
2026-05-19 15:05:47.716,84250,979.0,0.0,979.0,0.0,1662.085
2026-05-19 15:05:47.826,84500,979.0,0.0,979.0,0.0,1662.085
2026-05-19 15:05:47.827,84750,979.0,0.0,979.0,0.0,1662.085
2026-05-19 15:05:47.827,85000,979.0,0.0,979.0,0.0,1662.085
2026-05-19 15:05:47.827,85250,979.0,0.0,979.0,0.0,1662.085
2026-05-19 15:05:47.828,85500,979.0,0.0,979.0,0.0,1662.085
2026-05-19 15:05:47.938,85750,979.0,0.0,979.0,0.0,1662.085
2026-05-19 15:05:47.938,86000,979.0,0.0,979.0,0.0,1662.085
2026-05-19 15:05:47.939,86250,979.0,0.0,979.0,0.0,1662.085
2026-05-19 15:05:47.939,86500,979.0,0.0,979.0,0.0,1662.085
2026-05-19 15:05:47.940,86750,979.0,0.0,979.0,0.0,1662.085
2026-05-19 15:05:48.050,87000,979.0,0.0,979.0,0.0,1662.085
2026-05-19 15:05:48.051,87250,979.0,0.0,979.0,0.0,1662.085
2026-05-19 15:05:48.051,87500,979.0,0.0,979.0,0.0,1662.085
2026-05-19 15:05:48.052,87750,979.0,0.0,979.0,0.0,1662.085
2026-05-19 15:05:48.165,88000,979.0,0.0,979.0,0.0,1662.085
2026-05-19 15:05:48.165,88250,979.0,0.0,979.0,0.0,1662.085
2026-05-19 15:05:48.166,88500,979.0,0.0,979.0,0.0,1662.085
2026-05-19 15:05:48.166,88750,979.0,0.0,979.0,0.0,1662.085
2026-05-19 15:05:48.167,89000,979.0,0.0,979.0,0.0,1662.085
2026-05-19 15:05:48.276,89250,979.0,0.0,979.0,0.0,1436.336
2026-05-19 15:05:48.277,89500,979.0,0.0,979.0,0.0,1436.336
2026-05-19 15:05:48.277,89750,979.0,0.0,979.0,0.0,1436.336
2026-05-19 15:05:48.278,90000,979.0,0.0,979.0,0.0,1436.336
2026-05-19 15:05:48.278,90250,902.84,-9.90199356769,889.391,-155.255,1436.336
2026-05-19 15:05:48.393,90500,979.0,0.0,979.0,0.0,1324.598
2026-05-19 15:05:48.394,90750,979.0,0.0,979.0,0.0,1324.598
2026-05-19 15:05:48.394,91000,979.0,0.0,979.0,0.0,1324.598
2026-05-19 15:05:48.395,91250,979.0,0.0,979.0,0.0,1324.598
2026-05-19 15:05:48.395,91500,979.0,0.0,979.0,0.0,1324.598
2026-05-19 15:05:48.505,91750,979.0,0.0,979.0,0.0,1324.598
2026-05-19 15:05:48.505,92000,979.0,0.0,979.0,0.0,1324.598
2026-05-19 15:05:48.506,92250,979.0,0.0,979.0,0.0,1324.598
2026-05-19 15:05:48.506,92500,979.0,0.0,979.0,0.0,1324.598
2026-05-19 15:05:48.507,92750,979.0,0.0,979.0,0.0,1324.598
2026-05-19 15:05:48.616,93000,979.0,0.0,979.0,0.0,1324.598
2026-05-19 15:05:48.617,93250,979.0,0.0,979.0,0.0,1324.598
2026-05-19 15:05:48.617,93500,979.0,0.0,979.0,0.0,1324.598
2026-05-19 15:05:48.618,93750,979.0,0.0,979.0,0.0,1324.598
2026-05-19 15:05:48.618,94000,979.0,0.0,979.0,0.0,1324.598
2026-05-19 15:05:48.729,94250,979.0,0.0,979.0,0.0,1324.598
2026-05-19 15:05:48.729,94500,979.0,0.0,979.0,0.0,1324.598
2026-05-19 15:05:48.730,94750,979.0,0.0,979.0,0.0,1324.598
2026-05-19 15:05:48.730,95000,979.0,0.0,979.0,0.0,1324.598
2026-05-19 15:05:48.730,95250,1118.423,-3.037451139804,1115.588,-64.136,1172.144
2026-05-19 15:05:48.841,95500,979.0,0.0,979.0,0.0,1070.507
2026-05-19 15:05:48.841,95750,979.0,0.0,979.0,0.0,1070.507
2026-05-19 15:05:48.842,96000,979.0,0.0,979.0,0.0,1070.507
2026-05-19 15:05:48.842,96250,979.0,0.0,979.0,0.0,1070.507
2026-05-19 15:05:48.842,96500,979.0,0.0,979.0,0.0,1070.507
2026-05-19 15:05:48.952,96750,979.0,0.0,979.0,0.0,1070.507
2026-05-19 15:05:48.953,97000,979.0,0.0,979.0,0.0,1070.507
2026-05-19 15:05:48.953,97250,979.0,0.0,979.0,0.0,1070.507
2026-05-19 15:05:48.953,97500,979.0,0.0,979.0,0.0,1070.507
2026-05-19 15:05:48.954,97750,979.0,0.0,979.0,0.0,1070.507
2026-05-19 15:05:49.064,98000,979.0,0.0,979.0,0.0,1070.507
2026-05-19 15:05:49.065,98250,979.0,0.0,979.0,0.0,1070.507
2026-05-19 15:05:49.065,98500,979.0,0.0,979.0,0.0,1070.507
2026-05-19 15:05:49.066,98750,979.0,0.0,979.0,0.0,1070.507
2026-05-19 15:05:49.066,99000,979.0,0.0,979.0,0.0,1070.507
2026-05-19 15:05:49.175,99250,979.0,0.0,979.0,0.0,1070.507
2026-05-19 15:05:49.176,99500,979.0,0.0,979.0,0.0,1070.507
2026-05-19 15:05:49.177,99750,979.0,0.0,979.0,0.0,1070.507
2026-05-19 15:05:49.177,100000,979.0,0.0,979.0,0.0,1070.507
2026-05-19 15:05:49.730,10000,979.0,0.0,979.0,0.0,9286.314
2026-05-19 15:05:49.953,10250,979.0,0.0,979.0,0.0,9286.314
2026-05-19 15:05:50.064,10500,979.0,0.0,979.0,0.0,9286.314
2026-05-19 15:05:50.175,10750,974.699,0.936593187687,974.483,15.884,9327.412
2026-05-19 15:05:50.392,11000,979.0,0.0,979.0,0.0,9354.811
2026-05-19 15:05:50.502,11250,968.583,-0.178318360226,968.572,-2.966,9205.503
2026-05-19 15:05:50.613,11500,974.362,0.887944900595,974.167,15.051,9149.45
2026-05-19 15:05:50.724,11750,979.0,0.0,979.0,0.0,9178.44
2026-05-19 15:05:50.835,12000,979.0,0.0,979.0,0.0,9178.44
2026-05-19 15:05:50.945,12250,979.0,0.0,979.0,0.0,9178.44
2026-05-19 15:05:51.056,12500,979.0,0.0,979.0,0.0,9258.26
2026-05-19 15:05:51.278,12750,954.385,-0.517751315924,954.346,-8.624,9258.26
2026-05-19 15:05:51.392,13000,979.0,0.0,979.0,0.0,9025.481
2026-05-19 15:05:51.502,13250,980.848,-0.287603676373,980.786,-4.96,9093.622
2026-05-19 15:05:51.612,13500,979.0,0.0,979.0,0.0,9110.657
2026-05-19 15:05:51.722,13750,979.0,0.0,979.0,0.0,9110.657
2026-05-19 15:05:51.834,14000,979.0,0.0,979.0,0.0,8971.41
2026-05-19 15:05:51.945,14250,979.0,0.0,979.0,0.0,8971.41
2026-05-19 15:05:52.057,14500,979.0,0.0,979.0,0.0,8971.41
2026-05-19 15:05:52.170,14750,983.689,-0.609631936012,983.549,-10.54,9035.867
2026-05-19 15:05:52.170,15000,972.945,-0.1671328197,972.934,-2.812,8994.604
2026-05-19 15:05:52.284,15250,979.0,0.0,979.0,0.0,8938.448
2026-05-19 15:05:52.393,15500,979.0,0.0,979.0,0.0,8938.448
2026-05-19 15:05:52.504,15750,979.0,0.0,979.0,0.0,9052.108
2026-05-19 15:05:52.616,16000,979.0,0.0,979.0,0.0,8828.731
2026-05-19 15:05:52.727,16250,979.0,0.0,979.0,0.0,8828.731
2026-05-19 15:05:52.841,16500,979.0,0.0,979.0,0.0,8828.731
2026-05-19 15:05:52.952,16750,983.859,0.155728087767,983.841,2.727,8877.251
2026-05-19 15:05:52.952,17000,979.0,0.0,979.0,0.0,8704.426
2026-05-19 15:05:53.064,17250,965.688,-2.086814436459,964.994,-35.223,8730.836
2026-05-19 15:05:53.175,17500,979.0,0.0,979.0,0.0,8836.474
2026-05-19 15:05:53.280,17750,979.0,0.0,979.0,0.0,8611.81
2026-05-19 15:05:53.393,18000,979.0,0.0,979.0,0.0,8611.81
2026-05-19 15:05:53.394,18250,991.681,2.149440819408,990.932,37.121,8502.084
2026-05-19 15:05:53.506,18500,979.0,0.0,979.0,0.0,8531.103
2026-05-19 15:05:53.618,18750,979.0,0.0,979.0,0.0,8531.103
2026-05-19 15:05:53.730,19000,979.0,0.0,979.0,0.0,8531.103
2026-05-19 15:05:53.731,19250,979.0,0.0,979.0,0.0,8318.223
2026-05-19 15:05:53.841,19500,974.152,-0.217733426676,974.117,-3.628,8297.795
2026-05-19 15:05:53.955,19750,964.456,-0.653200280028,964.352,-10.884,8381.639
2026-05-19 15:05:54.067,20000,979.0,0.0,979.0,0.0,8255.872
2026-05-19 15:05:54.067,20250,979.0,0.0,979.0,0.0,8255.872
2026-05-19 15:05:54.178,20500,979.0,0.0,979.0,0.0,8055.627
2026-05-19 15:05:54.281,20750,979.0,0.0,979.0,0.0,8210.115
2026-05-19 15:05:54.282,21000,959.182,-1.005522859644,959.034,-16.832,8210.115
2026-05-19 15:05:54.392,21250,979.0,0.0,979.0,0.0,8043.919
2026-05-19 15:05:54.503,21500,979.0,0.0,979.0,0.0,8043.919
2026-05-19 15:05:54.504,21750,974.441,-0.240865512311,974.399,-4.019,7894.082
2026-05-19 15:05:54.615,22000,996.343,-1.075872735084,996.122,-18.789,7891.417
2026-05-19 15:05:54.726,22250,979.0,0.0,979.0,0.0,8030.595
2026-05-19 15:05:54.726,22500,979.0,0.0,979.0,0.0,7842.522
2026-05-19 15:05:54.837,22750,979.0,0.0,979.0,0.0,7842.522
2026-05-19 15:05:54.838,23000,979.0,0.0,979.0,0.0,7658.862
2026-05-19 15:05:54.949,23250,979.0,0.0,979.0,0.0,7658.862
2026-05-19 15:05:55.062,23500,979.0,0.0,979.0,0.0,7658.862
2026-05-19 15:05:55.063,23750,979.0,0.0,979.0,0.0,7498.755
2026-05-19 15:05:55.174,24000,979.0,0.0,979.0,0.0,7683.264
2026-05-19 15:05:55.281,24250,979.0,0.0,979.0,0.0,7515.704
2026-05-19 15:05:55.281,24500,979.0,0.0,979.0,0.0,7515.704
2026-05-19 15:05:55.392,24750,979.0,0.0,979.0,0.0,7515.704
2026-05-19 15:05:55.393,25000,979.0,0.0,979.0,0.0,7360.845
2026-05-19 15:05:55.503,25250,979.0,0.0,979.0,0.0,7360.845
2026-05-19 15:05:55.504,25500,979.0,0.0,979.0,0.0,7206.363
2026-05-19 15:05:55.616,25750,979.0,0.0,979.0,0.0,7206.363
2026-05-19 15:05:55.728,26000,979.0,0.0,979.0,0.0,7206.363
2026-05-19 15:05:55.728,26250,979.0,0.0,979.0,0.0,7078.333
2026-05-19 15:05:55.839,26500,982.984,0.339432596033,982.896,5.917,7050.105
2026-05-19 15:05:55.840,26750,979.0,0.0,979.0,0.0,6937.194
2026-05-19 15:05:55.951,27000,979.0,0.0,979.0,0.0,6937.194
2026-05-19 15:05:55.951,27250,998.093,1.73734201155,997.634,30.26,6804.488
2026-05-19 15:05:56.062,27500,979.0,0.0,979.0,0.0,6804.488
2026-05-19 15:05:56.063,27750,979.0,0.0,979.0,0.0,6804.488
2026-05-19 15:05:56.173,28000,979.0,0.0,979.0,0.0,6670.342
2026-05-19 15:05:56.174,28250,979.0,0.0,979.0,0.0,6670.342
2026-05-19 15:05:56.279,28500,975.675,-0.35678811958,975.582,-5.992,6579.735
2026-05-19 15:05:56.279,28750,979.0,0.0,979.0,0.0,6557.083
2026-05-19 15:05:56.392,29000,979.0,0.0,979.0,0.0,6557.083
2026-05-19 15:05:56.393,29250,979.0,0.0,979.0,0.0,6439.888
2026-05-19 15:05:56.503,29500,979.0,0.0,979.0,0.0,6439.888
2026-05-19 15:05:56.503,29750,979.0,0.0,979.0,0.0,6329.513
2026-05-19 15:05:56.615,30000,979.0,0.0,979.0,0.0,6329.513
2026-05-19 15:05:56.616,30250,979.0,0.0,979.0,0.0,6329.513
2026-05-19 15:05:56.728,30500,979.0,0.0,979.0,0.0,6231.235
2026-05-19 15:05:56.729,30750,979.0,0.0,979.0,0.0,6231.235
2026-05-19 15:05:56.840,31000,979.0,0.0,979.0,0.0,6231.235
2026-05-19 15:05:56.841,31250,979.0,0.0,979.0,0.0,6132.743
2026-05-19 15:05:56.952,31500,979.0,0.0,979.0,0.0,6132.743
2026-05-19 15:05:56.953,31750,979.0,0.0,979.0,0.0,6055.123
2026-05-19 15:05:57.064,32000,979.0,0.0,979.0,0.0,5819.217
2026-05-19 15:05:57.065,32250,979.0,0.0,979.0,0.0,5819.217
2026-05-19 15:05:57.176,32500,979.0,0.0,979.0,0.0,5745.191
2026-05-19 15:05:57.176,32750,979.0,0.0,979.0,0.0,5745.191
2026-05-19 15:05:57.280,33000,979.0,0.0,979.0,0.0,5745.191
2026-05-19 15:05:57.280,33250,979.0,0.0,979.0,0.0,5682.385
2026-05-19 15:05:57.393,33500,979.0,0.0,979.0,0.0,5682.385
2026-05-19 15:05:57.393,33750,970.058,-2.653204997906,969.019,-44.905,5682.385
2026-05-19 15:05:57.394,34000,979.0,0.0,979.0,0.0,5630.485
2026-05-19 15:05:57.504,34250,979.0,0.0,979.0,0.0,5379.444
2026-05-19 15:05:57.504,34500,973.114,-2.188257422023,972.229,-37.095,5371.359
2026-05-19 15:05:57.616,34750,979.0,0.0,979.0,0.0,5339.018
2026-05-19 15:05:57.616,35000,979.0,0.0,979.0,0.0,5339.018
2026-05-19 15:05:57.727,35250,979.0,0.0,979.0,0.0,5339.018
2026-05-19 15:05:57.728,35500,979.0,0.0,979.0,0.0,5311.955
2026-05-19 15:05:57.728,35750,979.0,0.0,979.0,0.0,5069.911
2026-05-19 15:05:57.837,36000,979.0,0.0,979.0,0.0,5069.911
2026-05-19 15:05:57.838,36250,979.0,0.0,979.0,0.0,5053.16
2026-05-19 15:05:57.949,36500,979.0,0.0,979.0,0.0,5053.16
2026-05-19 15:05:57.949,36750,978.921,-3.602246532325,976.504,-61.481,5053.058
2026-05-19 15:05:58.061,37000,979.0,0.0,979.0,0.0,5052.649
2026-05-19 15:05:58.062,37250,979.0,0.0,979.0,0.0,4801.84
2026-05-19 15:05:58.062,37500,979.0,0.0,979.0,0.0,4801.84
2026-05-19 15:05:58.173,37750,979.0,0.0,979.0,0.0,4819.526
2026-05-19 15:05:58.174,38000,979.0,0.0,979.0,0.0,4819.526
2026-05-19 15:05:58.174,38250,979.0,0.0,979.0,0.0,4819.526
2026-05-19 15:05:58.279,38500,979.0,0.0,979.0,0.0,4819.526
2026-05-19 15:05:58.280,38750,979.0,0.0,979.0,0.0,4591.487
2026-05-19 15:05:58.394,39000,979.0,0.0,979.0,0.0,4591.487
2026-05-19 15:05:58.394,39250,979.0,0.0,979.0,0.0,4591.487
2026-05-19 15:05:58.394,39500,979.0,0.0,979.0,0.0,4591.487
2026-05-19 15:05:58.505,39750,979.0,0.0,979.0,0.0,4637.368
2026-05-19 15:05:58.506,40000,979.0,0.0,979.0,0.0,4380.519
2026-05-19 15:05:58.617,40250,979.0,0.0,979.0,0.0,4380.519
2026-05-19 15:05:58.617,40500,979.0,0.0,979.0,0.0,4380.519
2026-05-19 15:05:58.617,40750,982.081,-0.691112802898,981.719,-11.987,4435.656
2026-05-19 15:05:58.729,41000,979.0,0.0,979.0,0.0,4449.44
2026-05-19 15:05:58.730,41250,979.0,0.0,979.0,0.0,4262.566
2026-05-19 15:05:58.730,41500,979.0,0.0,979.0,0.0,4262.566
2026-05-19 15:05:58.841,41750,960.683,3.218750224387,959.168,53.941,4343.838
2026-05-19 15:05:58.841,42000,979.0,0.0,979.0,0.0,4343.838
2026-05-19 15:05:58.953,42250,935.346,-0.998868943928,935.171,-16.115,4295.415
2026-05-19 15:05:58.953,42500,979.0,0.0,979.0,0.0,4101.722
2026-05-19 15:05:58.954,42750,979.0,0.0,979.0,0.0,4101.722
2026-05-19 15:05:59.065,43000,979.0,0.0,979.0,0.0,4101.722
2026-05-19 15:05:59.066,43250,979.0,0.0,979.0,0.0,4198.29
2026-05-19 15:05:59.066,43500,979.0,0.0,979.0,0.0,4198.29
2026-05-19 15:05:59.177,43750,979.0,0.0,979.0,0.0,3960.624
2026-05-19 15:05:59.178,44000,979.0,0.0,979.0,0.0,3960.624
2026-05-19 15:05:59.178,44250,979.0,0.0,979.0,0.0,3960.624
2026-05-19 15:05:59.281,44500,979.0,0.0,979.0,0.0,3960.624
2026-05-19 15:05:59.282,44750,979.0,0.0,979.0,0.0,3861.35
2026-05-19 15:05:59.282,45000,979.0,0.0,979.0,0.0,3861.35
2026-05-19 15:05:59.392,45250,979.0,0.0,979.0,0.0,3861.35
2026-05-19 15:05:59.393,45500,979.0,0.0,979.0,0.0,3861.35
2026-05-19 15:05:59.393,45750,979.0,0.0,979.0,0.0,3861.35
2026-05-19 15:05:59.502,46000,979.0,0.0,979.0,0.0,3655.855
2026-05-19 15:05:59.503,46250,979.0,0.0,979.0,0.0,3823.201
2026-05-19 15:05:59.613,46500,979.0,0.0,979.0,0.0,3823.201
2026-05-19 15:05:59.613,46750,979.0,0.0,979.0,0.0,3823.201
2026-05-19 15:05:59.614,47000,979.0,0.0,979.0,0.0,3823.201
2026-05-19 15:05:59.724,47250,979.0,0.0,979.0,0.0,3625.638
2026-05-19 15:05:59.725,47500,979.0,0.0,979.0,0.0,3625.638
2026-05-19 15:05:59.725,47750,979.0,0.0,979.0,0.0,3625.638
2026-05-19 15:05:59.835,48000,979.0,0.0,979.0,0.0,3625.638
2026-05-19 15:05:59.836,48250,970.132,0.614476430973,969.863,10.019,3660.04
2026-05-19 15:05:59.836,48500,979.0,0.0,979.0,0.0,3618.973
2026-05-19 15:05:59.951,48750,979.0,0.0,979.0,0.0,3618.973
2026-05-19 15:05:59.952,49000,979.0,0.0,979.0,0.0,3618.973
2026-05-19 15:05:59.952,49250,930.053,-3.100736592919,928.692,-50.308,3618.973
2026-05-19 15:06:00.062,49500,979.0,0.0,979.0,0.0,3438.037
2026-05-19 15:06:00.063,49750,979.0,0.0,979.0,0.0,3438.037
2026-05-19 15:06:00.063,50000,979.0,0.0,979.0,0.0,3438.037
2026-05-19 15:06:00.063,50250,979.0,0.0,979.0,0.0,3438.037
2026-05-19 15:06:00.173,50500,979.0,0.0,979.0,0.0,3438.037
2026-05-19 15:06:00.174,50750,968.869,0.521526552235,968.676,8.447,3475.557
2026-05-19 15:06:00.174,51000,979.0,0.0,979.0,0.0,3448.719
2026-05-19 15:06:00.278,51250,979.0,0.0,979.0,0.0,3448.719
2026-05-19 15:06:00.279,51500,979.0,0.0,979.0,0.0,3448.719
2026-05-19 15:06:00.279,51750,979.0,0.0,979.0,0.0,3448.719
2026-05-19 15:06:00.391,52000,979.0,0.0,979.0,0.0,3448.719
2026-05-19 15:06:00.391,52250,979.0,0.0,979.0,0.0,3304.868
2026-05-19 15:06:00.392,52500,979.0,0.0,979.0,0.0,3304.868
2026-05-19 15:06:00.392,52750,979.0,0.0,979.0,0.0,3304.868
2026-05-19 15:06:00.501,53000,979.0,0.0,979.0,0.0,3304.868
2026-05-19 15:06:00.502,53250,979.0,0.0,979.0,0.0,3304.868
2026-05-19 15:06:00.502,53500,979.0,0.0,979.0,0.0,3304.868
2026-05-19 15:06:00.613,53750,979.0,0.0,979.0,0.0,3181.295
2026-05-19 15:06:00.613,54000,979.0,0.0,979.0,0.0,3181.295
2026-05-19 15:06:00.614,54250,979.0,0.0,979.0,0.0,3181.295
2026-05-19 15:06:00.724,54500,979.0,0.0,979.0,0.0,3181.295
2026-05-19 15:06:00.724,54750,979.0,0.0,979.0,0.0,3181.295
2026-05-19 15:06:00.725,55000,979.0,0.0,979.0,0.0,3181.295
2026-05-19 15:06:00.725,55250,979.0,0.0,979.0,0.0,3181.295
2026-05-19 15:06:00.836,55500,958.338,-2.521359499421,956.815,-41.529,3136.534
2026-05-19 15:06:00.836,55750,979.0,0.0,979.0,0.0,3069.393
2026-05-19 15:06:00.837,56000,979.0,0.0,979.0,0.0,3069.393
2026-05-19 15:06:00.947,56250,979.0,0.0,979.0,0.0,3069.393
2026-05-19 15:06:00.948,56500,979.0,0.0,979.0,0.0,3069.393
2026-05-19 15:06:00.948,56750,979.0,0.0,979.0,0.0,3069.393
2026-05-19 15:06:01.058,57000,979.0,0.0,979.0,0.0,3069.393
2026-05-19 15:06:01.059,57250,979.0,0.0,979.0,0.0,3069.393
2026-05-19 15:06:01.059,57500,979.0,0.0,979.0,0.0,3069.393
2026-05-19 15:06:01.059,57750,979.0,0.0,979.0,0.0,3069.393
2026-05-19 15:06:01.171,58000,937.022,6.321979856173,931.324,103.181,3206.9
2026-05-19 15:06:01.172,58250,906.252,1.463962538707,905.957,23.153,3206.9
2026-05-19 15:06:01.172,58500,906.252,1.463962538707,905.957,23.153,3206.9
2026-05-19 15:06:01.280,58750,983.16,0.873980955756,982.578,15.236,3193.558
2026-05-19 15:06:01.280,59000,999.799,4.369904778779,996.892,76.18,3140.187
2026-05-19 15:06:01.280,59250,970.853,-1.747961911512,969.739,-29.217,3166.872
2026-05-19 15:06:01.281,59500,958.634,-4.369904778779,955.847,-73.043,3206.9
2026-05-19 15:06:01.394,59750,1035.586,-5.833867317486,1030.223,-105.261,2968.602
2026-05-19 15:06:01.394,60000,979.0,0.0,979.0,0.0,2968.602
2026-05-19 15:06:01.395,60250,979.0,0.0,979.0,0.0,2968.602
2026-05-19 15:06:01.507,60500,979.0,0.0,979.0,0.0,2968.602
2026-05-19 15:06:01.507,60750,979.0,0.0,979.0,0.0,2968.602
2026-05-19 15:06:01.507,61000,979.0,0.0,979.0,0.0,2968.602
2026-05-19 15:06:01.508,61250,979.0,0.0,979.0,0.0,2968.602
2026-05-19 15:06:01.617,61500,979.0,0.0,979.0,0.0,2968.602
2026-05-19 15:06:01.617,61750,979.0,0.0,979.0,0.0,2968.602
2026-05-19 15:06:01.618,62000,979.0,0.0,979.0,0.0,2968.602
2026-05-19 15:06:01.618,62250,979.0,0.0,979.0,0.0,2968.602
2026-05-19 15:06:01.727,62500,979.0,0.0,979.0,0.0,2968.602
2026-05-19 15:06:01.728,62750,979.0,0.0,979.0,0.0,2968.602
2026-05-19 15:06:01.728,63000,979.0,0.0,979.0,0.0,2968.602
2026-05-19 15:06:01.729,63250,979.0,0.0,979.0,0.0,2736.319
2026-05-19 15:06:01.838,63500,979.0,0.0,979.0,0.0,2736.319
2026-05-19 15:06:01.838,63750,979.0,0.0,979.0,0.0,2736.319
2026-05-19 15:06:01.838,64000,979.0,0.0,979.0,0.0,2736.319
2026-05-19 15:06:01.839,64250,979.0,0.0,979.0,0.0,2736.319
2026-05-19 15:06:01.949,64500,979.0,0.0,979.0,0.0,2736.319
2026-05-19 15:06:01.949,64750,979.0,0.0,979.0,0.0,2736.319
2026-05-19 15:06:01.950,65000,979.0,0.0,979.0,0.0,2736.319
2026-05-19 15:06:01.950,65250,979.0,0.0,979.0,0.0,2736.319
2026-05-19 15:06:02.059,65500,979.0,0.0,979.0,0.0,2736.319
2026-05-19 15:06:02.060,65750,979.0,0.0,979.0,0.0,2736.319
2026-05-19 15:06:02.060,66000,979.0,0.0,979.0,0.0,2736.319
2026-05-19 15:06:02.061,66250,979.0,0.0,979.0,0.0,2736.319
2026-05-19 15:06:02.170,66500,979.0,0.0,979.0,0.0,2736.319
2026-05-19 15:06:02.170,66750,979.0,0.0,979.0,0.0,2736.319
2026-05-19 15:06:02.171,67000,979.0,0.0,979.0,0.0,2736.319
2026-05-19 15:06:02.171,67250,979.0,0.0,979.0,0.0,2492.103
2026-05-19 15:06:02.280,67500,979.0,0.0,979.0,0.0,2492.103
2026-05-19 15:06:02.280,67750,979.0,0.0,979.0,0.0,2492.103
2026-05-19 15:06:02.281,68000,979.0,0.0,979.0,0.0,2492.103
2026-05-19 15:06:02.281,68250,979.0,0.0,979.0,0.0,2492.103
2026-05-19 15:06:02.393,68500,943.235,-4.454200530447,939.709,-72.518,2587.501
2026-05-19 15:06:02.393,68750,943.235,-4.454200530447,939.709,-72.518,2587.501
2026-05-19 15:06:02.394,69000,934.294,-5.567750663059,929.886,-90.648,2611.351
2026-05-19 15:06:02.394,69250,979.0,0.0,979.0,0.0,2611.351
2026-05-19 15:06:02.503,69500,979.0,0.0,979.0,0.0,2611.351
2026-05-19 15:06:02.503,69750,979.0,0.0,979.0,0.0,2611.351
2026-05-19 15:06:02.503,70000,979.0,0.0,979.0,0.0,2611.351
2026-05-19 15:06:02.504,70250,979.0,0.0,979.0,0.0,2611.351
2026-05-19 15:06:02.613,70500,979.0,0.0,979.0,0.0,2611.351
2026-05-19 15:06:02.613,70750,979.0,0.0,979.0,0.0,2611.351
2026-05-19 15:06:02.613,71000,979.0,0.0,979.0,0.0,2611.351
2026-05-19 15:06:02.614,71250,979.0,0.0,979.0,0.0,2611.351
2026-05-19 15:06:02.724,71500,979.0,0.0,979.0,0.0,2611.351
2026-05-19 15:06:02.724,71750,1083.466,-3.368127183258,1081.595,-63.655,2359.568
2026-05-19 15:06:02.725,72000,979.0,0.0,979.0,0.0,2359.568
2026-05-19 15:06:02.725,72250,1037.334,6.023390614508,1031.607,108.852,2226.878
2026-05-19 15:06:02.834,72500,1037.334,6.023390614508,1031.607,108.852,2226.878
2026-05-19 15:06:02.835,72750,1037.334,6.023390614508,1031.607,108.852,2226.878
2026-05-19 15:06:02.835,73000,979.0,0.0,979.0,0.0,2226.878
2026-05-19 15:06:02.836,73250,979.0,0.0,979.0,0.0,2226.878
2026-05-19 15:06:02.946,73500,979.0,0.0,979.0,0.0,2226.878
2026-05-19 15:06:02.946,73750,979.0,0.0,979.0,0.0,2226.878
2026-05-19 15:06:02.947,74000,979.0,0.0,979.0,0.0,2226.878
2026-05-19 15:06:02.947,74250,979.0,0.0,979.0,0.0,2226.878
2026-05-19 15:06:03.058,74500,979.0,0.0,979.0,0.0,2226.878
2026-05-19 15:06:03.058,74750,979.0,0.0,979.0,0.0,2226.878
2026-05-19 15:06:03.059,75000,979.0,0.0,979.0,0.0,2226.878
2026-05-19 15:06:03.059,75250,979.0,0.0,979.0,0.0,2226.878
2026-05-19 15:06:03.171,75500,979.0,0.0,979.0,0.0,2226.878
2026-05-19 15:06:03.172,75750,979.0,0.0,979.0,0.0,2226.878
2026-05-19 15:06:03.172,76000,979.0,0.0,979.0,0.0,2226.878
2026-05-19 15:06:03.172,76250,979.0,0.0,979.0,0.0,2226.878
2026-05-19 15:06:03.173,76500,979.0,0.0,979.0,0.0,2226.878
2026-05-19 15:06:03.281,76750,979.0,0.0,979.0,0.0,2226.878
2026-05-19 15:06:03.281,77000,979.0,0.0,979.0,0.0,2226.878
2026-05-19 15:06:03.282,77250,979.0,0.0,979.0,0.0,2226.878
2026-05-19 15:06:03.282,77500,918.328,1.94125559201,917.489,29.728,2134.874
2026-05-19 15:06:03.391,77750,979.0,0.0,979.0,0.0,1996.867
2026-05-19 15:06:03.392,78000,979.0,0.0,979.0,0.0,1996.867
2026-05-19 15:06:03.392,78250,979.0,0.0,979.0,0.0,1996.867
2026-05-19 15:06:03.393,78500,979.0,0.0,979.0,0.0,1996.867
2026-05-19 15:06:03.393,78750,979.0,0.0,979.0,0.0,1996.867
2026-05-19 15:06:03.503,79000,979.0,0.0,979.0,0.0,1996.867
2026-05-19 15:06:03.503,79250,979.0,0.0,979.0,0.0,1996.867
2026-05-19 15:06:03.504,79500,979.0,0.0,979.0,0.0,1996.867
2026-05-19 15:06:03.504,79750,979.0,0.0,979.0,0.0,1996.867
2026-05-19 15:06:03.505,80000,979.0,0.0,979.0,0.0,1996.867
2026-05-19 15:06:03.614,80250,979.0,0.0,979.0,0.0,1996.867
2026-05-19 15:06:03.615,80500,979.0,0.0,979.0,0.0,1996.867
2026-05-19 15:06:03.615,80750,979.0,0.0,979.0,0.0,1996.867
2026-05-19 15:06:03.616,81000,979.0,0.0,979.0,0.0,1996.867
2026-05-19 15:06:03.616,81250,979.0,0.0,979.0,0.0,1996.867
2026-05-19 15:06:03.726,81500,979.0,0.0,979.0,0.0,1996.867
2026-05-19 15:06:03.727,81750,936.249,-5.340639762733,931.228,-86.078,1975.067
2026-05-19 15:06:03.727,82000,979.0,0.0,979.0,0.0,1887.867
2026-05-19 15:06:03.728,82250,979.0,0.0,979.0,0.0,1887.867
2026-05-19 15:06:03.728,82500,979.0,0.0,979.0,0.0,1887.867
2026-05-19 15:06:03.838,82750,979.0,0.0,979.0,0.0,1887.867
2026-05-19 15:06:03.839,83000,979.0,0.0,979.0,0.0,1887.867
2026-05-19 15:06:03.839,83250,979.0,0.0,979.0,0.0,1662.085
2026-05-19 15:06:03.840,83500,979.0,0.0,979.0,0.0,1662.085
2026-05-19 15:06:03.840,83750,979.0,0.0,979.0,0.0,1662.085
2026-05-19 15:06:03.950,84000,979.0,0.0,979.0,0.0,1662.085
2026-05-19 15:06:03.951,84250,979.0,0.0,979.0,0.0,1662.085
2026-05-19 15:06:03.951,84500,979.0,0.0,979.0,0.0,1662.085
2026-05-19 15:06:03.952,84750,979.0,0.0,979.0,0.0,1662.085
2026-05-19 15:06:03.952,85000,979.0,0.0,979.0,0.0,1662.085
2026-05-19 15:06:04.062,85250,979.0,0.0,979.0,0.0,1662.085
2026-05-19 15:06:04.063,85500,979.0,0.0,979.0,0.0,1662.085
2026-05-19 15:06:04.063,85750,979.0,0.0,979.0,0.0,1662.085
2026-05-19 15:06:04.064,86000,979.0,0.0,979.0,0.0,1662.085
2026-05-19 15:06:04.174,86250,979.0,0.0,979.0,0.0,1662.085
2026-05-19 15:06:04.174,86500,979.0,0.0,979.0,0.0,1662.085
2026-05-19 15:06:04.175,86750,979.0,0.0,979.0,0.0,1662.085
2026-05-19 15:06:04.175,87000,979.0,0.0,979.0,0.0,1662.085
2026-05-19 15:06:04.175,87250,979.0,0.0,979.0,0.0,1662.085
2026-05-19 15:06:04.279,87500,979.0,0.0,979.0,0.0,1662.085
2026-05-19 15:06:04.279,87750,979.0,0.0,979.0,0.0,1662.085
2026-05-19 15:06:04.280,88000,979.0,0.0,979.0,0.0,1662.085
2026-05-19 15:06:04.280,88250,979.0,0.0,979.0,0.0,1662.085
2026-05-19 15:06:04.281,88500,979.0,0.0,979.0,0.0,1662.085
2026-05-19 15:06:04.391,88750,979.0,0.0,979.0,0.0,1662.085
2026-05-19 15:06:04.392,89000,979.0,0.0,979.0,0.0,1662.085
2026-05-19 15:06:04.392,89250,979.0,0.0,979.0,0.0,1436.336
2026-05-19 15:06:04.393,89500,979.0,0.0,979.0,0.0,1436.336
2026-05-19 15:06:04.393,89750,979.0,0.0,979.0,0.0,1436.336
2026-05-19 15:06:04.502,90000,979.0,0.0,979.0,0.0,1436.336
2026-05-19 15:06:04.503,90250,902.84,-9.90199356769,889.391,-155.255,1436.336
2026-05-19 15:06:04.504,90500,979.0,0.0,979.0,0.0,1324.598
2026-05-19 15:06:04.504,90750,979.0,0.0,979.0,0.0,1324.598
2026-05-19 15:06:04.504,91000,979.0,0.0,979.0,0.0,1324.598
2026-05-19 15:06:04.614,91250,979.0,0.0,979.0,0.0,1324.598
2026-05-19 15:06:04.615,91500,979.0,0.0,979.0,0.0,1324.598
2026-05-19 15:06:04.615,91750,979.0,0.0,979.0,0.0,1324.598
2026-05-19 15:06:04.616,92000,979.0,0.0,979.0,0.0,1324.598
2026-05-19 15:06:04.726,92250,979.0,0.0,979.0,0.0,1324.598
2026-05-19 15:06:04.726,92500,979.0,0.0,979.0,0.0,1324.598
2026-05-19 15:06:04.726,92750,979.0,0.0,979.0,0.0,1324.598
2026-05-19 15:06:04.727,93000,979.0,0.0,979.0,0.0,1324.598
2026-05-19 15:06:04.727,93250,979.0,0.0,979.0,0.0,1324.598
2026-05-19 15:06:04.840,93500,979.0,0.0,979.0,0.0,1324.598
2026-05-19 15:06:04.841,93750,979.0,0.0,979.0,0.0,1324.598
2026-05-19 15:06:04.841,94000,979.0,0.0,979.0,0.0,1324.598
2026-05-19 15:06:04.842,94250,979.0,0.0,979.0,0.0,1324.598
2026-05-19 15:06:04.842,94500,979.0,0.0,979.0,0.0,1324.598
2026-05-19 15:06:04.950,94750,979.0,0.0,979.0,0.0,1324.598
2026-05-19 15:06:04.951,95000,979.0,0.0,979.0,0.0,1324.598
2026-05-19 15:06:04.951,95250,1118.423,-3.037451139804,1115.588,-64.136,1172.144
2026-05-19 15:06:04.952,95500,979.0,0.0,979.0,0.0,1070.507
2026-05-19 15:06:04.952,95750,979.0,0.0,979.0,0.0,1070.507
2026-05-19 15:06:05.064,96000,979.0,0.0,979.0,0.0,1070.507
2026-05-19 15:06:05.064,96250,979.0,0.0,979.0,0.0,1070.507
2026-05-19 15:06:05.065,96500,979.0,0.0,979.0,0.0,1070.507
2026-05-19 15:06:05.065,96750,979.0,0.0,979.0,0.0,1070.507
2026-05-19 15:06:05.065,97000,979.0,0.0,979.0,0.0,1070.507
2026-05-19 15:06:05.175,97250,979.0,0.0,979.0,0.0,1070.507
2026-05-19 15:06:05.176,97500,979.0,0.0,979.0,0.0,1070.507
2026-05-19 15:06:05.176,97750,979.0,0.0,979.0,0.0,1070.507
2026-05-19 15:06:05.176,98000,979.0,0.0,979.0,0.0,1070.507
2026-05-19 15:06:05.177,98250,979.0,0.0,979.0,0.0,1070.507
2026-05-19 15:06:05.279,98500,979.0,0.0,979.0,0.0,1070.507
2026-05-19 15:06:05.280,98750,979.0,0.0,979.0,0.0,1070.507
2026-05-19 15:06:05.280,99000,979.0,0.0,979.0,0.0,1070.507
2026-05-19 15:06:05.281,99250,979.0,0.0,979.0,0.0,1070.507
2026-05-19 15:06:05.392,99500,979.0,0.0,979.0,0.0,1070.507
2026-05-19 15:06:05.393,99750,979.0,0.0,979.0,0.0,1070.507
2026-05-19 15:06:05.393,100000,979.0,0.0,979.0,0.0,1070.507
2026-05-19 15:06:05.952,10000,979.0,0.0,979.0,0.0,9286.314
2026-05-19 15:06:06.064,10250,979.0,0.0,979.0,0.0,9286.314
2026-05-19 15:06:06.175,10500,979.0,0.0,979.0,0.0,9286.314
2026-05-19 15:06:06.393,10750,974.699,0.936593187687,974.483,15.884,9327.412
2026-05-19 15:06:06.503,11000,979.0,0.0,979.0,0.0,9354.811
2026-05-19 15:06:06.614,11250,968.583,-0.178318360226,968.572,-2.966,9205.503
2026-05-19 15:06:06.837,11500,974.362,0.887944900595,974.167,15.051,9149.45
2026-05-19 15:06:06.948,11750,979.0,0.0,979.0,0.0,9178.44
2026-05-19 15:06:07.059,12000,979.0,0.0,979.0,0.0,9178.44
2026-05-19 15:06:07.171,12250,979.0,0.0,979.0,0.0,9178.44
2026-05-19 15:06:07.280,12500,979.0,0.0,979.0,0.0,9258.26
2026-05-19 15:06:07.393,12750,954.385,-0.517751315924,954.346,-8.624,9258.26
2026-05-19 15:06:07.505,13000,979.0,0.0,979.0,0.0,9025.481
2026-05-19 15:06:07.616,13250,980.848,-0.287603676373,980.786,-4.96,9093.622
2026-05-19 15:06:07.728,13500,979.0,0.0,979.0,0.0,9110.657
2026-05-19 15:06:07.840,13750,979.0,0.0,979.0,0.0,9110.657
2026-05-19 15:06:07.951,14000,979.0,0.0,979.0,0.0,8971.41
2026-05-19 15:06:08.062,14250,979.0,0.0,979.0,0.0,8971.41
2026-05-19 15:06:08.175,14500,979.0,0.0,979.0,0.0,8971.41
2026-05-19 15:06:08.281,14750,983.689,-0.609631936012,983.549,-10.54,9035.867
2026-05-19 15:06:08.398,15000,975.972,-0.08356640985,975.967,-1.406,8966.526
2026-05-19 15:06:08.511,15250,979.0,0.0,979.0,0.0,8938.448
2026-05-19 15:06:08.623,15500,979.0,0.0,979.0,0.0,8938.448
2026-05-19 15:06:08.734,15750,979.0,0.0,979.0,0.0,9052.108
2026-05-19 15:06:08.845,16000,979.0,0.0,979.0,0.0,8828.731
2026-05-19 15:06:08.846,16250,979.0,0.0,979.0,0.0,8828.731
2026-05-19 15:06:08.956,16500,976.987,0.222201156925,976.95,3.757,8847.076
2026-05-19 15:06:09.068,16750,983.859,0.155728087767,983.841,2.727,8877.251
2026-05-19 15:06:09.180,17000,979.0,0.0,979.0,0.0,8704.426
2026-05-19 15:06:09.294,17250,965.688,-2.086814436459,964.994,-35.223,8730.836
2026-05-19 15:06:09.295,17500,979.0,0.0,979.0,0.0,8836.474
2026-05-19 15:06:09.409,17750,979.0,0.0,979.0,0.0,8611.81
2026-05-19 15:06:09.520,18000,979.0,0.0,979.0,0.0,8611.81
2026-05-19 15:06:09.632,18250,991.681,2.149440819408,990.932,37.121,8502.084
2026-05-19 15:06:09.745,18500,979.0,0.0,979.0,0.0,8531.103
2026-05-19 15:06:09.745,18750,979.0,0.0,979.0,0.0,8531.103
2026-05-19 15:06:09.855,19000,979.0,0.0,979.0,0.0,8531.103
2026-05-19 15:06:09.966,19250,979.0,0.0,979.0,0.0,8318.223
2026-05-19 15:06:10.078,19500,974.152,-0.217733426676,974.117,-3.628,8297.795
2026-05-19 15:06:10.079,19750,959.607,-0.870933706704,959.469,-14.512,8423.562
2026-05-19 15:06:10.187,20000,979.0,0.0,979.0,0.0,8255.872
2026-05-19 15:06:10.298,20250,979.0,0.0,979.0,0.0,8255.872
2026-05-19 15:06:10.298,20500,979.0,0.0,979.0,0.0,8055.627
2026-05-19 15:06:10.409,20750,979.0,0.0,979.0,0.0,8210.115
2026-05-19 15:06:10.521,21000,959.182,-1.005522859644,959.034,-16.832,8210.115
2026-05-19 15:06:10.522,21250,979.0,0.0,979.0,0.0,8043.919
2026-05-19 15:06:10.633,21500,979.0,0.0,979.0,0.0,8043.919
2026-05-19 15:06:10.745,21750,974.441,-0.240865512311,974.399,-4.019,7894.082
2026-05-19 15:06:10.746,22000,1000.678,-1.344840918854,1000.403,-23.486,7856.622
2026-05-19 15:06:10.856,22250,979.0,0.0,979.0,0.0,8030.595
2026-05-19 15:06:10.967,22500,979.0,0.0,979.0,0.0,7842.522
2026-05-19 15:06:10.968,22750,979.0,0.0,979.0,0.0,7842.522
2026-05-19 15:06:11.080,23000,979.0,0.0,979.0,0.0,7658.862
2026-05-19 15:06:11.080,23250,979.0,0.0,979.0,0.0,7658.862
2026-05-19 15:06:11.190,23500,979.0,0.0,979.0,0.0,7658.862
2026-05-19 15:06:11.297,23750,979.0,0.0,979.0,0.0,7498.755
2026-05-19 15:06:11.297,24000,979.0,0.0,979.0,0.0,7683.264
2026-05-19 15:06:11.409,24250,979.0,0.0,979.0,0.0,7515.704
2026-05-19 15:06:11.521,24500,979.0,0.0,979.0,0.0,7515.704
2026-05-19 15:06:11.521,24750,979.0,0.0,979.0,0.0,7515.704
2026-05-19 15:06:11.632,25000,979.0,0.0,979.0,0.0,7360.845
2026-05-19 15:06:11.633,25250,979.0,0.0,979.0,0.0,7360.845
2026-05-19 15:06:11.745,25500,979.0,0.0,979.0,0.0,7206.363
2026-05-19 15:06:11.745,25750,979.0,0.0,979.0,0.0,7206.363
2026-05-19 15:06:11.856,26000,979.0,0.0,979.0,0.0,7206.363
2026-05-19 15:06:11.969,26250,979.0,0.0,979.0,0.0,7078.333
2026-05-19 15:06:11.970,26500,986.967,0.678865192067,986.792,11.834,7021.877
2026-05-19 15:06:12.081,26750,979.0,0.0,979.0,0.0,6937.194
2026-05-19 15:06:12.082,27000,979.0,0.0,979.0,0.0,6937.194
2026-05-19 15:06:12.191,27250,994.275,1.38987360924,993.907,24.208,6831.029
2026-05-19 15:06:12.192,27500,979.0,0.0,979.0,0.0,6804.488
2026-05-19 15:06:12.297,27750,979.0,0.0,979.0,0.0,6804.488
2026-05-19 15:06:12.298,28000,979.0,0.0,979.0,0.0,6670.342
2026-05-19 15:06:12.409,28250,979.0,0.0,979.0,0.0,6670.342
2026-05-19 15:06:12.410,28500,975.675,-0.35678811958,975.582,-5.992,6579.735
2026-05-19 15:06:12.520,28750,979.0,0.0,979.0,0.0,6557.083
2026-05-19 15:06:12.521,29000,979.0,0.0,979.0,0.0,6557.083
2026-05-19 15:06:12.632,29250,979.0,0.0,979.0,0.0,6439.888
2026-05-19 15:06:12.633,29500,979.0,0.0,979.0,0.0,6439.888
2026-05-19 15:06:12.744,29750,979.0,0.0,979.0,0.0,6329.513
2026-05-19 15:06:12.744,30000,979.0,0.0,979.0,0.0,6329.513
2026-05-19 15:06:12.856,30250,979.0,0.0,979.0,0.0,6329.513
2026-05-19 15:06:12.856,30500,979.0,0.0,979.0,0.0,6231.235
2026-05-19 15:06:12.965,30750,979.0,0.0,979.0,0.0,6231.235
2026-05-19 15:06:12.966,31000,979.0,0.0,979.0,0.0,6231.235
2026-05-19 15:06:13.076,31250,979.0,0.0,979.0,0.0,6132.743
2026-05-19 15:06:13.077,31500,979.0,0.0,979.0,0.0,6132.743
2026-05-19 15:06:13.187,31750,979.0,0.0,979.0,0.0,6055.123
2026-05-19 15:06:13.188,32000,979.0,0.0,979.0,0.0,5819.217
2026-05-19 15:06:13.297,32250,979.0,0.0,979.0,0.0,5819.217
2026-05-19 15:06:13.297,32500,979.0,0.0,979.0,0.0,5745.191
2026-05-19 15:06:13.408,32750,979.0,0.0,979.0,0.0,5745.191
2026-05-19 15:06:13.408,33000,979.0,0.0,979.0,0.0,5745.191
2026-05-19 15:06:13.409,33250,979.0,0.0,979.0,0.0,5682.385
2026-05-19 15:06:13.518,33500,979.0,0.0,979.0,0.0,5682.385
2026-05-19 15:06:13.519,33750,970.058,-2.653204997906,969.019,-44.905,5682.385
2026-05-19 15:06:13.630,34000,979.0,0.0,979.0,0.0,5630.485
2026-05-19 15:06:13.630,34250,979.0,0.0,979.0,0.0,5379.444
2026-05-19 15:06:13.741,34500,973.114,-2.188257422023,972.229,-37.095,5371.359
2026-05-19 15:06:13.741,34750,979.0,0.0,979.0,0.0,5339.018
2026-05-19 15:06:13.851,35000,979.0,0.0,979.0,0.0,5339.018
2026-05-19 15:06:13.851,35250,979.0,0.0,979.0,0.0,5339.018
2026-05-19 15:06:13.852,35500,979.0,0.0,979.0,0.0,5311.955
2026-05-19 15:06:13.961,35750,979.0,0.0,979.0,0.0,5069.911
2026-05-19 15:06:13.961,36000,979.0,0.0,979.0,0.0,5069.911
2026-05-19 15:06:14.071,36250,979.0,0.0,979.0,0.0,5053.16
2026-05-19 15:06:14.071,36500,979.0,0.0,979.0,0.0,5053.16
2026-05-19 15:06:14.181,36750,978.941,-2.701684899244,977.128,-46.111,5052.956
2026-05-19 15:06:14.182,37000,979.0,0.0,979.0,0.0,5052.649
2026-05-19 15:06:14.182,37250,979.0,0.0,979.0,0.0,4801.84
2026-05-19 15:06:14.296,37500,979.0,0.0,979.0,0.0,4801.84
2026-05-19 15:06:14.297,37750,979.0,0.0,979.0,0.0,4819.526
2026-05-19 15:06:14.408,38000,979.0,0.0,979.0,0.0,4819.526
2026-05-19 15:06:14.408,38250,979.0,0.0,979.0,0.0,4819.526
2026-05-19 15:06:14.408,38500,979.0,0.0,979.0,0.0,4819.526
2026-05-19 15:06:14.520,38750,979.0,0.0,979.0,0.0,4591.487
2026-05-19 15:06:14.520,39000,979.0,0.0,979.0,0.0,4591.487
2026-05-19 15:06:14.521,39250,979.0,0.0,979.0,0.0,4591.487
2026-05-19 15:06:14.631,39500,979.0,0.0,979.0,0.0,4591.487
2026-05-19 15:06:14.631,39750,979.0,0.0,979.0,0.0,4637.368
2026-05-19 15:06:14.742,40000,979.0,0.0,979.0,0.0,4380.519
2026-05-19 15:06:14.743,40250,979.0,0.0,979.0,0.0,4380.519
2026-05-19 15:06:14.743,40500,979.0,0.0,979.0,0.0,4380.519
2026-05-19 15:06:14.853,40750,982.081,-0.691112802898,981.719,-11.987,4435.656
2026-05-19 15:06:14.854,41000,979.0,0.0,979.0,0.0,4449.44
2026-05-19 15:06:14.965,41250,979.0,0.0,979.0,0.0,4262.566
2026-05-19 15:06:14.965,41500,979.0,0.0,979.0,0.0,4262.566
2026-05-19 15:06:14.966,41750,960.683,3.218750224387,959.168,53.941,4343.838
2026-05-19 15:06:15.076,42000,979.0,0.0,979.0,0.0,4343.838
2026-05-19 15:06:15.076,42250,935.346,-0.998868943928,935.171,-16.115,4295.415
2026-05-19 15:06:15.077,42500,979.0,0.0,979.0,0.0,4101.722
2026-05-19 15:06:15.188,42750,979.0,0.0,979.0,0.0,4101.722
2026-05-19 15:06:15.188,43000,979.0,0.0,979.0,0.0,4101.722
2026-05-19 15:06:15.189,43250,979.0,0.0,979.0,0.0,4198.29
2026-05-19 15:06:15.298,43500,979.0,0.0,979.0,0.0,4198.29
2026-05-19 15:06:15.298,43750,979.0,0.0,979.0,0.0,3960.624
2026-05-19 15:06:15.409,44000,979.0,0.0,979.0,0.0,3960.624
2026-05-19 15:06:15.410,44250,979.0,0.0,979.0,0.0,3960.624
2026-05-19 15:06:15.410,44500,979.0,0.0,979.0,0.0,3960.624
2026-05-19 15:06:15.520,44750,979.0,0.0,979.0,0.0,3861.35
2026-05-19 15:06:15.520,45000,979.0,0.0,979.0,0.0,3861.35
2026-05-19 15:06:15.521,45250,979.0,0.0,979.0,0.0,3861.35
2026-05-19 15:06:15.632,45500,979.0,0.0,979.0,0.0,3861.35
2026-05-19 15:06:15.633,45750,979.0,0.0,979.0,0.0,3861.35
2026-05-19 15:06:15.633,46000,979.0,0.0,979.0,0.0,3655.855
2026-05-19 15:06:15.744,46250,979.0,0.0,979.0,0.0,3823.201
2026-05-19 15:06:15.745,46500,979.0,0.0,979.0,0.0,3823.201
2026-05-19 15:06:15.745,46750,979.0,0.0,979.0,0.0,3823.201
2026-05-19 15:06:15.855,47000,979.0,0.0,979.0,0.0,3823.201
2026-05-19 15:06:15.856,47250,979.0,0.0,979.0,0.0,3625.638
2026-05-19 15:06:15.856,47500,979.0,0.0,979.0,0.0,3625.638
2026-05-19 15:06:15.966,47750,979.0,0.0,979.0,0.0,3625.638
2026-05-19 15:06:15.967,48000,979.0,0.0,979.0,0.0,3625.638
2026-05-19 15:06:15.967,48250,970.132,0.614476430973,969.863,10.019,3660.04
2026-05-19 15:06:16.080,48500,979.0,0.0,979.0,0.0,3618.973
2026-05-19 15:06:16.081,48750,979.0,0.0,979.0,0.0,3618.973
2026-05-19 15:06:16.081,49000,979.0,0.0,979.0,0.0,3618.973
2026-05-19 15:06:16.191,49250,930.053,-3.100736592919,928.692,-50.308,3618.973
2026-05-19 15:06:16.192,49500,979.0,0.0,979.0,0.0,3438.037
2026-05-19 15:06:16.192,49750,979.0,0.0,979.0,0.0,3438.037
2026-05-19 15:06:16.297,50000,979.0,0.0,979.0,0.0,3438.037
2026-05-19 15:06:16.298,50250,979.0,0.0,979.0,0.0,3438.037
2026-05-19 15:06:16.298,50500,979.0,0.0,979.0,0.0,3438.037
2026-05-19 15:06:16.408,50750,968.869,0.521526552235,968.676,8.447,3475.557
2026-05-19 15:06:16.409,51000,979.0,0.0,979.0,0.0,3448.719
2026-05-19 15:06:16.409,51250,979.0,0.0,979.0,0.0,3448.719
2026-05-19 15:06:16.410,51500,979.0,0.0,979.0,0.0,3448.719
2026-05-19 15:06:16.519,51750,979.0,0.0,979.0,0.0,3448.719
2026-05-19 15:06:16.519,52000,979.0,0.0,979.0,0.0,3448.719
2026-05-19 15:06:16.520,52250,979.0,0.0,979.0,0.0,3304.868
2026-05-19 15:06:16.629,52500,979.0,0.0,979.0,0.0,3304.868
2026-05-19 15:06:16.630,52750,979.0,0.0,979.0,0.0,3304.868
2026-05-19 15:06:16.630,53000,979.0,0.0,979.0,0.0,3304.868
2026-05-19 15:06:16.741,53250,979.0,0.0,979.0,0.0,3304.868
2026-05-19 15:06:16.741,53500,979.0,0.0,979.0,0.0,3304.868
2026-05-19 15:06:16.742,53750,979.0,0.0,979.0,0.0,3181.295
2026-05-19 15:06:16.742,54000,979.0,0.0,979.0,0.0,3181.295
2026-05-19 15:06:16.852,54250,979.0,0.0,979.0,0.0,3181.295
2026-05-19 15:06:16.853,54500,979.0,0.0,979.0,0.0,3181.295
2026-05-19 15:06:16.853,54750,979.0,0.0,979.0,0.0,3181.295
2026-05-19 15:06:16.964,55000,979.0,0.0,979.0,0.0,3181.295
2026-05-19 15:06:16.964,55250,979.0,0.0,979.0,0.0,3181.295
2026-05-19 15:06:16.965,55500,958.338,-2.521359499421,956.815,-41.529,3136.534
2026-05-19 15:06:16.965,55750,979.0,0.0,979.0,0.0,3069.393
2026-05-19 15:06:17.075,56000,979.0,0.0,979.0,0.0,3069.393
2026-05-19 15:06:17.076,56250,979.0,0.0,979.0,0.0,3069.393
2026-05-19 15:06:17.076,56500,979.0,0.0,979.0,0.0,3069.393
2026-05-19 15:06:17.186,56750,979.0,0.0,979.0,0.0,3069.393
2026-05-19 15:06:17.186,57000,979.0,0.0,979.0,0.0,3069.393
2026-05-19 15:06:17.187,57250,979.0,0.0,979.0,0.0,3069.393
2026-05-19 15:06:17.296,57500,979.0,0.0,979.0,0.0,3069.393
2026-05-19 15:06:17.297,57750,979.0,0.0,979.0,0.0,3069.393
2026-05-19 15:06:17.298,58000,937.022,6.321979856173,931.324,103.181,3206.9
2026-05-19 15:06:17.298,58250,906.252,1.463962538707,905.957,23.153,3206.9
2026-05-19 15:06:17.410,58500,906.252,1.463962538707,905.957,23.153,3206.9
2026-05-19 15:06:17.411,58750,983.16,0.873980955756,982.578,15.236,3193.558
2026-05-19 15:06:17.411,59000,999.799,4.369904778779,996.892,76.18,3140.187
2026-05-19 15:06:17.521,59250,970.853,-1.747961911512,969.739,-29.217,3166.872
2026-05-19 15:06:17.522,59500,958.634,-4.369904778779,955.847,-73.043,3206.9
2026-05-19 15:06:17.522,59750,1035.586,-5.833867317486,1030.223,-105.261,2968.602
2026-05-19 15:06:17.522,60000,979.0,0.0,979.0,0.0,2968.602
2026-05-19 15:06:17.633,60250,979.0,0.0,979.0,0.0,2968.602
2026-05-19 15:06:17.634,60500,979.0,0.0,979.0,0.0,2968.602
2026-05-19 15:06:17.634,60750,979.0,0.0,979.0,0.0,2968.602
2026-05-19 15:06:17.634,61000,979.0,0.0,979.0,0.0,2968.602
2026-05-19 15:06:17.746,61250,979.0,0.0,979.0,0.0,2968.602
2026-05-19 15:06:17.747,61500,979.0,0.0,979.0,0.0,2968.602
2026-05-19 15:06:17.747,61750,979.0,0.0,979.0,0.0,2968.602
2026-05-19 15:06:17.748,62000,979.0,0.0,979.0,0.0,2968.602
2026-05-19 15:06:17.857,62250,979.0,0.0,979.0,0.0,2968.602
2026-05-19 15:06:17.858,62500,979.0,0.0,979.0,0.0,2968.602
2026-05-19 15:06:17.858,62750,979.0,0.0,979.0,0.0,2968.602
2026-05-19 15:06:17.859,63000,979.0,0.0,979.0,0.0,2968.602
2026-05-19 15:06:17.970,63250,979.0,0.0,979.0,0.0,2736.319
2026-05-19 15:06:17.970,63500,979.0,0.0,979.0,0.0,2736.319
2026-05-19 15:06:17.970,63750,979.0,0.0,979.0,0.0,2736.319
2026-05-19 15:06:17.971,64000,979.0,0.0,979.0,0.0,2736.319
2026-05-19 15:06:18.081,64250,979.0,0.0,979.0,0.0,2736.319
2026-05-19 15:06:18.082,64500,979.0,0.0,979.0,0.0,2736.319
2026-05-19 15:06:18.082,64750,979.0,0.0,979.0,0.0,2736.319
2026-05-19 15:06:18.083,65000,979.0,0.0,979.0,0.0,2736.319
2026-05-19 15:06:18.194,65250,979.0,0.0,979.0,0.0,2736.319
2026-05-19 15:06:18.195,65500,979.0,0.0,979.0,0.0,2736.319
2026-05-19 15:06:18.195,65750,979.0,0.0,979.0,0.0,2736.319
2026-05-19 15:06:18.195,66000,979.0,0.0,979.0,0.0,2736.319
2026-05-19 15:06:18.313,66250,979.0,0.0,979.0,0.0,2736.319
2026-05-19 15:06:18.313,66500,979.0,0.0,979.0,0.0,2736.319
2026-05-19 15:06:18.314,66750,979.0,0.0,979.0,0.0,2736.319
2026-05-19 15:06:18.314,67000,979.0,0.0,979.0,0.0,2736.319
2026-05-19 15:06:18.424,67250,979.0,0.0,979.0,0.0,2492.103
2026-05-19 15:06:18.425,67500,979.0,0.0,979.0,0.0,2492.103
2026-05-19 15:06:18.425,67750,979.0,0.0,979.0,0.0,2492.103
2026-05-19 15:06:18.426,68000,979.0,0.0,979.0,0.0,2492.103
2026-05-19 15:06:18.536,68250,979.0,0.0,979.0,0.0,2492.103
2026-05-19 15:06:18.536,68500,943.235,-4.454200530447,939.709,-72.518,2587.501
2026-05-19 15:06:18.537,68750,943.235,-4.454200530447,939.709,-72.518,2587.501
2026-05-19 15:06:18.537,69000,934.294,-5.567750663059,929.886,-90.648,2611.351
2026-05-19 15:06:18.647,69250,979.0,0.0,979.0,0.0,2611.351
2026-05-19 15:06:18.648,69500,979.0,0.0,979.0,0.0,2611.351
2026-05-19 15:06:18.648,69750,979.0,0.0,979.0,0.0,2611.351
2026-05-19 15:06:18.648,70000,979.0,0.0,979.0,0.0,2611.351
2026-05-19 15:06:18.758,70250,979.0,0.0,979.0,0.0,2611.351
2026-05-19 15:06:18.759,70500,979.0,0.0,979.0,0.0,2611.351
2026-05-19 15:06:18.759,70750,979.0,0.0,979.0,0.0,2611.351
2026-05-19 15:06:18.760,71000,979.0,0.0,979.0,0.0,2611.351
2026-05-19 15:06:18.870,71250,979.0,0.0,979.0,0.0,2611.351
2026-05-19 15:06:18.871,71500,979.0,0.0,979.0,0.0,2611.351
2026-05-19 15:06:18.871,71750,1062.573,-2.694501746606,1061.076,-50.924,2409.924
2026-05-19 15:06:18.872,72000,979.0,0.0,979.0,0.0,2359.568
2026-05-19 15:06:18.982,72250,1037.334,6.023390614508,1031.607,108.852,2226.878
2026-05-19 15:06:18.983,72500,1037.334,6.023390614508,1031.607,108.852,2226.878
2026-05-19 15:06:18.983,72750,1037.334,6.023390614508,1031.607,108.852,2226.878
2026-05-19 15:06:18.983,73000,979.0,0.0,979.0,0.0,2226.878
2026-05-19 15:06:19.094,73250,979.0,0.0,979.0,0.0,2226.878
2026-05-19 15:06:19.095,73500,979.0,0.0,979.0,0.0,2226.878
2026-05-19 15:06:19.095,73750,979.0,0.0,979.0,0.0,2226.878
2026-05-19 15:06:19.095,74000,979.0,0.0,979.0,0.0,2226.878
2026-05-19 15:06:19.206,74250,979.0,0.0,979.0,0.0,2226.878
2026-05-19 15:06:19.207,74500,979.0,0.0,979.0,0.0,2226.878
2026-05-19 15:06:19.207,74750,979.0,0.0,979.0,0.0,2226.878
2026-05-19 15:06:19.207,75000,979.0,0.0,979.0,0.0,2226.878
2026-05-19 15:06:19.313,75250,979.0,0.0,979.0,0.0,2226.878
2026-05-19 15:06:19.314,75500,979.0,0.0,979.0,0.0,2226.878
2026-05-19 15:06:19.314,75750,979.0,0.0,979.0,0.0,2226.878
2026-05-19 15:06:19.315,76000,979.0,0.0,979.0,0.0,2226.878
2026-05-19 15:06:19.425,76250,979.0,0.0,979.0,0.0,2226.878
2026-05-19 15:06:19.426,76500,979.0,0.0,979.0,0.0,2226.878
2026-05-19 15:06:19.426,76750,979.0,0.0,979.0,0.0,2226.878
2026-05-19 15:06:19.426,77000,979.0,0.0,979.0,0.0,2226.878
2026-05-19 15:06:19.427,77250,979.0,0.0,979.0,0.0,2226.878
2026-05-19 15:06:19.536,77500,918.328,1.94125559201,917.489,29.728,2134.874
2026-05-19 15:06:19.537,77750,979.0,0.0,979.0,0.0,1996.867
2026-05-19 15:06:19.537,78000,979.0,0.0,979.0,0.0,1996.867
2026-05-19 15:06:19.538,78250,979.0,0.0,979.0,0.0,1996.867
2026-05-19 15:06:19.538,78500,979.0,0.0,979.0,0.0,1996.867
2026-05-19 15:06:19.647,78750,979.0,0.0,979.0,0.0,1996.867
2026-05-19 15:06:19.647,79000,979.0,0.0,979.0,0.0,1996.867
2026-05-19 15:06:19.648,79250,979.0,0.0,979.0,0.0,1996.867
2026-05-19 15:06:19.648,79500,979.0,0.0,979.0,0.0,1996.867
2026-05-19 15:06:19.649,79750,979.0,0.0,979.0,0.0,1996.867
2026-05-19 15:06:19.758,80000,979.0,0.0,979.0,0.0,1996.867
2026-05-19 15:06:19.758,80250,979.0,0.0,979.0,0.0,1996.867
2026-05-19 15:06:19.759,80500,979.0,0.0,979.0,0.0,1996.867
2026-05-19 15:06:19.759,80750,979.0,0.0,979.0,0.0,1996.867
2026-05-19 15:06:19.759,81000,979.0,0.0,979.0,0.0,1996.867
2026-05-19 15:06:19.869,81250,979.0,0.0,979.0,0.0,1996.867
2026-05-19 15:06:19.869,81500,979.0,0.0,979.0,0.0,1996.867
2026-05-19 15:06:19.870,81750,936.249,-5.340639762733,931.228,-86.078,1975.067
2026-05-19 15:06:19.870,82000,979.0,0.0,979.0,0.0,1887.867
2026-05-19 15:06:19.870,82250,979.0,0.0,979.0,0.0,1887.867
2026-05-19 15:06:19.979,82500,979.0,0.0,979.0,0.0,1887.867
2026-05-19 15:06:19.980,82750,979.0,0.0,979.0,0.0,1887.867
2026-05-19 15:06:19.981,83000,979.0,0.0,979.0,0.0,1887.867
2026-05-19 15:06:19.981,83250,979.0,0.0,979.0,0.0,1662.085
2026-05-19 15:06:20.090,83500,979.0,0.0,979.0,0.0,1662.085
2026-05-19 15:06:20.091,83750,979.0,0.0,979.0,0.0,1662.085
2026-05-19 15:06:20.091,84000,979.0,0.0,979.0,0.0,1662.085
2026-05-19 15:06:20.092,84250,979.0,0.0,979.0,0.0,1662.085
2026-05-19 15:06:20.092,84500,979.0,0.0,979.0,0.0,1662.085
2026-05-19 15:06:20.202,84750,979.0,0.0,979.0,0.0,1662.085
2026-05-19 15:06:20.203,85000,979.0,0.0,979.0,0.0,1662.085
2026-05-19 15:06:20.203,85250,979.0,0.0,979.0,0.0,1662.085
2026-05-19 15:06:20.203,85500,979.0,0.0,979.0,0.0,1662.085
2026-05-19 15:06:20.204,85750,979.0,0.0,979.0,0.0,1662.085
2026-05-19 15:06:20.314,86000,979.0,0.0,979.0,0.0,1662.085
2026-05-19 15:06:20.315,86250,979.0,0.0,979.0,0.0,1662.085
2026-05-19 15:06:20.315,86500,979.0,0.0,979.0,0.0,1662.085
2026-05-19 15:06:20.316,86750,979.0,0.0,979.0,0.0,1662.085
2026-05-19 15:06:20.316,87000,979.0,0.0,979.0,0.0,1662.085
2026-05-19 15:06:20.426,87250,979.0,0.0,979.0,0.0,1662.085
2026-05-19 15:06:20.427,87500,979.0,0.0,979.0,0.0,1662.085
2026-05-19 15:06:20.427,87750,979.0,0.0,979.0,0.0,1662.085
2026-05-19 15:06:20.428,88000,979.0,0.0,979.0,0.0,1662.085
2026-05-19 15:06:20.428,88250,979.0,0.0,979.0,0.0,1662.085
2026-05-19 15:06:20.538,88500,979.0,0.0,979.0,0.0,1662.085
2026-05-19 15:06:20.539,88750,979.0,0.0,979.0,0.0,1662.085
2026-05-19 15:06:20.539,89000,979.0,0.0,979.0,0.0,1662.085
2026-05-19 15:06:20.540,89250,979.0,0.0,979.0,0.0,1436.336
2026-05-19 15:06:20.540,89500,979.0,0.0,979.0,0.0,1436.336
2026-05-19 15:06:20.649,89750,979.0,0.0,979.0,0.0,1436.336
2026-05-19 15:06:20.650,90000,979.0,0.0,979.0,0.0,1436.336
2026-05-19 15:06:20.650,90250,902.84,-9.90199356769,889.391,-155.255,1436.336
2026-05-19 15:06:20.651,90500,979.0,0.0,979.0,0.0,1324.598
2026-05-19 15:06:20.760,90750,979.0,0.0,979.0,0.0,1324.598
2026-05-19 15:06:20.762,91000,979.0,0.0,979.0,0.0,1324.598
2026-05-19 15:06:20.763,91250,979.0,0.0,979.0,0.0,1324.598
2026-05-19 15:06:20.764,91500,979.0,0.0,979.0,0.0,1324.598
2026-05-19 15:06:20.764,91750,979.0,0.0,979.0,0.0,1324.598
2026-05-19 15:06:20.872,92000,979.0,0.0,979.0,0.0,1324.598
2026-05-19 15:06:20.872,92250,979.0,0.0,979.0,0.0,1324.598
2026-05-19 15:06:20.873,92500,979.0,0.0,979.0,0.0,1324.598
2026-05-19 15:06:20.873,92750,979.0,0.0,979.0,0.0,1324.598
2026-05-19 15:06:20.874,93000,979.0,0.0,979.0,0.0,1324.598
2026-05-19 15:06:20.985,93250,979.0,0.0,979.0,0.0,1324.598
2026-05-19 15:06:20.985,93500,979.0,0.0,979.0,0.0,1324.598
2026-05-19 15:06:20.986,93750,979.0,0.0,979.0,0.0,1324.598
2026-05-19 15:06:20.986,94000,979.0,0.0,979.0,0.0,1324.598
2026-05-19 15:06:20.986,94250,979.0,0.0,979.0,0.0,1324.598
2026-05-19 15:06:21.097,94500,979.0,0.0,979.0,0.0,1324.598
2026-05-19 15:06:21.097,94750,979.0,0.0,979.0,0.0,1324.598
2026-05-19 15:06:21.098,95000,979.0,0.0,979.0,0.0,1324.598
2026-05-19 15:06:21.098,95250,1118.423,-3.037451139804,1115.588,-64.136,1172.144
2026-05-19 15:06:21.099,95500,979.0,0.0,979.0,0.0,1070.507
2026-05-19 15:06:21.209,95750,979.0,0.0,979.0,0.0,1070.507
2026-05-19 15:06:21.210,96000,979.0,0.0,979.0,0.0,1070.507
2026-05-19 15:06:21.210,96250,979.0,0.0,979.0,0.0,1070.507
2026-05-19 15:06:21.211,96500,979.0,0.0,979.0,0.0,1070.507
2026-05-19 15:06:21.211,96750,979.0,0.0,979.0,0.0,1070.507
2026-05-19 15:06:21.329,97000,979.0,0.0,979.0,0.0,1070.507
2026-05-19 15:06:21.329,97250,979.0,0.0,979.0,0.0,1070.507
2026-05-19 15:06:21.330,97500,979.0,0.0,979.0,0.0,1070.507
2026-05-19 15:06:21.330,97750,979.0,0.0,979.0,0.0,1070.507
2026-05-19 15:06:21.331,98000,979.0,0.0,979.0,0.0,1070.507
2026-05-19 15:06:21.441,98250,979.0,0.0,979.0,0.0,1070.507
2026-05-19 15:06:21.441,98500,979.0,0.0,979.0,0.0,1070.507
2026-05-19 15:06:21.441,98750,979.0,0.0,979.0,0.0,1070.507
2026-05-19 15:06:21.442,99000,979.0,0.0,979.0,0.0,1070.507
2026-05-19 15:06:21.442,99250,979.0,0.0,979.0,0.0,1070.507
2026-05-19 15:06:21.553,99500,979.0,0.0,979.0,0.0,1070.507
2026-05-19 15:06:21.553,99750,979.0,0.0,979.0,0.0,1070.507
2026-05-19 15:06:21.554,100000,979.0,0.0,979.0,0.0,1070.507
2026-05-19 15:06:22.113,10000,979.0,0.0,979.0,0.0,9286.314
2026-05-19 15:06:22.225,10250,979.0,0.0,979.0,0.0,9286.314
2026-05-19 15:06:22.438,10500,979.0,0.0,979.0,0.0,9286.314
2026-05-19 15:06:22.552,10750,973.265,1.248790916917,972.977,21.179,9341.111
2026-05-19 15:06:22.663,11000,979.0,0.0,979.0,0.0,9354.811
2026-05-19 15:06:22.774,11250,973.792,-0.089159180113,973.786,-1.483,9155.734
2026-05-19 15:06:22.995,11500,972.816,1.183926534127,972.557,20.068,9163.945
2026-05-19 15:06:23.107,11750,979.0,0.0,979.0,0.0,9178.44
2026-05-19 15:06:23.216,12000,979.0,0.0,979.0,0.0,9178.44
2026-05-19 15:06:23.329,12250,979.0,0.0,979.0,0.0,9178.44
2026-05-19 15:06:23.443,12500,979.0,0.0,979.0,0.0,9258.26
2026-05-19 15:06:23.556,12750,954.385,-0.517751315924,954.346,-8.624,9258.26
2026-05-19 15:06:23.668,13000,979.0,0.0,979.0,0.0,9025.481
2026-05-19 15:06:23.780,13250,986.082,-0.1683224056,986.009,-2.867,9046.181
2026-05-19 15:06:23.893,13500,979.0,0.0,979.0,0.0,9110.657
2026-05-19 15:06:24.004,13750,979.0,0.0,979.0,0.0,9110.657
2026-05-19 15:06:24.115,14000,979.0,0.0,979.0,0.0,8971.41
2026-05-19 15:06:24.226,14250,979.0,0.0,979.0,0.0,8971.41
2026-05-19 15:06:24.328,14500,979.0,0.0,979.0,0.0,8971.41
2026-05-19 15:06:24.439,14750,986.034,-0.914447904017,985.824,-15.81,9014.381
2026-05-19 15:06:24.549,15000,972.945,-0.1671328197,972.934,-2.812,8994.604
2026-05-19 15:06:24.659,15250,979.0,0.0,979.0,0.0,8938.448
2026-05-19 15:06:24.769,15500,979.0,0.0,979.0,0.0,8938.448
2026-05-19 15:06:24.880,15750,979.0,0.0,979.0,0.0,9052.108
2026-05-19 15:06:24.991,16000,979.0,0.0,979.0,0.0,8828.731
2026-05-19 15:06:25.102,16250,979.0,0.0,979.0,0.0,8828.731
2026-05-19 15:06:25.102,16500,976.987,0.222201156925,976.95,3.757,8847.076
2026-05-19 15:06:25.215,16750,983.859,0.155728087767,983.841,2.727,8877.251
2026-05-19 15:06:25.329,17000,979.0,0.0,979.0,0.0,8704.426
2026-05-19 15:06:25.440,17250,962.794,-1.789623062221,962.244,-30.156,8757.246
2026-05-19 15:06:25.549,17500,979.0,0.0,979.0,0.0,8836.474
2026-05-19 15:06:25.660,17750,979.0,0.0,979.0,0.0,8611.81
2026-05-19 15:06:25.660,18000,979.0,0.0,979.0,0.0,8611.81
2026-05-19 15:06:25.771,18250,995.101,1.852252304597,994.504,32.055,8473.065
2026-05-19 15:06:25.882,18500,979.0,0.0,979.0,0.0,8531.103
2026-05-19 15:06:25.986,18750,979.0,0.0,979.0,0.0,8531.103
2026-05-19 15:06:25.986,19000,984.011,0.200677693461,983.98,3.517,8488.527
2026-05-19 15:06:26.097,19250,979.0,0.0,979.0,0.0,8318.223
2026-05-19 15:06:26.208,19500,974.152,-0.217733426676,974.117,-3.628,8297.795
2026-05-19 15:06:26.313,19750,964.456,-0.653200280028,964.352,-10.884,8381.639
2026-05-19 15:06:26.314,20000,979.0,0.0,979.0,0.0,8255.872
2026-05-19 15:06:26.425,20250,979.0,0.0,979.0,0.0,8255.872
2026-05-19 15:06:26.536,20500,979.0,0.0,979.0,0.0,8055.627
2026-05-19 15:06:26.537,20750,979.0,0.0,979.0,0.0,8210.115
2026-05-19 15:06:26.647,21000,959.182,-1.005522859644,959.034,-16.832,8210.115
2026-05-19 15:06:26.759,21250,979.0,0.0,979.0,0.0,8043.919
2026-05-19 15:06:26.759,21500,979.0,0.0,979.0,0.0,8043.919
2026-05-19 15:06:26.869,21750,974.441,-0.240865512311,974.399,-4.019,7894.082
2026-05-19 15:06:26.980,22000,1000.678,-1.344840918854,1000.403,-23.486,7856.622
2026-05-19 15:06:26.981,22250,979.0,0.0,979.0,0.0,8030.595
2026-05-19 15:06:27.092,22500,979.0,0.0,979.0,0.0,7842.522
2026-05-19 15:06:27.203,22750,979.0,0.0,979.0,0.0,7842.522
2026-05-19 15:06:27.203,23000,979.0,0.0,979.0,0.0,7658.862
2026-05-19 15:06:27.313,23250,979.0,0.0,979.0,0.0,7658.862
2026-05-19 15:06:27.424,23500,979.0,0.0,979.0,0.0,7658.862
2026-05-19 15:06:27.424,23750,979.0,0.0,979.0,0.0,7498.755
2026-05-19 15:06:27.535,24000,979.0,0.0,979.0,0.0,7683.264
2026-05-19 15:06:27.536,24250,979.0,0.0,979.0,0.0,7515.704
2026-05-19 15:06:27.648,24500,979.0,0.0,979.0,0.0,7515.704
2026-05-19 15:06:27.759,24750,979.0,0.0,979.0,0.0,7515.704
2026-05-19 15:06:27.760,25000,979.0,0.0,979.0,0.0,7360.845
2026-05-19 15:06:27.871,25250,979.0,0.0,979.0,0.0,7360.845
2026-05-19 15:06:27.872,25500,979.0,0.0,979.0,0.0,7206.363
2026-05-19 15:06:27.982,25750,979.0,0.0,979.0,0.0,7206.363
2026-05-19 15:06:27.983,26000,979.0,0.0,979.0,0.0,7206.363
2026-05-19 15:06:28.094,26250,979.0,0.0,979.0,0.0,7078.333
2026-05-19 15:06:28.095,26500,982.984,0.339432596033,982.896,5.917,7050.105
2026-05-19 15:06:28.205,26750,979.0,0.0,979.0,0.0,6937.194
2026-05-19 15:06:28.312,27000,979.0,0.0,979.0,0.0,6937.194
2026-05-19 15:06:28.313,27250,994.275,1.38987360924,993.907,24.208,6831.029
2026-05-19 15:06:28.423,27500,979.0,0.0,979.0,0.0,6804.488
2026-05-19 15:06:28.424,27750,979.0,0.0,979.0,0.0,6804.488
2026-05-19 15:06:28.537,28000,979.0,0.0,979.0,0.0,6670.342
2026-05-19 15:06:28.537,28250,979.0,0.0,979.0,0.0,6670.342
2026-05-19 15:06:28.649,28500,979.0,0.0,979.0,0.0,6557.083
2026-05-19 15:06:28.649,28750,979.0,0.0,979.0,0.0,6557.083
2026-05-19 15:06:28.760,29000,979.0,0.0,979.0,0.0,6557.083
2026-05-19 15:06:28.760,29250,979.0,0.0,979.0,0.0,6439.888
2026-05-19 15:06:28.871,29500,979.0,0.0,979.0,0.0,6439.888
2026-05-19 15:06:28.872,29750,979.0,0.0,979.0,0.0,6329.513
2026-05-19 15:06:28.982,30000,979.0,0.0,979.0,0.0,6329.513
2026-05-19 15:06:28.983,30250,979.0,0.0,979.0,0.0,6329.513
2026-05-19 15:06:29.093,30500,979.0,0.0,979.0,0.0,6231.235
2026-05-19 15:06:29.094,30750,979.0,0.0,979.0,0.0,6231.235
2026-05-19 15:06:29.204,31000,979.0,0.0,979.0,0.0,6231.235
2026-05-19 15:06:29.206,31250,979.0,0.0,979.0,0.0,6132.743
2026-05-19 15:06:29.312,31500,979.0,0.0,979.0,0.0,6132.743
2026-05-19 15:06:29.312,31750,979.0,0.0,979.0,0.0,6055.123
2026-05-19 15:06:29.423,32000,979.0,0.0,979.0,0.0,5819.217
2026-05-19 15:06:29.424,32250,979.0,0.0,979.0,0.0,5819.217
2026-05-19 15:06:29.534,32500,979.0,0.0,979.0,0.0,5745.191
2026-05-19 15:06:29.535,32750,979.0,0.0,979.0,0.0,5745.191
2026-05-19 15:06:29.535,33000,979.0,0.0,979.0,0.0,5745.191
2026-05-19 15:06:29.645,33250,979.0,0.0,979.0,0.0,5682.385
2026-05-19 15:06:29.646,33500,979.0,0.0,979.0,0.0,5682.385
2026-05-19 15:06:29.756,33750,970.058,-2.653204997906,969.019,-44.905,5682.385
2026-05-19 15:06:29.757,34000,979.0,0.0,979.0,0.0,5630.485
2026-05-19 15:06:29.867,34250,979.0,0.0,979.0,0.0,5379.444
2026-05-19 15:06:29.868,34500,971.643,-2.735321777529,970.536,-46.369,5379.444
2026-05-19 15:06:29.868,34750,979.0,0.0,979.0,0.0,5339.018
2026-05-19 15:06:29.980,35000,979.0,0.0,979.0,0.0,5339.018
2026-05-19 15:06:29.980,35250,979.0,0.0,979.0,0.0,5339.018
2026-05-19 15:06:30.091,35500,979.0,0.0,979.0,0.0,5311.955
2026-05-19 15:06:30.091,35750,979.0,0.0,979.0,0.0,5069.911
2026-05-19 15:06:30.201,36000,979.0,0.0,979.0,0.0,5069.911
2026-05-19 15:06:30.202,36250,979.0,0.0,979.0,0.0,5053.16
2026-05-19 15:06:30.313,36500,979.0,0.0,979.0,0.0,5053.16
2026-05-19 15:06:30.314,36750,978.941,-2.701684899244,977.128,-46.111,5052.956
2026-05-19 15:06:30.315,37000,979.0,0.0,979.0,0.0,5052.649
2026-05-19 15:06:30.425,37250,979.0,0.0,979.0,0.0,4801.84
2026-05-19 15:06:30.425,37500,979.0,0.0,979.0,0.0,4801.84
2026-05-19 15:06:30.536,37750,979.0,0.0,979.0,0.0,4819.526
2026-05-19 15:06:30.536,38000,979.0,0.0,979.0,0.0,4819.526
2026-05-19 15:06:30.537,38250,979.0,0.0,979.0,0.0,4819.526
2026-05-19 15:06:30.647,38500,979.0,0.0,979.0,0.0,4819.526
2026-05-19 15:06:30.648,38750,979.0,0.0,979.0,0.0,4591.487
2026-05-19 15:06:30.648,39000,979.0,0.0,979.0,0.0,4591.487
2026-05-19 15:06:30.757,39250,979.0,0.0,979.0,0.0,4591.487
2026-05-19 15:06:30.757,39500,979.0,0.0,979.0,0.0,4591.487
2026-05-19 15:06:30.868,39750,979.0,0.0,979.0,0.0,4637.368
2026-05-19 15:06:30.868,40000,979.0,0.0,979.0,0.0,4380.519
2026-05-19 15:06:30.869,40250,979.0,0.0,979.0,0.0,4380.519
2026-05-19 15:06:30.979,40500,979.0,0.0,979.0,0.0,4380.519
2026-05-19 15:06:30.979,40750,985.161,-1.382225605795,984.438,-23.975,4421.872
2026-05-19 15:06:31.090,41000,979.0,0.0,979.0,0.0,4449.44
2026-05-19 15:06:31.091,41250,979.0,0.0,979.0,0.0,4262.566
2026-05-19 15:06:31.091,41500,979.0,0.0,979.0,0.0,4262.566
2026-05-19 15:06:31.202,41750,960.683,3.218750224387,959.168,53.941,4343.838
2026-05-19 15:06:31.202,42000,979.0,0.0,979.0,0.0,4343.838
2026-05-19 15:06:31.313,42250,935.346,-0.998868943928,935.171,-16.115,4295.415
2026-05-19 15:06:31.314,42500,979.0,0.0,979.0,0.0,4101.722
2026-05-19 15:06:31.315,42750,979.0,0.0,979.0,0.0,4101.722
2026-05-19 15:06:31.426,43000,979.0,0.0,979.0,0.0,4101.722
2026-05-19 15:06:31.426,43250,979.0,0.0,979.0,0.0,4198.29
2026-05-19 15:06:31.427,43500,979.0,0.0,979.0,0.0,4198.29
2026-05-19 15:06:31.539,43750,979.0,0.0,979.0,0.0,3960.624
2026-05-19 15:06:31.539,44000,979.0,0.0,979.0,0.0,3960.624
2026-05-19 15:06:31.540,44250,979.0,0.0,979.0,0.0,3960.624
2026-05-19 15:06:31.651,44500,979.0,0.0,979.0,0.0,3960.624
2026-05-19 15:06:31.653,44750,979.0,0.0,979.0,0.0,3861.35
2026-05-19 15:06:31.653,45000,979.0,0.0,979.0,0.0,3861.35
2026-05-19 15:06:31.764,45250,979.0,0.0,979.0,0.0,3861.35
2026-05-19 15:06:31.764,45500,979.0,0.0,979.0,0.0,3861.35
2026-05-19 15:06:31.765,45750,979.0,0.0,979.0,0.0,3861.35
2026-05-19 15:06:31.875,46000,979.0,0.0,979.0,0.0,3655.855
2026-05-19 15:06:31.876,46250,979.0,0.0,979.0,0.0,3823.201
2026-05-19 15:06:31.876,46500,979.0,0.0,979.0,0.0,3823.201
2026-05-19 15:06:31.987,46750,979.0,0.0,979.0,0.0,3823.201
2026-05-19 15:06:31.987,47000,979.0,0.0,979.0,0.0,3823.201
2026-05-19 15:06:31.988,47250,979.0,0.0,979.0,0.0,3625.638
2026-05-19 15:06:32.098,47500,979.0,0.0,979.0,0.0,3625.638
2026-05-19 15:06:32.099,47750,979.0,0.0,979.0,0.0,3625.638
2026-05-19 15:06:32.099,48000,979.0,0.0,979.0,0.0,3625.638
2026-05-19 15:06:32.210,48250,970.132,0.614476430973,969.863,10.019,3660.04
2026-05-19 15:06:32.211,48500,979.0,0.0,979.0,0.0,3618.973
2026-05-19 15:06:32.211,48750,979.0,0.0,979.0,0.0,3618.973
2026-05-19 15:06:32.328,49000,979.0,0.0,979.0,0.0,3618.973
2026-05-19 15:06:32.329,49250,930.053,-3.100736592919,928.692,-50.308,3618.973
2026-05-19 15:06:32.329,49500,979.0,0.0,979.0,0.0,3438.037
2026-05-19 15:06:32.440,49750,979.0,0.0,979.0,0.0,3438.037
2026-05-19 15:06:32.440,50000,979.0,0.0,979.0,0.0,3438.037
2026-05-19 15:06:32.441,50250,979.0,0.0,979.0,0.0,3438.037
2026-05-19 15:06:32.441,50500,979.0,0.0,979.0,0.0,3438.037
2026-05-19 15:06:32.551,50750,979.0,0.0,979.0,0.0,3438.037
2026-05-19 15:06:32.552,51000,979.0,0.0,979.0,0.0,3448.719
2026-05-19 15:06:32.552,51250,979.0,0.0,979.0,0.0,3448.719
2026-05-19 15:06:32.664,51500,979.0,0.0,979.0,0.0,3448.719
2026-05-19 15:06:32.664,51750,979.0,0.0,979.0,0.0,3448.719
2026-05-19 15:06:32.665,52000,979.0,0.0,979.0,0.0,3448.719
2026-05-19 15:06:32.775,52250,979.0,0.0,979.0,0.0,3304.868
2026-05-19 15:06:32.776,52500,979.0,0.0,979.0,0.0,3304.868
2026-05-19 15:06:32.776,52750,979.0,0.0,979.0,0.0,3304.868
2026-05-19 15:06:32.776,53000,979.0,0.0,979.0,0.0,3304.868
2026-05-19 15:06:32.888,53250,979.0,0.0,979.0,0.0,3304.868
2026-05-19 15:06:32.888,53500,979.0,0.0,979.0,0.0,3304.868
2026-05-19 15:06:32.889,53750,979.0,0.0,979.0,0.0,3181.295
2026-05-19 15:06:33.000,54000,979.0,0.0,979.0,0.0,3181.295
2026-05-19 15:06:33.000,54250,979.0,0.0,979.0,0.0,3181.295
2026-05-19 15:06:33.000,54500,979.0,0.0,979.0,0.0,3181.295
2026-05-19 15:06:33.001,54750,979.0,0.0,979.0,0.0,3181.295
2026-05-19 15:06:33.111,55000,979.0,0.0,979.0,0.0,3181.295
2026-05-19 15:06:33.112,55250,979.0,0.0,979.0,0.0,3181.295
2026-05-19 15:06:33.112,55500,951.451,-3.361812665895,949.419,-55.372,3158.914
2026-05-19 15:06:33.224,55750,979.0,0.0,979.0,0.0,3069.393
2026-05-19 15:06:33.224,56000,979.0,0.0,979.0,0.0,3069.393
2026-05-19 15:06:33.225,56250,979.0,0.0,979.0,0.0,3069.393
2026-05-19 15:06:33.328,56500,979.0,0.0,979.0,0.0,3069.393
2026-05-19 15:06:33.329,56750,979.0,0.0,979.0,0.0,3069.393
2026-05-19 15:06:33.329,57000,979.0,0.0,979.0,0.0,3069.393
2026-05-19 15:06:33.330,57250,979.0,0.0,979.0,0.0,3069.393
2026-05-19 15:06:33.441,57500,979.0,0.0,979.0,0.0,3069.393
2026-05-19 15:06:33.442,57750,979.0,0.0,979.0,0.0,3069.393
2026-05-19 15:06:33.442,58000,937.022,6.321979856173,931.324,103.181,3206.9
2026-05-19 15:06:33.553,58250,906.252,1.463962538707,905.957,23.153,3206.9
2026-05-19 15:06:33.554,58500,906.252,1.463962538707,905.957,23.153,3206.9
2026-05-19 15:06:33.554,58750,983.16,0.873980955756,982.578,15.236,3193.558
2026-05-19 15:06:33.665,59000,999.799,4.369904778779,996.892,76.18,3140.187
2026-05-19 15:06:33.666,59250,974.927,-0.873980955756,974.369,-14.609,3153.529
2026-05-19 15:06:33.667,59500,958.634,-4.369904778779,955.847,-73.043,3206.9
2026-05-19 15:06:33.667,59750,1035.586,-5.833867317486,1030.223,-105.261,2968.602
2026-05-19 15:06:33.777,60000,979.0,0.0,979.0,0.0,2968.602
2026-05-19 15:06:33.777,60250,979.0,0.0,979.0,0.0,2968.602
2026-05-19 15:06:33.777,60500,979.0,0.0,979.0,0.0,2968.602
2026-05-19 15:06:33.778,60750,979.0,0.0,979.0,0.0,2968.602
2026-05-19 15:06:33.889,61000,979.0,0.0,979.0,0.0,2968.602
2026-05-19 15:06:33.889,61250,979.0,0.0,979.0,0.0,2968.602
2026-05-19 15:06:33.890,61500,979.0,0.0,979.0,0.0,2968.602
2026-05-19 15:06:33.890,61750,979.0,0.0,979.0,0.0,2968.602
2026-05-19 15:06:33.999,62000,979.0,0.0,979.0,0.0,2968.602
2026-05-19 15:06:34.000,62250,979.0,0.0,979.0,0.0,2968.602
2026-05-19 15:06:34.000,62500,979.0,0.0,979.0,0.0,2968.602
2026-05-19 15:06:34.001,62750,979.0,0.0,979.0,0.0,2968.602
2026-05-19 15:06:34.110,63000,979.0,0.0,979.0,0.0,2968.602
2026-05-19 15:06:34.111,63250,979.0,0.0,979.0,0.0,2736.319
2026-05-19 15:06:34.111,63500,979.0,0.0,979.0,0.0,2736.319
2026-05-19 15:06:34.112,63750,979.0,0.0,979.0,0.0,2736.319
2026-05-19 15:06:34.222,64000,979.0,0.0,979.0,0.0,2736.319
2026-05-19 15:06:34.222,64250,979.0,0.0,979.0,0.0,2736.319
2026-05-19 15:06:34.223,64500,979.0,0.0,979.0,0.0,2736.319
2026-05-19 15:06:34.223,64750,979.0,0.0,979.0,0.0,2736.319
2026-05-19 15:06:34.329,65000,979.0,0.0,979.0,0.0,2736.319
2026-05-19 15:06:34.329,65250,979.0,0.0,979.0,0.0,2736.319
2026-05-19 15:06:34.330,65500,979.0,0.0,979.0,0.0,2736.319
2026-05-19 15:06:34.441,65750,979.0,0.0,979.0,0.0,2736.319
2026-05-19 15:06:34.441,66000,979.0,0.0,979.0,0.0,2736.319
2026-05-19 15:06:34.442,66250,979.0,0.0,979.0,0.0,2736.319
2026-05-19 15:06:34.442,66500,979.0,0.0,979.0,0.0,2736.319
2026-05-19 15:06:34.552,66750,979.0,0.0,979.0,0.0,2736.319
2026-05-19 15:06:34.553,67000,979.0,0.0,979.0,0.0,2736.319
2026-05-19 15:06:34.553,67250,979.0,0.0,979.0,0.0,2492.103
2026-05-19 15:06:34.553,67500,979.0,0.0,979.0,0.0,2492.103
2026-05-19 15:06:34.663,67750,979.0,0.0,979.0,0.0,2492.103
2026-05-19 15:06:34.663,68000,979.0,0.0,979.0,0.0,2492.103
2026-05-19 15:06:34.664,68250,979.0,0.0,979.0,0.0,2492.103
2026-05-19 15:06:34.664,68500,952.176,-3.340650397835,949.532,-54.389,2563.652
2026-05-19 15:06:34.777,68750,943.235,-4.454200530447,939.709,-72.518,2587.501
2026-05-19 15:06:34.778,69000,934.294,-5.567750663059,929.886,-90.648,2611.351
2026-05-19 15:06:34.778,69250,979.0,0.0,979.0,0.0,2611.351
2026-05-19 15:06:34.779,69500,979.0,0.0,979.0,0.0,2611.351
2026-05-19 15:06:34.888,69750,979.0,0.0,979.0,0.0,2611.351
2026-05-19 15:06:34.888,70000,979.0,0.0,979.0,0.0,2611.351
2026-05-19 15:06:34.889,70250,979.0,0.0,979.0,0.0,2611.351
2026-05-19 15:06:34.889,70500,979.0,0.0,979.0,0.0,2611.351
2026-05-19 15:06:34.999,70750,979.0,0.0,979.0,0.0,2611.351
2026-05-19 15:06:34.999,71000,979.0,0.0,979.0,0.0,2611.351
2026-05-19 15:06:35.000,71250,979.0,0.0,979.0,0.0,2611.351
2026-05-19 15:06:35.000,71500,979.0,0.0,979.0,0.0,2611.351
2026-05-19 15:06:35.111,71750,1041.68,-2.020876309955,1040.557,-38.193,2460.281
2026-05-19 15:06:35.112,72000,979.0,0.0,979.0,0.0,2359.568
2026-05-19 15:06:35.112,72250,1037.334,6.023390614508,1031.607,108.852,2226.878
2026-05-19 15:06:35.112,72500,1037.334,6.023390614508,1031.607,108.852,2226.878
2026-05-19 15:06:35.222,72750,1037.334,6.023390614508,1031.607,108.852,2226.878
2026-05-19 15:06:35.223,73000,979.0,0.0,979.0,0.0,2226.878
2026-05-19 15:06:35.223,73250,979.0,0.0,979.0,0.0,2226.878
2026-05-19 15:06:35.224,73500,979.0,0.0,979.0,0.0,2226.878
2026-05-19 15:06:35.331,73750,979.0,0.0,979.0,0.0,2226.878
2026-05-19 15:06:35.332,74000,979.0,0.0,979.0,0.0,2226.878
2026-05-19 15:06:35.332,74250,979.0,0.0,979.0,0.0,2226.878
2026-05-19 15:06:35.332,74500,979.0,0.0,979.0,0.0,2226.878
2026-05-19 15:06:35.448,74750,979.0,0.0,979.0,0.0,2226.878
2026-05-19 15:06:35.448,75000,979.0,0.0,979.0,0.0,2226.878
2026-05-19 15:06:35.449,75250,979.0,0.0,979.0,0.0,2226.878
2026-05-19 15:06:35.449,75500,979.0,0.0,979.0,0.0,2226.878
2026-05-19 15:06:35.449,75750,979.0,0.0,979.0,0.0,2226.878
2026-05-19 15:06:35.558,76000,979.0,0.0,979.0,0.0,2226.878
2026-05-19 15:06:35.559,76250,979.0,0.0,979.0,0.0,2226.878
2026-05-19 15:06:35.559,76500,979.0,0.0,979.0,0.0,2226.878
2026-05-19 15:06:35.560,76750,979.0,0.0,979.0,0.0,2226.878
2026-05-19 15:06:35.560,77000,979.0,0.0,979.0,0.0,2226.878
2026-05-19 15:06:35.669,77250,979.0,0.0,979.0,0.0,2226.878
2026-05-19 15:06:35.669,77500,898.104,2.588340789346,896.985,39.637,2180.876
2026-05-19 15:06:35.670,77750,979.0,0.0,979.0,0.0,1996.867
2026-05-19 15:06:35.670,78000,979.0,0.0,979.0,0.0,1996.867
2026-05-19 15:06:35.779,78250,979.0,0.0,979.0,0.0,1996.867
2026-05-19 15:06:35.780,78500,979.0,0.0,979.0,0.0,1996.867
2026-05-19 15:06:35.780,78750,979.0,0.0,979.0,0.0,1996.867
2026-05-19 15:06:35.781,79000,979.0,0.0,979.0,0.0,1996.867
2026-05-19 15:06:35.781,79250,979.0,0.0,979.0,0.0,1996.867
2026-05-19 15:06:35.890,79500,979.0,0.0,979.0,0.0,1996.867
2026-05-19 15:06:35.891,79750,979.0,0.0,979.0,0.0,1996.867
2026-05-19 15:06:35.891,80000,979.0,0.0,979.0,0.0,1996.867
2026-05-19 15:06:35.891,80250,979.0,0.0,979.0,0.0,1996.867
2026-05-19 15:06:35.892,80500,979.0,0.0,979.0,0.0,1996.867
2026-05-19 15:06:36.000,80750,979.0,0.0,979.0,0.0,1996.867
2026-05-19 15:06:36.001,81000,979.0,0.0,979.0,0.0,1996.867
2026-05-19 15:06:36.001,81250,979.0,0.0,979.0,0.0,1996.867
2026-05-19 15:06:36.002,81500,979.0,0.0,979.0,0.0,1996.867
2026-05-19 15:06:36.002,81750,925.561,-6.675799703416,919.285,-107.598,1996.867
2026-05-19 15:06:36.111,82000,979.0,0.0,979.0,0.0,1887.867
2026-05-19 15:06:36.112,82250,979.0,0.0,979.0,0.0,1887.867
2026-05-19 15:06:36.112,82500,979.0,0.0,979.0,0.0,1887.867
2026-05-19 15:06:36.112,82750,979.0,0.0,979.0,0.0,1887.867
2026-05-19 15:06:36.113,83000,979.0,0.0,979.0,0.0,1887.867
2026-05-19 15:06:36.222,83250,979.0,0.0,979.0,0.0,1662.085
2026-05-19 15:06:36.222,83500,979.0,0.0,979.0,0.0,1662.085
2026-05-19 15:06:36.223,83750,979.0,0.0,979.0,0.0,1662.085
2026-05-19 15:06:36.223,84000,979.0,0.0,979.0,0.0,1662.085
2026-05-19 15:06:36.328,84250,979.0,0.0,979.0,0.0,1662.085
2026-05-19 15:06:36.328,84500,979.0,0.0,979.0,0.0,1662.085
2026-05-19 15:06:36.329,84750,979.0,0.0,979.0,0.0,1662.085
2026-05-19 15:06:36.329,85000,979.0,0.0,979.0,0.0,1662.085
2026-05-19 15:06:36.330,85250,979.0,0.0,979.0,0.0,1662.085
2026-05-19 15:06:36.438,85500,979.0,0.0,979.0,0.0,1662.085
2026-05-19 15:06:36.439,85750,979.0,0.0,979.0,0.0,1662.085
2026-05-19 15:06:36.439,86000,979.0,0.0,979.0,0.0,1662.085
2026-05-19 15:06:36.440,86250,979.0,0.0,979.0,0.0,1662.085
2026-05-19 15:06:36.440,86500,979.0,0.0,979.0,0.0,1662.085
2026-05-19 15:06:36.549,86750,979.0,0.0,979.0,0.0,1662.085
2026-05-19 15:06:36.549,87000,979.0,0.0,979.0,0.0,1662.085
2026-05-19 15:06:36.550,87250,979.0,0.0,979.0,0.0,1662.085
2026-05-19 15:06:36.550,87500,979.0,0.0,979.0,0.0,1662.085
2026-05-19 15:06:36.551,87750,979.0,0.0,979.0,0.0,1662.085
2026-05-19 15:06:36.659,88000,979.0,0.0,979.0,0.0,1662.085
2026-05-19 15:06:36.660,88250,979.0,0.0,979.0,0.0,1662.085
2026-05-19 15:06:36.660,88500,979.0,0.0,979.0,0.0,1662.085
2026-05-19 15:06:36.661,88750,979.0,0.0,979.0,0.0,1662.085
2026-05-19 15:06:36.770,89000,979.0,0.0,979.0,0.0,1662.085
2026-05-19 15:06:36.770,89250,979.0,0.0,979.0,0.0,1436.336
2026-05-19 15:06:36.771,89500,979.0,0.0,979.0,0.0,1436.336
2026-05-19 15:06:36.771,89750,979.0,0.0,979.0,0.0,1436.336
2026-05-19 15:06:36.772,90000,979.0,0.0,979.0,0.0,1436.336
2026-05-19 15:06:36.881,90250,902.84,-9.90199356769,889.391,-155.255,1436.336
2026-05-19 15:06:36.882,90500,979.0,0.0,979.0,0.0,1324.598
2026-05-19 15:06:36.882,90750,979.0,0.0,979.0,0.0,1324.598
2026-05-19 15:06:36.882,91000,979.0,0.0,979.0,0.0,1324.598
2026-05-19 15:06:36.883,91250,979.0,0.0,979.0,0.0,1324.598
2026-05-19 15:06:36.991,91500,979.0,0.0,979.0,0.0,1324.598
2026-05-19 15:06:36.992,91750,979.0,0.0,979.0,0.0,1324.598
2026-05-19 15:06:36.992,92000,979.0,0.0,979.0,0.0,1324.598
2026-05-19 15:06:36.993,92250,979.0,0.0,979.0,0.0,1324.598
2026-05-19 15:06:36.993,92500,979.0,0.0,979.0,0.0,1324.598
2026-05-19 15:06:37.102,92750,979.0,0.0,979.0,0.0,1324.598
2026-05-19 15:06:37.102,93000,979.0,0.0,979.0,0.0,1324.598
2026-05-19 15:06:37.103,93250,979.0,0.0,979.0,0.0,1324.598
2026-05-19 15:06:37.103,93500,979.0,0.0,979.0,0.0,1324.598
2026-05-19 15:06:37.103,93750,979.0,0.0,979.0,0.0,1324.598
2026-05-19 15:06:37.213,94000,979.0,0.0,979.0,0.0,1324.598
2026-05-19 15:06:37.213,94250,979.0,0.0,979.0,0.0,1324.598
2026-05-19 15:06:37.214,94500,979.0,0.0,979.0,0.0,1324.598
2026-05-19 15:06:37.214,94750,979.0,0.0,979.0,0.0,1324.598
2026-05-19 15:06:37.329,95000,979.0,0.0,979.0,0.0,1324.598
2026-05-19 15:06:37.329,95250,1118.423,-3.037451139804,1115.588,-64.136,1172.144
2026-05-19 15:06:37.330,95500,979.0,0.0,979.0,0.0,1070.507
2026-05-19 15:06:37.330,95750,979.0,0.0,979.0,0.0,1070.507
2026-05-19 15:06:37.331,96000,979.0,0.0,979.0,0.0,1070.507
2026-05-19 15:06:37.331,96250,979.0,0.0,979.0,0.0,1070.507
2026-05-19 15:06:37.439,96500,979.0,0.0,979.0,0.0,1070.507
2026-05-19 15:06:37.439,96750,979.0,0.0,979.0,0.0,1070.507
2026-05-19 15:06:37.440,97000,979.0,0.0,979.0,0.0,1070.507
2026-05-19 15:06:37.440,97250,979.0,0.0,979.0,0.0,1070.507
2026-05-19 15:06:37.549,97500,979.0,0.0,979.0,0.0,1070.507
2026-05-19 15:06:37.549,97750,979.0,0.0,979.0,0.0,1070.507
2026-05-19 15:06:37.550,98000,979.0,0.0,979.0,0.0,1070.507
2026-05-19 15:06:37.550,98250,979.0,0.0,979.0,0.0,1070.507
2026-05-19 15:06:37.551,98500,979.0,0.0,979.0,0.0,1070.507
2026-05-19 15:06:37.659,98750,979.0,0.0,979.0,0.0,1070.507
2026-05-19 15:06:37.659,99000,979.0,0.0,979.0,0.0,1070.507
2026-05-19 15:06:37.660,99250,979.0,0.0,979.0,0.0,1070.507
2026-05-19 15:06:37.660,99500,979.0,0.0,979.0,0.0,1070.507
2026-05-19 15:06:37.661,99750,979.0,0.0,979.0,0.0,1070.507
2026-05-19 15:06:37.769,100000,979.0,0.0,979.0,0.0,1070.507
2026-05-19 15:06:38.325,10000,979.0,0.0,979.0,0.0,9286.314
2026-05-19 15:06:38.442,10250,979.0,0.0,979.0,0.0,9286.314
2026-05-19 15:06:38.553,10500,979.0,0.0,979.0,0.0,9286.314
2026-05-19 15:06:38.772,10750,973.265,1.248790916917,972.977,21.179,9341.111
2026-05-19 15:06:38.889,11000,979.0,0.0,979.0,0.0,9354.811
2026-05-19 15:06:38.998,11250,968.583,-0.178318360226,968.572,-2.966,9205.503
2026-05-19 15:06:39.107,11500,974.362,0.887944900595,974.167,15.051,9149.45
2026-05-19 15:06:39.217,11750,979.0,0.0,979.0,0.0,9178.44
2026-05-19 15:06:39.329,12000,979.0,0.0,979.0,0.0,9178.44
2026-05-19 15:06:39.548,12250,979.0,0.0,979.0,0.0,9178.44
2026-05-19 15:06:39.659,12500,979.0,0.0,979.0,0.0,9258.26
2026-05-19 15:06:39.771,12750,954.385,-0.517751315924,954.346,-8.624,9258.26
2026-05-19 15:06:39.881,13000,979.0,0.0,979.0,0.0,9025.481
2026-05-19 15:06:39.991,13250,986.082,-0.1683224056,986.009,-2.867,9046.181
2026-05-19 15:06:40.101,13500,979.0,0.0,979.0,0.0,9110.657
2026-05-19 15:06:40.212,13750,979.0,0.0,979.0,0.0,9110.657
2026-05-19 15:06:40.315,14000,974.009,-0.125778158691,973.997,-2.094,9018.346
2026-05-19 15:06:40.427,14250,979.0,0.0,979.0,0.0,8971.41
2026-05-19 15:06:40.538,14500,979.0,0.0,979.0,0.0,8971.41
2026-05-19 15:06:40.648,14750,986.034,-0.914447904017,985.824,-15.81,9014.381
2026-05-19 15:06:40.758,15000,972.945,-0.1671328197,972.934,-2.812,8994.604
2026-05-19 15:06:40.869,15250,979.0,0.0,979.0,0.0,8938.448
2026-05-19 15:06:40.979,15500,979.0,0.0,979.0,0.0,8938.448
2026-05-19 15:06:41.091,15750,979.0,0.0,979.0,0.0,9052.108
2026-05-19 15:06:41.091,16000,979.0,0.0,979.0,0.0,8828.731
2026-05-19 15:06:41.201,16250,979.0,0.0,979.0,0.0,8828.731
2026-05-19 15:06:41.313,16500,974.973,0.444402313849,974.9,7.515,8865.421
2026-05-19 15:06:41.423,16750,979.0,0.0,979.0,0.0,8920.457
2026-05-19 15:06:41.534,17000,979.0,0.0,979.0,0.0,8704.426
2026-05-19 15:06:41.644,17250,962.794,-1.789623062221,962.244,-30.156,8757.246
2026-05-19 15:06:41.644,17500,979.0,0.0,979.0,0.0,8836.474
2026-05-19 15:06:41.754,17750,979.0,0.0,979.0,0.0,8611.81
2026-05-19 15:06:41.865,18000,979.0,0.0,979.0,0.0,8611.81
2026-05-19 15:06:41.975,18250,998.521,1.555063789786,998.076,26.989,8444.046
2026-05-19 15:06:42.085,18500,979.0,0.0,979.0,0.0,8531.103
2026-05-19 15:06:42.086,18750,979.0,0.0,979.0,0.0,8531.103
2026-05-19 15:06:42.197,19000,984.011,0.200677693461,983.98,3.517,8488.527
2026-05-19 15:06:42.313,19250,979.0,0.0,979.0,0.0,8318.223
2026-05-19 15:06:42.424,19500,974.152,-0.217733426676,974.117,-3.628,8297.795
2026-05-19 15:06:42.424,19750,964.456,-0.653200280028,964.352,-10.884,8381.639
2026-05-19 15:06:42.534,20000,979.0,0.0,979.0,0.0,8255.872
2026-05-19 15:06:42.644,20250,979.0,0.0,979.0,0.0,8255.872
2026-05-19 15:06:42.645,20500,979.0,0.0,979.0,0.0,8055.627
2026-05-19 15:06:42.755,20750,979.0,0.0,979.0,0.0,8210.115
2026-05-19 15:06:42.864,21000,959.182,-1.005522859644,959.034,-16.832,8210.115
2026-05-19 15:06:42.865,21250,979.0,0.0,979.0,0.0,8043.919
2026-05-19 15:06:42.976,21500,979.0,0.0,979.0,0.0,8043.919
2026-05-19 15:06:43.087,21750,979.0,0.0,979.0,0.0,7856.622
2026-05-19 15:06:43.088,22000,1000.678,-1.344840918854,1000.403,-23.486,7856.622
2026-05-19 15:06:43.196,22250,979.0,0.0,979.0,0.0,8030.595
2026-05-19 15:06:43.313,22500,979.0,0.0,979.0,0.0,7842.522
2026-05-19 15:06:43.314,22750,979.0,0.0,979.0,0.0,7842.522
2026-05-19 15:06:43.425,23000,979.0,0.0,979.0,0.0,7658.862
2026-05-19 15:06:43.535,23250,979.0,0.0,979.0,0.0,7658.862
2026-05-19 15:06:43.536,23500,979.0,0.0,979.0,0.0,7658.862
2026-05-19 15:06:43.646,23750,979.0,0.0,979.0,0.0,7498.755
2026-05-19 15:06:43.647,24000,979.0,0.0,979.0,0.0,7683.264
2026-05-19 15:06:43.752,24250,979.0,0.0,979.0,0.0,7515.704
2026-05-19 15:06:43.856,24500,979.0,0.0,979.0,0.0,7515.704
2026-05-19 15:06:43.857,24750,979.0,0.0,979.0,0.0,7515.704
2026-05-19 15:06:43.960,25000,979.0,0.0,979.0,0.0,7360.845
2026-05-19 15:06:43.961,25250,979.0,0.0,979.0,0.0,7360.845
2026-05-19 15:06:44.064,25500,979.0,0.0,979.0,0.0,7206.363
2026-05-19 15:06:44.168,25750,979.0,0.0,979.0,0.0,7206.363
2026-05-19 15:06:44.169,26000,979.0,0.0,979.0,0.0,7206.363
2026-05-19 15:06:44.272,26250,979.0,0.0,979.0,0.0,7078.333
2026-05-19 15:06:44.273,26500,982.984,0.339432596033,982.896,5.917,7050.105
2026-05-19 15:06:44.376,26750,979.0,0.0,979.0,0.0,6937.194
2026-05-19 15:06:44.488,27000,979.0,0.0,979.0,0.0,6937.194
2026-05-19 15:06:44.488,27250,994.275,1.38987360924,993.907,24.208,6831.029
2026-05-19 15:06:44.592,27500,979.0,0.0,979.0,0.0,6804.488
2026-05-19 15:06:44.593,27750,979.0,0.0,979.0,0.0,6804.488
2026-05-19 15:06:44.700,28000,979.0,0.0,979.0,0.0,6670.342
2026-05-19 15:06:44.701,28250,979.0,0.0,979.0,0.0,6670.342
2026-05-19 15:06:44.812,28500,975.675,-0.35678811958,975.582,-5.992,6579.735
2026-05-19 15:06:44.812,28750,979.0,0.0,979.0,0.0,6557.083
2026-05-19 15:06:44.923,29000,979.0,0.0,979.0,0.0,6557.083
2026-05-19 15:06:44.923,29250,979.0,0.0,979.0,0.0,6439.888
2026-05-19 15:06:45.032,29500,979.0,0.0,979.0,0.0,6439.888
2026-05-19 15:06:45.033,29750,979.0,0.0,979.0,0.0,6329.513
2026-05-19 15:06:45.136,30000,979.0,0.0,979.0,0.0,6329.513
2026-05-19 15:06:45.137,30250,979.0,0.0,979.0,0.0,6329.513
2026-05-19 15:06:45.240,30500,979.0,0.0,979.0,0.0,6231.235
2026-05-19 15:06:45.241,30750,979.0,0.0,979.0,0.0,6231.235
2026-05-19 15:06:45.344,31000,979.0,0.0,979.0,0.0,6231.235
2026-05-19 15:06:45.345,31250,979.0,0.0,979.0,0.0,6132.743
2026-05-19 15:06:45.448,31500,979.0,0.0,979.0,0.0,6132.743
2026-05-19 15:06:45.552,31750,979.0,0.0,979.0,0.0,6055.123
2026-05-19 15:06:45.553,32000,979.0,0.0,979.0,0.0,5819.217
2026-05-19 15:06:45.656,32250,979.0,0.0,979.0,0.0,5819.217
2026-05-19 15:06:45.657,32500,979.0,0.0,979.0,0.0,5745.191
2026-05-19 15:06:45.761,32750,979.0,0.0,979.0,0.0,5745.191
2026-05-19 15:06:45.761,33000,979.0,0.0,979.0,0.0,5745.191
2026-05-19 15:06:45.762,33250,979.0,0.0,979.0,0.0,5682.385
2026-05-19 15:06:45.864,33500,979.0,0.0,979.0,0.0,5682.385
2026-05-19 15:06:45.865,33750,970.058,-2.653204997906,969.019,-44.905,5682.385
2026-05-19 15:06:45.980,34000,979.0,0.0,979.0,0.0,5630.485
2026-05-19 15:06:45.981,34250,979.0,0.0,979.0,0.0,5379.444
2026-05-19 15:06:46.092,34500,971.643,-2.735321777529,970.536,-46.369,5379.444
2026-05-19 15:06:46.093,34750,979.0,0.0,979.0,0.0,5339.018
2026-05-19 15:06:46.204,35000,979.0,0.0,979.0,0.0,5339.018
2026-05-19 15:06:46.205,35250,979.0,0.0,979.0,0.0,5339.018
2026-05-19 15:06:46.205,35500,979.0,0.0,979.0,0.0,5311.955
2026-05-19 15:06:46.312,35750,979.0,0.0,979.0,0.0,5069.911
2026-05-19 15:06:46.313,36000,979.0,0.0,979.0,0.0,5069.911
2026-05-19 15:06:46.417,36250,979.0,0.0,979.0,0.0,5053.16
2026-05-19 15:06:46.417,36500,979.0,0.0,979.0,0.0,5053.16
2026-05-19 15:06:46.521,36750,978.96,-1.801123266163,977.752,-30.741,5052.854
2026-05-19 15:06:46.521,37000,979.0,0.0,979.0,0.0,5052.649
2026-05-19 15:06:46.522,37250,979.0,0.0,979.0,0.0,4801.84
2026-05-19 15:06:46.624,37500,979.0,0.0,979.0,0.0,4801.84
2026-05-19 15:06:46.625,37750,979.0,0.0,979.0,0.0,4819.526
2026-05-19 15:06:46.728,38000,979.0,0.0,979.0,0.0,4819.526
2026-05-19 15:06:46.729,38250,979.0,0.0,979.0,0.0,4819.526
2026-05-19 15:06:46.832,38500,979.0,0.0,979.0,0.0,4819.526
2026-05-19 15:06:46.832,38750,979.0,0.0,979.0,0.0,4591.487
2026-05-19 15:06:46.833,39000,979.0,0.0,979.0,0.0,4591.487
2026-05-19 15:06:46.936,39250,979.0,0.0,979.0,0.0,4591.487
2026-05-19 15:06:46.937,39500,979.0,0.0,979.0,0.0,4591.487
2026-05-19 15:06:47.040,39750,979.0,0.0,979.0,0.0,4637.368
2026-05-19 15:06:47.041,40000,979.0,0.0,979.0,0.0,4380.519
2026-05-19 15:06:47.041,40250,979.0,0.0,979.0,0.0,4380.519
2026-05-19 15:06:47.148,40500,979.0,0.0,979.0,0.0,4380.519
2026-05-19 15:06:47.148,40750,988.242,-2.073338408693,987.157,-35.962,4408.087
2026-05-19 15:06:47.256,41000,979.0,0.0,979.0,0.0,4449.44
2026-05-19 15:06:47.257,41250,979.0,0.0,979.0,0.0,4262.566
2026-05-19 15:06:47.257,41500,979.0,0.0,979.0,0.0,4262.566
2026-05-19 15:06:47.360,41750,960.683,3.218750224387,959.168,53.941,4343.838
2026-05-19 15:06:47.360,42000,979.0,0.0,979.0,0.0,4343.838
2026-05-19 15:06:47.471,42250,924.433,-1.248586179911,924.213,-20.144,4343.838
2026-05-19 15:06:47.472,42500,979.0,0.0,979.0,0.0,4101.722
2026-05-19 15:06:47.472,42750,979.0,0.0,979.0,0.0,4101.722
2026-05-19 15:06:47.581,43000,979.0,0.0,979.0,0.0,4101.722
2026-05-19 15:06:47.582,43250,979.0,0.0,979.0,0.0,4198.29
2026-05-19 15:06:47.582,43500,979.0,0.0,979.0,0.0,4198.29
2026-05-19 15:06:47.692,43750,979.0,0.0,979.0,0.0,3960.624
2026-05-19 15:06:47.692,44000,979.0,0.0,979.0,0.0,3960.624
2026-05-19 15:06:47.693,44250,979.0,0.0,979.0,0.0,3960.624
2026-05-19 15:06:47.803,44500,973.205,0.653057521374,972.896,10.823,3984.785
2026-05-19 15:06:47.803,44750,979.0,0.0,979.0,0.0,3861.35
2026-05-19 15:06:47.803,45000,979.0,0.0,979.0,0.0,3861.35
2026-05-19 15:06:47.913,45250,979.0,0.0,979.0,0.0,3861.35
2026-05-19 15:06:47.913,45500,979.0,0.0,979.0,0.0,3861.35
2026-05-19 15:06:47.914,45750,979.0,0.0,979.0,0.0,3861.35
2026-05-19 15:06:48.017,46000,979.0,0.0,979.0,0.0,3655.855
2026-05-19 15:06:48.018,46250,979.0,0.0,979.0,0.0,3823.201
2026-05-19 15:06:48.128,46500,979.0,0.0,979.0,0.0,3823.201
2026-05-19 15:06:48.129,46750,979.0,0.0,979.0,0.0,3823.201
2026-05-19 15:06:48.129,47000,979.0,0.0,979.0,0.0,3823.201
2026-05-19 15:06:48.238,47250,979.0,0.0,979.0,0.0,3625.638
2026-05-19 15:06:48.238,47500,979.0,0.0,979.0,0.0,3625.638
2026-05-19 15:06:48.239,47750,979.0,0.0,979.0,0.0,3625.638
2026-05-19 15:06:48.345,48000,979.0,0.0,979.0,0.0,3625.638
2026-05-19 15:06:48.345,48250,970.132,0.614476430973,969.863,10.019,3660.04
2026-05-19 15:06:48.346,48500,979.0,0.0,979.0,0.0,3618.973
2026-05-19 15:06:48.455,48750,979.0,0.0,979.0,0.0,3618.973
2026-05-19 15:06:48.456,49000,979.0,0.0,979.0,0.0,3618.973
2026-05-19 15:06:48.456,49250,930.053,-3.100736592919,928.692,-50.308,3618.973
2026-05-19 15:06:48.567,49500,979.0,0.0,979.0,0.0,3438.037
2026-05-19 15:06:48.567,49750,979.0,0.0,979.0,0.0,3438.037
2026-05-19 15:06:48.568,50000,979.0,0.0,979.0,0.0,3438.037
2026-05-19 15:06:48.679,50250,979.0,0.0,979.0,0.0,3438.037
2026-05-19 15:06:48.680,50500,979.0,0.0,979.0,0.0,3438.037
2026-05-19 15:06:48.680,50750,979.0,0.0,979.0,0.0,3438.037
2026-05-19 15:06:48.790,51000,979.0,0.0,979.0,0.0,3448.719
2026-05-19 15:06:48.791,51250,979.0,0.0,979.0,0.0,3448.719
2026-05-19 15:06:48.791,51500,979.0,0.0,979.0,0.0,3448.719
2026-05-19 15:06:48.792,51750,979.0,0.0,979.0,0.0,3448.719
2026-05-19 15:06:48.902,52000,979.0,0.0,979.0,0.0,3448.719
2026-05-19 15:06:48.902,52250,979.0,0.0,979.0,0.0,3304.868
2026-05-19 15:06:48.903,52500,979.0,0.0,979.0,0.0,3304.868
2026-05-19 15:06:49.018,52750,979.0,0.0,979.0,0.0,3304.868
2026-05-19 15:06:49.018,53000,979.0,0.0,979.0,0.0,3304.868
2026-05-19 15:06:49.019,53250,979.0,0.0,979.0,0.0,3304.868
2026-05-19 15:06:49.019,53500,979.0,0.0,979.0,0.0,3304.868
2026-05-19 15:06:49.128,53750,979.0,0.0,979.0,0.0,3181.295
2026-05-19 15:06:49.129,54000,979.0,0.0,979.0,0.0,3181.295
2026-05-19 15:06:49.129,54250,979.0,0.0,979.0,0.0,3181.295
2026-05-19 15:06:49.241,54500,979.0,0.0,979.0,0.0,3181.295
2026-05-19 15:06:49.242,54750,979.0,0.0,979.0,0.0,3181.295
2026-05-19 15:06:49.242,55000,979.0,0.0,979.0,0.0,3181.295
2026-05-19 15:06:49.242,55250,979.0,0.0,979.0,0.0,3181.295
2026-05-19 15:06:49.345,55500,944.564,-4.202265832369,942.024,-69.215,3181.295
2026-05-19 15:06:49.345,55750,979.0,0.0,979.0,0.0,3069.393
2026-05-19 15:06:49.346,56000,979.0,0.0,979.0,0.0,3069.393
2026-05-19 15:06:49.456,56250,979.0,0.0,979.0,0.0,3069.393
2026-05-19 15:06:49.457,56500,979.0,0.0,979.0,0.0,3069.393
2026-05-19 15:06:49.457,56750,979.0,0.0,979.0,0.0,3069.393
2026-05-19 15:06:49.568,57000,979.0,0.0,979.0,0.0,3069.393
2026-05-19 15:06:49.568,57250,979.0,0.0,979.0,0.0,3069.393
2026-05-19 15:06:49.569,57500,979.0,0.0,979.0,0.0,3069.393
2026-05-19 15:06:49.679,57750,979.0,0.0,979.0,0.0,3069.393
2026-05-19 15:06:49.680,58000,937.022,6.321979856173,931.324,103.181,3206.9
2026-05-19 15:06:49.680,58250,906.252,1.463962538707,905.957,23.153,3206.9
2026-05-19 15:06:49.681,58500,906.252,1.463962538707,905.957,23.153,3206.9
2026-05-19 15:06:49.790,58750,979.0,0.0,979.0,0.0,3206.9
2026-05-19 15:06:49.790,59000,999.799,4.369904778779,996.892,76.18,3140.187
2026-05-19 15:06:49.791,59250,974.927,-0.873980955756,974.369,-14.609,3153.529
2026-05-19 15:06:49.901,59500,958.634,-4.369904778779,955.847,-73.043,3206.9
2026-05-19 15:06:49.902,59750,1035.586,-5.833867317486,1030.223,-105.261,2968.602
2026-05-19 15:06:49.902,60000,979.0,0.0,979.0,0.0,2968.602
2026-05-19 15:06:49.902,60250,979.0,0.0,979.0,0.0,2968.602
2026-05-19 15:06:50.012,60500,979.0,0.0,979.0,0.0,2968.602
2026-05-19 15:06:50.012,60750,979.0,0.0,979.0,0.0,2968.602
2026-05-19 15:06:50.013,61000,979.0,0.0,979.0,0.0,2968.602
2026-05-19 15:06:50.013,61250,979.0,0.0,979.0,0.0,2968.602
2026-05-19 15:06:50.124,61500,979.0,0.0,979.0,0.0,2968.602
2026-05-19 15:06:50.124,61750,979.0,0.0,979.0,0.0,2968.602
2026-05-19 15:06:50.124,62000,979.0,0.0,979.0,0.0,2968.602
2026-05-19 15:06:50.125,62250,979.0,0.0,979.0,0.0,2968.602
2026-05-19 15:06:50.236,62500,979.0,0.0,979.0,0.0,2968.602
2026-05-19 15:06:50.236,62750,979.0,0.0,979.0,0.0,2968.602
2026-05-19 15:06:50.237,63000,979.0,0.0,979.0,0.0,2968.602
2026-05-19 15:06:50.237,63250,979.0,0.0,979.0,0.0,2736.319
2026-05-19 15:06:50.343,63500,979.0,0.0,979.0,0.0,2736.319
2026-05-19 15:06:50.344,63750,979.0,0.0,979.0,0.0,2736.319
2026-05-19 15:06:50.345,64000,979.0,0.0,979.0,0.0,2736.319
2026-05-19 15:06:50.346,64250,979.0,0.0,979.0,0.0,2736.319
2026-05-19 15:06:50.458,64500,979.0,0.0,979.0,0.0,2736.319
2026-05-19 15:06:50.458,64750,979.0,0.0,979.0,0.0,2736.319
2026-05-19 15:06:50.459,65000,979.0,0.0,979.0,0.0,2736.319
2026-05-19 15:06:50.459,65250,979.0,0.0,979.0,0.0,2736.319
2026-05-19 15:06:50.569,65500,979.0,0.0,979.0,0.0,2736.319
2026-05-19 15:06:50.569,65750,979.0,0.0,979.0,0.0,2736.319
2026-05-19 15:06:50.570,66000,979.0,0.0,979.0,0.0,2736.319
2026-05-19 15:06:50.570,66250,979.0,0.0,979.0,0.0,2736.319
2026-05-19 15:06:50.679,66500,979.0,0.0,979.0,0.0,2736.319
2026-05-19 15:06:50.680,66750,979.0,0.0,979.0,0.0,2736.319
2026-05-19 15:06:50.681,67000,979.0,0.0,979.0,0.0,2736.319
2026-05-19 15:06:50.681,67250,979.0,0.0,979.0,0.0,2492.103
2026-05-19 15:06:50.792,67500,979.0,0.0,979.0,0.0,2492.103
2026-05-19 15:06:50.792,67750,979.0,0.0,979.0,0.0,2492.103
2026-05-19 15:06:50.793,68000,979.0,0.0,979.0,0.0,2492.103
2026-05-19 15:06:50.793,68250,979.0,0.0,979.0,0.0,2492.103
2026-05-19 15:06:50.902,68500,943.235,-4.454200530447,939.709,-72.518,2587.501
2026-05-19 15:06:50.903,68750,952.176,-3.340650397835,949.532,-54.389,2563.652
2026-05-19 15:06:50.903,69000,934.294,-5.567750663059,929.886,-90.648,2611.351
2026-05-19 15:06:51.013,69250,979.0,0.0,979.0,0.0,2611.351
2026-05-19 15:06:51.013,69500,979.0,0.0,979.0,0.0,2611.351
2026-05-19 15:06:51.014,69750,979.0,0.0,979.0,0.0,2611.351
2026-05-19 15:06:51.014,70000,979.0,0.0,979.0,0.0,2611.351
2026-05-19 15:06:51.123,70250,979.0,0.0,979.0,0.0,2611.351
2026-05-19 15:06:51.124,70500,979.0,0.0,979.0,0.0,2611.351
2026-05-19 15:06:51.124,70750,979.0,0.0,979.0,0.0,2611.351
2026-05-19 15:06:51.125,71000,979.0,0.0,979.0,0.0,2611.351
2026-05-19 15:06:51.234,71250,979.0,0.0,979.0,0.0,2611.351
2026-05-19 15:06:51.236,71500,979.0,0.0,979.0,0.0,2611.351
2026-05-19 15:06:51.236,71750,1041.68,-2.020876309955,1040.557,-38.193,2460.281
2026-05-19 15:06:51.237,72000,979.0,0.0,979.0,0.0,2359.568
2026-05-19 15:06:51.345,72250,1037.334,6.023390614508,1031.607,108.852,2226.878
2026-05-19 15:06:51.345,72500,1037.334,6.023390614508,1031.607,108.852,2226.878
2026-05-19 15:06:51.346,72750,1037.334,6.023390614508,1031.607,108.852,2226.878
2026-05-19 15:06:51.346,73000,979.0,0.0,979.0,0.0,2226.878
2026-05-19 15:06:51.456,73250,979.0,0.0,979.0,0.0,2226.878
2026-05-19 15:06:51.457,73500,979.0,0.0,979.0,0.0,2226.878
2026-05-19 15:06:51.457,73750,979.0,0.0,979.0,0.0,2226.878
2026-05-19 15:06:51.457,74000,979.0,0.0,979.0,0.0,2226.878
2026-05-19 15:06:51.567,74250,979.0,0.0,979.0,0.0,2226.878
2026-05-19 15:06:51.567,74500,979.0,0.0,979.0,0.0,2226.878
2026-05-19 15:06:51.567,74750,979.0,0.0,979.0,0.0,2226.878
2026-05-19 15:06:51.568,75000,979.0,0.0,979.0,0.0,2226.878
2026-05-19 15:06:51.678,75250,979.0,0.0,979.0,0.0,2226.878
2026-05-19 15:06:51.678,75500,979.0,0.0,979.0,0.0,2226.878
2026-05-19 15:06:51.678,75750,979.0,0.0,979.0,0.0,2226.878
2026-05-19 15:06:51.679,76000,979.0,0.0,979.0,0.0,2226.878
2026-05-19 15:06:51.679,76250,979.0,0.0,979.0,0.0,2226.878
2026-05-19 15:06:51.790,76500,979.0,0.0,979.0,0.0,2226.878
2026-05-19 15:06:51.790,76750,979.0,0.0,979.0,0.0,2226.878
2026-05-19 15:06:51.791,77000,979.0,0.0,979.0,0.0,2226.878
2026-05-19 15:06:51.791,77250,979.0,0.0,979.0,0.0,2226.878
2026-05-19 15:06:51.791,77500,898.104,2.588340789346,896.985,39.637,2180.876
2026-05-19 15:06:51.901,77750,979.0,0.0,979.0,0.0,1996.867
2026-05-19 15:06:51.901,78000,979.0,0.0,979.0,0.0,1996.867
2026-05-19 15:06:51.902,78250,979.0,0.0,979.0,0.0,1996.867
2026-05-19 15:06:51.902,78500,979.0,0.0,979.0,0.0,1996.867
2026-05-19 15:06:51.902,78750,979.0,0.0,979.0,0.0,1996.867
2026-05-19 15:06:52.012,79000,979.0,0.0,979.0,0.0,1996.867
2026-05-19 15:06:52.013,79250,979.0,0.0,979.0,0.0,1996.867
2026-05-19 15:06:52.013,79500,979.0,0.0,979.0,0.0,1996.867
2026-05-19 15:06:52.014,79750,979.0,0.0,979.0,0.0,1996.867
2026-05-19 15:06:52.014,80000,979.0,0.0,979.0,0.0,1996.867
2026-05-19 15:06:52.121,80250,979.0,0.0,979.0,0.0,1996.867
2026-05-19 15:06:52.121,80500,979.0,0.0,979.0,0.0,1996.867
2026-05-19 15:06:52.122,80750,979.0,0.0,979.0,0.0,1996.867
2026-05-19 15:06:52.122,81000,979.0,0.0,979.0,0.0,1996.867
2026-05-19 15:06:52.232,81250,979.0,0.0,979.0,0.0,1996.867
2026-05-19 15:06:52.232,81500,979.0,0.0,979.0,0.0,1996.867
2026-05-19 15:06:52.233,81750,925.561,-6.675799703416,919.285,-107.598,1996.867
2026-05-19 15:06:52.233,82000,979.0,0.0,979.0,0.0,1887.867
2026-05-19 15:06:52.233,82250,979.0,0.0,979.0,0.0,1887.867
2026-05-19 15:06:52.336,82500,979.0,0.0,979.0,0.0,1887.867
2026-05-19 15:06:52.337,82750,979.0,0.0,979.0,0.0,1887.867
2026-05-19 15:06:52.337,83000,979.0,0.0,979.0,0.0,1887.867
2026-05-19 15:06:52.338,83250,979.0,0.0,979.0,0.0,1662.085
2026-05-19 15:06:52.338,83500,979.0,0.0,979.0,0.0,1662.085
2026-05-19 15:06:52.444,83750,979.0,0.0,979.0,0.0,1662.085
2026-05-19 15:06:52.445,84000,979.0,0.0,979.0,0.0,1662.085
2026-05-19 15:06:52.445,84250,979.0,0.0,979.0,0.0,1662.085
2026-05-19 15:06:52.445,84500,979.0,0.0,979.0,0.0,1662.085
2026-05-19 15:06:52.556,84750,979.0,0.0,979.0,0.0,1662.085
2026-05-19 15:06:52.557,85000,979.0,0.0,979.0,0.0,1662.085
2026-05-19 15:06:52.557,85250,979.0,0.0,979.0,0.0,1662.085
2026-05-19 15:06:52.557,85500,979.0,0.0,979.0,0.0,1662.085
2026-05-19 15:06:52.558,85750,979.0,0.0,979.0,0.0,1662.085
2026-05-19 15:06:52.667,86000,979.0,0.0,979.0,0.0,1662.085
2026-05-19 15:06:52.667,86250,979.0,0.0,979.0,0.0,1662.085
2026-05-19 15:06:52.667,86500,979.0,0.0,979.0,0.0,1662.085
2026-05-19 15:06:52.668,86750,979.0,0.0,979.0,0.0,1662.085
2026-05-19 15:06:52.668,87000,979.0,0.0,979.0,0.0,1662.085
2026-05-19 15:06:52.781,87250,979.0,0.0,979.0,0.0,1662.085
2026-05-19 15:06:52.781,87500,979.0,0.0,979.0,0.0,1662.085
2026-05-19 15:06:52.782,87750,979.0,0.0,979.0,0.0,1662.085
2026-05-19 15:06:52.782,88000,979.0,0.0,979.0,0.0,1662.085
2026-05-19 15:06:52.783,88250,979.0,0.0,979.0,0.0,1662.085
2026-05-19 15:06:52.892,88500,979.0,0.0,979.0,0.0,1662.085
2026-05-19 15:06:52.893,88750,979.0,0.0,979.0,0.0,1662.085
2026-05-19 15:06:52.893,89000,979.0,0.0,979.0,0.0,1662.085
2026-05-19 15:06:52.894,89250,979.0,0.0,979.0,0.0,1436.336
2026-05-19 15:06:52.894,89500,979.0,0.0,979.0,0.0,1436.336
2026-05-19 15:06:53.004,89750,979.0,0.0,979.0,0.0,1436.336
2026-05-19 15:06:53.005,90000,979.0,0.0,979.0,0.0,1436.336
2026-05-19 15:06:53.005,90250,902.84,-9.90199356769,889.391,-155.255,1436.336
2026-05-19 15:06:53.006,90500,979.0,0.0,979.0,0.0,1324.598
2026-05-19 15:06:53.006,90750,979.0,0.0,979.0,0.0,1324.598
2026-05-19 15:06:53.116,91000,979.0,0.0,979.0,0.0,1324.598
2026-05-19 15:06:53.116,91250,979.0,0.0,979.0,0.0,1324.598
2026-05-19 15:06:53.117,91500,979.0,0.0,979.0,0.0,1324.598
2026-05-19 15:06:53.117,91750,979.0,0.0,979.0,0.0,1324.598
2026-05-19 15:06:53.227,92000,979.0,0.0,979.0,0.0,1324.598
2026-05-19 15:06:53.228,92250,979.0,0.0,979.0,0.0,1324.598
2026-05-19 15:06:53.228,92500,979.0,0.0,979.0,0.0,1324.598
2026-05-19 15:06:53.228,92750,979.0,0.0,979.0,0.0,1324.598
2026-05-19 15:06:53.229,93000,979.0,0.0,979.0,0.0,1324.598
2026-05-19 15:06:53.345,93250,979.0,0.0,979.0,0.0,1324.598
2026-05-19 15:06:53.346,93500,979.0,0.0,979.0,0.0,1324.598
2026-05-19 15:06:53.347,93750,979.0,0.0,979.0,0.0,1324.598
2026-05-19 15:06:53.348,94000,979.0,0.0,979.0,0.0,1324.598
2026-05-19 15:06:53.348,94250,979.0,0.0,979.0,0.0,1324.598
2026-05-19 15:06:53.349,94500,979.0,0.0,979.0,0.0,1324.598
2026-05-19 15:06:53.456,94750,979.0,0.0,979.0,0.0,1324.598
2026-05-19 15:06:53.457,95000,979.0,0.0,979.0,0.0,1324.598
2026-05-19 15:06:53.457,95250,1071.949,-2.024967426536,1070.058,-42.757,1222.962
2026-05-19 15:06:53.457,95500,979.0,0.0,979.0,0.0,1070.507
2026-05-19 15:06:53.568,95750,979.0,0.0,979.0,0.0,1070.507
2026-05-19 15:06:53.568,96000,979.0,0.0,979.0,0.0,1070.507
2026-05-19 15:06:53.569,96250,979.0,0.0,979.0,0.0,1070.507
2026-05-19 15:06:53.569,96500,979.0,0.0,979.0,0.0,1070.507
2026-05-19 15:06:53.570,96750,979.0,0.0,979.0,0.0,1070.507
2026-05-19 15:06:53.687,97000,979.0,0.0,979.0,0.0,1070.507
2026-05-19 15:06:53.687,97250,979.0,0.0,979.0,0.0,1070.507
2026-05-19 15:06:53.688,97500,979.0,0.0,979.0,0.0,1070.507
2026-05-19 15:06:53.688,97750,979.0,0.0,979.0,0.0,1070.507
2026-05-19 15:06:53.688,98000,979.0,0.0,979.0,0.0,1070.507
2026-05-19 15:06:53.798,98250,979.0,0.0,979.0,0.0,1070.507
2026-05-19 15:06:53.799,98500,979.0,0.0,979.0,0.0,1070.507
2026-05-19 15:06:53.799,98750,979.0,0.0,979.0,0.0,1070.507
2026-05-19 15:06:53.800,99000,979.0,0.0,979.0,0.0,1070.507
2026-05-19 15:06:53.800,99250,979.0,0.0,979.0,0.0,1070.507
2026-05-19 15:06:53.910,99500,979.0,0.0,979.0,0.0,1070.507
2026-05-19 15:06:53.910,99750,979.0,0.0,979.0,0.0,1070.507
2026-05-19 15:06:53.911,100000,979.0,0.0,979.0,0.0,1070.507
2026-05-19 15:06:54.457,10000,979.0,0.0,979.0,0.0,9286.314
2026-05-19 15:06:54.568,10250,979.0,0.0,979.0,0.0,9286.314
2026-05-19 15:06:54.789,10500,979.0,0.0,979.0,0.0,9286.314
2026-05-19 15:06:54.900,10750,974.699,0.936593187687,974.483,15.884,9327.412
2026-05-19 15:06:55.011,11000,979.0,0.0,979.0,0.0,9354.811
2026-05-19 15:06:55.122,11250,973.792,-0.089159180113,973.786,-1.483,9155.734
2026-05-19 15:06:55.345,11500,972.816,1.183926534127,972.557,20.068,9163.945
2026-05-19 15:06:55.457,11750,979.0,0.0,979.0,0.0,9178.44
2026-05-19 15:06:55.570,12000,979.0,0.0,979.0,0.0,9178.44
2026-05-19 15:06:55.682,12250,979.0,0.0,979.0,0.0,9178.44
2026-05-19 15:06:55.794,12500,979.0,0.0,979.0,0.0,9258.26
2026-05-19 15:06:55.906,12750,959.308,-0.414201052739,959.277,-6.899,9211.704
2026-05-19 15:06:56.018,13000,979.0,0.0,979.0,0.0,9025.481
2026-05-19 15:06:56.129,13250,991.316,-0.049041134828,991.232,-0.775,8998.74
2026-05-19 15:06:56.240,13500,979.0,0.0,979.0,0.0,9110.657
2026-05-19 15:06:56.343,13750,979.0,0.0,979.0,0.0,9110.657
2026-05-19 15:06:56.454,14000,969.017,-0.251556317382,968.994,-4.189,9065.282
2026-05-19 15:06:56.566,14250,979.0,0.0,979.0,0.0,8971.41
2026-05-19 15:06:56.679,14500,979.0,0.0,979.0,0.0,8971.41
2026-05-19 15:06:56.792,14750,988.378,-1.219263872023,988.098,-21.08,8992.895
2026-05-19 15:06:56.904,15000,972.945,-0.1671328197,972.934,-2.812,8994.604
2026-05-19 15:06:57.015,15250,979.0,0.0,979.0,0.0,8938.448
2026-05-19 15:06:57.127,15500,979.0,0.0,979.0,0.0,8938.448
2026-05-19 15:06:57.237,15750,979.0,0.0,979.0,0.0,9052.108
2026-05-19 15:06:57.344,16000,979.0,0.0,979.0,0.0,8828.731
2026-05-19 15:06:57.456,16250,979.0,0.0,979.0,0.0,8828.731
2026-05-19 15:06:57.456,16500,972.96,0.666603470774,972.851,11.272,8883.766
2026-05-19 15:06:57.566,16750,979.0,0.0,979.0,0.0,8920.457
2026-05-19 15:06:57.678,17000,979.0,0.0,979.0,0.0,8704.426
2026-05-19 15:06:57.790,17250,959.899,-1.492431687983,959.493,-25.088,8783.655
2026-05-19 15:06:57.904,17500,979.0,0.0,979.0,0.0,8836.474
2026-05-19 15:06:57.905,17750,979.0,0.0,979.0,0.0,8611.81
2026-05-19 15:06:58.016,18000,979.0,0.0,979.0,0.0,8611.81
2026-05-19 15:06:58.128,18250,1001.941,1.257875274975,1001.647,21.923,8415.028
2026-05-19 15:06:58.239,18500,979.0,0.0,979.0,0.0,8531.103
2026-05-19 15:06:58.344,18750,979.0,0.0,979.0,0.0,8531.103
2026-05-19 15:06:58.345,19000,984.011,0.200677693461,983.98,3.517,8488.527
2026-05-19 15:06:58.455,19250,979.0,0.0,979.0,0.0,8318.223
2026-05-19 15:06:58.562,19500,974.152,-0.217733426676,974.117,-3.628,8297.795
2026-05-19 15:06:58.673,19750,964.456,-0.653200280028,964.352,-10.884,8381.639
2026-05-19 15:06:58.674,20000,979.0,0.0,979.0,0.0,8255.872
2026-05-19 15:06:58.784,20250,979.0,0.0,979.0,0.0,8255.872
2026-05-19 15:06:58.894,20500,979.0,0.0,979.0,0.0,8055.627
2026-05-19 15:06:58.894,20750,979.0,0.0,979.0,0.0,8210.115
2026-05-19 15:06:59.004,21000,959.182,-1.005522859644,959.034,-16.832,8210.115
2026-05-19 15:06:59.114,21250,979.0,0.0,979.0,0.0,8043.919
2026-05-19 15:06:59.115,21500,979.0,0.0,979.0,0.0,8043.919
2026-05-19 15:06:59.225,21750,979.0,0.0,979.0,0.0,7856.622
2026-05-19 15:06:59.328,22000,996.343,-1.075872735084,996.122,-18.789,7891.417
2026-05-19 15:06:59.329,22250,979.0,0.0,979.0,0.0,8030.595
2026-05-19 15:06:59.438,22500,979.0,0.0,979.0,0.0,7842.522
2026-05-19 15:06:59.548,22750,979.0,0.0,979.0,0.0,7842.522
2026-05-19 15:06:59.549,23000,974.415,-0.278348748324,974.358,-4.644,7695.594
2026-05-19 15:06:59.659,23250,979.0,0.0,979.0,0.0,7658.862
2026-05-19 15:06:59.771,23500,979.0,0.0,979.0,0.0,7658.862
2026-05-19 15:06:59.771,23750,979.0,0.0,979.0,0.0,7498.755
2026-05-19 15:06:59.882,24000,979.0,0.0,979.0,0.0,7683.264
2026-05-19 15:06:59.882,24250,979.0,0.0,979.0,0.0,7515.704
2026-05-19 15:06:59.994,24500,979.0,0.0,979.0,0.0,7515.704
2026-05-19 15:07:00.105,24750,979.0,0.0,979.0,0.0,7515.704
2026-05-19 15:07:00.105,25000,979.0,0.0,979.0,0.0,7360.845
2026-05-19 15:07:00.216,25250,979.0,0.0,979.0,0.0,7360.845
2026-05-19 15:07:00.216,25500,979.0,0.0,979.0,0.0,7206.363
2026-05-19 15:07:00.330,25750,979.0,0.0,979.0,0.0,7206.363
2026-05-19 15:07:00.331,26000,979.0,0.0,979.0,0.0,7206.363
2026-05-19 15:07:00.441,26250,979.0,0.0,979.0,0.0,7078.333
2026-05-19 15:07:00.553,26500,982.984,0.339432596033,982.896,5.917,7050.105
2026-05-19 15:07:00.553,26750,979.0,0.0,979.0,0.0,6937.194
2026-05-19 15:07:00.664,27000,979.0,0.0,979.0,0.0,6937.194
2026-05-19 15:07:00.665,27250,994.275,1.38987360924,993.907,24.208,6831.029
2026-05-19 15:07:00.776,27500,979.0,0.0,979.0,0.0,6804.488
2026-05-19 15:07:00.777,27750,979.0,0.0,979.0,0.0,6804.488
2026-05-19 15:07:00.888,28000,979.0,0.0,979.0,0.0,6670.342
2026-05-19 15:07:00.888,28250,979.0,0.0,979.0,0.0,6670.342
2026-05-19 15:07:01.000,28500,975.675,-0.35678811958,975.582,-5.992,6579.735
2026-05-19 15:07:01.000,28750,979.0,0.0,979.0,0.0,6557.083
2026-05-19 15:07:01.112,29000,979.0,0.0,979.0,0.0,6557.083
2026-05-19 15:07:01.113,29250,979.0,0.0,979.0,0.0,6439.888
2026-05-19 15:07:01.224,29500,979.0,0.0,979.0,0.0,6439.888
2026-05-19 15:07:01.225,29750,975.644,-0.428488767772,975.51,-7.194,6351.588
2026-05-19 15:07:01.328,30000,979.0,0.0,979.0,0.0,6329.513
2026-05-19 15:07:01.329,30250,979.0,0.0,979.0,0.0,6329.513
2026-05-19 15:07:01.439,30500,979.0,0.0,979.0,0.0,6231.235
2026-05-19 15:07:01.440,30750,979.0,0.0,979.0,0.0,6231.235
2026-05-19 15:07:01.551,31000,979.0,0.0,979.0,0.0,6231.235
2026-05-19 15:07:01.551,31250,979.0,0.0,979.0,0.0,6132.743
2026-05-19 15:07:01.662,31500,979.0,0.0,979.0,0.0,6132.743
2026-05-19 15:07:01.662,31750,979.0,0.0,979.0,0.0,6055.123
2026-05-19 15:07:01.773,32000,979.0,0.0,979.0,0.0,5819.217
2026-05-19 15:07:01.773,32250,979.0,0.0,979.0,0.0,5819.217
2026-05-19 15:07:01.883,32500,979.0,0.0,979.0,0.0,5745.191
2026-05-19 15:07:01.884,32750,979.0,0.0,979.0,0.0,5745.191
2026-05-19 15:07:01.884,33000,979.0,0.0,979.0,0.0,5745.191
2026-05-19 15:07:01.994,33250,979.0,0.0,979.0,0.0,5682.385
2026-05-19 15:07:01.995,33500,979.0,0.0,979.0,0.0,5682.385
2026-05-19 15:07:02.105,33750,970.058,-2.653204997906,969.019,-44.905,5682.385
2026-05-19 15:07:02.105,34000,979.0,0.0,979.0,0.0,5630.485
2026-05-19 15:07:02.216,34250,979.0,0.0,979.0,0.0,5379.444
2026-05-19 15:07:02.217,34500,971.643,-2.735321777529,970.536,-46.369,5379.444
2026-05-19 15:07:02.329,34750,979.0,0.0,979.0,0.0,5339.018
2026-05-19 15:07:02.330,35000,979.0,0.0,979.0,0.0,5339.018
2026-05-19 15:07:02.330,35250,979.0,0.0,979.0,0.0,5339.018
2026-05-19 15:07:02.441,35500,979.0,0.0,979.0,0.0,5311.955
2026-05-19 15:07:02.441,35750,979.0,0.0,979.0,0.0,5069.911
2026-05-19 15:07:02.553,36000,979.0,0.0,979.0,0.0,5069.911
2026-05-19 15:07:02.554,36250,979.0,0.0,979.0,0.0,5053.16
2026-05-19 15:07:02.664,36500,979.0,0.0,979.0,0.0,5053.16
2026-05-19 15:07:02.664,36750,978.98,-0.900561633081,978.376,-15.37,5052.751
2026-05-19 15:07:02.665,37000,979.0,0.0,979.0,0.0,5052.649
2026-05-19 15:07:02.781,37250,979.0,0.0,979.0,0.0,4801.84
2026-05-19 15:07:02.782,37500,979.0,0.0,979.0,0.0,4801.84
2026-05-19 15:07:02.783,37750,979.0,0.0,979.0,0.0,4819.526
2026-05-19 15:07:02.898,38000,979.0,0.0,979.0,0.0,4819.526
2026-05-19 15:07:02.899,38250,979.0,0.0,979.0,0.0,4819.526
2026-05-19 15:07:03.014,38500,979.0,0.0,979.0,0.0,4819.526
2026-05-19 15:07:03.014,38750,979.0,0.0,979.0,0.0,4591.487
2026-05-19 15:07:03.015,39000,979.0,0.0,979.0,0.0,4591.487
2026-05-19 15:07:03.130,39250,979.0,0.0,979.0,0.0,4591.487
2026-05-19 15:07:03.131,39500,979.0,0.0,979.0,0.0,4591.487
2026-05-19 15:07:03.131,39750,979.0,0.0,979.0,0.0,4637.368
2026-05-19 15:07:03.247,40000,979.0,0.0,979.0,0.0,4380.519
2026-05-19 15:07:03.248,40250,979.0,0.0,979.0,0.0,4380.519
2026-05-19 15:07:03.364,40500,979.0,0.0,979.0,0.0,4380.519
2026-05-19 15:07:03.365,40750,988.242,-2.073338408693,987.157,-35.962,4408.087
2026-05-19 15:07:03.366,41000,979.0,0.0,979.0,0.0,4449.44
2026-05-19 15:07:03.481,41250,979.0,0.0,979.0,0.0,4262.566
2026-05-19 15:07:03.482,41500,979.0,0.0,979.0,0.0,4262.566
2026-05-19 15:07:03.482,41750,960.683,3.218750224387,959.168,53.941,4343.838
2026-05-19 15:07:03.598,42000,979.0,0.0,979.0,0.0,4343.838
2026-05-19 15:07:03.599,42250,935.346,-0.998868943928,935.171,-16.115,4295.415
2026-05-19 15:07:03.599,42500,979.0,0.0,979.0,0.0,4101.722
2026-05-19 15:07:03.709,42750,979.0,0.0,979.0,0.0,4101.722
2026-05-19 15:07:03.710,43000,979.0,0.0,979.0,0.0,4101.722
2026-05-19 15:07:03.823,43250,979.0,0.0,979.0,0.0,4198.29
2026-05-19 15:07:03.824,43500,979.0,0.0,979.0,0.0,4198.29
2026-05-19 15:07:03.824,43750,979.0,0.0,979.0,0.0,3960.624
2026-05-19 15:07:03.825,44000,979.0,0.0,979.0,0.0,3960.624
2026-05-19 15:07:03.935,44250,979.0,0.0,979.0,0.0,3960.624
2026-05-19 15:07:03.936,44500,973.205,0.653057521374,972.896,10.823,3984.785
2026-05-19 15:07:04.048,44750,979.0,0.0,979.0,0.0,3861.35
2026-05-19 15:07:04.049,45000,979.0,0.0,979.0,0.0,3861.35
2026-05-19 15:07:04.049,45250,979.0,0.0,979.0,0.0,3861.35
2026-05-19 15:07:04.159,45500,979.0,0.0,979.0,0.0,3861.35
2026-05-19 15:07:04.159,45750,979.0,0.0,979.0,0.0,3861.35
2026-05-19 15:07:04.159,46000,979.0,0.0,979.0,0.0,3655.855
2026-05-19 15:07:04.264,46250,979.0,0.0,979.0,0.0,3823.201
2026-05-19 15:07:04.265,46500,979.0,0.0,979.0,0.0,3823.201
2026-05-19 15:07:04.265,46750,979.0,0.0,979.0,0.0,3823.201
2026-05-19 15:07:04.376,47000,979.0,0.0,979.0,0.0,3823.201
2026-05-19 15:07:04.377,47250,979.0,0.0,979.0,0.0,3625.638
2026-05-19 15:07:04.377,47500,979.0,0.0,979.0,0.0,3625.638
2026-05-19 15:07:04.489,47750,979.0,0.0,979.0,0.0,3625.638
2026-05-19 15:07:04.489,48000,979.0,0.0,979.0,0.0,3625.638
2026-05-19 15:07:04.490,48250,970.132,0.614476430973,969.863,10.019,3660.04
2026-05-19 15:07:04.600,48500,979.0,0.0,979.0,0.0,3618.973
2026-05-19 15:07:04.601,48750,979.0,0.0,979.0,0.0,3618.973
2026-05-19 15:07:04.601,49000,979.0,0.0,979.0,0.0,3618.973
2026-05-19 15:07:04.712,49250,930.053,-3.100736592919,928.692,-50.308,3618.973
2026-05-19 15:07:04.712,49500,979.0,0.0,979.0,0.0,3438.037
2026-05-19 15:07:04.713,49750,979.0,0.0,979.0,0.0,3438.037
2026-05-19 15:07:04.823,50000,979.0,0.0,979.0,0.0,3438.037
2026-05-19 15:07:04.823,50250,979.0,0.0,979.0,0.0,3438.037
2026-05-19 15:07:04.824,50500,979.0,0.0,979.0,0.0,3438.037
2026-05-19 15:07:04.933,50750,968.869,0.521526552235,968.676,8.447,3475.557
2026-05-19 15:07:04.934,51000,979.0,0.0,979.0,0.0,3448.719
2026-05-19 15:07:04.934,51250,979.0,0.0,979.0,0.0,3448.719
2026-05-19 15:07:04.935,51500,979.0,0.0,979.0,0.0,3448.719
2026-05-19 15:07:05.046,51750,979.0,0.0,979.0,0.0,3448.719
2026-05-19 15:07:05.047,52000,979.0,0.0,979.0,0.0,3448.719
2026-05-19 15:07:05.048,52250,979.0,0.0,979.0,0.0,3304.868
2026-05-19 15:07:05.158,52500,979.0,0.0,979.0,0.0,3304.868
2026-05-19 15:07:05.159,52750,979.0,0.0,979.0,0.0,3304.868
2026-05-19 15:07:05.159,53000,979.0,0.0,979.0,0.0,3304.868
2026-05-19 15:07:05.160,53250,979.0,0.0,979.0,0.0,3304.868
2026-05-19 15:07:05.268,53500,979.0,0.0,979.0,0.0,3304.868
2026-05-19 15:07:05.268,53750,979.0,0.0,979.0,0.0,3181.295
2026-05-19 15:07:05.269,54000,979.0,0.0,979.0,0.0,3181.295
2026-05-19 15:07:05.375,54250,979.0,0.0,979.0,0.0,3181.295
2026-05-19 15:07:05.375,54500,979.0,0.0,979.0,0.0,3181.295
2026-05-19 15:07:05.376,54750,979.0,0.0,979.0,0.0,3181.295
2026-05-19 15:07:05.490,55000,979.0,0.0,979.0,0.0,3181.295
2026-05-19 15:07:05.491,55250,979.0,0.0,979.0,0.0,3181.295
2026-05-19 15:07:05.492,55500,944.564,-4.202265832369,942.024,-69.215,3181.295
2026-05-19 15:07:05.493,55750,979.0,0.0,979.0,0.0,3069.393
2026-05-19 15:07:05.599,56000,979.0,0.0,979.0,0.0,3069.393
2026-05-19 15:07:05.600,56250,979.0,0.0,979.0,0.0,3069.393
2026-05-19 15:07:05.601,56500,979.0,0.0,979.0,0.0,3069.393
2026-05-19 15:07:05.710,56750,979.0,0.0,979.0,0.0,3069.393
2026-05-19 15:07:05.710,57000,979.0,0.0,979.0,0.0,3069.393
2026-05-19 15:07:05.711,57250,979.0,0.0,979.0,0.0,3069.393
2026-05-19 15:07:05.821,57500,979.0,0.0,979.0,0.0,3069.393
2026-05-19 15:07:05.821,57750,979.0,0.0,979.0,0.0,3069.393
2026-05-19 15:07:05.822,58000,937.022,6.321979856173,931.324,103.181,3206.9
2026-05-19 15:07:05.822,58250,906.252,1.463962538707,905.957,23.153,3206.9
2026-05-19 15:07:05.930,58500,906.252,1.463962538707,905.957,23.153,3206.9
2026-05-19 15:07:05.931,58750,979.0,0.0,979.0,0.0,3206.9
2026-05-19 15:07:05.931,59000,999.799,4.369904778779,996.892,76.18,3140.187
2026-05-19 15:07:06.045,59250,974.927,-0.873980955756,974.369,-14.609,3153.529
2026-05-19 15:07:06.046,59500,958.634,-4.369904778779,955.847,-73.043,3206.9
2026-05-19 15:07:06.046,59750,1035.586,-5.833867317486,1030.223,-105.261,2968.602
2026-05-19 15:07:06.047,60000,979.0,0.0,979.0,0.0,2968.602
2026-05-19 15:07:06.156,60250,979.0,0.0,979.0,0.0,2968.602
2026-05-19 15:07:06.156,60500,979.0,0.0,979.0,0.0,2968.602
2026-05-19 15:07:06.157,60750,979.0,0.0,979.0,0.0,2968.602
2026-05-19 15:07:06.264,61000,979.0,0.0,979.0,0.0,2968.602
2026-05-19 15:07:06.265,61250,979.0,0.0,979.0,0.0,2968.602
2026-05-19 15:07:06.265,61500,979.0,0.0,979.0,0.0,2968.602
2026-05-19 15:07:06.266,61750,979.0,0.0,979.0,0.0,2968.602
2026-05-19 15:07:06.377,62000,979.0,0.0,979.0,0.0,2968.602
2026-05-19 15:07:06.377,62250,979.0,0.0,979.0,0.0,2968.602
2026-05-19 15:07:06.377,62500,979.0,0.0,979.0,0.0,2968.602
2026-05-19 15:07:06.378,62750,979.0,0.0,979.0,0.0,2968.602
2026-05-19 15:07:06.482,63000,979.0,0.0,979.0,0.0,2968.602
2026-05-19 15:07:06.483,63250,979.0,0.0,979.0,0.0,2736.319
2026-05-19 15:07:06.483,63500,979.0,0.0,979.0,0.0,2736.319
2026-05-19 15:07:06.484,63750,979.0,0.0,979.0,0.0,2736.319
2026-05-19 15:07:06.593,64000,979.0,0.0,979.0,0.0,2736.319
2026-05-19 15:07:06.594,64250,979.0,0.0,979.0,0.0,2736.319
2026-05-19 15:07:06.594,64500,979.0,0.0,979.0,0.0,2736.319
2026-05-19 15:07:06.595,64750,979.0,0.0,979.0,0.0,2736.319
2026-05-19 15:07:06.704,65000,979.0,0.0,979.0,0.0,2736.319
2026-05-19 15:07:06.705,65250,979.0,0.0,979.0,0.0,2736.319
2026-05-19 15:07:06.705,65500,979.0,0.0,979.0,0.0,2736.319
2026-05-19 15:07:06.706,65750,979.0,0.0,979.0,0.0,2736.319
2026-05-19 15:07:06.819,66000,979.0,0.0,979.0,0.0,2736.319
2026-05-19 15:07:06.820,66250,979.0,0.0,979.0,0.0,2736.319
2026-05-19 15:07:06.820,66500,979.0,0.0,979.0,0.0,2736.319
2026-05-19 15:07:06.821,66750,979.0,0.0,979.0,0.0,2736.319
2026-05-19 15:07:06.930,67000,979.0,0.0,979.0,0.0,2736.319
2026-05-19 15:07:06.930,67250,979.0,0.0,979.0,0.0,2492.103
2026-05-19 15:07:06.931,67500,979.0,0.0,979.0,0.0,2492.103
2026-05-19 15:07:06.932,67750,979.0,0.0,979.0,0.0,2492.103
2026-05-19 15:07:07.043,68000,979.0,0.0,979.0,0.0,2492.103
2026-05-19 15:07:07.043,68250,979.0,0.0,979.0,0.0,2492.103
2026-05-19 15:07:07.043,68500,943.235,-4.454200530447,939.709,-72.518,2587.501
2026-05-19 15:07:07.044,68750,952.176,-3.340650397835,949.532,-54.389,2563.652
2026-05-19 15:07:07.153,69000,934.294,-5.567750663059,929.886,-90.648,2611.351
2026-05-19 15:07:07.153,69250,979.0,0.0,979.0,0.0,2611.351
2026-05-19 15:07:07.154,69500,979.0,0.0,979.0,0.0,2611.351
2026-05-19 15:07:07.154,69750,979.0,0.0,979.0,0.0,2611.351
2026-05-19 15:07:07.263,70000,988.369,1.113550132612,987.401,19.906,2587.501
2026-05-19 15:07:07.264,70250,979.0,0.0,979.0,0.0,2611.351
2026-05-19 15:07:07.264,70500,979.0,0.0,979.0,0.0,2611.351
2026-05-19 15:07:07.265,70750,979.0,0.0,979.0,0.0,2611.351
2026-05-19 15:07:07.376,71000,979.0,0.0,979.0,0.0,2611.351
2026-05-19 15:07:07.376,71250,979.0,0.0,979.0,0.0,2611.351
2026-05-19 15:07:07.377,71500,979.0,0.0,979.0,0.0,2611.351
2026-05-19 15:07:07.377,71750,1041.68,-2.020876309955,1040.557,-38.193,2460.281
2026-05-19 15:07:07.487,72000,990.667,1.204678122902,989.521,21.77,2333.03
2026-05-19 15:07:07.488,72250,1025.667,4.818712491606,1021.086,87.082,2253.416
2026-05-19 15:07:07.489,72500,1037.334,6.023390614508,1031.607,108.852,2226.878
2026-05-19 15:07:07.489,72750,1037.334,6.023390614508,1031.607,108.852,2226.878
2026-05-19 15:07:07.600,73000,979.0,0.0,979.0,0.0,2226.878
2026-05-19 15:07:07.601,73250,979.0,0.0,979.0,0.0,2226.878
2026-05-19 15:07:07.601,73500,979.0,0.0,979.0,0.0,2226.878
2026-05-19 15:07:07.602,73750,979.0,0.0,979.0,0.0,2226.878
2026-05-19 15:07:07.710,74000,979.0,0.0,979.0,0.0,2226.878
2026-05-19 15:07:07.711,74250,979.0,0.0,979.0,0.0,2226.878
2026-05-19 15:07:07.712,74500,979.0,0.0,979.0,0.0,2226.878
2026-05-19 15:07:07.713,74750,979.0,0.0,979.0,0.0,2226.878
2026-05-19 15:07:07.819,75000,979.0,0.0,979.0,0.0,2226.878
2026-05-19 15:07:07.820,75250,979.0,0.0,979.0,0.0,2226.878
2026-05-19 15:07:07.821,75500,979.0,0.0,979.0,0.0,2226.878
2026-05-19 15:07:07.821,75750,979.0,0.0,979.0,0.0,2226.878
2026-05-19 15:07:07.929,76000,979.0,0.0,979.0,0.0,2226.878
2026-05-19 15:07:07.929,76250,979.0,0.0,979.0,0.0,2226.878
2026-05-19 15:07:07.930,76500,979.0,0.0,979.0,0.0,2226.878
2026-05-19 15:07:07.930,76750,979.0,0.0,979.0,0.0,2226.878
2026-05-19 15:07:07.931,77000,979.0,0.0,979.0,0.0,2226.878
2026-05-19 15:07:08.036,77250,979.0,0.0,979.0,0.0,2226.878
2026-05-19 15:07:08.037,77500,877.88,3.235425986683,876.481,49.547,2226.878
2026-05-19 15:07:08.037,77750,979.0,0.0,979.0,0.0,1996.867
2026-05-19 15:07:08.038,78000,979.0,0.0,979.0,0.0,1996.867
2026-05-19 15:07:08.038,78250,979.0,0.0,979.0,0.0,1996.867
2026-05-19 15:07:08.143,78500,979.0,0.0,979.0,0.0,1996.867
2026-05-19 15:07:08.144,78750,979.0,0.0,979.0,0.0,1996.867
2026-05-19 15:07:08.144,79000,979.0,0.0,979.0,0.0,1996.867
2026-05-19 15:07:08.145,79250,979.0,0.0,979.0,0.0,1996.867
2026-05-19 15:07:08.276,79500,979.0,0.0,979.0,0.0,1996.867
2026-05-19 15:07:08.277,79750,979.0,0.0,979.0,0.0,1996.867
2026-05-19 15:07:08.278,80000,979.0,0.0,979.0,0.0,1996.867
2026-05-19 15:07:08.278,80250,979.0,0.0,979.0,0.0,1996.867
2026-05-19 15:07:08.279,80500,979.0,0.0,979.0,0.0,1996.867
2026-05-19 15:07:08.280,80750,979.0,0.0,979.0,0.0,1996.867
2026-05-19 15:07:08.393,81000,979.0,0.0,979.0,0.0,1996.867
2026-05-19 15:07:08.394,81250,979.0,0.0,979.0,0.0,1996.867
2026-05-19 15:07:08.394,81500,979.0,0.0,979.0,0.0,1996.867
2026-05-19 15:07:08.395,81750,925.561,-6.675799703416,919.285,-107.598,1996.867
2026-05-19 15:07:08.395,82000,979.0,0.0,979.0,0.0,1887.867
2026-05-19 15:07:08.530,82250,979.0,0.0,979.0,0.0,1887.867
2026-05-19 15:07:08.530,82500,979.0,0.0,979.0,0.0,1887.867
2026-05-19 15:07:08.531,82750,979.0,0.0,979.0,0.0,1887.867
2026-05-19 15:07:08.533,83000,979.0,0.0,979.0,0.0,1887.867
2026-05-19 15:07:08.533,83250,979.0,0.0,979.0,0.0,1662.085
2026-05-19 15:07:08.534,83500,979.0,0.0,979.0,0.0,1662.085
2026-05-19 15:07:08.656,83750,979.0,0.0,979.0,0.0,1662.085
2026-05-19 15:07:08.657,84000,979.0,0.0,979.0,0.0,1662.085
2026-05-19 15:07:08.658,84250,979.0,0.0,979.0,0.0,1662.085
2026-05-19 15:07:08.658,84500,979.0,0.0,979.0,0.0,1662.085
2026-05-19 15:07:08.659,84750,979.0,0.0,979.0,0.0,1662.085
2026-05-19 15:07:08.660,85000,979.0,0.0,979.0,0.0,1662.085
2026-05-19 15:07:08.791,85250,979.0,0.0,979.0,0.0,1662.085
2026-05-19 15:07:08.792,85500,979.0,0.0,979.0,0.0,1662.085
2026-05-19 15:07:08.793,85750,979.0,0.0,979.0,0.0,1662.085
2026-05-19 15:07:08.794,86000,979.0,0.0,979.0,0.0,1662.085
2026-05-19 15:07:08.794,86250,979.0,0.0,979.0,0.0,1662.085
2026-05-19 15:07:08.795,86500,979.0,0.0,979.0,0.0,1662.085
2026-05-19 15:07:08.909,86750,979.0,0.0,979.0,0.0,1662.085
2026-05-19 15:07:08.909,87000,979.0,0.0,979.0,0.0,1662.085
2026-05-19 15:07:08.910,87250,979.0,0.0,979.0,0.0,1662.085
2026-05-19 15:07:08.910,87500,979.0,0.0,979.0,0.0,1662.085
2026-05-19 15:07:08.911,87750,979.0,0.0,979.0,0.0,1662.085
2026-05-19 15:07:09.016,88000,979.0,0.0,979.0,0.0,1662.085
2026-05-19 15:07:09.017,88250,979.0,0.0,979.0,0.0,1662.085
2026-05-19 15:07:09.017,88500,979.0,0.0,979.0,0.0,1662.085
2026-05-19 15:07:09.018,88750,979.0,0.0,979.0,0.0,1662.085
2026-05-19 15:07:09.122,89000,979.0,0.0,979.0,0.0,1662.085
2026-05-19 15:07:09.123,89250,979.0,0.0,979.0,0.0,1436.336
2026-05-19 15:07:09.123,89500,979.0,0.0,979.0,0.0,1436.336
2026-05-19 15:07:09.124,89750,979.0,0.0,979.0,0.0,1436.336
2026-05-19 15:07:09.124,90000,979.0,0.0,979.0,0.0,1436.336
2026-05-19 15:07:09.228,90250,902.84,-9.90199356769,889.391,-155.255,1436.336
2026-05-19 15:07:09.229,90500,979.0,0.0,979.0,0.0,1324.598
2026-05-19 15:07:09.230,90750,979.0,0.0,979.0,0.0,1324.598
2026-05-19 15:07:09.230,91000,979.0,0.0,979.0,0.0,1324.598
2026-05-19 15:07:09.231,91250,979.0,0.0,979.0,0.0,1324.598
2026-05-19 15:07:09.335,91500,979.0,0.0,979.0,0.0,1324.598
2026-05-19 15:07:09.336,91750,979.0,0.0,979.0,0.0,1324.598
2026-05-19 15:07:09.336,92000,979.0,0.0,979.0,0.0,1324.598
2026-05-19 15:07:09.337,92250,979.0,0.0,979.0,0.0,1324.598
2026-05-19 15:07:09.450,92500,979.0,0.0,979.0,0.0,1324.598
2026-05-19 15:07:09.451,92750,979.0,0.0,979.0,0.0,1324.598
2026-05-19 15:07:09.452,93000,979.0,0.0,979.0,0.0,1324.598
2026-05-19 15:07:09.452,93250,979.0,0.0,979.0,0.0,1324.598
2026-05-19 15:07:09.453,93500,979.0,0.0,979.0,0.0,1324.598
2026-05-19 15:07:09.561,93750,979.0,0.0,979.0,0.0,1324.598
2026-05-19 15:07:09.562,94000,979.0,0.0,979.0,0.0,1324.598
2026-05-19 15:07:09.563,94250,979.0,0.0,979.0,0.0,1324.598
2026-05-19 15:07:09.563,94500,979.0,0.0,979.0,0.0,1324.598
2026-05-19 15:07:09.564,94750,979.0,0.0,979.0,0.0,1324.598
2026-05-19 15:07:09.668,95000,979.0,0.0,979.0,0.0,1324.598
2026-05-19 15:07:09.669,95250,1025.474,-1.012483713268,1024.529,-21.379,1273.78
2026-05-19 15:07:09.669,95500,979.0,0.0,979.0,0.0,1070.507
2026-05-19 15:07:09.670,95750,979.0,0.0,979.0,0.0,1070.507
2026-05-19 15:07:09.671,96000,979.0,0.0,979.0,0.0,1070.507
2026-05-19 15:07:09.780,96250,979.0,0.0,979.0,0.0,1070.507
2026-05-19 15:07:09.780,96500,979.0,0.0,979.0,0.0,1070.507
2026-05-19 15:07:09.781,96750,979.0,0.0,979.0,0.0,1070.507
2026-05-19 15:07:09.782,97000,979.0,0.0,979.0,0.0,1070.507
2026-05-19 15:07:09.783,97250,979.0,0.0,979.0,0.0,1070.507
2026-05-19 15:07:09.922,97500,979.0,0.0,979.0,0.0,1070.507
2026-05-19 15:07:09.923,97750,979.0,0.0,979.0,0.0,1070.507
2026-05-19 15:07:09.925,98000,979.0,0.0,979.0,0.0,1070.507
2026-05-19 15:07:09.926,98250,979.0,0.0,979.0,0.0,1070.507
2026-05-19 15:07:09.927,98500,979.0,0.0,979.0,0.0,1070.507
2026-05-19 15:07:09.928,98750,979.0,0.0,979.0,0.0,1070.507
2026-05-19 15:07:10.069,99000,979.0,0.0,979.0,0.0,1070.507
2026-05-19 15:07:10.070,99250,979.0,0.0,979.0,0.0,1070.507
2026-05-19 15:07:10.071,99500,979.0,0.0,979.0,0.0,1070.507
2026-05-19 15:07:10.073,99750,979.0,0.0,979.0,0.0,1070.507
2026-05-19 15:07:10.074,100000,979.0,0.0,979.0,0.0,1070.507
2026-05-19 15:07:10.605,10000,979.0,0.0,979.0,0.0,9286.314
2026-05-19 15:07:10.824,10250,979.0,0.0,979.0,0.0,9286.314
2026-05-19 15:07:10.935,10500,979.0,0.0,979.0,0.0,9286.314
2026-05-19 15:07:11.046,10750,974.699,0.936593187687,974.483,15.884,9327.412
2026-05-19 15:07:11.157,11000,979.0,0.0,979.0,0.0,9354.811
2026-05-19 15:07:11.377,11250,973.792,-0.089159180113,973.786,-1.483,9155.734
2026-05-19 15:07:11.490,11500,972.816,1.183926534127,972.557,20.068,9163.945
2026-05-19 15:07:11.605,11750,979.0,0.0,979.0,0.0,9178.44
2026-05-19 15:07:11.716,12000,979.0,0.0,979.0,0.0,9178.44
2026-05-19 15:07:11.828,12250,979.0,0.0,979.0,0.0,9178.44
2026-05-19 15:07:11.940,12500,979.0,0.0,979.0,0.0,9258.26
2026-05-19 15:07:12.053,12750,959.308,-0.414201052739,959.277,-6.899,9211.704
2026-05-19 15:07:12.280,13000,979.0,0.0,979.0,0.0,9025.481
2026-05-19 15:07:12.392,13250,989.468,0.238562541544,989.446,4.185,9015.775
2026-05-19 15:07:12.497,13500,979.0,0.0,979.0,0.0,9110.657
2026-05-19 15:07:12.609,13750,979.0,0.0,979.0,0.0,9110.657
2026-05-19 15:07:12.720,14000,969.017,-0.251556317382,968.994,-4.189,9065.282
2026-05-19 15:07:12.825,14250,979.0,0.0,979.0,0.0,8971.41
2026-05-19 15:07:12.938,14500,979.0,0.0,979.0,0.0,8971.41
2026-05-19 15:07:13.052,14750,990.723,-1.524079840029,990.373,-26.35,8971.41
2026-05-19 15:07:13.052,15000,975.972,-0.08356640985,975.967,-1.406,8966.526
2026-05-19 15:07:13.163,15250,979.0,0.0,979.0,0.0,8938.448
2026-05-19 15:07:13.266,15500,979.0,0.0,979.0,0.0,8938.448
2026-05-19 15:07:13.376,15750,979.0,0.0,979.0,0.0,9052.108
2026-05-19 15:07:13.486,16000,979.0,0.0,979.0,0.0,8828.731
2026-05-19 15:07:13.599,16250,979.0,0.0,979.0,0.0,8828.731
2026-05-19 15:07:13.710,16500,972.96,0.666603470774,972.851,11.272,8883.766
2026-05-19 15:07:13.821,16750,979.0,0.0,979.0,0.0,8920.457
2026-05-19 15:07:13.822,17000,979.0,0.0,979.0,0.0,8704.426
2026-05-19 15:07:13.932,17250,959.899,-1.492431687983,959.493,-25.088,8783.655
2026-05-19 15:07:14.044,17500,979.0,0.0,979.0,0.0,8836.474
2026-05-19 15:07:14.155,17750,979.0,0.0,979.0,0.0,8611.81
2026-05-19 15:07:14.263,18000,979.0,0.0,979.0,0.0,8611.81
2026-05-19 15:07:14.376,18250,1001.941,1.257875274975,1001.647,21.923,8415.028
2026-05-19 15:07:14.376,18500,979.0,0.0,979.0,0.0,8531.103
2026-05-19 15:07:14.487,18750,979.0,0.0,979.0,0.0,8531.103
2026-05-19 15:07:14.598,19000,984.011,0.200677693461,983.98,3.517,8488.527
2026-05-19 15:07:14.599,19250,979.0,0.0,979.0,0.0,8318.223
2026-05-19 15:07:14.710,19500,969.304,-0.435466853352,969.235,-7.256,8339.717
2026-05-19 15:07:14.822,19750,964.456,-0.653200280028,964.352,-10.884,8381.639
2026-05-19 15:07:14.933,20000,979.0,0.0,979.0,0.0,8255.872
2026-05-19 15:07:14.933,20250,979.0,0.0,979.0,0.0,8255.872
2026-05-19 15:07:15.045,20500,979.0,0.0,979.0,0.0,8055.627
2026-05-19 15:07:15.157,20750,979.0,0.0,979.0,0.0,8210.115
2026-05-19 15:07:15.158,21000,959.182,-1.005522859644,959.034,-16.832,8210.115
2026-05-19 15:07:15.269,21250,979.0,0.0,979.0,0.0,8043.919
2026-05-19 15:07:15.376,21500,979.0,0.0,979.0,0.0,8043.919
2026-05-19 15:07:15.377,21750,979.0,0.0,979.0,0.0,7856.622
2026-05-19 15:07:15.488,22000,992.007,-0.806904551313,991.842,-14.091,7926.211
2026-05-19 15:07:15.599,22250,979.0,0.0,979.0,0.0,8030.595
2026-05-19 15:07:15.600,22500,979.0,0.0,979.0,0.0,7842.522
2026-05-19 15:07:15.716,22750,979.0,0.0,979.0,0.0,7842.522
2026-05-19 15:07:15.828,23000,974.415,-0.278348748324,974.358,-4.644,7695.594
2026-05-19 15:07:15.828,23250,979.0,0.0,979.0,0.0,7658.862
2026-05-19 15:07:15.939,23500,979.0,0.0,979.0,0.0,7658.862
2026-05-19 15:07:15.940,23750,979.0,0.0,979.0,0.0,7498.755
2026-05-19 15:07:16.051,24000,979.0,0.0,979.0,0.0,7683.264
2026-05-19 15:07:16.165,24250,979.0,0.0,979.0,0.0,7515.704
2026-05-19 15:07:16.165,24500,979.0,0.0,979.0,0.0,7515.704
2026-05-19 15:07:16.277,24750,979.0,0.0,979.0,0.0,7515.704
2026-05-19 15:07:16.278,25000,979.0,0.0,979.0,0.0,7360.845
2026-05-19 15:07:16.393,25250,979.0,0.0,979.0,0.0,7360.845
2026-05-19 15:07:16.394,25500,979.0,0.0,979.0,0.0,7206.363
2026-05-19 15:07:16.504,25750,979.0,0.0,979.0,0.0,7206.363
2026-05-19 15:07:16.615,26000,979.0,0.0,979.0,0.0,7206.363
2026-05-19 15:07:16.615,26250,979.0,0.0,979.0,0.0,7078.333
2026-05-19 15:07:16.732,26500,982.984,0.339432596033,982.896,5.917,7050.105
2026-05-19 15:07:16.732,26750,979.0,0.0,979.0,0.0,6937.194
2026-05-19 15:07:16.843,27000,979.0,0.0,979.0,0.0,6937.194
2026-05-19 15:07:16.843,27250,994.275,1.38987360924,993.907,24.208,6831.029
2026-05-19 15:07:16.955,27500,979.0,0.0,979.0,0.0,6804.488
2026-05-19 15:07:16.955,27750,979.0,0.0,979.0,0.0,6804.488
2026-05-19 15:07:17.065,28000,979.0,0.0,979.0,0.0,6670.342
2026-05-19 15:07:17.066,28250,979.0,0.0,979.0,0.0,6670.342
2026-05-19 15:07:17.178,28500,975.675,-0.35678811958,975.582,-5.992,6579.735
2026-05-19 15:07:17.179,28750,979.0,0.0,979.0,0.0,6557.083
2026-05-19 15:07:17.296,29000,979.0,0.0,979.0,0.0,6557.083
2026-05-19 15:07:17.297,29250,979.0,0.0,979.0,0.0,6439.888
2026-05-19 15:07:17.408,29500,979.0,0.0,979.0,0.0,6439.888
2026-05-19 15:07:17.408,29750,975.644,-0.428488767772,975.51,-7.194,6351.588
2026-05-19 15:07:17.521,30000,979.0,0.0,979.0,0.0,6329.513
2026-05-19 15:07:17.521,30250,979.0,0.0,979.0,0.0,6329.513
2026-05-19 15:07:17.633,30500,979.0,0.0,979.0,0.0,6231.235
2026-05-19 15:07:17.633,30750,979.0,0.0,979.0,0.0,6231.235
2026-05-19 15:07:17.747,31000,979.0,0.0,979.0,0.0,6231.235
2026-05-19 15:07:17.747,31250,979.0,0.0,979.0,0.0,6132.743
2026-05-19 15:07:17.858,31500,979.0,0.0,979.0,0.0,6132.743
2026-05-19 15:07:17.859,31750,979.0,0.0,979.0,0.0,6055.123
2026-05-19 15:07:17.971,32000,979.0,0.0,979.0,0.0,5819.217
2026-05-19 15:07:17.971,32250,979.0,0.0,979.0,0.0,5819.217
2026-05-19 15:07:17.972,32500,979.0,0.0,979.0,0.0,5745.191
2026-05-19 15:07:18.082,32750,979.0,0.0,979.0,0.0,5745.191
2026-05-19 15:07:18.082,33000,979.0,0.0,979.0,0.0,5745.191
2026-05-19 15:07:18.194,33250,979.0,0.0,979.0,0.0,5682.385
2026-05-19 15:07:18.194,33500,979.0,0.0,979.0,0.0,5682.385
2026-05-19 15:07:18.298,33750,970.058,-2.653204997906,969.019,-44.905,5682.385
2026-05-19 15:07:18.299,34000,979.0,0.0,979.0,0.0,5630.485
2026-05-19 15:07:18.409,34250,979.0,0.0,979.0,0.0,5379.444
2026-05-19 15:07:18.409,34500,971.643,-2.735321777529,970.536,-46.369,5379.444
2026-05-19 15:07:18.410,34750,979.0,0.0,979.0,0.0,5339.018
2026-05-19 15:07:18.520,35000,979.0,0.0,979.0,0.0,5339.018
2026-05-19 15:07:18.520,35250,979.0,0.0,979.0,0.0,5339.018
2026-05-19 15:07:18.631,35500,979.0,0.0,979.0,0.0,5311.955
2026-05-19 15:07:18.632,35750,979.0,0.0,979.0,0.0,5069.911
2026-05-19 15:07:18.748,36000,979.0,0.0,979.0,0.0,5069.911
2026-05-19 15:07:18.748,36250,979.0,0.0,979.0,0.0,5053.16
2026-05-19 15:07:18.749,36500,979.0,0.0,979.0,0.0,5053.16
2026-05-19 15:07:18.859,36750,978.96,-1.801123266163,977.752,-30.741,5052.854
2026-05-19 15:07:18.860,37000,979.0,0.0,979.0,0.0,5052.649
2026-05-19 15:07:18.971,37250,979.0,0.0,979.0,0.0,4801.84
2026-05-19 15:07:18.972,37500,979.0,0.0,979.0,0.0,4801.84
2026-05-19 15:07:18.972,37750,979.0,0.0,979.0,0.0,4819.526
2026-05-19 15:07:19.083,38000,979.0,0.0,979.0,0.0,4819.526
2026-05-19 15:07:19.083,38250,979.0,0.0,979.0,0.0,4819.526
2026-05-19 15:07:19.185,38500,979.0,0.0,979.0,0.0,4819.526
2026-05-19 15:07:19.186,38750,979.0,0.0,979.0,0.0,4591.487
2026-05-19 15:07:19.186,39000,979.0,0.0,979.0,0.0,4591.487
2026-05-19 15:07:19.294,39250,979.0,0.0,979.0,0.0,4591.487
2026-05-19 15:07:19.295,39500,979.0,0.0,979.0,0.0,4591.487
2026-05-19 15:07:19.410,39750,979.0,0.0,979.0,0.0,4637.368
2026-05-19 15:07:19.410,40000,979.0,0.0,979.0,0.0,4380.519
2026-05-19 15:07:19.411,40250,979.0,0.0,979.0,0.0,4380.519
2026-05-19 15:07:19.521,40500,979.0,0.0,979.0,0.0,4380.519
2026-05-19 15:07:19.522,40750,985.161,-1.382225605795,984.438,-23.975,4421.872
2026-05-19 15:07:19.632,41000,979.0,0.0,979.0,0.0,4449.44
2026-05-19 15:07:19.633,41250,979.0,0.0,979.0,0.0,4262.566
2026-05-19 15:07:19.633,41500,979.0,0.0,979.0,0.0,4262.566
2026-05-19 15:07:19.750,41750,960.683,3.218750224387,959.168,53.941,4343.838
2026-05-19 15:07:19.750,42000,979.0,0.0,979.0,0.0,4343.838
2026-05-19 15:07:19.751,42250,935.346,-0.998868943928,935.171,-16.115,4295.415
2026-05-19 15:07:19.862,42500,979.0,0.0,979.0,0.0,4101.722
2026-05-19 15:07:19.862,42750,979.0,0.0,979.0,0.0,4101.722
2026-05-19 15:07:19.863,43000,979.0,0.0,979.0,0.0,4101.722
2026-05-19 15:07:19.974,43250,979.0,0.0,979.0,0.0,4198.29
2026-05-19 15:07:19.974,43500,979.0,0.0,979.0,0.0,4198.29
2026-05-19 15:07:19.975,43750,979.0,0.0,979.0,0.0,3960.624
2026-05-19 15:07:20.083,44000,979.0,0.0,979.0,0.0,3960.624
2026-05-19 15:07:20.084,44250,979.0,0.0,979.0,0.0,3960.624
2026-05-19 15:07:20.084,44500,973.205,0.653057521374,972.896,10.823,3984.785
2026-05-19 15:07:20.193,44750,979.0,0.0,979.0,0.0,3861.35
2026-05-19 15:07:20.195,45000,979.0,0.0,979.0,0.0,3861.35
2026-05-19 15:07:20.298,45250,979.0,0.0,979.0,0.0,3861.35
2026-05-19 15:07:20.298,45500,979.0,0.0,979.0,0.0,3861.35
2026-05-19 15:07:20.299,45750,979.0,0.0,979.0,0.0,3861.35
2026-05-19 15:07:20.410,46000,979.0,0.0,979.0,0.0,3655.855
2026-05-19 15:07:20.410,46250,979.0,0.0,979.0,0.0,3823.201
2026-05-19 15:07:20.411,46500,979.0,0.0,979.0,0.0,3823.201
2026-05-19 15:07:20.521,46750,979.0,0.0,979.0,0.0,3823.201
2026-05-19 15:07:20.521,47000,979.0,0.0,979.0,0.0,3823.201
2026-05-19 15:07:20.522,47250,979.0,0.0,979.0,0.0,3625.638
2026-05-19 15:07:20.633,47500,979.0,0.0,979.0,0.0,3625.638
2026-05-19 15:07:20.633,47750,979.0,0.0,979.0,0.0,3625.638
2026-05-19 15:07:20.634,48000,979.0,0.0,979.0,0.0,3625.638
2026-05-19 15:07:20.746,48250,979.0,0.0,979.0,0.0,3625.638
2026-05-19 15:07:20.747,48500,979.0,0.0,979.0,0.0,3618.973
2026-05-19 15:07:20.747,48750,979.0,0.0,979.0,0.0,3618.973
2026-05-19 15:07:20.858,49000,979.0,0.0,979.0,0.0,3618.973
2026-05-19 15:07:20.858,49250,930.053,-3.100736592919,928.692,-50.308,3618.973
2026-05-19 15:07:20.859,49500,979.0,0.0,979.0,0.0,3438.037
2026-05-19 15:07:20.970,49750,979.0,0.0,979.0,0.0,3438.037
2026-05-19 15:07:20.970,50000,979.0,0.0,979.0,0.0,3438.037
2026-05-19 15:07:20.971,50250,979.0,0.0,979.0,0.0,3438.037
2026-05-19 15:07:21.081,50500,979.0,0.0,979.0,0.0,3438.037
2026-05-19 15:07:21.081,50750,968.869,0.521526552235,968.676,8.447,3475.557
2026-05-19 15:07:21.082,51000,979.0,0.0,979.0,0.0,3448.719
2026-05-19 15:07:21.082,51250,979.0,0.0,979.0,0.0,3448.719
2026-05-19 15:07:21.190,51500,979.0,0.0,979.0,0.0,3448.719
2026-05-19 15:07:21.191,51750,979.0,0.0,979.0,0.0,3448.719
2026-05-19 15:07:21.191,52000,979.0,0.0,979.0,0.0,3448.719
2026-05-19 15:07:21.297,52250,979.0,0.0,979.0,0.0,3304.868
2026-05-19 15:07:21.297,52500,979.0,0.0,979.0,0.0,3304.868
2026-05-19 15:07:21.298,52750,979.0,0.0,979.0,0.0,3304.868
2026-05-19 15:07:21.408,53000,979.0,0.0,979.0,0.0,3304.868
2026-05-19 15:07:21.408,53250,979.0,0.0,979.0,0.0,3304.868
2026-05-19 15:07:21.409,53500,979.0,0.0,979.0,0.0,3304.868
2026-05-19 15:07:21.409,53750,979.0,0.0,979.0,0.0,3181.295
2026-05-19 15:07:21.518,54000,979.0,0.0,979.0,0.0,3181.295
2026-05-19 15:07:21.518,54250,979.0,0.0,979.0,0.0,3181.295
2026-05-19 15:07:21.519,54500,979.0,0.0,979.0,0.0,3181.295
2026-05-19 15:07:21.628,54750,979.0,0.0,979.0,0.0,3181.295
2026-05-19 15:07:21.628,55000,979.0,0.0,979.0,0.0,3181.295
2026-05-19 15:07:21.629,55250,979.0,0.0,979.0,0.0,3181.295
2026-05-19 15:07:21.740,55500,944.564,-4.202265832369,942.024,-69.215,3181.295
2026-05-19 15:07:21.740,55750,979.0,0.0,979.0,0.0,3069.393
2026-05-19 15:07:21.741,56000,979.0,0.0,979.0,0.0,3069.393
2026-05-19 15:07:21.741,56250,979.0,0.0,979.0,0.0,3069.393
2026-05-19 15:07:21.851,56500,979.0,0.0,979.0,0.0,3069.393
2026-05-19 15:07:21.851,56750,979.0,0.0,979.0,0.0,3069.393
2026-05-19 15:07:21.852,57000,979.0,0.0,979.0,0.0,3069.393
2026-05-19 15:07:21.961,57250,979.0,0.0,979.0,0.0,3069.393
2026-05-19 15:07:21.961,57500,979.0,0.0,979.0,0.0,3069.393
2026-05-19 15:07:21.962,57750,979.0,0.0,979.0,0.0,3069.393
2026-05-19 15:07:22.072,58000,937.022,6.321979856173,931.324,103.181,3206.9
2026-05-19 15:07:22.073,58250,906.252,1.463962538707,905.957,23.153,3206.9
2026-05-19 15:07:22.073,58500,906.252,1.463962538707,905.957,23.153,3206.9
2026-05-19 15:07:22.074,58750,979.0,0.0,979.0,0.0,3206.9
2026-05-19 15:07:22.183,59000,999.799,4.369904778779,996.892,76.18,3140.187
2026-05-19 15:07:22.184,59250,979.0,0.0,979.0,0.0,3140.187
2026-05-19 15:07:22.184,59500,958.634,-4.369904778779,955.847,-73.043,3206.9
2026-05-19 15:07:22.297,59750,1035.586,-5.833867317486,1030.223,-105.261,2968.602
2026-05-19 15:07:22.297,60000,979.0,0.0,979.0,0.0,2968.602
2026-05-19 15:07:22.298,60250,979.0,0.0,979.0,0.0,2968.602
2026-05-19 15:07:22.298,60500,979.0,0.0,979.0,0.0,2968.602
2026-05-19 15:07:22.408,60750,979.0,0.0,979.0,0.0,2968.602
2026-05-19 15:07:22.409,61000,979.0,0.0,979.0,0.0,2968.602
2026-05-19 15:07:22.409,61250,979.0,0.0,979.0,0.0,2968.602
2026-05-19 15:07:22.409,61500,979.0,0.0,979.0,0.0,2968.602
2026-05-19 15:07:22.519,61750,979.0,0.0,979.0,0.0,2968.602
2026-05-19 15:07:22.519,62000,979.0,0.0,979.0,0.0,2968.602
2026-05-19 15:07:22.520,62250,979.0,0.0,979.0,0.0,2968.602
2026-05-19 15:07:22.520,62500,979.0,0.0,979.0,0.0,2968.602
2026-05-19 15:07:22.630,62750,979.0,0.0,979.0,0.0,2968.602
2026-05-19 15:07:22.630,63000,979.0,0.0,979.0,0.0,2968.602
2026-05-19 15:07:22.631,63250,979.0,0.0,979.0,0.0,2736.319
2026-05-19 15:07:22.632,63500,979.0,0.0,979.0,0.0,2736.319
2026-05-19 15:07:22.741,63750,979.0,0.0,979.0,0.0,2736.319
2026-05-19 15:07:22.742,64000,979.0,0.0,979.0,0.0,2736.319
2026-05-19 15:07:22.742,64250,979.0,0.0,979.0,0.0,2736.319
2026-05-19 15:07:22.743,64500,979.0,0.0,979.0,0.0,2736.319
2026-05-19 15:07:22.853,64750,979.0,0.0,979.0,0.0,2736.319
2026-05-19 15:07:22.854,65000,979.0,0.0,979.0,0.0,2736.319
2026-05-19 15:07:22.854,65250,979.0,0.0,979.0,0.0,2736.319
2026-05-19 15:07:22.855,65500,979.0,0.0,979.0,0.0,2736.319
2026-05-19 15:07:22.966,65750,979.0,0.0,979.0,0.0,2736.319
2026-05-19 15:07:22.966,66000,979.0,0.0,979.0,0.0,2736.319
2026-05-19 15:07:22.967,66250,979.0,0.0,979.0,0.0,2736.319
2026-05-19 15:07:22.967,66500,979.0,0.0,979.0,0.0,2736.319
2026-05-19 15:07:23.079,66750,979.0,0.0,979.0,0.0,2736.319
2026-05-19 15:07:23.080,67000,979.0,0.0,979.0,0.0,2736.319
2026-05-19 15:07:23.080,67250,979.0,0.0,979.0,0.0,2492.103
2026-05-19 15:07:23.081,67500,979.0,0.0,979.0,0.0,2492.103
2026-05-19 15:07:23.189,67750,979.0,0.0,979.0,0.0,2492.103
2026-05-19 15:07:23.190,68000,979.0,0.0,979.0,0.0,2492.103
2026-05-19 15:07:23.190,68250,970.059,-1.113550132612,969.177,-18.13,2515.952
2026-05-19 15:07:23.191,68500,952.176,-3.340650397835,949.532,-54.389,2563.652
2026-05-19 15:07:23.297,68750,943.235,-4.454200530447,939.709,-72.518,2587.501
2026-05-19 15:07:23.298,69000,934.294,-5.567750663059,929.886,-90.648,2611.351
2026-05-19 15:07:23.298,69250,979.0,0.0,979.0,0.0,2611.351
2026-05-19 15:07:23.299,69500,979.0,0.0,979.0,0.0,2611.351
2026-05-19 15:07:23.409,69750,979.0,0.0,979.0,0.0,2611.351
2026-05-19 15:07:23.409,70000,988.369,1.113550132612,987.401,19.906,2587.501
2026-05-19 15:07:23.409,70250,979.0,0.0,979.0,0.0,2611.351
2026-05-19 15:07:23.410,70500,979.0,0.0,979.0,0.0,2611.351
2026-05-19 15:07:23.520,70750,979.0,0.0,979.0,0.0,2611.351
2026-05-19 15:07:23.521,71000,979.0,0.0,979.0,0.0,2611.351
2026-05-19 15:07:23.522,71250,979.0,0.0,979.0,0.0,2611.351
2026-05-19 15:07:23.522,71500,979.0,0.0,979.0,0.0,2611.351
2026-05-19 15:07:23.632,71750,1041.68,-2.020876309955,1040.557,-38.193,2460.281
2026-05-19 15:07:23.632,72000,990.667,1.204678122902,989.521,21.77,2333.03
2026-05-19 15:07:23.633,72250,1014.001,3.614034368705,1010.564,65.311,2279.954
2026-05-19 15:07:23.633,72500,1037.334,6.023390614508,1031.607,108.852,2226.878
2026-05-19 15:07:23.743,72750,1037.334,6.023390614508,1031.607,108.852,2226.878
2026-05-19 15:07:23.743,73000,979.0,0.0,979.0,0.0,2226.878
2026-05-19 15:07:23.744,73250,979.0,0.0,979.0,0.0,2226.878
2026-05-19 15:07:23.744,73500,979.0,0.0,979.0,0.0,2226.878
2026-05-19 15:07:23.849,73750,979.0,0.0,979.0,0.0,2226.878
2026-05-19 15:07:23.849,74000,979.0,0.0,979.0,0.0,2226.878
2026-05-19 15:07:23.850,74250,979.0,0.0,979.0,0.0,2226.878
2026-05-19 15:07:23.850,74500,979.0,0.0,979.0,0.0,2226.878
2026-05-19 15:07:23.955,74750,979.0,0.0,979.0,0.0,2226.878
2026-05-19 15:07:23.955,75000,979.0,0.0,979.0,0.0,2226.878
2026-05-19 15:07:23.956,75250,979.0,0.0,979.0,0.0,2226.878
2026-05-19 15:07:23.956,75500,979.0,0.0,979.0,0.0,2226.878
2026-05-19 15:07:24.066,75750,979.0,0.0,979.0,0.0,2226.878
2026-05-19 15:07:24.066,76000,979.0,0.0,979.0,0.0,2226.878
2026-05-19 15:07:24.067,76250,979.0,0.0,979.0,0.0,2226.878
2026-05-19 15:07:24.067,76500,979.0,0.0,979.0,0.0,2226.878
2026-05-19 15:07:24.177,76750,979.0,0.0,979.0,0.0,2226.878
2026-05-19 15:07:24.178,77000,979.0,0.0,979.0,0.0,2226.878
2026-05-19 15:07:24.178,77250,979.0,0.0,979.0,0.0,2226.878
2026-05-19 15:07:24.178,77500,877.88,3.235425986683,876.481,49.547,2226.878
2026-05-19 15:07:24.179,77750,979.0,0.0,979.0,0.0,1996.867
2026-05-19 15:07:24.281,78000,979.0,0.0,979.0,0.0,1996.867
2026-05-19 15:07:24.282,78250,979.0,0.0,979.0,0.0,1996.867
2026-05-19 15:07:24.282,78500,979.0,0.0,979.0,0.0,1996.867
2026-05-19 15:07:24.283,78750,979.0,0.0,979.0,0.0,1996.867
2026-05-19 15:07:24.283,79000,979.0,0.0,979.0,0.0,1996.867
2026-05-19 15:07:24.392,79250,979.0,0.0,979.0,0.0,1996.867
2026-05-19 15:07:24.392,79500,979.0,0.0,979.0,0.0,1996.867
2026-05-19 15:07:24.393,79750,979.0,0.0,979.0,0.0,1996.867
2026-05-19 15:07:24.393,80000,979.0,0.0,979.0,0.0,1996.867
2026-05-19 15:07:24.394,80250,979.0,0.0,979.0,0.0,1996.867
2026-05-19 15:07:24.505,80500,979.0,0.0,979.0,0.0,1996.867
2026-05-19 15:07:24.505,80750,979.0,0.0,979.0,0.0,1996.867
2026-05-19 15:07:24.506,81000,979.0,0.0,979.0,0.0,1996.867
2026-05-19 15:07:24.506,81250,979.0,0.0,979.0,0.0,1996.867
2026-05-19 15:07:24.615,81500,979.0,0.0,979.0,0.0,1996.867
2026-05-19 15:07:24.616,81750,925.561,-6.675799703416,919.285,-107.598,1996.867
2026-05-19 15:07:24.616,82000,979.0,0.0,979.0,0.0,1887.867
2026-05-19 15:07:24.617,82250,979.0,0.0,979.0,0.0,1887.867
2026-05-19 15:07:24.617,82500,979.0,0.0,979.0,0.0,1887.867
2026-05-19 15:07:24.727,82750,979.0,0.0,979.0,0.0,1887.867
2026-05-19 15:07:24.728,83000,979.0,0.0,979.0,0.0,1887.867
2026-05-19 15:07:24.728,83250,979.0,0.0,979.0,0.0,1662.085
2026-05-19 15:07:24.728,83500,979.0,0.0,979.0,0.0,1662.085
2026-05-19 15:07:24.729,83750,979.0,0.0,979.0,0.0,1662.085
2026-05-19 15:07:24.841,84000,979.0,0.0,979.0,0.0,1662.085
2026-05-19 15:07:24.841,84250,979.0,0.0,979.0,0.0,1662.085
2026-05-19 15:07:24.841,84500,979.0,0.0,979.0,0.0,1662.085
2026-05-19 15:07:24.842,84750,979.0,0.0,979.0,0.0,1662.085
2026-05-19 15:07:24.842,85000,979.0,0.0,979.0,0.0,1662.085
2026-05-19 15:07:24.952,85250,979.0,0.0,979.0,0.0,1662.085
2026-05-19 15:07:24.953,85500,979.0,0.0,979.0,0.0,1662.085
2026-05-19 15:07:24.953,85750,979.0,0.0,979.0,0.0,1662.085
2026-05-19 15:07:24.953,86000,979.0,0.0,979.0,0.0,1662.085
2026-05-19 15:07:24.954,86250,979.0,0.0,979.0,0.0,1662.085
2026-05-19 15:07:25.062,86500,979.0,0.0,979.0,0.0,1662.085
2026-05-19 15:07:25.063,86750,979.0,0.0,979.0,0.0,1662.085
2026-05-19 15:07:25.063,87000,979.0,0.0,979.0,0.0,1662.085
2026-05-19 15:07:25.064,87250,979.0,0.0,979.0,0.0,1662.085
2026-05-19 15:07:25.064,87500,979.0,0.0,979.0,0.0,1662.085
2026-05-19 15:07:25.174,87750,979.0,0.0,979.0,0.0,1662.085
2026-05-19 15:07:25.175,88000,979.0,0.0,979.0,0.0,1662.085
2026-05-19 15:07:25.175,88250,979.0,0.0,979.0,0.0,1662.085
2026-05-19 15:07:25.176,88500,979.0,0.0,979.0,0.0,1662.085
2026-05-19 15:07:25.176,88750,979.0,0.0,979.0,0.0,1662.085
2026-05-19 15:07:25.281,89000,979.0,0.0,979.0,0.0,1662.085
2026-05-19 15:07:25.281,89250,979.0,0.0,979.0,0.0,1436.336
2026-05-19 15:07:25.282,89500,979.0,0.0,979.0,0.0,1436.336
2026-05-19 15:07:25.282,89750,979.0,0.0,979.0,0.0,1436.336
2026-05-19 15:07:25.393,90000,979.0,0.0,979.0,0.0,1436.336
2026-05-19 15:07:25.394,90250,902.84,-9.90199356769,889.391,-155.255,1436.336
2026-05-19 15:07:25.394,90500,979.0,0.0,979.0,0.0,1324.598
2026-05-19 15:07:25.394,90750,979.0,0.0,979.0,0.0,1324.598
2026-05-19 15:07:25.395,91000,979.0,0.0,979.0,0.0,1324.598
2026-05-19 15:07:25.505,91250,979.0,0.0,979.0,0.0,1324.598
2026-05-19 15:07:25.506,91500,979.0,0.0,979.0,0.0,1324.598
2026-05-19 15:07:25.506,91750,979.0,0.0,979.0,0.0,1324.598
2026-05-19 15:07:25.506,92000,979.0,0.0,979.0,0.0,1324.598
2026-05-19 15:07:25.507,92250,979.0,0.0,979.0,0.0,1324.598
2026-05-19 15:07:25.617,92500,979.0,0.0,979.0,0.0,1324.598
2026-05-19 15:07:25.617,92750,979.0,0.0,979.0,0.0,1324.598
2026-05-19 15:07:25.618,93000,979.0,0.0,979.0,0.0,1324.598
2026-05-19 15:07:25.618,93250,979.0,0.0,979.0,0.0,1324.598
2026-05-19 15:07:25.618,93500,979.0,0.0,979.0,0.0,1324.598
2026-05-19 15:07:25.728,93750,979.0,0.0,979.0,0.0,1324.598
2026-05-19 15:07:25.728,94000,979.0,0.0,979.0,0.0,1324.598
2026-05-19 15:07:25.729,94250,979.0,0.0,979.0,0.0,1324.598
2026-05-19 15:07:25.729,94500,979.0,0.0,979.0,0.0,1324.598
2026-05-19 15:07:25.729,94750,979.0,0.0,979.0,0.0,1324.598
2026-05-19 15:07:25.841,95000,979.0,0.0,979.0,0.0,1324.598
2026-05-19 15:07:25.842,95250,1025.474,-1.012483713268,1024.529,-21.379,1273.78
2026-05-19 15:07:25.842,95500,979.0,0.0,979.0,0.0,1070.507
2026-05-19 15:07:25.842,95750,979.0,0.0,979.0,0.0,1070.507
2026-05-19 15:07:25.843,96000,979.0,0.0,979.0,0.0,1070.507
2026-05-19 15:07:25.952,96250,979.0,0.0,979.0,0.0,1070.507
2026-05-19 15:07:25.952,96500,979.0,0.0,979.0,0.0,1070.507
2026-05-19 15:07:25.953,96750,979.0,0.0,979.0,0.0,1070.507
2026-05-19 15:07:25.953,97000,979.0,0.0,979.0,0.0,1070.507
2026-05-19 15:07:26.066,97250,979.0,0.0,979.0,0.0,1070.507
2026-05-19 15:07:26.066,97500,979.0,0.0,979.0,0.0,1070.507
2026-05-19 15:07:26.067,97750,979.0,0.0,979.0,0.0,1070.507
2026-05-19 15:07:26.067,98000,979.0,0.0,979.0,0.0,1070.507
2026-05-19 15:07:26.067,98250,979.0,0.0,979.0,0.0,1070.507
2026-05-19 15:07:26.175,98500,979.0,0.0,979.0,0.0,1070.507
2026-05-19 15:07:26.176,98750,979.0,0.0,979.0,0.0,1070.507
2026-05-19 15:07:26.177,99000,979.0,0.0,979.0,0.0,1070.507
2026-05-19 15:07:26.178,99250,979.0,0.0,979.0,0.0,1070.507
2026-05-19 15:07:26.179,99500,979.0,0.0,979.0,0.0,1070.507
2026-05-19 15:07:26.300,99750,979.0,0.0,979.0,0.0,1070.507
2026-05-19 15:07:26.300,100000,979.0,0.0,979.0,0.0,1070.507
2026-05-19 15:07:26.863,10000,979.0,0.0,979.0,0.0,9286.314
2026-05-19 15:07:26.975,10250,979.0,0.0,979.0,0.0,9286.314
2026-05-19 15:07:27.087,10500,979.0,0.0,979.0,0.0,9286.314
2026-05-19 15:07:27.198,10750,974.699,0.936593187687,974.483,15.884,9327.412
2026-05-19 15:07:27.427,11000,979.0,0.0,979.0,0.0,9354.811
2026-05-19 15:07:27.538,11250,973.792,-0.089159180113,973.786,-1.483,9155.734
2026-05-19 15:07:27.650,11500,972.816,1.183926534127,972.557,20.068,9163.945
2026-05-19 15:07:27.762,11750,979.0,0.0,979.0,0.0,9178.44
2026-05-19 15:07:27.876,12000,979.0,0.0,979.0,0.0,9178.44
2026-05-19 15:07:27.987,12250,979.0,0.0,979.0,0.0,9178.44
2026-05-19 15:07:28.210,12500,979.0,0.0,979.0,0.0,9258.26
2026-05-19 15:07:28.313,12750,959.308,-0.414201052739,959.277,-6.899,9211.704
2026-05-19 15:07:28.428,13000,979.0,0.0,979.0,0.0,9025.481
2026-05-19 15:07:28.538,13250,991.316,-0.049041134828,991.232,-0.775,8998.74
2026-05-19 15:07:28.650,13500,979.0,0.0,979.0,0.0,9110.657
2026-05-19 15:07:28.762,13750,979.0,0.0,979.0,0.0,9110.657
2026-05-19 15:07:28.875,14000,969.017,-0.251556317382,968.994,-4.189,9065.282
2026-05-19 15:07:28.986,14250,979.0,0.0,979.0,0.0,8971.41
2026-05-19 15:07:29.099,14500,979.0,0.0,979.0,0.0,8971.41
2026-05-19 15:07:29.210,14750,988.378,-1.219263872023,988.098,-21.08,8992.895
2026-05-19 15:07:29.313,15000,972.945,-0.1671328197,972.934,-2.812,8994.604
2026-05-19 15:07:29.425,15250,979.0,0.0,979.0,0.0,8938.448
2026-05-19 15:07:29.425,15500,979.0,0.0,979.0,0.0,8938.448
2026-05-19 15:07:29.536,15750,979.0,0.0,979.0,0.0,9052.108
2026-05-19 15:07:29.647,16000,979.0,0.0,979.0,0.0,8828.731
2026-05-19 15:07:29.760,16250,979.0,0.0,979.0,0.0,8828.731
2026-05-19 15:07:29.873,16500,972.96,0.666603470774,972.851,11.272,8883.766
2026-05-19 15:07:29.985,16750,979.0,0.0,979.0,0.0,8920.457
2026-05-19 15:07:30.095,17000,979.0,0.0,979.0,0.0,8704.426
2026-05-19 15:07:30.096,17250,959.899,-1.492431687983,959.493,-25.088,8783.655
2026-05-19 15:07:30.207,17500,979.0,0.0,979.0,0.0,8836.474
2026-05-19 15:07:30.312,17750,979.0,0.0,979.0,0.0,8611.81
2026-05-19 15:07:30.424,18000,979.0,0.0,979.0,0.0,8611.81
2026-05-19 15:07:30.535,18250,1001.941,1.257875274975,1001.647,21.923,8415.028
2026-05-19 15:07:30.535,18500,979.0,0.0,979.0,0.0,8531.103
2026-05-19 15:07:30.646,18750,979.0,0.0,979.0,0.0,8531.103
2026-05-19 15:07:30.757,19000,984.011,0.200677693461,983.98,3.517,8488.527
2026-05-19 15:07:30.870,19250,979.0,0.0,979.0,0.0,8318.223
2026-05-19 15:07:30.870,19500,969.304,-0.435466853352,969.235,-7.256,8339.717
2026-05-19 15:07:30.985,19750,969.304,-0.435466853352,969.235,-7.256,8339.717
2026-05-19 15:07:31.098,20000,979.0,0.0,979.0,0.0,8255.872
2026-05-19 15:07:31.098,20250,979.0,0.0,979.0,0.0,8255.872
2026-05-19 15:07:31.208,20500,979.0,0.0,979.0,0.0,8055.627
2026-05-19 15:07:31.313,20750,979.0,0.0,979.0,0.0,8210.115
2026-05-19 15:07:31.427,21000,959.182,-1.005522859644,959.034,-16.832,8210.115
2026-05-19 15:07:31.427,21250,979.0,0.0,979.0,0.0,8043.919
2026-05-19 15:07:31.539,21500,979.0,0.0,979.0,0.0,8043.919
2026-05-19 15:07:31.539,21750,979.0,0.0,979.0,0.0,7856.622
2026-05-19 15:07:31.651,22000,992.007,-0.806904551313,991.842,-14.091,7926.211
2026-05-19 15:07:31.763,22250,979.0,0.0,979.0,0.0,8030.595
2026-05-19 15:07:31.763,22500,979.0,0.0,979.0,0.0,7842.522
2026-05-19 15:07:31.874,22750,979.0,0.0,979.0,0.0,7842.522
2026-05-19 15:07:31.985,23000,969.829,-0.556697496649,969.717,-9.288,7732.326
2026-05-19 15:07:31.986,23250,979.0,0.0,979.0,0.0,7658.862
2026-05-19 15:07:32.099,23500,979.0,0.0,979.0,0.0,7658.862
2026-05-19 15:07:32.099,23750,979.0,0.0,979.0,0.0,7498.755
2026-05-19 15:07:32.211,24000,979.0,0.0,979.0,0.0,7683.264
2026-05-19 15:07:32.314,24250,979.0,0.0,979.0,0.0,7515.704
2026-05-19 15:07:32.314,24500,979.0,0.0,979.0,0.0,7515.704
2026-05-19 15:07:32.428,24750,979.0,0.0,979.0,0.0,7515.704
2026-05-19 15:07:32.428,25000,979.0,0.0,979.0,0.0,7360.845
2026-05-19 15:07:32.539,25250,979.0,0.0,979.0,0.0,7360.845
2026-05-19 15:07:32.650,25500,979.0,0.0,979.0,0.0,7206.363
2026-05-19 15:07:32.650,25750,979.0,0.0,979.0,0.0,7206.363
2026-05-19 15:07:32.760,26000,979.0,0.0,979.0,0.0,7206.363
2026-05-19 15:07:32.760,26250,979.0,0.0,979.0,0.0,7078.333
2026-05-19 15:07:32.875,26500,982.984,0.339432596033,982.896,5.917,7050.105
2026-05-19 15:07:32.875,26750,979.0,0.0,979.0,0.0,6937.194
2026-05-19 15:07:32.988,27000,979.0,0.0,979.0,0.0,6937.194
2026-05-19 15:07:32.988,27250,994.275,1.38987360924,993.907,24.208,6831.029
2026-05-19 15:07:33.099,27500,979.0,0.0,979.0,0.0,6804.488
2026-05-19 15:07:33.099,27750,979.0,0.0,979.0,0.0,6804.488
2026-05-19 15:07:33.209,28000,979.0,0.0,979.0,0.0,6670.342
2026-05-19 15:07:33.312,28250,979.0,0.0,979.0,0.0,6670.342
2026-05-19 15:07:33.312,28500,972.351,-0.713576239161,972.164,-11.984,6602.386
2026-05-19 15:07:33.422,28750,979.0,0.0,979.0,0.0,6557.083
2026-05-19 15:07:33.422,29000,979.0,0.0,979.0,0.0,6557.083
2026-05-19 15:07:33.534,29250,979.0,0.0,979.0,0.0,6439.888
2026-05-19 15:07:33.534,29500,979.0,0.0,979.0,0.0,6439.888
2026-05-19 15:07:33.644,29750,975.644,-0.428488767772,975.51,-7.194,6351.588
2026-05-19 15:07:33.645,30000,979.0,0.0,979.0,0.0,6329.513
2026-05-19 15:07:33.755,30250,979.0,0.0,979.0,0.0,6329.513
2026-05-19 15:07:33.755,30500,979.0,0.0,979.0,0.0,6231.235
2026-05-19 15:07:33.865,30750,979.0,0.0,979.0,0.0,6231.235
2026-05-19 15:07:33.866,31000,979.0,0.0,979.0,0.0,6231.235
2026-05-19 15:07:33.979,31250,979.0,0.0,979.0,0.0,6132.743
2026-05-19 15:07:33.979,31500,979.0,0.0,979.0,0.0,6132.743
2026-05-19 15:07:33.980,31750,979.0,0.0,979.0,0.0,6055.123
2026-05-19 15:07:34.090,32000,979.0,0.0,979.0,0.0,5819.217
2026-05-19 15:07:34.090,32250,979.0,0.0,979.0,0.0,5819.217
2026-05-19 15:07:34.202,32500,979.0,0.0,979.0,0.0,5745.191
2026-05-19 15:07:34.202,32750,979.0,0.0,979.0,0.0,5745.191
2026-05-19 15:07:34.314,33000,979.0,0.0,979.0,0.0,5745.191
2026-05-19 15:07:34.315,33250,979.0,0.0,979.0,0.0,5682.385
2026-05-19 15:07:34.425,33500,979.0,0.0,979.0,0.0,5682.385
2026-05-19 15:07:34.426,33750,970.058,-2.653204997906,969.019,-44.905,5682.385
2026-05-19 15:07:34.538,34000,979.0,0.0,979.0,0.0,5630.485
2026-05-19 15:07:34.538,34250,979.0,0.0,979.0,0.0,5379.444
2026-05-19 15:07:34.539,34500,971.643,-2.735321777529,970.536,-46.369,5379.444
2026-05-19 15:07:34.650,34750,979.0,0.0,979.0,0.0,5339.018
2026-05-19 15:07:34.651,35000,979.0,0.0,979.0,0.0,5339.018
2026-05-19 15:07:34.762,35250,979.0,0.0,979.0,0.0,5339.018
2026-05-19 15:07:34.763,35500,979.0,0.0,979.0,0.0,5311.955
2026-05-19 15:07:34.873,35750,979.0,0.0,979.0,0.0,5069.911
2026-05-19 15:07:34.873,36000,979.0,0.0,979.0,0.0,5069.911
2026-05-19 15:07:34.874,36250,979.0,0.0,979.0,0.0,5053.16
2026-05-19 15:07:34.986,36500,979.0,0.0,979.0,0.0,5053.16
2026-05-19 15:07:34.986,36750,978.941,-2.701684899244,977.128,-46.111,5052.956
2026-05-19 15:07:35.097,37000,979.0,0.0,979.0,0.0,5052.649
2026-05-19 15:07:35.098,37250,979.0,0.0,979.0,0.0,4801.84
2026-05-19 15:07:35.098,37500,979.0,0.0,979.0,0.0,4801.84
2026-05-19 15:07:35.207,37750,979.0,0.0,979.0,0.0,4819.526
2026-05-19 15:07:35.208,38000,979.0,0.0,979.0,0.0,4819.526
2026-05-19 15:07:35.313,38250,979.0,0.0,979.0,0.0,4819.526
2026-05-19 15:07:35.314,38500,979.0,0.0,979.0,0.0,4819.526
2026-05-19 15:07:35.314,38750,979.0,0.0,979.0,0.0,4591.487
2026-05-19 15:07:35.424,39000,979.0,0.0,979.0,0.0,4591.487
2026-05-19 15:07:35.424,39250,979.0,0.0,979.0,0.0,4591.487
2026-05-19 15:07:35.538,39500,979.0,0.0,979.0,0.0,4591.487
2026-05-19 15:07:35.538,39750,979.0,0.0,979.0,0.0,4637.368
2026-05-19 15:07:35.539,40000,979.0,0.0,979.0,0.0,4380.519
2026-05-19 15:07:35.648,40250,979.0,0.0,979.0,0.0,4380.519
2026-05-19 15:07:35.648,40500,979.0,0.0,979.0,0.0,4380.519
2026-05-19 15:07:35.758,40750,985.161,-1.382225605795,984.438,-23.975,4421.872
2026-05-19 15:07:35.759,41000,979.0,0.0,979.0,0.0,4449.44
2026-05-19 15:07:35.759,41250,979.0,0.0,979.0,0.0,4262.566
2026-05-19 15:07:35.869,41500,979.0,0.0,979.0,0.0,4262.566
2026-05-19 15:07:35.870,41750,960.683,3.218750224387,959.168,53.941,4343.838
2026-05-19 15:07:35.870,42000,979.0,0.0,979.0,0.0,4343.838
2026-05-19 15:07:35.982,42250,935.346,-0.998868943928,935.171,-16.115,4295.415
2026-05-19 15:07:35.982,42500,979.0,0.0,979.0,0.0,4101.722
2026-05-19 15:07:36.093,42750,979.0,0.0,979.0,0.0,4101.722
2026-05-19 15:07:36.094,43000,979.0,0.0,979.0,0.0,4101.722
2026-05-19 15:07:36.094,43250,979.0,0.0,979.0,0.0,4198.29
2026-05-19 15:07:36.206,43500,979.0,0.0,979.0,0.0,4198.29
2026-05-19 15:07:36.206,43750,979.0,0.0,979.0,0.0,3960.624
2026-05-19 15:07:36.207,44000,979.0,0.0,979.0,0.0,3960.624
2026-05-19 15:07:36.313,44250,979.0,0.0,979.0,0.0,3960.624
2026-05-19 15:07:36.313,44500,973.205,0.653057521374,972.896,10.823,3984.785
2026-05-19 15:07:36.314,44750,979.0,0.0,979.0,0.0,3861.35
2026-05-19 15:07:36.425,45000,979.0,0.0,979.0,0.0,3861.35
2026-05-19 15:07:36.425,45250,979.0,0.0,979.0,0.0,3861.35
2026-05-19 15:07:36.426,45500,979.0,0.0,979.0,0.0,3861.35
2026-05-19 15:07:36.538,45750,979.0,0.0,979.0,0.0,3861.35
2026-05-19 15:07:36.539,46000,979.0,0.0,979.0,0.0,3655.855
2026-05-19 15:07:36.539,46250,979.0,0.0,979.0,0.0,3823.201
2026-05-19 15:07:36.649,46500,979.0,0.0,979.0,0.0,3823.201
2026-05-19 15:07:36.650,46750,979.0,0.0,979.0,0.0,3823.201
2026-05-19 15:07:36.650,47000,979.0,0.0,979.0,0.0,3823.201
2026-05-19 15:07:36.760,47250,979.0,0.0,979.0,0.0,3625.638
2026-05-19 15:07:36.761,47500,979.0,0.0,979.0,0.0,3625.638
2026-05-19 15:07:36.761,47750,979.0,0.0,979.0,0.0,3625.638
2026-05-19 15:07:36.872,48000,979.0,0.0,979.0,0.0,3625.638
2026-05-19 15:07:36.872,48250,979.0,0.0,979.0,0.0,3625.638
2026-05-19 15:07:36.873,48500,979.0,0.0,979.0,0.0,3618.973
2026-05-19 15:07:36.985,48750,979.0,0.0,979.0,0.0,3618.973
2026-05-19 15:07:36.986,49000,979.0,0.0,979.0,0.0,3618.973
2026-05-19 15:07:36.986,49250,930.053,-3.100736592919,928.692,-50.308,3618.973
2026-05-19 15:07:37.096,49500,979.0,0.0,979.0,0.0,3438.037
2026-05-19 15:07:37.097,49750,979.0,0.0,979.0,0.0,3438.037
2026-05-19 15:07:37.097,50000,979.0,0.0,979.0,0.0,3438.037
2026-05-19 15:07:37.207,50250,979.0,0.0,979.0,0.0,3438.037
2026-05-19 15:07:37.208,50500,979.0,0.0,979.0,0.0,3438.037
2026-05-19 15:07:37.208,50750,968.869,0.521526552235,968.676,8.447,3475.557
2026-05-19 15:07:37.313,51000,979.0,0.0,979.0,0.0,3448.719
2026-05-19 15:07:37.313,51250,979.0,0.0,979.0,0.0,3448.719
2026-05-19 15:07:37.314,51500,979.0,0.0,979.0,0.0,3448.719
2026-05-19 15:07:37.314,51750,979.0,0.0,979.0,0.0,3448.719
2026-05-19 15:07:37.425,52000,979.0,0.0,979.0,0.0,3448.719
2026-05-19 15:07:37.425,52250,979.0,0.0,979.0,0.0,3304.868
2026-05-19 15:07:37.425,52500,979.0,0.0,979.0,0.0,3304.868
2026-05-19 15:07:37.537,52750,979.0,0.0,979.0,0.0,3304.868
2026-05-19 15:07:37.537,53000,979.0,0.0,979.0,0.0,3304.868
2026-05-19 15:07:37.538,53250,979.0,0.0,979.0,0.0,3304.868
2026-05-19 15:07:37.649,53500,979.0,0.0,979.0,0.0,3304.868
2026-05-19 15:07:37.649,53750,979.0,0.0,979.0,0.0,3181.295
2026-05-19 15:07:37.649,54000,979.0,0.0,979.0,0.0,3181.295
2026-05-19 15:07:37.650,54250,979.0,0.0,979.0,0.0,3181.295
2026-05-19 15:07:37.754,54500,979.0,0.0,979.0,0.0,3181.295
2026-05-19 15:07:37.754,54750,979.0,0.0,979.0,0.0,3181.295
2026-05-19 15:07:37.755,55000,979.0,0.0,979.0,0.0,3181.295
2026-05-19 15:07:37.865,55250,979.0,0.0,979.0,0.0,3181.295
2026-05-19 15:07:37.865,55500,944.564,-4.202265832369,942.024,-69.215,3181.295
2026-05-19 15:07:37.865,55750,979.0,0.0,979.0,0.0,3069.393
2026-05-19 15:07:37.975,56000,979.0,0.0,979.0,0.0,3069.393
2026-05-19 15:07:37.976,56250,979.0,0.0,979.0,0.0,3069.393
2026-05-19 15:07:37.976,56500,979.0,0.0,979.0,0.0,3069.393
2026-05-19 15:07:37.976,56750,979.0,0.0,979.0,0.0,3069.393
2026-05-19 15:07:38.089,57000,979.0,0.0,979.0,0.0,3069.393
2026-05-19 15:07:38.089,57250,979.0,0.0,979.0,0.0,3069.393
2026-05-19 15:07:38.090,57500,979.0,0.0,979.0,0.0,3069.393
2026-05-19 15:07:38.200,57750,979.0,0.0,979.0,0.0,3069.393
2026-05-19 15:07:38.200,58000,937.022,6.321979856173,931.324,103.181,3206.9
2026-05-19 15:07:38.201,58250,906.252,1.463962538707,905.957,23.153,3206.9
2026-05-19 15:07:38.201,58500,906.252,1.463962538707,905.957,23.153,3206.9
2026-05-19 15:07:38.313,58750,979.0,0.0,979.0,0.0,3206.9
2026-05-19 15:07:38.314,59000,999.799,4.369904778779,996.892,76.18,3140.187
2026-05-19 15:07:38.314,59250,974.927,-0.873980955756,974.369,-14.609,3153.529
2026-05-19 15:07:38.425,59500,958.634,-4.369904778779,955.847,-73.043,3206.9
2026-05-19 15:07:38.425,59750,1035.586,-5.833867317486,1030.223,-105.261,2968.602
2026-05-19 15:07:38.426,60000,979.0,0.0,979.0,0.0,2968.602
2026-05-19 15:07:38.426,60250,979.0,0.0,979.0,0.0,2968.602
2026-05-19 15:07:38.538,60500,979.0,0.0,979.0,0.0,2968.602
2026-05-19 15:07:38.539,60750,979.0,0.0,979.0,0.0,2968.602
2026-05-19 15:07:38.539,61000,979.0,0.0,979.0,0.0,2968.602
2026-05-19 15:07:38.540,61250,979.0,0.0,979.0,0.0,2968.602
2026-05-19 15:07:38.651,61500,979.0,0.0,979.0,0.0,2968.602
2026-05-19 15:07:38.651,61750,979.0,0.0,979.0,0.0,2968.602
2026-05-19 15:07:38.651,62000,979.0,0.0,979.0,0.0,2968.602
2026-05-19 15:07:38.652,62250,979.0,0.0,979.0,0.0,2968.602
2026-05-19 15:07:38.761,62500,979.0,0.0,979.0,0.0,2968.602
2026-05-19 15:07:38.762,62750,979.0,0.0,979.0,0.0,2968.602
2026-05-19 15:07:38.763,63000,979.0,0.0,979.0,0.0,2968.602
2026-05-19 15:07:38.763,63250,979.0,0.0,979.0,0.0,2736.319
2026-05-19 15:07:38.872,63500,979.0,0.0,979.0,0.0,2736.319
2026-05-19 15:07:38.873,63750,979.0,0.0,979.0,0.0,2736.319
2026-05-19 15:07:38.873,64000,979.0,0.0,979.0,0.0,2736.319
2026-05-19 15:07:38.874,64250,979.0,0.0,979.0,0.0,2736.319
2026-05-19 15:07:38.983,64500,979.0,0.0,979.0,0.0,2736.319
2026-05-19 15:07:38.983,64750,979.0,0.0,979.0,0.0,2736.319
2026-05-19 15:07:38.984,65000,979.0,0.0,979.0,0.0,2736.319
2026-05-19 15:07:39.096,65250,979.0,0.0,979.0,0.0,2736.319
2026-05-19 15:07:39.097,65500,979.0,0.0,979.0,0.0,2736.319
2026-05-19 15:07:39.097,65750,979.0,0.0,979.0,0.0,2736.319
2026-05-19 15:07:39.098,66000,979.0,0.0,979.0,0.0,2736.319
2026-05-19 15:07:39.098,66250,979.0,0.0,979.0,0.0,2736.319
2026-05-19 15:07:39.206,66500,979.0,0.0,979.0,0.0,2736.319
2026-05-19 15:07:39.206,66750,979.0,0.0,979.0,0.0,2736.319
2026-05-19 15:07:39.207,67000,979.0,0.0,979.0,0.0,2736.319
2026-05-19 15:07:39.313,67250,979.0,0.0,979.0,0.0,2492.103
2026-05-19 15:07:39.313,67500,979.0,0.0,979.0,0.0,2492.103
2026-05-19 15:07:39.313,67750,979.0,0.0,979.0,0.0,2492.103
2026-05-19 15:07:39.314,68000,979.0,0.0,979.0,0.0,2492.103
2026-05-19 15:07:39.424,68250,970.059,-1.113550132612,969.177,-18.13,2515.952
2026-05-19 15:07:39.425,68500,961.118,-2.227100265223,959.354,-36.259,2539.802
2026-05-19 15:07:39.425,68750,943.235,-4.454200530447,939.709,-72.518,2587.501
2026-05-19 15:07:39.426,69000,934.294,-5.567750663059,929.886,-90.648,2611.351
2026-05-19 15:07:39.536,69250,979.0,0.0,979.0,0.0,2611.351
2026-05-19 15:07:39.537,69500,979.0,0.0,979.0,0.0,2611.351
2026-05-19 15:07:39.537,69750,979.0,0.0,979.0,0.0,2611.351
2026-05-19 15:07:39.538,70000,997.738,2.227100265223,995.802,39.812,2563.652
2026-05-19 15:07:39.648,70250,979.0,0.0,979.0,0.0,2611.351
2026-05-19 15:07:39.648,70500,979.0,0.0,979.0,0.0,2611.351
2026-05-19 15:07:39.649,70750,979.0,0.0,979.0,0.0,2611.351
2026-05-19 15:07:39.649,71000,979.0,0.0,979.0,0.0,2611.351
2026-05-19 15:07:39.759,71250,979.0,0.0,979.0,0.0,2611.351
2026-05-19 15:07:39.760,71500,979.0,0.0,979.0,0.0,2611.351
2026-05-19 15:07:39.760,71750,1062.573,-2.694501746606,1061.076,-50.924,2409.924
2026-05-19 15:07:39.761,72000,990.667,1.204678122902,989.521,21.77,2333.03
2026-05-19 15:07:39.870,72250,1014.001,3.614034368705,1010.564,65.311,2279.954
2026-05-19 15:07:39.870,72500,1037.334,6.023390614508,1031.607,108.852,2226.878
2026-05-19 15:07:39.871,72750,1037.334,6.023390614508,1031.607,108.852,2226.878
2026-05-19 15:07:39.871,73000,979.0,0.0,979.0,0.0,2226.878
2026-05-19 15:07:39.980,73250,979.0,0.0,979.0,0.0,2226.878
2026-05-19 15:07:39.981,73500,979.0,0.0,979.0,0.0,2226.878
2026-05-19 15:07:39.981,73750,979.0,0.0,979.0,0.0,2226.878
2026-05-19 15:07:39.981,74000,979.0,0.0,979.0,0.0,2226.878
2026-05-19 15:07:40.092,74250,979.0,0.0,979.0,0.0,2226.878
2026-05-19 15:07:40.093,74500,979.0,0.0,979.0,0.0,2226.878
2026-05-19 15:07:40.093,74750,979.0,0.0,979.0,0.0,2226.878
2026-05-19 15:07:40.094,75000,979.0,0.0,979.0,0.0,2226.878
2026-05-19 15:07:40.203,75250,979.0,0.0,979.0,0.0,2226.878
2026-05-19 15:07:40.203,75500,979.0,0.0,979.0,0.0,2226.878
2026-05-19 15:07:40.204,75750,979.0,0.0,979.0,0.0,2226.878
2026-05-19 15:07:40.204,76000,979.0,0.0,979.0,0.0,2226.878
2026-05-19 15:07:40.205,76250,979.0,0.0,979.0,0.0,2226.878
2026-05-19 15:07:40.313,76500,979.0,0.0,979.0,0.0,2226.878
2026-05-19 15:07:40.313,76750,979.0,0.0,979.0,0.0,2226.878
2026-05-19 15:07:40.314,77000,979.0,0.0,979.0,0.0,2226.878
2026-05-19 15:07:40.314,77250,979.0,0.0,979.0,0.0,2226.878
2026-05-19 15:07:40.315,77500,877.88,3.235425986683,876.481,49.547,2226.878
2026-05-19 15:07:40.424,77750,979.0,0.0,979.0,0.0,1996.867
2026-05-19 15:07:40.424,78000,979.0,0.0,979.0,0.0,1996.867
2026-05-19 15:07:40.425,78250,979.0,0.0,979.0,0.0,1996.867
2026-05-19 15:07:40.425,78500,979.0,0.0,979.0,0.0,1996.867
2026-05-19 15:07:40.538,78750,979.0,0.0,979.0,0.0,1996.867
2026-05-19 15:07:40.538,79000,979.0,0.0,979.0,0.0,1996.867
2026-05-19 15:07:40.538,79250,979.0,0.0,979.0,0.0,1996.867
2026-05-19 15:07:40.539,79500,979.0,0.0,979.0,0.0,1996.867
2026-05-19 15:07:40.539,79750,979.0,0.0,979.0,0.0,1996.867
2026-05-19 15:07:40.649,80000,979.0,0.0,979.0,0.0,1996.867
2026-05-19 15:07:40.650,80250,979.0,0.0,979.0,0.0,1996.867
2026-05-19 15:07:40.650,80500,979.0,0.0,979.0,0.0,1996.867
2026-05-19 15:07:40.650,80750,979.0,0.0,979.0,0.0,1996.867
2026-05-19 15:07:40.651,81000,979.0,0.0,979.0,0.0,1996.867
2026-05-19 15:07:40.760,81250,979.0,0.0,979.0,0.0,1996.867
2026-05-19 15:07:40.761,81500,979.0,0.0,979.0,0.0,1996.867
2026-05-19 15:07:40.761,81750,925.561,-6.675799703416,919.285,-107.598,1996.867
2026-05-19 15:07:40.761,82000,979.0,0.0,979.0,0.0,1887.867
2026-05-19 15:07:40.762,82250,979.0,0.0,979.0,0.0,1887.867
2026-05-19 15:07:40.872,82500,979.0,0.0,979.0,0.0,1887.867
2026-05-19 15:07:40.872,82750,979.0,0.0,979.0,0.0,1887.867
2026-05-19 15:07:40.873,83000,979.0,0.0,979.0,0.0,1887.867
2026-05-19 15:07:40.873,83250,979.0,0.0,979.0,0.0,1662.085
2026-05-19 15:07:40.873,83500,979.0,0.0,979.0,0.0,1662.085
2026-05-19 15:07:40.982,83750,979.0,0.0,979.0,0.0,1662.085
2026-05-19 15:07:40.983,84000,979.0,0.0,979.0,0.0,1662.085
2026-05-19 15:07:40.983,84250,979.0,0.0,979.0,0.0,1662.085
2026-05-19 15:07:40.984,84500,979.0,0.0,979.0,0.0,1662.085
2026-05-19 15:07:40.984,84750,979.0,0.0,979.0,0.0,1662.085
2026-05-19 15:07:41.096,85000,979.0,0.0,979.0,0.0,1662.085
2026-05-19 15:07:41.097,85250,979.0,0.0,979.0,0.0,1662.085
2026-05-19 15:07:41.097,85500,979.0,0.0,979.0,0.0,1662.085
2026-05-19 15:07:41.098,85750,979.0,0.0,979.0,0.0,1662.085
2026-05-19 15:07:41.098,86000,979.0,0.0,979.0,0.0,1662.085
2026-05-19 15:07:41.208,86250,979.0,0.0,979.0,0.0,1662.085
2026-05-19 15:07:41.209,86500,979.0,0.0,979.0,0.0,1662.085
2026-05-19 15:07:41.209,86750,979.0,0.0,979.0,0.0,1662.085
2026-05-19 15:07:41.209,87000,979.0,0.0,979.0,0.0,1662.085
2026-05-19 15:07:41.210,87250,979.0,0.0,979.0,0.0,1662.085
2026-05-19 15:07:41.312,87500,979.0,0.0,979.0,0.0,1662.085
2026-05-19 15:07:41.313,87750,979.0,0.0,979.0,0.0,1662.085
2026-05-19 15:07:41.313,88000,979.0,0.0,979.0,0.0,1662.085
2026-05-19 15:07:41.314,88250,979.0,0.0,979.0,0.0,1662.085
2026-05-19 15:07:41.424,88500,979.0,0.0,979.0,0.0,1662.085
2026-05-19 15:07:41.424,88750,979.0,0.0,979.0,0.0,1662.085
2026-05-19 15:07:41.425,89000,979.0,0.0,979.0,0.0,1662.085
2026-05-19 15:07:41.425,89250,979.0,0.0,979.0,0.0,1436.336
2026-05-19 15:07:41.426,89500,979.0,0.0,979.0,0.0,1436.336
2026-05-19 15:07:41.537,89750,979.0,0.0,979.0,0.0,1436.336
2026-05-19 15:07:41.538,90000,979.0,0.0,979.0,0.0,1436.336
2026-05-19 15:07:41.538,90250,902.84,-9.90199356769,889.391,-155.255,1436.336
2026-05-19 15:07:41.538,90500,979.0,0.0,979.0,0.0,1324.598
2026-05-19 15:07:41.539,90750,979.0,0.0,979.0,0.0,1324.598
2026-05-19 15:07:41.653,91000,979.0,0.0,979.0,0.0,1324.598
2026-05-19 15:07:41.654,91250,979.0,0.0,979.0,0.0,1324.598
2026-05-19 15:07:41.654,91500,979.0,0.0,979.0,0.0,1324.598
2026-05-19 15:07:41.654,91750,979.0,0.0,979.0,0.0,1324.598
2026-05-19 15:07:41.655,92000,979.0,0.0,979.0,0.0,1324.598
2026-05-19 15:07:41.765,92250,979.0,0.0,979.0,0.0,1324.598
2026-05-19 15:07:41.765,92500,979.0,0.0,979.0,0.0,1324.598
2026-05-19 15:07:41.766,92750,979.0,0.0,979.0,0.0,1324.598
2026-05-19 15:07:41.766,93000,979.0,0.0,979.0,0.0,1324.598
2026-05-19 15:07:41.767,93250,979.0,0.0,979.0,0.0,1324.598
2026-05-19 15:07:41.876,93500,979.0,0.0,979.0,0.0,1324.598
2026-05-19 15:07:41.877,93750,979.0,0.0,979.0,0.0,1324.598
2026-05-19 15:07:41.877,94000,979.0,0.0,979.0,0.0,1324.598
2026-05-19 15:07:41.877,94250,979.0,0.0,979.0,0.0,1324.598
2026-05-19 15:07:41.878,94500,979.0,0.0,979.0,0.0,1324.598
2026-05-19 15:07:41.989,94750,979.0,0.0,979.0,0.0,1324.598
2026-05-19 15:07:41.989,95000,979.0,0.0,979.0,0.0,1324.598
2026-05-19 15:07:41.990,95250,1071.949,-2.024967426536,1070.058,-42.757,1222.962
2026-05-19 15:07:41.990,95500,979.0,0.0,979.0,0.0,1070.507
2026-05-19 15:07:42.102,95750,979.0,0.0,979.0,0.0,1070.507
2026-05-19 15:07:42.103,96000,979.0,0.0,979.0,0.0,1070.507
2026-05-19 15:07:42.103,96250,979.0,0.0,979.0,0.0,1070.507
2026-05-19 15:07:42.103,96500,979.0,0.0,979.0,0.0,1070.507
2026-05-19 15:07:42.104,96750,979.0,0.0,979.0,0.0,1070.507
2026-05-19 15:07:42.214,97000,979.0,0.0,979.0,0.0,1070.507
2026-05-19 15:07:42.215,97250,979.0,0.0,979.0,0.0,1070.507
2026-05-19 15:07:42.215,97500,979.0,0.0,979.0,0.0,1070.507
2026-05-19 15:07:42.215,97750,979.0,0.0,979.0,0.0,1070.507
2026-05-19 15:07:42.216,98000,979.0,0.0,979.0,0.0,1070.507
2026-05-19 15:07:42.330,98250,979.0,0.0,979.0,0.0,1070.507
2026-05-19 15:07:42.330,98500,979.0,0.0,979.0,0.0,1070.507
2026-05-19 15:07:42.331,98750,979.0,0.0,979.0,0.0,1070.507
2026-05-19 15:07:42.331,99000,979.0,0.0,979.0,0.0,1070.507
2026-05-19 15:07:42.332,99250,979.0,0.0,979.0,0.0,1070.507
2026-05-19 15:07:42.441,99500,979.0,0.0,979.0,0.0,1070.507
2026-05-19 15:07:42.442,99750,979.0,0.0,979.0,0.0,1070.507
2026-05-19 15:07:42.442,100000,979.0,0.0,979.0,0.0,1070.507
2026-05-19 15:07:43.002,10000,979.0,0.0,979.0,0.0,9286.314
2026-05-19 15:07:43.115,10250,979.0,0.0,979.0,0.0,9286.314
2026-05-19 15:07:43.227,10500,979.0,0.0,979.0,0.0,9286.314
2026-05-19 15:07:43.442,10750,976.133,0.624395458458,975.988,10.589,9313.712
2026-05-19 15:07:43.554,11000,979.0,0.0,979.0,0.0,9354.811
2026-05-19 15:07:43.668,11250,968.583,-0.178318360226,968.572,-2.966,9205.503
2026-05-19 15:07:43.780,11500,974.362,0.887944900595,974.167,15.051,9149.45
2026-05-19 15:07:44.001,11750,979.0,0.0,979.0,0.0,9178.44
2026-05-19 15:07:44.111,12000,979.0,0.0,979.0,0.0,9178.44
2026-05-19 15:07:44.224,12250,979.0,0.0,979.0,0.0,9178.44
2026-05-19 15:07:44.328,12500,979.0,0.0,979.0,0.0,9258.26
2026-05-19 15:07:44.439,12750,959.308,-0.414201052739,959.277,-6.899,9211.704
2026-05-19 15:07:44.550,13000,979.0,0.0,979.0,0.0,9025.481
2026-05-19 15:07:44.665,13250,987.93,-0.455926081973,987.794,-7.828,9029.146
2026-05-19 15:07:44.776,13500,979.0,0.0,979.0,0.0,9110.657
2026-05-19 15:07:44.888,13750,979.0,0.0,979.0,0.0,9110.657
2026-05-19 15:07:44.998,14000,969.017,-0.251556317382,968.994,-4.189,9065.282
2026-05-19 15:07:45.111,14250,979.0,0.0,979.0,0.0,8971.41
2026-05-19 15:07:45.226,14500,979.0,0.0,979.0,0.0,8971.41
2026-05-19 15:07:45.328,14750,988.378,-1.219263872023,988.098,-21.08,8992.895
2026-05-19 15:07:45.440,15000,972.945,-0.1671328197,972.934,-2.812,8994.604
2026-05-19 15:07:45.551,15250,979.0,0.0,979.0,0.0,8938.448
2026-05-19 15:07:45.666,15500,979.0,0.0,979.0,0.0,8938.448
2026-05-19 15:07:45.777,15750,979.0,0.0,979.0,0.0,9052.108
2026-05-19 15:07:45.889,16000,979.0,0.0,979.0,0.0,8828.731
2026-05-19 15:07:45.890,16250,979.0,0.0,979.0,0.0,8828.731
2026-05-19 15:07:46.001,16500,972.96,0.666603470774,972.851,11.272,8883.766
2026-05-19 15:07:46.112,16750,979.0,0.0,979.0,0.0,8920.457
2026-05-19 15:07:46.225,17000,979.0,0.0,979.0,0.0,8704.426
2026-05-19 15:07:46.330,17250,959.899,-1.492431687983,959.493,-25.088,8783.655
2026-05-19 15:07:46.440,17500,979.0,0.0,979.0,0.0,8836.474
2026-05-19 15:07:46.441,17750,979.0,0.0,979.0,0.0,8611.81
2026-05-19 15:07:46.552,18000,979.0,0.0,979.0,0.0,8611.81
2026-05-19 15:07:46.665,18250,1001.941,1.257875274975,1001.647,21.923,8415.028
2026-05-19 15:07:46.776,18500,979.0,0.0,979.0,0.0,8531.103
2026-05-19 15:07:46.776,18750,979.0,0.0,979.0,0.0,8531.103
2026-05-19 15:07:46.889,19000,979.0,0.0,979.0,0.0,8531.103
2026-05-19 15:07:46.999,19250,979.0,0.0,979.0,0.0,8318.223
2026-05-19 15:07:47.111,19500,969.304,-0.435466853352,969.235,-7.256,8339.717
2026-05-19 15:07:47.111,19750,969.304,-0.435466853352,969.235,-7.256,8339.717
2026-05-19 15:07:47.224,20000,979.0,0.0,979.0,0.0,8255.872
2026-05-19 15:07:47.329,20250,979.0,0.0,979.0,0.0,8255.872
2026-05-19 15:07:47.440,20500,979.0,0.0,979.0,0.0,8055.627
2026-05-19 15:07:47.441,20750,979.0,0.0,979.0,0.0,8210.115
2026-05-19 15:07:47.552,21000,959.182,-1.005522859644,959.034,-16.832,8210.115
2026-05-19 15:07:47.664,21250,979.0,0.0,979.0,0.0,8043.919
2026-05-19 15:07:47.665,21500,979.0,0.0,979.0,0.0,8043.919
2026-05-19 15:07:47.776,21750,974.441,-0.240865512311,974.399,-4.019,7894.082
2026-05-19 15:07:47.886,22000,992.007,-0.806904551313,991.842,-14.091,7926.211
2026-05-19 15:07:47.887,22250,979.0,0.0,979.0,0.0,8030.595
2026-05-19 15:07:47.996,22500,979.0,0.0,979.0,0.0,7842.522
2026-05-19 15:07:48.107,22750,979.0,0.0,979.0,0.0,7842.522
2026-05-19 15:07:48.108,23000,969.829,-0.556697496649,969.717,-9.288,7732.326
2026-05-19 15:07:48.220,23250,979.0,0.0,979.0,0.0,7658.862
2026-05-19 15:07:48.220,23500,979.0,0.0,979.0,0.0,7658.862
2026-05-19 15:07:48.328,23750,979.0,0.0,979.0,0.0,7498.755
2026-05-19 15:07:48.440,24000,979.0,0.0,979.0,0.0,7683.264
2026-05-19 15:07:48.441,24250,979.0,0.0,979.0,0.0,7515.704
2026-05-19 15:07:48.552,24500,979.0,0.0,979.0,0.0,7515.704
2026-05-19 15:07:48.552,24750,979.0,0.0,979.0,0.0,7515.704
2026-05-19 15:07:48.664,25000,979.0,0.0,979.0,0.0,7360.845
2026-05-19 15:07:48.665,25250,979.0,0.0,979.0,0.0,7360.845
2026-05-19 15:07:48.779,25500,979.0,0.0,979.0,0.0,7206.363
2026-05-19 15:07:48.891,25750,979.0,0.0,979.0,0.0,7206.363
2026-05-19 15:07:48.892,26000,979.0,0.0,979.0,0.0,7206.363
2026-05-19 15:07:48.995,26250,979.0,0.0,979.0,0.0,7078.333
2026-05-19 15:07:48.996,26500,982.984,0.339432596033,982.896,5.917,7050.105
2026-05-19 15:07:49.107,26750,979.0,0.0,979.0,0.0,6937.194
2026-05-19 15:07:49.107,27000,979.0,0.0,979.0,0.0,6937.194
2026-05-19 15:07:49.219,27250,990.456,1.04240520693,990.181,18.156,6857.571
2026-05-19 15:07:49.220,27500,979.0,0.0,979.0,0.0,6804.488
2026-05-19 15:07:49.329,27750,979.0,0.0,979.0,0.0,6804.488
2026-05-19 15:07:49.439,28000,979.0,0.0,979.0,0.0,6670.342
2026-05-19 15:07:49.440,28250,979.0,0.0,979.0,0.0,6670.342
2026-05-19 15:07:49.550,28500,969.026,-1.070364358741,968.746,-17.976,6625.038
2026-05-19 15:07:49.551,28750,979.0,0.0,979.0,0.0,6557.083
2026-05-19 15:07:49.661,29000,979.0,0.0,979.0,0.0,6557.083
2026-05-19 15:07:49.661,29250,979.0,0.0,979.0,0.0,6439.888
2026-05-19 15:07:49.773,29500,979.0,0.0,979.0,0.0,6439.888
2026-05-19 15:07:49.773,29750,975.644,-0.428488767772,975.51,-7.194,6351.588
2026-05-19 15:07:49.884,30000,979.0,0.0,979.0,0.0,6329.513
2026-05-19 15:07:49.885,30250,979.0,0.0,979.0,0.0,6329.513
2026-05-19 15:07:49.994,30500,979.0,0.0,979.0,0.0,6231.235
2026-05-19 15:07:49.995,30750,979.0,0.0,979.0,0.0,6231.235
2026-05-19 15:07:50.105,31000,979.0,0.0,979.0,0.0,6231.235
2026-05-19 15:07:50.106,31250,979.0,0.0,979.0,0.0,6132.743
2026-05-19 15:07:50.106,31500,979.0,0.0,979.0,0.0,6132.743
2026-05-19 15:07:50.217,31750,979.0,0.0,979.0,0.0,6055.123
2026-05-19 15:07:50.217,32000,979.0,0.0,979.0,0.0,5819.217
2026-05-19 15:07:50.328,32250,979.0,0.0,979.0,0.0,5819.217
2026-05-19 15:07:50.328,32500,979.0,0.0,979.0,0.0,5745.191
2026-05-19 15:07:50.439,32750,979.0,0.0,979.0,0.0,5745.191
2026-05-19 15:07:50.440,33000,979.0,0.0,979.0,0.0,5745.191
2026-05-19 15:07:50.551,33250,979.0,0.0,979.0,0.0,5682.385
2026-05-19 15:07:50.551,33500,979.0,0.0,979.0,0.0,5682.385
2026-05-19 15:07:50.662,33750,970.058,-2.653204997906,969.019,-44.905,5682.385
2026-05-19 15:07:50.662,34000,979.0,0.0,979.0,0.0,5630.485
2026-05-19 15:07:50.663,34250,979.0,0.0,979.0,0.0,5379.444
2026-05-19 15:07:50.774,34500,971.643,-2.735321777529,970.536,-46.369,5379.444
2026-05-19 15:07:50.774,34750,979.0,0.0,979.0,0.0,5339.018
2026-05-19 15:07:50.885,35000,979.0,0.0,979.0,0.0,5339.018
2026-05-19 15:07:50.886,35250,979.0,0.0,979.0,0.0,5339.018
2026-05-19 15:07:50.996,35500,979.0,0.0,979.0,0.0,5311.955
2026-05-19 15:07:50.996,35750,979.0,0.0,979.0,0.0,5069.911
2026-05-19 15:07:50.997,36000,979.0,0.0,979.0,0.0,5069.911
2026-05-19 15:07:51.106,36250,979.0,0.0,979.0,0.0,5053.16
2026-05-19 15:07:51.106,36500,979.0,0.0,979.0,0.0,5053.16
2026-05-19 15:07:51.218,36750,978.96,-1.801123266163,977.752,-30.741,5052.854
2026-05-19 15:07:51.221,37000,979.0,0.0,979.0,0.0,5052.649
2026-05-19 15:07:51.329,37250,979.0,0.0,979.0,0.0,4801.84
2026-05-19 15:07:51.329,37500,979.0,0.0,979.0,0.0,4801.84
2026-05-19 15:07:51.330,37750,979.0,0.0,979.0,0.0,4819.526
2026-05-19 15:07:51.440,38000,979.0,0.0,979.0,0.0,4819.526
2026-05-19 15:07:51.440,38250,979.0,0.0,979.0,0.0,4819.526
2026-05-19 15:07:51.553,38500,979.0,0.0,979.0,0.0,4819.526
2026-05-19 15:07:51.553,38750,979.0,0.0,979.0,0.0,4591.487
2026-05-19 15:07:51.553,39000,979.0,0.0,979.0,0.0,4591.487
2026-05-19 15:07:51.663,39250,979.0,0.0,979.0,0.0,4591.487
2026-05-19 15:07:51.663,39500,979.0,0.0,979.0,0.0,4591.487
2026-05-19 15:07:51.664,39750,979.0,0.0,979.0,0.0,4637.368
2026-05-19 15:07:51.776,40000,979.0,0.0,979.0,0.0,4380.519
2026-05-19 15:07:51.776,40250,979.0,0.0,979.0,0.0,4380.519
2026-05-19 15:07:51.887,40500,979.0,0.0,979.0,0.0,4380.519
2026-05-19 15:07:51.887,40750,982.081,-0.691112802898,981.719,-11.987,4435.656
2026-05-19 15:07:51.887,41000,979.0,0.0,979.0,0.0,4449.44
2026-05-19 15:07:51.998,41250,979.0,0.0,979.0,0.0,4262.566
2026-05-19 15:07:51.999,41500,979.0,0.0,979.0,0.0,4262.566
2026-05-19 15:07:52.110,41750,960.683,3.218750224387,959.168,53.941,4343.838
2026-05-19 15:07:52.111,42000,979.0,0.0,979.0,0.0,4343.838
2026-05-19 15:07:52.111,42250,935.346,-0.998868943928,935.171,-16.115,4295.415
2026-05-19 15:07:52.222,42500,979.0,0.0,979.0,0.0,4101.722
2026-05-19 15:07:52.223,42750,979.0,0.0,979.0,0.0,4101.722
2026-05-19 15:07:52.223,43000,979.0,0.0,979.0,0.0,4101.722
2026-05-19 15:07:52.329,43250,979.0,0.0,979.0,0.0,4198.29
2026-05-19 15:07:52.330,43500,979.0,0.0,979.0,0.0,4198.29
2026-05-19 15:07:52.330,43750,979.0,0.0,979.0,0.0,3960.624
2026-05-19 15:07:52.441,44000,979.0,0.0,979.0,0.0,3960.624
2026-05-19 15:07:52.442,44250,979.0,0.0,979.0,0.0,3960.624
2026-05-19 15:07:52.442,44500,973.205,0.653057521374,972.896,10.823,3984.785
2026-05-19 15:07:52.553,44750,979.0,0.0,979.0,0.0,3861.35
2026-05-19 15:07:52.553,45000,979.0,0.0,979.0,0.0,3861.35
2026-05-19 15:07:52.554,45250,979.0,0.0,979.0,0.0,3861.35
2026-05-19 15:07:52.663,45500,979.0,0.0,979.0,0.0,3861.35
2026-05-19 15:07:52.664,45750,979.0,0.0,979.0,0.0,3861.35
2026-05-19 15:07:52.665,46000,979.0,0.0,979.0,0.0,3655.855
2026-05-19 15:07:52.776,46250,979.0,0.0,979.0,0.0,3823.201
2026-05-19 15:07:52.776,46500,979.0,0.0,979.0,0.0,3823.201
2026-05-19 15:07:52.777,46750,979.0,0.0,979.0,0.0,3823.201
2026-05-19 15:07:52.887,47000,979.0,0.0,979.0,0.0,3823.201
2026-05-19 15:07:52.887,47250,979.0,0.0,979.0,0.0,3625.638
2026-05-19 15:07:52.998,47500,979.0,0.0,979.0,0.0,3625.638
2026-05-19 15:07:52.999,47750,979.0,0.0,979.0,0.0,3625.638
2026-05-19 15:07:52.999,48000,979.0,0.0,979.0,0.0,3625.638
2026-05-19 15:07:53.109,48250,979.0,0.0,979.0,0.0,3625.638
2026-05-19 15:07:53.110,48500,979.0,0.0,979.0,0.0,3618.973
2026-05-19 15:07:53.110,48750,979.0,0.0,979.0,0.0,3618.973
2026-05-19 15:07:53.221,49000,979.0,0.0,979.0,0.0,3618.973
2026-05-19 15:07:53.221,49250,930.053,-3.100736592919,928.692,-50.308,3618.973
2026-05-19 15:07:53.222,49500,979.0,0.0,979.0,0.0,3438.037
2026-05-19 15:07:53.329,49750,979.0,0.0,979.0,0.0,3438.037
2026-05-19 15:07:53.330,50000,979.0,0.0,979.0,0.0,3438.037
2026-05-19 15:07:53.330,50250,979.0,0.0,979.0,0.0,3438.037
2026-05-19 15:07:53.330,50500,979.0,0.0,979.0,0.0,3438.037
2026-05-19 15:07:53.441,50750,968.869,0.521526552235,968.676,8.447,3475.557
2026-05-19 15:07:53.441,51000,979.0,0.0,979.0,0.0,3448.719
2026-05-19 15:07:53.441,51250,979.0,0.0,979.0,0.0,3448.719
2026-05-19 15:07:53.552,51500,979.0,0.0,979.0,0.0,3448.719
2026-05-19 15:07:53.553,51750,979.0,0.0,979.0,0.0,3448.719
2026-05-19 15:07:53.553,52000,979.0,0.0,979.0,0.0,3448.719
2026-05-19 15:07:53.663,52250,979.0,0.0,979.0,0.0,3304.868
2026-05-19 15:07:53.663,52500,979.0,0.0,979.0,0.0,3304.868
2026-05-19 15:07:53.664,52750,979.0,0.0,979.0,0.0,3304.868
2026-05-19 15:07:53.665,53000,979.0,0.0,979.0,0.0,3304.868
2026-05-19 15:07:53.776,53250,979.0,0.0,979.0,0.0,3304.868
2026-05-19 15:07:53.776,53500,979.0,0.0,979.0,0.0,3304.868
2026-05-19 15:07:53.777,53750,979.0,0.0,979.0,0.0,3181.295
2026-05-19 15:07:53.887,54000,979.0,0.0,979.0,0.0,3181.295
2026-05-19 15:07:53.888,54250,979.0,0.0,979.0,0.0,3181.295
2026-05-19 15:07:53.888,54500,979.0,0.0,979.0,0.0,3181.295
2026-05-19 15:07:53.889,54750,979.0,0.0,979.0,0.0,3181.295
2026-05-19 15:07:53.998,55000,979.0,0.0,979.0,0.0,3181.295
2026-05-19 15:07:53.999,55250,979.0,0.0,979.0,0.0,3181.295
2026-05-19 15:07:53.999,55500,944.564,-4.202265832369,942.024,-69.215,3181.295
2026-05-19 15:07:54.110,55750,979.0,0.0,979.0,0.0,3069.393
2026-05-19 15:07:54.111,56000,979.0,0.0,979.0,0.0,3069.393
2026-05-19 15:07:54.111,56250,979.0,0.0,979.0,0.0,3069.393
2026-05-19 15:07:54.221,56500,979.0,0.0,979.0,0.0,3069.393
2026-05-19 15:07:54.222,56750,979.0,0.0,979.0,0.0,3069.393
2026-05-19 15:07:54.222,57000,979.0,0.0,979.0,0.0,3069.393
2026-05-19 15:07:54.223,57250,979.0,0.0,979.0,0.0,3069.393
2026-05-19 15:07:54.329,57500,979.0,0.0,979.0,0.0,3069.393
2026-05-19 15:07:54.330,57750,979.0,0.0,979.0,0.0,3069.393
2026-05-19 15:07:54.330,58000,937.022,6.321979856173,931.324,103.181,3206.9
2026-05-19 15:07:54.441,58250,906.252,1.463962538707,905.957,23.153,3206.9
2026-05-19 15:07:54.442,58500,906.252,1.463962538707,905.957,23.153,3206.9
2026-05-19 15:07:54.442,58750,979.0,0.0,979.0,0.0,3206.9
2026-05-19 15:07:54.552,59000,999.799,4.369904778779,996.892,76.18,3140.187
2026-05-19 15:07:54.552,59250,974.927,-0.873980955756,974.369,-14.609,3153.529
2026-05-19 15:07:54.553,59500,958.634,-4.369904778779,955.847,-73.043,3206.9
2026-05-19 15:07:54.553,59750,1035.586,-5.833867317486,1030.223,-105.261,2968.602
2026-05-19 15:07:54.663,60000,979.0,0.0,979.0,0.0,2968.602
2026-05-19 15:07:54.664,60250,979.0,0.0,979.0,0.0,2968.602
2026-05-19 15:07:54.664,60500,979.0,0.0,979.0,0.0,2968.602
2026-05-19 15:07:54.665,60750,979.0,0.0,979.0,0.0,2968.602
2026-05-19 15:07:54.775,61000,979.0,0.0,979.0,0.0,2968.602
2026-05-19 15:07:54.775,61250,979.0,0.0,979.0,0.0,2968.602
2026-05-19 15:07:54.776,61500,979.0,0.0,979.0,0.0,2968.602
2026-05-19 15:07:54.776,61750,979.0,0.0,979.0,0.0,2968.602
2026-05-19 15:07:54.885,62000,979.0,0.0,979.0,0.0,2968.602
2026-05-19 15:07:54.885,62250,979.0,0.0,979.0,0.0,2968.602
2026-05-19 15:07:54.886,62500,979.0,0.0,979.0,0.0,2968.602
2026-05-19 15:07:54.886,62750,979.0,0.0,979.0,0.0,2968.602
2026-05-19 15:07:54.995,63000,979.0,0.0,979.0,0.0,2968.602
2026-05-19 15:07:54.996,63250,979.0,0.0,979.0,0.0,2736.319
2026-05-19 15:07:54.996,63500,979.0,0.0,979.0,0.0,2736.319
2026-05-19 15:07:54.997,63750,979.0,0.0,979.0,0.0,2736.319
2026-05-19 15:07:55.106,64000,979.0,0.0,979.0,0.0,2736.319
2026-05-19 15:07:55.107,64250,979.0,0.0,979.0,0.0,2736.319
2026-05-19 15:07:55.107,64500,979.0,0.0,979.0,0.0,2736.319
2026-05-19 15:07:55.108,64750,979.0,0.0,979.0,0.0,2736.319
2026-05-19 15:07:55.217,65000,979.0,0.0,979.0,0.0,2736.319
2026-05-19 15:07:55.218,65250,979.0,0.0,979.0,0.0,2736.319
2026-05-19 15:07:55.218,65500,979.0,0.0,979.0,0.0,2736.319
2026-05-19 15:07:55.330,65750,979.0,0.0,979.0,0.0,2736.319
2026-05-19 15:07:55.330,66000,979.0,0.0,979.0,0.0,2736.319
2026-05-19 15:07:55.331,66250,979.0,0.0,979.0,0.0,2736.319
2026-05-19 15:07:55.331,66500,979.0,0.0,979.0,0.0,2736.319
2026-05-19 15:07:55.332,66750,979.0,0.0,979.0,0.0,2736.319
2026-05-19 15:07:55.440,67000,979.0,0.0,979.0,0.0,2736.319
2026-05-19 15:07:55.441,67250,979.0,0.0,979.0,0.0,2492.103
2026-05-19 15:07:55.441,67500,979.0,0.0,979.0,0.0,2492.103
2026-05-19 15:07:55.552,67750,979.0,0.0,979.0,0.0,2492.103
2026-05-19 15:07:55.552,68000,979.0,0.0,979.0,0.0,2492.103
2026-05-19 15:07:55.553,68250,970.059,-1.113550132612,969.177,-18.13,2515.952
2026-05-19 15:07:55.553,68500,961.118,-2.227100265223,959.354,-36.259,2539.802
2026-05-19 15:07:55.661,68750,943.235,-4.454200530447,939.709,-72.518,2587.501
2026-05-19 15:07:55.662,69000,934.294,-5.567750663059,929.886,-90.648,2611.351
2026-05-19 15:07:55.662,69250,979.0,0.0,979.0,0.0,2611.351
2026-05-19 15:07:55.663,69500,979.0,0.0,979.0,0.0,2611.351
2026-05-19 15:07:55.771,69750,979.0,0.0,979.0,0.0,2611.351
2026-05-19 15:07:55.772,70000,997.738,2.227100265223,995.802,39.812,2563.652
2026-05-19 15:07:55.772,70250,979.0,0.0,979.0,0.0,2611.351
2026-05-19 15:07:55.773,70500,979.0,0.0,979.0,0.0,2611.351
2026-05-19 15:07:55.883,70750,979.0,0.0,979.0,0.0,2611.351
2026-05-19 15:07:55.884,71000,979.0,0.0,979.0,0.0,2611.351
2026-05-19 15:07:55.884,71250,979.0,0.0,979.0,0.0,2611.351
2026-05-19 15:07:55.884,71500,979.0,0.0,979.0,0.0,2611.351
2026-05-19 15:07:55.993,71750,1083.466,-3.368127183258,1081.595,-63.655,2359.568
2026-05-19 15:07:55.994,72000,990.667,1.204678122902,989.521,21.77,2333.03
2026-05-19 15:07:55.994,72250,1014.001,3.614034368705,1010.564,65.311,2279.954
2026-05-19 15:07:55.995,72500,1037.334,6.023390614508,1031.607,108.852,2226.878
2026-05-19 15:07:56.104,72750,1037.334,6.023390614508,1031.607,108.852,2226.878
2026-05-19 15:07:56.104,73000,979.0,0.0,979.0,0.0,2226.878
2026-05-19 15:07:56.105,73250,979.0,0.0,979.0,0.0,2226.878
2026-05-19 15:07:56.105,73500,979.0,0.0,979.0,0.0,2226.878
2026-05-19 15:07:56.215,73750,979.0,0.0,979.0,0.0,2226.878
2026-05-19 15:07:56.216,74000,979.0,0.0,979.0,0.0,2226.878
2026-05-19 15:07:56.216,74250,979.0,0.0,979.0,0.0,2226.878
2026-05-19 15:07:56.216,74500,979.0,0.0,979.0,0.0,2226.878
2026-05-19 15:07:56.333,74750,979.0,0.0,979.0,0.0,2226.878
2026-05-19 15:07:56.333,75000,979.0,0.0,979.0,0.0,2226.878
2026-05-19 15:07:56.334,75250,979.0,0.0,979.0,0.0,2226.878
2026-05-19 15:07:56.334,75500,979.0,0.0,979.0,0.0,2226.878
2026-05-19 15:07:56.335,75750,979.0,0.0,979.0,0.0,2226.878
2026-05-19 15:07:56.446,76000,979.0,0.0,979.0,0.0,2226.878
2026-05-19 15:07:56.446,76250,979.0,0.0,979.0,0.0,2226.878
2026-05-19 15:07:56.447,76500,979.0,0.0,979.0,0.0,2226.878
2026-05-19 15:07:56.447,76750,979.0,0.0,979.0,0.0,2226.878
2026-05-19 15:07:56.448,77000,979.0,0.0,979.0,0.0,2226.878
2026-05-19 15:07:56.557,77250,979.0,0.0,979.0,0.0,2226.878
2026-05-19 15:07:56.558,77500,877.88,3.235425986683,876.481,49.547,2226.878
2026-05-19 15:07:56.558,77750,979.0,0.0,979.0,0.0,1996.867
2026-05-19 15:07:56.558,78000,979.0,0.0,979.0,0.0,1996.867
2026-05-19 15:07:56.670,78250,979.0,0.0,979.0,0.0,1996.867
2026-05-19 15:07:56.670,78500,979.0,0.0,979.0,0.0,1996.867
2026-05-19 15:07:56.671,78750,979.0,0.0,979.0,0.0,1996.867
2026-05-19 15:07:56.671,79000,979.0,0.0,979.0,0.0,1996.867
2026-05-19 15:07:56.671,79250,979.0,0.0,979.0,0.0,1996.867
2026-05-19 15:07:56.782,79500,979.0,0.0,979.0,0.0,1996.867
2026-05-19 15:07:56.783,79750,979.0,0.0,979.0,0.0,1996.867
2026-05-19 15:07:56.783,80000,979.0,0.0,979.0,0.0,1996.867
2026-05-19 15:07:56.783,80250,979.0,0.0,979.0,0.0,1996.867
2026-05-19 15:07:56.784,80500,979.0,0.0,979.0,0.0,1996.867
2026-05-19 15:07:56.894,80750,979.0,0.0,979.0,0.0,1996.867
2026-05-19 15:07:56.895,81000,979.0,0.0,979.0,0.0,1996.867
2026-05-19 15:07:56.895,81250,979.0,0.0,979.0,0.0,1996.867
2026-05-19 15:07:56.896,81500,979.0,0.0,979.0,0.0,1996.867
2026-05-19 15:07:56.896,81750,936.249,-5.340639762733,931.228,-86.078,1975.067
2026-05-19 15:07:57.007,82000,979.0,0.0,979.0,0.0,1887.867
2026-05-19 15:07:57.007,82250,979.0,0.0,979.0,0.0,1887.867
2026-05-19 15:07:57.008,82500,979.0,0.0,979.0,0.0,1887.867
2026-05-19 15:07:57.008,82750,979.0,0.0,979.0,0.0,1887.867
2026-05-19 15:07:57.008,83000,979.0,0.0,979.0,0.0,1887.867
2026-05-19 15:07:57.118,83250,955.583,0.648009129538,955.307,9.743,1707.241
2026-05-19 15:07:57.119,83500,979.0,0.0,979.0,0.0,1662.085
2026-05-19 15:07:57.119,83750,979.0,0.0,979.0,0.0,1662.085
2026-05-19 15:07:57.119,84000,979.0,0.0,979.0,0.0,1662.085
2026-05-19 15:07:57.120,84250,979.0,0.0,979.0,0.0,1662.085
2026-05-19 15:07:57.230,84500,979.0,0.0,979.0,0.0,1662.085
2026-05-19 15:07:57.231,84750,979.0,0.0,979.0,0.0,1662.085
2026-05-19 15:07:57.231,85000,979.0,0.0,979.0,0.0,1662.085
2026-05-19 15:07:57.232,85250,979.0,0.0,979.0,0.0,1662.085
2026-05-19 15:07:57.232,85500,979.0,0.0,979.0,0.0,1662.085
2026-05-19 15:07:57.349,85750,979.0,0.0,979.0,0.0,1662.085
2026-05-19 15:07:57.349,86000,979.0,0.0,979.0,0.0,1662.085
2026-05-19 15:07:57.350,86250,979.0,0.0,979.0,0.0,1662.085
2026-05-19 15:07:57.350,86500,979.0,0.0,979.0,0.0,1662.085
2026-05-19 15:07:57.351,86750,979.0,0.0,979.0,0.0,1662.085
2026-05-19 15:07:57.461,87000,979.0,0.0,979.0,0.0,1662.085
2026-05-19 15:07:57.461,87250,979.0,0.0,979.0,0.0,1662.085
2026-05-19 15:07:57.462,87500,979.0,0.0,979.0,0.0,1662.085
2026-05-19 15:07:57.462,87750,979.0,0.0,979.0,0.0,1662.085
2026-05-19 15:07:57.463,88000,979.0,0.0,979.0,0.0,1662.085
2026-05-19 15:07:57.573,88250,979.0,0.0,979.0,0.0,1662.085
2026-05-19 15:07:57.573,88500,979.0,0.0,979.0,0.0,1662.085
2026-05-19 15:07:57.574,88750,979.0,0.0,979.0,0.0,1662.085
2026-05-19 15:07:57.574,89000,979.0,0.0,979.0,0.0,1662.085
2026-05-19 15:07:57.575,89250,979.0,0.0,979.0,0.0,1436.336
2026-05-19 15:07:57.685,89500,979.0,0.0,979.0,0.0,1436.336
2026-05-19 15:07:57.685,89750,979.0,0.0,979.0,0.0,1436.336
2026-05-19 15:07:57.686,90000,979.0,0.0,979.0,0.0,1436.336
2026-05-19 15:07:57.686,90250,902.84,-9.90199356769,889.391,-155.255,1436.336
2026-05-19 15:07:57.686,90500,979.0,0.0,979.0,0.0,1324.598
2026-05-19 15:07:57.797,90750,979.0,0.0,979.0,0.0,1324.598
2026-05-19 15:07:57.798,91000,979.0,0.0,979.0,0.0,1324.598
2026-05-19 15:07:57.798,91250,979.0,0.0,979.0,0.0,1324.598
2026-05-19 15:07:57.799,91500,979.0,0.0,979.0,0.0,1324.598
2026-05-19 15:07:57.909,91750,979.0,0.0,979.0,0.0,1324.598
2026-05-19 15:07:57.909,92000,979.0,0.0,979.0,0.0,1324.598
2026-05-19 15:07:57.910,92250,979.0,0.0,979.0,0.0,1324.598
2026-05-19 15:07:57.910,92500,979.0,0.0,979.0,0.0,1324.598
2026-05-19 15:07:57.910,92750,979.0,0.0,979.0,0.0,1324.598
2026-05-19 15:07:58.021,93000,979.0,0.0,979.0,0.0,1324.598
2026-05-19 15:07:58.022,93250,979.0,0.0,979.0,0.0,1324.598
2026-05-19 15:07:58.022,93500,979.0,0.0,979.0,0.0,1324.598
2026-05-19 15:07:58.023,93750,979.0,0.0,979.0,0.0,1324.598
2026-05-19 15:07:58.023,94000,979.0,0.0,979.0,0.0,1324.598
2026-05-19 15:07:58.133,94250,979.0,0.0,979.0,0.0,1324.598
2026-05-19 15:07:58.133,94500,979.0,0.0,979.0,0.0,1324.598
2026-05-19 15:07:58.133,94750,979.0,0.0,979.0,0.0,1324.598
2026-05-19 15:07:58.134,95000,979.0,0.0,979.0,0.0,1324.598
2026-05-19 15:07:58.134,95250,1118.423,-3.037451139804,1115.588,-64.136,1172.144
2026-05-19 15:07:58.244,95500,979.0,0.0,979.0,0.0,1070.507
2026-05-19 15:07:58.245,95750,979.0,0.0,979.0,0.0,1070.507
2026-05-19 15:07:58.245,96000,979.0,0.0,979.0,0.0,1070.507
2026-05-19 15:07:58.246,96250,979.0,0.0,979.0,0.0,1070.507
2026-05-19 15:07:58.246,96500,979.0,0.0,979.0,0.0,1070.507
2026-05-19 15:07:58.349,96750,979.0,0.0,979.0,0.0,1070.507
2026-05-19 15:07:58.349,97000,979.0,0.0,979.0,0.0,1070.507
2026-05-19 15:07:58.351,97250,979.0,0.0,979.0,0.0,1070.507
2026-05-19 15:07:58.351,97500,979.0,0.0,979.0,0.0,1070.507
2026-05-19 15:07:58.461,97750,979.0,0.0,979.0,0.0,1070.507
2026-05-19 15:07:58.461,98000,979.0,0.0,979.0,0.0,1070.507
2026-05-19 15:07:58.461,98250,979.0,0.0,979.0,0.0,1070.507
2026-05-19 15:07:58.462,98500,979.0,0.0,979.0,0.0,1070.507
2026-05-19 15:07:58.462,98750,979.0,0.0,979.0,0.0,1070.507
2026-05-19 15:07:58.572,99000,979.0,0.0,979.0,0.0,1070.507
2026-05-19 15:07:58.572,99250,979.0,0.0,979.0,0.0,1070.507
2026-05-19 15:07:58.572,99500,979.0,0.0,979.0,0.0,1070.507
2026-05-19 15:07:58.573,99750,979.0,0.0,979.0,0.0,1070.507
2026-05-19 15:07:58.573,100000,979.0,0.0,979.0,0.0,1070.507
2026-05-19 15:07:59.135,10000,979.0,0.0,979.0,0.0,9286.314
2026-05-19 15:07:59.363,10250,979.0,0.0,979.0,0.0,9286.314
2026-05-19 15:07:59.476,10500,979.0,0.0,979.0,0.0,9286.314
2026-05-19 15:07:59.588,10750,976.133,0.624395458458,975.988,10.589,9313.712
2026-05-19 15:07:59.699,11000,979.0,0.0,979.0,0.0,9354.811
2026-05-19 15:07:59.926,11250,973.792,-0.089159180113,973.786,-1.483,9155.734
2026-05-19 15:08:00.038,11500,974.362,0.887944900595,974.167,15.051,9149.45
2026-05-19 15:08:00.148,11750,979.0,0.0,979.0,0.0,9178.44
2026-05-19 15:08:00.263,12000,979.0,0.0,979.0,0.0,9178.44
2026-05-19 15:08:00.378,12250,979.0,0.0,979.0,0.0,9178.44
2026-05-19 15:08:00.490,12500,979.0,0.0,979.0,0.0,9258.26
2026-05-19 15:08:00.603,12750,959.308,-0.414201052739,959.277,-6.899,9211.704
2026-05-19 15:08:00.715,13000,979.0,0.0,979.0,0.0,9025.481
2026-05-19 15:08:00.826,13250,987.93,-0.455926081973,987.794,-7.828,9029.146
2026-05-19 15:08:00.939,13500,979.0,0.0,979.0,0.0,9110.657
2026-05-19 15:08:01.051,13750,979.0,0.0,979.0,0.0,9110.657
2026-05-19 15:08:01.163,14000,974.009,-0.125778158691,973.997,-2.094,9018.346
2026-05-19 15:08:01.266,14250,979.0,0.0,979.0,0.0,8971.41
2026-05-19 15:08:01.378,14500,979.0,0.0,979.0,0.0,8971.41
2026-05-19 15:08:01.491,14750,986.034,-0.914447904017,985.824,-15.81,9014.381
2026-05-19 15:08:01.603,15000,969.917,-0.250699229551,969.901,-4.217,9022.682
2026-05-19 15:08:01.715,15250,979.0,0.0,979.0,0.0,8938.448
2026-05-19 15:08:01.826,15500,979.0,0.0,979.0,0.0,8938.448
2026-05-19 15:08:01.940,15750,979.0,0.0,979.0,0.0,9052.108
2026-05-19 15:08:02.052,16000,979.0,0.0,979.0,0.0,8828.731
2026-05-19 15:08:02.164,16250,979.0,0.0,979.0,0.0,8828.731
2026-05-19 15:08:02.165,16500,974.973,0.444402313849,974.9,7.515,8865.421
2026-05-19 15:08:02.280,16750,979.0,0.0,979.0,0.0,8920.457
2026-05-19 15:08:02.393,17000,979.0,0.0,979.0,0.0,8704.426
2026-05-19 15:08:02.504,17250,962.794,-1.789623062221,962.244,-30.156,8757.246
2026-05-19 15:08:02.616,17500,979.0,0.0,979.0,0.0,8836.474
2026-05-19 15:08:02.616,17750,979.0,0.0,979.0,0.0,8611.81
2026-05-19 15:08:02.728,18000,979.0,0.0,979.0,0.0,8611.81
2026-05-19 15:08:02.840,18250,1001.941,1.257875274975,1001.647,21.923,8415.028
2026-05-19 15:08:02.954,18500,979.0,0.0,979.0,0.0,8531.103
2026-05-19 15:08:02.955,18750,979.0,0.0,979.0,0.0,8531.103
2026-05-19 15:08:03.065,19000,979.0,0.0,979.0,0.0,8531.103
2026-05-19 15:08:03.177,19250,979.0,0.0,979.0,0.0,8318.223
2026-05-19 15:08:03.280,19500,974.152,-0.217733426676,974.117,-3.628,8297.795
2026-05-19 15:08:03.280,19750,974.152,-0.217733426676,974.117,-3.628,8297.795
2026-05-19 15:08:03.393,20000,979.0,0.0,979.0,0.0,8255.872
2026-05-19 15:08:03.510,20250,979.0,0.0,979.0,0.0,8255.872
2026-05-19 15:08:03.618,20500,979.0,0.0,979.0,0.0,8055.627
2026-05-19 15:08:03.619,20750,979.0,0.0,979.0,0.0,8210.115
2026-05-19 15:08:03.731,21000,959.182,-1.005522859644,959.034,-16.832,8210.115
2026-05-19 15:08:03.843,21250,979.0,0.0,979.0,0.0,8043.919
2026-05-19 15:08:03.844,21500,979.0,0.0,979.0,0.0,8043.919
2026-05-19 15:08:03.957,21750,974.441,-0.240865512311,974.399,-4.019,7894.082
2026-05-19 15:08:04.068,22000,992.007,-0.806904551313,991.842,-14.091,7926.211
2026-05-19 15:08:04.068,22250,979.0,0.0,979.0,0.0,8030.595
2026-05-19 15:08:04.181,22500,979.0,0.0,979.0,0.0,7842.522
2026-05-19 15:08:04.182,22750,979.0,0.0,979.0,0.0,7842.522
2026-05-19 15:08:04.295,23000,965.244,-0.835046244973,965.075,-13.933,7769.058
2026-05-19 15:08:04.409,23250,979.0,0.0,979.0,0.0,7658.862
2026-05-19 15:08:04.410,23500,979.0,0.0,979.0,0.0,7658.862
2026-05-19 15:08:04.522,23750,979.0,0.0,979.0,0.0,7498.755
2026-05-19 15:08:04.523,24000,979.0,0.0,979.0,0.0,7683.264
2026-05-19 15:08:04.634,24250,979.0,0.0,979.0,0.0,7515.704
2026-05-19 15:08:04.745,24500,979.0,0.0,979.0,0.0,7515.704
2026-05-19 15:08:04.745,24750,979.0,0.0,979.0,0.0,7515.704
2026-05-19 15:08:04.857,25000,979.0,0.0,979.0,0.0,7360.845
2026-05-19 15:08:04.858,25250,979.0,0.0,979.0,0.0,7360.845
2026-05-19 15:08:04.973,25500,979.0,0.0,979.0,0.0,7206.363
2026-05-19 15:08:04.973,25750,979.0,0.0,979.0,0.0,7206.363
2026-05-19 15:08:05.087,26000,979.0,0.0,979.0,0.0,7206.363
2026-05-19 15:08:05.198,26250,979.0,0.0,979.0,0.0,7078.333
2026-05-19 15:08:05.199,26500,982.984,0.339432596033,982.896,5.917,7050.105
2026-05-19 15:08:05.314,26750,979.0,0.0,979.0,0.0,6937.194
2026-05-19 15:08:05.314,27000,979.0,0.0,979.0,0.0,6937.194
2026-05-19 15:08:05.425,27250,990.456,1.04240520693,990.181,18.156,6857.571
2026-05-19 15:08:05.425,27500,979.0,0.0,979.0,0.0,6804.488
2026-05-19 15:08:05.538,27750,979.0,0.0,979.0,0.0,6804.488
2026-05-19 15:08:05.538,28000,979.0,0.0,979.0,0.0,6670.342
2026-05-19 15:08:05.649,28250,979.0,0.0,979.0,0.0,6670.342
2026-05-19 15:08:05.650,28500,972.351,-0.713576239161,972.164,-11.984,6602.386
2026-05-19 15:08:05.761,28750,979.0,0.0,979.0,0.0,6557.083
2026-05-19 15:08:05.762,29000,979.0,0.0,979.0,0.0,6557.083
2026-05-19 15:08:05.872,29250,979.0,0.0,979.0,0.0,6439.888
2026-05-19 15:08:05.873,29500,979.0,0.0,979.0,0.0,6439.888
2026-05-19 15:08:05.988,29750,975.644,-0.428488767772,975.51,-7.194,6351.588
2026-05-19 15:08:05.989,30000,979.0,0.0,979.0,0.0,6329.513
2026-05-19 15:08:06.099,30250,979.0,0.0,979.0,0.0,6329.513
2026-05-19 15:08:06.100,30500,979.0,0.0,979.0,0.0,6231.235
2026-05-19 15:08:06.211,30750,979.0,0.0,979.0,0.0,6231.235
2026-05-19 15:08:06.211,31000,979.0,0.0,979.0,0.0,6231.235
2026-05-19 15:08:06.328,31250,979.0,0.0,979.0,0.0,6132.743
2026-05-19 15:08:06.328,31500,979.0,0.0,979.0,0.0,6132.743
2026-05-19 15:08:06.439,31750,979.0,0.0,979.0,0.0,6055.123
2026-05-19 15:08:06.439,32000,979.0,0.0,979.0,0.0,5819.217
2026-05-19 15:08:06.550,32250,979.0,0.0,979.0,0.0,5819.217
2026-05-19 15:08:06.551,32500,979.0,0.0,979.0,0.0,5745.191
2026-05-19 15:08:06.551,32750,979.0,0.0,979.0,0.0,5745.191
2026-05-19 15:08:06.660,33000,979.0,0.0,979.0,0.0,5745.191
2026-05-19 15:08:06.661,33250,979.0,0.0,979.0,0.0,5682.385
2026-05-19 15:08:06.772,33500,979.0,0.0,979.0,0.0,5682.385
2026-05-19 15:08:06.772,33750,970.058,-2.653204997906,969.019,-44.905,5682.385
2026-05-19 15:08:06.882,34000,979.0,0.0,979.0,0.0,5630.485
2026-05-19 15:08:06.882,34250,979.0,0.0,979.0,0.0,5379.444
2026-05-19 15:08:06.882,34500,973.114,-2.188257422023,972.229,-37.095,5371.359
2026-05-19 15:08:06.993,34750,979.0,0.0,979.0,0.0,5339.018
2026-05-19 15:08:06.994,35000,979.0,0.0,979.0,0.0,5339.018
2026-05-19 15:08:07.105,35250,979.0,0.0,979.0,0.0,5339.018
2026-05-19 15:08:07.106,35500,979.0,0.0,979.0,0.0,5311.955
2026-05-19 15:08:07.216,35750,979.0,0.0,979.0,0.0,5069.911
2026-05-19 15:08:07.216,36000,979.0,0.0,979.0,0.0,5069.911
2026-05-19 15:08:07.329,36250,979.0,0.0,979.0,0.0,5053.16
2026-05-19 15:08:07.329,36500,979.0,0.0,979.0,0.0,5053.16
2026-05-19 15:08:07.329,36750,978.941,-2.701684899244,977.128,-46.111,5052.956
2026-05-19 15:08:07.439,37000,979.0,0.0,979.0,0.0,5052.649
2026-05-19 15:08:07.440,37250,979.0,0.0,979.0,0.0,4801.84
2026-05-19 15:08:07.554,37500,979.0,0.0,979.0,0.0,4801.84
2026-05-19 15:08:07.554,37750,979.0,0.0,979.0,0.0,4819.526
2026-05-19 15:08:07.555,38000,979.0,0.0,979.0,0.0,4819.526
2026-05-19 15:08:07.665,38250,979.0,0.0,979.0,0.0,4819.526
2026-05-19 15:08:07.666,38500,979.0,0.0,979.0,0.0,4819.526
2026-05-19 15:08:07.666,38750,979.0,0.0,979.0,0.0,4591.487
2026-05-19 15:08:07.778,39000,979.0,0.0,979.0,0.0,4591.487
2026-05-19 15:08:07.778,39250,979.0,0.0,979.0,0.0,4591.487
2026-05-19 15:08:07.889,39500,979.0,0.0,979.0,0.0,4591.487
2026-05-19 15:08:07.889,39750,979.0,0.0,979.0,0.0,4637.368
2026-05-19 15:08:07.890,40000,979.0,0.0,979.0,0.0,4380.519
2026-05-19 15:08:07.999,40250,979.0,0.0,979.0,0.0,4380.519
2026-05-19 15:08:08.000,40500,979.0,0.0,979.0,0.0,4380.519
2026-05-19 15:08:08.113,40750,979.0,0.0,979.0,0.0,4449.44
2026-05-19 15:08:08.114,41000,979.0,0.0,979.0,0.0,4449.44
2026-05-19 15:08:08.114,41250,979.0,0.0,979.0,0.0,4262.566
2026-05-19 15:08:08.225,41500,979.0,0.0,979.0,0.0,4262.566
2026-05-19 15:08:08.226,41750,960.683,3.218750224387,959.168,53.941,4343.838
2026-05-19 15:08:08.226,42000,979.0,0.0,979.0,0.0,4343.838
2026-05-19 15:08:08.328,42250,935.346,-0.998868943928,935.171,-16.115,4295.415
2026-05-19 15:08:08.329,42500,979.0,0.0,979.0,0.0,4101.722
2026-05-19 15:08:08.440,42750,979.0,0.0,979.0,0.0,4101.722
2026-05-19 15:08:08.441,43000,979.0,0.0,979.0,0.0,4101.722
2026-05-19 15:08:08.441,43250,979.0,0.0,979.0,0.0,4198.29
2026-05-19 15:08:08.555,43500,979.0,0.0,979.0,0.0,4198.29
2026-05-19 15:08:08.555,43750,979.0,0.0,979.0,0.0,3960.624
2026-05-19 15:08:08.556,44000,979.0,0.0,979.0,0.0,3960.624
2026-05-19 15:08:08.666,44250,979.0,0.0,979.0,0.0,3960.624
2026-05-19 15:08:08.666,44500,979.0,0.0,979.0,0.0,3960.624
2026-05-19 15:08:08.666,44750,979.0,0.0,979.0,0.0,3861.35
2026-05-19 15:08:08.777,45000,979.0,0.0,979.0,0.0,3861.35
2026-05-19 15:08:08.778,45250,979.0,0.0,979.0,0.0,3861.35
2026-05-19 15:08:08.778,45500,979.0,0.0,979.0,0.0,3861.35
2026-05-19 15:08:08.889,45750,979.0,0.0,979.0,0.0,3861.35
2026-05-19 15:08:08.890,46000,979.0,0.0,979.0,0.0,3655.855
2026-05-19 15:08:08.890,46250,979.0,0.0,979.0,0.0,3823.201
2026-05-19 15:08:09.001,46500,979.0,0.0,979.0,0.0,3823.201
2026-05-19 15:08:09.002,46750,979.0,0.0,979.0,0.0,3823.201
2026-05-19 15:08:09.002,47000,979.0,0.0,979.0,0.0,3823.201
2026-05-19 15:08:09.117,47250,979.0,0.0,979.0,0.0,3625.638
2026-05-19 15:08:09.117,47500,979.0,0.0,979.0,0.0,3625.638
2026-05-19 15:08:09.118,47750,979.0,0.0,979.0,0.0,3625.638
2026-05-19 15:08:09.230,48000,979.0,0.0,979.0,0.0,3625.638
2026-05-19 15:08:09.230,48250,979.0,0.0,979.0,0.0,3625.638
2026-05-19 15:08:09.230,48500,979.0,0.0,979.0,0.0,3618.973
2026-05-19 15:08:09.346,48750,979.0,0.0,979.0,0.0,3618.973
2026-05-19 15:08:09.346,49000,979.0,0.0,979.0,0.0,3618.973
2026-05-19 15:08:09.347,49250,930.053,-3.100736592919,928.692,-50.308,3618.973
2026-05-19 15:08:09.457,49500,979.0,0.0,979.0,0.0,3438.037
2026-05-19 15:08:09.458,49750,979.0,0.0,979.0,0.0,3438.037
2026-05-19 15:08:09.458,50000,979.0,0.0,979.0,0.0,3438.037
2026-05-19 15:08:09.573,50250,979.0,0.0,979.0,0.0,3438.037
2026-05-19 15:08:09.573,50500,979.0,0.0,979.0,0.0,3438.037
2026-05-19 15:08:09.574,50750,968.869,0.521526552235,968.676,8.447,3475.557
2026-05-19 15:08:09.574,51000,979.0,0.0,979.0,0.0,3448.719
2026-05-19 15:08:09.685,51250,979.0,0.0,979.0,0.0,3448.719
2026-05-19 15:08:09.685,51500,979.0,0.0,979.0,0.0,3448.719
2026-05-19 15:08:09.685,51750,979.0,0.0,979.0,0.0,3448.719
2026-05-19 15:08:09.796,52000,979.0,0.0,979.0,0.0,3448.719
2026-05-19 15:08:09.797,52250,979.0,0.0,979.0,0.0,3304.868
2026-05-19 15:08:09.797,52500,979.0,0.0,979.0,0.0,3304.868
2026-05-19 15:08:09.798,52750,979.0,0.0,979.0,0.0,3304.868
2026-05-19 15:08:09.908,53000,979.0,0.0,979.0,0.0,3304.868
2026-05-19 15:08:09.909,53250,979.0,0.0,979.0,0.0,3304.868
2026-05-19 15:08:09.909,53500,979.0,0.0,979.0,0.0,3304.868
2026-05-19 15:08:10.020,53750,979.0,0.0,979.0,0.0,3181.295
2026-05-19 15:08:10.021,54000,979.0,0.0,979.0,0.0,3181.295
2026-05-19 15:08:10.021,54250,979.0,0.0,979.0,0.0,3181.295
2026-05-19 15:08:10.137,54500,979.0,0.0,979.0,0.0,3181.295
2026-05-19 15:08:10.138,54750,979.0,0.0,979.0,0.0,3181.295
2026-05-19 15:08:10.138,55000,979.0,0.0,979.0,0.0,3181.295
2026-05-19 15:08:10.138,55250,979.0,0.0,979.0,0.0,3181.295
2026-05-19 15:08:10.249,55500,951.451,-3.361812665895,949.419,-55.372,3158.914
2026-05-19 15:08:10.250,55750,979.0,0.0,979.0,0.0,3069.393
2026-05-19 15:08:10.250,56000,979.0,0.0,979.0,0.0,3069.393
2026-05-19 15:08:10.362,56250,979.0,0.0,979.0,0.0,3069.393
2026-05-19 15:08:10.362,56500,979.0,0.0,979.0,0.0,3069.393
2026-05-19 15:08:10.363,56750,979.0,0.0,979.0,0.0,3069.393
2026-05-19 15:08:10.363,57000,979.0,0.0,979.0,0.0,3069.393
2026-05-19 15:08:10.473,57250,979.0,0.0,979.0,0.0,3069.393
2026-05-19 15:08:10.474,57500,979.0,0.0,979.0,0.0,3069.393
2026-05-19 15:08:10.474,57750,979.0,0.0,979.0,0.0,3069.393
2026-05-19 15:08:10.587,58000,937.022,6.321979856173,931.324,103.181,3206.9
2026-05-19 15:08:10.587,58250,906.252,1.463962538707,905.957,23.153,3206.9
2026-05-19 15:08:10.588,58500,906.252,1.463962538707,905.957,23.153,3206.9
2026-05-19 15:08:10.588,58750,983.16,0.873980955756,982.578,15.236,3193.558
2026-05-19 15:08:10.699,59000,999.799,4.369904778779,996.892,76.18,3140.187
2026-05-19 15:08:10.699,59250,970.853,-1.747961911512,969.739,-29.217,3166.872
2026-05-19 15:08:10.699,59500,958.634,-4.369904778779,955.847,-73.043,3206.9
2026-05-19 15:08:10.809,59750,1035.586,-5.833867317486,1030.223,-105.261,2968.602
2026-05-19 15:08:10.809,60000,979.0,0.0,979.0,0.0,2968.602
2026-05-19 15:08:10.809,60250,979.0,0.0,979.0,0.0,2968.602
2026-05-19 15:08:10.810,60500,979.0,0.0,979.0,0.0,2968.602
2026-05-19 15:08:10.921,60750,979.0,0.0,979.0,0.0,2968.602
2026-05-19 15:08:10.921,61000,979.0,0.0,979.0,0.0,2968.602
2026-05-19 15:08:10.922,61250,979.0,0.0,979.0,0.0,2968.602
2026-05-19 15:08:10.922,61500,979.0,0.0,979.0,0.0,2968.602
2026-05-19 15:08:11.033,61750,979.0,0.0,979.0,0.0,2968.602
2026-05-19 15:08:11.034,62000,979.0,0.0,979.0,0.0,2968.602
2026-05-19 15:08:11.034,62250,979.0,0.0,979.0,0.0,2968.602
2026-05-19 15:08:11.034,62500,979.0,0.0,979.0,0.0,2968.602
2026-05-19 15:08:11.148,62750,979.0,0.0,979.0,0.0,2968.602
2026-05-19 15:08:11.148,63000,979.0,0.0,979.0,0.0,2968.602
2026-05-19 15:08:11.148,63250,979.0,0.0,979.0,0.0,2736.319
2026-05-19 15:08:11.149,63500,979.0,0.0,979.0,0.0,2736.319
2026-05-19 15:08:11.259,63750,979.0,0.0,979.0,0.0,2736.319
2026-05-19 15:08:11.259,64000,979.0,0.0,979.0,0.0,2736.319
2026-05-19 15:08:11.260,64250,979.0,0.0,979.0,0.0,2736.319
2026-05-19 15:08:11.260,64500,979.0,0.0,979.0,0.0,2736.319
2026-05-19 15:08:11.377,64750,979.0,0.0,979.0,0.0,2736.319
2026-05-19 15:08:11.378,65000,979.0,0.0,979.0,0.0,2736.319
2026-05-19 15:08:11.379,65250,979.0,0.0,979.0,0.0,2736.319
2026-05-19 15:08:11.379,65500,979.0,0.0,979.0,0.0,2736.319
2026-05-19 15:08:11.488,65750,979.0,0.0,979.0,0.0,2736.319
2026-05-19 15:08:11.488,66000,979.0,0.0,979.0,0.0,2736.319
2026-05-19 15:08:11.489,66250,979.0,0.0,979.0,0.0,2736.319
2026-05-19 15:08:11.489,66500,979.0,0.0,979.0,0.0,2736.319
2026-05-19 15:08:11.603,66750,979.0,0.0,979.0,0.0,2736.319
2026-05-19 15:08:11.603,67000,979.0,0.0,979.0,0.0,2736.319
2026-05-19 15:08:11.603,67250,979.0,0.0,979.0,0.0,2492.103
2026-05-19 15:08:11.604,67500,979.0,0.0,979.0,0.0,2492.103
2026-05-19 15:08:11.715,67750,979.0,0.0,979.0,0.0,2492.103
2026-05-19 15:08:11.715,68000,979.0,0.0,979.0,0.0,2492.103
2026-05-19 15:08:11.715,68250,970.059,-1.113550132612,969.177,-18.13,2515.952
2026-05-19 15:08:11.716,68500,961.118,-2.227100265223,959.354,-36.259,2539.802
2026-05-19 15:08:11.827,68750,943.235,-4.454200530447,939.709,-72.518,2587.501
2026-05-19 15:08:11.827,69000,934.294,-5.567750663059,929.886,-90.648,2611.351
2026-05-19 15:08:11.828,69250,979.0,0.0,979.0,0.0,2611.351
2026-05-19 15:08:11.828,69500,979.0,0.0,979.0,0.0,2611.351
2026-05-19 15:08:11.939,69750,979.0,0.0,979.0,0.0,2611.351
2026-05-19 15:08:11.940,70000,997.738,2.227100265223,995.802,39.812,2563.652
2026-05-19 15:08:11.940,70250,979.0,0.0,979.0,0.0,2611.351
2026-05-19 15:08:11.941,70500,979.0,0.0,979.0,0.0,2611.351
2026-05-19 15:08:12.051,70750,979.0,0.0,979.0,0.0,2611.351
2026-05-19 15:08:12.052,71000,979.0,0.0,979.0,0.0,2611.351
2026-05-19 15:08:12.052,71250,979.0,0.0,979.0,0.0,2611.351
2026-05-19 15:08:12.053,71500,979.0,0.0,979.0,0.0,2611.351
2026-05-19 15:08:12.167,71750,1083.466,-3.368127183258,1081.595,-63.655,2359.568
2026-05-19 15:08:12.168,72000,990.667,1.204678122902,989.521,21.77,2333.03
2026-05-19 15:08:12.168,72250,1002.334,2.409356245803,1000.043,43.541,2306.492
2026-05-19 15:08:12.169,72500,1037.334,6.023390614508,1031.607,108.852,2226.878
2026-05-19 15:08:12.281,72750,1037.334,6.023390614508,1031.607,108.852,2226.878
2026-05-19 15:08:12.282,73000,979.0,0.0,979.0,0.0,2226.878
2026-05-19 15:08:12.282,73250,979.0,0.0,979.0,0.0,2226.878
2026-05-19 15:08:12.282,73500,979.0,0.0,979.0,0.0,2226.878
2026-05-19 15:08:12.394,73750,979.0,0.0,979.0,0.0,2226.878
2026-05-19 15:08:12.394,74000,979.0,0.0,979.0,0.0,2226.878
2026-05-19 15:08:12.395,74250,979.0,0.0,979.0,0.0,2226.878
2026-05-19 15:08:12.395,74500,979.0,0.0,979.0,0.0,2226.878
2026-05-19 15:08:12.505,74750,979.0,0.0,979.0,0.0,2226.878
2026-05-19 15:08:12.506,75000,979.0,0.0,979.0,0.0,2226.878
2026-05-19 15:08:12.506,75250,979.0,0.0,979.0,0.0,2226.878
2026-05-19 15:08:12.506,75500,979.0,0.0,979.0,0.0,2226.878
2026-05-19 15:08:12.507,75750,979.0,0.0,979.0,0.0,2226.878
2026-05-19 15:08:12.621,76000,979.0,0.0,979.0,0.0,2226.878
2026-05-19 15:08:12.621,76250,979.0,0.0,979.0,0.0,2226.878
2026-05-19 15:08:12.622,76500,979.0,0.0,979.0,0.0,2226.878
2026-05-19 15:08:12.622,76750,979.0,0.0,979.0,0.0,2226.878
2026-05-19 15:08:12.623,77000,979.0,0.0,979.0,0.0,2226.878
2026-05-19 15:08:12.733,77250,979.0,0.0,979.0,0.0,2226.878
2026-05-19 15:08:12.733,77500,877.88,3.235425986683,876.481,49.547,2226.878
2026-05-19 15:08:12.734,77750,979.0,0.0,979.0,0.0,1996.867
2026-05-19 15:08:12.734,78000,979.0,0.0,979.0,0.0,1996.867
2026-05-19 15:08:12.845,78250,979.0,0.0,979.0,0.0,1996.867
2026-05-19 15:08:12.846,78500,979.0,0.0,979.0,0.0,1996.867
2026-05-19 15:08:12.846,78750,979.0,0.0,979.0,0.0,1996.867
2026-05-19 15:08:12.846,79000,979.0,0.0,979.0,0.0,1996.867
2026-05-19 15:08:12.847,79250,979.0,0.0,979.0,0.0,1996.867
2026-05-19 15:08:12.958,79500,979.0,0.0,979.0,0.0,1996.867
2026-05-19 15:08:12.958,79750,979.0,0.0,979.0,0.0,1996.867
2026-05-19 15:08:12.958,80000,979.0,0.0,979.0,0.0,1996.867
2026-05-19 15:08:12.959,80250,979.0,0.0,979.0,0.0,1996.867
2026-05-19 15:08:12.959,80500,979.0,0.0,979.0,0.0,1996.867
2026-05-19 15:08:13.069,80750,979.0,0.0,979.0,0.0,1996.867
2026-05-19 15:08:13.069,81000,979.0,0.0,979.0,0.0,1996.867
2026-05-19 15:08:13.070,81250,979.0,0.0,979.0,0.0,1996.867
2026-05-19 15:08:13.070,81500,979.0,0.0,979.0,0.0,1996.867
2026-05-19 15:08:13.071,81750,936.249,-5.340639762733,931.228,-86.078,1975.067
2026-05-19 15:08:13.185,82000,979.0,0.0,979.0,0.0,1887.867
2026-05-19 15:08:13.185,82250,979.0,0.0,979.0,0.0,1887.867
2026-05-19 15:08:13.186,82500,979.0,0.0,979.0,0.0,1887.867
2026-05-19 15:08:13.186,82750,979.0,0.0,979.0,0.0,1887.867
2026-05-19 15:08:13.186,83000,979.0,0.0,979.0,0.0,1887.867
2026-05-19 15:08:13.297,83250,932.166,1.296018259076,931.615,19.486,1752.397
2026-05-19 15:08:13.297,83500,979.0,0.0,979.0,0.0,1662.085
2026-05-19 15:08:13.298,83750,979.0,0.0,979.0,0.0,1662.085
2026-05-19 15:08:13.298,84000,979.0,0.0,979.0,0.0,1662.085
2026-05-19 15:08:13.298,84250,979.0,0.0,979.0,0.0,1662.085
2026-05-19 15:08:13.409,84500,979.0,0.0,979.0,0.0,1662.085
2026-05-19 15:08:13.410,84750,979.0,0.0,979.0,0.0,1662.085
2026-05-19 15:08:13.410,85000,979.0,0.0,979.0,0.0,1662.085
2026-05-19 15:08:13.411,85250,979.0,0.0,979.0,0.0,1662.085
2026-05-19 15:08:13.411,85500,979.0,0.0,979.0,0.0,1662.085
2026-05-19 15:08:13.521,85750,979.0,0.0,979.0,0.0,1662.085
2026-05-19 15:08:13.522,86000,979.0,0.0,979.0,0.0,1662.085
2026-05-19 15:08:13.522,86250,979.0,0.0,979.0,0.0,1662.085
2026-05-19 15:08:13.522,86500,979.0,0.0,979.0,0.0,1662.085
2026-05-19 15:08:13.523,86750,979.0,0.0,979.0,0.0,1662.085
2026-05-19 15:08:13.636,87000,979.0,0.0,979.0,0.0,1662.085
2026-05-19 15:08:13.636,87250,979.0,0.0,979.0,0.0,1662.085
2026-05-19 15:08:13.637,87500,979.0,0.0,979.0,0.0,1662.085
2026-05-19 15:08:13.637,87750,979.0,0.0,979.0,0.0,1662.085
2026-05-19 15:08:13.637,88000,979.0,0.0,979.0,0.0,1662.085
2026-05-19 15:08:13.747,88250,979.0,0.0,979.0,0.0,1662.085
2026-05-19 15:08:13.748,88500,979.0,0.0,979.0,0.0,1662.085
2026-05-19 15:08:13.748,88750,979.0,0.0,979.0,0.0,1662.085
2026-05-19 15:08:13.748,89000,979.0,0.0,979.0,0.0,1662.085
2026-05-19 15:08:13.749,89250,979.0,0.0,979.0,0.0,1436.336
2026-05-19 15:08:13.859,89500,979.0,0.0,979.0,0.0,1436.336
2026-05-19 15:08:13.860,89750,979.0,0.0,979.0,0.0,1436.336
2026-05-19 15:08:13.860,90000,979.0,0.0,979.0,0.0,1436.336
2026-05-19 15:08:13.861,90250,902.84,-9.90199356769,889.391,-155.255,1436.336
2026-05-19 15:08:13.970,90500,979.0,0.0,979.0,0.0,1324.598
2026-05-19 15:08:13.970,90750,979.0,0.0,979.0,0.0,1324.598
2026-05-19 15:08:13.971,91000,979.0,0.0,979.0,0.0,1324.598
2026-05-19 15:08:13.971,91250,979.0,0.0,979.0,0.0,1324.598
2026-05-19 15:08:13.971,91500,979.0,0.0,979.0,0.0,1324.598
2026-05-19 15:08:14.083,91750,979.0,0.0,979.0,0.0,1324.598
2026-05-19 15:08:14.083,92000,979.0,0.0,979.0,0.0,1324.598
2026-05-19 15:08:14.083,92250,979.0,0.0,979.0,0.0,1324.598
2026-05-19 15:08:14.084,92500,979.0,0.0,979.0,0.0,1324.598
2026-05-19 15:08:14.084,92750,979.0,0.0,979.0,0.0,1324.598
2026-05-19 15:08:14.197,93000,979.0,0.0,979.0,0.0,1324.598
2026-05-19 15:08:14.197,93250,979.0,0.0,979.0,0.0,1324.598
2026-05-19 15:08:14.198,93500,979.0,0.0,979.0,0.0,1324.598
2026-05-19 15:08:14.198,93750,979.0,0.0,979.0,0.0,1324.598
2026-05-19 15:08:14.198,94000,979.0,0.0,979.0,0.0,1324.598
2026-05-19 15:08:14.314,94250,979.0,0.0,979.0,0.0,1324.598
2026-05-19 15:08:14.315,94500,979.0,0.0,979.0,0.0,1324.598
2026-05-19 15:08:14.315,94750,979.0,0.0,979.0,0.0,1324.598
2026-05-19 15:08:14.315,95000,979.0,0.0,979.0,0.0,1324.598
2026-05-19 15:08:14.316,95250,1118.423,-3.037451139804,1115.588,-64.136,1172.144
2026-05-19 15:08:14.426,95500,979.0,0.0,979.0,0.0,1070.507
2026-05-19 15:08:14.427,95750,979.0,0.0,979.0,0.0,1070.507
2026-05-19 15:08:14.427,96000,979.0,0.0,979.0,0.0,1070.507
2026-05-19 15:08:14.427,96250,979.0,0.0,979.0,0.0,1070.507
2026-05-19 15:08:14.428,96500,979.0,0.0,979.0,0.0,1070.507
2026-05-19 15:08:14.535,96750,979.0,0.0,979.0,0.0,1070.507
2026-05-19 15:08:14.536,97000,979.0,0.0,979.0,0.0,1070.507
2026-05-19 15:08:14.536,97250,979.0,0.0,979.0,0.0,1070.507
2026-05-19 15:08:14.537,97500,979.0,0.0,979.0,0.0,1070.507
2026-05-19 15:08:14.537,97750,979.0,0.0,979.0,0.0,1070.507
2026-05-19 15:08:14.651,98000,979.0,0.0,979.0,0.0,1070.507
2026-05-19 15:08:14.651,98250,979.0,0.0,979.0,0.0,1070.507
2026-05-19 15:08:14.652,98500,979.0,0.0,979.0,0.0,1070.507
2026-05-19 15:08:14.652,98750,979.0,0.0,979.0,0.0,1070.507
2026-05-19 15:08:14.653,99000,979.0,0.0,979.0,0.0,1070.507
2026-05-19 15:08:14.762,99250,979.0,0.0,979.0,0.0,1070.507
2026-05-19 15:08:14.763,99500,979.0,0.0,979.0,0.0,1070.507
2026-05-19 15:08:14.763,99750,979.0,0.0,979.0,0.0,1070.507
2026-05-19 15:08:14.764,100000,979.0,0.0,979.0,0.0,1070.507
2026-05-19 15:08:15.314,10000,979.0,0.0,979.0,0.0,9286.314
2026-05-19 15:08:15.538,10250,979.0,0.0,979.0,0.0,9286.314
2026-05-19 15:08:15.649,10500,979.0,0.0,979.0,0.0,9286.314
2026-05-19 15:08:15.762,10750,974.699,0.936593187687,974.483,15.884,9327.412
2026-05-19 15:08:15.873,11000,979.0,0.0,979.0,0.0,9354.811
2026-05-19 15:08:16.096,11250,973.792,-0.089159180113,973.786,-1.483,9155.734
2026-05-19 15:08:16.210,11500,974.362,0.887944900595,974.167,15.051,9149.45
2026-05-19 15:08:16.328,11750,979.0,0.0,979.0,0.0,9178.44
2026-05-19 15:08:16.440,12000,979.0,0.0,979.0,0.0,9178.44
2026-05-19 15:08:16.551,12250,979.0,0.0,979.0,0.0,9178.44
2026-05-19 15:08:16.665,12500,979.0,0.0,979.0,0.0,9258.26
2026-05-19 15:08:16.777,12750,959.308,-0.414201052739,959.277,-6.899,9211.704
2026-05-19 15:08:16.890,13000,979.0,0.0,979.0,0.0,9025.481
2026-05-19 15:08:17.001,13250,984.543,-0.862811029118,984.357,-14.88,9059.551
2026-05-19 15:08:17.114,13500,979.0,0.0,979.0,0.0,9110.657
2026-05-19 15:08:17.227,13750,979.0,0.0,979.0,0.0,9110.657
2026-05-19 15:08:17.330,14000,979.0,0.0,979.0,0.0,8971.41
2026-05-19 15:08:17.442,14250,979.0,0.0,979.0,0.0,8971.41
2026-05-19 15:08:17.554,14500,979.0,0.0,979.0,0.0,8971.41
2026-05-19 15:08:17.664,14750,983.689,-0.609631936012,983.549,-10.54,9035.867
2026-05-19 15:08:17.777,15000,966.889,-0.334265639401,966.869,-5.623,9050.76
2026-05-19 15:08:17.887,15250,979.0,0.0,979.0,0.0,8938.448
2026-05-19 15:08:17.998,15500,979.0,0.0,979.0,0.0,8938.448
2026-05-19 15:08:18.108,15750,979.0,0.0,979.0,0.0,9052.108
2026-05-19 15:08:18.221,16000,979.0,0.0,979.0,0.0,8828.731
2026-05-19 15:08:18.329,16250,979.0,0.0,979.0,0.0,8828.731
2026-05-19 15:08:18.439,16500,974.973,0.444402313849,974.9,7.515,8865.421
2026-05-19 15:08:18.440,16750,979.0,0.0,979.0,0.0,8920.457
2026-05-19 15:08:18.550,17000,979.0,0.0,979.0,0.0,8704.426
2026-05-19 15:08:18.661,17250,965.688,-2.086814436459,964.994,-35.223,8730.836
2026-05-19 15:08:18.774,17500,979.0,0.0,979.0,0.0,8836.474
2026-05-19 15:08:18.884,17750,979.0,0.0,979.0,0.0,8611.81
2026-05-19 15:08:18.885,18000,979.0,0.0,979.0,0.0,8611.81
2026-05-19 15:08:18.996,18250,998.521,1.555063789786,998.076,26.989,8444.046
2026-05-19 15:08:19.108,18500,979.0,0.0,979.0,0.0,8531.103
2026-05-19 15:08:19.224,18750,979.0,0.0,979.0,0.0,8531.103
2026-05-19 15:08:19.224,19000,979.0,0.0,979.0,0.0,8531.103
2026-05-19 15:08:19.328,19250,979.0,0.0,979.0,0.0,8318.223
2026-05-19 15:08:19.439,19500,974.152,-0.217733426676,974.117,-3.628,8297.795
2026-05-19 15:08:19.551,19750,974.152,-0.217733426676,974.117,-3.628,8297.795
2026-05-19 15:08:19.551,20000,979.0,0.0,979.0,0.0,8255.872
2026-05-19 15:08:19.663,20250,979.0,0.0,979.0,0.0,8255.872
2026-05-19 15:08:19.777,20500,979.0,0.0,979.0,0.0,8055.627
2026-05-19 15:08:19.777,20750,979.0,0.0,979.0,0.0,8210.115
2026-05-19 15:08:19.889,21000,963.146,-0.804418287716,963.028,-13.466,8176.876
2026-05-19 15:08:19.999,21250,979.0,0.0,979.0,0.0,8043.919
2026-05-19 15:08:20.000,21500,979.0,0.0,979.0,0.0,8043.919
2026-05-19 15:08:20.112,21750,974.441,-0.240865512311,974.399,-4.019,7894.082
2026-05-19 15:08:20.223,22000,996.343,-1.075872735084,996.122,-18.789,7891.417
2026-05-19 15:08:20.226,22250,979.0,0.0,979.0,0.0,8030.595
2026-05-19 15:08:20.330,22500,979.0,0.0,979.0,0.0,7842.522
2026-05-19 15:08:20.441,22750,979.0,0.0,979.0,0.0,7842.522
2026-05-19 15:08:20.442,23000,969.829,-0.556697496649,969.717,-9.288,7732.326
2026-05-19 15:08:20.553,23250,979.0,0.0,979.0,0.0,7658.862
2026-05-19 15:08:20.665,23500,979.0,0.0,979.0,0.0,7658.862
2026-05-19 15:08:20.665,23750,979.0,0.0,979.0,0.0,7498.755
2026-05-19 15:08:20.778,24000,979.0,0.0,979.0,0.0,7683.264
2026-05-19 15:08:20.779,24250,979.0,0.0,979.0,0.0,7515.704
2026-05-19 15:08:20.890,24500,979.0,0.0,979.0,0.0,7515.704
2026-05-19 15:08:21.002,24750,979.0,0.0,979.0,0.0,7515.704
2026-05-19 15:08:21.002,25000,979.0,0.0,979.0,0.0,7360.845
2026-05-19 15:08:21.114,25250,979.0,0.0,979.0,0.0,7360.845
2026-05-19 15:08:21.115,25500,979.0,0.0,979.0,0.0,7206.363
2026-05-19 15:08:21.226,25750,979.0,0.0,979.0,0.0,7206.363
2026-05-19 15:08:21.226,26000,979.0,0.0,979.0,0.0,7206.363
2026-05-19 15:08:21.328,26250,979.0,0.0,979.0,0.0,7078.333
2026-05-19 15:08:21.441,26500,986.967,0.678865192067,986.792,11.834,7021.877
2026-05-19 15:08:21.442,26750,979.0,0.0,979.0,0.0,6937.194
2026-05-19 15:08:21.553,27000,979.0,0.0,979.0,0.0,6937.194
2026-05-19 15:08:21.553,27250,986.637,0.69493680462,986.454,12.104,6884.112
2026-05-19 15:08:21.665,27500,979.0,0.0,979.0,0.0,6804.488
2026-05-19 15:08:21.665,27750,979.0,0.0,979.0,0.0,6804.488
2026-05-19 15:08:21.779,28000,979.0,0.0,979.0,0.0,6670.342
2026-05-19 15:08:21.779,28250,979.0,0.0,979.0,0.0,6670.342
2026-05-19 15:08:21.891,28500,969.026,-1.070364358741,968.746,-17.976,6625.038
2026-05-19 15:08:21.891,28750,979.0,0.0,979.0,0.0,6557.083
2026-05-19 15:08:22.003,29000,979.0,0.0,979.0,0.0,6557.083
2026-05-19 15:08:22.003,29250,979.0,0.0,979.0,0.0,6439.888
2026-05-19 15:08:22.115,29500,979.0,0.0,979.0,0.0,6439.888
2026-05-19 15:08:22.115,29750,979.0,0.0,979.0,0.0,6329.513
2026-05-19 15:08:22.225,30000,979.0,0.0,979.0,0.0,6329.513
2026-05-19 15:08:22.226,30250,979.0,0.0,979.0,0.0,6329.513
2026-05-19 15:08:22.328,30500,979.0,0.0,979.0,0.0,6231.235
2026-05-19 15:08:22.329,30750,979.0,0.0,979.0,0.0,6231.235
2026-05-19 15:08:22.440,31000,979.0,0.0,979.0,0.0,6231.235
2026-05-19 15:08:22.440,31250,979.0,0.0,979.0,0.0,6132.743
2026-05-19 15:08:22.552,31500,979.0,0.0,979.0,0.0,6132.743
2026-05-19 15:08:22.552,31750,979.0,0.0,979.0,0.0,6055.123
2026-05-19 15:08:22.664,32000,979.0,0.0,979.0,0.0,5819.217
2026-05-19 15:08:22.665,32250,979.0,0.0,979.0,0.0,5819.217
2026-05-19 15:08:22.779,32500,979.0,0.0,979.0,0.0,5745.191
2026-05-19 15:08:22.779,32750,979.0,0.0,979.0,0.0,5745.191
2026-05-19 15:08:22.780,33000,979.0,0.0,979.0,0.0,5745.191
2026-05-19 15:08:22.889,33250,979.0,0.0,979.0,0.0,5682.385
2026-05-19 15:08:22.890,33500,979.0,0.0,979.0,0.0,5682.385
2026-05-19 15:08:23.005,33750,970.058,-2.653204997906,969.019,-44.905,5682.385
2026-05-19 15:08:23.006,34000,979.0,0.0,979.0,0.0,5630.485
2026-05-19 15:08:23.117,34250,979.0,0.0,979.0,0.0,5379.444
2026-05-19 15:08:23.117,34500,973.114,-2.188257422023,972.229,-37.095,5371.359
2026-05-19 15:08:23.117,34750,979.0,0.0,979.0,0.0,5339.018
2026-05-19 15:08:23.229,35000,979.0,0.0,979.0,0.0,5339.018
2026-05-19 15:08:23.229,35250,979.0,0.0,979.0,0.0,5339.018
2026-05-19 15:08:23.346,35500,979.0,0.0,979.0,0.0,5311.955
2026-05-19 15:08:23.346,35750,979.0,0.0,979.0,0.0,5069.911
2026-05-19 15:08:23.457,36000,979.0,0.0,979.0,0.0,5069.911
2026-05-19 15:08:23.458,36250,979.0,0.0,979.0,0.0,5053.16
2026-05-19 15:08:23.458,36500,979.0,0.0,979.0,0.0,5053.16
2026-05-19 15:08:23.567,36750,978.921,-3.602246532325,976.504,-61.481,5053.058
2026-05-19 15:08:23.568,37000,979.0,0.0,979.0,0.0,5052.649
2026-05-19 15:08:23.679,37250,979.0,0.0,979.0,0.0,4801.84
2026-05-19 15:08:23.680,37500,979.0,0.0,979.0,0.0,4801.84
2026-05-19 15:08:23.680,37750,979.0,0.0,979.0,0.0,4819.526
2026-05-19 15:08:23.793,38000,979.0,0.0,979.0,0.0,4819.526
2026-05-19 15:08:23.794,38250,979.0,0.0,979.0,0.0,4819.526
2026-05-19 15:08:23.905,38500,979.0,0.0,979.0,0.0,4819.526
2026-05-19 15:08:23.906,38750,979.0,0.0,979.0,0.0,4591.487
2026-05-19 15:08:23.906,39000,979.0,0.0,979.0,0.0,4591.487
2026-05-19 15:08:24.018,39250,979.0,0.0,979.0,0.0,4591.487
2026-05-19 15:08:24.019,39500,979.0,0.0,979.0,0.0,4591.487
2026-05-19 15:08:24.019,39750,979.0,0.0,979.0,0.0,4637.368
2026-05-19 15:08:24.132,40000,979.0,0.0,979.0,0.0,4380.519
2026-05-19 15:08:24.132,40250,979.0,0.0,979.0,0.0,4380.519
2026-05-19 15:08:24.244,40500,979.0,0.0,979.0,0.0,4380.519
2026-05-19 15:08:24.245,40750,979.0,0.0,979.0,0.0,4449.44
2026-05-19 15:08:24.245,41000,979.0,0.0,979.0,0.0,4449.44
2026-05-19 15:08:24.362,41250,979.0,0.0,979.0,0.0,4262.566
2026-05-19 15:08:24.363,41500,979.0,0.0,979.0,0.0,4262.566
2026-05-19 15:08:24.363,41750,960.683,3.218750224387,959.168,53.941,4343.838
2026-05-19 15:08:24.474,42000,979.0,0.0,979.0,0.0,4343.838
2026-05-19 15:08:24.475,42250,924.433,-1.248586179911,924.213,-20.144,4343.838
2026-05-19 15:08:24.586,42500,979.0,0.0,979.0,0.0,4101.722
2026-05-19 15:08:24.587,42750,979.0,0.0,979.0,0.0,4101.722
2026-05-19 15:08:24.587,43000,979.0,0.0,979.0,0.0,4101.722
2026-05-19 15:08:24.697,43250,979.0,0.0,979.0,0.0,4198.29
2026-05-19 15:08:24.698,43500,979.0,0.0,979.0,0.0,4198.29
2026-05-19 15:08:24.698,43750,979.0,0.0,979.0,0.0,3960.624
2026-05-19 15:08:24.812,44000,979.0,0.0,979.0,0.0,3960.624
2026-05-19 15:08:24.812,44250,979.0,0.0,979.0,0.0,3960.624
2026-05-19 15:08:24.813,44500,979.0,0.0,979.0,0.0,3960.624
2026-05-19 15:08:24.923,44750,979.0,0.0,979.0,0.0,3861.35
2026-05-19 15:08:24.924,45000,979.0,0.0,979.0,0.0,3861.35
2026-05-19 15:08:24.924,45250,979.0,0.0,979.0,0.0,3861.35
2026-05-19 15:08:25.036,45500,979.0,0.0,979.0,0.0,3861.35
2026-05-19 15:08:25.036,45750,979.0,0.0,979.0,0.0,3861.35
2026-05-19 15:08:25.037,46000,979.0,0.0,979.0,0.0,3655.855
2026-05-19 15:08:25.147,46250,979.0,0.0,979.0,0.0,3823.201
2026-05-19 15:08:25.148,46500,979.0,0.0,979.0,0.0,3823.201
2026-05-19 15:08:25.148,46750,979.0,0.0,979.0,0.0,3823.201
2026-05-19 15:08:25.264,47000,979.0,0.0,979.0,0.0,3823.201
2026-05-19 15:08:25.265,47250,979.0,0.0,979.0,0.0,3625.638
2026-05-19 15:08:25.265,47500,979.0,0.0,979.0,0.0,3625.638
2026-05-19 15:08:25.380,47750,979.0,0.0,979.0,0.0,3625.638
2026-05-19 15:08:25.380,48000,979.0,0.0,979.0,0.0,3625.638
2026-05-19 15:08:25.381,48250,979.0,0.0,979.0,0.0,3625.638
2026-05-19 15:08:25.493,48500,979.0,0.0,979.0,0.0,3618.973
2026-05-19 15:08:25.494,48750,979.0,0.0,979.0,0.0,3618.973
2026-05-19 15:08:25.494,49000,979.0,0.0,979.0,0.0,3618.973
2026-05-19 15:08:25.605,49250,930.053,-3.100736592919,928.692,-50.308,3618.973
2026-05-19 15:08:25.605,49500,979.0,0.0,979.0,0.0,3438.037
2026-05-19 15:08:25.606,49750,979.0,0.0,979.0,0.0,3438.037
2026-05-19 15:08:25.717,50000,979.0,0.0,979.0,0.0,3438.037
2026-05-19 15:08:25.717,50250,979.0,0.0,979.0,0.0,3438.037
2026-05-19 15:08:25.718,50500,979.0,0.0,979.0,0.0,3438.037
2026-05-19 15:08:25.718,50750,979.0,0.0,979.0,0.0,3438.037
2026-05-19 15:08:25.833,51000,979.0,0.0,979.0,0.0,3448.719
2026-05-19 15:08:25.833,51250,979.0,0.0,979.0,0.0,3448.719
2026-05-19 15:08:25.833,51500,979.0,0.0,979.0,0.0,3448.719
2026-05-19 15:08:25.944,51750,979.0,0.0,979.0,0.0,3448.719
2026-05-19 15:08:25.945,52000,979.0,0.0,979.0,0.0,3448.719
2026-05-19 15:08:25.945,52250,979.0,0.0,979.0,0.0,3304.868
2026-05-19 15:08:26.056,52500,979.0,0.0,979.0,0.0,3304.868
2026-05-19 15:08:26.057,52750,979.0,0.0,979.0,0.0,3304.868
2026-05-19 15:08:26.057,53000,979.0,0.0,979.0,0.0,3304.868
2026-05-19 15:08:26.057,53250,979.0,0.0,979.0,0.0,3304.868
2026-05-19 15:08:26.168,53500,979.0,0.0,979.0,0.0,3304.868
2026-05-19 15:08:26.169,53750,979.0,0.0,979.0,0.0,3181.295
2026-05-19 15:08:26.169,54000,979.0,0.0,979.0,0.0,3181.295
2026-05-19 15:08:26.280,54250,979.0,0.0,979.0,0.0,3181.295
2026-05-19 15:08:26.281,54500,979.0,0.0,979.0,0.0,3181.295
2026-05-19 15:08:26.281,54750,979.0,0.0,979.0,0.0,3181.295
2026-05-19 15:08:26.282,55000,979.0,0.0,979.0,0.0,3181.295
2026-05-19 15:08:26.396,55250,979.0,0.0,979.0,0.0,3181.295
2026-05-19 15:08:26.396,55500,958.338,-2.521359499421,956.815,-41.529,3136.534
2026-05-19 15:08:26.397,55750,979.0,0.0,979.0,0.0,3069.393
2026-05-19 15:08:26.507,56000,979.0,0.0,979.0,0.0,3069.393
2026-05-19 15:08:26.508,56250,979.0,0.0,979.0,0.0,3069.393
2026-05-19 15:08:26.508,56500,979.0,0.0,979.0,0.0,3069.393
2026-05-19 15:08:26.509,56750,979.0,0.0,979.0,0.0,3069.393
2026-05-19 15:08:26.619,57000,979.0,0.0,979.0,0.0,3069.393
2026-05-19 15:08:26.619,57250,979.0,0.0,979.0,0.0,3069.393
2026-05-19 15:08:26.620,57500,979.0,0.0,979.0,0.0,3069.393
2026-05-19 15:08:26.731,57750,979.0,0.0,979.0,0.0,3069.393
2026-05-19 15:08:26.731,58000,937.022,6.321979856173,931.324,103.181,3206.9
2026-05-19 15:08:26.732,58250,906.252,1.463962538707,905.957,23.153,3206.9
2026-05-19 15:08:26.844,58500,906.252,1.463962538707,905.957,23.153,3206.9
2026-05-19 15:08:26.845,58750,983.16,0.873980955756,982.578,15.236,3193.558
2026-05-19 15:08:26.845,59000,999.799,4.369904778779,996.892,76.18,3140.187
2026-05-19 15:08:26.845,59250,970.853,-1.747961911512,969.739,-29.217,3166.872
2026-05-19 15:08:26.956,59500,958.634,-4.369904778779,955.847,-73.043,3206.9
2026-05-19 15:08:26.956,59750,1035.586,-5.833867317486,1030.223,-105.261,2968.602
2026-05-19 15:08:26.957,60000,979.0,0.0,979.0,0.0,2968.602
2026-05-19 15:08:27.068,60250,979.0,0.0,979.0,0.0,2968.602
2026-05-19 15:08:27.068,60500,979.0,0.0,979.0,0.0,2968.602
2026-05-19 15:08:27.068,60750,979.0,0.0,979.0,0.0,2968.602
2026-05-19 15:08:27.069,61000,979.0,0.0,979.0,0.0,2968.602
2026-05-19 15:08:27.179,61250,979.0,0.0,979.0,0.0,2968.602
2026-05-19 15:08:27.179,61500,979.0,0.0,979.0,0.0,2968.602
2026-05-19 15:08:27.180,61750,979.0,0.0,979.0,0.0,2968.602
2026-05-19 15:08:27.180,62000,979.0,0.0,979.0,0.0,2968.602
2026-05-19 15:08:27.297,62250,979.0,0.0,979.0,0.0,2968.602
2026-05-19 15:08:27.298,62500,979.0,0.0,979.0,0.0,2968.602
2026-05-19 15:08:27.298,62750,979.0,0.0,979.0,0.0,2968.602
2026-05-19 15:08:27.298,63000,979.0,0.0,979.0,0.0,2968.602
2026-05-19 15:08:27.412,63250,979.0,0.0,979.0,0.0,2736.319
2026-05-19 15:08:27.412,63500,979.0,0.0,979.0,0.0,2736.319
2026-05-19 15:08:27.412,63750,979.0,0.0,979.0,0.0,2736.319
2026-05-19 15:08:27.413,64000,979.0,0.0,979.0,0.0,2736.319
2026-05-19 15:08:27.413,64250,979.0,0.0,979.0,0.0,2736.319
2026-05-19 15:08:27.522,64500,979.0,0.0,979.0,0.0,2736.319
2026-05-19 15:08:27.523,64750,979.0,0.0,979.0,0.0,2736.319
2026-05-19 15:08:27.523,65000,979.0,0.0,979.0,0.0,2736.319
2026-05-19 15:08:27.633,65250,979.0,0.0,979.0,0.0,2736.319
2026-05-19 15:08:27.634,65500,979.0,0.0,979.0,0.0,2736.319
2026-05-19 15:08:27.634,65750,979.0,0.0,979.0,0.0,2736.319
2026-05-19 15:08:27.634,66000,979.0,0.0,979.0,0.0,2736.319
2026-05-19 15:08:27.744,66250,979.0,0.0,979.0,0.0,2736.319
2026-05-19 15:08:27.745,66500,979.0,0.0,979.0,0.0,2736.319
2026-05-19 15:08:27.745,66750,979.0,0.0,979.0,0.0,2736.319
2026-05-19 15:08:27.746,67000,979.0,0.0,979.0,0.0,2736.319
2026-05-19 15:08:27.860,67250,979.0,0.0,979.0,0.0,2492.103
2026-05-19 15:08:27.860,67500,979.0,0.0,979.0,0.0,2492.103
2026-05-19 15:08:27.861,67750,979.0,0.0,979.0,0.0,2492.103
2026-05-19 15:08:27.861,68000,979.0,0.0,979.0,0.0,2492.103
2026-05-19 15:08:27.862,68250,970.059,-1.113550132612,969.177,-18.13,2515.952
2026-05-19 15:08:27.971,68500,970.059,-1.113550132612,969.177,-18.13,2515.952
2026-05-19 15:08:27.972,68750,943.235,-4.454200530447,939.709,-72.518,2587.501
2026-05-19 15:08:27.972,69000,934.294,-5.567750663059,929.886,-90.648,2611.351
2026-05-19 15:08:27.973,69250,979.0,0.0,979.0,0.0,2611.351
2026-05-19 15:08:28.083,69500,979.0,0.0,979.0,0.0,2611.351
2026-05-19 15:08:28.084,69750,979.0,0.0,979.0,0.0,2611.351
2026-05-19 15:08:28.084,70000,988.369,1.113550132612,987.401,19.906,2587.501
2026-05-19 15:08:28.084,70250,979.0,0.0,979.0,0.0,2611.351
2026-05-19 15:08:28.196,70500,979.0,0.0,979.0,0.0,2611.351
2026-05-19 15:08:28.196,70750,979.0,0.0,979.0,0.0,2611.351
2026-05-19 15:08:28.197,71000,979.0,0.0,979.0,0.0,2611.351
2026-05-19 15:08:28.197,71250,979.0,0.0,979.0,0.0,2611.351
2026-05-19 15:08:28.312,71500,979.0,0.0,979.0,0.0,2611.351
2026-05-19 15:08:28.313,71750,1083.466,-3.368127183258,1081.595,-63.655,2359.568
2026-05-19 15:08:28.313,72000,979.0,0.0,979.0,0.0,2359.568
2026-05-19 15:08:28.314,72250,1014.001,3.614034368705,1010.564,65.311,2279.954
2026-05-19 15:08:28.425,72500,1037.334,6.023390614508,1031.607,108.852,2226.878
2026-05-19 15:08:28.425,72750,1037.334,6.023390614508,1031.607,108.852,2226.878
2026-05-19 15:08:28.426,73000,979.0,0.0,979.0,0.0,2226.878
2026-05-19 15:08:28.426,73250,979.0,0.0,979.0,0.0,2226.878
2026-05-19 15:08:28.536,73500,979.0,0.0,979.0,0.0,2226.878
2026-05-19 15:08:28.536,73750,979.0,0.0,979.0,0.0,2226.878
2026-05-19 15:08:28.536,74000,979.0,0.0,979.0,0.0,2226.878
2026-05-19 15:08:28.537,74250,979.0,0.0,979.0,0.0,2226.878
2026-05-19 15:08:28.646,74500,979.0,0.0,979.0,0.0,2226.878
2026-05-19 15:08:28.646,74750,979.0,0.0,979.0,0.0,2226.878
2026-05-19 15:08:28.647,75000,979.0,0.0,979.0,0.0,2226.878
2026-05-19 15:08:28.647,75250,979.0,0.0,979.0,0.0,2226.878
2026-05-19 15:08:28.756,75500,979.0,0.0,979.0,0.0,2226.878
2026-05-19 15:08:28.757,75750,979.0,0.0,979.0,0.0,2226.878
2026-05-19 15:08:28.757,76000,979.0,0.0,979.0,0.0,2226.878
2026-05-19 15:08:28.758,76250,979.0,0.0,979.0,0.0,2226.878
2026-05-19 15:08:28.868,76500,979.0,0.0,979.0,0.0,2226.878
2026-05-19 15:08:28.869,76750,979.0,0.0,979.0,0.0,2226.878
2026-05-19 15:08:28.869,77000,979.0,0.0,979.0,0.0,2226.878
2026-05-19 15:08:28.870,77250,979.0,0.0,979.0,0.0,2226.878
2026-05-19 15:08:28.870,77500,898.104,2.588340789346,896.985,39.637,2180.876
2026-05-19 15:08:28.980,77750,979.0,0.0,979.0,0.0,1996.867
2026-05-19 15:08:28.980,78000,979.0,0.0,979.0,0.0,1996.867
2026-05-19 15:08:28.981,78250,979.0,0.0,979.0,0.0,1996.867
2026-05-19 15:08:28.981,78500,979.0,0.0,979.0,0.0,1996.867
2026-05-19 15:08:28.982,78750,979.0,0.0,979.0,0.0,1996.867
2026-05-19 15:08:29.090,79000,979.0,0.0,979.0,0.0,1996.867
2026-05-19 15:08:29.091,79250,979.0,0.0,979.0,0.0,1996.867
2026-05-19 15:08:29.091,79500,979.0,0.0,979.0,0.0,1996.867
2026-05-19 15:08:29.092,79750,979.0,0.0,979.0,0.0,1996.867
2026-05-19 15:08:29.092,80000,979.0,0.0,979.0,0.0,1996.867
2026-05-19 15:08:29.202,80250,979.0,0.0,979.0,0.0,1996.867
2026-05-19 15:08:29.203,80500,979.0,0.0,979.0,0.0,1996.867
2026-05-19 15:08:29.204,80750,979.0,0.0,979.0,0.0,1996.867
2026-05-19 15:08:29.205,81000,979.0,0.0,979.0,0.0,1996.867
2026-05-19 15:08:29.206,81250,979.0,0.0,979.0,0.0,1996.867
2026-05-19 15:08:29.313,81500,979.0,0.0,979.0,0.0,1996.867
2026-05-19 15:08:29.315,81750,936.249,-5.340639762733,931.228,-86.078,1975.067
2026-05-19 15:08:29.316,82000,979.0,0.0,979.0,0.0,1887.867
2026-05-19 15:08:29.317,82250,979.0,0.0,979.0,0.0,1887.867
2026-05-19 15:08:29.317,82500,979.0,0.0,979.0,0.0,1887.867
2026-05-19 15:08:29.425,82750,979.0,0.0,979.0,0.0,1887.867
2026-05-19 15:08:29.426,83000,979.0,0.0,979.0,0.0,1887.867
2026-05-19 15:08:29.427,83250,932.166,1.296018259076,931.615,19.486,1752.397
2026-05-19 15:08:29.428,83500,979.0,0.0,979.0,0.0,1662.085
2026-05-19 15:08:29.429,83750,979.0,0.0,979.0,0.0,1662.085
2026-05-19 15:08:29.537,84000,979.0,0.0,979.0,0.0,1662.085
2026-05-19 15:08:29.538,84250,979.0,0.0,979.0,0.0,1662.085
2026-05-19 15:08:29.538,84500,979.0,0.0,979.0,0.0,1662.085
2026-05-19 15:08:29.539,84750,979.0,0.0,979.0,0.0,1662.085
2026-05-19 15:08:29.654,85000,979.0,0.0,979.0,0.0,1662.085
2026-05-19 15:08:29.654,85250,979.0,0.0,979.0,0.0,1662.085
2026-05-19 15:08:29.655,85500,979.0,0.0,979.0,0.0,1662.085
2026-05-19 15:08:29.655,85750,979.0,0.0,979.0,0.0,1662.085
2026-05-19 15:08:29.655,86000,979.0,0.0,979.0,0.0,1662.085
2026-05-19 15:08:29.656,86250,979.0,0.0,979.0,0.0,1662.085
2026-05-19 15:08:29.764,86500,979.0,0.0,979.0,0.0,1662.085
2026-05-19 15:08:29.765,86750,979.0,0.0,979.0,0.0,1662.085
2026-05-19 15:08:29.765,87000,979.0,0.0,979.0,0.0,1662.085
2026-05-19 15:08:29.766,87250,979.0,0.0,979.0,0.0,1662.085
2026-05-19 15:08:29.875,87500,979.0,0.0,979.0,0.0,1662.085
2026-05-19 15:08:29.875,87750,979.0,0.0,979.0,0.0,1662.085
2026-05-19 15:08:29.876,88000,979.0,0.0,979.0,0.0,1662.085
2026-05-19 15:08:29.876,88250,979.0,0.0,979.0,0.0,1662.085
2026-05-19 15:08:29.876,88500,979.0,0.0,979.0,0.0,1662.085
2026-05-19 15:08:29.986,88750,979.0,0.0,979.0,0.0,1662.085
2026-05-19 15:08:29.987,89000,979.0,0.0,979.0,0.0,1662.085
2026-05-19 15:08:29.987,89250,979.0,0.0,979.0,0.0,1436.336
2026-05-19 15:08:29.987,89500,979.0,0.0,979.0,0.0,1436.336
2026-05-19 15:08:29.988,89750,979.0,0.0,979.0,0.0,1436.336
2026-05-19 15:08:30.096,90000,979.0,0.0,979.0,0.0,1436.336
2026-05-19 15:08:30.097,90250,902.84,-9.90199356769,889.391,-155.255,1436.336
2026-05-19 15:08:30.097,90500,979.0,0.0,979.0,0.0,1324.598
2026-05-19 15:08:30.098,90750,979.0,0.0,979.0,0.0,1324.598
2026-05-19 15:08:30.098,91000,979.0,0.0,979.0,0.0,1324.598
2026-05-19 15:08:30.207,91250,979.0,0.0,979.0,0.0,1324.598
2026-05-19 15:08:30.207,91500,979.0,0.0,979.0,0.0,1324.598
2026-05-19 15:08:30.207,91750,979.0,0.0,979.0,0.0,1324.598
2026-05-19 15:08:30.208,92000,979.0,0.0,979.0,0.0,1324.598
2026-05-19 15:08:30.212,92250,979.0,0.0,979.0,0.0,1324.598
2026-05-19 15:08:30.328,92500,979.0,0.0,979.0,0.0,1324.598
2026-05-19 15:08:30.328,92750,979.0,0.0,979.0,0.0,1324.598
2026-05-19 15:08:30.329,93000,979.0,0.0,979.0,0.0,1324.598
2026-05-19 15:08:30.329,93250,979.0,0.0,979.0,0.0,1324.598
2026-05-19 15:08:30.330,93500,979.0,0.0,979.0,0.0,1324.598
2026-05-19 15:08:30.442,93750,979.0,0.0,979.0,0.0,1324.598
2026-05-19 15:08:30.443,94000,979.0,0.0,979.0,0.0,1324.598
2026-05-19 15:08:30.443,94250,979.0,0.0,979.0,0.0,1324.598
2026-05-19 15:08:30.443,94500,979.0,0.0,979.0,0.0,1324.598
2026-05-19 15:08:30.444,94750,979.0,0.0,979.0,0.0,1324.598
2026-05-19 15:08:30.555,95000,979.0,0.0,979.0,0.0,1324.598
2026-05-19 15:08:30.555,95250,1118.423,-3.037451139804,1115.588,-64.136,1172.144
2026-05-19 15:08:30.556,95500,979.0,0.0,979.0,0.0,1070.507
2026-05-19 15:08:30.556,95750,979.0,0.0,979.0,0.0,1070.507
2026-05-19 15:08:30.556,96000,979.0,0.0,979.0,0.0,1070.507
2026-05-19 15:08:30.666,96250,979.0,0.0,979.0,0.0,1070.507
2026-05-19 15:08:30.666,96500,979.0,0.0,979.0,0.0,1070.507
2026-05-19 15:08:30.666,96750,979.0,0.0,979.0,0.0,1070.507
2026-05-19 15:08:30.667,97000,979.0,0.0,979.0,0.0,1070.507
2026-05-19 15:08:30.777,97250,979.0,0.0,979.0,0.0,1070.507
2026-05-19 15:08:30.778,97500,979.0,0.0,979.0,0.0,1070.507
2026-05-19 15:08:30.778,97750,979.0,0.0,979.0,0.0,1070.507
2026-05-19 15:08:30.779,98000,979.0,0.0,979.0,0.0,1070.507
2026-05-19 15:08:30.779,98250,979.0,0.0,979.0,0.0,1070.507
2026-05-19 15:08:30.889,98500,979.0,0.0,979.0,0.0,1070.507
2026-05-19 15:08:30.891,98750,979.0,0.0,979.0,0.0,1070.507
2026-05-19 15:08:30.891,99000,979.0,0.0,979.0,0.0,1070.507
2026-05-19 15:08:30.892,99250,979.0,0.0,979.0,0.0,1070.507
2026-05-19 15:08:30.892,99500,979.0,0.0,979.0,0.0,1070.507
2026-05-19 15:08:31.004,99750,979.0,0.0,979.0,0.0,1070.507
2026-05-19 15:08:31.004,100000,979.0,0.0,979.0,0.0,1070.507
2026-05-19 15:08:31.552,10000,979.0,0.0,979.0,0.0,9286.314
2026-05-19 15:08:31.664,10250,979.0,0.0,979.0,0.0,9286.314
2026-05-19 15:08:31.776,10500,979.0,0.0,979.0,0.0,9286.314
2026-05-19 15:08:32.001,10750,974.699,0.936593187687,974.483,15.884,9327.412
2026-05-19 15:08:32.112,11000,979.0,0.0,979.0,0.0,9354.811
2026-05-19 15:08:32.224,11250,973.792,-0.089159180113,973.786,-1.483,9155.734
2026-05-19 15:08:32.330,11500,975.908,0.591963267064,975.778,10.034,9134.955
2026-05-19 15:08:32.556,11750,979.0,0.0,979.0,0.0,9178.44
2026-05-19 15:08:32.668,12000,979.0,0.0,979.0,0.0,9178.44
2026-05-19 15:08:32.781,12250,979.0,0.0,979.0,0.0,9178.44
2026-05-19 15:08:32.892,12500,979.0,0.0,979.0,0.0,9258.26
2026-05-19 15:08:33.009,12750,959.308,-0.414201052739,959.277,-6.899,9211.704
2026-05-19 15:08:33.120,13000,979.0,0.0,979.0,0.0,9025.481
2026-05-19 15:08:33.232,13250,984.543,-0.862811029118,984.357,-14.88,9059.551
2026-05-19 15:08:33.346,13500,979.0,0.0,979.0,0.0,9110.657
2026-05-19 15:08:33.454,13750,979.0,0.0,979.0,0.0,9110.657
2026-05-19 15:08:33.565,14000,974.009,-0.125778158691,973.997,-2.094,9018.346
2026-05-19 15:08:33.677,14250,979.0,0.0,979.0,0.0,8971.41
2026-05-19 15:08:33.789,14500,979.0,0.0,979.0,0.0,8971.41
2026-05-19 15:08:33.901,14750,983.689,-0.609631936012,983.549,-10.54,9035.867
2026-05-19 15:08:34.018,15000,963.861,-0.417832049251,963.836,-7.029,9078.838
2026-05-19 15:08:34.130,15250,979.0,0.0,979.0,0.0,8938.448
2026-05-19 15:08:34.242,15500,979.0,0.0,979.0,0.0,8938.448
2026-05-19 15:08:34.243,15750,979.0,0.0,979.0,0.0,9052.108
2026-05-19 15:08:34.361,16000,979.0,0.0,979.0,0.0,8828.731
2026-05-19 15:08:34.477,16250,979.0,0.0,979.0,0.0,8828.731
2026-05-19 15:08:34.589,16500,974.973,0.444402313849,974.9,7.515,8865.421
2026-05-19 15:08:34.700,16750,979.0,0.0,979.0,0.0,8920.457
2026-05-19 15:08:34.811,17000,979.0,0.0,979.0,0.0,8704.426
2026-05-19 15:08:34.812,17250,965.688,-2.086814436459,964.994,-35.223,8730.836
2026-05-19 15:08:34.924,17500,979.0,0.0,979.0,0.0,8836.474
2026-05-19 15:08:35.037,17750,979.0,0.0,979.0,0.0,8611.81
2026-05-19 15:08:35.149,18000,979.0,0.0,979.0,0.0,8611.81
2026-05-19 15:08:35.265,18250,998.521,1.555063789786,998.076,26.989,8444.046
2026-05-19 15:08:35.265,18500,979.0,0.0,979.0,0.0,8531.103
2026-05-19 15:08:35.378,18750,979.0,0.0,979.0,0.0,8531.103
2026-05-19 15:08:35.493,19000,979.0,0.0,979.0,0.0,8531.103
2026-05-19 15:08:35.494,19250,979.0,0.0,979.0,0.0,8318.223
2026-05-19 15:08:35.605,19500,974.152,-0.217733426676,974.117,-3.628,8297.795
2026-05-19 15:08:35.717,19750,974.152,-0.217733426676,974.117,-3.628,8297.795
2026-05-19 15:08:35.828,20000,979.0,0.0,979.0,0.0,8255.872
2026-05-19 15:08:35.829,20250,979.0,0.0,979.0,0.0,8255.872
2026-05-19 15:08:35.941,20500,979.0,0.0,979.0,0.0,8055.627
2026-05-19 15:08:36.054,20750,979.0,0.0,979.0,0.0,8210.115
2026-05-19 15:08:36.054,21000,963.146,-0.804418287716,963.028,-13.466,8176.876
2026-05-19 15:08:36.165,21250,979.0,0.0,979.0,0.0,8043.919
2026-05-19 15:08:36.276,21500,979.0,0.0,979.0,0.0,8043.919
2026-05-19 15:08:36.277,21750,974.441,-0.240865512311,974.399,-4.019,7894.082
2026-05-19 15:08:36.393,22000,1000.678,-1.344840918854,1000.403,-23.486,7856.622
2026-05-19 15:08:36.507,22250,979.0,0.0,979.0,0.0,8030.595
2026-05-19 15:08:36.508,22500,979.0,0.0,979.0,0.0,7842.522
2026-05-19 15:08:36.619,22750,979.0,0.0,979.0,0.0,7842.522
2026-05-19 15:08:36.619,23000,969.829,-0.556697496649,969.717,-9.288,7732.326
2026-05-19 15:08:36.730,23250,979.0,0.0,979.0,0.0,7658.862
2026-05-19 15:08:36.842,23500,979.0,0.0,979.0,0.0,7658.862
2026-05-19 15:08:36.843,23750,979.0,0.0,979.0,0.0,7498.755
2026-05-19 15:08:36.954,24000,979.0,0.0,979.0,0.0,7683.264
2026-05-19 15:08:36.955,24250,979.0,0.0,979.0,0.0,7515.704
2026-05-19 15:08:37.069,24500,979.0,0.0,979.0,0.0,7515.704
2026-05-19 15:08:37.180,24750,979.0,0.0,979.0,0.0,7515.704
2026-05-19 15:08:37.181,25000,979.0,0.0,979.0,0.0,7360.845
2026-05-19 15:08:37.298,25250,979.0,0.0,979.0,0.0,7360.845
2026-05-19 15:08:37.298,25500,979.0,0.0,979.0,0.0,7206.363
2026-05-19 15:08:37.409,25750,979.0,0.0,979.0,0.0,7206.363
2026-05-19 15:08:37.409,26000,979.0,0.0,979.0,0.0,7206.363
2026-05-19 15:08:37.522,26250,979.0,0.0,979.0,0.0,7078.333
2026-05-19 15:08:37.523,26500,986.967,0.678865192067,986.792,11.834,7021.877
2026-05-19 15:08:37.634,26750,979.0,0.0,979.0,0.0,6937.194
2026-05-19 15:08:37.745,27000,979.0,0.0,979.0,0.0,6937.194
2026-05-19 15:08:37.746,27250,986.637,0.69493680462,986.454,12.104,6884.112
2026-05-19 15:08:37.857,27500,979.0,0.0,979.0,0.0,6804.488
2026-05-19 15:08:37.858,27750,979.0,0.0,979.0,0.0,6804.488
2026-05-19 15:08:37.970,28000,979.0,0.0,979.0,0.0,6670.342
2026-05-19 15:08:37.970,28250,979.0,0.0,979.0,0.0,6670.342
2026-05-19 15:08:38.083,28500,965.702,-1.427152478321,965.329,-23.968,6647.69
2026-05-19 15:08:38.083,28750,979.0,0.0,979.0,0.0,6557.083
2026-05-19 15:08:38.194,29000,979.0,0.0,979.0,0.0,6557.083
2026-05-19 15:08:38.195,29250,979.0,0.0,979.0,0.0,6439.888
2026-05-19 15:08:38.297,29500,979.0,0.0,979.0,0.0,6439.888
2026-05-19 15:08:38.298,29750,979.0,0.0,979.0,0.0,6329.513
2026-05-19 15:08:38.409,30000,979.0,0.0,979.0,0.0,6329.513
2026-05-19 15:08:38.409,30250,979.0,0.0,979.0,0.0,6329.513
2026-05-19 15:08:38.520,30500,979.0,0.0,979.0,0.0,6231.235
2026-05-19 15:08:38.521,30750,979.0,0.0,979.0,0.0,6231.235
2026-05-19 15:08:38.633,31000,979.0,0.0,979.0,0.0,6231.235
2026-05-19 15:08:38.633,31250,979.0,0.0,979.0,0.0,6132.743
2026-05-19 15:08:38.745,31500,979.0,0.0,979.0,0.0,6132.743
2026-05-19 15:08:38.745,31750,979.0,0.0,979.0,0.0,6055.123
2026-05-19 15:08:38.857,32000,979.0,0.0,979.0,0.0,5819.217
2026-05-19 15:08:38.858,32250,979.0,0.0,979.0,0.0,5819.217
2026-05-19 15:08:38.858,32500,979.0,0.0,979.0,0.0,5745.191
2026-05-19 15:08:38.969,32750,979.0,0.0,979.0,0.0,5745.191
2026-05-19 15:08:38.969,33000,979.0,0.0,979.0,0.0,5745.191
2026-05-19 15:08:39.082,33250,979.0,0.0,979.0,0.0,5682.385
2026-05-19 15:08:39.083,33500,979.0,0.0,979.0,0.0,5682.385
2026-05-19 15:08:39.194,33750,970.058,-2.653204997906,969.019,-44.905,5682.385
2026-05-19 15:08:39.194,34000,979.0,0.0,979.0,0.0,5630.485
2026-05-19 15:08:39.195,34250,979.0,0.0,979.0,0.0,5379.444
2026-05-19 15:08:39.297,34500,973.114,-2.188257422023,972.229,-37.095,5371.359
2026-05-19 15:08:39.298,34750,979.0,0.0,979.0,0.0,5339.018
2026-05-19 15:08:39.408,35000,979.0,0.0,979.0,0.0,5339.018
2026-05-19 15:08:39.409,35250,979.0,0.0,979.0,0.0,5339.018
2026-05-19 15:08:39.520,35500,979.0,0.0,979.0,0.0,5311.955
2026-05-19 15:08:39.521,35750,979.0,0.0,979.0,0.0,5069.911
2026-05-19 15:08:39.633,36000,979.0,0.0,979.0,0.0,5069.911
2026-05-19 15:08:39.633,36250,979.0,0.0,979.0,0.0,5053.16
2026-05-19 15:08:39.634,36500,979.0,0.0,979.0,0.0,5053.16
2026-05-19 15:08:39.745,36750,978.921,-3.602246532325,976.504,-61.481,5053.058
2026-05-19 15:08:39.746,37000,979.0,0.0,979.0,0.0,5052.649
2026-05-19 15:08:39.856,37250,979.0,0.0,979.0,0.0,4801.84
2026-05-19 15:08:39.857,37500,979.0,0.0,979.0,0.0,4801.84
2026-05-19 15:08:39.857,37750,979.0,0.0,979.0,0.0,4819.526
2026-05-19 15:08:39.969,38000,979.0,0.0,979.0,0.0,4819.526
2026-05-19 15:08:39.969,38250,979.0,0.0,979.0,0.0,4819.526
2026-05-19 15:08:40.083,38500,979.0,0.0,979.0,0.0,4819.526
2026-05-19 15:08:40.083,38750,979.0,0.0,979.0,0.0,4591.487
2026-05-19 15:08:40.084,39000,979.0,0.0,979.0,0.0,4591.487
2026-05-19 15:08:40.195,39250,979.0,0.0,979.0,0.0,4591.487
2026-05-19 15:08:40.195,39500,979.0,0.0,979.0,0.0,4591.487
2026-05-19 15:08:40.196,39750,979.0,0.0,979.0,0.0,4637.368
2026-05-19 15:08:40.313,40000,979.0,0.0,979.0,0.0,4380.519
2026-05-19 15:08:40.313,40250,979.0,0.0,979.0,0.0,4380.519
2026-05-19 15:08:40.423,40500,979.0,0.0,979.0,0.0,4380.519
2026-05-19 15:08:40.423,40750,979.0,0.0,979.0,0.0,4449.44
2026-05-19 15:08:40.424,41000,979.0,0.0,979.0,0.0,4449.44
2026-05-19 15:08:40.534,41250,979.0,0.0,979.0,0.0,4262.566
2026-05-19 15:08:40.535,41500,979.0,0.0,979.0,0.0,4262.566
2026-05-19 15:08:40.646,41750,960.683,3.218750224387,959.168,53.941,4343.838
2026-05-19 15:08:40.647,42000,979.0,0.0,979.0,0.0,4343.838
2026-05-19 15:08:40.647,42250,935.346,-0.998868943928,935.171,-16.115,4295.415
2026-05-19 15:08:40.757,42500,979.0,0.0,979.0,0.0,4101.722
2026-05-19 15:08:40.757,42750,979.0,0.0,979.0,0.0,4101.722
2026-05-19 15:08:40.758,43000,979.0,0.0,979.0,0.0,4101.722
2026-05-19 15:08:40.867,43250,979.0,0.0,979.0,0.0,4198.29
2026-05-19 15:08:40.867,43500,979.0,0.0,979.0,0.0,4198.29
2026-05-19 15:08:40.868,43750,979.0,0.0,979.0,0.0,3960.624
2026-05-19 15:08:40.976,44000,979.0,0.0,979.0,0.0,3960.624
2026-05-19 15:08:40.977,44250,979.0,0.0,979.0,0.0,3960.624
2026-05-19 15:08:40.977,44500,979.0,0.0,979.0,0.0,3960.624
2026-05-19 15:08:41.089,44750,979.0,0.0,979.0,0.0,3861.35
2026-05-19 15:08:41.090,45000,979.0,0.0,979.0,0.0,3861.35
2026-05-19 15:08:41.090,45250,979.0,0.0,979.0,0.0,3861.35
2026-05-19 15:08:41.200,45500,979.0,0.0,979.0,0.0,3861.35
2026-05-19 15:08:41.201,45750,979.0,0.0,979.0,0.0,3861.35
2026-05-19 15:08:41.201,46000,979.0,0.0,979.0,0.0,3655.855
2026-05-19 15:08:41.313,46250,979.0,0.0,979.0,0.0,3823.201
2026-05-19 15:08:41.314,46500,979.0,0.0,979.0,0.0,3823.201
2026-05-19 15:08:41.314,46750,979.0,0.0,979.0,0.0,3823.201
2026-05-19 15:08:41.425,47000,979.0,0.0,979.0,0.0,3823.201
2026-05-19 15:08:41.426,47250,979.0,0.0,979.0,0.0,3625.638
2026-05-19 15:08:41.536,47500,979.0,0.0,979.0,0.0,3625.638
2026-05-19 15:08:41.536,47750,979.0,0.0,979.0,0.0,3625.638
2026-05-19 15:08:41.536,48000,979.0,0.0,979.0,0.0,3625.638
2026-05-19 15:08:41.648,48250,979.0,0.0,979.0,0.0,3625.638
2026-05-19 15:08:41.648,48500,979.0,0.0,979.0,0.0,3618.973
2026-05-19 15:08:41.649,48750,979.0,0.0,979.0,0.0,3618.973
2026-05-19 15:08:41.760,49000,979.0,0.0,979.0,0.0,3618.973
2026-05-19 15:08:41.760,49250,930.053,-3.100736592919,928.692,-50.308,3618.973
2026-05-19 15:08:41.761,49500,979.0,0.0,979.0,0.0,3438.037
2026-05-19 15:08:41.872,49750,979.0,0.0,979.0,0.0,3438.037
2026-05-19 15:08:41.872,50000,979.0,0.0,979.0,0.0,3438.037
2026-05-19 15:08:41.873,50250,979.0,0.0,979.0,0.0,3438.037
2026-05-19 15:08:41.873,50500,979.0,0.0,979.0,0.0,3438.037
2026-05-19 15:08:41.983,50750,979.0,0.0,979.0,0.0,3438.037
2026-05-19 15:08:41.984,51000,979.0,0.0,979.0,0.0,3448.719
2026-05-19 15:08:41.984,51250,979.0,0.0,979.0,0.0,3448.719
2026-05-19 15:08:42.098,51500,979.0,0.0,979.0,0.0,3448.719
2026-05-19 15:08:42.099,51750,979.0,0.0,979.0,0.0,3448.719
2026-05-19 15:08:42.099,52000,979.0,0.0,979.0,0.0,3448.719
2026-05-19 15:08:42.099,52250,979.0,0.0,979.0,0.0,3304.868
2026-05-19 15:08:42.210,52500,979.0,0.0,979.0,0.0,3304.868
2026-05-19 15:08:42.211,52750,979.0,0.0,979.0,0.0,3304.868
2026-05-19 15:08:42.211,53000,979.0,0.0,979.0,0.0,3304.868
2026-05-19 15:08:42.329,53250,979.0,0.0,979.0,0.0,3304.868
2026-05-19 15:08:42.329,53500,979.0,0.0,979.0,0.0,3304.868
2026-05-19 15:08:42.330,53750,979.0,0.0,979.0,0.0,3181.295
2026-05-19 15:08:42.330,54000,979.0,0.0,979.0,0.0,3181.295
2026-05-19 15:08:42.441,54250,979.0,0.0,979.0,0.0,3181.295
2026-05-19 15:08:42.441,54500,979.0,0.0,979.0,0.0,3181.295
2026-05-19 15:08:42.442,54750,979.0,0.0,979.0,0.0,3181.295
2026-05-19 15:08:42.552,55000,979.0,0.0,979.0,0.0,3181.295
2026-05-19 15:08:42.553,55250,979.0,0.0,979.0,0.0,3181.295
2026-05-19 15:08:42.553,55500,958.338,-2.521359499421,956.815,-41.529,3136.534
2026-05-19 15:08:42.665,55750,979.0,0.0,979.0,0.0,3069.393
2026-05-19 15:08:42.666,56000,979.0,0.0,979.0,0.0,3069.393
2026-05-19 15:08:42.666,56250,979.0,0.0,979.0,0.0,3069.393
2026-05-19 15:08:42.667,56500,979.0,0.0,979.0,0.0,3069.393
2026-05-19 15:08:42.776,56750,979.0,0.0,979.0,0.0,3069.393
2026-05-19 15:08:42.777,57000,979.0,0.0,979.0,0.0,3069.393
2026-05-19 15:08:42.777,57250,979.0,0.0,979.0,0.0,3069.393
2026-05-19 15:08:42.887,57500,979.0,0.0,979.0,0.0,3069.393
2026-05-19 15:08:42.888,57750,979.0,0.0,979.0,0.0,3069.393
2026-05-19 15:08:42.888,58000,937.022,6.321979856173,931.324,103.181,3206.9
2026-05-19 15:08:42.888,58250,906.252,1.463962538707,905.957,23.153,3206.9
2026-05-19 15:08:42.998,58500,906.252,1.463962538707,905.957,23.153,3206.9
2026-05-19 15:08:42.998,58750,987.32,1.747961911512,986.157,30.472,3180.215
2026-05-19 15:08:42.998,59000,999.799,4.369904778779,996.892,76.18,3140.187
2026-05-19 15:08:43.104,59250,970.853,-1.747961911512,969.739,-29.217,3166.872
2026-05-19 15:08:43.104,59500,958.634,-4.369904778779,955.847,-73.043,3206.9
2026-05-19 15:08:43.105,59750,1035.586,-5.833867317486,1030.223,-105.261,2968.602
2026-05-19 15:08:43.208,60000,979.0,0.0,979.0,0.0,2968.602
2026-05-19 15:08:43.208,60250,979.0,0.0,979.0,0.0,2968.602
2026-05-19 15:08:43.209,60500,979.0,0.0,979.0,0.0,2968.602
2026-05-19 15:08:43.209,60750,979.0,0.0,979.0,0.0,2968.602
2026-05-19 15:08:43.314,61000,979.0,0.0,979.0,0.0,2968.602
2026-05-19 15:08:43.315,61250,979.0,0.0,979.0,0.0,2968.602
2026-05-19 15:08:43.315,61500,979.0,0.0,979.0,0.0,2968.602
2026-05-19 15:08:43.315,61750,979.0,0.0,979.0,0.0,2968.602
2026-05-19 15:08:43.426,62000,979.0,0.0,979.0,0.0,2968.602
2026-05-19 15:08:43.426,62250,979.0,0.0,979.0,0.0,2968.602
2026-05-19 15:08:43.426,62500,979.0,0.0,979.0,0.0,2968.602
2026-05-19 15:08:43.427,62750,979.0,0.0,979.0,0.0,2968.602
2026-05-19 15:08:43.538,63000,979.0,0.0,979.0,0.0,2968.602
2026-05-19 15:08:43.539,63250,979.0,0.0,979.0,0.0,2736.319
2026-05-19 15:08:43.539,63500,979.0,0.0,979.0,0.0,2736.319
2026-05-19 15:08:43.539,63750,979.0,0.0,979.0,0.0,2736.319
2026-05-19 15:08:43.650,64000,979.0,0.0,979.0,0.0,2736.319
2026-05-19 15:08:43.651,64250,979.0,0.0,979.0,0.0,2736.319
2026-05-19 15:08:43.651,64500,979.0,0.0,979.0,0.0,2736.319
2026-05-19 15:08:43.651,64750,979.0,0.0,979.0,0.0,2736.319
2026-05-19 15:08:43.762,65000,979.0,0.0,979.0,0.0,2736.319
2026-05-19 15:08:43.763,65250,979.0,0.0,979.0,0.0,2736.319
2026-05-19 15:08:43.763,65500,979.0,0.0,979.0,0.0,2736.319
2026-05-19 15:08:43.763,65750,979.0,0.0,979.0,0.0,2736.319
2026-05-19 15:08:43.874,66000,2756.364,-4.852030027709,2582.113,-810.734,2243.361
2026-05-19 15:08:43.875,66250,2756.364,-4.852030027709,2582.113,-810.734,2243.361
2026-05-19 15:08:43.875,66500,2756.364,-4.852030027709,2582.113,-810.734,2243.361
2026-05-19 15:08:43.876,66750,2756.364,-4.852030027709,2582.113,-810.734,2243.361
2026-05-19 15:08:43.986,67000,2756.364,-4.852030027709,2582.113,-810.734,2243.361
2026-05-19 15:08:43.987,67250,2580.259,-4.423678235018,2448.01,-676.632,2047.988
2026-05-19 15:08:43.987,67500,2580.259,-4.423678235018,2448.01,-676.632,2047.988
2026-05-19 15:08:43.988,67750,2580.259,-4.423678235018,2448.01,-676.632,2047.988
2026-05-19 15:08:44.098,68000,2580.259,-4.423678235018,2448.01,-676.632,2047.988
2026-05-19 15:08:44.099,68250,2580.259,-4.423678235018,2448.01,-676.632,2047.988
2026-05-19 15:08:44.099,68500,2571.318,-5.53722836763,2438.187,-694.761,2071.838
2026-05-19 15:08:44.100,68750,2553.436,-7.764328632854,2418.541,-731.02,2119.537
2026-05-19 15:08:44.211,69000,2544.494,-8.877878765465,2408.719,-749.15,2143.386
2026-05-19 15:08:44.211,69250,2666.249,-3.310128102407,2588.231,-536.41,2143.386
2026-05-19 15:08:44.212,69500,2666.249,-3.310128102407,2588.231,-536.41,2143.386
2026-05-19 15:08:44.212,69750,2666.249,-3.310128102407,2588.231,-536.41,2143.386
2026-05-19 15:08:44.329,70000,2675.618,-2.196577969795,2596.632,-516.504,2119.537
2026-05-19 15:08:44.329,70250,2666.249,-3.310128102407,2588.231,-536.41,2143.386
2026-05-19 15:08:44.330,70500,2666.249,-3.310128102407,2588.231,-536.41,2143.386
2026-05-19 15:08:44.330,70750,2666.249,-3.310128102407,2588.231,-536.41,2143.386
2026-05-19 15:08:44.441,71000,2666.249,-3.310128102407,2588.231,-536.41,2143.386
2026-05-19 15:08:44.441,71250,2666.249,-3.310128102407,2588.231,-536.41,2143.386
2026-05-19 15:08:44.442,71500,2666.249,-3.310128102407,2588.231,-536.41,2143.386
2026-05-19 15:08:44.442,71750,2749.822,-6.004629849013,2670.307,-587.334,1941.96
2026-05-19 15:08:44.553,72000,2484.688,-2.636502665755,2439.852,-388.031,1941.96
2026-05-19 15:08:44.554,72250,2519.689,0.97753170295,2471.416,-322.719,1862.346
2026-05-19 15:08:44.554,72500,2531.356,2.182209825851,2481.937,-300.949,1835.808
2026-05-19 15:08:44.554,72750,2531.356,2.182209825851,2481.937,-300.949,1835.808
2026-05-19 15:08:44.667,73000,2389.005,-3.841180788657,2299.63,-528.252,1835.808
2026-05-19 15:08:44.667,73250,2389.005,-3.841180788657,2299.63,-528.252,1835.808
2026-05-19 15:08:44.668,73500,2389.005,-3.841180788657,2299.63,-528.252,1835.808
2026-05-19 15:08:44.668,73750,2389.005,-3.841180788657,2299.63,-528.252,1835.808
2026-05-19 15:08:44.778,74000,2389.005,-3.841180788657,2299.63,-528.252,1835.808
2026-05-19 15:08:44.778,74250,2389.005,-3.841180788657,2299.63,-528.252,1835.808
2026-05-19 15:08:44.779,74500,2389.005,-3.841180788657,2299.63,-528.252,1835.808
2026-05-19 15:08:44.779,74750,2389.005,-3.841180788657,2299.63,-528.252,1835.808
2026-05-19 15:08:44.890,75000,2389.005,-3.841180788657,2299.63,-528.252,1835.808
2026-05-19 15:08:44.891,75250,2389.005,-3.841180788657,2299.63,-528.252,1835.808
2026-05-19 15:08:44.891,75500,2389.005,-3.841180788657,2299.63,-528.252,1835.808
2026-05-19 15:08:44.891,75750,2389.005,-3.841180788657,2299.63,-528.252,1835.808
2026-05-19 15:08:45.002,76000,2389.005,-3.841180788657,2299.63,-528.252,1835.808
2026-05-19 15:08:45.003,76250,2389.005,-3.841180788657,2299.63,-528.252,1835.808
2026-05-19 15:08:45.003,76500,2389.005,-3.841180788657,2299.63,-528.252,1835.808
2026-05-19 15:08:45.003,76750,2389.005,-3.841180788657,2299.63,-528.252,1835.808
2026-05-19 15:08:45.004,77000,2389.005,-3.841180788657,2299.63,-528.252,1835.808
2026-05-19 15:08:45.115,77250,2389.005,-3.841180788657,2299.63,-528.252,1835.808
2026-05-19 15:08:45.115,77500,2162.472,-1.252839999311,2106.056,-366.461,1789.806
2026-05-19 15:08:45.116,77750,2223.144,-3.19409559132,2167.567,-396.189,1651.799
2026-05-19 15:08:45.116,78000,2223.144,-3.19409559132,2167.567,-396.189,1651.799
2026-05-19 15:08:45.117,78250,2223.144,-3.19409559132,2167.567,-396.189,1651.799
2026-05-19 15:08:45.228,78500,2223.144,-3.19409559132,2167.567,-396.189,1651.799
2026-05-19 15:08:45.228,78750,2223.144,-3.19409559132,2167.567,-396.189,1651.799
2026-05-19 15:08:45.229,79000,2223.144,-3.19409559132,2167.567,-396.189,1651.799
2026-05-19 15:08:45.229,79250,2223.144,-3.19409559132,2167.567,-396.189,1651.799
2026-05-19 15:08:45.229,79500,2223.144,-3.19409559132,2167.567,-396.189,1651.799
2026-05-19 15:08:45.346,79750,2223.144,-3.19409559132,2167.567,-396.189,1651.799
2026-05-19 15:08:45.346,80000,2223.144,-3.19409559132,2167.567,-396.189,1651.799
2026-05-19 15:08:45.347,80250,2223.144,-3.19409559132,2167.567,-396.189,1651.799
2026-05-19 15:08:45.348,80500,2223.144,-3.19409559132,2167.567,-396.189,1651.799
2026-05-19 15:08:45.348,80750,2223.144,-3.19409559132,2167.567,-396.189,1651.799
2026-05-19 15:08:45.458,81000,2223.144,-3.19409559132,2167.567,-396.189,1651.799
2026-05-19 15:08:45.458,81250,2223.144,-3.19409559132,2167.567,-396.189,1651.799
2026-05-19 15:08:45.459,81500,2223.144,-3.19409559132,2167.567,-396.189,1651.799
2026-05-19 15:08:45.459,81750,2112.48,-8.534735354053,2003.754,-588.731,1629.999
2026-05-19 15:08:45.459,82000,2144.544,-4.529255532003,2039.583,-524.173,1564.599
2026-05-19 15:08:45.570,82250,2144.544,-4.529255532003,2039.583,-524.173,1564.599
2026-05-19 15:08:45.570,82500,2144.544,-4.529255532003,2039.583,-524.173,1564.599
2026-05-19 15:08:45.571,82750,2144.544,-4.529255532003,2039.583,-524.173,1564.599
2026-05-19 15:08:45.571,83000,2144.544,-4.529255532003,2039.583,-524.173,1564.599
2026-05-19 15:08:45.572,83250,1934.898,-2.585228143389,1866.254,-378.743,1474.286
2026-05-19 15:08:45.683,83500,1981.732,-3.881246402465,1913.639,-398.229,1383.973
2026-05-19 15:08:45.683,83750,1981.732,-3.881246402465,1913.639,-398.229,1383.973
2026-05-19 15:08:45.684,84000,1981.732,-3.881246402465,1913.639,-398.229,1383.973
2026-05-19 15:08:45.684,84250,1981.732,-3.881246402465,1913.639,-398.229,1383.973
2026-05-19 15:08:45.684,84500,1981.732,-3.881246402465,1913.639,-398.229,1383.973
2026-05-19 15:08:45.794,84750,1981.732,-3.881246402465,1913.639,-398.229,1383.973
2026-05-19 15:08:45.795,85000,1981.732,-3.881246402465,1913.639,-398.229,1383.973
2026-05-19 15:08:45.795,85250,1981.732,-3.881246402465,1913.639,-398.229,1383.973
2026-05-19 15:08:45.796,85500,1981.732,-3.881246402465,1913.639,-398.229,1383.973
2026-05-19 15:08:45.906,85750,1981.732,-3.881246402465,1913.639,-398.229,1383.973
2026-05-19 15:08:45.906,86000,1981.732,-3.881246402465,1913.639,-398.229,1383.973
2026-05-19 15:08:45.906,86250,1981.732,-3.881246402465,1913.639,-398.229,1383.973
2026-05-19 15:08:45.907,86500,1981.732,-3.881246402465,1913.639,-398.229,1383.973
2026-05-19 15:08:45.907,86750,1981.732,-3.881246402465,1913.639,-398.229,1383.973
2026-05-19 15:08:46.017,87000,1981.732,-3.881246402465,1913.639,-398.229,1383.973
2026-05-19 15:08:46.017,87250,1981.732,-3.881246402465,1913.639,-398.229,1383.973
2026-05-19 15:08:46.018,87500,1981.732,-3.881246402465,1913.639,-398.229,1383.973
2026-05-19 15:08:46.018,87750,1981.732,-3.881246402465,1913.639,-398.229,1383.973
2026-05-19 15:08:46.018,88000,1981.732,-3.881246402465,1913.639,-398.229,1383.973
2026-05-19 15:08:46.129,88250,1981.732,-3.881246402465,1913.639,-398.229,1383.973
2026-05-19 15:08:46.130,88500,1981.732,-3.881246402465,1913.639,-398.229,1383.973
2026-05-19 15:08:46.130,88750,1981.732,-3.881246402465,1913.639,-398.229,1383.973
2026-05-19 15:08:46.131,89000,1981.732,-3.881246402465,1913.639,-398.229,1383.973
2026-05-19 15:08:46.131,89250,1818.944,-3.001545827437,1783.616,-268.205,1203.374
2026-05-19 15:08:46.244,89500,1818.944,-3.001545827437,1783.616,-268.205,1203.374
2026-05-19 15:08:46.245,89750,1818.944,-3.001545827437,1783.616,-268.205,1203.374
2026-05-19 15:08:46.245,90000,1818.944,-3.001545827437,1783.616,-268.205,1203.374
2026-05-19 15:08:46.246,90250,1677.442,-12.903539395127,1577.826,-526.512,1203.374
2026-05-19 15:08:46.246,90500,1738.37,-4.981944540975,1649.513,-402.308,1113.985
2026-05-19 15:08:46.362,90750,1738.37,-4.981944540975,1649.513,-402.308,1113.985
2026-05-19 15:08:46.362,91000,1738.37,-4.981944540975,1649.513,-402.308,1113.985
2026-05-19 15:08:46.363,91250,1738.37,-4.981944540975,1649.513,-402.308,1113.985
2026-05-19 15:08:46.363,91500,1738.37,-4.981944540975,1649.513,-402.308,1113.985
2026-05-19 15:08:46.364,91750,1738.37,-4.981944540975,1649.513,-402.308,1113.985
2026-05-19 15:08:46.474,92000,1738.37,-4.981944540975,1649.513,-402.308,1113.985
2026-05-19 15:08:46.474,92250,1738.37,-4.981944540975,1649.513,-402.308,1113.985
2026-05-19 15:08:46.475,92500,1738.37,-4.981944540975,1649.513,-402.308,1113.985
2026-05-19 15:08:46.475,92750,1738.37,-4.981944540975,1649.513,-402.308,1113.985
2026-05-19 15:08:46.476,93000,1738.37,-4.981944540975,1649.513,-402.308,1113.985
2026-05-19 15:08:46.585,93250,1738.37,-4.981944540975,1649.513,-402.308,1113.985
2026-05-19 15:08:46.586,93500,1738.37,-4.981944540975,1649.513,-402.308,1113.985
2026-05-19 15:08:46.586,93750,1738.37,-4.981944540975,1649.513,-402.308,1113.985
2026-05-19 15:08:46.587,94000,1738.37,-4.981944540975,1649.513,-402.308,1113.985
2026-05-19 15:08:46.587,94250,1738.37,-4.981944540975,1649.513,-402.308,1113.985
2026-05-19 15:08:46.697,94500,1738.37,-4.981944540975,1649.513,-402.308,1113.985
2026-05-19 15:08:46.698,94750,1738.37,-4.981944540975,1649.513,-402.308,1113.985
2026-05-19 15:08:46.698,95000,1738.37,-4.981944540975,1649.513,-402.308,1113.985
2026-05-19 15:08:46.699,95250,1831.319,-7.006911967511,1740.571,-445.065,1012.348
2026-05-19 15:08:46.699,95500,1555.145,-3.969460827707,1509.292,-262.086,910.712
2026-05-19 15:08:46.808,95750,1555.145,-3.969460827707,1509.292,-262.086,910.712
2026-05-19 15:08:46.808,96000,1555.145,-3.969460827707,1509.292,-262.086,910.712
2026-05-19 15:08:46.809,96250,1555.145,-3.969460827707,1509.292,-262.086,910.712
2026-05-19 15:08:46.809,96500,1555.145,-3.969460827707,1509.292,-262.086,910.712
2026-05-19 15:08:46.920,96750,1555.145,-3.969460827707,1509.292,-262.086,910.712
2026-05-19 15:08:46.920,97000,1555.145,-3.969460827707,1509.292,-262.086,910.712
2026-05-19 15:08:46.920,97250,1555.145,-3.969460827707,1509.292,-262.086,910.712
2026-05-19 15:08:46.921,97500,1555.145,-3.969460827707,1509.292,-262.086,910.712
2026-05-19 15:08:46.921,97750,1555.145,-3.969460827707,1509.292,-262.086,910.712
2026-05-19 15:08:47.031,98000,1555.145,-3.969460827707,1509.292,-262.086,910.712
2026-05-19 15:08:47.032,98250,1555.145,-3.969460827707,1509.292,-262.086,910.712
2026-05-19 15:08:47.032,98500,1555.145,-3.969460827707,1509.292,-262.086,910.712
2026-05-19 15:08:47.033,98750,1555.145,-3.969460827707,1509.292,-262.086,910.712
2026-05-19 15:08:47.033,99000,1555.145,-3.969460827707,1509.292,-262.086,910.712
2026-05-19 15:08:47.143,99250,1555.145,-3.969460827707,1509.292,-262.086,910.712
2026-05-19 15:08:47.144,99500,1555.145,-3.969460827707,1509.292,-262.086,910.712
2026-05-19 15:08:47.144,99750,1555.145,-3.969460827707,1509.292,-262.086,910.712
2026-05-19 15:08:47.144,100000,1555.145,-3.969460827707,1509.292,-262.086,910.712
2026-05-19 15:08:47.700,10000,7256.829,5.76198128343,6455.545,3119.675,7485.225
2026-05-19 15:08:47.810,10250,7479.576,24.137084093932,-2634.122,5758.764,7483.357
2026-05-19 15:08:48.034,10500,7256.829,5.76198128343,6455.545,3119.675,7485.225
2026-05-19 15:08:48.146,10750,7253.962,6.386376741888,6452.533,3130.265,7512.624
2026-05-19 15:08:48.259,11000,7304.579,5.449783554201,6580.875,2985.86,7540.023
2026-05-19 15:08:48.474,11250,7125.897,5.271465193975,6443.88,2860.954,7390.716
2026-05-19 15:08:48.586,11500,7129.559,5.656606007619,6447.484,2867.454,7355.441
2026-05-19 15:08:48.699,11750,7181.629,5.064642740556,6566.799,2736.762,7398.926
2026-05-19 15:08:48.811,12000,7181.629,5.064642740556,6566.799,2736.762,7398.926
2026-05-19 15:08:48.924,12250,7401.788,23.439745551058,-2242.012,5886.747,7397.058
2026-05-19 15:08:49.035,12500,7459.346,23.143918343423,-2114.028,6014.731,7460.913
2026-05-19 15:08:49.147,12750,7060.23,4.354614480182,6545.944,2486.173,7416.226
2026-05-19 15:08:49.259,13000,7291.489,23.040368080238,-1988.084,5888.787,7274.691
2026-05-19 15:08:49.361,13250,7356.605,22.17755705112,-1860.608,6002.772,7308.761
2026-05-19 15:08:49.584,13500,7352.909,22.752764403866,-1864.179,6012.692,7342.831
2026-05-19 15:08:49.696,13750,7352.909,22.752764403866,-1864.179,6012.692,7342.831
2026-05-19 15:08:49.697,14000,7247.507,22.2053208919,-1609.135,6010.597,7278.37
2026-05-19 15:08:49.811,14250,7252.498,22.331099050591,-1604.132,6012.692,7231.434
2026-05-19 15:08:49.925,14500,916.681,1.543413111484,915.472,17.924,9809.12
2026-05-19 15:08:50.037,14750,922.127,1.123944414647,920.454,9.69,9868.58
2026-05-19 15:08:50.148,15000,903.251,1.315744301407,901.863,13.341,9911.551
2026-05-19 15:08:50.262,15250,916.067,1.959436873324,914.129,22.609,9785.198
2026-05-19 15:08:50.379,15500,914.542,2.144524237901,912.249,24.437,9815.779
2026-05-19 15:08:50.490,15750,918.361,1.983155971341,916.342,23.275,9864.34
2026-05-19 15:08:50.601,16000,913.472,2.01579246536,911.462,22.798,9716.909
2026-05-19 15:08:50.713,16250,916.381,2.36271749791,913.56,27.266,9658.95
2026-05-19 15:08:50.713,16500,914.368,2.584918654835,911.51,31.023,9677.296
2026-05-19 15:08:50.827,16750,916.043,2.317860136141,913.335,26.688,9765.973
2026-05-19 15:08:50.938,17000,912.993,2.478855709514,909.968,27.858,9589.764
2026-05-19 15:08:51.050,17250,902.509,0.869141820726,898.939,0.857,9573.423
2026-05-19 15:08:51.162,17500,987.321,-0.122684776461,987.309,-2.185,8764.432
2026-05-19 15:08:51.163,17750,979.0,0.0,979.0,0.0,8611.81
2026-05-19 15:08:51.269,18000,979.0,0.0,979.0,0.0,8611.81
2026-05-19 15:08:51.384,18250,998.521,1.555063789786,998.076,26.989,8444.046
2026-05-19 15:08:51.495,18500,982.388,-0.297188514811,982.321,-5.165,8502.084
2026-05-19 15:08:51.607,18750,979.0,0.0,979.0,0.0,8531.103
2026-05-19 15:08:51.608,19000,984.011,0.200677693461,983.98,3.517,8488.527
2026-05-19 15:08:51.717,19250,979.0,0.0,979.0,0.0,8318.223
2026-05-19 15:08:51.832,19500,977.801,-0.498542141858,977.707,-8.515,8267.581
2026-05-19 15:08:51.832,19750,974.152,-0.217733426676,974.117,-3.628,8297.795
2026-05-19 15:08:51.943,20000,979.0,0.0,979.0,0.0,8255.872
2026-05-19 15:08:52.054,20250,979.0,0.0,979.0,0.0,8255.872
2026-05-19 15:08:52.164,20500,979.0,0.0,979.0,0.0,8055.627
2026-05-19 15:08:52.164,20750,982.755,-0.264302286714,982.702,-4.602,8179.218
2026-05-19 15:08:52.279,21000,971.026,-0.86925945965,970.883,-14.734,8112.088
2026-05-19 15:08:52.391,21250,979.0,0.0,979.0,0.0,8043.919
2026-05-19 15:08:52.392,21500,979.0,0.0,979.0,0.0,8043.919
2026-05-19 15:08:52.502,21750,974.441,-0.240865512311,974.399,-4.019,7894.082
2026-05-19 15:08:52.612,22000,1000.678,-1.344840918854,1000.403,-23.486,7856.622
2026-05-19 15:08:52.613,22250,988.358,-0.004081814771,988.358,-0.073,7957.332
2026-05-19 15:08:52.723,22500,979.0,0.0,979.0,0.0,7842.522
2026-05-19 15:08:52.834,22750,979.0,0.0,979.0,0.0,7842.522
2026-05-19 15:08:52.835,23000,974.415,-0.278348748324,974.358,-4.644,7695.594
2026-05-19 15:08:52.946,23250,979.0,0.0,979.0,0.0,7658.862
2026-05-19 15:08:52.946,23500,983.181,0.260113287823,983.129,4.539,7626.841
2026-05-19 15:08:53.057,23750,979.0,0.0,979.0,0.0,7498.755
2026-05-19 15:08:53.170,24000,983.818,-0.247910983608,983.771,-4.34,7646.363
2026-05-19 15:08:53.170,24250,984.043,-0.246066194122,983.997,-4.312,7477.958
2026-05-19 15:08:53.281,24500,984.043,-0.246066194122,983.997,-4.312,7477.958
2026-05-19 15:08:53.282,24750,983.119,0.296468940262,983.052,5.172,7484.732
2026-05-19 15:08:53.393,25000,979.0,0.0,979.0,0.0,7360.845
2026-05-19 15:08:53.394,25250,979.0,0.0,979.0,0.0,7360.845
2026-05-19 15:08:53.505,25500,979.0,0.0,979.0,0.0,7206.363
2026-05-19 15:08:53.616,25750,979.0,0.0,979.0,0.0,7206.363
2026-05-19 15:08:53.617,26000,982.542,0.285084078716,982.48,4.959,7180.757
2026-05-19 15:08:53.728,26250,979.0,0.0,979.0,0.0,7078.333
2026-05-19 15:08:53.729,26500,986.967,0.678865192067,986.792,11.834,7021.877
2026-05-19 15:08:53.842,26750,979.0,0.0,979.0,0.0,6937.194
2026-05-19 15:08:53.842,27000,979.0,0.0,979.0,0.0,6937.194
2026-05-19 15:08:53.954,27250,990.456,1.04240520693,990.181,18.156,6857.571
2026-05-19 15:08:53.955,27500,979.0,0.0,979.0,0.0,6804.488
2026-05-19 15:08:54.067,27750,979.0,0.0,979.0,0.0,6804.488
2026-05-19 15:08:54.067,28000,979.0,0.0,979.0,0.0,6670.342
2026-05-19 15:08:54.178,28250,979.0,0.0,979.0,0.0,6670.342
2026-05-19 15:08:54.179,28500,969.026,-1.070364358741,968.746,-17.976,6625.038
2026-05-19 15:08:54.281,28750,979.0,0.0,979.0,0.0,6557.083
2026-05-19 15:08:54.397,29000,979.0,0.0,979.0,0.0,6557.083
2026-05-19 15:08:54.398,29250,979.0,0.0,979.0,0.0,6439.888
2026-05-19 15:08:54.509,29500,979.0,0.0,979.0,0.0,6439.888
2026-05-19 15:08:54.509,29750,979.0,0.0,979.0,0.0,6329.513
2026-05-19 15:08:54.622,30000,979.0,0.0,979.0,0.0,6329.513
2026-05-19 15:08:54.623,30250,979.0,0.0,979.0,0.0,6329.513
2026-05-19 15:08:54.623,30500,979.0,0.0,979.0,0.0,6231.235
2026-05-19 15:08:54.732,30750,979.0,0.0,979.0,0.0,6231.235
2026-05-19 15:08:54.733,31000,982.145,0.491837955418,981.961,8.536,6211.536
2026-05-19 15:08:54.849,31250,979.0,0.0,979.0,0.0,6132.743
2026-05-19 15:08:54.850,31500,986.726,-0.157237744218,986.707,-2.793,6086.183
2026-05-19 15:08:54.961,31750,986.938,-0.141298928077,986.922,-2.512,6007.942
2026-05-19 15:08:54.962,32000,979.0,0.0,979.0,0.0,5819.217
2026-05-19 15:08:55.073,32250,979.0,0.0,979.0,0.0,5819.217
2026-05-19 15:08:55.073,32500,979.0,0.0,979.0,0.0,5745.191
2026-05-19 15:08:55.184,32750,979.0,0.0,979.0,0.0,5745.191
2026-05-19 15:08:55.184,33000,979.0,0.0,979.0,0.0,5745.191
2026-05-19 15:08:55.297,33250,979.0,0.0,979.0,0.0,5682.385
2026-05-19 15:08:55.297,33500,979.0,0.0,979.0,0.0,5682.385
2026-05-19 15:08:55.298,33750,978.936,-2.769895020537,977.781,-47.379,5632.656
2026-05-19 15:08:55.410,34000,988.137,-0.093194757752,988.131,-1.667,5580.277
2026-05-19 15:08:55.411,34250,979.0,0.0,979.0,0.0,5379.444
2026-05-19 15:08:55.522,34500,974.586,-1.641193066517,973.921,-27.821,5363.274
2026-05-19 15:08:55.522,34750,979.0,0.0,979.0,0.0,5339.018
2026-05-19 15:08:55.633,35000,979.0,0.0,979.0,0.0,5339.018
2026-05-19 15:08:55.633,35250,979.998,0.528332756735,979.788,9.07,5333.605
2026-05-19 15:08:55.634,35500,988.348,-0.047562343283,988.346,-0.851,5263.546
2026-05-19 15:08:55.744,35750,979.0,0.0,979.0,0.0,5069.911
2026-05-19 15:08:55.745,36000,979.0,0.0,979.0,0.0,5069.911
2026-05-19 15:08:55.860,36250,979.0,0.0,979.0,0.0,5053.16
2026-05-19 15:08:55.860,36500,979.0,0.0,979.0,0.0,5053.16
2026-05-19 15:08:55.971,36750,978.941,-2.701684899244,977.128,-46.111,5052.956
2026-05-19 15:08:55.972,37000,989.227,0.022761507249,989.227,0.409,5002.487
2026-05-19 15:08:55.972,37250,979.0,0.0,979.0,0.0,4801.84
2026-05-19 15:08:56.083,37500,979.0,0.0,979.0,0.0,4801.84
2026-05-19 15:08:56.084,37750,979.0,0.0,979.0,0.0,4819.526
2026-05-19 15:08:56.084,38000,979.0,0.0,979.0,0.0,4819.526
2026-05-19 15:08:56.194,38250,979.0,0.0,979.0,0.0,4819.526
2026-05-19 15:08:56.195,38500,990.245,0.062425982659,990.242,1.128,4767.174
2026-05-19 15:08:56.297,38750,979.0,0.0,979.0,0.0,4591.487
2026-05-19 15:08:56.297,39000,979.0,0.0,979.0,0.0,4591.487
2026-05-19 15:08:56.298,39250,979.0,0.0,979.0,0.0,4591.487
2026-05-19 15:08:56.411,39500,979.0,0.0,979.0,0.0,4591.487
2026-05-19 15:08:56.411,39750,990.481,0.143762757918,990.464,2.6,4585.999
2026-05-19 15:08:56.523,40000,979.0,0.0,979.0,0.0,4380.519
2026-05-19 15:08:56.523,40250,979.0,0.0,979.0,0.0,4380.519
2026-05-19 15:08:56.524,40500,979.0,0.0,979.0,0.0,4380.519
2026-05-19 15:08:56.634,40750,982.081,-0.691112802898,981.719,-11.987,4435.656
2026-05-19 15:08:56.635,41000,987.584,0.146569294197,987.567,2.614,4412.065
2026-05-19 15:08:56.746,41250,979.0,0.0,979.0,0.0,4262.566
2026-05-19 15:08:56.746,41500,979.0,0.0,979.0,0.0,4262.566
2026-05-19 15:08:56.747,41750,960.683,3.218750224387,959.168,53.941,4343.838
2026-05-19 15:08:56.859,42000,979.0,0.0,979.0,0.0,4343.838
2026-05-19 15:08:56.860,42250,946.26,-0.749151707946,946.128,-12.086,4246.992
2026-05-19 15:08:56.860,42500,979.0,0.0,979.0,0.0,4101.722
2026-05-19 15:08:56.972,42750,979.0,0.0,979.0,0.0,4101.722
2026-05-19 15:08:56.972,43000,979.0,0.0,979.0,0.0,4101.722
2026-05-19 15:08:56.973,43250,979.0,0.0,979.0,0.0,4198.29
2026-05-19 15:08:57.084,43500,990.749,0.316498599001,990.67,5.732,4150.757
2026-05-19 15:08:57.084,43750,979.0,0.0,979.0,0.0,3960.624
2026-05-19 15:08:57.084,44000,979.0,0.0,979.0,0.0,3960.624
2026-05-19 15:08:57.195,44250,979.0,0.0,979.0,0.0,3960.624
2026-05-19 15:08:57.196,44500,979.0,0.0,979.0,0.0,3960.624
2026-05-19 15:08:57.196,44750,979.0,0.0,979.0,0.0,3861.35
2026-05-19 15:08:57.313,45000,979.0,0.0,979.0,0.0,3861.35
2026-05-19 15:08:57.314,45250,979.0,0.0,979.0,0.0,3861.35
2026-05-19 15:08:57.314,45500,979.0,0.0,979.0,0.0,3861.35
2026-05-19 15:08:57.427,45750,979.0,0.0,979.0,0.0,3861.35
2026-05-19 15:08:57.427,46000,979.0,0.0,979.0,0.0,3655.855
2026-05-19 15:08:57.428,46250,979.0,0.0,979.0,0.0,3823.201
2026-05-19 15:08:57.538,46500,979.0,0.0,979.0,0.0,3823.201
2026-05-19 15:08:57.539,46750,979.0,0.0,979.0,0.0,3823.201
2026-05-19 15:08:57.539,47000,979.0,0.0,979.0,0.0,3823.201
2026-05-19 15:08:57.649,47250,979.0,0.0,979.0,0.0,3625.638
2026-05-19 15:08:57.650,47500,979.0,0.0,979.0,0.0,3625.638
2026-05-19 15:08:57.650,47750,979.0,0.0,979.0,0.0,3625.638
2026-05-19 15:08:57.761,48000,979.0,0.0,979.0,0.0,3625.638
2026-05-19 15:08:57.762,48250,979.0,0.0,979.0,0.0,3625.638
2026-05-19 15:08:57.876,48500,979.0,0.0,979.0,0.0,3618.973
2026-05-19 15:08:57.876,48750,979.0,0.0,979.0,0.0,3618.973
2026-05-19 15:08:57.876,49000,979.0,0.0,979.0,0.0,3618.973
2026-05-19 15:08:57.988,49250,930.053,-3.100736592919,928.692,-50.308,3618.973
2026-05-19 15:08:57.988,49500,979.0,0.0,979.0,0.0,3438.037
2026-05-19 15:08:57.989,49750,979.0,0.0,979.0,0.0,3438.037
2026-05-19 15:08:57.989,50000,979.0,0.0,979.0,0.0,3438.037
2026-05-19 15:08:58.099,50250,979.0,0.0,979.0,0.0,3438.037
2026-05-19 15:08:58.100,50500,979.0,0.0,979.0,0.0,3438.037
2026-05-19 15:08:58.100,50750,990.27,0.764047604335,989.81,13.796,3400.614
2026-05-19 15:08:58.211,51000,990.913,-0.506338221994,990.71,-9.175,3409.16
2026-05-19 15:08:58.211,51250,979.0,0.0,979.0,0.0,3448.719
2026-05-19 15:08:58.212,51500,979.0,0.0,979.0,0.0,3448.719
2026-05-19 15:08:58.212,51750,979.0,0.0,979.0,0.0,3448.719
2026-05-19 15:08:58.328,52000,979.0,0.0,979.0,0.0,3448.719
2026-05-19 15:08:58.329,52250,979.0,0.0,979.0,0.0,3304.868
2026-05-19 15:08:58.329,52500,979.0,0.0,979.0,0.0,3304.868
2026-05-19 15:08:58.442,52750,979.0,0.0,979.0,0.0,3304.868
2026-05-19 15:08:58.443,53000,979.0,0.0,979.0,0.0,3304.868
2026-05-19 15:08:58.443,53250,979.0,0.0,979.0,0.0,3304.868
2026-05-19 15:08:58.444,53500,979.0,0.0,979.0,0.0,3304.868
2026-05-19 15:08:58.554,53750,979.0,0.0,979.0,0.0,3181.295
2026-05-19 15:08:58.555,54000,979.0,0.0,979.0,0.0,3181.295
2026-05-19 15:08:58.555,54250,979.0,0.0,979.0,0.0,3181.295
2026-05-19 15:08:58.666,54500,979.0,0.0,979.0,0.0,3181.295
2026-05-19 15:08:58.666,54750,979.0,0.0,979.0,0.0,3181.295
2026-05-19 15:08:58.667,55000,979.0,0.0,979.0,0.0,3181.295
2026-05-19 15:08:58.777,55250,979.0,0.0,979.0,0.0,3181.295
2026-05-19 15:08:58.778,55500,965.225,-1.680906332948,964.21,-27.686,3114.154
2026-05-19 15:08:58.778,55750,979.0,0.0,979.0,0.0,3069.393
2026-05-19 15:08:58.779,56000,979.0,0.0,979.0,0.0,3069.393
2026-05-19 15:08:58.890,56250,979.0,0.0,979.0,0.0,3069.393
2026-05-19 15:08:58.890,56500,979.0,0.0,979.0,0.0,3069.393
2026-05-19 15:08:58.891,56750,979.0,0.0,979.0,0.0,3069.393
2026-05-19 15:08:59.003,57000,979.0,0.0,979.0,0.0,3069.393
2026-05-19 15:08:59.003,57250,979.0,0.0,979.0,0.0,3069.393
2026-05-19 15:08:59.004,57500,979.0,0.0,979.0,0.0,3069.393
2026-05-19 15:08:59.004,57750,979.0,0.0,979.0,0.0,3069.393
2026-05-19 15:08:59.114,58000,937.022,6.321979856173,931.324,103.181,3206.9
2026-05-19 15:08:59.115,58250,906.252,1.463962538707,905.957,23.153,3206.9
2026-05-19 15:08:59.115,58500,906.252,1.463962538707,905.957,23.153,3206.9
2026-05-19 15:08:59.226,58750,991.479,2.621942867267,989.735,45.708,3166.872
2026-05-19 15:08:59.226,59000,999.799,4.369904778779,996.892,76.18,3140.187
2026-05-19 15:08:59.227,59250,974.927,-0.873980955756,974.369,-14.609,3153.529
2026-05-19 15:08:59.329,59500,958.634,-4.369904778779,955.847,-73.043,3206.9
2026-05-19 15:08:59.330,59750,1035.586,-5.833867317486,1030.223,-105.261,2968.602
2026-05-19 15:08:59.330,60000,979.0,0.0,979.0,0.0,2968.602
2026-05-19 15:08:59.330,60250,979.0,0.0,979.0,0.0,2968.602
2026-05-19 15:08:59.443,60500,979.0,0.0,979.0,0.0,2968.602
2026-05-19 15:08:59.444,60750,979.0,0.0,979.0,0.0,2968.602
2026-05-19 15:08:59.444,61000,979.0,0.0,979.0,0.0,2968.602
2026-05-19 15:08:59.445,61250,979.0,0.0,979.0,0.0,2968.602
2026-05-19 15:08:59.555,61500,979.0,0.0,979.0,0.0,2968.602
2026-05-19 15:08:59.555,61750,979.0,0.0,979.0,0.0,2968.602
2026-05-19 15:08:59.556,62000,979.0,0.0,979.0,0.0,2968.602
2026-05-19 15:08:59.556,62250,979.0,0.0,979.0,0.0,2968.602
2026-05-19 15:08:59.666,62500,979.0,0.0,979.0,0.0,2968.602
2026-05-19 15:08:59.667,62750,979.0,0.0,979.0,0.0,2968.602
2026-05-19 15:08:59.667,63000,979.0,0.0,979.0,0.0,2968.602
2026-05-19 15:08:59.667,63250,979.0,0.0,979.0,0.0,2736.319
2026-05-19 15:08:59.777,63500,979.0,0.0,979.0,0.0,2736.319
2026-05-19 15:08:59.778,63750,979.0,0.0,979.0,0.0,2736.319
2026-05-19 15:08:59.778,64000,979.0,0.0,979.0,0.0,2736.319
2026-05-19 15:08:59.778,64250,979.0,0.0,979.0,0.0,2736.319
2026-05-19 15:08:59.889,64500,979.0,0.0,979.0,0.0,2736.319
2026-05-19 15:08:59.890,64750,979.0,0.0,979.0,0.0,2736.319
2026-05-19 15:08:59.890,65000,979.0,0.0,979.0,0.0,2736.319
2026-05-19 15:08:59.891,65250,979.0,0.0,979.0,0.0,2736.319
2026-05-19 15:08:59.996,65500,979.0,0.0,979.0,0.0,2736.319
2026-05-19 15:08:59.997,65750,979.0,0.0,979.0,0.0,2736.319
2026-05-19 15:08:59.998,66000,2756.364,-4.852030027709,2582.113,-810.734,2243.361
2026-05-19 15:08:59.998,66250,2756.364,-4.852030027709,2582.113,-810.734,2243.361
2026-05-19 15:09:00.107,66500,2756.364,-4.852030027709,2582.113,-810.734,2243.361
2026-05-19 15:09:00.108,66750,2756.364,-4.852030027709,2582.113,-810.734,2243.361
2026-05-19 15:09:00.108,67000,2756.364,-4.852030027709,2582.113,-810.734,2243.361
2026-05-19 15:09:00.220,67250,2580.259,-4.423678235018,2448.01,-676.632,2047.988
2026-05-19 15:09:00.220,67500,2580.259,-4.423678235018,2448.01,-676.632,2047.988
2026-05-19 15:09:00.221,67750,2580.259,-4.423678235018,2448.01,-676.632,2047.988
2026-05-19 15:09:00.221,68000,2580.259,-4.423678235018,2448.01,-676.632,2047.988
2026-05-19 15:09:00.221,68250,2580.259,-4.423678235018,2448.01,-676.632,2047.988
2026-05-19 15:09:00.328,68500,2571.318,-5.53722836763,2438.187,-694.761,2071.838
2026-05-19 15:09:00.329,68750,2553.436,-7.764328632854,2418.541,-731.02,2119.537
2026-05-19 15:09:00.329,69000,2544.494,-8.877878765465,2408.719,-749.15,2143.386
2026-05-19 15:09:00.443,69250,2666.249,-3.310128102407,2588.231,-536.41,2143.386
2026-05-19 15:09:00.444,69500,2666.249,-3.310128102407,2588.231,-536.41,2143.386
2026-05-19 15:09:00.444,69750,2666.249,-3.310128102407,2588.231,-536.41,2143.386
2026-05-19 15:09:00.445,70000,2666.249,-3.310128102407,2588.231,-536.41,2143.386
2026-05-19 15:09:00.445,70250,2666.249,-3.310128102407,2588.231,-536.41,2143.386
2026-05-19 15:09:00.556,70500,2666.249,-3.310128102407,2588.231,-536.41,2143.386
2026-05-19 15:09:00.556,70750,2666.249,-3.310128102407,2588.231,-536.41,2143.386
2026-05-19 15:09:00.557,71000,2666.249,-3.310128102407,2588.231,-536.41,2143.386
2026-05-19 15:09:00.557,71250,2666.249,-3.310128102407,2588.231,-536.41,2143.386
2026-05-19 15:09:00.668,71500,2666.249,-3.310128102407,2588.231,-536.41,2143.386
2026-05-19 15:09:00.668,71750,2749.822,-6.004629849013,2670.307,-587.334,1941.96
2026-05-19 15:09:00.668,72000,2484.688,-2.636502665755,2439.852,-388.031,1941.96
2026-05-19 15:09:00.669,72250,2519.689,0.97753170295,2471.416,-322.719,1862.346
2026-05-19 15:09:00.779,72500,2531.356,2.182209825851,2481.937,-300.949,1835.808
2026-05-19 15:09:00.780,72750,2531.356,2.182209825851,2481.937,-300.949,1835.808
2026-05-19 15:09:00.780,73000,2389.005,-3.841180788657,2299.63,-528.252,1835.808
2026-05-19 15:09:00.891,73250,2389.005,-3.841180788657,2299.63,-528.252,1835.808
2026-05-19 15:09:00.892,73500,2389.005,-3.841180788657,2299.63,-528.252,1835.808
2026-05-19 15:09:00.892,73750,2389.005,-3.841180788657,2299.63,-528.252,1835.808
2026-05-19 15:09:00.893,74000,2389.005,-3.841180788657,2299.63,-528.252,1835.808
2026-05-19 15:09:00.893,74250,2389.005,-3.841180788657,2299.63,-528.252,1835.808
2026-05-19 15:09:01.008,74500,2389.005,-3.841180788657,2299.63,-528.252,1835.808
2026-05-19 15:09:01.009,74750,2389.005,-3.841180788657,2299.63,-528.252,1835.808
2026-05-19 15:09:01.009,75000,2389.005,-3.841180788657,2299.63,-528.252,1835.808
2026-05-19 15:09:01.010,75250,2389.005,-3.841180788657,2299.63,-528.252,1835.808
2026-05-19 15:09:01.120,75500,2389.005,-3.841180788657,2299.63,-528.252,1835.808
2026-05-19 15:09:01.120,75750,2389.005,-3.841180788657,2299.63,-528.252,1835.808
2026-05-19 15:09:01.121,76000,2389.005,-3.841180788657,2299.63,-528.252,1835.808
2026-05-19 15:09:01.121,76250,2389.005,-3.841180788657,2299.63,-528.252,1835.808
2026-05-19 15:09:01.231,76500,2389.005,-3.841180788657,2299.63,-528.252,1835.808
2026-05-19 15:09:01.231,76750,2389.005,-3.841180788657,2299.63,-528.252,1835.808
2026-05-19 15:09:01.232,77000,2389.005,-3.841180788657,2299.63,-528.252,1835.808
2026-05-19 15:09:01.232,77250,2389.005,-3.841180788657,2299.63,-528.252,1835.808
2026-05-19 15:09:01.233,77500,2182.696,-1.899925196647,2126.56,-376.37,1743.804
2026-05-19 15:09:01.346,77750,2223.144,-3.19409559132,2167.567,-396.189,1651.799
2026-05-19 15:09:01.346,78000,2223.144,-3.19409559132,2167.567,-396.189,1651.799
2026-05-19 15:09:01.347,78250,2223.144,-3.19409559132,2167.567,-396.189,1651.799
2026-05-19 15:09:01.347,78500,2223.144,-3.19409559132,2167.567,-396.189,1651.799
2026-05-19 15:09:01.348,78750,2223.144,-3.19409559132,2167.567,-396.189,1651.799
2026-05-19 15:09:01.461,79000,2223.144,-3.19409559132,2167.567,-396.189,1651.799
2026-05-19 15:09:01.462,79250,2223.144,-3.19409559132,2167.567,-396.189,1651.799
2026-05-19 15:09:01.462,79500,2223.144,-3.19409559132,2167.567,-396.189,1651.799
2026-05-19 15:09:01.462,79750,2223.144,-3.19409559132,2167.567,-396.189,1651.799
2026-05-19 15:09:01.463,80000,2223.144,-3.19409559132,2167.567,-396.189,1651.799
2026-05-19 15:09:01.573,80250,2223.144,-3.19409559132,2167.567,-396.189,1651.799
2026-05-19 15:09:01.573,80500,2223.144,-3.19409559132,2167.567,-396.189,1651.799
2026-05-19 15:09:01.574,80750,2223.144,-3.19409559132,2167.567,-396.189,1651.799
2026-05-19 15:09:01.574,81000,2223.144,-3.19409559132,2167.567,-396.189,1651.799
2026-05-19 15:09:01.574,81250,2223.144,-3.19409559132,2167.567,-396.189,1651.799
2026-05-19 15:09:01.684,81500,2234.449,-1.858935650637,2177.468,-372.113,1629.999
2026-05-19 15:09:01.685,81750,2123.168,-7.19957541337,2015.697,-567.212,1608.199
2026-05-19 15:09:01.685,82000,2144.544,-4.529255532003,2039.583,-524.173,1564.599
2026-05-19 15:09:01.686,82250,2144.544,-4.529255532003,2039.583,-524.173,1564.599
2026-05-19 15:09:01.686,82500,2144.544,-4.529255532003,2039.583,-524.173,1564.599
2026-05-19 15:09:01.796,82750,2144.544,-4.529255532003,2039.583,-524.173,1564.599
2026-05-19 15:09:01.796,83000,2171.142,-5.177264661541,2065.826,-536.743,1519.443
2026-05-19 15:09:01.797,83250,1934.898,-2.585228143389,1866.254,-378.743,1474.286
2026-05-19 15:09:01.797,83500,1981.732,-3.881246402465,1913.639,-398.229,1383.973
2026-05-19 15:09:01.798,83750,1981.732,-3.881246402465,1913.639,-398.229,1383.973
2026-05-19 15:09:01.907,84000,1981.732,-3.881246402465,1913.639,-398.229,1383.973
2026-05-19 15:09:01.908,84250,1981.732,-3.881246402465,1913.639,-398.229,1383.973
2026-05-19 15:09:01.908,84500,1981.732,-3.881246402465,1913.639,-398.229,1383.973
2026-05-19 15:09:01.909,84750,1981.732,-3.881246402465,1913.639,-398.229,1383.973
2026-05-19 15:09:01.909,85000,1981.732,-3.881246402465,1913.639,-398.229,1383.973
2026-05-19 15:09:02.020,85250,1981.732,-3.881246402465,1913.639,-398.229,1383.973
2026-05-19 15:09:02.021,85500,1981.732,-3.881246402465,1913.639,-398.229,1383.973
2026-05-19 15:09:02.021,85750,1981.732,-3.881246402465,1913.639,-398.229,1383.973
2026-05-19 15:09:02.022,86000,1981.732,-3.881246402465,1913.639,-398.229,1383.973
2026-05-19 15:09:02.022,86250,1981.732,-3.881246402465,1913.639,-398.229,1383.973
2026-05-19 15:09:02.131,86500,1981.732,-3.881246402465,1913.639,-398.229,1383.973
2026-05-19 15:09:02.132,86750,1981.732,-3.881246402465,1913.639,-398.229,1383.973
2026-05-19 15:09:02.133,87000,1981.732,-3.881246402465,1913.639,-398.229,1383.973
2026-05-19 15:09:02.133,87250,1981.732,-3.881246402465,1913.639,-398.229,1383.973
2026-05-19 15:09:02.243,87500,1981.732,-3.881246402465,1913.639,-398.229,1383.973
2026-05-19 15:09:02.244,87750,1981.732,-3.881246402465,1913.639,-398.229,1383.973
2026-05-19 15:09:02.244,88000,1981.732,-3.881246402465,1913.639,-398.229,1383.973
2026-05-19 15:09:02.245,88250,1981.732,-3.881246402465,1913.639,-398.229,1383.973
2026-05-19 15:09:02.245,88500,1981.732,-3.881246402465,1913.639,-398.229,1383.973
2026-05-19 15:09:02.362,88750,1981.732,-3.881246402465,1913.639,-398.229,1383.973
2026-05-19 15:09:02.362,89000,1981.732,-3.881246402465,1913.639,-398.229,1383.973
2026-05-19 15:09:02.363,89250,1818.944,-3.001545827437,1783.616,-268.205,1203.374
2026-05-19 15:09:02.363,89500,1818.944,-3.001545827437,1783.616,-268.205,1203.374
2026-05-19 15:09:02.363,89750,1818.944,-3.001545827437,1783.616,-268.205,1203.374
2026-05-19 15:09:02.476,90000,1818.944,-3.001545827437,1783.616,-268.205,1203.374
2026-05-19 15:09:02.477,90250,1677.442,-12.903539395127,1577.826,-526.512,1203.374
2026-05-19 15:09:02.477,90500,1738.37,-4.981944540975,1649.513,-402.308,1113.985
2026-05-19 15:09:02.478,90750,1738.37,-4.981944540975,1649.513,-402.308,1113.985
2026-05-19 15:09:02.478,91000,1738.37,-4.981944540975,1649.513,-402.308,1113.985
2026-05-19 15:09:02.588,91250,1738.37,-4.981944540975,1649.513,-402.308,1113.985
2026-05-19 15:09:02.589,91500,1738.37,-4.981944540975,1649.513,-402.308,1113.985
2026-05-19 15:09:02.589,91750,1738.37,-4.981944540975,1649.513,-402.308,1113.985
2026-05-19 15:09:02.589,92000,1738.37,-4.981944540975,1649.513,-402.308,1113.985
2026-05-19 15:09:02.590,92250,1738.37,-4.981944540975,1649.513,-402.308,1113.985
2026-05-19 15:09:02.701,92500,1738.37,-4.981944540975,1649.513,-402.308,1113.985
2026-05-19 15:09:02.701,92750,1738.37,-4.981944540975,1649.513,-402.308,1113.985
2026-05-19 15:09:02.702,93000,1738.37,-4.981944540975,1649.513,-402.308,1113.985
2026-05-19 15:09:02.702,93250,1738.37,-4.981944540975,1649.513,-402.308,1113.985
2026-05-19 15:09:02.702,93500,1738.37,-4.981944540975,1649.513,-402.308,1113.985
2026-05-19 15:09:02.813,93750,1738.37,-4.981944540975,1649.513,-402.308,1113.985
2026-05-19 15:09:02.813,94000,1738.37,-4.981944540975,1649.513,-402.308,1113.985
2026-05-19 15:09:02.814,94250,1738.37,-4.981944540975,1649.513,-402.308,1113.985
2026-05-19 15:09:02.814,94500,1738.37,-4.981944540975,1649.513,-402.308,1113.985
2026-05-19 15:09:02.815,94750,1738.37,-4.981944540975,1649.513,-402.308,1113.985
2026-05-19 15:09:02.923,95000,1738.37,-4.981944540975,1649.513,-402.308,1113.985
2026-05-19 15:09:02.924,95250,1831.319,-7.006911967511,1740.571,-445.065,1012.348
2026-05-19 15:09:02.924,95500,1555.145,-3.969460827707,1509.292,-262.086,910.712
2026-05-19 15:09:02.925,95750,1555.145,-3.969460827707,1509.292,-262.086,910.712
2026-05-19 15:09:02.925,96000,1555.145,-3.969460827707,1509.292,-262.086,910.712
2026-05-19 15:09:03.035,96250,1555.145,-3.969460827707,1509.292,-262.086,910.712
2026-05-19 15:09:03.035,96500,1555.145,-3.969460827707,1509.292,-262.086,910.712
2026-05-19 15:09:03.036,96750,1555.145,-3.969460827707,1509.292,-262.086,910.712
2026-05-19 15:09:03.036,97000,1555.145,-3.969460827707,1509.292,-262.086,910.712
2026-05-19 15:09:03.036,97250,1555.145,-3.969460827707,1509.292,-262.086,910.712
2026-05-19 15:09:03.145,97500,1555.145,-3.969460827707,1509.292,-262.086,910.712
2026-05-19 15:09:03.146,97750,1555.145,-3.969460827707,1509.292,-262.086,910.712
2026-05-19 15:09:03.146,98000,1555.145,-3.969460827707,1509.292,-262.086,910.712
2026-05-19 15:09:03.147,98250,1555.145,-3.969460827707,1509.292,-262.086,910.712
2026-05-19 15:09:03.263,98500,1555.145,-3.969460827707,1509.292,-262.086,910.712
2026-05-19 15:09:03.264,98750,1555.145,-3.969460827707,1509.292,-262.086,910.712
2026-05-19 15:09:03.264,99000,1555.145,-3.969460827707,1509.292,-262.086,910.712
2026-05-19 15:09:03.265,99250,1555.145,-3.969460827707,1509.292,-262.086,910.712
2026-05-19 15:09:03.265,99500,1555.145,-3.969460827707,1509.292,-262.086,910.712
2026-05-19 15:09:03.265,99750,1555.145,-3.969460827707,1509.292,-262.086,910.712
2026-05-19 15:09:03.375,100000,1555.145,-3.969460827707,1509.292,-262.086,910.712
2026-05-19 15:09:03.930,10000,7258.266,5.411433406591,6456.889,3113.643,7471.698
2026-05-19 15:09:04.044,10250,7479.576,24.137084093932,-2634.122,5758.764,7483.357
2026-05-19 15:09:04.156,10500,7256.829,5.76198128343,6455.545,3119.675,7485.225
2026-05-19 15:09:04.377,10750,7259.395,6.467590283226,6457.962,3131.691,7462.478
2026-05-19 15:09:04.492,11000,7309.93,5.538942734314,6586.219,2987.425,7490.254
2026-05-19 15:09:04.604,11250,7131.105,5.360624374088,6449.094,2862.437,7340.947
2026-05-19 15:09:04.717,11500,7129.559,5.656606007619,6447.484,2867.454,7355.441
2026-05-19 15:09:04.830,11750,7181.629,5.064642740556,6566.799,2736.762,7398.926
2026-05-19 15:09:04.942,12000,7181.629,5.064642740556,6566.799,2736.762,7398.926
2026-05-19 15:09:05.171,12250,7401.788,23.439745551058,-2242.012,5886.747,7397.058
2026-05-19 15:09:05.279,12500,7464.396,23.247468606608,-2108.986,6016.546,7414.358
2026-05-19 15:09:05.392,12750,7065.153,4.458164743366,6550.874,2487.898,7369.671
2026-05-19 15:09:05.505,13000,7291.489,23.040368080238,-1988.084,5888.787,7274.691
2026-05-19 15:09:05.616,13250,7361.993,22.290207969145,-1855.182,6004.632,7260.86
2026-05-19 15:09:05.728,13500,7352.909,22.752764403866,-1864.179,6012.692,7342.831
2026-05-19 15:09:05.840,13750,7358.143,22.872045674638,-1858.956,6014.784,7295.39
2026-05-19 15:09:05.951,14000,7249.668,21.902936809398,-1607.043,6005.374,7258.778
2026-05-19 15:09:06.068,14250,7252.498,22.331099050591,-1604.132,6012.692,7231.434
2026-05-19 15:09:06.180,14500,916.681,1.543413111484,915.472,17.924,9809.12
2026-05-19 15:09:06.297,14750,925.316,1.203659383122,923.674,11.006,9840.16
2026-05-19 15:09:06.297,15000,906.279,1.399310711258,904.896,14.747,9883.473
2026-05-19 15:09:06.410,15250,916.067,1.959436873324,914.129,22.609,9785.198
2026-05-19 15:09:06.515,15500,914.542,2.144524237901,912.249,24.437,9815.779
2026-05-19 15:09:06.621,15750,926.001,1.827688983251,923.963,20.515,9796.35
2026-05-19 15:09:06.731,16000,913.472,2.01579246536,911.462,22.798,9716.909
2026-05-19 15:09:06.843,16250,921.346,2.51452086191,918.507,29.925,9615.284
2026-05-19 15:09:06.955,16500,919.332,2.736722018835,916.457,33.683,9633.629
2026-05-19 15:09:07.070,16750,920.902,2.473588223908,918.176,29.414,9722.767
2026-05-19 15:09:07.070,17000,912.993,2.478855709514,909.968,27.858,9589.764
2026-05-19 15:09:07.182,17250,910.618,0.746457044265,907.003,-1.4,9501.381
2026-05-19 15:09:07.292,17500,995.642,-0.245369552921,995.618,-4.371,8692.39
2026-05-19 15:09:07.394,17750,979.0,0.0,979.0,0.0,8611.81
2026-05-19 15:09:07.505,18000,979.0,0.0,979.0,0.0,8611.81
2026-05-19 15:09:07.618,18250,998.521,1.555063789786,998.076,26.989,8444.046
2026-05-19 15:09:07.619,18500,985.775,-0.594377029622,985.641,-10.331,8473.065
2026-05-19 15:09:07.730,18750,982.388,-0.297188514811,982.321,-5.165,8502.084
2026-05-19 15:09:07.842,19000,989.022,0.401355386923,988.96,7.033,8445.951
2026-05-19 15:09:07.954,19250,979.0,0.0,979.0,0.0,8318.223
2026-05-19 15:09:07.955,19500,981.451,-0.77935085704,981.297,-13.402,8237.367
2026-05-19 15:09:08.070,19750,974.152,-0.217733426676,974.117,-3.628,8297.795
2026-05-19 15:09:08.181,20000,979.0,0.0,979.0,0.0,8255.872
2026-05-19 15:09:08.182,20250,979.0,0.0,979.0,0.0,8255.872
2026-05-19 15:09:08.297,20500,979.0,0.0,979.0,0.0,8055.627
2026-05-19 15:09:08.408,20750,986.51,-0.528604573428,986.404,-9.205,8148.32
2026-05-19 15:09:08.409,21000,978.906,-0.934100631585,978.739,-16.002,8047.3
2026-05-19 15:09:08.521,21250,979.0,0.0,979.0,0.0,8043.919
2026-05-19 15:09:08.633,21500,979.0,0.0,979.0,0.0,8043.919
2026-05-19 15:09:08.633,21750,979.0,0.0,979.0,0.0,7856.622
2026-05-19 15:09:08.743,22000,1000.678,-1.344840918854,1000.403,-23.486,7856.622
2026-05-19 15:09:08.855,22250,992.694,-0.273049998541,992.639,-4.77,7922.538
2026-05-19 15:09:08.856,22500,983.554,-0.269543553036,983.498,-4.712,7806.873
2026-05-19 15:09:08.966,22750,979.0,0.0,979.0,0.0,7842.522
2026-05-19 15:09:09.068,23000,974.415,-0.278348748324,974.358,-4.644,7695.594
2026-05-19 15:09:09.069,23250,979.0,0.0,979.0,0.0,7658.862
2026-05-19 15:09:09.180,23500,987.361,0.520226575645,987.258,9.078,7594.819
2026-05-19 15:09:09.180,23750,979.0,0.0,979.0,0.0,7498.755
2026-05-19 15:09:09.297,24000,988.635,-0.495821967215,988.542,-8.68,7609.461
2026-05-19 15:09:09.410,24250,989.087,-0.492132388244,988.994,-8.625,7440.213
2026-05-19 15:09:09.411,24500,984.043,-0.246066194122,983.997,-4.312,7477.958
2026-05-19 15:09:09.521,24750,987.239,0.592937880523,987.105,10.343,7453.76
2026-05-19 15:09:09.522,25000,979.0,0.0,979.0,0.0,7360.845
2026-05-19 15:09:09.635,25250,979.0,0.0,979.0,0.0,7360.845
2026-05-19 15:09:09.635,25500,979.0,0.0,979.0,0.0,7206.363
2026-05-19 15:09:09.745,25750,979.0,0.0,979.0,0.0,7206.363
2026-05-19 15:09:09.857,26000,986.083,0.570168157431,985.96,9.918,7155.151
2026-05-19 15:09:09.857,26250,979.0,0.0,979.0,0.0,7078.333
2026-05-19 15:09:09.969,26500,990.951,1.0182977881,990.688,17.751,6993.649
2026-05-19 15:09:09.969,26750,979.0,0.0,979.0,0.0,6937.194
2026-05-19 15:09:10.082,27000,979.0,0.0,979.0,0.0,6937.194
2026-05-19 15:09:10.083,27250,994.275,1.38987360924,993.907,24.208,6831.029
2026-05-19 15:09:10.195,27500,979.0,0.0,979.0,0.0,6804.488
2026-05-19 15:09:10.195,27750,979.0,0.0,979.0,0.0,6804.488
2026-05-19 15:09:10.313,28000,979.0,0.0,979.0,0.0,6670.342
2026-05-19 15:09:10.314,28250,979.0,0.0,979.0,0.0,6670.342
2026-05-19 15:09:10.425,28500,972.351,-0.713576239161,972.164,-11.984,6602.386
2026-05-19 15:09:10.425,28750,979.0,0.0,979.0,0.0,6557.083
2026-05-19 15:09:10.537,29000,979.0,0.0,979.0,0.0,6557.083
2026-05-19 15:09:10.538,29250,979.0,0.0,979.0,0.0,6439.888
2026-05-19 15:09:10.651,29500,979.0,0.0,979.0,0.0,6439.888
2026-05-19 15:09:10.652,29750,979.0,0.0,979.0,0.0,6329.513
2026-05-19 15:09:10.764,30000,979.0,0.0,979.0,0.0,6329.513
2026-05-19 15:09:10.764,30250,979.0,0.0,979.0,0.0,6329.513
2026-05-19 15:09:10.876,30500,979.0,0.0,979.0,0.0,6231.235
2026-05-19 15:09:10.876,30750,979.0,0.0,979.0,0.0,6231.235
2026-05-19 15:09:10.988,31000,985.289,0.983675910836,984.923,17.073,6191.838
2026-05-19 15:09:10.988,31250,979.0,0.0,979.0,0.0,6132.743
2026-05-19 15:09:11.100,31500,994.452,-0.314475488436,994.414,-5.585,6039.622
2026-05-19 15:09:11.101,31750,994.875,-0.282597856155,994.844,-5.024,5960.761
2026-05-19 15:09:11.214,32000,979.0,0.0,979.0,0.0,5819.217
2026-05-19 15:09:11.214,32250,979.0,0.0,979.0,0.0,5819.217
2026-05-19 15:09:11.330,32500,979.0,0.0,979.0,0.0,5745.191
2026-05-19 15:09:11.330,32750,979.0,0.0,979.0,0.0,5745.191
2026-05-19 15:09:11.331,33000,979.0,0.0,979.0,0.0,5745.191
2026-05-19 15:09:11.443,33250,979.0,0.0,979.0,0.0,5682.385
2026-05-19 15:09:11.443,33500,979.0,0.0,979.0,0.0,5682.385
2026-05-19 15:09:11.554,33750,989.862,-2.332448778708,988.907,-40.065,5572.068
2026-05-19 15:09:11.554,34000,997.275,-0.186389515503,997.261,-3.333,5530.069
2026-05-19 15:09:11.667,34250,979.0,0.0,979.0,0.0,5379.444
2026-05-19 15:09:11.668,34500,976.057,-1.094128711011,975.614,-18.548,5355.188
2026-05-19 15:09:11.668,34750,979.0,0.0,979.0,0.0,5339.018
2026-05-19 15:09:11.779,35000,979.0,0.0,979.0,0.0,5339.018
2026-05-19 15:09:11.779,35250,979.998,0.528332756735,979.788,9.07,5333.605
2026-05-19 15:09:11.891,35500,997.695,-0.095124686565,997.692,-1.703,5215.137
2026-05-19 15:09:11.891,35750,979.0,0.0,979.0,0.0,5069.911
2026-05-19 15:09:12.003,36000,979.0,0.0,979.0,0.0,5069.911
2026-05-19 15:09:12.003,36250,979.0,0.0,979.0,0.0,5053.16
2026-05-19 15:09:12.004,36500,979.0,0.0,979.0,0.0,5053.16
2026-05-19 15:09:12.114,36750,978.941,-2.701684899244,977.128,-46.111,5052.956
2026-05-19 15:09:12.115,37000,989.227,0.022761507249,989.227,0.409,5002.487
2026-05-19 15:09:12.225,37250,979.0,0.0,979.0,0.0,4801.84
2026-05-19 15:09:12.226,37500,979.0,0.0,979.0,0.0,4801.84
2026-05-19 15:09:12.226,37750,979.0,0.0,979.0,0.0,4819.526
2026-05-19 15:09:12.329,38000,979.0,0.0,979.0,0.0,4819.526
2026-05-19 15:09:12.329,38250,979.0,0.0,979.0,0.0,4819.526
2026-05-19 15:09:12.441,38500,1001.49,0.124851965319,1001.484,2.256,4714.823
2026-05-19 15:09:12.441,38750,979.0,0.0,979.0,0.0,4591.487
2026-05-19 15:09:12.442,39000,979.0,0.0,979.0,0.0,4591.487
2026-05-19 15:09:12.553,39250,979.0,0.0,979.0,0.0,4591.487
2026-05-19 15:09:12.554,39500,979.0,0.0,979.0,0.0,4591.487
2026-05-19 15:09:12.667,39750,1001.961,0.287525515836,1001.929,5.201,4534.629
2026-05-19 15:09:12.668,40000,979.0,0.0,979.0,0.0,4380.519
2026-05-19 15:09:12.668,40250,979.0,0.0,979.0,0.0,4380.519
2026-05-19 15:09:12.779,40500,979.0,0.0,979.0,0.0,4380.519
2026-05-19 15:09:12.780,40750,985.161,-1.382225605795,984.438,-23.975,4421.872
2026-05-19 15:09:12.780,41000,996.168,0.293138588393,996.135,5.228,4374.69
2026-05-19 15:09:12.890,41250,979.0,0.0,979.0,0.0,4262.566
2026-05-19 15:09:12.891,41500,979.0,0.0,979.0,0.0,4262.566
2026-05-19 15:09:13.002,41750,960.683,3.218750224387,959.168,53.941,4343.838
2026-05-19 15:09:13.003,42000,979.0,0.0,979.0,0.0,4343.838
2026-05-19 15:09:13.003,42250,957.173,-0.499434471964,957.085,-8.057,4198.569
2026-05-19 15:09:13.115,42500,979.0,0.0,979.0,0.0,4101.722
2026-05-19 15:09:13.115,42750,979.0,0.0,979.0,0.0,4101.722
2026-05-19 15:09:13.116,43000,979.0,0.0,979.0,0.0,4101.722
2026-05-19 15:09:13.227,43250,979.0,0.0,979.0,0.0,4198.29
2026-05-19 15:09:13.228,43500,1002.499,0.632997198003,1002.341,11.463,4103.224
2026-05-19 15:09:13.228,43750,979.0,0.0,979.0,0.0,3960.624
2026-05-19 15:09:13.346,44000,979.0,0.0,979.0,0.0,3960.624
2026-05-19 15:09:13.347,44250,979.0,0.0,979.0,0.0,3960.624
2026-05-19 15:09:13.347,44500,979.0,0.0,979.0,0.0,3960.624
2026-05-19 15:09:13.459,44750,979.0,0.0,979.0,0.0,3861.35
2026-05-19 15:09:13.459,45000,979.0,0.0,979.0,0.0,3861.35
2026-05-19 15:09:13.460,45250,979.0,0.0,979.0,0.0,3861.35
2026-05-19 15:09:13.570,45500,979.0,0.0,979.0,0.0,3861.35
2026-05-19 15:09:13.570,45750,979.0,0.0,979.0,0.0,3861.35
2026-05-19 15:09:13.571,46000,979.0,0.0,979.0,0.0,3655.855
2026-05-19 15:09:13.687,46250,987.963,-0.729824856192,987.548,-13.032,3789.732
2026-05-19 15:09:13.687,46500,979.0,0.0,979.0,0.0,3823.201
2026-05-19 15:09:13.688,46750,979.0,0.0,979.0,0.0,3823.201
2026-05-19 15:09:13.798,47000,979.0,0.0,979.0,0.0,3823.201
2026-05-19 15:09:13.798,47250,979.0,0.0,979.0,0.0,3625.638
2026-05-19 15:09:13.799,47500,979.0,0.0,979.0,0.0,3625.638
2026-05-19 15:09:13.910,47750,979.0,0.0,979.0,0.0,3625.638
2026-05-19 15:09:13.911,48000,979.0,0.0,979.0,0.0,3625.638
2026-05-19 15:09:13.911,48250,979.0,0.0,979.0,0.0,3625.638
2026-05-19 15:09:14.023,48500,979.0,0.0,979.0,0.0,3618.973
2026-05-19 15:09:14.023,48750,979.0,0.0,979.0,0.0,3618.973
2026-05-19 15:09:14.023,49000,979.0,0.0,979.0,0.0,3618.973
2026-05-19 15:09:14.133,49250,939.843,-2.480589274335,938.753,-40.247,3582.785
2026-05-19 15:09:14.134,49500,979.0,0.0,979.0,0.0,3438.037
2026-05-19 15:09:14.135,49750,979.0,0.0,979.0,0.0,3438.037
2026-05-19 15:09:14.246,50000,979.0,0.0,979.0,0.0,3438.037
2026-05-19 15:09:14.247,50250,979.0,0.0,979.0,0.0,3438.037
2026-05-19 15:09:14.248,50500,979.0,0.0,979.0,0.0,3438.037
2026-05-19 15:09:14.361,50750,1001.539,1.52809520867,1000.619,27.593,3363.192
2026-05-19 15:09:14.361,51000,990.913,-0.506338221994,990.71,-9.175,3409.16
2026-05-19 15:09:14.362,51250,979.0,0.0,979.0,0.0,3448.719
2026-05-19 15:09:14.362,51500,979.0,0.0,979.0,0.0,3448.719
2026-05-19 15:09:14.472,51750,979.0,0.0,979.0,0.0,3448.719
2026-05-19 15:09:14.472,52000,979.0,0.0,979.0,0.0,3448.719
2026-05-19 15:09:14.473,52250,979.0,0.0,979.0,0.0,3304.868
2026-05-19 15:09:14.583,52500,979.0,0.0,979.0,0.0,3304.868
2026-05-19 15:09:14.583,52750,979.0,0.0,979.0,0.0,3304.868
2026-05-19 15:09:14.584,53000,979.0,0.0,979.0,0.0,3304.868
2026-05-19 15:09:14.695,53250,979.0,0.0,979.0,0.0,3304.868
2026-05-19 15:09:14.696,53500,979.0,0.0,979.0,0.0,3304.868
2026-05-19 15:09:14.696,53750,979.0,0.0,979.0,0.0,3181.295
2026-05-19 15:09:14.697,54000,979.0,0.0,979.0,0.0,3181.295
2026-05-19 15:09:14.806,54250,979.0,0.0,979.0,0.0,3181.295
2026-05-19 15:09:14.807,54500,979.0,0.0,979.0,0.0,3181.295
2026-05-19 15:09:14.807,54750,979.0,0.0,979.0,0.0,3181.295
2026-05-19 15:09:14.917,55000,979.0,0.0,979.0,0.0,3181.295
2026-05-19 15:09:14.918,55250,979.0,0.0,979.0,0.0,3181.295
2026-05-19 15:09:14.918,55500,972.113,-0.840453166474,971.605,-13.843,3091.773
2026-05-19 15:09:15.028,55750,979.0,0.0,979.0,0.0,3069.393
2026-05-19 15:09:15.029,56000,979.0,0.0,979.0,0.0,3069.393
2026-05-19 15:09:15.029,56250,979.0,0.0,979.0,0.0,3069.393
2026-05-19 15:09:15.030,56500,979.0,0.0,979.0,0.0,3069.393
2026-05-19 15:09:15.140,56750,979.0,0.0,979.0,0.0,3069.393
2026-05-19 15:09:15.141,57000,979.0,0.0,979.0,0.0,3069.393
2026-05-19 15:09:15.141,57250,979.0,0.0,979.0,0.0,3069.393
2026-05-19 15:09:15.248,57500,979.0,0.0,979.0,0.0,3069.393
2026-05-19 15:09:15.249,57750,979.0,0.0,979.0,0.0,3069.393
2026-05-19 15:09:15.249,58000,952.065,6.029187348432,946.779,99.689,3159.241
2026-05-19 15:09:15.361,58250,920.802,1.171170030966,920.565,18.522,3159.241
2026-05-19 15:09:15.361,58500,906.252,1.463962538707,905.957,23.153,3206.9
2026-05-19 15:09:15.362,58750,995.639,3.495923823023,993.314,60.944,3153.529
2026-05-19 15:09:15.362,59000,999.799,4.369904778779,996.892,76.18,3140.187
2026-05-19 15:09:15.472,59250,974.927,-0.873980955756,974.369,-14.609,3153.529
2026-05-19 15:09:15.473,59500,958.634,-4.369904778779,955.847,-73.043,3206.9
2026-05-19 15:09:15.473,59750,1035.586,-5.833867317486,1030.223,-105.261,2968.602
2026-05-19 15:09:15.584,60000,979.0,0.0,979.0,0.0,2968.602
2026-05-19 15:09:15.584,60250,979.0,0.0,979.0,0.0,2968.602
2026-05-19 15:09:15.585,60500,979.0,0.0,979.0,0.0,2968.602
2026-05-19 15:09:15.585,60750,979.0,0.0,979.0,0.0,2968.602
2026-05-19 15:09:15.699,61000,979.0,0.0,979.0,0.0,2968.602
2026-05-19 15:09:15.700,61250,979.0,0.0,979.0,0.0,2968.602
2026-05-19 15:09:15.700,61500,979.0,0.0,979.0,0.0,2968.602
2026-05-19 15:09:15.700,61750,979.0,0.0,979.0,0.0,2968.602
2026-05-19 15:09:15.811,62000,979.0,0.0,979.0,0.0,2968.602
2026-05-19 15:09:15.812,62250,979.0,0.0,979.0,0.0,2968.602
2026-05-19 15:09:15.812,62500,979.0,0.0,979.0,0.0,2968.602
2026-05-19 15:09:15.813,62750,979.0,0.0,979.0,0.0,2968.602
2026-05-19 15:09:15.923,63000,979.0,0.0,979.0,0.0,2968.602
2026-05-19 15:09:15.923,63250,979.0,0.0,979.0,0.0,2736.319
2026-05-19 15:09:15.924,63500,979.0,0.0,979.0,0.0,2736.319
2026-05-19 15:09:15.924,63750,979.0,0.0,979.0,0.0,2736.319
2026-05-19 15:09:16.033,64000,979.0,0.0,979.0,0.0,2736.319
2026-05-19 15:09:16.034,64250,979.0,0.0,979.0,0.0,2736.319
2026-05-19 15:09:16.034,64500,979.0,0.0,979.0,0.0,2736.319
2026-05-19 15:09:16.035,64750,979.0,0.0,979.0,0.0,2736.319
2026-05-19 15:09:16.146,65000,979.0,0.0,979.0,0.0,2736.319
2026-05-19 15:09:16.147,65250,979.0,0.0,979.0,0.0,2736.319
2026-05-19 15:09:16.147,65500,979.0,0.0,979.0,0.0,2736.319
2026-05-19 15:09:16.147,65750,979.0,0.0,979.0,0.0,2736.319
2026-05-19 15:09:16.263,66000,2756.364,-4.852030027709,2582.113,-810.734,2243.361
2026-05-19 15:09:16.264,66250,2756.364,-4.852030027709,2582.113,-810.734,2243.361
2026-05-19 15:09:16.264,66500,2756.364,-4.852030027709,2582.113,-810.734,2243.361
2026-05-19 15:09:16.265,66750,2756.364,-4.852030027709,2582.113,-810.734,2243.361
2026-05-19 15:09:16.378,67000,2775.552,-5.280381820399,2601.15,-818.769,2194.518
2026-05-19 15:09:16.378,67250,2580.259,-4.423678235018,2448.01,-676.632,2047.988
2026-05-19 15:09:16.378,67500,2580.259,-4.423678235018,2448.01,-676.632,2047.988
2026-05-19 15:09:16.379,67750,2580.259,-4.423678235018,2448.01,-676.632,2047.988
2026-05-19 15:09:16.488,68000,2580.259,-4.423678235018,2448.01,-676.632,2047.988
2026-05-19 15:09:16.489,68250,2580.259,-4.423678235018,2448.01,-676.632,2047.988
2026-05-19 15:09:16.489,68500,2571.318,-5.53722836763,2438.187,-694.761,2071.838
2026-05-19 15:09:16.490,68750,2553.436,-7.764328632854,2418.541,-731.02,2119.537
2026-05-19 15:09:16.600,69000,2544.494,-8.877878765465,2408.719,-749.15,2143.386
2026-05-19 15:09:16.601,69250,2666.249,-3.310128102407,2588.231,-536.41,2143.386
2026-05-19 15:09:16.601,69500,2666.249,-3.310128102407,2588.231,-536.41,2143.386
2026-05-19 15:09:16.602,69750,2666.249,-3.310128102407,2588.231,-536.41,2143.386
2026-05-19 15:09:16.714,70000,2666.249,-3.310128102407,2588.231,-536.41,2143.386
2026-05-19 15:09:16.715,70250,2666.249,-3.310128102407,2588.231,-536.41,2143.386
2026-05-19 15:09:16.716,70500,2666.249,-3.310128102407,2588.231,-536.41,2143.386
2026-05-19 15:09:16.716,70750,2666.249,-3.310128102407,2588.231,-536.41,2143.386
2026-05-19 15:09:16.828,71000,2666.249,-3.310128102407,2588.231,-536.41,2143.386
2026-05-19 15:09:16.829,71250,2666.249,-3.310128102407,2588.231,-536.41,2143.386
2026-05-19 15:09:16.829,71500,2666.249,-3.310128102407,2588.231,-536.41,2143.386
2026-05-19 15:09:16.829,71750,2749.822,-6.004629849013,2670.307,-587.334,1941.96
2026-05-19 15:09:16.830,72000,2484.688,-2.636502665755,2439.852,-388.031,1941.96
2026-05-19 15:09:16.939,72250,2519.689,0.97753170295,2471.416,-322.719,1862.346
2026-05-19 15:09:16.940,72500,2531.356,2.182209825851,2481.937,-300.949,1835.808
2026-05-19 15:09:16.940,72750,2531.356,2.182209825851,2481.937,-300.949,1835.808
2026-05-19 15:09:16.940,73000,2389.005,-3.841180788657,2299.63,-528.252,1835.808
2026-05-19 15:09:17.051,73250,2389.005,-3.841180788657,2299.63,-528.252,1835.808
2026-05-19 15:09:17.051,73500,2389.005,-3.841180788657,2299.63,-528.252,1835.808
2026-05-19 15:09:17.052,73750,2389.005,-3.841180788657,2299.63,-528.252,1835.808
2026-05-19 15:09:17.162,74000,2389.005,-3.841180788657,2299.63,-528.252,1835.808
2026-05-19 15:09:17.163,74250,2389.005,-3.841180788657,2299.63,-528.252,1835.808
2026-05-19 15:09:17.163,74500,2389.005,-3.841180788657,2299.63,-528.252,1835.808
2026-05-19 15:09:17.164,74750,2389.005,-3.841180788657,2299.63,-528.252,1835.808
2026-05-19 15:09:17.165,75000,2389.005,-3.841180788657,2299.63,-528.252,1835.808
2026-05-19 15:09:17.275,75250,2389.005,-3.841180788657,2299.63,-528.252,1835.808
2026-05-19 15:09:17.276,75500,2389.005,-3.841180788657,2299.63,-528.252,1835.808
2026-05-19 15:09:17.276,75750,2389.005,-3.841180788657,2299.63,-528.252,1835.808
2026-05-19 15:09:17.276,76000,2389.005,-3.841180788657,2299.63,-528.252,1835.808
2026-05-19 15:09:17.393,76250,2389.005,-3.841180788657,2299.63,-528.252,1835.808
2026-05-19 15:09:17.394,76500,2389.005,-3.841180788657,2299.63,-528.252,1835.808
2026-05-19 15:09:17.394,76750,2389.005,-3.841180788657,2299.63,-528.252,1835.808
2026-05-19 15:09:17.395,77000,2389.005,-3.841180788657,2299.63,-528.252,1835.808
2026-05-19 15:09:17.395,77250,2389.005,-3.841180788657,2299.63,-528.252,1835.808
2026-05-19 15:09:17.505,77500,2202.92,-2.547010393984,2147.063,-386.28,1697.801
2026-05-19 15:09:17.506,77750,2223.144,-3.19409559132,2167.567,-396.189,1651.799
2026-05-19 15:09:17.506,78000,2223.144,-3.19409559132,2167.567,-396.189,1651.799
2026-05-19 15:09:17.506,78250,2223.144,-3.19409559132,2167.567,-396.189,1651.799
2026-05-19 15:09:17.507,78500,2223.144,-3.19409559132,2167.567,-396.189,1651.799
2026-05-19 15:09:17.616,78750,2223.144,-3.19409559132,2167.567,-396.189,1651.799
2026-05-19 15:09:17.616,79000,2223.144,-3.19409559132,2167.567,-396.189,1651.799
2026-05-19 15:09:17.617,79250,2223.144,-3.19409559132,2167.567,-396.189,1651.799
2026-05-19 15:09:17.617,79500,2223.144,-3.19409559132,2167.567,-396.189,1651.799
2026-05-19 15:09:17.618,79750,2223.144,-3.19409559132,2167.567,-396.189,1651.799
2026-05-19 15:09:17.731,80000,2223.144,-3.19409559132,2167.567,-396.189,1651.799
2026-05-19 15:09:17.732,80250,2223.144,-3.19409559132,2167.567,-396.189,1651.799
2026-05-19 15:09:17.732,80500,2223.144,-3.19409559132,2167.567,-396.189,1651.799
2026-05-19 15:09:17.733,80750,2223.144,-3.19409559132,2167.567,-396.189,1651.799
2026-05-19 15:09:17.733,81000,2223.144,-3.19409559132,2167.567,-396.189,1651.799
2026-05-19 15:09:17.844,81250,2223.144,-3.19409559132,2167.567,-396.189,1651.799
2026-05-19 15:09:17.844,81500,2234.449,-1.858935650637,2177.468,-372.113,1629.999
2026-05-19 15:09:17.845,81750,2123.168,-7.19957541337,2015.697,-567.212,1608.199
2026-05-19 15:09:17.845,82000,2144.544,-4.529255532003,2039.583,-524.173,1564.599
2026-05-19 15:09:17.845,82250,2144.544,-4.529255532003,2039.583,-524.173,1564.599
2026-05-19 15:09:17.956,82500,2144.544,-4.529255532003,2039.583,-524.173,1564.599
2026-05-19 15:09:17.956,82750,2144.544,-4.529255532003,2039.583,-524.173,1564.599
2026-05-19 15:09:17.957,83000,2171.142,-5.177264661541,2065.826,-536.743,1519.443
2026-05-19 15:09:17.957,83250,1958.315,-3.233237272927,1889.947,-388.486,1429.13
2026-05-19 15:09:17.957,83500,1981.732,-3.881246402465,1913.639,-398.229,1383.973
2026-05-19 15:09:18.067,83750,1981.732,-3.881246402465,1913.639,-398.229,1383.973
2026-05-19 15:09:18.068,84000,1981.732,-3.881246402465,1913.639,-398.229,1383.973
2026-05-19 15:09:18.068,84250,1981.732,-3.881246402465,1913.639,-398.229,1383.973
2026-05-19 15:09:18.069,84500,1981.732,-3.881246402465,1913.639,-398.229,1383.973
2026-05-19 15:09:18.179,84750,1981.732,-3.881246402465,1913.639,-398.229,1383.973
2026-05-19 15:09:18.179,85000,1981.732,-3.881246402465,1913.639,-398.229,1383.973
2026-05-19 15:09:18.180,85250,1981.732,-3.881246402465,1913.639,-398.229,1383.973
2026-05-19 15:09:18.180,85500,1981.732,-3.881246402465,1913.639,-398.229,1383.973
2026-05-19 15:09:18.180,85750,1981.732,-3.881246402465,1913.639,-398.229,1383.973
2026-05-19 15:09:18.297,86000,1981.732,-3.881246402465,1913.639,-398.229,1383.973
2026-05-19 15:09:18.298,86250,1981.732,-3.881246402465,1913.639,-398.229,1383.973
2026-05-19 15:09:18.298,86500,1981.732,-3.881246402465,1913.639,-398.229,1383.973
2026-05-19 15:09:18.299,86750,1981.732,-3.881246402465,1913.639,-398.229,1383.973
2026-05-19 15:09:18.299,87000,1981.732,-3.881246402465,1913.639,-398.229,1383.973
2026-05-19 15:09:18.408,87250,1981.732,-3.881246402465,1913.639,-398.229,1383.973
2026-05-19 15:09:18.409,87500,1981.732,-3.881246402465,1913.639,-398.229,1383.973
2026-05-19 15:09:18.409,87750,1981.732,-3.881246402465,1913.639,-398.229,1383.973
2026-05-19 15:09:18.410,88000,1981.732,-3.881246402465,1913.639,-398.229,1383.973
2026-05-19 15:09:18.410,88250,1981.732,-3.881246402465,1913.639,-398.229,1383.973
2026-05-19 15:09:18.520,88500,1981.732,-3.881246402465,1913.639,-398.229,1383.973
2026-05-19 15:09:18.521,88750,1981.732,-3.881246402465,1913.639,-398.229,1383.973
2026-05-19 15:09:18.521,89000,2012.506,-4.760946977494,1943.746,-415.605,1338.824
2026-05-19 15:09:18.521,89250,1818.944,-3.001545827437,1783.616,-268.205,1203.374
2026-05-19 15:09:18.522,89500,1818.944,-3.001545827437,1783.616,-268.205,1203.374
2026-05-19 15:09:18.631,89750,1818.944,-3.001545827437,1783.616,-268.205,1203.374
2026-05-19 15:09:18.632,90000,1818.944,-3.001545827437,1783.616,-268.205,1203.374
2026-05-19 15:09:18.632,90250,1677.442,-12.903539395127,1577.826,-526.512,1203.374
2026-05-19 15:09:18.632,90500,1738.37,-4.981944540975,1649.513,-402.308,1113.985
2026-05-19 15:09:18.633,90750,1738.37,-4.981944540975,1649.513,-402.308,1113.985
2026-05-19 15:09:18.745,91000,1738.37,-4.981944540975,1649.513,-402.308,1113.985
2026-05-19 15:09:18.747,91250,1738.37,-4.981944540975,1649.513,-402.308,1113.985
2026-05-19 15:09:18.747,91500,1738.37,-4.981944540975,1649.513,-402.308,1113.985
2026-05-19 15:09:18.748,91750,1738.37,-4.981944540975,1649.513,-402.308,1113.985
2026-05-19 15:09:18.748,92000,1738.37,-4.981944540975,1649.513,-402.308,1113.985
2026-05-19 15:09:18.858,92250,1738.37,-4.981944540975,1649.513,-402.308,1113.985
2026-05-19 15:09:18.859,92500,1738.37,-4.981944540975,1649.513,-402.308,1113.985
2026-05-19 15:09:18.859,92750,1738.37,-4.981944540975,1649.513,-402.308,1113.985
2026-05-19 15:09:18.859,93000,1738.37,-4.981944540975,1649.513,-402.308,1113.985
2026-05-19 15:09:18.860,93250,1738.37,-4.981944540975,1649.513,-402.308,1113.985
2026-05-19 15:09:18.970,93500,1738.37,-4.981944540975,1649.513,-402.308,1113.985
2026-05-19 15:09:18.970,93750,1738.37,-4.981944540975,1649.513,-402.308,1113.985
2026-05-19 15:09:18.970,94000,1738.37,-4.981944540975,1649.513,-402.308,1113.985
2026-05-19 15:09:18.971,94250,1738.37,-4.981944540975,1649.513,-402.308,1113.985
2026-05-19 15:09:18.971,94500,1738.37,-4.981944540975,1649.513,-402.308,1113.985
2026-05-19 15:09:19.081,94750,1738.37,-4.981944540975,1649.513,-402.308,1113.985
2026-05-19 15:09:19.082,95000,1738.37,-4.981944540975,1649.513,-402.308,1113.985
2026-05-19 15:09:19.082,95250,1784.844,-5.994428254243,1695.042,-423.686,1063.166
2026-05-19 15:09:19.083,95500,1555.145,-3.969460827707,1509.292,-262.086,910.712
2026-05-19 15:09:19.083,95750,1555.145,-3.969460827707,1509.292,-262.086,910.712
2026-05-19 15:09:19.192,96000,1555.145,-3.969460827707,1509.292,-262.086,910.712
2026-05-19 15:09:19.192,96250,1555.145,-3.969460827707,1509.292,-262.086,910.712
2026-05-19 15:09:19.193,96500,1555.145,-3.969460827707,1509.292,-262.086,910.712
2026-05-19 15:09:19.193,96750,1555.145,-3.969460827707,1509.292,-262.086,910.712
2026-05-19 15:09:19.296,97000,1555.145,-3.969460827707,1509.292,-262.086,910.712
2026-05-19 15:09:19.297,97250,1555.145,-3.969460827707,1509.292,-262.086,910.712
2026-05-19 15:09:19.298,97500,1555.145,-3.969460827707,1509.292,-262.086,910.712
2026-05-19 15:09:19.298,97750,1555.145,-3.969460827707,1509.292,-262.086,910.712
2026-05-19 15:09:19.299,98000,1555.145,-3.969460827707,1509.292,-262.086,910.712
2026-05-19 15:09:19.408,98250,1555.145,-3.969460827707,1509.292,-262.086,910.712
2026-05-19 15:09:19.408,98500,1555.145,-3.969460827707,1509.292,-262.086,910.712
2026-05-19 15:09:19.408,98750,1555.145,-3.969460827707,1509.292,-262.086,910.712
2026-05-19 15:09:19.409,99000,1555.145,-3.969460827707,1509.292,-262.086,910.712
2026-05-19 15:09:19.409,99250,1555.145,-3.969460827707,1509.292,-262.086,910.712
2026-05-19 15:09:19.519,99500,1555.145,-3.969460827707,1509.292,-262.086,910.712
2026-05-19 15:09:19.520,99750,1555.145,-3.969460827707,1509.292,-262.086,910.712
2026-05-19 15:09:19.520,100000,1555.145,-3.969460827707,1509.292,-262.086,910.712
2026-05-19 15:09:20.085,10000,7259.702,5.060885529753,6458.234,3107.61,7458.171
2026-05-19 15:09:20.196,10250,7479.576,24.137084093932,-2634.122,5758.764,7483.357
2026-05-19 15:09:20.426,10500,7256.829,5.76198128343,6455.545,3119.675,7485.225
2026-05-19 15:09:20.538,10750,7259.395,6.467590283226,6457.962,3131.691,7462.478
2026-05-19 15:09:20.650,11000,7315.281,5.628101914426,6591.564,2988.99,7440.485
2026-05-19 15:09:20.761,11250,7131.105,5.360624374088,6449.094,2862.437,7340.947
2026-05-19 15:09:20.876,11500,7129.559,5.656606007619,6447.484,2867.454,7355.441
2026-05-19 15:09:21.099,11750,7181.629,5.064642740556,6566.799,2736.762,7398.926
2026-05-19 15:09:21.211,12000,7181.629,5.064642740556,6566.799,2736.762,7398.926
2026-05-19 15:09:21.314,12250,7401.788,23.439745551058,-2242.012,5886.747,7397.058
2026-05-19 15:09:21.426,12500,7469.446,23.351018869792,-2103.945,6018.361,7367.802
2026-05-19 15:09:21.538,12750,7070.076,4.561715006551,6555.805,2489.623,7323.115
2026-05-19 15:09:21.649,13000,7291.489,23.040368080238,-1988.084,5888.787,7274.691
2026-05-19 15:09:21.761,13250,7361.993,22.290207969145,-1855.182,6004.632,7260.86
2026-05-19 15:09:21.875,13500,7352.909,22.752764403866,-1864.179,6012.692,7342.831
2026-05-19 15:09:21.986,13750,7363.377,22.99132694541,-1853.733,6016.877,7247.95
2026-05-19 15:09:22.098,14000,7251.83,21.600552726895,-1604.95,6000.151,7239.187
2026-05-19 15:09:22.209,14250,7252.498,22.331099050591,-1604.132,6012.692,7231.434
2026-05-19 15:09:22.313,14500,916.681,1.543413111484,915.472,17.924,9809.12
2026-05-19 15:09:22.426,14750,930.85,0.978558383591,929.169,7.051,9790.255
2026-05-19 15:09:22.537,15000,909.307,1.482877121108,907.929,16.153,9855.395
2026-05-19 15:09:22.649,15250,916.067,1.959436873324,914.129,22.609,9785.198
2026-05-19 15:09:22.761,15500,914.542,2.144524237901,912.249,24.437,9815.779
2026-05-19 15:09:22.876,15750,933.641,1.672221995162,931.585,17.755,9728.36
2026-05-19 15:09:22.986,16000,913.472,2.01579246536,911.462,22.798,9716.909
2026-05-19 15:09:22.987,16250,926.311,2.66632422591,923.454,32.585,9571.618
2026-05-19 15:09:23.098,16500,924.297,2.888525382835,921.405,36.342,9589.963
2026-05-19 15:09:23.209,16750,925.762,2.629316311675,923.017,32.141,9679.561
2026-05-19 15:09:23.315,17000,912.993,2.478855709514,909.968,27.858,9589.764
2026-05-19 15:09:23.427,17250,910.618,0.746457044265,907.003,-1.4,9501.381
2026-05-19 15:09:23.539,17500,1003.962,-0.368054329382,1003.927,-6.556,8620.347
2026-05-19 15:09:23.539,17750,979.0,0.0,979.0,0.0,8611.81
2026-05-19 15:09:23.651,18000,979.0,0.0,979.0,0.0,8611.81
2026-05-19 15:09:23.762,18250,998.521,1.555063789786,998.076,26.989,8444.046
2026-05-19 15:09:23.865,18500,989.163,-0.891565544433,988.962,-15.496,8444.046
2026-05-19 15:09:23.976,18750,985.775,-0.594377029622,985.641,-10.331,8473.065
2026-05-19 15:09:23.977,19000,994.033,0.602033080384,993.94,10.55,8403.375
2026-05-19 15:09:24.088,19250,979.0,0.0,979.0,0.0,8318.223
2026-05-19 15:09:24.200,19500,985.101,-1.060159572222,984.887,-18.289,8207.153
2026-05-19 15:09:24.201,19750,974.152,-0.217733426676,974.117,-3.628,8297.795
2026-05-19 15:09:24.315,20000,979.0,0.0,979.0,0.0,8255.872
2026-05-19 15:09:24.426,20250,983.867,0.221851816872,983.83,3.885,8215.823
2026-05-19 15:09:24.538,20500,979.0,0.0,979.0,0.0,8055.627
2026-05-19 15:09:24.538,20750,990.265,-0.792906860143,990.106,-13.807,8117.422
2026-05-19 15:09:24.650,21000,982.869,-0.732996059656,982.732,-12.636,8014.061
2026-05-19 15:09:24.760,21250,979.0,0.0,979.0,0.0,8043.919
2026-05-19 15:09:24.761,21500,979.0,0.0,979.0,0.0,8043.919
2026-05-19 15:09:24.874,21750,979.0,0.0,979.0,0.0,7856.622
2026-05-19 15:09:24.985,22000,1000.678,-1.344840918854,1000.403,-23.486,7856.622
2026-05-19 15:09:24.985,22250,997.03,-0.542018182312,996.919,-9.467,7887.743
2026-05-19 15:09:25.097,22500,983.554,-0.269543553036,983.498,-4.712,7806.873
2026-05-19 15:09:25.097,22750,979.0,0.0,979.0,0.0,7842.522
2026-05-19 15:09:25.209,23000,979.0,0.0,979.0,0.0,7658.862
2026-05-19 15:09:25.312,23250,979.0,0.0,979.0,0.0,7658.862
2026-05-19 15:09:25.313,23500,991.542,0.780339863468,991.387,13.617,7562.798
2026-05-19 15:09:25.423,23750,979.0,0.0,979.0,0.0,7498.755
2026-05-19 15:09:25.534,24000,993.453,-0.743732950823,993.312,-13.02,7572.559
2026-05-19 15:09:25.534,24250,994.13,-0.738198582366,993.991,-12.937,7402.467
2026-05-19 15:09:25.644,24500,989.087,-0.492132388244,988.994,-8.625,7440.213
2026-05-19 15:09:25.645,24750,991.358,0.889406820785,991.157,15.515,7422.788
2026-05-19 15:09:25.755,25000,979.0,0.0,979.0,0.0,7360.845
2026-05-19 15:09:25.867,25250,979.0,0.0,979.0,0.0,7360.845
2026-05-19 15:09:25.868,25500,979.0,0.0,979.0,0.0,7206.363
2026-05-19 15:09:25.978,25750,979.0,0.0,979.0,0.0,7206.363
2026-05-19 15:09:25.979,26000,989.625,0.855252236147,989.44,14.876,7129.545
2026-05-19 15:09:26.090,26250,979.0,0.0,979.0,0.0,7078.333
2026-05-19 15:09:26.090,26500,994.934,1.357730384134,994.584,23.668,6965.422
2026-05-19 15:09:26.200,26750,979.0,0.0,979.0,0.0,6937.194
2026-05-19 15:09:26.201,27000,979.0,0.0,979.0,0.0,6937.194
2026-05-19 15:09:26.313,27250,994.275,1.38987360924,993.907,24.208,6831.029
2026-05-19 15:09:26.314,27500,979.0,0.0,979.0,0.0,6804.488
2026-05-19 15:09:26.426,27750,979.0,0.0,979.0,0.0,6804.488
2026-05-19 15:09:26.536,28000,979.0,0.0,979.0,0.0,6670.342
2026-05-19 15:09:26.536,28250,979.0,0.0,979.0,0.0,6670.342
2026-05-19 15:09:26.649,28500,972.351,-0.713576239161,972.164,-11.984,6602.386
2026-05-19 15:09:26.649,28750,979.0,0.0,979.0,0.0,6557.083
2026-05-19 15:09:26.761,29000,979.0,0.0,979.0,0.0,6557.083
2026-05-19 15:09:26.761,29250,979.0,0.0,979.0,0.0,6439.888
2026-05-19 15:09:26.866,29500,979.0,0.0,979.0,0.0,6439.888
2026-05-19 15:09:26.866,29750,979.0,0.0,979.0,0.0,6329.513
2026-05-19 15:09:26.978,30000,979.0,0.0,979.0,0.0,6329.513
2026-05-19 15:09:26.979,30250,979.0,0.0,979.0,0.0,6329.513
2026-05-19 15:09:27.090,30500,979.0,0.0,979.0,0.0,6231.235
2026-05-19 15:09:27.091,30750,979.0,0.0,979.0,0.0,6231.235
2026-05-19 15:09:27.202,31000,988.434,1.475513866254,987.884,25.609,6172.14
2026-05-19 15:09:27.202,31250,979.0,0.0,979.0,0.0,6132.743
2026-05-19 15:09:27.203,31500,1002.178,-0.471713232655,1002.12,-8.378,5993.062
2026-05-19 15:09:27.314,31750,1002.813,-0.423896784232,1002.766,-7.536,5913.58
2026-05-19 15:09:27.315,32000,979.0,0.0,979.0,0.0,5819.217
2026-05-19 15:09:27.429,32250,979.0,0.0,979.0,0.0,5819.217
2026-05-19 15:09:27.429,32500,979.0,0.0,979.0,0.0,5745.191
2026-05-19 15:09:27.542,32750,979.0,0.0,979.0,0.0,5745.191
2026-05-19 15:09:27.542,33000,979.0,0.0,979.0,0.0,5745.191
2026-05-19 15:09:27.654,33250,979.0,0.0,979.0,0.0,5682.385
2026-05-19 15:09:27.655,33500,979.0,0.0,979.0,0.0,5682.385
2026-05-19 15:09:27.765,33750,991.65,-1.801807779127,990.904,-31.084,5561.688
2026-05-19 15:09:27.766,34000,1006.412,-0.279584273255,1006.392,-5.0,5479.861
2026-05-19 15:09:27.766,34250,979.0,0.0,979.0,0.0,5379.444
2026-05-19 15:09:27.877,34500,976.057,-1.094128711011,975.614,-18.548,5355.188
2026-05-19 15:09:27.879,34750,979.0,0.0,979.0,0.0,5339.018
2026-05-19 15:09:27.992,35000,979.0,0.0,979.0,0.0,5339.018
2026-05-19 15:09:27.992,35250,980.995,1.05666551347,980.577,18.141,5328.193
2026-05-19 15:09:28.104,35500,1007.043,-0.142687029848,1007.038,-2.554,5166.729
2026-05-19 15:09:28.105,35750,979.0,0.0,979.0,0.0,5069.911
2026-05-19 15:09:28.105,36000,979.0,0.0,979.0,0.0,5069.911
2026-05-19 15:09:28.216,36250,979.0,0.0,979.0,0.0,5053.16
2026-05-19 15:09:28.216,36500,979.0,0.0,979.0,0.0,5053.16
2026-05-19 15:09:28.330,36750,978.96,-1.801123266163,977.752,-30.741,5052.854
2026-05-19 15:09:28.331,37000,999.454,0.045523014498,999.453,0.818,4952.326
2026-05-19 15:09:28.331,37250,979.0,0.0,979.0,0.0,4801.84
2026-05-19 15:09:28.443,37500,979.0,0.0,979.0,0.0,4801.84
2026-05-19 15:09:28.444,37750,979.0,0.0,979.0,0.0,4819.526
2026-05-19 15:09:28.555,38000,979.0,0.0,979.0,0.0,4819.526
2026-05-19 15:09:28.556,38250,979.0,0.0,979.0,0.0,4819.526
2026-05-19 15:09:28.556,38500,1012.735,0.187277947978,1012.726,3.384,4662.471
2026-05-19 15:09:28.668,38750,979.0,0.0,979.0,0.0,4591.487
2026-05-19 15:09:28.669,39000,979.0,0.0,979.0,0.0,4591.487
2026-05-19 15:09:28.669,39250,979.0,0.0,979.0,0.0,4591.487
2026-05-19 15:09:28.780,39500,979.0,0.0,979.0,0.0,4591.487
2026-05-19 15:09:28.780,39750,1013.442,0.431288273753,1013.393,7.801,4483.259
2026-05-19 15:09:28.895,40000,979.0,0.0,979.0,0.0,4380.519
2026-05-19 15:09:28.896,40250,979.0,0.0,979.0,0.0,4380.519
2026-05-19 15:09:28.896,40500,979.0,0.0,979.0,0.0,4380.519
2026-05-19 15:09:29.006,40750,985.161,-1.382225605795,984.438,-23.975,4421.872
2026-05-19 15:09:29.007,41000,1004.752,0.43970788259,1004.702,7.842,4337.315
2026-05-19 15:09:29.115,41250,979.0,0.0,979.0,0.0,4262.566
2026-05-19 15:09:29.116,41500,979.0,0.0,979.0,0.0,4262.566
2026-05-19 15:09:29.116,41750,960.683,3.218750224387,959.168,53.941,4343.838
2026-05-19 15:09:29.227,42000,979.0,0.0,979.0,0.0,4343.838
2026-05-19 15:09:29.228,42250,968.087,-0.249717235982,968.043,-4.029,4150.145
2026-05-19 15:09:29.228,42500,979.0,0.0,979.0,0.0,4101.722
2026-05-19 15:09:29.330,42750,979.0,0.0,979.0,0.0,4101.722
2026-05-19 15:09:29.331,43000,979.0,0.0,979.0,0.0,4101.722
2026-05-19 15:09:29.445,43250,979.0,0.0,979.0,0.0,4198.29
2026-05-19 15:09:29.445,43500,1014.248,0.949495797004,1014.011,17.195,4055.69
2026-05-19 15:09:29.446,43750,979.0,0.0,979.0,0.0,3960.624
2026-05-19 15:09:29.557,44000,979.0,0.0,979.0,0.0,3960.624
2026-05-19 15:09:29.557,44250,979.0,0.0,979.0,0.0,3960.624
2026-05-19 15:09:29.558,44500,979.0,0.0,979.0,0.0,3960.624
2026-05-19 15:09:29.668,44750,979.0,0.0,979.0,0.0,3861.35
2026-05-19 15:09:29.668,45000,979.0,0.0,979.0,0.0,3861.35
2026-05-19 15:09:29.668,45250,979.0,0.0,979.0,0.0,3861.35
2026-05-19 15:09:29.780,45500,979.0,0.0,979.0,0.0,3861.35
2026-05-19 15:09:29.780,45750,979.0,0.0,979.0,0.0,3861.35
2026-05-19 15:09:29.781,46000,979.0,0.0,979.0,0.0,3655.855
2026-05-19 15:09:29.891,46250,987.963,-0.729824856192,987.548,-13.032,3789.732
2026-05-19 15:09:29.892,46500,979.0,0.0,979.0,0.0,3823.201
2026-05-19 15:09:29.892,46750,979.0,0.0,979.0,0.0,3823.201
2026-05-19 15:09:30.005,47000,989.669,0.476553703812,989.491,8.584,3783.688
2026-05-19 15:09:30.006,47250,979.0,0.0,979.0,0.0,3625.638
2026-05-19 15:09:30.006,47500,979.0,0.0,979.0,0.0,3625.638
2026-05-19 15:09:30.115,47750,979.0,0.0,979.0,0.0,3625.638
2026-05-19 15:09:30.116,48000,979.0,0.0,979.0,0.0,3625.638
2026-05-19 15:09:30.116,48250,979.0,0.0,979.0,0.0,3625.638
2026-05-19 15:09:30.227,48500,979.0,0.0,979.0,0.0,3618.973
2026-05-19 15:09:30.228,48750,979.0,0.0,979.0,0.0,3618.973
2026-05-19 15:09:30.228,49000,979.0,0.0,979.0,0.0,3618.973
2026-05-19 15:09:30.345,49250,949.632,-1.860441955751,948.815,-30.185,3546.598
2026-05-19 15:09:30.346,49500,979.0,0.0,979.0,0.0,3438.037
2026-05-19 15:09:30.346,49750,979.0,0.0,979.0,0.0,3438.037
2026-05-19 15:09:30.459,50000,979.0,0.0,979.0,0.0,3438.037
2026-05-19 15:09:30.460,50250,979.0,0.0,979.0,0.0,3438.037
2026-05-19 15:09:30.460,50500,979.0,0.0,979.0,0.0,3438.037
2026-05-19 15:09:30.460,50750,1012.809,2.292142813005,1011.429,41.389,3325.769
2026-05-19 15:09:30.571,51000,990.913,-0.506338221994,990.71,-9.175,3409.16
2026-05-19 15:09:30.571,51250,979.0,0.0,979.0,0.0,3448.719
2026-05-19 15:09:30.571,51500,979.0,0.0,979.0,0.0,3448.719
2026-05-19 15:09:30.682,51750,979.0,0.0,979.0,0.0,3448.719
2026-05-19 15:09:30.683,52000,979.0,0.0,979.0,0.0,3448.719
2026-05-19 15:09:30.683,52250,979.0,0.0,979.0,0.0,3304.868
2026-05-19 15:09:30.683,52500,979.0,0.0,979.0,0.0,3304.868
2026-05-19 15:09:30.794,52750,979.0,0.0,979.0,0.0,3304.868
2026-05-19 15:09:30.794,53000,979.0,0.0,979.0,0.0,3304.868
2026-05-19 15:09:30.795,53250,979.0,0.0,979.0,0.0,3304.868
2026-05-19 15:09:30.905,53500,979.0,0.0,979.0,0.0,3304.868
2026-05-19 15:09:30.905,53750,979.0,0.0,979.0,0.0,3181.295
2026-05-19 15:09:30.905,54000,979.0,0.0,979.0,0.0,3181.295
2026-05-19 15:09:31.017,54250,979.0,0.0,979.0,0.0,3181.295
2026-05-19 15:09:31.018,54500,979.0,0.0,979.0,0.0,3181.295
2026-05-19 15:09:31.018,54750,979.0,0.0,979.0,0.0,3181.295
2026-05-19 15:09:31.019,55000,979.0,0.0,979.0,0.0,3181.295
2026-05-19 15:09:31.130,55250,979.0,0.0,979.0,0.0,3181.295
2026-05-19 15:09:31.131,55500,972.113,-0.840453166474,971.605,-13.843,3091.773
2026-05-19 15:09:31.131,55750,979.0,0.0,979.0,0.0,3069.393
2026-05-19 15:09:31.243,56000,979.0,0.0,979.0,0.0,3069.393
2026-05-19 15:09:31.244,56250,979.0,0.0,979.0,0.0,3069.393
2026-05-19 15:09:31.245,56500,979.0,0.0,979.0,0.0,3069.393
2026-05-19 15:09:31.245,56750,979.0,0.0,979.0,0.0,3069.393
2026-05-19 15:09:31.360,57000,979.0,0.0,979.0,0.0,3069.393
2026-05-19 15:09:31.360,57250,979.0,0.0,979.0,0.0,3069.393
2026-05-19 15:09:31.360,57500,979.0,0.0,979.0,0.0,3069.393
2026-05-19 15:09:31.475,57750,985.648,0.971603463493,984.921,17.145,3049.235
2026-05-19 15:09:31.476,58000,967.109,5.73639484069,962.235,96.198,3111.581
2026-05-19 15:09:31.476,58250,920.802,1.171170030966,920.565,18.522,3159.241
2026-05-19 15:09:31.477,58500,906.252,1.463962538707,905.957,23.153,3206.9
2026-05-19 15:09:31.586,58750,991.479,2.621942867267,989.735,45.708,3166.872
2026-05-19 15:09:31.586,59000,999.799,4.369904778779,996.892,76.18,3140.187
2026-05-19 15:09:31.587,59250,979.0,0.0,979.0,0.0,3140.187
2026-05-19 15:09:31.697,59500,958.634,-4.369904778779,955.847,-73.043,3206.9
2026-05-19 15:09:31.698,59750,1035.586,-5.833867317486,1030.223,-105.261,2968.602
2026-05-19 15:09:31.698,60000,979.0,0.0,979.0,0.0,2968.602
2026-05-19 15:09:31.809,60250,979.0,0.0,979.0,0.0,2968.602
2026-05-19 15:09:31.809,60500,979.0,0.0,979.0,0.0,2968.602
2026-05-19 15:09:31.810,60750,979.0,0.0,979.0,0.0,2968.602
2026-05-19 15:09:31.810,61000,979.0,0.0,979.0,0.0,2968.602
2026-05-19 15:09:31.920,61250,979.0,0.0,979.0,0.0,2968.602
2026-05-19 15:09:31.920,61500,979.0,0.0,979.0,0.0,2968.602
2026-05-19 15:09:31.921,61750,979.0,0.0,979.0,0.0,2968.602
2026-05-19 15:09:31.921,62000,979.0,0.0,979.0,0.0,2968.602
2026-05-19 15:09:32.033,62250,979.0,0.0,979.0,0.0,2968.602
2026-05-19 15:09:32.034,62500,979.0,0.0,979.0,0.0,2968.602
2026-05-19 15:09:32.034,62750,979.0,0.0,979.0,0.0,2968.602
2026-05-19 15:09:32.035,63000,979.0,0.0,979.0,0.0,2968.602
2026-05-19 15:09:32.144,63250,979.0,0.0,979.0,0.0,2736.319
2026-05-19 15:09:32.145,63500,979.0,0.0,979.0,0.0,2736.319
2026-05-19 15:09:32.145,63750,979.0,0.0,979.0,0.0,2736.319
2026-05-19 15:09:32.146,64000,979.0,0.0,979.0,0.0,2736.319
2026-05-19 15:09:32.248,64250,979.0,0.0,979.0,0.0,2736.319
2026-05-19 15:09:32.249,64500,979.0,0.0,979.0,0.0,2736.319
2026-05-19 15:09:32.249,64750,979.0,0.0,979.0,0.0,2736.319
2026-05-19 15:09:32.250,65000,979.0,0.0,979.0,0.0,2736.319
2026-05-19 15:09:32.360,65250,979.0,0.0,979.0,0.0,2736.319
2026-05-19 15:09:32.361,65500,979.0,0.0,979.0,0.0,2736.319
2026-05-19 15:09:32.361,65750,979.0,0.0,979.0,0.0,2736.319
2026-05-19 15:09:32.362,66000,2756.364,-4.852030027709,2582.113,-810.734,2243.361
2026-05-19 15:09:32.475,66250,2756.364,-4.852030027709,2582.113,-810.734,2243.361
2026-05-19 15:09:32.475,66500,2756.364,-4.852030027709,2582.113,-810.734,2243.361
2026-05-19 15:09:32.476,66750,2756.364,-4.852030027709,2582.113,-810.734,2243.361
2026-05-19 15:09:32.476,67000,2794.739,-5.708733613089,2620.187,-826.803,2145.675
2026-05-19 15:09:32.586,67250,2580.259,-4.423678235018,2448.01,-676.632,2047.988
2026-05-19 15:09:32.587,67500,2580.259,-4.423678235018,2448.01,-676.632,2047.988
2026-05-19 15:09:32.587,67750,2580.259,-4.423678235018,2448.01,-676.632,2047.988
2026-05-19 15:09:32.587,68000,2580.259,-4.423678235018,2448.01,-676.632,2047.988
2026-05-19 15:09:32.697,68250,2580.259,-4.423678235018,2448.01,-676.632,2047.988
2026-05-19 15:09:32.698,68500,2580.259,-4.423678235018,2448.01,-676.632,2047.988
2026-05-19 15:09:32.698,68750,2544.494,-8.877878765465,2408.719,-749.15,2143.386
2026-05-19 15:09:32.699,69000,2544.494,-8.877878765465,2408.719,-749.15,2143.386
2026-05-19 15:09:32.808,69250,2666.249,-3.310128102407,2588.231,-536.41,2143.386
2026-05-19 15:09:32.808,69500,2666.249,-3.310128102407,2588.231,-536.41,2143.386
2026-05-19 15:09:32.809,69750,2666.249,-3.310128102407,2588.231,-536.41,2143.386
2026-05-19 15:09:32.809,70000,2666.249,-3.310128102407,2588.231,-536.41,2143.386
2026-05-19 15:09:32.920,70250,2666.249,-3.310128102407,2588.231,-536.41,2143.386
2026-05-19 15:09:32.921,70500,2666.249,-3.310128102407,2588.231,-536.41,2143.386
2026-05-19 15:09:32.921,70750,2666.249,-3.310128102407,2588.231,-536.41,2143.386
2026-05-19 15:09:32.922,71000,2666.249,-3.310128102407,2588.231,-536.41,2143.386
2026-05-19 15:09:33.033,71250,2666.249,-3.310128102407,2588.231,-536.41,2143.386
2026-05-19 15:09:33.034,71500,2687.142,-3.983753539058,2608.75,-549.141,2093.03
2026-05-19 15:09:33.034,71750,2749.822,-6.004629849013,2670.307,-587.334,1941.96
2026-05-19 15:09:33.035,72000,2484.688,-2.636502665755,2439.852,-388.031,1941.96
2026-05-19 15:09:33.146,72250,2531.356,2.182209825851,2481.937,-300.949,1835.808
2026-05-19 15:09:33.146,72500,2531.356,2.182209825851,2481.937,-300.949,1835.808
2026-05-19 15:09:33.147,72750,2531.356,2.182209825851,2481.937,-300.949,1835.808
2026-05-19 15:09:33.147,73000,2389.005,-3.841180788657,2299.63,-528.252,1835.808
2026-05-19 15:09:33.263,73250,2389.005,-3.841180788657,2299.63,-528.252,1835.808
2026-05-19 15:09:33.264,73500,2389.005,-3.841180788657,2299.63,-528.252,1835.808
2026-05-19 15:09:33.264,73750,2389.005,-3.841180788657,2299.63,-528.252,1835.808
2026-05-19 15:09:33.265,74000,2389.005,-3.841180788657,2299.63,-528.252,1835.808
2026-05-19 15:09:33.378,74250,2389.005,-3.841180788657,2299.63,-528.252,1835.808
2026-05-19 15:09:33.378,74500,2389.005,-3.841180788657,2299.63,-528.252,1835.808
2026-05-19 15:09:33.379,74750,2389.005,-3.841180788657,2299.63,-528.252,1835.808
2026-05-19 15:09:33.379,75000,2389.005,-3.841180788657,2299.63,-528.252,1835.808
2026-05-19 15:09:33.492,75250,2389.005,-3.841180788657,2299.63,-528.252,1835.808
2026-05-19 15:09:33.492,75500,2389.005,-3.841180788657,2299.63,-528.252,1835.808
2026-05-19 15:09:33.493,75750,2389.005,-3.841180788657,2299.63,-528.252,1835.808
2026-05-19 15:09:33.493,76000,2389.005,-3.841180788657,2299.63,-528.252,1835.808
2026-05-19 15:09:33.494,76250,2389.005,-3.841180788657,2299.63,-528.252,1835.808
2026-05-19 15:09:33.604,76500,2389.005,-3.841180788657,2299.63,-528.252,1835.808
2026-05-19 15:09:33.604,76750,2389.005,-3.841180788657,2299.63,-528.252,1835.808
2026-05-19 15:09:33.605,77000,2389.005,-3.841180788657,2299.63,-528.252,1835.808
2026-05-19 15:09:33.605,77250,2389.005,-3.841180788657,2299.63,-528.252,1835.808
2026-05-19 15:09:33.605,77500,2223.144,-3.19409559132,2167.567,-396.189,1651.799
2026-05-19 15:09:33.716,77750,2223.144,-3.19409559132,2167.567,-396.189,1651.799
2026-05-19 15:09:33.716,78000,2223.144,-3.19409559132,2167.567,-396.189,1651.799
2026-05-19 15:09:33.717,78250,2223.144,-3.19409559132,2167.567,-396.189,1651.799
2026-05-19 15:09:33.717,78500,2223.144,-3.19409559132,2167.567,-396.189,1651.799
2026-05-19 15:09:33.718,78750,2223.144,-3.19409559132,2167.567,-396.189,1651.799
2026-05-19 15:09:33.828,79000,2223.144,-3.19409559132,2167.567,-396.189,1651.799
2026-05-19 15:09:33.828,79250,2223.144,-3.19409559132,2167.567,-396.189,1651.799
2026-05-19 15:09:33.829,79500,2223.144,-3.19409559132,2167.567,-396.189,1651.799
2026-05-19 15:09:33.829,79750,2223.144,-3.19409559132,2167.567,-396.189,1651.799
2026-05-19 15:09:33.829,80000,2223.144,-3.19409559132,2167.567,-396.189,1651.799
2026-05-19 15:09:33.940,80250,2223.144,-3.19409559132,2167.567,-396.189,1651.799
2026-05-19 15:09:33.940,80500,2223.144,-3.19409559132,2167.567,-396.189,1651.799
2026-05-19 15:09:33.941,80750,2223.144,-3.19409559132,2167.567,-396.189,1651.799
2026-05-19 15:09:33.941,81000,2223.144,-3.19409559132,2167.567,-396.189,1651.799
2026-05-19 15:09:33.941,81250,2223.144,-3.19409559132,2167.567,-396.189,1651.799
2026-05-19 15:09:34.055,81500,2234.449,-1.858935650637,2177.468,-372.113,1629.999
2026-05-19 15:09:34.056,81750,2133.856,-5.864415472687,2027.64,-545.692,1586.399
2026-05-19 15:09:34.056,82000,2144.544,-4.529255532003,2039.583,-524.173,1564.599
2026-05-19 15:09:34.056,82250,2144.544,-4.529255532003,2039.583,-524.173,1564.599
2026-05-19 15:09:34.057,82500,2144.544,-4.529255532003,2039.583,-524.173,1564.599
2026-05-19 15:09:34.167,82750,2144.544,-4.529255532003,2039.583,-524.173,1564.599
2026-05-19 15:09:34.168,83000,2171.142,-5.177264661541,2065.826,-536.743,1519.443
2026-05-19 15:09:34.168,83250,1981.732,-3.881246402465,1913.639,-398.229,1383.973
2026-05-19 15:09:34.168,83500,1981.732,-3.881246402465,1913.639,-398.229,1383.973
2026-05-19 15:09:34.169,83750,1981.732,-3.881246402465,1913.639,-398.229,1383.973
2026-05-19 15:09:34.279,84000,1981.732,-3.881246402465,1913.639,-398.229,1383.973
2026-05-19 15:09:34.280,84250,1981.732,-3.881246402465,1913.639,-398.229,1383.973
2026-05-19 15:09:34.280,84500,1981.732,-3.881246402465,1913.639,-398.229,1383.973
2026-05-19 15:09:34.281,84750,1981.732,-3.881246402465,1913.639,-398.229,1383.973
2026-05-19 15:09:34.281,85000,1981.732,-3.881246402465,1913.639,-398.229,1383.973
2026-05-19 15:09:34.393,85250,1981.732,-3.881246402465,1913.639,-398.229,1383.973
2026-05-19 15:09:34.394,85500,1981.732,-3.881246402465,1913.639,-398.229,1383.973
2026-05-19 15:09:34.394,85750,1981.732,-3.881246402465,1913.639,-398.229,1383.973
2026-05-19 15:09:34.395,86000,1981.732,-3.881246402465,1913.639,-398.229,1383.973
2026-05-19 15:09:34.395,86250,1981.732,-3.881246402465,1913.639,-398.229,1383.973
2026-05-19 15:09:34.507,86500,1981.732,-3.881246402465,1913.639,-398.229,1383.973
2026-05-19 15:09:34.507,86750,1981.732,-3.881246402465,1913.639,-398.229,1383.973
2026-05-19 15:09:34.508,87000,1981.732,-3.881246402465,1913.639,-398.229,1383.973
2026-05-19 15:09:34.508,87250,1981.732,-3.881246402465,1913.639,-398.229,1383.973
2026-05-19 15:09:34.508,87500,1981.732,-3.881246402465,1913.639,-398.229,1383.973
2026-05-19 15:09:34.618,87750,1981.732,-3.881246402465,1913.639,-398.229,1383.973
2026-05-19 15:09:34.619,88000,1981.732,-3.881246402465,1913.639,-398.229,1383.973
2026-05-19 15:09:34.619,88250,1981.732,-3.881246402465,1913.639,-398.229,1383.973
2026-05-19 15:09:34.620,88500,1981.732,-3.881246402465,1913.639,-398.229,1383.973
2026-05-19 15:09:34.731,88750,1981.732,-3.881246402465,1913.639,-398.229,1383.973
2026-05-19 15:09:34.732,89000,2043.28,-5.640647552522,1973.852,-432.982,1293.674
2026-05-19 15:09:34.732,89250,1818.944,-3.001545827437,1783.616,-268.205,1203.374
2026-05-19 15:09:34.733,89500,1818.944,-3.001545827437,1783.616,-268.205,1203.374
2026-05-19 15:09:34.733,89750,1818.944,-3.001545827437,1783.616,-268.205,1203.374
2026-05-19 15:09:34.843,90000,1818.944,-3.001545827437,1783.616,-268.205,1203.374
2026-05-19 15:09:34.844,90250,1677.442,-12.903539395127,1577.826,-526.512,1203.374
2026-05-19 15:09:34.844,90500,1738.37,-4.981944540975,1649.513,-402.308,1113.985
2026-05-19 15:09:34.845,90750,1738.37,-4.981944540975,1649.513,-402.308,1113.985
2026-05-19 15:09:34.845,91000,1738.37,-4.981944540975,1649.513,-402.308,1113.985
2026-05-19 15:09:34.957,91250,1738.37,-4.981944540975,1649.513,-402.308,1113.985
2026-05-19 15:09:34.958,91500,1738.37,-4.981944540975,1649.513,-402.308,1113.985
2026-05-19 15:09:34.958,91750,1738.37,-4.981944540975,1649.513,-402.308,1113.985
2026-05-19 15:09:34.958,92000,1738.37,-4.981944540975,1649.513,-402.308,1113.985
2026-05-19 15:09:34.959,92250,1738.37,-4.981944540975,1649.513,-402.308,1113.985
2026-05-19 15:09:35.070,92500,1738.37,-4.981944540975,1649.513,-402.308,1113.985
2026-05-19 15:09:35.071,92750,1738.37,-4.981944540975,1649.513,-402.308,1113.985
2026-05-19 15:09:35.071,93000,1738.37,-4.981944540975,1649.513,-402.308,1113.985
2026-05-19 15:09:35.072,93250,1738.37,-4.981944540975,1649.513,-402.308,1113.985
2026-05-19 15:09:35.072,93500,1738.37,-4.981944540975,1649.513,-402.308,1113.985
2026-05-19 15:09:35.182,93750,1738.37,-4.981944540975,1649.513,-402.308,1113.985
2026-05-19 15:09:35.183,94000,1738.37,-4.981944540975,1649.513,-402.308,1113.985
2026-05-19 15:09:35.183,94250,1738.37,-4.981944540975,1649.513,-402.308,1113.985
2026-05-19 15:09:35.183,94500,1738.37,-4.981944540975,1649.513,-402.308,1113.985
2026-05-19 15:09:35.184,94750,1738.37,-4.981944540975,1649.513,-402.308,1113.985
2026-05-19 15:09:35.298,95000,1738.37,-4.981944540975,1649.513,-402.308,1113.985
2026-05-19 15:09:35.299,95250,1831.319,-7.006911967511,1740.571,-445.065,1012.348
2026-05-19 15:09:35.300,95500,1555.145,-3.969460827707,1509.292,-262.086,910.712
2026-05-19 15:09:35.300,95750,1555.145,-3.969460827707,1509.292,-262.086,910.712
2026-05-19 15:09:35.300,96000,1555.145,-3.969460827707,1509.292,-262.086,910.712
2026-05-19 15:09:35.409,96250,1555.145,-3.969460827707,1509.292,-262.086,910.712
2026-05-19 15:09:35.410,96500,1555.145,-3.969460827707,1509.292,-262.086,910.712
2026-05-19 15:09:35.410,96750,1555.145,-3.969460827707,1509.292,-262.086,910.712
2026-05-19 15:09:35.411,97000,1555.145,-3.969460827707,1509.292,-262.086,910.712
2026-05-19 15:09:35.411,97250,1555.145,-3.969460827707,1509.292,-262.086,910.712
2026-05-19 15:09:35.523,97500,1555.145,-3.969460827707,1509.292,-262.086,910.712
2026-05-19 15:09:35.523,97750,1555.145,-3.969460827707,1509.292,-262.086,910.712
2026-05-19 15:09:35.524,98000,1555.145,-3.969460827707,1509.292,-262.086,910.712
2026-05-19 15:09:35.524,98250,1555.145,-3.969460827707,1509.292,-262.086,910.712
2026-05-19 15:09:35.525,98500,1555.145,-3.969460827707,1509.292,-262.086,910.712
2026-05-19 15:09:35.635,98750,1555.145,-3.969460827707,1509.292,-262.086,910.712
2026-05-19 15:09:35.635,99000,1555.145,-3.969460827707,1509.292,-262.086,910.712
2026-05-19 15:09:35.635,99250,1555.145,-3.969460827707,1509.292,-262.086,910.712
2026-05-19 15:09:35.636,99500,1555.145,-3.969460827707,1509.292,-262.086,910.712
2026-05-19 15:09:35.636,99750,1555.145,-3.969460827707,1509.292,-262.086,910.712
2026-05-19 15:09:35.747,100000,1555.145,-3.969460827707,1509.292,-262.086,910.712
2026-05-19 15:09:36.298,10000,7259.702,5.060885529753,6458.234,3107.61,7458.171
2026-05-19 15:09:36.410,10250,7479.576,24.137084093932,-2634.122,5758.764,7483.357
2026-05-19 15:09:36.522,10500,7256.829,5.76198128343,6455.545,3119.675,7485.225
2026-05-19 15:09:36.746,10750,7266.262,6.236606095335,6464.896,3127.822,7398.632
2026-05-19 15:09:36.856,11000,7320.632,5.717261094539,6596.909,2990.555,7390.716
2026-05-19 15:09:36.966,11250,7131.105,5.360624374088,6449.094,2862.437,7340.947
2026-05-19 15:09:37.078,11500,7131.105,5.360624374088,6449.094,2862.437,7340.947
2026-05-19 15:09:37.188,11750,7181.629,5.064642740556,6566.799,2736.762,7398.926
2026-05-19 15:09:37.408,12000,7181.629,5.064642740556,6566.799,2736.762,7398.926
2026-05-19 15:09:37.520,12250,7401.788,23.439745551058,-2242.012,5886.747,7397.058
2026-05-19 15:09:37.632,12500,7476.335,23.151944105242,-2097.086,6014.84,7304.867
2026-05-19 15:09:37.743,12750,7070.076,4.561715006551,6555.805,2489.623,7323.115
2026-05-19 15:09:37.853,13000,7291.489,23.040368080238,-1988.084,5888.787,7274.691
2026-05-19 15:09:37.964,13250,7361.993,22.290207969145,-1855.182,6004.632,7260.86
2026-05-19 15:09:38.079,13500,7352.909,22.752764403866,-1864.179,6012.692,7342.831
2026-05-19 15:09:38.191,13750,7368.611,23.110608216182,-1848.51,6018.969,7200.509
2026-05-19 15:09:38.297,14000,7253.991,21.298168644393,-1602.857,5994.928,7219.596
2026-05-19 15:09:38.407,14250,7252.498,22.331099050591,-1604.132,6012.692,7231.434
2026-05-19 15:09:38.517,14500,916.681,1.543413111484,915.472,17.924,9809.12
2026-05-19 15:09:38.630,14750,936.383,0.753457384061,934.664,3.096,9740.35
2026-05-19 15:09:38.741,15000,912.335,1.566443530958,910.962,17.559,9827.317
2026-05-19 15:09:38.853,15250,916.067,1.959436873324,914.129,22.609,9785.198
2026-05-19 15:09:38.965,15500,914.542,2.144524237901,912.249,24.437,9815.779
2026-05-19 15:09:38.966,15750,941.281,1.516755007072,939.206,14.995,9660.37
2026-05-19 15:09:39.079,16000,913.472,2.01579246536,911.462,22.798,9716.909
2026-05-19 15:09:39.191,16250,926.311,2.66632422591,923.454,32.585,9571.618
2026-05-19 15:09:39.296,16500,931.275,2.81812758991,928.402,35.244,9527.952
2026-05-19 15:09:39.408,16750,930.621,2.785044399441,927.857,34.868,9636.355
2026-05-19 15:09:39.520,17000,912.993,2.478855709514,909.968,27.858,9589.764
2026-05-19 15:09:39.634,17250,910.618,0.746457044265,907.003,-1.4,9501.381
2026-05-19 15:09:39.634,17500,1012.283,-0.490739105842,1012.237,-8.741,8548.305
2026-05-19 15:09:39.744,17750,979.0,0.0,979.0,0.0,8611.81
2026-05-19 15:09:39.859,18000,979.0,0.0,979.0,0.0,8611.81
2026-05-19 15:09:39.971,18250,1001.941,1.257875274975,1001.647,21.923,8415.028
2026-05-19 15:09:39.972,18500,992.551,-1.188754059244,992.283,-20.661,8415.028
2026-05-19 15:09:40.082,18750,989.163,-0.891565544433,988.962,-15.496,8444.046
2026-05-19 15:09:40.197,19000,999.044,0.802710773845,998.921,14.066,8360.799
2026-05-19 15:09:40.313,19250,979.0,0.0,979.0,0.0,8318.223
2026-05-19 15:09:40.314,19500,988.75,-1.340968287404,988.476,-23.176,8176.939
2026-05-19 15:09:40.424,19750,977.801,-0.498542141858,977.707,-8.515,8267.581
2026-05-19 15:09:40.536,20000,979.0,0.0,979.0,0.0,8255.872
2026-05-19 15:09:40.537,20250,988.734,0.443703633743,988.659,7.769,8175.774
2026-05-19 15:09:40.649,20500,979.0,0.0,979.0,0.0,8055.627
2026-05-19 15:09:40.761,20750,994.02,-1.057209146857,993.808,-18.409,8086.525
2026-05-19 15:09:40.873,21000,982.869,-0.732996059656,982.732,-12.636,8014.061
2026-05-19 15:09:40.873,21250,979.0,0.0,979.0,0.0,8043.919
2026-05-19 15:09:40.984,21500,979.0,0.0,979.0,0.0,8043.919
2026-05-19 15:09:41.096,21750,979.0,0.0,979.0,0.0,7856.622
2026-05-19 15:09:41.097,22000,1000.678,-1.344840918854,1000.403,-23.486,7856.622
2026-05-19 15:09:41.209,22250,1006.388,-0.546099997083,1006.278,-9.54,7814.48
2026-05-19 15:09:41.210,22500,983.554,-0.269543553036,983.498,-4.712,7806.873
2026-05-19 15:09:41.329,22750,979.0,0.0,979.0,0.0,7842.522
2026-05-19 15:09:41.440,23000,979.0,0.0,979.0,0.0,7658.862
2026-05-19 15:09:41.440,23250,979.0,0.0,979.0,0.0,7658.862
2026-05-19 15:09:41.551,23500,995.722,1.040453151291,995.516,18.156,7530.776
2026-05-19 15:09:41.551,23750,979.0,0.0,979.0,0.0,7498.755
2026-05-19 15:09:41.662,24000,998.271,-0.99164393443,998.083,-17.36,7535.657
2026-05-19 15:09:41.771,24250,999.174,-0.984264776488,998.988,-17.25,7364.722
2026-05-19 15:09:41.771,24500,994.13,-0.738198582366,993.991,-12.937,7402.467
2026-05-19 15:09:41.889,24750,995.477,1.185875761046,995.21,20.687,7391.817
2026-05-19 15:09:41.889,25000,979.0,0.0,979.0,0.0,7360.845
2026-05-19 15:09:42.000,25250,979.0,0.0,979.0,0.0,7360.845
2026-05-19 15:09:42.113,25500,979.0,0.0,979.0,0.0,7206.363
2026-05-19 15:09:42.114,25750,979.0,0.0,979.0,0.0,7206.363
2026-05-19 15:09:42.226,26000,993.166,1.140336314863,992.919,19.835,7103.939
2026-05-19 15:09:42.227,26250,979.0,0.0,979.0,0.0,7078.333
2026-05-19 15:09:42.344,26500,994.934,1.357730384134,994.584,23.668,6965.422
2026-05-19 15:09:42.344,26750,979.0,0.0,979.0,0.0,6937.194
2026-05-19 15:09:42.456,27000,979.0,0.0,979.0,0.0,6937.194
2026-05-19 15:09:42.456,27250,998.093,1.73734201155,997.634,30.26,6804.488
2026-05-19 15:09:42.568,27500,979.0,0.0,979.0,0.0,6804.488
2026-05-19 15:09:42.569,27750,979.0,0.0,979.0,0.0,6804.488
2026-05-19 15:09:42.681,28000,979.0,0.0,979.0,0.0,6670.342
2026-05-19 15:09:42.682,28250,979.0,0.0,979.0,0.0,6670.342
2026-05-19 15:09:42.794,28500,975.675,-0.35678811958,975.582,-5.992,6579.735
2026-05-19 15:09:42.794,28750,979.0,0.0,979.0,0.0,6557.083
2026-05-19 15:09:42.905,29000,979.0,0.0,979.0,0.0,6557.083
2026-05-19 15:09:42.906,29250,979.0,0.0,979.0,0.0,6439.888
2026-05-19 15:09:43.019,29500,979.0,0.0,979.0,0.0,6439.888
2026-05-19 15:09:43.019,29750,979.0,0.0,979.0,0.0,6329.513
2026-05-19 15:09:43.134,30000,979.0,0.0,979.0,0.0,6329.513
2026-05-19 15:09:43.134,30250,979.0,0.0,979.0,0.0,6329.513
2026-05-19 15:09:43.246,30500,979.0,0.0,979.0,0.0,6231.235
2026-05-19 15:09:43.248,30750,979.0,0.0,979.0,0.0,6231.235
2026-05-19 15:09:43.362,31000,991.578,1.967351821673,990.845,34.145,6152.441
2026-05-19 15:09:43.363,31250,979.0,0.0,979.0,0.0,6132.743
2026-05-19 15:09:43.474,31500,1002.178,-0.471713232655,1002.12,-8.378,5993.062
2026-05-19 15:09:43.475,31750,1010.75,-0.56519571231,1010.688,-10.049,5866.398
2026-05-19 15:09:43.585,32000,979.0,0.0,979.0,0.0,5819.217
2026-05-19 15:09:43.586,32250,979.0,0.0,979.0,0.0,5819.217
2026-05-19 15:09:43.699,32500,979.0,0.0,979.0,0.0,5745.191
2026-05-19 15:09:43.700,32750,979.0,0.0,979.0,0.0,5745.191
2026-05-19 15:09:43.700,33000,979.0,0.0,979.0,0.0,5745.191
2026-05-19 15:09:43.811,33250,979.0,0.0,979.0,0.0,5682.385
2026-05-19 15:09:43.811,33500,979.0,0.0,979.0,0.0,5682.385
2026-05-19 15:09:43.922,33750,1002.576,-1.364361537297,1002.031,-23.769,5501.1
2026-05-19 15:09:43.922,34000,1015.549,-0.372779031006,1015.522,-6.667,5429.652
2026-05-19 15:09:44.033,34250,979.0,0.0,979.0,0.0,5379.444
2026-05-19 15:09:44.033,34500,977.529,-0.547064355506,977.307,-9.274,5347.103
2026-05-19 15:09:44.033,34750,979.0,0.0,979.0,0.0,5339.018
2026-05-19 15:09:44.144,35000,979.0,0.0,979.0,0.0,5339.018
2026-05-19 15:09:44.146,35250,981.993,1.584998270204,981.365,27.211,5322.78
2026-05-19 15:09:44.249,35500,1016.391,-0.190249373131,1016.384,-3.406,5118.32
2026-05-19 15:09:44.249,35750,979.0,0.0,979.0,0.0,5069.911
2026-05-19 15:09:44.361,36000,979.0,0.0,979.0,0.0,5069.911
2026-05-19 15:09:44.362,36250,979.0,0.0,979.0,0.0,5053.16
2026-05-19 15:09:44.473,36500,979.0,0.0,979.0,0.0,5053.16
2026-05-19 15:09:44.473,36750,978.98,-0.900561633081,978.376,-15.37,5052.751
2026-05-19 15:09:44.474,37000,1009.681,0.068284521747,1009.68,1.228,4902.164
2026-05-19 15:09:44.585,37250,979.0,0.0,979.0,0.0,4801.84
2026-05-19 15:09:44.585,37500,979.0,0.0,979.0,0.0,4801.84
2026-05-19 15:09:44.698,37750,979.0,0.0,979.0,0.0,4819.526
2026-05-19 15:09:44.699,38000,979.0,0.0,979.0,0.0,4819.526
2026-05-19 15:09:44.699,38250,979.0,0.0,979.0,0.0,4819.526
2026-05-19 15:09:44.809,38500,1023.98,0.249703930638,1023.968,4.512,4610.12
2026-05-19 15:09:44.809,38750,979.0,0.0,979.0,0.0,4591.487
2026-05-19 15:09:44.810,39000,979.0,0.0,979.0,0.0,4591.487
2026-05-19 15:09:44.921,39250,979.0,0.0,979.0,0.0,4591.487
2026-05-19 15:09:44.921,39500,979.0,0.0,979.0,0.0,4591.487
2026-05-19 15:09:45.037,39750,1024.923,0.575051031671,1024.857,10.402,4431.889
2026-05-19 15:09:45.038,40000,979.0,0.0,979.0,0.0,4380.519
2026-05-19 15:09:45.038,40250,979.0,0.0,979.0,0.0,4380.519
2026-05-19 15:09:45.148,40500,979.0,0.0,979.0,0.0,4380.519
2026-05-19 15:09:45.149,40750,985.161,-1.382225605795,984.438,-23.975,4421.872
2026-05-19 15:09:45.149,41000,1013.336,0.586277176787,1013.269,10.456,4299.941
2026-05-19 15:09:45.263,41250,979.0,0.0,979.0,0.0,4262.566
2026-05-19 15:09:45.264,41500,979.0,0.0,979.0,0.0,4262.566
2026-05-19 15:09:45.377,41750,960.683,3.218750224387,959.168,53.941,4343.838
2026-05-19 15:09:45.378,42000,979.0,0.0,979.0,0.0,4343.838
2026-05-19 15:09:45.378,42250,979.0,0.0,979.0,0.0,4101.722
2026-05-19 15:09:45.489,42500,979.0,0.0,979.0,0.0,4101.722
2026-05-19 15:09:45.489,42750,979.0,0.0,979.0,0.0,4101.722
2026-05-19 15:09:45.490,43000,979.0,0.0,979.0,0.0,4101.722
2026-05-19 15:09:45.600,43250,979.0,0.0,979.0,0.0,4198.29
2026-05-19 15:09:45.601,43500,1025.998,1.265994396005,1025.681,22.927,4008.157
2026-05-19 15:09:45.601,43750,979.0,0.0,979.0,0.0,3960.624
2026-05-19 15:09:45.713,44000,979.0,0.0,979.0,0.0,3960.624
2026-05-19 15:09:45.714,44250,979.0,0.0,979.0,0.0,3960.624
2026-05-19 15:09:45.714,44500,979.0,0.0,979.0,0.0,3960.624
2026-05-19 15:09:45.824,44750,979.0,0.0,979.0,0.0,3861.35
2026-05-19 15:09:45.825,45000,979.0,0.0,979.0,0.0,3861.35
2026-05-19 15:09:45.826,45250,979.0,0.0,979.0,0.0,3861.35
2026-05-19 15:09:45.937,45500,979.0,0.0,979.0,0.0,3861.35
2026-05-19 15:09:45.937,45750,979.0,0.0,979.0,0.0,3861.35
2026-05-19 15:09:45.938,46000,979.0,0.0,979.0,0.0,3655.855
2026-05-19 15:09:46.048,46250,987.963,-0.729824856192,987.548,-13.032,3789.732
2026-05-19 15:09:46.049,46500,979.0,0.0,979.0,0.0,3823.201
2026-05-19 15:09:46.049,46750,979.0,0.0,979.0,0.0,3823.201
2026-05-19 15:09:46.160,47000,989.669,0.476553703812,989.491,8.584,3783.688
2026-05-19 15:09:46.160,47250,979.0,0.0,979.0,0.0,3625.638
2026-05-19 15:09:46.161,47500,979.0,0.0,979.0,0.0,3625.638
2026-05-19 15:09:46.264,47750,979.0,0.0,979.0,0.0,3625.638
2026-05-19 15:09:46.264,48000,979.0,0.0,979.0,0.0,3625.638
2026-05-19 15:09:46.378,48250,979.0,0.0,979.0,0.0,3625.638
2026-05-19 15:09:46.378,48500,979.0,0.0,979.0,0.0,3618.973
2026-05-19 15:09:46.379,48750,979.0,0.0,979.0,0.0,3618.973
2026-05-19 15:09:46.489,49000,979.0,0.0,979.0,0.0,3618.973
2026-05-19 15:09:46.490,49250,949.632,-1.860441955751,948.815,-30.185,3546.598
2026-05-19 15:09:46.490,49500,979.0,0.0,979.0,0.0,3438.037
2026-05-19 15:09:46.600,49750,979.0,0.0,979.0,0.0,3438.037
2026-05-19 15:09:46.601,50000,979.0,0.0,979.0,0.0,3438.037
2026-05-19 15:09:46.601,50250,979.0,0.0,979.0,0.0,3438.037
2026-05-19 15:09:46.602,50500,979.0,0.0,979.0,0.0,3438.037
2026-05-19 15:09:46.708,50750,1024.079,3.05619041734,1022.238,55.185,3288.346
2026-05-19 15:09:46.708,51000,990.913,-0.506338221994,990.71,-9.175,3409.16
2026-05-19 15:09:46.709,51250,979.0,0.0,979.0,0.0,3448.719
2026-05-19 15:09:46.825,51500,979.0,0.0,979.0,0.0,3448.719
2026-05-19 15:09:46.825,51750,979.0,0.0,979.0,0.0,3448.719
2026-05-19 15:09:46.826,52000,979.0,0.0,979.0,0.0,3448.719
2026-05-19 15:09:46.936,52250,979.0,0.0,979.0,0.0,3304.868
2026-05-19 15:09:46.936,52500,979.0,0.0,979.0,0.0,3304.868
2026-05-19 15:09:46.937,52750,979.0,0.0,979.0,0.0,3304.868
2026-05-19 15:09:46.937,53000,979.0,0.0,979.0,0.0,3304.868
2026-05-19 15:09:47.046,53250,979.0,0.0,979.0,0.0,3304.868
2026-05-19 15:09:47.047,53500,979.0,0.0,979.0,0.0,3304.868
2026-05-19 15:09:47.047,53750,979.0,0.0,979.0,0.0,3181.295
2026-05-19 15:09:47.156,54000,979.0,0.0,979.0,0.0,3181.295
2026-05-19 15:09:47.157,54250,979.0,0.0,979.0,0.0,3181.295
2026-05-19 15:09:47.157,54500,979.0,0.0,979.0,0.0,3181.295
2026-05-19 15:09:47.157,54750,979.0,0.0,979.0,0.0,3181.295
2026-05-19 15:09:47.265,55000,979.0,0.0,979.0,0.0,3181.295
2026-05-19 15:09:47.265,55250,979.0,0.0,979.0,0.0,3181.295
2026-05-19 15:09:47.266,55500,972.113,-0.840453166474,971.605,-13.843,3091.773
2026-05-19 15:09:47.375,55750,979.0,0.0,979.0,0.0,3069.393
2026-05-19 15:09:47.376,56000,979.0,0.0,979.0,0.0,3069.393
2026-05-19 15:09:47.376,56250,979.0,0.0,979.0,0.0,3069.393
2026-05-19 15:09:47.486,56500,979.0,0.0,979.0,0.0,3069.393
2026-05-19 15:09:47.486,56750,979.0,0.0,979.0,0.0,3069.393
2026-05-19 15:09:47.487,57000,979.0,0.0,979.0,0.0,3069.393
2026-05-19 15:09:47.487,57250,979.0,0.0,979.0,0.0,3069.393
2026-05-19 15:09:47.597,57500,979.0,0.0,979.0,0.0,3069.393
2026-05-19 15:09:47.598,57750,985.648,0.971603463493,984.921,17.145,3049.235
2026-05-19 15:09:47.598,58000,982.152,5.443602332949,977.691,92.706,3063.921
2026-05-19 15:09:47.708,58250,920.802,1.171170030966,920.565,18.522,3159.241
2026-05-19 15:09:47.709,58500,906.252,1.463962538707,905.957,23.153,3206.9
2026-05-19 15:09:47.710,58750,991.479,2.621942867267,989.735,45.708,3166.872
2026-05-19 15:09:47.820,59000,999.799,4.369904778779,996.892,76.18,3140.187
2026-05-19 15:09:47.821,59250,979.0,0.0,979.0,0.0,3140.187
2026-05-19 15:09:47.821,59500,974.024,-4.66269728652,970.722,-79.487,3159.241
2026-05-19 15:09:47.822,59750,1035.586,-5.833867317486,1030.223,-105.261,2968.602
2026-05-19 15:09:47.931,60000,979.0,0.0,979.0,0.0,2968.602
2026-05-19 15:09:47.932,60250,979.0,0.0,979.0,0.0,2968.602
2026-05-19 15:09:47.932,60500,979.0,0.0,979.0,0.0,2968.602
2026-05-19 15:09:48.041,60750,979.0,0.0,979.0,0.0,2968.602
2026-05-19 15:09:48.041,61000,979.0,0.0,979.0,0.0,2968.602
2026-05-19 15:09:48.042,61250,979.0,0.0,979.0,0.0,2968.602
2026-05-19 15:09:48.042,61500,979.0,0.0,979.0,0.0,2968.602
2026-05-19 15:09:48.151,61750,979.0,0.0,979.0,0.0,2968.602
2026-05-19 15:09:48.152,62000,979.0,0.0,979.0,0.0,2968.602
2026-05-19 15:09:48.152,62250,979.0,0.0,979.0,0.0,2968.602
2026-05-19 15:09:48.153,62500,979.0,0.0,979.0,0.0,2968.602
2026-05-19 15:09:48.264,62750,979.0,0.0,979.0,0.0,2968.602
2026-05-19 15:09:48.265,63000,979.0,0.0,979.0,0.0,2968.602
2026-05-19 15:09:48.265,63250,979.0,0.0,979.0,0.0,2736.319
2026-05-19 15:09:48.266,63500,979.0,0.0,979.0,0.0,2736.319
2026-05-19 15:09:48.377,63750,979.0,0.0,979.0,0.0,2736.319
2026-05-19 15:09:48.377,64000,979.0,0.0,979.0,0.0,2736.319
2026-05-19 15:09:48.378,64250,979.0,0.0,979.0,0.0,2736.319
2026-05-19 15:09:48.378,64500,979.0,0.0,979.0,0.0,2736.319
2026-05-19 15:09:48.488,64750,979.0,0.0,979.0,0.0,2736.319
2026-05-19 15:09:48.489,65000,979.0,0.0,979.0,0.0,2736.319
2026-05-19 15:09:48.489,65250,979.0,0.0,979.0,0.0,2736.319
2026-05-19 15:09:48.489,65500,979.0,0.0,979.0,0.0,2736.319
2026-05-19 15:09:48.598,65750,979.0,0.0,979.0,0.0,2736.319
2026-05-19 15:09:48.599,66000,2756.364,-4.852030027709,2582.113,-810.734,2243.361
2026-05-19 15:09:48.599,66250,2756.364,-4.852030027709,2582.113,-810.734,2243.361
2026-05-19 15:09:48.599,66500,2756.364,-4.852030027709,2582.113,-810.734,2243.361
2026-05-19 15:09:48.709,66750,2756.364,-4.852030027709,2582.113,-810.734,2243.361
2026-05-19 15:09:48.709,67000,2813.927,-6.137085405779,2639.225,-834.838,2096.831
2026-05-19 15:09:48.709,67250,2580.259,-4.423678235018,2448.01,-676.632,2047.988
2026-05-19 15:09:48.710,67500,2580.259,-4.423678235018,2448.01,-676.632,2047.988
2026-05-19 15:09:48.821,67750,2580.259,-4.423678235018,2448.01,-676.632,2047.988
2026-05-19 15:09:48.822,68000,2580.259,-4.423678235018,2448.01,-676.632,2047.988
2026-05-19 15:09:48.822,68250,2580.259,-4.423678235018,2448.01,-676.632,2047.988
2026-05-19 15:09:48.823,68500,2580.259,-4.423678235018,2448.01,-676.632,2047.988
2026-05-19 15:09:48.932,68750,2544.494,-8.877878765465,2408.719,-749.15,2143.386
2026-05-19 15:09:48.933,69000,2544.494,-8.877878765465,2408.719,-749.15,2143.386
2026-05-19 15:09:48.933,69250,2666.249,-3.310128102407,2588.231,-536.41,2143.386
2026-05-19 15:09:48.934,69500,2666.249,-3.310128102407,2588.231,-536.41,2143.386
2026-05-19 15:09:49.042,69750,2666.249,-3.310128102407,2588.231,-536.41,2143.386
2026-05-19 15:09:49.043,70000,2666.249,-3.310128102407,2588.231,-536.41,2143.386
2026-05-19 15:09:49.043,70250,2666.249,-3.310128102407,2588.231,-536.41,2143.386
2026-05-19 15:09:49.044,70500,2666.249,-3.310128102407,2588.231,-536.41,2143.386
2026-05-19 15:09:49.154,70750,2666.249,-3.310128102407,2588.231,-536.41,2143.386
2026-05-19 15:09:49.154,71000,2666.249,-3.310128102407,2588.231,-536.41,2143.386
2026-05-19 15:09:49.155,71250,2666.249,-3.310128102407,2588.231,-536.41,2143.386
2026-05-19 15:09:49.155,71500,2687.142,-3.983753539058,2608.75,-549.141,2093.03
2026-05-19 15:09:49.265,71750,2749.822,-6.004629849013,2670.307,-587.334,1941.96
2026-05-19 15:09:49.265,72000,2484.688,-2.636502665755,2439.852,-388.031,1941.96
2026-05-19 15:09:49.266,72250,2531.356,2.182209825851,2481.937,-300.949,1835.808
2026-05-19 15:09:49.266,72500,2531.356,2.182209825851,2481.937,-300.949,1835.808
2026-05-19 15:09:49.377,72750,2531.356,2.182209825851,2481.937,-300.949,1835.808
2026-05-19 15:09:49.378,73000,2389.005,-3.841180788657,2299.63,-528.252,1835.808
2026-05-19 15:09:49.378,73250,2389.005,-3.841180788657,2299.63,-528.252,1835.808
2026-05-19 15:09:49.378,73500,2389.005,-3.841180788657,2299.63,-528.252,1835.808
2026-05-19 15:09:49.488,73750,2389.005,-3.841180788657,2299.63,-528.252,1835.808
2026-05-19 15:09:49.489,74000,2389.005,-3.841180788657,2299.63,-528.252,1835.808
2026-05-19 15:09:49.489,74250,2389.005,-3.841180788657,2299.63,-528.252,1835.808
2026-05-19 15:09:49.490,74500,2389.005,-3.841180788657,2299.63,-528.252,1835.808
2026-05-19 15:09:49.599,74750,2389.005,-3.841180788657,2299.63,-528.252,1835.808
2026-05-19 15:09:49.600,75000,2389.005,-3.841180788657,2299.63,-528.252,1835.808
2026-05-19 15:09:49.600,75250,2389.005,-3.841180788657,2299.63,-528.252,1835.808
2026-05-19 15:09:49.601,75500,2389.005,-3.841180788657,2299.63,-528.252,1835.808
2026-05-19 15:09:49.712,75750,2389.005,-3.841180788657,2299.63,-528.252,1835.808
2026-05-19 15:09:49.713,76000,2389.005,-3.841180788657,2299.63,-528.252,1835.808
2026-05-19 15:09:49.714,76250,2389.005,-3.841180788657,2299.63,-528.252,1835.808
2026-05-19 15:09:49.714,76500,2389.005,-3.841180788657,2299.63,-528.252,1835.808
2026-05-19 15:09:49.715,76750,2389.005,-3.841180788657,2299.63,-528.252,1835.808
2026-05-19 15:09:49.825,77000,2389.005,-3.841180788657,2299.63,-528.252,1835.808
2026-05-19 15:09:49.826,77250,2389.005,-3.841180788657,2299.63,-528.252,1835.808
2026-05-19 15:09:49.826,77500,2223.144,-3.19409559132,2167.567,-396.189,1651.799
2026-05-19 15:09:49.827,77750,2223.144,-3.19409559132,2167.567,-396.189,1651.799
2026-05-19 15:09:49.827,78000,2223.144,-3.19409559132,2167.567,-396.189,1651.799
2026-05-19 15:09:49.937,78250,2223.144,-3.19409559132,2167.567,-396.189,1651.799
2026-05-19 15:09:49.938,78500,2223.144,-3.19409559132,2167.567,-396.189,1651.799
2026-05-19 15:09:49.939,78750,2223.144,-3.19409559132,2167.567,-396.189,1651.799
2026-05-19 15:09:49.939,79000,2223.144,-3.19409559132,2167.567,-396.189,1651.799
2026-05-19 15:09:49.939,79250,2223.144,-3.19409559132,2167.567,-396.189,1651.799
2026-05-19 15:09:50.049,79500,2223.144,-3.19409559132,2167.567,-396.189,1651.799
2026-05-19 15:09:50.049,79750,2223.144,-3.19409559132,2167.567,-396.189,1651.799
2026-05-19 15:09:50.049,80000,2223.144,-3.19409559132,2167.567,-396.189,1651.799
2026-05-19 15:09:50.050,80250,2223.144,-3.19409559132,2167.567,-396.189,1651.799
2026-05-19 15:09:50.050,80500,2223.144,-3.19409559132,2167.567,-396.189,1651.799
2026-05-19 15:09:50.160,80750,2223.144,-3.19409559132,2167.567,-396.189,1651.799
2026-05-19 15:09:50.161,81000,2223.144,-3.19409559132,2167.567,-396.189,1651.799
2026-05-19 15:09:50.161,81250,2223.144,-3.19409559132,2167.567,-396.189,1651.799
2026-05-19 15:09:50.162,81500,2234.449,-1.858935650637,2177.468,-372.113,1629.999
2026-05-19 15:09:50.162,81750,2144.544,-4.529255532003,2039.583,-524.173,1564.599
2026-05-19 15:09:50.265,82000,2144.544,-4.529255532003,2039.583,-524.173,1564.599
2026-05-19 15:09:50.265,82250,2144.544,-4.529255532003,2039.583,-524.173,1564.599
2026-05-19 15:09:50.266,82500,2144.544,-4.529255532003,2039.583,-524.173,1564.599
2026-05-19 15:09:50.266,82750,2144.544,-4.529255532003,2039.583,-524.173,1564.599
2026-05-19 15:09:50.377,83000,2197.74,-5.825273791079,2092.068,-549.312,1474.286
2026-05-19 15:09:50.377,83250,1981.732,-3.881246402465,1913.639,-398.229,1383.973
2026-05-19 15:09:50.378,83500,1981.732,-3.881246402465,1913.639,-398.229,1383.973
2026-05-19 15:09:50.378,83750,1981.732,-3.881246402465,1913.639,-398.229,1383.973
2026-05-19 15:09:50.378,84000,1981.732,-3.881246402465,1913.639,-398.229,1383.973
2026-05-19 15:09:50.489,84250,1981.732,-3.881246402465,1913.639,-398.229,1383.973
2026-05-19 15:09:50.490,84500,1981.732,-3.881246402465,1913.639,-398.229,1383.973
2026-05-19 15:09:50.490,84750,1981.732,-3.881246402465,1913.639,-398.229,1383.973
2026-05-19 15:09:50.491,85000,1981.732,-3.881246402465,1913.639,-398.229,1383.973
2026-05-19 15:09:50.491,85250,1981.732,-3.881246402465,1913.639,-398.229,1383.973
2026-05-19 15:09:50.601,85500,1981.732,-3.881246402465,1913.639,-398.229,1383.973
2026-05-19 15:09:50.602,85750,1981.732,-3.881246402465,1913.639,-398.229,1383.973
2026-05-19 15:09:50.602,86000,1981.732,-3.881246402465,1913.639,-398.229,1383.973
2026-05-19 15:09:50.603,86250,1981.732,-3.881246402465,1913.639,-398.229,1383.973
2026-05-19 15:09:50.603,86500,1981.732,-3.881246402465,1913.639,-398.229,1383.973
2026-05-19 15:09:50.712,86750,1981.732,-3.881246402465,1913.639,-398.229,1383.973
2026-05-19 15:09:50.713,87000,1981.732,-3.881246402465,1913.639,-398.229,1383.973
2026-05-19 15:09:50.714,87250,1981.732,-3.881246402465,1913.639,-398.229,1383.973
2026-05-19 15:09:50.714,87500,1981.732,-3.881246402465,1913.639,-398.229,1383.973
2026-05-19 15:09:50.715,87750,1981.732,-3.881246402465,1913.639,-398.229,1383.973
2026-05-19 15:09:50.825,88000,1981.732,-3.881246402465,1913.639,-398.229,1383.973
2026-05-19 15:09:50.826,88250,1981.732,-3.881246402465,1913.639,-398.229,1383.973
2026-05-19 15:09:50.826,88500,1981.732,-3.881246402465,1913.639,-398.229,1383.973
2026-05-19 15:09:50.827,88750,1981.732,-3.881246402465,1913.639,-398.229,1383.973
2026-05-19 15:09:50.827,89000,2074.054,-6.52034812755,2003.959,-450.359,1248.524
2026-05-19 15:09:50.936,89250,1818.944,-3.001545827437,1783.616,-268.205,1203.374
2026-05-19 15:09:50.937,89500,1818.944,-3.001545827437,1783.616,-268.205,1203.374
2026-05-19 15:09:50.937,89750,1818.944,-3.001545827437,1783.616,-268.205,1203.374
2026-05-19 15:09:50.938,90000,1818.944,-3.001545827437,1783.616,-268.205,1203.374
2026-05-19 15:09:50.938,90250,1677.442,-12.903539395127,1577.826,-526.512,1203.374
2026-05-19 15:09:51.049,90500,1738.37,-4.981944540975,1649.513,-402.308,1113.985
2026-05-19 15:09:51.049,90750,1738.37,-4.981944540975,1649.513,-402.308,1113.985
2026-05-19 15:09:51.049,91000,1738.37,-4.981944540975,1649.513,-402.308,1113.985
2026-05-19 15:09:51.050,91250,1738.37,-4.981944540975,1649.513,-402.308,1113.985
2026-05-19 15:09:51.160,91500,1738.37,-4.981944540975,1649.513,-402.308,1113.985
2026-05-19 15:09:51.161,91750,1738.37,-4.981944540975,1649.513,-402.308,1113.985
2026-05-19 15:09:51.162,92000,1738.37,-4.981944540975,1649.513,-402.308,1113.985
2026-05-19 15:09:51.162,92250,1738.37,-4.981944540975,1649.513,-402.308,1113.985
2026-05-19 15:09:51.162,92500,1738.37,-4.981944540975,1649.513,-402.308,1113.985
2026-05-19 15:09:51.266,92750,1738.37,-4.981944540975,1649.513,-402.308,1113.985
2026-05-19 15:09:51.266,93000,1738.37,-4.981944540975,1649.513,-402.308,1113.985
2026-05-19 15:09:51.267,93250,1738.37,-4.981944540975,1649.513,-402.308,1113.985
2026-05-19 15:09:51.267,93500,1738.37,-4.981944540975,1649.513,-402.308,1113.985
2026-05-19 15:09:51.268,93750,1738.37,-4.981944540975,1649.513,-402.308,1113.985
2026-05-19 15:09:51.377,94000,1738.37,-4.981944540975,1649.513,-402.308,1113.985
2026-05-19 15:09:51.378,94250,1738.37,-4.981944540975,1649.513,-402.308,1113.985
2026-05-19 15:09:51.378,94500,1738.37,-4.981944540975,1649.513,-402.308,1113.985
2026-05-19 15:09:51.378,94750,1738.37,-4.981944540975,1649.513,-402.308,1113.985
2026-05-19 15:09:51.379,95000,1738.37,-4.981944540975,1649.513,-402.308,1113.985
2026-05-19 15:09:51.496,95250,1831.319,-7.006911967511,1740.571,-445.065,1012.348
2026-05-19 15:09:51.496,95500,1555.145,-3.969460827707,1509.292,-262.086,910.712
2026-05-19 15:09:51.497,95750,1555.145,-3.969460827707,1509.292,-262.086,910.712
2026-05-19 15:09:51.497,96000,1555.145,-3.969460827707,1509.292,-262.086,910.712
2026-05-19 15:09:51.498,96250,1555.145,-3.969460827707,1509.292,-262.086,910.712
2026-05-19 15:09:51.607,96500,1555.145,-3.969460827707,1509.292,-262.086,910.712
2026-05-19 15:09:51.607,96750,1555.145,-3.969460827707,1509.292,-262.086,910.712
2026-05-19 15:09:51.607,97000,1555.145,-3.969460827707,1509.292,-262.086,910.712
2026-05-19 15:09:51.608,97250,1555.145,-3.969460827707,1509.292,-262.086,910.712
2026-05-19 15:09:51.608,97500,1555.145,-3.969460827707,1509.292,-262.086,910.712
2026-05-19 15:09:51.718,97750,1555.145,-3.969460827707,1509.292,-262.086,910.712
2026-05-19 15:09:51.718,98000,1555.145,-3.969460827707,1509.292,-262.086,910.712
2026-05-19 15:09:51.719,98250,1555.145,-3.969460827707,1509.292,-262.086,910.712
2026-05-19 15:09:51.719,98500,1555.145,-3.969460827707,1509.292,-262.086,910.712
2026-05-19 15:09:51.720,98750,1555.145,-3.969460827707,1509.292,-262.086,910.712
2026-05-19 15:09:51.831,99000,1555.145,-3.969460827707,1509.292,-262.086,910.712
2026-05-19 15:09:51.832,99250,1555.145,-3.969460827707,1509.292,-262.086,910.712
2026-05-19 15:09:51.832,99500,1555.145,-3.969460827707,1509.292,-262.086,910.712
2026-05-19 15:09:51.833,99750,1555.145,-3.969460827707,1509.292,-262.086,910.712
2026-05-19 15:09:51.942,100000,1555.145,-3.969460827707,1509.292,-262.086,910.712
2026-05-19 15:09:52.395,10000,7261.139,4.710337652914,6459.578,3101.577,7444.644
2026-05-19 15:09:52.608,10250,7479.576,24.137084093932,-2634.122,5758.764,7483.357
2026-05-19 15:09:52.720,10500,7256.829,5.76198128343,6455.545,3119.675,7485.225
2026-05-19 15:09:52.824,10750,7267.696,5.924408366106,6466.402,3122.528,7384.932
2026-05-19 15:09:53.048,11000,7325.983,5.806420274652,6602.253,2992.12,7340.947
2026-05-19 15:09:53.160,11250,7131.105,5.360624374088,6449.094,2862.437,7340.947
2026-05-19 15:09:53.271,11500,7131.105,5.360624374088,6449.094,2862.437,7340.947
2026-05-19 15:09:53.380,11750,7181.629,5.064642740556,6566.799,2736.762,7398.926
2026-05-19 15:09:53.492,12000,7181.629,5.064642740556,6566.799,2736.762,7398.926
2026-05-19 15:09:53.714,12250,7401.788,23.439745551058,-2242.012,5886.747,7397.058
2026-05-19 15:09:53.826,12500,7481.385,23.255494368426,-2092.044,6016.655,7258.311
2026-05-19 15:09:53.937,12750,7074.999,4.665265269736,6560.736,2491.348,7276.559
2026-05-19 15:09:54.049,13000,7291.489,23.040368080238,-1988.084,5888.787,7274.691
2026-05-19 15:09:54.161,13250,7361.993,22.290207969145,-1855.182,6004.632,7260.86
2026-05-19 15:09:54.264,13500,7352.909,22.752764403866,-1864.179,6012.692,7342.831
2026-05-19 15:09:54.377,13750,7373.845,23.229889486954,-1843.286,6021.062,7153.068
2026-05-19 15:09:54.489,14000,7261.144,21.121562720581,-1595.762,5991.799,7153.068
2026-05-19 15:09:54.600,14250,7252.498,22.331099050591,-1604.132,6012.692,7231.434
2026-05-19 15:09:54.711,14500,916.681,1.543413111484,915.472,17.924,9809.12
2026-05-19 15:09:54.822,14750,939.572,0.833172352536,937.884,4.412,9711.931
2026-05-19 15:09:54.935,15000,915.362,1.650009940808,913.995,18.964,9799.239
2026-05-19 15:09:55.047,15250,916.067,1.959436873324,914.129,22.609,9785.198
2026-05-19 15:09:55.159,15500,914.542,2.144524237901,912.249,24.437,9815.779
2026-05-19 15:09:55.160,15750,948.922,1.361288018982,946.828,12.235,9592.38
2026-05-19 15:09:55.264,16000,913.472,2.01579246536,911.462,22.798,9716.909
2026-05-19 15:09:55.379,16250,926.311,2.66632422591,923.454,32.585,9571.618
2026-05-19 15:09:55.491,16500,931.275,2.81812758991,928.402,35.244,9527.952
2026-05-19 15:09:55.602,16750,935.481,2.940772487208,932.698,37.595,9593.149
2026-05-19 15:09:55.713,17000,912.993,2.478855709514,909.968,27.858,9589.764
2026-05-19 15:09:55.825,17250,915.832,0.920963642043,912.316,1.411,9455.748
2026-05-19 15:09:55.825,17500,1020.604,-0.613423882303,1020.546,-10.927,8476.262
2026-05-19 15:09:55.938,17750,979.0,0.0,979.0,0.0,8611.81
2026-05-19 15:09:56.049,18000,979.0,0.0,979.0,0.0,8611.81
2026-05-19 15:09:56.160,18250,1005.36,0.960686760165,1005.219,16.856,8386.009
2026-05-19 15:09:56.161,18500,995.939,-1.485942574055,995.604,-25.826,8386.009
2026-05-19 15:09:56.265,18750,989.163,-0.891565544433,988.962,-15.496,8444.046
2026-05-19 15:09:56.378,19000,1004.055,1.003388467307,1003.901,17.583,8318.223
2026-05-19 15:09:56.490,19250,979.0,0.0,979.0,0.0,8318.223
2026-05-19 15:09:56.491,19500,997.248,-1.40404357591,996.949,-24.435,8104.803
2026-05-19 15:09:56.602,19750,982.65,-0.280808715182,982.59,-4.887,8225.658
2026-05-19 15:09:56.712,20000,979.0,0.0,979.0,0.0,8255.872
2026-05-19 15:09:56.823,20250,993.601,0.665555450615,993.489,11.654,8135.725
2026-05-19 15:09:56.823,20500,979.0,0.0,979.0,0.0,8055.627
2026-05-19 15:09:56.935,20750,997.775,-1.321511433571,997.51,-23.011,8055.627
2026-05-19 15:09:57.046,21000,986.833,-0.531891487727,986.725,-9.269,7980.821
2026-05-19 15:09:57.047,21250,979.0,0.0,979.0,0.0,8043.919
2026-05-19 15:09:57.157,21500,979.0,0.0,979.0,0.0,8043.919
2026-05-19 15:09:57.268,21750,979.0,0.0,979.0,0.0,7856.622
2026-05-19 15:09:57.269,22000,1000.678,-1.344840918854,1000.403,-23.486,7856.622
2026-05-19 15:09:57.378,22250,1010.724,-0.815068180854,1010.558,-14.238,7779.686
2026-05-19 15:09:57.489,22500,983.554,-0.269543553036,983.498,-4.712,7806.873
2026-05-19 15:09:57.489,22750,979.0,0.0,979.0,0.0,7842.522
2026-05-19 15:09:57.601,23000,979.0,0.0,979.0,0.0,7658.862
2026-05-19 15:09:57.601,23250,979.0,0.0,979.0,0.0,7658.862
2026-05-19 15:09:57.712,23500,999.903,1.300566439113,999.645,22.695,7498.755
2026-05-19 15:09:57.824,23750,979.0,0.0,979.0,0.0,7498.755
2026-05-19 15:09:57.824,24000,1003.089,-1.239554918038,1002.854,-21.699,7498.755
2026-05-19 15:09:57.936,24250,1004.217,-1.23033097061,1003.986,-21.562,7326.976
2026-05-19 15:09:57.937,24500,999.174,-0.984264776488,998.988,-17.25,7364.722
2026-05-19 15:09:58.048,24750,999.596,1.482344701308,999.262,25.858,7360.845
2026-05-19 15:09:58.159,25000,979.0,0.0,979.0,0.0,7360.845
2026-05-19 15:09:58.159,25250,979.0,0.0,979.0,0.0,7360.845
2026-05-19 15:09:58.271,25500,979.0,0.0,979.0,0.0,7206.363
2026-05-19 15:09:58.271,25750,979.0,0.0,979.0,0.0,7206.363
2026-05-19 15:09:58.378,26000,996.708,1.425420393579,996.399,24.794,7078.333
2026-05-19 15:09:58.378,26250,979.0,0.0,979.0,0.0,7078.333
2026-05-19 15:09:58.490,26500,998.918,1.697162980167,998.48,29.585,6937.194
2026-05-19 15:09:58.603,26750,979.0,0.0,979.0,0.0,6937.194
2026-05-19 15:09:58.603,27000,979.0,0.0,979.0,0.0,6937.194
2026-05-19 15:09:58.713,27250,998.093,1.73734201155,997.634,30.26,6804.488
2026-05-19 15:09:58.713,27500,979.0,0.0,979.0,0.0,6804.488
2026-05-19 15:09:58.825,27750,979.0,0.0,979.0,0.0,6804.488
2026-05-19 15:09:58.827,28000,979.0,0.0,979.0,0.0,6670.342
2026-05-19 15:09:58.937,28250,979.0,0.0,979.0,0.0,6670.342
2026-05-19 15:09:58.938,28500,979.0,0.0,979.0,0.0,6557.083
2026-05-19 15:09:59.048,28750,979.0,0.0,979.0,0.0,6557.083
2026-05-19 15:09:59.049,29000,979.0,0.0,979.0,0.0,6557.083
2026-05-19 15:09:59.158,29250,979.0,0.0,979.0,0.0,6439.888
2026-05-19 15:09:59.159,29500,979.0,0.0,979.0,0.0,6439.888
2026-05-19 15:09:59.264,29750,979.0,0.0,979.0,0.0,6329.513
2026-05-19 15:09:59.264,30000,979.0,0.0,979.0,0.0,6329.513
2026-05-19 15:09:59.377,30250,979.0,0.0,979.0,0.0,6329.513
2026-05-19 15:09:59.377,30500,979.0,0.0,979.0,0.0,6231.235
2026-05-19 15:09:59.489,30750,979.0,0.0,979.0,0.0,6231.235
2026-05-19 15:09:59.490,31000,991.578,1.967351821673,990.845,34.145,6152.441
2026-05-19 15:09:59.599,31250,979.0,0.0,979.0,0.0,6132.743
2026-05-19 15:09:59.599,31500,1009.904,-0.628950976873,1009.827,-11.17,5946.502
2026-05-19 15:09:59.709,31750,1018.688,-0.706494640387,1018.61,-12.561,5819.217
2026-05-19 15:09:59.710,32000,979.0,0.0,979.0,0.0,5819.217
2026-05-19 15:09:59.821,32250,979.0,0.0,979.0,0.0,5819.217
2026-05-19 15:09:59.821,32500,979.0,0.0,979.0,0.0,5745.191
2026-05-19 15:09:59.935,32750,979.0,0.0,979.0,0.0,5745.191
2026-05-19 15:09:59.935,33000,979.0,0.0,979.0,0.0,5745.191
2026-05-19 15:09:59.936,33250,979.0,0.0,979.0,0.0,5682.385
2026-05-19 15:10:00.046,33500,979.0,0.0,979.0,0.0,5682.385
2026-05-19 15:10:00.046,33750,1013.502,-0.926915295467,1013.158,-16.455,5440.512
2026-05-19 15:10:00.157,34000,1024.687,-0.465973788758,1024.653,-8.333,5379.444
2026-05-19 15:10:00.157,34250,979.0,0.0,979.0,0.0,5379.444
2026-05-19 15:10:00.265,34500,979.0,0.0,979.0,0.0,5339.018
2026-05-19 15:10:00.265,34750,979.0,0.0,979.0,0.0,5339.018
2026-05-19 15:10:00.266,35000,979.0,0.0,979.0,0.0,5339.018
2026-05-19 15:10:00.376,35250,982.99,2.113331026939,982.154,36.281,5317.367
2026-05-19 15:10:00.376,35500,1025.739,-0.237811716413,1025.73,-4.257,5069.911
2026-05-19 15:10:00.488,35750,979.0,0.0,979.0,0.0,5069.911
2026-05-19 15:10:00.489,36000,979.0,0.0,979.0,0.0,5069.911
2026-05-19 15:10:00.600,36250,979.0,0.0,979.0,0.0,5053.16
2026-05-19 15:10:00.601,36500,979.0,0.0,979.0,0.0,5053.16
2026-05-19 15:10:00.601,36750,979.0,0.0,979.0,0.0,5052.649
2026-05-19 15:10:00.712,37000,1019.908,0.091046028995,1019.906,1.637,4852.002
2026-05-19 15:10:00.713,37250,979.0,0.0,979.0,0.0,4801.84
2026-05-19 15:10:00.824,37500,979.0,0.0,979.0,0.0,4801.84
2026-05-19 15:10:00.824,37750,979.0,0.0,979.0,0.0,4819.526
2026-05-19 15:10:00.825,38000,979.0,0.0,979.0,0.0,4819.526
2026-05-19 15:10:00.938,38250,979.0,0.0,979.0,0.0,4819.526
2026-05-19 15:10:00.939,38500,1035.225,0.312129913297,1035.21,5.64,4557.768
2026-05-19 15:10:01.050,38750,979.0,0.0,979.0,0.0,4591.487
2026-05-19 15:10:01.051,39000,979.0,0.0,979.0,0.0,4591.487
2026-05-19 15:10:01.051,39250,979.0,0.0,979.0,0.0,4591.487
2026-05-19 15:10:01.162,39500,979.0,0.0,979.0,0.0,4591.487
2026-05-19 15:10:01.162,39750,1036.403,0.718813789589,1036.322,13.002,4380.519
2026-05-19 15:10:01.163,40000,979.0,0.0,979.0,0.0,4380.519
2026-05-19 15:10:01.265,40250,979.0,0.0,979.0,0.0,4380.519
2026-05-19 15:10:01.266,40500,979.0,0.0,979.0,0.0,4380.519
2026-05-19 15:10:01.376,40750,985.161,-1.382225605795,984.438,-23.975,4421.872
2026-05-19 15:10:01.377,41000,1021.92,0.732846470984,1021.837,13.071,4262.566
2026-05-19 15:10:01.377,41250,979.0,0.0,979.0,0.0,4262.566
2026-05-19 15:10:01.490,41500,979.0,0.0,979.0,0.0,4262.566
2026-05-19 15:10:01.490,41750,960.683,3.218750224387,959.168,53.941,4343.838
2026-05-19 15:10:01.601,42000,979.0,0.0,979.0,0.0,4343.838
2026-05-19 15:10:01.602,42250,979.0,0.0,979.0,0.0,4101.722
2026-05-19 15:10:01.602,42500,979.0,0.0,979.0,0.0,4101.722
2026-05-19 15:10:01.714,42750,979.0,0.0,979.0,0.0,4101.722
2026-05-19 15:10:01.714,43000,979.0,0.0,979.0,0.0,4101.722
2026-05-19 15:10:01.715,43250,979.0,0.0,979.0,0.0,4198.29
2026-05-19 15:10:01.826,43500,1037.747,1.582492995006,1037.351,28.659,3960.624
2026-05-19 15:10:01.826,43750,979.0,0.0,979.0,0.0,3960.624
2026-05-19 15:10:01.827,44000,979.0,0.0,979.0,0.0,3960.624
2026-05-19 15:10:01.940,44250,979.0,0.0,979.0,0.0,3960.624
2026-05-19 15:10:01.941,44500,979.0,0.0,979.0,0.0,3960.624
2026-05-19 15:10:01.941,44750,979.0,0.0,979.0,0.0,3861.35
2026-05-19 15:10:02.051,45000,979.0,0.0,979.0,0.0,3861.35
2026-05-19 15:10:02.052,45250,979.0,0.0,979.0,0.0,3861.35
2026-05-19 15:10:02.052,45500,979.0,0.0,979.0,0.0,3861.35
2026-05-19 15:10:02.163,45750,979.0,0.0,979.0,0.0,3861.35
2026-05-19 15:10:02.163,46000,979.0,0.0,979.0,0.0,3655.855
2026-05-19 15:10:02.164,46250,987.963,-0.729824856192,987.548,-13.032,3789.732
2026-05-19 15:10:02.278,46500,979.0,0.0,979.0,0.0,3823.201
2026-05-19 15:10:02.279,46750,979.0,0.0,979.0,0.0,3823.201
2026-05-19 15:10:02.279,47000,989.669,0.476553703812,989.491,8.584,3783.688
2026-05-19 15:10:02.393,47250,979.0,0.0,979.0,0.0,3625.638
2026-05-19 15:10:02.394,47500,979.0,0.0,979.0,0.0,3625.638
2026-05-19 15:10:02.394,47750,979.0,0.0,979.0,0.0,3625.638
2026-05-19 15:10:02.506,48000,979.0,0.0,979.0,0.0,3625.638
2026-05-19 15:10:02.506,48250,979.0,0.0,979.0,0.0,3625.638
2026-05-19 15:10:02.507,48500,979.0,0.0,979.0,0.0,3618.973
2026-05-19 15:10:02.617,48750,979.0,0.0,979.0,0.0,3618.973
2026-05-19 15:10:02.618,49000,979.0,0.0,979.0,0.0,3618.973
2026-05-19 15:10:02.618,49250,959.421,-1.240294637168,958.877,-20.123,3510.411
2026-05-19 15:10:02.728,49500,979.0,0.0,979.0,0.0,3438.037
2026-05-19 15:10:02.729,49750,979.0,0.0,979.0,0.0,3438.037
2026-05-19 15:10:02.729,50000,979.0,0.0,979.0,0.0,3438.037
2026-05-19 15:10:02.840,50250,979.0,0.0,979.0,0.0,3438.037
2026-05-19 15:10:02.841,50500,979.0,0.0,979.0,0.0,3438.037
2026-05-19 15:10:02.841,50750,1035.348,3.820238021676,1033.048,68.981,3250.924
2026-05-19 15:10:02.955,51000,990.913,-0.506338221994,990.71,-9.175,3409.16
2026-05-19 15:10:02.956,51250,979.0,0.0,979.0,0.0,3448.719
2026-05-19 15:10:02.956,51500,979.0,0.0,979.0,0.0,3448.719
2026-05-19 15:10:02.956,51750,979.0,0.0,979.0,0.0,3448.719
2026-05-19 15:10:03.066,52000,979.0,0.0,979.0,0.0,3448.719
2026-05-19 15:10:03.066,52250,979.0,0.0,979.0,0.0,3304.868
2026-05-19 15:10:03.067,52500,979.0,0.0,979.0,0.0,3304.868
2026-05-19 15:10:03.177,52750,979.0,0.0,979.0,0.0,3304.868
2026-05-19 15:10:03.177,53000,979.0,0.0,979.0,0.0,3304.868
2026-05-19 15:10:03.177,53250,979.0,0.0,979.0,0.0,3304.868
2026-05-19 15:10:03.178,53500,979.0,0.0,979.0,0.0,3304.868
2026-05-19 15:10:03.280,53750,979.0,0.0,979.0,0.0,3181.295
2026-05-19 15:10:03.281,54000,979.0,0.0,979.0,0.0,3181.295
2026-05-19 15:10:03.281,54250,979.0,0.0,979.0,0.0,3181.295
2026-05-19 15:10:03.392,54500,979.0,0.0,979.0,0.0,3181.295
2026-05-19 15:10:03.393,54750,979.0,0.0,979.0,0.0,3181.295
2026-05-19 15:10:03.394,55000,979.0,0.0,979.0,0.0,3181.295
2026-05-19 15:10:03.507,55250,986.138,0.840453166474,985.593,14.871,3158.914
2026-05-19 15:10:03.507,55500,979.0,0.0,979.0,0.0,3069.393
2026-05-19 15:10:03.508,55750,979.0,0.0,979.0,0.0,3069.393
2026-05-19 15:10:03.508,56000,979.0,0.0,979.0,0.0,3069.393
2026-05-19 15:10:03.618,56250,979.0,0.0,979.0,0.0,3069.393
2026-05-19 15:10:03.619,56500,979.0,0.0,979.0,0.0,3069.393
2026-05-19 15:10:03.619,56750,979.0,0.0,979.0,0.0,3069.393
2026-05-19 15:10:03.730,57000,979.0,0.0,979.0,0.0,3069.393
2026-05-19 15:10:03.730,57250,979.0,0.0,979.0,0.0,3069.393
2026-05-19 15:10:03.731,57500,979.0,0.0,979.0,0.0,3069.393
2026-05-19 15:10:03.841,57750,985.648,0.971603463493,984.921,17.145,3049.235
2026-05-19 15:10:03.842,58000,997.196,5.150809825208,993.147,89.215,3016.262
2026-05-19 15:10:03.842,58250,920.802,1.171170030966,920.565,18.522,3159.241
2026-05-19 15:10:03.842,58500,906.252,1.463962538707,905.957,23.153,3206.9
2026-05-19 15:10:03.953,58750,987.32,1.747961911512,986.157,30.472,3180.215
2026-05-19 15:10:03.954,59000,999.799,4.369904778779,996.892,76.18,3140.187
2026-05-19 15:10:03.954,59250,979.0,0.0,979.0,0.0,3140.187
2026-05-19 15:10:04.064,59500,974.024,-4.66269728652,970.722,-79.487,3159.241
2026-05-19 15:10:04.064,59750,1035.586,-5.833867317486,1030.223,-105.261,2968.602
2026-05-19 15:10:04.065,60000,979.0,0.0,979.0,0.0,2968.602
2026-05-19 15:10:04.065,60250,979.0,0.0,979.0,0.0,2968.602
2026-05-19 15:10:04.174,60500,979.0,0.0,979.0,0.0,2968.602
2026-05-19 15:10:04.175,60750,979.0,0.0,979.0,0.0,2968.602
2026-05-19 15:10:04.175,61000,979.0,0.0,979.0,0.0,2968.602
2026-05-19 15:10:04.175,61250,979.0,0.0,979.0,0.0,2968.602
2026-05-19 15:10:04.280,61500,979.0,0.0,979.0,0.0,2968.602
2026-05-19 15:10:04.281,61750,979.0,0.0,979.0,0.0,2968.602
2026-05-19 15:10:04.281,62000,979.0,0.0,979.0,0.0,2968.602
2026-05-19 15:10:04.392,62250,979.0,0.0,979.0,0.0,2968.602
2026-05-19 15:10:04.393,62500,979.0,0.0,979.0,0.0,2968.602
2026-05-19 15:10:04.393,62750,979.0,0.0,979.0,0.0,2968.602
2026-05-19 15:10:04.393,63000,979.0,0.0,979.0,0.0,2968.602
2026-05-19 15:10:04.504,63250,979.0,0.0,979.0,0.0,2736.319
2026-05-19 15:10:04.505,63500,979.0,0.0,979.0,0.0,2736.319
2026-05-19 15:10:04.505,63750,979.0,0.0,979.0,0.0,2736.319
2026-05-19 15:10:04.505,64000,979.0,0.0,979.0,0.0,2736.319
2026-05-19 15:10:04.615,64250,979.0,0.0,979.0,0.0,2736.319
2026-05-19 15:10:04.615,64500,979.0,0.0,979.0,0.0,2736.319
2026-05-19 15:10:04.616,64750,979.0,0.0,979.0,0.0,2736.319
2026-05-19 15:10:04.616,65000,979.0,0.0,979.0,0.0,2736.319
2026-05-19 15:10:04.726,65250,979.0,0.0,979.0,0.0,2736.319
2026-05-19 15:10:04.727,65500,979.0,0.0,979.0,0.0,2736.319
2026-05-19 15:10:04.727,65750,979.0,0.0,979.0,0.0,2736.319
2026-05-19 15:10:04.727,66000,979.0,0.0,979.0,0.0,2736.319
2026-05-19 15:10:04.839,66250,979.0,0.0,979.0,0.0,2736.319
2026-05-19 15:10:04.839,66500,979.0,0.0,979.0,0.0,2736.319
2026-05-19 15:10:04.840,66750,979.0,0.0,979.0,0.0,2736.319
2026-05-19 15:10:04.840,67000,1055.75,-1.713407170761,1055.15,-32.138,2540.946
2026-05-19 15:10:04.950,67250,979.0,0.0,979.0,0.0,2492.103
2026-05-19 15:10:04.951,67500,979.0,0.0,979.0,0.0,2492.103
2026-05-19 15:10:04.951,67750,979.0,0.0,979.0,0.0,2492.103
2026-05-19 15:10:04.951,68000,979.0,0.0,979.0,0.0,2492.103
2026-05-19 15:10:05.063,68250,979.0,0.0,979.0,0.0,2492.103
2026-05-19 15:10:05.064,68500,970.059,-1.113550132612,969.177,-18.13,2515.952
2026-05-19 15:10:05.064,68750,943.235,-4.454200530447,939.709,-72.518,2587.501
2026-05-19 15:10:05.065,69000,934.294,-5.567750663059,929.886,-90.648,2611.351
2026-05-19 15:10:05.174,69250,979.0,0.0,979.0,0.0,2611.351
2026-05-19 15:10:05.175,69500,979.0,0.0,979.0,0.0,2611.351
2026-05-19 15:10:05.175,69750,979.0,0.0,979.0,0.0,2611.351
2026-05-19 15:10:05.175,70000,979.0,0.0,979.0,0.0,2611.351
2026-05-19 15:10:05.279,70250,979.0,0.0,979.0,0.0,2611.351
2026-05-19 15:10:05.279,70500,979.0,0.0,979.0,0.0,2611.351
2026-05-19 15:10:05.279,70750,979.0,0.0,979.0,0.0,2611.351
2026-05-19 15:10:05.280,71000,979.0,0.0,979.0,0.0,2611.351
2026-05-19 15:10:05.393,71250,988.369,1.113550132612,987.401,19.906,2587.501
2026-05-19 15:10:05.393,71500,999.893,-0.673625436652,999.519,-12.731,2560.994
2026-05-19 15:10:05.394,71750,1083.466,-3.368127183258,1081.595,-63.655,2359.568
2026-05-19 15:10:05.394,72000,979.0,0.0,979.0,0.0,2359.568
2026-05-19 15:10:05.507,72250,1037.334,6.023390614508,1031.607,108.852,2226.878
2026-05-19 15:10:05.508,72500,1037.334,6.023390614508,1031.607,108.852,2226.878
2026-05-19 15:10:05.508,72750,1037.334,6.023390614508,1031.607,108.852,2226.878
2026-05-19 15:10:05.509,73000,979.0,0.0,979.0,0.0,2226.878
2026-05-19 15:10:05.620,73250,979.0,0.0,979.0,0.0,2226.878
2026-05-19 15:10:05.620,73500,979.0,0.0,979.0,0.0,2226.878
2026-05-19 15:10:05.620,73750,979.0,0.0,979.0,0.0,2226.878
2026-05-19 15:10:05.621,74000,979.0,0.0,979.0,0.0,2226.878
2026-05-19 15:10:05.731,74250,979.0,0.0,979.0,0.0,2226.878
2026-05-19 15:10:05.732,74500,979.0,0.0,979.0,0.0,2226.878
2026-05-19 15:10:05.732,74750,979.0,0.0,979.0,0.0,2226.878
2026-05-19 15:10:05.732,75000,979.0,0.0,979.0,0.0,2226.878
2026-05-19 15:10:05.842,75250,979.0,0.0,979.0,0.0,2226.878
2026-05-19 15:10:05.843,75500,979.0,0.0,979.0,0.0,2226.878
2026-05-19 15:10:05.843,75750,979.0,0.0,979.0,0.0,2226.878
2026-05-19 15:10:05.844,76000,979.0,0.0,979.0,0.0,2226.878
2026-05-19 15:10:05.844,76250,979.0,0.0,979.0,0.0,2226.878
2026-05-19 15:10:05.954,76500,979.0,0.0,979.0,0.0,2226.878
2026-05-19 15:10:05.954,76750,979.0,0.0,979.0,0.0,2226.878
2026-05-19 15:10:05.955,77000,979.0,0.0,979.0,0.0,2226.878
2026-05-19 15:10:05.955,77250,979.0,0.0,979.0,0.0,2226.878
2026-05-19 15:10:05.955,77500,979.0,0.0,979.0,0.0,1996.867
2026-05-19 15:10:06.066,77750,979.0,0.0,979.0,0.0,1996.867
2026-05-19 15:10:06.067,78000,979.0,0.0,979.0,0.0,1996.867
2026-05-19 15:10:06.067,78250,979.0,0.0,979.0,0.0,1996.867
2026-05-19 15:10:06.067,78500,979.0,0.0,979.0,0.0,1996.867
2026-05-19 15:10:06.068,78750,979.0,0.0,979.0,0.0,1996.867
2026-05-19 15:10:06.177,79000,979.0,0.0,979.0,0.0,1996.867
2026-05-19 15:10:06.178,79250,979.0,0.0,979.0,0.0,1996.867
2026-05-19 15:10:06.178,79500,979.0,0.0,979.0,0.0,1996.867
2026-05-19 15:10:06.178,79750,979.0,0.0,979.0,0.0,1996.867
2026-05-19 15:10:06.179,80000,979.0,0.0,979.0,0.0,1996.867
2026-05-19 15:10:06.281,80250,979.0,0.0,979.0,0.0,1996.867
2026-05-19 15:10:06.282,80500,979.0,0.0,979.0,0.0,1996.867
2026-05-19 15:10:06.282,80750,979.0,0.0,979.0,0.0,1996.867
2026-05-19 15:10:06.283,81000,979.0,0.0,979.0,0.0,1996.867
2026-05-19 15:10:06.392,81250,979.0,0.0,979.0,0.0,1996.867
2026-05-19 15:10:06.392,81500,990.305,1.335159940683,988.901,24.076,1975.067
2026-05-19 15:10:06.393,81750,979.0,0.0,979.0,0.0,1887.867
2026-05-19 15:10:06.393,82000,979.0,0.0,979.0,0.0,1887.867
2026-05-19 15:10:06.393,82250,979.0,0.0,979.0,0.0,1887.867
2026-05-19 15:10:06.503,82500,979.0,0.0,979.0,0.0,1887.867
2026-05-19 15:10:06.504,82750,979.0,0.0,979.0,0.0,1887.867
2026-05-19 15:10:06.504,83000,1058.794,-1.944027388614,1057.727,-37.709,1752.397
2026-05-19 15:10:06.505,83250,979.0,0.0,979.0,0.0,1662.085
2026-05-19 15:10:06.505,83500,979.0,0.0,979.0,0.0,1662.085
2026-05-19 15:10:06.614,83750,979.0,0.0,979.0,0.0,1662.085
2026-05-19 15:10:06.614,84000,979.0,0.0,979.0,0.0,1662.085
2026-05-19 15:10:06.615,84250,979.0,0.0,979.0,0.0,1662.085
2026-05-19 15:10:06.615,84500,979.0,0.0,979.0,0.0,1662.085
2026-05-19 15:10:06.616,84750,979.0,0.0,979.0,0.0,1662.085
2026-05-19 15:10:06.724,85000,979.0,0.0,979.0,0.0,1662.085
2026-05-19 15:10:06.724,85250,979.0,0.0,979.0,0.0,1662.085
2026-05-19 15:10:06.725,85500,979.0,0.0,979.0,0.0,1662.085
2026-05-19 15:10:06.725,85750,979.0,0.0,979.0,0.0,1662.085
2026-05-19 15:10:06.835,86000,979.0,0.0,979.0,0.0,1662.085
2026-05-19 15:10:06.835,86250,979.0,0.0,979.0,0.0,1662.085
2026-05-19 15:10:06.836,86500,979.0,0.0,979.0,0.0,1662.085
2026-05-19 15:10:06.836,86750,979.0,0.0,979.0,0.0,1662.085
2026-05-19 15:10:06.837,87000,979.0,0.0,979.0,0.0,1662.085
2026-05-19 15:10:06.946,87250,979.0,0.0,979.0,0.0,1662.085
2026-05-19 15:10:06.947,87500,979.0,0.0,979.0,0.0,1662.085
2026-05-19 15:10:06.947,87750,979.0,0.0,979.0,0.0,1662.085
2026-05-19 15:10:06.948,88000,979.0,0.0,979.0,0.0,1662.085
2026-05-19 15:10:06.948,88250,979.0,0.0,979.0,0.0,1662.085
2026-05-19 15:10:07.058,88500,979.0,0.0,979.0,0.0,1662.085
2026-05-19 15:10:07.059,88750,979.0,0.0,979.0,0.0,1662.085
2026-05-19 15:10:07.059,89000,1102.096,-3.518802300113,1099.426,-69.507,1481.485
2026-05-19 15:10:07.059,89250,979.0,0.0,979.0,0.0,1436.336
2026-05-19 15:10:07.060,89500,979.0,0.0,979.0,0.0,1436.336
2026-05-19 15:10:07.170,89750,979.0,0.0,979.0,0.0,1436.336
2026-05-19 15:10:07.170,90000,979.0,0.0,979.0,0.0,1436.336
2026-05-19 15:10:07.171,90250,902.84,-9.90199356769,889.391,-155.255,1436.336
2026-05-19 15:10:07.171,90500,979.0,0.0,979.0,0.0,1324.598
2026-05-19 15:10:07.172,90750,979.0,0.0,979.0,0.0,1324.598
2026-05-19 15:10:07.281,91000,979.0,0.0,979.0,0.0,1324.598
2026-05-19 15:10:07.281,91250,979.0,0.0,979.0,0.0,1324.598
2026-05-19 15:10:07.282,91500,979.0,0.0,979.0,0.0,1324.598
2026-05-19 15:10:07.282,91750,979.0,0.0,979.0,0.0,1324.598
2026-05-19 15:10:07.282,92000,979.0,0.0,979.0,0.0,1324.598
2026-05-19 15:10:07.392,92250,979.0,0.0,979.0,0.0,1324.598
2026-05-19 15:10:07.393,92500,979.0,0.0,979.0,0.0,1324.598
2026-05-19 15:10:07.393,92750,979.0,0.0,979.0,0.0,1324.598
2026-05-19 15:10:07.394,93000,979.0,0.0,979.0,0.0,1324.598
2026-05-19 15:10:07.504,93250,979.0,0.0,979.0,0.0,1324.598
2026-05-19 15:10:07.505,93500,979.0,0.0,979.0,0.0,1324.598
2026-05-19 15:10:07.505,93750,979.0,0.0,979.0,0.0,1324.598
2026-05-19 15:10:07.505,94000,979.0,0.0,979.0,0.0,1324.598
2026-05-19 15:10:07.506,94250,979.0,0.0,979.0,0.0,1324.598
2026-05-19 15:10:07.617,94500,979.0,0.0,979.0,0.0,1324.598
2026-05-19 15:10:07.618,94750,979.0,0.0,979.0,0.0,1324.598
2026-05-19 15:10:07.618,95000,979.0,0.0,979.0,0.0,1324.598
2026-05-19 15:10:07.619,95250,1118.423,-3.037451139804,1115.588,-64.136,1172.144
2026-05-19 15:10:07.619,95500,979.0,0.0,979.0,0.0,1070.507
2026-05-19 15:10:07.728,95750,979.0,0.0,979.0,0.0,1070.507
2026-05-19 15:10:07.728,96000,979.0,0.0,979.0,0.0,1070.507
2026-05-19 15:10:07.729,96250,979.0,0.0,979.0,0.0,1070.507
2026-05-19 15:10:07.729,96500,979.0,0.0,979.0,0.0,1070.507
2026-05-19 15:10:07.730,96750,979.0,0.0,979.0,0.0,1070.507
2026-05-19 15:10:07.839,97000,979.0,0.0,979.0,0.0,1070.507
2026-05-19 15:10:07.840,97250,979.0,0.0,979.0,0.0,1070.507
2026-05-19 15:10:07.840,97500,979.0,0.0,979.0,0.0,1070.507
2026-05-19 15:10:07.841,97750,979.0,0.0,979.0,0.0,1070.507
2026-05-19 15:10:07.841,98000,979.0,0.0,979.0,0.0,1070.507
2026-05-19 15:10:07.951,98250,979.0,0.0,979.0,0.0,1070.507
2026-05-19 15:10:07.952,98500,979.0,0.0,979.0,0.0,1070.507
2026-05-19 15:10:07.952,98750,979.0,0.0,979.0,0.0,1070.507
2026-05-19 15:10:07.953,99000,979.0,0.0,979.0,0.0,1070.507
2026-05-19 15:10:07.953,99250,979.0,0.0,979.0,0.0,1070.507
2026-05-19 15:10:08.066,99500,979.0,0.0,979.0,0.0,1070.507
2026-05-19 15:10:08.066,99750,979.0,0.0,979.0,0.0,1070.507
2026-05-19 15:10:08.067,100000,979.0,0.0,979.0,0.0,1070.507
2026-05-19 15:10:08.620,10000,983.31,-1.051643630515,983.033,-18.098,9245.732
2026-05-19 15:10:08.732,10250,979.0,0.0,979.0,0.0,9286.314
2026-05-19 15:10:08.957,10500,979.0,0.0,979.0,0.0,9286.314
2026-05-19 15:10:09.071,10750,989.867,0.162427082676,989.857,2.852,9186.021
2026-05-19 15:10:09.185,11000,1005.754,0.445795900565,1005.723,7.825,9105.965
2026-05-19 15:10:09.297,11250,979.0,0.0,979.0,0.0,9105.965
2026-05-19 15:10:09.522,11500,979.0,0.0,979.0,0.0,9105.965
2026-05-19 15:10:09.634,11750,979.0,0.0,979.0,0.0,9178.44
2026-05-19 15:10:09.746,12000,979.0,0.0,979.0,0.0,9178.44
2026-05-19 15:10:09.858,12250,979.0,0.0,979.0,0.0,9178.44
2026-05-19 15:10:09.970,12500,1006.089,0.215126288188,1006.025,3.739,9009.102
2026-05-19 15:10:10.083,12750,979.0,0.0,979.0,0.0,9025.481
2026-05-19 15:10:10.195,13000,979.0,0.0,979.0,0.0,9025.481
2026-05-19 15:10:10.313,13250,988.083,-0.46255643472,987.998,-8.06,9028.686
2026-05-19 15:10:10.425,13500,979.0,0.0,979.0,0.0,9110.657
2026-05-19 15:10:10.535,13750,1005.17,0.596406353861,1005.116,10.463,8873.453
2026-05-19 15:10:10.646,14000,989.807,-1.511920412512,989.463,-26.116,8873.453
2026-05-19 15:10:10.756,14250,979.0,0.0,979.0,0.0,8971.41
2026-05-19 15:10:10.867,14500,979.0,0.0,979.0,0.0,8971.41
2026-05-19 15:10:10.978,14750,1006.668,-1.125504997653,1006.473,-19.773,8829.312
2026-05-19 15:10:11.089,15000,979.0,0.0,979.0,0.0,8938.448
2026-05-19 15:10:11.202,15250,979.0,0.0,979.0,0.0,8938.448
2026-05-19 15:10:11.314,15500,979.0,0.0,979.0,0.0,8938.448
2026-05-19 15:10:11.425,15750,1017.201,-0.777334940449,1017.107,-13.8,8712.157
2026-05-19 15:10:11.536,16000,979.0,0.0,979.0,0.0,8828.731
2026-05-19 15:10:11.536,16250,993.895,0.455410092,993.842,7.979,8697.732
2026-05-19 15:10:11.648,16500,993.895,0.455410092,993.842,7.979,8697.732
2026-05-19 15:10:11.758,16750,1003.297,0.778640438833,1003.205,13.634,8704.426
2026-05-19 15:10:11.870,17000,979.0,0.0,979.0,0.0,8704.426
2026-05-19 15:10:11.982,17250,979.012,-2.034992615142,978.371,-34.668,8613.161
2026-05-19 15:10:12.094,17500,1020.604,-0.613423882303,1020.546,-10.927,8476.262
2026-05-19 15:10:12.095,17750,979.0,0.0,979.0,0.0,8611.81
2026-05-19 15:10:12.208,18000,979.0,0.0,979.0,0.0,8611.81
2026-05-19 15:10:12.313,18250,1005.36,0.960686760165,1005.219,16.856,8386.009
2026-05-19 15:10:12.424,18500,995.939,-1.485942574055,995.604,-25.826,8386.009
2026-05-19 15:10:12.425,18750,989.163,-0.891565544433,988.962,-15.496,8444.046
2026-05-19 15:10:12.536,19000,1004.055,1.003388467307,1003.901,17.583,8318.223
2026-05-19 15:10:12.652,19250,979.0,0.0,979.0,0.0,8318.223
2026-05-19 15:10:12.764,19500,997.248,-1.40404357591,996.949,-24.435,8104.803
2026-05-19 15:10:12.764,19750,986.299,-0.561617430364,986.179,-9.774,8195.444
2026-05-19 15:10:12.876,20000,979.0,0.0,979.0,0.0,8255.872
2026-05-19 15:10:12.988,20250,993.601,0.665555450615,993.489,11.654,8135.725
2026-05-19 15:10:12.989,20500,979.0,0.0,979.0,0.0,8055.627
2026-05-19 15:10:13.101,20750,997.775,-1.321511433571,997.51,-23.011,8055.627
2026-05-19 15:10:13.214,21000,986.833,-0.531891487727,986.725,-9.269,7980.821
2026-05-19 15:10:13.215,21250,979.0,0.0,979.0,0.0,8043.919
2026-05-19 15:10:13.329,21500,979.0,0.0,979.0,0.0,8043.919
2026-05-19 15:10:13.440,21750,979.0,0.0,979.0,0.0,7856.622
2026-05-19 15:10:13.440,22000,1000.678,-1.344840918854,1000.403,-23.486,7856.622
2026-05-19 15:10:13.551,22250,1010.724,-0.815068180854,1010.558,-14.238,7779.686
2026-05-19 15:10:13.664,22500,983.554,-0.269543553036,983.498,-4.712,7806.873
2026-05-19 15:10:13.664,22750,979.0,0.0,979.0,0.0,7842.522
2026-05-19 15:10:13.775,23000,979.0,0.0,979.0,0.0,7658.862
2026-05-19 15:10:13.775,23250,979.0,0.0,979.0,0.0,7658.862
2026-05-19 15:10:13.884,23500,999.903,1.300566439113,999.645,22.695,7498.755
2026-05-19 15:10:13.996,23750,979.0,0.0,979.0,0.0,7498.755
2026-05-19 15:10:13.996,24000,1003.089,-1.239554918038,1002.854,-21.699,7498.755
2026-05-19 15:10:14.106,24250,1004.217,-1.23033097061,1003.986,-21.562,7326.976
2026-05-19 15:10:14.220,24500,994.13,-0.738198582366,993.991,-12.937,7402.467
2026-05-19 15:10:14.220,24750,999.596,1.482344701308,999.262,25.858,7360.845
2026-05-19 15:10:14.329,25000,979.0,0.0,979.0,0.0,7360.845
2026-05-19 15:10:14.330,25250,979.0,0.0,979.0,0.0,7360.845
2026-05-19 15:10:14.441,25500,979.0,0.0,979.0,0.0,7206.363
2026-05-19 15:10:14.442,25750,979.0,0.0,979.0,0.0,7206.363
2026-05-19 15:10:14.553,26000,996.708,1.425420393579,996.399,24.794,7078.333
2026-05-19 15:10:14.664,26250,979.0,0.0,979.0,0.0,7078.333
2026-05-19 15:10:14.665,26500,998.918,1.697162980167,998.48,29.585,6937.194
2026-05-19 15:10:14.777,26750,979.0,0.0,979.0,0.0,6937.194
2026-05-19 15:10:14.778,27000,979.0,0.0,979.0,0.0,6937.194
2026-05-19 15:10:14.889,27250,998.093,1.73734201155,997.634,30.26,6804.488
2026-05-19 15:10:14.889,27500,979.0,0.0,979.0,0.0,6804.488
2026-05-19 15:10:15.000,27750,982.938,0.384791017499,982.825,6.706,6777.659
2026-05-19 15:10:15.000,28000,979.0,0.0,979.0,0.0,6670.342
2026-05-19 15:10:15.113,28250,979.0,0.0,979.0,0.0,6670.342
2026-05-19 15:10:15.113,28500,979.0,0.0,979.0,0.0,6557.083
2026-05-19 15:10:15.225,28750,979.0,0.0,979.0,0.0,6557.083
2026-05-19 15:10:15.226,29000,979.0,0.0,979.0,0.0,6557.083
2026-05-19 15:10:15.329,29250,979.0,0.0,979.0,0.0,6439.888
2026-05-19 15:10:15.329,29500,979.0,0.0,979.0,0.0,6439.888
2026-05-19 15:10:15.440,29750,979.0,0.0,979.0,0.0,6329.513
2026-05-19 15:10:15.441,30000,979.0,0.0,979.0,0.0,6329.513
2026-05-19 15:10:15.551,30250,979.0,0.0,979.0,0.0,6329.513
2026-05-19 15:10:15.552,30500,979.0,0.0,979.0,0.0,6231.235
2026-05-19 15:10:15.662,30750,979.0,0.0,979.0,0.0,6231.235
2026-05-19 15:10:15.663,31000,991.578,1.967351821673,990.845,34.145,6152.441
2026-05-19 15:10:15.775,31250,979.0,0.0,979.0,0.0,6132.743
2026-05-19 15:10:15.776,31500,1009.904,-0.628950976873,1009.827,-11.17,5946.502
2026-05-19 15:10:15.886,31750,1018.688,-0.706494640387,1018.61,-12.561,5819.217
2026-05-19 15:10:15.887,32000,979.0,0.0,979.0,0.0,5819.217
2026-05-19 15:10:15.997,32250,979.0,0.0,979.0,0.0,5819.217
2026-05-19 15:10:15.998,32500,979.0,0.0,979.0,0.0,5745.191
2026-05-19 15:10:16.108,32750,979.0,0.0,979.0,0.0,5745.191
2026-05-19 15:10:16.108,33000,979.0,0.0,979.0,0.0,5745.191
2026-05-19 15:10:16.108,33250,979.0,0.0,979.0,0.0,5682.385
2026-05-19 15:10:16.222,33500,979.0,0.0,979.0,0.0,5682.385
2026-05-19 15:10:16.223,33750,1015.549,-0.372779031006,1015.522,-6.667,5429.652
2026-05-19 15:10:16.330,34000,1024.687,-0.465973788758,1024.653,-8.333,5379.444
2026-05-19 15:10:16.330,34250,979.0,0.0,979.0,0.0,5379.444
2026-05-19 15:10:16.443,34500,979.0,0.0,979.0,0.0,5339.018
2026-05-19 15:10:16.443,34750,979.0,0.0,979.0,0.0,5339.018
2026-05-19 15:10:16.443,35000,979.0,0.0,979.0,0.0,5339.018
2026-05-19 15:10:16.554,35250,982.99,2.113331026939,982.154,36.281,5317.367
2026-05-19 15:10:16.555,35500,1025.739,-0.237811716413,1025.73,-4.257,5069.911
2026-05-19 15:10:16.666,35750,979.0,0.0,979.0,0.0,5069.911
2026-05-19 15:10:16.667,36000,979.0,0.0,979.0,0.0,5069.911
2026-05-19 15:10:16.779,36250,979.0,0.0,979.0,0.0,5053.16
2026-05-19 15:10:16.780,36500,979.0,0.0,979.0,0.0,5053.16
2026-05-19 15:10:16.780,36750,979.0,0.0,979.0,0.0,5052.649
2026-05-19 15:10:16.891,37000,1019.908,0.091046028995,1019.906,1.637,4852.002
2026-05-19 15:10:16.891,37250,979.0,0.0,979.0,0.0,4801.84
2026-05-19 15:10:17.003,37500,979.0,0.0,979.0,0.0,4801.84
2026-05-19 15:10:17.003,37750,979.0,0.0,979.0,0.0,4819.526
2026-05-19 15:10:17.004,38000,979.0,0.0,979.0,0.0,4819.526
2026-05-19 15:10:17.115,38250,979.0,0.0,979.0,0.0,4819.526
2026-05-19 15:10:17.115,38500,1035.225,0.312129913297,1035.21,5.64,4557.768
2026-05-19 15:10:17.226,38750,979.0,0.0,979.0,0.0,4591.487
2026-05-19 15:10:17.227,39000,979.0,0.0,979.0,0.0,4591.487
2026-05-19 15:10:17.227,39250,979.0,0.0,979.0,0.0,4591.487
2026-05-19 15:10:17.344,39500,979.0,0.0,979.0,0.0,4591.487
2026-05-19 15:10:17.345,39750,1036.403,0.718813789589,1036.322,13.002,4380.519
2026-05-19 15:10:17.345,40000,979.0,0.0,979.0,0.0,4380.519
2026-05-19 15:10:17.456,40250,979.0,0.0,979.0,0.0,4380.519
2026-05-19 15:10:17.457,40500,979.0,0.0,979.0,0.0,4380.519
2026-05-19 15:10:17.568,40750,982.081,-0.691112802898,981.719,-11.987,4435.656
2026-05-19 15:10:17.568,41000,1021.92,0.732846470984,1021.837,13.071,4262.566
2026-05-19 15:10:17.569,41250,979.0,0.0,979.0,0.0,4262.566
2026-05-19 15:10:17.680,41500,979.0,0.0,979.0,0.0,4262.566
2026-05-19 15:10:17.681,41750,960.683,3.218750224387,959.168,53.941,4343.838
2026-05-19 15:10:17.793,42000,979.0,0.0,979.0,0.0,4343.838
2026-05-19 15:10:17.794,42250,979.0,0.0,979.0,0.0,4101.722
2026-05-19 15:10:17.794,42500,979.0,0.0,979.0,0.0,4101.722
2026-05-19 15:10:17.905,42750,979.0,0.0,979.0,0.0,4101.722
2026-05-19 15:10:17.905,43000,979.0,0.0,979.0,0.0,4101.722
2026-05-19 15:10:17.906,43250,979.0,0.0,979.0,0.0,4198.29
2026-05-19 15:10:18.016,43500,1037.747,1.582492995006,1037.351,28.659,3960.624
2026-05-19 15:10:18.017,43750,979.0,0.0,979.0,0.0,3960.624
2026-05-19 15:10:18.017,44000,979.0,0.0,979.0,0.0,3960.624
2026-05-19 15:10:18.128,44250,979.0,0.0,979.0,0.0,3960.624
2026-05-19 15:10:18.128,44500,979.0,0.0,979.0,0.0,3960.624
2026-05-19 15:10:18.129,44750,979.0,0.0,979.0,0.0,3861.35
2026-05-19 15:10:18.241,45000,979.0,0.0,979.0,0.0,3861.35
2026-05-19 15:10:18.242,45250,979.0,0.0,979.0,0.0,3861.35
2026-05-19 15:10:18.242,45500,979.0,0.0,979.0,0.0,3861.35
2026-05-19 15:10:18.345,45750,979.0,0.0,979.0,0.0,3861.35
2026-05-19 15:10:18.345,46000,979.0,0.0,979.0,0.0,3655.855
2026-05-19 15:10:18.346,46250,987.963,-0.729824856192,987.548,-13.032,3789.732
2026-05-19 15:10:18.456,46500,979.0,0.0,979.0,0.0,3823.201
2026-05-19 15:10:18.456,46750,979.0,0.0,979.0,0.0,3823.201
2026-05-19 15:10:18.457,47000,989.669,0.476553703812,989.491,8.584,3783.688
2026-05-19 15:10:18.567,47250,979.0,0.0,979.0,0.0,3625.638
2026-05-19 15:10:18.567,47500,979.0,0.0,979.0,0.0,3625.638
2026-05-19 15:10:18.568,47750,979.0,0.0,979.0,0.0,3625.638
2026-05-19 15:10:18.678,48000,979.0,0.0,979.0,0.0,3625.638
2026-05-19 15:10:18.678,48250,979.0,0.0,979.0,0.0,3625.638
2026-05-19 15:10:18.679,48500,979.0,0.0,979.0,0.0,3618.973
2026-05-19 15:10:18.791,48750,979.0,0.0,979.0,0.0,3618.973
2026-05-19 15:10:18.792,49000,979.0,0.0,979.0,0.0,3618.973
2026-05-19 15:10:18.792,49250,959.421,-1.240294637168,958.877,-20.123,3510.411
2026-05-19 15:10:18.903,49500,979.0,0.0,979.0,0.0,3438.037
2026-05-19 15:10:18.904,49750,979.0,0.0,979.0,0.0,3438.037
2026-05-19 15:10:18.904,50000,979.0,0.0,979.0,0.0,3438.037
2026-05-19 15:10:19.014,50250,979.0,0.0,979.0,0.0,3438.037
2026-05-19 15:10:19.015,50500,979.0,0.0,979.0,0.0,3438.037
2026-05-19 15:10:19.015,50750,1035.348,3.820238021676,1033.048,68.981,3250.924
2026-05-19 15:10:19.127,51000,979.0,0.0,979.0,0.0,3448.719
2026-05-19 15:10:19.127,51250,979.0,0.0,979.0,0.0,3448.719
2026-05-19 15:10:19.127,51500,979.0,0.0,979.0,0.0,3448.719
2026-05-19 15:10:19.128,51750,979.0,0.0,979.0,0.0,3448.719
2026-05-19 15:10:19.243,52000,979.0,0.0,979.0,0.0,3448.719
2026-05-19 15:10:19.243,52250,979.0,0.0,979.0,0.0,3304.868
2026-05-19 15:10:19.244,52500,979.0,0.0,979.0,0.0,3304.868
2026-05-19 15:10:19.360,52750,979.0,0.0,979.0,0.0,3304.868
2026-05-19 15:10:19.361,53000,979.0,0.0,979.0,0.0,3304.868
2026-05-19 15:10:19.361,53250,979.0,0.0,979.0,0.0,3304.868
2026-05-19 15:10:19.361,53500,979.0,0.0,979.0,0.0,3304.868
2026-05-19 15:10:19.471,53750,979.0,0.0,979.0,0.0,3181.295
2026-05-19 15:10:19.471,54000,979.0,0.0,979.0,0.0,3181.295
2026-05-19 15:10:19.472,54250,979.0,0.0,979.0,0.0,3181.295
2026-05-19 15:10:19.582,54500,979.0,0.0,979.0,0.0,3181.295
2026-05-19 15:10:19.582,54750,979.0,0.0,979.0,0.0,3181.295
2026-05-19 15:10:19.583,55000,979.0,0.0,979.0,0.0,3181.295
2026-05-19 15:10:19.692,55250,986.138,0.840453166474,985.593,14.871,3158.914
2026-05-19 15:10:19.693,55500,979.0,0.0,979.0,0.0,3069.393
2026-05-19 15:10:19.693,55750,979.0,0.0,979.0,0.0,3069.393
2026-05-19 15:10:19.693,56000,979.0,0.0,979.0,0.0,3069.393
2026-05-19 15:10:19.805,56250,979.0,0.0,979.0,0.0,3069.393
2026-05-19 15:10:19.805,56500,979.0,0.0,979.0,0.0,3069.393
2026-05-19 15:10:19.806,56750,979.0,0.0,979.0,0.0,3069.393
2026-05-19 15:10:19.916,57000,979.0,0.0,979.0,0.0,3069.393
2026-05-19 15:10:19.916,57250,979.0,0.0,979.0,0.0,3069.393
2026-05-19 15:10:19.917,57500,979.0,0.0,979.0,0.0,3069.393
2026-05-19 15:10:20.028,57750,985.648,0.971603463493,984.921,17.145,3049.235
2026-05-19 15:10:20.028,58000,1012.239,4.858017317466,1008.603,85.723,2968.602
2026-05-19 15:10:20.029,58250,920.802,1.171170030966,920.565,18.522,3159.241
2026-05-19 15:10:20.029,58500,906.252,1.463962538707,905.957,23.153,3206.9
2026-05-19 15:10:20.139,58750,983.16,0.873980955756,982.578,15.236,3193.558
2026-05-19 15:10:20.139,59000,999.799,4.369904778779,996.892,76.18,3140.187
2026-05-19 15:10:20.140,59250,979.0,0.0,979.0,0.0,3140.187
2026-05-19 15:10:20.249,59500,989.415,-4.955489794262,985.597,-85.931,3111.581
2026-05-19 15:10:20.250,59750,1035.586,-5.833867317486,1030.223,-105.261,2968.602
2026-05-19 15:10:20.251,60000,979.0,0.0,979.0,0.0,2968.602
2026-05-19 15:10:20.251,60250,979.0,0.0,979.0,0.0,2968.602
2026-05-19 15:10:20.361,60500,979.0,0.0,979.0,0.0,2968.602
2026-05-19 15:10:20.361,60750,979.0,0.0,979.0,0.0,2968.602
2026-05-19 15:10:20.362,61000,979.0,0.0,979.0,0.0,2968.602
2026-05-19 15:10:20.362,61250,979.0,0.0,979.0,0.0,2968.602
2026-05-19 15:10:20.472,61500,979.0,0.0,979.0,0.0,2968.602
2026-05-19 15:10:20.472,61750,979.0,0.0,979.0,0.0,2968.602
2026-05-19 15:10:20.473,62000,979.0,0.0,979.0,0.0,2968.602
2026-05-19 15:10:20.473,62250,979.0,0.0,979.0,0.0,2968.602
2026-05-19 15:10:20.582,62500,979.0,0.0,979.0,0.0,2968.602
2026-05-19 15:10:20.583,62750,979.0,0.0,979.0,0.0,2968.602
2026-05-19 15:10:20.583,63000,979.0,0.0,979.0,0.0,2968.602
2026-05-19 15:10:20.583,63250,979.0,0.0,979.0,0.0,2736.319
2026-05-19 15:10:20.693,63500,979.0,0.0,979.0,0.0,2736.319
2026-05-19 15:10:20.693,63750,979.0,0.0,979.0,0.0,2736.319
2026-05-19 15:10:20.693,64000,979.0,0.0,979.0,0.0,2736.319
2026-05-19 15:10:20.694,64250,979.0,0.0,979.0,0.0,2736.319
2026-05-19 15:10:20.805,64500,979.0,0.0,979.0,0.0,2736.319
2026-05-19 15:10:20.805,64750,979.0,0.0,979.0,0.0,2736.319
2026-05-19 15:10:20.806,65000,979.0,0.0,979.0,0.0,2736.319
2026-05-19 15:10:20.806,65250,979.0,0.0,979.0,0.0,2736.319
2026-05-19 15:10:20.916,65500,979.0,0.0,979.0,0.0,2736.319
2026-05-19 15:10:20.917,65750,979.0,0.0,979.0,0.0,2736.319
2026-05-19 15:10:20.917,66000,979.0,0.0,979.0,0.0,2736.319
2026-05-19 15:10:20.918,66250,979.0,0.0,979.0,0.0,2736.319
2026-05-19 15:10:21.028,66500,979.0,0.0,979.0,0.0,2736.319
2026-05-19 15:10:21.029,66750,979.0,0.0,979.0,0.0,2736.319
2026-05-19 15:10:21.029,67000,1074.938,-2.141758963451,1074.187,-40.173,2492.103
2026-05-19 15:10:21.030,67250,979.0,0.0,979.0,0.0,2492.103
2026-05-19 15:10:21.140,67500,979.0,0.0,979.0,0.0,2492.103
2026-05-19 15:10:21.140,67750,979.0,0.0,979.0,0.0,2492.103
2026-05-19 15:10:21.141,68000,979.0,0.0,979.0,0.0,2492.103
2026-05-19 15:10:21.141,68250,979.0,0.0,979.0,0.0,2492.103
2026-05-19 15:10:21.248,68500,970.059,-1.113550132612,969.177,-18.13,2515.952
2026-05-19 15:10:21.249,68750,943.235,-4.454200530447,939.709,-72.518,2587.501
2026-05-19 15:10:21.249,69000,934.294,-5.567750663059,929.886,-90.648,2611.351
2026-05-19 15:10:21.250,69250,979.0,0.0,979.0,0.0,2611.351
2026-05-19 15:10:21.361,69500,979.0,0.0,979.0,0.0,2611.351
2026-05-19 15:10:21.361,69750,979.0,0.0,979.0,0.0,2611.351
2026-05-19 15:10:21.362,70000,979.0,0.0,979.0,0.0,2611.351
2026-05-19 15:10:21.362,70250,979.0,0.0,979.0,0.0,2611.351
2026-05-19 15:10:21.472,70500,979.0,0.0,979.0,0.0,2611.351
2026-05-19 15:10:21.472,70750,979.0,0.0,979.0,0.0,2611.351
2026-05-19 15:10:21.473,71000,979.0,0.0,979.0,0.0,2611.351
2026-05-19 15:10:21.473,71250,988.369,1.113550132612,987.401,19.906,2587.501
2026-05-19 15:10:21.583,71500,1020.786,-1.347250873303,1020.038,-25.462,2510.638
2026-05-19 15:10:21.583,71750,1083.466,-3.368127183258,1081.595,-63.655,2359.568
2026-05-19 15:10:21.584,72000,979.0,0.0,979.0,0.0,2359.568
2026-05-19 15:10:21.584,72250,1037.334,6.023390614508,1031.607,108.852,2226.878
2026-05-19 15:10:21.694,72500,1037.334,6.023390614508,1031.607,108.852,2226.878
2026-05-19 15:10:21.695,72750,1037.334,6.023390614508,1031.607,108.852,2226.878
2026-05-19 15:10:21.695,73000,979.0,0.0,979.0,0.0,2226.878
2026-05-19 15:10:21.695,73250,979.0,0.0,979.0,0.0,2226.878
2026-05-19 15:10:21.806,73500,979.0,0.0,979.0,0.0,2226.878
2026-05-19 15:10:21.807,73750,979.0,0.0,979.0,0.0,2226.878
2026-05-19 15:10:21.807,74000,979.0,0.0,979.0,0.0,2226.878
2026-05-19 15:10:21.807,74250,979.0,0.0,979.0,0.0,2226.878
2026-05-19 15:10:21.916,74500,979.0,0.0,979.0,0.0,2226.878
2026-05-19 15:10:21.917,74750,979.0,0.0,979.0,0.0,2226.878
2026-05-19 15:10:21.917,75000,979.0,0.0,979.0,0.0,2226.878
2026-05-19 15:10:22.025,75250,979.0,0.0,979.0,0.0,2226.878
2026-05-19 15:10:22.026,75500,979.0,0.0,979.0,0.0,2226.878
2026-05-19 15:10:22.026,75750,979.0,0.0,979.0,0.0,2226.878
2026-05-19 15:10:22.027,76000,979.0,0.0,979.0,0.0,2226.878
2026-05-19 15:10:22.027,76250,979.0,0.0,979.0,0.0,2226.878
2026-05-19 15:10:22.136,76500,979.0,0.0,979.0,0.0,2226.878
2026-05-19 15:10:22.136,76750,979.0,0.0,979.0,0.0,2226.878
2026-05-19 15:10:22.136,77000,979.0,0.0,979.0,0.0,2226.878
2026-05-19 15:10:22.137,77250,979.0,0.0,979.0,0.0,2226.878
2026-05-19 15:10:22.137,77500,979.0,0.0,979.0,0.0,1996.867
2026-05-19 15:10:22.246,77750,979.0,0.0,979.0,0.0,1996.867
2026-05-19 15:10:22.247,78000,979.0,0.0,979.0,0.0,1996.867
2026-05-19 15:10:22.247,78250,979.0,0.0,979.0,0.0,1996.867
2026-05-19 15:10:22.248,78500,979.0,0.0,979.0,0.0,1996.867
2026-05-19 15:10:22.248,78750,979.0,0.0,979.0,0.0,1996.867
2026-05-19 15:10:22.360,79000,979.0,0.0,979.0,0.0,1996.867
2026-05-19 15:10:22.360,79250,979.0,0.0,979.0,0.0,1996.867
2026-05-19 15:10:22.361,79500,979.0,0.0,979.0,0.0,1996.867
2026-05-19 15:10:22.361,79750,979.0,0.0,979.0,0.0,1996.867
2026-05-19 15:10:22.362,80000,979.0,0.0,979.0,0.0,1996.867
2026-05-19 15:10:22.471,80250,979.0,0.0,979.0,0.0,1996.867
2026-05-19 15:10:22.471,80500,979.0,0.0,979.0,0.0,1996.867
2026-05-19 15:10:22.472,80750,979.0,0.0,979.0,0.0,1996.867
2026-05-19 15:10:22.472,81000,979.0,0.0,979.0,0.0,1996.867
2026-05-19 15:10:22.473,81250,979.0,0.0,979.0,0.0,1996.867
2026-05-19 15:10:22.582,81500,979.0,0.0,979.0,0.0,1996.867
2026-05-19 15:10:22.582,81750,979.0,0.0,979.0,0.0,1887.867
2026-05-19 15:10:22.582,82000,979.0,0.0,979.0,0.0,1887.867
2026-05-19 15:10:22.583,82250,979.0,0.0,979.0,0.0,1887.867
2026-05-19 15:10:22.692,82500,979.0,0.0,979.0,0.0,1887.867
2026-05-19 15:10:22.692,82750,979.0,0.0,979.0,0.0,1887.867
2026-05-19 15:10:22.693,83000,1058.794,-1.944027388614,1057.727,-37.709,1752.397
2026-05-19 15:10:22.693,83250,979.0,0.0,979.0,0.0,1662.085
2026-05-19 15:10:22.693,83500,979.0,0.0,979.0,0.0,1662.085
2026-05-19 15:10:22.808,83750,979.0,0.0,979.0,0.0,1662.085
2026-05-19 15:10:22.809,84000,979.0,0.0,979.0,0.0,1662.085
2026-05-19 15:10:22.809,84250,979.0,0.0,979.0,0.0,1662.085
2026-05-19 15:10:22.810,84500,979.0,0.0,979.0,0.0,1662.085
2026-05-19 15:10:22.810,84750,979.0,0.0,979.0,0.0,1662.085
2026-05-19 15:10:22.918,85000,979.0,0.0,979.0,0.0,1662.085
2026-05-19 15:10:22.919,85250,979.0,0.0,979.0,0.0,1662.085
2026-05-19 15:10:22.919,85500,979.0,0.0,979.0,0.0,1662.085
2026-05-19 15:10:22.920,85750,979.0,0.0,979.0,0.0,1662.085
2026-05-19 15:10:22.920,86000,979.0,0.0,979.0,0.0,1662.085
2026-05-19 15:10:23.029,86250,979.0,0.0,979.0,0.0,1662.085
2026-05-19 15:10:23.030,86500,979.0,0.0,979.0,0.0,1662.085
2026-05-19 15:10:23.030,86750,979.0,0.0,979.0,0.0,1662.085
2026-05-19 15:10:23.030,87000,979.0,0.0,979.0,0.0,1662.085
2026-05-19 15:10:23.031,87250,979.0,0.0,979.0,0.0,1662.085
2026-05-19 15:10:23.142,87500,979.0,0.0,979.0,0.0,1662.085
2026-05-19 15:10:23.143,87750,979.0,0.0,979.0,0.0,1662.085
2026-05-19 15:10:23.143,88000,979.0,0.0,979.0,0.0,1662.085
2026-05-19 15:10:23.144,88250,979.0,0.0,979.0,0.0,1662.085
2026-05-19 15:10:23.144,88500,979.0,0.0,979.0,0.0,1662.085
2026-05-19 15:10:23.248,88750,979.0,0.0,979.0,0.0,1662.085
2026-05-19 15:10:23.249,89000,1132.869,-4.398502875142,1129.533,-86.883,1436.336
2026-05-19 15:10:23.249,89250,979.0,0.0,979.0,0.0,1436.336
2026-05-19 15:10:23.250,89500,979.0,0.0,979.0,0.0,1436.336
2026-05-19 15:10:23.362,89750,979.0,0.0,979.0,0.0,1436.336
2026-05-19 15:10:23.362,90000,979.0,0.0,979.0,0.0,1436.336
2026-05-19 15:10:23.363,90250,902.84,-9.90199356769,889.391,-155.255,1436.336
2026-05-19 15:10:23.363,90500,979.0,0.0,979.0,0.0,1324.598
2026-05-19 15:10:23.363,90750,979.0,0.0,979.0,0.0,1324.598
2026-05-19 15:10:23.474,91000,979.0,0.0,979.0,0.0,1324.598
2026-05-19 15:10:23.475,91250,979.0,0.0,979.0,0.0,1324.598
2026-05-19 15:10:23.475,91500,979.0,0.0,979.0,0.0,1324.598
2026-05-19 15:10:23.475,91750,979.0,0.0,979.0,0.0,1324.598
2026-05-19 15:10:23.476,92000,979.0,0.0,979.0,0.0,1324.598
2026-05-19 15:10:23.586,92250,979.0,0.0,979.0,0.0,1324.598
2026-05-19 15:10:23.586,92500,979.0,0.0,979.0,0.0,1324.598
2026-05-19 15:10:23.587,92750,979.0,0.0,979.0,0.0,1324.598
2026-05-19 15:10:23.587,93000,979.0,0.0,979.0,0.0,1324.598
2026-05-19 15:10:23.588,93250,979.0,0.0,979.0,0.0,1324.598
2026-05-19 15:10:23.697,93500,979.0,0.0,979.0,0.0,1324.598
2026-05-19 15:10:23.698,93750,979.0,0.0,979.0,0.0,1324.598
2026-05-19 15:10:23.698,94000,979.0,0.0,979.0,0.0,1324.598
2026-05-19 15:10:23.698,94250,979.0,0.0,979.0,0.0,1324.598
2026-05-19 15:10:23.699,94500,979.0,0.0,979.0,0.0,1324.598
2026-05-19 15:10:23.808,94750,979.0,0.0,979.0,0.0,1324.598
2026-05-19 15:10:23.810,95000,979.0,0.0,979.0,0.0,1324.598
2026-05-19 15:10:23.811,95250,1118.423,-3.037451139804,1115.588,-64.136,1172.144
2026-05-19 15:10:23.811,95500,979.0,0.0,979.0,0.0,1070.507
2026-05-19 15:10:23.811,95750,979.0,0.0,979.0,0.0,1070.507
2026-05-19 15:10:23.921,96000,979.0,0.0,979.0,0.0,1070.507
2026-05-19 15:10:23.922,96250,979.0,0.0,979.0,0.0,1070.507
2026-05-19 15:10:23.922,96500,979.0,0.0,979.0,0.0,1070.507
2026-05-19 15:10:23.922,96750,979.0,0.0,979.0,0.0,1070.507
2026-05-19 15:10:23.923,97000,979.0,0.0,979.0,0.0,1070.507
2026-05-19 15:10:24.033,97250,979.0,0.0,979.0,0.0,1070.507
2026-05-19 15:10:24.033,97500,979.0,0.0,979.0,0.0,1070.507
2026-05-19 15:10:24.034,97750,979.0,0.0,979.0,0.0,1070.507
2026-05-19 15:10:24.034,98000,979.0,0.0,979.0,0.0,1070.507
2026-05-19 15:10:24.034,98250,979.0,0.0,979.0,0.0,1070.507
2026-05-19 15:10:24.143,98500,979.0,0.0,979.0,0.0,1070.507
2026-05-19 15:10:24.144,98750,979.0,0.0,979.0,0.0,1070.507
2026-05-19 15:10:24.144,99000,979.0,0.0,979.0,0.0,1070.507
2026-05-19 15:10:24.145,99250,979.0,0.0,979.0,0.0,1070.507
2026-05-19 15:10:24.248,99500,979.0,0.0,979.0,0.0,1070.507
2026-05-19 15:10:24.248,99750,979.0,0.0,979.0,0.0,1070.507
2026-05-19 15:10:24.249,100000,979.0,0.0,979.0,0.0,1070.507
2026-05-19 15:10:24.808,10000,981.873,-0.701095753677,981.689,-12.065,9259.259
2026-05-19 15:10:24.922,10250,979.0,0.0,979.0,0.0,9286.314
2026-05-19 15:10:25.144,10500,979.0,0.0,979.0,0.0,9286.314
2026-05-19 15:10:25.248,10750,984.433,0.081213541338,984.428,1.426,9236.167
2026-05-19 15:10:25.362,11000,1005.754,0.445795900565,1005.723,7.825,9105.965
2026-05-19 15:10:25.473,11250,979.0,0.0,979.0,0.0,9105.965
2026-05-19 15:10:25.695,11500,979.0,0.0,979.0,0.0,9105.965
2026-05-19 15:10:25.806,11750,979.0,0.0,979.0,0.0,9178.44
2026-05-19 15:10:25.919,12000,979.0,0.0,979.0,0.0,9178.44
2026-05-19 15:10:26.031,12250,979.0,0.0,979.0,0.0,9178.44
2026-05-19 15:10:26.142,12500,1007.928,-0.087498739547,1007.842,-1.597,8992.723
2026-05-19 15:10:26.253,12750,979.0,0.0,979.0,0.0,9025.481
2026-05-19 15:10:26.364,13000,979.0,0.0,979.0,0.0,9025.481
2026-05-19 15:10:26.475,13250,982.696,-0.575207352745,982.571,-9.92,9076.586
2026-05-19 15:10:26.586,13500,979.0,0.0,979.0,0.0,9110.657
2026-05-19 15:10:26.697,13750,1005.17,0.596406353861,1005.116,10.463,8873.453
2026-05-19 15:10:26.809,14000,989.807,-1.511920412512,989.463,-26.116,8873.453
2026-05-19 15:10:26.921,14250,979.0,0.0,979.0,0.0,8971.41
2026-05-19 15:10:27.033,14500,979.0,0.0,979.0,0.0,8971.41
2026-05-19 15:10:27.145,14750,1006.668,-1.125504997653,1006.473,-19.773,8829.312
2026-05-19 15:10:27.249,15000,979.0,0.0,979.0,0.0,8938.448
2026-05-19 15:10:27.362,15250,979.0,0.0,979.0,0.0,8938.448
2026-05-19 15:10:27.472,15500,979.0,0.0,979.0,0.0,8938.448
2026-05-19 15:10:27.582,15750,1014.515,-0.475133891275,1014.423,-8.469,8735.472
2026-05-19 15:10:27.693,16000,979.0,0.0,979.0,0.0,8828.731
2026-05-19 15:10:27.805,16250,993.895,0.455410092,993.842,7.979,8697.732
2026-05-19 15:10:27.805,16500,993.895,0.455410092,993.842,7.979,8697.732
2026-05-19 15:10:27.917,16750,1003.297,0.778640438833,1003.205,13.634,8704.426
2026-05-19 15:10:28.028,17000,979.0,0.0,979.0,0.0,8704.426
2026-05-19 15:10:28.139,17250,973.798,-2.20949921292,973.058,-37.479,8658.794
2026-05-19 15:10:28.248,17500,1020.604,-0.613423882303,1020.546,-10.927,8476.262
2026-05-19 15:10:28.361,17750,979.0,0.0,979.0,0.0,8611.81
2026-05-19 15:10:28.362,18000,979.0,0.0,979.0,0.0,8611.81
2026-05-19 15:10:28.475,18250,1005.36,0.960686760165,1005.219,16.856,8386.009
2026-05-19 15:10:28.587,18500,995.939,-1.485942574055,995.604,-25.826,8386.009
2026-05-19 15:10:28.698,18750,985.775,-0.594377029622,985.641,-10.331,8473.065
2026-05-19 15:10:28.698,19000,1004.055,1.003388467307,1003.901,17.583,8318.223
2026-05-19 15:10:28.810,19250,979.0,0.0,979.0,0.0,8318.223
2026-05-19 15:10:28.925,19500,997.248,-1.40404357591,996.949,-24.435,8104.803
2026-05-19 15:10:28.925,19750,986.299,-0.561617430364,986.179,-9.774,8195.444
2026-05-19 15:10:29.036,20000,979.0,0.0,979.0,0.0,8255.872
2026-05-19 15:10:29.148,20250,998.469,0.887407267486,998.318,15.539,8095.676
2026-05-19 15:10:29.264,20500,979.0,0.0,979.0,0.0,8055.627
2026-05-19 15:10:29.265,20750,997.775,-1.321511433571,997.51,-23.011,8055.627
2026-05-19 15:10:29.377,21000,986.833,-0.531891487727,986.725,-9.269,7980.821
2026-05-19 15:10:29.491,21250,979.0,0.0,979.0,0.0,8043.919
2026-05-19 15:10:29.492,21500,979.0,0.0,979.0,0.0,8043.919
2026-05-19 15:10:29.604,21750,979.0,0.0,979.0,0.0,7856.622
2026-05-19 15:10:29.604,22000,1000.678,-1.344840918854,1000.403,-23.486,7856.622
2026-05-19 15:10:29.715,22250,1015.746,-0.550181811853,1015.636,-9.614,7741.217
2026-05-19 15:10:29.826,22500,979.0,0.0,979.0,0.0,7842.522
2026-05-19 15:10:29.827,22750,979.0,0.0,979.0,0.0,7842.522
2026-05-19 15:10:29.940,23000,979.0,0.0,979.0,0.0,7658.862
2026-05-19 15:10:30.053,23250,979.0,0.0,979.0,0.0,7658.862
2026-05-19 15:10:30.053,23500,999.903,1.300566439113,999.645,22.695,7498.755
2026-05-19 15:10:30.165,23750,979.0,0.0,979.0,0.0,7498.755
2026-05-19 15:10:30.166,24000,1003.089,-1.239554918038,1002.854,-21.699,7498.755
2026-05-19 15:10:30.277,24250,1004.217,-1.23033097061,1003.986,-21.562,7326.976
2026-05-19 15:10:30.394,24500,998.25,-0.441729642104,998.044,-7.766,7371.495
2026-05-19 15:10:30.394,24750,999.596,1.482344701308,999.262,25.858,7360.845
2026-05-19 15:10:30.507,25000,979.0,0.0,979.0,0.0,7360.845
2026-05-19 15:10:30.507,25250,979.0,0.0,979.0,0.0,7360.845
2026-05-19 15:10:30.618,25500,979.0,0.0,979.0,0.0,7206.363
2026-05-19 15:10:30.619,25750,979.0,0.0,979.0,0.0,7206.363
2026-05-19 15:10:30.728,26000,996.708,1.425420393579,996.399,24.794,7078.333
2026-05-19 15:10:30.839,26250,979.0,0.0,979.0,0.0,7078.333
2026-05-19 15:10:30.840,26500,998.918,1.697162980167,998.48,29.585,6937.194
2026-05-19 15:10:30.952,26750,979.0,0.0,979.0,0.0,6937.194
2026-05-19 15:10:30.952,27000,979.0,0.0,979.0,0.0,6937.194
2026-05-19 15:10:31.062,27250,998.093,1.73734201155,997.634,30.26,6804.488
2026-05-19 15:10:31.063,27500,979.0,0.0,979.0,0.0,6804.488
2026-05-19 15:10:31.173,27750,986.875,0.769582034997,986.65,13.412,6750.83
2026-05-19 15:10:31.173,28000,979.0,0.0,979.0,0.0,6670.342
2026-05-19 15:10:31.280,28250,979.0,0.0,979.0,0.0,6670.342
2026-05-19 15:10:31.280,28500,979.0,0.0,979.0,0.0,6557.083
2026-05-19 15:10:31.393,28750,979.0,0.0,979.0,0.0,6557.083
2026-05-19 15:10:31.393,29000,979.0,0.0,979.0,0.0,6557.083
2026-05-19 15:10:31.506,29250,979.0,0.0,979.0,0.0,6439.888
2026-05-19 15:10:31.507,29500,979.0,0.0,979.0,0.0,6439.888
2026-05-19 15:10:31.617,29750,979.0,0.0,979.0,0.0,6329.513
2026-05-19 15:10:31.618,30000,979.0,0.0,979.0,0.0,6329.513
2026-05-19 15:10:31.729,30250,979.0,0.0,979.0,0.0,6329.513
2026-05-19 15:10:31.730,30500,979.0,0.0,979.0,0.0,6231.235
2026-05-19 15:10:31.840,30750,979.0,0.0,979.0,0.0,6231.235
2026-05-19 15:10:31.841,31000,991.578,1.967351821673,990.845,34.145,6152.441
2026-05-19 15:10:31.954,31250,979.0,0.0,979.0,0.0,6132.743
2026-05-19 15:10:31.955,31500,1009.904,-0.628950976873,1009.827,-11.17,5946.502
2026-05-19 15:10:32.066,31750,1018.688,-0.706494640387,1018.61,-12.561,5819.217
2026-05-19 15:10:32.066,32000,979.0,0.0,979.0,0.0,5819.217
2026-05-19 15:10:32.179,32250,979.0,0.0,979.0,0.0,5819.217
2026-05-19 15:10:32.179,32500,979.0,0.0,979.0,0.0,5745.191
2026-05-19 15:10:32.297,32750,979.0,0.0,979.0,0.0,5745.191
2026-05-19 15:10:32.298,33000,979.0,0.0,979.0,0.0,5745.191
2026-05-19 15:10:32.298,33250,979.0,0.0,979.0,0.0,5682.385
2026-05-19 15:10:32.409,33500,979.0,0.0,979.0,0.0,5682.385
2026-05-19 15:10:32.409,33750,1015.549,-0.372779031006,1015.522,-6.667,5429.652
2026-05-19 15:10:32.522,34000,1024.687,-0.465973788758,1024.653,-8.333,5379.444
2026-05-19 15:10:32.522,34250,979.0,0.0,979.0,0.0,5379.444
2026-05-19 15:10:32.523,34500,979.0,0.0,979.0,0.0,5339.018
2026-05-19 15:10:32.633,34750,979.0,0.0,979.0,0.0,5339.018
2026-05-19 15:10:32.634,35000,979.0,0.0,979.0,0.0,5339.018
2026-05-19 15:10:32.745,35250,983.988,2.641663783674,982.942,45.351,5311.955
2026-05-19 15:10:32.746,35500,1025.739,-0.237811716413,1025.73,-4.257,5069.911
2026-05-19 15:10:32.858,35750,979.0,0.0,979.0,0.0,5069.911
2026-05-19 15:10:32.858,36000,979.0,0.0,979.0,0.0,5069.911
2026-05-19 15:10:32.858,36250,979.0,0.0,979.0,0.0,5053.16
2026-05-19 15:10:32.970,36500,979.0,0.0,979.0,0.0,5053.16
2026-05-19 15:10:32.970,36750,979.0,0.0,979.0,0.0,5052.649
2026-05-19 15:10:33.080,37000,1030.135,0.113807536244,1030.133,2.046,4801.84
2026-05-19 15:10:33.080,37250,979.0,0.0,979.0,0.0,4801.84
2026-05-19 15:10:33.191,37500,979.0,0.0,979.0,0.0,4801.84
2026-05-19 15:10:33.191,37750,979.0,0.0,979.0,0.0,4819.526
2026-05-19 15:10:33.192,38000,979.0,0.0,979.0,0.0,4819.526
2026-05-19 15:10:33.296,38250,979.0,0.0,979.0,0.0,4819.526
2026-05-19 15:10:33.297,38500,1035.225,0.312129913297,1035.21,5.64,4557.768
2026-05-19 15:10:33.408,38750,979.0,0.0,979.0,0.0,4591.487
2026-05-19 15:10:33.408,39000,979.0,0.0,979.0,0.0,4591.487
2026-05-19 15:10:33.408,39250,979.0,0.0,979.0,0.0,4591.487
2026-05-19 15:10:33.520,39500,979.0,0.0,979.0,0.0,4591.487
2026-05-19 15:10:33.520,39750,1036.403,0.718813789589,1036.322,13.002,4380.519
2026-05-19 15:10:33.520,40000,979.0,0.0,979.0,0.0,4380.519
2026-05-19 15:10:33.631,40250,979.0,0.0,979.0,0.0,4380.519
2026-05-19 15:10:33.631,40500,979.0,0.0,979.0,0.0,4380.519
2026-05-19 15:10:33.743,40750,982.081,-0.691112802898,981.719,-11.987,4435.656
2026-05-19 15:10:33.743,41000,1021.92,0.732846470984,1021.837,13.071,4262.566
2026-05-19 15:10:33.744,41250,979.0,0.0,979.0,0.0,4262.566
2026-05-19 15:10:33.854,41500,979.0,0.0,979.0,0.0,4262.566
2026-05-19 15:10:33.855,41750,960.683,3.218750224387,959.168,53.941,4343.838
2026-05-19 15:10:33.967,42000,979.0,0.0,979.0,0.0,4343.838
2026-05-19 15:10:33.967,42250,979.0,0.0,979.0,0.0,4101.722
2026-05-19 15:10:33.968,42500,979.0,0.0,979.0,0.0,4101.722
2026-05-19 15:10:34.077,42750,979.0,0.0,979.0,0.0,4101.722
2026-05-19 15:10:34.078,43000,979.0,0.0,979.0,0.0,4101.722
2026-05-19 15:10:34.078,43250,979.0,0.0,979.0,0.0,4198.29
2026-05-19 15:10:34.188,43500,1037.747,1.582492995006,1037.351,28.659,3960.624
2026-05-19 15:10:34.189,43750,979.0,0.0,979.0,0.0,3960.624
2026-05-19 15:10:34.189,44000,979.0,0.0,979.0,0.0,3960.624
2026-05-19 15:10:34.297,44250,979.0,0.0,979.0,0.0,3960.624
2026-05-19 15:10:34.297,44500,979.0,0.0,979.0,0.0,3960.624
2026-05-19 15:10:34.298,44750,979.0,0.0,979.0,0.0,3861.35
2026-05-19 15:10:34.408,45000,979.0,0.0,979.0,0.0,3861.35
2026-05-19 15:10:34.408,45250,979.0,0.0,979.0,0.0,3861.35
2026-05-19 15:10:34.409,45500,979.0,0.0,979.0,0.0,3861.35
2026-05-19 15:10:34.521,45750,979.0,0.0,979.0,0.0,3861.35
2026-05-19 15:10:34.522,46000,979.0,0.0,979.0,0.0,3655.855
2026-05-19 15:10:34.522,46250,979.0,0.0,979.0,0.0,3823.201
2026-05-19 15:10:34.632,46500,979.0,0.0,979.0,0.0,3823.201
2026-05-19 15:10:34.632,46750,979.0,0.0,979.0,0.0,3823.201
2026-05-19 15:10:34.633,47000,989.669,0.476553703812,989.491,8.584,3783.688
2026-05-19 15:10:34.743,47250,979.0,0.0,979.0,0.0,3625.638
2026-05-19 15:10:34.744,47500,979.0,0.0,979.0,0.0,3625.638
2026-05-19 15:10:34.744,47750,979.0,0.0,979.0,0.0,3625.638
2026-05-19 15:10:34.855,48000,979.0,0.0,979.0,0.0,3625.638
2026-05-19 15:10:34.855,48250,979.0,0.0,979.0,0.0,3625.638
2026-05-19 15:10:34.856,48500,979.0,0.0,979.0,0.0,3618.973
2026-05-19 15:10:34.967,48750,979.0,0.0,979.0,0.0,3618.973
2026-05-19 15:10:34.967,49000,979.0,0.0,979.0,0.0,3618.973
2026-05-19 15:10:35.083,49250,959.421,-1.240294637168,958.877,-20.123,3510.411
2026-05-19 15:10:35.083,49500,979.0,0.0,979.0,0.0,3438.037
2026-05-19 15:10:35.083,49750,979.0,0.0,979.0,0.0,3438.037
2026-05-19 15:10:35.084,50000,979.0,0.0,979.0,0.0,3438.037
2026-05-19 15:10:35.193,50250,979.0,0.0,979.0,0.0,3438.037
2026-05-19 15:10:35.194,50500,979.0,0.0,979.0,0.0,3438.037
2026-05-19 15:10:35.194,50750,1035.348,3.820238021676,1033.048,68.981,3250.924
2026-05-19 15:10:35.312,51000,979.0,0.0,979.0,0.0,3448.719
2026-05-19 15:10:35.312,51250,979.0,0.0,979.0,0.0,3448.719
2026-05-19 15:10:35.313,51500,979.0,0.0,979.0,0.0,3448.719
2026-05-19 15:10:35.313,51750,979.0,0.0,979.0,0.0,3448.719
2026-05-19 15:10:35.424,52000,979.0,0.0,979.0,0.0,3448.719
2026-05-19 15:10:35.425,52250,979.0,0.0,979.0,0.0,3304.868
2026-05-19 15:10:35.425,52500,979.0,0.0,979.0,0.0,3304.868
2026-05-19 15:10:35.539,52750,979.0,0.0,979.0,0.0,3304.868
2026-05-19 15:10:35.539,53000,979.0,0.0,979.0,0.0,3304.868
2026-05-19 15:10:35.540,53250,979.0,0.0,979.0,0.0,3304.868
2026-05-19 15:10:35.540,53500,979.0,0.0,979.0,0.0,3304.868
2026-05-19 15:10:35.651,53750,979.0,0.0,979.0,0.0,3181.295
2026-05-19 15:10:35.651,54000,979.0,0.0,979.0,0.0,3181.295
2026-05-19 15:10:35.652,54250,979.0,0.0,979.0,0.0,3181.295
2026-05-19 15:10:35.761,54500,979.0,0.0,979.0,0.0,3181.295
2026-05-19 15:10:35.762,54750,979.0,0.0,979.0,0.0,3181.295
2026-05-19 15:10:35.762,55000,979.0,0.0,979.0,0.0,3181.295
2026-05-19 15:10:35.872,55250,986.138,0.840453166474,985.593,14.871,3158.914
2026-05-19 15:10:35.873,55500,979.0,0.0,979.0,0.0,3069.393
2026-05-19 15:10:35.873,55750,979.0,0.0,979.0,0.0,3069.393
2026-05-19 15:10:35.873,56000,979.0,0.0,979.0,0.0,3069.393
2026-05-19 15:10:35.983,56250,979.0,0.0,979.0,0.0,3069.393
2026-05-19 15:10:35.984,56500,979.0,0.0,979.0,0.0,3069.393
2026-05-19 15:10:35.984,56750,979.0,0.0,979.0,0.0,3069.393
2026-05-19 15:10:36.096,57000,979.0,0.0,979.0,0.0,3069.393
2026-05-19 15:10:36.097,57250,979.0,0.0,979.0,0.0,3069.393
2026-05-19 15:10:36.098,57500,979.0,0.0,979.0,0.0,3069.393
2026-05-19 15:10:36.099,57750,985.648,0.971603463493,984.921,17.145,3049.235
2026-05-19 15:10:36.207,58000,1012.239,4.858017317466,1008.603,85.723,2968.602
2026-05-19 15:10:36.208,58250,906.252,1.463962538707,905.957,23.153,3206.9
2026-05-19 15:10:36.208,58500,906.252,1.463962538707,905.957,23.153,3206.9
2026-05-19 15:10:36.313,58750,979.0,0.0,979.0,0.0,3206.9
2026-05-19 15:10:36.314,59000,999.799,4.369904778779,996.892,76.18,3140.187
2026-05-19 15:10:36.314,59250,979.0,0.0,979.0,0.0,3140.187
2026-05-19 15:10:36.423,59500,1004.805,-5.248282302003,1000.472,-92.374,3063.921
2026-05-19 15:10:36.424,59750,1035.586,-5.833867317486,1030.223,-105.261,2968.602
2026-05-19 15:10:36.424,60000,979.0,0.0,979.0,0.0,2968.602
2026-05-19 15:10:36.425,60250,979.0,0.0,979.0,0.0,2968.602
2026-05-19 15:10:36.540,60500,979.0,0.0,979.0,0.0,2968.602
2026-05-19 15:10:36.541,60750,979.0,0.0,979.0,0.0,2968.602
2026-05-19 15:10:36.541,61000,979.0,0.0,979.0,0.0,2968.602
2026-05-19 15:10:36.542,61250,979.0,0.0,979.0,0.0,2968.602
2026-05-19 15:10:36.651,61500,979.0,0.0,979.0,0.0,2968.602
2026-05-19 15:10:36.652,61750,979.0,0.0,979.0,0.0,2968.602
2026-05-19 15:10:36.652,62000,979.0,0.0,979.0,0.0,2968.602
2026-05-19 15:10:36.653,62250,979.0,0.0,979.0,0.0,2968.602
2026-05-19 15:10:36.763,62500,979.0,0.0,979.0,0.0,2968.602
2026-05-19 15:10:36.763,62750,979.0,0.0,979.0,0.0,2968.602
2026-05-19 15:10:36.763,63000,979.0,0.0,979.0,0.0,2968.602
2026-05-19 15:10:36.764,63250,979.0,0.0,979.0,0.0,2736.319
2026-05-19 15:10:36.873,63500,979.0,0.0,979.0,0.0,2736.319
2026-05-19 15:10:36.873,63750,979.0,0.0,979.0,0.0,2736.319
2026-05-19 15:10:36.874,64000,979.0,0.0,979.0,0.0,2736.319
2026-05-19 15:10:36.874,64250,979.0,0.0,979.0,0.0,2736.319
2026-05-19 15:10:36.984,64500,979.0,0.0,979.0,0.0,2736.319
2026-05-19 15:10:36.984,64750,979.0,0.0,979.0,0.0,2736.319
2026-05-19 15:10:36.985,65000,979.0,0.0,979.0,0.0,2736.319
2026-05-19 15:10:36.985,65250,979.0,0.0,979.0,0.0,2736.319
2026-05-19 15:10:37.097,65500,979.0,0.0,979.0,0.0,2736.319
2026-05-19 15:10:37.098,65750,979.0,0.0,979.0,0.0,2736.319
2026-05-19 15:10:37.098,66000,979.0,0.0,979.0,0.0,2736.319
2026-05-19 15:10:37.098,66250,979.0,0.0,979.0,0.0,2736.319
2026-05-19 15:10:37.208,66500,979.0,0.0,979.0,0.0,2736.319
2026-05-19 15:10:37.208,66750,979.0,0.0,979.0,0.0,2736.319
2026-05-19 15:10:37.209,67000,1074.938,-2.141758963451,1074.187,-40.173,2492.103
2026-05-19 15:10:37.209,67250,979.0,0.0,979.0,0.0,2492.103
2026-05-19 15:10:37.313,67500,979.0,0.0,979.0,0.0,2492.103
2026-05-19 15:10:37.313,67750,979.0,0.0,979.0,0.0,2492.103
2026-05-19 15:10:37.314,68000,979.0,0.0,979.0,0.0,2492.103
2026-05-19 15:10:37.425,68250,979.0,0.0,979.0,0.0,2492.103
2026-05-19 15:10:37.425,68500,970.059,-1.113550132612,969.177,-18.13,2515.952
2026-05-19 15:10:37.425,68750,943.235,-4.454200530447,939.709,-72.518,2587.501
2026-05-19 15:10:37.426,69000,934.294,-5.567750663059,929.886,-90.648,2611.351
2026-05-19 15:10:37.537,69250,979.0,0.0,979.0,0.0,2611.351
2026-05-19 15:10:37.537,69500,979.0,0.0,979.0,0.0,2611.351
2026-05-19 15:10:37.538,69750,979.0,0.0,979.0,0.0,2611.351
2026-05-19 15:10:37.538,70000,979.0,0.0,979.0,0.0,2611.351
2026-05-19 15:10:37.648,70250,979.0,0.0,979.0,0.0,2611.351
2026-05-19 15:10:37.648,70500,979.0,0.0,979.0,0.0,2611.351
2026-05-19 15:10:37.649,70750,979.0,0.0,979.0,0.0,2611.351
2026-05-19 15:10:37.649,71000,979.0,0.0,979.0,0.0,2611.351
2026-05-19 15:10:37.753,71250,988.369,1.113550132612,987.401,19.906,2587.501
2026-05-19 15:10:37.754,71500,1041.68,-2.020876309955,1040.557,-38.193,2460.281
2026-05-19 15:10:37.754,71750,1083.466,-3.368127183258,1081.595,-63.655,2359.568
2026-05-19 15:10:37.755,72000,979.0,0.0,979.0,0.0,2359.568
2026-05-19 15:10:37.864,72250,1037.334,6.023390614508,1031.607,108.852,2226.878
2026-05-19 15:10:37.865,72500,1037.334,6.023390614508,1031.607,108.852,2226.878
2026-05-19 15:10:37.865,72750,1037.334,6.023390614508,1031.607,108.852,2226.878
2026-05-19 15:10:37.866,73000,979.0,0.0,979.0,0.0,2226.878
2026-05-19 15:10:37.975,73250,979.0,0.0,979.0,0.0,2226.878
2026-05-19 15:10:37.976,73500,979.0,0.0,979.0,0.0,2226.878
2026-05-19 15:10:37.976,73750,979.0,0.0,979.0,0.0,2226.878
2026-05-19 15:10:37.977,74000,979.0,0.0,979.0,0.0,2226.878
2026-05-19 15:10:38.089,74250,979.0,0.0,979.0,0.0,2226.878
2026-05-19 15:10:38.089,74500,979.0,0.0,979.0,0.0,2226.878
2026-05-19 15:10:38.090,74750,979.0,0.0,979.0,0.0,2226.878
2026-05-19 15:10:38.090,75000,979.0,0.0,979.0,0.0,2226.878
2026-05-19 15:10:38.200,75250,979.0,0.0,979.0,0.0,2226.878
2026-05-19 15:10:38.201,75500,979.0,0.0,979.0,0.0,2226.878
2026-05-19 15:10:38.202,75750,979.0,0.0,979.0,0.0,2226.878
2026-05-19 15:10:38.202,76000,979.0,0.0,979.0,0.0,2226.878
2026-05-19 15:10:38.202,76250,979.0,0.0,979.0,0.0,2226.878
2026-05-19 15:10:38.305,76500,979.0,0.0,979.0,0.0,2226.878
2026-05-19 15:10:38.305,76750,979.0,0.0,979.0,0.0,2226.878
2026-05-19 15:10:38.306,77000,979.0,0.0,979.0,0.0,2226.878
2026-05-19 15:10:38.306,77250,979.0,0.0,979.0,0.0,2226.878
2026-05-19 15:10:38.409,77500,979.0,0.0,979.0,0.0,1996.867
2026-05-19 15:10:38.410,77750,979.0,0.0,979.0,0.0,1996.867
2026-05-19 15:10:38.410,78000,979.0,0.0,979.0,0.0,1996.867
2026-05-19 15:10:38.410,78250,979.0,0.0,979.0,0.0,1996.867
2026-05-19 15:10:38.411,78500,979.0,0.0,979.0,0.0,1996.867
2026-05-19 15:10:38.522,78750,979.0,0.0,979.0,0.0,1996.867
2026-05-19 15:10:38.522,79000,979.0,0.0,979.0,0.0,1996.867
2026-05-19 15:10:38.522,79250,979.0,0.0,979.0,0.0,1996.867
2026-05-19 15:10:38.523,79500,979.0,0.0,979.0,0.0,1996.867
2026-05-19 15:10:38.523,79750,979.0,0.0,979.0,0.0,1996.867
2026-05-19 15:10:38.633,80000,979.0,0.0,979.0,0.0,1996.867
2026-05-19 15:10:38.633,80250,979.0,0.0,979.0,0.0,1996.867
2026-05-19 15:10:38.633,80500,979.0,0.0,979.0,0.0,1996.867
2026-05-19 15:10:38.634,80750,979.0,0.0,979.0,0.0,1996.867
2026-05-19 15:10:38.634,81000,979.0,0.0,979.0,0.0,1996.867
2026-05-19 15:10:38.743,81250,979.0,0.0,979.0,0.0,1996.867
2026-05-19 15:10:38.743,81500,979.0,0.0,979.0,0.0,1996.867
2026-05-19 15:10:38.744,81750,979.0,0.0,979.0,0.0,1887.867
2026-05-19 15:10:38.744,82000,979.0,0.0,979.0,0.0,1887.867
2026-05-19 15:10:38.745,82250,979.0,0.0,979.0,0.0,1887.867
2026-05-19 15:10:38.855,82500,979.0,0.0,979.0,0.0,1887.867
2026-05-19 15:10:38.855,82750,979.0,0.0,979.0,0.0,1887.867
2026-05-19 15:10:38.856,83000,1085.392,-2.592036518152,1083.97,-50.279,1707.241
2026-05-19 15:10:38.856,83250,979.0,0.0,979.0,0.0,1662.085
2026-05-19 15:10:38.965,83500,979.0,0.0,979.0,0.0,1662.085
2026-05-19 15:10:38.966,83750,979.0,0.0,979.0,0.0,1662.085
2026-05-19 15:10:38.966,84000,979.0,0.0,979.0,0.0,1662.085
2026-05-19 15:10:38.967,84250,979.0,0.0,979.0,0.0,1662.085
2026-05-19 15:10:38.967,84500,979.0,0.0,979.0,0.0,1662.085
2026-05-19 15:10:39.078,84750,979.0,0.0,979.0,0.0,1662.085
2026-05-19 15:10:39.079,85000,979.0,0.0,979.0,0.0,1662.085
2026-05-19 15:10:39.079,85250,979.0,0.0,979.0,0.0,1662.085
2026-05-19 15:10:39.080,85500,979.0,0.0,979.0,0.0,1662.085
2026-05-19 15:10:39.080,85750,979.0,0.0,979.0,0.0,1662.085
2026-05-19 15:10:39.190,86000,979.0,0.0,979.0,0.0,1662.085
2026-05-19 15:10:39.191,86250,979.0,0.0,979.0,0.0,1662.085
2026-05-19 15:10:39.191,86500,979.0,0.0,979.0,0.0,1662.085
2026-05-19 15:10:39.192,86750,979.0,0.0,979.0,0.0,1662.085
2026-05-19 15:10:39.192,87000,979.0,0.0,979.0,0.0,1662.085
2026-05-19 15:10:39.298,87250,979.0,0.0,979.0,0.0,1662.085
2026-05-19 15:10:39.298,87500,979.0,0.0,979.0,0.0,1662.085
2026-05-19 15:10:39.299,87750,979.0,0.0,979.0,0.0,1662.085
2026-05-19 15:10:39.299,88000,979.0,0.0,979.0,0.0,1662.085
2026-05-19 15:10:39.299,88250,979.0,0.0,979.0,0.0,1662.085
2026-05-19 15:10:39.409,88500,979.0,0.0,979.0,0.0,1662.085
2026-05-19 15:10:39.409,88750,979.0,0.0,979.0,0.0,1662.085
2026-05-19 15:10:39.410,89000,1132.869,-4.398502875142,1129.533,-86.883,1436.336
2026-05-19 15:10:39.410,89250,979.0,0.0,979.0,0.0,1436.336
2026-05-19 15:10:39.521,89500,979.0,0.0,979.0,0.0,1436.336
2026-05-19 15:10:39.522,89750,979.0,0.0,979.0,0.0,1436.336
2026-05-19 15:10:39.522,90000,979.0,0.0,979.0,0.0,1436.336
2026-05-19 15:10:39.522,90250,902.84,-9.90199356769,889.391,-155.255,1436.336
2026-05-19 15:10:39.523,90500,979.0,0.0,979.0,0.0,1324.598
2026-05-19 15:10:39.633,90750,979.0,0.0,979.0,0.0,1324.598
2026-05-19 15:10:39.633,91000,979.0,0.0,979.0,0.0,1324.598
2026-05-19 15:10:39.634,91250,979.0,0.0,979.0,0.0,1324.598
2026-05-19 15:10:39.634,91500,979.0,0.0,979.0,0.0,1324.598
2026-05-19 15:10:39.634,91750,979.0,0.0,979.0,0.0,1324.598
2026-05-19 15:10:39.745,92000,979.0,0.0,979.0,0.0,1324.598
2026-05-19 15:10:39.745,92250,979.0,0.0,979.0,0.0,1324.598
2026-05-19 15:10:39.746,92500,979.0,0.0,979.0,0.0,1324.598
2026-05-19 15:10:39.746,92750,979.0,0.0,979.0,0.0,1324.598
2026-05-19 15:10:39.747,93000,979.0,0.0,979.0,0.0,1324.598
2026-05-19 15:10:39.857,93250,979.0,0.0,979.0,0.0,1324.598
2026-05-19 15:10:39.857,93500,979.0,0.0,979.0,0.0,1324.598
2026-05-19 15:10:39.857,93750,979.0,0.0,979.0,0.0,1324.598
2026-05-19 15:10:39.858,94000,979.0,0.0,979.0,0.0,1324.598
2026-05-19 15:10:39.858,94250,979.0,0.0,979.0,0.0,1324.598
2026-05-19 15:10:39.968,94500,979.0,0.0,979.0,0.0,1324.598
2026-05-19 15:10:39.968,94750,979.0,0.0,979.0,0.0,1324.598
2026-05-19 15:10:39.969,95000,979.0,0.0,979.0,0.0,1324.598
2026-05-19 15:10:39.969,95250,1164.897,-4.049934853072,1161.117,-85.514,1121.326
2026-05-19 15:10:39.970,95500,979.0,0.0,979.0,0.0,1070.507
2026-05-19 15:10:40.080,95750,979.0,0.0,979.0,0.0,1070.507
2026-05-19 15:10:40.081,96000,979.0,0.0,979.0,0.0,1070.507
2026-05-19 15:10:40.081,96250,979.0,0.0,979.0,0.0,1070.507
2026-05-19 15:10:40.082,96500,979.0,0.0,979.0,0.0,1070.507
2026-05-19 15:10:40.082,96750,979.0,0.0,979.0,0.0,1070.507
2026-05-19 15:10:40.192,97000,979.0,0.0,979.0,0.0,1070.507
2026-05-19 15:10:40.192,97250,979.0,0.0,979.0,0.0,1070.507
2026-05-19 15:10:40.193,97500,979.0,0.0,979.0,0.0,1070.507
2026-05-19 15:10:40.193,97750,979.0,0.0,979.0,0.0,1070.507
2026-05-19 15:10:40.297,98000,979.0,0.0,979.0,0.0,1070.507
2026-05-19 15:10:40.298,98250,979.0,0.0,979.0,0.0,1070.507
2026-05-19 15:10:40.298,98500,979.0,0.0,979.0,0.0,1070.507
2026-05-19 15:10:40.298,98750,979.0,0.0,979.0,0.0,1070.507
2026-05-19 15:10:40.299,99000,979.0,0.0,979.0,0.0,1070.507
2026-05-19 15:10:40.408,99250,979.0,0.0,979.0,0.0,1070.507
2026-05-19 15:10:40.408,99500,979.0,0.0,979.0,0.0,1070.507
2026-05-19 15:10:40.409,99750,979.0,0.0,979.0,0.0,1070.507
2026-05-19 15:10:40.409,100000,979.0,0.0,979.0,0.0,1070.507
2026-05-19 15:10:40.967,10000,980.437,-0.350547876838,980.344,-6.033,9272.787
2026-05-19 15:10:41.192,10250,979.0,0.0,979.0,0.0,9286.314
2026-05-19 15:10:41.297,10500,979.0,0.0,979.0,0.0,9286.314
2026-05-19 15:10:41.408,10750,984.433,0.081213541338,984.428,1.426,9236.167
2026-05-19 15:10:41.520,11000,1005.754,0.445795900565,1005.723,7.825,9105.965
2026-05-19 15:10:41.745,11250,979.0,0.0,979.0,0.0,9105.965
2026-05-19 15:10:41.856,11500,979.0,0.0,979.0,0.0,9105.965
2026-05-19 15:10:41.969,11750,979.0,0.0,979.0,0.0,9178.44
2026-05-19 15:10:42.080,12000,979.0,0.0,979.0,0.0,9178.44
2026-05-19 15:10:42.194,12250,979.0,0.0,979.0,0.0,9178.44
2026-05-19 15:10:42.297,12500,1009.767,-0.390123767283,1009.659,-6.933,8976.343
2026-05-19 15:10:42.409,12750,979.0,0.0,979.0,0.0,9025.481
2026-05-19 15:10:42.521,13000,979.0,0.0,979.0,0.0,9025.481
2026-05-19 15:10:42.636,13250,984.543,-0.862811029118,984.357,-14.88,9059.551
2026-05-19 15:10:42.857,13500,979.0,0.0,979.0,0.0,9110.657
2026-05-19 15:10:42.967,13750,1005.17,0.596406353861,1005.116,10.463,8873.453
2026-05-19 15:10:43.079,14000,989.807,-1.511920412512,989.463,-26.116,8873.453
2026-05-19 15:10:43.080,14250,979.0,0.0,979.0,0.0,8971.41
2026-05-19 15:10:43.192,14500,979.0,0.0,979.0,0.0,8971.41
2026-05-19 15:10:43.297,14750,1006.668,-1.125504997653,1006.473,-19.773,8829.312
2026-05-19 15:10:43.409,15000,979.0,0.0,979.0,0.0,8938.448
2026-05-19 15:10:43.522,15250,979.0,0.0,979.0,0.0,8938.448
2026-05-19 15:10:43.635,15500,979.0,0.0,979.0,0.0,8938.448
2026-05-19 15:10:43.746,15750,1011.828,-0.172932842102,1011.739,-3.139,8758.787
2026-05-19 15:10:43.857,16000,979.0,0.0,979.0,0.0,8828.731
2026-05-19 15:10:43.967,16250,993.895,0.455410092,993.842,7.979,8697.732
2026-05-19 15:10:44.078,16500,993.895,0.455410092,993.842,7.979,8697.732
2026-05-19 15:10:44.079,16750,1003.297,0.778640438833,1003.205,13.634,8704.426
2026-05-19 15:10:44.191,17000,979.0,0.0,979.0,0.0,8704.426
2026-05-19 15:10:44.296,17250,979.012,-2.034992615142,978.371,-34.668,8613.161
2026-05-19 15:10:44.407,17500,1020.604,-0.613423882303,1020.546,-10.927,8476.262
2026-05-19 15:10:44.517,17750,979.0,0.0,979.0,0.0,8611.81
2026-05-19 15:10:44.628,18000,979.0,0.0,979.0,0.0,8611.81
2026-05-19 15:10:44.628,18250,1005.36,0.960686760165,1005.219,16.856,8386.009
2026-05-19 15:10:44.741,18500,995.939,-1.485942574055,995.604,-25.826,8386.009
2026-05-19 15:10:44.851,18750,982.388,-0.297188514811,982.321,-5.165,8502.084
2026-05-19 15:10:44.962,19000,1004.055,1.003388467307,1003.901,17.583,8318.223
2026-05-19 15:10:44.962,19250,979.0,0.0,979.0,0.0,8318.223
2026-05-19 15:10:45.073,19500,997.248,-1.40404357591,996.949,-24.435,8104.803
2026-05-19 15:10:45.184,19750,986.299,-0.561617430364,986.179,-9.774,8195.444
2026-05-19 15:10:45.185,20000,979.0,0.0,979.0,0.0,8255.872
2026-05-19 15:10:45.298,20250,998.469,0.887407267486,998.318,15.539,8095.676
2026-05-19 15:10:45.408,20500,979.0,0.0,979.0,0.0,8055.627
2026-05-19 15:10:45.521,20750,997.775,-1.321511433571,997.51,-23.011,8055.627
2026-05-19 15:10:45.522,21000,990.749,-0.797837231591,990.588,-13.904,7949.273
2026-05-19 15:10:45.631,21250,979.0,0.0,979.0,0.0,8043.919
2026-05-19 15:10:45.743,21500,979.0,0.0,979.0,0.0,8043.919
2026-05-19 15:10:45.744,21750,979.0,0.0,979.0,0.0,7856.622
2026-05-19 15:10:45.854,22000,1000.678,-1.344840918854,1000.403,-23.486,7856.622
2026-05-19 15:10:45.965,22250,1020.769,-0.285295442853,1020.714,-4.989,7702.749
2026-05-19 15:10:45.966,22500,979.0,0.0,979.0,0.0,7842.522
2026-05-19 15:10:46.076,22750,979.0,0.0,979.0,0.0,7842.522
2026-05-19 15:10:46.076,23000,979.0,0.0,979.0,0.0,7658.862
2026-05-19 15:10:46.191,23250,979.0,0.0,979.0,0.0,7658.862
2026-05-19 15:10:46.297,23500,999.903,1.300566439113,999.645,22.695,7498.755
2026-05-19 15:10:46.298,23750,979.0,0.0,979.0,0.0,7498.755
2026-05-19 15:10:46.409,24000,1003.089,-1.239554918038,1002.854,-21.699,7498.755
2026-05-19 15:10:46.409,24250,1004.217,-1.23033097061,1003.986,-21.562,7326.976
2026-05-19 15:10:46.521,24500,993.206,-0.195663447982,993.047,-3.453,7409.241
2026-05-19 15:10:46.631,24750,999.596,1.482344701308,999.262,25.858,7360.845
2026-05-19 15:10:46.632,25000,979.0,0.0,979.0,0.0,7360.845
2026-05-19 15:10:46.744,25250,979.0,0.0,979.0,0.0,7360.845
2026-05-19 15:10:46.745,25500,979.0,0.0,979.0,0.0,7206.363
2026-05-19 15:10:46.856,25750,979.0,0.0,979.0,0.0,7206.363
2026-05-19 15:10:46.857,26000,996.708,1.425420393579,996.399,24.794,7078.333
2026-05-19 15:10:46.967,26250,979.0,0.0,979.0,0.0,7078.333
2026-05-19 15:10:47.079,26500,998.918,1.697162980167,998.48,29.585,6937.194
2026-05-19 15:10:47.080,26750,979.0,0.0,979.0,0.0,6937.194
2026-05-19 15:10:47.192,27000,979.0,0.0,979.0,0.0,6937.194
2026-05-19 15:10:47.192,27250,998.093,1.73734201155,997.634,30.26,6804.488
2026-05-19 15:10:47.297,27500,979.0,0.0,979.0,0.0,6804.488
2026-05-19 15:10:47.297,27750,986.875,0.769582034997,986.65,13.412,6750.83
2026-05-19 15:10:47.408,28000,979.0,0.0,979.0,0.0,6670.342
2026-05-19 15:10:47.408,28250,979.0,0.0,979.0,0.0,6670.342
2026-05-19 15:10:47.519,28500,979.0,0.0,979.0,0.0,6557.083
2026-05-19 15:10:47.520,28750,979.0,0.0,979.0,0.0,6557.083
2026-05-19 15:10:47.631,29000,979.0,0.0,979.0,0.0,6557.083
2026-05-19 15:10:47.631,29250,979.0,0.0,979.0,0.0,6439.888
2026-05-19 15:10:47.744,29500,979.0,0.0,979.0,0.0,6439.888
2026-05-19 15:10:47.745,29750,979.0,0.0,979.0,0.0,6329.513
2026-05-19 15:10:47.855,30000,979.0,0.0,979.0,0.0,6329.513
2026-05-19 15:10:47.855,30250,979.0,0.0,979.0,0.0,6329.513
2026-05-19 15:10:47.967,30500,979.0,0.0,979.0,0.0,6231.235
2026-05-19 15:10:47.968,30750,979.0,0.0,979.0,0.0,6231.235
2026-05-19 15:10:48.078,31000,991.578,1.967351821673,990.845,34.145,6152.441
2026-05-19 15:10:48.079,31250,979.0,0.0,979.0,0.0,6132.743
2026-05-19 15:10:48.189,31500,1009.904,-0.628950976873,1009.827,-11.17,5946.502
2026-05-19 15:10:48.191,31750,1018.688,-0.706494640387,1018.61,-12.561,5819.217
2026-05-19 15:10:48.297,32000,979.0,0.0,979.0,0.0,5819.217
2026-05-19 15:10:48.298,32250,979.0,0.0,979.0,0.0,5819.217
2026-05-19 15:10:48.408,32500,979.0,0.0,979.0,0.0,5745.191
2026-05-19 15:10:48.408,32750,979.0,0.0,979.0,0.0,5745.191
2026-05-19 15:10:48.519,33000,979.0,0.0,979.0,0.0,5745.191
2026-05-19 15:10:48.519,33250,979.0,0.0,979.0,0.0,5682.385
2026-05-19 15:10:48.519,33500,979.0,0.0,979.0,0.0,5682.385
2026-05-19 15:10:48.631,33750,1024.687,-0.465973788758,1024.653,-8.333,5379.444
2026-05-19 15:10:48.631,34000,1024.687,-0.465973788758,1024.653,-8.333,5379.444
2026-05-19 15:10:48.744,34250,979.0,0.0,979.0,0.0,5379.444
2026-05-19 15:10:48.745,34500,979.0,0.0,979.0,0.0,5339.018
2026-05-19 15:10:48.857,34750,979.0,0.0,979.0,0.0,5339.018
2026-05-19 15:10:48.857,35000,979.0,0.0,979.0,0.0,5339.018
2026-05-19 15:10:48.858,35250,983.988,2.641663783674,982.942,45.351,5311.955
2026-05-19 15:10:48.968,35500,1025.739,-0.237811716413,1025.73,-4.257,5069.911
2026-05-19 15:10:48.969,35750,979.0,0.0,979.0,0.0,5069.911
2026-05-19 15:10:49.081,36000,979.0,0.0,979.0,0.0,5069.911
2026-05-19 15:10:49.082,36250,979.0,0.0,979.0,0.0,5053.16
2026-05-19 15:10:49.193,36500,979.0,0.0,979.0,0.0,5053.16
2026-05-19 15:10:49.194,36750,979.0,0.0,979.0,0.0,5052.649
2026-05-19 15:10:49.194,37000,1030.135,0.113807536244,1030.133,2.046,4801.84
2026-05-19 15:10:49.297,37250,979.0,0.0,979.0,0.0,4801.84
2026-05-19 15:10:49.298,37500,979.0,0.0,979.0,0.0,4801.84
2026-05-19 15:10:49.407,37750,979.0,0.0,979.0,0.0,4819.526
2026-05-19 15:10:49.408,38000,979.0,0.0,979.0,0.0,4819.526
2026-05-19 15:10:49.408,38250,979.0,0.0,979.0,0.0,4819.526
2026-05-19 15:10:49.518,38500,1035.225,0.312129913297,1035.21,5.64,4557.768
2026-05-19 15:10:49.518,38750,979.0,0.0,979.0,0.0,4591.487
2026-05-19 15:10:49.630,39000,979.0,0.0,979.0,0.0,4591.487
2026-05-19 15:10:49.630,39250,979.0,0.0,979.0,0.0,4591.487
2026-05-19 15:10:49.631,39500,979.0,0.0,979.0,0.0,4591.487
2026-05-19 15:10:49.743,39750,1036.403,0.718813789589,1036.322,13.002,4380.519
2026-05-19 15:10:49.744,40000,979.0,0.0,979.0,0.0,4380.519
2026-05-19 15:10:49.744,40250,979.0,0.0,979.0,0.0,4380.519
2026-05-19 15:10:49.855,40500,979.0,0.0,979.0,0.0,4380.519
2026-05-19 15:10:49.855,40750,982.081,-0.691112802898,981.719,-11.987,4435.656
2026-05-19 15:10:49.966,41000,1021.92,0.732846470984,1021.837,13.071,4262.566
2026-05-19 15:10:49.966,41250,979.0,0.0,979.0,0.0,4262.566
2026-05-19 15:10:49.967,41500,979.0,0.0,979.0,0.0,4262.566
2026-05-19 15:10:50.078,41750,960.683,3.218750224387,959.168,53.941,4343.838
2026-05-19 15:10:50.078,42000,979.0,0.0,979.0,0.0,4343.838
2026-05-19 15:10:50.189,42250,979.0,0.0,979.0,0.0,4101.722
2026-05-19 15:10:50.189,42500,979.0,0.0,979.0,0.0,4101.722
2026-05-19 15:10:50.190,42750,979.0,0.0,979.0,0.0,4101.722
2026-05-19 15:10:50.296,43000,979.0,0.0,979.0,0.0,4101.722
2026-05-19 15:10:50.297,43250,979.0,0.0,979.0,0.0,4198.29
2026-05-19 15:10:50.298,43500,1037.747,1.582492995006,1037.351,28.659,3960.624
2026-05-19 15:10:50.408,43750,979.0,0.0,979.0,0.0,3960.624
2026-05-19 15:10:50.409,44000,979.0,0.0,979.0,0.0,3960.624
2026-05-19 15:10:50.409,44250,979.0,0.0,979.0,0.0,3960.624
2026-05-19 15:10:50.519,44500,979.0,0.0,979.0,0.0,3960.624
2026-05-19 15:10:50.520,44750,979.0,0.0,979.0,0.0,3861.35
2026-05-19 15:10:50.520,45000,979.0,0.0,979.0,0.0,3861.35
2026-05-19 15:10:50.629,45250,979.0,0.0,979.0,0.0,3861.35
2026-05-19 15:10:50.630,45500,979.0,0.0,979.0,0.0,3861.35
2026-05-19 15:10:50.630,45750,979.0,0.0,979.0,0.0,3861.35
2026-05-19 15:10:50.742,46000,979.0,0.0,979.0,0.0,3655.855
2026-05-19 15:10:50.743,46250,979.0,0.0,979.0,0.0,3823.201
2026-05-19 15:10:50.743,46500,979.0,0.0,979.0,0.0,3823.201
2026-05-19 15:10:50.854,46750,979.0,0.0,979.0,0.0,3823.201
2026-05-19 15:10:50.855,47000,979.0,0.0,979.0,0.0,3823.201
2026-05-19 15:10:50.855,47250,979.0,0.0,979.0,0.0,3625.638
2026-05-19 15:10:50.967,47500,979.0,0.0,979.0,0.0,3625.638
2026-05-19 15:10:50.967,47750,979.0,0.0,979.0,0.0,3625.638
2026-05-19 15:10:50.967,48000,979.0,0.0,979.0,0.0,3625.638
2026-05-19 15:10:51.078,48250,989.684,0.521526552235,989.47,9.394,3588.118
2026-05-19 15:10:51.079,48500,979.0,0.0,979.0,0.0,3618.973
2026-05-19 15:10:51.079,48750,979.0,0.0,979.0,0.0,3618.973
2026-05-19 15:10:51.189,49000,979.0,0.0,979.0,0.0,3618.973
2026-05-19 15:10:51.189,49250,959.421,-1.240294637168,958.877,-20.123,3510.411
2026-05-19 15:10:51.190,49500,979.0,0.0,979.0,0.0,3438.037
2026-05-19 15:10:51.297,49750,979.0,0.0,979.0,0.0,3438.037
2026-05-19 15:10:51.298,50000,979.0,0.0,979.0,0.0,3438.037
2026-05-19 15:10:51.298,50250,979.0,0.0,979.0,0.0,3438.037
2026-05-19 15:10:51.409,50500,979.0,0.0,979.0,0.0,3438.037
2026-05-19 15:10:51.410,50750,1035.348,3.820238021676,1033.048,68.981,3250.924
2026-05-19 15:10:51.410,51000,979.0,0.0,979.0,0.0,3448.719
2026-05-19 15:10:51.520,51250,979.0,0.0,979.0,0.0,3448.719
2026-05-19 15:10:51.521,51500,979.0,0.0,979.0,0.0,3448.719
2026-05-19 15:10:51.521,51750,979.0,0.0,979.0,0.0,3448.719
2026-05-19 15:10:51.521,52000,979.0,0.0,979.0,0.0,3448.719
2026-05-19 15:10:51.633,52250,979.0,0.0,979.0,0.0,3304.868
2026-05-19 15:10:51.633,52500,979.0,0.0,979.0,0.0,3304.868
2026-05-19 15:10:51.633,52750,979.0,0.0,979.0,0.0,3304.868
2026-05-19 15:10:51.743,53000,979.0,0.0,979.0,0.0,3304.868
2026-05-19 15:10:51.744,53250,979.0,0.0,979.0,0.0,3304.868
2026-05-19 15:10:51.744,53500,979.0,0.0,979.0,0.0,3304.868
2026-05-19 15:10:51.854,53750,979.0,0.0,979.0,0.0,3181.295
2026-05-19 15:10:51.855,54000,979.0,0.0,979.0,0.0,3181.295
2026-05-19 15:10:51.855,54250,979.0,0.0,979.0,0.0,3181.295
2026-05-19 15:10:51.856,54500,979.0,0.0,979.0,0.0,3181.295
2026-05-19 15:10:51.965,54750,979.0,0.0,979.0,0.0,3181.295
2026-05-19 15:10:51.965,55000,979.0,0.0,979.0,0.0,3181.295
2026-05-19 15:10:51.966,55250,986.138,0.840453166474,985.593,14.871,3158.914
2026-05-19 15:10:52.079,55500,979.0,0.0,979.0,0.0,3069.393
2026-05-19 15:10:52.080,55750,979.0,0.0,979.0,0.0,3069.393
2026-05-19 15:10:52.080,56000,979.0,0.0,979.0,0.0,3069.393
2026-05-19 15:10:52.081,56250,979.0,0.0,979.0,0.0,3069.393
2026-05-19 15:10:52.191,56500,979.0,0.0,979.0,0.0,3069.393
2026-05-19 15:10:52.191,56750,979.0,0.0,979.0,0.0,3069.393
2026-05-19 15:10:52.192,57000,979.0,0.0,979.0,0.0,3069.393
2026-05-19 15:10:52.297,57250,979.0,0.0,979.0,0.0,3069.393
2026-05-19 15:10:52.297,57500,979.0,0.0,979.0,0.0,3069.393
2026-05-19 15:10:52.298,57750,979.0,0.0,979.0,0.0,3069.393
2026-05-19 15:10:52.409,58000,1012.239,4.858017317466,1008.603,85.723,2968.602
2026-05-19 15:10:52.409,58250,906.252,1.463962538707,905.957,23.153,3206.9
2026-05-19 15:10:52.409,58500,906.252,1.463962538707,905.957,23.153,3206.9
2026-05-19 15:10:52.410,58750,979.0,0.0,979.0,0.0,3206.9
2026-05-19 15:10:52.520,59000,999.799,4.369904778779,996.892,76.18,3140.187
2026-05-19 15:10:52.520,59250,979.0,0.0,979.0,0.0,3140.187
2026-05-19 15:10:52.521,59500,1020.196,-5.541074809745,1015.347,-98.818,3016.262
2026-05-19 15:10:52.632,59750,1035.586,-5.833867317486,1030.223,-105.261,2968.602
2026-05-19 15:10:52.632,60000,979.0,0.0,979.0,0.0,2968.602
2026-05-19 15:10:52.633,60250,979.0,0.0,979.0,0.0,2968.602
2026-05-19 15:10:52.633,60500,979.0,0.0,979.0,0.0,2968.602
2026-05-19 15:10:52.742,60750,979.0,0.0,979.0,0.0,2968.602
2026-05-19 15:10:52.743,61000,979.0,0.0,979.0,0.0,2968.602
2026-05-19 15:10:52.743,61250,979.0,0.0,979.0,0.0,2968.602
2026-05-19 15:10:52.744,61500,979.0,0.0,979.0,0.0,2968.602
2026-05-19 15:10:52.856,61750,979.0,0.0,979.0,0.0,2968.602
2026-05-19 15:10:52.856,62000,979.0,0.0,979.0,0.0,2968.602
2026-05-19 15:10:52.857,62250,979.0,0.0,979.0,0.0,2968.602
2026-05-19 15:10:52.857,62500,979.0,0.0,979.0,0.0,2968.602
2026-05-19 15:10:52.966,62750,979.0,0.0,979.0,0.0,2968.602
2026-05-19 15:10:52.967,63000,979.0,0.0,979.0,0.0,2968.602
2026-05-19 15:10:52.967,63250,979.0,0.0,979.0,0.0,2736.319
2026-05-19 15:10:52.968,63500,979.0,0.0,979.0,0.0,2736.319
2026-05-19 15:10:53.078,63750,979.0,0.0,979.0,0.0,2736.319
2026-05-19 15:10:53.078,64000,979.0,0.0,979.0,0.0,2736.319
2026-05-19 15:10:53.079,64250,979.0,0.0,979.0,0.0,2736.319
2026-05-19 15:10:53.079,64500,979.0,0.0,979.0,0.0,2736.319
2026-05-19 15:10:53.195,64750,979.0,0.0,979.0,0.0,2736.319
2026-05-19 15:10:53.195,65000,979.0,0.0,979.0,0.0,2736.319
2026-05-19 15:10:53.196,65250,979.0,0.0,979.0,0.0,2736.319
2026-05-19 15:10:53.196,65500,979.0,0.0,979.0,0.0,2736.319
2026-05-19 15:10:53.299,65750,971.497,-1.037161247915,970.726,-17.019,2758.125
2026-05-19 15:10:53.299,66000,979.0,0.0,979.0,0.0,2736.319
2026-05-19 15:10:53.300,66250,979.0,0.0,979.0,0.0,2736.319
2026-05-19 15:10:53.300,66500,979.0,0.0,979.0,0.0,2736.319
2026-05-19 15:10:53.411,66750,979.0,0.0,979.0,0.0,2736.319
2026-05-19 15:10:53.412,67000,1074.938,-2.141758963451,1074.187,-40.173,2492.103
2026-05-19 15:10:53.412,67250,979.0,0.0,979.0,0.0,2492.103
2026-05-19 15:10:53.412,67500,979.0,0.0,979.0,0.0,2492.103
2026-05-19 15:10:53.522,67750,979.0,0.0,979.0,0.0,2492.103
2026-05-19 15:10:53.523,68000,979.0,0.0,979.0,0.0,2492.103
2026-05-19 15:10:53.523,68250,979.0,0.0,979.0,0.0,2492.103
2026-05-19 15:10:53.524,68500,970.059,-1.113550132612,969.177,-18.13,2515.952
2026-05-19 15:10:53.633,68750,952.176,-3.340650397835,949.532,-54.389,2563.652
2026-05-19 15:10:53.634,69000,934.294,-5.567750663059,929.886,-90.648,2611.351
2026-05-19 15:10:53.635,69250,979.0,0.0,979.0,0.0,2611.351
2026-05-19 15:10:53.635,69500,979.0,0.0,979.0,0.0,2611.351
2026-05-19 15:10:53.744,69750,979.0,0.0,979.0,0.0,2611.351
2026-05-19 15:10:53.744,70000,979.0,0.0,979.0,0.0,2611.351
2026-05-19 15:10:53.745,70250,979.0,0.0,979.0,0.0,2611.351
2026-05-19 15:10:53.745,70500,979.0,0.0,979.0,0.0,2611.351
2026-05-19 15:10:53.856,70750,979.0,0.0,979.0,0.0,2611.351
2026-05-19 15:10:53.857,71000,979.0,0.0,979.0,0.0,2611.351
2026-05-19 15:10:53.857,71250,988.369,1.113550132612,987.401,19.906,2587.501
2026-05-19 15:10:53.858,71500,1041.68,-2.020876309955,1040.557,-38.193,2460.281
2026-05-19 15:10:53.967,71750,1083.466,-3.368127183258,1081.595,-63.655,2359.568
2026-05-19 15:10:53.968,72000,979.0,0.0,979.0,0.0,2359.568
2026-05-19 15:10:53.968,72250,1037.334,6.023390614508,1031.607,108.852,2226.878
2026-05-19 15:10:53.969,72500,1037.334,6.023390614508,1031.607,108.852,2226.878
2026-05-19 15:10:54.078,72750,1037.334,6.023390614508,1031.607,108.852,2226.878
2026-05-19 15:10:54.079,73000,979.0,0.0,979.0,0.0,2226.878
2026-05-19 15:10:54.079,73250,979.0,0.0,979.0,0.0,2226.878
2026-05-19 15:10:54.080,73500,979.0,0.0,979.0,0.0,2226.878
2026-05-19 15:10:54.189,73750,979.0,0.0,979.0,0.0,2226.878
2026-05-19 15:10:54.190,74000,979.0,0.0,979.0,0.0,2226.878
2026-05-19 15:10:54.190,74250,979.0,0.0,979.0,0.0,2226.878
2026-05-19 15:10:54.191,74500,979.0,0.0,979.0,0.0,2226.878
2026-05-19 15:10:54.298,74750,979.0,0.0,979.0,0.0,2226.878
2026-05-19 15:10:54.299,75000,979.0,0.0,979.0,0.0,2226.878
2026-05-19 15:10:54.299,75250,979.0,0.0,979.0,0.0,2226.878
2026-05-19 15:10:54.299,75500,979.0,0.0,979.0,0.0,2226.878
2026-05-19 15:10:54.410,75750,979.0,0.0,979.0,0.0,2226.878
2026-05-19 15:10:54.410,76000,979.0,0.0,979.0,0.0,2226.878
2026-05-19 15:10:54.411,76250,979.0,0.0,979.0,0.0,2226.878
2026-05-19 15:10:54.411,76500,979.0,0.0,979.0,0.0,2226.878
2026-05-19 15:10:54.522,76750,979.0,0.0,979.0,0.0,2226.878
2026-05-19 15:10:54.523,77000,979.0,0.0,979.0,0.0,2226.878
2026-05-19 15:10:54.523,77250,979.0,0.0,979.0,0.0,2226.878
2026-05-19 15:10:54.523,77500,979.0,0.0,979.0,0.0,1996.867
2026-05-19 15:10:54.524,77750,979.0,0.0,979.0,0.0,1996.867
2026-05-19 15:10:54.633,78000,979.0,0.0,979.0,0.0,1996.867
2026-05-19 15:10:54.634,78250,979.0,0.0,979.0,0.0,1996.867
2026-05-19 15:10:54.634,78500,979.0,0.0,979.0,0.0,1996.867
2026-05-19 15:10:54.635,78750,979.0,0.0,979.0,0.0,1996.867
2026-05-19 15:10:54.635,79000,979.0,0.0,979.0,0.0,1996.867
2026-05-19 15:10:54.744,79250,979.0,0.0,979.0,0.0,1996.867
2026-05-19 15:10:54.745,79500,979.0,0.0,979.0,0.0,1996.867
2026-05-19 15:10:54.745,79750,979.0,0.0,979.0,0.0,1996.867
2026-05-19 15:10:54.746,80000,979.0,0.0,979.0,0.0,1996.867
2026-05-19 15:10:54.746,80250,979.0,0.0,979.0,0.0,1996.867
2026-05-19 15:10:54.856,80500,979.0,0.0,979.0,0.0,1996.867
2026-05-19 15:10:54.857,80750,979.0,0.0,979.0,0.0,1996.867
2026-05-19 15:10:54.857,81000,979.0,0.0,979.0,0.0,1996.867
2026-05-19 15:10:54.858,81250,979.0,0.0,979.0,0.0,1996.867
2026-05-19 15:10:54.858,81500,979.0,0.0,979.0,0.0,1996.867
2026-05-19 15:10:54.967,81750,968.312,-1.335159940683,967.057,-21.52,1909.667
2026-05-19 15:10:54.968,82000,979.0,0.0,979.0,0.0,1887.867
2026-05-19 15:10:54.968,82250,979.0,0.0,979.0,0.0,1887.867
2026-05-19 15:10:54.968,82500,979.0,0.0,979.0,0.0,1887.867
2026-05-19 15:10:54.969,82750,979.0,0.0,979.0,0.0,1887.867
2026-05-19 15:10:55.079,83000,1111.99,-3.24004564769,1110.212,-62.849,1662.085
2026-05-19 15:10:55.079,83250,979.0,0.0,979.0,0.0,1662.085
2026-05-19 15:10:55.080,83500,979.0,0.0,979.0,0.0,1662.085
2026-05-19 15:10:55.080,83750,979.0,0.0,979.0,0.0,1662.085
2026-05-19 15:10:55.080,84000,979.0,0.0,979.0,0.0,1662.085
2026-05-19 15:10:55.190,84250,979.0,0.0,979.0,0.0,1662.085
2026-05-19 15:10:55.191,84500,979.0,0.0,979.0,0.0,1662.085
2026-05-19 15:10:55.191,84750,979.0,0.0,979.0,0.0,1662.085
2026-05-19 15:10:55.192,85000,979.0,0.0,979.0,0.0,1662.085
2026-05-19 15:10:55.296,85250,979.0,0.0,979.0,0.0,1662.085
2026-05-19 15:10:55.297,85500,979.0,0.0,979.0,0.0,1662.085
2026-05-19 15:10:55.297,85750,979.0,0.0,979.0,0.0,1662.085
2026-05-19 15:10:55.298,86000,979.0,0.0,979.0,0.0,1662.085
2026-05-19 15:10:55.298,86250,979.0,0.0,979.0,0.0,1662.085
2026-05-19 15:10:55.407,86500,979.0,0.0,979.0,0.0,1662.085
2026-05-19 15:10:55.407,86750,979.0,0.0,979.0,0.0,1662.085
2026-05-19 15:10:55.408,87000,979.0,0.0,979.0,0.0,1662.085
2026-05-19 15:10:55.408,87250,979.0,0.0,979.0,0.0,1662.085
2026-05-19 15:10:55.408,87500,979.0,0.0,979.0,0.0,1662.085
2026-05-19 15:10:55.517,87750,979.0,0.0,979.0,0.0,1662.085
2026-05-19 15:10:55.518,88000,979.0,0.0,979.0,0.0,1662.085
2026-05-19 15:10:55.518,88250,979.0,0.0,979.0,0.0,1662.085
2026-05-19 15:10:55.519,88500,979.0,0.0,979.0,0.0,1662.085
2026-05-19 15:10:55.519,88750,979.0,0.0,979.0,0.0,1662.085
2026-05-19 15:10:55.629,89000,1132.869,-4.398502875142,1129.533,-86.883,1436.336
2026-05-19 15:10:55.629,89250,979.0,0.0,979.0,0.0,1436.336
2026-05-19 15:10:55.629,89500,979.0,0.0,979.0,0.0,1436.336
2026-05-19 15:10:55.630,89750,979.0,0.0,979.0,0.0,1436.336
2026-05-19 15:10:55.739,90000,979.0,0.0,979.0,0.0,1436.336
2026-05-19 15:10:55.739,90250,902.84,-9.90199356769,889.391,-155.255,1436.336
2026-05-19 15:10:55.740,90500,979.0,0.0,979.0,0.0,1324.598
2026-05-19 15:10:55.740,90750,979.0,0.0,979.0,0.0,1324.598
2026-05-19 15:10:55.741,91000,979.0,0.0,979.0,0.0,1324.598
2026-05-19 15:10:55.851,91250,979.0,0.0,979.0,0.0,1324.598
2026-05-19 15:10:55.852,91500,979.0,0.0,979.0,0.0,1324.598
2026-05-19 15:10:55.852,91750,979.0,0.0,979.0,0.0,1324.598
2026-05-19 15:10:55.853,92000,979.0,0.0,979.0,0.0,1324.598
2026-05-19 15:10:55.853,92250,979.0,0.0,979.0,0.0,1324.598
2026-05-19 15:10:55.963,92500,979.0,0.0,979.0,0.0,1324.598
2026-05-19 15:10:55.963,92750,979.0,0.0,979.0,0.0,1324.598
2026-05-19 15:10:55.964,93000,979.0,0.0,979.0,0.0,1324.598
2026-05-19 15:10:55.964,93250,979.0,0.0,979.0,0.0,1324.598
2026-05-19 15:10:55.965,93500,979.0,0.0,979.0,0.0,1324.598
2026-05-19 15:10:56.073,93750,979.0,0.0,979.0,0.0,1324.598
2026-05-19 15:10:56.073,94000,979.0,0.0,979.0,0.0,1324.598
2026-05-19 15:10:56.074,94250,979.0,0.0,979.0,0.0,1324.598
2026-05-19 15:10:56.074,94500,979.0,0.0,979.0,0.0,1324.598
2026-05-19 15:10:56.074,94750,979.0,0.0,979.0,0.0,1324.598
2026-05-19 15:10:56.184,95000,979.0,0.0,979.0,0.0,1324.598
2026-05-19 15:10:56.185,95250,1164.897,-4.049934853072,1161.117,-85.514,1121.326
2026-05-19 15:10:56.185,95500,979.0,0.0,979.0,0.0,1070.507
2026-05-19 15:10:56.185,95750,979.0,0.0,979.0,0.0,1070.507
2026-05-19 15:10:56.186,96000,979.0,0.0,979.0,0.0,1070.507
2026-05-19 15:10:56.297,96250,979.0,0.0,979.0,0.0,1070.507
2026-05-19 15:10:56.298,96500,979.0,0.0,979.0,0.0,1070.507
2026-05-19 15:10:56.298,96750,979.0,0.0,979.0,0.0,1070.507
2026-05-19 15:10:56.299,97000,979.0,0.0,979.0,0.0,1070.507
2026-05-19 15:10:56.299,97250,979.0,0.0,979.0,0.0,1070.507
2026-05-19 15:10:56.410,97500,979.0,0.0,979.0,0.0,1070.507
2026-05-19 15:10:56.410,97750,979.0,0.0,979.0,0.0,1070.507
2026-05-19 15:10:56.411,98000,979.0,0.0,979.0,0.0,1070.507
2026-05-19 15:10:56.411,98250,979.0,0.0,979.0,0.0,1070.507
2026-05-19 15:10:56.520,98500,979.0,0.0,979.0,0.0,1070.507
2026-05-19 15:10:56.520,98750,979.0,0.0,979.0,0.0,1070.507
2026-05-19 15:10:56.521,99000,979.0,0.0,979.0,0.0,1070.507
2026-05-19 15:10:56.521,99250,979.0,0.0,979.0,0.0,1070.507
2026-05-19 15:10:56.522,99500,979.0,0.0,979.0,0.0,1070.507
2026-05-19 15:10:56.631,99750,979.0,0.0,979.0,0.0,1070.507
2026-05-19 15:10:56.631,100000,979.0,0.0,979.0,0.0,1070.507
2026-05-19 15:10:57.175,10000,980.437,-0.350547876838,980.344,-6.033,9272.787
2026-05-19 15:10:57.281,10250,979.0,0.0,979.0,0.0,9286.314
2026-05-19 15:10:57.504,10500,979.0,0.0,979.0,0.0,9286.314
2026-05-19 15:10:57.616,10750,979.0,0.0,979.0,0.0,9286.314
2026-05-19 15:10:57.728,11000,1005.754,0.445795900565,1005.723,7.825,9105.965
2026-05-19 15:10:57.838,11250,979.0,0.0,979.0,0.0,9105.965
2026-05-19 15:10:57.952,11500,979.0,0.0,979.0,0.0,9105.965
2026-05-19 15:10:58.176,11750,979.0,0.0,979.0,0.0,9178.44
2026-05-19 15:10:58.280,12000,979.0,0.0,979.0,0.0,9178.44
2026-05-19 15:10:58.393,12250,984.142,0.096752443085,984.134,1.697,9131.469
2026-05-19 15:10:58.505,12500,1009.767,-0.390123767283,1009.659,-6.933,8976.343
2026-05-19 15:10:58.616,12750,979.0,0.0,979.0,0.0,9025.481
2026-05-19 15:10:58.728,13000,979.0,0.0,979.0,0.0,9025.481
2026-05-19 15:10:58.839,13250,987.93,-0.455926081973,987.794,-7.828,9029.146
2026-05-19 15:10:58.953,13500,979.0,0.0,979.0,0.0,9110.657
2026-05-19 15:10:59.065,13750,1005.17,0.596406353861,1005.116,10.463,8873.453
2026-05-19 15:10:59.175,14000,989.807,-1.511920412512,989.463,-26.116,8873.453
2026-05-19 15:10:59.281,14250,979.0,0.0,979.0,0.0,8971.41
2026-05-19 15:10:59.395,14500,979.0,0.0,979.0,0.0,8971.41
2026-05-19 15:10:59.507,14750,1006.668,-1.125504997653,1006.473,-19.773,8829.312
2026-05-19 15:10:59.619,15000,979.0,0.0,979.0,0.0,8938.448
2026-05-19 15:10:59.731,15250,979.0,0.0,979.0,0.0,8938.448
2026-05-19 15:10:59.842,15500,979.0,0.0,979.0,0.0,8938.448
2026-05-19 15:10:59.954,15750,1009.142,0.129268207071,1009.055,2.192,8782.101
2026-05-19 15:11:00.066,16000,979.0,0.0,979.0,0.0,8828.731
2026-05-19 15:11:00.066,16250,998.859,0.607213456,998.789,10.638,8654.066
2026-05-19 15:11:00.178,16500,993.895,0.455410092,993.842,7.979,8697.732
2026-05-19 15:11:00.280,16750,1003.297,0.778640438833,1003.205,13.634,8704.426
2026-05-19 15:11:00.393,17000,979.0,0.0,979.0,0.0,8704.426
2026-05-19 15:11:00.505,17250,979.012,-2.034992615142,978.371,-34.668,8613.161
2026-05-19 15:11:00.616,17500,1020.604,-0.613423882303,1020.546,-10.927,8476.262
2026-05-19 15:11:00.617,17750,979.0,0.0,979.0,0.0,8611.81
2026-05-19 15:11:00.728,18000,979.0,0.0,979.0,0.0,8611.81
2026-05-19 15:11:00.839,18250,1005.36,0.960686760165,1005.219,16.856,8386.009
2026-05-19 15:11:00.951,18500,995.939,-1.485942574055,995.604,-25.826,8386.009
2026-05-19 15:11:00.952,18750,979.0,0.0,979.0,0.0,8531.103
2026-05-19 15:11:01.063,19000,1004.055,1.003388467307,1003.901,17.583,8318.223
2026-05-19 15:11:01.175,19250,979.0,0.0,979.0,0.0,8318.223
2026-05-19 15:11:01.279,19500,997.248,-1.40404357591,996.949,-24.435,8104.803
2026-05-19 15:11:01.279,19750,982.65,-0.280808715182,982.59,-4.887,8225.658
2026-05-19 15:11:01.391,20000,979.0,0.0,979.0,0.0,8255.872
2026-05-19 15:11:01.505,20250,998.469,0.887407267486,998.318,15.539,8095.676
2026-05-19 15:11:01.506,20500,979.0,0.0,979.0,0.0,8055.627
2026-05-19 15:11:01.616,20750,997.775,-1.321511433571,997.51,-23.011,8055.627
2026-05-19 15:11:01.727,21000,994.666,-1.063782975455,994.451,-18.539,7917.724
2026-05-19 15:11:01.836,21250,979.0,0.0,979.0,0.0,8043.919
2026-05-19 15:11:01.837,21500,979.0,0.0,979.0,0.0,8043.919
2026-05-19 15:11:01.952,21750,979.0,0.0,979.0,0.0,7856.622
2026-05-19 15:11:02.064,22000,1000.678,-1.344840918854,1000.403,-23.486,7856.622
2026-05-19 15:11:02.065,22250,1020.769,-0.285295442853,1020.714,-4.989,7702.749
2026-05-19 15:11:02.176,22500,979.0,0.0,979.0,0.0,7842.522
2026-05-19 15:11:02.176,22750,979.0,0.0,979.0,0.0,7842.522
2026-05-19 15:11:02.279,23000,979.0,0.0,979.0,0.0,7658.862
2026-05-19 15:11:02.393,23250,979.0,0.0,979.0,0.0,7658.862
2026-05-19 15:11:02.393,23500,999.903,1.300566439113,999.645,22.695,7498.755
2026-05-19 15:11:02.505,23750,979.0,0.0,979.0,0.0,7498.755
2026-05-19 15:11:02.616,24000,1003.089,-1.239554918038,1002.854,-21.699,7498.755
2026-05-19 15:11:02.617,24250,1004.217,-1.23033097061,1003.986,-21.562,7326.976
2026-05-19 15:11:02.728,24500,993.206,-0.195663447982,993.047,-3.453,7409.241
2026-05-19 15:11:02.728,24750,999.596,1.482344701308,999.262,25.858,7360.845
2026-05-19 15:11:02.839,25000,979.0,0.0,979.0,0.0,7360.845
2026-05-19 15:11:02.840,25250,979.0,0.0,979.0,0.0,7360.845
2026-05-19 15:11:02.953,25500,979.0,0.0,979.0,0.0,7206.363
2026-05-19 15:11:03.064,25750,979.0,0.0,979.0,0.0,7206.363
2026-05-19 15:11:03.065,26000,996.708,1.425420393579,996.399,24.794,7078.333
2026-05-19 15:11:03.176,26250,979.0,0.0,979.0,0.0,7078.333
2026-05-19 15:11:03.177,26500,998.918,1.697162980167,998.48,29.585,6937.194
2026-05-19 15:11:03.280,26750,979.0,0.0,979.0,0.0,6937.194
2026-05-19 15:11:03.280,27000,979.0,0.0,979.0,0.0,6937.194
2026-05-19 15:11:03.391,27250,998.093,1.73734201155,997.634,30.26,6804.488
2026-05-19 15:11:03.392,27500,979.0,0.0,979.0,0.0,6804.488
2026-05-19 15:11:03.503,27750,990.813,1.154373052496,990.475,20.117,6724.0
2026-05-19 15:11:03.503,28000,979.0,0.0,979.0,0.0,6670.342
2026-05-19 15:11:03.614,28250,979.0,0.0,979.0,0.0,6670.342
2026-05-19 15:11:03.726,28500,979.0,0.0,979.0,0.0,6557.083
2026-05-19 15:11:03.726,28750,979.0,0.0,979.0,0.0,6557.083
2026-05-19 15:11:03.837,29000,979.0,0.0,979.0,0.0,6557.083
2026-05-19 15:11:03.837,29250,979.0,0.0,979.0,0.0,6439.888
2026-05-19 15:11:03.951,29500,979.0,0.0,979.0,0.0,6439.888
2026-05-19 15:11:03.951,29750,979.0,0.0,979.0,0.0,6329.513
2026-05-19 15:11:04.062,30000,979.0,0.0,979.0,0.0,6329.513
2026-05-19 15:11:04.062,30250,979.0,0.0,979.0,0.0,6329.513
2026-05-19 15:11:04.063,30500,979.0,0.0,979.0,0.0,6231.235
2026-05-19 15:11:04.174,30750,979.0,0.0,979.0,0.0,6231.235
2026-05-19 15:11:04.174,31000,991.578,1.967351821673,990.845,34.145,6152.441
2026-05-19 15:11:04.280,31250,979.0,0.0,979.0,0.0,6132.743
2026-05-19 15:11:04.281,31500,1017.63,-0.786188721091,1017.534,-13.963,5899.941
2026-05-19 15:11:04.392,31750,1018.688,-0.706494640387,1018.61,-12.561,5819.217
2026-05-19 15:11:04.393,32000,979.0,0.0,979.0,0.0,5819.217
2026-05-19 15:11:04.504,32250,979.0,0.0,979.0,0.0,5819.217
2026-05-19 15:11:04.505,32500,979.0,0.0,979.0,0.0,5745.191
2026-05-19 15:11:04.615,32750,979.0,0.0,979.0,0.0,5745.191
2026-05-19 15:11:04.616,33000,979.0,0.0,979.0,0.0,5745.191
2026-05-19 15:11:04.727,33250,979.0,0.0,979.0,0.0,5682.385
2026-05-19 15:11:04.727,33500,979.0,0.0,979.0,0.0,5682.385
2026-05-19 15:11:04.839,33750,1024.687,-0.465973788758,1024.653,-8.333,5379.444
2026-05-19 15:11:04.839,34000,1024.687,-0.465973788758,1024.653,-8.333,5379.444
2026-05-19 15:11:04.839,34250,979.0,0.0,979.0,0.0,5379.444
2026-05-19 15:11:04.950,34500,979.0,0.0,979.0,0.0,5339.018
2026-05-19 15:11:04.950,34750,979.0,0.0,979.0,0.0,5339.018
2026-05-19 15:11:05.064,35000,979.0,0.0,979.0,0.0,5339.018
2026-05-19 15:11:05.064,35250,983.988,2.641663783674,982.942,45.351,5311.955
2026-05-19 15:11:05.175,35500,1025.739,-0.237811716413,1025.73,-4.257,5069.911
2026-05-19 15:11:05.175,35750,979.0,0.0,979.0,0.0,5069.911
2026-05-19 15:11:05.176,36000,979.0,0.0,979.0,0.0,5069.911
2026-05-19 15:11:05.279,36250,979.0,0.0,979.0,0.0,5053.16
2026-05-19 15:11:05.279,36500,979.0,0.0,979.0,0.0,5053.16
2026-05-19 15:11:05.393,36750,979.0,0.0,979.0,0.0,5052.649
2026-05-19 15:11:05.394,37000,1030.135,0.113807536244,1030.133,2.046,4801.84
2026-05-19 15:11:05.507,37250,979.0,0.0,979.0,0.0,4801.84
2026-05-19 15:11:05.507,37500,979.0,0.0,979.0,0.0,4801.84
2026-05-19 15:11:05.508,37750,979.0,0.0,979.0,0.0,4819.526
2026-05-19 15:11:05.620,38000,979.0,0.0,979.0,0.0,4819.526
2026-05-19 15:11:05.620,38250,979.0,0.0,979.0,0.0,4819.526
2026-05-19 15:11:05.621,38500,1035.225,0.312129913297,1035.21,5.64,4557.768
2026-05-19 15:11:05.730,38750,979.0,0.0,979.0,0.0,4591.487
2026-05-19 15:11:05.730,39000,979.0,0.0,979.0,0.0,4591.487
2026-05-19 15:11:05.844,39250,979.0,0.0,979.0,0.0,4591.487
2026-05-19 15:11:05.844,39500,979.0,0.0,979.0,0.0,4591.487
2026-05-19 15:11:05.844,39750,1036.403,0.718813789589,1036.322,13.002,4380.519
2026-05-19 15:11:05.955,40000,979.0,0.0,979.0,0.0,4380.519
2026-05-19 15:11:05.955,40250,979.0,0.0,979.0,0.0,4380.519
2026-05-19 15:11:05.956,40500,979.0,0.0,979.0,0.0,4380.519
2026-05-19 15:11:06.067,40750,982.081,-0.691112802898,981.719,-11.987,4435.656
2026-05-19 15:11:06.067,41000,1021.92,0.732846470984,1021.837,13.071,4262.566
2026-05-19 15:11:06.179,41250,979.0,0.0,979.0,0.0,4262.566
2026-05-19 15:11:06.180,41500,979.0,0.0,979.0,0.0,4262.566
2026-05-19 15:11:06.180,41750,960.683,3.218750224387,959.168,53.941,4343.838
2026-05-19 15:11:06.297,42000,979.0,0.0,979.0,0.0,4343.838
2026-05-19 15:11:06.297,42250,979.0,0.0,979.0,0.0,4101.722
2026-05-19 15:11:06.298,42500,979.0,0.0,979.0,0.0,4101.722
2026-05-19 15:11:06.408,42750,979.0,0.0,979.0,0.0,4101.722
2026-05-19 15:11:06.408,43000,979.0,0.0,979.0,0.0,4101.722
2026-05-19 15:11:06.409,43250,979.0,0.0,979.0,0.0,4198.29
2026-05-19 15:11:06.521,43500,1037.747,1.582492995006,1037.351,28.659,3960.624
2026-05-19 15:11:06.522,43750,979.0,0.0,979.0,0.0,3960.624
2026-05-19 15:11:06.522,44000,979.0,0.0,979.0,0.0,3960.624
2026-05-19 15:11:06.632,44250,979.0,0.0,979.0,0.0,3960.624
2026-05-19 15:11:06.633,44500,979.0,0.0,979.0,0.0,3960.624
2026-05-19 15:11:06.742,44750,979.0,0.0,979.0,0.0,3861.35
2026-05-19 15:11:06.743,45000,979.0,0.0,979.0,0.0,3861.35
2026-05-19 15:11:06.743,45250,979.0,0.0,979.0,0.0,3861.35
2026-05-19 15:11:06.852,45500,979.0,0.0,979.0,0.0,3861.35
2026-05-19 15:11:06.853,45750,979.0,0.0,979.0,0.0,3861.35
2026-05-19 15:11:06.853,46000,979.0,0.0,979.0,0.0,3655.855
2026-05-19 15:11:06.963,46250,979.0,0.0,979.0,0.0,3823.201
2026-05-19 15:11:06.964,46500,979.0,0.0,979.0,0.0,3823.201
2026-05-19 15:11:06.964,46750,979.0,0.0,979.0,0.0,3823.201
2026-05-19 15:11:07.075,47000,989.669,0.476553703812,989.491,8.584,3783.688
2026-05-19 15:11:07.076,47250,979.0,0.0,979.0,0.0,3625.638
2026-05-19 15:11:07.076,47500,979.0,0.0,979.0,0.0,3625.638
2026-05-19 15:11:07.185,47750,979.0,0.0,979.0,0.0,3625.638
2026-05-19 15:11:07.185,48000,979.0,0.0,979.0,0.0,3625.638
2026-05-19 15:11:07.186,48250,1000.368,1.043053104469,999.941,18.788,3550.598
2026-05-19 15:11:07.296,48500,979.0,0.0,979.0,0.0,3618.973
2026-05-19 15:11:07.297,48750,979.0,0.0,979.0,0.0,3618.973
2026-05-19 15:11:07.298,49000,979.0,0.0,979.0,0.0,3618.973
2026-05-19 15:11:07.408,49250,969.211,-0.620147318584,968.938,-10.062,3474.224
2026-05-19 15:11:07.408,49500,979.0,0.0,979.0,0.0,3438.037
2026-05-19 15:11:07.409,49750,979.0,0.0,979.0,0.0,3438.037
2026-05-19 15:11:07.519,50000,979.0,0.0,979.0,0.0,3438.037
2026-05-19 15:11:07.520,50250,979.0,0.0,979.0,0.0,3438.037
2026-05-19 15:11:07.520,50500,979.0,0.0,979.0,0.0,3438.037
2026-05-19 15:11:07.629,50750,1035.348,3.820238021676,1033.048,68.981,3250.924
2026-05-19 15:11:07.630,51000,979.0,0.0,979.0,0.0,3448.719
2026-05-19 15:11:07.630,51250,979.0,0.0,979.0,0.0,3448.719
2026-05-19 15:11:07.630,51500,979.0,0.0,979.0,0.0,3448.719
2026-05-19 15:11:07.740,51750,979.0,0.0,979.0,0.0,3448.719
2026-05-19 15:11:07.740,52000,979.0,0.0,979.0,0.0,3448.719
2026-05-19 15:11:07.741,52250,979.0,0.0,979.0,0.0,3304.868
2026-05-19 15:11:07.851,52500,979.0,0.0,979.0,0.0,3304.868
2026-05-19 15:11:07.852,52750,979.0,0.0,979.0,0.0,3304.868
2026-05-19 15:11:07.852,53000,979.0,0.0,979.0,0.0,3304.868
2026-05-19 15:11:07.853,53250,979.0,0.0,979.0,0.0,3304.868
2026-05-19 15:11:07.961,53500,979.0,0.0,979.0,0.0,3304.868
2026-05-19 15:11:07.962,53750,979.0,0.0,979.0,0.0,3181.295
2026-05-19 15:11:07.962,54000,979.0,0.0,979.0,0.0,3181.295
2026-05-19 15:11:08.074,54250,979.0,0.0,979.0,0.0,3181.295
2026-05-19 15:11:08.074,54500,979.0,0.0,979.0,0.0,3181.295
2026-05-19 15:11:08.074,54750,979.0,0.0,979.0,0.0,3181.295
2026-05-19 15:11:08.185,55000,979.0,0.0,979.0,0.0,3181.295
2026-05-19 15:11:08.185,55250,986.138,0.840453166474,985.593,14.871,3158.914
2026-05-19 15:11:08.186,55500,979.0,0.0,979.0,0.0,3069.393
2026-05-19 15:11:08.186,55750,979.0,0.0,979.0,0.0,3069.393
2026-05-19 15:11:08.295,56000,979.0,0.0,979.0,0.0,3069.393
2026-05-19 15:11:08.296,56250,979.0,0.0,979.0,0.0,3069.393
2026-05-19 15:11:08.296,56500,979.0,0.0,979.0,0.0,3069.393
2026-05-19 15:11:08.409,56750,979.0,0.0,979.0,0.0,3069.393
2026-05-19 15:11:08.410,57000,979.0,0.0,979.0,0.0,3069.393
2026-05-19 15:11:08.410,57250,979.0,0.0,979.0,0.0,3069.393
2026-05-19 15:11:08.522,57500,979.0,0.0,979.0,0.0,3069.393
2026-05-19 15:11:08.522,57750,979.0,0.0,979.0,0.0,3069.393
2026-05-19 15:11:08.523,58000,1012.239,4.858017317466,1008.603,85.723,2968.602
2026-05-19 15:11:08.523,58250,906.252,1.463962538707,905.957,23.153,3206.9
2026-05-19 15:11:08.634,58500,906.252,1.463962538707,905.957,23.153,3206.9
2026-05-19 15:11:08.635,58750,979.0,0.0,979.0,0.0,3206.9
2026-05-19 15:11:08.635,59000,999.799,4.369904778779,996.892,76.18,3140.187
2026-05-19 15:11:08.745,59250,979.0,0.0,979.0,0.0,3140.187
2026-05-19 15:11:08.746,59500,1020.196,-5.541074809745,1015.347,-98.818,3016.262
2026-05-19 15:11:08.747,59750,1035.586,-5.833867317486,1030.223,-105.261,2968.602
2026-05-19 15:11:08.748,60000,979.0,0.0,979.0,0.0,2968.602
2026-05-19 15:11:08.858,60250,979.0,0.0,979.0,0.0,2968.602
2026-05-19 15:11:08.858,60500,979.0,0.0,979.0,0.0,2968.602
2026-05-19 15:11:08.858,60750,979.0,0.0,979.0,0.0,2968.602
2026-05-19 15:11:08.859,61000,979.0,0.0,979.0,0.0,2968.602
2026-05-19 15:11:08.969,61250,979.0,0.0,979.0,0.0,2968.602
2026-05-19 15:11:08.969,61500,979.0,0.0,979.0,0.0,2968.602
2026-05-19 15:11:08.970,61750,979.0,0.0,979.0,0.0,2968.602
2026-05-19 15:11:08.970,62000,979.0,0.0,979.0,0.0,2968.602
2026-05-19 15:11:09.082,62250,979.0,0.0,979.0,0.0,2968.602
2026-05-19 15:11:09.082,62500,979.0,0.0,979.0,0.0,2968.602
2026-05-19 15:11:09.083,62750,979.0,0.0,979.0,0.0,2968.602
2026-05-19 15:11:09.083,63000,995.621,-0.337689477241,995.529,-6.259,2922.145
2026-05-19 15:11:09.193,63250,979.0,0.0,979.0,0.0,2736.319
2026-05-19 15:11:09.193,63500,979.0,0.0,979.0,0.0,2736.319
2026-05-19 15:11:09.194,63750,979.0,0.0,979.0,0.0,2736.319
2026-05-19 15:11:09.194,64000,979.0,0.0,979.0,0.0,2736.319
2026-05-19 15:11:09.298,64250,979.0,0.0,979.0,0.0,2736.319
2026-05-19 15:11:09.298,64500,979.0,0.0,979.0,0.0,2736.319
2026-05-19 15:11:09.299,64750,979.0,0.0,979.0,0.0,2736.319
2026-05-19 15:11:09.299,65000,979.0,0.0,979.0,0.0,2736.319
2026-05-19 15:11:09.409,65250,979.0,0.0,979.0,0.0,2736.319
2026-05-19 15:11:09.409,65500,979.0,0.0,979.0,0.0,2736.319
2026-05-19 15:11:09.410,65750,971.497,-1.037161247915,970.726,-17.019,2758.125
2026-05-19 15:11:09.521,66000,979.0,0.0,979.0,0.0,2736.319
2026-05-19 15:11:09.521,66250,979.0,0.0,979.0,0.0,2736.319
2026-05-19 15:11:09.522,66500,979.0,0.0,979.0,0.0,2736.319
2026-05-19 15:11:09.522,66750,979.0,0.0,979.0,0.0,2736.319
2026-05-19 15:11:09.635,67000,1074.938,-2.141758963451,1074.187,-40.173,2492.103
2026-05-19 15:11:09.635,67250,979.0,0.0,979.0,0.0,2492.103
2026-05-19 15:11:09.636,67500,979.0,0.0,979.0,0.0,2492.103
2026-05-19 15:11:09.636,67750,979.0,0.0,979.0,0.0,2492.103
2026-05-19 15:11:09.636,68000,979.0,0.0,979.0,0.0,2492.103
2026-05-19 15:11:09.747,68250,979.0,0.0,979.0,0.0,2492.103
2026-05-19 15:11:09.748,68500,970.059,-1.113550132612,969.177,-18.13,2515.952
2026-05-19 15:11:09.748,68750,961.118,-2.227100265223,959.354,-36.259,2539.802
2026-05-19 15:11:09.749,69000,934.294,-5.567750663059,929.886,-90.648,2611.351
2026-05-19 15:11:09.859,69250,979.0,0.0,979.0,0.0,2611.351
2026-05-19 15:11:09.859,69500,979.0,0.0,979.0,0.0,2611.351
2026-05-19 15:11:09.860,69750,979.0,0.0,979.0,0.0,2611.351
2026-05-19 15:11:09.860,70000,979.0,0.0,979.0,0.0,2611.351
2026-05-19 15:11:09.970,70250,979.0,0.0,979.0,0.0,2611.351
2026-05-19 15:11:09.970,70500,979.0,0.0,979.0,0.0,2611.351
2026-05-19 15:11:09.971,70750,979.0,0.0,979.0,0.0,2611.351
2026-05-19 15:11:09.971,71000,979.0,0.0,979.0,0.0,2611.351
2026-05-19 15:11:10.083,71250,988.369,1.113550132612,987.401,19.906,2587.501
2026-05-19 15:11:10.084,71500,1062.573,-2.694501746606,1061.076,-50.924,2409.924
2026-05-19 15:11:10.084,71750,1083.466,-3.368127183258,1081.595,-63.655,2359.568
2026-05-19 15:11:10.084,72000,979.0,0.0,979.0,0.0,2359.568
2026-05-19 15:11:10.195,72250,1037.334,6.023390614508,1031.607,108.852,2226.878
2026-05-19 15:11:10.196,72500,1037.334,6.023390614508,1031.607,108.852,2226.878
2026-05-19 15:11:10.196,72750,1037.334,6.023390614508,1031.607,108.852,2226.878
2026-05-19 15:11:10.197,73000,979.0,0.0,979.0,0.0,2226.878
2026-05-19 15:11:10.313,73250,979.0,0.0,979.0,0.0,2226.878
2026-05-19 15:11:10.313,73500,979.0,0.0,979.0,0.0,2226.878
2026-05-19 15:11:10.314,73750,979.0,0.0,979.0,0.0,2226.878
2026-05-19 15:11:10.314,74000,979.0,0.0,979.0,0.0,2226.878
2026-05-19 15:11:10.423,74250,979.0,0.0,979.0,0.0,2226.878
2026-05-19 15:11:10.424,74500,979.0,0.0,979.0,0.0,2226.878
2026-05-19 15:11:10.424,74750,979.0,0.0,979.0,0.0,2226.878
2026-05-19 15:11:10.424,75000,979.0,0.0,979.0,0.0,2226.878
2026-05-19 15:11:10.535,75250,979.0,0.0,979.0,0.0,2226.878
2026-05-19 15:11:10.535,75500,979.0,0.0,979.0,0.0,2226.878
2026-05-19 15:11:10.536,75750,979.0,0.0,979.0,0.0,2226.878
2026-05-19 15:11:10.536,76000,979.0,0.0,979.0,0.0,2226.878
2026-05-19 15:11:10.648,76250,979.0,0.0,979.0,0.0,2226.878
2026-05-19 15:11:10.649,76500,979.0,0.0,979.0,0.0,2226.878
2026-05-19 15:11:10.649,76750,979.0,0.0,979.0,0.0,2226.878
2026-05-19 15:11:10.649,77000,979.0,0.0,979.0,0.0,2226.878
2026-05-19 15:11:10.650,77250,979.0,0.0,979.0,0.0,2226.878
2026-05-19 15:11:10.759,77500,979.0,0.0,979.0,0.0,1996.867
2026-05-19 15:11:10.760,77750,979.0,0.0,979.0,0.0,1996.867
2026-05-19 15:11:10.760,78000,979.0,0.0,979.0,0.0,1996.867
2026-05-19 15:11:10.761,78250,979.0,0.0,979.0,0.0,1996.867
2026-05-19 15:11:10.761,78500,979.0,0.0,979.0,0.0,1996.867
2026-05-19 15:11:10.872,78750,979.0,0.0,979.0,0.0,1996.867
2026-05-19 15:11:10.872,79000,979.0,0.0,979.0,0.0,1996.867
2026-05-19 15:11:10.873,79250,979.0,0.0,979.0,0.0,1996.867
2026-05-19 15:11:10.873,79500,979.0,0.0,979.0,0.0,1996.867
2026-05-19 15:11:10.873,79750,979.0,0.0,979.0,0.0,1996.867
2026-05-19 15:11:10.982,80000,979.0,0.0,979.0,0.0,1996.867
2026-05-19 15:11:10.983,80250,979.0,0.0,979.0,0.0,1996.867
2026-05-19 15:11:10.983,80500,979.0,0.0,979.0,0.0,1996.867
2026-05-19 15:11:10.983,80750,979.0,0.0,979.0,0.0,1996.867
2026-05-19 15:11:10.984,81000,979.0,0.0,979.0,0.0,1996.867
2026-05-19 15:11:11.094,81250,979.0,0.0,979.0,0.0,1996.867
2026-05-19 15:11:11.095,81500,979.0,0.0,979.0,0.0,1996.867
2026-05-19 15:11:11.095,81750,968.312,-1.335159940683,967.057,-21.52,1909.667
2026-05-19 15:11:11.096,82000,979.0,0.0,979.0,0.0,1887.867
2026-05-19 15:11:11.096,82250,979.0,0.0,979.0,0.0,1887.867
2026-05-19 15:11:11.205,82500,979.0,0.0,979.0,0.0,1887.867
2026-05-19 15:11:11.206,82750,979.0,0.0,979.0,0.0,1887.867
2026-05-19 15:11:11.206,83000,1111.99,-3.24004564769,1110.212,-62.849,1662.085
2026-05-19 15:11:11.207,83250,979.0,0.0,979.0,0.0,1662.085
2026-05-19 15:11:11.207,83500,979.0,0.0,979.0,0.0,1662.085
2026-05-19 15:11:11.314,83750,979.0,0.0,979.0,0.0,1662.085
2026-05-19 15:11:11.314,84000,979.0,0.0,979.0,0.0,1662.085
2026-05-19 15:11:11.315,84250,979.0,0.0,979.0,0.0,1662.085
2026-05-19 15:11:11.315,84500,979.0,0.0,979.0,0.0,1662.085
2026-05-19 15:11:11.425,84750,979.0,0.0,979.0,0.0,1662.085
2026-05-19 15:11:11.425,85000,979.0,0.0,979.0,0.0,1662.085
2026-05-19 15:11:11.426,85250,979.0,0.0,979.0,0.0,1662.085
2026-05-19 15:11:11.426,85500,979.0,0.0,979.0,0.0,1662.085
2026-05-19 15:11:11.427,85750,979.0,0.0,979.0,0.0,1662.085
2026-05-19 15:11:11.536,86000,979.0,0.0,979.0,0.0,1662.085
2026-05-19 15:11:11.536,86250,979.0,0.0,979.0,0.0,1662.085
2026-05-19 15:11:11.537,86500,979.0,0.0,979.0,0.0,1662.085
2026-05-19 15:11:11.537,86750,979.0,0.0,979.0,0.0,1662.085
2026-05-19 15:11:11.537,87000,979.0,0.0,979.0,0.0,1662.085
2026-05-19 15:11:11.649,87250,979.0,0.0,979.0,0.0,1662.085
2026-05-19 15:11:11.649,87500,979.0,0.0,979.0,0.0,1662.085
2026-05-19 15:11:11.649,87750,979.0,0.0,979.0,0.0,1662.085
2026-05-19 15:11:11.650,88000,979.0,0.0,979.0,0.0,1662.085
2026-05-19 15:11:11.650,88250,979.0,0.0,979.0,0.0,1662.085
2026-05-19 15:11:11.761,88500,979.0,0.0,979.0,0.0,1662.085
2026-05-19 15:11:11.761,88750,979.0,0.0,979.0,0.0,1662.085
2026-05-19 15:11:11.762,89000,1132.869,-4.398502875142,1129.533,-86.883,1436.336
2026-05-19 15:11:11.762,89250,979.0,0.0,979.0,0.0,1436.336
2026-05-19 15:11:11.762,89500,979.0,0.0,979.0,0.0,1436.336
2026-05-19 15:11:11.872,89750,979.0,0.0,979.0,0.0,1436.336
2026-05-19 15:11:11.873,90000,979.0,0.0,979.0,0.0,1436.336
2026-05-19 15:11:11.873,90250,902.84,-9.90199356769,889.391,-155.255,1436.336
2026-05-19 15:11:11.873,90500,979.0,0.0,979.0,0.0,1324.598
2026-05-19 15:11:11.874,90750,979.0,0.0,979.0,0.0,1324.598
2026-05-19 15:11:11.984,91000,979.0,0.0,979.0,0.0,1324.598
2026-05-19 15:11:11.985,91250,979.0,0.0,979.0,0.0,1324.598
2026-05-19 15:11:11.985,91500,979.0,0.0,979.0,0.0,1324.598
2026-05-19 15:11:11.985,91750,979.0,0.0,979.0,0.0,1324.598
2026-05-19 15:11:12.099,92000,979.0,0.0,979.0,0.0,1324.598
2026-05-19 15:11:12.100,92250,979.0,0.0,979.0,0.0,1324.598
2026-05-19 15:11:12.100,92500,979.0,0.0,979.0,0.0,1324.598
2026-05-19 15:11:12.100,92750,979.0,0.0,979.0,0.0,1324.598
2026-05-19 15:11:12.101,93000,979.0,0.0,979.0,0.0,1324.598
2026-05-19 15:11:12.212,93250,979.0,0.0,979.0,0.0,1324.598
2026-05-19 15:11:12.213,93500,979.0,0.0,979.0,0.0,1324.598
2026-05-19 15:11:12.213,93750,979.0,0.0,979.0,0.0,1324.598
2026-05-19 15:11:12.214,94000,979.0,0.0,979.0,0.0,1324.598
2026-05-19 15:11:12.214,94250,979.0,0.0,979.0,0.0,1324.598
2026-05-19 15:11:12.329,94500,979.0,0.0,979.0,0.0,1324.598
2026-05-19 15:11:12.329,94750,979.0,0.0,979.0,0.0,1324.598
2026-05-19 15:11:12.330,95000,979.0,0.0,979.0,0.0,1324.598
2026-05-19 15:11:12.330,95250,1211.371,-5.062418566341,1206.646,-106.893,1070.507
2026-05-19 15:11:12.331,95500,979.0,0.0,979.0,0.0,1070.507
2026-05-19 15:11:12.441,95750,979.0,0.0,979.0,0.0,1070.507
2026-05-19 15:11:12.442,96000,979.0,0.0,979.0,0.0,1070.507
2026-05-19 15:11:12.442,96250,979.0,0.0,979.0,0.0,1070.507
2026-05-19 15:11:12.443,96500,979.0,0.0,979.0,0.0,1070.507
2026-05-19 15:11:12.443,96750,979.0,0.0,979.0,0.0,1070.507
2026-05-19 15:11:12.553,97000,979.0,0.0,979.0,0.0,1070.507
2026-05-19 15:11:12.554,97250,979.0,0.0,979.0,0.0,1070.507
2026-05-19 15:11:12.554,97500,979.0,0.0,979.0,0.0,1070.507
2026-05-19 15:11:12.555,97750,979.0,0.0,979.0,0.0,1070.507
2026-05-19 15:11:12.555,98000,979.0,0.0,979.0,0.0,1070.507
2026-05-19 15:11:12.667,98250,979.0,0.0,979.0,0.0,1070.507
2026-05-19 15:11:12.667,98500,979.0,0.0,979.0,0.0,1070.507
2026-05-19 15:11:12.668,98750,979.0,0.0,979.0,0.0,1070.507
2026-05-19 15:11:12.668,99000,979.0,0.0,979.0,0.0,1070.507
2026-05-19 15:11:12.668,99250,979.0,0.0,979.0,0.0,1070.507
2026-05-19 15:11:12.779,99500,979.0,0.0,979.0,0.0,1070.507
2026-05-19 15:11:12.779,99750,979.0,0.0,979.0,0.0,1070.507
2026-05-19 15:11:12.780,100000,979.0,0.0,979.0,0.0,1070.507
2026-05-19 15:11:13.346,10000,979.0,0.0,979.0,0.0,9286.314
2026-05-19 15:11:13.458,10250,979.0,0.0,979.0,0.0,9286.314
2026-05-19 15:11:13.570,10500,979.0,0.0,979.0,0.0,9286.314
2026-05-19 15:11:13.794,10750,979.0,0.0,979.0,0.0,9286.314
2026-05-19 15:11:13.904,11000,1005.754,0.445795900565,1005.723,7.825,9105.965
2026-05-19 15:11:14.017,11250,979.0,0.0,979.0,0.0,9105.965
2026-05-19 15:11:14.129,11500,979.0,0.0,979.0,0.0,9105.965
2026-05-19 15:11:14.344,11750,979.0,0.0,979.0,0.0,9178.44
2026-05-19 15:11:14.455,12000,979.0,0.0,979.0,0.0,9178.44
2026-05-19 15:11:14.566,12250,984.142,0.096752443085,984.134,1.697,9131.469
2026-05-19 15:11:14.678,12500,1009.767,-0.390123767283,1009.659,-6.933,8976.343
2026-05-19 15:11:14.791,12750,979.0,0.0,979.0,0.0,9025.481
2026-05-19 15:11:14.902,13000,979.0,0.0,979.0,0.0,9025.481
2026-05-19 15:11:15.014,13250,987.93,-0.455926081973,987.794,-7.828,9029.146
2026-05-19 15:11:15.126,13500,979.0,0.0,979.0,0.0,9110.657
2026-05-19 15:11:15.239,13750,1005.17,0.596406353861,1005.116,10.463,8873.453
2026-05-19 15:11:15.344,14000,989.807,-1.511920412512,989.463,-26.116,8873.453
2026-05-19 15:11:15.454,14250,979.0,0.0,979.0,0.0,8971.41
2026-05-19 15:11:15.565,14500,979.0,0.0,979.0,0.0,8971.41
2026-05-19 15:11:15.678,14750,1006.668,-1.125504997653,1006.473,-19.773,8829.312
2026-05-19 15:11:15.788,15000,979.0,0.0,979.0,0.0,8938.448
2026-05-19 15:11:15.899,15250,979.0,0.0,979.0,0.0,8938.448
2026-05-19 15:11:16.010,15500,979.0,0.0,979.0,0.0,8938.448
2026-05-19 15:11:16.121,15750,1009.142,0.129268207071,1009.055,2.192,8782.101
2026-05-19 15:11:16.234,16000,979.0,0.0,979.0,0.0,8828.731
2026-05-19 15:11:16.234,16250,1003.824,0.759016820001,1003.736,13.298,8610.4
2026-05-19 15:11:16.346,16500,998.859,0.607213456,998.789,10.638,8654.066
2026-05-19 15:11:16.456,16750,1003.297,0.778640438833,1003.205,13.634,8704.426
2026-05-19 15:11:16.567,17000,979.0,0.0,979.0,0.0,8704.426
2026-05-19 15:11:16.681,17250,979.012,-2.034992615142,978.371,-34.668,8613.161
2026-05-19 15:11:16.794,17500,1020.604,-0.613423882303,1020.546,-10.927,8476.262
2026-05-19 15:11:16.794,17750,979.0,0.0,979.0,0.0,8611.81
2026-05-19 15:11:16.905,18000,979.0,0.0,979.0,0.0,8611.81
2026-05-19 15:11:17.016,18250,1005.36,0.960686760165,1005.219,16.856,8386.009
2026-05-19 15:11:17.128,18500,995.939,-1.485942574055,995.604,-25.826,8386.009
2026-05-19 15:11:17.128,18750,979.0,0.0,979.0,0.0,8531.103
2026-05-19 15:11:17.240,19000,1004.055,1.003388467307,1003.901,17.583,8318.223
2026-05-19 15:11:17.344,19250,979.0,0.0,979.0,0.0,8318.223
2026-05-19 15:11:17.454,19500,997.248,-1.40404357591,996.949,-24.435,8104.803
2026-05-19 15:11:17.455,19750,986.299,-0.561617430364,986.179,-9.774,8195.444
2026-05-19 15:11:17.564,20000,979.0,0.0,979.0,0.0,8255.872
2026-05-19 15:11:17.675,20250,998.469,0.887407267486,998.318,15.539,8095.676
2026-05-19 15:11:17.788,20500,979.0,0.0,979.0,0.0,8055.627
2026-05-19 15:11:17.789,20750,997.775,-1.321511433571,997.51,-23.011,8055.627
2026-05-19 15:11:17.900,21000,994.666,-1.063782975455,994.451,-18.539,7917.724
2026-05-19 15:11:18.010,21250,979.0,0.0,979.0,0.0,8043.919
2026-05-19 15:11:18.011,21500,979.0,0.0,979.0,0.0,8043.919
2026-05-19 15:11:18.122,21750,979.0,0.0,979.0,0.0,7856.622
2026-05-19 15:11:18.235,22000,1000.678,-1.344840918854,1000.403,-23.486,7856.622
2026-05-19 15:11:18.235,22250,1025.791,-0.020409073853,1025.791,-0.365,7664.281
2026-05-19 15:11:18.345,22500,979.0,0.0,979.0,0.0,7842.522
2026-05-19 15:11:18.345,22750,979.0,0.0,979.0,0.0,7842.522
2026-05-19 15:11:18.456,23000,979.0,0.0,979.0,0.0,7658.862
2026-05-19 15:11:18.566,23250,979.0,0.0,979.0,0.0,7658.862
2026-05-19 15:11:18.567,23500,999.903,1.300566439113,999.645,22.695,7498.755
2026-05-19 15:11:18.677,23750,979.0,0.0,979.0,0.0,7498.755
2026-05-19 15:11:18.789,24000,1003.089,-1.239554918038,1002.854,-21.699,7498.755
2026-05-19 15:11:18.789,24250,1004.217,-1.23033097061,1003.986,-21.562,7326.976
2026-05-19 15:11:18.899,24500,988.163,0.05040274614,988.049,0.859,7446.987
2026-05-19 15:11:18.899,24750,999.596,1.482344701308,999.262,25.858,7360.845
2026-05-19 15:11:19.010,25000,979.0,0.0,979.0,0.0,7360.845
2026-05-19 15:11:19.010,25250,979.0,0.0,979.0,0.0,7360.845
2026-05-19 15:11:19.122,25500,979.0,0.0,979.0,0.0,7206.363
2026-05-19 15:11:19.233,25750,979.0,0.0,979.0,0.0,7206.363
2026-05-19 15:11:19.234,26000,996.708,1.425420393579,996.399,24.794,7078.333
2026-05-19 15:11:19.337,26250,979.0,0.0,979.0,0.0,7078.333
2026-05-19 15:11:19.337,26500,998.918,1.697162980167,998.48,29.585,6937.194
2026-05-19 15:11:19.440,26750,979.0,0.0,979.0,0.0,6937.194
2026-05-19 15:11:19.440,27000,979.0,0.0,979.0,0.0,6937.194
2026-05-19 15:11:19.548,27250,998.093,1.73734201155,997.634,30.26,6804.488
2026-05-19 15:11:19.563,27500,979.0,0.0,979.0,0.0,6804.488
2026-05-19 15:11:19.676,27750,990.813,1.154373052496,990.475,20.117,6724.0
2026-05-19 15:11:19.676,28000,979.0,0.0,979.0,0.0,6670.342
2026-05-19 15:11:19.782,28250,979.0,0.0,979.0,0.0,6670.342
2026-05-19 15:11:19.888,28500,979.0,0.0,979.0,0.0,6557.083
2026-05-19 15:11:19.888,28750,979.0,0.0,979.0,0.0,6557.083
2026-05-19 15:11:19.992,29000,979.0,0.0,979.0,0.0,6557.083
2026-05-19 15:11:19.992,29250,979.0,0.0,979.0,0.0,6439.888
2026-05-19 15:11:20.097,29500,979.0,0.0,979.0,0.0,6439.888
2026-05-19 15:11:20.097,29750,979.0,0.0,979.0,0.0,6329.513
2026-05-19 15:11:20.241,30000,979.0,0.0,979.0,0.0,6329.513
2026-05-19 15:11:20.242,30250,979.0,0.0,979.0,0.0,6329.513
2026-05-19 15:11:20.242,30500,979.0,0.0,979.0,0.0,6231.235
2026-05-19 15:11:20.350,30750,979.0,0.0,979.0,0.0,6231.235
2026-05-19 15:11:20.351,31000,994.723,2.459189777091,993.807,42.681,6132.743
2026-05-19 15:11:20.486,31250,979.0,0.0,979.0,0.0,6132.743
2026-05-19 15:11:20.487,31500,1017.63,-0.786188721091,1017.534,-13.963,5899.941
2026-05-19 15:11:20.617,31750,1018.688,-0.706494640387,1018.61,-12.561,5819.217
2026-05-19 15:11:20.617,32000,979.0,0.0,979.0,0.0,5819.217
2026-05-19 15:11:20.618,32250,979.0,0.0,979.0,0.0,5819.217
2026-05-19 15:11:20.755,32500,979.0,0.0,979.0,0.0,5745.191
2026-05-19 15:11:20.756,32750,979.0,0.0,979.0,0.0,5745.191
2026-05-19 15:11:20.888,33000,981.164,0.512243004156,980.966,8.846,5732.63
2026-05-19 15:11:20.889,33250,979.0,0.0,979.0,0.0,5682.385
2026-05-19 15:11:20.889,33500,979.0,0.0,979.0,0.0,5682.385
2026-05-19 15:11:21.017,33750,1024.687,-0.465973788758,1024.653,-8.333,5379.444
2026-05-19 15:11:21.018,34000,1024.687,-0.465973788758,1024.653,-8.333,5379.444
2026-05-19 15:11:21.018,34250,979.0,0.0,979.0,0.0,5379.444
2026-05-19 15:11:21.143,34500,979.0,0.0,979.0,0.0,5339.018
2026-05-19 15:11:21.145,34750,979.0,0.0,979.0,0.0,5339.018
2026-05-19 15:11:21.145,35000,979.0,0.0,979.0,0.0,5339.018
2026-05-19 15:11:21.265,35250,983.988,2.641663783674,982.942,45.351,5311.955
2026-05-19 15:11:21.266,35500,1025.739,-0.237811716413,1025.73,-4.257,5069.911
2026-05-19 15:11:21.400,35750,979.0,0.0,979.0,0.0,5069.911
2026-05-19 15:11:21.401,36000,979.0,0.0,979.0,0.0,5069.911
2026-05-19 15:11:21.401,36250,979.0,0.0,979.0,0.0,5053.16
2026-05-19 15:11:21.504,36500,979.0,0.0,979.0,0.0,5053.16
2026-05-19 15:11:21.505,36750,979.0,0.0,979.0,0.0,5052.649
2026-05-19 15:11:21.638,37000,1030.135,0.113807536244,1030.133,2.046,4801.84
2026-05-19 15:11:21.639,37250,979.0,0.0,979.0,0.0,4801.84
2026-05-19 15:11:21.640,37500,979.0,0.0,979.0,0.0,4801.84
2026-05-19 15:11:21.771,37750,979.0,0.0,979.0,0.0,4819.526
2026-05-19 15:11:21.771,38000,979.0,0.0,979.0,0.0,4819.526
2026-05-19 15:11:21.772,38250,979.0,0.0,979.0,0.0,4819.526
2026-05-19 15:11:21.911,38500,1035.225,0.312129913297,1035.21,5.64,4557.768
2026-05-19 15:11:21.911,38750,979.0,0.0,979.0,0.0,4591.487
2026-05-19 15:11:21.912,39000,979.0,0.0,979.0,0.0,4591.487
2026-05-19 15:11:21.912,39250,979.0,0.0,979.0,0.0,4591.487
2026-05-19 15:11:22.053,39500,979.0,0.0,979.0,0.0,4591.487
2026-05-19 15:11:22.053,39750,1036.403,0.718813789589,1036.322,13.002,4380.519
2026-05-19 15:11:22.054,40000,979.0,0.0,979.0,0.0,4380.519
2026-05-19 15:11:22.182,40250,979.0,0.0,979.0,0.0,4380.519
2026-05-19 15:11:22.183,40500,979.0,0.0,979.0,0.0,4380.519
2026-05-19 15:11:22.183,40750,982.081,-0.691112802898,981.719,-11.987,4435.656
2026-05-19 15:11:22.310,41000,1021.92,0.732846470984,1021.837,13.071,4262.566
2026-05-19 15:11:22.310,41250,979.0,0.0,979.0,0.0,4262.566
2026-05-19 15:11:22.311,41500,979.0,0.0,979.0,0.0,4262.566
2026-05-19 15:11:22.444,41750,960.683,3.218750224387,959.168,53.941,4343.838
2026-05-19 15:11:22.444,42000,979.0,0.0,979.0,0.0,4343.838
2026-05-19 15:11:22.445,42250,979.0,0.0,979.0,0.0,4101.722
2026-05-19 15:11:22.583,42500,979.0,0.0,979.0,0.0,4101.722
2026-05-19 15:11:22.583,42750,979.0,0.0,979.0,0.0,4101.722
2026-05-19 15:11:22.584,43000,979.0,0.0,979.0,0.0,4101.722
2026-05-19 15:11:22.584,43250,979.0,0.0,979.0,0.0,4198.29
2026-05-19 15:11:22.709,43500,1037.747,1.582492995006,1037.351,28.659,3960.624
2026-05-19 15:11:22.710,43750,979.0,0.0,979.0,0.0,3960.624
2026-05-19 15:11:22.711,44000,979.0,0.0,979.0,0.0,3960.624
2026-05-19 15:11:22.847,44250,979.0,0.0,979.0,0.0,3960.624
2026-05-19 15:11:22.849,44500,979.0,0.0,979.0,0.0,3960.624
2026-05-19 15:11:22.850,44750,979.0,0.0,979.0,0.0,3861.35
2026-05-19 15:11:22.851,45000,979.0,0.0,979.0,0.0,3861.35
2026-05-19 15:11:22.985,45250,979.0,0.0,979.0,0.0,3861.35
2026-05-19 15:11:22.986,45500,979.0,0.0,979.0,0.0,3861.35
2026-05-19 15:11:22.986,45750,979.0,0.0,979.0,0.0,3861.35
2026-05-19 15:11:23.107,46000,979.0,0.0,979.0,0.0,3655.855
2026-05-19 15:11:23.107,46250,979.0,0.0,979.0,0.0,3823.201
2026-05-19 15:11:23.107,46500,979.0,0.0,979.0,0.0,3823.201
2026-05-19 15:11:23.229,46750,979.0,0.0,979.0,0.0,3823.201
2026-05-19 15:11:23.230,47000,989.669,0.476553703812,989.491,8.584,3783.688
2026-05-19 15:11:23.230,47250,979.0,0.0,979.0,0.0,3625.638
2026-05-19 15:11:23.230,47500,979.0,0.0,979.0,0.0,3625.638
2026-05-19 15:11:23.364,47750,979.0,0.0,979.0,0.0,3625.638
2026-05-19 15:11:23.365,48000,979.0,0.0,979.0,0.0,3625.638
2026-05-19 15:11:23.365,48250,1011.052,1.564579656704,1010.411,28.183,3513.077
2026-05-19 15:11:23.491,48500,979.0,0.0,979.0,0.0,3618.973
2026-05-19 15:11:23.491,48750,979.0,0.0,979.0,0.0,3618.973
2026-05-19 15:11:23.492,49000,979.0,0.0,979.0,0.0,3618.973
2026-05-19 15:11:23.624,49250,969.211,-0.620147318584,968.938,-10.062,3474.224
2026-05-19 15:11:23.624,49500,979.0,0.0,979.0,0.0,3438.037
2026-05-19 15:11:23.625,49750,979.0,0.0,979.0,0.0,3438.037
2026-05-19 15:11:23.625,50000,979.0,0.0,979.0,0.0,3438.037
2026-05-19 15:11:23.759,50250,979.0,0.0,979.0,0.0,3438.037
2026-05-19 15:11:23.759,50500,979.0,0.0,979.0,0.0,3438.037
2026-05-19 15:11:23.760,50750,1035.348,3.820238021676,1033.048,68.981,3250.924
2026-05-19 15:11:23.760,51000,979.0,0.0,979.0,0.0,3448.719
2026-05-19 15:11:23.882,51250,979.0,0.0,979.0,0.0,3448.719
2026-05-19 15:11:23.882,51500,979.0,0.0,979.0,0.0,3448.719
2026-05-19 15:11:23.883,51750,979.0,0.0,979.0,0.0,3448.719
2026-05-19 15:11:23.883,52000,979.0,0.0,979.0,0.0,3448.719
2026-05-19 15:11:24.020,52250,979.0,0.0,979.0,0.0,3304.868
2026-05-19 15:11:24.021,52500,979.0,0.0,979.0,0.0,3304.868
2026-05-19 15:11:24.021,52750,979.0,0.0,979.0,0.0,3304.868
2026-05-19 15:11:24.022,53000,979.0,0.0,979.0,0.0,3304.868
2026-05-19 15:11:24.157,53250,979.0,0.0,979.0,0.0,3304.868
2026-05-19 15:11:24.158,53500,979.0,0.0,979.0,0.0,3304.868
2026-05-19 15:11:24.158,53750,979.0,0.0,979.0,0.0,3181.295
2026-05-19 15:11:24.159,54000,979.0,0.0,979.0,0.0,3181.295
2026-05-19 15:11:24.159,54250,979.0,0.0,979.0,0.0,3181.295
2026-05-19 15:11:24.297,54500,979.0,0.0,979.0,0.0,3181.295
2026-05-19 15:11:24.299,54750,979.0,0.0,979.0,0.0,3181.295
2026-05-19 15:11:24.299,55000,979.0,0.0,979.0,0.0,3181.295
2026-05-19 15:11:24.300,55250,979.0,0.0,979.0,0.0,3181.295
2026-05-19 15:11:24.427,55500,979.0,0.0,979.0,0.0,3069.393
2026-05-19 15:11:24.428,55750,979.0,0.0,979.0,0.0,3069.393
2026-05-19 15:11:24.428,56000,979.0,0.0,979.0,0.0,3069.393
2026-05-19 15:11:24.429,56250,979.0,0.0,979.0,0.0,3069.393
2026-05-19 15:11:24.563,56500,979.0,0.0,979.0,0.0,3069.393
2026-05-19 15:11:24.564,56750,979.0,0.0,979.0,0.0,3069.393
2026-05-19 15:11:24.565,57000,979.0,0.0,979.0,0.0,3069.393
2026-05-19 15:11:24.566,57250,979.0,0.0,979.0,0.0,3069.393
2026-05-19 15:11:24.680,57500,979.0,0.0,979.0,0.0,3069.393
2026-05-19 15:11:24.680,57750,979.0,0.0,979.0,0.0,3069.393
2026-05-19 15:11:24.681,58000,1012.239,4.858017317466,1008.603,85.723,2968.602
2026-05-19 15:11:24.798,58250,920.802,1.171170030966,920.565,18.522,3159.241
2026-05-19 15:11:24.798,58500,906.252,1.463962538707,905.957,23.153,3206.9
2026-05-19 15:11:24.799,58750,979.0,0.0,979.0,0.0,3206.9
2026-05-19 15:11:24.800,59000,999.799,4.369904778779,996.892,76.18,3140.187
2026-05-19 15:11:24.937,59250,979.0,0.0,979.0,0.0,3140.187
2026-05-19 15:11:24.937,59500,1035.586,-5.833867317486,1030.223,-105.261,2968.602
2026-05-19 15:11:24.938,59750,1035.586,-5.833867317486,1030.223,-105.261,2968.602
2026-05-19 15:11:24.938,60000,979.0,0.0,979.0,0.0,2968.602
2026-05-19 15:11:25.059,60250,979.0,0.0,979.0,0.0,2968.602
2026-05-19 15:11:25.060,60500,979.0,0.0,979.0,0.0,2968.602
2026-05-19 15:11:25.061,60750,979.0,0.0,979.0,0.0,2968.602
2026-05-19 15:11:25.062,61000,979.0,0.0,979.0,0.0,2968.602
2026-05-19 15:11:25.063,61250,979.0,0.0,979.0,0.0,2968.602
2026-05-19 15:11:25.171,61500,979.0,0.0,979.0,0.0,2968.602
2026-05-19 15:11:25.172,61750,979.0,0.0,979.0,0.0,2968.602
2026-05-19 15:11:25.173,62000,979.0,0.0,979.0,0.0,2968.602
2026-05-19 15:11:25.174,62250,979.0,0.0,979.0,0.0,2968.602
2026-05-19 15:11:25.306,62500,979.0,0.0,979.0,0.0,2968.602
2026-05-19 15:11:25.307,62750,979.0,0.0,979.0,0.0,2968.602
2026-05-19 15:11:25.307,63000,995.621,-0.337689477241,995.529,-6.259,2922.145
2026-05-19 15:11:25.308,63250,979.0,0.0,979.0,0.0,2736.319
2026-05-19 15:11:25.429,63500,979.0,0.0,979.0,0.0,2736.319
2026-05-19 15:11:25.429,63750,979.0,0.0,979.0,0.0,2736.319
2026-05-19 15:11:25.430,64000,979.0,0.0,979.0,0.0,2736.319
2026-05-19 15:11:25.430,64250,979.0,0.0,979.0,0.0,2736.319
2026-05-19 15:11:25.430,64500,979.0,0.0,979.0,0.0,2736.319
2026-05-19 15:11:25.558,64750,979.0,0.0,979.0,0.0,2736.319
2026-05-19 15:11:25.559,65000,979.0,0.0,979.0,0.0,2736.319
2026-05-19 15:11:25.559,65250,979.0,0.0,979.0,0.0,2736.319
2026-05-19 15:11:25.559,65500,979.0,0.0,979.0,0.0,2736.319
2026-05-19 15:11:25.689,65750,971.497,-1.037161247915,970.726,-17.019,2758.125
2026-05-19 15:11:25.690,66000,979.0,0.0,979.0,0.0,2736.319
2026-05-19 15:11:25.690,66250,979.0,0.0,979.0,0.0,2736.319
2026-05-19 15:11:25.690,66500,979.0,0.0,979.0,0.0,2736.319
2026-05-19 15:11:25.691,66750,979.0,0.0,979.0,0.0,2736.319
2026-05-19 15:11:25.828,67000,1074.938,-2.141758963451,1074.187,-40.173,2492.103
2026-05-19 15:11:25.829,67250,979.0,0.0,979.0,0.0,2492.103
2026-05-19 15:11:25.830,67500,979.0,0.0,979.0,0.0,2492.103
2026-05-19 15:11:25.830,67750,979.0,0.0,979.0,0.0,2492.103
2026-05-19 15:11:25.831,68000,979.0,0.0,979.0,0.0,2492.103
2026-05-19 15:11:25.934,68250,979.0,0.0,979.0,0.0,2492.103
2026-05-19 15:11:25.935,68500,979.0,0.0,979.0,0.0,2492.103
2026-05-19 15:11:25.935,68750,961.118,-2.227100265223,959.354,-36.259,2539.802
2026-05-19 15:11:25.936,69000,934.294,-5.567750663059,929.886,-90.648,2611.351
2026-05-19 15:11:26.059,69250,979.0,0.0,979.0,0.0,2611.351
2026-05-19 15:11:26.059,69500,979.0,0.0,979.0,0.0,2611.351
2026-05-19 15:11:26.060,69750,979.0,0.0,979.0,0.0,2611.351
2026-05-19 15:11:26.061,70000,979.0,0.0,979.0,0.0,2611.351
2026-05-19 15:11:26.171,70250,979.0,0.0,979.0,0.0,2611.351
2026-05-19 15:11:26.172,70500,979.0,0.0,979.0,0.0,2611.351
2026-05-19 15:11:26.173,70750,979.0,0.0,979.0,0.0,2611.351
2026-05-19 15:11:26.173,71000,979.0,0.0,979.0,0.0,2611.351
2026-05-19 15:11:26.294,71250,979.0,0.0,979.0,0.0,2611.351
2026-05-19 15:11:26.294,71500,1083.466,-3.368127183258,1081.595,-63.655,2359.568
2026-05-19 15:11:26.295,71750,1083.466,-3.368127183258,1081.595,-63.655,2359.568
2026-05-19 15:11:26.295,72000,979.0,0.0,979.0,0.0,2359.568
2026-05-19 15:11:26.296,72250,1037.334,6.023390614508,1031.607,108.852,2226.878
2026-05-19 15:11:26.419,72500,1037.334,6.023390614508,1031.607,108.852,2226.878
2026-05-19 15:11:26.420,72750,1037.334,6.023390614508,1031.607,108.852,2226.878
2026-05-19 15:11:26.421,73000,979.0,0.0,979.0,0.0,2226.878
2026-05-19 15:11:26.423,73250,979.0,0.0,979.0,0.0,2226.878
2026-05-19 15:11:26.560,73500,979.0,0.0,979.0,0.0,2226.878
2026-05-19 15:11:26.561,73750,979.0,0.0,979.0,0.0,2226.878
2026-05-19 15:11:26.561,74000,979.0,0.0,979.0,0.0,2226.878
2026-05-19 15:11:26.562,74250,979.0,0.0,979.0,0.0,2226.878
2026-05-19 15:11:26.562,74500,979.0,0.0,979.0,0.0,2226.878
2026-05-19 15:11:26.698,74750,979.0,0.0,979.0,0.0,2226.878
2026-05-19 15:11:26.699,75000,979.0,0.0,979.0,0.0,2226.878
2026-05-19 15:11:26.699,75250,979.0,0.0,979.0,0.0,2226.878
2026-05-19 15:11:26.699,75500,979.0,0.0,979.0,0.0,2226.878
2026-05-19 15:11:26.700,75750,979.0,0.0,979.0,0.0,2226.878
2026-05-19 15:11:26.700,76000,979.0,0.0,979.0,0.0,2226.878
2026-05-19 15:11:26.824,76250,979.0,0.0,979.0,0.0,2226.878
2026-05-19 15:11:26.825,76500,979.0,0.0,979.0,0.0,2226.878
2026-05-19 15:11:26.825,76750,979.0,0.0,979.0,0.0,2226.878
2026-05-19 15:11:26.826,77000,979.0,0.0,979.0,0.0,2226.878
2026-05-19 15:11:26.826,77250,1001.553,-0.647085197337,1001.205,-12.324,2180.876
2026-05-19 15:11:26.941,77500,979.0,0.0,979.0,0.0,1996.867
2026-05-19 15:11:26.941,77750,979.0,0.0,979.0,0.0,1996.867
2026-05-19 15:11:26.942,78000,979.0,0.0,979.0,0.0,1996.867
2026-05-19 15:11:26.942,78250,979.0,0.0,979.0,0.0,1996.867
2026-05-19 15:11:26.943,78500,979.0,0.0,979.0,0.0,1996.867
2026-05-19 15:11:27.076,78750,979.0,0.0,979.0,0.0,1996.867
2026-05-19 15:11:27.077,79000,979.0,0.0,979.0,0.0,1996.867
2026-05-19 15:11:27.078,79250,979.0,0.0,979.0,0.0,1996.867
2026-05-19 15:11:27.079,79500,979.0,0.0,979.0,0.0,1996.867
2026-05-19 15:11:27.079,79750,979.0,0.0,979.0,0.0,1996.867
2026-05-19 15:11:27.080,80000,979.0,0.0,979.0,0.0,1996.867
2026-05-19 15:11:27.205,80250,979.0,0.0,979.0,0.0,1996.867
2026-05-19 15:11:27.206,80500,979.0,0.0,979.0,0.0,1996.867
2026-05-19 15:11:27.206,80750,979.0,0.0,979.0,0.0,1996.867
2026-05-19 15:11:27.206,81000,979.0,0.0,979.0,0.0,1996.867
2026-05-19 15:11:27.207,81250,979.0,0.0,979.0,0.0,1996.867
2026-05-19 15:11:27.207,81500,979.0,0.0,979.0,0.0,1996.867
2026-05-19 15:11:27.331,81750,968.312,-1.335159940683,967.057,-21.52,1909.667
2026-05-19 15:11:27.331,82000,979.0,0.0,979.0,0.0,1887.867
2026-05-19 15:11:27.332,82250,979.0,0.0,979.0,0.0,1887.867
2026-05-19 15:11:27.332,82500,979.0,0.0,979.0,0.0,1887.867
2026-05-19 15:11:27.333,82750,979.0,0.0,979.0,0.0,1887.867
2026-05-19 15:11:27.440,83000,1111.99,-3.24004564769,1110.212,-62.849,1662.085
2026-05-19 15:11:27.440,83250,979.0,0.0,979.0,0.0,1662.085
2026-05-19 15:11:27.441,83500,979.0,0.0,979.0,0.0,1662.085
2026-05-19 15:11:27.441,83750,979.0,0.0,979.0,0.0,1662.085
2026-05-19 15:11:27.442,84000,979.0,0.0,979.0,0.0,1662.085
2026-05-19 15:11:27.574,84250,979.0,0.0,979.0,0.0,1662.085
2026-05-19 15:11:27.576,84500,979.0,0.0,979.0,0.0,1662.085
2026-05-19 15:11:27.576,84750,979.0,0.0,979.0,0.0,1662.085
2026-05-19 15:11:27.577,85000,979.0,0.0,979.0,0.0,1662.085
2026-05-19 15:11:27.577,85250,979.0,0.0,979.0,0.0,1662.085
2026-05-19 15:11:27.578,85500,979.0,0.0,979.0,0.0,1662.085
2026-05-19 15:11:27.695,85750,979.0,0.0,979.0,0.0,1662.085
2026-05-19 15:11:27.695,86000,979.0,0.0,979.0,0.0,1662.085
2026-05-19 15:11:27.696,86250,979.0,0.0,979.0,0.0,1662.085
2026-05-19 15:11:27.696,86500,979.0,0.0,979.0,0.0,1662.085
2026-05-19 15:11:27.697,86750,979.0,0.0,979.0,0.0,1662.085
2026-05-19 15:11:27.818,87000,979.0,0.0,979.0,0.0,1662.085
2026-05-19 15:11:27.819,87250,979.0,0.0,979.0,0.0,1662.085
2026-05-19 15:11:27.820,87500,979.0,0.0,979.0,0.0,1662.085
2026-05-19 15:11:27.821,87750,979.0,0.0,979.0,0.0,1662.085
2026-05-19 15:11:27.822,88000,979.0,0.0,979.0,0.0,1662.085
2026-05-19 15:11:27.822,88250,979.0,0.0,979.0,0.0,1662.085
2026-05-19 15:11:27.933,88500,979.0,0.0,979.0,0.0,1662.085
2026-05-19 15:11:27.934,88750,979.0,0.0,979.0,0.0,1662.085
2026-05-19 15:11:27.934,89000,1132.869,-4.398502875142,1129.533,-86.883,1436.336
2026-05-19 15:11:27.934,89250,979.0,0.0,979.0,0.0,1436.336
2026-05-19 15:11:28.062,89500,979.0,0.0,979.0,0.0,1436.336
2026-05-19 15:11:28.062,89750,979.0,0.0,979.0,0.0,1436.336
2026-05-19 15:11:28.063,90000,979.0,0.0,979.0,0.0,1436.336
2026-05-19 15:11:28.063,90250,902.84,-9.90199356769,889.391,-155.255,1436.336
2026-05-19 15:11:28.064,90500,979.0,0.0,979.0,0.0,1324.598
2026-05-19 15:11:28.064,90750,979.0,0.0,979.0,0.0,1324.598
2026-05-19 15:11:28.166,91000,979.0,0.0,979.0,0.0,1324.598
2026-05-19 15:11:28.167,91250,979.0,0.0,979.0,0.0,1324.598
2026-05-19 15:11:28.168,91500,979.0,0.0,979.0,0.0,1324.598
2026-05-19 15:11:28.168,91750,979.0,0.0,979.0,0.0,1324.598
2026-05-19 15:11:28.169,92000,979.0,0.0,979.0,0.0,1324.598
2026-05-19 15:11:28.281,92250,979.0,0.0,979.0,0.0,1324.598
2026-05-19 15:11:28.282,92500,979.0,0.0,979.0,0.0,1324.598
2026-05-19 15:11:28.282,92750,979.0,0.0,979.0,0.0,1324.598
2026-05-19 15:11:28.282,93000,979.0,0.0,979.0,0.0,1324.598
2026-05-19 15:11:28.283,93250,979.0,0.0,979.0,0.0,1324.598
2026-05-19 15:11:28.394,93500,979.0,0.0,979.0,0.0,1324.598
2026-05-19 15:11:28.395,93750,979.0,0.0,979.0,0.0,1324.598
2026-05-19 15:11:28.395,94000,979.0,0.0,979.0,0.0,1324.598
2026-05-19 15:11:28.395,94250,979.0,0.0,979.0,0.0,1324.598
2026-05-19 15:11:28.396,94500,979.0,0.0,979.0,0.0,1324.598
2026-05-19 15:11:28.517,94750,979.0,0.0,979.0,0.0,1324.598
2026-05-19 15:11:28.517,95000,979.0,0.0,979.0,0.0,1324.598
2026-05-19 15:11:28.518,95250,1211.371,-5.062418566341,1206.646,-106.893,1070.507
2026-05-19 15:11:28.519,95500,979.0,0.0,979.0,0.0,1070.507
2026-05-19 15:11:28.519,95750,979.0,0.0,979.0,0.0,1070.507
2026-05-19 15:11:28.641,96000,979.0,0.0,979.0,0.0,1070.507
2026-05-19 15:11:28.641,96250,979.0,0.0,979.0,0.0,1070.507
2026-05-19 15:11:28.642,96500,979.0,0.0,979.0,0.0,1070.507
2026-05-19 15:11:28.642,96750,979.0,0.0,979.0,0.0,1070.507
2026-05-19 15:11:28.643,97000,979.0,0.0,979.0,0.0,1070.507
2026-05-19 15:11:28.775,97250,979.0,0.0,979.0,0.0,1070.507
2026-05-19 15:11:28.775,97500,979.0,0.0,979.0,0.0,1070.507
2026-05-19 15:11:28.776,97750,979.0,0.0,979.0,0.0,1070.507
2026-05-19 15:11:28.776,98000,979.0,0.0,979.0,0.0,1070.507
2026-05-19 15:11:28.776,98250,979.0,0.0,979.0,0.0,1070.507
2026-05-19 15:11:28.777,98500,979.0,0.0,979.0,0.0,1070.507
2026-05-19 15:11:28.885,98750,979.0,0.0,979.0,0.0,1070.507
2026-05-19 15:11:28.886,99000,979.0,0.0,979.0,0.0,1070.507
2026-05-19 15:11:28.886,99250,979.0,0.0,979.0,0.0,1070.507
2026-05-19 15:11:28.887,99500,979.0,0.0,979.0,0.0,1070.507
2026-05-19 15:11:28.887,99750,979.0,0.0,979.0,0.0,1070.507
2026-05-19 15:11:29.009,100000,979.0,0.0,979.0,0.0,1070.507
2026-05-19 15:11:29.588,10000,980.437,-0.350547876838,980.344,-6.033,9272.787
2026-05-19 15:11:29.728,10250,979.0,0.0,979.0,0.0,9286.314
2026-05-19 15:11:29.868,10500,979.0,0.0,979.0,0.0,9286.314
2026-05-19 15:11:30.010,10750,979.0,0.0,979.0,0.0,9286.314
2026-05-19 15:11:30.154,11000,1005.754,0.445795900565,1005.723,7.825,9105.965
2026-05-19 15:11:30.296,11250,979.0,0.0,979.0,0.0,9105.965
2026-05-19 15:11:30.437,11500,979.0,0.0,979.0,0.0,9105.965
2026-05-19 15:11:30.439,11750,979.0,0.0,979.0,0.0,9178.44
2026-05-19 15:11:30.584,12000,979.0,0.0,979.0,0.0,9178.44
2026-05-19 15:11:30.750,12250,984.142,0.096752443085,984.134,1.697,9131.469
2026-05-19 15:11:30.889,12500,1009.767,-0.390123767283,1009.659,-6.933,8976.343
2026-05-19 15:11:31.000,12750,979.0,0.0,979.0,0.0,9025.481
2026-05-19 15:11:31.126,13000,979.0,0.0,979.0,0.0,9025.481
2026-05-19 15:11:31.264,13250,987.93,-0.455926081973,987.794,-7.828,9029.146
2026-05-19 15:11:31.400,13500,979.0,0.0,979.0,0.0,9110.657
2026-05-19 15:11:31.401,13750,1005.17,0.596406353861,1005.116,10.463,8873.453
2026-05-19 15:11:31.515,14000,989.807,-1.511920412512,989.463,-26.116,8873.453
2026-05-19 15:11:31.647,14250,979.0,0.0,979.0,0.0,8971.41
2026-05-19 15:11:31.766,14500,979.0,0.0,979.0,0.0,8971.41
2026-05-19 15:11:31.896,14750,1006.668,-1.125504997653,1006.473,-19.773,8829.312
2026-05-19 15:11:32.012,15000,979.0,0.0,979.0,0.0,8938.448
2026-05-19 15:11:32.136,15250,979.0,0.0,979.0,0.0,8938.448
2026-05-19 15:11:32.137,15500,979.0,0.0,979.0,0.0,8938.448
2026-05-19 15:11:32.250,15750,1006.456,0.431469256244,1006.371,7.522,8805.416
2026-05-19 15:11:32.390,16000,979.0,0.0,979.0,0.0,8828.731
2026-05-19 15:11:32.525,16250,998.859,0.607213456,998.789,10.638,8654.066
2026-05-19 15:11:32.526,16500,1003.824,0.759016820001,1003.736,13.298,8610.4
2026-05-19 15:11:32.657,16750,1003.297,0.778640438833,1003.205,13.634,8704.426
2026-05-19 15:11:32.790,17000,979.0,0.0,979.0,0.0,8704.426
2026-05-19 15:11:32.791,17250,984.227,-1.860486017365,983.684,-31.858,8567.528
2026-05-19 15:11:32.912,17500,1020.604,-0.613423882303,1020.546,-10.927,8476.262
2026-05-19 15:11:33.046,17750,979.0,0.0,979.0,0.0,8611.81
2026-05-19 15:11:33.047,18000,979.0,0.0,979.0,0.0,8611.81
2026-05-19 15:11:33.154,18250,1005.36,0.960686760165,1005.219,16.856,8386.009
2026-05-19 15:11:33.290,18500,995.939,-1.485942574055,995.604,-25.826,8386.009
2026-05-19 15:11:33.422,18750,979.0,0.0,979.0,0.0,8531.103
2026-05-19 15:11:33.423,19000,1004.055,1.003388467307,1003.901,17.583,8318.223
2026-05-19 15:11:33.558,19250,979.0,0.0,979.0,0.0,8318.223
2026-05-19 15:11:33.559,19500,997.248,-1.40404357591,996.949,-24.435,8104.803
2026-05-19 15:11:33.687,19750,986.299,-0.561617430364,986.179,-9.774,8195.444
2026-05-19 15:11:33.791,20000,979.0,0.0,979.0,0.0,8255.872
2026-05-19 15:11:33.791,20250,998.469,0.887407267486,998.318,15.539,8095.676
2026-05-19 15:11:33.910,20500,979.0,0.0,979.0,0.0,8055.627
2026-05-19 15:11:34.039,20750,997.775,-1.321511433571,997.51,-23.011,8055.627
2026-05-19 15:11:34.040,21000,990.749,-0.797837231591,990.588,-13.904,7949.273
2026-05-19 15:11:34.173,21250,979.0,0.0,979.0,0.0,8043.919
2026-05-19 15:11:34.174,21500,979.0,0.0,979.0,0.0,8043.919
2026-05-19 15:11:34.299,21750,979.0,0.0,979.0,0.0,7856.622
2026-05-19 15:11:34.423,22000,1000.678,-1.344840918854,1000.403,-23.486,7856.622
2026-05-19 15:11:34.423,22250,1025.791,-0.020409073853,1025.791,-0.365,7664.281
2026-05-19 15:11:34.558,22500,979.0,0.0,979.0,0.0,7842.522
2026-05-19 15:11:34.559,22750,979.0,0.0,979.0,0.0,7842.522
2026-05-19 15:11:34.665,23000,979.0,0.0,979.0,0.0,7658.862
2026-05-19 15:11:34.666,23250,979.0,0.0,979.0,0.0,7658.862
2026-05-19 15:11:34.785,23500,999.903,1.300566439113,999.645,22.695,7498.755
2026-05-19 15:11:34.918,23750,979.0,0.0,979.0,0.0,7498.755
2026-05-19 15:11:34.919,24000,1003.089,-1.239554918038,1002.854,-21.699,7498.755
2026-05-19 15:11:35.041,24250,1004.217,-1.23033097061,1003.986,-21.562,7326.976
2026-05-19 15:11:35.041,24500,988.163,0.05040274614,988.049,0.859,7446.987
2026-05-19 15:11:35.187,24750,999.596,1.482344701308,999.262,25.858,7360.845
2026-05-19 15:11:35.189,25000,979.0,0.0,979.0,0.0,7360.845
2026-05-19 15:11:35.190,25250,979.0,0.0,979.0,0.0,7360.845
2026-05-19 15:11:35.337,25500,979.0,0.0,979.0,0.0,7206.363
2026-05-19 15:11:35.337,25750,979.0,0.0,979.0,0.0,7206.363
2026-05-19 15:11:35.466,26000,996.708,1.425420393579,996.399,24.794,7078.333
2026-05-19 15:11:35.467,26250,979.0,0.0,979.0,0.0,7078.333
2026-05-19 15:11:35.605,26500,998.918,1.697162980167,998.48,29.585,6937.194
2026-05-19 15:11:35.606,26750,979.0,0.0,979.0,0.0,6937.194
2026-05-19 15:11:35.724,27000,979.0,0.0,979.0,0.0,6937.194
2026-05-19 15:11:35.724,27250,998.093,1.73734201155,997.634,30.26,6804.488
2026-05-19 15:11:35.862,27500,979.0,0.0,979.0,0.0,6804.488
2026-05-19 15:11:35.862,27750,986.875,0.769582034997,986.65,13.412,6750.83
2026-05-19 15:11:35.863,28000,979.0,0.0,979.0,0.0,6670.342
2026-05-19 15:11:36.003,28250,979.0,0.0,979.0,0.0,6670.342
2026-05-19 15:11:36.003,28500,979.0,0.0,979.0,0.0,6557.083
2026-05-19 15:11:36.134,28750,979.0,0.0,979.0,0.0,6557.083
2026-05-19 15:11:36.135,29000,979.0,0.0,979.0,0.0,6557.083
2026-05-19 15:11:36.257,29250,979.0,0.0,979.0,0.0,6439.888
2026-05-19 15:11:36.258,29500,979.0,0.0,979.0,0.0,6439.888
2026-05-19 15:11:36.258,29750,979.0,0.0,979.0,0.0,6329.513
2026-05-19 15:11:36.395,30000,979.0,0.0,979.0,0.0,6329.513
2026-05-19 15:11:36.396,30250,979.0,0.0,979.0,0.0,6329.513
2026-05-19 15:11:36.504,30500,979.0,0.0,979.0,0.0,6231.235
2026-05-19 15:11:36.505,30750,979.0,0.0,979.0,0.0,6231.235
2026-05-19 15:11:36.623,31000,994.723,2.459189777091,993.807,42.681,6132.743
2026-05-19 15:11:36.624,31250,979.0,0.0,979.0,0.0,6132.743
2026-05-19 15:11:36.756,31500,1017.63,-0.786188721091,1017.534,-13.963,5899.941
2026-05-19 15:11:36.757,31750,1018.688,-0.706494640387,1018.61,-12.561,5819.217
2026-05-19 15:11:36.757,32000,979.0,0.0,979.0,0.0,5819.217
2026-05-19 15:11:36.894,32250,979.0,0.0,979.0,0.0,5819.217
2026-05-19 15:11:36.894,32500,979.0,0.0,979.0,0.0,5745.191
2026-05-19 15:11:36.895,32750,979.0,0.0,979.0,0.0,5745.191
2026-05-19 15:11:37.022,33000,983.328,1.024486008312,982.933,17.693,5720.069
2026-05-19 15:11:37.023,33250,979.0,0.0,979.0,0.0,5682.385
2026-05-19 15:11:37.154,33500,979.0,0.0,979.0,0.0,5682.385
2026-05-19 15:11:37.155,33750,1024.687,-0.465973788758,1024.653,-8.333,5379.444
2026-05-19 15:11:37.156,34000,1024.687,-0.465973788758,1024.653,-8.333,5379.444
2026-05-19 15:11:37.292,34250,979.0,0.0,979.0,0.0,5379.444
2026-05-19 15:11:37.293,34500,979.0,0.0,979.0,0.0,5339.018
2026-05-19 15:11:37.293,34750,979.0,0.0,979.0,0.0,5339.018
2026-05-19 15:11:37.428,35000,979.0,0.0,979.0,0.0,5339.018
2026-05-19 15:11:37.429,35250,983.988,2.641663783674,982.942,45.351,5311.955
2026-05-19 15:11:37.429,35500,1025.739,-0.237811716413,1025.73,-4.257,5069.911
2026-05-19 15:11:37.559,35750,979.0,0.0,979.0,0.0,5069.911
2026-05-19 15:11:37.559,36000,979.0,0.0,979.0,0.0,5069.911
2026-05-19 15:11:37.680,36250,979.0,0.0,979.0,0.0,5053.16
2026-05-19 15:11:37.681,36500,979.0,0.0,979.0,0.0,5053.16
2026-05-19 15:11:37.682,36750,979.0,0.0,979.0,0.0,5052.649
2026-05-19 15:11:37.819,37000,1030.135,0.113807536244,1030.133,2.046,4801.84
2026-05-19 15:11:37.820,37250,979.0,0.0,979.0,0.0,4801.84
2026-05-19 15:11:37.820,37500,979.0,0.0,979.0,0.0,4801.84
2026-05-19 15:11:37.937,37750,979.0,0.0,979.0,0.0,4819.526
2026-05-19 15:11:37.938,38000,979.0,0.0,979.0,0.0,4819.526
2026-05-19 15:11:37.939,38250,979.0,0.0,979.0,0.0,4819.526
2026-05-19 15:11:38.059,38500,1035.225,0.312129913297,1035.21,5.64,4557.768
2026-05-19 15:11:38.059,38750,979.0,0.0,979.0,0.0,4591.487
2026-05-19 15:11:38.060,39000,979.0,0.0,979.0,0.0,4591.487
2026-05-19 15:11:38.168,39250,979.0,0.0,979.0,0.0,4591.487
2026-05-19 15:11:38.168,39500,979.0,0.0,979.0,0.0,4591.487
2026-05-19 15:11:38.304,39750,1036.403,0.718813789589,1036.322,13.002,4380.519
2026-05-19 15:11:38.304,40000,979.0,0.0,979.0,0.0,4380.519
2026-05-19 15:11:38.305,40250,979.0,0.0,979.0,0.0,4380.519
2026-05-19 15:11:38.435,40500,979.0,0.0,979.0,0.0,4380.519
2026-05-19 15:11:38.436,40750,982.081,-0.691112802898,981.719,-11.987,4435.656
2026-05-19 15:11:38.436,41000,1021.92,0.732846470984,1021.837,13.071,4262.566
2026-05-19 15:11:38.552,41250,979.0,0.0,979.0,0.0,4262.566
2026-05-19 15:11:38.553,41500,979.0,0.0,979.0,0.0,4262.566
2026-05-19 15:11:38.553,41750,960.683,3.218750224387,959.168,53.941,4343.838
2026-05-19 15:11:38.662,42000,979.0,0.0,979.0,0.0,4343.838
2026-05-19 15:11:38.663,42250,979.0,0.0,979.0,0.0,4101.722
2026-05-19 15:11:38.663,42500,979.0,0.0,979.0,0.0,4101.722
2026-05-19 15:11:38.779,42750,979.0,0.0,979.0,0.0,4101.722
2026-05-19 15:11:38.780,43000,979.0,0.0,979.0,0.0,4101.722
2026-05-19 15:11:38.780,43250,979.0,0.0,979.0,0.0,4198.29
2026-05-19 15:11:38.885,43500,1037.747,1.582492995006,1037.351,28.659,3960.624
2026-05-19 15:11:38.886,43750,979.0,0.0,979.0,0.0,3960.624
2026-05-19 15:11:38.886,44000,979.0,0.0,979.0,0.0,3960.624
2026-05-19 15:11:39.013,44250,979.0,0.0,979.0,0.0,3960.624
2026-05-19 15:11:39.014,44500,979.0,0.0,979.0,0.0,3960.624
2026-05-19 15:11:39.015,44750,979.0,0.0,979.0,0.0,3861.35
2026-05-19 15:11:39.147,45000,979.0,0.0,979.0,0.0,3861.35
2026-05-19 15:11:39.149,45250,979.0,0.0,979.0,0.0,3861.35
2026-05-19 15:11:39.149,45500,979.0,0.0,979.0,0.0,3861.35
2026-05-19 15:11:39.150,45750,979.0,0.0,979.0,0.0,3861.35
2026-05-19 15:11:39.287,46000,979.0,0.0,979.0,0.0,3655.855
2026-05-19 15:11:39.288,46250,979.0,0.0,979.0,0.0,3823.201
2026-05-19 15:11:39.289,46500,979.0,0.0,979.0,0.0,3823.201
2026-05-19 15:11:39.394,46750,979.0,0.0,979.0,0.0,3823.201
2026-05-19 15:11:39.394,47000,989.669,0.476553703812,989.491,8.584,3783.688
2026-05-19 15:11:39.395,47250,979.0,0.0,979.0,0.0,3625.638
2026-05-19 15:11:39.534,47500,979.0,0.0,979.0,0.0,3625.638
2026-05-19 15:11:39.535,47750,979.0,0.0,979.0,0.0,3625.638
2026-05-19 15:11:39.536,48000,979.0,0.0,979.0,0.0,3625.638
2026-05-19 15:11:39.537,48250,1021.736,2.086106208939,1020.881,37.577,3475.557
2026-05-19 15:11:39.686,48500,979.0,0.0,979.0,0.0,3618.973
2026-05-19 15:11:39.687,48750,979.0,0.0,979.0,0.0,3618.973
2026-05-19 15:11:39.688,49000,979.0,0.0,979.0,0.0,3618.973
2026-05-19 15:11:39.689,49250,979.0,0.0,979.0,0.0,3438.037
2026-05-19 15:11:39.835,49500,979.0,0.0,979.0,0.0,3438.037
2026-05-19 15:11:39.835,49750,979.0,0.0,979.0,0.0,3438.037
2026-05-19 15:11:39.836,50000,979.0,0.0,979.0,0.0,3438.037
2026-05-19 15:11:39.836,50250,979.0,0.0,979.0,0.0,3438.037
2026-05-19 15:11:39.952,50500,979.0,0.0,979.0,0.0,3438.037
2026-05-19 15:11:39.953,50750,1035.348,3.820238021676,1033.048,68.981,3250.924
2026-05-19 15:11:39.954,51000,979.0,0.0,979.0,0.0,3448.719
2026-05-19 15:11:39.954,51250,979.0,0.0,979.0,0.0,3448.719
2026-05-19 15:11:40.069,51500,979.0,0.0,979.0,0.0,3448.719
2026-05-19 15:11:40.069,51750,979.0,0.0,979.0,0.0,3448.719
2026-05-19 15:11:40.070,52000,979.0,0.0,979.0,0.0,3448.719
2026-05-19 15:11:40.176,52250,979.0,0.0,979.0,0.0,3304.868
2026-05-19 15:11:40.177,52500,979.0,0.0,979.0,0.0,3304.868
2026-05-19 15:11:40.178,52750,979.0,0.0,979.0,0.0,3304.868
2026-05-19 15:11:40.178,53000,979.0,0.0,979.0,0.0,3304.868
2026-05-19 15:11:40.281,53250,979.0,0.0,979.0,0.0,3304.868
2026-05-19 15:11:40.281,53500,979.0,0.0,979.0,0.0,3304.868
2026-05-19 15:11:40.282,53750,979.0,0.0,979.0,0.0,3181.295
2026-05-19 15:11:40.392,54000,979.0,0.0,979.0,0.0,3181.295
2026-05-19 15:11:40.392,54250,979.0,0.0,979.0,0.0,3181.295
2026-05-19 15:11:40.393,54500,979.0,0.0,979.0,0.0,3181.295
2026-05-19 15:11:40.505,54750,979.0,0.0,979.0,0.0,3181.295
2026-05-19 15:11:40.506,55000,979.0,0.0,979.0,0.0,3181.295
2026-05-19 15:11:40.506,55250,979.0,0.0,979.0,0.0,3181.295
2026-05-19 15:11:40.507,55500,979.0,0.0,979.0,0.0,3069.393
2026-05-19 15:11:40.627,55750,979.0,0.0,979.0,0.0,3069.393
2026-05-19 15:11:40.628,56000,979.0,0.0,979.0,0.0,3069.393
2026-05-19 15:11:40.628,56250,979.0,0.0,979.0,0.0,3069.393
2026-05-19 15:11:40.747,56500,979.0,0.0,979.0,0.0,3069.393
2026-05-19 15:11:40.748,56750,979.0,0.0,979.0,0.0,3069.393
2026-05-19 15:11:40.748,57000,979.0,0.0,979.0,0.0,3069.393
2026-05-19 15:11:40.749,57250,979.0,0.0,979.0,0.0,3069.393
2026-05-19 15:11:40.876,57500,979.0,0.0,979.0,0.0,3069.393
2026-05-19 15:11:40.878,57750,979.0,0.0,979.0,0.0,3069.393
2026-05-19 15:11:40.881,58000,997.196,5.150809825208,993.147,89.215,3016.262
2026-05-19 15:11:40.884,58250,920.802,1.171170030966,920.565,18.522,3159.241
2026-05-19 15:11:41.028,58500,906.252,1.463962538707,905.957,23.153,3206.9
2026-05-19 15:11:41.031,58750,979.0,0.0,979.0,0.0,3206.9
2026-05-19 15:11:41.032,59000,999.799,4.369904778779,996.892,76.18,3140.187
2026-05-19 15:11:41.035,59250,979.0,0.0,979.0,0.0,3140.187
2026-05-19 15:11:41.036,59500,1020.196,-5.541074809745,1015.347,-98.818,3016.262
2026-05-19 15:11:41.177,59750,1035.586,-5.833867317486,1030.223,-105.261,2968.602
2026-05-19 15:11:41.178,60000,979.0,0.0,979.0,0.0,2968.602
2026-05-19 15:11:41.180,60250,979.0,0.0,979.0,0.0,2968.602
2026-05-19 15:11:41.181,60500,979.0,0.0,979.0,0.0,2968.602
2026-05-19 15:11:41.328,60750,979.0,0.0,979.0,0.0,2968.602
2026-05-19 15:11:41.331,61000,979.0,0.0,979.0,0.0,2968.602
2026-05-19 15:11:41.332,61250,979.0,0.0,979.0,0.0,2968.602
2026-05-19 15:11:41.333,61500,979.0,0.0,979.0,0.0,2968.602
2026-05-19 15:11:41.334,61750,979.0,0.0,979.0,0.0,2968.602
2026-05-19 15:11:41.335,62000,979.0,0.0,979.0,0.0,2968.602
2026-05-19 15:11:41.475,62250,979.0,0.0,979.0,0.0,2968.602
2026-05-19 15:11:41.476,62500,979.0,0.0,979.0,0.0,2968.602
2026-05-19 15:11:41.477,62750,979.0,0.0,979.0,0.0,2968.602
2026-05-19 15:11:41.481,63000,995.621,-0.337689477241,995.529,-6.259,2922.145
2026-05-19 15:11:41.485,63250,979.0,0.0,979.0,0.0,2736.319
2026-05-19 15:11:41.628,63500,979.0,0.0,979.0,0.0,2736.319
2026-05-19 15:11:41.630,63750,979.0,0.0,979.0,0.0,2736.319
2026-05-19 15:11:41.631,64000,979.0,0.0,979.0,0.0,2736.319
2026-05-19 15:11:41.635,64250,979.0,0.0,979.0,0.0,2736.319
2026-05-19 15:11:41.639,64500,979.0,0.0,979.0,0.0,2736.319
2026-05-19 15:11:41.640,64750,979.0,0.0,979.0,0.0,2736.319
2026-05-19 15:11:41.817,65000,979.0,0.0,979.0,0.0,2736.319
2026-05-19 15:11:41.820,65250,979.0,0.0,979.0,0.0,2736.319
2026-05-19 15:11:41.821,65500,979.0,0.0,979.0,0.0,2736.319
2026-05-19 15:11:41.823,65750,971.497,-1.037161247915,970.726,-17.019,2758.125
2026-05-19 15:11:41.826,66000,979.0,0.0,979.0,0.0,2736.319
2026-05-19 15:11:41.830,66250,979.0,0.0,979.0,0.0,2736.319
2026-05-19 15:11:41.832,66500,979.0,0.0,979.0,0.0,2736.319
2026-05-19 15:11:41.973,66750,979.0,0.0,979.0,0.0,2736.319
2026-05-19 15:11:41.975,67000,1074.938,-2.141758963451,1074.187,-40.173,2492.103
2026-05-19 15:11:41.977,67250,979.0,0.0,979.0,0.0,2492.103
2026-05-19 15:11:41.979,67500,979.0,0.0,979.0,0.0,2492.103
2026-05-19 15:11:41.981,67750,979.0,0.0,979.0,0.0,2492.103
2026-05-19 15:11:42.132,68000,979.0,0.0,979.0,0.0,2492.103
2026-05-19 15:11:42.133,68250,979.0,0.0,979.0,0.0,2492.103
2026-05-19 15:11:42.135,68500,979.0,0.0,979.0,0.0,2492.103
2026-05-19 15:11:42.136,68750,970.059,-1.113550132612,969.177,-18.13,2515.952
2026-05-19 15:11:42.137,69000,934.294,-5.567750663059,929.886,-90.648,2611.351
2026-05-19 15:11:42.139,69250,979.0,0.0,979.0,0.0,2611.351
2026-05-19 15:11:42.283,69500,979.0,0.0,979.0,0.0,2611.351
2026-05-19 15:11:42.284,69750,979.0,0.0,979.0,0.0,2611.351
2026-05-19 15:11:42.286,70000,979.0,0.0,979.0,0.0,2611.351
2026-05-19 15:11:42.289,70250,979.0,0.0,979.0,0.0,2611.351
2026-05-19 15:11:42.292,70500,979.0,0.0,979.0,0.0,2611.351
2026-05-19 15:11:42.444,70750,988.369,1.113550132612,987.401,19.906,2587.501
2026-05-19 15:11:42.445,71000,979.0,0.0,979.0,0.0,2611.351
2026-05-19 15:11:42.446,71250,988.369,1.113550132612,987.401,19.906,2587.501
2026-05-19 15:11:42.447,71500,1083.466,-3.368127183258,1081.595,-63.655,2359.568
2026-05-19 15:11:42.447,71750,1083.466,-3.368127183258,1081.595,-63.655,2359.568
2026-05-19 15:11:42.448,72000,979.0,0.0,979.0,0.0,2359.568
2026-05-19 15:11:42.577,72250,1037.334,6.023390614508,1031.607,108.852,2226.878
2026-05-19 15:11:42.578,72500,1037.334,6.023390614508,1031.607,108.852,2226.878
2026-05-19 15:11:42.578,72750,1037.334,6.023390614508,1031.607,108.852,2226.878
2026-05-19 15:11:42.579,73000,979.0,0.0,979.0,0.0,2226.878
2026-05-19 15:11:42.724,73250,979.0,0.0,979.0,0.0,2226.878
2026-05-19 15:11:42.725,73500,979.0,0.0,979.0,0.0,2226.878
2026-05-19 15:11:42.726,73750,979.0,0.0,979.0,0.0,2226.878
2026-05-19 15:11:42.726,74000,979.0,0.0,979.0,0.0,2226.878
2026-05-19 15:11:42.726,74250,979.0,0.0,979.0,0.0,2226.878
2026-05-19 15:11:42.727,74500,979.0,0.0,979.0,0.0,2226.878
2026-05-19 15:11:42.867,74750,979.0,0.0,979.0,0.0,2226.878
2026-05-19 15:11:42.867,75000,979.0,0.0,979.0,0.0,2226.878
2026-05-19 15:11:42.868,75250,979.0,0.0,979.0,0.0,2226.878
2026-05-19 15:11:42.868,75500,979.0,0.0,979.0,0.0,2226.878
2026-05-19 15:11:42.869,75750,979.0,0.0,979.0,0.0,2226.878
2026-05-19 15:11:42.982,76000,979.0,0.0,979.0,0.0,2226.878
2026-05-19 15:11:42.983,76250,979.0,0.0,979.0,0.0,2226.878
2026-05-19 15:11:42.983,76500,979.0,0.0,979.0,0.0,2226.878
2026-05-19 15:11:42.984,76750,979.0,0.0,979.0,0.0,2226.878
2026-05-19 15:11:42.985,77000,979.0,0.0,979.0,0.0,2226.878
2026-05-19 15:11:43.094,77250,1024.107,-1.294170394673,1023.411,-24.647,2134.874
2026-05-19 15:11:43.094,77500,979.0,0.0,979.0,0.0,1996.867
2026-05-19 15:11:43.095,77750,979.0,0.0,979.0,0.0,1996.867
2026-05-19 15:11:43.096,78000,979.0,0.0,979.0,0.0,1996.867
2026-05-19 15:11:43.097,78250,979.0,0.0,979.0,0.0,1996.867
2026-05-19 15:11:43.223,78500,979.0,0.0,979.0,0.0,1996.867
2026-05-19 15:11:43.224,78750,979.0,0.0,979.0,0.0,1996.867
2026-05-19 15:11:43.225,79000,979.0,0.0,979.0,0.0,1996.867
2026-05-19 15:11:43.225,79250,979.0,0.0,979.0,0.0,1996.867
2026-05-19 15:11:43.226,79500,979.0,0.0,979.0,0.0,1996.867
2026-05-19 15:11:43.226,79750,979.0,0.0,979.0,0.0,1996.867
2026-05-19 15:11:43.358,80000,979.0,0.0,979.0,0.0,1996.867
2026-05-19 15:11:43.358,80250,979.0,0.0,979.0,0.0,1996.867
2026-05-19 15:11:43.359,80500,979.0,0.0,979.0,0.0,1996.867
2026-05-19 15:11:43.359,80750,979.0,0.0,979.0,0.0,1996.867
2026-05-19 15:11:43.360,81000,979.0,0.0,979.0,0.0,1996.867
2026-05-19 15:11:43.361,81250,979.0,0.0,979.0,0.0,1996.867
2026-05-19 15:11:43.500,81500,979.0,0.0,979.0,0.0,1996.867
2026-05-19 15:11:43.501,81750,968.312,-1.335159940683,967.057,-21.52,1909.667
2026-05-19 15:11:43.502,82000,979.0,0.0,979.0,0.0,1887.867
2026-05-19 15:11:43.502,82250,979.0,0.0,979.0,0.0,1887.867
2026-05-19 15:11:43.503,82500,979.0,0.0,979.0,0.0,1887.867
2026-05-19 15:11:43.503,82750,979.0,0.0,979.0,0.0,1887.867
2026-05-19 15:11:43.614,83000,1111.99,-3.24004564769,1110.212,-62.849,1662.085
2026-05-19 15:11:43.615,83250,979.0,0.0,979.0,0.0,1662.085
2026-05-19 15:11:43.616,83500,979.0,0.0,979.0,0.0,1662.085
2026-05-19 15:11:43.616,83750,979.0,0.0,979.0,0.0,1662.085
2026-05-19 15:11:43.616,84000,979.0,0.0,979.0,0.0,1662.085
2026-05-19 15:11:43.725,84250,979.0,0.0,979.0,0.0,1662.085
2026-05-19 15:11:43.726,84500,979.0,0.0,979.0,0.0,1662.085
2026-05-19 15:11:43.727,84750,979.0,0.0,979.0,0.0,1662.085
2026-05-19 15:11:43.727,85000,979.0,0.0,979.0,0.0,1662.085
2026-05-19 15:11:43.727,85250,979.0,0.0,979.0,0.0,1662.085
2026-05-19 15:11:43.839,85500,979.0,0.0,979.0,0.0,1662.085
2026-05-19 15:11:43.840,85750,979.0,0.0,979.0,0.0,1662.085
2026-05-19 15:11:43.840,86000,979.0,0.0,979.0,0.0,1662.085
2026-05-19 15:11:43.841,86250,979.0,0.0,979.0,0.0,1662.085
2026-05-19 15:11:43.977,86500,979.0,0.0,979.0,0.0,1662.085
2026-05-19 15:11:43.978,86750,979.0,0.0,979.0,0.0,1662.085
2026-05-19 15:11:43.978,87000,979.0,0.0,979.0,0.0,1662.085
2026-05-19 15:11:43.979,87250,979.0,0.0,979.0,0.0,1662.085
2026-05-19 15:11:43.979,87500,979.0,0.0,979.0,0.0,1662.085
2026-05-19 15:11:43.980,87750,979.0,0.0,979.0,0.0,1662.085
2026-05-19 15:11:43.980,88000,979.0,0.0,979.0,0.0,1662.085
2026-05-19 15:11:44.117,88250,979.0,0.0,979.0,0.0,1662.085
2026-05-19 15:11:44.118,88500,979.0,0.0,979.0,0.0,1662.085
2026-05-19 15:11:44.119,88750,979.0,0.0,979.0,0.0,1662.085
2026-05-19 15:11:44.121,89000,1132.869,-4.398502875142,1129.533,-86.883,1436.336
2026-05-19 15:11:44.121,89250,979.0,0.0,979.0,0.0,1436.336
2026-05-19 15:11:44.121,89500,979.0,0.0,979.0,0.0,1436.336
2026-05-19 15:11:44.237,89750,979.0,0.0,979.0,0.0,1436.336
2026-05-19 15:11:44.238,90000,979.0,0.0,979.0,0.0,1436.336
2026-05-19 15:11:44.240,90250,902.84,-9.90199356769,889.391,-155.255,1436.336
2026-05-19 15:11:44.240,90500,979.0,0.0,979.0,0.0,1324.598
2026-05-19 15:11:44.241,90750,979.0,0.0,979.0,0.0,1324.598
2026-05-19 15:11:44.374,91000,979.0,0.0,979.0,0.0,1324.598
2026-05-19 15:11:44.375,91250,979.0,0.0,979.0,0.0,1324.598
2026-05-19 15:11:44.375,91500,979.0,0.0,979.0,0.0,1324.598
2026-05-19 15:11:44.376,91750,979.0,0.0,979.0,0.0,1324.598
2026-05-19 15:11:44.376,92000,979.0,0.0,979.0,0.0,1324.598
2026-05-19 15:11:44.377,92250,979.0,0.0,979.0,0.0,1324.598
2026-05-19 15:11:44.516,92500,979.0,0.0,979.0,0.0,1324.598
2026-05-19 15:11:44.518,92750,979.0,0.0,979.0,0.0,1324.598
2026-05-19 15:11:44.520,93000,979.0,0.0,979.0,0.0,1324.598
2026-05-19 15:11:44.521,93250,979.0,0.0,979.0,0.0,1324.598
2026-05-19 15:11:44.523,93500,979.0,0.0,979.0,0.0,1324.598
2026-05-19 15:11:44.527,93750,979.0,0.0,979.0,0.0,1324.598
2026-05-19 15:11:44.667,94000,979.0,0.0,979.0,0.0,1324.598
2026-05-19 15:11:44.668,94250,979.0,0.0,979.0,0.0,1324.598
2026-05-19 15:11:44.669,94500,979.0,0.0,979.0,0.0,1324.598
2026-05-19 15:11:44.671,94750,979.0,0.0,979.0,0.0,1324.598
2026-05-19 15:11:44.672,95000,979.0,0.0,979.0,0.0,1324.598
2026-05-19 15:11:44.674,95250,1211.371,-5.062418566341,1206.646,-106.893,1070.507
2026-05-19 15:11:44.676,95500,979.0,0.0,979.0,0.0,1070.507
2026-05-19 15:11:44.856,95750,979.0,0.0,979.0,0.0,1070.507
2026-05-19 15:11:44.857,96000,979.0,0.0,979.0,0.0,1070.507
2026-05-19 15:11:44.859,96250,979.0,0.0,979.0,0.0,1070.507
2026-05-19 15:11:44.861,96500,979.0,0.0,979.0,0.0,1070.507
2026-05-19 15:11:44.862,96750,979.0,0.0,979.0,0.0,1070.507
2026-05-19 15:11:44.865,97000,979.0,0.0,979.0,0.0,1070.507
2026-05-19 15:11:44.866,97250,979.0,0.0,979.0,0.0,1070.507
2026-05-19 15:11:44.869,97500,979.0,0.0,979.0,0.0,1070.507
2026-05-19 15:11:45.140,97750,979.0,0.0,979.0,0.0,1070.507
2026-05-19 15:11:45.141,98000,979.0,0.0,979.0,0.0,1070.507
2026-05-19 15:11:45.142,98250,979.0,0.0,979.0,0.0,1070.507
2026-05-19 15:11:45.143,98500,979.0,0.0,979.0,0.0,1070.507
2026-05-19 15:11:45.145,98750,979.0,0.0,979.0,0.0,1070.507
2026-05-19 15:11:45.146,99000,979.0,0.0,979.0,0.0,1070.507
2026-05-19 15:11:45.147,99250,979.0,0.0,979.0,0.0,1070.507
2026-05-19 15:11:45.148,99500,979.0,0.0,979.0,0.0,1070.507
2026-05-19 15:11:45.149,99750,979.0,0.0,979.0,0.0,1070.507
2026-05-19 15:11:45.151,100000,979.0,0.0,979.0,0.0,1070.507
2026-05-19 15:11:45.720,10000,981.873,-0.701095753677,981.689,-12.065,9259.259
2026-05-19 15:11:45.871,10250,979.0,0.0,979.0,0.0,9286.314
2026-05-19 15:11:46.019,10500,979.0,0.0,979.0,0.0,9286.314
2026-05-19 15:11:46.163,10750,979.0,0.0,979.0,0.0,9286.314
2026-05-19 15:11:46.301,11000,1005.754,0.445795900565,1005.723,7.825,9105.965
2026-05-19 15:11:46.447,11250,979.0,0.0,979.0,0.0,9105.965
2026-05-19 15:11:46.591,11500,979.0,0.0,979.0,0.0,9105.965
2026-05-19 15:11:46.738,11750,979.0,0.0,979.0,0.0,9178.44
2026-05-19 15:11:46.741,12000,979.0,0.0,979.0,0.0,9178.44
2026-05-19 15:11:46.888,12250,984.142,0.096752443085,984.134,1.697,9131.469
2026-05-19 15:11:47.034,12500,1007.928,-0.087498739547,1007.842,-1.597,8992.723
2026-05-19 15:11:47.178,12750,979.0,0.0,979.0,0.0,9025.481
2026-05-19 15:11:47.322,13000,979.0,0.0,979.0,0.0,9025.481
2026-05-19 15:11:47.467,13250,987.93,-0.455926081973,987.794,-7.828,9029.146
2026-05-19 15:11:47.469,13500,979.0,0.0,979.0,0.0,9110.657
2026-05-19 15:11:47.609,13750,1005.17,0.596406353861,1005.116,10.463,8873.453
2026-05-19 15:11:47.750,14000,989.807,-1.511920412512,989.463,-26.116,8873.453
2026-05-19 15:11:47.895,14250,979.0,0.0,979.0,0.0,8971.41
2026-05-19 15:11:47.898,14500,982.151,0.079714968475,982.146,1.384,8942.99
2026-05-19 15:11:48.036,14750,1006.668,-1.125504997653,1006.473,-19.773,8829.312
2026-05-19 15:11:48.185,15000,979.0,0.0,979.0,0.0,8938.448
2026-05-19 15:11:48.337,15250,979.0,0.0,979.0,0.0,8938.448
2026-05-19 15:11:48.340,15500,979.0,0.0,979.0,0.0,8938.448
2026-05-19 15:11:48.489,15750,1009.142,0.129268207071,1009.055,2.192,8782.101
2026-05-19 15:11:48.635,16000,979.0,0.0,979.0,0.0,8828.731
2026-05-19 15:11:48.638,16250,998.859,0.607213456,998.789,10.638,8654.066
2026-05-19 15:11:48.798,16500,1003.824,0.759016820001,1003.736,13.298,8610.4
2026-05-19 15:11:48.806,16750,1003.297,0.778640438833,1003.205,13.634,8704.426
2026-05-19 15:11:48.948,17000,979.0,0.0,979.0,0.0,8704.426
2026-05-19 15:11:49.096,17250,984.227,-1.860486017365,983.684,-31.858,8567.528
2026-05-19 15:11:49.098,17500,1020.604,-0.613423882303,1020.546,-10.927,8476.262
2026-05-19 15:11:49.250,17750,979.0,0.0,979.0,0.0,8611.81
2026-05-19 15:11:49.251,18000,979.0,0.0,979.0,0.0,8611.81
2026-05-19 15:11:49.394,18250,1005.36,0.960686760165,1005.219,16.856,8386.009
2026-05-19 15:11:49.535,18500,995.939,-1.485942574055,995.604,-25.826,8386.009
2026-05-19 15:11:49.538,18750,979.0,0.0,979.0,0.0,8531.103
2026-05-19 15:11:49.685,19000,1004.055,1.003388467307,1003.901,17.583,8318.223
2026-05-19 15:11:49.685,19250,979.0,0.0,979.0,0.0,8318.223
2026-05-19 15:11:49.821,19500,997.248,-1.40404357591,996.949,-24.435,8104.803
2026-05-19 15:11:49.823,19750,986.299,-0.561617430364,986.179,-9.774,8195.444
2026-05-19 15:11:49.970,20000,979.0,0.0,979.0,0.0,8255.872
2026-05-19 15:11:49.972,20250,993.601,0.665555450615,993.489,11.654,8135.725
2026-05-19 15:11:50.195,20500,979.0,0.0,979.0,0.0,8055.627
2026-05-19 15:11:50.196,20750,997.775,-1.321511433571,997.51,-23.011,8055.627
2026-05-19 15:11:50.338,21000,986.833,-0.531891487727,986.725,-9.269,7980.821
2026-05-19 15:11:50.339,21250,979.0,0.0,979.0,0.0,8043.919
2026-05-19 15:11:50.531,21500,979.0,0.0,979.0,0.0,8043.919
2026-05-19 15:11:50.532,21750,979.0,0.0,979.0,0.0,7856.622
2026-05-19 15:11:50.536,22000,1000.678,-1.344840918854,1000.403,-23.486,7856.622
2026-05-19 15:11:50.696,22250,1025.791,-0.020409073853,1025.791,-0.365,7664.281
2026-05-19 15:11:50.698,22500,979.0,0.0,979.0,0.0,7842.522
2026-05-19 15:11:50.849,22750,979.0,0.0,979.0,0.0,7842.522
2026-05-19 15:11:50.851,23000,979.0,0.0,979.0,0.0,7658.862
2026-05-19 15:11:50.855,23250,979.0,0.0,979.0,0.0,7658.862
2026-05-19 15:11:51.005,23500,999.903,1.300566439113,999.645,22.695,7498.755
2026-05-19 15:11:51.006,23750,979.0,0.0,979.0,0.0,7498.755
2026-05-19 15:11:51.154,24000,1003.089,-1.239554918038,1002.854,-21.699,7498.755
2026-05-19 15:11:51.156,24250,1004.217,-1.23033097061,1003.986,-21.562,7326.976
2026-05-19 15:11:51.304,24500,989.087,-0.492132388244,988.994,-8.625,7440.213
2026-05-19 15:11:51.307,24750,999.596,1.482344701308,999.262,25.858,7360.845
2026-05-19 15:11:51.311,25000,979.0,0.0,979.0,0.0,7360.845
2026-05-19 15:11:51.459,25250,979.0,0.0,979.0,0.0,7360.845
2026-05-19 15:11:51.460,25500,979.0,0.0,979.0,0.0,7206.363
2026-05-19 15:11:51.611,25750,979.0,0.0,979.0,0.0,7206.363
2026-05-19 15:11:51.612,26000,996.708,1.425420393579,996.399,24.794,7078.333
2026-05-19 15:11:51.759,26250,979.0,0.0,979.0,0.0,7078.333
2026-05-19 15:11:51.760,26500,998.918,1.697162980167,998.48,29.585,6937.194
2026-05-19 15:11:51.761,26750,979.0,0.0,979.0,0.0,6937.194
2026-05-19 15:11:51.914,27000,979.0,0.0,979.0,0.0,6937.194
2026-05-19 15:11:51.915,27250,998.093,1.73734201155,997.634,30.26,6804.488
2026-05-19 15:11:52.158,27500,979.0,0.0,979.0,0.0,6804.488
2026-05-19 15:11:52.159,27750,986.875,0.769582034997,986.65,13.412,6750.83
2026-05-19 15:11:52.162,28000,979.0,0.0,979.0,0.0,6670.342
2026-05-19 15:11:52.165,28250,979.0,0.0,979.0,0.0,6670.342
2026-05-19 15:11:52.166,28500,979.0,0.0,979.0,0.0,6557.083
2026-05-19 15:11:52.313,28750,979.0,0.0,979.0,0.0,6557.083
2026-05-19 15:11:52.315,29000,979.0,0.0,979.0,0.0,6557.083
2026-05-19 15:11:52.478,29250,979.0,0.0,979.0,0.0,6439.888
2026-05-19 15:11:52.479,29500,979.0,0.0,979.0,0.0,6439.888
2026-05-19 15:11:52.480,29750,979.0,0.0,979.0,0.0,6329.513
2026-05-19 15:11:52.646,30000,979.0,0.0,979.0,0.0,6329.513
2026-05-19 15:11:52.648,30250,979.0,0.0,979.0,0.0,6329.513
2026-05-19 15:11:52.650,30500,979.0,0.0,979.0,0.0,6231.235
2026-05-19 15:11:52.652,30750,979.0,0.0,979.0,0.0,6231.235
2026-05-19 15:11:52.818,31000,994.723,2.459189777091,993.807,42.681,6132.743
2026-05-19 15:11:52.819,31250,979.0,0.0,979.0,0.0,6132.743
2026-05-19 15:11:52.820,31500,1017.63,-0.786188721091,1017.534,-13.963,5899.941
2026-05-19 15:11:52.992,31750,1018.688,-0.706494640387,1018.61,-12.561,5819.217
2026-05-19 15:11:52.993,32000,979.0,0.0,979.0,0.0,5819.217
2026-05-19 15:11:52.995,32250,979.0,0.0,979.0,0.0,5819.217
2026-05-19 15:11:53.170,32500,979.0,0.0,979.0,0.0,5745.191
2026-05-19 15:11:53.171,32750,979.0,0.0,979.0,0.0,5745.191
2026-05-19 15:11:53.173,33000,983.328,1.024486008312,982.933,17.693,5720.069
2026-05-19 15:11:53.175,33250,979.0,0.0,979.0,0.0,5682.385
2026-05-19 15:11:53.349,33500,979.0,0.0,979.0,0.0,5682.385
2026-05-19 15:11:53.356,33750,1024.687,-0.465973788758,1024.653,-8.333,5379.444
2026-05-19 15:11:53.362,34000,1024.687,-0.465973788758,1024.653,-8.333,5379.444
2026-05-19 15:11:53.550,34250,979.0,0.0,979.0,0.0,5379.444
2026-05-19 15:11:53.551,34500,979.0,0.0,979.0,0.0,5339.018
2026-05-19 15:11:53.552,34750,979.0,0.0,979.0,0.0,5339.018
2026-05-19 15:11:53.553,35000,979.0,0.0,979.0,0.0,5339.018
2026-05-19 15:11:53.732,35250,983.988,2.641663783674,982.942,45.351,5311.955
2026-05-19 15:11:53.733,35500,1025.739,-0.237811716413,1025.73,-4.257,5069.911
2026-05-19 15:11:53.735,35750,979.0,0.0,979.0,0.0,5069.911
2026-05-19 15:11:53.737,36000,979.0,0.0,979.0,0.0,5069.911
2026-05-19 15:11:53.904,36250,979.0,0.0,979.0,0.0,5053.16
2026-05-19 15:11:53.905,36500,979.0,0.0,979.0,0.0,5053.16
2026-05-19 15:11:53.908,36750,979.0,0.0,979.0,0.0,5052.649
2026-05-19 15:11:53.909,37000,1030.135,0.113807536244,1030.133,2.046,4801.84
2026-05-19 15:11:54.080,37250,979.0,0.0,979.0,0.0,4801.84
2026-05-19 15:11:54.081,37500,979.0,0.0,979.0,0.0,4801.84
2026-05-19 15:11:54.082,37750,979.0,0.0,979.0,0.0,4819.526
2026-05-19 15:11:54.083,38000,979.0,0.0,979.0,0.0,4819.526
2026-05-19 15:11:54.235,38250,979.0,0.0,979.0,0.0,4819.526
2026-05-19 15:11:54.237,38500,1035.225,0.312129913297,1035.21,5.64,4557.768
2026-05-19 15:11:54.239,38750,979.0,0.0,979.0,0.0,4591.487
2026-05-19 15:11:54.240,39000,979.0,0.0,979.0,0.0,4591.487
2026-05-19 15:11:54.394,39250,979.0,0.0,979.0,0.0,4591.487
2026-05-19 15:11:54.396,39500,979.0,0.0,979.0,0.0,4591.487
2026-05-19 15:11:54.398,39750,1036.403,0.718813789589,1036.322,13.002,4380.519
2026-05-19 15:11:54.541,40000,979.0,0.0,979.0,0.0,4380.519
2026-05-19 15:11:54.544,40250,979.0,0.0,979.0,0.0,4380.519
2026-05-19 15:11:54.548,40500,979.0,0.0,979.0,0.0,4380.519
2026-05-19 15:11:54.550,40750,979.0,0.0,979.0,0.0,4449.44
2026-05-19 15:11:54.694,41000,1021.92,0.732846470984,1021.837,13.071,4262.566
2026-05-19 15:11:54.697,41250,979.0,0.0,979.0,0.0,4262.566
2026-05-19 15:11:54.698,41500,979.0,0.0,979.0,0.0,4262.566
2026-05-19 15:11:54.859,41750,960.683,3.218750224387,959.168,53.941,4343.838
2026-05-19 15:11:54.861,42000,979.0,0.0,979.0,0.0,4343.838
2026-05-19 15:11:54.865,42250,979.0,0.0,979.0,0.0,4101.722
2026-05-19 15:11:54.867,42500,979.0,0.0,979.0,0.0,4101.722
2026-05-19 15:11:55.016,42750,979.0,0.0,979.0,0.0,4101.722
2026-05-19 15:11:55.019,43000,979.0,0.0,979.0,0.0,4101.722
2026-05-19 15:11:55.023,43250,979.0,0.0,979.0,0.0,4198.29
2026-05-19 15:11:55.027,43500,1037.747,1.582492995006,1037.351,28.659,3960.624
2026-05-19 15:11:55.028,43750,979.0,0.0,979.0,0.0,3960.624
2026-05-19 15:11:55.165,44000,979.0,0.0,979.0,0.0,3960.624
2026-05-19 15:11:55.166,44250,979.0,0.0,979.0,0.0,3960.624
2026-05-19 15:11:55.168,44500,979.0,0.0,979.0,0.0,3960.624
2026-05-19 15:11:55.310,44750,979.0,0.0,979.0,0.0,3861.35
2026-05-19 15:11:55.312,45000,979.0,0.0,979.0,0.0,3861.35
2026-05-19 15:11:55.314,45250,979.0,0.0,979.0,0.0,3861.35
2026-05-19 15:11:55.315,45500,979.0,0.0,979.0,0.0,3861.35
2026-05-19 15:11:55.461,45750,979.0,0.0,979.0,0.0,3861.35
2026-05-19 15:11:55.463,46000,979.0,0.0,979.0,0.0,3655.855
2026-05-19 15:11:55.465,46250,979.0,0.0,979.0,0.0,3823.201
2026-05-19 15:11:55.466,46500,979.0,0.0,979.0,0.0,3823.201
2026-05-19 15:11:55.613,46750,979.0,0.0,979.0,0.0,3823.201
2026-05-19 15:11:55.615,47000,989.669,0.476553703812,989.491,8.584,3783.688
2026-05-19 15:11:55.616,47250,979.0,0.0,979.0,0.0,3625.638
2026-05-19 15:11:55.620,47500,979.0,0.0,979.0,0.0,3625.638
2026-05-19 15:11:55.766,47750,979.0,0.0,979.0,0.0,3625.638
2026-05-19 15:11:55.768,48000,979.0,0.0,979.0,0.0,3625.638
2026-05-19 15:11:55.770,48250,1032.421,2.607632761173,1031.351,46.971,3438.037
2026-05-19 15:11:55.773,48500,979.0,0.0,979.0,0.0,3618.973
2026-05-19 15:11:55.929,48750,979.0,0.0,979.0,0.0,3618.973
2026-05-19 15:11:55.930,49000,979.0,0.0,979.0,0.0,3618.973
2026-05-19 15:11:55.932,49250,979.0,0.0,979.0,0.0,3438.037
2026-05-19 15:11:55.933,49500,979.0,0.0,979.0,0.0,3438.037
2026-05-19 15:11:55.935,49750,979.0,0.0,979.0,0.0,3438.037
2026-05-19 15:11:56.076,50000,979.0,0.0,979.0,0.0,3438.037
2026-05-19 15:11:56.078,50250,979.0,0.0,979.0,0.0,3438.037
2026-05-19 15:11:56.081,50500,979.0,0.0,979.0,0.0,3438.037
2026-05-19 15:11:56.082,50750,1035.348,3.820238021676,1033.048,68.981,3250.924
2026-05-19 15:11:56.219,51000,979.0,0.0,979.0,0.0,3448.719
2026-05-19 15:11:56.221,51250,979.0,0.0,979.0,0.0,3448.719
2026-05-19 15:11:56.225,51500,979.0,0.0,979.0,0.0,3448.719
2026-05-19 15:11:56.229,51750,979.0,0.0,979.0,0.0,3448.719
2026-05-19 15:11:56.232,52000,979.0,0.0,979.0,0.0,3448.719
2026-05-19 15:11:56.370,52250,979.0,0.0,979.0,0.0,3304.868
2026-05-19 15:11:56.373,52500,979.0,0.0,979.0,0.0,3304.868
2026-05-19 15:11:56.375,52750,979.0,0.0,979.0,0.0,3304.868
2026-05-19 15:11:56.377,53000,979.0,0.0,979.0,0.0,3304.868
2026-05-19 15:11:56.517,53250,979.0,0.0,979.0,0.0,3304.868
2026-05-19 15:11:56.518,53500,979.0,0.0,979.0,0.0,3304.868
2026-05-19 15:11:56.520,53750,979.0,0.0,979.0,0.0,3181.295
2026-05-19 15:11:56.524,54000,979.0,0.0,979.0,0.0,3181.295
2026-05-19 15:11:56.528,54250,979.0,0.0,979.0,0.0,3181.295
2026-05-19 15:11:56.667,54500,979.0,0.0,979.0,0.0,3181.295
2026-05-19 15:11:56.669,54750,979.0,0.0,979.0,0.0,3181.295
2026-05-19 15:11:56.673,55000,979.0,0.0,979.0,0.0,3181.295
2026-05-19 15:11:56.677,55250,979.0,0.0,979.0,0.0,3181.295
2026-05-19 15:11:56.828,55500,979.0,0.0,979.0,0.0,3069.393
2026-05-19 15:11:56.831,55750,979.0,0.0,979.0,0.0,3069.393
2026-05-19 15:11:56.837,56000,979.0,0.0,979.0,0.0,3069.393
2026-05-19 15:11:56.839,56250,979.0,0.0,979.0,0.0,3069.393
2026-05-19 15:11:56.841,56500,979.0,0.0,979.0,0.0,3069.393
2026-05-19 15:11:57.002,56750,979.0,0.0,979.0,0.0,3069.393
2026-05-19 15:11:57.004,57000,979.0,0.0,979.0,0.0,3069.393
2026-05-19 15:11:57.008,57250,979.0,0.0,979.0,0.0,3069.393
2026-05-19 15:11:57.013,57500,979.0,0.0,979.0,0.0,3069.393
2026-05-19 15:11:57.014,57750,979.0,0.0,979.0,0.0,3069.393
2026-05-19 15:11:57.160,58000,982.152,5.443602332949,977.691,92.706,3063.921
2026-05-19 15:11:57.162,58250,935.351,0.878377523224,935.174,13.892,3111.581
2026-05-19 15:11:57.165,58500,906.252,1.463962538707,905.957,23.153,3206.9
2026-05-19 15:11:57.166,58750,983.16,0.873980955756,982.578,15.236,3193.558
2026-05-19 15:11:57.167,59000,999.799,4.369904778779,996.892,76.18,3140.187
2026-05-19 15:11:57.325,59250,979.0,0.0,979.0,0.0,3140.187
2026-05-19 15:11:57.326,59500,1020.196,-5.541074809745,1015.347,-98.818,3016.262
2026-05-19 15:11:57.328,59750,1035.586,-5.833867317486,1030.223,-105.261,2968.602
2026-05-19 15:11:57.330,60000,979.0,0.0,979.0,0.0,2968.602
2026-05-19 15:11:57.331,60250,979.0,0.0,979.0,0.0,2968.602
2026-05-19 15:11:57.474,60500,979.0,0.0,979.0,0.0,2968.602
2026-05-19 15:11:57.475,60750,979.0,0.0,979.0,0.0,2968.602
2026-05-19 15:11:57.476,61000,979.0,0.0,979.0,0.0,2968.602
2026-05-19 15:11:57.477,61250,979.0,0.0,979.0,0.0,2968.602
2026-05-19 15:11:57.478,61500,979.0,0.0,979.0,0.0,2968.602
2026-05-19 15:11:57.479,61750,979.0,0.0,979.0,0.0,2968.602
2026-05-19 15:11:57.623,62000,979.0,0.0,979.0,0.0,2968.602
2026-05-19 15:11:57.624,62250,979.0,0.0,979.0,0.0,2968.602
2026-05-19 15:11:57.626,62500,979.0,0.0,979.0,0.0,2968.602
2026-05-19 15:11:57.628,62750,979.0,0.0,979.0,0.0,2968.602
2026-05-19 15:11:57.629,63000,1012.242,-0.675378954481,1012.058,-12.518,2875.689
2026-05-19 15:11:57.775,63250,979.0,0.0,979.0,0.0,2736.319
2026-05-19 15:11:57.776,63500,979.0,0.0,979.0,0.0,2736.319
2026-05-19 15:11:57.777,63750,979.0,0.0,979.0,0.0,2736.319
2026-05-19 15:11:57.778,64000,979.0,0.0,979.0,0.0,2736.319
2026-05-19 15:11:57.780,64250,979.0,0.0,979.0,0.0,2736.319
2026-05-19 15:11:57.918,64500,979.0,0.0,979.0,0.0,2736.319
2026-05-19 15:11:57.919,64750,979.0,0.0,979.0,0.0,2736.319
2026-05-19 15:11:57.919,65000,979.0,0.0,979.0,0.0,2736.319
2026-05-19 15:11:57.920,65250,979.0,0.0,979.0,0.0,2736.319
2026-05-19 15:11:57.920,65500,979.0,0.0,979.0,0.0,2736.319
2026-05-19 15:11:58.052,65750,971.497,-1.037161247915,970.726,-17.019,2758.125
2026-05-19 15:11:58.053,66000,979.0,0.0,979.0,0.0,2736.319
2026-05-19 15:11:58.053,66250,979.0,0.0,979.0,0.0,2736.319
2026-05-19 15:11:58.054,66500,979.0,0.0,979.0,0.0,2736.319
2026-05-19 15:11:58.054,66750,979.0,0.0,979.0,0.0,2736.319
2026-05-19 15:11:58.171,67000,1065.121,-3.255309096063,1062.665,-59.662,2515.952
2026-05-19 15:11:58.171,67250,979.0,0.0,979.0,0.0,2492.103
2026-05-19 15:11:58.172,67500,979.0,0.0,979.0,0.0,2492.103
2026-05-19 15:11:58.172,67750,979.0,0.0,979.0,0.0,2492.103
2026-05-19 15:11:58.282,68000,979.0,0.0,979.0,0.0,2492.103
2026-05-19 15:11:58.282,68250,979.0,0.0,979.0,0.0,2492.103
2026-05-19 15:11:58.283,68500,979.0,0.0,979.0,0.0,2492.103
2026-05-19 15:11:58.283,68750,970.059,-1.113550132612,969.177,-18.13,2515.952
2026-05-19 15:11:58.397,69000,934.294,-5.567750663059,929.886,-90.648,2611.351
2026-05-19 15:11:58.398,69250,979.0,0.0,979.0,0.0,2611.351
2026-05-19 15:11:58.400,69500,979.0,0.0,979.0,0.0,2611.351
2026-05-19 15:11:58.404,69750,979.0,0.0,979.0,0.0,2611.351
2026-05-19 15:11:58.406,70000,979.0,0.0,979.0,0.0,2611.351
2026-05-19 15:11:58.510,70250,979.0,0.0,979.0,0.0,2611.351
2026-05-19 15:11:58.511,70500,979.0,0.0,979.0,0.0,2611.351
2026-05-19 15:11:58.513,70750,988.369,1.113550132612,987.401,19.906,2587.501
2026-05-19 15:11:58.515,71000,979.0,0.0,979.0,0.0,2611.351
2026-05-19 15:11:58.659,71250,988.369,1.113550132612,987.401,19.906,2587.501
2026-05-19 15:11:58.660,71500,1083.466,-3.368127183258,1081.595,-63.655,2359.568
2026-05-19 15:11:58.660,71750,1083.466,-3.368127183258,1081.595,-63.655,2359.568
2026-05-19 15:11:58.661,72000,979.0,0.0,979.0,0.0,2359.568
2026-05-19 15:11:58.661,72250,1037.334,6.023390614508,1031.607,108.852,2226.878
2026-05-19 15:11:58.776,72500,1037.334,6.023390614508,1031.607,108.852,2226.878
2026-05-19 15:11:58.777,72750,1037.334,6.023390614508,1031.607,108.852,2226.878
2026-05-19 15:11:58.777,73000,979.0,0.0,979.0,0.0,2226.878
2026-05-19 15:11:58.778,73250,979.0,0.0,979.0,0.0,2226.878
2026-05-19 15:11:58.897,73500,979.0,0.0,979.0,0.0,2226.878
2026-05-19 15:11:58.899,73750,979.0,0.0,979.0,0.0,2226.878
2026-05-19 15:11:58.899,74000,979.0,0.0,979.0,0.0,2226.878
2026-05-19 15:11:58.899,74250,979.0,0.0,979.0,0.0,2226.878
2026-05-19 15:11:59.035,74500,979.0,0.0,979.0,0.0,2226.878
2026-05-19 15:11:59.035,74750,979.0,0.0,979.0,0.0,2226.878
2026-05-19 15:11:59.036,75000,979.0,0.0,979.0,0.0,2226.878
2026-05-19 15:11:59.036,75250,979.0,0.0,979.0,0.0,2226.878
2026-05-19 15:11:59.037,75500,979.0,0.0,979.0,0.0,2226.878
2026-05-19 15:11:59.037,75750,979.0,0.0,979.0,0.0,2226.878
2026-05-19 15:11:59.166,76000,979.0,0.0,979.0,0.0,2226.878
2026-05-19 15:11:59.166,76250,979.0,0.0,979.0,0.0,2226.878
2026-05-19 15:11:59.167,76500,979.0,0.0,979.0,0.0,2226.878
2026-05-19 15:11:59.167,76750,979.0,0.0,979.0,0.0,2226.878
2026-05-19 15:11:59.168,77000,979.0,0.0,979.0,0.0,2226.878
2026-05-19 15:11:59.301,77250,1046.66,-1.94125559201,1045.616,-36.971,2088.871
2026-05-19 15:11:59.302,77500,979.0,0.0,979.0,0.0,1996.867
2026-05-19 15:11:59.303,77750,979.0,0.0,979.0,0.0,1996.867
2026-05-19 15:11:59.303,78000,979.0,0.0,979.0,0.0,1996.867
2026-05-19 15:11:59.304,78250,979.0,0.0,979.0,0.0,1996.867
2026-05-19 15:11:59.304,78500,979.0,0.0,979.0,0.0,1996.867
2026-05-19 15:11:59.409,78750,979.0,0.0,979.0,0.0,1996.867
2026-05-19 15:11:59.410,79000,979.0,0.0,979.0,0.0,1996.867
2026-05-19 15:11:59.410,79250,979.0,0.0,979.0,0.0,1996.867
2026-05-19 15:11:59.411,79500,979.0,0.0,979.0,0.0,1996.867
2026-05-19 15:11:59.411,79750,979.0,0.0,979.0,0.0,1996.867
2026-05-19 15:11:59.515,80000,979.0,0.0,979.0,0.0,1996.867
2026-05-19 15:11:59.516,80250,979.0,0.0,979.0,0.0,1996.867
2026-05-19 15:11:59.517,80500,979.0,0.0,979.0,0.0,1996.867
2026-05-19 15:11:59.518,80750,979.0,0.0,979.0,0.0,1996.867
2026-05-19 15:11:59.671,81000,979.0,0.0,979.0,0.0,1996.867
2026-05-19 15:11:59.671,81250,979.0,0.0,979.0,0.0,1996.867
2026-05-19 15:11:59.672,81500,979.0,0.0,979.0,0.0,1996.867
2026-05-19 15:11:59.672,81750,968.312,-1.335159940683,967.057,-21.52,1909.667
2026-05-19 15:11:59.673,82000,979.0,0.0,979.0,0.0,1887.867
2026-05-19 15:11:59.673,82250,979.0,0.0,979.0,0.0,1887.867
2026-05-19 15:11:59.673,82500,979.0,0.0,979.0,0.0,1887.867
2026-05-19 15:11:59.805,82750,979.0,0.0,979.0,0.0,1887.867
2026-05-19 15:11:59.806,83000,1111.99,-3.24004564769,1110.212,-62.849,1662.085
2026-05-19 15:11:59.806,83250,979.0,0.0,979.0,0.0,1662.085
2026-05-19 15:11:59.807,83500,979.0,0.0,979.0,0.0,1662.085
2026-05-19 15:11:59.808,83750,979.0,0.0,979.0,0.0,1662.085
2026-05-19 15:11:59.809,84000,979.0,0.0,979.0,0.0,1662.085
2026-05-19 15:11:59.932,84250,979.0,0.0,979.0,0.0,1662.085
2026-05-19 15:11:59.933,84500,979.0,0.0,979.0,0.0,1662.085
2026-05-19 15:11:59.933,84750,979.0,0.0,979.0,0.0,1662.085
2026-05-19 15:11:59.935,85000,979.0,0.0,979.0,0.0,1662.085
2026-05-19 15:11:59.936,85250,979.0,0.0,979.0,0.0,1662.085
2026-05-19 15:11:59.936,85500,979.0,0.0,979.0,0.0,1662.085
2026-05-19 15:12:00.066,85750,979.0,0.0,979.0,0.0,1662.085
2026-05-19 15:12:00.067,86000,979.0,0.0,979.0,0.0,1662.085
2026-05-19 15:12:00.067,86250,979.0,0.0,979.0,0.0,1662.085
2026-05-19 15:12:00.068,86500,979.0,0.0,979.0,0.0,1662.085
2026-05-19 15:12:00.068,86750,979.0,0.0,979.0,0.0,1662.085
2026-05-19 15:12:00.199,87000,979.0,0.0,979.0,0.0,1662.085
2026-05-19 15:12:00.200,87250,979.0,0.0,979.0,0.0,1662.085
2026-05-19 15:12:00.200,87500,979.0,0.0,979.0,0.0,1662.085
2026-05-19 15:12:00.201,87750,979.0,0.0,979.0,0.0,1662.085
2026-05-19 15:12:00.201,88000,979.0,0.0,979.0,0.0,1662.085
2026-05-19 15:12:00.201,88250,979.0,0.0,979.0,0.0,1662.085
2026-05-19 15:12:00.340,88500,979.0,0.0,979.0,0.0,1662.085
2026-05-19 15:12:00.340,88750,979.0,0.0,979.0,0.0,1662.085
2026-05-19 15:12:00.341,89000,1132.869,-4.398502875142,1129.533,-86.883,1436.336
2026-05-19 15:12:00.341,89250,979.0,0.0,979.0,0.0,1436.336
2026-05-19 15:12:00.341,89500,979.0,0.0,979.0,0.0,1436.336
2026-05-19 15:12:00.342,89750,979.0,0.0,979.0,0.0,1436.336
2026-05-19 15:12:00.478,90000,979.0,0.0,979.0,0.0,1436.336
2026-05-19 15:12:00.479,90250,902.84,-9.90199356769,889.391,-155.255,1436.336
2026-05-19 15:12:00.480,90500,979.0,0.0,979.0,0.0,1324.598
2026-05-19 15:12:00.481,90750,979.0,0.0,979.0,0.0,1324.598
2026-05-19 15:12:00.481,91000,979.0,0.0,979.0,0.0,1324.598
2026-05-19 15:12:00.482,91250,979.0,0.0,979.0,0.0,1324.598
2026-05-19 15:12:00.617,91500,979.0,0.0,979.0,0.0,1324.598
2026-05-19 15:12:00.618,91750,979.0,0.0,979.0,0.0,1324.598
2026-05-19 15:12:00.618,92000,979.0,0.0,979.0,0.0,1324.598
2026-05-19 15:12:00.619,92250,979.0,0.0,979.0,0.0,1324.598
2026-05-19 15:12:00.619,92500,979.0,0.0,979.0,0.0,1324.598
2026-05-19 15:12:00.619,92750,979.0,0.0,979.0,0.0,1324.598
2026-05-19 15:12:00.743,93000,979.0,0.0,979.0,0.0,1324.598
2026-05-19 15:12:00.744,93250,979.0,0.0,979.0,0.0,1324.598
2026-05-19 15:12:00.745,93500,979.0,0.0,979.0,0.0,1324.598
2026-05-19 15:12:00.745,93750,979.0,0.0,979.0,0.0,1324.598
2026-05-19 15:12:00.745,94000,979.0,0.0,979.0,0.0,1324.598
2026-05-19 15:12:00.746,94250,979.0,0.0,979.0,0.0,1324.598
2026-05-19 15:12:00.867,94500,979.0,0.0,979.0,0.0,1324.598
2026-05-19 15:12:00.868,94750,979.0,0.0,979.0,0.0,1324.598
2026-05-19 15:12:00.869,95000,979.0,0.0,979.0,0.0,1324.598
2026-05-19 15:12:00.869,95250,1211.371,-5.062418566341,1206.646,-106.893,1070.507
2026-05-19 15:12:00.870,95500,979.0,0.0,979.0,0.0,1070.507
2026-05-19 15:12:01.003,95750,979.0,0.0,979.0,0.0,1070.507
2026-05-19 15:12:01.003,96000,979.0,0.0,979.0,0.0,1070.507
2026-05-19 15:12:01.004,96250,979.0,0.0,979.0,0.0,1070.507
2026-05-19 15:12:01.004,96500,979.0,0.0,979.0,0.0,1070.507
2026-05-19 15:12:01.004,96750,979.0,0.0,979.0,0.0,1070.507
2026-05-19 15:12:01.005,97000,979.0,0.0,979.0,0.0,1070.507
2026-05-19 15:12:01.112,97250,979.0,0.0,979.0,0.0,1070.507
2026-05-19 15:12:01.113,97500,979.0,0.0,979.0,0.0,1070.507
2026-05-19 15:12:01.113,97750,979.0,0.0,979.0,0.0,1070.507
2026-05-19 15:12:01.114,98000,979.0,0.0,979.0,0.0,1070.507
2026-05-19 15:12:01.114,98250,979.0,0.0,979.0,0.0,1070.507
2026-05-19 15:12:01.224,98500,979.0,0.0,979.0,0.0,1070.507
2026-05-19 15:12:01.225,98750,979.0,0.0,979.0,0.0,1070.507
2026-05-19 15:12:01.225,99000,979.0,0.0,979.0,0.0,1070.507
2026-05-19 15:12:01.226,99250,979.0,0.0,979.0,0.0,1070.507
2026-05-19 15:12:01.226,99500,979.0,0.0,979.0,0.0,1070.507
2026-05-19 15:12:01.357,99750,979.0,0.0,979.0,0.0,1070.507
2026-05-19 15:12:01.358,100000,979.0,0.0,979.0,0.0,1070.507
2026-05-19 15:12:01.924,10000,983.31,-1.051643630515,983.033,-18.098,9245.732
2026-05-19 15:12:02.049,10250,979.0,0.0,979.0,0.0,9286.314
2026-05-19 15:12:02.171,10500,979.0,0.0,979.0,0.0,9286.314
2026-05-19 15:12:02.306,10750,982.878,0.401356909342,982.755,6.992,9250.244
2026-05-19 15:12:02.439,11000,1005.754,0.445795900565,1005.723,7.825,9105.965
2026-05-19 15:12:02.552,11250,979.0,0.0,979.0,0.0,9105.965
2026-05-19 15:12:02.790,11500,979.0,0.0,979.0,0.0,9105.965
2026-05-19 15:12:02.928,11750,979.0,0.0,979.0,0.0,9178.44
2026-05-19 15:12:02.929,12000,979.0,0.0,979.0,0.0,9178.44
2026-05-19 15:12:03.084,12250,984.142,0.096752443085,984.134,1.697,9131.469
2026-05-19 15:12:03.211,12500,1006.089,0.215126288188,1006.025,3.739,9009.102
2026-05-19 15:12:03.337,12750,979.0,0.0,979.0,0.0,9025.481
2026-05-19 15:12:03.469,13000,979.0,0.0,979.0,0.0,9025.481
2026-05-19 15:12:03.596,13250,986.082,-0.1683224056,986.009,-2.867,9046.181
2026-05-19 15:12:03.713,13500,979.0,0.0,979.0,0.0,9110.657
2026-05-19 15:12:03.857,13750,1005.17,0.596406353861,1005.116,10.463,8873.453
2026-05-19 15:12:03.858,14000,989.807,-1.511920412512,989.463,-26.116,8873.453
2026-05-19 15:12:03.987,14250,979.0,0.0,979.0,0.0,8971.41
2026-05-19 15:12:04.117,14500,982.151,0.079714968475,982.146,1.384,8942.99
2026-05-19 15:12:04.250,14750,1006.668,-1.125504997653,1006.473,-19.773,8829.312
2026-05-19 15:12:04.360,15000,979.0,0.0,979.0,0.0,8938.448
2026-05-19 15:12:04.471,15250,979.0,0.0,979.0,0.0,8938.448
2026-05-19 15:12:04.606,15500,979.0,0.0,979.0,0.0,8938.448
2026-05-19 15:12:04.608,15750,1011.828,-0.172932842102,1011.739,-3.139,8758.787
2026-05-19 15:12:04.751,16000,979.0,0.0,979.0,0.0,8828.731
2026-05-19 15:12:04.898,16250,998.859,0.607213456,998.789,10.638,8654.066
2026-05-19 15:12:04.900,16500,1003.824,0.759016820001,1003.736,13.298,8610.4
2026-05-19 15:12:05.039,16750,1003.297,0.778640438833,1003.205,13.634,8704.426
2026-05-19 15:12:05.179,17000,979.0,0.0,979.0,0.0,8704.426
2026-05-19 15:12:05.180,17250,984.227,-1.860486017365,983.684,-31.858,8567.528
2026-05-19 15:12:05.317,17500,1020.604,-0.613423882303,1020.546,-10.927,8476.262
2026-05-19 15:12:05.458,17750,979.0,0.0,979.0,0.0,8611.81
2026-05-19 15:12:05.461,18000,979.0,0.0,979.0,0.0,8611.81
2026-05-19 15:12:05.601,18250,1005.36,0.960686760165,1005.219,16.856,8386.009
2026-05-19 15:12:05.602,18500,995.939,-1.485942574055,995.604,-25.826,8386.009
2026-05-19 15:12:05.747,18750,979.0,0.0,979.0,0.0,8531.103
2026-05-19 15:12:05.905,19000,1004.055,1.003388467307,1003.901,17.583,8318.223
2026-05-19 15:12:05.905,19250,979.0,0.0,979.0,0.0,8318.223
2026-05-19 15:12:06.029,19500,997.248,-1.40404357591,996.949,-24.435,8104.803
2026-05-19 15:12:06.030,19750,986.299,-0.561617430364,986.179,-9.774,8195.444
2026-05-19 15:12:06.169,20000,979.0,0.0,979.0,0.0,8255.872
2026-05-19 15:12:06.170,20250,988.734,0.443703633743,988.659,7.769,8175.774
2026-05-19 15:12:06.279,20500,979.0,0.0,979.0,0.0,8055.627
2026-05-19 15:12:06.418,20750,997.775,-1.321511433571,997.51,-23.011,8055.627
2026-05-19 15:12:06.419,21000,982.916,-0.265945743864,982.863,-4.635,8012.37
2026-05-19 15:12:06.550,21250,979.0,0.0,979.0,0.0,8043.919
2026-05-19 15:12:06.551,21500,979.0,0.0,979.0,0.0,8043.919
2026-05-19 15:12:06.698,21750,979.0,0.0,979.0,0.0,7856.622
2026-05-19 15:12:06.699,22000,1000.678,-1.344840918854,1000.403,-23.486,7856.622
2026-05-19 15:12:06.809,22250,1025.791,-0.020409073853,1025.791,-0.365,7664.281
2026-05-19 15:12:06.913,22500,979.0,0.0,979.0,0.0,7842.522
2026-05-19 15:12:06.914,22750,979.0,0.0,979.0,0.0,7842.522
2026-05-19 15:12:07.044,23000,979.0,0.0,979.0,0.0,7658.862
2026-05-19 15:12:07.045,23250,979.0,0.0,979.0,0.0,7658.862
2026-05-19 15:12:07.179,23500,999.903,1.300566439113,999.645,22.695,7498.755
2026-05-19 15:12:07.180,23750,979.0,0.0,979.0,0.0,7498.755
2026-05-19 15:12:07.298,24000,1003.089,-1.239554918038,1002.854,-21.699,7498.755
2026-05-19 15:12:07.299,24250,1004.217,-1.23033097061,1003.986,-21.562,7326.976
2026-05-19 15:12:07.419,24500,994.13,-0.738198582366,993.991,-12.937,7402.467
2026-05-19 15:12:07.555,24750,999.596,1.482344701308,999.262,25.858,7360.845
2026-05-19 15:12:07.555,25000,979.0,0.0,979.0,0.0,7360.845
2026-05-19 15:12:07.556,25250,979.0,0.0,979.0,0.0,7360.845
2026-05-19 15:12:07.685,25500,979.0,0.0,979.0,0.0,7206.363
2026-05-19 15:12:07.686,25750,979.0,0.0,979.0,0.0,7206.363
2026-05-19 15:12:07.792,26000,996.708,1.425420393579,996.399,24.794,7078.333
2026-05-19 15:12:07.922,26250,979.0,0.0,979.0,0.0,7078.333
2026-05-19 15:12:07.926,26500,998.918,1.697162980167,998.48,29.585,6937.194
2026-05-19 15:12:08.063,26750,979.0,0.0,979.0,0.0,6937.194
2026-05-19 15:12:08.065,27000,979.0,0.0,979.0,0.0,6937.194
2026-05-19 15:12:08.065,27250,998.093,1.73734201155,997.634,30.26,6804.488
2026-05-19 15:12:08.191,27500,979.0,0.0,979.0,0.0,6804.488
2026-05-19 15:12:08.192,27750,986.875,0.769582034997,986.65,13.412,6750.83
2026-05-19 15:12:08.297,28000,979.0,0.0,979.0,0.0,6670.342
2026-05-19 15:12:08.298,28250,979.0,0.0,979.0,0.0,6670.342
2026-05-19 15:12:08.417,28500,979.0,0.0,979.0,0.0,6557.083
2026-05-19 15:12:08.418,28750,979.0,0.0,979.0,0.0,6557.083
2026-05-19 15:12:08.555,29000,979.0,0.0,979.0,0.0,6557.083
2026-05-19 15:12:08.555,29250,979.0,0.0,979.0,0.0,6439.888
2026-05-19 15:12:08.680,29500,979.0,0.0,979.0,0.0,6439.888
2026-05-19 15:12:08.682,29750,979.0,0.0,979.0,0.0,6329.513
2026-05-19 15:12:08.683,30000,979.0,0.0,979.0,0.0,6329.513
2026-05-19 15:12:08.806,30250,979.0,0.0,979.0,0.0,6329.513
2026-05-19 15:12:08.807,30500,979.0,0.0,979.0,0.0,6231.235
2026-05-19 15:12:08.921,30750,979.0,0.0,979.0,0.0,6231.235
2026-05-19 15:12:08.922,31000,994.723,2.459189777091,993.807,42.681,6132.743
2026-05-19 15:12:09.039,31250,979.0,0.0,979.0,0.0,6132.743
2026-05-19 15:12:09.040,31500,1017.63,-0.786188721091,1017.534,-13.963,5899.941
2026-05-19 15:12:09.170,31750,1018.688,-0.706494640387,1018.61,-12.561,5819.217
2026-05-19 15:12:09.171,32000,979.0,0.0,979.0,0.0,5819.217
2026-05-19 15:12:09.171,32250,979.0,0.0,979.0,0.0,5819.217
2026-05-19 15:12:09.304,32500,979.0,0.0,979.0,0.0,5745.191
2026-05-19 15:12:09.305,32750,979.0,0.0,979.0,0.0,5745.191
2026-05-19 15:12:09.437,33000,985.492,1.536729012468,984.899,26.539,5707.508
2026-05-19 15:12:09.438,33250,979.0,0.0,979.0,0.0,5682.385
2026-05-19 15:12:09.438,33500,979.0,0.0,979.0,0.0,5682.385
2026-05-19 15:12:09.577,33750,1024.687,-0.465973788758,1024.653,-8.333,5379.444
2026-05-19 15:12:09.578,34000,1024.687,-0.465973788758,1024.653,-8.333,5379.444
2026-05-19 15:12:09.578,34250,979.0,0.0,979.0,0.0,5379.444
2026-05-19 15:12:09.714,34500,979.0,0.0,979.0,0.0,5339.018
2026-05-19 15:12:09.715,34750,979.0,0.0,979.0,0.0,5339.018
2026-05-19 15:12:09.715,35000,979.0,0.0,979.0,0.0,5339.018
2026-05-19 15:12:09.850,35250,983.988,2.641663783674,982.942,45.351,5311.955
2026-05-19 15:12:09.850,35500,1025.739,-0.237811716413,1025.73,-4.257,5069.911
2026-05-19 15:12:09.851,35750,979.0,0.0,979.0,0.0,5069.911
2026-05-19 15:12:10.002,36000,979.0,0.0,979.0,0.0,5069.911
2026-05-19 15:12:10.004,36250,979.0,0.0,979.0,0.0,5053.16
2026-05-19 15:12:10.006,36500,979.0,0.0,979.0,0.0,5053.16
2026-05-19 15:12:10.144,36750,979.0,0.0,979.0,0.0,5052.649
2026-05-19 15:12:10.145,37000,1030.135,0.113807536244,1030.133,2.046,4801.84
2026-05-19 15:12:10.145,37250,979.0,0.0,979.0,0.0,4801.84
2026-05-19 15:12:10.249,37500,979.0,0.0,979.0,0.0,4801.84
2026-05-19 15:12:10.250,37750,979.0,0.0,979.0,0.0,4819.526
2026-05-19 15:12:10.250,38000,979.0,0.0,979.0,0.0,4819.526
2026-05-19 15:12:10.361,38250,979.0,0.0,979.0,0.0,4819.526
2026-05-19 15:12:10.362,38500,1035.225,0.312129913297,1035.21,5.64,4557.768
2026-05-19 15:12:10.485,38750,979.0,0.0,979.0,0.0,4591.487
2026-05-19 15:12:10.485,39000,979.0,0.0,979.0,0.0,4591.487
2026-05-19 15:12:10.486,39250,979.0,0.0,979.0,0.0,4591.487
2026-05-19 15:12:10.624,39500,979.0,0.0,979.0,0.0,4591.487
2026-05-19 15:12:10.624,39750,1036.403,0.718813789589,1036.322,13.002,4380.519
2026-05-19 15:12:10.625,40000,979.0,0.0,979.0,0.0,4380.519
2026-05-19 15:12:10.759,40250,979.0,0.0,979.0,0.0,4380.519
2026-05-19 15:12:10.759,40500,979.0,0.0,979.0,0.0,4380.519
2026-05-19 15:12:10.760,40750,979.0,0.0,979.0,0.0,4449.44
2026-05-19 15:12:10.882,41000,1021.92,0.732846470984,1021.837,13.071,4262.566
2026-05-19 15:12:10.883,41250,979.0,0.0,979.0,0.0,4262.566
2026-05-19 15:12:10.883,41500,979.0,0.0,979.0,0.0,4262.566
2026-05-19 15:12:11.017,41750,960.683,3.218750224387,959.168,53.941,4343.838
2026-05-19 15:12:11.017,42000,979.0,0.0,979.0,0.0,4343.838
2026-05-19 15:12:11.018,42250,979.0,0.0,979.0,0.0,4101.722
2026-05-19 15:12:11.018,42500,979.0,0.0,979.0,0.0,4101.722
2026-05-19 15:12:11.140,42750,979.0,0.0,979.0,0.0,4101.722
2026-05-19 15:12:11.140,43000,979.0,0.0,979.0,0.0,4101.722
2026-05-19 15:12:11.141,43250,979.0,0.0,979.0,0.0,4198.29
2026-05-19 15:12:11.277,43500,1037.747,1.582492995006,1037.351,28.659,3960.624
2026-05-19 15:12:11.278,43750,979.0,0.0,979.0,0.0,3960.624
2026-05-19 15:12:11.279,44000,979.0,0.0,979.0,0.0,3960.624
2026-05-19 15:12:11.399,44250,979.0,0.0,979.0,0.0,3960.624
2026-05-19 15:12:11.400,44500,973.205,0.653057521374,972.896,10.823,3984.785
2026-05-19 15:12:11.401,44750,979.0,0.0,979.0,0.0,3861.35
2026-05-19 15:12:11.401,45000,979.0,0.0,979.0,0.0,3861.35
2026-05-19 15:12:11.536,45250,979.0,0.0,979.0,0.0,3861.35
2026-05-19 15:12:11.536,45500,979.0,0.0,979.0,0.0,3861.35
2026-05-19 15:12:11.537,45750,979.0,0.0,979.0,0.0,3861.35
2026-05-19 15:12:11.648,46000,979.0,0.0,979.0,0.0,3655.855
2026-05-19 15:12:11.649,46250,979.0,0.0,979.0,0.0,3823.201
2026-05-19 15:12:11.649,46500,979.0,0.0,979.0,0.0,3823.201
2026-05-19 15:12:11.761,46750,979.0,0.0,979.0,0.0,3823.201
2026-05-19 15:12:11.762,47000,1000.338,0.953107407624,999.981,17.168,3744.176
2026-05-19 15:12:11.763,47250,979.0,0.0,979.0,0.0,3625.638
2026-05-19 15:12:11.895,47500,979.0,0.0,979.0,0.0,3625.638
2026-05-19 15:12:11.896,47750,979.0,0.0,979.0,0.0,3625.638
2026-05-19 15:12:11.896,48000,979.0,0.0,979.0,0.0,3625.638
2026-05-19 15:12:11.897,48250,1032.421,2.607632761173,1031.351,46.971,3438.037
2026-05-19 15:12:12.048,48500,979.0,0.0,979.0,0.0,3618.973
2026-05-19 15:12:12.051,48750,979.0,0.0,979.0,0.0,3618.973
2026-05-19 15:12:12.052,49000,979.0,0.0,979.0,0.0,3618.973
2026-05-19 15:12:12.054,49250,979.0,0.0,979.0,0.0,3438.037
2026-05-19 15:12:12.199,49500,979.0,0.0,979.0,0.0,3438.037
2026-05-19 15:12:12.200,49750,979.0,0.0,979.0,0.0,3438.037
2026-05-19 15:12:12.200,50000,979.0,0.0,979.0,0.0,3438.037
2026-05-19 15:12:12.201,50250,979.0,0.0,979.0,0.0,3438.037
2026-05-19 15:12:12.338,50500,979.0,0.0,979.0,0.0,3438.037
2026-05-19 15:12:12.339,50750,1035.348,3.820238021676,1033.048,68.981,3250.924
2026-05-19 15:12:12.339,51000,979.0,0.0,979.0,0.0,3448.719
2026-05-19 15:12:12.339,51250,979.0,0.0,979.0,0.0,3448.719
2026-05-19 15:12:12.475,51500,979.0,0.0,979.0,0.0,3448.719
2026-05-19 15:12:12.476,51750,979.0,0.0,979.0,0.0,3448.719
2026-05-19 15:12:12.476,52000,979.0,0.0,979.0,0.0,3448.719
2026-05-19 15:12:12.477,52250,979.0,0.0,979.0,0.0,3304.868
2026-05-19 15:12:12.477,52500,979.0,0.0,979.0,0.0,3304.868
2026-05-19 15:12:12.585,52750,979.0,0.0,979.0,0.0,3304.868
2026-05-19 15:12:12.586,53000,979.0,0.0,979.0,0.0,3304.868
2026-05-19 15:12:12.586,53250,979.0,0.0,979.0,0.0,3304.868
2026-05-19 15:12:12.706,53500,979.0,0.0,979.0,0.0,3304.868
2026-05-19 15:12:12.706,53750,979.0,0.0,979.0,0.0,3181.295
2026-05-19 15:12:12.707,54000,979.0,0.0,979.0,0.0,3181.295
2026-05-19 15:12:12.707,54250,979.0,0.0,979.0,0.0,3181.295
2026-05-19 15:12:12.846,54500,979.0,0.0,979.0,0.0,3181.295
2026-05-19 15:12:12.846,54750,979.0,0.0,979.0,0.0,3181.295
2026-05-19 15:12:12.847,55000,979.0,0.0,979.0,0.0,3181.295
2026-05-19 15:12:12.847,55250,979.0,0.0,979.0,0.0,3181.295
2026-05-19 15:12:12.983,55500,979.0,0.0,979.0,0.0,3069.393
2026-05-19 15:12:12.984,55750,979.0,0.0,979.0,0.0,3069.393
2026-05-19 15:12:12.984,56000,979.0,0.0,979.0,0.0,3069.393
2026-05-19 15:12:12.986,56250,979.0,0.0,979.0,0.0,3069.393
2026-05-19 15:12:13.123,56500,979.0,0.0,979.0,0.0,3069.393
2026-05-19 15:12:13.123,56750,979.0,0.0,979.0,0.0,3069.393
2026-05-19 15:12:13.124,57000,979.0,0.0,979.0,0.0,3069.393
2026-05-19 15:12:13.124,57250,979.0,0.0,979.0,0.0,3069.393
2026-05-19 15:12:13.260,57500,979.0,0.0,979.0,0.0,3069.393
2026-05-19 15:12:13.260,57750,979.0,0.0,979.0,0.0,3069.393
2026-05-19 15:12:13.261,58000,982.152,5.443602332949,977.691,92.706,3063.921
2026-05-19 15:12:13.261,58250,949.901,0.585585015483,949.783,9.261,3063.921
2026-05-19 15:12:13.396,58500,906.252,1.463962538707,905.957,23.153,3206.9
2026-05-19 15:12:13.397,58750,983.16,0.873980955756,982.578,15.236,3193.558
2026-05-19 15:12:13.397,59000,999.799,4.369904778779,996.892,76.18,3140.187
2026-05-19 15:12:13.398,59250,979.0,0.0,979.0,0.0,3140.187
2026-05-19 15:12:13.504,59500,1020.196,-5.541074809745,1015.347,-98.818,3016.262
2026-05-19 15:12:13.505,59750,1035.586,-5.833867317486,1030.223,-105.261,2968.602
2026-05-19 15:12:13.506,60000,979.0,0.0,979.0,0.0,2968.602
2026-05-19 15:12:13.506,60250,979.0,0.0,979.0,0.0,2968.602
2026-05-19 15:12:13.624,60500,979.0,0.0,979.0,0.0,2968.602
2026-05-19 15:12:13.625,60750,979.0,0.0,979.0,0.0,2968.602
2026-05-19 15:12:13.626,61000,979.0,0.0,979.0,0.0,2968.602
2026-05-19 15:12:13.626,61250,979.0,0.0,979.0,0.0,2968.602
2026-05-19 15:12:13.767,61500,979.0,0.0,979.0,0.0,2968.602
2026-05-19 15:12:13.768,61750,979.0,0.0,979.0,0.0,2968.602
2026-05-19 15:12:13.768,62000,979.0,0.0,979.0,0.0,2968.602
2026-05-19 15:12:13.769,62250,979.0,0.0,979.0,0.0,2968.602
2026-05-19 15:12:13.769,62500,979.0,0.0,979.0,0.0,2968.602
2026-05-19 15:12:13.769,62750,979.0,0.0,979.0,0.0,2968.602
2026-05-19 15:12:13.903,63000,1028.864,-1.013068431722,1028.587,-18.777,2829.232
2026-05-19 15:12:13.903,63250,979.0,0.0,979.0,0.0,2736.319
2026-05-19 15:12:13.904,63500,979.0,0.0,979.0,0.0,2736.319
2026-05-19 15:12:13.904,63750,979.0,0.0,979.0,0.0,2736.319
2026-05-19 15:12:14.026,64000,979.0,0.0,979.0,0.0,2736.319
2026-05-19 15:12:14.026,64250,979.0,0.0,979.0,0.0,2736.319
2026-05-19 15:12:14.027,64500,979.0,0.0,979.0,0.0,2736.319
2026-05-19 15:12:14.027,64750,979.0,0.0,979.0,0.0,2736.319
2026-05-19 15:12:14.028,65000,979.0,0.0,979.0,0.0,2736.319
2026-05-19 15:12:14.162,65250,979.0,0.0,979.0,0.0,2736.319
2026-05-19 15:12:14.162,65500,979.0,0.0,979.0,0.0,2736.319
2026-05-19 15:12:14.163,65750,979.0,0.0,979.0,0.0,2736.319
2026-05-19 15:12:14.163,66000,979.0,0.0,979.0,0.0,2736.319
2026-05-19 15:12:14.164,66250,979.0,0.0,979.0,0.0,2736.319
2026-05-19 15:12:14.303,66500,979.0,0.0,979.0,0.0,2736.319
2026-05-19 15:12:14.303,66750,979.0,0.0,979.0,0.0,2736.319
2026-05-19 15:12:14.304,67000,1065.121,-3.255309096063,1062.665,-59.662,2515.952
2026-05-19 15:12:14.304,67250,979.0,0.0,979.0,0.0,2492.103
2026-05-19 15:12:14.305,67500,979.0,0.0,979.0,0.0,2492.103
2026-05-19 15:12:14.437,67750,979.0,0.0,979.0,0.0,2492.103
2026-05-19 15:12:14.438,68000,979.0,0.0,979.0,0.0,2492.103
2026-05-19 15:12:14.438,68250,979.0,0.0,979.0,0.0,2492.103
2026-05-19 15:12:14.439,68500,979.0,0.0,979.0,0.0,2492.103
2026-05-19 15:12:14.551,68750,961.118,-2.227100265223,959.354,-36.259,2539.802
2026-05-19 15:12:14.551,69000,943.235,-4.454200530447,939.709,-72.518,2587.501
2026-05-19 15:12:14.552,69250,979.0,0.0,979.0,0.0,2611.351
2026-05-19 15:12:14.552,69500,979.0,0.0,979.0,0.0,2611.351
2026-05-19 15:12:14.552,69750,979.0,0.0,979.0,0.0,2611.351
2026-05-19 15:12:14.660,70000,979.0,0.0,979.0,0.0,2611.351
2026-05-19 15:12:14.661,70250,979.0,0.0,979.0,0.0,2611.351
2026-05-19 15:12:14.661,70500,979.0,0.0,979.0,0.0,2611.351
2026-05-19 15:12:14.787,70750,988.369,1.113550132612,987.401,19.906,2587.501
2026-05-19 15:12:14.787,71000,979.0,0.0,979.0,0.0,2611.351
2026-05-19 15:12:14.788,71250,988.369,1.113550132612,987.401,19.906,2587.501
2026-05-19 15:12:14.789,71500,1083.466,-3.368127183258,1081.595,-63.655,2359.568
2026-05-19 15:12:14.790,71750,1083.466,-3.368127183258,1081.595,-63.655,2359.568
2026-05-19 15:12:14.915,72000,979.0,0.0,979.0,0.0,2359.568
2026-05-19 15:12:14.915,72250,1037.334,6.023390614508,1031.607,108.852,2226.878
2026-05-19 15:12:14.916,72500,1037.334,6.023390614508,1031.607,108.852,2226.878
2026-05-19 15:12:14.916,72750,1037.334,6.023390614508,1031.607,108.852,2226.878
2026-05-19 15:12:14.917,73000,979.0,0.0,979.0,0.0,2226.878
2026-05-19 15:12:15.038,73250,979.0,0.0,979.0,0.0,2226.878
2026-05-19 15:12:15.039,73500,979.0,0.0,979.0,0.0,2226.878
2026-05-19 15:12:15.039,73750,979.0,0.0,979.0,0.0,2226.878
2026-05-19 15:12:15.040,74000,979.0,0.0,979.0,0.0,2226.878
2026-05-19 15:12:15.177,74250,979.0,0.0,979.0,0.0,2226.878
2026-05-19 15:12:15.177,74500,979.0,0.0,979.0,0.0,2226.878
2026-05-19 15:12:15.178,74750,979.0,0.0,979.0,0.0,2226.878
2026-05-19 15:12:15.178,75000,979.0,0.0,979.0,0.0,2226.878
2026-05-19 15:12:15.178,75250,979.0,0.0,979.0,0.0,2226.878
2026-05-19 15:12:15.315,75500,979.0,0.0,979.0,0.0,2226.878
2026-05-19 15:12:15.315,75750,979.0,0.0,979.0,0.0,2226.878
2026-05-19 15:12:15.316,76000,979.0,0.0,979.0,0.0,2226.878
2026-05-19 15:12:15.316,76250,979.0,0.0,979.0,0.0,2226.878
2026-05-19 15:12:15.317,76500,979.0,0.0,979.0,0.0,2226.878
2026-05-19 15:12:15.317,76750,979.0,0.0,979.0,0.0,2226.878
2026-05-19 15:12:15.443,77000,979.0,0.0,979.0,0.0,2226.878
2026-05-19 15:12:15.443,77250,1046.66,-1.94125559201,1045.616,-36.971,2088.871
2026-05-19 15:12:15.444,77500,979.0,0.0,979.0,0.0,1996.867
2026-05-19 15:12:15.444,77750,979.0,0.0,979.0,0.0,1996.867
2026-05-19 15:12:15.445,78000,979.0,0.0,979.0,0.0,1996.867
2026-05-19 15:12:15.445,78250,979.0,0.0,979.0,0.0,1996.867
2026-05-19 15:12:15.552,78500,979.0,0.0,979.0,0.0,1996.867
2026-05-19 15:12:15.553,78750,979.0,0.0,979.0,0.0,1996.867
2026-05-19 15:12:15.553,79000,979.0,0.0,979.0,0.0,1996.867
2026-05-19 15:12:15.554,79250,979.0,0.0,979.0,0.0,1996.867
2026-05-19 15:12:15.670,79500,979.0,0.0,979.0,0.0,1996.867
2026-05-19 15:12:15.670,79750,979.0,0.0,979.0,0.0,1996.867
2026-05-19 15:12:15.671,80000,979.0,0.0,979.0,0.0,1996.867
2026-05-19 15:12:15.671,80250,979.0,0.0,979.0,0.0,1996.867
2026-05-19 15:12:15.672,80500,979.0,0.0,979.0,0.0,1996.867
2026-05-19 15:12:15.803,80750,979.0,0.0,979.0,0.0,1996.867
2026-05-19 15:12:15.804,81000,979.0,0.0,979.0,0.0,1996.867
2026-05-19 15:12:15.804,81250,979.0,0.0,979.0,0.0,1996.867
2026-05-19 15:12:15.805,81500,979.0,0.0,979.0,0.0,1996.867
2026-05-19 15:12:15.805,81750,979.0,0.0,979.0,0.0,1887.867
2026-05-19 15:12:15.806,82000,979.0,0.0,979.0,0.0,1887.867
2026-05-19 15:12:15.987,82250,979.0,0.0,979.0,0.0,1887.867
2026-05-19 15:12:15.989,82500,979.0,0.0,979.0,0.0,1887.867
2026-05-19 15:12:15.993,82750,979.0,0.0,979.0,0.0,1887.867
2026-05-19 15:12:15.997,83000,1111.99,-3.24004564769,1110.212,-62.849,1662.085
2026-05-19 15:12:15.998,83250,979.0,0.0,979.0,0.0,1662.085
2026-05-19 15:12:15.999,83500,979.0,0.0,979.0,0.0,1662.085
2026-05-19 15:12:16.000,83750,979.0,0.0,979.0,0.0,1662.085
2026-05-19 15:12:16.001,84000,979.0,0.0,979.0,0.0,1662.085
2026-05-19 15:12:16.002,84250,979.0,0.0,979.0,0.0,1662.085
2026-05-19 15:12:16.143,84500,979.0,0.0,979.0,0.0,1662.085
2026-05-19 15:12:16.145,84750,979.0,0.0,979.0,0.0,1662.085
2026-05-19 15:12:16.148,85000,979.0,0.0,979.0,0.0,1662.085
2026-05-19 15:12:16.149,85250,979.0,0.0,979.0,0.0,1662.085
2026-05-19 15:12:16.150,85500,979.0,0.0,979.0,0.0,1662.085
2026-05-19 15:12:16.152,85750,979.0,0.0,979.0,0.0,1662.085
2026-05-19 15:12:16.308,86000,979.0,0.0,979.0,0.0,1662.085
2026-05-19 15:12:16.309,86250,979.0,0.0,979.0,0.0,1662.085
2026-05-19 15:12:16.313,86500,979.0,0.0,979.0,0.0,1662.085
2026-05-19 15:12:16.315,86750,979.0,0.0,979.0,0.0,1662.085
2026-05-19 15:12:16.316,87000,979.0,0.0,979.0,0.0,1662.085
2026-05-19 15:12:16.317,87250,979.0,0.0,979.0,0.0,1662.085
2026-05-19 15:12:16.319,87500,979.0,0.0,979.0,0.0,1662.085
2026-05-19 15:12:16.320,87750,979.0,0.0,979.0,0.0,1662.085
2026-05-19 15:12:16.460,88000,979.0,0.0,979.0,0.0,1662.085
2026-05-19 15:12:16.462,88250,979.0,0.0,979.0,0.0,1662.085
2026-05-19 15:12:16.465,88500,979.0,0.0,979.0,0.0,1662.085
2026-05-19 15:12:16.467,88750,1009.774,-0.879700575028,1009.107,-17.377,1616.935
2026-05-19 15:12:16.471,89000,1132.869,-4.398502875142,1129.533,-86.883,1436.336
2026-05-19 15:12:16.475,89250,979.0,0.0,979.0,0.0,1436.336
2026-05-19 15:12:16.613,89500,979.0,0.0,979.0,0.0,1436.336
2026-05-19 15:12:16.615,89750,979.0,0.0,979.0,0.0,1436.336
2026-05-19 15:12:16.616,90000,979.0,0.0,979.0,0.0,1436.336
2026-05-19 15:12:16.618,90250,902.84,-9.90199356769,889.391,-155.255,1436.336
2026-05-19 15:12:16.619,90500,979.0,0.0,979.0,0.0,1324.598
2026-05-19 15:12:16.621,90750,979.0,0.0,979.0,0.0,1324.598
2026-05-19 15:12:16.622,91000,979.0,0.0,979.0,0.0,1324.598
2026-05-19 15:12:16.767,91250,979.0,0.0,979.0,0.0,1324.598
2026-05-19 15:12:16.769,91500,979.0,0.0,979.0,0.0,1324.598
2026-05-19 15:12:16.773,91750,979.0,0.0,979.0,0.0,1324.598
2026-05-19 15:12:16.777,92000,979.0,0.0,979.0,0.0,1324.598
2026-05-19 15:12:16.778,92250,979.0,0.0,979.0,0.0,1324.598
2026-05-19 15:12:16.779,92500,979.0,0.0,979.0,0.0,1324.598
2026-05-19 15:12:16.781,92750,979.0,0.0,979.0,0.0,1324.598
2026-05-19 15:12:16.922,93000,979.0,0.0,979.0,0.0,1324.598
2026-05-19 15:12:16.925,93250,979.0,0.0,979.0,0.0,1324.598
2026-05-19 15:12:16.929,93500,979.0,0.0,979.0,0.0,1324.598
2026-05-19 15:12:16.931,93750,979.0,0.0,979.0,0.0,1324.598
2026-05-19 15:12:16.933,94000,979.0,0.0,979.0,0.0,1324.598
2026-05-19 15:12:16.937,94250,979.0,0.0,979.0,0.0,1324.598
2026-05-19 15:12:16.940,94500,979.0,0.0,979.0,0.0,1324.598
2026-05-19 15:12:17.085,94750,979.0,0.0,979.0,0.0,1324.598
2026-05-19 15:12:17.087,95000,979.0,0.0,979.0,0.0,1324.598
2026-05-19 15:12:17.091,95250,1211.371,-5.062418566341,1206.646,-106.893,1070.507
2026-05-19 15:12:17.095,95500,979.0,0.0,979.0,0.0,1070.507
2026-05-19 15:12:17.096,95750,979.0,0.0,979.0,0.0,1070.507
2026-05-19 15:12:17.097,96000,979.0,0.0,979.0,0.0,1070.507
2026-05-19 15:12:17.234,96250,979.0,0.0,979.0,0.0,1070.507
2026-05-19 15:12:17.235,96500,979.0,0.0,979.0,0.0,1070.507
2026-05-19 15:12:17.239,96750,979.0,0.0,979.0,0.0,1070.507
2026-05-19 15:12:17.240,97000,979.0,0.0,979.0,0.0,1070.507
2026-05-19 15:12:17.241,97250,979.0,0.0,979.0,0.0,1070.507
2026-05-19 15:12:17.242,97500,979.0,0.0,979.0,0.0,1070.507
2026-05-19 15:12:17.243,97750,979.0,0.0,979.0,0.0,1070.507
2026-05-19 15:12:17.394,98000,979.0,0.0,979.0,0.0,1070.507
2026-05-19 15:12:17.395,98250,979.0,0.0,979.0,0.0,1070.507
2026-05-19 15:12:17.395,98500,979.0,0.0,979.0,0.0,1070.507
2026-05-19 15:12:17.396,98750,979.0,0.0,979.0,0.0,1070.507
2026-05-19 15:12:17.396,99000,979.0,0.0,979.0,0.0,1070.507
2026-05-19 15:12:17.396,99250,979.0,0.0,979.0,0.0,1070.507
2026-05-19 15:12:17.507,99500,979.0,0.0,979.0,0.0,1070.507
2026-05-19 15:12:17.508,99750,979.0,0.0,979.0,0.0,1070.507
2026-05-19 15:12:17.509,100000,979.0,0.0,979.0,0.0,1070.507
2026-05-19 15:12:18.043,10000,983.31,-1.051643630515,983.033,-18.098,9245.732
2026-05-19 15:12:18.169,10250,979.0,0.0,979.0,0.0,9286.314
2026-05-19 15:12:18.315,10500,979.0,0.0,979.0,0.0,9286.314
2026-05-19 15:12:18.439,10750,982.878,0.401356909342,982.755,6.992,9250.244
2026-05-19 15:12:18.575,11000,1005.754,0.445795900565,1005.723,7.825,9105.965
2026-05-19 15:12:18.708,11250,979.0,0.0,979.0,0.0,9105.965
2026-05-19 15:12:18.843,11500,979.0,0.0,979.0,0.0,9105.965
2026-05-19 15:12:18.982,11750,979.0,0.0,979.0,0.0,9178.44
2026-05-19 15:12:19.220,12000,979.0,0.0,979.0,0.0,9178.44
2026-05-19 15:12:19.220,12250,979.0,0.0,979.0,0.0,9178.44
2026-05-19 15:12:19.350,12500,1006.089,0.215126288188,1006.025,3.739,9009.102
2026-05-19 15:12:19.565,12750,979.0,0.0,979.0,0.0,9025.481
2026-05-19 15:12:19.699,13000,979.0,0.0,979.0,0.0,9025.481
2026-05-19 15:12:19.823,13250,982.696,-0.575207352745,982.571,-9.92,9076.586
2026-05-19 15:12:19.824,13500,979.0,0.0,979.0,0.0,9110.657
2026-05-19 15:12:19.934,13750,1005.17,0.596406353861,1005.116,10.463,8873.453
2026-05-19 15:12:20.048,14000,989.807,-1.511920412512,989.463,-26.116,8873.453
2026-05-19 15:12:20.183,14250,979.0,0.0,979.0,0.0,8971.41
2026-05-19 15:12:20.321,14500,982.151,0.079714968475,982.146,1.384,8942.99
2026-05-19 15:12:20.471,14750,1006.668,-1.125504997653,1006.473,-19.773,8829.312
2026-05-19 15:12:20.472,15000,979.0,0.0,979.0,0.0,8938.448
2026-05-19 15:12:20.610,15250,979.0,0.0,979.0,0.0,8938.448
2026-05-19 15:12:20.744,15500,979.0,0.0,979.0,0.0,8938.448
2026-05-19 15:12:20.880,15750,1011.828,-0.172932842102,1011.739,-3.139,8758.787
2026-05-19 15:12:20.880,16000,979.0,0.0,979.0,0.0,8828.731
2026-05-19 15:12:21.020,16250,998.859,0.607213456,998.789,10.638,8654.066
2026-05-19 15:12:21.145,16500,998.859,0.607213456,998.789,10.638,8654.066
2026-05-19 15:12:21.145,16750,1003.297,0.778640438833,1003.205,13.634,8704.426
2026-05-19 15:12:21.267,17000,979.0,0.0,979.0,0.0,8704.426
2026-05-19 15:12:21.378,17250,989.441,-1.685979419587,988.997,-29.047,8521.895
2026-05-19 15:12:21.514,17500,1020.604,-0.613423882303,1020.546,-10.927,8476.262
2026-05-19 15:12:21.514,17750,979.0,0.0,979.0,0.0,8611.81
2026-05-19 15:12:21.646,18000,979.0,0.0,979.0,0.0,8611.81
2026-05-19 15:12:21.782,18250,1005.36,0.960686760165,1005.219,16.856,8386.009
2026-05-19 15:12:21.782,18500,995.939,-1.485942574055,995.604,-25.826,8386.009
2026-05-19 15:12:21.918,18750,979.0,0.0,979.0,0.0,8531.103
2026-05-19 15:12:22.037,19000,1004.055,1.003388467307,1003.901,17.583,8318.223
2026-05-19 15:12:22.038,19250,979.0,0.0,979.0,0.0,8318.223
2026-05-19 15:12:22.160,19500,997.248,-1.40404357591,996.949,-24.435,8104.803
2026-05-19 15:12:22.296,19750,989.949,-0.842426145546,989.769,-14.661,8165.231
2026-05-19 15:12:22.298,20000,979.0,0.0,979.0,0.0,8255.872
2026-05-19 15:12:22.448,20250,988.734,0.443703633743,988.659,7.769,8175.774
2026-05-19 15:12:22.449,20500,979.0,0.0,979.0,0.0,8055.627
2026-05-19 15:12:22.582,20750,997.775,-1.321511433571,997.51,-23.011,8055.627
2026-05-19 15:12:22.583,21000,979.0,0.0,979.0,0.0,8043.919
2026-05-19 15:12:22.718,21250,979.0,0.0,979.0,0.0,8043.919
2026-05-19 15:12:22.719,21500,979.0,0.0,979.0,0.0,8043.919
2026-05-19 15:12:22.825,21750,979.0,0.0,979.0,0.0,7856.622
2026-05-19 15:12:22.944,22000,1000.678,-1.344840918854,1000.403,-23.486,7856.622
2026-05-19 15:12:22.944,22250,1025.791,-0.020409073853,1025.791,-0.365,7664.281
2026-05-19 15:12:23.058,22500,979.0,0.0,979.0,0.0,7842.522
2026-05-19 15:12:23.194,22750,979.0,0.0,979.0,0.0,7842.522
2026-05-19 15:12:23.194,23000,979.0,0.0,979.0,0.0,7658.862
2026-05-19 15:12:23.331,23250,979.0,0.0,979.0,0.0,7658.862
2026-05-19 15:12:23.332,23500,999.903,1.300566439113,999.645,22.695,7498.755
2026-05-19 15:12:23.460,23750,979.0,0.0,979.0,0.0,7498.755
2026-05-19 15:12:23.461,24000,1003.089,-1.239554918038,1002.854,-21.699,7498.755
2026-05-19 15:12:23.574,24250,1004.217,-1.23033097061,1003.986,-21.562,7326.976
2026-05-19 15:12:23.576,24500,994.13,-0.738198582366,993.991,-12.937,7402.467
2026-05-19 15:12:23.711,24750,999.596,1.482344701308,999.262,25.858,7360.845
2026-05-19 15:12:23.712,25000,979.0,0.0,979.0,0.0,7360.845
2026-05-19 15:12:23.845,25250,979.0,0.0,979.0,0.0,7360.845
2026-05-19 15:12:23.845,25500,979.0,0.0,979.0,0.0,7206.363
2026-05-19 15:12:23.984,25750,979.0,0.0,979.0,0.0,7206.363
2026-05-19 15:12:23.985,26000,996.708,1.425420393579,996.399,24.794,7078.333
2026-05-19 15:12:23.986,26250,979.0,0.0,979.0,0.0,7078.333
2026-05-19 15:12:24.118,26500,998.918,1.697162980167,998.48,29.585,6937.194
2026-05-19 15:12:24.119,26750,979.0,0.0,979.0,0.0,6937.194
2026-05-19 15:12:24.244,27000,979.0,0.0,979.0,0.0,6937.194
2026-05-19 15:12:24.245,27250,998.093,1.73734201155,997.634,30.26,6804.488
2026-05-19 15:12:24.385,27500,979.0,0.0,979.0,0.0,6804.488
2026-05-19 15:12:24.386,27750,986.875,0.769582034997,986.65,13.412,6750.83
2026-05-19 15:12:24.508,28000,979.0,0.0,979.0,0.0,6670.342
2026-05-19 15:12:24.509,28250,979.0,0.0,979.0,0.0,6670.342
2026-05-19 15:12:24.650,28500,979.0,0.0,979.0,0.0,6557.083
2026-05-19 15:12:24.650,28750,979.0,0.0,979.0,0.0,6557.083
2026-05-19 15:12:24.651,29000,979.0,0.0,979.0,0.0,6557.083
2026-05-19 15:12:24.776,29250,979.0,0.0,979.0,0.0,6439.888
2026-05-19 15:12:24.777,29500,979.0,0.0,979.0,0.0,6439.888
2026-05-19 15:12:24.912,29750,979.0,0.0,979.0,0.0,6329.513
2026-05-19 15:12:24.913,30000,979.0,0.0,979.0,0.0,6329.513
2026-05-19 15:12:24.914,30250,979.0,0.0,979.0,0.0,6329.513
2026-05-19 15:12:25.025,30500,979.0,0.0,979.0,0.0,6231.235
2026-05-19 15:12:25.026,30750,979.0,0.0,979.0,0.0,6231.235
2026-05-19 15:12:25.141,31000,994.723,2.459189777091,993.807,42.681,6132.743
2026-05-19 15:12:25.141,31250,979.0,0.0,979.0,0.0,6132.743
2026-05-19 15:12:25.271,31500,1017.63,-0.786188721091,1017.534,-13.963,5899.941
2026-05-19 15:12:25.272,31750,1018.688,-0.706494640387,1018.61,-12.561,5819.217
2026-05-19 15:12:25.401,32000,979.0,0.0,979.0,0.0,5819.217
2026-05-19 15:12:25.402,32250,979.0,0.0,979.0,0.0,5819.217
2026-05-19 15:12:25.402,32500,979.0,0.0,979.0,0.0,5745.191
2026-05-19 15:12:25.506,32750,979.0,0.0,979.0,0.0,5745.191
2026-05-19 15:12:25.506,33000,987.657,2.048972016624,986.866,35.385,5694.946
2026-05-19 15:12:25.616,33250,979.0,0.0,979.0,0.0,5682.385
2026-05-19 15:12:25.617,33500,979.0,0.0,979.0,0.0,5682.385
2026-05-19 15:12:25.747,33750,1024.687,-0.465973788758,1024.653,-8.333,5379.444
2026-05-19 15:12:25.748,34000,1024.687,-0.465973788758,1024.653,-8.333,5379.444
2026-05-19 15:12:25.749,34250,979.0,0.0,979.0,0.0,5379.444
2026-05-19 15:12:25.860,34500,979.0,0.0,979.0,0.0,5339.018
2026-05-19 15:12:25.861,34750,979.0,0.0,979.0,0.0,5339.018
2026-05-19 15:12:25.987,35000,979.0,0.0,979.0,0.0,5339.018
2026-05-19 15:12:25.988,35250,983.988,2.641663783674,982.942,45.351,5311.955
2026-05-19 15:12:25.988,35500,1025.739,-0.237811716413,1025.73,-4.257,5069.911
2026-05-19 15:12:26.097,35750,979.0,0.0,979.0,0.0,5069.911
2026-05-19 15:12:26.098,36000,979.0,0.0,979.0,0.0,5069.911
2026-05-19 15:12:26.212,36250,979.0,0.0,979.0,0.0,5053.16
2026-05-19 15:12:26.212,36500,979.0,0.0,979.0,0.0,5053.16
2026-05-19 15:12:26.213,36750,979.0,0.0,979.0,0.0,5052.649
2026-05-19 15:12:26.346,37000,1030.135,0.113807536244,1030.133,2.046,4801.84
2026-05-19 15:12:26.347,37250,979.0,0.0,979.0,0.0,4801.84
2026-05-19 15:12:26.348,37500,979.0,0.0,979.0,0.0,4801.84
2026-05-19 15:12:26.462,37750,979.0,0.0,979.0,0.0,4819.526
2026-05-19 15:12:26.464,38000,979.0,0.0,979.0,0.0,4819.526
2026-05-19 15:12:26.637,38250,979.0,0.0,979.0,0.0,4819.526
2026-05-19 15:12:26.637,38500,1035.225,0.312129913297,1035.21,5.64,4557.768
2026-05-19 15:12:26.638,38750,979.0,0.0,979.0,0.0,4591.487
2026-05-19 15:12:26.638,39000,979.0,0.0,979.0,0.0,4591.487
2026-05-19 15:12:26.639,39250,979.0,0.0,979.0,0.0,4591.487
2026-05-19 15:12:26.771,39500,979.0,0.0,979.0,0.0,4591.487
2026-05-19 15:12:26.773,39750,1036.403,0.718813789589,1036.322,13.002,4380.519
2026-05-19 15:12:26.773,40000,979.0,0.0,979.0,0.0,4380.519
2026-05-19 15:12:26.883,40250,979.0,0.0,979.0,0.0,4380.519
2026-05-19 15:12:26.884,40500,979.0,0.0,979.0,0.0,4380.519
2026-05-19 15:12:26.998,40750,979.0,0.0,979.0,0.0,4449.44
2026-05-19 15:12:26.999,41000,1021.92,0.732846470984,1021.837,13.071,4262.566
2026-05-19 15:12:26.999,41250,979.0,0.0,979.0,0.0,4262.566
2026-05-19 15:12:27.110,41500,979.0,0.0,979.0,0.0,4262.566
2026-05-19 15:12:27.111,41750,960.683,3.218750224387,959.168,53.941,4343.838
2026-05-19 15:12:27.249,42000,990.558,0.249717235982,990.508,4.518,4295.415
2026-05-19 15:12:27.249,42250,979.0,0.0,979.0,0.0,4101.722
2026-05-19 15:12:27.250,42500,979.0,0.0,979.0,0.0,4101.722
2026-05-19 15:12:27.250,42750,979.0,0.0,979.0,0.0,4101.722
2026-05-19 15:12:27.374,43000,979.0,0.0,979.0,0.0,4101.722
2026-05-19 15:12:27.375,43250,979.0,0.0,979.0,0.0,4198.29
2026-05-19 15:12:27.375,43500,1037.747,1.582492995006,1037.351,28.659,3960.624
2026-05-19 15:12:27.520,43750,979.0,0.0,979.0,0.0,3960.624
2026-05-19 15:12:27.521,44000,979.0,0.0,979.0,0.0,3960.624
2026-05-19 15:12:27.522,44250,979.0,0.0,979.0,0.0,3960.624
2026-05-19 15:12:27.525,44500,973.205,0.653057521374,972.896,10.823,3984.785
2026-05-19 15:12:27.665,44750,979.0,0.0,979.0,0.0,3861.35
2026-05-19 15:12:27.667,45000,979.0,0.0,979.0,0.0,3861.35
2026-05-19 15:12:27.671,45250,979.0,0.0,979.0,0.0,3861.35
2026-05-19 15:12:27.675,45500,979.0,0.0,979.0,0.0,3861.35
2026-05-19 15:12:27.828,45750,979.0,0.0,979.0,0.0,3861.35
2026-05-19 15:12:27.829,46000,979.0,0.0,979.0,0.0,3655.855
2026-05-19 15:12:27.830,46250,979.0,0.0,979.0,0.0,3823.201
2026-05-19 15:12:27.831,46500,979.0,0.0,979.0,0.0,3823.201
2026-05-19 15:12:27.982,46750,979.0,0.0,979.0,0.0,3823.201
2026-05-19 15:12:27.984,47000,1000.338,0.953107407624,999.981,17.168,3744.176
2026-05-19 15:12:27.985,47250,979.0,0.0,979.0,0.0,3625.638
2026-05-19 15:12:27.986,47500,979.0,0.0,979.0,0.0,3625.638
2026-05-19 15:12:28.146,47750,979.0,0.0,979.0,0.0,3625.638
2026-05-19 15:12:28.148,48000,979.0,0.0,979.0,0.0,3625.638
2026-05-19 15:12:28.149,48250,1032.421,2.607632761173,1031.351,46.971,3438.037
2026-05-19 15:12:28.150,48500,979.0,0.0,979.0,0.0,3618.973
2026-05-19 15:12:28.151,48750,979.0,0.0,979.0,0.0,3618.973
2026-05-19 15:12:28.312,49000,979.0,0.0,979.0,0.0,3618.973
2026-05-19 15:12:28.313,49250,979.0,0.0,979.0,0.0,3438.037
2026-05-19 15:12:28.315,49500,979.0,0.0,979.0,0.0,3438.037
2026-05-19 15:12:28.316,49750,979.0,0.0,979.0,0.0,3438.037
2026-05-19 15:12:28.459,50000,979.0,0.0,979.0,0.0,3438.037
2026-05-19 15:12:28.460,50250,979.0,0.0,979.0,0.0,3438.037
2026-05-19 15:12:28.464,50500,979.0,0.0,979.0,0.0,3438.037
2026-05-19 15:12:28.468,50750,1035.348,3.820238021676,1033.048,68.981,3250.924
2026-05-19 15:12:28.472,51000,979.0,0.0,979.0,0.0,3448.719
2026-05-19 15:12:28.613,51250,979.0,0.0,979.0,0.0,3448.719
2026-05-19 15:12:28.615,51500,979.0,0.0,979.0,0.0,3448.719
2026-05-19 15:12:28.616,51750,979.0,0.0,979.0,0.0,3448.719
2026-05-19 15:12:28.617,52000,979.0,0.0,979.0,0.0,3448.719
2026-05-19 15:12:28.768,52250,979.0,0.0,979.0,0.0,3304.868
2026-05-19 15:12:28.771,52500,979.0,0.0,979.0,0.0,3304.868
2026-05-19 15:12:28.775,52750,979.0,0.0,979.0,0.0,3304.868
2026-05-19 15:12:28.776,53000,979.0,0.0,979.0,0.0,3304.868
2026-05-19 15:12:28.777,53250,979.0,0.0,979.0,0.0,3304.868
2026-05-19 15:12:28.933,53500,979.0,0.0,979.0,0.0,3304.868
2026-05-19 15:12:28.936,53750,979.0,0.0,979.0,0.0,3181.295
2026-05-19 15:12:28.937,54000,979.0,0.0,979.0,0.0,3181.295
2026-05-19 15:12:28.938,54250,979.0,0.0,979.0,0.0,3181.295
2026-05-19 15:12:28.940,54500,979.0,0.0,979.0,0.0,3181.295
2026-05-19 15:12:29.081,54750,979.0,0.0,979.0,0.0,3181.295
2026-05-19 15:12:29.081,55000,979.0,0.0,979.0,0.0,3181.295
2026-05-19 15:12:29.082,55250,979.0,0.0,979.0,0.0,3181.295
2026-05-19 15:12:29.082,55500,979.0,0.0,979.0,0.0,3069.393
2026-05-19 15:12:29.083,55750,979.0,0.0,979.0,0.0,3069.393
2026-05-19 15:12:29.188,56000,979.0,0.0,979.0,0.0,3069.393
2026-05-19 15:12:29.189,56250,979.0,0.0,979.0,0.0,3069.393
2026-05-19 15:12:29.189,56500,979.0,0.0,979.0,0.0,3069.393
2026-05-19 15:12:29.296,56750,979.0,0.0,979.0,0.0,3069.393
2026-05-19 15:12:29.297,57000,979.0,0.0,979.0,0.0,3069.393
2026-05-19 15:12:29.297,57250,979.0,0.0,979.0,0.0,3069.393
2026-05-19 15:12:29.409,57500,979.0,0.0,979.0,0.0,3069.393
2026-05-19 15:12:29.410,57750,979.0,0.0,979.0,0.0,3069.393
2026-05-19 15:12:29.410,58000,982.152,5.443602332949,977.691,92.706,3063.921
2026-05-19 15:12:29.522,58250,964.45,0.292792507741,964.391,4.631,3016.262
2026-05-19 15:12:29.523,58500,906.252,1.463962538707,905.957,23.153,3206.9
2026-05-19 15:12:29.523,58750,983.16,0.873980955756,982.578,15.236,3193.558
2026-05-19 15:12:29.523,59000,999.799,4.369904778779,996.892,76.18,3140.187
2026-05-19 15:12:29.646,59250,979.0,0.0,979.0,0.0,3140.187
2026-05-19 15:12:29.647,59500,1020.196,-5.541074809745,1015.347,-98.818,3016.262
2026-05-19 15:12:29.647,59750,1035.586,-5.833867317486,1030.223,-105.261,2968.602
2026-05-19 15:12:29.649,60000,979.0,0.0,979.0,0.0,2968.602
2026-05-19 15:12:29.788,60250,979.0,0.0,979.0,0.0,2968.602
2026-05-19 15:12:29.789,60500,979.0,0.0,979.0,0.0,2968.602
2026-05-19 15:12:29.789,60750,979.0,0.0,979.0,0.0,2968.602
2026-05-19 15:12:29.790,61000,979.0,0.0,979.0,0.0,2968.602
2026-05-19 15:12:29.790,61250,979.0,0.0,979.0,0.0,2968.602
2026-05-19 15:12:29.924,61500,979.0,0.0,979.0,0.0,2968.602
2026-05-19 15:12:29.925,61750,979.0,0.0,979.0,0.0,2968.602
2026-05-19 15:12:29.925,62000,979.0,0.0,979.0,0.0,2968.602
2026-05-19 15:12:29.926,62250,979.0,0.0,979.0,0.0,2968.602
2026-05-19 15:12:29.926,62500,979.0,0.0,979.0,0.0,2968.602
2026-05-19 15:12:30.053,62750,979.0,0.0,979.0,0.0,2968.602
2026-05-19 15:12:30.054,63000,1028.864,-1.013068431722,1028.587,-18.777,2829.232
2026-05-19 15:12:30.054,63250,979.0,0.0,979.0,0.0,2736.319
2026-05-19 15:12:30.055,63500,979.0,0.0,979.0,0.0,2736.319
2026-05-19 15:12:30.161,63750,979.0,0.0,979.0,0.0,2736.319
2026-05-19 15:12:30.162,64000,979.0,0.0,979.0,0.0,2736.319
2026-05-19 15:12:30.162,64250,979.0,0.0,979.0,0.0,2736.319
2026-05-19 15:12:30.162,64500,979.0,0.0,979.0,0.0,2736.319
2026-05-19 15:12:30.266,64750,979.0,0.0,979.0,0.0,2736.319
2026-05-19 15:12:30.266,65000,979.0,0.0,979.0,0.0,2736.319
2026-05-19 15:12:30.267,65250,979.0,0.0,979.0,0.0,2736.319
2026-05-19 15:12:30.267,65500,979.0,0.0,979.0,0.0,2736.319
2026-05-19 15:12:30.390,65750,979.0,0.0,979.0,0.0,2736.319
2026-05-19 15:12:30.391,66000,979.0,0.0,979.0,0.0,2736.319
2026-05-19 15:12:30.392,66250,979.0,0.0,979.0,0.0,2736.319
2026-05-19 15:12:30.392,66500,979.0,0.0,979.0,0.0,2736.319
2026-05-19 15:12:30.529,66750,979.0,0.0,979.0,0.0,2736.319
2026-05-19 15:12:30.530,67000,1065.121,-3.255309096063,1062.665,-59.662,2515.952
2026-05-19 15:12:30.531,67250,979.0,0.0,979.0,0.0,2492.103
2026-05-19 15:12:30.531,67500,979.0,0.0,979.0,0.0,2492.103
2026-05-19 15:12:30.532,67750,979.0,0.0,979.0,0.0,2492.103
2026-05-19 15:12:30.664,68000,979.0,0.0,979.0,0.0,2492.103
2026-05-19 15:12:30.665,68250,979.0,0.0,979.0,0.0,2492.103
2026-05-19 15:12:30.666,68500,970.059,-1.113550132612,969.177,-18.13,2515.952
2026-05-19 15:12:30.668,68750,952.176,-3.340650397835,949.532,-54.389,2563.652
2026-05-19 15:12:30.671,69000,952.176,-3.340650397835,949.532,-54.389,2563.652
2026-05-19 15:12:30.775,69250,979.0,0.0,979.0,0.0,2611.351
2026-05-19 15:12:30.776,69500,979.0,0.0,979.0,0.0,2611.351
2026-05-19 15:12:30.777,69750,979.0,0.0,979.0,0.0,2611.351
2026-05-19 15:12:30.777,70000,979.0,0.0,979.0,0.0,2611.351
2026-05-19 15:12:30.886,70250,979.0,0.0,979.0,0.0,2611.351
2026-05-19 15:12:30.887,70500,979.0,0.0,979.0,0.0,2611.351
2026-05-19 15:12:30.888,70750,988.369,1.113550132612,987.401,19.906,2587.501
2026-05-19 15:12:30.888,71000,979.0,0.0,979.0,0.0,2611.351
2026-05-19 15:12:30.997,71250,988.369,1.113550132612,987.401,19.906,2587.501
2026-05-19 15:12:30.998,71500,1083.466,-3.368127183258,1081.595,-63.655,2359.568
2026-05-19 15:12:30.998,71750,1083.466,-3.368127183258,1081.595,-63.655,2359.568
2026-05-19 15:12:30.998,72000,979.0,0.0,979.0,0.0,2359.568
2026-05-19 15:12:31.121,72250,1037.334,6.023390614508,1031.607,108.852,2226.878
2026-05-19 15:12:31.121,72500,1037.334,6.023390614508,1031.607,108.852,2226.878
2026-05-19 15:12:31.122,72750,1037.334,6.023390614508,1031.607,108.852,2226.878
2026-05-19 15:12:31.122,73000,979.0,0.0,979.0,0.0,2226.878
2026-05-19 15:12:31.122,73250,979.0,0.0,979.0,0.0,2226.878
2026-05-19 15:12:31.262,73500,979.0,0.0,979.0,0.0,2226.878
2026-05-19 15:12:31.262,73750,979.0,0.0,979.0,0.0,2226.878
2026-05-19 15:12:31.263,74000,979.0,0.0,979.0,0.0,2226.878
2026-05-19 15:12:31.263,74250,979.0,0.0,979.0,0.0,2226.878
2026-05-19 15:12:31.264,74500,979.0,0.0,979.0,0.0,2226.878
2026-05-19 15:12:31.378,74750,979.0,0.0,979.0,0.0,2226.878
2026-05-19 15:12:31.379,75000,979.0,0.0,979.0,0.0,2226.878
2026-05-19 15:12:31.380,75250,979.0,0.0,979.0,0.0,2226.878
2026-05-19 15:12:31.381,75500,979.0,0.0,979.0,0.0,2226.878
2026-05-19 15:12:31.518,75750,979.0,0.0,979.0,0.0,2226.878
2026-05-19 15:12:31.519,76000,979.0,0.0,979.0,0.0,2226.878
2026-05-19 15:12:31.520,76250,979.0,0.0,979.0,0.0,2226.878
2026-05-19 15:12:31.520,76500,979.0,0.0,979.0,0.0,2226.878
2026-05-19 15:12:31.521,76750,979.0,0.0,979.0,0.0,2226.878
2026-05-19 15:12:31.521,77000,979.0,0.0,979.0,0.0,2226.878
2026-05-19 15:12:31.643,77250,1069.214,-2.588340789346,1067.822,-49.294,2042.869
2026-05-19 15:12:31.643,77500,979.0,0.0,979.0,0.0,1996.867
2026-05-19 15:12:31.644,77750,979.0,0.0,979.0,0.0,1996.867
2026-05-19 15:12:31.644,78000,979.0,0.0,979.0,0.0,1996.867
2026-05-19 15:12:31.645,78250,979.0,0.0,979.0,0.0,1996.867
2026-05-19 15:12:31.645,78500,979.0,0.0,979.0,0.0,1996.867
2026-05-19 15:12:31.758,78750,979.0,0.0,979.0,0.0,1996.867
2026-05-19 15:12:31.758,79000,979.0,0.0,979.0,0.0,1996.867
2026-05-19 15:12:31.759,79250,979.0,0.0,979.0,0.0,1996.867
2026-05-19 15:12:31.759,79500,979.0,0.0,979.0,0.0,1996.867
2026-05-19 15:12:31.760,79750,979.0,0.0,979.0,0.0,1996.867
2026-05-19 15:12:31.881,80000,979.0,0.0,979.0,0.0,1996.867
2026-05-19 15:12:31.882,80250,979.0,0.0,979.0,0.0,1996.867
2026-05-19 15:12:31.883,80500,979.0,0.0,979.0,0.0,1996.867
2026-05-19 15:12:31.883,80750,979.0,0.0,979.0,0.0,1996.867
2026-05-19 15:12:31.883,81000,979.0,0.0,979.0,0.0,1996.867
2026-05-19 15:12:32.018,81250,979.0,0.0,979.0,0.0,1996.867
2026-05-19 15:12:32.019,81500,979.0,0.0,979.0,0.0,1996.867
2026-05-19 15:12:32.020,81750,979.0,0.0,979.0,0.0,1887.867
2026-05-19 15:12:32.020,82000,979.0,0.0,979.0,0.0,1887.867
2026-05-19 15:12:32.020,82250,979.0,0.0,979.0,0.0,1887.867
2026-05-19 15:12:32.021,82500,979.0,0.0,979.0,0.0,1887.867
2026-05-19 15:12:32.148,82750,979.0,0.0,979.0,0.0,1887.867
2026-05-19 15:12:32.149,83000,1111.99,-3.24004564769,1110.212,-62.849,1662.085
2026-05-19 15:12:32.149,83250,979.0,0.0,979.0,0.0,1662.085
2026-05-19 15:12:32.150,83500,979.0,0.0,979.0,0.0,1662.085
2026-05-19 15:12:32.150,83750,979.0,0.0,979.0,0.0,1662.085
2026-05-19 15:12:32.151,84000,979.0,0.0,979.0,0.0,1662.085
2026-05-19 15:12:32.290,84250,979.0,0.0,979.0,0.0,1662.085
2026-05-19 15:12:32.290,84500,979.0,0.0,979.0,0.0,1662.085
2026-05-19 15:12:32.291,84750,979.0,0.0,979.0,0.0,1662.085
2026-05-19 15:12:32.291,85000,979.0,0.0,979.0,0.0,1662.085
2026-05-19 15:12:32.292,85250,979.0,0.0,979.0,0.0,1662.085
2026-05-19 15:12:32.292,85500,979.0,0.0,979.0,0.0,1662.085
2026-05-19 15:12:32.408,85750,979.0,0.0,979.0,0.0,1662.085
2026-05-19 15:12:32.409,86000,979.0,0.0,979.0,0.0,1662.085
2026-05-19 15:12:32.409,86250,979.0,0.0,979.0,0.0,1662.085
2026-05-19 15:12:32.410,86500,979.0,0.0,979.0,0.0,1662.085
2026-05-19 15:12:32.410,86750,979.0,0.0,979.0,0.0,1662.085
2026-05-19 15:12:32.523,87000,979.0,0.0,979.0,0.0,1662.085
2026-05-19 15:12:32.523,87250,979.0,0.0,979.0,0.0,1662.085
2026-05-19 15:12:32.524,87500,979.0,0.0,979.0,0.0,1662.085
2026-05-19 15:12:32.524,87750,979.0,0.0,979.0,0.0,1662.085
2026-05-19 15:12:32.524,88000,979.0,0.0,979.0,0.0,1662.085
2026-05-19 15:12:32.634,88250,979.0,0.0,979.0,0.0,1662.085
2026-05-19 15:12:32.635,88500,979.0,0.0,979.0,0.0,1662.085
2026-05-19 15:12:32.635,88750,1009.774,-0.879700575028,1009.107,-17.377,1616.935
2026-05-19 15:12:32.636,89000,1132.869,-4.398502875142,1129.533,-86.883,1436.336
2026-05-19 15:12:32.636,89250,979.0,0.0,979.0,0.0,1436.336
2026-05-19 15:12:32.745,89500,979.0,0.0,979.0,0.0,1436.336
2026-05-19 15:12:32.746,89750,979.0,0.0,979.0,0.0,1436.336
2026-05-19 15:12:32.746,90000,979.0,0.0,979.0,0.0,1436.336
2026-05-19 15:12:32.747,90250,902.84,-9.90199356769,889.391,-155.255,1436.336
2026-05-19 15:12:32.883,90500,979.0,0.0,979.0,0.0,1324.598
2026-05-19 15:12:32.883,90750,979.0,0.0,979.0,0.0,1324.598
2026-05-19 15:12:32.884,91000,979.0,0.0,979.0,0.0,1324.598
2026-05-19 15:12:32.884,91250,979.0,0.0,979.0,0.0,1324.598
2026-05-19 15:12:32.885,91500,979.0,0.0,979.0,0.0,1324.598
2026-05-19 15:12:32.885,91750,979.0,0.0,979.0,0.0,1324.598
2026-05-19 15:12:32.999,92000,979.0,0.0,979.0,0.0,1324.598
2026-05-19 15:12:33.000,92250,979.0,0.0,979.0,0.0,1324.598
2026-05-19 15:12:33.000,92500,979.0,0.0,979.0,0.0,1324.598
2026-05-19 15:12:33.001,92750,979.0,0.0,979.0,0.0,1324.598
2026-05-19 15:12:33.001,93000,979.0,0.0,979.0,0.0,1324.598
2026-05-19 15:12:33.001,93250,979.0,0.0,979.0,0.0,1324.598
2026-05-19 15:12:33.111,93500,979.0,0.0,979.0,0.0,1324.598
2026-05-19 15:12:33.111,93750,979.0,0.0,979.0,0.0,1324.598
2026-05-19 15:12:33.112,94000,979.0,0.0,979.0,0.0,1324.598
2026-05-19 15:12:33.112,94250,979.0,0.0,979.0,0.0,1324.598
2026-05-19 15:12:33.225,94500,979.0,0.0,979.0,0.0,1324.598
2026-05-19 15:12:33.226,94750,979.0,0.0,979.0,0.0,1324.598
2026-05-19 15:12:33.226,95000,979.0,0.0,979.0,0.0,1324.598
2026-05-19 15:12:33.226,95250,1211.371,-5.062418566341,1206.646,-106.893,1070.507
2026-05-19 15:12:33.227,95500,979.0,0.0,979.0,0.0,1070.507
2026-05-19 15:12:33.353,95750,979.0,0.0,979.0,0.0,1070.507
2026-05-19 15:12:33.354,96000,979.0,0.0,979.0,0.0,1070.507
2026-05-19 15:12:33.354,96250,979.0,0.0,979.0,0.0,1070.507
2026-05-19 15:12:33.354,96500,979.0,0.0,979.0,0.0,1070.507
2026-05-19 15:12:33.355,96750,979.0,0.0,979.0,0.0,1070.507
2026-05-19 15:12:33.355,97000,979.0,0.0,979.0,0.0,1070.507
2026-05-19 15:12:33.472,97250,979.0,0.0,979.0,0.0,1070.507
2026-05-19 15:12:33.473,97500,979.0,0.0,979.0,0.0,1070.507
2026-05-19 15:12:33.473,97750,979.0,0.0,979.0,0.0,1070.507
2026-05-19 15:12:33.473,98000,979.0,0.0,979.0,0.0,1070.507
2026-05-19 15:12:33.474,98250,979.0,0.0,979.0,0.0,1070.507
2026-05-19 15:12:33.584,98500,979.0,0.0,979.0,0.0,1070.507
2026-05-19 15:12:33.584,98750,979.0,0.0,979.0,0.0,1070.507
2026-05-19 15:12:33.585,99000,979.0,0.0,979.0,0.0,1070.507
2026-05-19 15:12:33.585,99250,979.0,0.0,979.0,0.0,1070.507
2026-05-19 15:12:33.586,99500,979.0,0.0,979.0,0.0,1070.507
2026-05-19 15:12:33.715,99750,979.0,0.0,979.0,0.0,1070.507
2026-05-19 15:12:33.715,100000,979.0,0.0,979.0,0.0,1070.507
2026-05-19 15:12:34.243,10000,983.31,-1.051643630515,983.033,-18.098,9245.732
2026-05-19 15:12:34.381,10250,979.0,0.0,979.0,0.0,9286.314
2026-05-19 15:12:34.521,10500,979.0,0.0,979.0,0.0,9286.314
2026-05-19 15:12:34.655,10750,982.878,0.401356909342,982.755,6.992,9250.244
2026-05-19 15:12:34.785,11000,1005.754,0.445795900565,1005.723,7.825,9105.965
2026-05-19 15:12:34.938,11250,979.0,0.0,979.0,0.0,9105.965
2026-05-19 15:12:35.059,11500,979.0,0.0,979.0,0.0,9105.965
2026-05-19 15:12:35.176,11750,979.0,0.0,979.0,0.0,9178.44
2026-05-19 15:12:35.305,12000,979.0,0.0,979.0,0.0,9178.44
2026-05-19 15:12:35.437,12250,979.0,0.0,979.0,0.0,9178.44
2026-05-19 15:12:35.574,12500,1007.928,-0.087498739547,1007.842,-1.597,8992.723
2026-05-19 15:12:35.701,12750,979.0,0.0,979.0,0.0,9025.481
2026-05-19 15:12:35.827,13000,979.0,0.0,979.0,0.0,9025.481
2026-05-19 15:12:35.965,13250,984.543,-0.862811029118,984.357,-14.88,9059.551
2026-05-19 15:12:36.106,13500,979.0,0.0,979.0,0.0,9110.657
2026-05-19 15:12:36.107,13750,1005.17,0.596406353861,1005.116,10.463,8873.453
2026-05-19 15:12:36.243,14000,989.807,-1.511920412512,989.463,-26.116,8873.453
2026-05-19 15:12:36.382,14250,979.0,0.0,979.0,0.0,8971.41
2026-05-19 15:12:36.489,14500,982.151,0.079714968475,982.146,1.384,8942.99
2026-05-19 15:12:36.609,14750,1006.668,-1.125504997653,1006.473,-19.773,8829.312
2026-05-19 15:12:36.721,15000,979.0,0.0,979.0,0.0,8938.448
2026-05-19 15:12:36.829,15250,979.0,0.0,979.0,0.0,8938.448
2026-05-19 15:12:36.992,15500,979.0,0.0,979.0,0.0,8938.448
2026-05-19 15:12:36.993,15750,1011.828,-0.172932842102,1011.739,-3.139,8758.787
2026-05-19 15:12:37.127,16000,979.0,0.0,979.0,0.0,8828.731
2026-05-19 15:12:37.251,16250,998.859,0.607213456,998.789,10.638,8654.066
2026-05-19 15:12:37.252,16500,998.859,0.607213456,998.789,10.638,8654.066
2026-05-19 15:12:37.360,16750,1003.297,0.778640438833,1003.205,13.634,8704.426
2026-05-19 15:12:37.500,17000,979.0,0.0,979.0,0.0,8704.426
2026-05-19 15:12:37.610,17250,989.441,-1.685979419587,988.997,-29.047,8521.895
2026-05-19 15:12:37.611,17500,1020.604,-0.613423882303,1020.546,-10.927,8476.262
2026-05-19 15:12:37.747,17750,979.0,0.0,979.0,0.0,8611.81
2026-05-19 15:12:37.853,18000,979.0,0.0,979.0,0.0,8611.81
2026-05-19 15:12:37.966,18250,1005.36,0.960686760165,1005.219,16.856,8386.009
2026-05-19 15:12:37.968,18500,995.939,-1.485942574055,995.604,-25.826,8386.009
2026-05-19 15:12:38.095,18750,979.0,0.0,979.0,0.0,8531.103
2026-05-19 15:12:38.232,19000,1004.055,1.003388467307,1003.901,17.583,8318.223
2026-05-19 15:12:38.233,19250,979.0,0.0,979.0,0.0,8318.223
2026-05-19 15:12:38.371,19500,997.248,-1.40404357591,996.949,-24.435,8104.803
2026-05-19 15:12:38.372,19750,986.299,-0.561617430364,986.179,-9.774,8195.444
2026-05-19 15:12:38.510,20000,979.0,0.0,979.0,0.0,8255.872
2026-05-19 15:12:38.511,20250,988.734,0.443703633743,988.659,7.769,8175.774
2026-05-19 15:12:38.657,20500,979.0,0.0,979.0,0.0,8055.627
2026-05-19 15:12:38.775,20750,997.775,-1.321511433571,997.51,-23.011,8055.627
2026-05-19 15:12:38.776,21000,979.0,0.0,979.0,0.0,8043.919
2026-05-19 15:12:38.916,21250,979.0,0.0,979.0,0.0,8043.919
2026-05-19 15:12:38.916,21500,979.0,0.0,979.0,0.0,8043.919
2026-05-19 15:12:39.028,21750,979.0,0.0,979.0,0.0,7856.622
2026-05-19 15:12:39.188,22000,1000.678,-1.344840918854,1000.403,-23.486,7856.622
2026-05-19 15:12:39.191,22250,1025.791,-0.020409073853,1025.791,-0.365,7664.281
2026-05-19 15:12:39.193,22500,979.0,0.0,979.0,0.0,7842.522
2026-05-19 15:12:39.343,22750,979.0,0.0,979.0,0.0,7842.522
2026-05-19 15:12:39.344,23000,979.0,0.0,979.0,0.0,7658.862
2026-05-19 15:12:39.498,23250,979.0,0.0,979.0,0.0,7658.862
2026-05-19 15:12:39.500,23500,999.903,1.300566439113,999.645,22.695,7498.755
2026-05-19 15:12:39.655,23750,979.0,0.0,979.0,0.0,7498.755
2026-05-19 15:12:39.656,24000,1003.089,-1.239554918038,1002.854,-21.699,7498.755
2026-05-19 15:12:39.657,24250,1004.217,-1.23033097061,1003.986,-21.562,7326.976
2026-05-19 15:12:39.799,24500,999.174,-0.984264776488,998.988,-17.25,7364.722
2026-05-19 15:12:39.800,24750,999.596,1.482344701308,999.262,25.858,7360.845
2026-05-19 15:12:39.939,25000,979.0,0.0,979.0,0.0,7360.845
2026-05-19 15:12:39.942,25250,979.0,0.0,979.0,0.0,7360.845
2026-05-19 15:12:40.085,25500,979.0,0.0,979.0,0.0,7206.363
2026-05-19 15:12:40.086,25750,979.0,0.0,979.0,0.0,7206.363
2026-05-19 15:12:40.233,26000,996.708,1.425420393579,996.399,24.794,7078.333
2026-05-19 15:12:40.235,26250,979.0,0.0,979.0,0.0,7078.333
2026-05-19 15:12:40.237,26500,998.918,1.697162980167,998.48,29.585,6937.194
2026-05-19 15:12:40.374,26750,979.0,0.0,979.0,0.0,6937.194
2026-05-19 15:12:40.375,27000,979.0,0.0,979.0,0.0,6937.194
2026-05-19 15:12:40.529,27250,998.093,1.73734201155,997.634,30.26,6804.488
2026-05-19 15:12:40.530,27500,979.0,0.0,979.0,0.0,6804.488
2026-05-19 15:12:40.530,27750,990.813,1.154373052496,990.475,20.117,6724.0
2026-05-19 15:12:40.635,28000,979.0,0.0,979.0,0.0,6670.342
2026-05-19 15:12:40.636,28250,979.0,0.0,979.0,0.0,6670.342
2026-05-19 15:12:40.742,28500,979.0,0.0,979.0,0.0,6557.083
2026-05-19 15:12:40.856,28750,979.0,0.0,979.0,0.0,6557.083
2026-05-19 15:12:40.857,29000,979.0,0.0,979.0,0.0,6557.083
2026-05-19 15:12:40.985,29250,979.0,0.0,979.0,0.0,6439.888
2026-05-19 15:12:40.988,29500,979.0,0.0,979.0,0.0,6439.888
2026-05-19 15:12:40.989,29750,979.0,0.0,979.0,0.0,6329.513
2026-05-19 15:12:41.152,30000,979.0,0.0,979.0,0.0,6329.513
2026-05-19 15:12:41.153,30250,979.0,0.0,979.0,0.0,6329.513
2026-05-19 15:12:41.154,30500,979.0,0.0,979.0,0.0,6231.235
2026-05-19 15:12:41.290,30750,979.0,0.0,979.0,0.0,6231.235
2026-05-19 15:12:41.291,31000,994.723,2.459189777091,993.807,42.681,6132.743
2026-05-19 15:12:41.426,31250,979.0,0.0,979.0,0.0,6132.743
2026-05-19 15:12:41.426,31500,1017.63,-0.786188721091,1017.534,-13.963,5899.941
2026-05-19 15:12:41.427,31750,1018.688,-0.706494640387,1018.61,-12.561,5819.217
2026-05-19 15:12:41.550,32000,979.0,0.0,979.0,0.0,5819.217
2026-05-19 15:12:41.550,32250,979.0,0.0,979.0,0.0,5819.217
2026-05-19 15:12:41.686,32500,979.0,0.0,979.0,0.0,5745.191
2026-05-19 15:12:41.687,32750,979.0,0.0,979.0,0.0,5745.191
2026-05-19 15:12:41.689,33000,985.492,1.536729012468,984.899,26.539,5707.508
2026-05-19 15:12:41.826,33250,979.0,0.0,979.0,0.0,5682.385
2026-05-19 15:12:41.827,33500,979.0,0.0,979.0,0.0,5682.385
2026-05-19 15:12:41.827,33750,1024.687,-0.465973788758,1024.653,-8.333,5379.444
2026-05-19 15:12:41.965,34000,1024.687,-0.465973788758,1024.653,-8.333,5379.444
2026-05-19 15:12:41.966,34250,979.0,0.0,979.0,0.0,5379.444
2026-05-19 15:12:41.966,34500,979.0,0.0,979.0,0.0,5339.018
2026-05-19 15:12:42.104,34750,979.0,0.0,979.0,0.0,5339.018
2026-05-19 15:12:42.104,35000,979.0,0.0,979.0,0.0,5339.018
2026-05-19 15:12:42.105,35250,983.988,2.641663783674,982.942,45.351,5311.955
2026-05-19 15:12:42.234,35500,1025.739,-0.237811716413,1025.73,-4.257,5069.911
2026-05-19 15:12:42.235,35750,979.0,0.0,979.0,0.0,5069.911
2026-05-19 15:12:42.367,36000,979.0,0.0,979.0,0.0,5069.911
2026-05-19 15:12:42.368,36250,979.0,0.0,979.0,0.0,5053.16
2026-05-19 15:12:42.368,36500,979.0,0.0,979.0,0.0,5053.16
2026-05-19 15:12:42.472,36750,979.0,0.0,979.0,0.0,5052.649
2026-05-19 15:12:42.472,37000,1030.135,0.113807536244,1030.133,2.046,4801.84
2026-05-19 15:12:42.473,37250,979.0,0.0,979.0,0.0,4801.84
2026-05-19 15:12:42.578,37500,979.0,0.0,979.0,0.0,4801.84
2026-05-19 15:12:42.578,37750,979.0,0.0,979.0,0.0,4819.526
2026-05-19 15:12:42.699,38000,979.0,0.0,979.0,0.0,4819.526
2026-05-19 15:12:42.700,38250,979.0,0.0,979.0,0.0,4819.526
2026-05-19 15:12:42.700,38500,1035.225,0.312129913297,1035.21,5.64,4557.768
2026-05-19 15:12:42.808,38750,979.0,0.0,979.0,0.0,4591.487
2026-05-19 15:12:42.809,39000,979.0,0.0,979.0,0.0,4591.487
2026-05-19 15:12:42.935,39250,979.0,0.0,979.0,0.0,4591.487
2026-05-19 15:12:42.936,39500,979.0,0.0,979.0,0.0,4591.487
2026-05-19 15:12:42.936,39750,1036.403,0.718813789589,1036.322,13.002,4380.519
2026-05-19 15:12:43.060,40000,979.0,0.0,979.0,0.0,4380.519
2026-05-19 15:12:43.061,40250,979.0,0.0,979.0,0.0,4380.519
2026-05-19 15:12:43.062,40500,979.0,0.0,979.0,0.0,4380.519
2026-05-19 15:12:43.219,40750,979.0,0.0,979.0,0.0,4449.44
2026-05-19 15:12:43.220,41000,1021.92,0.732846470984,1021.837,13.071,4262.566
2026-05-19 15:12:43.220,41250,979.0,0.0,979.0,0.0,4262.566
2026-05-19 15:12:43.221,41500,979.0,0.0,979.0,0.0,4262.566
2026-05-19 15:12:43.352,41750,960.683,3.218750224387,959.168,53.941,4343.838
2026-05-19 15:12:43.353,42000,990.558,0.249717235982,990.508,4.518,4295.415
2026-05-19 15:12:43.354,42250,979.0,0.0,979.0,0.0,4101.722
2026-05-19 15:12:43.486,42500,979.0,0.0,979.0,0.0,4101.722
2026-05-19 15:12:43.486,42750,979.0,0.0,979.0,0.0,4101.722
2026-05-19 15:12:43.487,43000,979.0,0.0,979.0,0.0,4101.722
2026-05-19 15:12:43.487,43250,979.0,0.0,979.0,0.0,4198.29
2026-05-19 15:12:43.624,43500,1037.747,1.582492995006,1037.351,28.659,3960.624
2026-05-19 15:12:43.624,43750,979.0,0.0,979.0,0.0,3960.624
2026-05-19 15:12:43.625,44000,979.0,0.0,979.0,0.0,3960.624
2026-05-19 15:12:43.757,44250,979.0,0.0,979.0,0.0,3960.624
2026-05-19 15:12:43.757,44500,967.409,1.306115042749,966.792,21.645,4008.945
2026-05-19 15:12:43.758,44750,979.0,0.0,979.0,0.0,3861.35
2026-05-19 15:12:43.758,45000,979.0,0.0,979.0,0.0,3861.35
2026-05-19 15:12:43.874,45250,979.0,0.0,979.0,0.0,3861.35
2026-05-19 15:12:43.875,45500,979.0,0.0,979.0,0.0,3861.35
2026-05-19 15:12:43.875,45750,979.0,0.0,979.0,0.0,3861.35
2026-05-19 15:12:43.996,46000,979.0,0.0,979.0,0.0,3655.855
2026-05-19 15:12:43.996,46250,979.0,0.0,979.0,0.0,3823.201
2026-05-19 15:12:43.997,46500,979.0,0.0,979.0,0.0,3823.201
2026-05-19 15:12:44.132,46750,979.0,0.0,979.0,0.0,3823.201
2026-05-19 15:12:44.132,47000,1000.338,0.953107407624,999.981,17.168,3744.176
2026-05-19 15:12:44.133,47250,979.0,0.0,979.0,0.0,3625.638
2026-05-19 15:12:44.133,47500,979.0,0.0,979.0,0.0,3625.638
2026-05-19 15:12:44.260,47750,979.0,0.0,979.0,0.0,3625.638
2026-05-19 15:12:44.261,48000,979.0,0.0,979.0,0.0,3625.638
2026-05-19 15:12:44.262,48250,1022.097,3.227780079757,1020.269,57.088,3474.224
2026-05-19 15:12:44.401,48500,979.0,0.0,979.0,0.0,3618.973
2026-05-19 15:12:44.401,48750,979.0,0.0,979.0,0.0,3618.973
2026-05-19 15:12:44.402,49000,979.0,0.0,979.0,0.0,3618.973
2026-05-19 15:12:44.402,49250,979.0,0.0,979.0,0.0,3438.037
2026-05-19 15:12:44.544,49500,979.0,0.0,979.0,0.0,3438.037
2026-05-19 15:12:44.544,49750,979.0,0.0,979.0,0.0,3438.037
2026-05-19 15:12:44.545,50000,979.0,0.0,979.0,0.0,3438.037
2026-05-19 15:12:44.546,50250,979.0,0.0,979.0,0.0,3438.037
2026-05-19 15:12:44.681,50500,979.0,0.0,979.0,0.0,3438.037
2026-05-19 15:12:44.682,50750,1035.348,3.820238021676,1033.048,68.981,3250.924
2026-05-19 15:12:44.682,51000,979.0,0.0,979.0,0.0,3448.719
2026-05-19 15:12:44.683,51250,979.0,0.0,979.0,0.0,3448.719
2026-05-19 15:12:44.811,51500,979.0,0.0,979.0,0.0,3448.719
2026-05-19 15:12:44.812,51750,979.0,0.0,979.0,0.0,3448.719
2026-05-19 15:12:44.812,52000,979.0,0.0,979.0,0.0,3448.719
2026-05-19 15:12:44.813,52250,979.0,0.0,979.0,0.0,3304.868
2026-05-19 15:12:44.928,52500,979.0,0.0,979.0,0.0,3304.868
2026-05-19 15:12:44.928,52750,979.0,0.0,979.0,0.0,3304.868
2026-05-19 15:12:44.929,53000,979.0,0.0,979.0,0.0,3304.868
2026-05-19 15:12:44.929,53250,979.0,0.0,979.0,0.0,3304.868
2026-05-19 15:12:45.046,53500,979.0,0.0,979.0,0.0,3304.868
2026-05-19 15:12:45.047,53750,979.0,0.0,979.0,0.0,3181.295
2026-05-19 15:12:45.048,54000,979.0,0.0,979.0,0.0,3181.295
2026-05-19 15:12:45.214,54250,979.0,0.0,979.0,0.0,3181.295
2026-05-19 15:12:45.215,54500,979.0,0.0,979.0,0.0,3181.295
2026-05-19 15:12:45.215,54750,979.0,0.0,979.0,0.0,3181.295
2026-05-19 15:12:45.216,55000,979.0,0.0,979.0,0.0,3181.295
2026-05-19 15:12:45.216,55250,979.0,0.0,979.0,0.0,3181.295
2026-05-19 15:12:45.351,55500,979.0,0.0,979.0,0.0,3069.393
2026-05-19 15:12:45.352,55750,979.0,0.0,979.0,0.0,3069.393
2026-05-19 15:12:45.352,56000,979.0,0.0,979.0,0.0,3069.393
2026-05-19 15:12:45.353,56250,979.0,0.0,979.0,0.0,3069.393
2026-05-19 15:12:45.488,56500,979.0,0.0,979.0,0.0,3069.393
2026-05-19 15:12:45.488,56750,979.0,0.0,979.0,0.0,3069.393
2026-05-19 15:12:45.489,57000,979.0,0.0,979.0,0.0,3069.393
2026-05-19 15:12:45.489,57250,979.0,0.0,979.0,0.0,3069.393
2026-05-19 15:12:45.625,57500,979.0,0.0,979.0,0.0,3069.393
2026-05-19 15:12:45.625,57750,979.0,0.0,979.0,0.0,3069.393
2026-05-19 15:12:45.626,58000,967.109,5.73639484069,962.235,96.198,3111.581
2026-05-19 15:12:45.626,58250,964.45,0.292792507741,964.391,4.631,3016.262
2026-05-19 15:12:45.626,58500,906.252,1.463962538707,905.957,23.153,3206.9
2026-05-19 15:12:45.763,58750,987.32,1.747961911512,986.157,30.472,3180.215
2026-05-19 15:12:45.763,59000,999.799,4.369904778779,996.892,76.18,3140.187
2026-05-19 15:12:45.764,59250,979.0,0.0,979.0,0.0,3140.187
2026-05-19 15:12:45.765,59500,1004.805,-5.248282302003,1000.472,-92.374,3063.921
2026-05-19 15:12:45.892,59750,1035.586,-5.833867317486,1030.223,-105.261,2968.602
2026-05-19 15:12:45.892,60000,979.0,0.0,979.0,0.0,2968.602
2026-05-19 15:12:45.892,60250,979.0,0.0,979.0,0.0,2968.602
2026-05-19 15:12:45.893,60500,979.0,0.0,979.0,0.0,2968.602
2026-05-19 15:12:45.997,60750,979.0,0.0,979.0,0.0,2968.602
2026-05-19 15:12:45.998,61000,979.0,0.0,979.0,0.0,2968.602
2026-05-19 15:12:46.000,61250,979.0,0.0,979.0,0.0,2968.602
2026-05-19 15:12:46.000,61500,979.0,0.0,979.0,0.0,2968.602
2026-05-19 15:12:46.139,61750,979.0,0.0,979.0,0.0,2968.602
2026-05-19 15:12:46.140,62000,979.0,0.0,979.0,0.0,2968.602
2026-05-19 15:12:46.142,62250,979.0,0.0,979.0,0.0,2968.602
2026-05-19 15:12:46.143,62500,979.0,0.0,979.0,0.0,2968.602
2026-05-19 15:12:46.144,62750,979.0,0.0,979.0,0.0,2968.602
2026-05-19 15:12:46.285,63000,1045.485,-1.350757908963,1045.116,-25.036,2782.776
2026-05-19 15:12:46.286,63250,979.0,0.0,979.0,0.0,2736.319
2026-05-19 15:12:46.287,63500,979.0,0.0,979.0,0.0,2736.319
2026-05-19 15:12:46.288,63750,979.0,0.0,979.0,0.0,2736.319
2026-05-19 15:12:46.290,64000,979.0,0.0,979.0,0.0,2736.319
2026-05-19 15:12:46.429,64250,979.0,0.0,979.0,0.0,2736.319
2026-05-19 15:12:46.430,64500,979.0,0.0,979.0,0.0,2736.319
2026-05-19 15:12:46.432,64750,979.0,0.0,979.0,0.0,2736.319
2026-05-19 15:12:46.433,65000,979.0,0.0,979.0,0.0,2736.319
2026-05-19 15:12:46.434,65250,979.0,0.0,979.0,0.0,2736.319
2026-05-19 15:12:46.559,65500,979.0,0.0,979.0,0.0,2736.319
2026-05-19 15:12:46.560,65750,979.0,0.0,979.0,0.0,2736.319
2026-05-19 15:12:46.560,66000,979.0,0.0,979.0,0.0,2736.319
2026-05-19 15:12:46.561,66250,979.0,0.0,979.0,0.0,2736.319
2026-05-19 15:12:46.561,66500,979.0,0.0,979.0,0.0,2736.319
2026-05-19 15:12:46.700,66750,979.0,0.0,979.0,0.0,2736.319
2026-05-19 15:12:46.701,67000,1065.121,-3.255309096063,1062.665,-59.662,2515.952
2026-05-19 15:12:46.701,67250,979.0,0.0,979.0,0.0,2492.103
2026-05-19 15:12:46.702,67500,979.0,0.0,979.0,0.0,2492.103
2026-05-19 15:12:46.702,67750,979.0,0.0,979.0,0.0,2492.103
2026-05-19 15:12:46.810,68000,979.0,0.0,979.0,0.0,2492.103
2026-05-19 15:12:46.811,68250,979.0,0.0,979.0,0.0,2492.103
2026-05-19 15:12:46.811,68500,961.118,-2.227100265223,959.354,-36.259,2539.802
2026-05-19 15:12:46.812,68750,952.176,-3.340650397835,949.532,-54.389,2563.652
2026-05-19 15:12:46.921,69000,952.176,-3.340650397835,949.532,-54.389,2563.652
2026-05-19 15:12:46.921,69250,979.0,0.0,979.0,0.0,2611.351
2026-05-19 15:12:46.922,69500,979.0,0.0,979.0,0.0,2611.351
2026-05-19 15:12:46.922,69750,979.0,0.0,979.0,0.0,2611.351
2026-05-19 15:12:47.036,70000,979.0,0.0,979.0,0.0,2611.351
2026-05-19 15:12:47.036,70250,979.0,0.0,979.0,0.0,2611.351
2026-05-19 15:12:47.036,70500,979.0,0.0,979.0,0.0,2611.351
2026-05-19 15:12:47.037,70750,988.369,1.113550132612,987.401,19.906,2587.501
2026-05-19 15:12:47.148,71000,979.0,0.0,979.0,0.0,2611.351
2026-05-19 15:12:47.149,71250,988.369,1.113550132612,987.401,19.906,2587.501
2026-05-19 15:12:47.149,71500,1083.466,-3.368127183258,1081.595,-63.655,2359.568
2026-05-19 15:12:47.150,71750,1083.466,-3.368127183258,1081.595,-63.655,2359.568
2026-05-19 15:12:47.256,72000,990.667,1.204678122902,989.521,21.77,2333.03
2026-05-19 15:12:47.256,72250,1037.334,6.023390614508,1031.607,108.852,2226.878
2026-05-19 15:12:47.257,72500,1037.334,6.023390614508,1031.607,108.852,2226.878
2026-05-19 15:12:47.257,72750,1037.334,6.023390614508,1031.607,108.852,2226.878
2026-05-19 15:12:47.360,73000,979.0,0.0,979.0,0.0,2226.878
2026-05-19 15:12:47.360,73250,979.0,0.0,979.0,0.0,2226.878
2026-05-19 15:12:47.361,73500,979.0,0.0,979.0,0.0,2226.878
2026-05-19 15:12:47.361,73750,979.0,0.0,979.0,0.0,2226.878
2026-05-19 15:12:47.465,74000,979.0,0.0,979.0,0.0,2226.878
2026-05-19 15:12:47.465,74250,979.0,0.0,979.0,0.0,2226.878
2026-05-19 15:12:47.466,74500,979.0,0.0,979.0,0.0,2226.878
2026-05-19 15:12:47.581,74750,979.0,0.0,979.0,0.0,2226.878
2026-05-19 15:12:47.581,75000,979.0,0.0,979.0,0.0,2226.878
2026-05-19 15:12:47.582,75250,979.0,0.0,979.0,0.0,2226.878
2026-05-19 15:12:47.583,75500,979.0,0.0,979.0,0.0,2226.878
2026-05-19 15:12:47.583,75750,979.0,0.0,979.0,0.0,2226.878
2026-05-19 15:12:47.687,76000,979.0,0.0,979.0,0.0,2226.878
2026-05-19 15:12:47.687,76250,979.0,0.0,979.0,0.0,2226.878
2026-05-19 15:12:47.688,76500,979.0,0.0,979.0,0.0,2226.878
2026-05-19 15:12:47.688,76750,979.0,0.0,979.0,0.0,2226.878
2026-05-19 15:12:47.796,77000,979.0,0.0,979.0,0.0,2226.878
2026-05-19 15:12:47.796,77250,1069.214,-2.588340789346,1067.822,-49.294,2042.869
2026-05-19 15:12:47.797,77500,979.0,0.0,979.0,0.0,1996.867
2026-05-19 15:12:47.797,77750,979.0,0.0,979.0,0.0,1996.867
2026-05-19 15:12:47.798,78000,979.0,0.0,979.0,0.0,1996.867
2026-05-19 15:12:47.901,78250,979.0,0.0,979.0,0.0,1996.867
2026-05-19 15:12:47.902,78500,979.0,0.0,979.0,0.0,1996.867
2026-05-19 15:12:47.902,78750,979.0,0.0,979.0,0.0,1996.867
2026-05-19 15:12:47.903,79000,979.0,0.0,979.0,0.0,1996.867
2026-05-19 15:12:47.903,79250,979.0,0.0,979.0,0.0,1996.867
2026-05-19 15:12:48.008,79500,979.0,0.0,979.0,0.0,1996.867
2026-05-19 15:12:48.008,79750,979.0,0.0,979.0,0.0,1996.867
2026-05-19 15:12:48.009,80000,979.0,0.0,979.0,0.0,1996.867
2026-05-19 15:12:48.009,80250,979.0,0.0,979.0,0.0,1996.867
2026-05-19 15:12:48.112,80500,979.0,0.0,979.0,0.0,1996.867
2026-05-19 15:12:48.112,80750,979.0,0.0,979.0,0.0,1996.867
2026-05-19 15:12:48.113,81000,979.0,0.0,979.0,0.0,1996.867
2026-05-19 15:12:48.113,81250,979.0,0.0,979.0,0.0,1996.867
2026-05-19 15:12:48.113,81500,979.0,0.0,979.0,0.0,1996.867
2026-05-19 15:12:48.216,81750,968.312,-1.335159940683,967.057,-21.52,1909.667
2026-05-19 15:12:48.217,82000,979.0,0.0,979.0,0.0,1887.867
2026-05-19 15:12:48.217,82250,979.0,0.0,979.0,0.0,1887.867
2026-05-19 15:12:48.217,82500,979.0,0.0,979.0,0.0,1887.867
2026-05-19 15:12:48.329,82750,979.0,0.0,979.0,0.0,1887.867
2026-05-19 15:12:48.330,83000,1111.99,-3.24004564769,1110.212,-62.849,1662.085
2026-05-19 15:12:48.331,83250,979.0,0.0,979.0,0.0,1662.085
2026-05-19 15:12:48.331,83500,979.0,0.0,979.0,0.0,1662.085
2026-05-19 15:12:48.332,83750,979.0,0.0,979.0,0.0,1662.085
2026-05-19 15:12:48.440,84000,979.0,0.0,979.0,0.0,1662.085
2026-05-19 15:12:48.440,84250,979.0,0.0,979.0,0.0,1662.085
2026-05-19 15:12:48.441,84500,979.0,0.0,979.0,0.0,1662.085
2026-05-19 15:12:48.441,84750,979.0,0.0,979.0,0.0,1662.085
2026-05-19 15:12:48.442,85000,979.0,0.0,979.0,0.0,1662.085
2026-05-19 15:12:48.544,85250,979.0,0.0,979.0,0.0,1662.085
2026-05-19 15:12:48.545,85500,979.0,0.0,979.0,0.0,1662.085
2026-05-19 15:12:48.545,85750,979.0,0.0,979.0,0.0,1662.085
2026-05-19 15:12:48.546,86000,979.0,0.0,979.0,0.0,1662.085
2026-05-19 15:12:48.546,86250,979.0,0.0,979.0,0.0,1662.085
2026-05-19 15:12:48.649,86500,979.0,0.0,979.0,0.0,1662.085
2026-05-19 15:12:48.649,86750,979.0,0.0,979.0,0.0,1662.085
2026-05-19 15:12:48.650,87000,979.0,0.0,979.0,0.0,1662.085
2026-05-19 15:12:48.650,87250,979.0,0.0,979.0,0.0,1662.085
2026-05-19 15:12:48.752,87500,979.0,0.0,979.0,0.0,1662.085
2026-05-19 15:12:48.753,87750,979.0,0.0,979.0,0.0,1662.085
2026-05-19 15:12:48.753,88000,979.0,0.0,979.0,0.0,1662.085
2026-05-19 15:12:48.754,88250,979.0,0.0,979.0,0.0,1662.085
2026-05-19 15:12:48.754,88500,979.0,0.0,979.0,0.0,1662.085
2026-05-19 15:12:48.871,88750,1009.774,-0.879700575028,1009.107,-17.377,1616.935
2026-05-19 15:12:48.872,89000,1132.869,-4.398502875142,1129.533,-86.883,1436.336
2026-05-19 15:12:48.872,89250,979.0,0.0,979.0,0.0,1436.336
2026-05-19 15:12:48.873,89500,979.0,0.0,979.0,0.0,1436.336
2026-05-19 15:12:48.873,89750,979.0,0.0,979.0,0.0,1436.336
2026-05-19 15:12:48.982,90000,979.0,0.0,979.0,0.0,1436.336
2026-05-19 15:12:48.982,90250,902.84,-9.90199356769,889.391,-155.255,1436.336
2026-05-19 15:12:48.983,90500,979.0,0.0,979.0,0.0,1324.598
2026-05-19 15:12:48.983,90750,979.0,0.0,979.0,0.0,1324.598
2026-05-19 15:12:48.984,91000,979.0,0.0,979.0,0.0,1324.598
2026-05-19 15:12:49.099,91250,979.0,0.0,979.0,0.0,1324.598
2026-05-19 15:12:49.100,91500,979.0,0.0,979.0,0.0,1324.598
2026-05-19 15:12:49.100,91750,979.0,0.0,979.0,0.0,1324.598
2026-05-19 15:12:49.101,92000,979.0,0.0,979.0,0.0,1324.598
2026-05-19 15:12:49.101,92250,979.0,0.0,979.0,0.0,1324.598
2026-05-19 15:12:49.211,92500,979.0,0.0,979.0,0.0,1324.598
2026-05-19 15:12:49.212,92750,979.0,0.0,979.0,0.0,1324.598
2026-05-19 15:12:49.213,93000,979.0,0.0,979.0,0.0,1324.598
2026-05-19 15:12:49.213,93250,979.0,0.0,979.0,0.0,1324.598
2026-05-19 15:12:49.213,93500,979.0,0.0,979.0,0.0,1324.598
2026-05-19 15:12:49.328,93750,979.0,0.0,979.0,0.0,1324.598
2026-05-19 15:12:49.329,94000,979.0,0.0,979.0,0.0,1324.598
2026-05-19 15:12:49.329,94250,979.0,0.0,979.0,0.0,1324.598
2026-05-19 15:12:49.330,94500,979.0,0.0,979.0,0.0,1324.598
2026-05-19 15:12:49.330,94750,979.0,0.0,979.0,0.0,1324.598
2026-05-19 15:12:49.440,95000,979.0,0.0,979.0,0.0,1324.598
2026-05-19 15:12:49.441,95250,1211.371,-5.062418566341,1206.646,-106.893,1070.507
2026-05-19 15:12:49.441,95500,979.0,0.0,979.0,0.0,1070.507
2026-05-19 15:12:49.441,95750,979.0,0.0,979.0,0.0,1070.507
2026-05-19 15:12:49.442,96000,979.0,0.0,979.0,0.0,1070.507
2026-05-19 15:12:49.746,96250,979.0,0.0,979.0,0.0,1070.507
2026-05-19 15:12:49.746,96500,979.0,0.0,979.0,0.0,1070.507
2026-05-19 15:12:49.747,96750,979.0,0.0,979.0,0.0,1070.507
2026-05-19 15:12:49.747,97000,979.0,0.0,979.0,0.0,1070.507
2026-05-19 15:12:49.748,97250,979.0,0.0,979.0,0.0,1070.507
2026-05-19 15:12:49.748,97500,979.0,0.0,979.0,0.0,1070.507
2026-05-19 15:12:49.748,97750,979.0,0.0,979.0,0.0,1070.507
2026-05-19 15:12:49.749,98000,979.0,0.0,979.0,0.0,1070.507
2026-05-19 15:12:49.749,98250,979.0,0.0,979.0,0.0,1070.507
2026-05-19 15:12:49.750,98500,979.0,0.0,979.0,0.0,1070.507
2026-05-19 15:12:49.750,98750,979.0,0.0,979.0,0.0,1070.507
2026-05-19 15:12:49.750,99000,979.0,0.0,979.0,0.0,1070.507
2026-05-19 15:12:49.751,99250,979.0,0.0,979.0,0.0,1070.507
