Timestamp,Freq(Hz),Imp_AVG(Ohm),Fase_AVG(°),Real_AVG(Ohm),Imag_AVG(Ohm),Mag_AVG
2026-05-19 14:24:47.819,14500,979.0,0.0,979.0,0.0,8971.41
2026-05-19 14:24:47.932,14750,955.893,0.61747838431,955.763,10.234,9043.028
2026-05-19 14:24:47.933,15000,952.093,1.125504997653,951.909,18.701,9078.838
2026-05-19 14:24:48.045,15250,973.954,-0.13927734975,973.945,-2.343,8985.244
2026-05-19 14:24:48.150,15500,979.0,0.0,979.0,0.0,8938.448
2026-05-19 14:24:48.262,15750,950.221,-0.210960119579,950.144,-3.567,8976.334
2026-05-19 14:24:48.373,16000,962.894,-0.489113536945,962.842,-8.151,8977.649
2026-05-19 14:24:48.483,16250,954.79,-0.759016820001,954.706,-12.648,8828.731
2026-05-19 14:24:48.597,16500,979.0,0.0,979.0,0.0,8828.731
2026-05-19 14:24:48.708,16750,955.291,-0.778640438833,955.203,-12.982,8920.457
2026-05-19 14:24:48.709,17000,979.0,0.0,979.0,0.0,8704.426
2026-05-19 14:24:48.819,17250,953.338,-0.872532988888,953.228,-14.517,8704.426
2026-05-19 14:24:48.932,17500,948.589,-0.377214031825,948.498,-6.327,8748.442
2026-05-19 14:24:49.044,17750,970.703,-0.299349646502,970.664,-4.985,8686.698
2026-05-19 14:24:49.156,18000,979.0,0.0,979.0,0.0,8611.81
2026-05-19 14:24:49.157,18250,970.444,-0.320228920055,970.399,-5.328,8461.276
2026-05-19 14:24:49.267,18500,964.893,0.175085271297,964.741,2.99,8509.64
2026-05-19 14:24:49.373,18750,979.0,0.0,979.0,0.0,8531.103
2026-05-19 14:24:49.484,19000,954.571,-1.003388467307,954.424,-16.716,8531.103
2026-05-19 14:24:49.484,19250,979.0,0.0,979.0,0.0,8318.223
2026-05-19 14:24:49.595,19500,942.82,-0.147243844523,942.755,-2.512,8416.397
2026-05-19 14:24:49.707,19750,945.221,0.67826548699,945.115,11.289,8395.614
2026-05-19 14:24:49.820,20000,979.0,0.0,979.0,0.0,8255.872
2026-05-19 14:24:49.820,20250,979.0,0.0,979.0,0.0,8255.872
2026-05-19 14:24:49.932,20500,963.17,-0.739506056239,963.05,-12.329,8189.124
2026-05-19 14:24:50.047,20750,972.859,0.44050381119,972.774,7.385,8107.123
2026-05-19 14:24:50.047,21000,946.849,0.659380146222,946.753,10.972,8154.716
2026-05-19 14:24:50.160,21250,979.0,0.0,979.0,0.0,8043.919
2026-05-19 14:24:50.271,21500,979.0,0.0,979.0,0.0,8043.919
2026-05-19 14:24:50.272,21750,963.803,-0.802885041036,963.662,-13.398,7981.487
2026-05-19 14:24:50.382,22000,971.93,0.448280306285,971.842,7.493,7914.613
2026-05-19 14:24:50.492,22250,957.791,1.344840918854,957.527,22.479,8030.595
2026-05-19 14:24:50.493,22500,979.0,0.0,979.0,0.0,7842.522
2026-05-19 14:24:50.602,22750,979.0,0.0,979.0,0.0,7842.522
2026-05-19 14:24:50.603,23000,963.716,-0.927829161081,963.528,-15.481,7781.302
2026-05-19 14:24:50.712,23250,979.0,0.0,979.0,0.0,7658.862
2026-05-19 14:24:50.822,23500,958.534,-1.300566439113,958.287,-21.756,7658.862
2026-05-19 14:24:50.822,23750,979.0,0.0,979.0,0.0,7498.755
2026-05-19 14:24:50.933,24000,971.163,0.413184972679,971.089,6.89,7560.258
2026-05-19 14:24:51.043,24250,947.478,0.733952327589,947.328,12.256,7571.557
2026-05-19 14:24:51.044,24500,979.0,0.0,979.0,0.0,7515.704
2026-05-19 14:24:51.154,24750,1522.939,-16.713682183264,1458.601,-437.981,7515.704
2026-05-19 14:24:51.154,25000,1542.126,-16.392613173073,1479.439,-435.215,7360.845
2026-05-19 14:24:51.267,25250,1067.869,-5.826152878019,1062.353,-108.4,7360.845
2026-05-19 14:24:51.268,25500,965.302,-1.064051009161,965.055,-17.797,7309.351
2026-05-19 14:24:51.378,25750,1418.075,-9.188497132725,1399.879,-226.442,7206.363
2026-05-19 14:24:51.489,26000,1533.085,-15.366280685948,1478.279,-406.25,7206.363
2026-05-19 14:24:51.489,26250,979.0,0.0,979.0,0.0,7078.333
2026-05-19 14:24:51.600,26500,37.81,-79.493938458838,6.898,-37.171,7031.286
2026-05-19 14:24:51.600,26750,38.319,-78.362496472059,7.73,-37.531,6937.194
2026-05-19 14:24:51.711,27000,38.319,-78.362496472059,7.73,-37.531,6937.194
2026-05-19 14:24:51.711,27250,38.319,-78.362496472059,7.73,-37.531,6937.194
2026-05-19 14:24:51.822,27500,39.066,-76.62515446051,9.037,-38.007,6804.488
2026-05-19 14:24:51.822,27750,39.066,-76.62515446051,9.037,-38.007,6804.488
2026-05-19 14:24:51.932,28000,39.852,-74.701199373016,10.515,-38.44,6670.342
2026-05-19 14:24:51.933,28250,39.852,-74.701199373016,10.515,-38.44,6670.342
2026-05-19 14:24:52.044,28500,39.852,-74.701199373016,10.515,-38.44,6670.342
2026-05-19 14:24:52.045,28750,40.54,-72.917258775115,11.909,-38.752,6557.083
2026-05-19 14:24:52.147,29000,40.54,-72.917258775115,11.909,-38.752,6557.083
2026-05-19 14:24:52.258,29250,41.278,-70.880669943164,13.52,-39.001,6439.888
2026-05-19 14:24:52.258,29500,41.278,-70.880669943164,13.52,-39.001,6439.888
2026-05-19 14:24:52.370,29750,41.278,-70.880669943164,13.52,-39.001,6439.888
2026-05-19 14:24:52.371,30000,41.998,-68.738226104302,15.23,-39.139,6329.513
2026-05-19 14:24:52.371,30250,41.998,-68.738226104302,15.23,-39.139,6329.513
2026-05-19 14:24:52.482,30500,42.66,-66.591391924142,16.948,-39.149,6231.235
2026-05-19 14:24:52.482,30750,42.66,-66.591391924142,16.948,-39.149,6231.235
2026-05-19 14:24:52.595,31000,42.66,-66.591391924142,16.948,-39.149,6231.235
2026-05-19 14:24:52.596,31250,43.346,-64.132202147052,18.911,-39.002,6132.743
2026-05-19 14:24:52.707,31500,43.346,-64.132202147052,18.911,-39.002,6132.743
2026-05-19 14:24:52.707,31750,43.531,-63.38405517574,19.503,-38.909,6106.87
2026-05-19 14:24:52.819,32000,45.088,-62.358757660041,20.913,-39.943,5897.853
2026-05-19 14:24:52.819,32250,45.681,-62.594255873503,21.026,-40.554,5819.217
2026-05-19 14:24:52.930,32500,46.269,-60.093303711403,23.069,-40.108,5745.191
2026-05-19 14:24:52.930,32750,46.269,-60.093303711403,23.069,-40.108,5745.191
2026-05-19 14:24:53.040,33000,46.269,-60.093303711403,23.069,-40.108,5745.191
2026-05-19 14:24:53.041,33250,46.781,-57.532088690624,25.113,-39.469,5682.385
2026-05-19 14:24:53.152,33500,46.781,-57.532088690624,25.113,-39.469,5682.385
2026-05-19 14:24:53.153,33750,46.781,-57.532088690624,25.113,-39.469,5682.385
2026-05-19 14:24:53.153,34000,47.212,-54.878883692718,27.161,-38.617,5630.485
2026-05-19 14:24:53.265,34250,49.415,-55.344857481475,28.099,-40.649,5379.444
2026-05-19 14:24:53.265,34500,49.415,-55.344857481475,28.099,-40.649,5379.444
2026-05-19 14:24:53.377,34750,49.789,-52.609535703947,30.234,-39.559,5339.018
2026-05-19 14:24:53.378,35000,49.789,-52.609535703947,30.234,-39.559,5339.018
2026-05-19 14:24:53.487,35250,49.789,-52.609535703947,30.234,-39.559,5339.018
2026-05-19 14:24:53.488,35500,50.043,-49.967871920273,32.189,-38.317,5311.955
2026-05-19 14:24:53.488,35750,50.84,-50.04714249241,32.645,-38.974,5231.274
2026-05-19 14:24:53.597,36000,52.432,-50.205683636686,33.558,-40.286,5069.911
2026-05-19 14:24:53.597,36250,52.606,-47.325051858019,35.658,-38.677,5053.16
2026-05-19 14:24:53.707,36500,52.606,-47.325051858019,35.658,-38.677,5053.16
2026-05-19 14:24:53.708,36750,52.606,-47.325051858019,35.658,-38.677,5053.16
2026-05-19 14:24:53.818,37000,52.611,-42.822243692612,38.589,-35.761,5052.649
2026-05-19 14:24:53.818,37250,53.527,-42.784307847197,39.285,-36.357,4969.046
2026-05-19 14:24:53.819,37500,55.359,-42.708436156368,40.679,-37.548,4801.84
2026-05-19 14:24:53.930,37750,55.359,-42.708436156368,40.679,-37.548,4801.84
2026-05-19 14:24:53.931,38000,55.156,-39.582773831534,42.509,-35.145,4819.526
2026-05-19 14:24:54.043,38250,55.156,-39.582773831534,42.509,-35.145,4819.526
2026-05-19 14:24:54.043,38500,55.156,-39.582773831534,42.509,-35.145,4819.526
2026-05-19 14:24:54.044,38750,57.896,-36.003370127391,46.837,-34.033,4591.487
2026-05-19 14:24:54.154,39000,57.896,-36.003370127391,46.837,-34.033,4591.487
2026-05-19 14:24:54.154,39250,57.896,-36.003370127391,46.837,-34.033,4591.487
2026-05-19 14:24:54.155,39500,57.896,-36.003370127391,46.837,-34.033,4591.487
2026-05-19 14:24:54.271,39750,57.323,-32.938897081218,48.108,-31.169,4637.368
2026-05-19 14:24:54.271,40000,60.684,-32.22008329163,51.339,-32.355,4380.519
2026-05-19 14:24:54.382,40250,60.684,-32.22008329163,51.339,-32.355,4380.519
2026-05-19 14:24:54.383,40500,60.684,-32.22008329163,51.339,-32.355,4380.519
2026-05-19 14:24:54.383,40750,60.684,-32.22008329163,51.339,-32.355,4380.519
2026-05-19 14:24:54.493,41000,59.744,-28.764519277142,52.372,-28.749,4449.44
2026-05-19 14:24:54.494,41250,61.49,-28.275954963153,54.155,-29.122,4324.857
2026-05-19 14:24:54.494,41500,62.363,-28.031672806158,55.047,-29.308,4262.566
2026-05-19 14:24:54.606,41750,61.196,-24.812922581771,55.547,-25.681,4343.838
2026-05-19 14:24:54.607,42000,61.196,-24.812922581771,55.547,-25.681,4343.838
2026-05-19 14:24:54.717,42250,61.196,-24.812922581771,55.547,-25.681,4343.838
2026-05-19 14:24:54.718,42500,64.809,-23.564336401861,59.404,-25.909,4101.722
2026-05-19 14:24:54.718,42750,64.809,-23.564336401861,59.404,-25.909,4101.722
2026-05-19 14:24:54.829,43000,64.809,-23.564336401861,59.404,-25.909,4101.722
2026-05-19 14:24:54.829,43250,63.318,-20.425026869974,59.337,-22.097,4198.29
2026-05-19 14:24:54.829,43500,63.318,-20.425026869974,59.337,-22.097,4198.29
2026-05-19 14:24:54.941,43750,67.117,-18.842533874968,63.521,-21.677,3960.624
2026-05-19 14:24:54.943,44000,67.117,-18.842533874968,63.521,-21.677,3960.624
2026-05-19 14:24:54.943,44250,67.117,-18.842533874968,63.521,-21.677,3960.624
2026-05-19 14:24:55.056,44500,67.117,-18.842533874968,63.521,-21.677,3960.624
2026-05-19 14:24:55.057,44750,65.131,-15.577246268096,62.739,-17.49,4081.427
2026-05-19 14:24:55.057,45000,68.843,-13.718148915148,66.879,-16.326,3861.35
2026-05-19 14:24:55.167,45250,68.843,-13.718148915148,66.879,-16.326,3861.35
2026-05-19 14:24:55.167,45500,68.843,-13.718148915148,66.879,-16.326,3861.35
2026-05-19 14:24:55.167,45750,68.843,-13.718148915148,66.879,-16.326,3861.35
2026-05-19 14:24:55.279,46000,70.133,-13.058853328136,68.317,-15.816,3792.852
2026-05-19 14:24:55.279,46250,69.53,-8.091137873153,68.838,-9.786,3823.201
2026-05-19 14:24:55.279,46500,69.53,-8.091137873153,68.838,-9.786,3823.201
2026-05-19 14:24:55.390,46750,69.53,-8.091137873153,68.838,-9.786,3823.201
2026-05-19 14:24:55.391,47000,69.53,-8.091137873153,68.838,-9.786,3823.201
2026-05-19 14:24:55.391,47250,72.056,-6.502625527113,71.583,-8.124,3691.492
2026-05-19 14:24:55.501,47500,73.319,-5.708369354093,72.955,-7.293,3625.638
2026-05-19 14:24:55.501,47750,73.319,-5.708369354093,72.955,-7.293,3625.638
2026-05-19 14:24:55.502,48000,73.319,-5.708369354093,72.955,-7.293,3625.638
2026-05-19 14:24:55.611,48250,73.319,-5.708369354093,72.955,-7.293,3625.638
2026-05-19 14:24:55.612,48500,73.454,0.0,73.454,0.0,3618.973
2026-05-19 14:24:55.722,48750,73.454,0.0,73.454,0.0,3618.973
2026-05-19 14:24:55.723,49000,73.454,0.0,73.454,0.0,3618.973
2026-05-19 14:24:55.723,49250,73.454,0.0,73.454,0.0,3618.973
2026-05-19 14:24:55.833,49500,74.742,1.033578864306,74.705,1.394,3558.661
2026-05-19 14:24:55.834,49750,77.319,3.100736592919,77.206,4.182,3438.037
2026-05-19 14:24:55.834,50000,77.319,3.100736592919,77.206,4.182,3438.037
2026-05-19 14:24:55.835,50250,77.319,3.100736592919,77.206,4.182,3438.037
2026-05-19 14:24:55.946,50500,77.319,3.100736592919,77.206,4.182,3438.037
2026-05-19 14:24:55.946,50750,77.319,3.100736592919,77.206,4.182,3438.037
2026-05-19 14:24:55.947,51000,77.08,9.452665724564,76.033,12.659,3448.719
2026-05-19 14:24:56.057,51250,77.08,9.452665724564,76.033,12.659,3448.719
2026-05-19 14:24:56.058,51500,77.08,9.452665724564,76.033,12.659,3448.719
2026-05-19 14:24:56.058,51750,77.08,9.452665724564,76.033,12.659,3448.719
2026-05-19 14:24:56.058,52000,77.08,9.452665724564,76.033,12.659,3448.719
2026-05-19 14:24:56.168,52250,78.198,10.671295143013,76.802,14.52,3400.768
2026-05-19 14:24:56.168,52500,80.435,13.108553979911,78.339,18.242,3304.868
2026-05-19 14:24:56.169,52750,80.435,13.108553979911,78.339,18.242,3304.868
2026-05-19 14:24:56.280,53000,80.435,13.108553979911,78.339,18.242,3304.868
2026-05-19 14:24:56.281,53250,80.435,13.108553979911,78.339,18.242,3304.868
2026-05-19 14:24:56.281,53500,80.435,13.108553979911,78.339,18.242,3304.868
2026-05-19 14:24:56.393,53750,80.435,13.108553979911,78.339,18.242,3304.868
2026-05-19 14:24:56.393,54000,83.559,16.888314374912,79.956,24.275,3181.295
2026-05-19 14:24:56.394,54250,83.559,16.888314374912,79.956,24.275,3181.295
2026-05-19 14:24:56.394,54500,83.559,16.888314374912,79.956,24.275,3181.295
2026-05-19 14:24:56.504,54750,83.559,16.888314374912,79.956,24.275,3181.295
2026-05-19 14:24:56.504,55000,83.559,16.888314374912,79.956,24.275,3181.295
2026-05-19 14:24:56.505,55250,83.559,16.888314374912,79.956,24.275,3181.295
2026-05-19 14:24:56.615,55500,83.559,16.888314374912,79.956,24.275,3181.295
2026-05-19 14:24:56.616,55750,86.606,21.090580207281,80.804,31.164,3069.393
2026-05-19 14:24:56.616,56000,86.606,21.090580207281,80.804,31.164,3069.393
2026-05-19 14:24:56.726,56250,86.606,21.090580207281,80.804,31.164,3069.393
2026-05-19 14:24:56.726,56500,86.606,21.090580207281,80.804,31.164,3069.393
2026-05-19 14:24:56.727,56750,86.606,21.090580207281,80.804,31.164,3069.393
2026-05-19 14:24:56.727,57000,86.606,21.090580207281,80.804,31.164,3069.393
2026-05-19 14:24:56.837,57250,86.606,21.090580207281,80.804,31.164,3069.393
2026-05-19 14:24:56.838,57500,86.606,21.090580207281,80.804,31.164,3069.393
2026-05-19 14:24:56.838,57750,86.606,21.090580207281,80.804,31.164,3069.393
2026-05-19 14:24:56.950,58000,83.544,23.887450270395,76.319,33.918,3189.815
2026-05-19 14:24:56.951,58250,82.892,27.412560063454,73.585,38.163,3206.9
2026-05-19 14:24:56.951,58500,82.892,27.412560063454,73.585,38.163,3206.9
2026-05-19 14:24:56.952,58750,82.892,27.412560063454,73.585,38.163,3206.9
2026-05-19 14:24:57.062,59000,84.653,31.782464842233,71.96,44.586,3140.187
2026-05-19 14:24:57.062,59250,84.066,30.325829915973,72.501,42.445,3162.425
2026-05-19 14:24:57.062,59500,82.892,27.412560063454,73.585,38.163,3206.9
2026-05-19 14:24:57.172,59750,87.328,26.436585037649,78.207,38.843,3048.035
2026-05-19 14:24:57.173,60000,89.546,25.948597524747,80.519,39.182,2968.602
2026-05-19 14:24:57.173,60250,89.546,25.948597524747,80.519,39.182,2968.602
2026-05-19 14:24:57.173,60500,89.546,25.948597524747,80.519,39.182,2968.602
2026-05-19 14:24:57.284,60750,89.546,25.948597524747,80.519,39.182,2968.602
2026-05-19 14:24:57.285,61000,89.546,25.948597524747,80.519,39.182,2968.602
2026-05-19 14:24:57.285,61250,89.546,25.948597524747,80.519,39.182,2968.602
2026-05-19 14:24:57.286,61500,89.546,25.948597524747,80.519,39.182,2968.602
2026-05-19 14:24:57.396,61750,89.546,25.948597524747,80.519,39.182,2968.602
2026-05-19 14:24:57.396,62000,89.546,25.948597524747,80.519,39.182,2968.602
2026-05-19 14:24:57.397,62250,89.546,25.948597524747,80.519,39.182,2968.602
2026-05-19 14:24:57.397,62500,89.546,25.948597524747,80.519,39.182,2968.602
2026-05-19 14:24:57.507,62750,89.546,25.948597524747,80.519,39.182,2968.602
2026-05-19 14:24:57.508,63000,89.546,25.948597524747,80.519,39.182,2968.602
2026-05-19 14:24:57.508,63250,89.546,25.948597524747,80.519,39.182,2968.602
2026-05-19 14:24:57.509,63500,97.148,24.260150138543,88.568,39.916,2736.319
2026-05-19 14:24:57.618,63750,97.148,24.260150138543,88.568,39.916,2736.319
2026-05-19 14:24:57.619,64000,97.148,24.260150138543,88.568,39.916,2736.319
2026-05-19 14:24:57.619,64250,97.148,24.260150138543,88.568,39.916,2736.319
2026-05-19 14:24:57.620,64500,97.148,24.260150138543,88.568,39.916,2736.319
2026-05-19 14:24:57.730,64750,97.148,24.260150138543,88.568,39.916,2736.319
2026-05-19 14:24:57.730,65000,97.148,24.260150138543,88.568,39.916,2736.319
2026-05-19 14:24:57.731,65250,97.148,24.260150138543,88.568,39.916,2736.319
2026-05-19 14:24:57.731,65500,97.148,24.260150138543,88.568,39.916,2736.319
2026-05-19 14:24:57.842,65750,97.148,24.260150138543,88.568,39.916,2736.319
2026-05-19 14:24:57.842,66000,97.148,24.260150138543,88.568,39.916,2736.319
2026-05-19 14:24:57.843,66250,97.148,24.260150138543,88.568,39.916,2736.319
2026-05-19 14:24:57.843,66500,97.148,24.260150138543,88.568,39.916,2736.319
2026-05-19 14:24:57.953,66750,97.148,24.260150138543,88.568,39.916,2736.319
2026-05-19 14:24:57.954,67000,97.148,24.260150138543,88.568,39.916,2736.319
2026-05-19 14:24:57.954,67250,100.321,23.54623048406,91.985,39.998,2654.914
2026-05-19 14:24:57.955,67500,106.668,22.118391175092,98.818,40.163,2492.103
2026-05-19 14:24:58.065,67750,106.668,22.118391175092,98.818,40.163,2492.103
2026-05-19 14:24:58.066,68000,106.668,22.118391175092,98.818,40.163,2492.103
2026-05-19 14:24:58.066,68250,105.044,20.262474287406,98.405,36.441,2531.852
2026-05-19 14:24:58.067,68500,103.42,18.40655739972,97.992,32.72,2571.601
2026-05-19 14:24:58.176,68750,101.797,16.550640512033,97.579,28.998,2611.351
2026-05-19 14:24:58.176,69000,101.797,16.550640512033,97.579,28.998,2611.351
2026-05-19 14:24:58.177,69250,101.797,16.550640512033,97.579,28.998,2611.351
2026-05-19 14:24:58.177,69500,101.797,16.550640512033,97.579,28.998,2611.351
2026-05-19 14:24:58.287,69750,101.797,16.550640512033,97.579,28.998,2611.351
2026-05-19 14:24:58.287,70000,101.797,16.550640512033,97.579,28.998,2611.351
2026-05-19 14:24:58.288,70250,101.797,16.550640512033,97.579,28.998,2611.351
2026-05-19 14:24:58.288,70500,103.42,18.40655739972,97.992,32.72,2571.601
2026-05-19 14:24:58.399,70750,101.797,16.550640512033,97.579,28.998,2611.351
2026-05-19 14:24:58.400,71000,101.797,16.550640512033,97.579,28.998,2611.351
2026-05-19 14:24:58.400,71250,101.797,16.550640512033,97.579,28.998,2611.351
2026-05-19 14:24:58.401,71500,101.797,16.550640512033,97.579,28.998,2611.351
2026-05-19 14:24:58.510,71750,101.797,16.550640512033,97.579,28.998,2611.351
2026-05-19 14:24:58.510,72000,112.659,13.182513328775,109.69,25.692,2359.568
2026-05-19 14:24:58.510,72250,112.659,13.182513328775,109.69,25.692,2359.568
2026-05-19 14:24:58.511,72500,119.372,19.205903943283,112.728,39.269,2226.878
2026-05-19 14:24:58.619,72750,119.372,19.205903943283,112.728,39.269,2226.878
2026-05-19 14:24:58.620,73000,119.372,19.205903943283,112.728,39.269,2226.878
2026-05-19 14:24:58.620,73250,119.372,19.205903943283,112.728,39.269,2226.878
2026-05-19 14:24:58.621,73500,119.372,19.205903943283,112.728,39.269,2226.878
2026-05-19 14:24:58.730,73750,119.372,19.205903943283,112.728,39.269,2226.878
2026-05-19 14:24:58.730,74000,119.372,19.205903943283,112.728,39.269,2226.878
2026-05-19 14:24:58.731,74250,119.372,19.205903943283,112.728,39.269,2226.878
2026-05-19 14:24:58.840,74500,119.372,19.205903943283,112.728,39.269,2226.878
2026-05-19 14:24:58.841,74750,119.372,19.205903943283,112.728,39.269,2226.878
2026-05-19 14:24:58.841,75000,119.372,19.205903943283,112.728,39.269,2226.878
2026-05-19 14:24:58.842,75250,119.372,19.205903943283,112.728,39.269,2226.878
2026-05-19 14:24:58.951,75500,119.372,19.205903943283,112.728,39.269,2226.878
2026-05-19 14:24:58.951,75750,119.372,19.205903943283,112.728,39.269,2226.878
2026-05-19 14:24:58.952,76000,119.372,19.205903943283,112.728,39.269,2226.878
2026-05-19 14:24:58.952,76250,119.372,19.205903943283,112.728,39.269,2226.878
2026-05-19 14:24:58.953,76500,119.372,19.205903943283,112.728,39.269,2226.878
2026-05-19 14:24:59.063,76750,119.372,19.205903943283,112.728,39.269,2226.878
2026-05-19 14:24:59.063,77000,119.372,19.205903943283,112.728,39.269,2226.878
2026-05-19 14:24:59.063,77250,119.372,19.205903943283,112.728,39.269,2226.878
2026-05-19 14:24:59.064,77500,119.372,19.205903943283,112.728,39.269,2226.878
2026-05-19 14:24:59.064,77750,128.539,17.048953285495,122.899,37.508,2073.537
2026-05-19 14:24:59.174,78000,133.122,15.970477956601,127.984,36.627,1996.867
2026-05-19 14:24:59.174,78250,133.122,15.970477956601,127.984,36.627,1996.867
2026-05-19 14:24:59.175,78500,133.122,15.970477956601,127.984,36.627,1996.867
2026-05-19 14:24:59.175,78750,133.122,15.970477956601,127.984,36.627,1996.867
2026-05-19 14:24:59.175,79000,133.122,15.970477956601,127.984,36.627,1996.867
2026-05-19 14:24:59.285,79250,133.122,15.970477956601,127.984,36.627,1996.867
2026-05-19 14:24:59.286,79500,133.122,15.970477956601,127.984,36.627,1996.867
2026-05-19 14:24:59.286,79750,133.122,15.970477956601,127.984,36.627,1996.867
2026-05-19 14:24:59.287,80000,133.122,15.970477956601,127.984,36.627,1996.867
2026-05-19 14:24:59.287,80250,133.122,15.970477956601,127.984,36.627,1996.867
2026-05-19 14:24:59.400,80500,133.122,15.970477956601,127.984,36.627,1996.867
2026-05-19 14:24:59.401,80750,133.122,15.970477956601,127.984,36.627,1996.867
2026-05-19 14:24:59.401,81000,133.122,15.970477956601,127.984,36.627,1996.867
2026-05-19 14:24:59.401,81250,133.122,15.970477956601,127.984,36.627,1996.867
2026-05-19 14:24:59.402,81500,133.122,15.970477956601,127.984,36.627,1996.867
2026-05-19 14:24:59.512,81750,133.122,15.970477956601,127.984,36.627,1996.867
2026-05-19 14:24:59.512,82000,135.684,18.195744524406,128.64,42.491,1960.533
2026-05-19 14:24:59.513,82250,140.808,22.646277660017,129.952,54.217,1887.867
2026-05-19 14:24:59.513,82500,140.808,22.646277660017,129.952,54.217,1887.867
2026-05-19 14:24:59.513,82750,140.808,22.646277660017,129.952,54.217,1887.867
2026-05-19 14:24:59.626,83000,140.808,22.646277660017,129.952,54.217,1887.867
2026-05-19 14:24:59.627,83250,140.808,22.646277660017,129.952,54.217,1887.867
2026-05-19 14:24:59.627,83500,159.936,19.406232012326,150.849,53.141,1662.085
2026-05-19 14:24:59.627,83750,159.936,19.406232012326,150.849,53.141,1662.085
2026-05-19 14:24:59.628,84000,159.936,19.406232012326,150.849,53.141,1662.085
2026-05-19 14:24:59.738,84250,159.936,19.406232012326,150.849,53.141,1662.085
2026-05-19 14:24:59.739,84500,159.936,19.406232012326,150.849,53.141,1662.085
2026-05-19 14:24:59.739,84750,159.936,19.406232012326,150.849,53.141,1662.085
2026-05-19 14:24:59.740,85000,159.936,19.406232012326,150.849,53.141,1662.085
2026-05-19 14:24:59.851,85250,159.936,19.406232012326,150.849,53.141,1662.085
2026-05-19 14:24:59.851,85500,159.936,19.406232012326,150.849,53.141,1662.085
2026-05-19 14:24:59.852,85750,159.936,19.406232012326,150.849,53.141,1662.085
2026-05-19 14:24:59.852,86000,159.936,19.406232012326,150.849,53.141,1662.085
2026-05-19 14:24:59.852,86250,159.936,19.406232012326,150.849,53.141,1662.085
2026-05-19 14:24:59.962,86500,159.936,19.406232012326,150.849,53.141,1662.085
2026-05-19 14:24:59.962,86750,159.936,19.406232012326,150.849,53.141,1662.085
2026-05-19 14:24:59.962,87000,159.936,19.406232012326,150.849,53.141,1662.085
2026-05-19 14:24:59.963,87250,159.936,19.406232012326,150.849,53.141,1662.085
2026-05-19 14:24:59.963,87500,159.936,19.406232012326,150.849,53.141,1662.085
2026-05-19 14:25:00.075,87750,159.936,19.406232012326,150.849,53.141,1662.085
2026-05-19 14:25:00.076,88000,159.936,19.406232012326,150.849,53.141,1662.085
2026-05-19 14:25:00.076,88250,159.936,19.406232012326,150.849,53.141,1662.085
2026-05-19 14:25:00.077,88500,159.936,19.406232012326,150.849,53.141,1662.085
2026-05-19 14:25:00.077,88750,159.936,19.406232012326,150.849,53.141,1662.085
2026-05-19 14:25:00.189,89000,159.936,19.406232012326,150.849,53.141,1662.085
2026-05-19 14:25:00.190,89250,168.315,17.940064387279,160.153,51.402,1586.835
2026-05-19 14:25:00.190,89500,185.073,15.007729137185,178.76,47.925,1436.336
2026-05-19 14:25:00.191,89750,185.073,15.007729137185,178.76,47.925,1436.336
2026-05-19 14:25:00.191,90000,185.073,15.007729137185,178.76,47.925,1436.336
2026-05-19 14:25:00.301,90250,185.073,15.007729137185,178.76,47.925,1436.336
2026-05-19 14:25:00.302,90500,190.277,18.308393659748,179.845,60.125,1399.09
2026-05-19 14:25:00.302,90750,200.685,24.909722704875,182.016,84.526,1324.598
2026-05-19 14:25:00.303,91000,200.685,24.909722704875,182.016,84.526,1324.598
2026-05-19 14:25:00.303,91250,200.685,24.909722704875,182.016,84.526,1324.598
2026-05-19 14:25:00.406,91500,200.685,24.909722704875,182.016,84.526,1324.598
2026-05-19 14:25:00.407,91750,200.685,24.909722704875,182.016,84.526,1324.598
2026-05-19 14:25:00.407,92000,200.685,24.909722704875,182.016,84.526,1324.598
2026-05-19 14:25:00.407,92250,200.685,24.909722704875,182.016,84.526,1324.598
2026-05-19 14:25:00.520,92500,200.685,24.909722704875,182.016,84.526,1324.598
2026-05-19 14:25:00.520,92750,200.685,24.909722704875,182.016,84.526,1324.598
2026-05-19 14:25:00.521,93000,200.685,24.909722704875,182.016,84.526,1324.598
2026-05-19 14:25:00.521,93250,200.685,24.909722704875,182.016,84.526,1324.598
2026-05-19 14:25:00.521,93500,200.685,24.909722704875,182.016,84.526,1324.598
2026-05-19 14:25:00.631,93750,200.685,24.909722704875,182.016,84.526,1324.598
2026-05-19 14:25:00.632,94000,200.685,24.909722704875,182.016,84.526,1324.598
2026-05-19 14:25:00.632,94250,200.685,24.909722704875,182.016,84.526,1324.598
2026-05-19 14:25:00.633,94500,200.685,24.909722704875,182.016,84.526,1324.598
2026-05-19 14:25:00.633,94750,200.685,24.909722704875,182.016,84.526,1324.598
2026-05-19 14:25:00.743,95000,365.001,2.788398603818,364.569,17.756,1324.598
2026-05-19 14:25:00.744,95250,200.685,24.909722704875,182.016,84.526,1324.598
2026-05-19 14:25:00.744,95500,232.441,21.534776993981,216.384,84.381,1155.204
2026-05-19 14:25:00.745,95750,248.319,19.847304138534,233.569,84.308,1070.507
2026-05-19 14:25:00.745,96000,451.637,-2.274019962523,451.281,-17.92,1070.507
2026-05-19 14:25:00.858,96250,451.637,-2.274019962523,451.281,-17.92,1070.507
2026-05-19 14:25:00.858,96500,451.637,-2.274019962523,451.281,-17.92,1070.507
2026-05-19 14:25:00.859,96750,248.319,19.847304138534,233.569,84.308,1070.507
2026-05-19 14:25:00.859,97000,248.319,19.847304138534,233.569,84.308,1070.507
2026-05-19 14:25:00.860,97250,979.0,0.0,979.0,0.0,1070.507
2026-05-19 14:25:00.972,97500,979.0,0.0,979.0,0.0,1070.507
2026-05-19 14:25:00.973,97750,979.0,0.0,979.0,0.0,1070.507
2026-05-19 14:25:00.973,98000,979.0,0.0,979.0,0.0,1070.507
2026-05-19 14:25:00.973,98250,979.0,0.0,979.0,0.0,1070.507
2026-05-19 14:25:00.974,98500,979.0,0.0,979.0,0.0,1070.507
2026-05-19 14:25:01.083,98750,979.0,0.0,979.0,0.0,1070.507
2026-05-19 14:25:01.083,99000,903.398,-13.945138107886,876.772,-217.712,1070.507
2026-05-19 14:25:01.084,99250,979.0,0.0,979.0,0.0,1070.507
2026-05-19 14:25:01.084,99500,979.0,0.0,979.0,0.0,1070.507
2026-05-19 14:25:01.085,99750,903.398,-13.945138107886,876.772,-217.712,1070.507
2026-05-19 14:25:01.197,100000,903.398,-13.945138107886,876.772,-217.712,1070.507
2026-05-19 14:25:01.756,10000,965.279,1.65367478375,964.871,27.89,9351.048
2026-05-19 14:25:01.866,10250,979.0,0.0,979.0,0.0,9286.314
2026-05-19 14:25:01.976,10500,979.0,0.0,979.0,0.0,9286.314
2026-05-19 14:25:02.086,10750,975.416,0.780494323073,975.235,13.237,9320.562
2026-05-19 14:25:02.306,11000,952.958,-0.445795900565,952.929,-7.415,9354.811
2026-05-19 14:25:02.417,11250,964.046,0.147079091632,963.951,2.564,9248.507
2026-05-19 14:25:02.529,11500,960.33,0.878148301,960.125,14.809,9284.266
2026-05-19 14:25:02.640,11750,972.588,-0.120333849603,972.579,-2.002,9240.173
2026-05-19 14:25:02.860,12000,979.0,0.0,979.0,0.0,9178.44
2026-05-19 14:25:02.971,12250,951.893,-0.113978205879,951.832,-1.934,9198.395
2026-05-19 14:25:03.081,12500,956.46,-0.887535325468,956.285,-14.854,9238.305
2026-05-19 14:25:03.192,12750,966.693,-0.258875657962,966.673,-4.312,9141.87
2026-05-19 14:25:03.294,13000,966.693,-0.258875657962,966.673,-4.312,9141.87
2026-05-19 14:25:03.404,13250,987.852,-0.210403007001,987.761,-3.584,9030.062
2026-05-19 14:25:03.516,13500,979.0,0.0,979.0,0.0,9110.657
2026-05-19 14:25:03.627,13750,953.511,-0.596406353861,953.459,-9.925,9110.657
2026-05-19 14:25:03.740,14000,958.44,0.827616022555,958.23,13.929,9064.892
2026-05-19 14:25:03.850,14250,972.761,-0.157222698363,972.747,-2.618,9030.08
2026-05-19 14:25:03.961,14500,979.0,0.0,979.0,0.0,8971.41
2026-05-19 14:25:04.073,14750,957.793,0.363465077638,957.69,6.0,9025.124
2026-05-19 14:25:04.185,15000,952.093,1.125504997653,951.909,18.701,9078.838
2026-05-19 14:25:04.300,15250,975.215,-0.104458012313,975.209,-1.757,8973.545
2026-05-19 14:25:04.411,15500,979.0,0.0,979.0,0.0,8938.448
2026-05-19 14:25:04.411,15750,948.224,0.036113645428,948.145,0.52,8995.278
2026-05-19 14:25:04.523,16000,966.921,-0.366835152709,966.882,-6.113,8940.419
2026-05-19 14:25:04.637,16250,954.79,-0.759016820001,954.706,-12.648,8828.731
2026-05-19 14:25:04.749,16500,979.0,0.0,979.0,0.0,8828.731
2026-05-19 14:25:04.860,16750,955.291,-0.778640438833,955.203,-12.982,8920.457
2026-05-19 14:25:04.971,17000,979.0,0.0,979.0,0.0,8704.426
2026-05-19 14:25:05.082,17250,953.338,-0.872532988888,953.228,-14.517,8704.426
2026-05-19 14:25:05.082,17500,946.215,-0.129554553293,946.133,-2.232,8770.45
2026-05-19 14:25:05.193,17750,972.777,-0.224512234877,972.748,-3.739,8667.976
2026-05-19 14:25:05.305,18000,979.0,0.0,979.0,0.0,8611.81
2026-05-19 14:25:05.417,18250,968.42,0.131313953473,968.306,2.243,8478.733
2026-05-19 14:25:05.417,18500,964.257,0.502799596986,964.062,8.482,8515.006
2026-05-19 14:25:05.529,18750,979.0,0.0,979.0,0.0,8531.103
2026-05-19 14:25:05.641,19000,954.571,-1.003388467307,954.424,-16.716,8531.103
2026-05-19 14:25:05.753,19250,979.0,0.0,979.0,0.0,8318.223
2026-05-19 14:25:05.753,19500,947.386,0.240578010585,947.265,4.003,8376.266
2026-05-19 14:25:05.865,19750,949.187,0.85971000922,949.036,14.354,8360.678
2026-05-19 14:25:05.978,20000,979.0,0.0,979.0,0.0,8255.872
2026-05-19 14:25:05.978,20250,979.0,0.0,979.0,0.0,8255.872
2026-05-19 14:25:06.089,20500,967.127,-0.554629542179,967.038,-9.246,8155.75
2026-05-19 14:25:06.202,20750,969.789,0.660755716786,969.661,11.077,8132.871
2026-05-19 14:25:06.313,21000,945.23,0.575586574585,945.154,9.559,8168.566
2026-05-19 14:25:06.314,21250,979.0,0.0,979.0,0.0,8043.919
2026-05-19 14:25:06.425,21500,979.0,0.0,979.0,0.0,8043.919
2026-05-19 14:25:06.536,21750,961.904,-0.903245671165,961.745,-15.073,7997.095
2026-05-19 14:25:06.536,22000,973.698,0.336210229714,973.632,5.62,7900.115
2026-05-19 14:25:06.648,22250,957.791,1.344840918854,957.527,22.479,8030.595
2026-05-19 14:25:06.648,22500,979.0,0.0,979.0,0.0,7842.522
2026-05-19 14:25:06.758,22750,979.0,0.0,979.0,0.0,7842.522
2026-05-19 14:25:06.871,23000,961.805,-1.043807806216,961.593,-17.416,7796.607
2026-05-19 14:25:06.871,23250,979.0,0.0,979.0,0.0,7658.862
2026-05-19 14:25:06.983,23500,958.534,-1.300566439113,958.287,-21.756,7658.862
2026-05-19 14:25:07.093,23750,979.0,0.0,979.0,0.0,7498.755
2026-05-19 14:25:07.094,24000,967.245,0.619777459019,967.133,10.335,7591.01
2026-05-19 14:25:07.204,24250,949.213,0.858046988344,949.045,14.315,7557.594
2026-05-19 14:25:07.204,24500,979.0,0.0,979.0,0.0,7515.704
2026-05-19 14:25:07.314,24750,1522.939,-16.713682183264,1458.601,-437.981,7515.704
2026-05-19 14:25:07.425,25000,1542.126,-16.392613173073,1479.439,-435.215,7360.845
2026-05-19 14:25:07.425,25250,1067.869,-5.826152878019,1062.353,-108.4,7360.845
2026-05-19 14:25:07.536,25500,968.727,-0.798038256871,968.541,-13.348,7283.604
2026-05-19 14:25:07.537,25750,1418.075,-9.188497132725,1399.879,-226.442,7206.363
2026-05-19 14:25:07.650,26000,1533.085,-15.366280685948,1478.279,-406.25,7206.363
2026-05-19 14:25:07.651,26250,979.0,0.0,979.0,0.0,7078.333
2026-05-19 14:25:07.762,26500,37.746,-79.635368707185,6.795,-37.126,7043.048
2026-05-19 14:25:07.763,26750,38.319,-78.362496472059,7.73,-37.531,6937.194
2026-05-19 14:25:07.874,27000,38.319,-78.362496472059,7.73,-37.531,6937.194
2026-05-19 14:25:07.875,27250,38.319,-78.362496472059,7.73,-37.531,6937.194
2026-05-19 14:25:07.987,27500,39.066,-76.62515446051,9.037,-38.007,6804.488
2026-05-19 14:25:08.089,27750,39.066,-76.62515446051,9.037,-38.007,6804.488
2026-05-19 14:25:08.089,28000,39.852,-74.701199373016,10.515,-38.44,6670.342
2026-05-19 14:25:08.194,28250,39.852,-74.701199373016,10.515,-38.44,6670.342
2026-05-19 14:25:08.195,28500,39.852,-74.701199373016,10.515,-38.44,6670.342
2026-05-19 14:25:08.305,28750,40.54,-72.917258775115,11.909,-38.752,6557.083
2026-05-19 14:25:08.306,29000,40.54,-72.917258775115,11.909,-38.752,6557.083
2026-05-19 14:25:08.417,29250,41.278,-70.880669943164,13.52,-39.001,6439.888
2026-05-19 14:25:08.418,29500,41.278,-70.880669943164,13.52,-39.001,6439.888
2026-05-19 14:25:08.528,29750,41.278,-70.880669943164,13.52,-39.001,6439.888
2026-05-19 14:25:08.528,30000,41.998,-68.738226104302,15.23,-39.139,6329.513
2026-05-19 14:25:08.641,30250,41.998,-68.738226104302,15.23,-39.139,6329.513
2026-05-19 14:25:08.642,30500,42.66,-66.591391924142,16.948,-39.149,6231.235
2026-05-19 14:25:08.754,30750,42.66,-66.591391924142,16.948,-39.149,6231.235
2026-05-19 14:25:08.754,31000,42.66,-66.591391924142,16.948,-39.149,6231.235
2026-05-19 14:25:08.865,31250,43.346,-64.132202147052,18.911,-39.002,6132.743
2026-05-19 14:25:08.866,31500,43.346,-64.132202147052,18.911,-39.002,6132.743
2026-05-19 14:25:08.978,31750,43.623,-63.009981690084,19.799,-38.862,6093.933
2026-05-19 14:25:08.979,32000,45.236,-62.417632213407,20.941,-40.096,5878.194
2026-05-19 14:25:08.979,32250,45.681,-62.594255873503,21.026,-40.554,5819.217
2026-05-19 14:25:09.091,32500,46.269,-60.093303711403,23.069,-40.108,5745.191
2026-05-19 14:25:09.092,32750,46.269,-60.093303711403,23.069,-40.108,5745.191
2026-05-19 14:25:09.204,33000,46.269,-60.093303711403,23.069,-40.108,5745.191
2026-05-19 14:25:09.204,33250,46.781,-57.532088690624,25.113,-39.469,5682.385
2026-05-19 14:25:09.314,33500,46.781,-57.532088690624,25.113,-39.469,5682.385
2026-05-19 14:25:09.315,33750,46.781,-57.532088690624,25.113,-39.469,5682.385
2026-05-19 14:25:09.425,34000,47.212,-54.878883692718,27.161,-38.617,5630.485
2026-05-19 14:25:09.425,34250,49.415,-55.344857481475,28.099,-40.649,5379.444
2026-05-19 14:25:09.425,34500,49.415,-55.344857481475,28.099,-40.649,5379.444
2026-05-19 14:25:09.538,34750,49.789,-52.609535703947,30.234,-39.559,5339.018
2026-05-19 14:25:09.538,35000,49.789,-52.609535703947,30.234,-39.559,5339.018
2026-05-19 14:25:09.651,35250,49.789,-52.609535703947,30.234,-39.559,5339.018
2026-05-19 14:25:09.652,35500,50.043,-49.967871920273,32.189,-38.317,5311.955
2026-05-19 14:25:09.763,35750,50.64,-50.027324849376,32.531,-38.809,5251.444
2026-05-19 14:25:09.763,36000,52.432,-50.205683636686,33.558,-40.286,5069.911
2026-05-19 14:25:09.764,36250,52.606,-47.325051858019,35.658,-38.677,5053.16
2026-05-19 14:25:09.875,36500,52.606,-47.325051858019,35.658,-38.677,5053.16
2026-05-19 14:25:09.876,36750,52.606,-47.325051858019,35.658,-38.677,5053.16
2026-05-19 14:25:09.988,37000,52.611,-42.822243692612,38.589,-35.761,5052.649
2026-05-19 14:25:09.989,37250,53.985,-42.76533992449,39.634,-36.655,4927.245
2026-05-19 14:25:09.990,37500,55.359,-42.708436156368,40.679,-37.548,4801.84
2026-05-19 14:25:10.101,37750,55.359,-42.708436156368,40.679,-37.548,4801.84
2026-05-19 14:25:10.102,38000,55.156,-39.582773831534,42.509,-35.145,4819.526
2026-05-19 14:25:10.214,38250,55.156,-39.582773831534,42.509,-35.145,4819.526
2026-05-19 14:25:10.214,38500,55.156,-39.582773831534,42.509,-35.145,4819.526
2026-05-19 14:25:10.215,38750,57.896,-36.003370127391,46.837,-34.033,4591.487
2026-05-19 14:25:10.337,39000,57.896,-36.003370127391,46.837,-34.033,4591.487
2026-05-19 14:25:10.337,39250,57.896,-36.003370127391,46.837,-34.033,4591.487
2026-05-19 14:25:10.338,39500,57.896,-36.003370127391,46.837,-34.033,4591.487
2026-05-19 14:25:10.448,39750,57.323,-32.938897081218,48.108,-31.169,4637.368
2026-05-19 14:25:10.449,40000,60.684,-32.22008329163,51.339,-32.355,4380.519
2026-05-19 14:25:10.558,40250,60.684,-32.22008329163,51.339,-32.355,4380.519
2026-05-19 14:25:10.559,40500,60.684,-32.22008329163,51.339,-32.355,4380.519
2026-05-19 14:25:10.560,40750,60.684,-32.22008329163,51.339,-32.355,4380.519
2026-05-19 14:25:10.669,41000,59.744,-28.764519277142,52.372,-28.749,4449.44
2026-05-19 14:25:10.670,41250,61.708,-28.214884423904,54.378,-29.168,4309.284
2026-05-19 14:25:10.780,41500,62.363,-28.031672806158,55.047,-29.308,4262.566
2026-05-19 14:25:10.781,41750,61.196,-24.812922581771,55.547,-25.681,4343.838
2026-05-19 14:25:10.781,42000,61.196,-24.812922581771,55.547,-25.681,4343.838
2026-05-19 14:25:10.890,42250,61.196,-24.812922581771,55.547,-25.681,4343.838
2026-05-19 14:25:10.891,42500,64.809,-23.564336401861,59.404,-25.909,4101.722
2026-05-19 14:25:10.891,42750,64.809,-23.564336401861,59.404,-25.909,4101.722
2026-05-19 14:25:11.001,43000,64.809,-23.564336401861,59.404,-25.909,4101.722
2026-05-19 14:25:11.001,43250,63.318,-20.425026869974,59.337,-22.097,4198.29
2026-05-19 14:25:11.002,43500,63.318,-20.425026869974,59.337,-22.097,4198.29
2026-05-19 14:25:11.114,43750,67.117,-18.842533874968,63.521,-21.677,3960.624
2026-05-19 14:25:11.114,44000,67.117,-18.842533874968,63.521,-21.677,3960.624
2026-05-19 14:25:11.115,44250,67.117,-18.842533874968,63.521,-21.677,3960.624
2026-05-19 14:25:11.225,44500,67.117,-18.842533874968,63.521,-21.677,3960.624
2026-05-19 14:25:11.226,44750,65.131,-15.577246268096,62.739,-17.49,4081.427
2026-05-19 14:25:11.226,45000,68.843,-13.718148915148,66.879,-16.326,3861.35
2026-05-19 14:25:11.337,45250,68.843,-13.718148915148,66.879,-16.326,3861.35
2026-05-19 14:25:11.338,45500,68.843,-13.718148915148,66.879,-16.326,3861.35
2026-05-19 14:25:11.339,45750,68.843,-13.718148915148,66.879,-16.326,3861.35
2026-05-19 14:25:11.448,46000,70.778,-12.72920553463,69.035,-15.561,3758.602
2026-05-19 14:25:11.449,46250,69.53,-8.091137873153,68.838,-9.786,3823.201
2026-05-19 14:25:11.449,46500,69.53,-8.091137873153,68.838,-9.786,3823.201
2026-05-19 14:25:11.558,46750,69.53,-8.091137873153,68.838,-9.786,3823.201
2026-05-19 14:25:11.559,47000,69.53,-8.091137873153,68.838,-9.786,3823.201
2026-05-19 14:25:11.669,47250,72.371,-6.304061483858,71.926,-7.916,3675.029
2026-05-19 14:25:11.669,47500,73.319,-5.708369354093,72.955,-7.293,3625.638
2026-05-19 14:25:11.670,47750,73.319,-5.708369354093,72.955,-7.293,3625.638
2026-05-19 14:25:11.779,48000,73.319,-5.708369354093,72.955,-7.293,3625.638
2026-05-19 14:25:11.779,48250,73.319,-5.708369354093,72.955,-7.293,3625.638
2026-05-19 14:25:11.780,48500,73.454,0.0,73.454,0.0,3618.973
2026-05-19 14:25:11.887,48750,73.454,0.0,73.454,0.0,3618.973
2026-05-19 14:25:11.888,49000,73.454,0.0,73.454,0.0,3618.973
2026-05-19 14:25:11.888,49250,73.454,0.0,73.454,0.0,3618.973
2026-05-19 14:25:11.992,49500,74.42,0.77518414823,74.392,1.046,3573.739
2026-05-19 14:25:11.993,49750,77.319,3.100736592919,77.206,4.182,3438.037
2026-05-19 14:25:11.993,50000,77.319,3.100736592919,77.206,4.182,3438.037
2026-05-19 14:25:12.101,50250,77.319,3.100736592919,77.206,4.182,3438.037
2026-05-19 14:25:12.101,50500,77.319,3.100736592919,77.206,4.182,3438.037
2026-05-19 14:25:12.102,50750,77.319,3.100736592919,77.206,4.182,3438.037
2026-05-19 14:25:12.207,51000,77.08,9.452665724564,76.033,12.659,3448.719
2026-05-19 14:25:12.208,51250,77.08,9.452665724564,76.033,12.659,3448.719
2026-05-19 14:25:12.208,51500,77.08,9.452665724564,76.033,12.659,3448.719
2026-05-19 14:25:12.209,51750,77.08,9.452665724564,76.033,12.659,3448.719
2026-05-19 14:25:12.316,52000,77.08,9.452665724564,76.033,12.659,3448.719
2026-05-19 14:25:12.316,52250,77.919,10.366637788401,76.61,14.055,3412.756
2026-05-19 14:25:12.317,52500,80.435,13.108553979911,78.339,18.242,3304.868
2026-05-19 14:25:12.423,52750,80.435,13.108553979911,78.339,18.242,3304.868
2026-05-19 14:25:12.423,53000,80.435,13.108553979911,78.339,18.242,3304.868
2026-05-19 14:25:12.424,53250,80.435,13.108553979911,78.339,18.242,3304.868
2026-05-19 14:25:12.545,53500,80.435,13.108553979911,78.339,18.242,3304.868
2026-05-19 14:25:12.545,53750,80.435,13.108553979911,78.339,18.242,3304.868
2026-05-19 14:25:12.545,54000,83.559,16.888314374912,79.956,24.275,3181.295
2026-05-19 14:25:12.546,54250,83.559,16.888314374912,79.956,24.275,3181.295
2026-05-19 14:25:12.654,54500,83.559,16.888314374912,79.956,24.275,3181.295
2026-05-19 14:25:12.654,54750,83.559,16.888314374912,79.956,24.275,3181.295
2026-05-19 14:25:12.655,55000,83.559,16.888314374912,79.956,24.275,3181.295
2026-05-19 14:25:12.764,55250,83.559,16.888314374912,79.956,24.275,3181.295
2026-05-19 14:25:12.765,55500,83.559,16.888314374912,79.956,24.275,3181.295
2026-05-19 14:25:12.765,55750,86.606,21.090580207281,80.804,31.164,3069.393
2026-05-19 14:25:12.766,56000,86.606,21.090580207281,80.804,31.164,3069.393
2026-05-19 14:25:12.874,56250,86.606,21.090580207281,80.804,31.164,3069.393
2026-05-19 14:25:12.875,56500,86.606,21.090580207281,80.804,31.164,3069.393
2026-05-19 14:25:12.875,56750,86.606,21.090580207281,80.804,31.164,3069.393
2026-05-19 14:25:12.984,57000,86.606,21.090580207281,80.804,31.164,3069.393
2026-05-19 14:25:12.985,57250,86.606,21.090580207281,80.804,31.164,3069.393
2026-05-19 14:25:12.985,57500,86.606,21.090580207281,80.804,31.164,3069.393
2026-05-19 14:25:13.096,57750,86.606,21.090580207281,80.804,31.164,3069.393
2026-05-19 14:25:13.097,58000,83.381,24.768727718659,75.635,34.979,3194.087
2026-05-19 14:25:13.097,58250,82.892,27.412560063454,73.585,38.163,3206.9
2026-05-19 14:25:13.097,58500,82.892,27.412560063454,73.585,38.163,3206.9
2026-05-19 14:25:13.207,58750,82.892,27.412560063454,73.585,38.163,3206.9
2026-05-19 14:25:13.207,59000,84.653,31.782464842233,71.96,44.586,3140.187
2026-05-19 14:25:13.207,59250,84.213,30.689988647538,72.366,42.981,3156.865
2026-05-19 14:25:13.316,59500,82.892,27.412560063454,73.585,38.163,3206.9
2026-05-19 14:25:13.316,59750,87.883,26.314588159424,78.785,38.927,3028.176
2026-05-19 14:25:13.317,60000,89.546,25.948597524747,80.519,39.182,2968.602
2026-05-19 14:25:13.425,60250,89.546,25.948597524747,80.519,39.182,2968.602
2026-05-19 14:25:13.426,60500,89.546,25.948597524747,80.519,39.182,2968.602
2026-05-19 14:25:13.426,60750,89.546,25.948597524747,80.519,39.182,2968.602
2026-05-19 14:25:13.427,61000,89.546,25.948597524747,80.519,39.182,2968.602
2026-05-19 14:25:13.536,61250,89.546,25.948597524747,80.519,39.182,2968.602
2026-05-19 14:25:13.536,61500,89.546,25.948597524747,80.519,39.182,2968.602
2026-05-19 14:25:13.537,61750,89.546,25.948597524747,80.519,39.182,2968.602
2026-05-19 14:25:13.537,62000,89.546,25.948597524747,80.519,39.182,2968.602
2026-05-19 14:25:13.645,62250,89.546,25.948597524747,80.519,39.182,2968.602
2026-05-19 14:25:13.646,62500,89.546,25.948597524747,80.519,39.182,2968.602
2026-05-19 14:25:13.646,62750,89.546,25.948597524747,80.519,39.182,2968.602
2026-05-19 14:25:13.647,63000,89.546,25.948597524747,80.519,39.182,2968.602
2026-05-19 14:25:13.755,63250,91.447,25.526485678196,82.531,39.366,2910.531
2026-05-19 14:25:13.755,63500,97.148,24.260150138543,88.568,39.916,2736.319
2026-05-19 14:25:13.756,63750,97.148,24.260150138543,88.568,39.916,2736.319
2026-05-19 14:25:13.756,64000,97.148,24.260150138543,88.568,39.916,2736.319
2026-05-19 14:25:13.864,64250,97.148,24.260150138543,88.568,39.916,2736.319
2026-05-19 14:25:13.865,64500,97.148,24.260150138543,88.568,39.916,2736.319
2026-05-19 14:25:13.865,64750,97.148,24.260150138543,88.568,39.916,2736.319
2026-05-19 14:25:13.866,65000,97.148,24.260150138543,88.568,39.916,2736.319
2026-05-19 14:25:13.974,65250,97.148,24.260150138543,88.568,39.916,2736.319
2026-05-19 14:25:13.975,65500,97.148,24.260150138543,88.568,39.916,2736.319
2026-05-19 14:25:13.975,65750,97.148,24.260150138543,88.568,39.916,2736.319
2026-05-19 14:25:13.976,66000,97.148,24.260150138543,88.568,39.916,2736.319
2026-05-19 14:25:14.081,66250,97.148,24.260150138543,88.568,39.916,2736.319
2026-05-19 14:25:14.082,66500,97.148,24.260150138543,88.568,39.916,2736.319
2026-05-19 14:25:14.082,66750,97.148,24.260150138543,88.568,39.916,2736.319
2026-05-19 14:25:14.083,67000,97.148,24.260150138543,88.568,39.916,2736.319
2026-05-19 14:25:14.191,67250,101.908,23.189270656818,93.693,40.039,2614.211
2026-05-19 14:25:14.192,67500,106.668,22.118391175092,98.818,40.163,2492.103
2026-05-19 14:25:14.192,67750,106.668,22.118391175092,98.818,40.163,2492.103
2026-05-19 14:25:14.193,68000,106.668,22.118391175092,98.818,40.163,2492.103
2026-05-19 14:25:14.301,68250,105.45,20.726453509327,98.508,37.372,2521.915
2026-05-19 14:25:14.302,68500,104.232,19.334515843563,98.198,34.58,2551.727
2026-05-19 14:25:14.302,68750,101.797,16.550640512033,97.579,28.998,2611.351
2026-05-19 14:25:14.303,69000,101.797,16.550640512033,97.579,28.998,2611.351
2026-05-19 14:25:14.411,69250,101.797,16.550640512033,97.579,28.998,2611.351
2026-05-19 14:25:14.412,69500,101.797,16.550640512033,97.579,28.998,2611.351
2026-05-19 14:25:14.412,69750,101.797,16.550640512033,97.579,28.998,2611.351
2026-05-19 14:25:14.413,70000,101.797,16.550640512033,97.579,28.998,2611.351
2026-05-19 14:25:14.521,70250,101.797,16.550640512033,97.579,28.998,2611.351
2026-05-19 14:25:14.522,70500,103.014,17.942578177798,97.889,31.789,2581.539
2026-05-19 14:25:14.522,70750,101.797,16.550640512033,97.579,28.998,2611.351
2026-05-19 14:25:14.633,71000,101.797,16.550640512033,97.579,28.998,2611.351
2026-05-19 14:25:14.634,71250,101.797,16.550640512033,97.579,28.998,2611.351
2026-05-19 14:25:14.634,71500,101.797,16.550640512033,97.579,28.998,2611.351
2026-05-19 14:25:14.635,71750,101.797,16.550640512033,97.579,28.998,2611.351
2026-05-19 14:25:14.635,72000,112.659,13.182513328775,109.69,25.692,2359.568
2026-05-19 14:25:14.743,72250,112.659,13.182513328775,109.69,25.692,2359.568
2026-05-19 14:25:14.744,72500,119.372,19.205903943283,112.728,39.269,2226.878
2026-05-19 14:25:14.744,72750,119.372,19.205903943283,112.728,39.269,2226.878
2026-05-19 14:25:14.854,73000,119.372,19.205903943283,112.728,39.269,2226.878
2026-05-19 14:25:14.855,73250,119.372,19.205903943283,112.728,39.269,2226.878
2026-05-19 14:25:14.855,73500,119.372,19.205903943283,112.728,39.269,2226.878
2026-05-19 14:25:14.856,73750,119.372,19.205903943283,112.728,39.269,2226.878
2026-05-19 14:25:14.966,74000,119.372,19.205903943283,112.728,39.269,2226.878
2026-05-19 14:25:14.966,74250,119.372,19.205903943283,112.728,39.269,2226.878
2026-05-19 14:25:14.966,74500,119.372,19.205903943283,112.728,39.269,2226.878
2026-05-19 14:25:14.967,74750,119.372,19.205903943283,112.728,39.269,2226.878
2026-05-19 14:25:15.078,75000,119.372,19.205903943283,112.728,39.269,2226.878
2026-05-19 14:25:15.079,75250,119.372,19.205903943283,112.728,39.269,2226.878
2026-05-19 14:25:15.079,75500,119.372,19.205903943283,112.728,39.269,2226.878
2026-05-19 14:25:15.080,75750,119.372,19.205903943283,112.728,39.269,2226.878
2026-05-19 14:25:15.080,76000,119.372,19.205903943283,112.728,39.269,2226.878
2026-05-19 14:25:15.190,76250,119.372,19.205903943283,112.728,39.269,2226.878
2026-05-19 14:25:15.191,76500,119.372,19.205903943283,112.728,39.269,2226.878
2026-05-19 14:25:15.191,76750,119.372,19.205903943283,112.728,39.269,2226.878
2026-05-19 14:25:15.191,77000,119.372,19.205903943283,112.728,39.269,2226.878
2026-05-19 14:25:15.192,77250,119.372,19.205903943283,112.728,39.269,2226.878
2026-05-19 14:25:15.304,77500,119.372,19.205903943283,112.728,39.269,2226.878
2026-05-19 14:25:15.305,77750,126.247,17.588190949942,120.356,37.948,2111.872
2026-05-19 14:25:15.305,78000,133.122,15.970477956601,127.984,36.627,1996.867
2026-05-19 14:25:15.305,78250,133.122,15.970477956601,127.984,36.627,1996.867
2026-05-19 14:25:15.306,78500,133.122,15.970477956601,127.984,36.627,1996.867
2026-05-19 14:25:15.417,78750,133.122,15.970477956601,127.984,36.627,1996.867
2026-05-19 14:25:15.418,79000,133.122,15.970477956601,127.984,36.627,1996.867
2026-05-19 14:25:15.418,79250,133.122,15.970477956601,127.984,36.627,1996.867
2026-05-19 14:25:15.418,79500,133.122,15.970477956601,127.984,36.627,1996.867
2026-05-19 14:25:15.419,79750,133.122,15.970477956601,127.984,36.627,1996.867
2026-05-19 14:25:15.529,80000,133.122,15.970477956601,127.984,36.627,1996.867
2026-05-19 14:25:15.529,80250,133.122,15.970477956601,127.984,36.627,1996.867
2026-05-19 14:25:15.530,80500,133.122,15.970477956601,127.984,36.627,1996.867
2026-05-19 14:25:15.530,80750,133.122,15.970477956601,127.984,36.627,1996.867
2026-05-19 14:25:15.640,81000,133.122,15.970477956601,127.984,36.627,1996.867
2026-05-19 14:25:15.641,81250,133.122,15.970477956601,127.984,36.627,1996.867
2026-05-19 14:25:15.641,81500,133.122,15.970477956601,127.984,36.627,1996.867
2026-05-19 14:25:15.641,81750,133.122,15.970477956601,127.984,36.627,1996.867
2026-05-19 14:25:15.642,82000,136.965,19.308377808309,128.968,45.422,1942.367
2026-05-19 14:25:15.757,82250,140.808,22.646277660017,129.952,54.217,1887.867
2026-05-19 14:25:15.758,82500,140.808,22.646277660017,129.952,54.217,1887.867
2026-05-19 14:25:15.758,82750,140.808,22.646277660017,129.952,54.217,1887.867
2026-05-19 14:25:15.758,83000,140.808,22.646277660017,129.952,54.217,1887.867
2026-05-19 14:25:15.759,83250,140.808,22.646277660017,129.952,54.217,1887.867
2026-05-19 14:25:15.871,83500,159.936,19.406232012326,150.849,53.141,1662.085
2026-05-19 14:25:15.872,83750,159.936,19.406232012326,150.849,53.141,1662.085
2026-05-19 14:25:15.872,84000,159.936,19.406232012326,150.849,53.141,1662.085
2026-05-19 14:25:15.873,84250,159.936,19.406232012326,150.849,53.141,1662.085
2026-05-19 14:25:15.873,84500,159.936,19.406232012326,150.849,53.141,1662.085
2026-05-19 14:25:15.983,84750,159.936,19.406232012326,150.849,53.141,1662.085
2026-05-19 14:25:15.984,85000,159.936,19.406232012326,150.849,53.141,1662.085
2026-05-19 14:25:15.984,85250,159.936,19.406232012326,150.849,53.141,1662.085
2026-05-19 14:25:15.984,85500,159.936,19.406232012326,150.849,53.141,1662.085
2026-05-19 14:25:15.985,85750,159.936,19.406232012326,150.849,53.141,1662.085
2026-05-19 14:25:16.096,86000,159.936,19.406232012326,150.849,53.141,1662.085
2026-05-19 14:25:16.096,86250,159.936,19.406232012326,150.849,53.141,1662.085
2026-05-19 14:25:16.097,86500,159.936,19.406232012326,150.849,53.141,1662.085
2026-05-19 14:25:16.097,86750,159.936,19.406232012326,150.849,53.141,1662.085
2026-05-19 14:25:16.097,87000,159.936,19.406232012326,150.849,53.141,1662.085
2026-05-19 14:25:16.207,87250,159.936,19.406232012326,150.849,53.141,1662.085
2026-05-19 14:25:16.208,87500,159.936,19.406232012326,150.849,53.141,1662.085
2026-05-19 14:25:16.209,87750,159.936,19.406232012326,150.849,53.141,1662.085
2026-05-19 14:25:16.209,88000,159.936,19.406232012326,150.849,53.141,1662.085
2026-05-19 14:25:16.209,88250,159.936,19.406232012326,150.849,53.141,1662.085
2026-05-19 14:25:16.323,88500,159.936,19.406232012326,150.849,53.141,1662.085
2026-05-19 14:25:16.323,88750,159.936,19.406232012326,150.849,53.141,1662.085
2026-05-19 14:25:16.323,89000,159.936,19.406232012326,150.849,53.141,1662.085
2026-05-19 14:25:16.324,89250,166.22,18.306606293541,157.827,51.837,1605.647
2026-05-19 14:25:16.324,89500,185.073,15.007729137185,178.76,47.925,1436.336
2026-05-19 14:25:16.436,89750,185.073,15.007729137185,178.76,47.925,1436.336
2026-05-19 14:25:16.437,90000,185.073,15.007729137185,178.76,47.925,1436.336
2026-05-19 14:25:16.437,90250,185.073,15.007729137185,178.76,47.925,1436.336
2026-05-19 14:25:16.438,90500,192.879,19.95872592103,180.388,66.225,1380.467
2026-05-19 14:25:16.438,90750,200.685,24.909722704875,182.016,84.526,1324.598
2026-05-19 14:25:16.551,91000,200.685,24.909722704875,182.016,84.526,1324.598
2026-05-19 14:25:16.552,91250,200.685,24.909722704875,182.016,84.526,1324.598
2026-05-19 14:25:16.552,91500,200.685,24.909722704875,182.016,84.526,1324.598
2026-05-19 14:25:16.552,91750,200.685,24.909722704875,182.016,84.526,1324.598
2026-05-19 14:25:16.553,92000,200.685,24.909722704875,182.016,84.526,1324.598
2026-05-19 14:25:16.662,92250,200.685,24.909722704875,182.016,84.526,1324.598
2026-05-19 14:25:16.662,92500,200.685,24.909722704875,182.016,84.526,1324.598
2026-05-19 14:25:16.663,92750,200.685,24.909722704875,182.016,84.526,1324.598
2026-05-19 14:25:16.663,93000,200.685,24.909722704875,182.016,84.526,1324.598
2026-05-19 14:25:16.663,93250,200.685,24.909722704875,182.016,84.526,1324.598
2026-05-19 14:25:16.773,93500,200.685,24.909722704875,182.016,84.526,1324.598
2026-05-19 14:25:16.773,93750,200.685,24.909722704875,182.016,84.526,1324.598
2026-05-19 14:25:16.774,94000,200.685,24.909722704875,182.016,84.526,1324.598
2026-05-19 14:25:16.774,94250,200.685,24.909722704875,182.016,84.526,1324.598
2026-05-19 14:25:16.885,94500,200.685,24.909722704875,182.016,84.526,1324.598
2026-05-19 14:25:16.885,94750,200.685,24.909722704875,182.016,84.526,1324.598
2026-05-19 14:25:16.886,95000,365.001,2.788398603818,364.569,17.756,1324.598
2026-05-19 14:25:16.886,95250,200.685,24.909722704875,182.016,84.526,1324.598
2026-05-19 14:25:16.887,95500,236.41,21.112908780119,220.68,84.362,1134.03
2026-05-19 14:25:16.997,95750,248.319,19.847304138534,233.569,84.308,1070.507
2026-05-19 14:25:16.998,96000,451.637,-2.274019962523,451.281,-17.92,1070.507
2026-05-19 14:25:16.999,96250,451.637,-2.274019962523,451.281,-17.92,1070.507
2026-05-19 14:25:16.999,96500,451.637,-2.274019962523,451.281,-17.92,1070.507
2026-05-19 14:25:17.000,96750,248.319,19.847304138534,233.569,84.308,1070.507
2026-05-19 14:25:17.110,97000,248.319,19.847304138534,233.569,84.308,1070.507
2026-05-19 14:25:17.110,97250,979.0,0.0,979.0,0.0,1070.507
2026-05-19 14:25:17.110,97500,979.0,0.0,979.0,0.0,1070.507
2026-05-19 14:25:17.111,97750,979.0,0.0,979.0,0.0,1070.507
2026-05-19 14:25:17.111,98000,979.0,0.0,979.0,0.0,1070.507
2026-05-19 14:25:17.222,98250,979.0,0.0,979.0,0.0,1070.507
2026-05-19 14:25:17.223,98500,979.0,0.0,979.0,0.0,1070.507
2026-05-19 14:25:17.223,98750,979.0,0.0,979.0,0.0,1070.507
2026-05-19 14:25:17.224,99000,903.398,-13.945138107886,876.772,-217.712,1070.507
2026-05-19 14:25:17.224,99250,979.0,0.0,979.0,0.0,1070.507
2026-05-19 14:25:17.337,99500,979.0,0.0,979.0,0.0,1070.507
2026-05-19 14:25:17.337,99750,903.398,-13.945138107886,876.772,-217.712,1070.507
2026-05-19 14:25:17.338,100000,903.398,-13.945138107886,876.772,-217.712,1070.507
2026-05-19 14:25:17.899,10000,966.597,1.673487703839,966.18,28.257,9338.101
2026-05-19 14:25:18.013,10250,979.0,0.0,979.0,0.0,9286.314
2026-05-19 14:25:18.125,10500,979.0,0.0,979.0,0.0,9286.314
2026-05-19 14:25:18.350,10750,976.133,0.624395458458,975.988,10.589,9313.712
2026-05-19 14:25:18.462,11000,952.958,-0.445795900565,952.929,-7.415,9354.811
2026-05-19 14:25:18.578,11250,967.037,0.117663273306,966.961,2.051,9219.998
2026-05-19 14:25:18.691,11500,962.518,0.998500274332,962.289,16.864,9263.1
2026-05-19 14:25:18.915,11750,973.87,-0.096267079682,973.864,-1.602,9227.826
2026-05-19 14:25:19.027,12000,979.0,0.0,979.0,0.0,9178.44
2026-05-19 14:25:19.138,12250,952.305,-0.187935007788,952.249,-3.158,9194.404
2026-05-19 14:25:19.248,12500,956.045,-0.813578523559,955.897,-13.608,9242.296
2026-05-19 14:25:19.360,12750,964.231,-0.310650789554,964.208,-5.174,9165.148
2026-05-19 14:25:19.470,13000,969.154,-0.207100526369,969.139,-3.45,9118.593
2026-05-19 14:25:19.581,13250,991.316,-0.049041134828,991.232,-0.775,8998.74
2026-05-19 14:25:19.693,13500,979.0,0.0,979.0,0.0,9110.657
2026-05-19 14:25:19.804,13750,953.511,-0.596406353861,953.459,-9.925,9110.657
2026-05-19 14:25:19.914,14000,960.414,0.964476900547,960.179,16.253,9046.195
2026-05-19 14:25:20.025,14250,974.009,-0.125778158691,973.997,-2.094,9018.346
2026-05-19 14:25:20.135,14500,979.0,0.0,979.0,0.0,8971.41
2026-05-19 14:25:20.246,14750,958.933,0.211057093635,958.846,3.459,9014.381
2026-05-19 14:25:20.357,15000,952.093,1.125504997653,951.909,18.701,9078.838
2026-05-19 14:25:20.469,15250,975.972,-0.08356640985,975.967,-1.406,8966.526
2026-05-19 14:25:20.582,15500,979.0,0.0,979.0,0.0,8938.448
2026-05-19 14:25:20.694,15750,947.026,0.184357904432,946.945,2.973,9006.644
2026-05-19 14:25:20.694,16000,969.337,-0.293468122167,969.305,-4.891,8918.082
2026-05-19 14:25:20.806,16250,954.79,-0.759016820001,954.706,-12.648,8828.731
2026-05-19 14:25:20.918,16500,979.0,0.0,979.0,0.0,8828.731
2026-05-19 14:25:21.031,16750,955.291,-0.778640438833,955.203,-12.982,8920.457
2026-05-19 14:25:21.141,17000,979.0,0.0,979.0,0.0,8704.426
2026-05-19 14:25:21.254,17250,953.338,-0.872532988888,953.228,-14.517,8704.426
2026-05-19 14:25:21.255,17500,944.79,0.019041133826,944.714,0.225,8783.655
2026-05-19 14:25:21.367,17750,974.022,-0.179609787901,973.998,-2.991,8656.743
2026-05-19 14:25:21.479,18000,979.0,0.0,979.0,0.0,8611.81
2026-05-19 14:25:21.591,18250,967.206,0.402239677589,967.05,6.785,8489.207
2026-05-19 14:25:21.591,18500,963.876,0.6994281924,963.655,11.776,8518.226
2026-05-19 14:25:21.703,18750,979.0,0.0,979.0,0.0,8531.103
2026-05-19 14:25:21.815,19000,954.571,-1.003388467307,954.424,-16.716,8531.103
2026-05-19 14:25:21.926,19250,979.0,0.0,979.0,0.0,8318.223
2026-05-19 14:25:21.927,19500,950.126,0.47327112365,949.972,7.913,8352.187
2026-05-19 14:25:22.037,19750,951.567,0.968576722558,951.388,16.193,8339.717
2026-05-19 14:25:22.148,20000,979.0,0.0,979.0,0.0,8255.872
2026-05-19 14:25:22.258,20250,979.0,0.0,979.0,0.0,8255.872
2026-05-19 14:25:22.259,20500,969.502,-0.443703633743,969.43,-7.397,8135.725
2026-05-19 14:25:22.365,20750,967.947,0.792906860143,967.794,13.292,8148.32
2026-05-19 14:25:22.480,21000,944.258,0.525310431603,944.195,8.711,8176.876
2026-05-19 14:25:22.481,21250,979.0,0.0,979.0,0.0,8043.919
2026-05-19 14:25:22.585,21500,979.0,0.0,979.0,0.0,8043.919
2026-05-19 14:25:22.697,21750,965.323,-0.722596536932,965.196,-12.058,7969.0
2026-05-19 14:25:22.697,22000,974.758,0.268968183771,974.705,4.496,7891.417
2026-05-19 14:25:22.799,22250,957.791,1.344840918854,957.527,22.479,8030.595
2026-05-19 14:25:22.912,22500,979.0,0.0,979.0,0.0,7842.522
2026-05-19 14:25:22.913,22750,979.0,0.0,979.0,0.0,7842.522
2026-05-19 14:25:23.016,23000,960.659,-1.113394993297,960.433,-18.577,7805.79
2026-05-19 14:25:23.132,23250,979.0,0.0,979.0,0.0,7658.862
2026-05-19 14:25:23.133,23500,958.534,-1.300566439113,958.287,-21.756,7658.862
2026-05-19 14:25:23.249,23750,979.0,0.0,979.0,0.0,7498.755
2026-05-19 14:25:23.249,24000,964.894,0.743732950823,964.76,12.402,7609.461
2026-05-19 14:25:23.360,24250,950.253,0.932503784797,950.075,15.551,7549.216
2026-05-19 14:25:23.462,24500,979.0,0.0,979.0,0.0,7515.704
2026-05-19 14:25:23.463,24750,1522.939,-16.713682183264,1458.601,-437.981,7515.704
2026-05-19 14:25:23.565,25000,1542.126,-16.392613173073,1479.439,-435.215,7360.845
2026-05-19 14:25:23.566,25250,1067.869,-5.826152878019,1062.353,-108.4,7360.845
2026-05-19 14:25:23.682,25500,970.781,-0.638430605497,970.633,-10.678,7268.155
2026-05-19 14:25:23.798,25750,1418.075,-9.188497132725,1399.879,-226.442,7206.363
2026-05-19 14:25:23.799,26000,1533.085,-15.366280685948,1478.279,-406.25,7206.363
2026-05-19 14:25:23.905,26250,979.0,0.0,979.0,0.0,7078.333
2026-05-19 14:25:23.906,26500,37.708,-79.720226856193,6.732,-37.099,7050.105
2026-05-19 14:25:24.015,26750,38.319,-78.362496472059,7.73,-37.531,6937.194
2026-05-19 14:25:24.015,27000,38.319,-78.362496472059,7.73,-37.531,6937.194
2026-05-19 14:25:24.132,27250,38.469,-78.015028069749,7.991,-37.626,6910.653
2026-05-19 14:25:24.133,27500,39.066,-76.62515446051,9.037,-38.007,6804.488
2026-05-19 14:25:24.248,27750,39.066,-76.62515446051,9.037,-38.007,6804.488
2026-05-19 14:25:24.249,28000,39.852,-74.701199373016,10.515,-38.44,6670.342
2026-05-19 14:25:24.366,28250,39.852,-74.701199373016,10.515,-38.44,6670.342
2026-05-19 14:25:24.367,28500,39.852,-74.701199373016,10.515,-38.44,6670.342
2026-05-19 14:25:24.481,28750,40.54,-72.917258775115,11.909,-38.752,6557.083
2026-05-19 14:25:24.482,29000,40.54,-72.917258775115,11.909,-38.752,6557.083
2026-05-19 14:25:24.599,29250,41.278,-70.880669943164,13.52,-39.001,6439.888
2026-05-19 14:25:24.599,29500,41.278,-70.880669943164,13.52,-39.001,6439.888
2026-05-19 14:25:24.715,29750,41.278,-70.880669943164,13.52,-39.001,6439.888
2026-05-19 14:25:24.716,30000,41.998,-68.738226104302,15.23,-39.139,6329.513
2026-05-19 14:25:24.832,30250,41.998,-68.738226104302,15.23,-39.139,6329.513
2026-05-19 14:25:24.832,30500,42.66,-66.591391924142,16.948,-39.149,6231.235
2026-05-19 14:25:24.948,30750,42.66,-66.591391924142,16.948,-39.149,6231.235
2026-05-19 14:25:24.949,31000,42.66,-66.591391924142,16.948,-39.149,6231.235
2026-05-19 14:25:24.949,31250,43.346,-64.132202147052,18.911,-39.002,6132.743
2026-05-19 14:25:25.063,31500,43.346,-64.132202147052,18.911,-39.002,6132.743
2026-05-19 14:25:25.063,31750,43.679,-62.78553759869,19.976,-38.834,6086.171
2026-05-19 14:25:25.173,32000,45.325,-62.452956945426,20.958,-40.188,5866.398
2026-05-19 14:25:25.174,32250,45.681,-62.594255873503,21.026,-40.554,5819.217
2026-05-19 14:25:25.284,32500,46.269,-60.093303711403,23.069,-40.108,5745.191
2026-05-19 14:25:25.284,32750,46.269,-60.093303711403,23.069,-40.108,5745.191
2026-05-19 14:25:25.393,33000,46.269,-60.093303711403,23.069,-40.108,5745.191
2026-05-19 14:25:25.394,33250,46.781,-57.532088690624,25.113,-39.469,5682.385
2026-05-19 14:25:25.504,33500,46.781,-57.532088690624,25.113,-39.469,5682.385
2026-05-19 14:25:25.504,33750,46.781,-57.532088690624,25.113,-39.469,5682.385
2026-05-19 14:25:25.615,34000,47.212,-54.878883692718,27.161,-38.617,5630.485
2026-05-19 14:25:25.615,34250,49.415,-55.344857481475,28.099,-40.649,5379.444
2026-05-19 14:25:25.616,34500,49.415,-55.344857481475,28.099,-40.649,5379.444
2026-05-19 14:25:25.731,34750,49.789,-52.609535703947,30.234,-39.559,5339.018
2026-05-19 14:25:25.732,35000,49.789,-52.609535703947,30.234,-39.559,5339.018
2026-05-19 14:25:25.841,35250,49.789,-52.609535703947,30.234,-39.559,5339.018
2026-05-19 14:25:25.841,35500,50.043,-49.967871920273,32.189,-38.317,5311.955
2026-05-19 14:25:25.951,35750,50.999,-50.062996606838,32.737,-39.105,5215.137
2026-05-19 14:25:25.952,36000,52.432,-50.205683636686,33.558,-40.286,5069.911
2026-05-19 14:25:25.952,36250,52.606,-47.325051858019,35.658,-38.677,5053.16
2026-05-19 14:25:26.064,36500,52.606,-47.325051858019,35.658,-38.677,5053.16
2026-05-19 14:25:26.064,36750,52.606,-47.325051858019,35.658,-38.677,5053.16
2026-05-19 14:25:26.174,37000,52.611,-42.822243692612,38.589,-35.761,5052.649
2026-05-19 14:25:26.175,37250,54.26,-42.753959170865,39.843,-36.834,4902.164
2026-05-19 14:25:26.175,37500,55.359,-42.708436156368,40.679,-37.548,4801.84
2026-05-19 14:25:26.285,37750,55.319,-42.083303691401,41.045,-37.068,4805.377
2026-05-19 14:25:26.285,38000,55.156,-39.582773831534,42.509,-35.145,4819.526
2026-05-19 14:25:26.395,38250,55.156,-39.582773831534,42.509,-35.145,4819.526
2026-05-19 14:25:26.396,38500,55.156,-39.582773831534,42.509,-35.145,4819.526
2026-05-19 14:25:26.396,38750,57.896,-36.003370127391,46.837,-34.033,4591.487
2026-05-19 14:25:26.506,39000,57.896,-36.003370127391,46.837,-34.033,4591.487
2026-05-19 14:25:26.506,39250,57.896,-36.003370127391,46.837,-34.033,4591.487
2026-05-19 14:25:26.618,39500,57.896,-36.003370127391,46.837,-34.033,4591.487
2026-05-19 14:25:26.618,39750,57.323,-32.938897081218,48.108,-31.169,4637.368
2026-05-19 14:25:26.619,40000,60.684,-32.22008329163,51.339,-32.355,4380.519
2026-05-19 14:25:26.730,40250,60.684,-32.22008329163,51.339,-32.355,4380.519
2026-05-19 14:25:26.731,40500,60.684,-32.22008329163,51.339,-32.355,4380.519
2026-05-19 14:25:26.731,40750,60.684,-32.22008329163,51.339,-32.355,4380.519
2026-05-19 14:25:26.842,41000,59.744,-28.764519277142,52.372,-28.749,4449.44
2026-05-19 14:25:26.843,41250,61.839,-28.178242100355,54.512,-29.196,4299.941
2026-05-19 14:25:26.955,41500,62.363,-28.031672806158,55.047,-29.308,4262.566
2026-05-19 14:25:26.955,41750,61.196,-24.812922581771,55.547,-25.681,4343.838
2026-05-19 14:25:26.956,42000,61.196,-24.812922581771,55.547,-25.681,4343.838
2026-05-19 14:25:27.064,42250,61.196,-24.812922581771,55.547,-25.681,4343.838
2026-05-19 14:25:27.065,42500,64.809,-23.564336401861,59.404,-25.909,4101.722
2026-05-19 14:25:27.176,42750,64.809,-23.564336401861,59.404,-25.909,4101.722
2026-05-19 14:25:27.177,43000,64.809,-23.564336401861,59.404,-25.909,4101.722
2026-05-19 14:25:27.177,43250,63.318,-20.425026869974,59.337,-22.097,4198.29
2026-05-19 14:25:27.287,43500,63.318,-20.425026869974,59.337,-22.097,4198.29
2026-05-19 14:25:27.287,43750,67.117,-18.842533874968,63.521,-21.677,3960.624
2026-05-19 14:25:27.288,44000,67.117,-18.842533874968,63.521,-21.677,3960.624
2026-05-19 14:25:27.397,44250,67.117,-18.842533874968,63.521,-21.677,3960.624
2026-05-19 14:25:27.398,44500,67.117,-18.842533874968,63.521,-21.677,3960.624
2026-05-19 14:25:27.399,44750,65.873,-15.205426797506,63.567,-17.257,4037.412
2026-05-19 14:25:27.515,45000,68.843,-13.718148915148,66.879,-16.326,3861.35
2026-05-19 14:25:27.516,45250,68.843,-13.718148915148,66.879,-16.326,3861.35
2026-05-19 14:25:27.516,45500,68.843,-13.718148915148,66.879,-16.326,3861.35
2026-05-19 14:25:27.632,45750,68.843,-13.718148915148,66.879,-16.326,3861.35
2026-05-19 14:25:27.633,46000,71.165,-12.531416858526,69.467,-15.407,3738.053
2026-05-19 14:25:27.633,46250,69.53,-8.091137873153,68.838,-9.786,3823.201
2026-05-19 14:25:27.741,46500,69.53,-8.091137873153,68.838,-9.786,3823.201
2026-05-19 14:25:27.742,46750,69.53,-8.091137873153,68.838,-9.786,3823.201
2026-05-19 14:25:27.742,47000,69.53,-8.091137873153,68.838,-9.786,3823.201
2026-05-19 14:25:27.845,47250,72.561,-6.184923057905,72.132,-7.791,3665.151
2026-05-19 14:25:27.846,47500,73.319,-5.708369354093,72.955,-7.293,3625.638
2026-05-19 14:25:27.846,47750,73.319,-5.708369354093,72.955,-7.293,3625.638
2026-05-19 14:25:27.949,48000,73.319,-5.708369354093,72.955,-7.293,3625.638
2026-05-19 14:25:27.950,48250,73.319,-5.708369354093,72.955,-7.293,3625.638
2026-05-19 14:25:27.950,48500,73.454,0.0,73.454,0.0,3618.973
2026-05-19 14:25:28.053,48750,73.454,0.0,73.454,0.0,3618.973
2026-05-19 14:25:28.053,49000,73.454,0.0,73.454,0.0,3618.973
2026-05-19 14:25:28.157,49250,73.454,0.0,73.454,0.0,3618.973
2026-05-19 14:25:28.157,49500,75.0,1.240294637168,74.955,1.673,3546.598
2026-05-19 14:25:28.158,49750,77.319,3.100736592919,77.206,4.182,3438.037
2026-05-19 14:25:28.261,50000,77.319,3.100736592919,77.206,4.182,3438.037
2026-05-19 14:25:28.261,50250,77.319,3.100736592919,77.206,4.182,3438.037
2026-05-19 14:25:28.262,50500,77.319,3.100736592919,77.206,4.182,3438.037
2026-05-19 14:25:28.262,50750,77.319,3.100736592919,77.206,4.182,3438.037
2026-05-19 14:25:28.365,51000,77.08,9.452665724564,76.033,12.659,3448.719
2026-05-19 14:25:28.366,51250,77.08,9.452665724564,76.033,12.659,3448.719
2026-05-19 14:25:28.366,51500,77.08,9.452665724564,76.033,12.659,3448.719
2026-05-19 14:25:28.469,51750,77.08,9.452665724564,76.033,12.659,3448.719
2026-05-19 14:25:28.470,52000,77.08,9.452665724564,76.033,12.659,3448.719
2026-05-19 14:25:28.470,52250,77.751,10.183843375634,76.494,13.776,3419.949
2026-05-19 14:25:28.578,52500,80.435,13.108553979911,78.339,18.242,3304.868
2026-05-19 14:25:28.579,52750,80.435,13.108553979911,78.339,18.242,3304.868
2026-05-19 14:25:28.579,53000,80.435,13.108553979911,78.339,18.242,3304.868
2026-05-19 14:25:28.682,53250,80.435,13.108553979911,78.339,18.242,3304.868
2026-05-19 14:25:28.683,53500,80.435,13.108553979911,78.339,18.242,3304.868
2026-05-19 14:25:28.683,53750,80.435,13.108553979911,78.339,18.242,3304.868
2026-05-19 14:25:28.789,54000,83.559,16.888314374912,79.956,24.275,3181.295
2026-05-19 14:25:28.789,54250,83.559,16.888314374912,79.956,24.275,3181.295
2026-05-19 14:25:28.790,54500,83.559,16.888314374912,79.956,24.275,3181.295
2026-05-19 14:25:28.790,54750,83.559,16.888314374912,79.956,24.275,3181.295
2026-05-19 14:25:28.897,55000,83.559,16.888314374912,79.956,24.275,3181.295
2026-05-19 14:25:28.897,55250,83.559,16.888314374912,79.956,24.275,3181.295
2026-05-19 14:25:28.897,55500,83.559,16.888314374912,79.956,24.275,3181.295
2026-05-19 14:25:29.013,55750,86.606,21.090580207281,80.804,31.164,3069.393
2026-05-19 14:25:29.014,56000,86.606,21.090580207281,80.804,31.164,3069.393
2026-05-19 14:25:29.014,56250,86.606,21.090580207281,80.804,31.164,3069.393
2026-05-19 14:25:29.116,56500,86.606,21.090580207281,80.804,31.164,3069.393
2026-05-19 14:25:29.116,56750,86.606,21.090580207281,80.804,31.164,3069.393
2026-05-19 14:25:29.117,57000,86.606,21.090580207281,80.804,31.164,3069.393
2026-05-19 14:25:29.117,57250,86.606,21.090580207281,80.804,31.164,3069.393
2026-05-19 14:25:29.221,57500,86.606,21.090580207281,80.804,31.164,3069.393
2026-05-19 14:25:29.222,57750,86.606,21.090580207281,80.804,31.164,3069.393
2026-05-19 14:25:29.222,58000,83.283,25.297494187618,75.225,35.616,3196.649
2026-05-19 14:25:29.325,58250,82.892,27.412560063454,73.585,38.163,3206.9
2026-05-19 14:25:29.326,58500,82.892,27.412560063454,73.585,38.163,3206.9
2026-05-19 14:25:29.326,58750,82.892,27.412560063454,73.585,38.163,3206.9
2026-05-19 14:25:29.429,59000,84.653,31.782464842233,71.96,44.586,3140.187
2026-05-19 14:25:29.429,59250,84.301,30.908483886477,72.285,43.302,3153.529
2026-05-19 14:25:29.430,59500,82.892,27.412560063454,73.585,38.163,3206.9
2026-05-19 14:25:29.546,59750,88.215,26.241390032488,79.132,38.978,3016.262
2026-05-19 14:25:29.547,60000,89.546,25.948597524747,80.519,39.182,2968.602
2026-05-19 14:25:29.547,60250,89.546,25.948597524747,80.519,39.182,2968.602
2026-05-19 14:25:29.548,60500,89.546,25.948597524747,80.519,39.182,2968.602
2026-05-19 14:25:29.650,60750,89.546,25.948597524747,80.519,39.182,2968.602
2026-05-19 14:25:29.650,61000,89.546,25.948597524747,80.519,39.182,2968.602
2026-05-19 14:25:29.651,61250,89.546,25.948597524747,80.519,39.182,2968.602
2026-05-19 14:25:29.651,61500,89.546,25.948597524747,80.519,39.182,2968.602
2026-05-19 14:25:29.764,61750,89.546,25.948597524747,80.519,39.182,2968.602
2026-05-19 14:25:29.764,62000,89.546,25.948597524747,80.519,39.182,2968.602
2026-05-19 14:25:29.765,62250,89.546,25.948597524747,80.519,39.182,2968.602
2026-05-19 14:25:29.766,62500,89.546,25.948597524747,80.519,39.182,2968.602
2026-05-19 14:25:29.880,62750,89.546,25.948597524747,80.519,39.182,2968.602
2026-05-19 14:25:29.881,63000,89.546,25.948597524747,80.519,39.182,2968.602
2026-05-19 14:25:29.881,63250,92.587,25.273218570265,83.739,39.476,2875.689
2026-05-19 14:25:29.882,63500,97.148,24.260150138543,88.568,39.916,2736.319
2026-05-19 14:25:29.996,63750,97.148,24.260150138543,88.568,39.916,2736.319
2026-05-19 14:25:29.997,64000,97.148,24.260150138543,88.568,39.916,2736.319
2026-05-19 14:25:29.997,64250,97.148,24.260150138543,88.568,39.916,2736.319
2026-05-19 14:25:29.997,64500,97.148,24.260150138543,88.568,39.916,2736.319
2026-05-19 14:25:30.112,64750,97.148,24.260150138543,88.568,39.916,2736.319
2026-05-19 14:25:30.112,65000,97.148,24.260150138543,88.568,39.916,2736.319
2026-05-19 14:25:30.113,65250,97.148,24.260150138543,88.568,39.916,2736.319
2026-05-19 14:25:30.113,65500,97.148,24.260150138543,88.568,39.916,2736.319
2026-05-19 14:25:30.221,65750,97.148,24.260150138543,88.568,39.916,2736.319
2026-05-19 14:25:30.222,66000,97.148,24.260150138543,88.568,39.916,2736.319
2026-05-19 14:25:30.222,66250,97.148,24.260150138543,88.568,39.916,2736.319
2026-05-19 14:25:30.223,66500,97.148,24.260150138543,88.568,39.916,2736.319
2026-05-19 14:25:30.332,66750,97.148,24.260150138543,88.568,39.916,2736.319
2026-05-19 14:25:30.333,67000,97.148,24.260150138543,88.568,39.916,2736.319
2026-05-19 14:25:30.333,67250,102.86,22.975094760473,94.718,40.064,2589.789
2026-05-19 14:25:30.333,67500,106.668,22.118391175092,98.818,40.163,2492.103
2026-05-19 14:25:30.442,67750,106.668,22.118391175092,98.818,40.163,2492.103
2026-05-19 14:25:30.443,68000,106.668,22.118391175092,98.818,40.163,2492.103
2026-05-19 14:25:30.443,68250,105.694,21.00484104248,98.57,37.93,2515.952
2026-05-19 14:25:30.443,68500,103.745,18.777740777257,98.075,33.464,2563.652
2026-05-19 14:25:30.549,68750,101.797,16.550640512033,97.579,28.998,2611.351
2026-05-19 14:25:30.550,69000,101.797,16.550640512033,97.579,28.998,2611.351
2026-05-19 14:25:30.550,69250,101.797,16.550640512033,97.579,28.998,2611.351
2026-05-19 14:25:30.550,69500,101.797,16.550640512033,97.579,28.998,2611.351
2026-05-19 14:25:30.660,69750,101.797,16.550640512033,97.579,28.998,2611.351
2026-05-19 14:25:30.661,70000,101.797,16.550640512033,97.579,28.998,2611.351
2026-05-19 14:25:30.661,70250,101.797,16.550640512033,97.579,28.998,2611.351
2026-05-19 14:25:30.662,70500,102.771,17.664190644645,97.827,31.231,2587.501
2026-05-19 14:25:30.765,70750,101.797,16.550640512033,97.579,28.998,2611.351
2026-05-19 14:25:30.765,71000,101.797,16.550640512033,97.579,28.998,2611.351
2026-05-19 14:25:30.766,71250,101.797,16.550640512033,97.579,28.998,2611.351
2026-05-19 14:25:30.875,71500,101.797,16.550640512033,97.579,28.998,2611.351
2026-05-19 14:25:30.875,71750,101.797,16.550640512033,97.579,28.998,2611.351
2026-05-19 14:25:30.876,72000,112.659,13.182513328775,109.69,25.692,2359.568
2026-05-19 14:25:30.876,72250,114.002,14.387191451677,110.298,28.408,2333.03
2026-05-19 14:25:30.986,72500,119.372,19.205903943283,112.728,39.269,2226.878
2026-05-19 14:25:30.986,72750,119.372,19.205903943283,112.728,39.269,2226.878
2026-05-19 14:25:30.986,73000,119.372,19.205903943283,112.728,39.269,2226.878
2026-05-19 14:25:30.987,73250,119.372,19.205903943283,112.728,39.269,2226.878
2026-05-19 14:25:31.095,73500,119.372,19.205903943283,112.728,39.269,2226.878
2026-05-19 14:25:31.095,73750,119.372,19.205903943283,112.728,39.269,2226.878
2026-05-19 14:25:31.096,74000,119.372,19.205903943283,112.728,39.269,2226.878
2026-05-19 14:25:31.096,74250,119.372,19.205903943283,112.728,39.269,2226.878
2026-05-19 14:25:31.199,74500,119.372,19.205903943283,112.728,39.269,2226.878
2026-05-19 14:25:31.200,74750,119.372,19.205903943283,112.728,39.269,2226.878
2026-05-19 14:25:31.200,75000,119.372,19.205903943283,112.728,39.269,2226.878
2026-05-19 14:25:31.200,75250,119.372,19.205903943283,112.728,39.269,2226.878
2026-05-19 14:25:31.309,75500,119.372,19.205903943283,112.728,39.269,2226.878
2026-05-19 14:25:31.310,75750,119.372,19.205903943283,112.728,39.269,2226.878
2026-05-19 14:25:31.310,76000,119.372,19.205903943283,112.728,39.269,2226.878
2026-05-19 14:25:31.310,76250,119.372,19.205903943283,112.728,39.269,2226.878
2026-05-19 14:25:31.311,76500,119.372,19.205903943283,112.728,39.269,2226.878
2026-05-19 14:25:31.414,76750,119.372,19.205903943283,112.728,39.269,2226.878
2026-05-19 14:25:31.414,77000,119.372,19.205903943283,112.728,39.269,2226.878
2026-05-19 14:25:31.415,77250,119.372,19.205903943283,112.728,39.269,2226.878
2026-05-19 14:25:31.415,77500,119.372,19.205903943283,112.728,39.269,2226.878
2026-05-19 14:25:31.517,77750,127.622,17.264648351274,121.882,37.684,2088.871
2026-05-19 14:25:31.518,78000,133.122,15.970477956601,127.984,36.627,1996.867
2026-05-19 14:25:31.518,78250,133.122,15.970477956601,127.984,36.627,1996.867
2026-05-19 14:25:31.518,78500,133.122,15.970477956601,127.984,36.627,1996.867
2026-05-19 14:25:31.519,78750,133.122,15.970477956601,127.984,36.627,1996.867
2026-05-19 14:25:31.621,79000,133.122,15.970477956601,127.984,36.627,1996.867
2026-05-19 14:25:31.622,79250,133.122,15.970477956601,127.984,36.627,1996.867
2026-05-19 14:25:31.622,79500,133.122,15.970477956601,127.984,36.627,1996.867
2026-05-19 14:25:31.623,79750,133.122,15.970477956601,127.984,36.627,1996.867
2026-05-19 14:25:31.725,80000,133.122,15.970477956601,127.984,36.627,1996.867
2026-05-19 14:25:31.726,80250,133.122,15.970477956601,127.984,36.627,1996.867
2026-05-19 14:25:31.726,80500,133.122,15.970477956601,127.984,36.627,1996.867
2026-05-19 14:25:31.726,80750,133.122,15.970477956601,127.984,36.627,1996.867
2026-05-19 14:25:31.727,81000,133.122,15.970477956601,127.984,36.627,1996.867
2026-05-19 14:25:31.831,81250,133.122,15.970477956601,127.984,36.627,1996.867
2026-05-19 14:25:31.832,81500,133.122,15.970477956601,127.984,36.627,1996.867
2026-05-19 14:25:31.832,81750,133.122,15.970477956601,127.984,36.627,1996.867
2026-05-19 14:25:31.832,82000,137.734,19.97595777865,129.165,47.181,1931.467
2026-05-19 14:25:31.947,82250,140.808,22.646277660017,129.952,54.217,1887.867
2026-05-19 14:25:31.947,82500,140.808,22.646277660017,129.952,54.217,1887.867
2026-05-19 14:25:31.948,82750,140.808,22.646277660017,129.952,54.217,1887.867
2026-05-19 14:25:31.948,83000,140.808,22.646277660017,129.952,54.217,1887.867
2026-05-19 14:25:31.949,83250,140.808,22.646277660017,129.952,54.217,1887.867
2026-05-19 14:25:32.064,83500,159.936,19.406232012326,150.849,53.141,1662.085
2026-05-19 14:25:32.065,83750,159.936,19.406232012326,150.849,53.141,1662.085
2026-05-19 14:25:32.066,84000,159.936,19.406232012326,150.849,53.141,1662.085
2026-05-19 14:25:32.066,84250,159.936,19.406232012326,150.849,53.141,1662.085
2026-05-19 14:25:32.066,84500,159.936,19.406232012326,150.849,53.141,1662.085
2026-05-19 14:25:32.067,84750,159.936,19.406232012326,150.849,53.141,1662.085
2026-05-19 14:25:32.176,85000,159.936,19.406232012326,150.849,53.141,1662.085
2026-05-19 14:25:32.176,85250,159.936,19.406232012326,150.849,53.141,1662.085
2026-05-19 14:25:32.177,85500,159.936,19.406232012326,150.849,53.141,1662.085
2026-05-19 14:25:32.177,85750,159.936,19.406232012326,150.849,53.141,1662.085
2026-05-19 14:25:32.286,86000,159.936,19.406232012326,150.849,53.141,1662.085
2026-05-19 14:25:32.287,86250,159.936,19.406232012326,150.849,53.141,1662.085
2026-05-19 14:25:32.287,86500,159.936,19.406232012326,150.849,53.141,1662.085
2026-05-19 14:25:32.287,86750,159.936,19.406232012326,150.849,53.141,1662.085
2026-05-19 14:25:32.288,87000,159.936,19.406232012326,150.849,53.141,1662.085
2026-05-19 14:25:32.396,87250,159.936,19.406232012326,150.849,53.141,1662.085
2026-05-19 14:25:32.397,87500,159.936,19.406232012326,150.849,53.141,1662.085
2026-05-19 14:25:32.397,87750,159.936,19.406232012326,150.849,53.141,1662.085
2026-05-19 14:25:32.398,88000,159.936,19.406232012326,150.849,53.141,1662.085
2026-05-19 14:25:32.398,88250,159.936,19.406232012326,150.849,53.141,1662.085
2026-05-19 14:25:32.506,88500,159.936,19.406232012326,150.849,53.141,1662.085
2026-05-19 14:25:32.507,88750,159.936,19.406232012326,150.849,53.141,1662.085
2026-05-19 14:25:32.507,89000,159.936,19.406232012326,150.849,53.141,1662.085
2026-05-19 14:25:32.508,89250,164.963,18.526531437298,156.432,52.098,1616.935
2026-05-19 14:25:32.508,89500,185.073,15.007729137185,178.76,47.925,1436.336
2026-05-19 14:25:32.618,89750,185.073,15.007729137185,178.76,47.925,1436.336
2026-05-19 14:25:32.619,90000,185.073,15.007729137185,178.76,47.925,1436.336
2026-05-19 14:25:32.619,90250,185.073,15.007729137185,178.76,47.925,1436.336
2026-05-19 14:25:32.620,90500,191.318,18.968526564261,180.062,62.565,1391.641
2026-05-19 14:25:32.620,90750,200.685,24.909722704875,182.016,84.526,1324.598
2026-05-19 14:25:32.729,91000,200.685,24.909722704875,182.016,84.526,1324.598
2026-05-19 14:25:32.729,91250,200.685,24.909722704875,182.016,84.526,1324.598
2026-05-19 14:25:32.730,91500,200.685,24.909722704875,182.016,84.526,1324.598
2026-05-19 14:25:32.730,91750,200.685,24.909722704875,182.016,84.526,1324.598
2026-05-19 14:25:32.840,92000,200.685,24.909722704875,182.016,84.526,1324.598
2026-05-19 14:25:32.840,92250,200.685,24.909722704875,182.016,84.526,1324.598
2026-05-19 14:25:32.840,92500,200.685,24.909722704875,182.016,84.526,1324.598
2026-05-19 14:25:32.841,92750,200.685,24.909722704875,182.016,84.526,1324.598
2026-05-19 14:25:32.841,93000,200.685,24.909722704875,182.016,84.526,1324.598
2026-05-19 14:25:32.950,93250,200.685,24.909722704875,182.016,84.526,1324.598
2026-05-19 14:25:32.950,93500,200.685,24.909722704875,182.016,84.526,1324.598
2026-05-19 14:25:32.951,93750,200.685,24.909722704875,182.016,84.526,1324.598
2026-05-19 14:25:32.951,94000,200.685,24.909722704875,182.016,84.526,1324.598
2026-05-19 14:25:32.952,94250,200.685,24.909722704875,182.016,84.526,1324.598
2026-05-19 14:25:33.064,94500,200.685,24.909722704875,182.016,84.526,1324.598
2026-05-19 14:25:33.064,94750,200.685,24.909722704875,182.016,84.526,1324.598
2026-05-19 14:25:33.064,95000,365.001,2.788398603818,364.569,17.756,1324.598
2026-05-19 14:25:33.065,95250,200.685,24.909722704875,182.016,84.526,1324.598
2026-05-19 14:25:33.066,95500,238.792,20.859787851802,223.258,84.352,1121.326
2026-05-19 14:25:33.173,95750,248.319,19.847304138534,233.569,84.308,1070.507
2026-05-19 14:25:33.174,96000,451.637,-2.274019962523,451.281,-17.92,1070.507
2026-05-19 14:25:33.174,96250,451.637,-2.274019962523,451.281,-17.92,1070.507
2026-05-19 14:25:33.175,96500,451.637,-2.274019962523,451.281,-17.92,1070.507
2026-05-19 14:25:33.175,96750,248.319,19.847304138534,233.569,84.308,1070.507
2026-05-19 14:25:33.284,97000,248.319,19.847304138534,233.569,84.308,1070.507
2026-05-19 14:25:33.285,97250,979.0,0.0,979.0,0.0,1070.507
2026-05-19 14:25:33.285,97500,979.0,0.0,979.0,0.0,1070.507
2026-05-19 14:25:33.285,97750,979.0,0.0,979.0,0.0,1070.507
2026-05-19 14:25:33.286,98000,979.0,0.0,979.0,0.0,1070.507
2026-05-19 14:25:33.399,98250,979.0,0.0,979.0,0.0,1070.507
2026-05-19 14:25:33.400,98500,979.0,0.0,979.0,0.0,1070.507
2026-05-19 14:25:33.400,98750,979.0,0.0,979.0,0.0,1070.507
2026-05-19 14:25:33.401,99000,903.398,-13.945138107886,876.772,-217.712,1070.507
2026-05-19 14:25:33.401,99250,979.0,0.0,979.0,0.0,1070.507
2026-05-19 14:25:33.511,99500,979.0,0.0,979.0,0.0,1070.507
2026-05-19 14:25:33.512,99750,903.398,-13.945138107886,876.772,-217.712,1070.507
2026-05-19 14:25:33.512,100000,903.398,-13.945138107886,876.772,-217.712,1070.507
2026-05-19 14:25:34.050,10000,971.87,1.752739384192,971.415,29.726,9286.314
2026-05-19 14:25:34.266,10250,979.0,0.0,979.0,0.0,9286.314
2026-05-19 14:25:34.380,10500,979.0,0.0,979.0,0.0,9286.314
2026-05-19 14:25:34.483,10750,976.133,0.624395458458,975.988,10.589,9313.712
2026-05-19 14:25:34.699,11000,952.958,-0.445795900565,952.929,-7.415,9354.811
2026-05-19 14:25:34.815,11250,968.583,-0.178318360226,968.572,-2.966,9205.503
2026-05-19 14:25:34.917,11500,969.153,0.798785720482,968.953,13.568,9199.219
2026-05-19 14:25:35.029,11750,973.87,-0.096267079682,973.864,-1.602,9227.826
2026-05-19 14:25:35.133,12000,979.0,0.0,979.0,0.0,9178.44
2026-05-19 14:25:35.244,12250,952.305,-0.187935007788,952.249,-3.158,9194.404
2026-05-19 14:25:35.467,12500,956.045,-0.813578523559,955.897,-13.608,9242.296
2026-05-19 14:25:35.579,12750,964.231,-0.310650789554,964.208,-5.174,9165.148
2026-05-19 14:25:35.683,13000,974.077,-0.103550263185,974.069,-1.725,9072.037
2026-05-19 14:25:35.785,13250,991.316,-0.049041134828,991.232,-0.775,8998.74
2026-05-19 14:25:35.896,13500,979.0,0.0,979.0,0.0,9110.657
2026-05-19 14:25:36.000,13750,953.511,-0.596406353861,953.459,-9.925,9110.657
2026-05-19 14:25:36.102,14000,960.414,0.964476900547,960.179,16.253,9046.195
2026-05-19 14:25:36.215,14250,974.009,-0.125778158691,973.997,-2.094,9018.346
2026-05-19 14:25:36.317,14500,979.0,0.0,979.0,0.0,8971.41
2026-05-19 14:25:36.429,14750,956.653,0.515873061641,956.534,8.54,9035.867
2026-05-19 14:25:36.538,15000,952.093,1.125504997653,951.909,18.701,9078.838
2026-05-19 14:25:36.649,15250,979.0,0.0,979.0,0.0,8938.448
2026-05-19 14:25:36.759,15500,979.0,0.0,979.0,0.0,8938.448
2026-05-19 14:25:36.871,15750,944.63,0.48084642244,944.546,7.878,9029.376
2026-05-19 14:25:36.982,16000,974.168,-0.146734061083,974.153,-2.445,8873.406
2026-05-19 14:25:36.983,16250,954.79,-0.759016820001,954.706,-12.648,8828.731
2026-05-19 14:25:37.095,16500,979.0,0.0,979.0,0.0,8828.731
2026-05-19 14:25:37.207,16750,955.291,-0.778640438833,955.203,-12.982,8920.457
2026-05-19 14:25:37.309,17000,979.0,0.0,979.0,0.0,8704.426
2026-05-19 14:25:37.414,17250,953.338,-0.872532988888,953.228,-14.517,8704.426
2026-05-19 14:25:37.516,17500,941.941,0.316232508065,941.876,5.14,8810.065
2026-05-19 14:25:37.628,17750,979.0,0.0,979.0,0.0,8611.81
2026-05-19 14:25:37.629,18000,979.0,0.0,979.0,0.0,8611.81
2026-05-19 14:25:37.731,18250,969.01,0.891565544433,968.816,14.973,8473.065
2026-05-19 14:25:37.841,18500,960.546,0.996616707211,960.26,16.767,8547.244
2026-05-19 14:25:37.952,18750,979.0,0.0,979.0,0.0,8531.103
2026-05-19 14:25:37.952,19000,954.571,-1.003388467307,954.424,-16.716,8531.103
2026-05-19 14:25:38.063,19250,979.0,0.0,979.0,0.0,8318.223
2026-05-19 14:25:38.174,19500,946.807,0.750843295882,946.684,12.515,8381.639
2026-05-19 14:25:38.280,19750,951.567,0.968576722558,951.388,16.193,8339.717
2026-05-19 14:25:38.281,20000,979.0,0.0,979.0,0.0,8255.872
2026-05-19 14:25:38.391,20250,979.0,0.0,979.0,0.0,8255.872
2026-05-19 14:25:38.502,20500,974.251,-0.221851816872,974.215,-3.699,8095.676
2026-05-19 14:25:38.615,20750,964.263,1.057209146857,964.058,17.723,8179.218
2026-05-19 14:25:38.616,21000,944.258,0.525310431603,944.195,8.711,8176.876
2026-05-19 14:25:38.725,21250,979.0,0.0,979.0,0.0,8043.919
2026-05-19 14:25:38.830,21500,979.0,0.0,979.0,0.0,8043.919
2026-05-19 14:25:38.831,21750,965.323,-0.722596536932,965.196,-12.058,7969.0
2026-05-19 14:25:38.942,22000,974.758,0.268968183771,974.705,4.496,7891.417
2026-05-19 14:25:39.048,22250,957.791,1.344840918854,957.527,22.479,8030.595
2026-05-19 14:25:39.049,22500,979.0,0.0,979.0,0.0,7842.522
2026-05-19 14:25:39.159,22750,979.0,0.0,979.0,0.0,7842.522
2026-05-19 14:25:39.159,23000,965.244,-0.835046244973,965.075,-13.933,7769.058
2026-05-19 14:25:39.269,23250,979.0,0.0,979.0,0.0,7658.862
2026-05-19 14:25:39.379,23500,958.534,-1.300566439113,958.287,-21.756,7658.862
2026-05-19 14:25:39.379,23750,979.0,0.0,979.0,0.0,7498.755
2026-05-19 14:25:39.481,24000,960.192,0.99164393443,960.013,16.536,7646.363
2026-05-19 14:25:39.593,24250,954.416,1.23033097061,954.196,20.493,7515.704
2026-05-19 14:25:39.593,24500,979.0,0.0,979.0,0.0,7515.704
2026-05-19 14:25:39.699,24750,1522.939,-16.713682183264,1458.601,-437.981,7515.704
2026-05-19 14:25:39.700,25000,1542.126,-16.392613173073,1479.439,-435.215,7360.845
2026-05-19 14:25:39.811,25250,1067.869,-5.826152878019,1062.353,-108.4,7360.845
2026-05-19 14:25:39.929,25500,974.891,-0.319215302748,974.816,-5.339,7237.259
2026-05-19 14:25:39.930,25750,1418.075,-9.188497132725,1399.879,-226.442,7206.363
2026-05-19 14:25:40.031,26000,1533.085,-15.366280685948,1478.279,-406.25,7206.363
2026-05-19 14:25:40.032,26250,979.0,0.0,979.0,0.0,7078.333
2026-05-19 14:25:40.142,26500,37.708,-79.720226856193,6.732,-37.099,7050.105
2026-05-19 14:25:40.143,26750,38.319,-78.362496472059,7.73,-37.531,6937.194
2026-05-19 14:25:40.253,27000,38.319,-78.362496472059,7.73,-37.531,6937.194
2026-05-19 14:25:40.253,27250,38.618,-77.667559667439,8.253,-37.722,6884.112
2026-05-19 14:25:40.366,27500,39.066,-76.62515446051,9.037,-38.007,6804.488
2026-05-19 14:25:40.367,27750,39.066,-76.62515446051,9.037,-38.007,6804.488
2026-05-19 14:25:40.478,28000,39.852,-74.701199373016,10.515,-38.44,6670.342
2026-05-19 14:25:40.580,28250,39.852,-74.701199373016,10.515,-38.44,6670.342
2026-05-19 14:25:40.581,28500,39.852,-74.701199373016,10.515,-38.44,6670.342
2026-05-19 14:25:40.694,28750,40.54,-72.917258775115,11.909,-38.752,6557.083
2026-05-19 14:25:40.695,29000,40.54,-72.917258775115,11.909,-38.752,6557.083
2026-05-19 14:25:40.805,29250,41.278,-70.880669943164,13.52,-39.001,6439.888
2026-05-19 14:25:40.806,29500,41.278,-70.880669943164,13.52,-39.001,6439.888
2026-05-19 14:25:40.916,29750,41.278,-70.880669943164,13.52,-39.001,6439.888
2026-05-19 14:25:40.916,30000,41.998,-68.738226104302,15.23,-39.139,6329.513
2026-05-19 14:25:41.030,30250,41.998,-68.738226104302,15.23,-39.139,6329.513
2026-05-19 14:25:41.031,30500,42.66,-66.591391924142,16.948,-39.149,6231.235
2026-05-19 14:25:41.148,30750,42.66,-66.591391924142,16.948,-39.149,6231.235
2026-05-19 14:25:41.149,31000,42.66,-66.591391924142,16.948,-39.149,6231.235
2026-05-19 14:25:41.149,31250,43.346,-64.132202147052,18.911,-39.002,6132.743
2026-05-19 14:25:41.259,31500,43.346,-64.132202147052,18.911,-39.002,6132.743
2026-05-19 14:25:41.259,31750,43.79,-62.336649415903,20.331,-38.778,6070.647
2026-05-19 14:25:41.365,32000,45.325,-62.452956945426,20.958,-40.188,5866.398
2026-05-19 14:25:41.366,32250,45.681,-62.594255873503,21.026,-40.554,5819.217
2026-05-19 14:25:41.481,32500,46.269,-60.093303711403,23.069,-40.108,5745.191
2026-05-19 14:25:41.482,32750,46.269,-60.093303711403,23.069,-40.108,5745.191
2026-05-19 14:25:41.592,33000,46.269,-60.093303711403,23.069,-40.108,5745.191
2026-05-19 14:25:41.593,33250,46.781,-57.532088690624,25.113,-39.469,5682.385
2026-05-19 14:25:41.696,33500,46.781,-57.532088690624,25.113,-39.469,5682.385
2026-05-19 14:25:41.696,33750,46.781,-57.532088690624,25.113,-39.469,5682.385
2026-05-19 14:25:41.799,34000,47.212,-54.878883692718,27.161,-38.617,5630.485
2026-05-19 14:25:41.800,34250,49.415,-55.344857481475,28.099,-40.649,5379.444
2026-05-19 14:25:41.800,34500,49.415,-55.344857481475,28.099,-40.649,5379.444
2026-05-19 14:25:41.912,34750,49.789,-52.609535703947,30.234,-39.559,5339.018
2026-05-19 14:25:41.912,35000,49.789,-52.609535703947,30.234,-39.559,5339.018
2026-05-19 14:25:42.016,35250,49.789,-52.609535703947,30.234,-39.559,5339.018
2026-05-19 14:25:42.017,35500,50.043,-49.967871920273,32.189,-38.317,5311.955
2026-05-19 14:25:42.128,35750,51.477,-50.110558950121,33.01,-39.499,5166.729
2026-05-19 14:25:42.129,36000,52.432,-50.205683636686,33.558,-40.286,5069.911
2026-05-19 14:25:42.242,36250,52.606,-47.325051858019,35.658,-38.677,5053.16
2026-05-19 14:25:42.242,36500,52.606,-47.325051858019,35.658,-38.677,5053.16
2026-05-19 14:25:42.243,36750,52.606,-47.325051858019,35.658,-38.677,5053.16
2026-05-19 14:25:42.349,37000,52.611,-42.822243692612,38.589,-35.761,5052.649
2026-05-19 14:25:42.350,37250,54.81,-42.731197663616,40.261,-37.191,4852.002
2026-05-19 14:25:42.459,37500,55.359,-42.708436156368,40.679,-37.548,4801.84
2026-05-19 14:25:42.460,37750,55.319,-42.083303691401,41.045,-37.068,4805.377
2026-05-19 14:25:42.460,38000,55.156,-39.582773831534,42.509,-35.145,4819.526
2026-05-19 14:25:42.572,38250,55.156,-39.582773831534,42.509,-35.145,4819.526
2026-05-19 14:25:42.573,38500,55.156,-39.582773831534,42.509,-35.145,4819.526
2026-05-19 14:25:42.683,38750,57.896,-36.003370127391,46.837,-34.033,4591.487
2026-05-19 14:25:42.683,39000,57.896,-36.003370127391,46.837,-34.033,4591.487
2026-05-19 14:25:42.684,39250,57.896,-36.003370127391,46.837,-34.033,4591.487
2026-05-19 14:25:42.794,39500,57.896,-36.003370127391,46.837,-34.033,4591.487
2026-05-19 14:25:42.795,39750,57.323,-32.938897081218,48.108,-31.169,4637.368
2026-05-19 14:25:42.795,40000,60.684,-32.22008329163,51.339,-32.355,4380.519
2026-05-19 14:25:42.900,40250,60.684,-32.22008329163,51.339,-32.355,4380.519
2026-05-19 14:25:42.900,40500,60.684,-32.22008329163,51.339,-32.355,4380.519
2026-05-19 14:25:43.015,40750,60.684,-32.22008329163,51.339,-32.355,4380.519
2026-05-19 14:25:43.015,41000,59.744,-28.764519277142,52.372,-28.749,4449.44
2026-05-19 14:25:43.016,41250,62.363,-28.031672806158,55.047,-29.308,4262.566
2026-05-19 14:25:43.131,41500,62.363,-28.031672806158,55.047,-29.308,4262.566
2026-05-19 14:25:43.132,41750,61.196,-24.812922581771,55.547,-25.681,4343.838
2026-05-19 14:25:43.237,42000,61.196,-24.812922581771,55.547,-25.681,4343.838
2026-05-19 14:25:43.238,42250,61.196,-24.812922581771,55.547,-25.681,4343.838
2026-05-19 14:25:43.238,42500,64.809,-23.564336401861,59.404,-25.909,4101.722
2026-05-19 14:25:43.348,42750,64.809,-23.564336401861,59.404,-25.909,4101.722
2026-05-19 14:25:43.349,43000,64.809,-23.564336401861,59.404,-25.909,4101.722
2026-05-19 14:25:43.349,43250,63.318,-20.425026869974,59.337,-22.097,4198.29
2026-05-19 14:25:43.453,43500,63.318,-20.425026869974,59.337,-22.097,4198.29
2026-05-19 14:25:43.454,43750,67.117,-18.842533874968,63.521,-21.677,3960.624
2026-05-19 14:25:43.454,44000,67.117,-18.842533874968,63.521,-21.677,3960.624
2026-05-19 14:25:43.564,44250,67.117,-18.842533874968,63.521,-21.677,3960.624
2026-05-19 14:25:43.565,44500,67.117,-18.842533874968,63.521,-21.677,3960.624
2026-05-19 14:25:43.565,44750,65.873,-15.205426797506,63.567,-17.257,4037.412
2026-05-19 14:25:43.669,45000,68.843,-13.718148915148,66.879,-16.326,3861.35
2026-05-19 14:25:43.669,45250,68.843,-13.718148915148,66.879,-16.326,3861.35
2026-05-19 14:25:43.781,45500,68.843,-13.718148915148,66.879,-16.326,3861.35
2026-05-19 14:25:43.782,45750,68.843,-13.718148915148,66.879,-16.326,3861.35
2026-05-19 14:25:43.783,46000,71.939,-12.135839506319,70.329,-15.101,3696.954
2026-05-19 14:25:43.898,46250,69.53,-8.091137873153,68.838,-9.786,3823.201
2026-05-19 14:25:43.899,46500,69.53,-8.091137873153,68.838,-9.786,3823.201
2026-05-19 14:25:43.899,46750,69.53,-8.091137873153,68.838,-9.786,3823.201
2026-05-19 14:25:44.011,47000,69.53,-8.091137873153,68.838,-9.786,3823.201
2026-05-19 14:25:44.012,47250,73.319,-5.708369354093,72.955,-7.293,3625.638
2026-05-19 14:25:44.012,47500,73.319,-5.708369354093,72.955,-7.293,3625.638
2026-05-19 14:25:44.121,47750,73.319,-5.708369354093,72.955,-7.293,3625.638
2026-05-19 14:25:44.121,48000,73.319,-5.708369354093,72.955,-7.293,3625.638
2026-05-19 14:25:44.122,48250,73.319,-5.708369354093,72.955,-7.293,3625.638
2026-05-19 14:25:44.232,48500,73.454,0.0,73.454,0.0,3618.973
2026-05-19 14:25:44.233,48750,73.454,0.0,73.454,0.0,3618.973
2026-05-19 14:25:44.233,49000,73.454,0.0,73.454,0.0,3618.973
2026-05-19 14:25:44.349,49250,73.454,0.0,73.454,0.0,3618.973
2026-05-19 14:25:44.350,49500,75.773,1.860441955751,75.705,2.509,3510.411
2026-05-19 14:25:44.350,49750,77.319,3.100736592919,77.206,4.182,3438.037
2026-05-19 14:25:44.351,50000,77.319,3.100736592919,77.206,4.182,3438.037
2026-05-19 14:25:44.465,50250,77.319,3.100736592919,77.206,4.182,3438.037
2026-05-19 14:25:44.465,50500,77.319,3.100736592919,77.206,4.182,3438.037
2026-05-19 14:25:44.466,50750,77.319,3.100736592919,77.206,4.182,3438.037
2026-05-19 14:25:44.581,51000,77.08,9.452665724564,76.033,12.659,3448.719
2026-05-19 14:25:44.583,51250,77.08,9.452665724564,76.033,12.659,3448.719
2026-05-19 14:25:44.583,51500,77.08,9.452665724564,76.033,12.659,3448.719
2026-05-19 14:25:44.584,51750,77.08,9.452665724564,76.033,12.659,3448.719
2026-05-19 14:25:44.698,52000,77.08,9.452665724564,76.033,12.659,3448.719
2026-05-19 14:25:44.699,52250,78.422,10.915021026703,76.956,14.892,3391.178
2026-05-19 14:25:44.699,52500,80.435,13.108553979911,78.339,18.242,3304.868
2026-05-19 14:25:44.816,52750,80.435,13.108553979911,78.339,18.242,3304.868
2026-05-19 14:25:44.816,53000,80.435,13.108553979911,78.339,18.242,3304.868
2026-05-19 14:25:44.817,53250,80.435,13.108553979911,78.339,18.242,3304.868
2026-05-19 14:25:44.817,53500,80.435,13.108553979911,78.339,18.242,3304.868
2026-05-19 14:25:44.932,53750,81.06,13.864506058911,78.662,19.449,3280.153
2026-05-19 14:25:44.933,54000,83.559,16.888314374912,79.956,24.275,3181.295
2026-05-19 14:25:44.934,54250,83.559,16.888314374912,79.956,24.275,3181.295
2026-05-19 14:25:45.048,54500,83.559,16.888314374912,79.956,24.275,3181.295
2026-05-19 14:25:45.049,54750,83.559,16.888314374912,79.956,24.275,3181.295
2026-05-19 14:25:45.050,55000,83.559,16.888314374912,79.956,24.275,3181.295
2026-05-19 14:25:45.050,55250,83.559,16.888314374912,79.956,24.275,3181.295
2026-05-19 14:25:45.164,55500,83.559,16.888314374912,79.956,24.275,3181.295
2026-05-19 14:25:45.165,55750,86.606,21.090580207281,80.804,31.164,3069.393
2026-05-19 14:25:45.165,56000,86.606,21.090580207281,80.804,31.164,3069.393
2026-05-19 14:25:45.274,56250,86.606,21.090580207281,80.804,31.164,3069.393
2026-05-19 14:25:45.274,56500,86.606,21.090580207281,80.804,31.164,3069.393
2026-05-19 14:25:45.275,56750,86.606,21.090580207281,80.804,31.164,3069.393
2026-05-19 14:25:45.275,57000,86.606,21.090580207281,80.804,31.164,3069.393
2026-05-19 14:25:45.385,57250,86.606,21.090580207281,80.804,31.164,3069.393
2026-05-19 14:25:45.386,57500,86.606,21.090580207281,80.804,31.164,3069.393
2026-05-19 14:25:45.387,57750,86.606,21.090580207281,80.804,31.164,3069.393
2026-05-19 14:25:45.495,58000,84.496,24.944234900431,76.542,35.592,3150.443
2026-05-19 14:25:45.496,58250,82.892,27.412560063454,73.585,38.163,3206.9
2026-05-19 14:25:45.496,58500,82.892,27.412560063454,73.585,38.163,3206.9
2026-05-19 14:25:45.599,58750,82.892,27.412560063454,73.585,38.163,3206.9
2026-05-19 14:25:45.599,59000,84.653,31.782464842233,71.96,44.586,3140.187
2026-05-19 14:25:45.600,59250,84.301,30.908483886477,72.285,43.302,3153.529
2026-05-19 14:25:45.600,59500,82.892,27.412560063454,73.585,38.163,3206.9
2026-05-19 14:25:45.716,59750,88.215,26.241390032488,79.132,38.978,3016.262
2026-05-19 14:25:45.716,60000,89.546,25.948597524747,80.519,39.182,2968.602
2026-05-19 14:25:45.717,60250,89.546,25.948597524747,80.519,39.182,2968.602
2026-05-19 14:25:45.821,60500,89.546,25.948597524747,80.519,39.182,2968.602
2026-05-19 14:25:45.822,60750,89.546,25.948597524747,80.519,39.182,2968.602
2026-05-19 14:25:45.822,61000,89.546,25.948597524747,80.519,39.182,2968.602
2026-05-19 14:25:45.823,61250,89.546,25.948597524747,80.519,39.182,2968.602
2026-05-19 14:25:45.925,61500,89.546,25.948597524747,80.519,39.182,2968.602
2026-05-19 14:25:45.925,61750,89.546,25.948597524747,80.519,39.182,2968.602
2026-05-19 14:25:45.926,62000,89.546,25.948597524747,80.519,39.182,2968.602
2026-05-19 14:25:45.926,62250,89.546,25.948597524747,80.519,39.182,2968.602
2026-05-19 14:25:46.030,62500,89.546,25.948597524747,80.519,39.182,2968.602
2026-05-19 14:25:46.031,62750,89.546,25.948597524747,80.519,39.182,2968.602
2026-05-19 14:25:46.031,63000,89.546,25.948597524747,80.519,39.182,2968.602
2026-05-19 14:25:46.032,63250,94.107,24.935529093025,85.349,39.623,2829.232
2026-05-19 14:25:46.141,63500,97.148,24.260150138543,88.568,39.916,2736.319
2026-05-19 14:25:46.141,63750,97.148,24.260150138543,88.568,39.916,2736.319
2026-05-19 14:25:46.142,64000,97.148,24.260150138543,88.568,39.916,2736.319
2026-05-19 14:25:46.249,64250,97.148,24.260150138543,88.568,39.916,2736.319
2026-05-19 14:25:46.250,64500,97.148,24.260150138543,88.568,39.916,2736.319
2026-05-19 14:25:46.250,64750,97.148,24.260150138543,88.568,39.916,2736.319
2026-05-19 14:25:46.250,65000,97.148,24.260150138543,88.568,39.916,2736.319
2026-05-19 14:25:46.357,65250,97.148,24.260150138543,88.568,39.916,2736.319
2026-05-19 14:25:46.358,65500,97.148,24.260150138543,88.568,39.916,2736.319
2026-05-19 14:25:46.358,65750,97.148,24.260150138543,88.568,39.916,2736.319
2026-05-19 14:25:46.359,66000,97.148,24.260150138543,88.568,39.916,2736.319
2026-05-19 14:25:46.465,66250,97.148,24.260150138543,88.568,39.916,2736.319
2026-05-19 14:25:46.466,66500,97.148,24.260150138543,88.568,39.916,2736.319
2026-05-19 14:25:46.466,66750,97.148,24.260150138543,88.568,39.916,2736.319
2026-05-19 14:25:46.466,67000,97.148,24.260150138543,88.568,39.916,2736.319
2026-05-19 14:25:46.576,67250,103.789,21.433192835171,96.52,37.88,2564.796
2026-05-19 14:25:46.576,67500,106.668,22.118391175092,98.818,40.163,2492.103
2026-05-19 14:25:46.577,67750,106.668,22.118391175092,98.818,40.163,2492.103
2026-05-19 14:25:46.577,68000,106.668,22.118391175092,98.818,40.163,2492.103
2026-05-19 14:25:46.688,68250,105.694,21.00484104248,98.57,37.93,2515.952
2026-05-19 14:25:46.688,68500,104.719,19.891290909869,98.322,35.697,2539.802
2026-05-19 14:25:46.689,68750,101.797,16.550640512033,97.579,28.998,2611.351
2026-05-19 14:25:46.689,69000,101.797,16.550640512033,97.579,28.998,2611.351
2026-05-19 14:25:46.800,69250,102.771,17.664190644645,97.827,31.231,2587.501
2026-05-19 14:25:46.801,69500,101.797,16.550640512033,97.579,28.998,2611.351
2026-05-19 14:25:46.801,69750,101.797,16.550640512033,97.579,28.998,2611.351
2026-05-19 14:25:46.801,70000,101.797,16.550640512033,97.579,28.998,2611.351
2026-05-19 14:25:46.916,70250,102.771,17.664190644645,97.827,31.231,2587.501
2026-05-19 14:25:46.917,70500,102.771,17.664190644645,97.827,31.231,2587.501
2026-05-19 14:25:46.917,70750,101.797,16.550640512033,97.579,28.998,2611.351
2026-05-19 14:25:46.918,71000,101.797,16.550640512033,97.579,28.998,2611.351
2026-05-19 14:25:47.032,71250,101.797,16.550640512033,97.579,28.998,2611.351
2026-05-19 14:25:47.033,71500,101.797,16.550640512033,97.579,28.998,2611.351
2026-05-19 14:25:47.034,71750,103.969,15.877015075382,100.001,28.337,2560.994
2026-05-19 14:25:47.034,72000,112.659,13.182513328775,109.69,25.692,2359.568
2026-05-19 14:25:47.141,72250,114.002,14.387191451677,110.298,28.408,2333.03
2026-05-19 14:25:47.141,72500,119.372,19.205903943283,112.728,39.269,2226.878
2026-05-19 14:25:47.142,72750,119.372,19.205903943283,112.728,39.269,2226.878
2026-05-19 14:25:47.142,73000,119.372,19.205903943283,112.728,39.269,2226.878
2026-05-19 14:25:47.249,73250,119.372,19.205903943283,112.728,39.269,2226.878
2026-05-19 14:25:47.250,73500,119.372,19.205903943283,112.728,39.269,2226.878
2026-05-19 14:25:47.250,73750,119.372,19.205903943283,112.728,39.269,2226.878
2026-05-19 14:25:47.250,74000,119.372,19.205903943283,112.728,39.269,2226.878
2026-05-19 14:25:47.367,74250,119.372,19.205903943283,112.728,39.269,2226.878
2026-05-19 14:25:47.367,74500,119.372,19.205903943283,112.728,39.269,2226.878
2026-05-19 14:25:47.368,74750,119.372,19.205903943283,112.728,39.269,2226.878
2026-05-19 14:25:47.368,75000,119.372,19.205903943283,112.728,39.269,2226.878
2026-05-19 14:25:47.477,75250,119.372,19.205903943283,112.728,39.269,2226.878
2026-05-19 14:25:47.478,75500,119.372,19.205903943283,112.728,39.269,2226.878
2026-05-19 14:25:47.478,75750,119.372,19.205903943283,112.728,39.269,2226.878
2026-05-19 14:25:47.479,76000,119.372,19.205903943283,112.728,39.269,2226.878
2026-05-19 14:25:47.479,76250,119.372,19.205903943283,112.728,39.269,2226.878
2026-05-19 14:25:47.581,76500,119.372,19.205903943283,112.728,39.269,2226.878
2026-05-19 14:25:47.582,76750,119.372,19.205903943283,112.728,39.269,2226.878
2026-05-19 14:25:47.582,77000,119.372,19.205903943283,112.728,39.269,2226.878
2026-05-19 14:25:47.583,77250,119.372,19.205903943283,112.728,39.269,2226.878
2026-05-19 14:25:47.583,77500,119.372,19.205903943283,112.728,39.269,2226.878
2026-05-19 14:25:47.697,77750,130.372,16.617563153937,124.933,37.156,2042.869
2026-05-19 14:25:47.697,78000,133.122,15.970477956601,127.984,36.627,1996.867
2026-05-19 14:25:47.698,78250,133.122,15.970477956601,127.984,36.627,1996.867
2026-05-19 14:25:47.698,78500,133.122,15.970477956601,127.984,36.627,1996.867
2026-05-19 14:25:47.699,78750,133.122,15.970477956601,127.984,36.627,1996.867
2026-05-19 14:25:47.805,79000,133.122,15.970477956601,127.984,36.627,1996.867
2026-05-19 14:25:47.805,79250,133.122,15.970477956601,127.984,36.627,1996.867
2026-05-19 14:25:47.806,79500,133.122,15.970477956601,127.984,36.627,1996.867
2026-05-19 14:25:47.806,79750,133.122,15.970477956601,127.984,36.627,1996.867
2026-05-19 14:25:47.909,80000,133.122,15.970477956601,127.984,36.627,1996.867
2026-05-19 14:25:47.910,80250,133.122,15.970477956601,127.984,36.627,1996.867
2026-05-19 14:25:47.910,80500,133.122,15.970477956601,127.984,36.627,1996.867
2026-05-19 14:25:47.911,80750,133.122,15.970477956601,127.984,36.627,1996.867
2026-05-19 14:25:47.911,81000,133.122,15.970477956601,127.984,36.627,1996.867
2026-05-19 14:25:48.014,81250,133.122,15.970477956601,127.984,36.627,1996.867
2026-05-19 14:25:48.015,81500,133.122,15.970477956601,127.984,36.627,1996.867
2026-05-19 14:25:48.016,81750,133.122,15.970477956601,127.984,36.627,1996.867
2026-05-19 14:25:48.016,82000,139.271,21.311117719333,129.558,50.699,1909.667
2026-05-19 14:25:48.125,82250,140.808,22.646277660017,129.952,54.217,1887.867
2026-05-19 14:25:48.126,82500,140.808,22.646277660017,129.952,54.217,1887.867
2026-05-19 14:25:48.126,82750,140.808,22.646277660017,129.952,54.217,1887.867
2026-05-19 14:25:48.127,83000,140.808,22.646277660017,129.952,54.217,1887.867
2026-05-19 14:25:48.127,83250,144.634,21.998268530479,134.131,54.002,1842.71
2026-05-19 14:25:48.232,83500,159.936,19.406232012326,150.849,53.141,1662.085
2026-05-19 14:25:48.233,83750,159.936,19.406232012326,150.849,53.141,1662.085
2026-05-19 14:25:48.233,84000,159.936,19.406232012326,150.849,53.141,1662.085
2026-05-19 14:25:48.234,84250,159.936,19.406232012326,150.849,53.141,1662.085
2026-05-19 14:25:48.234,84500,159.936,19.406232012326,150.849,53.141,1662.085
2026-05-19 14:25:48.347,84750,159.936,19.406232012326,150.849,53.141,1662.085
2026-05-19 14:25:48.348,85000,159.936,19.406232012326,150.849,53.141,1662.085
2026-05-19 14:25:48.348,85250,159.936,19.406232012326,150.849,53.141,1662.085
2026-05-19 14:25:48.349,85500,159.936,19.406232012326,150.849,53.141,1662.085
2026-05-19 14:25:48.349,85750,159.936,19.406232012326,150.849,53.141,1662.085
2026-05-19 14:25:48.460,86000,159.936,19.406232012326,150.849,53.141,1662.085
2026-05-19 14:25:48.461,86250,159.936,19.406232012326,150.849,53.141,1662.085
2026-05-19 14:25:48.461,86500,159.936,19.406232012326,150.849,53.141,1662.085
2026-05-19 14:25:48.462,86750,159.936,19.406232012326,150.849,53.141,1662.085
2026-05-19 14:25:48.462,87000,159.936,19.406232012326,150.849,53.141,1662.085
2026-05-19 14:25:48.567,87250,159.936,19.406232012326,150.849,53.141,1662.085
2026-05-19 14:25:48.567,87500,159.936,19.406232012326,150.849,53.141,1662.085
2026-05-19 14:25:48.567,87750,159.936,19.406232012326,150.849,53.141,1662.085
2026-05-19 14:25:48.568,88000,159.936,19.406232012326,150.849,53.141,1662.085
2026-05-19 14:25:48.682,88250,159.936,19.406232012326,150.849,53.141,1662.085
2026-05-19 14:25:48.683,88500,159.936,19.406232012326,150.849,53.141,1662.085
2026-05-19 14:25:48.683,88750,159.936,19.406232012326,150.849,53.141,1662.085
2026-05-19 14:25:48.684,89000,159.936,19.406232012326,150.849,53.141,1662.085
2026-05-19 14:25:48.684,89250,169.991,17.64683086227,162.014,51.054,1571.785
2026-05-19 14:25:48.798,89500,185.073,15.007729137185,178.76,47.925,1436.336
2026-05-19 14:25:48.799,89750,185.073,15.007729137185,178.76,47.925,1436.336
2026-05-19 14:25:48.799,90000,185.073,15.007729137185,178.76,47.925,1436.336
2026-05-19 14:25:48.800,90250,185.073,15.007729137185,178.76,47.925,1436.336
2026-05-19 14:25:48.800,90500,194.44,20.948925277799,180.714,69.886,1369.293
2026-05-19 14:25:48.800,90750,200.685,24.909722704875,182.016,84.526,1324.598
2026-05-19 14:25:48.915,91000,200.685,24.909722704875,182.016,84.526,1324.598
2026-05-19 14:25:48.916,91250,200.685,24.909722704875,182.016,84.526,1324.598
2026-05-19 14:25:48.916,91500,200.685,24.909722704875,182.016,84.526,1324.598
2026-05-19 14:25:48.917,91750,200.685,24.909722704875,182.016,84.526,1324.598
2026-05-19 14:25:48.917,92000,200.685,24.909722704875,182.016,84.526,1324.598
2026-05-19 14:25:49.033,92250,200.685,24.909722704875,182.016,84.526,1324.598
2026-05-19 14:25:49.033,92500,200.685,24.909722704875,182.016,84.526,1324.598
2026-05-19 14:25:49.034,92750,200.685,24.909722704875,182.016,84.526,1324.598
2026-05-19 14:25:49.034,93000,200.685,24.909722704875,182.016,84.526,1324.598
2026-05-19 14:25:49.035,93250,200.685,24.909722704875,182.016,84.526,1324.598
2026-05-19 14:25:49.149,93500,200.685,24.909722704875,182.016,84.526,1324.598
2026-05-19 14:25:49.149,93750,200.685,24.909722704875,182.016,84.526,1324.598
2026-05-19 14:25:49.150,94000,200.685,24.909722704875,182.016,84.526,1324.598
2026-05-19 14:25:49.150,94250,200.685,24.909722704875,182.016,84.526,1324.598
2026-05-19 14:25:49.151,94500,200.685,24.909722704875,182.016,84.526,1324.598
2026-05-19 14:25:49.264,94750,200.685,24.909722704875,182.016,84.526,1324.598
2026-05-19 14:25:49.265,95000,365.001,2.788398603818,364.569,17.756,1324.598
2026-05-19 14:25:49.265,95250,210.212,23.897238991606,192.326,84.483,1273.78
2026-05-19 14:25:49.266,95500,248.319,19.847304138534,233.569,84.308,1070.507
2026-05-19 14:25:49.266,95750,248.319,19.847304138534,233.569,84.308,1070.507
2026-05-19 14:25:49.375,96000,451.637,-2.274019962523,451.281,-17.92,1070.507
2026-05-19 14:25:49.375,96250,451.637,-2.274019962523,451.281,-17.92,1070.507
2026-05-19 14:25:49.376,96500,451.637,-2.274019962523,451.281,-17.92,1070.507
2026-05-19 14:25:49.376,96750,248.319,19.847304138534,233.569,84.308,1070.507
2026-05-19 14:25:49.377,97000,248.319,19.847304138534,233.569,84.308,1070.507
2026-05-19 14:25:49.480,97250,979.0,0.0,979.0,0.0,1070.507
2026-05-19 14:25:49.480,97500,979.0,0.0,979.0,0.0,1070.507
2026-05-19 14:25:49.481,97750,979.0,0.0,979.0,0.0,1070.507
2026-05-19 14:25:49.481,98000,979.0,0.0,979.0,0.0,1070.507
2026-05-19 14:25:49.584,98250,979.0,0.0,979.0,0.0,1070.507
2026-05-19 14:25:49.584,98500,979.0,0.0,979.0,0.0,1070.507
2026-05-19 14:25:49.585,98750,979.0,0.0,979.0,0.0,1070.507
2026-05-19 14:25:49.585,99000,903.398,-13.945138107886,876.772,-217.712,1070.507
2026-05-19 14:25:49.586,99250,979.0,0.0,979.0,0.0,1070.507
2026-05-19 14:25:49.698,99500,979.0,0.0,979.0,0.0,1070.507
2026-05-19 14:25:49.698,99750,903.398,-13.945138107886,876.772,-217.712,1070.507
2026-05-19 14:25:49.699,100000,903.398,-13.945138107886,876.772,-217.712,1070.507
2026-05-19 14:25:50.249,10000,971.87,1.752739384192,971.415,29.726,9286.314
2026-05-19 14:25:50.366,10250,979.0,0.0,979.0,0.0,9286.314
2026-05-19 14:25:50.583,10500,979.0,0.0,979.0,0.0,9286.314
2026-05-19 14:25:50.700,10750,974.699,0.936593187687,974.483,15.884,9327.412
2026-05-19 14:25:50.817,11000,952.958,-0.445795900565,952.929,-7.415,9354.811
2026-05-19 14:25:50.933,11250,973.792,-0.089159180113,973.786,-1.483,9155.734
2026-05-19 14:25:51.048,11500,974.362,0.887944900595,974.167,15.051,9149.45
2026-05-19 14:25:51.275,11750,979.0,0.0,979.0,0.0,9178.44
2026-05-19 14:25:51.384,12000,979.0,0.0,979.0,0.0,9178.44
2026-05-19 14:25:51.495,12250,952.305,-0.187935007788,952.249,-3.158,9194.404
2026-05-19 14:25:51.597,12500,954.385,-0.517751315924,954.346,-8.624,9258.26
2026-05-19 14:25:51.700,12750,969.154,-0.207100526369,969.139,-3.45,9118.593
2026-05-19 14:25:51.816,13000,979.0,0.0,979.0,0.0,9025.481
2026-05-19 14:25:51.932,13250,991.316,-0.049041134828,991.232,-0.775,8998.74
2026-05-19 14:25:52.043,13500,979.0,0.0,979.0,0.0,9110.657
2026-05-19 14:25:52.150,13750,953.511,-0.596406353861,953.459,-9.925,9110.657
2026-05-19 14:25:52.265,14000,963.374,1.386142253821,963.082,23.348,9018.346
2026-05-19 14:25:52.381,14250,979.0,0.0,979.0,0.0,8971.41
2026-05-19 14:25:52.484,14500,979.0,0.0,979.0,0.0,8971.41
2026-05-19 14:25:52.597,14750,956.653,0.515873061641,956.534,8.54,9035.867
2026-05-19 14:25:52.700,15000,955.084,1.209071407503,954.867,20.17,9050.76
2026-05-19 14:25:52.815,15250,979.0,0.0,979.0,0.0,8938.448
2026-05-19 14:25:52.933,15500,979.0,0.0,979.0,0.0,8938.448
2026-05-19 14:25:53.047,15750,942.234,0.777334940449,942.147,12.783,9052.108
2026-05-19 14:25:53.150,16000,979.0,0.0,979.0,0.0,8828.731
2026-05-19 14:25:53.261,16250,954.79,-0.759016820001,954.706,-12.648,8828.731
2026-05-19 14:25:53.261,16500,976.987,0.222201156925,976.95,3.757,8847.076
2026-05-19 14:25:53.371,16750,955.291,-0.778640438833,955.203,-12.982,8920.457
2026-05-19 14:25:53.477,17000,979.0,0.0,979.0,0.0,8704.426
2026-05-19 14:25:53.581,17250,953.338,-0.872532988888,953.228,-14.517,8704.426
2026-05-19 14:25:53.685,17500,939.092,0.613423882303,939.038,10.054,8836.474
2026-05-19 14:25:53.789,17750,979.0,0.0,979.0,0.0,8611.81
2026-05-19 14:25:53.900,18000,979.0,0.0,979.0,0.0,8611.81
2026-05-19 14:25:53.900,18250,969.01,0.891565544433,968.816,14.973,8473.065
2026-05-19 14:25:54.013,18500,962.349,1.485942574055,962.026,24.955,8531.103
2026-05-19 14:25:54.115,18750,979.0,0.0,979.0,0.0,8531.103
2026-05-19 14:25:54.230,19000,954.571,-1.003388467307,954.424,-16.716,8531.103
2026-05-19 14:25:54.230,19250,979.0,0.0,979.0,0.0,8318.223
2026-05-19 14:25:54.340,19500,951.567,0.968576722558,951.388,16.193,8339.717
2026-05-19 14:25:54.445,19750,951.567,0.968576722558,951.388,16.193,8339.717
2026-05-19 14:25:54.549,20000,979.0,0.0,979.0,0.0,8255.872
2026-05-19 14:25:54.549,20250,979.0,0.0,979.0,0.0,8255.872
2026-05-19 14:25:54.662,20500,979.0,0.0,979.0,0.0,8055.627
2026-05-19 14:25:54.781,20750,960.578,1.321511433571,960.323,22.154,8210.115
2026-05-19 14:25:54.782,21000,944.258,0.525310431603,944.195,8.711,8176.876
2026-05-19 14:25:54.899,21250,979.0,0.0,979.0,0.0,8043.919
2026-05-19 14:25:55.006,21500,979.0,0.0,979.0,0.0,8043.919
2026-05-19 14:25:55.007,21750,969.882,-0.481731024622,969.797,-8.039,7931.541
2026-05-19 14:25:55.112,22000,974.758,0.268968183771,974.705,4.496,7891.417
2026-05-19 14:25:55.222,22250,957.791,1.344840918854,957.527,22.479,8030.595
2026-05-19 14:25:55.223,22500,979.0,0.0,979.0,0.0,7842.522
2026-05-19 14:25:55.334,22750,979.0,0.0,979.0,0.0,7842.522
2026-05-19 14:25:55.448,23000,969.829,-0.556697496649,969.717,-9.288,7732.326
2026-05-19 14:25:55.449,23250,979.0,0.0,979.0,0.0,7658.862
2026-05-19 14:25:55.566,23500,958.534,-1.300566439113,958.287,-21.756,7658.862
2026-05-19 14:25:55.566,23750,979.0,0.0,979.0,0.0,7498.755
2026-05-19 14:25:55.678,24000,955.49,1.239554918038,955.266,20.67,7683.264
2026-05-19 14:25:55.781,24250,954.416,1.23033097061,954.196,20.493,7515.704
2026-05-19 14:25:55.782,24500,979.0,0.0,979.0,0.0,7515.704
2026-05-19 14:25:55.898,24750,1522.939,-16.713682183264,1458.601,-437.981,7515.704
2026-05-19 14:25:55.899,25000,1542.126,-16.392613173073,1479.439,-435.215,7360.845
2026-05-19 14:25:56.016,25250,1067.869,-5.826152878019,1062.353,-108.4,7360.845
2026-05-19 14:25:56.016,25500,979.0,0.0,979.0,0.0,7206.363
2026-05-19 14:25:56.129,25750,1418.075,-9.188497132725,1399.879,-226.442,7206.363
2026-05-19 14:25:56.129,26000,1533.085,-15.366280685948,1478.279,-406.25,7206.363
2026-05-19 14:25:56.238,26250,979.0,0.0,979.0,0.0,7078.333
2026-05-19 14:25:56.341,26500,37.708,-79.720226856193,6.732,-37.099,7050.105
2026-05-19 14:25:56.342,26750,38.319,-78.362496472059,7.73,-37.531,6937.194
2026-05-19 14:25:56.446,27000,38.319,-78.362496472059,7.73,-37.531,6937.194
2026-05-19 14:25:56.446,27250,38.618,-77.667559667439,8.253,-37.722,6884.112
2026-05-19 14:25:56.548,27500,39.066,-76.62515446051,9.037,-38.007,6804.488
2026-05-19 14:25:56.549,27750,39.066,-76.62515446051,9.037,-38.007,6804.488
2026-05-19 14:25:56.659,28000,39.852,-74.701199373016,10.515,-38.44,6670.342
2026-05-19 14:25:56.771,28250,39.852,-74.701199373016,10.515,-38.44,6670.342
2026-05-19 14:25:56.772,28500,39.852,-74.701199373016,10.515,-38.44,6670.342
2026-05-19 14:25:56.883,28750,40.54,-72.917258775115,11.909,-38.752,6557.083
2026-05-19 14:25:56.884,29000,40.54,-72.917258775115,11.909,-38.752,6557.083
2026-05-19 14:25:56.994,29250,41.278,-70.880669943164,13.52,-39.001,6439.888
2026-05-19 14:25:56.994,29500,41.278,-70.880669943164,13.52,-39.001,6439.888
2026-05-19 14:25:57.106,29750,41.422,-70.452181175392,13.862,-39.029,6417.813
2026-05-19 14:25:57.107,30000,41.998,-68.738226104302,15.23,-39.139,6329.513
2026-05-19 14:25:57.218,30250,41.998,-68.738226104302,15.23,-39.139,6329.513
2026-05-19 14:25:57.218,30500,42.66,-66.591391924142,16.948,-39.149,6231.235
2026-05-19 14:25:57.219,30750,42.66,-66.591391924142,16.948,-39.149,6231.235
2026-05-19 14:25:57.329,31000,42.66,-66.591391924142,16.948,-39.149,6231.235
2026-05-19 14:25:57.330,31250,43.346,-64.132202147052,18.911,-39.002,6132.743
2026-05-19 14:25:57.440,31500,43.346,-64.132202147052,18.911,-39.002,6132.743
2026-05-19 14:25:57.441,31750,43.901,-61.887761233116,20.686,-38.722,6055.123
2026-05-19 14:25:57.551,32000,45.325,-62.452956945426,20.958,-40.188,5866.398
2026-05-19 14:25:57.552,32250,45.681,-62.594255873503,21.026,-40.554,5819.217
2026-05-19 14:25:57.664,32500,46.269,-60.093303711403,23.069,-40.108,5745.191
2026-05-19 14:25:57.664,32750,46.269,-60.093303711403,23.069,-40.108,5745.191
2026-05-19 14:25:57.767,33000,46.269,-60.093303711403,23.069,-40.108,5745.191
2026-05-19 14:25:57.768,33250,46.781,-57.532088690624,25.113,-39.469,5682.385
2026-05-19 14:25:57.882,33500,46.781,-57.532088690624,25.113,-39.469,5682.385
2026-05-19 14:25:57.883,33750,46.781,-57.532088690624,25.113,-39.469,5682.385
2026-05-19 14:25:57.883,34000,47.212,-54.878883692718,27.161,-38.617,5630.485
2026-05-19 14:25:57.999,34250,49.415,-55.344857481475,28.099,-40.649,5379.444
2026-05-19 14:25:58.000,34500,49.415,-55.344857481475,28.099,-40.649,5379.444
2026-05-19 14:25:58.115,34750,49.789,-52.609535703947,30.234,-39.559,5339.018
2026-05-19 14:25:58.115,35000,49.789,-52.609535703947,30.234,-39.559,5339.018
2026-05-19 14:25:58.233,35250,49.789,-52.609535703947,30.234,-39.559,5339.018
2026-05-19 14:25:58.233,35500,50.043,-49.967871920273,32.189,-38.317,5311.955
2026-05-19 14:25:58.234,35750,51.954,-50.158121293403,33.284,-39.892,5118.32
2026-05-19 14:25:58.348,36000,52.432,-50.205683636686,33.558,-40.286,5069.911
2026-05-19 14:25:58.349,36250,52.606,-47.325051858019,35.658,-38.677,5053.16
2026-05-19 14:25:58.465,36500,52.606,-47.325051858019,35.658,-38.677,5053.16
2026-05-19 14:25:58.466,36750,52.606,-47.325051858019,35.658,-38.677,5053.16
2026-05-19 14:25:58.466,37000,52.611,-42.822243692612,38.589,-35.761,5052.649
2026-05-19 14:25:58.581,37250,55.359,-42.708436156368,40.679,-37.548,4801.84
2026-05-19 14:25:58.582,37500,55.359,-42.708436156368,40.679,-37.548,4801.84
2026-05-19 14:25:58.697,37750,55.278,-41.458171226434,41.411,-36.587,4808.914
2026-05-19 14:25:58.698,38000,55.156,-39.582773831534,42.509,-35.145,4819.526
2026-05-19 14:25:58.698,38250,55.156,-39.582773831534,42.509,-35.145,4819.526
2026-05-19 14:25:58.813,38500,55.156,-39.582773831534,42.509,-35.145,4819.526
2026-05-19 14:25:58.813,38750,57.896,-36.003370127391,46.837,-34.033,4591.487
2026-05-19 14:25:58.814,39000,57.896,-36.003370127391,46.837,-34.033,4591.487
2026-05-19 14:25:58.927,39250,57.896,-36.003370127391,46.837,-34.033,4591.487
2026-05-19 14:25:58.928,39500,57.896,-36.003370127391,46.837,-34.033,4591.487
2026-05-19 14:25:59.039,39750,57.323,-32.938897081218,48.108,-31.169,4637.368
2026-05-19 14:25:59.040,40000,60.684,-32.22008329163,51.339,-32.355,4380.519
2026-05-19 14:25:59.040,40250,60.684,-32.22008329163,51.339,-32.355,4380.519
2026-05-19 14:25:59.148,40500,60.684,-32.22008329163,51.339,-32.355,4380.519
2026-05-19 14:25:59.148,40750,60.684,-32.22008329163,51.339,-32.355,4380.519
2026-05-19 14:25:59.149,41000,59.744,-28.764519277142,52.372,-28.749,4449.44
2026-05-19 14:25:59.258,41250,62.363,-28.031672806158,55.047,-29.308,4262.566
2026-05-19 14:25:59.259,41500,62.363,-28.031672806158,55.047,-29.308,4262.566
2026-05-19 14:25:59.369,41750,61.196,-24.812922581771,55.547,-25.681,4343.838
2026-05-19 14:25:59.369,42000,61.196,-24.812922581771,55.547,-25.681,4343.838
2026-05-19 14:25:59.370,42250,61.196,-24.812922581771,55.547,-25.681,4343.838
2026-05-19 14:25:59.479,42500,64.809,-23.564336401861,59.404,-25.909,4101.722
2026-05-19 14:25:59.480,42750,64.809,-23.564336401861,59.404,-25.909,4101.722
2026-05-19 14:25:59.590,43000,64.809,-23.564336401861,59.404,-25.909,4101.722
2026-05-19 14:25:59.590,43250,63.318,-20.425026869974,59.337,-22.097,4198.29
2026-05-19 14:25:59.591,43500,63.318,-20.425026869974,59.337,-22.097,4198.29
2026-05-19 14:25:59.700,43750,67.117,-18.842533874968,63.521,-21.677,3960.624
2026-05-19 14:25:59.701,44000,67.117,-18.842533874968,63.521,-21.677,3960.624
2026-05-19 14:25:59.702,44250,67.117,-18.842533874968,63.521,-21.677,3960.624
2026-05-19 14:25:59.815,44500,67.117,-18.842533874968,63.521,-21.677,3960.624
2026-05-19 14:25:59.816,44750,66.616,-14.833607326917,64.395,-17.024,3993.397
2026-05-19 14:25:59.816,45000,68.843,-13.718148915148,66.879,-16.326,3861.35
2026-05-19 14:25:59.926,45250,68.843,-13.718148915148,66.879,-16.326,3861.35
2026-05-19 14:25:59.926,45500,68.843,-13.718148915148,66.879,-16.326,3861.35
2026-05-19 14:25:59.927,45750,68.843,-13.718148915148,66.879,-16.326,3861.35
2026-05-19 14:26:00.029,46000,72.713,-11.740262154111,71.192,-14.795,3655.855
2026-05-19 14:26:00.030,46250,69.53,-8.091137873153,68.838,-9.786,3823.201
2026-05-19 14:26:00.030,46500,69.53,-8.091137873153,68.838,-9.786,3823.201
2026-05-19 14:26:00.140,46750,69.53,-8.091137873153,68.838,-9.786,3823.201
2026-05-19 14:26:00.141,47000,69.53,-8.091137873153,68.838,-9.786,3823.201
2026-05-19 14:26:00.141,47250,73.319,-5.708369354093,72.955,-7.293,3625.638
2026-05-19 14:26:00.250,47500,73.319,-5.708369354093,72.955,-7.293,3625.638
2026-05-19 14:26:00.251,47750,73.319,-5.708369354093,72.955,-7.293,3625.638
2026-05-19 14:26:00.251,48000,73.319,-5.708369354093,72.955,-7.293,3625.638
2026-05-19 14:26:00.357,48250,73.319,-5.708369354093,72.955,-7.293,3625.638
2026-05-19 14:26:00.358,48500,73.454,0.0,73.454,0.0,3618.973
2026-05-19 14:26:00.358,48750,73.454,0.0,73.454,0.0,3618.973
2026-05-19 14:26:00.465,49000,73.454,0.0,73.454,0.0,3618.973
2026-05-19 14:26:00.466,49250,73.454,0.0,73.454,0.0,3618.973
2026-05-19 14:26:00.581,49500,76.546,2.480589274335,76.456,3.346,3474.224
2026-05-19 14:26:00.582,49750,77.319,3.100736592919,77.206,4.182,3438.037
2026-05-19 14:26:00.582,50000,77.319,3.100736592919,77.206,4.182,3438.037
2026-05-19 14:26:00.583,50250,77.319,3.100736592919,77.206,4.182,3438.037
2026-05-19 14:26:00.692,50500,77.319,3.100736592919,77.206,4.182,3438.037
2026-05-19 14:26:00.692,50750,77.319,3.100736592919,77.206,4.182,3438.037
2026-05-19 14:26:00.693,51000,77.08,9.452665724564,76.033,12.659,3448.719
2026-05-19 14:26:00.797,51250,77.08,9.452665724564,76.033,12.659,3448.719
2026-05-19 14:26:00.798,51500,77.08,9.452665724564,76.033,12.659,3448.719
2026-05-19 14:26:00.798,51750,77.08,9.452665724564,76.033,12.659,3448.719
2026-05-19 14:26:00.799,52000,77.08,9.452665724564,76.033,12.659,3448.719
2026-05-19 14:26:00.915,52250,79.093,11.646198677772,77.417,16.009,3362.408
2026-05-19 14:26:00.916,52500,80.435,13.108553979911,78.339,18.242,3304.868
2026-05-19 14:26:00.916,52750,80.435,13.108553979911,78.339,18.242,3304.868
2026-05-19 14:26:01.031,53000,80.435,13.108553979911,78.339,18.242,3304.868
2026-05-19 14:26:01.031,53250,80.435,13.108553979911,78.339,18.242,3304.868
2026-05-19 14:26:01.032,53500,80.435,13.108553979911,78.339,18.242,3304.868
2026-05-19 14:26:01.032,53750,81.06,13.864506058911,78.662,19.449,3280.153
2026-05-19 14:26:01.142,54000,83.559,16.888314374912,79.956,24.275,3181.295
2026-05-19 14:26:01.142,54250,83.559,16.888314374912,79.956,24.275,3181.295
2026-05-19 14:26:01.142,54500,83.559,16.888314374912,79.956,24.275,3181.295
2026-05-19 14:26:01.254,54750,83.559,16.888314374912,79.956,24.275,3181.295
2026-05-19 14:26:01.254,55000,83.559,16.888314374912,79.956,24.275,3181.295
2026-05-19 14:26:01.255,55250,83.559,16.888314374912,79.956,24.275,3181.295
2026-05-19 14:26:01.367,55500,84.169,17.728767541385,80.125,25.653,3158.914
2026-05-19 14:26:01.367,55750,86.606,21.090580207281,80.804,31.164,3069.393
2026-05-19 14:26:01.368,56000,86.606,21.090580207281,80.804,31.164,3069.393
2026-05-19 14:26:01.368,56250,86.606,21.090580207281,80.804,31.164,3069.393
2026-05-19 14:26:01.478,56500,86.606,21.090580207281,80.804,31.164,3069.393
2026-05-19 14:26:01.478,56750,86.606,21.090580207281,80.804,31.164,3069.393
2026-05-19 14:26:01.479,57000,86.606,21.090580207281,80.804,31.164,3069.393
2026-05-19 14:26:01.590,57250,86.606,21.090580207281,80.804,31.164,3069.393
2026-05-19 14:26:01.590,57500,86.606,21.090580207281,80.804,31.164,3069.393
2026-05-19 14:26:01.591,57750,86.606,21.090580207281,80.804,31.164,3069.393
2026-05-19 14:26:01.591,58000,84.496,24.944234900431,76.542,35.592,3150.443
2026-05-19 14:26:01.703,58250,82.892,27.412560063454,73.585,38.163,3206.9
2026-05-19 14:26:01.703,58500,82.892,27.412560063454,73.585,38.163,3206.9
2026-05-19 14:26:01.703,58750,82.892,27.412560063454,73.585,38.163,3206.9
2026-05-19 14:26:01.816,59000,84.653,31.782464842233,71.96,44.586,3140.187
2026-05-19 14:26:01.816,59250,84.301,30.908483886477,72.285,43.302,3153.529
2026-05-19 14:26:01.817,59500,82.892,27.412560063454,73.585,38.163,3206.9
2026-05-19 14:26:01.927,59750,89.546,25.948597524747,80.519,39.182,2968.602
2026-05-19 14:26:01.927,60000,89.546,25.948597524747,80.519,39.182,2968.602
2026-05-19 14:26:01.928,60250,89.546,25.948597524747,80.519,39.182,2968.602
2026-05-19 14:26:01.928,60500,89.546,25.948597524747,80.519,39.182,2968.602
2026-05-19 14:26:02.038,60750,89.546,25.948597524747,80.519,39.182,2968.602
2026-05-19 14:26:02.038,61000,89.546,25.948597524747,80.519,39.182,2968.602
2026-05-19 14:26:02.039,61250,89.546,25.948597524747,80.519,39.182,2968.602
2026-05-19 14:26:02.039,61500,89.546,25.948597524747,80.519,39.182,2968.602
2026-05-19 14:26:02.148,61750,89.546,25.948597524747,80.519,39.182,2968.602
2026-05-19 14:26:02.149,62000,89.546,25.948597524747,80.519,39.182,2968.602
2026-05-19 14:26:02.149,62250,89.546,25.948597524747,80.519,39.182,2968.602
2026-05-19 14:26:02.150,62500,89.546,25.948597524747,80.519,39.182,2968.602
2026-05-19 14:26:02.259,62750,89.546,25.948597524747,80.519,39.182,2968.602
2026-05-19 14:26:02.259,63000,89.546,25.948597524747,80.519,39.182,2968.602
2026-05-19 14:26:02.260,63250,95.627,24.597839615784,86.959,39.769,2782.776
2026-05-19 14:26:02.260,63500,97.148,24.260150138543,88.568,39.916,2736.319
2026-05-19 14:26:02.370,63750,97.148,24.260150138543,88.568,39.916,2736.319
2026-05-19 14:26:02.370,64000,97.148,24.260150138543,88.568,39.916,2736.319
2026-05-19 14:26:02.371,64250,97.148,24.260150138543,88.568,39.916,2736.319
2026-05-19 14:26:02.371,64500,97.148,24.260150138543,88.568,39.916,2736.319
2026-05-19 14:26:02.480,64750,97.148,24.260150138543,88.568,39.916,2736.319
2026-05-19 14:26:02.481,65000,97.148,24.260150138543,88.568,39.916,2736.319
2026-05-19 14:26:02.481,65250,97.148,24.260150138543,88.568,39.916,2736.319
2026-05-19 14:26:02.481,65500,97.148,24.260150138543,88.568,39.916,2736.319
2026-05-19 14:26:02.590,65750,96.403,23.222988890629,88.514,38.039,2758.125
2026-05-19 14:26:02.591,66000,97.148,24.260150138543,88.568,39.916,2736.319
2026-05-19 14:26:02.591,66250,97.148,24.260150138543,88.568,39.916,2736.319
2026-05-19 14:26:02.592,66500,97.148,24.260150138543,88.568,39.916,2736.319
2026-05-19 14:26:02.700,66750,97.148,24.260150138543,88.568,39.916,2736.319
2026-05-19 14:26:02.701,67000,97.148,24.260150138543,88.568,39.916,2736.319
2026-05-19 14:26:02.701,67250,105.694,21.00484104248,98.57,37.93,2515.952
2026-05-19 14:26:02.702,67500,106.668,22.118391175092,98.818,40.163,2492.103
2026-05-19 14:26:02.804,67750,106.668,22.118391175092,98.818,40.163,2492.103
2026-05-19 14:26:02.804,68000,106.668,22.118391175092,98.818,40.163,2492.103
2026-05-19 14:26:02.805,68250,106.668,22.118391175092,98.818,40.163,2492.103
2026-05-19 14:26:02.805,68500,105.694,21.00484104248,98.57,37.93,2515.952
2026-05-19 14:26:02.912,68750,101.797,16.550640512033,97.579,28.998,2611.351
2026-05-19 14:26:02.912,69000,101.797,16.550640512033,97.579,28.998,2611.351
2026-05-19 14:26:02.913,69250,102.771,17.664190644645,97.827,31.231,2587.501
2026-05-19 14:26:03.021,69500,101.797,16.550640512033,97.579,28.998,2611.351
2026-05-19 14:26:03.022,69750,101.797,16.550640512033,97.579,28.998,2611.351
2026-05-19 14:26:03.022,70000,101.797,16.550640512033,97.579,28.998,2611.351
2026-05-19 14:26:03.023,70250,102.771,17.664190644645,97.827,31.231,2587.501
2026-05-19 14:26:03.133,70500,102.771,17.664190644645,97.827,31.231,2587.501
2026-05-19 14:26:03.133,70750,101.797,16.550640512033,97.579,28.998,2611.351
2026-05-19 14:26:03.134,71000,101.797,16.550640512033,97.579,28.998,2611.351
2026-05-19 14:26:03.134,71250,101.797,16.550640512033,97.579,28.998,2611.351
2026-05-19 14:26:03.244,71500,101.797,16.550640512033,97.579,28.998,2611.351
2026-05-19 14:26:03.244,71750,103.969,15.877015075382,100.001,28.337,2560.994
2026-05-19 14:26:03.245,72000,112.659,13.182513328775,109.69,25.692,2359.568
2026-05-19 14:26:03.245,72250,115.344,15.591869574579,110.905,31.123,2306.492
2026-05-19 14:26:03.353,72500,119.372,19.205903943283,112.728,39.269,2226.878
2026-05-19 14:26:03.354,72750,119.372,19.205903943283,112.728,39.269,2226.878
2026-05-19 14:26:03.354,73000,119.372,19.205903943283,112.728,39.269,2226.878
2026-05-19 14:26:03.355,73250,119.372,19.205903943283,112.728,39.269,2226.878
2026-05-19 14:26:03.464,73500,119.372,19.205903943283,112.728,39.269,2226.878
2026-05-19 14:26:03.464,73750,119.372,19.205903943283,112.728,39.269,2226.878
2026-05-19 14:26:03.465,74000,119.372,19.205903943283,112.728,39.269,2226.878
2026-05-19 14:26:03.465,74250,119.372,19.205903943283,112.728,39.269,2226.878
2026-05-19 14:26:03.575,74500,119.372,19.205903943283,112.728,39.269,2226.878
2026-05-19 14:26:03.575,74750,119.372,19.205903943283,112.728,39.269,2226.878
2026-05-19 14:26:03.576,75000,119.372,19.205903943283,112.728,39.269,2226.878
2026-05-19 14:26:03.576,75250,119.372,19.205903943283,112.728,39.269,2226.878
2026-05-19 14:26:03.685,75500,119.372,19.205903943283,112.728,39.269,2226.878
2026-05-19 14:26:03.685,75750,119.372,19.205903943283,112.728,39.269,2226.878
2026-05-19 14:26:03.686,76000,119.372,19.205903943283,112.728,39.269,2226.878
2026-05-19 14:26:03.686,76250,119.372,19.205903943283,112.728,39.269,2226.878
2026-05-19 14:26:03.687,76500,119.372,19.205903943283,112.728,39.269,2226.878
2026-05-19 14:26:03.799,76750,119.372,19.205903943283,112.728,39.269,2226.878
2026-05-19 14:26:03.800,77000,119.372,19.205903943283,112.728,39.269,2226.878
2026-05-19 14:26:03.800,77250,119.372,19.205903943283,112.728,39.269,2226.878
2026-05-19 14:26:03.801,77500,119.372,19.205903943283,112.728,39.269,2226.878
2026-05-19 14:26:03.801,77750,130.372,16.617563153937,124.933,37.156,2042.869
2026-05-19 14:26:03.911,78000,133.122,15.970477956601,127.984,36.627,1996.867
2026-05-19 14:26:03.912,78250,133.122,15.970477956601,127.984,36.627,1996.867
2026-05-19 14:26:03.912,78500,133.122,15.970477956601,127.984,36.627,1996.867
2026-05-19 14:26:03.913,78750,133.122,15.970477956601,127.984,36.627,1996.867
2026-05-19 14:26:03.913,79000,133.122,15.970477956601,127.984,36.627,1996.867
2026-05-19 14:26:04.023,79250,133.122,15.970477956601,127.984,36.627,1996.867
2026-05-19 14:26:04.024,79500,133.122,15.970477956601,127.984,36.627,1996.867
2026-05-19 14:26:04.024,79750,133.122,15.970477956601,127.984,36.627,1996.867
2026-05-19 14:26:04.025,80000,133.122,15.970477956601,127.984,36.627,1996.867
2026-05-19 14:26:04.025,80250,133.122,15.970477956601,127.984,36.627,1996.867
2026-05-19 14:26:04.134,80500,133.122,15.970477956601,127.984,36.627,1996.867
2026-05-19 14:26:04.135,80750,133.122,15.970477956601,127.984,36.627,1996.867
2026-05-19 14:26:04.135,81000,133.122,15.970477956601,127.984,36.627,1996.867
2026-05-19 14:26:04.136,81250,133.122,15.970477956601,127.984,36.627,1996.867
2026-05-19 14:26:04.245,81500,133.122,15.970477956601,127.984,36.627,1996.867
2026-05-19 14:26:04.245,81750,133.122,15.970477956601,127.984,36.627,1996.867
2026-05-19 14:26:04.246,82000,140.808,22.646277660017,129.952,54.217,1887.867
2026-05-19 14:26:04.246,82250,140.808,22.646277660017,129.952,54.217,1887.867
2026-05-19 14:26:04.246,82500,140.808,22.646277660017,129.952,54.217,1887.867
2026-05-19 14:26:04.355,82750,140.808,22.646277660017,129.952,54.217,1887.867
2026-05-19 14:26:04.355,83000,140.808,22.646277660017,129.952,54.217,1887.867
2026-05-19 14:26:04.356,83250,144.634,21.998268530479,134.131,54.002,1842.71
2026-05-19 14:26:04.356,83500,159.936,19.406232012326,150.849,53.141,1662.085
2026-05-19 14:26:04.357,83750,159.936,19.406232012326,150.849,53.141,1662.085
2026-05-19 14:26:04.465,84000,159.936,19.406232012326,150.849,53.141,1662.085
2026-05-19 14:26:04.466,84250,159.936,19.406232012326,150.849,53.141,1662.085
2026-05-19 14:26:04.466,84500,159.936,19.406232012326,150.849,53.141,1662.085
2026-05-19 14:26:04.467,84750,159.936,19.406232012326,150.849,53.141,1662.085
2026-05-19 14:26:04.467,85000,159.936,19.406232012326,150.849,53.141,1662.085
2026-05-19 14:26:04.575,85250,159.936,19.406232012326,150.849,53.141,1662.085
2026-05-19 14:26:04.576,85500,159.936,19.406232012326,150.849,53.141,1662.085
2026-05-19 14:26:04.576,85750,159.936,19.406232012326,150.849,53.141,1662.085
2026-05-19 14:26:04.577,86000,159.936,19.406232012326,150.849,53.141,1662.085
2026-05-19 14:26:04.577,86250,159.936,19.406232012326,150.849,53.141,1662.085
2026-05-19 14:26:04.687,86500,159.936,19.406232012326,150.849,53.141,1662.085
2026-05-19 14:26:04.688,86750,159.936,19.406232012326,150.849,53.141,1662.085
2026-05-19 14:26:04.688,87000,159.936,19.406232012326,150.849,53.141,1662.085
2026-05-19 14:26:04.689,87250,159.936,19.406232012326,150.849,53.141,1662.085
2026-05-19 14:26:04.689,87500,159.936,19.406232012326,150.849,53.141,1662.085
2026-05-19 14:26:04.800,87750,159.936,19.406232012326,150.849,53.141,1662.085
2026-05-19 14:26:04.801,88000,159.936,19.406232012326,150.849,53.141,1662.085
2026-05-19 14:26:04.801,88250,159.936,19.406232012326,150.849,53.141,1662.085
2026-05-19 14:26:04.801,88500,159.936,19.406232012326,150.849,53.141,1662.085
2026-05-19 14:26:04.911,88750,159.936,19.406232012326,150.849,53.141,1662.085
2026-05-19 14:26:04.912,89000,159.936,19.406232012326,150.849,53.141,1662.085
2026-05-19 14:26:04.912,89250,169.991,17.64683086227,162.014,51.054,1571.785
2026-05-19 14:26:04.913,89500,185.073,15.007729137185,178.76,47.925,1436.336
2026-05-19 14:26:04.913,89750,185.073,15.007729137185,178.76,47.925,1436.336
2026-05-19 14:26:05.023,90000,185.073,15.007729137185,178.76,47.925,1436.336
2026-05-19 14:26:05.023,90250,185.073,15.007729137185,178.76,47.925,1436.336
2026-05-19 14:26:05.024,90500,197.563,22.929323991337,181.365,77.206,1346.946
2026-05-19 14:26:05.024,90750,200.685,24.909722704875,182.016,84.526,1324.598
2026-05-19 14:26:05.024,91000,200.685,24.909722704875,182.016,84.526,1324.598
2026-05-19 14:26:05.135,91250,200.685,24.909722704875,182.016,84.526,1324.598
2026-05-19 14:26:05.135,91500,200.685,24.909722704875,182.016,84.526,1324.598
2026-05-19 14:26:05.136,91750,200.685,24.909722704875,182.016,84.526,1324.598
2026-05-19 14:26:05.136,92000,200.685,24.909722704875,182.016,84.526,1324.598
2026-05-19 14:26:05.136,92250,200.685,24.909722704875,182.016,84.526,1324.598
2026-05-19 14:26:05.246,92500,200.685,24.909722704875,182.016,84.526,1324.598
2026-05-19 14:26:05.247,92750,200.685,24.909722704875,182.016,84.526,1324.598
2026-05-19 14:26:05.247,93000,200.685,24.909722704875,182.016,84.526,1324.598
2026-05-19 14:26:05.248,93250,200.685,24.909722704875,182.016,84.526,1324.598
2026-05-19 14:26:05.248,93500,200.685,24.909722704875,182.016,84.526,1324.598
2026-05-19 14:26:05.358,93750,200.685,24.909722704875,182.016,84.526,1324.598
2026-05-19 14:26:05.358,94000,200.685,24.909722704875,182.016,84.526,1324.598
2026-05-19 14:26:05.359,94250,200.685,24.909722704875,182.016,84.526,1324.598
2026-05-19 14:26:05.359,94500,200.685,24.909722704875,182.016,84.526,1324.598
2026-05-19 14:26:05.360,94750,200.685,24.909722704875,182.016,84.526,1324.598
2026-05-19 14:26:05.469,95000,365.001,2.788398603818,364.569,17.756,1324.598
2026-05-19 14:26:05.470,95250,210.212,23.897238991606,192.326,84.483,1273.78
2026-05-19 14:26:05.470,95500,248.319,19.847304138534,233.569,84.308,1070.507
2026-05-19 14:26:05.471,95750,248.319,19.847304138534,233.569,84.308,1070.507
2026-05-19 14:26:05.581,96000,451.637,-2.274019962523,451.281,-17.92,1070.507
2026-05-19 14:26:05.582,96250,451.637,-2.274019962523,451.281,-17.92,1070.507
2026-05-19 14:26:05.582,96500,451.637,-2.274019962523,451.281,-17.92,1070.507
2026-05-19 14:26:05.583,96750,248.319,19.847304138534,233.569,84.308,1070.507
2026-05-19 14:26:05.583,97000,248.319,19.847304138534,233.569,84.308,1070.507
2026-05-19 14:26:05.693,97250,979.0,0.0,979.0,0.0,1070.507
2026-05-19 14:26:05.693,97500,979.0,0.0,979.0,0.0,1070.507
2026-05-19 14:26:05.694,97750,979.0,0.0,979.0,0.0,1070.507
2026-05-19 14:26:05.694,98000,979.0,0.0,979.0,0.0,1070.507
2026-05-19 14:26:05.694,98250,979.0,0.0,979.0,0.0,1070.507
2026-05-19 14:26:05.806,98500,979.0,0.0,979.0,0.0,1070.507
2026-05-19 14:26:05.807,98750,979.0,0.0,979.0,0.0,1070.507
2026-05-19 14:26:05.807,99000,903.398,-13.945138107886,876.772,-217.712,1070.507
2026-05-19 14:26:05.808,99250,979.0,0.0,979.0,0.0,1070.507
2026-05-19 14:26:05.808,99500,979.0,0.0,979.0,0.0,1070.507
2026-05-19 14:26:05.912,99750,903.398,-13.945138107886,876.772,-217.712,1070.507
2026-05-19 14:26:05.912,100000,903.398,-13.945138107886,876.772,-217.712,1070.507
2026-05-19 14:26:06.445,10000,971.87,1.752739384192,971.415,29.726,9286.314
2026-05-19 14:26:06.559,10250,979.0,0.0,979.0,0.0,9286.314
2026-05-19 14:26:06.773,10500,979.0,0.0,979.0,0.0,9286.314
2026-05-19 14:26:06.879,10750,974.699,0.936593187687,974.483,15.884,9327.412
2026-05-19 14:26:06.983,11000,952.958,-0.445795900565,952.929,-7.415,9354.811
2026-05-19 14:26:07.214,11250,973.792,-0.089159180113,973.786,-1.483,9155.734
2026-05-19 14:26:07.316,11500,975.908,0.591963267064,975.778,10.034,9134.955
2026-05-19 14:26:07.429,11750,979.0,0.0,979.0,0.0,9178.44
2026-05-19 14:26:07.531,12000,979.0,0.0,979.0,0.0,9178.44
2026-05-19 14:26:07.645,12250,952.305,-0.187935007788,952.249,-3.158,9194.404
2026-05-19 14:26:07.749,12500,954.385,-0.517751315924,954.346,-8.624,9258.26
2026-05-19 14:26:07.957,12750,964.231,-0.310650789554,964.208,-5.174,9165.148
2026-05-19 14:26:08.061,13000,979.0,0.0,979.0,0.0,9025.481
2026-05-19 14:26:08.165,13250,991.316,-0.049041134828,991.232,-0.775,8998.74
2026-05-19 14:26:08.267,13500,979.0,0.0,979.0,0.0,9110.657
2026-05-19 14:26:08.373,13750,953.511,-0.596406353861,953.459,-9.925,9110.657
2026-05-19 14:26:08.479,14000,963.374,1.386142253821,963.082,23.348,9018.346
2026-05-19 14:26:08.591,14250,979.0,0.0,979.0,0.0,8971.41
2026-05-19 14:26:08.701,14500,979.0,0.0,979.0,0.0,8971.41
2026-05-19 14:26:08.805,14750,956.653,0.515873061641,956.534,8.54,9035.867
2026-05-19 14:26:08.909,15000,955.084,1.209071407503,954.867,20.17,9050.76
2026-05-19 14:26:09.013,15250,979.0,0.0,979.0,0.0,8938.448
2026-05-19 14:26:09.116,15500,979.0,0.0,979.0,0.0,8938.448
2026-05-19 14:26:09.221,15750,942.234,0.777334940449,942.147,12.783,9052.108
2026-05-19 14:26:09.324,16000,979.0,0.0,979.0,0.0,8828.731
2026-05-19 14:26:09.438,16250,954.79,-0.759016820001,954.706,-12.648,8828.731
2026-05-19 14:26:09.440,16500,974.973,0.444402313849,974.9,7.515,8865.421
2026-05-19 14:26:09.546,16750,955.291,-0.778640438833,955.203,-12.982,8920.457
2026-05-19 14:26:09.653,17000,979.0,0.0,979.0,0.0,8704.426
2026-05-19 14:26:09.757,17250,953.338,-0.872532988888,953.228,-14.517,8704.426
2026-05-19 14:26:09.861,17500,939.092,0.613423882303,939.038,10.054,8836.474
2026-05-19 14:26:09.965,17750,979.0,0.0,979.0,0.0,8611.81
2026-05-19 14:26:10.069,18000,979.0,0.0,979.0,0.0,8611.81
2026-05-19 14:26:10.069,18250,965.68,1.188754059244,965.421,19.964,8502.084
2026-05-19 14:26:10.180,18500,962.349,1.485942574055,962.026,24.955,8531.103
2026-05-19 14:26:10.290,18750,979.0,0.0,979.0,0.0,8531.103
2026-05-19 14:26:10.400,19000,959.456,-0.802710773845,959.339,-13.373,8488.527
2026-05-19 14:26:10.401,19250,979.0,0.0,979.0,0.0,8318.223
2026-05-19 14:26:10.509,19500,951.567,0.968576722558,951.388,16.193,8339.717
2026-05-19 14:26:10.623,19750,951.567,0.968576722558,951.388,16.193,8339.717
2026-05-19 14:26:10.735,20000,979.0,0.0,979.0,0.0,8255.872
2026-05-19 14:26:10.736,20250,979.0,0.0,979.0,0.0,8255.872
2026-05-19 14:26:10.848,20500,979.0,0.0,979.0,0.0,8055.627
2026-05-19 14:26:10.959,20750,960.578,1.321511433571,960.323,22.154,8210.115
2026-05-19 14:26:10.959,21000,944.258,0.525310431603,944.195,8.711,8176.876
2026-05-19 14:26:11.071,21250,979.0,0.0,979.0,0.0,8043.919
2026-05-19 14:26:11.181,21500,979.0,0.0,979.0,0.0,8043.919
2026-05-19 14:26:11.181,21750,969.882,-0.481731024622,969.797,-8.039,7931.541
2026-05-19 14:26:11.285,22000,979.0,0.0,979.0,0.0,7856.622
2026-05-19 14:26:11.389,22250,957.791,1.344840918854,957.527,22.479,8030.595
2026-05-19 14:26:11.389,22500,979.0,0.0,979.0,0.0,7842.522
2026-05-19 14:26:11.493,22750,979.0,0.0,979.0,0.0,7842.522
2026-05-19 14:26:11.597,23000,969.829,-0.556697496649,969.717,-9.288,7732.326
2026-05-19 14:26:11.597,23250,979.0,0.0,979.0,0.0,7658.862
2026-05-19 14:26:11.700,23500,958.534,-1.300566439113,958.287,-21.756,7658.862
2026-05-19 14:26:11.814,23750,979.0,0.0,979.0,0.0,7498.755
2026-05-19 14:26:11.814,24000,955.49,1.239554918038,955.266,20.67,7683.264
2026-05-19 14:26:11.927,24250,954.416,1.23033097061,954.196,20.493,7515.704
2026-05-19 14:26:12.038,24500,979.0,0.0,979.0,0.0,7515.704
2026-05-19 14:26:12.039,24750,1522.939,-16.713682183264,1458.601,-437.981,7515.704
2026-05-19 14:26:12.149,25000,1542.126,-16.392613173073,1479.439,-435.215,7360.845
2026-05-19 14:26:12.149,25250,1067.869,-5.826152878019,1062.353,-108.4,7360.845
2026-05-19 14:26:12.260,25500,979.0,0.0,979.0,0.0,7206.363
2026-05-19 14:26:12.260,25750,1418.075,-9.188497132725,1399.879,-226.442,7206.363
2026-05-19 14:26:12.372,26000,1533.085,-15.366280685948,1478.279,-406.25,7206.363
2026-05-19 14:26:12.373,26250,979.0,0.0,979.0,0.0,7078.333
2026-05-19 14:26:12.484,26500,37.555,-80.059659452227,6.483,-36.991,7078.333
2026-05-19 14:26:12.597,26750,38.319,-78.362496472059,7.73,-37.531,6937.194
2026-05-19 14:26:12.598,27000,38.319,-78.362496472059,7.73,-37.531,6937.194
2026-05-19 14:26:12.708,27250,38.767,-77.32009126513,8.514,-37.817,6857.571
2026-05-19 14:26:12.708,27500,39.066,-76.62515446051,9.037,-38.007,6804.488
2026-05-19 14:26:12.813,27750,39.066,-76.62515446051,9.037,-38.007,6804.488
2026-05-19 14:26:12.813,28000,39.852,-74.701199373016,10.515,-38.44,6670.342
2026-05-19 14:26:12.926,28250,39.852,-74.701199373016,10.515,-38.44,6670.342
2026-05-19 14:26:12.926,28500,39.852,-74.701199373016,10.515,-38.44,6670.342
2026-05-19 14:26:13.037,28750,40.54,-72.917258775115,11.909,-38.752,6557.083
2026-05-19 14:26:13.037,29000,40.54,-72.917258775115,11.909,-38.752,6557.083
2026-05-19 14:26:13.148,29250,41.278,-70.880669943164,13.52,-39.001,6439.888
2026-05-19 14:26:13.149,29500,41.278,-70.880669943164,13.52,-39.001,6439.888
2026-05-19 14:26:13.258,29750,41.566,-70.023692407619,14.204,-39.056,6395.738
2026-05-19 14:26:13.260,30000,41.998,-68.738226104302,15.23,-39.139,6329.513
2026-05-19 14:26:13.371,30250,41.998,-68.738226104302,15.23,-39.139,6329.513
2026-05-19 14:26:13.372,30500,42.66,-66.591391924142,16.948,-39.149,6231.235
2026-05-19 14:26:13.486,30750,42.66,-66.591391924142,16.948,-39.149,6231.235
2026-05-19 14:26:13.487,31000,42.66,-66.591391924142,16.948,-39.149,6231.235
2026-05-19 14:26:13.596,31250,43.346,-64.132202147052,18.911,-39.002,6132.743
2026-05-19 14:26:13.597,31500,43.346,-64.132202147052,18.911,-39.002,6132.743
2026-05-19 14:26:13.706,31750,43.901,-61.887761233116,20.686,-38.722,6055.123
2026-05-19 14:26:13.707,32000,44.969,-62.311658017348,20.89,-39.821,5913.58
2026-05-19 14:26:13.812,32250,45.681,-62.594255873503,21.026,-40.554,5819.217
2026-05-19 14:26:13.813,32500,46.269,-60.093303711403,23.069,-40.108,5745.191
2026-05-19 14:26:13.925,32750,46.269,-60.093303711403,23.069,-40.108,5745.191
2026-05-19 14:26:13.926,33000,46.269,-60.093303711403,23.069,-40.108,5745.191
2026-05-19 14:26:13.926,33250,46.781,-57.532088690624,25.113,-39.469,5682.385
2026-05-19 14:26:14.036,33500,46.781,-57.532088690624,25.113,-39.469,5682.385
2026-05-19 14:26:14.037,33750,46.781,-57.532088690624,25.113,-39.469,5682.385
2026-05-19 14:26:14.149,34000,47.212,-54.878883692718,27.161,-38.617,5630.485
2026-05-19 14:26:14.150,34250,49.415,-55.344857481475,28.099,-40.649,5379.444
2026-05-19 14:26:14.260,34500,49.415,-55.344857481475,28.099,-40.649,5379.444
2026-05-19 14:26:14.261,34750,49.789,-52.609535703947,30.234,-39.559,5339.018
2026-05-19 14:26:14.262,35000,49.789,-52.609535703947,30.234,-39.559,5339.018
2026-05-19 14:26:14.375,35250,49.789,-52.609535703947,30.234,-39.559,5339.018
2026-05-19 14:26:14.375,35500,50.043,-49.967871920273,32.189,-38.317,5311.955
2026-05-19 14:26:14.489,35750,51.954,-50.158121293403,33.284,-39.892,5118.32
2026-05-19 14:26:14.490,36000,52.432,-50.205683636686,33.558,-40.286,5069.911
2026-05-19 14:26:14.602,36250,52.606,-47.325051858019,35.658,-38.677,5053.16
2026-05-19 14:26:14.602,36500,52.606,-47.325051858019,35.658,-38.677,5053.16
2026-05-19 14:26:14.603,36750,52.607,-46.424490224937,36.244,-38.094,5053.058
2026-05-19 14:26:14.706,37000,52.611,-42.822243692612,38.589,-35.761,5052.649
2026-05-19 14:26:14.707,37250,55.359,-42.708436156368,40.679,-37.548,4801.84
2026-05-19 14:26:14.816,37500,55.359,-42.708436156368,40.679,-37.548,4801.84
2026-05-19 14:26:14.816,37750,55.237,-40.833038761468,41.777,-36.106,4812.452
2026-05-19 14:26:14.817,38000,55.156,-39.582773831534,42.509,-35.145,4819.526
2026-05-19 14:26:14.927,38250,55.156,-39.582773831534,42.509,-35.145,4819.526
2026-05-19 14:26:14.927,38500,55.156,-39.582773831534,42.509,-35.145,4819.526
2026-05-19 14:26:15.033,38750,57.896,-36.003370127391,46.837,-34.033,4591.487
2026-05-19 14:26:15.034,39000,57.896,-36.003370127391,46.837,-34.033,4591.487
2026-05-19 14:26:15.034,39250,57.896,-36.003370127391,46.837,-34.033,4591.487
2026-05-19 14:26:15.145,39500,57.896,-36.003370127391,46.837,-34.033,4591.487
2026-05-19 14:26:15.146,39750,57.323,-32.938897081218,48.108,-31.169,4637.368
2026-05-19 14:26:15.257,40000,60.684,-32.22008329163,51.339,-32.355,4380.519
2026-05-19 14:26:15.258,40250,60.684,-32.22008329163,51.339,-32.355,4380.519
2026-05-19 14:26:15.258,40500,60.684,-32.22008329163,51.339,-32.355,4380.519
2026-05-19 14:26:15.372,40750,60.684,-32.22008329163,51.339,-32.355,4380.519
2026-05-19 14:26:15.372,41000,59.744,-28.764519277142,52.372,-28.749,4449.44
2026-05-19 14:26:15.372,41250,62.363,-28.031672806158,55.047,-29.308,4262.566
2026-05-19 14:26:15.485,41500,62.363,-28.031672806158,55.047,-29.308,4262.566
2026-05-19 14:26:15.485,41750,61.196,-24.812922581771,55.547,-25.681,4343.838
2026-05-19 14:26:15.598,42000,61.196,-24.812922581771,55.547,-25.681,4343.838
2026-05-19 14:26:15.598,42250,61.196,-24.812922581771,55.547,-25.681,4343.838
2026-05-19 14:26:15.599,42500,64.809,-23.564336401861,59.404,-25.909,4101.722
2026-05-19 14:26:15.709,42750,64.809,-23.564336401861,59.404,-25.909,4101.722
2026-05-19 14:26:15.709,43000,64.809,-23.564336401861,59.404,-25.909,4101.722
2026-05-19 14:26:15.710,43250,63.318,-20.425026869974,59.337,-22.097,4198.29
2026-05-19 14:26:15.816,43500,63.318,-20.425026869974,59.337,-22.097,4198.29
2026-05-19 14:26:15.816,43750,67.117,-18.842533874968,63.521,-21.677,3960.624
2026-05-19 14:26:15.817,44000,67.117,-18.842533874968,63.521,-21.677,3960.624
2026-05-19 14:26:15.930,44250,67.117,-18.842533874968,63.521,-21.677,3960.624
2026-05-19 14:26:15.931,44500,67.117,-18.842533874968,63.521,-21.677,3960.624
2026-05-19 14:26:15.931,44750,66.616,-14.833607326917,64.395,-17.024,3993.397
2026-05-19 14:26:16.042,45000,68.843,-13.718148915148,66.879,-16.326,3861.35
2026-05-19 14:26:16.042,45250,68.843,-13.718148915148,66.879,-16.326,3861.35
2026-05-19 14:26:16.154,45500,68.843,-13.718148915148,66.879,-16.326,3861.35
2026-05-19 14:26:16.155,45750,68.843,-13.718148915148,66.879,-16.326,3861.35
2026-05-19 14:26:16.155,46000,72.713,-11.740262154111,71.192,-14.795,3655.855
2026-05-19 14:26:16.267,46250,69.53,-8.091137873153,68.838,-9.786,3823.201
2026-05-19 14:26:16.267,46500,69.53,-8.091137873153,68.838,-9.786,3823.201
2026-05-19 14:26:16.268,46750,69.53,-8.091137873153,68.838,-9.786,3823.201
2026-05-19 14:26:16.378,47000,69.53,-8.091137873153,68.838,-9.786,3823.201
2026-05-19 14:26:16.378,47250,73.319,-5.708369354093,72.955,-7.293,3625.638
2026-05-19 14:26:16.379,47500,73.319,-5.708369354093,72.955,-7.293,3625.638
2026-05-19 14:26:16.489,47750,73.319,-5.708369354093,72.955,-7.293,3625.638
2026-05-19 14:26:16.489,48000,73.319,-5.708369354093,72.955,-7.293,3625.638
2026-05-19 14:26:16.490,48250,73.319,-5.708369354093,72.955,-7.293,3625.638
2026-05-19 14:26:16.603,48500,73.454,0.0,73.454,0.0,3618.973
2026-05-19 14:26:16.603,48750,73.454,0.0,73.454,0.0,3618.973
2026-05-19 14:26:16.604,49000,73.454,0.0,73.454,0.0,3618.973
2026-05-19 14:26:16.714,49250,73.454,0.0,73.454,0.0,3618.973
2026-05-19 14:26:16.716,49500,76.546,2.480589274335,76.456,3.346,3474.224
2026-05-19 14:26:16.716,49750,77.319,3.100736592919,77.206,4.182,3438.037
2026-05-19 14:26:16.830,50000,77.319,3.100736592919,77.206,4.182,3438.037
2026-05-19 14:26:16.831,50250,77.319,3.100736592919,77.206,4.182,3438.037
2026-05-19 14:26:16.832,50500,77.319,3.100736592919,77.206,4.182,3438.037
2026-05-19 14:26:16.832,50750,77.319,3.100736592919,77.206,4.182,3438.037
2026-05-19 14:26:16.944,51000,77.08,9.452665724564,76.033,12.659,3448.719
2026-05-19 14:26:16.945,51250,77.08,9.452665724564,76.033,12.659,3448.719
2026-05-19 14:26:16.945,51500,77.08,9.452665724564,76.033,12.659,3448.719
2026-05-19 14:26:17.058,51750,77.08,9.452665724564,76.033,12.659,3448.719
2026-05-19 14:26:17.059,52000,77.08,9.452665724564,76.033,12.659,3448.719
2026-05-19 14:26:17.059,52250,79.093,11.646198677772,77.417,16.009,3362.408
2026-05-19 14:26:17.060,52500,80.435,13.108553979911,78.339,18.242,3304.868
2026-05-19 14:26:17.172,52750,80.435,13.108553979911,78.339,18.242,3304.868
2026-05-19 14:26:17.173,53000,80.435,13.108553979911,78.339,18.242,3304.868
2026-05-19 14:26:17.173,53250,80.435,13.108553979911,78.339,18.242,3304.868
2026-05-19 14:26:17.285,53500,80.435,13.108553979911,78.339,18.242,3304.868
2026-05-19 14:26:17.286,53750,81.06,13.864506058911,78.662,19.449,3280.153
2026-05-19 14:26:17.287,54000,83.559,16.888314374912,79.956,24.275,3181.295
2026-05-19 14:26:17.287,54250,83.559,16.888314374912,79.956,24.275,3181.295
2026-05-19 14:26:17.396,54500,83.559,16.888314374912,79.956,24.275,3181.295
2026-05-19 14:26:17.397,54750,83.559,16.888314374912,79.956,24.275,3181.295
2026-05-19 14:26:17.397,55000,83.559,16.888314374912,79.956,24.275,3181.295
2026-05-19 14:26:17.508,55250,83.559,16.888314374912,79.956,24.275,3181.295
2026-05-19 14:26:17.509,55500,84.169,17.728767541385,80.125,25.653,3158.914
2026-05-19 14:26:17.510,55750,86.606,21.090580207281,80.804,31.164,3069.393
2026-05-19 14:26:17.510,56000,86.606,21.090580207281,80.804,31.164,3069.393
2026-05-19 14:26:17.616,56250,86.606,21.090580207281,80.804,31.164,3069.393
2026-05-19 14:26:17.617,56500,86.606,21.090580207281,80.804,31.164,3069.393
2026-05-19 14:26:17.617,56750,86.606,21.090580207281,80.804,31.164,3069.393
2026-05-19 14:26:17.721,57000,86.606,21.090580207281,80.804,31.164,3069.393
2026-05-19 14:26:17.721,57250,86.606,21.090580207281,80.804,31.164,3069.393
2026-05-19 14:26:17.722,57500,86.606,21.090580207281,80.804,31.164,3069.393
2026-05-19 14:26:17.832,57750,86.606,21.090580207281,80.804,31.164,3069.393
2026-05-19 14:26:17.833,58000,83.908,23.972631436938,76.599,33.988,3170.602
2026-05-19 14:26:17.833,58250,82.892,27.412560063454,73.585,38.163,3206.9
2026-05-19 14:26:17.943,58500,82.892,27.412560063454,73.585,38.163,3206.9
2026-05-19 14:26:17.944,58750,82.892,27.412560063454,73.585,38.163,3206.9
2026-05-19 14:26:17.945,59000,84.653,31.782464842233,71.96,44.586,3140.187
2026-05-19 14:26:17.945,59250,84.301,30.908483886477,72.285,43.302,3153.529
2026-05-19 14:26:18.058,59500,82.892,27.412560063454,73.585,38.163,3206.9
2026-05-19 14:26:18.059,59750,89.546,25.948597524747,80.519,39.182,2968.602
2026-05-19 14:26:18.059,60000,89.546,25.948597524747,80.519,39.182,2968.602
2026-05-19 14:26:18.173,60250,89.546,25.948597524747,80.519,39.182,2968.602
2026-05-19 14:26:18.174,60500,89.546,25.948597524747,80.519,39.182,2968.602
2026-05-19 14:26:18.175,60750,89.546,25.948597524747,80.519,39.182,2968.602
2026-05-19 14:26:18.175,61000,89.546,25.948597524747,80.519,39.182,2968.602
2026-05-19 14:26:18.289,61250,89.546,25.948597524747,80.519,39.182,2968.602
2026-05-19 14:26:18.289,61500,89.546,25.948597524747,80.519,39.182,2968.602
2026-05-19 14:26:18.290,61750,89.546,25.948597524747,80.519,39.182,2968.602
2026-05-19 14:26:18.290,62000,89.546,25.948597524747,80.519,39.182,2968.602
2026-05-19 14:26:18.290,62250,89.546,25.948597524747,80.519,39.182,2968.602
2026-05-19 14:26:18.402,62500,89.546,25.948597524747,80.519,39.182,2968.602
2026-05-19 14:26:18.403,62750,89.546,25.948597524747,80.519,39.182,2968.602
2026-05-19 14:26:18.403,63000,89.546,25.948597524747,80.519,39.182,2968.602
2026-05-19 14:26:18.404,63250,97.148,24.260150138543,88.568,39.916,2736.319
2026-05-19 14:26:18.518,63500,97.148,24.260150138543,88.568,39.916,2736.319
2026-05-19 14:26:18.520,63750,97.148,24.260150138543,88.568,39.916,2736.319
2026-05-19 14:26:18.521,64000,97.148,24.260150138543,88.568,39.916,2736.319
2026-05-19 14:26:18.521,64250,97.148,24.260150138543,88.568,39.916,2736.319
2026-05-19 14:26:18.632,64500,97.148,24.260150138543,88.568,39.916,2736.319
2026-05-19 14:26:18.633,64750,97.148,24.260150138543,88.568,39.916,2736.319
2026-05-19 14:26:18.633,65000,97.148,24.260150138543,88.568,39.916,2736.319
2026-05-19 14:26:18.634,65250,97.148,24.260150138543,88.568,39.916,2736.319
2026-05-19 14:26:18.746,65500,97.148,24.260150138543,88.568,39.916,2736.319
2026-05-19 14:26:18.746,65750,96.403,23.222988890629,88.514,38.039,2758.125
2026-05-19 14:26:18.747,66000,97.148,24.260150138543,88.568,39.916,2736.319
2026-05-19 14:26:18.747,66250,97.148,24.260150138543,88.568,39.916,2736.319
2026-05-19 14:26:18.849,66500,97.148,24.260150138543,88.568,39.916,2736.319
2026-05-19 14:26:18.849,66750,97.148,24.260150138543,88.568,39.916,2736.319
2026-05-19 14:26:18.850,67000,97.148,24.260150138543,88.568,39.916,2736.319
2026-05-19 14:26:18.850,67250,105.694,21.00484104248,98.57,37.93,2515.952
2026-05-19 14:26:18.961,67500,106.668,22.118391175092,98.818,40.163,2492.103
2026-05-19 14:26:18.962,67750,106.668,22.118391175092,98.818,40.163,2492.103
2026-05-19 14:26:18.962,68000,106.668,22.118391175092,98.818,40.163,2492.103
2026-05-19 14:26:18.963,68250,106.668,22.118391175092,98.818,40.163,2492.103
2026-05-19 14:26:19.075,68500,105.694,21.00484104248,98.57,37.93,2515.952
2026-05-19 14:26:19.076,68750,101.797,16.550640512033,97.579,28.998,2611.351
2026-05-19 14:26:19.077,69000,101.797,16.550640512033,97.579,28.998,2611.351
2026-05-19 14:26:19.077,69250,102.771,17.664190644645,97.827,31.231,2587.501
2026-05-19 14:26:19.191,69500,101.797,16.550640512033,97.579,28.998,2611.351
2026-05-19 14:26:19.192,69750,101.797,16.550640512033,97.579,28.998,2611.351
2026-05-19 14:26:19.192,70000,101.797,16.550640512033,97.579,28.998,2611.351
2026-05-19 14:26:19.192,70250,102.771,17.664190644645,97.827,31.231,2587.501
2026-05-19 14:26:19.304,70500,101.797,16.550640512033,97.579,28.998,2611.351
2026-05-19 14:26:19.304,70750,101.797,16.550640512033,97.579,28.998,2611.351
2026-05-19 14:26:19.305,71000,101.797,16.550640512033,97.579,28.998,2611.351
2026-05-19 14:26:19.305,71250,101.797,16.550640512033,97.579,28.998,2611.351
2026-05-19 14:26:19.417,71500,101.797,16.550640512033,97.579,28.998,2611.351
2026-05-19 14:26:19.418,71750,106.142,15.20338963873,102.424,27.676,2510.638
2026-05-19 14:26:19.419,72000,112.659,13.182513328775,109.69,25.692,2359.568
2026-05-19 14:26:19.419,72250,115.344,15.591869574579,110.905,31.123,2306.492
2026-05-19 14:26:19.535,72500,119.372,19.205903943283,112.728,39.269,2226.878
2026-05-19 14:26:19.535,72750,119.372,19.205903943283,112.728,39.269,2226.878
2026-05-19 14:26:19.536,73000,119.372,19.205903943283,112.728,39.269,2226.878
2026-05-19 14:26:19.536,73250,119.372,19.205903943283,112.728,39.269,2226.878
2026-05-19 14:26:19.649,73500,119.372,19.205903943283,112.728,39.269,2226.878
2026-05-19 14:26:19.650,73750,119.372,19.205903943283,112.728,39.269,2226.878
2026-05-19 14:26:19.650,74000,119.372,19.205903943283,112.728,39.269,2226.878
2026-05-19 14:26:19.651,74250,119.372,19.205903943283,112.728,39.269,2226.878
2026-05-19 14:26:19.764,74500,119.372,19.205903943283,112.728,39.269,2226.878
2026-05-19 14:26:19.764,74750,119.372,19.205903943283,112.728,39.269,2226.878
2026-05-19 14:26:19.765,75000,119.372,19.205903943283,112.728,39.269,2226.878
2026-05-19 14:26:19.765,75250,119.372,19.205903943283,112.728,39.269,2226.878
2026-05-19 14:26:19.880,75500,119.372,19.205903943283,112.728,39.269,2226.878
2026-05-19 14:26:19.880,75750,119.372,19.205903943283,112.728,39.269,2226.878
2026-05-19 14:26:19.881,76000,119.372,19.205903943283,112.728,39.269,2226.878
2026-05-19 14:26:19.881,76250,119.372,19.205903943283,112.728,39.269,2226.878
2026-05-19 14:26:19.882,76500,119.372,19.205903943283,112.728,39.269,2226.878
2026-05-19 14:26:19.990,76750,119.372,19.205903943283,112.728,39.269,2226.878
2026-05-19 14:26:19.991,77000,119.372,19.205903943283,112.728,39.269,2226.878
2026-05-19 14:26:19.992,77250,119.372,19.205903943283,112.728,39.269,2226.878
2026-05-19 14:26:19.992,77500,119.372,19.205903943283,112.728,39.269,2226.878
2026-05-19 14:26:19.992,77750,130.372,16.617563153937,124.933,37.156,2042.869
2026-05-19 14:26:20.108,78000,133.122,15.970477956601,127.984,36.627,1996.867
2026-05-19 14:26:20.109,78250,133.122,15.970477956601,127.984,36.627,1996.867
2026-05-19 14:26:20.109,78500,133.122,15.970477956601,127.984,36.627,1996.867
2026-05-19 14:26:20.110,78750,133.122,15.970477956601,127.984,36.627,1996.867
2026-05-19 14:26:20.110,79000,133.122,15.970477956601,127.984,36.627,1996.867
2026-05-19 14:26:20.219,79250,133.122,15.970477956601,127.984,36.627,1996.867
2026-05-19 14:26:20.219,79500,133.122,15.970477956601,127.984,36.627,1996.867
2026-05-19 14:26:20.220,79750,133.122,15.970477956601,127.984,36.627,1996.867
2026-05-19 14:26:20.220,80000,133.122,15.970477956601,127.984,36.627,1996.867
2026-05-19 14:26:20.220,80250,133.122,15.970477956601,127.984,36.627,1996.867
2026-05-19 14:26:20.333,80500,133.122,15.970477956601,127.984,36.627,1996.867
2026-05-19 14:26:20.333,80750,133.122,15.970477956601,127.984,36.627,1996.867
2026-05-19 14:26:20.334,81000,133.122,15.970477956601,127.984,36.627,1996.867
2026-05-19 14:26:20.334,81250,133.122,15.970477956601,127.984,36.627,1996.867
2026-05-19 14:26:20.335,81500,133.122,15.970477956601,127.984,36.627,1996.867
2026-05-19 14:26:20.446,81750,133.122,15.970477956601,127.984,36.627,1996.867
2026-05-19 14:26:20.447,82000,140.808,22.646277660017,129.952,54.217,1887.867
2026-05-19 14:26:20.447,82250,140.808,22.646277660017,129.952,54.217,1887.867
2026-05-19 14:26:20.448,82500,140.808,22.646277660017,129.952,54.217,1887.867
2026-05-19 14:26:20.448,82750,140.808,22.646277660017,129.952,54.217,1887.867
2026-05-19 14:26:20.560,83000,140.808,22.646277660017,129.952,54.217,1887.867
2026-05-19 14:26:20.560,83250,148.459,21.350259400941,138.311,53.786,1797.554
2026-05-19 14:26:20.561,83500,159.936,19.406232012326,150.849,53.141,1662.085
2026-05-19 14:26:20.561,83750,159.936,19.406232012326,150.849,53.141,1662.085
2026-05-19 14:26:20.562,84000,159.936,19.406232012326,150.849,53.141,1662.085
2026-05-19 14:26:20.673,84250,159.936,19.406232012326,150.849,53.141,1662.085
2026-05-19 14:26:20.674,84500,159.936,19.406232012326,150.849,53.141,1662.085
2026-05-19 14:26:20.674,84750,159.936,19.406232012326,150.849,53.141,1662.085
2026-05-19 14:26:20.675,85000,159.936,19.406232012326,150.849,53.141,1662.085
2026-05-19 14:26:20.675,85250,159.936,19.406232012326,150.849,53.141,1662.085
2026-05-19 14:26:20.783,85500,159.936,19.406232012326,150.849,53.141,1662.085
2026-05-19 14:26:20.784,85750,159.936,19.406232012326,150.849,53.141,1662.085
2026-05-19 14:26:20.784,86000,159.936,19.406232012326,150.849,53.141,1662.085
2026-05-19 14:26:20.785,86250,159.936,19.406232012326,150.849,53.141,1662.085
2026-05-19 14:26:20.785,86500,159.936,19.406232012326,150.849,53.141,1662.085
2026-05-19 14:26:20.894,86750,159.936,19.406232012326,150.849,53.141,1662.085
2026-05-19 14:26:20.894,87000,159.936,19.406232012326,150.849,53.141,1662.085
2026-05-19 14:26:20.895,87250,159.936,19.406232012326,150.849,53.141,1662.085
2026-05-19 14:26:20.895,87500,159.936,19.406232012326,150.849,53.141,1662.085
2026-05-19 14:26:21.004,87750,159.936,19.406232012326,150.849,53.141,1662.085
2026-05-19 14:26:21.005,88000,159.936,19.406232012326,150.849,53.141,1662.085
2026-05-19 14:26:21.005,88250,159.936,19.406232012326,150.849,53.141,1662.085
2026-05-19 14:26:21.005,88500,159.936,19.406232012326,150.849,53.141,1662.085
2026-05-19 14:26:21.006,88750,159.936,19.406232012326,150.849,53.141,1662.085
2026-05-19 14:26:21.114,89000,159.936,19.406232012326,150.849,53.141,1662.085
2026-05-19 14:26:21.115,89250,169.991,17.64683086227,162.014,51.054,1571.785
2026-05-19 14:26:21.115,89500,185.073,15.007729137185,178.76,47.925,1436.336
2026-05-19 14:26:21.115,89750,185.073,15.007729137185,178.76,47.925,1436.336
2026-05-19 14:26:21.116,90000,185.073,15.007729137185,178.76,47.925,1436.336
2026-05-19 14:26:21.225,90250,185.073,15.007729137185,178.76,47.925,1436.336
2026-05-19 14:26:21.226,90500,197.563,22.929323991337,181.365,77.206,1346.946
2026-05-19 14:26:21.226,90750,200.685,24.909722704875,182.016,84.526,1324.598
2026-05-19 14:26:21.226,91000,200.685,24.909722704875,182.016,84.526,1324.598
2026-05-19 14:26:21.227,91250,200.685,24.909722704875,182.016,84.526,1324.598
2026-05-19 14:26:21.337,91500,200.685,24.909722704875,182.016,84.526,1324.598
2026-05-19 14:26:21.338,91750,200.685,24.909722704875,182.016,84.526,1324.598
2026-05-19 14:26:21.338,92000,200.685,24.909722704875,182.016,84.526,1324.598
2026-05-19 14:26:21.338,92250,200.685,24.909722704875,182.016,84.526,1324.598
2026-05-19 14:26:21.339,92500,200.685,24.909722704875,182.016,84.526,1324.598
2026-05-19 14:26:21.448,92750,200.685,24.909722704875,182.016,84.526,1324.598
2026-05-19 14:26:21.448,93000,200.685,24.909722704875,182.016,84.526,1324.598
2026-05-19 14:26:21.449,93250,200.685,24.909722704875,182.016,84.526,1324.598
2026-05-19 14:26:21.450,93500,200.685,24.909722704875,182.016,84.526,1324.598
2026-05-19 14:26:21.558,93750,200.685,24.909722704875,182.016,84.526,1324.598
2026-05-19 14:26:21.558,94000,200.685,24.909722704875,182.016,84.526,1324.598
2026-05-19 14:26:21.558,94250,200.685,24.909722704875,182.016,84.526,1324.598
2026-05-19 14:26:21.559,94500,200.685,24.909722704875,182.016,84.526,1324.598
2026-05-19 14:26:21.559,94750,200.685,24.909722704875,182.016,84.526,1324.598
2026-05-19 14:26:21.668,95000,365.001,2.788398603818,364.569,17.756,1324.598
2026-05-19 14:26:21.669,95250,219.738,22.884755278338,202.637,84.439,1222.962
2026-05-19 14:26:21.669,95500,248.319,19.847304138534,233.569,84.308,1070.507
2026-05-19 14:26:21.670,95750,248.319,19.847304138534,233.569,84.308,1070.507
2026-05-19 14:26:21.670,96000,451.637,-2.274019962523,451.281,-17.92,1070.507
2026-05-19 14:26:21.778,96250,451.637,-2.274019962523,451.281,-17.92,1070.507
2026-05-19 14:26:21.779,96500,451.637,-2.274019962523,451.281,-17.92,1070.507
2026-05-19 14:26:21.779,96750,248.319,19.847304138534,233.569,84.308,1070.507
2026-05-19 14:26:21.780,97000,248.319,19.847304138534,233.569,84.308,1070.507
2026-05-19 14:26:21.780,97250,979.0,0.0,979.0,0.0,1070.507
2026-05-19 14:26:21.895,97500,979.0,0.0,979.0,0.0,1070.507
2026-05-19 14:26:21.896,97750,979.0,0.0,979.0,0.0,1070.507
2026-05-19 14:26:21.896,98000,979.0,0.0,979.0,0.0,1070.507
2026-05-19 14:26:21.897,98250,979.0,0.0,979.0,0.0,1070.507
2026-05-19 14:26:21.897,98500,979.0,0.0,979.0,0.0,1070.507
2026-05-19 14:26:22.007,98750,979.0,0.0,979.0,0.0,1070.507
2026-05-19 14:26:22.008,99000,903.398,-13.945138107886,876.772,-217.712,1070.507
2026-05-19 14:26:22.008,99250,979.0,0.0,979.0,0.0,1070.507
2026-05-19 14:26:22.009,99500,979.0,0.0,979.0,0.0,1070.507
2026-05-19 14:26:22.009,99750,903.398,-13.945138107886,876.772,-217.712,1070.507
2026-05-19 14:26:22.119,100000,903.398,-13.945138107886,876.772,-217.712,1070.507
2026-05-19 14:26:22.637,10000,971.87,1.752739384192,971.415,29.726,9286.314
2026-05-19 14:26:22.741,10250,979.0,0.0,979.0,0.0,9286.314
2026-05-19 14:26:22.949,10500,979.0,0.0,979.0,0.0,9286.314
2026-05-19 14:26:23.057,10750,974.699,0.936593187687,974.483,15.884,9327.412
2026-05-19 14:26:23.169,11000,952.958,-0.445795900565,952.929,-7.415,9354.811
2026-05-19 14:26:23.389,11250,973.792,-0.089159180113,973.786,-1.483,9155.734
2026-05-19 14:26:23.493,11500,977.454,0.295981633532,977.389,5.017,9120.46
2026-05-19 14:26:23.597,11750,979.0,0.0,979.0,0.0,9178.44
2026-05-19 14:26:23.701,12000,979.0,0.0,979.0,0.0,9178.44
2026-05-19 14:26:23.805,12250,953.95,-0.483762215423,953.916,-8.054,9178.44
2026-05-19 14:26:24.014,12500,954.385,-0.517751315924,954.346,-8.624,9258.26
2026-05-19 14:26:24.116,12750,964.231,-0.310650789554,964.208,-5.174,9165.148
2026-05-19 14:26:24.231,13000,979.0,0.0,979.0,0.0,9025.481
2026-05-19 14:26:24.348,13250,986.082,-0.1683224056,986.009,-2.867,9046.181
2026-05-19 14:26:24.463,13500,979.0,0.0,979.0,0.0,9110.657
2026-05-19 14:26:24.574,13750,953.511,-0.596406353861,953.459,-9.925,9110.657
2026-05-19 14:26:24.679,14000,963.374,1.386142253821,963.082,23.348,9018.346
2026-05-19 14:26:24.783,14250,979.0,0.0,979.0,0.0,8971.41
2026-05-19 14:26:24.895,14500,979.0,0.0,979.0,0.0,8971.41
2026-05-19 14:26:25.007,14750,954.373,0.820689029647,954.221,13.621,9057.352
2026-05-19 14:26:25.116,15000,955.084,1.209071407503,954.867,20.17,9050.76
2026-05-19 14:26:25.229,15250,979.0,0.0,979.0,0.0,8938.448
2026-05-19 14:26:25.342,15500,979.0,0.0,979.0,0.0,8938.448
2026-05-19 14:26:25.342,15750,942.234,0.777334940449,942.147,12.783,9052.108
2026-05-19 14:26:25.453,16000,979.0,0.0,979.0,0.0,8828.731
2026-05-19 14:26:25.568,16250,954.79,-0.759016820001,954.706,-12.648,8828.731
2026-05-19 14:26:25.683,16500,974.973,0.444402313849,974.9,7.515,8865.421
2026-05-19 14:26:25.786,16750,955.291,-0.778640438833,955.203,-12.982,8920.457
2026-05-19 14:26:25.896,17000,979.0,0.0,979.0,0.0,8704.426
2026-05-19 14:26:26.007,17250,953.338,-0.872532988888,953.228,-14.517,8704.426
2026-05-19 14:26:26.008,17500,939.092,0.613423882303,939.038,10.054,8836.474
2026-05-19 14:26:26.122,17750,979.0,0.0,979.0,0.0,8611.81
2026-05-19 14:26:26.234,18000,979.0,0.0,979.0,0.0,8611.81
2026-05-19 14:26:26.342,18250,965.68,1.188754059244,965.421,19.964,8502.084
2026-05-19 14:26:26.343,18500,962.349,1.485942574055,962.026,24.955,8531.103
2026-05-19 14:26:26.453,18750,979.0,0.0,979.0,0.0,8531.103
2026-05-19 14:26:26.565,19000,959.456,-0.802710773845,959.339,-13.373,8488.527
2026-05-19 14:26:26.680,19250,979.0,0.0,979.0,0.0,8318.223
2026-05-19 14:26:26.681,19500,951.567,0.968576722558,951.388,16.193,8339.717
2026-05-19 14:26:26.782,19750,946.807,0.750843295882,946.684,12.515,8381.639
2026-05-19 14:26:26.899,20000,979.0,0.0,979.0,0.0,8255.872
2026-05-19 14:26:27.009,20250,979.0,0.0,979.0,0.0,8255.872
2026-05-19 14:26:27.009,20500,979.0,0.0,979.0,0.0,8055.627
2026-05-19 14:26:27.118,20750,960.578,1.321511433571,960.323,22.154,8210.115
2026-05-19 14:26:27.220,21000,948.144,0.726415003532,948.032,12.102,8143.637
2026-05-19 14:26:27.220,21250,979.0,0.0,979.0,0.0,8043.919
2026-05-19 14:26:27.330,21500,979.0,0.0,979.0,0.0,8043.919
2026-05-19 14:26:27.444,21750,974.441,-0.240865512311,974.399,-4.019,7894.082
2026-05-19 14:26:27.444,22000,979.0,0.0,979.0,0.0,7856.622
2026-05-19 14:26:27.558,22250,957.791,1.344840918854,957.527,22.479,8030.595
2026-05-19 14:26:27.666,22500,979.0,0.0,979.0,0.0,7842.522
2026-05-19 14:26:27.667,22750,979.0,0.0,979.0,0.0,7842.522
2026-05-19 14:26:27.783,23000,974.415,-0.278348748324,974.358,-4.644,7695.594
2026-05-19 14:26:27.897,23250,979.0,0.0,979.0,0.0,7658.862
2026-05-19 14:26:27.899,23500,958.534,-1.300566439113,958.287,-21.756,7658.862
2026-05-19 14:26:28.009,23750,979.0,0.0,979.0,0.0,7498.755
2026-05-19 14:26:28.010,24000,955.49,1.239554918038,955.266,20.67,7683.264
2026-05-19 14:26:28.117,24250,954.416,1.23033097061,954.196,20.493,7515.704
2026-05-19 14:26:28.221,24500,979.0,0.0,979.0,0.0,7515.704
2026-05-19 14:26:28.222,24750,1522.939,-16.713682183264,1458.601,-437.981,7515.704
2026-05-19 14:26:28.332,25000,1542.126,-16.392613173073,1479.439,-435.215,7360.845
2026-05-19 14:26:28.332,25250,1067.869,-5.826152878019,1062.353,-108.4,7360.845
2026-05-19 14:26:28.443,25500,979.0,0.0,979.0,0.0,7206.363
2026-05-19 14:26:28.443,25750,1418.075,-9.188497132725,1399.879,-226.442,7206.363
2026-05-19 14:26:28.557,26000,1533.085,-15.366280685948,1478.279,-406.25,7206.363
2026-05-19 14:26:28.671,26250,979.0,0.0,979.0,0.0,7078.333
2026-05-19 14:26:28.672,26500,37.555,-80.059659452227,6.483,-36.991,7078.333
2026-05-19 14:26:28.783,26750,38.319,-78.362496472059,7.73,-37.531,6937.194
2026-05-19 14:26:28.784,27000,38.319,-78.362496472059,7.73,-37.531,6937.194
2026-05-19 14:26:28.896,27250,38.767,-77.32009126513,8.514,-37.817,6857.571
2026-05-19 14:26:28.896,27500,39.066,-76.62515446051,9.037,-38.007,6804.488
2026-05-19 14:26:29.007,27750,39.066,-76.62515446051,9.037,-38.007,6804.488
2026-05-19 14:26:29.007,28000,39.852,-74.701199373016,10.515,-38.44,6670.342
2026-05-19 14:26:29.117,28250,39.852,-74.701199373016,10.515,-38.44,6670.342
2026-05-19 14:26:29.117,28500,39.852,-74.701199373016,10.515,-38.44,6670.342
2026-05-19 14:26:29.228,28750,40.54,-72.917258775115,11.909,-38.752,6557.083
2026-05-19 14:26:29.228,29000,40.54,-72.917258775115,11.909,-38.752,6557.083
2026-05-19 14:26:29.339,29250,41.278,-70.880669943164,13.52,-39.001,6439.888
2026-05-19 14:26:29.339,29500,41.278,-70.880669943164,13.52,-39.001,6439.888
2026-05-19 14:26:29.450,29750,41.566,-70.023692407619,14.204,-39.056,6395.738
2026-05-19 14:26:29.450,30000,41.998,-68.738226104302,15.23,-39.139,6329.513
2026-05-19 14:26:29.564,30250,41.998,-68.738226104302,15.23,-39.139,6329.513
2026-05-19 14:26:29.564,30500,42.66,-66.591391924142,16.948,-39.149,6231.235
2026-05-19 14:26:29.674,30750,42.66,-66.591391924142,16.948,-39.149,6231.235
2026-05-19 14:26:29.674,31000,42.66,-66.591391924142,16.948,-39.149,6231.235
2026-05-19 14:26:29.782,31250,43.346,-64.132202147052,18.911,-39.002,6132.743
2026-05-19 14:26:29.783,31500,43.346,-64.132202147052,18.911,-39.002,6132.743
2026-05-19 14:26:29.893,31750,43.901,-61.887761233116,20.686,-38.722,6055.123
2026-05-19 14:26:29.894,32000,44.969,-62.311658017348,20.89,-39.821,5913.58
2026-05-19 14:26:30.004,32250,45.681,-62.594255873503,21.026,-40.554,5819.217
2026-05-19 14:26:30.005,32500,46.269,-60.093303711403,23.069,-40.108,5745.191
2026-05-19 14:26:30.109,32750,46.269,-60.093303711403,23.069,-40.108,5745.191
2026-05-19 14:26:30.109,33000,46.269,-60.093303711403,23.069,-40.108,5745.191
2026-05-19 14:26:30.220,33250,46.781,-57.532088690624,25.113,-39.469,5682.385
2026-05-19 14:26:30.220,33500,46.781,-57.532088690624,25.113,-39.469,5682.385
2026-05-19 14:26:30.221,33750,46.781,-57.532088690624,25.113,-39.469,5682.385
2026-05-19 14:26:30.325,34000,47.212,-54.878883692718,27.161,-38.617,5630.485
2026-05-19 14:26:30.325,34250,49.415,-55.344857481475,28.099,-40.649,5379.444
2026-05-19 14:26:30.437,34500,49.415,-55.344857481475,28.099,-40.649,5379.444
2026-05-19 14:26:30.438,34750,49.789,-52.609535703947,30.234,-39.559,5339.018
2026-05-19 14:26:30.549,35000,49.789,-52.609535703947,30.234,-39.559,5339.018
2026-05-19 14:26:30.550,35250,49.789,-52.609535703947,30.234,-39.559,5339.018
2026-05-19 14:26:30.551,35500,50.043,-49.967871920273,32.189,-38.317,5311.955
2026-05-19 14:26:30.658,35750,52.432,-50.205683636686,33.558,-40.286,5069.911
2026-05-19 14:26:30.659,36000,52.432,-50.205683636686,33.558,-40.286,5069.911
2026-05-19 14:26:30.770,36250,52.606,-47.325051858019,35.658,-38.677,5053.16
2026-05-19 14:26:30.775,36500,52.606,-47.325051858019,35.658,-38.677,5053.16
2026-05-19 14:26:30.881,36750,52.608,-45.523928591856,36.831,-37.51,5052.956
2026-05-19 14:26:30.882,37000,52.611,-42.822243692612,38.589,-35.761,5052.649
2026-05-19 14:26:30.882,37250,55.359,-42.708436156368,40.679,-37.548,4801.84
2026-05-19 14:26:30.992,37500,55.359,-42.708436156368,40.679,-37.548,4801.84
2026-05-19 14:26:30.993,37750,55.197,-40.207906296501,42.143,-35.626,4815.989
2026-05-19 14:26:31.103,38000,55.156,-39.582773831534,42.509,-35.145,4819.526
2026-05-19 14:26:31.104,38250,55.156,-39.582773831534,42.509,-35.145,4819.526
2026-05-19 14:26:31.104,38500,55.156,-39.582773831534,42.509,-35.145,4819.526
2026-05-19 14:26:31.214,38750,57.896,-36.003370127391,46.837,-34.033,4591.487
2026-05-19 14:26:31.215,39000,57.896,-36.003370127391,46.837,-34.033,4591.487
2026-05-19 14:26:31.329,39250,57.896,-36.003370127391,46.837,-34.033,4591.487
2026-05-19 14:26:31.330,39500,57.896,-36.003370127391,46.837,-34.033,4591.487
2026-05-19 14:26:31.331,39750,57.323,-32.938897081218,48.108,-31.169,4637.368
2026-05-19 14:26:31.445,40000,60.684,-32.22008329163,51.339,-32.355,4380.519
2026-05-19 14:26:31.446,40250,60.684,-32.22008329163,51.339,-32.355,4380.519
2026-05-19 14:26:31.446,40500,60.684,-32.22008329163,51.339,-32.355,4380.519
2026-05-19 14:26:31.559,40750,60.684,-32.22008329163,51.339,-32.355,4380.519
2026-05-19 14:26:31.560,41000,59.744,-28.764519277142,52.372,-28.749,4449.44
2026-05-19 14:26:31.670,41250,62.363,-28.031672806158,55.047,-29.308,4262.566
2026-05-19 14:26:31.671,41500,62.363,-28.031672806158,55.047,-29.308,4262.566
2026-05-19 14:26:31.671,41750,61.196,-24.812922581771,55.547,-25.681,4343.838
2026-05-19 14:26:31.773,42000,61.196,-24.812922581771,55.547,-25.681,4343.838
2026-05-19 14:26:31.774,42250,61.196,-24.812922581771,55.547,-25.681,4343.838
2026-05-19 14:26:31.879,42500,64.809,-23.564336401861,59.404,-25.909,4101.722
2026-05-19 14:26:31.880,42750,64.809,-23.564336401861,59.404,-25.909,4101.722
2026-05-19 14:26:31.881,43000,64.809,-23.564336401861,59.404,-25.909,4101.722
2026-05-19 14:26:31.992,43250,63.318,-20.425026869974,59.337,-22.097,4198.29
2026-05-19 14:26:31.993,43500,63.318,-20.425026869974,59.337,-22.097,4198.29
2026-05-19 14:26:31.993,43750,67.117,-18.842533874968,63.521,-21.677,3960.624
2026-05-19 14:26:32.107,44000,67.117,-18.842533874968,63.521,-21.677,3960.624
2026-05-19 14:26:32.108,44250,67.117,-18.842533874968,63.521,-21.677,3960.624
2026-05-19 14:26:32.108,44500,67.117,-18.842533874968,63.521,-21.677,3960.624
2026-05-19 14:26:32.219,44750,67.358,-14.461787856327,65.223,-16.792,3949.381
2026-05-19 14:26:32.219,45000,68.843,-13.718148915148,66.879,-16.326,3861.35
2026-05-19 14:26:32.219,45250,68.843,-13.718148915148,66.879,-16.326,3861.35
2026-05-19 14:26:32.330,45500,68.843,-13.718148915148,66.879,-16.326,3861.35
2026-05-19 14:26:32.331,45750,68.843,-13.718148915148,66.879,-16.326,3861.35
2026-05-19 14:26:32.331,46000,72.713,-11.740262154111,71.192,-14.795,3655.855
2026-05-19 14:26:32.441,46250,69.53,-8.091137873153,68.838,-9.786,3823.201
2026-05-19 14:26:32.442,46500,69.53,-8.091137873153,68.838,-9.786,3823.201
2026-05-19 14:26:32.442,46750,69.53,-8.091137873153,68.838,-9.786,3823.201
2026-05-19 14:26:32.553,47000,69.53,-8.091137873153,68.838,-9.786,3823.201
2026-05-19 14:26:32.554,47250,73.319,-5.708369354093,72.955,-7.293,3625.638
2026-05-19 14:26:32.554,47500,73.319,-5.708369354093,72.955,-7.293,3625.638
2026-05-19 14:26:32.665,47750,73.319,-5.708369354093,72.955,-7.293,3625.638
2026-05-19 14:26:32.665,48000,73.319,-5.708369354093,72.955,-7.293,3625.638
2026-05-19 14:26:32.666,48250,73.319,-5.708369354093,72.955,-7.293,3625.638
2026-05-19 14:26:32.776,48500,73.454,0.0,73.454,0.0,3618.973
2026-05-19 14:26:32.777,48750,73.454,0.0,73.454,0.0,3618.973
2026-05-19 14:26:32.777,49000,73.454,0.0,73.454,0.0,3618.973
2026-05-19 14:26:32.879,49250,73.454,0.0,73.454,0.0,3618.973
2026-05-19 14:26:32.879,49500,77.319,3.100736592919,77.206,4.182,3438.037
2026-05-19 14:26:32.880,49750,77.319,3.100736592919,77.206,4.182,3438.037
2026-05-19 14:26:32.989,50000,77.319,3.100736592919,77.206,4.182,3438.037
2026-05-19 14:26:32.990,50250,77.319,3.100736592919,77.206,4.182,3438.037
2026-05-19 14:26:32.990,50500,77.319,3.100736592919,77.206,4.182,3438.037
2026-05-19 14:26:33.101,50750,77.319,3.100736592919,77.206,4.182,3438.037
2026-05-19 14:26:33.101,51000,77.08,9.452665724564,76.033,12.659,3448.719
2026-05-19 14:26:33.102,51250,77.08,9.452665724564,76.033,12.659,3448.719
2026-05-19 14:26:33.211,51500,77.08,9.452665724564,76.033,12.659,3448.719
2026-05-19 14:26:33.212,51750,77.08,9.452665724564,76.033,12.659,3448.719
2026-05-19 14:26:33.212,52000,77.08,9.452665724564,76.033,12.659,3448.719
2026-05-19 14:26:33.213,52250,79.764,12.377376328842,77.878,17.126,3333.638
2026-05-19 14:26:33.323,52500,80.435,13.108553979911,78.339,18.242,3304.868
2026-05-19 14:26:33.324,52750,80.435,13.108553979911,78.339,18.242,3304.868
2026-05-19 14:26:33.324,53000,80.435,13.108553979911,78.339,18.242,3304.868
2026-05-19 14:26:33.433,53250,80.435,13.108553979911,78.339,18.242,3304.868
2026-05-19 14:26:33.433,53500,80.435,13.108553979911,78.339,18.242,3304.868
2026-05-19 14:26:33.434,53750,81.685,14.620458137911,78.986,20.655,3255.439
2026-05-19 14:26:33.547,54000,83.559,16.888314374912,79.956,24.275,3181.295
2026-05-19 14:26:33.547,54250,83.559,16.888314374912,79.956,24.275,3181.295
2026-05-19 14:26:33.548,54500,83.559,16.888314374912,79.956,24.275,3181.295
2026-05-19 14:26:33.548,54750,83.559,16.888314374912,79.956,24.275,3181.295
2026-05-19 14:26:33.661,55000,83.559,16.888314374912,79.956,24.275,3181.295
2026-05-19 14:26:33.662,55250,83.559,16.888314374912,79.956,24.275,3181.295
2026-05-19 14:26:33.662,55500,84.169,17.728767541385,80.125,25.653,3158.914
2026-05-19 14:26:33.774,55750,86.606,21.090580207281,80.804,31.164,3069.393
2026-05-19 14:26:33.778,56000,86.606,21.090580207281,80.804,31.164,3069.393
2026-05-19 14:26:33.779,56250,86.606,21.090580207281,80.804,31.164,3069.393
2026-05-19 14:26:33.779,56500,86.606,21.090580207281,80.804,31.164,3069.393
2026-05-19 14:26:33.894,56750,86.606,21.090580207281,80.804,31.164,3069.393
2026-05-19 14:26:33.895,57000,86.606,21.090580207281,80.804,31.164,3069.393
2026-05-19 14:26:33.895,57250,86.606,21.090580207281,80.804,31.164,3069.393
2026-05-19 14:26:34.008,57500,86.606,21.090580207281,80.804,31.164,3069.393
2026-05-19 14:26:34.009,57750,86.606,21.090580207281,80.804,31.164,3069.393
2026-05-19 14:26:34.009,58000,83.908,23.972631436938,76.599,33.988,3170.602
2026-05-19 14:26:34.010,58250,82.892,27.412560063454,73.585,38.163,3206.9
2026-05-19 14:26:34.120,58500,82.892,27.412560063454,73.585,38.163,3206.9
2026-05-19 14:26:34.121,58750,82.892,27.412560063454,73.585,38.163,3206.9
2026-05-19 14:26:34.121,59000,84.653,31.782464842233,71.96,44.586,3140.187
2026-05-19 14:26:34.231,59250,84.301,30.908483886477,72.285,43.302,3153.529
2026-05-19 14:26:34.232,59500,82.892,27.412560063454,73.585,38.163,3206.9
2026-05-19 14:26:34.232,59750,89.546,25.948597524747,80.519,39.182,2968.602
2026-05-19 14:26:34.233,60000,89.546,25.948597524747,80.519,39.182,2968.602
2026-05-19 14:26:34.341,60250,89.546,25.948597524747,80.519,39.182,2968.602
2026-05-19 14:26:34.342,60500,89.546,25.948597524747,80.519,39.182,2968.602
2026-05-19 14:26:34.342,60750,89.546,25.948597524747,80.519,39.182,2968.602
2026-05-19 14:26:34.342,61000,89.546,25.948597524747,80.519,39.182,2968.602
2026-05-19 14:26:34.454,61250,89.546,25.948597524747,80.519,39.182,2968.602
2026-05-19 14:26:34.455,61500,89.546,25.948597524747,80.519,39.182,2968.602
2026-05-19 14:26:34.455,61750,89.546,25.948597524747,80.519,39.182,2968.602
2026-05-19 14:26:34.456,62000,89.546,25.948597524747,80.519,39.182,2968.602
2026-05-19 14:26:34.566,62250,89.546,25.948597524747,80.519,39.182,2968.602
2026-05-19 14:26:34.567,62500,89.546,25.948597524747,80.519,39.182,2968.602
2026-05-19 14:26:34.567,62750,89.546,25.948597524747,80.519,39.182,2968.602
2026-05-19 14:26:34.568,63000,89.546,25.948597524747,80.519,39.182,2968.602
2026-05-19 14:26:34.678,63250,97.148,24.260150138543,88.568,39.916,2736.319
2026-05-19 14:26:34.679,63500,97.148,24.260150138543,88.568,39.916,2736.319
2026-05-19 14:26:34.679,63750,97.148,24.260150138543,88.568,39.916,2736.319
2026-05-19 14:26:34.680,64000,97.148,24.260150138543,88.568,39.916,2736.319
2026-05-19 14:26:34.782,64250,97.148,24.260150138543,88.568,39.916,2736.319
2026-05-19 14:26:34.783,64500,97.148,24.260150138543,88.568,39.916,2736.319
2026-05-19 14:26:34.783,64750,97.148,24.260150138543,88.568,39.916,2736.319
2026-05-19 14:26:34.894,65000,97.148,24.260150138543,88.568,39.916,2736.319
2026-05-19 14:26:34.896,65250,97.148,24.260150138543,88.568,39.916,2736.319
2026-05-19 14:26:34.897,65500,97.148,24.260150138543,88.568,39.916,2736.319
2026-05-19 14:26:34.897,65750,96.403,23.222988890629,88.514,38.039,2758.125
2026-05-19 14:26:35.007,66000,97.148,24.260150138543,88.568,39.916,2736.319
2026-05-19 14:26:35.007,66250,97.148,24.260150138543,88.568,39.916,2736.319
2026-05-19 14:26:35.007,66500,97.148,24.260150138543,88.568,39.916,2736.319
2026-05-19 14:26:35.008,66750,97.148,24.260150138543,88.568,39.916,2736.319
2026-05-19 14:26:35.120,67000,97.148,24.260150138543,88.568,39.916,2736.319
2026-05-19 14:26:35.121,67250,103.789,21.433192835171,96.52,37.88,2564.796
2026-05-19 14:26:35.121,67500,106.668,22.118391175092,98.818,40.163,2492.103
2026-05-19 14:26:35.121,67750,106.668,22.118391175092,98.818,40.163,2492.103
2026-05-19 14:26:35.231,68000,106.668,22.118391175092,98.818,40.163,2492.103
2026-05-19 14:26:35.231,68250,106.668,22.118391175092,98.818,40.163,2492.103
2026-05-19 14:26:35.232,68500,105.694,21.00484104248,98.57,37.93,2515.952
2026-05-19 14:26:35.232,68750,101.797,16.550640512033,97.579,28.998,2611.351
2026-05-19 14:26:35.343,69000,101.797,16.550640512033,97.579,28.998,2611.351
2026-05-19 14:26:35.344,69250,102.771,17.664190644645,97.827,31.231,2587.501
2026-05-19 14:26:35.344,69500,101.797,16.550640512033,97.579,28.998,2611.351
2026-05-19 14:26:35.344,69750,101.797,16.550640512033,97.579,28.998,2611.351
2026-05-19 14:26:35.457,70000,101.797,16.550640512033,97.579,28.998,2611.351
2026-05-19 14:26:35.457,70250,102.771,17.664190644645,97.827,31.231,2587.501
2026-05-19 14:26:35.458,70500,101.797,16.550640512033,97.579,28.998,2611.351
2026-05-19 14:26:35.458,70750,101.797,16.550640512033,97.579,28.998,2611.351
2026-05-19 14:26:35.568,71000,101.797,16.550640512033,97.579,28.998,2611.351
2026-05-19 14:26:35.569,71250,101.797,16.550640512033,97.579,28.998,2611.351
2026-05-19 14:26:35.569,71500,101.797,16.550640512033,97.579,28.998,2611.351
2026-05-19 14:26:35.570,71750,108.314,14.529764202079,104.846,27.015,2460.281
2026-05-19 14:26:35.682,72000,112.659,13.182513328775,109.69,25.692,2359.568
2026-05-19 14:26:35.683,72250,116.687,16.79654769748,111.513,33.838,2279.954
2026-05-19 14:26:35.683,72500,119.372,19.205903943283,112.728,39.269,2226.878
2026-05-19 14:26:35.684,72750,119.372,19.205903943283,112.728,39.269,2226.878
2026-05-19 14:26:35.799,73000,119.372,19.205903943283,112.728,39.269,2226.878
2026-05-19 14:26:35.799,73250,119.372,19.205903943283,112.728,39.269,2226.878
2026-05-19 14:26:35.800,73500,119.372,19.205903943283,112.728,39.269,2226.878
2026-05-19 14:26:35.801,73750,119.372,19.205903943283,112.728,39.269,2226.878
2026-05-19 14:26:35.802,74000,119.372,19.205903943283,112.728,39.269,2226.878
2026-05-19 14:26:35.911,74250,119.372,19.205903943283,112.728,39.269,2226.878
2026-05-19 14:26:35.912,74500,119.372,19.205903943283,112.728,39.269,2226.878
2026-05-19 14:26:35.912,74750,119.372,19.205903943283,112.728,39.269,2226.878
2026-05-19 14:26:35.912,75000,119.372,19.205903943283,112.728,39.269,2226.878
2026-05-19 14:26:36.025,75250,119.372,19.205903943283,112.728,39.269,2226.878
2026-05-19 14:26:36.026,75500,119.372,19.205903943283,112.728,39.269,2226.878
2026-05-19 14:26:36.026,75750,119.372,19.205903943283,112.728,39.269,2226.878
2026-05-19 14:26:36.027,76000,119.372,19.205903943283,112.728,39.269,2226.878
2026-05-19 14:26:36.140,76250,119.372,19.205903943283,112.728,39.269,2226.878
2026-05-19 14:26:36.141,76500,119.372,19.205903943283,112.728,39.269,2226.878
2026-05-19 14:26:36.141,76750,119.372,19.205903943283,112.728,39.269,2226.878
2026-05-19 14:26:36.142,77000,119.372,19.205903943283,112.728,39.269,2226.878
2026-05-19 14:26:36.142,77250,119.372,19.205903943283,112.728,39.269,2226.878
2026-05-19 14:26:36.254,77500,119.372,19.205903943283,112.728,39.269,2226.878
2026-05-19 14:26:36.255,77750,133.122,15.970477956601,127.984,36.627,1996.867
2026-05-19 14:26:36.255,78000,133.122,15.970477956601,127.984,36.627,1996.867
2026-05-19 14:26:36.256,78250,133.122,15.970477956601,127.984,36.627,1996.867
2026-05-19 14:26:36.256,78500,133.122,15.970477956601,127.984,36.627,1996.867
2026-05-19 14:26:36.369,78750,133.122,15.970477956601,127.984,36.627,1996.867
2026-05-19 14:26:36.370,79000,133.122,15.970477956601,127.984,36.627,1996.867
2026-05-19 14:26:36.370,79250,133.122,15.970477956601,127.984,36.627,1996.867
2026-05-19 14:26:36.370,79500,133.122,15.970477956601,127.984,36.627,1996.867
2026-05-19 14:26:36.371,79750,133.122,15.970477956601,127.984,36.627,1996.867
2026-05-19 14:26:36.482,80000,133.122,15.970477956601,127.984,36.627,1996.867
2026-05-19 14:26:36.483,80250,133.122,15.970477956601,127.984,36.627,1996.867
2026-05-19 14:26:36.483,80500,133.122,15.970477956601,127.984,36.627,1996.867
2026-05-19 14:26:36.484,80750,133.122,15.970477956601,127.984,36.627,1996.867
2026-05-19 14:26:36.484,81000,133.122,15.970477956601,127.984,36.627,1996.867
2026-05-19 14:26:36.597,81250,133.122,15.970477956601,127.984,36.627,1996.867
2026-05-19 14:26:36.597,81500,133.122,15.970477956601,127.984,36.627,1996.867
2026-05-19 14:26:36.598,81750,133.122,15.970477956601,127.984,36.627,1996.867
2026-05-19 14:26:36.598,82000,140.808,22.646277660017,129.952,54.217,1887.867
2026-05-19 14:26:36.598,82250,140.808,22.646277660017,129.952,54.217,1887.867
2026-05-19 14:26:36.711,82500,140.808,22.646277660017,129.952,54.217,1887.867
2026-05-19 14:26:36.711,82750,140.808,22.646277660017,129.952,54.217,1887.867
2026-05-19 14:26:36.712,83000,140.808,22.646277660017,129.952,54.217,1887.867
2026-05-19 14:26:36.712,83250,148.459,21.350259400941,138.311,53.786,1797.554
2026-05-19 14:26:36.712,83500,159.936,19.406232012326,150.849,53.141,1662.085
2026-05-19 14:26:36.816,83750,159.936,19.406232012326,150.849,53.141,1662.085
2026-05-19 14:26:36.816,84000,159.936,19.406232012326,150.849,53.141,1662.085
2026-05-19 14:26:36.817,84250,159.936,19.406232012326,150.849,53.141,1662.085
2026-05-19 14:26:36.817,84500,159.936,19.406232012326,150.849,53.141,1662.085
2026-05-19 14:26:36.818,84750,159.936,19.406232012326,150.849,53.141,1662.085
2026-05-19 14:26:36.927,85000,159.936,19.406232012326,150.849,53.141,1662.085
2026-05-19 14:26:36.928,85250,159.936,19.406232012326,150.849,53.141,1662.085
2026-05-19 14:26:36.928,85500,159.936,19.406232012326,150.849,53.141,1662.085
2026-05-19 14:26:36.929,85750,159.936,19.406232012326,150.849,53.141,1662.085
2026-05-19 14:26:37.040,86000,159.936,19.406232012326,150.849,53.141,1662.085
2026-05-19 14:26:37.040,86250,159.936,19.406232012326,150.849,53.141,1662.085
2026-05-19 14:26:37.041,86500,159.936,19.406232012326,150.849,53.141,1662.085
2026-05-19 14:26:37.041,86750,159.936,19.406232012326,150.849,53.141,1662.085
2026-05-19 14:26:37.041,87000,159.936,19.406232012326,150.849,53.141,1662.085
2026-05-19 14:26:37.155,87250,159.936,19.406232012326,150.849,53.141,1662.085
2026-05-19 14:26:37.155,87500,159.936,19.406232012326,150.849,53.141,1662.085
2026-05-19 14:26:37.156,87750,159.936,19.406232012326,150.849,53.141,1662.085
2026-05-19 14:26:37.156,88000,159.936,19.406232012326,150.849,53.141,1662.085
2026-05-19 14:26:37.156,88250,159.936,19.406232012326,150.849,53.141,1662.085
2026-05-19 14:26:37.269,88500,159.936,19.406232012326,150.849,53.141,1662.085
2026-05-19 14:26:37.270,88750,159.936,19.406232012326,150.849,53.141,1662.085
2026-05-19 14:26:37.270,89000,159.936,19.406232012326,150.849,53.141,1662.085
2026-05-19 14:26:37.271,89250,175.018,16.767130287241,167.596,50.011,1526.635
2026-05-19 14:26:37.271,89500,185.073,15.007729137185,178.76,47.925,1436.336
2026-05-19 14:26:37.383,89750,185.073,15.007729137185,178.76,47.925,1436.336
2026-05-19 14:26:37.384,90000,185.073,15.007729137185,178.76,47.925,1436.336
2026-05-19 14:26:37.384,90250,185.073,15.007729137185,178.76,47.925,1436.336
2026-05-19 14:26:37.384,90500,197.563,22.929323991337,181.365,77.206,1346.946
2026-05-19 14:26:37.385,90750,200.685,24.909722704875,182.016,84.526,1324.598
2026-05-19 14:26:37.497,91000,200.685,24.909722704875,182.016,84.526,1324.598
2026-05-19 14:26:37.498,91250,200.685,24.909722704875,182.016,84.526,1324.598
2026-05-19 14:26:37.498,91500,200.685,24.909722704875,182.016,84.526,1324.598
2026-05-19 14:26:37.499,91750,200.685,24.909722704875,182.016,84.526,1324.598
2026-05-19 14:26:37.499,92000,200.685,24.909722704875,182.016,84.526,1324.598
2026-05-19 14:26:37.608,92250,200.685,24.909722704875,182.016,84.526,1324.598
2026-05-19 14:26:37.608,92500,200.685,24.909722704875,182.016,84.526,1324.598
2026-05-19 14:26:37.609,92750,200.685,24.909722704875,182.016,84.526,1324.598
2026-05-19 14:26:37.609,93000,200.685,24.909722704875,182.016,84.526,1324.598
2026-05-19 14:26:37.609,93250,200.685,24.909722704875,182.016,84.526,1324.598
2026-05-19 14:26:37.721,93500,200.685,24.909722704875,182.016,84.526,1324.598
2026-05-19 14:26:37.722,93750,200.685,24.909722704875,182.016,84.526,1324.598
2026-05-19 14:26:37.722,94000,200.685,24.909722704875,182.016,84.526,1324.598
2026-05-19 14:26:37.723,94250,200.685,24.909722704875,182.016,84.526,1324.598
2026-05-19 14:26:37.723,94500,200.685,24.909722704875,182.016,84.526,1324.598
2026-05-19 14:26:37.830,94750,200.685,24.909722704875,182.016,84.526,1324.598
2026-05-19 14:26:37.831,95000,365.001,2.788398603818,364.569,17.756,1324.598
2026-05-19 14:26:37.832,95250,219.738,22.884755278338,202.637,84.439,1222.962
2026-05-19 14:26:37.832,95500,248.319,19.847304138534,233.569,84.308,1070.507
2026-05-19 14:26:37.833,95750,248.319,19.847304138534,233.569,84.308,1070.507
2026-05-19 14:26:37.941,96000,451.637,-2.274019962523,451.281,-17.92,1070.507
2026-05-19 14:26:37.941,96250,451.637,-2.274019962523,451.281,-17.92,1070.507
2026-05-19 14:26:37.942,96500,451.637,-2.274019962523,451.281,-17.92,1070.507
2026-05-19 14:26:37.942,96750,248.319,19.847304138534,233.569,84.308,1070.507
2026-05-19 14:26:38.056,97000,248.319,19.847304138534,233.569,84.308,1070.507
2026-05-19 14:26:38.056,97250,979.0,0.0,979.0,0.0,1070.507
2026-05-19 14:26:38.057,97500,979.0,0.0,979.0,0.0,1070.507
2026-05-19 14:26:38.057,97750,979.0,0.0,979.0,0.0,1070.507
2026-05-19 14:26:38.057,98000,979.0,0.0,979.0,0.0,1070.507
2026-05-19 14:26:38.159,98250,979.0,0.0,979.0,0.0,1070.507
2026-05-19 14:26:38.160,98500,979.0,0.0,979.0,0.0,1070.507
2026-05-19 14:26:38.160,98750,979.0,0.0,979.0,0.0,1070.507
2026-05-19 14:26:38.160,99000,903.398,-13.945138107886,876.772,-217.712,1070.507
2026-05-19 14:26:38.161,99250,979.0,0.0,979.0,0.0,1070.507
2026-05-19 14:26:38.272,99500,979.0,0.0,979.0,0.0,1070.507
2026-05-19 14:26:38.272,99750,903.398,-13.945138107886,876.772,-217.712,1070.507
2026-05-19 14:26:38.273,100000,903.398,-13.945138107886,876.772,-217.712,1070.507
2026-05-19 14:26:38.830,10000,971.87,1.752739384192,971.415,29.726,9286.314
2026-05-19 14:26:38.933,10250,979.0,0.0,979.0,0.0,9286.314
2026-05-19 14:26:39.155,10500,979.0,0.0,979.0,0.0,9286.314
2026-05-19 14:26:39.268,10750,973.265,1.248790916917,972.977,21.179,9341.111
2026-05-19 14:26:39.379,11000,952.958,-0.445795900565,952.929,-7.415,9354.811
2026-05-19 14:26:39.494,11250,973.792,-0.089159180113,973.786,-1.483,9155.734
2026-05-19 14:26:39.718,11500,977.454,0.295981633532,977.389,5.017,9120.46
2026-05-19 14:26:39.832,11750,979.0,0.0,979.0,0.0,9178.44
2026-05-19 14:26:39.944,12000,979.0,0.0,979.0,0.0,9178.44
2026-05-19 14:26:40.057,12250,953.95,-0.483762215423,953.916,-8.054,9178.44
2026-05-19 14:26:40.169,12500,959.308,-0.414201052739,959.277,-6.899,9211.704
2026-05-19 14:26:40.279,12750,964.231,-0.310650789554,964.208,-5.174,9165.148
2026-05-19 14:26:40.391,13000,979.0,0.0,979.0,0.0,9025.481
2026-05-19 14:26:40.502,13250,980.848,-0.287603676373,980.786,-4.96,9093.622
2026-05-19 14:26:40.614,13500,979.0,0.0,979.0,0.0,9110.657
2026-05-19 14:26:40.726,13750,953.511,-0.596406353861,953.459,-9.925,9110.657
2026-05-19 14:26:40.829,14000,963.374,1.386142253821,963.082,23.348,9018.346
2026-05-19 14:26:40.943,14250,979.0,0.0,979.0,0.0,8971.41
2026-05-19 14:26:41.054,14500,979.0,0.0,979.0,0.0,8971.41
2026-05-19 14:26:41.166,14750,954.373,0.820689029647,954.221,13.621,9057.352
2026-05-19 14:26:41.280,15000,955.084,1.209071407503,954.867,20.17,9050.76
2026-05-19 14:26:41.393,15250,979.0,0.0,979.0,0.0,8938.448
2026-05-19 14:26:41.499,15500,979.0,0.0,979.0,0.0,8938.448
2026-05-19 14:26:41.601,15750,942.234,0.777334940449,942.147,12.783,9052.108
2026-05-19 14:26:41.713,16000,979.0,0.0,979.0,0.0,8828.731
2026-05-19 14:26:41.816,16250,954.79,-0.759016820001,954.706,-12.648,8828.731
2026-05-19 14:26:41.926,16500,972.96,0.666603470774,972.851,11.272,8883.766
2026-05-19 14:26:41.927,16750,955.291,-0.778640438833,955.203,-12.982,8920.457
2026-05-19 14:26:42.037,17000,979.0,0.0,979.0,0.0,8704.426
2026-05-19 14:26:42.151,17250,953.338,-0.872532988888,953.228,-14.517,8704.426
2026-05-19 14:26:42.264,17500,939.092,0.613423882303,939.038,10.054,8836.474
2026-05-19 14:26:42.374,17750,979.0,0.0,979.0,0.0,8611.81
2026-05-19 14:26:42.374,18000,979.0,0.0,979.0,0.0,8611.81
2026-05-19 14:26:42.487,18250,969.01,0.891565544433,968.816,14.973,8473.065
2026-05-19 14:26:42.600,18500,962.349,1.485942574055,962.026,24.955,8531.103
2026-05-19 14:26:42.714,18750,979.0,0.0,979.0,0.0,8531.103
2026-05-19 14:26:42.714,19000,959.456,-0.802710773845,959.339,-13.373,8488.527
2026-05-19 14:26:42.816,19250,979.0,0.0,979.0,0.0,8318.223
2026-05-19 14:26:42.926,19500,946.807,0.750843295882,946.684,12.515,8381.639
2026-05-19 14:26:43.036,19750,946.807,0.750843295882,946.684,12.515,8381.639
2026-05-19 14:26:43.037,20000,979.0,0.0,979.0,0.0,8255.872
2026-05-19 14:26:43.151,20250,979.0,0.0,979.0,0.0,8255.872
2026-05-19 14:26:43.265,20500,979.0,0.0,979.0,0.0,8055.627
2026-05-19 14:26:43.266,20750,960.578,1.321511433571,960.323,22.154,8210.115
2026-05-19 14:26:43.377,21000,948.144,0.726415003532,948.032,12.102,8143.637
2026-05-19 14:26:43.488,21250,979.0,0.0,979.0,0.0,8043.919
2026-05-19 14:26:43.488,21500,979.0,0.0,979.0,0.0,8043.919
2026-05-19 14:26:43.599,21750,974.441,-0.240865512311,974.399,-4.019,7894.082
2026-05-19 14:26:43.710,22000,974.758,0.268968183771,974.705,4.496,7891.417
2026-05-19 14:26:43.710,22250,957.791,1.344840918854,957.527,22.479,8030.595
2026-05-19 14:26:43.815,22500,979.0,0.0,979.0,0.0,7842.522
2026-05-19 14:26:43.926,22750,979.0,0.0,979.0,0.0,7842.522
2026-05-19 14:26:43.927,23000,979.0,0.0,979.0,0.0,7658.862
2026-05-19 14:26:44.038,23250,979.0,0.0,979.0,0.0,7658.862
2026-05-19 14:26:44.149,23500,958.534,-1.300566439113,958.287,-21.756,7658.862
2026-05-19 14:26:44.149,23750,979.0,0.0,979.0,0.0,7498.755
2026-05-19 14:26:44.259,24000,955.49,1.239554918038,955.266,20.67,7683.264
2026-05-19 14:26:44.260,24250,954.416,1.23033097061,954.196,20.493,7515.704
2026-05-19 14:26:44.371,24500,979.0,0.0,979.0,0.0,7515.704
2026-05-19 14:26:44.482,24750,1522.939,-16.713682183264,1458.601,-437.981,7515.704
2026-05-19 14:26:44.483,25000,1542.126,-16.392613173073,1479.439,-435.215,7360.845
2026-05-19 14:26:44.593,25250,1067.869,-5.826152878019,1062.353,-108.4,7360.845
2026-05-19 14:26:44.594,25500,979.0,0.0,979.0,0.0,7206.363
2026-05-19 14:26:44.703,25750,1418.075,-9.188497132725,1399.879,-226.442,7206.363
2026-05-19 14:26:44.704,26000,1533.085,-15.366280685948,1478.279,-406.25,7206.363
2026-05-19 14:26:44.812,26250,979.0,0.0,979.0,0.0,7078.333
2026-05-19 14:26:44.929,26500,37.555,-80.059659452227,6.483,-36.991,7078.333
2026-05-19 14:26:44.930,26750,38.319,-78.362496472059,7.73,-37.531,6937.194
2026-05-19 14:26:45.039,27000,38.319,-78.362496472059,7.73,-37.531,6937.194
2026-05-19 14:26:45.040,27250,38.618,-77.667559667439,8.253,-37.722,6884.112
2026-05-19 14:26:45.150,27500,39.066,-76.62515446051,9.037,-38.007,6804.488
2026-05-19 14:26:45.150,27750,39.066,-76.62515446051,9.037,-38.007,6804.488
2026-05-19 14:26:45.253,28000,39.852,-74.701199373016,10.515,-38.44,6670.342
2026-05-19 14:26:45.253,28250,39.852,-74.701199373016,10.515,-38.44,6670.342
2026-05-19 14:26:45.365,28500,39.99,-74.344411253436,10.794,-38.502,6647.69
2026-05-19 14:26:45.366,28750,40.54,-72.917258775115,11.909,-38.752,6557.083
2026-05-19 14:26:45.477,29000,40.54,-72.917258775115,11.909,-38.752,6557.083
2026-05-19 14:26:45.478,29250,41.278,-70.880669943164,13.52,-39.001,6439.888
2026-05-19 14:26:45.583,29500,41.278,-70.880669943164,13.52,-39.001,6439.888
2026-05-19 14:26:45.583,29750,41.71,-69.595203639847,14.546,-39.084,6373.663
2026-05-19 14:26:45.688,30000,41.998,-68.738226104302,15.23,-39.139,6329.513
2026-05-19 14:26:45.689,30250,41.998,-68.738226104302,15.23,-39.139,6329.513
2026-05-19 14:26:45.798,30500,42.66,-66.591391924142,16.948,-39.149,6231.235
2026-05-19 14:26:45.799,30750,42.66,-66.591391924142,16.948,-39.149,6231.235
2026-05-19 14:26:45.912,31000,42.66,-66.591391924142,16.948,-39.149,6231.235
2026-05-19 14:26:45.913,31250,43.346,-64.132202147052,18.911,-39.002,6132.743
2026-05-19 14:26:46.024,31500,43.346,-64.132202147052,18.911,-39.002,6132.743
2026-05-19 14:26:46.025,31750,43.901,-61.887761233116,20.686,-38.722,6055.123
2026-05-19 14:26:46.135,32000,44.613,-62.170359089271,20.822,-39.455,5960.761
2026-05-19 14:26:46.136,32250,45.681,-62.594255873503,21.026,-40.554,5819.217
2026-05-19 14:26:46.252,32500,46.269,-60.093303711403,23.069,-40.108,5745.191
2026-05-19 14:26:46.252,32750,46.269,-60.093303711403,23.069,-40.108,5745.191
2026-05-19 14:26:46.365,33000,46.269,-60.093303711403,23.069,-40.108,5745.191
2026-05-19 14:26:46.366,33250,46.781,-57.532088690624,25.113,-39.469,5682.385
2026-05-19 14:26:46.366,33500,46.781,-57.532088690624,25.113,-39.469,5682.385
2026-05-19 14:26:46.476,33750,46.781,-57.532088690624,25.113,-39.469,5682.385
2026-05-19 14:26:46.477,34000,47.212,-54.878883692718,27.161,-38.617,5630.485
2026-05-19 14:26:46.587,34250,49.415,-55.344857481475,28.099,-40.649,5379.444
2026-05-19 14:26:46.588,34500,49.415,-55.344857481475,28.099,-40.649,5379.444
2026-05-19 14:26:46.702,34750,49.789,-52.609535703947,30.234,-39.559,5339.018
2026-05-19 14:26:46.703,35000,49.789,-52.609535703947,30.234,-39.559,5339.018
2026-05-19 14:26:46.703,35250,49.789,-52.609535703947,30.234,-39.559,5339.018
2026-05-19 14:26:46.816,35500,50.043,-49.967871920273,32.189,-38.317,5311.955
2026-05-19 14:26:46.817,35750,52.432,-50.205683636686,33.558,-40.286,5069.911
2026-05-19 14:26:46.932,36000,52.432,-50.205683636686,33.558,-40.286,5069.911
2026-05-19 14:26:46.933,36250,52.606,-47.325051858019,35.658,-38.677,5053.16
2026-05-19 14:26:46.933,36500,52.606,-47.325051858019,35.658,-38.677,5053.16
2026-05-19 14:26:47.044,36750,52.609,-44.623366958774,37.417,-36.927,5052.854
2026-05-19 14:26:47.044,37000,52.611,-42.822243692612,38.589,-35.761,5052.649
2026-05-19 14:26:47.158,37250,55.359,-42.708436156368,40.679,-37.548,4801.84
2026-05-19 14:26:47.159,37500,55.359,-42.708436156368,40.679,-37.548,4801.84
2026-05-19 14:26:47.159,37750,55.197,-40.207906296501,42.143,-35.626,4815.989
2026-05-19 14:26:47.268,38000,55.156,-39.582773831534,42.509,-35.145,4819.526
2026-05-19 14:26:47.269,38250,55.156,-39.582773831534,42.509,-35.145,4819.526
2026-05-19 14:26:47.381,38500,55.156,-39.582773831534,42.509,-35.145,4819.526
2026-05-19 14:26:47.382,38750,57.896,-36.003370127391,46.837,-34.033,4591.487
2026-05-19 14:26:47.382,39000,57.896,-36.003370127391,46.837,-34.033,4591.487
2026-05-19 14:26:47.492,39250,57.896,-36.003370127391,46.837,-34.033,4591.487
2026-05-19 14:26:47.492,39500,57.896,-36.003370127391,46.837,-34.033,4591.487
2026-05-19 14:26:47.604,39750,57.323,-32.938897081218,48.108,-31.169,4637.368
2026-05-19 14:26:47.605,40000,60.684,-32.22008329163,51.339,-32.355,4380.519
2026-05-19 14:26:47.606,40250,60.684,-32.22008329163,51.339,-32.355,4380.519
2026-05-19 14:26:47.716,40500,60.684,-32.22008329163,51.339,-32.355,4380.519
2026-05-19 14:26:47.717,40750,60.684,-32.22008329163,51.339,-32.355,4380.519
2026-05-19 14:26:47.717,41000,59.744,-28.764519277142,52.372,-28.749,4449.44
2026-05-19 14:26:47.831,41250,62.363,-28.031672806158,55.047,-29.308,4262.566
2026-05-19 14:26:47.832,41500,62.363,-28.031672806158,55.047,-29.308,4262.566
2026-05-19 14:26:47.944,41750,61.196,-24.812922581771,55.547,-25.681,4343.838
2026-05-19 14:26:47.945,42000,61.196,-24.812922581771,55.547,-25.681,4343.838
2026-05-19 14:26:47.945,42250,61.919,-24.563205345789,56.318,-25.727,4295.415
2026-05-19 14:26:48.059,42500,64.809,-23.564336401861,59.404,-25.909,4101.722
2026-05-19 14:26:48.060,42750,64.809,-23.564336401861,59.404,-25.909,4101.722
2026-05-19 14:26:48.060,43000,64.809,-23.564336401861,59.404,-25.909,4101.722
2026-05-19 14:26:48.174,43250,63.318,-20.425026869974,59.337,-22.097,4198.29
2026-05-19 14:26:48.175,43500,63.318,-20.425026869974,59.337,-22.097,4198.29
2026-05-19 14:26:48.176,43750,67.117,-18.842533874968,63.521,-21.677,3960.624
2026-05-19 14:26:48.285,44000,67.117,-18.842533874968,63.521,-21.677,3960.624
2026-05-19 14:26:48.286,44250,67.117,-18.842533874968,63.521,-21.677,3960.624
2026-05-19 14:26:48.286,44500,67.117,-18.842533874968,63.521,-21.677,3960.624
2026-05-19 14:26:48.399,44750,67.358,-14.461787856327,65.223,-16.792,3949.381
2026-05-19 14:26:48.399,45000,68.843,-13.718148915148,66.879,-16.326,3861.35
2026-05-19 14:26:48.400,45250,68.843,-13.718148915148,66.879,-16.326,3861.35
2026-05-19 14:26:48.514,45500,68.843,-13.718148915148,66.879,-16.326,3861.35
2026-05-19 14:26:48.514,45750,68.843,-13.718148915148,66.879,-16.326,3861.35
2026-05-19 14:26:48.515,46000,72.713,-11.740262154111,71.192,-14.795,3655.855
2026-05-19 14:26:48.625,46250,69.53,-8.091137873153,68.838,-9.786,3823.201
2026-05-19 14:26:48.626,46500,69.53,-8.091137873153,68.838,-9.786,3823.201
2026-05-19 14:26:48.626,46750,69.53,-8.091137873153,68.838,-9.786,3823.201
2026-05-19 14:26:48.740,47000,69.53,-8.091137873153,68.838,-9.786,3823.201
2026-05-19 14:26:48.740,47250,73.319,-5.708369354093,72.955,-7.293,3625.638
2026-05-19 14:26:48.741,47500,73.319,-5.708369354093,72.955,-7.293,3625.638
2026-05-19 14:26:48.847,47750,73.319,-5.708369354093,72.955,-7.293,3625.638
2026-05-19 14:26:48.847,48000,73.319,-5.708369354093,72.955,-7.293,3625.638
2026-05-19 14:26:48.848,48250,73.319,-5.708369354093,72.955,-7.293,3625.638
2026-05-19 14:26:48.957,48500,73.454,0.0,73.454,0.0,3618.973
2026-05-19 14:26:48.958,48750,73.454,0.0,73.454,0.0,3618.973
2026-05-19 14:26:49.071,49000,73.454,0.0,73.454,0.0,3618.973
2026-05-19 14:26:49.072,49250,73.454,0.0,73.454,0.0,3618.973
2026-05-19 14:26:49.072,49500,77.319,3.100736592919,77.206,4.182,3438.037
2026-05-19 14:26:49.073,49750,77.319,3.100736592919,77.206,4.182,3438.037
2026-05-19 14:26:49.183,50000,77.319,3.100736592919,77.206,4.182,3438.037
2026-05-19 14:26:49.184,50250,77.319,3.100736592919,77.206,4.182,3438.037
2026-05-19 14:26:49.185,50500,77.319,3.100736592919,77.206,4.182,3438.037
2026-05-19 14:26:49.295,50750,77.319,3.100736592919,77.206,4.182,3438.037
2026-05-19 14:26:49.295,51000,77.08,9.452665724564,76.033,12.659,3448.719
2026-05-19 14:26:49.296,51250,77.08,9.452665724564,76.033,12.659,3448.719
2026-05-19 14:26:49.406,51500,77.08,9.452665724564,76.033,12.659,3448.719
2026-05-19 14:26:49.407,51750,77.08,9.452665724564,76.033,12.659,3448.719
2026-05-19 14:26:49.407,52000,77.08,9.452665724564,76.033,12.659,3448.719
2026-05-19 14:26:49.407,52250,80.435,13.108553979911,78.339,18.242,3304.868
2026-05-19 14:26:49.518,52500,80.435,13.108553979911,78.339,18.242,3304.868
2026-05-19 14:26:49.518,52750,80.435,13.108553979911,78.339,18.242,3304.868
2026-05-19 14:26:49.519,53000,80.435,13.108553979911,78.339,18.242,3304.868
2026-05-19 14:26:49.630,53250,80.435,13.108553979911,78.339,18.242,3304.868
2026-05-19 14:26:49.631,53500,80.435,13.108553979911,78.339,18.242,3304.868
2026-05-19 14:26:49.631,53750,82.31,15.376410216911,79.309,21.862,3230.724
2026-05-19 14:26:49.631,54000,83.559,16.888314374912,79.956,24.275,3181.295
2026-05-19 14:26:49.741,54250,83.559,16.888314374912,79.956,24.275,3181.295
2026-05-19 14:26:49.743,54500,83.559,16.888314374912,79.956,24.275,3181.295
2026-05-19 14:26:49.743,54750,83.559,16.888314374912,79.956,24.275,3181.295
2026-05-19 14:26:49.848,55000,83.559,16.888314374912,79.956,24.275,3181.295
2026-05-19 14:26:49.849,55250,83.559,16.888314374912,79.956,24.275,3181.295
2026-05-19 14:26:49.849,55500,84.778,18.569220707859,80.295,27.031,3136.534
2026-05-19 14:26:49.960,55750,86.606,21.090580207281,80.804,31.164,3069.393
2026-05-19 14:26:49.960,56000,86.606,21.090580207281,80.804,31.164,3069.393
2026-05-19 14:26:49.961,56250,86.606,21.090580207281,80.804,31.164,3069.393
2026-05-19 14:26:49.961,56500,86.606,21.090580207281,80.804,31.164,3069.393
2026-05-19 14:26:50.072,56750,86.606,21.090580207281,80.804,31.164,3069.393
2026-05-19 14:26:50.073,57000,86.606,21.090580207281,80.804,31.164,3069.393
2026-05-19 14:26:50.074,57250,86.606,21.090580207281,80.804,31.164,3069.393
2026-05-19 14:26:50.184,57500,86.606,21.090580207281,80.804,31.164,3069.393
2026-05-19 14:26:50.185,57750,86.606,21.090580207281,80.804,31.164,3069.393
2026-05-19 14:26:50.185,58000,85.239,23.679838929196,77.986,34.192,3122.942
2026-05-19 14:26:50.287,58250,82.892,27.412560063454,73.585,38.163,3206.9
2026-05-19 14:26:50.288,58500,82.892,27.412560063454,73.585,38.163,3206.9
2026-05-19 14:26:50.288,58750,82.892,27.412560063454,73.585,38.163,3206.9
2026-05-19 14:26:50.397,59000,84.653,31.782464842233,71.96,44.586,3140.187
2026-05-19 14:26:50.398,59250,84.301,30.908483886477,72.285,43.302,3153.529
2026-05-19 14:26:50.398,59500,82.892,27.412560063454,73.585,38.163,3206.9
2026-05-19 14:26:50.398,59750,89.546,25.948597524747,80.519,39.182,2968.602
2026-05-19 14:26:50.507,60000,89.546,25.948597524747,80.519,39.182,2968.602
2026-05-19 14:26:50.508,60250,89.546,25.948597524747,80.519,39.182,2968.602
2026-05-19 14:26:50.508,60500,89.546,25.948597524747,80.519,39.182,2968.602
2026-05-19 14:26:50.509,60750,89.546,25.948597524747,80.519,39.182,2968.602
2026-05-19 14:26:50.618,61000,89.546,25.948597524747,80.519,39.182,2968.602
2026-05-19 14:26:50.618,61250,89.546,25.948597524747,80.519,39.182,2968.602
2026-05-19 14:26:50.619,61500,89.546,25.948597524747,80.519,39.182,2968.602
2026-05-19 14:26:50.619,61750,89.546,25.948597524747,80.519,39.182,2968.602
2026-05-19 14:26:50.730,62000,89.546,25.948597524747,80.519,39.182,2968.602
2026-05-19 14:26:50.730,62250,89.546,25.948597524747,80.519,39.182,2968.602
2026-05-19 14:26:50.731,62500,89.546,25.948597524747,80.519,39.182,2968.602
2026-05-19 14:26:50.731,62750,89.546,25.948597524747,80.519,39.182,2968.602
2026-05-19 14:26:50.848,63000,89.546,25.948597524747,80.519,39.182,2968.602
2026-05-19 14:26:50.849,63250,97.148,24.260150138543,88.568,39.916,2736.319
2026-05-19 14:26:50.849,63500,97.148,24.260150138543,88.568,39.916,2736.319
2026-05-19 14:26:50.849,63750,97.148,24.260150138543,88.568,39.916,2736.319
2026-05-19 14:26:50.960,64000,97.148,24.260150138543,88.568,39.916,2736.319
2026-05-19 14:26:50.960,64250,97.148,24.260150138543,88.568,39.916,2736.319
2026-05-19 14:26:50.961,64500,97.148,24.260150138543,88.568,39.916,2736.319
2026-05-19 14:26:50.961,64750,97.148,24.260150138543,88.568,39.916,2736.319
2026-05-19 14:26:51.073,65000,97.148,24.260150138543,88.568,39.916,2736.319
2026-05-19 14:26:51.073,65250,97.148,24.260150138543,88.568,39.916,2736.319
2026-05-19 14:26:51.074,65500,97.148,24.260150138543,88.568,39.916,2736.319
2026-05-19 14:26:51.074,65750,96.403,23.222988890629,88.514,38.039,2758.125
2026-05-19 14:26:51.184,66000,97.148,24.260150138543,88.568,39.916,2736.319
2026-05-19 14:26:51.185,66250,97.148,24.260150138543,88.568,39.916,2736.319
2026-05-19 14:26:51.186,66500,97.148,24.260150138543,88.568,39.916,2736.319
2026-05-19 14:26:51.186,66750,97.148,24.260150138543,88.568,39.916,2736.319
2026-05-19 14:26:51.296,67000,97.148,24.260150138543,88.568,39.916,2736.319
2026-05-19 14:26:51.296,67250,103.789,21.433192835171,96.52,37.88,2564.796
2026-05-19 14:26:51.297,67500,106.668,22.118391175092,98.818,40.163,2492.103
2026-05-19 14:26:51.297,67750,106.668,22.118391175092,98.818,40.163,2492.103
2026-05-19 14:26:51.407,68000,106.668,22.118391175092,98.818,40.163,2492.103
2026-05-19 14:26:51.408,68250,106.668,22.118391175092,98.818,40.163,2492.103
2026-05-19 14:26:51.409,68500,106.668,22.118391175092,98.818,40.163,2492.103
2026-05-19 14:26:51.409,68750,101.797,16.550640512033,97.579,28.998,2611.351
2026-05-19 14:26:51.520,69000,101.797,16.550640512033,97.579,28.998,2611.351
2026-05-19 14:26:51.520,69250,102.771,17.664190644645,97.827,31.231,2587.501
2026-05-19 14:26:51.521,69500,101.797,16.550640512033,97.579,28.998,2611.351
2026-05-19 14:26:51.521,69750,101.797,16.550640512033,97.579,28.998,2611.351
2026-05-19 14:26:51.631,70000,101.797,16.550640512033,97.579,28.998,2611.351
2026-05-19 14:26:51.631,70250,102.771,17.664190644645,97.827,31.231,2587.501
2026-05-19 14:26:51.632,70500,101.797,16.550640512033,97.579,28.998,2611.351
2026-05-19 14:26:51.632,70750,101.797,16.550640512033,97.579,28.998,2611.351
2026-05-19 14:26:51.742,71000,101.797,16.550640512033,97.579,28.998,2611.351
2026-05-19 14:26:51.742,71250,101.797,16.550640512033,97.579,28.998,2611.351
2026-05-19 14:26:51.743,71500,101.797,16.550640512033,97.579,28.998,2611.351
2026-05-19 14:26:51.743,71750,110.487,13.856138765427,107.268,26.353,2409.924
2026-05-19 14:26:51.847,72000,112.659,13.182513328775,109.69,25.692,2359.568
2026-05-19 14:26:51.847,72250,115.344,15.591869574579,110.905,31.123,2306.492
2026-05-19 14:26:51.847,72500,119.372,19.205903943283,112.728,39.269,2226.878
2026-05-19 14:26:51.957,72750,119.372,19.205903943283,112.728,39.269,2226.878
2026-05-19 14:26:51.958,73000,119.372,19.205903943283,112.728,39.269,2226.878
2026-05-19 14:26:51.958,73250,119.372,19.205903943283,112.728,39.269,2226.878
2026-05-19 14:26:51.959,73500,119.372,19.205903943283,112.728,39.269,2226.878
2026-05-19 14:26:52.070,73750,119.372,19.205903943283,112.728,39.269,2226.878
2026-05-19 14:26:52.070,74000,119.372,19.205903943283,112.728,39.269,2226.878
2026-05-19 14:26:52.071,74250,119.372,19.205903943283,112.728,39.269,2226.878
2026-05-19 14:26:52.071,74500,119.372,19.205903943283,112.728,39.269,2226.878
2026-05-19 14:26:52.182,74750,119.372,19.205903943283,112.728,39.269,2226.878
2026-05-19 14:26:52.183,75000,119.372,19.205903943283,112.728,39.269,2226.878
2026-05-19 14:26:52.183,75250,119.372,19.205903943283,112.728,39.269,2226.878
2026-05-19 14:26:52.184,75500,119.372,19.205903943283,112.728,39.269,2226.878
2026-05-19 14:26:52.184,75750,119.372,19.205903943283,112.728,39.269,2226.878
2026-05-19 14:26:52.296,76000,119.372,19.205903943283,112.728,39.269,2226.878
2026-05-19 14:26:52.296,76250,119.372,19.205903943283,112.728,39.269,2226.878
2026-05-19 14:26:52.297,76500,119.372,19.205903943283,112.728,39.269,2226.878
2026-05-19 14:26:52.297,76750,119.372,19.205903943283,112.728,39.269,2226.878
2026-05-19 14:26:52.298,77000,119.372,19.205903943283,112.728,39.269,2226.878
2026-05-19 14:26:52.407,77250,119.372,19.205903943283,112.728,39.269,2226.878
2026-05-19 14:26:52.407,77500,119.372,19.205903943283,112.728,39.269,2226.878
2026-05-19 14:26:52.408,77750,133.122,15.970477956601,127.984,36.627,1996.867
2026-05-19 14:26:52.408,78000,133.122,15.970477956601,127.984,36.627,1996.867
2026-05-19 14:26:52.409,78250,133.122,15.970477956601,127.984,36.627,1996.867
2026-05-19 14:26:52.520,78500,133.122,15.970477956601,127.984,36.627,1996.867
2026-05-19 14:26:52.520,78750,133.122,15.970477956601,127.984,36.627,1996.867
2026-05-19 14:26:52.521,79000,133.122,15.970477956601,127.984,36.627,1996.867
2026-05-19 14:26:52.521,79250,133.122,15.970477956601,127.984,36.627,1996.867
2026-05-19 14:26:52.631,79500,133.122,15.970477956601,127.984,36.627,1996.867
2026-05-19 14:26:52.631,79750,133.122,15.970477956601,127.984,36.627,1996.867
2026-05-19 14:26:52.632,80000,133.122,15.970477956601,127.984,36.627,1996.867
2026-05-19 14:26:52.632,80250,133.122,15.970477956601,127.984,36.627,1996.867
2026-05-19 14:26:52.633,80500,133.122,15.970477956601,127.984,36.627,1996.867
2026-05-19 14:26:52.741,80750,133.122,15.970477956601,127.984,36.627,1996.867
2026-05-19 14:26:52.741,81000,133.122,15.970477956601,127.984,36.627,1996.867
2026-05-19 14:26:52.742,81250,133.122,15.970477956601,127.984,36.627,1996.867
2026-05-19 14:26:52.742,81500,133.122,15.970477956601,127.984,36.627,1996.867
2026-05-19 14:26:52.743,81750,133.122,15.970477956601,127.984,36.627,1996.867
2026-05-19 14:26:52.847,82000,140.808,22.646277660017,129.952,54.217,1887.867
2026-05-19 14:26:52.847,82250,140.808,22.646277660017,129.952,54.217,1887.867
2026-05-19 14:26:52.848,82500,140.808,22.646277660017,129.952,54.217,1887.867
2026-05-19 14:26:52.848,82750,140.808,22.646277660017,129.952,54.217,1887.867
2026-05-19 14:26:52.849,83000,140.808,22.646277660017,129.952,54.217,1887.867
2026-05-19 14:26:52.957,83250,152.285,20.702250271402,142.49,53.571,1752.397
2026-05-19 14:26:52.957,83500,159.936,19.406232012326,150.849,53.141,1662.085
2026-05-19 14:26:52.958,83750,159.936,19.406232012326,150.849,53.141,1662.085
2026-05-19 14:26:52.959,84000,159.936,19.406232012326,150.849,53.141,1662.085
2026-05-19 14:26:52.959,84250,159.936,19.406232012326,150.849,53.141,1662.085
2026-05-19 14:26:53.068,84500,159.936,19.406232012326,150.849,53.141,1662.085
2026-05-19 14:26:53.069,84750,159.936,19.406232012326,150.849,53.141,1662.085
2026-05-19 14:26:53.069,85000,159.936,19.406232012326,150.849,53.141,1662.085
2026-05-19 14:26:53.070,85250,159.936,19.406232012326,150.849,53.141,1662.085
2026-05-19 14:26:53.180,85500,159.936,19.406232012326,150.849,53.141,1662.085
2026-05-19 14:26:53.181,85750,159.936,19.406232012326,150.849,53.141,1662.085
2026-05-19 14:26:53.182,86000,159.936,19.406232012326,150.849,53.141,1662.085
2026-05-19 14:26:53.183,86250,159.936,19.406232012326,150.849,53.141,1662.085
2026-05-19 14:26:53.183,86500,159.936,19.406232012326,150.849,53.141,1662.085
2026-05-19 14:26:53.292,86750,159.936,19.406232012326,150.849,53.141,1662.085
2026-05-19 14:26:53.293,87000,159.936,19.406232012326,150.849,53.141,1662.085
2026-05-19 14:26:53.293,87250,159.936,19.406232012326,150.849,53.141,1662.085
2026-05-19 14:26:53.294,87500,159.936,19.406232012326,150.849,53.141,1662.085
2026-05-19 14:26:53.294,87750,159.936,19.406232012326,150.849,53.141,1662.085
2026-05-19 14:26:53.404,88000,159.936,19.406232012326,150.849,53.141,1662.085
2026-05-19 14:26:53.404,88250,159.936,19.406232012326,150.849,53.141,1662.085
2026-05-19 14:26:53.405,88500,159.936,19.406232012326,150.849,53.141,1662.085
2026-05-19 14:26:53.405,88750,159.936,19.406232012326,150.849,53.141,1662.085
2026-05-19 14:26:53.406,89000,159.936,19.406232012326,150.849,53.141,1662.085
2026-05-19 14:26:53.514,89250,180.046,15.887429712213,173.178,48.968,1481.485
2026-05-19 14:26:53.515,89500,185.073,15.007729137185,178.76,47.925,1436.336
2026-05-19 14:26:53.515,89750,185.073,15.007729137185,178.76,47.925,1436.336
2026-05-19 14:26:53.516,90000,185.073,15.007729137185,178.76,47.925,1436.336
2026-05-19 14:26:53.516,90250,185.073,15.007729137185,178.76,47.925,1436.336
2026-05-19 14:26:53.625,90500,200.685,24.909722704875,182.016,84.526,1324.598
2026-05-19 14:26:53.625,90750,200.685,24.909722704875,182.016,84.526,1324.598
2026-05-19 14:26:53.626,91000,200.685,24.909722704875,182.016,84.526,1324.598
2026-05-19 14:26:53.626,91250,200.685,24.909722704875,182.016,84.526,1324.598
2026-05-19 14:26:53.627,91500,200.685,24.909722704875,182.016,84.526,1324.598
2026-05-19 14:26:53.735,91750,200.685,24.909722704875,182.016,84.526,1324.598
2026-05-19 14:26:53.736,92000,200.685,24.909722704875,182.016,84.526,1324.598
2026-05-19 14:26:53.736,92250,200.685,24.909722704875,182.016,84.526,1324.598
2026-05-19 14:26:53.737,92500,200.685,24.909722704875,182.016,84.526,1324.598
2026-05-19 14:26:53.849,92750,200.685,24.909722704875,182.016,84.526,1324.598
2026-05-19 14:26:53.849,93000,200.685,24.909722704875,182.016,84.526,1324.598
2026-05-19 14:26:53.850,93250,200.685,24.909722704875,182.016,84.526,1324.598
2026-05-19 14:26:53.850,93500,200.685,24.909722704875,182.016,84.526,1324.598
2026-05-19 14:26:53.851,93750,200.685,24.909722704875,182.016,84.526,1324.598
2026-05-19 14:26:53.961,94000,200.685,24.909722704875,182.016,84.526,1324.598
2026-05-19 14:26:53.961,94250,200.685,24.909722704875,182.016,84.526,1324.598
2026-05-19 14:26:53.962,94500,200.685,24.909722704875,182.016,84.526,1324.598
2026-05-19 14:26:53.962,94750,200.685,24.909722704875,182.016,84.526,1324.598
2026-05-19 14:26:53.963,95000,365.001,2.788398603818,364.569,17.756,1324.598
2026-05-19 14:26:54.075,95250,219.738,22.884755278338,202.637,84.439,1222.962
2026-05-19 14:26:54.075,95500,248.319,19.847304138534,233.569,84.308,1070.507
2026-05-19 14:26:54.075,95750,248.319,19.847304138534,233.569,84.308,1070.507
2026-05-19 14:26:54.076,96000,451.637,-2.274019962523,451.281,-17.92,1070.507
2026-05-19 14:26:54.076,96250,451.637,-2.274019962523,451.281,-17.92,1070.507
2026-05-19 14:26:54.187,96500,451.637,-2.274019962523,451.281,-17.92,1070.507
2026-05-19 14:26:54.188,96750,248.319,19.847304138534,233.569,84.308,1070.507
2026-05-19 14:26:54.188,97000,248.319,19.847304138534,233.569,84.308,1070.507
2026-05-19 14:26:54.188,97250,979.0,0.0,979.0,0.0,1070.507
2026-05-19 14:26:54.189,97500,979.0,0.0,979.0,0.0,1070.507
2026-05-19 14:26:54.300,97750,979.0,0.0,979.0,0.0,1070.507
2026-05-19 14:26:54.300,98000,979.0,0.0,979.0,0.0,1070.507
2026-05-19 14:26:54.301,98250,979.0,0.0,979.0,0.0,1070.507
2026-05-19 14:26:54.301,98500,979.0,0.0,979.0,0.0,1070.507
2026-05-19 14:26:54.301,98750,979.0,0.0,979.0,0.0,1070.507
2026-05-19 14:26:54.410,99000,903.398,-13.945138107886,876.772,-217.712,1070.507
2026-05-19 14:26:54.411,99250,979.0,0.0,979.0,0.0,1070.507
2026-05-19 14:26:54.411,99500,979.0,0.0,979.0,0.0,1070.507
2026-05-19 14:26:54.412,99750,903.398,-13.945138107886,876.772,-217.712,1070.507
2026-05-19 14:26:54.412,100000,903.398,-13.945138107886,876.772,-217.712,1070.507
2026-05-19 14:26:55.070,10000,971.87,1.752739384192,971.415,29.726,9286.314
2026-05-19 14:26:55.181,10250,979.0,0.0,979.0,0.0,9286.314
2026-05-19 14:26:55.291,10500,979.0,0.0,979.0,0.0,9286.314
2026-05-19 14:26:55.401,10750,974.699,0.936593187687,974.483,15.884,9327.412
2026-05-19 14:26:55.622,11000,952.958,-0.445795900565,952.929,-7.415,9354.811
2026-05-19 14:26:55.733,11250,968.583,-0.178318360226,968.572,-2.966,9205.503
2026-05-19 14:26:55.842,11500,977.454,0.295981633532,977.389,5.017,9120.46
2026-05-19 14:26:55.949,11750,979.0,0.0,979.0,0.0,9178.44
2026-05-19 14:26:56.166,12000,979.0,0.0,979.0,0.0,9178.44
2026-05-19 14:26:56.276,12250,953.95,-0.483762215423,953.916,-8.054,9178.44
2026-05-19 14:26:56.383,12500,959.308,-0.414201052739,959.277,-6.899,9211.704
2026-05-19 14:26:56.485,12750,964.231,-0.310650789554,964.208,-5.174,9165.148
2026-05-19 14:26:56.596,13000,979.0,0.0,979.0,0.0,9025.481
2026-05-19 14:26:56.708,13250,980.848,-0.287603676373,980.786,-4.96,9093.622
2026-05-19 14:26:56.813,13500,979.0,0.0,979.0,0.0,9110.657
2026-05-19 14:26:56.928,13750,953.511,-0.596406353861,953.459,-9.925,9110.657
2026-05-19 14:26:57.040,14000,968.311,1.511920412512,967.973,25.549,8971.41
2026-05-19 14:26:57.150,14250,979.0,0.0,979.0,0.0,8971.41
2026-05-19 14:26:57.263,14500,979.0,0.0,979.0,0.0,8971.41
2026-05-19 14:26:57.375,14750,954.373,0.820689029647,954.221,13.621,9057.352
2026-05-19 14:26:57.488,15000,955.084,1.209071407503,954.867,20.17,9050.76
2026-05-19 14:26:57.600,15250,979.0,0.0,979.0,0.0,8938.448
2026-05-19 14:26:57.712,15500,979.0,0.0,979.0,0.0,8938.448
2026-05-19 14:26:57.816,15750,942.234,0.777334940449,942.147,12.783,9052.108
2026-05-19 14:26:57.816,16000,979.0,0.0,979.0,0.0,8828.731
2026-05-19 14:26:57.928,16250,954.79,-0.759016820001,954.706,-12.648,8828.731
2026-05-19 14:26:58.041,16500,972.96,0.666603470774,972.851,11.272,8883.766
2026-05-19 14:26:58.149,16750,955.291,-0.778640438833,955.203,-12.982,8920.457
2026-05-19 14:26:58.262,17000,979.0,0.0,979.0,0.0,8704.426
2026-05-19 14:26:58.373,17250,953.338,-0.872532988888,953.228,-14.517,8704.426
2026-05-19 14:26:58.373,17500,939.092,0.613423882303,939.038,10.054,8836.474
2026-05-19 14:26:58.483,17750,979.0,0.0,979.0,0.0,8611.81
2026-05-19 14:26:58.594,18000,979.0,0.0,979.0,0.0,8611.81
2026-05-19 14:26:58.705,18250,972.34,0.594377029622,972.21,9.982,8444.046
2026-05-19 14:26:58.814,18500,962.349,1.485942574055,962.026,24.955,8531.103
2026-05-19 14:26:58.815,18750,979.0,0.0,979.0,0.0,8531.103
2026-05-19 14:26:58.926,19000,959.456,-0.802710773845,959.339,-13.373,8488.527
2026-05-19 14:26:59.037,19250,979.0,0.0,979.0,0.0,8318.223
2026-05-19 14:26:59.149,19500,951.567,0.968576722558,951.388,16.193,8339.717
2026-05-19 14:26:59.150,19750,946.807,0.750843295882,946.684,12.515,8381.639
2026-05-19 14:26:59.261,20000,979.0,0.0,979.0,0.0,8255.872
2026-05-19 14:26:59.366,20250,979.0,0.0,979.0,0.0,8255.872
2026-05-19 14:26:59.367,20500,979.0,0.0,979.0,0.0,8055.627
2026-05-19 14:26:59.479,20750,960.578,1.321511433571,960.323,22.154,8210.115
2026-05-19 14:26:59.592,21000,948.144,0.726415003532,948.032,12.102,8143.637
2026-05-19 14:26:59.593,21250,979.0,0.0,979.0,0.0,8043.919
2026-05-19 14:26:59.709,21500,979.0,0.0,979.0,0.0,8043.919
2026-05-19 14:26:59.814,21750,979.0,0.0,979.0,0.0,7856.622
2026-05-19 14:26:59.814,22000,974.758,0.268968183771,974.705,4.496,7891.417
2026-05-19 14:26:59.929,22250,957.791,1.344840918854,957.527,22.479,8030.595
2026-05-19 14:27:00.040,22500,979.0,0.0,979.0,0.0,7842.522
2026-05-19 14:27:00.040,22750,979.0,0.0,979.0,0.0,7842.522
2026-05-19 14:27:00.150,23000,979.0,0.0,979.0,0.0,7658.862
2026-05-19 14:27:00.260,23250,979.0,0.0,979.0,0.0,7658.862
2026-05-19 14:27:00.261,23500,958.534,-1.300566439113,958.287,-21.756,7658.862
2026-05-19 14:27:00.372,23750,979.0,0.0,979.0,0.0,7498.755
2026-05-19 14:27:00.372,24000,955.49,1.239554918038,955.266,20.67,7683.264
2026-05-19 14:27:00.487,24250,954.416,1.23033097061,954.196,20.493,7515.704
2026-05-19 14:27:00.599,24500,979.0,0.0,979.0,0.0,7515.704
2026-05-19 14:27:00.600,24750,1522.939,-16.713682183264,1458.601,-437.981,7515.704
2026-05-19 14:27:00.712,25000,1542.126,-16.392613173073,1479.439,-435.215,7360.845
2026-05-19 14:27:00.712,25250,1067.869,-5.826152878019,1062.353,-108.4,7360.845
2026-05-19 14:27:00.816,25500,979.0,0.0,979.0,0.0,7206.363
2026-05-19 14:27:00.816,25750,1418.075,-9.188497132725,1399.879,-226.442,7206.363
2026-05-19 14:27:00.928,26000,1533.085,-15.366280685948,1478.279,-406.25,7206.363
2026-05-19 14:27:01.040,26250,979.0,0.0,979.0,0.0,7078.333
2026-05-19 14:27:01.040,26500,37.555,-80.059659452227,6.483,-36.991,7078.333
2026-05-19 14:27:01.152,26750,38.319,-78.362496472059,7.73,-37.531,6937.194
2026-05-19 14:27:01.152,27000,38.319,-78.362496472059,7.73,-37.531,6937.194
2026-05-19 14:27:01.264,27250,38.469,-78.015028069749,7.991,-37.626,6910.653
2026-05-19 14:27:01.265,27500,39.066,-76.62515446051,9.037,-38.007,6804.488
2026-05-19 14:27:01.376,27750,39.066,-76.62515446051,9.037,-38.007,6804.488
2026-05-19 14:27:01.376,28000,39.852,-74.701199373016,10.515,-38.44,6670.342
2026-05-19 14:27:01.486,28250,39.852,-74.701199373016,10.515,-38.44,6670.342
2026-05-19 14:27:01.487,28500,40.127,-73.987623133856,11.073,-38.565,6625.038
2026-05-19 14:27:01.596,28750,40.54,-72.917258775115,11.909,-38.752,6557.083
2026-05-19 14:27:01.597,29000,40.54,-72.917258775115,11.909,-38.752,6557.083
2026-05-19 14:27:01.708,29250,41.278,-70.880669943164,13.52,-39.001,6439.888
2026-05-19 14:27:01.708,29500,41.278,-70.880669943164,13.52,-39.001,6439.888
2026-05-19 14:27:01.814,29750,41.854,-69.166714872074,14.888,-39.112,6351.588
2026-05-19 14:27:01.814,30000,41.998,-68.738226104302,15.23,-39.139,6329.513
2026-05-19 14:27:01.925,30250,41.998,-68.738226104302,15.23,-39.139,6329.513
2026-05-19 14:27:01.925,30500,42.66,-66.591391924142,16.948,-39.149,6231.235
2026-05-19 14:27:02.032,30750,42.66,-66.591391924142,16.948,-39.149,6231.235
2026-05-19 14:27:02.034,31000,42.66,-66.591391924142,16.948,-39.149,6231.235
2026-05-19 14:27:02.139,31250,43.346,-64.132202147052,18.911,-39.002,6132.743
2026-05-19 14:27:02.140,31500,43.346,-64.132202147052,18.911,-39.002,6132.743
2026-05-19 14:27:02.246,31750,43.901,-61.887761233116,20.686,-38.722,6055.123
2026-05-19 14:27:02.247,32000,44.613,-62.170359089271,20.822,-39.455,5960.761
2026-05-19 14:27:02.361,32250,45.681,-62.594255873503,21.026,-40.554,5819.217
2026-05-19 14:27:02.361,32500,46.269,-60.093303711403,23.069,-40.108,5745.191
2026-05-19 14:27:02.473,32750,46.269,-60.093303711403,23.069,-40.108,5745.191
2026-05-19 14:27:02.474,33000,46.269,-60.093303711403,23.069,-40.108,5745.191
2026-05-19 14:27:02.585,33250,46.781,-57.532088690624,25.113,-39.469,5682.385
2026-05-19 14:27:02.586,33500,46.781,-57.532088690624,25.113,-39.469,5682.385
2026-05-19 14:27:02.586,33750,46.781,-57.532088690624,25.113,-39.469,5682.385
2026-05-19 14:27:02.698,34000,47.212,-54.878883692718,27.161,-38.617,5630.485
2026-05-19 14:27:02.700,34250,49.415,-55.344857481475,28.099,-40.649,5379.444
2026-05-19 14:27:02.815,34500,49.415,-55.344857481475,28.099,-40.649,5379.444
2026-05-19 14:27:02.816,34750,49.789,-52.609535703947,30.234,-39.559,5339.018
2026-05-19 14:27:02.928,35000,49.789,-52.609535703947,30.234,-39.559,5339.018
2026-05-19 14:27:02.929,35250,49.789,-52.609535703947,30.234,-39.559,5339.018
2026-05-19 14:27:02.929,35500,50.043,-49.967871920273,32.189,-38.317,5311.955
2026-05-19 14:27:03.033,35750,52.432,-50.205683636686,33.558,-40.286,5069.911
2026-05-19 14:27:03.033,36000,52.432,-50.205683636686,33.558,-40.286,5069.911
2026-05-19 14:27:03.136,36250,52.606,-47.325051858019,35.658,-38.677,5053.16
2026-05-19 14:27:03.137,36500,52.606,-47.325051858019,35.658,-38.677,5053.16
2026-05-19 14:27:03.247,36750,52.61,-43.722805325693,38.003,-36.344,5052.751
2026-05-19 14:27:03.248,37000,52.611,-42.822243692612,38.589,-35.761,5052.649
2026-05-19 14:27:03.350,37250,55.359,-42.708436156368,40.679,-37.548,4801.84
2026-05-19 14:27:03.350,37500,55.359,-42.708436156368,40.679,-37.548,4801.84
2026-05-19 14:27:03.351,37750,55.156,-39.582773831534,42.509,-35.145,4819.526
2026-05-19 14:27:03.453,38000,55.156,-39.582773831534,42.509,-35.145,4819.526
2026-05-19 14:27:03.454,38250,55.156,-39.582773831534,42.509,-35.145,4819.526
2026-05-19 14:27:03.555,38500,55.156,-39.582773831534,42.509,-35.145,4819.526
2026-05-19 14:27:03.556,38750,57.896,-36.003370127391,46.837,-34.033,4591.487
2026-05-19 14:27:03.556,39000,57.896,-36.003370127391,46.837,-34.033,4591.487
2026-05-19 14:27:03.662,39250,57.896,-36.003370127391,46.837,-34.033,4591.487
2026-05-19 14:27:03.663,39500,57.896,-36.003370127391,46.837,-34.033,4591.487
2026-05-19 14:27:03.775,39750,57.323,-32.938897081218,48.108,-31.169,4637.368
2026-05-19 14:27:03.777,40000,60.684,-32.22008329163,51.339,-32.355,4380.519
2026-05-19 14:27:03.778,40250,60.684,-32.22008329163,51.339,-32.355,4380.519
2026-05-19 14:27:03.880,40500,60.684,-32.22008329163,51.339,-32.355,4380.519
2026-05-19 14:27:03.881,40750,60.684,-32.22008329163,51.339,-32.355,4380.519
2026-05-19 14:27:03.994,41000,59.744,-28.764519277142,52.372,-28.749,4449.44
2026-05-19 14:27:03.994,41250,62.363,-28.031672806158,55.047,-29.308,4262.566
2026-05-19 14:27:03.994,41500,62.363,-28.031672806158,55.047,-29.308,4262.566
2026-05-19 14:27:04.105,41750,61.196,-24.812922581771,55.547,-25.681,4343.838
2026-05-19 14:27:04.106,42000,61.196,-24.812922581771,55.547,-25.681,4343.838
2026-05-19 14:27:04.216,42250,62.641,-24.313488109807,57.09,-25.773,4246.992
2026-05-19 14:27:04.216,42500,64.809,-23.564336401861,59.404,-25.909,4101.722
2026-05-19 14:27:04.217,42750,64.809,-23.564336401861,59.404,-25.909,4101.722
2026-05-19 14:27:04.326,43000,64.809,-23.564336401861,59.404,-25.909,4101.722
2026-05-19 14:27:04.326,43250,63.318,-20.425026869974,59.337,-22.097,4198.29
2026-05-19 14:27:04.327,43500,63.318,-20.425026869974,59.337,-22.097,4198.29
2026-05-19 14:27:04.437,43750,67.117,-18.842533874968,63.521,-21.677,3960.624
2026-05-19 14:27:04.437,44000,67.117,-18.842533874968,63.521,-21.677,3960.624
2026-05-19 14:27:04.438,44250,67.117,-18.842533874968,63.521,-21.677,3960.624
2026-05-19 14:27:04.548,44500,67.117,-18.842533874968,63.521,-21.677,3960.624
2026-05-19 14:27:04.549,44750,68.101,-14.089968385738,66.051,-16.559,3905.366
2026-05-19 14:27:04.549,45000,68.843,-13.718148915148,66.879,-16.326,3861.35
2026-05-19 14:27:04.659,45250,68.843,-13.718148915148,66.879,-16.326,3861.35
2026-05-19 14:27:04.660,45500,68.843,-13.718148915148,66.879,-16.326,3861.35
2026-05-19 14:27:04.660,45750,68.843,-13.718148915148,66.879,-16.326,3861.35
2026-05-19 14:27:04.772,46000,72.713,-11.740262154111,71.192,-14.795,3655.855
2026-05-19 14:27:04.772,46250,69.53,-8.091137873153,68.838,-9.786,3823.201
2026-05-19 14:27:04.773,46500,69.53,-8.091137873153,68.838,-9.786,3823.201
2026-05-19 14:27:04.880,46750,69.53,-8.091137873153,68.838,-9.786,3823.201
2026-05-19 14:27:04.881,47000,69.53,-8.091137873153,68.838,-9.786,3823.201
2026-05-19 14:27:04.881,47250,73.319,-5.708369354093,72.955,-7.293,3625.638
2026-05-19 14:27:04.993,47500,73.319,-5.708369354093,72.955,-7.293,3625.638
2026-05-19 14:27:04.993,47750,73.319,-5.708369354093,72.955,-7.293,3625.638
2026-05-19 14:27:04.994,48000,73.319,-5.708369354093,72.955,-7.293,3625.638
2026-05-19 14:27:05.101,48250,73.319,-5.708369354093,72.955,-7.293,3625.638
2026-05-19 14:27:05.102,48500,73.454,0.0,73.454,0.0,3618.973
2026-05-19 14:27:05.205,48750,73.454,0.0,73.454,0.0,3618.973
2026-05-19 14:27:05.206,49000,73.454,0.0,73.454,0.0,3618.973
2026-05-19 14:27:05.206,49250,73.454,0.0,73.454,0.0,3618.973
2026-05-19 14:27:05.317,49500,77.319,3.100736592919,77.206,4.182,3438.037
2026-05-19 14:27:05.318,49750,77.319,3.100736592919,77.206,4.182,3438.037
2026-05-19 14:27:05.318,50000,77.319,3.100736592919,77.206,4.182,3438.037
2026-05-19 14:27:05.319,50250,77.319,3.100736592919,77.206,4.182,3438.037
2026-05-19 14:27:05.428,50500,77.319,3.100736592919,77.206,4.182,3438.037
2026-05-19 14:27:05.428,50750,77.319,3.100736592919,77.206,4.182,3438.037
2026-05-19 14:27:05.429,51000,77.08,9.452665724564,76.033,12.659,3448.719
2026-05-19 14:27:05.538,51250,77.08,9.452665724564,76.033,12.659,3448.719
2026-05-19 14:27:05.538,51500,77.08,9.452665724564,76.033,12.659,3448.719
2026-05-19 14:27:05.539,51750,77.08,9.452665724564,76.033,12.659,3448.719
2026-05-19 14:27:05.649,52000,77.08,9.452665724564,76.033,12.659,3448.719
2026-05-19 14:27:05.649,52250,80.435,13.108553979911,78.339,18.242,3304.868
2026-05-19 14:27:05.650,52500,80.435,13.108553979911,78.339,18.242,3304.868
2026-05-19 14:27:05.650,52750,80.435,13.108553979911,78.339,18.242,3304.868
2026-05-19 14:27:05.759,53000,80.435,13.108553979911,78.339,18.242,3304.868
2026-05-19 14:27:05.759,53250,80.435,13.108553979911,78.339,18.242,3304.868
2026-05-19 14:27:05.760,53500,80.435,13.108553979911,78.339,18.242,3304.868
2026-05-19 14:27:05.864,53750,82.31,15.376410216911,79.309,21.862,3230.724
2026-05-19 14:27:05.865,54000,83.559,16.888314374912,79.956,24.275,3181.295
2026-05-19 14:27:05.865,54250,83.559,16.888314374912,79.956,24.275,3181.295
2026-05-19 14:27:05.975,54500,83.559,16.888314374912,79.956,24.275,3181.295
2026-05-19 14:27:05.975,54750,83.559,16.888314374912,79.956,24.275,3181.295
2026-05-19 14:27:05.976,55000,83.559,16.888314374912,79.956,24.275,3181.295
2026-05-19 14:27:06.086,55250,83.559,16.888314374912,79.956,24.275,3181.295
2026-05-19 14:27:06.087,55500,85.387,19.409673874333,80.465,28.409,3114.154
2026-05-19 14:27:06.087,55750,86.606,21.090580207281,80.804,31.164,3069.393
2026-05-19 14:27:06.088,56000,86.606,21.090580207281,80.804,31.164,3069.393
2026-05-19 14:27:06.198,56250,86.606,21.090580207281,80.804,31.164,3069.393
2026-05-19 14:27:06.199,56500,86.606,21.090580207281,80.804,31.164,3069.393
2026-05-19 14:27:06.199,56750,86.606,21.090580207281,80.804,31.164,3069.393
2026-05-19 14:27:06.308,57000,86.606,21.090580207281,80.804,31.164,3069.393
2026-05-19 14:27:06.308,57250,86.606,21.090580207281,80.804,31.164,3069.393
2026-05-19 14:27:06.309,57500,86.606,21.090580207281,80.804,31.164,3069.393
2026-05-19 14:27:06.309,57750,86.606,21.090580207281,80.804,31.164,3069.393
2026-05-19 14:27:06.419,58000,84.496,24.944234900431,76.542,35.592,3150.443
2026-05-19 14:27:06.419,58250,82.892,27.412560063454,73.585,38.163,3206.9
2026-05-19 14:27:06.419,58500,82.892,27.412560063454,73.585,38.163,3206.9
2026-05-19 14:27:06.529,58750,82.892,27.412560063454,73.585,38.163,3206.9
2026-05-19 14:27:06.529,59000,84.653,31.782464842233,71.96,44.586,3140.187
2026-05-19 14:27:06.530,59250,84.653,31.782464842233,71.96,44.586,3140.187
2026-05-19 14:27:06.639,59500,82.892,27.412560063454,73.585,38.163,3206.9
2026-05-19 14:27:06.640,59750,89.546,25.948597524747,80.519,39.182,2968.602
2026-05-19 14:27:06.640,60000,89.546,25.948597524747,80.519,39.182,2968.602
2026-05-19 14:27:06.640,60250,89.546,25.948597524747,80.519,39.182,2968.602
2026-05-19 14:27:06.749,60500,89.546,25.948597524747,80.519,39.182,2968.602
2026-05-19 14:27:06.750,60750,89.546,25.948597524747,80.519,39.182,2968.602
2026-05-19 14:27:06.750,61000,89.546,25.948597524747,80.519,39.182,2968.602
2026-05-19 14:27:06.750,61250,89.546,25.948597524747,80.519,39.182,2968.602
2026-05-19 14:27:06.864,61500,89.546,25.948597524747,80.519,39.182,2968.602
2026-05-19 14:27:06.864,61750,89.546,25.948597524747,80.519,39.182,2968.602
2026-05-19 14:27:06.865,62000,89.546,25.948597524747,80.519,39.182,2968.602
2026-05-19 14:27:06.865,62250,89.546,25.948597524747,80.519,39.182,2968.602
2026-05-19 14:27:06.976,62500,89.546,25.948597524747,80.519,39.182,2968.602
2026-05-19 14:27:06.977,62750,89.546,25.948597524747,80.519,39.182,2968.602
2026-05-19 14:27:06.977,63000,89.546,25.948597524747,80.519,39.182,2968.602
2026-05-19 14:27:06.977,63250,97.148,24.260150138543,88.568,39.916,2736.319
2026-05-19 14:27:07.087,63500,97.148,24.260150138543,88.568,39.916,2736.319
2026-05-19 14:27:07.087,63750,97.148,24.260150138543,88.568,39.916,2736.319
2026-05-19 14:27:07.088,64000,97.148,24.260150138543,88.568,39.916,2736.319
2026-05-19 14:27:07.088,64250,97.148,24.260150138543,88.568,39.916,2736.319
2026-05-19 14:27:07.197,64500,97.148,24.260150138543,88.568,39.916,2736.319
2026-05-19 14:27:07.198,64750,97.148,24.260150138543,88.568,39.916,2736.319
2026-05-19 14:27:07.198,65000,97.148,24.260150138543,88.568,39.916,2736.319
2026-05-19 14:27:07.199,65250,97.148,24.260150138543,88.568,39.916,2736.319
2026-05-19 14:27:07.308,65500,97.148,24.260150138543,88.568,39.916,2736.319
2026-05-19 14:27:07.309,65750,96.403,23.222988890629,88.514,38.039,2758.125
2026-05-19 14:27:07.309,66000,97.148,24.260150138543,88.568,39.916,2736.319
2026-05-19 14:27:07.309,66250,97.148,24.260150138543,88.568,39.916,2736.319
2026-05-19 14:27:07.416,66500,97.148,24.260150138543,88.568,39.916,2736.319
2026-05-19 14:27:07.416,66750,97.148,24.260150138543,88.568,39.916,2736.319
2026-05-19 14:27:07.416,67000,97.148,24.260150138543,88.568,39.916,2736.319
2026-05-19 14:27:07.417,67250,104.764,22.546742967782,96.768,40.113,2540.946
2026-05-19 14:27:07.530,67500,106.668,22.118391175092,98.818,40.163,2492.103
2026-05-19 14:27:07.530,67750,106.668,22.118391175092,98.818,40.163,2492.103
2026-05-19 14:27:07.531,68000,106.668,22.118391175092,98.818,40.163,2492.103
2026-05-19 14:27:07.531,68250,106.668,22.118391175092,98.818,40.163,2492.103
2026-05-19 14:27:07.642,68500,106.668,22.118391175092,98.818,40.163,2492.103
2026-05-19 14:27:07.642,68750,101.797,16.550640512033,97.579,28.998,2611.351
2026-05-19 14:27:07.643,69000,101.797,16.550640512033,97.579,28.998,2611.351
2026-05-19 14:27:07.643,69250,101.797,16.550640512033,97.579,28.998,2611.351
2026-05-19 14:27:07.755,69500,101.797,16.550640512033,97.579,28.998,2611.351
2026-05-19 14:27:07.755,69750,101.797,16.550640512033,97.579,28.998,2611.351
2026-05-19 14:27:07.755,70000,101.797,16.550640512033,97.579,28.998,2611.351
2026-05-19 14:27:07.756,70250,101.797,16.550640512033,97.579,28.998,2611.351
2026-05-19 14:27:07.863,70500,101.797,16.550640512033,97.579,28.998,2611.351
2026-05-19 14:27:07.863,70750,101.797,16.550640512033,97.579,28.998,2611.351
2026-05-19 14:27:07.864,71000,101.797,16.550640512033,97.579,28.998,2611.351
2026-05-19 14:27:07.864,71250,101.797,16.550640512033,97.579,28.998,2611.351
2026-05-19 14:27:07.975,71500,101.797,16.550640512033,97.579,28.998,2611.351
2026-05-19 14:27:07.975,71750,110.487,13.856138765427,107.268,26.353,2409.924
2026-05-19 14:27:07.976,72000,112.659,13.182513328775,109.69,25.692,2359.568
2026-05-19 14:27:07.976,72250,116.687,16.79654769748,111.513,33.838,2279.954
2026-05-19 14:27:08.087,72500,119.372,19.205903943283,112.728,39.269,2226.878
2026-05-19 14:27:08.088,72750,119.372,19.205903943283,112.728,39.269,2226.878
2026-05-19 14:27:08.090,73000,119.372,19.205903943283,112.728,39.269,2226.878
2026-05-19 14:27:08.091,73250,119.372,19.205903943283,112.728,39.269,2226.878
2026-05-19 14:27:08.198,73500,119.372,19.205903943283,112.728,39.269,2226.878
2026-05-19 14:27:08.198,73750,119.372,19.205903943283,112.728,39.269,2226.878
2026-05-19 14:27:08.199,74000,119.372,19.205903943283,112.728,39.269,2226.878
2026-05-19 14:27:08.199,74250,119.372,19.205903943283,112.728,39.269,2226.878
2026-05-19 14:27:08.309,74500,119.372,19.205903943283,112.728,39.269,2226.878
2026-05-19 14:27:08.309,74750,119.372,19.205903943283,112.728,39.269,2226.878
2026-05-19 14:27:08.310,75000,119.372,19.205903943283,112.728,39.269,2226.878
2026-05-19 14:27:08.310,75250,119.372,19.205903943283,112.728,39.269,2226.878
2026-05-19 14:27:08.419,75500,119.372,19.205903943283,112.728,39.269,2226.878
2026-05-19 14:27:08.419,75750,119.372,19.205903943283,112.728,39.269,2226.878
2026-05-19 14:27:08.419,76000,119.372,19.205903943283,112.728,39.269,2226.878
2026-05-19 14:27:08.420,76250,119.372,19.205903943283,112.728,39.269,2226.878
2026-05-19 14:27:08.529,76500,119.372,19.205903943283,112.728,39.269,2226.878
2026-05-19 14:27:08.529,76750,119.372,19.205903943283,112.728,39.269,2226.878
2026-05-19 14:27:08.530,77000,119.372,19.205903943283,112.728,39.269,2226.878
2026-05-19 14:27:08.530,77250,119.372,19.205903943283,112.728,39.269,2226.878
2026-05-19 14:27:08.531,77500,119.372,19.205903943283,112.728,39.269,2226.878
2026-05-19 14:27:08.641,77750,133.122,15.970477956601,127.984,36.627,1996.867
2026-05-19 14:27:08.643,78000,133.122,15.970477956601,127.984,36.627,1996.867
2026-05-19 14:27:08.643,78250,133.122,15.970477956601,127.984,36.627,1996.867
2026-05-19 14:27:08.643,78500,133.122,15.970477956601,127.984,36.627,1996.867
2026-05-19 14:27:08.644,78750,133.122,15.970477956601,127.984,36.627,1996.867
2026-05-19 14:27:08.754,79000,133.122,15.970477956601,127.984,36.627,1996.867
2026-05-19 14:27:08.755,79250,133.122,15.970477956601,127.984,36.627,1996.867
2026-05-19 14:27:08.755,79500,133.122,15.970477956601,127.984,36.627,1996.867
2026-05-19 14:27:08.755,79750,133.122,15.970477956601,127.984,36.627,1996.867
2026-05-19 14:27:08.756,80000,133.122,15.970477956601,127.984,36.627,1996.867
2026-05-19 14:27:08.865,80250,133.122,15.970477956601,127.984,36.627,1996.867
2026-05-19 14:27:08.865,80500,133.122,15.970477956601,127.984,36.627,1996.867
2026-05-19 14:27:08.866,80750,133.122,15.970477956601,127.984,36.627,1996.867
2026-05-19 14:27:08.866,81000,133.122,15.970477956601,127.984,36.627,1996.867
2026-05-19 14:27:08.867,81250,133.122,15.970477956601,127.984,36.627,1996.867
2026-05-19 14:27:08.976,81500,133.122,15.970477956601,127.984,36.627,1996.867
2026-05-19 14:27:08.978,81750,133.122,15.970477956601,127.984,36.627,1996.867
2026-05-19 14:27:08.978,82000,140.808,22.646277660017,129.952,54.217,1887.867
2026-05-19 14:27:08.979,82250,140.808,22.646277660017,129.952,54.217,1887.867
2026-05-19 14:27:09.088,82500,140.808,22.646277660017,129.952,54.217,1887.867
2026-05-19 14:27:09.089,82750,140.808,22.646277660017,129.952,54.217,1887.867
2026-05-19 14:27:09.089,83000,140.808,22.646277660017,129.952,54.217,1887.867
2026-05-19 14:27:09.090,83250,152.285,20.702250271402,142.49,53.571,1752.397
2026-05-19 14:27:09.090,83500,159.936,19.406232012326,150.849,53.141,1662.085
2026-05-19 14:27:09.199,83750,159.936,19.406232012326,150.849,53.141,1662.085
2026-05-19 14:27:09.200,84000,159.936,19.406232012326,150.849,53.141,1662.085
2026-05-19 14:27:09.200,84250,159.936,19.406232012326,150.849,53.141,1662.085
2026-05-19 14:27:09.201,84500,159.936,19.406232012326,150.849,53.141,1662.085
2026-05-19 14:27:09.201,84750,159.936,19.406232012326,150.849,53.141,1662.085
2026-05-19 14:27:09.310,85000,159.936,19.406232012326,150.849,53.141,1662.085
2026-05-19 14:27:09.311,85250,159.936,19.406232012326,150.849,53.141,1662.085
2026-05-19 14:27:09.311,85500,159.936,19.406232012326,150.849,53.141,1662.085
2026-05-19 14:27:09.312,85750,159.936,19.406232012326,150.849,53.141,1662.085
2026-05-19 14:27:09.312,86000,159.936,19.406232012326,150.849,53.141,1662.085
2026-05-19 14:27:09.421,86250,159.936,19.406232012326,150.849,53.141,1662.085
2026-05-19 14:27:09.421,86500,159.936,19.406232012326,150.849,53.141,1662.085
2026-05-19 14:27:09.422,86750,159.936,19.406232012326,150.849,53.141,1662.085
2026-05-19 14:27:09.422,87000,159.936,19.406232012326,150.849,53.141,1662.085
2026-05-19 14:27:09.422,87250,159.936,19.406232012326,150.849,53.141,1662.085
2026-05-19 14:27:09.537,87500,159.936,19.406232012326,150.849,53.141,1662.085
2026-05-19 14:27:09.538,87750,159.936,19.406232012326,150.849,53.141,1662.085
2026-05-19 14:27:09.538,88000,159.936,19.406232012326,150.849,53.141,1662.085
2026-05-19 14:27:09.539,88250,159.936,19.406232012326,150.849,53.141,1662.085
2026-05-19 14:27:09.539,88500,159.936,19.406232012326,150.849,53.141,1662.085
2026-05-19 14:27:09.648,88750,159.936,19.406232012326,150.849,53.141,1662.085
2026-05-19 14:27:09.649,89000,159.936,19.406232012326,150.849,53.141,1662.085
2026-05-19 14:27:09.649,89250,180.046,15.887429712213,173.178,48.968,1481.485
2026-05-19 14:27:09.649,89500,185.073,15.007729137185,178.76,47.925,1436.336
2026-05-19 14:27:09.650,89750,185.073,15.007729137185,178.76,47.925,1436.336
2026-05-19 14:27:09.759,90000,185.073,15.007729137185,178.76,47.925,1436.336
2026-05-19 14:27:09.760,90250,185.073,15.007729137185,178.76,47.925,1436.336
2026-05-19 14:27:09.760,90500,200.685,24.909722704875,182.016,84.526,1324.598
2026-05-19 14:27:09.761,90750,200.685,24.909722704875,182.016,84.526,1324.598
2026-05-19 14:27:09.862,91000,200.685,24.909722704875,182.016,84.526,1324.598
2026-05-19 14:27:09.863,91250,200.685,24.909722704875,182.016,84.526,1324.598
2026-05-19 14:27:09.863,91500,200.685,24.909722704875,182.016,84.526,1324.598
2026-05-19 14:27:09.864,91750,200.685,24.909722704875,182.016,84.526,1324.598
2026-05-19 14:27:09.864,92000,200.685,24.909722704875,182.016,84.526,1324.598
2026-05-19 14:27:09.974,92250,200.685,24.909722704875,182.016,84.526,1324.598
2026-05-19 14:27:09.974,92500,200.685,24.909722704875,182.016,84.526,1324.598
2026-05-19 14:27:09.975,92750,200.685,24.909722704875,182.016,84.526,1324.598
2026-05-19 14:27:09.975,93000,200.685,24.909722704875,182.016,84.526,1324.598
2026-05-19 14:27:09.975,93250,200.685,24.909722704875,182.016,84.526,1324.598
2026-05-19 14:27:10.085,93500,200.685,24.909722704875,182.016,84.526,1324.598
2026-05-19 14:27:10.086,93750,200.685,24.909722704875,182.016,84.526,1324.598
2026-05-19 14:27:10.086,94000,200.685,24.909722704875,182.016,84.526,1324.598
2026-05-19 14:27:10.087,94250,200.685,24.909722704875,182.016,84.526,1324.598
2026-05-19 14:27:10.087,94500,200.685,24.909722704875,182.016,84.526,1324.598
2026-05-19 14:27:10.199,94750,200.685,24.909722704875,182.016,84.526,1324.598
2026-05-19 14:27:10.200,95000,365.001,2.788398603818,364.569,17.756,1324.598
2026-05-19 14:27:10.200,95250,210.212,23.897238991606,192.326,84.483,1273.78
2026-05-19 14:27:10.201,95500,248.319,19.847304138534,233.569,84.308,1070.507
2026-05-19 14:27:10.201,95750,248.319,19.847304138534,233.569,84.308,1070.507
2026-05-19 14:27:10.310,96000,451.637,-2.274019962523,451.281,-17.92,1070.507
2026-05-19 14:27:10.311,96250,451.637,-2.274019962523,451.281,-17.92,1070.507
2026-05-19 14:27:10.311,96500,451.637,-2.274019962523,451.281,-17.92,1070.507
2026-05-19 14:27:10.312,96750,248.319,19.847304138534,233.569,84.308,1070.507
2026-05-19 14:27:10.422,97000,248.319,19.847304138534,233.569,84.308,1070.507
2026-05-19 14:27:10.423,97250,979.0,0.0,979.0,0.0,1070.507
2026-05-19 14:27:10.424,97500,979.0,0.0,979.0,0.0,1070.507
2026-05-19 14:27:10.424,97750,979.0,0.0,979.0,0.0,1070.507
2026-05-19 14:27:10.424,98000,979.0,0.0,979.0,0.0,1070.507
2026-05-19 14:27:10.534,98250,979.0,0.0,979.0,0.0,1070.507
2026-05-19 14:27:10.534,98500,979.0,0.0,979.0,0.0,1070.507
2026-05-19 14:27:10.535,98750,979.0,0.0,979.0,0.0,1070.507
2026-05-19 14:27:10.535,99000,903.398,-13.945138107886,876.772,-217.712,1070.507
2026-05-19 14:27:10.536,99250,979.0,0.0,979.0,0.0,1070.507
2026-05-19 14:27:10.644,99500,979.0,0.0,979.0,0.0,1070.507
2026-05-19 14:27:10.645,99750,903.398,-13.945138107886,876.772,-217.712,1070.507
2026-05-19 14:27:10.645,100000,903.398,-13.945138107886,876.772,-217.712,1070.507
2026-05-19 14:27:11.185,10000,971.87,1.752739384192,971.415,29.726,9286.314
2026-05-19 14:27:11.293,10250,979.0,0.0,979.0,0.0,9286.314
2026-05-19 14:27:11.513,10500,979.0,0.0,979.0,0.0,9286.314
2026-05-19 14:27:11.620,10750,974.699,0.936593187687,974.483,15.884,9327.412
2026-05-19 14:27:11.730,11000,952.958,-0.445795900565,952.929,-7.415,9354.811
2026-05-19 14:27:11.943,11250,967.037,0.117663273306,966.961,2.051,9219.998
2026-05-19 14:27:12.053,11500,977.454,0.295981633532,977.389,5.017,9120.46
2026-05-19 14:27:12.163,11750,979.0,0.0,979.0,0.0,9178.44
2026-05-19 14:27:12.273,12000,979.0,0.0,979.0,0.0,9178.44
2026-05-19 14:27:12.382,12250,953.95,-0.483762215423,953.916,-8.054,9178.44
2026-05-19 14:27:12.494,12500,959.308,-0.414201052739,959.277,-6.899,9211.704
2026-05-19 14:27:12.700,12750,959.308,-0.414201052739,959.277,-6.899,9211.704
2026-05-19 14:27:12.812,13000,979.0,0.0,979.0,0.0,9025.481
2026-05-19 14:27:12.927,13250,980.848,-0.287603676373,980.786,-4.96,9093.622
2026-05-19 14:27:13.038,13500,979.0,0.0,979.0,0.0,9110.657
2026-05-19 14:27:13.149,13750,953.511,-0.596406353861,953.459,-9.925,9110.657
2026-05-19 14:27:13.259,14000,968.311,1.511920412512,967.973,25.549,8971.41
2026-05-19 14:27:13.366,14250,979.0,0.0,979.0,0.0,8971.41
2026-05-19 14:27:13.480,14500,979.0,0.0,979.0,0.0,8971.41
2026-05-19 14:27:13.582,14750,956.653,0.515873061641,956.534,8.54,9035.867
2026-05-19 14:27:13.685,15000,952.093,1.125504997653,951.909,18.701,9078.838
2026-05-19 14:27:13.798,15250,979.0,0.0,979.0,0.0,8938.448
2026-05-19 14:27:13.910,15500,979.0,0.0,979.0,0.0,8938.448
2026-05-19 14:27:13.911,15750,942.234,0.777334940449,942.147,12.783,9052.108
2026-05-19 14:27:14.022,16000,979.0,0.0,979.0,0.0,8828.731
2026-05-19 14:27:14.133,16250,954.79,-0.759016820001,954.706,-12.648,8828.731
2026-05-19 14:27:14.244,16500,972.96,0.666603470774,972.851,11.272,8883.766
2026-05-19 14:27:14.355,16750,955.291,-0.778640438833,955.203,-12.982,8920.457
2026-05-19 14:27:14.466,17000,979.0,0.0,979.0,0.0,8704.426
2026-05-19 14:27:14.466,17250,953.338,-0.872532988888,953.228,-14.517,8704.426
2026-05-19 14:27:14.577,17500,939.092,0.613423882303,939.038,10.054,8836.474
2026-05-19 14:27:14.687,17750,979.0,0.0,979.0,0.0,8611.81
2026-05-19 14:27:14.799,18000,979.0,0.0,979.0,0.0,8611.81
2026-05-19 14:27:14.911,18250,969.01,0.891565544433,968.816,14.973,8473.065
2026-05-19 14:27:14.911,18500,962.349,1.485942574055,962.026,24.955,8531.103
2026-05-19 14:27:15.024,18750,979.0,0.0,979.0,0.0,8531.103
2026-05-19 14:27:15.136,19000,959.456,-0.802710773845,959.339,-13.373,8488.527
2026-05-19 14:27:15.249,19250,979.0,0.0,979.0,0.0,8318.223
2026-05-19 14:27:15.250,19500,946.807,0.750843295882,946.684,12.515,8381.639
2026-05-19 14:27:15.360,19750,951.567,0.968576722558,951.388,16.193,8339.717
2026-05-19 14:27:15.470,20000,979.0,0.0,979.0,0.0,8255.872
2026-05-19 14:27:15.471,20250,979.0,0.0,979.0,0.0,8255.872
2026-05-19 14:27:15.581,20500,979.0,0.0,979.0,0.0,8055.627
2026-05-19 14:27:15.692,20750,960.578,1.321511433571,960.323,22.154,8210.115
2026-05-19 14:27:15.798,21000,948.144,0.726415003532,948.032,12.102,8143.637
2026-05-19 14:27:15.798,21250,979.0,0.0,979.0,0.0,8043.919
2026-05-19 14:27:15.911,21500,979.0,0.0,979.0,0.0,8043.919
2026-05-19 14:27:16.023,21750,979.0,0.0,979.0,0.0,7856.622
2026-05-19 14:27:16.024,22000,974.758,0.268968183771,974.705,4.496,7891.417
2026-05-19 14:27:16.136,22250,957.791,1.344840918854,957.527,22.479,8030.595
2026-05-19 14:27:16.248,22500,979.0,0.0,979.0,0.0,7842.522
2026-05-19 14:27:16.249,22750,979.0,0.0,979.0,0.0,7842.522
2026-05-19 14:27:16.360,23000,979.0,0.0,979.0,0.0,7658.862
2026-05-19 14:27:16.361,23250,979.0,0.0,979.0,0.0,7658.862
2026-05-19 14:27:16.472,23500,958.534,-1.300566439113,958.287,-21.756,7658.862
2026-05-19 14:27:16.583,23750,979.0,0.0,979.0,0.0,7498.755
2026-05-19 14:27:16.584,24000,955.49,1.239554918038,955.266,20.67,7683.264
2026-05-19 14:27:16.697,24250,954.416,1.23033097061,954.196,20.493,7515.704
2026-05-19 14:27:16.698,24500,979.0,0.0,979.0,0.0,7515.704
2026-05-19 14:27:16.800,24750,1522.939,-16.713682183264,1458.601,-437.981,7515.704
2026-05-19 14:27:16.911,25000,1542.126,-16.392613173073,1479.439,-435.215,7360.845
2026-05-19 14:27:16.912,25250,1067.869,-5.826152878019,1062.353,-108.4,7360.845
2026-05-19 14:27:17.022,25500,979.0,0.0,979.0,0.0,7206.363
2026-05-19 14:27:17.023,25750,1418.075,-9.188497132725,1399.879,-226.442,7206.363
2026-05-19 14:27:17.133,26000,1533.085,-15.366280685948,1478.279,-406.25,7206.363
2026-05-19 14:27:17.134,26250,979.0,0.0,979.0,0.0,7078.333
2026-05-19 14:27:17.244,26500,37.555,-80.059659452227,6.483,-36.991,7078.333
2026-05-19 14:27:17.356,26750,38.319,-78.362496472059,7.73,-37.531,6937.194
2026-05-19 14:27:17.356,27000,38.319,-78.362496472059,7.73,-37.531,6937.194
2026-05-19 14:27:17.466,27250,38.618,-77.667559667439,8.253,-37.722,6884.112
2026-05-19 14:27:17.466,27500,39.066,-76.62515446051,9.037,-38.007,6804.488
2026-05-19 14:27:17.576,27750,39.066,-76.62515446051,9.037,-38.007,6804.488
2026-05-19 14:27:17.577,28000,39.852,-74.701199373016,10.515,-38.44,6670.342
2026-05-19 14:27:17.687,28250,39.852,-74.701199373016,10.515,-38.44,6670.342
2026-05-19 14:27:17.688,28500,40.127,-73.987623133856,11.073,-38.565,6625.038
2026-05-19 14:27:17.799,28750,40.54,-72.917258775115,11.909,-38.752,6557.083
2026-05-19 14:27:17.800,29000,40.54,-72.917258775115,11.909,-38.752,6557.083
2026-05-19 14:27:17.911,29250,41.278,-70.880669943164,13.52,-39.001,6439.888
2026-05-19 14:27:17.911,29500,41.278,-70.880669943164,13.52,-39.001,6439.888
2026-05-19 14:27:18.022,29750,41.71,-69.595203639847,14.546,-39.084,6373.663
2026-05-19 14:27:18.022,30000,41.998,-68.738226104302,15.23,-39.139,6329.513
2026-05-19 14:27:18.132,30250,41.998,-68.738226104302,15.23,-39.139,6329.513
2026-05-19 14:27:18.133,30500,42.66,-66.591391924142,16.948,-39.149,6231.235
2026-05-19 14:27:18.243,30750,42.66,-66.591391924142,16.948,-39.149,6231.235
2026-05-19 14:27:18.244,31000,42.66,-66.591391924142,16.948,-39.149,6231.235
2026-05-19 14:27:18.355,31250,43.346,-64.132202147052,18.911,-39.002,6132.743
2026-05-19 14:27:18.356,31500,43.346,-64.132202147052,18.911,-39.002,6132.743
2026-05-19 14:27:18.466,31750,43.901,-61.887761233116,20.686,-38.722,6055.123
2026-05-19 14:27:18.467,32000,44.969,-62.311658017348,20.89,-39.821,5913.58
2026-05-19 14:27:18.578,32250,45.681,-62.594255873503,21.026,-40.554,5819.217
2026-05-19 14:27:18.579,32500,46.269,-60.093303711403,23.069,-40.108,5745.191
2026-05-19 14:27:18.580,32750,46.269,-60.093303711403,23.069,-40.108,5745.191
2026-05-19 14:27:18.691,33000,46.269,-60.093303711403,23.069,-40.108,5745.191
2026-05-19 14:27:18.692,33250,46.781,-57.532088690624,25.113,-39.469,5682.385
2026-05-19 14:27:18.799,33500,46.781,-57.532088690624,25.113,-39.469,5682.385
2026-05-19 14:27:18.799,33750,46.781,-57.532088690624,25.113,-39.469,5682.385
2026-05-19 14:27:18.911,34000,47.212,-54.878883692718,27.161,-38.617,5630.485
2026-05-19 14:27:18.911,34250,49.415,-55.344857481475,28.099,-40.649,5379.444
2026-05-19 14:27:19.025,34500,49.415,-55.344857481475,28.099,-40.649,5379.444
2026-05-19 14:27:19.025,34750,49.789,-52.609535703947,30.234,-39.559,5339.018
2026-05-19 14:27:19.026,35000,49.789,-52.609535703947,30.234,-39.559,5339.018
2026-05-19 14:27:19.136,35250,49.789,-52.609535703947,30.234,-39.559,5339.018
2026-05-19 14:27:19.136,35500,50.043,-49.967871920273,32.189,-38.317,5311.955
2026-05-19 14:27:19.248,35750,52.432,-50.205683636686,33.558,-40.286,5069.911
2026-05-19 14:27:19.249,36000,52.432,-50.205683636686,33.558,-40.286,5069.911
2026-05-19 14:27:19.249,36250,52.606,-47.325051858019,35.658,-38.677,5053.16
2026-05-19 14:27:19.358,36500,52.606,-47.325051858019,35.658,-38.677,5053.16
2026-05-19 14:27:19.359,36750,52.611,-42.822243692612,38.589,-35.761,5052.649
2026-05-19 14:27:19.469,37000,52.611,-42.822243692612,38.589,-35.761,5052.649
2026-05-19 14:27:19.469,37250,55.359,-42.708436156368,40.679,-37.548,4801.84
2026-05-19 14:27:19.580,37500,55.359,-42.708436156368,40.679,-37.548,4801.84
2026-05-19 14:27:19.581,37750,55.156,-39.582773831534,42.509,-35.145,4819.526
2026-05-19 14:27:19.581,38000,55.156,-39.582773831534,42.509,-35.145,4819.526
2026-05-19 14:27:19.692,38250,55.156,-39.582773831534,42.509,-35.145,4819.526
2026-05-19 14:27:19.693,38500,55.156,-39.582773831534,42.509,-35.145,4819.526
2026-05-19 14:27:19.693,38750,57.896,-36.003370127391,46.837,-34.033,4591.487
2026-05-19 14:27:19.799,39000,57.896,-36.003370127391,46.837,-34.033,4591.487
2026-05-19 14:27:19.799,39250,57.896,-36.003370127391,46.837,-34.033,4591.487
2026-05-19 14:27:19.910,39500,57.896,-36.003370127391,46.837,-34.033,4591.487
2026-05-19 14:27:19.910,39750,57.323,-32.938897081218,48.108,-31.169,4637.368
2026-05-19 14:27:19.911,40000,60.684,-32.22008329163,51.339,-32.355,4380.519
2026-05-19 14:27:20.020,40250,60.684,-32.22008329163,51.339,-32.355,4380.519
2026-05-19 14:27:20.021,40500,60.684,-32.22008329163,51.339,-32.355,4380.519
2026-05-19 14:27:20.135,40750,60.684,-32.22008329163,51.339,-32.355,4380.519
2026-05-19 14:27:20.136,41000,59.744,-28.764519277142,52.372,-28.749,4449.44
2026-05-19 14:27:20.136,41250,62.363,-28.031672806158,55.047,-29.308,4262.566
2026-05-19 14:27:20.246,41500,62.363,-28.031672806158,55.047,-29.308,4262.566
2026-05-19 14:27:20.246,41750,61.196,-24.812922581771,55.547,-25.681,4343.838
2026-05-19 14:27:20.356,42000,61.196,-24.812922581771,55.547,-25.681,4343.838
2026-05-19 14:27:20.357,42250,62.641,-24.313488109807,57.09,-25.773,4246.992
2026-05-19 14:27:20.358,42500,64.809,-23.564336401861,59.404,-25.909,4101.722
2026-05-19 14:27:20.468,42750,64.809,-23.564336401861,59.404,-25.909,4101.722
2026-05-19 14:27:20.468,43000,64.809,-23.564336401861,59.404,-25.909,4101.722
2026-05-19 14:27:20.469,43250,63.318,-20.425026869974,59.337,-22.097,4198.29
2026-05-19 14:27:20.579,43500,63.318,-20.425026869974,59.337,-22.097,4198.29
2026-05-19 14:27:20.580,43750,67.117,-18.842533874968,63.521,-21.677,3960.624
2026-05-19 14:27:20.580,44000,67.117,-18.842533874968,63.521,-21.677,3960.624
2026-05-19 14:27:20.691,44250,67.117,-18.842533874968,63.521,-21.677,3960.624
2026-05-19 14:27:20.692,44500,67.117,-18.842533874968,63.521,-21.677,3960.624
2026-05-19 14:27:20.692,44750,68.101,-14.089968385738,66.051,-16.559,3905.366
2026-05-19 14:27:20.799,45000,68.843,-13.718148915148,66.879,-16.326,3861.35
2026-05-19 14:27:20.799,45250,68.843,-13.718148915148,66.879,-16.326,3861.35
2026-05-19 14:27:20.800,45500,68.843,-13.718148915148,66.879,-16.326,3861.35
2026-05-19 14:27:20.912,45750,68.843,-13.718148915148,66.879,-16.326,3861.35
2026-05-19 14:27:20.912,46000,72.713,-11.740262154111,71.192,-14.795,3655.855
2026-05-19 14:27:20.913,46250,69.53,-8.091137873153,68.838,-9.786,3823.201
2026-05-19 14:27:21.023,46500,69.53,-8.091137873153,68.838,-9.786,3823.201
2026-05-19 14:27:21.023,46750,69.53,-8.091137873153,68.838,-9.786,3823.201
2026-05-19 14:27:21.024,47000,69.53,-8.091137873153,68.838,-9.786,3823.201
2026-05-19 14:27:21.133,47250,73.319,-5.708369354093,72.955,-7.293,3625.638
2026-05-19 14:27:21.134,47500,73.319,-5.708369354093,72.955,-7.293,3625.638
2026-05-19 14:27:21.244,47750,73.319,-5.708369354093,72.955,-7.293,3625.638
2026-05-19 14:27:21.245,48000,73.319,-5.708369354093,72.955,-7.293,3625.638
2026-05-19 14:27:21.245,48250,73.319,-5.708369354093,72.955,-7.293,3625.638
2026-05-19 14:27:21.355,48500,73.454,0.0,73.454,0.0,3618.973
2026-05-19 14:27:21.356,48750,73.454,0.0,73.454,0.0,3618.973
2026-05-19 14:27:21.356,49000,73.454,0.0,73.454,0.0,3618.973
2026-05-19 14:27:21.466,49250,73.454,0.0,73.454,0.0,3618.973
2026-05-19 14:27:21.467,49500,77.319,3.100736592919,77.206,4.182,3438.037
2026-05-19 14:27:21.467,49750,77.319,3.100736592919,77.206,4.182,3438.037
2026-05-19 14:27:21.579,50000,77.319,3.100736592919,77.206,4.182,3438.037
2026-05-19 14:27:21.580,50250,77.319,3.100736592919,77.206,4.182,3438.037
2026-05-19 14:27:21.580,50500,77.319,3.100736592919,77.206,4.182,3438.037
2026-05-19 14:27:21.580,50750,77.319,3.100736592919,77.206,4.182,3438.037
2026-05-19 14:27:21.692,51000,77.08,9.452665724564,76.033,12.659,3448.719
2026-05-19 14:27:21.692,51250,77.08,9.452665724564,76.033,12.659,3448.719
2026-05-19 14:27:21.693,51500,77.08,9.452665724564,76.033,12.659,3448.719
2026-05-19 14:27:21.799,51750,77.08,9.452665724564,76.033,12.659,3448.719
2026-05-19 14:27:21.800,52000,77.08,9.452665724564,76.033,12.659,3448.719
2026-05-19 14:27:21.800,52250,80.435,13.108553979911,78.339,18.242,3304.868
2026-05-19 14:27:21.800,52500,80.435,13.108553979911,78.339,18.242,3304.868
2026-05-19 14:27:21.912,52750,80.435,13.108553979911,78.339,18.242,3304.868
2026-05-19 14:27:21.913,53000,80.435,13.108553979911,78.339,18.242,3304.868
2026-05-19 14:27:21.913,53250,80.435,13.108553979911,78.339,18.242,3304.868
2026-05-19 14:27:22.024,53500,80.435,13.108553979911,78.339,18.242,3304.868
2026-05-19 14:27:22.025,53750,82.934,16.132362295911,79.632,23.068,3206.009
2026-05-19 14:27:22.025,54000,83.559,16.888314374912,79.956,24.275,3181.295
2026-05-19 14:27:22.136,54250,83.559,16.888314374912,79.956,24.275,3181.295
2026-05-19 14:27:22.136,54500,83.559,16.888314374912,79.956,24.275,3181.295
2026-05-19 14:27:22.137,54750,83.559,16.888314374912,79.956,24.275,3181.295
2026-05-19 14:27:22.137,55000,83.559,16.888314374912,79.956,24.275,3181.295
2026-05-19 14:27:22.246,55250,83.559,16.888314374912,79.956,24.275,3181.295
2026-05-19 14:27:22.247,55500,85.387,19.409673874333,80.465,28.409,3114.154
2026-05-19 14:27:22.247,55750,86.606,21.090580207281,80.804,31.164,3069.393
2026-05-19 14:27:22.357,56000,86.606,21.090580207281,80.804,31.164,3069.393
2026-05-19 14:27:22.357,56250,86.606,21.090580207281,80.804,31.164,3069.393
2026-05-19 14:27:22.358,56500,86.606,21.090580207281,80.804,31.164,3069.393
2026-05-19 14:27:22.468,56750,86.606,21.090580207281,80.804,31.164,3069.393
2026-05-19 14:27:22.468,57000,86.606,21.090580207281,80.804,31.164,3069.393
2026-05-19 14:27:22.469,57250,86.606,21.090580207281,80.804,31.164,3069.393
2026-05-19 14:27:22.469,57500,86.606,21.090580207281,80.804,31.164,3069.393
2026-05-19 14:27:22.581,57750,86.606,21.090580207281,80.804,31.164,3069.393
2026-05-19 14:27:22.582,58000,84.966,25.855371584478,76.415,36.967,3131.739
2026-05-19 14:27:22.582,58250,82.892,27.412560063454,73.585,38.163,3206.9
2026-05-19 14:27:22.693,58500,82.892,27.412560063454,73.585,38.163,3206.9
2026-05-19 14:27:22.693,58750,82.892,27.412560063454,73.585,38.163,3206.9
2026-05-19 14:27:22.693,59000,84.653,31.782464842233,71.96,44.586,3140.187
2026-05-19 14:27:22.694,59250,84.653,31.782464842233,71.96,44.586,3140.187
2026-05-19 14:27:22.799,59500,82.892,27.412560063454,73.585,38.163,3206.9
2026-05-19 14:27:22.800,59750,89.546,25.948597524747,80.519,39.182,2968.602
2026-05-19 14:27:22.800,60000,89.546,25.948597524747,80.519,39.182,2968.602
2026-05-19 14:27:22.914,60250,89.546,25.948597524747,80.519,39.182,2968.602
2026-05-19 14:27:22.914,60500,89.546,25.948597524747,80.519,39.182,2968.602
2026-05-19 14:27:22.915,60750,89.546,25.948597524747,80.519,39.182,2968.602
2026-05-19 14:27:22.915,61000,89.546,25.948597524747,80.519,39.182,2968.602
2026-05-19 14:27:23.026,61250,89.546,25.948597524747,80.519,39.182,2968.602
2026-05-19 14:27:23.026,61500,89.546,25.948597524747,80.519,39.182,2968.602
2026-05-19 14:27:23.026,61750,89.546,25.948597524747,80.519,39.182,2968.602
2026-05-19 14:27:23.027,62000,89.546,25.948597524747,80.519,39.182,2968.602
2026-05-19 14:27:23.136,62250,89.546,25.948597524747,80.519,39.182,2968.602
2026-05-19 14:27:23.137,62500,89.546,25.948597524747,80.519,39.182,2968.602
2026-05-19 14:27:23.137,62750,89.546,25.948597524747,80.519,39.182,2968.602
2026-05-19 14:27:23.137,63000,89.546,25.948597524747,80.519,39.182,2968.602
2026-05-19 14:27:23.247,63250,97.148,24.260150138543,88.568,39.916,2736.319
2026-05-19 14:27:23.248,63500,97.148,24.260150138543,88.568,39.916,2736.319
2026-05-19 14:27:23.248,63750,97.148,24.260150138543,88.568,39.916,2736.319
2026-05-19 14:27:23.249,64000,97.148,24.260150138543,88.568,39.916,2736.319
2026-05-19 14:27:23.358,64250,97.148,24.260150138543,88.568,39.916,2736.319
2026-05-19 14:27:23.358,64500,97.148,24.260150138543,88.568,39.916,2736.319
2026-05-19 14:27:23.359,64750,97.148,24.260150138543,88.568,39.916,2736.319
2026-05-19 14:27:23.359,65000,97.148,24.260150138543,88.568,39.916,2736.319
2026-05-19 14:27:23.468,65250,97.148,24.260150138543,88.568,39.916,2736.319
2026-05-19 14:27:23.469,65500,97.148,24.260150138543,88.568,39.916,2736.319
2026-05-19 14:27:23.469,65750,97.148,24.260150138543,88.568,39.916,2736.319
2026-05-19 14:27:23.470,66000,97.148,24.260150138543,88.568,39.916,2736.319
2026-05-19 14:27:23.580,66250,97.148,24.260150138543,88.568,39.916,2736.319
2026-05-19 14:27:23.581,66500,97.148,24.260150138543,88.568,39.916,2736.319
2026-05-19 14:27:23.582,66750,97.148,24.260150138543,88.568,39.916,2736.319
2026-05-19 14:27:23.582,67000,97.148,24.260150138543,88.568,39.916,2736.319
2026-05-19 14:27:23.693,67250,104.764,22.546742967782,96.768,40.113,2540.946
2026-05-19 14:27:23.693,67500,106.668,22.118391175092,98.818,40.163,2492.103
2026-05-19 14:27:23.693,67750,106.668,22.118391175092,98.818,40.163,2492.103
2026-05-19 14:27:23.694,68000,106.668,22.118391175092,98.818,40.163,2492.103
2026-05-19 14:27:23.800,68250,106.668,22.118391175092,98.818,40.163,2492.103
2026-05-19 14:27:23.800,68500,106.668,22.118391175092,98.818,40.163,2492.103
2026-05-19 14:27:23.801,68750,101.797,16.550640512033,97.579,28.998,2611.351
2026-05-19 14:27:23.801,69000,101.797,16.550640512033,97.579,28.998,2611.351
2026-05-19 14:27:23.913,69250,101.797,16.550640512033,97.579,28.998,2611.351
2026-05-19 14:27:23.913,69500,101.797,16.550640512033,97.579,28.998,2611.351
2026-05-19 14:27:23.913,69750,101.797,16.550640512033,97.579,28.998,2611.351
2026-05-19 14:27:23.914,70000,101.797,16.550640512033,97.579,28.998,2611.351
2026-05-19 14:27:24.025,70250,101.797,16.550640512033,97.579,28.998,2611.351
2026-05-19 14:27:24.025,70500,101.797,16.550640512033,97.579,28.998,2611.351
2026-05-19 14:27:24.026,70750,101.797,16.550640512033,97.579,28.998,2611.351
2026-05-19 14:27:24.026,71000,101.797,16.550640512033,97.579,28.998,2611.351
2026-05-19 14:27:24.133,71250,101.797,16.550640512033,97.579,28.998,2611.351
2026-05-19 14:27:24.133,71500,101.797,16.550640512033,97.579,28.998,2611.351
2026-05-19 14:27:24.134,71750,112.659,13.182513328775,109.69,25.692,2359.568
2026-05-19 14:27:24.134,72000,112.659,13.182513328775,109.69,25.692,2359.568
2026-05-19 14:27:24.248,72250,115.344,15.591869574579,110.905,31.123,2306.492
2026-05-19 14:27:24.250,72500,119.372,19.205903943283,112.728,39.269,2226.878
2026-05-19 14:27:24.250,72750,119.372,19.205903943283,112.728,39.269,2226.878
2026-05-19 14:27:24.251,73000,119.372,19.205903943283,112.728,39.269,2226.878
2026-05-19 14:27:24.362,73250,119.372,19.205903943283,112.728,39.269,2226.878
2026-05-19 14:27:24.362,73500,119.372,19.205903943283,112.728,39.269,2226.878
2026-05-19 14:27:24.363,73750,119.372,19.205903943283,112.728,39.269,2226.878
2026-05-19 14:27:24.363,74000,119.372,19.205903943283,112.728,39.269,2226.878
2026-05-19 14:27:24.473,74250,119.372,19.205903943283,112.728,39.269,2226.878
2026-05-19 14:27:24.474,74500,119.372,19.205903943283,112.728,39.269,2226.878
2026-05-19 14:27:24.474,74750,119.372,19.205903943283,112.728,39.269,2226.878
2026-05-19 14:27:24.475,75000,119.372,19.205903943283,112.728,39.269,2226.878
2026-05-19 14:27:24.585,75250,119.372,19.205903943283,112.728,39.269,2226.878
2026-05-19 14:27:24.585,75500,119.372,19.205903943283,112.728,39.269,2226.878
2026-05-19 14:27:24.586,75750,119.372,19.205903943283,112.728,39.269,2226.878
2026-05-19 14:27:24.586,76000,119.372,19.205903943283,112.728,39.269,2226.878
2026-05-19 14:27:24.697,76250,119.372,19.205903943283,112.728,39.269,2226.878
2026-05-19 14:27:24.698,76500,119.372,19.205903943283,112.728,39.269,2226.878
2026-05-19 14:27:24.698,76750,119.372,19.205903943283,112.728,39.269,2226.878
2026-05-19 14:27:24.699,77000,119.372,19.205903943283,112.728,39.269,2226.878
2026-05-19 14:27:24.699,77250,119.372,19.205903943283,112.728,39.269,2226.878
2026-05-19 14:27:24.814,77500,119.372,19.205903943283,112.728,39.269,2226.878
2026-05-19 14:27:24.815,77750,133.122,15.970477956601,127.984,36.627,1996.867
2026-05-19 14:27:24.829,78000,133.122,15.970477956601,127.984,36.627,1996.867
2026-05-19 14:27:24.830,78250,133.122,15.970477956601,127.984,36.627,1996.867
2026-05-19 14:27:24.831,78500,133.122,15.970477956601,127.984,36.627,1996.867
2026-05-19 14:27:24.831,78750,133.122,15.970477956601,127.984,36.627,1996.867
2026-05-19 14:27:24.942,79000,133.122,15.970477956601,127.984,36.627,1996.867
2026-05-19 14:27:24.943,79250,133.122,15.970477956601,127.984,36.627,1996.867
2026-05-19 14:27:24.943,79500,133.122,15.970477956601,127.984,36.627,1996.867
2026-05-19 14:27:24.943,79750,133.122,15.970477956601,127.984,36.627,1996.867
2026-05-19 14:27:24.944,80000,133.122,15.970477956601,127.984,36.627,1996.867
2026-05-19 14:27:25.053,80250,133.122,15.970477956601,127.984,36.627,1996.867
2026-05-19 14:27:25.054,80500,133.122,15.970477956601,127.984,36.627,1996.867
2026-05-19 14:27:25.054,80750,133.122,15.970477956601,127.984,36.627,1996.867
2026-05-19 14:27:25.055,81000,133.122,15.970477956601,127.984,36.627,1996.867
2026-05-19 14:27:25.055,81250,133.122,15.970477956601,127.984,36.627,1996.867
2026-05-19 14:27:25.165,81500,133.122,15.970477956601,127.984,36.627,1996.867
2026-05-19 14:27:25.166,81750,133.122,15.970477956601,127.984,36.627,1996.867
2026-05-19 14:27:25.166,82000,140.808,22.646277660017,129.952,54.217,1887.867
2026-05-19 14:27:25.167,82250,140.808,22.646277660017,129.952,54.217,1887.867
2026-05-19 14:27:25.276,82500,140.808,22.646277660017,129.952,54.217,1887.867
2026-05-19 14:27:25.276,82750,140.808,22.646277660017,129.952,54.217,1887.867
2026-05-19 14:27:25.276,83000,140.808,22.646277660017,129.952,54.217,1887.867
2026-05-19 14:27:25.277,83250,156.11,20.054241141864,146.67,53.356,1707.241
2026-05-19 14:27:25.277,83500,159.936,19.406232012326,150.849,53.141,1662.085
2026-05-19 14:27:25.387,83750,159.936,19.406232012326,150.849,53.141,1662.085
2026-05-19 14:27:25.387,84000,159.936,19.406232012326,150.849,53.141,1662.085
2026-05-19 14:27:25.388,84250,159.936,19.406232012326,150.849,53.141,1662.085
2026-05-19 14:27:25.388,84500,159.936,19.406232012326,150.849,53.141,1662.085
2026-05-19 14:27:25.388,84750,159.936,19.406232012326,150.849,53.141,1662.085
2026-05-19 14:27:25.497,85000,159.936,19.406232012326,150.849,53.141,1662.085
2026-05-19 14:27:25.498,85250,159.936,19.406232012326,150.849,53.141,1662.085
2026-05-19 14:27:25.499,85500,159.936,19.406232012326,150.849,53.141,1662.085
2026-05-19 14:27:25.499,85750,159.936,19.406232012326,150.849,53.141,1662.085
2026-05-19 14:27:25.499,86000,159.936,19.406232012326,150.849,53.141,1662.085
2026-05-19 14:27:25.608,86250,159.936,19.406232012326,150.849,53.141,1662.085
2026-05-19 14:27:25.609,86500,159.936,19.406232012326,150.849,53.141,1662.085
2026-05-19 14:27:25.609,86750,159.936,19.406232012326,150.849,53.141,1662.085
2026-05-19 14:27:25.610,87000,159.936,19.406232012326,150.849,53.141,1662.085
2026-05-19 14:27:25.610,87250,159.936,19.406232012326,150.849,53.141,1662.085
2026-05-19 14:27:25.719,87500,159.936,19.406232012326,150.849,53.141,1662.085
2026-05-19 14:27:25.720,87750,159.936,19.406232012326,150.849,53.141,1662.085
2026-05-19 14:27:25.720,88000,159.936,19.406232012326,150.849,53.141,1662.085
2026-05-19 14:27:25.721,88250,159.936,19.406232012326,150.849,53.141,1662.085
2026-05-19 14:27:25.721,88500,159.936,19.406232012326,150.849,53.141,1662.085
2026-05-19 14:27:25.830,88750,159.936,19.406232012326,150.849,53.141,1662.085
2026-05-19 14:27:25.831,89000,159.936,19.406232012326,150.849,53.141,1662.085
2026-05-19 14:27:25.831,89250,185.073,15.007729137185,178.76,47.925,1436.336
2026-05-19 14:27:25.832,89500,185.073,15.007729137185,178.76,47.925,1436.336
2026-05-19 14:27:25.942,89750,185.073,15.007729137185,178.76,47.925,1436.336
2026-05-19 14:27:25.943,90000,185.073,15.007729137185,178.76,47.925,1436.336
2026-05-19 14:27:25.943,90250,185.073,15.007729137185,178.76,47.925,1436.336
2026-05-19 14:27:25.944,90500,200.685,24.909722704875,182.016,84.526,1324.598
2026-05-19 14:27:25.944,90750,200.685,24.909722704875,182.016,84.526,1324.598
2026-05-19 14:27:26.052,91000,200.685,24.909722704875,182.016,84.526,1324.598
2026-05-19 14:27:26.053,91250,200.685,24.909722704875,182.016,84.526,1324.598
2026-05-19 14:27:26.053,91500,200.685,24.909722704875,182.016,84.526,1324.598
2026-05-19 14:27:26.054,91750,200.685,24.909722704875,182.016,84.526,1324.598
2026-05-19 14:27:26.054,92000,200.685,24.909722704875,182.016,84.526,1324.598
2026-05-19 14:27:26.164,92250,200.685,24.909722704875,182.016,84.526,1324.598
2026-05-19 14:27:26.164,92500,200.685,24.909722704875,182.016,84.526,1324.598
2026-05-19 14:27:26.165,92750,200.685,24.909722704875,182.016,84.526,1324.598
2026-05-19 14:27:26.165,93000,200.685,24.909722704875,182.016,84.526,1324.598
2026-05-19 14:27:26.166,93250,200.685,24.909722704875,182.016,84.526,1324.598
2026-05-19 14:27:26.273,93500,200.685,24.909722704875,182.016,84.526,1324.598
2026-05-19 14:27:26.274,93750,200.685,24.909722704875,182.016,84.526,1324.598
2026-05-19 14:27:26.274,94000,200.685,24.909722704875,182.016,84.526,1324.598
2026-05-19 14:27:26.275,94250,200.685,24.909722704875,182.016,84.526,1324.598
2026-05-19 14:27:26.275,94500,200.685,24.909722704875,182.016,84.526,1324.598
2026-05-19 14:27:26.386,94750,200.685,24.909722704875,182.016,84.526,1324.598
2026-05-19 14:27:26.386,95000,365.001,2.788398603818,364.569,17.756,1324.598
2026-05-19 14:27:26.387,95250,210.212,23.897238991606,192.326,84.483,1273.78
2026-05-19 14:27:26.387,95500,248.319,19.847304138534,233.569,84.308,1070.507
2026-05-19 14:27:26.388,95750,248.319,19.847304138534,233.569,84.308,1070.507
2026-05-19 14:27:26.495,96000,451.637,-2.274019962523,451.281,-17.92,1070.507
2026-05-19 14:27:26.496,96250,451.637,-2.274019962523,451.281,-17.92,1070.507
2026-05-19 14:27:26.496,96500,451.637,-2.274019962523,451.281,-17.92,1070.507
2026-05-19 14:27:26.497,96750,248.319,19.847304138534,233.569,84.308,1070.507
2026-05-19 14:27:26.606,97000,248.319,19.847304138534,233.569,84.308,1070.507
2026-05-19 14:27:26.607,97250,979.0,0.0,979.0,0.0,1070.507
2026-05-19 14:27:26.608,97500,979.0,0.0,979.0,0.0,1070.507
2026-05-19 14:27:26.608,97750,979.0,0.0,979.0,0.0,1070.507
2026-05-19 14:27:26.608,98000,979.0,0.0,979.0,0.0,1070.507
2026-05-19 14:27:26.716,98250,979.0,0.0,979.0,0.0,1070.507
2026-05-19 14:27:26.717,98500,979.0,0.0,979.0,0.0,1070.507
2026-05-19 14:27:26.718,98750,979.0,0.0,979.0,0.0,1070.507
2026-05-19 14:27:26.718,99000,903.398,-13.945138107886,876.772,-217.712,1070.507
2026-05-19 14:27:26.718,99250,979.0,0.0,979.0,0.0,1070.507
2026-05-19 14:27:26.833,99500,979.0,0.0,979.0,0.0,1070.507
2026-05-19 14:27:26.833,99750,903.398,-13.945138107886,876.772,-217.712,1070.507
2026-05-19 14:27:26.834,100000,903.398,-13.945138107886,876.772,-217.712,1070.507
2026-05-19 14:27:27.394,10000,971.87,1.752739384192,971.415,29.726,9286.314
2026-05-19 14:27:27.506,10250,979.0,0.0,979.0,0.0,9286.314
2026-05-19 14:27:27.730,10500,979.0,0.0,979.0,0.0,9286.314
2026-05-19 14:27:27.832,10750,974.699,0.936593187687,974.483,15.884,9327.412
2026-05-19 14:27:27.944,11000,952.958,-0.445795900565,952.929,-7.415,9354.811
2026-05-19 14:27:28.056,11250,961.829,0.028504093193,961.747,0.568,9269.767
2026-05-19 14:27:28.269,11500,977.454,0.295981633532,977.389,5.017,9120.46
2026-05-19 14:27:28.374,11750,979.0,0.0,979.0,0.0,9178.44
2026-05-19 14:27:28.485,12000,979.0,0.0,979.0,0.0,9178.44
2026-05-19 14:27:28.596,12250,953.95,-0.483762215423,953.916,-8.054,9178.44
2026-05-19 14:27:28.707,12500,959.308,-0.414201052739,959.277,-6.899,9211.704
2026-05-19 14:27:28.814,12750,959.308,-0.414201052739,959.277,-6.899,9211.704
2026-05-19 14:27:28.926,13000,979.0,0.0,979.0,0.0,9025.481
2026-05-19 14:27:29.037,13250,979.0,0.0,979.0,0.0,9110.657
2026-05-19 14:27:29.149,13500,979.0,0.0,979.0,0.0,9110.657
2026-05-19 14:27:29.371,13750,953.511,-0.596406353861,953.459,-9.925,9110.657
2026-05-19 14:27:29.372,14000,968.311,1.511920412512,967.973,25.549,8971.41
2026-05-19 14:27:29.483,14250,979.0,0.0,979.0,0.0,8971.41
2026-05-19 14:27:29.593,14500,979.0,0.0,979.0,0.0,8971.41
2026-05-19 14:27:29.703,14750,958.933,0.211057093635,958.846,3.459,9014.381
2026-05-19 14:27:29.815,15000,952.093,1.125504997653,951.909,18.701,9078.838
2026-05-19 14:27:29.930,15250,979.0,0.0,979.0,0.0,8938.448
2026-05-19 14:27:30.033,15500,979.0,0.0,979.0,0.0,8938.448
2026-05-19 14:27:30.136,15750,942.234,0.777334940449,942.147,12.783,9052.108
2026-05-19 14:27:30.249,16000,979.0,0.0,979.0,0.0,8828.731
2026-05-19 14:27:30.360,16250,954.79,-0.759016820001,954.706,-12.648,8828.731
2026-05-19 14:27:30.471,16500,972.96,0.666603470774,972.851,11.272,8883.766
2026-05-19 14:27:30.473,16750,955.291,-0.778640438833,955.203,-12.982,8920.457
2026-05-19 14:27:30.582,17000,979.0,0.0,979.0,0.0,8704.426
2026-05-19 14:27:30.695,17250,953.338,-0.872532988888,953.228,-14.517,8704.426
2026-05-19 14:27:30.799,17500,939.092,0.613423882303,939.038,10.054,8836.474
2026-05-19 14:27:30.913,17750,979.0,0.0,979.0,0.0,8611.81
2026-05-19 14:27:31.026,18000,979.0,0.0,979.0,0.0,8611.81
2026-05-19 14:27:31.026,18250,972.34,0.594377029622,972.21,9.982,8444.046
2026-05-19 14:27:31.138,18500,962.349,1.485942574055,962.026,24.955,8531.103
2026-05-19 14:27:31.249,18750,979.0,0.0,979.0,0.0,8531.103
2026-05-19 14:27:31.361,19000,954.571,-1.003388467307,954.424,-16.716,8531.103
2026-05-19 14:27:31.362,19250,979.0,0.0,979.0,0.0,8318.223
2026-05-19 14:27:31.472,19500,946.807,0.750843295882,946.684,12.515,8381.639
2026-05-19 14:27:31.584,19750,946.807,0.750843295882,946.684,12.515,8381.639
2026-05-19 14:27:31.584,20000,979.0,0.0,979.0,0.0,8255.872
2026-05-19 14:27:31.696,20250,979.0,0.0,979.0,0.0,8255.872
2026-05-19 14:27:31.800,20500,979.0,0.0,979.0,0.0,8055.627
2026-05-19 14:27:31.913,20750,960.578,1.321511433571,960.323,22.154,8210.115
2026-05-19 14:27:31.914,21000,948.144,0.726415003532,948.032,12.102,8143.637
2026-05-19 14:27:32.025,21250,979.0,0.0,979.0,0.0,8043.919
2026-05-19 14:27:32.133,21500,979.0,0.0,979.0,0.0,8043.919
2026-05-19 14:27:32.133,21750,979.0,0.0,979.0,0.0,7856.622
2026-05-19 14:27:32.249,22000,974.758,0.268968183771,974.705,4.496,7891.417
2026-05-19 14:27:32.362,22250,957.791,1.344840918854,957.527,22.479,8030.595
2026-05-19 14:27:32.362,22500,979.0,0.0,979.0,0.0,7842.522
2026-05-19 14:27:32.472,22750,979.0,0.0,979.0,0.0,7842.522
2026-05-19 14:27:32.473,23000,979.0,0.0,979.0,0.0,7658.862
2026-05-19 14:27:32.583,23250,979.0,0.0,979.0,0.0,7658.862
2026-05-19 14:27:32.693,23500,958.534,-1.300566439113,958.287,-21.756,7658.862
2026-05-19 14:27:32.694,23750,979.0,0.0,979.0,0.0,7498.755
2026-05-19 14:27:32.797,24000,955.49,1.239554918038,955.266,20.67,7683.264
2026-05-19 14:27:32.909,24250,954.416,1.23033097061,954.196,20.493,7515.704
2026-05-19 14:27:32.909,24500,979.0,0.0,979.0,0.0,7515.704
2026-05-19 14:27:33.020,24750,1522.939,-16.713682183264,1458.601,-437.981,7515.704
2026-05-19 14:27:33.020,25000,1542.126,-16.392613173073,1479.439,-435.215,7360.845
2026-05-19 14:27:33.130,25250,1067.869,-5.826152878019,1062.353,-108.4,7360.845
2026-05-19 14:27:33.131,25500,979.0,0.0,979.0,0.0,7206.363
2026-05-19 14:27:33.242,25750,1418.075,-9.188497132725,1399.879,-226.442,7206.363
2026-05-19 14:27:33.350,26000,1533.085,-15.366280685948,1478.279,-406.25,7206.363
2026-05-19 14:27:33.351,26250,979.0,0.0,979.0,0.0,7078.333
2026-05-19 14:27:33.467,26500,37.555,-80.059659452227,6.483,-36.991,7078.333
2026-05-19 14:27:33.467,26750,38.319,-78.362496472059,7.73,-37.531,6937.194
2026-05-19 14:27:33.580,27000,38.319,-78.362496472059,7.73,-37.531,6937.194
2026-05-19 14:27:33.580,27250,38.618,-77.667559667439,8.253,-37.722,6884.112
2026-05-19 14:27:33.694,27500,39.066,-76.62515446051,9.037,-38.007,6804.488
2026-05-19 14:27:33.695,27750,39.066,-76.62515446051,9.037,-38.007,6804.488
2026-05-19 14:27:33.800,28000,39.852,-74.701199373016,10.515,-38.44,6670.342
2026-05-19 14:27:33.800,28250,39.852,-74.701199373016,10.515,-38.44,6670.342
2026-05-19 14:27:33.912,28500,40.265,-73.630835014275,11.351,-38.627,6602.386
2026-05-19 14:27:33.913,28750,40.54,-72.917258775115,11.909,-38.752,6557.083
2026-05-19 14:27:34.024,29000,40.54,-72.917258775115,11.909,-38.752,6557.083
2026-05-19 14:27:34.025,29250,41.278,-70.880669943164,13.52,-39.001,6439.888
2026-05-19 14:27:34.132,29500,41.278,-70.880669943164,13.52,-39.001,6439.888
2026-05-19 14:27:34.246,29750,41.71,-69.595203639847,14.546,-39.084,6373.663
2026-05-19 14:27:34.247,30000,41.998,-68.738226104302,15.23,-39.139,6329.513
2026-05-19 14:27:34.247,30250,41.998,-68.738226104302,15.23,-39.139,6329.513
2026-05-19 14:27:34.356,30500,42.66,-66.591391924142,16.948,-39.149,6231.235
2026-05-19 14:27:34.357,30750,42.66,-66.591391924142,16.948,-39.149,6231.235
2026-05-19 14:27:34.467,31000,42.66,-66.591391924142,16.948,-39.149,6231.235
2026-05-19 14:27:34.468,31250,43.346,-64.132202147052,18.911,-39.002,6132.743
2026-05-19 14:27:34.579,31500,43.346,-64.132202147052,18.911,-39.002,6132.743
2026-05-19 14:27:34.580,31750,43.901,-61.887761233116,20.686,-38.722,6055.123
2026-05-19 14:27:34.690,32000,45.325,-62.452956945426,20.958,-40.188,5866.398
2026-05-19 14:27:34.691,32250,45.681,-62.594255873503,21.026,-40.554,5819.217
2026-05-19 14:27:34.798,32500,46.269,-60.093303711403,23.069,-40.108,5745.191
2026-05-19 14:27:34.799,32750,46.269,-60.093303711403,23.069,-40.108,5745.191
2026-05-19 14:27:34.913,33000,46.269,-60.093303711403,23.069,-40.108,5745.191
2026-05-19 14:27:34.913,33250,46.781,-57.532088690624,25.113,-39.469,5682.385
2026-05-19 14:27:34.914,33500,46.781,-57.532088690624,25.113,-39.469,5682.385
2026-05-19 14:27:35.024,33750,46.781,-57.532088690624,25.113,-39.469,5682.385
2026-05-19 14:27:35.024,34000,47.212,-54.878883692718,27.161,-38.617,5630.485
2026-05-19 14:27:35.132,34250,49.415,-55.344857481475,28.099,-40.649,5379.444
2026-05-19 14:27:35.133,34500,49.49,-54.797793125969,28.526,-40.431,5371.359
2026-05-19 14:27:35.244,34750,49.789,-52.609535703947,30.234,-39.559,5339.018
2026-05-19 14:27:35.244,35000,49.789,-52.609535703947,30.234,-39.559,5339.018
2026-05-19 14:27:35.355,35250,49.789,-52.609535703947,30.234,-39.559,5339.018
2026-05-19 14:27:35.356,35500,50.043,-49.967871920273,32.189,-38.317,5311.955
2026-05-19 14:27:35.356,35750,52.432,-50.205683636686,33.558,-40.286,5069.911
2026-05-19 14:27:35.465,36000,52.432,-50.205683636686,33.558,-40.286,5069.911
2026-05-19 14:27:35.466,36250,52.606,-47.325051858019,35.658,-38.677,5053.16
2026-05-19 14:27:35.575,36500,52.606,-47.325051858019,35.658,-38.677,5053.16
2026-05-19 14:27:35.576,36750,52.611,-42.822243692612,38.589,-35.761,5052.649
2026-05-19 14:27:35.686,37000,52.611,-42.822243692612,38.589,-35.761,5052.649
2026-05-19 14:27:35.687,37250,55.359,-42.708436156368,40.679,-37.548,4801.84
2026-05-19 14:27:35.687,37500,55.359,-42.708436156368,40.679,-37.548,4801.84
2026-05-19 14:27:35.800,37750,55.156,-39.582773831534,42.509,-35.145,4819.526
2026-05-19 14:27:35.801,38000,55.156,-39.582773831534,42.509,-35.145,4819.526
2026-05-19 14:27:35.801,38250,55.156,-39.582773831534,42.509,-35.145,4819.526
2026-05-19 14:27:35.911,38500,55.156,-39.582773831534,42.509,-35.145,4819.526
2026-05-19 14:27:35.911,38750,57.896,-36.003370127391,46.837,-34.033,4591.487
2026-05-19 14:27:36.021,39000,57.896,-36.003370127391,46.837,-34.033,4591.487
2026-05-19 14:27:36.022,39250,57.896,-36.003370127391,46.837,-34.033,4591.487
2026-05-19 14:27:36.022,39500,57.896,-36.003370127391,46.837,-34.033,4591.487
2026-05-19 14:27:36.131,39750,57.323,-32.938897081218,48.108,-31.169,4637.368
2026-05-19 14:27:36.131,40000,60.684,-32.22008329163,51.339,-32.355,4380.519
2026-05-19 14:27:36.241,40250,60.684,-32.22008329163,51.339,-32.355,4380.519
2026-05-19 14:27:36.242,40500,60.684,-32.22008329163,51.339,-32.355,4380.519
2026-05-19 14:27:36.242,40750,60.496,-31.528970488732,51.546,-31.634,4394.303
2026-05-19 14:27:36.351,41000,59.744,-28.764519277142,52.372,-28.749,4449.44
2026-05-19 14:27:36.351,41250,62.363,-28.031672806158,55.047,-29.308,4262.566
2026-05-19 14:27:36.461,41500,62.363,-28.031672806158,55.047,-29.308,4262.566
2026-05-19 14:27:36.462,41750,61.196,-24.812922581771,55.547,-25.681,4343.838
2026-05-19 14:27:36.462,42000,61.196,-24.812922581771,55.547,-25.681,4343.838
2026-05-19 14:27:36.572,42250,62.641,-24.313488109807,57.09,-25.773,4246.992
2026-05-19 14:27:36.573,42500,64.809,-23.564336401861,59.404,-25.909,4101.722
2026-05-19 14:27:36.573,42750,64.809,-23.564336401861,59.404,-25.909,4101.722
2026-05-19 14:27:36.682,43000,64.809,-23.564336401861,59.404,-25.909,4101.722
2026-05-19 14:27:36.683,43250,63.318,-20.425026869974,59.337,-22.097,4198.29
2026-05-19 14:27:36.683,43500,63.318,-20.425026869974,59.337,-22.097,4198.29
2026-05-19 14:27:36.798,43750,67.117,-18.842533874968,63.521,-21.677,3960.624
2026-05-19 14:27:36.798,44000,67.117,-18.842533874968,63.521,-21.677,3960.624
2026-05-19 14:27:36.799,44250,67.117,-18.842533874968,63.521,-21.677,3960.624
2026-05-19 14:27:36.910,44500,67.117,-18.842533874968,63.521,-21.677,3960.624
2026-05-19 14:27:36.911,44750,68.843,-13.718148915148,66.879,-16.326,3861.35
2026-05-19 14:27:36.911,45000,68.843,-13.718148915148,66.879,-16.326,3861.35
2026-05-19 14:27:37.021,45250,68.843,-13.718148915148,66.879,-16.326,3861.35
2026-05-19 14:27:37.022,45500,68.843,-13.718148915148,66.879,-16.326,3861.35
2026-05-19 14:27:37.022,45750,68.843,-13.718148915148,66.879,-16.326,3861.35
2026-05-19 14:27:37.131,46000,72.713,-11.740262154111,71.192,-14.795,3655.855
2026-05-19 14:27:37.133,46250,69.53,-8.091137873153,68.838,-9.786,3823.201
2026-05-19 14:27:37.243,46500,69.53,-8.091137873153,68.838,-9.786,3823.201
2026-05-19 14:27:37.243,46750,69.53,-8.091137873153,68.838,-9.786,3823.201
2026-05-19 14:27:37.244,47000,69.53,-8.091137873153,68.838,-9.786,3823.201
2026-05-19 14:27:37.353,47250,73.319,-5.708369354093,72.955,-7.293,3625.638
2026-05-19 14:27:37.353,47500,73.319,-5.708369354093,72.955,-7.293,3625.638
2026-05-19 14:27:37.354,47750,73.319,-5.708369354093,72.955,-7.293,3625.638
2026-05-19 14:27:37.463,48000,73.319,-5.708369354093,72.955,-7.293,3625.638
2026-05-19 14:27:37.463,48250,73.319,-5.708369354093,72.955,-7.293,3625.638
2026-05-19 14:27:37.464,48500,73.454,0.0,73.454,0.0,3618.973
2026-05-19 14:27:37.573,48750,73.454,0.0,73.454,0.0,3618.973
2026-05-19 14:27:37.573,49000,73.454,0.0,73.454,0.0,3618.973
2026-05-19 14:27:37.574,49250,73.454,0.0,73.454,0.0,3618.973
2026-05-19 14:27:37.683,49500,77.319,3.100736592919,77.206,4.182,3438.037
2026-05-19 14:27:37.684,49750,77.319,3.100736592919,77.206,4.182,3438.037
2026-05-19 14:27:37.684,50000,77.319,3.100736592919,77.206,4.182,3438.037
2026-05-19 14:27:37.787,50250,77.319,3.100736592919,77.206,4.182,3438.037
2026-05-19 14:27:37.787,50500,77.319,3.100736592919,77.206,4.182,3438.037
2026-05-19 14:27:37.788,50750,77.319,3.100736592919,77.206,4.182,3438.037
2026-05-19 14:27:37.788,51000,77.08,9.452665724564,76.033,12.659,3448.719
2026-05-19 14:27:37.895,51250,77.08,9.452665724564,76.033,12.659,3448.719
2026-05-19 14:27:37.896,51500,77.08,9.452665724564,76.033,12.659,3448.719
2026-05-19 14:27:37.897,51750,77.08,9.452665724564,76.033,12.659,3448.719
2026-05-19 14:27:38.006,52000,77.08,9.452665724564,76.033,12.659,3448.719
2026-05-19 14:27:38.006,52250,80.435,13.108553979911,78.339,18.242,3304.868
2026-05-19 14:27:38.007,52500,80.435,13.108553979911,78.339,18.242,3304.868
2026-05-19 14:27:38.116,52750,80.435,13.108553979911,78.339,18.242,3304.868
2026-05-19 14:27:38.117,53000,80.435,13.108553979911,78.339,18.242,3304.868
2026-05-19 14:27:38.117,53250,80.435,13.108553979911,78.339,18.242,3304.868
2026-05-19 14:27:38.226,53500,80.435,13.108553979911,78.339,18.242,3304.868
2026-05-19 14:27:38.226,53750,83.559,16.888314374912,79.956,24.275,3181.295
2026-05-19 14:27:38.227,54000,83.559,16.888314374912,79.956,24.275,3181.295
2026-05-19 14:27:38.227,54250,83.559,16.888314374912,79.956,24.275,3181.295
2026-05-19 14:27:38.332,54500,83.559,16.888314374912,79.956,24.275,3181.295
2026-05-19 14:27:38.333,54750,83.559,16.888314374912,79.956,24.275,3181.295
2026-05-19 14:27:38.333,55000,83.559,16.888314374912,79.956,24.275,3181.295
2026-05-19 14:27:38.448,55250,83.559,16.888314374912,79.956,24.275,3181.295
2026-05-19 14:27:38.449,55500,85.387,19.409673874333,80.465,28.409,3114.154
2026-05-19 14:27:38.450,55750,86.606,21.090580207281,80.804,31.164,3069.393
2026-05-19 14:27:38.450,56000,86.606,21.090580207281,80.804,31.164,3069.393
2026-05-19 14:27:38.559,56250,86.606,21.090580207281,80.804,31.164,3069.393
2026-05-19 14:27:38.559,56500,86.606,21.090580207281,80.804,31.164,3069.393
2026-05-19 14:27:38.560,56750,86.606,21.090580207281,80.804,31.164,3069.393
2026-05-19 14:27:38.671,57000,86.606,21.090580207281,80.804,31.164,3069.393
2026-05-19 14:27:38.672,57250,86.606,21.090580207281,80.804,31.164,3069.393
2026-05-19 14:27:38.672,57500,86.606,21.090580207281,80.804,31.164,3069.393
2026-05-19 14:27:38.783,57750,86.606,21.090580207281,80.804,31.164,3069.393
2026-05-19 14:27:38.783,58000,85.554,26.826975047971,76.358,38.571,3111.581
2026-05-19 14:27:38.784,58250,82.892,27.412560063454,73.585,38.163,3206.9
2026-05-19 14:27:38.784,58500,82.892,27.412560063454,73.585,38.163,3206.9
2026-05-19 14:27:38.896,58750,82.892,27.412560063454,73.585,38.163,3206.9
2026-05-19 14:27:38.898,59000,84.653,31.782464842233,71.96,44.586,3140.187
2026-05-19 14:27:38.899,59250,84.653,31.782464842233,71.96,44.586,3140.187
2026-05-19 14:27:39.008,59500,82.892,27.412560063454,73.585,38.163,3206.9
2026-05-19 14:27:39.009,59750,89.546,25.948597524747,80.519,39.182,2968.602
2026-05-19 14:27:39.010,60000,89.546,25.948597524747,80.519,39.182,2968.602
2026-05-19 14:27:39.010,60250,89.546,25.948597524747,80.519,39.182,2968.602
2026-05-19 14:27:39.119,60500,89.546,25.948597524747,80.519,39.182,2968.602
2026-05-19 14:27:39.120,60750,89.546,25.948597524747,80.519,39.182,2968.602
2026-05-19 14:27:39.120,61000,89.546,25.948597524747,80.519,39.182,2968.602
2026-05-19 14:27:39.121,61250,89.546,25.948597524747,80.519,39.182,2968.602
2026-05-19 14:27:39.230,61500,89.546,25.948597524747,80.519,39.182,2968.602
2026-05-19 14:27:39.231,61750,89.546,25.948597524747,80.519,39.182,2968.602
2026-05-19 14:27:39.231,62000,89.546,25.948597524747,80.519,39.182,2968.602
2026-05-19 14:27:39.232,62250,89.546,25.948597524747,80.519,39.182,2968.602
2026-05-19 14:27:39.341,62500,89.546,25.948597524747,80.519,39.182,2968.602
2026-05-19 14:27:39.342,62750,89.546,25.948597524747,80.519,39.182,2968.602
2026-05-19 14:27:39.342,63000,89.546,25.948597524747,80.519,39.182,2968.602
2026-05-19 14:27:39.343,63250,97.148,24.260150138543,88.568,39.916,2736.319
2026-05-19 14:27:39.453,63500,97.148,24.260150138543,88.568,39.916,2736.319
2026-05-19 14:27:39.454,63750,97.148,24.260150138543,88.568,39.916,2736.319
2026-05-19 14:27:39.454,64000,97.148,24.260150138543,88.568,39.916,2736.319
2026-05-19 14:27:39.454,64250,97.148,24.260150138543,88.568,39.916,2736.319
2026-05-19 14:27:39.564,64500,97.148,24.260150138543,88.568,39.916,2736.319
2026-05-19 14:27:39.565,64750,97.148,24.260150138543,88.568,39.916,2736.319
2026-05-19 14:27:39.565,65000,97.148,24.260150138543,88.568,39.916,2736.319
2026-05-19 14:27:39.566,65250,97.148,24.260150138543,88.568,39.916,2736.319
2026-05-19 14:27:39.676,65500,97.148,24.260150138543,88.568,39.916,2736.319
2026-05-19 14:27:39.676,65750,97.148,24.260150138543,88.568,39.916,2736.319
2026-05-19 14:27:39.677,66000,97.148,24.260150138543,88.568,39.916,2736.319
2026-05-19 14:27:39.677,66250,97.148,24.260150138543,88.568,39.916,2736.319
2026-05-19 14:27:39.782,66500,97.148,24.260150138543,88.568,39.916,2736.319
2026-05-19 14:27:39.783,66750,97.148,24.260150138543,88.568,39.916,2736.319
2026-05-19 14:27:39.783,67000,97.148,24.260150138543,88.568,39.916,2736.319
2026-05-19 14:27:39.784,67250,104.764,22.546742967782,96.768,40.113,2540.946
2026-05-19 14:27:39.896,67500,106.668,22.118391175092,98.818,40.163,2492.103
2026-05-19 14:27:39.897,67750,106.668,22.118391175092,98.818,40.163,2492.103
2026-05-19 14:27:39.897,68000,106.668,22.118391175092,98.818,40.163,2492.103
2026-05-19 14:27:39.898,68250,106.668,22.118391175092,98.818,40.163,2492.103
2026-05-19 14:27:40.007,68500,106.668,22.118391175092,98.818,40.163,2492.103
2026-05-19 14:27:40.008,68750,101.797,16.550640512033,97.579,28.998,2611.351
2026-05-19 14:27:40.008,69000,101.797,16.550640512033,97.579,28.998,2611.351
2026-05-19 14:27:40.009,69250,101.797,16.550640512033,97.579,28.998,2611.351
2026-05-19 14:27:40.119,69500,101.797,16.550640512033,97.579,28.998,2611.351
2026-05-19 14:27:40.119,69750,101.797,16.550640512033,97.579,28.998,2611.351
2026-05-19 14:27:40.120,70000,101.797,16.550640512033,97.579,28.998,2611.351
2026-05-19 14:27:40.120,70250,101.797,16.550640512033,97.579,28.998,2611.351
2026-05-19 14:27:40.230,70500,101.797,16.550640512033,97.579,28.998,2611.351
2026-05-19 14:27:40.230,70750,101.797,16.550640512033,97.579,28.998,2611.351
2026-05-19 14:27:40.230,71000,101.797,16.550640512033,97.579,28.998,2611.351
2026-05-19 14:27:40.231,71250,101.797,16.550640512033,97.579,28.998,2611.351
2026-05-19 14:27:40.342,71500,101.797,16.550640512033,97.579,28.998,2611.351
2026-05-19 14:27:40.343,71750,112.659,13.182513328775,109.69,25.692,2359.568
2026-05-19 14:27:40.343,72000,112.659,13.182513328775,109.69,25.692,2359.568
2026-05-19 14:27:40.343,72250,115.344,15.591869574579,110.905,31.123,2306.492
2026-05-19 14:27:40.453,72500,119.372,19.205903943283,112.728,39.269,2226.878
2026-05-19 14:27:40.453,72750,119.372,19.205903943283,112.728,39.269,2226.878
2026-05-19 14:27:40.454,73000,119.372,19.205903943283,112.728,39.269,2226.878
2026-05-19 14:27:40.564,73250,119.372,19.205903943283,112.728,39.269,2226.878
2026-05-19 14:27:40.565,73500,119.372,19.205903943283,112.728,39.269,2226.878
2026-05-19 14:27:40.565,73750,119.372,19.205903943283,112.728,39.269,2226.878
2026-05-19 14:27:40.566,74000,119.372,19.205903943283,112.728,39.269,2226.878
2026-05-19 14:27:40.676,74250,119.372,19.205903943283,112.728,39.269,2226.878
2026-05-19 14:27:40.677,74500,119.372,19.205903943283,112.728,39.269,2226.878
2026-05-19 14:27:40.677,74750,119.372,19.205903943283,112.728,39.269,2226.878
2026-05-19 14:27:40.677,75000,119.372,19.205903943283,112.728,39.269,2226.878
2026-05-19 14:27:40.782,75250,119.372,19.205903943283,112.728,39.269,2226.878
2026-05-19 14:27:40.783,75500,119.372,19.205903943283,112.728,39.269,2226.878
2026-05-19 14:27:40.783,75750,119.372,19.205903943283,112.728,39.269,2226.878
2026-05-19 14:27:40.784,76000,119.372,19.205903943283,112.728,39.269,2226.878
2026-05-19 14:27:40.784,76250,119.372,19.205903943283,112.728,39.269,2226.878
2026-05-19 14:27:40.894,76500,119.372,19.205903943283,112.728,39.269,2226.878
2026-05-19 14:27:40.895,76750,119.372,19.205903943283,112.728,39.269,2226.878
2026-05-19 14:27:40.895,77000,119.372,19.205903943283,112.728,39.269,2226.878
2026-05-19 14:27:40.895,77250,119.372,19.205903943283,112.728,39.269,2226.878
2026-05-19 14:27:40.896,77500,122.122,18.558818745947,115.779,38.741,2180.876
2026-05-19 14:27:41.004,77750,133.122,15.970477956601,127.984,36.627,1996.867
2026-05-19 14:27:41.005,78000,133.122,15.970477956601,127.984,36.627,1996.867
2026-05-19 14:27:41.005,78250,133.122,15.970477956601,127.984,36.627,1996.867
2026-05-19 14:27:41.006,78500,133.122,15.970477956601,127.984,36.627,1996.867
2026-05-19 14:27:41.006,78750,133.122,15.970477956601,127.984,36.627,1996.867
2026-05-19 14:27:41.116,79000,133.122,15.970477956601,127.984,36.627,1996.867
2026-05-19 14:27:41.117,79250,133.122,15.970477956601,127.984,36.627,1996.867
2026-05-19 14:27:41.117,79500,133.122,15.970477956601,127.984,36.627,1996.867
2026-05-19 14:27:41.118,79750,133.122,15.970477956601,127.984,36.627,1996.867
2026-05-19 14:27:41.227,80000,133.122,15.970477956601,127.984,36.627,1996.867
2026-05-19 14:27:41.227,80250,133.122,15.970477956601,127.984,36.627,1996.867
2026-05-19 14:27:41.228,80500,133.122,15.970477956601,127.984,36.627,1996.867
2026-05-19 14:27:41.228,80750,133.122,15.970477956601,127.984,36.627,1996.867
2026-05-19 14:27:41.229,81000,133.122,15.970477956601,127.984,36.627,1996.867
2026-05-19 14:27:41.338,81250,133.122,15.970477956601,127.984,36.627,1996.867
2026-05-19 14:27:41.339,81500,133.122,15.970477956601,127.984,36.627,1996.867
2026-05-19 14:27:41.340,81750,133.122,15.970477956601,127.984,36.627,1996.867
2026-05-19 14:27:41.340,82000,140.808,22.646277660017,129.952,54.217,1887.867
2026-05-19 14:27:41.340,82250,140.808,22.646277660017,129.952,54.217,1887.867
2026-05-19 14:27:41.450,82500,140.808,22.646277660017,129.952,54.217,1887.867
2026-05-19 14:27:41.450,82750,140.808,22.646277660017,129.952,54.217,1887.867
2026-05-19 14:27:41.451,83000,140.808,22.646277660017,129.952,54.217,1887.867
2026-05-19 14:27:41.451,83250,156.11,20.054241141864,146.67,53.356,1707.241
2026-05-19 14:27:41.452,83500,159.936,19.406232012326,150.849,53.141,1662.085
2026-05-19 14:27:41.563,83750,159.936,19.406232012326,150.849,53.141,1662.085
2026-05-19 14:27:41.564,84000,159.936,19.406232012326,150.849,53.141,1662.085
2026-05-19 14:27:41.564,84250,159.936,19.406232012326,150.849,53.141,1662.085
2026-05-19 14:27:41.564,84500,159.936,19.406232012326,150.849,53.141,1662.085
2026-05-19 14:27:41.565,84750,159.936,19.406232012326,150.849,53.141,1662.085
2026-05-19 14:27:41.676,85000,159.936,19.406232012326,150.849,53.141,1662.085
2026-05-19 14:27:41.676,85250,159.936,19.406232012326,150.849,53.141,1662.085
2026-05-19 14:27:41.677,85500,159.936,19.406232012326,150.849,53.141,1662.085
2026-05-19 14:27:41.677,85750,159.936,19.406232012326,150.849,53.141,1662.085
2026-05-19 14:27:41.677,86000,159.936,19.406232012326,150.849,53.141,1662.085
2026-05-19 14:27:41.784,86250,159.936,19.406232012326,150.849,53.141,1662.085
2026-05-19 14:27:41.785,86500,159.936,19.406232012326,150.849,53.141,1662.085
2026-05-19 14:27:41.786,86750,159.936,19.406232012326,150.849,53.141,1662.085
2026-05-19 14:27:41.786,87000,159.936,19.406232012326,150.849,53.141,1662.085
2026-05-19 14:27:41.896,87250,159.936,19.406232012326,150.849,53.141,1662.085
2026-05-19 14:27:41.897,87500,159.936,19.406232012326,150.849,53.141,1662.085
2026-05-19 14:27:41.897,87750,159.936,19.406232012326,150.849,53.141,1662.085
2026-05-19 14:27:41.898,88000,159.936,19.406232012326,150.849,53.141,1662.085
2026-05-19 14:27:41.898,88250,159.936,19.406232012326,150.849,53.141,1662.085
2026-05-19 14:27:42.008,88500,159.936,19.406232012326,150.849,53.141,1662.085
2026-05-19 14:27:42.009,88750,159.936,19.406232012326,150.849,53.141,1662.085
2026-05-19 14:27:42.010,89000,159.936,19.406232012326,150.849,53.141,1662.085
2026-05-19 14:27:42.010,89250,185.073,15.007729137185,178.76,47.925,1436.336
2026-05-19 14:27:42.010,89500,185.073,15.007729137185,178.76,47.925,1436.336
2026-05-19 14:27:42.120,89750,185.073,15.007729137185,178.76,47.925,1436.336
2026-05-19 14:27:42.121,90000,185.073,15.007729137185,178.76,47.925,1436.336
2026-05-19 14:27:42.121,90250,185.073,15.007729137185,178.76,47.925,1436.336
2026-05-19 14:27:42.122,90500,200.685,24.909722704875,182.016,84.526,1324.598
2026-05-19 14:27:42.122,90750,200.685,24.909722704875,182.016,84.526,1324.598
2026-05-19 14:27:42.232,91000,200.685,24.909722704875,182.016,84.526,1324.598
2026-05-19 14:27:42.233,91250,200.685,24.909722704875,182.016,84.526,1324.598
2026-05-19 14:27:42.233,91500,200.685,24.909722704875,182.016,84.526,1324.598
2026-05-19 14:27:42.234,91750,200.685,24.909722704875,182.016,84.526,1324.598
2026-05-19 14:27:42.234,92000,200.685,24.909722704875,182.016,84.526,1324.598
2026-05-19 14:27:42.343,92250,200.685,24.909722704875,182.016,84.526,1324.598
2026-05-19 14:27:42.344,92500,200.685,24.909722704875,182.016,84.526,1324.598
2026-05-19 14:27:42.344,92750,200.685,24.909722704875,182.016,84.526,1324.598
2026-05-19 14:27:42.344,93000,200.685,24.909722704875,182.016,84.526,1324.598
2026-05-19 14:27:42.345,93250,200.685,24.909722704875,182.016,84.526,1324.598
2026-05-19 14:27:42.455,93500,200.685,24.909722704875,182.016,84.526,1324.598
2026-05-19 14:27:42.456,93750,200.685,24.909722704875,182.016,84.526,1324.598
2026-05-19 14:27:42.456,94000,200.685,24.909722704875,182.016,84.526,1324.598
2026-05-19 14:27:42.457,94250,200.685,24.909722704875,182.016,84.526,1324.598
2026-05-19 14:27:42.457,94500,200.685,24.909722704875,182.016,84.526,1324.598
2026-05-19 14:27:42.567,94750,200.685,24.909722704875,182.016,84.526,1324.598
2026-05-19 14:27:42.568,95000,365.001,2.788398603818,364.569,17.756,1324.598
2026-05-19 14:27:42.568,95250,210.212,23.897238991606,192.326,84.483,1273.78
2026-05-19 14:27:42.568,95500,248.319,19.847304138534,233.569,84.308,1070.507
2026-05-19 14:27:42.678,95750,248.319,19.847304138534,233.569,84.308,1070.507
2026-05-19 14:27:42.679,96000,451.637,-2.274019962523,451.281,-17.92,1070.507
2026-05-19 14:27:42.679,96250,451.637,-2.274019962523,451.281,-17.92,1070.507
2026-05-19 14:27:42.680,96500,451.637,-2.274019962523,451.281,-17.92,1070.507
2026-05-19 14:27:42.680,96750,248.319,19.847304138534,233.569,84.308,1070.507
2026-05-19 14:27:42.783,97000,248.319,19.847304138534,233.569,84.308,1070.507
2026-05-19 14:27:42.783,97250,979.0,0.0,979.0,0.0,1070.507
2026-05-19 14:27:42.784,97500,979.0,0.0,979.0,0.0,1070.507
2026-05-19 14:27:42.784,97750,979.0,0.0,979.0,0.0,1070.507
2026-05-19 14:27:42.785,98000,979.0,0.0,979.0,0.0,1070.507
2026-05-19 14:27:42.890,98250,979.0,0.0,979.0,0.0,1070.507
2026-05-19 14:27:42.891,98500,979.0,0.0,979.0,0.0,1070.507
2026-05-19 14:27:42.892,98750,979.0,0.0,979.0,0.0,1070.507
2026-05-19 14:27:42.892,99000,903.398,-13.945138107886,876.772,-217.712,1070.507
2026-05-19 14:27:42.893,99250,979.0,0.0,979.0,0.0,1070.507
2026-05-19 14:27:43.002,99500,979.0,0.0,979.0,0.0,1070.507
2026-05-19 14:27:43.002,99750,903.398,-13.945138107886,876.772,-217.712,1070.507
2026-05-19 14:27:43.003,100000,903.398,-13.945138107886,876.772,-217.712,1070.507
2026-05-19 14:27:43.560,10000,971.87,1.752739384192,971.415,29.726,9286.314
2026-05-19 14:27:43.672,10250,979.0,0.0,979.0,0.0,9286.314
2026-05-19 14:27:43.895,10500,979.0,0.0,979.0,0.0,9286.314
2026-05-19 14:27:44.006,10750,974.699,0.936593187687,974.483,15.884,9327.412
2026-05-19 14:27:44.116,11000,952.958,-0.445795900565,952.929,-7.415,9354.811
2026-05-19 14:27:44.228,11250,967.037,0.117663273306,966.961,2.051,9219.998
2026-05-19 14:27:44.448,11500,977.454,0.295981633532,977.389,5.017,9120.46
2026-05-19 14:27:44.558,11750,979.0,0.0,979.0,0.0,9178.44
2026-05-19 14:27:44.668,12000,979.0,0.0,979.0,0.0,9178.44
2026-05-19 14:27:44.778,12250,953.95,-0.483762215423,953.916,-8.054,9178.44
2026-05-19 14:27:44.895,12500,959.308,-0.414201052739,959.277,-6.899,9211.704
2026-05-19 14:27:45.005,12750,959.308,-0.414201052739,959.277,-6.899,9211.704
2026-05-19 14:27:45.116,13000,979.0,0.0,979.0,0.0,9025.481
2026-05-19 14:27:45.226,13250,979.0,0.0,979.0,0.0,9110.657
2026-05-19 14:27:45.336,13500,979.0,0.0,979.0,0.0,9110.657
2026-05-19 14:27:45.447,13750,953.511,-0.596406353861,953.459,-9.925,9110.657
2026-05-19 14:27:45.558,14000,968.311,1.511920412512,967.973,25.549,8971.41
2026-05-19 14:27:45.668,14250,979.0,0.0,979.0,0.0,8971.41
2026-05-19 14:27:45.778,14500,979.0,0.0,979.0,0.0,8971.41
2026-05-19 14:27:45.896,14750,958.933,0.211057093635,958.846,3.459,9014.381
2026-05-19 14:27:46.007,15000,952.093,1.125504997653,951.909,18.701,9078.838
2026-05-19 14:27:46.120,15250,979.0,0.0,979.0,0.0,8938.448
2026-05-19 14:27:46.232,15500,979.0,0.0,979.0,0.0,8938.448
2026-05-19 14:27:46.344,15750,942.234,0.777334940449,942.147,12.783,9052.108
2026-05-19 14:27:46.455,16000,979.0,0.0,979.0,0.0,8828.731
2026-05-19 14:27:46.566,16250,954.79,-0.759016820001,954.706,-12.648,8828.731
2026-05-19 14:27:46.566,16500,972.96,0.666603470774,972.851,11.272,8883.766
2026-05-19 14:27:46.677,16750,955.291,-0.778640438833,955.203,-12.982,8920.457
2026-05-19 14:27:46.784,17000,979.0,0.0,979.0,0.0,8704.426
2026-05-19 14:27:46.895,17250,953.338,-0.872532988888,953.228,-14.517,8704.426
2026-05-19 14:27:47.007,17500,939.092,0.613423882303,939.038,10.054,8836.474
2026-05-19 14:27:47.116,17750,979.0,0.0,979.0,0.0,8611.81
2026-05-19 14:27:47.116,18000,979.0,0.0,979.0,0.0,8611.81
2026-05-19 14:27:47.231,18250,975.67,0.297188514811,975.605,4.991,8415.028
2026-05-19 14:27:47.333,18500,962.349,1.485942574055,962.026,24.955,8531.103
2026-05-19 14:27:47.440,18750,979.0,0.0,979.0,0.0,8531.103
2026-05-19 14:27:47.549,19000,954.571,-1.003388467307,954.424,-16.716,8531.103
2026-05-19 14:27:47.550,19250,979.0,0.0,979.0,0.0,8318.223
2026-05-19 14:27:47.659,19500,946.807,0.750843295882,946.684,12.515,8381.639
2026-05-19 14:27:47.769,19750,951.567,0.968576722558,951.388,16.193,8339.717
2026-05-19 14:27:47.771,20000,979.0,0.0,979.0,0.0,8255.872
2026-05-19 14:27:47.879,20250,979.0,0.0,979.0,0.0,8255.872
2026-05-19 14:27:47.991,20500,979.0,0.0,979.0,0.0,8055.627
2026-05-19 14:27:48.101,20750,960.578,1.321511433571,960.323,22.154,8210.115
2026-05-19 14:27:48.102,21000,944.258,0.525310431603,944.195,8.711,8176.876
2026-05-19 14:27:48.215,21250,979.0,0.0,979.0,0.0,8043.919
2026-05-19 14:27:48.327,21500,979.0,0.0,979.0,0.0,8043.919
2026-05-19 14:27:48.329,21750,979.0,0.0,979.0,0.0,7856.622
2026-05-19 14:27:48.440,22000,974.758,0.268968183771,974.705,4.496,7891.417
2026-05-19 14:27:48.550,22250,957.791,1.344840918854,957.527,22.479,8030.595
2026-05-19 14:27:48.550,22500,979.0,0.0,979.0,0.0,7842.522
2026-05-19 14:27:48.662,22750,979.0,0.0,979.0,0.0,7842.522
2026-05-19 14:27:48.663,23000,979.0,0.0,979.0,0.0,7658.862
2026-05-19 14:27:48.774,23250,979.0,0.0,979.0,0.0,7658.862
2026-05-19 14:27:48.880,23500,958.534,-1.300566439113,958.287,-21.756,7658.862
2026-05-19 14:27:48.880,23750,979.0,0.0,979.0,0.0,7498.755
2026-05-19 14:27:48.992,24000,955.49,1.239554918038,955.266,20.67,7683.264
2026-05-19 14:27:48.993,24250,954.416,1.23033097061,954.196,20.493,7515.704
2026-05-19 14:27:49.104,24500,979.0,0.0,979.0,0.0,7515.704
2026-05-19 14:27:49.215,24750,1522.939,-16.713682183264,1458.601,-437.981,7515.704
2026-05-19 14:27:49.216,25000,1542.126,-16.392613173073,1479.439,-435.215,7360.845
2026-05-19 14:27:49.326,25250,1067.869,-5.826152878019,1062.353,-108.4,7360.845
2026-05-19 14:27:49.327,25500,979.0,0.0,979.0,0.0,7206.363
2026-05-19 14:27:49.439,25750,1418.075,-9.188497132725,1399.879,-226.442,7206.363
2026-05-19 14:27:49.440,26000,1533.085,-15.366280685948,1478.279,-406.25,7206.363
2026-05-19 14:27:49.549,26250,979.0,0.0,979.0,0.0,7078.333
2026-05-19 14:27:49.651,26500,37.555,-80.059659452227,6.483,-36.991,7078.333
2026-05-19 14:27:49.652,26750,38.319,-78.362496472059,7.73,-37.531,6937.194
2026-05-19 14:27:49.765,27000,38.319,-78.362496472059,7.73,-37.531,6937.194
2026-05-19 14:27:49.766,27250,38.767,-77.32009126513,8.514,-37.817,6857.571
2026-05-19 14:27:49.880,27500,39.066,-76.62515446051,9.037,-38.007,6804.488
2026-05-19 14:27:49.880,27750,39.066,-76.62515446051,9.037,-38.007,6804.488
2026-05-19 14:27:49.991,28000,39.852,-74.701199373016,10.515,-38.44,6670.342
2026-05-19 14:27:49.992,28250,39.852,-74.701199373016,10.515,-38.44,6670.342
2026-05-19 14:27:50.104,28500,40.403,-73.274046894695,11.63,-38.689,6579.735
2026-05-19 14:27:50.105,28750,40.54,-72.917258775115,11.909,-38.752,6557.083
2026-05-19 14:27:50.215,29000,40.54,-72.917258775115,11.909,-38.752,6557.083
2026-05-19 14:27:50.216,29250,41.278,-70.880669943164,13.52,-39.001,6439.888
2026-05-19 14:27:50.329,29500,41.278,-70.880669943164,13.52,-39.001,6439.888
2026-05-19 14:27:50.330,29750,41.71,-69.595203639847,14.546,-39.084,6373.663
2026-05-19 14:27:50.443,30000,41.998,-68.738226104302,15.23,-39.139,6329.513
2026-05-19 14:27:50.444,30250,41.998,-68.738226104302,15.23,-39.139,6329.513
2026-05-19 14:27:50.557,30500,42.66,-66.591391924142,16.948,-39.149,6231.235
2026-05-19 14:27:50.557,30750,42.66,-66.591391924142,16.948,-39.149,6231.235
2026-05-19 14:27:50.669,31000,42.66,-66.591391924142,16.948,-39.149,6231.235
2026-05-19 14:27:50.670,31250,43.346,-64.132202147052,18.911,-39.002,6132.743
2026-05-19 14:27:50.773,31500,43.346,-64.132202147052,18.911,-39.002,6132.743
2026-05-19 14:27:50.773,31750,43.901,-61.887761233116,20.686,-38.722,6055.123
2026-05-19 14:27:50.879,32000,45.325,-62.452956945426,20.958,-40.188,5866.398
2026-05-19 14:27:50.881,32250,45.681,-62.594255873503,21.026,-40.554,5819.217
2026-05-19 14:27:50.989,32500,46.269,-60.093303711403,23.069,-40.108,5745.191
2026-05-19 14:27:50.989,32750,46.269,-60.093303711403,23.069,-40.108,5745.191
2026-05-19 14:27:51.099,33000,46.269,-60.093303711403,23.069,-40.108,5745.191
2026-05-19 14:27:51.100,33250,46.781,-57.532088690624,25.113,-39.469,5682.385
2026-05-19 14:27:51.100,33500,46.781,-57.532088690624,25.113,-39.469,5682.385
2026-05-19 14:27:51.210,33750,46.781,-57.532088690624,25.113,-39.469,5682.385
2026-05-19 14:27:51.210,34000,47.212,-54.878883692718,27.161,-38.617,5630.485
2026-05-19 14:27:51.320,34250,49.415,-55.344857481475,28.099,-40.649,5379.444
2026-05-19 14:27:51.321,34500,49.49,-54.797793125969,28.526,-40.431,5371.359
2026-05-19 14:27:51.431,34750,49.789,-52.609535703947,30.234,-39.559,5339.018
2026-05-19 14:27:51.432,35000,49.789,-52.609535703947,30.234,-39.559,5339.018
2026-05-19 14:27:51.432,35250,49.789,-52.609535703947,30.234,-39.559,5339.018
2026-05-19 14:27:51.543,35500,50.043,-49.967871920273,32.189,-38.317,5311.955
2026-05-19 14:27:51.543,35750,52.432,-50.205683636686,33.558,-40.286,5069.911
2026-05-19 14:27:51.653,36000,52.432,-50.205683636686,33.558,-40.286,5069.911
2026-05-19 14:27:51.654,36250,52.606,-47.325051858019,35.658,-38.677,5053.16
2026-05-19 14:27:51.769,36500,52.606,-47.325051858019,35.658,-38.677,5053.16
2026-05-19 14:27:51.770,36750,52.611,-42.822243692612,38.589,-35.761,5052.649
2026-05-19 14:27:51.770,37000,52.611,-42.822243692612,38.589,-35.761,5052.649
2026-05-19 14:27:51.878,37250,55.359,-42.708436156368,40.679,-37.548,4801.84
2026-05-19 14:27:51.879,37500,55.359,-42.708436156368,40.679,-37.548,4801.84
2026-05-19 14:27:51.989,37750,55.156,-39.582773831534,42.509,-35.145,4819.526
2026-05-19 14:27:51.989,38000,55.156,-39.582773831534,42.509,-35.145,4819.526
2026-05-19 14:27:51.990,38250,55.156,-39.582773831534,42.509,-35.145,4819.526
2026-05-19 14:27:52.100,38500,55.156,-39.582773831534,42.509,-35.145,4819.526
2026-05-19 14:27:52.101,38750,57.896,-36.003370127391,46.837,-34.033,4591.487
2026-05-19 14:27:52.211,39000,57.896,-36.003370127391,46.837,-34.033,4591.487
2026-05-19 14:27:52.211,39250,57.896,-36.003370127391,46.837,-34.033,4591.487
2026-05-19 14:27:52.212,39500,57.896,-36.003370127391,46.837,-34.033,4591.487
2026-05-19 14:27:52.316,39750,57.323,-32.938897081218,48.108,-31.169,4637.368
2026-05-19 14:27:52.317,40000,60.684,-32.22008329163,51.339,-32.355,4380.519
2026-05-19 14:27:52.419,40250,60.684,-32.22008329163,51.339,-32.355,4380.519
2026-05-19 14:27:52.419,40500,60.684,-32.22008329163,51.339,-32.355,4380.519
2026-05-19 14:27:52.420,40750,60.496,-31.528970488732,51.546,-31.634,4394.303
2026-05-19 14:27:52.533,41000,59.744,-28.764519277142,52.372,-28.749,4449.44
2026-05-19 14:27:52.534,41250,62.363,-28.031672806158,55.047,-29.308,4262.566
2026-05-19 14:27:52.646,41500,62.363,-28.031672806158,55.047,-29.308,4262.566
2026-05-19 14:27:52.647,41750,61.196,-24.812922581771,55.547,-25.681,4343.838
2026-05-19 14:27:52.647,42000,61.196,-24.812922581771,55.547,-25.681,4343.838
2026-05-19 14:27:52.757,42250,63.364,-24.063770873825,57.861,-25.818,4198.569
2026-05-19 14:27:52.758,42500,64.809,-23.564336401861,59.404,-25.909,4101.722
2026-05-19 14:27:52.758,42750,64.809,-23.564336401861,59.404,-25.909,4101.722
2026-05-19 14:27:52.863,43000,64.809,-23.564336401861,59.404,-25.909,4101.722
2026-05-19 14:27:52.864,43250,63.318,-20.425026869974,59.337,-22.097,4198.29
2026-05-19 14:27:52.864,43500,63.318,-20.425026869974,59.337,-22.097,4198.29
2026-05-19 14:27:52.975,43750,67.117,-18.842533874968,63.521,-21.677,3960.624
2026-05-19 14:27:52.976,44000,67.117,-18.842533874968,63.521,-21.677,3960.624
2026-05-19 14:27:52.976,44250,67.117,-18.842533874968,63.521,-21.677,3960.624
2026-05-19 14:27:53.086,44500,67.117,-18.842533874968,63.521,-21.677,3960.624
2026-05-19 14:27:53.087,44750,68.843,-13.718148915148,66.879,-16.326,3861.35
2026-05-19 14:27:53.199,45000,68.843,-13.718148915148,66.879,-16.326,3861.35
2026-05-19 14:27:53.199,45250,68.843,-13.718148915148,66.879,-16.326,3861.35
2026-05-19 14:27:53.200,45500,68.843,-13.718148915148,66.879,-16.326,3861.35
2026-05-19 14:27:53.310,45750,68.843,-13.718148915148,66.879,-16.326,3861.35
2026-05-19 14:27:53.311,46000,72.713,-11.740262154111,71.192,-14.795,3655.855
2026-05-19 14:27:53.312,46250,69.53,-8.091137873153,68.838,-9.786,3823.201
2026-05-19 14:27:53.425,46500,69.53,-8.091137873153,68.838,-9.786,3823.201
2026-05-19 14:27:53.426,46750,69.53,-8.091137873153,68.838,-9.786,3823.201
2026-05-19 14:27:53.426,47000,69.53,-8.091137873153,68.838,-9.786,3823.201
2026-05-19 14:27:53.541,47250,73.319,-5.708369354093,72.955,-7.293,3625.638
2026-05-19 14:27:53.541,47500,73.319,-5.708369354093,72.955,-7.293,3625.638
2026-05-19 14:27:53.542,47750,73.319,-5.708369354093,72.955,-7.293,3625.638
2026-05-19 14:27:53.652,48000,73.319,-5.708369354093,72.955,-7.293,3625.638
2026-05-19 14:27:53.652,48250,73.319,-5.708369354093,72.955,-7.293,3625.638
2026-05-19 14:27:53.652,48500,73.454,0.0,73.454,0.0,3618.973
2026-05-19 14:27:53.764,48750,73.454,0.0,73.454,0.0,3618.973
2026-05-19 14:27:53.764,49000,73.454,0.0,73.454,0.0,3618.973
2026-05-19 14:27:53.765,49250,73.454,0.0,73.454,0.0,3618.973
2026-05-19 14:27:53.879,49500,77.319,3.100736592919,77.206,4.182,3438.037
2026-05-19 14:27:53.879,49750,77.319,3.100736592919,77.206,4.182,3438.037
2026-05-19 14:27:53.880,50000,77.319,3.100736592919,77.206,4.182,3438.037
2026-05-19 14:27:53.880,50250,77.319,3.100736592919,77.206,4.182,3438.037
2026-05-19 14:27:53.994,50500,77.319,3.100736592919,77.206,4.182,3438.037
2026-05-19 14:27:53.996,50750,77.319,3.100736592919,77.206,4.182,3438.037
2026-05-19 14:27:53.996,51000,77.08,9.452665724564,76.033,12.659,3448.719
2026-05-19 14:27:54.110,51250,77.08,9.452665724564,76.033,12.659,3448.719
2026-05-19 14:27:54.111,51500,77.08,9.452665724564,76.033,12.659,3448.719
2026-05-19 14:27:54.112,51750,77.08,9.452665724564,76.033,12.659,3448.719
2026-05-19 14:27:54.112,52000,77.08,9.452665724564,76.033,12.659,3448.719
2026-05-19 14:27:54.225,52250,80.435,13.108553979911,78.339,18.242,3304.868
2026-05-19 14:27:54.225,52500,80.435,13.108553979911,78.339,18.242,3304.868
2026-05-19 14:27:54.226,52750,80.435,13.108553979911,78.339,18.242,3304.868
2026-05-19 14:27:54.338,53000,80.435,13.108553979911,78.339,18.242,3304.868
2026-05-19 14:27:54.339,53250,80.435,13.108553979911,78.339,18.242,3304.868
2026-05-19 14:27:54.340,53500,80.435,13.108553979911,78.339,18.242,3304.868
2026-05-19 14:27:54.340,53750,83.559,16.888314374912,79.956,24.275,3181.295
2026-05-19 14:27:54.453,54000,83.559,16.888314374912,79.956,24.275,3181.295
2026-05-19 14:27:54.454,54250,83.559,16.888314374912,79.956,24.275,3181.295
2026-05-19 14:27:54.454,54500,83.559,16.888314374912,79.956,24.275,3181.295
2026-05-19 14:27:54.570,54750,83.559,16.888314374912,79.956,24.275,3181.295
2026-05-19 14:27:54.571,55000,83.559,16.888314374912,79.956,24.275,3181.295
2026-05-19 14:27:54.571,55250,83.559,16.888314374912,79.956,24.275,3181.295
2026-05-19 14:27:54.572,55500,85.996,20.250127040807,80.635,29.787,3091.773
2026-05-19 14:27:54.683,55750,86.606,21.090580207281,80.804,31.164,3069.393
2026-05-19 14:27:54.683,56000,86.606,21.090580207281,80.804,31.164,3069.393
2026-05-19 14:27:54.684,56250,86.606,21.090580207281,80.804,31.164,3069.393
2026-05-19 14:27:54.797,56500,86.606,21.090580207281,80.804,31.164,3069.393
2026-05-19 14:27:54.797,56750,86.606,21.090580207281,80.804,31.164,3069.393
2026-05-19 14:27:54.798,57000,86.606,21.090580207281,80.804,31.164,3069.393
2026-05-19 14:27:54.798,57250,86.606,21.090580207281,80.804,31.164,3069.393
2026-05-19 14:27:54.911,57500,86.606,21.090580207281,80.804,31.164,3069.393
2026-05-19 14:27:54.912,57750,86.606,21.090580207281,80.804,31.164,3069.393
2026-05-19 14:27:54.913,58000,85.554,26.826975047971,76.358,38.571,3111.581
2026-05-19 14:27:55.024,58250,82.892,27.412560063454,73.585,38.163,3206.9
2026-05-19 14:27:55.024,58500,82.892,27.412560063454,73.585,38.163,3206.9
2026-05-19 14:27:55.024,58750,82.892,27.412560063454,73.585,38.163,3206.9
2026-05-19 14:27:55.135,59000,84.653,31.782464842233,71.96,44.586,3140.187
2026-05-19 14:27:55.136,59250,84.653,31.782464842233,71.96,44.586,3140.187
2026-05-19 14:27:55.136,59500,82.892,27.412560063454,73.585,38.163,3206.9
2026-05-19 14:27:55.136,59750,89.546,25.948597524747,80.519,39.182,2968.602
2026-05-19 14:27:55.247,60000,89.546,25.948597524747,80.519,39.182,2968.602
2026-05-19 14:27:55.247,60250,89.546,25.948597524747,80.519,39.182,2968.602
2026-05-19 14:27:55.248,60500,89.546,25.948597524747,80.519,39.182,2968.602
2026-05-19 14:27:55.248,60750,89.546,25.948597524747,80.519,39.182,2968.602
2026-05-19 14:27:55.350,61000,89.546,25.948597524747,80.519,39.182,2968.602
2026-05-19 14:27:55.351,61250,89.546,25.948597524747,80.519,39.182,2968.602
2026-05-19 14:27:55.351,61500,89.546,25.948597524747,80.519,39.182,2968.602
2026-05-19 14:27:55.454,61750,89.546,25.948597524747,80.519,39.182,2968.602
2026-05-19 14:27:55.454,62000,89.546,25.948597524747,80.519,39.182,2968.602
2026-05-19 14:27:55.455,62250,89.546,25.948597524747,80.519,39.182,2968.602
2026-05-19 14:27:55.455,62500,89.546,25.948597524747,80.519,39.182,2968.602
2026-05-19 14:27:55.568,62750,89.546,25.948597524747,80.519,39.182,2968.602
2026-05-19 14:27:55.569,63000,89.546,25.948597524747,80.519,39.182,2968.602
2026-05-19 14:27:55.569,63250,97.148,24.260150138543,88.568,39.916,2736.319
2026-05-19 14:27:55.569,63500,97.148,24.260150138543,88.568,39.916,2736.319
2026-05-19 14:27:55.679,63750,97.148,24.260150138543,88.568,39.916,2736.319
2026-05-19 14:27:55.680,64000,97.148,24.260150138543,88.568,39.916,2736.319
2026-05-19 14:27:55.680,64250,97.148,24.260150138543,88.568,39.916,2736.319
2026-05-19 14:27:55.681,64500,97.148,24.260150138543,88.568,39.916,2736.319
2026-05-19 14:27:55.783,64750,97.148,24.260150138543,88.568,39.916,2736.319
2026-05-19 14:27:55.783,65000,97.148,24.260150138543,88.568,39.916,2736.319
2026-05-19 14:27:55.784,65250,97.148,24.260150138543,88.568,39.916,2736.319
2026-05-19 14:27:55.784,65500,97.148,24.260150138543,88.568,39.916,2736.319
2026-05-19 14:27:55.894,65750,97.148,24.260150138543,88.568,39.916,2736.319
2026-05-19 14:27:55.895,66000,97.148,24.260150138543,88.568,39.916,2736.319
2026-05-19 14:27:55.895,66250,97.148,24.260150138543,88.568,39.916,2736.319
2026-05-19 14:27:55.895,66500,97.148,24.260150138543,88.568,39.916,2736.319
2026-05-19 14:27:56.005,66750,97.148,24.260150138543,88.568,39.916,2736.319
2026-05-19 14:27:56.005,67000,97.148,24.260150138543,88.568,39.916,2736.319
2026-05-19 14:27:56.006,67250,106.668,22.118391175092,98.818,40.163,2492.103
2026-05-19 14:27:56.006,67500,106.668,22.118391175092,98.818,40.163,2492.103
2026-05-19 14:27:56.117,67750,106.668,22.118391175092,98.818,40.163,2492.103
2026-05-19 14:27:56.118,68000,106.668,22.118391175092,98.818,40.163,2492.103
2026-05-19 14:27:56.118,68250,106.668,22.118391175092,98.818,40.163,2492.103
2026-05-19 14:27:56.118,68500,105.694,21.00484104248,98.57,37.93,2515.952
2026-05-19 14:27:56.232,68750,101.797,16.550640512033,97.579,28.998,2611.351
2026-05-19 14:27:56.233,69000,101.797,16.550640512033,97.579,28.998,2611.351
2026-05-19 14:27:56.233,69250,101.797,16.550640512033,97.579,28.998,2611.351
2026-05-19 14:27:56.233,69500,101.797,16.550640512033,97.579,28.998,2611.351
2026-05-19 14:27:56.344,69750,101.797,16.550640512033,97.579,28.998,2611.351
2026-05-19 14:27:56.345,70000,101.797,16.550640512033,97.579,28.998,2611.351
2026-05-19 14:27:56.345,70250,101.797,16.550640512033,97.579,28.998,2611.351
2026-05-19 14:27:56.346,70500,101.797,16.550640512033,97.579,28.998,2611.351
2026-05-19 14:27:56.458,70750,101.797,16.550640512033,97.579,28.998,2611.351
2026-05-19 14:27:56.459,71000,101.797,16.550640512033,97.579,28.998,2611.351
2026-05-19 14:27:56.459,71250,101.797,16.550640512033,97.579,28.998,2611.351
2026-05-19 14:27:56.460,71500,101.797,16.550640512033,97.579,28.998,2611.351
2026-05-19 14:27:56.574,71750,112.659,13.182513328775,109.69,25.692,2359.568
2026-05-19 14:27:56.575,72000,112.659,13.182513328775,109.69,25.692,2359.568
2026-05-19 14:27:56.575,72250,115.344,15.591869574579,110.905,31.123,2306.492
2026-05-19 14:27:56.576,72500,119.372,19.205903943283,112.728,39.269,2226.878
2026-05-19 14:27:56.683,72750,119.372,19.205903943283,112.728,39.269,2226.878
2026-05-19 14:27:56.684,73000,119.372,19.205903943283,112.728,39.269,2226.878
2026-05-19 14:27:56.684,73250,119.372,19.205903943283,112.728,39.269,2226.878
2026-05-19 14:27:56.685,73500,119.372,19.205903943283,112.728,39.269,2226.878
2026-05-19 14:27:56.787,73750,119.372,19.205903943283,112.728,39.269,2226.878
2026-05-19 14:27:56.788,74000,119.372,19.205903943283,112.728,39.269,2226.878
2026-05-19 14:27:56.788,74250,119.372,19.205903943283,112.728,39.269,2226.878
2026-05-19 14:27:56.789,74500,119.372,19.205903943283,112.728,39.269,2226.878
2026-05-19 14:27:56.895,74750,119.372,19.205903943283,112.728,39.269,2226.878
2026-05-19 14:27:56.896,75000,119.372,19.205903943283,112.728,39.269,2226.878
2026-05-19 14:27:56.896,75250,119.372,19.205903943283,112.728,39.269,2226.878
2026-05-19 14:27:56.897,75500,119.372,19.205903943283,112.728,39.269,2226.878
2026-05-19 14:27:57.006,75750,119.372,19.205903943283,112.728,39.269,2226.878
2026-05-19 14:27:57.006,76000,119.372,19.205903943283,112.728,39.269,2226.878
2026-05-19 14:27:57.007,76250,119.372,19.205903943283,112.728,39.269,2226.878
2026-05-19 14:27:57.007,76500,119.372,19.205903943283,112.728,39.269,2226.878
2026-05-19 14:27:57.119,76750,119.372,19.205903943283,112.728,39.269,2226.878
2026-05-19 14:27:57.120,77000,119.372,19.205903943283,112.728,39.269,2226.878
2026-05-19 14:27:57.120,77250,119.372,19.205903943283,112.728,39.269,2226.878
2026-05-19 14:27:57.121,77500,122.122,18.558818745947,115.779,38.741,2180.876
2026-05-19 14:27:57.121,77750,133.122,15.970477956601,127.984,36.627,1996.867
2026-05-19 14:27:57.236,78000,133.122,15.970477956601,127.984,36.627,1996.867
2026-05-19 14:27:57.236,78250,133.122,15.970477956601,127.984,36.627,1996.867
2026-05-19 14:27:57.237,78500,133.122,15.970477956601,127.984,36.627,1996.867
2026-05-19 14:27:57.237,78750,133.122,15.970477956601,127.984,36.627,1996.867
2026-05-19 14:27:57.238,79000,133.122,15.970477956601,127.984,36.627,1996.867
2026-05-19 14:27:57.347,79250,133.122,15.970477956601,127.984,36.627,1996.867
2026-05-19 14:27:57.348,79500,133.122,15.970477956601,127.984,36.627,1996.867
2026-05-19 14:27:57.349,79750,133.122,15.970477956601,127.984,36.627,1996.867
2026-05-19 14:27:57.349,80000,133.122,15.970477956601,127.984,36.627,1996.867
2026-05-19 14:27:57.350,80250,133.122,15.970477956601,127.984,36.627,1996.867
2026-05-19 14:27:57.458,80500,133.122,15.970477956601,127.984,36.627,1996.867
2026-05-19 14:27:57.459,80750,133.122,15.970477956601,127.984,36.627,1996.867
2026-05-19 14:27:57.460,81000,133.122,15.970477956601,127.984,36.627,1996.867
2026-05-19 14:27:57.460,81250,133.122,15.970477956601,127.984,36.627,1996.867
2026-05-19 14:27:57.461,81500,133.122,15.970477956601,127.984,36.627,1996.867
2026-05-19 14:27:57.573,81750,134.659,17.305637897284,128.378,40.145,1975.067
2026-05-19 14:27:57.573,82000,140.808,22.646277660017,129.952,54.217,1887.867
2026-05-19 14:27:57.574,82250,140.808,22.646277660017,129.952,54.217,1887.867
2026-05-19 14:27:57.574,82500,140.808,22.646277660017,129.952,54.217,1887.867
2026-05-19 14:27:57.574,82750,140.808,22.646277660017,129.952,54.217,1887.867
2026-05-19 14:27:57.688,83000,140.808,22.646277660017,129.952,54.217,1887.867
2026-05-19 14:27:57.688,83250,159.936,19.406232012326,150.849,53.141,1662.085
2026-05-19 14:27:57.689,83500,159.936,19.406232012326,150.849,53.141,1662.085
2026-05-19 14:27:57.689,83750,159.936,19.406232012326,150.849,53.141,1662.085
2026-05-19 14:27:57.689,84000,159.936,19.406232012326,150.849,53.141,1662.085
2026-05-19 14:27:57.799,84250,159.936,19.406232012326,150.849,53.141,1662.085
2026-05-19 14:27:57.799,84500,159.936,19.406232012326,150.849,53.141,1662.085
2026-05-19 14:27:57.800,84750,159.936,19.406232012326,150.849,53.141,1662.085
2026-05-19 14:27:57.800,85000,159.936,19.406232012326,150.849,53.141,1662.085
2026-05-19 14:27:57.800,85250,159.936,19.406232012326,150.849,53.141,1662.085
2026-05-19 14:27:57.910,85500,159.936,19.406232012326,150.849,53.141,1662.085
2026-05-19 14:27:57.911,85750,159.936,19.406232012326,150.849,53.141,1662.085
2026-05-19 14:27:57.911,86000,159.936,19.406232012326,150.849,53.141,1662.085
2026-05-19 14:27:57.912,86250,159.936,19.406232012326,150.849,53.141,1662.085
2026-05-19 14:27:57.912,86500,159.936,19.406232012326,150.849,53.141,1662.085
2026-05-19 14:27:58.023,86750,159.936,19.406232012326,150.849,53.141,1662.085
2026-05-19 14:27:58.024,87000,159.936,19.406232012326,150.849,53.141,1662.085
2026-05-19 14:27:58.024,87250,159.936,19.406232012326,150.849,53.141,1662.085
2026-05-19 14:27:58.025,87500,159.936,19.406232012326,150.849,53.141,1662.085
2026-05-19 14:27:58.025,87750,159.936,19.406232012326,150.849,53.141,1662.085
2026-05-19 14:27:58.136,88000,159.936,19.406232012326,150.849,53.141,1662.085
2026-05-19 14:27:58.136,88250,159.936,19.406232012326,150.849,53.141,1662.085
2026-05-19 14:27:58.137,88500,159.936,19.406232012326,150.849,53.141,1662.085
2026-05-19 14:27:58.137,88750,159.936,19.406232012326,150.849,53.141,1662.085
2026-05-19 14:27:58.138,89000,159.936,19.406232012326,150.849,53.141,1662.085
2026-05-19 14:27:58.251,89250,185.073,15.007729137185,178.76,47.925,1436.336
2026-05-19 14:27:58.251,89500,185.073,15.007729137185,178.76,47.925,1436.336
2026-05-19 14:27:58.252,89750,185.073,15.007729137185,178.76,47.925,1436.336
2026-05-19 14:27:58.252,90000,185.073,15.007729137185,178.76,47.925,1436.336
2026-05-19 14:27:58.253,90250,185.073,15.007729137185,178.76,47.925,1436.336
2026-05-19 14:27:58.366,90500,200.685,24.909722704875,182.016,84.526,1324.598
2026-05-19 14:27:58.366,90750,200.685,24.909722704875,182.016,84.526,1324.598
2026-05-19 14:27:58.367,91000,200.685,24.909722704875,182.016,84.526,1324.598
2026-05-19 14:27:58.367,91250,200.685,24.909722704875,182.016,84.526,1324.598
2026-05-19 14:27:58.368,91500,200.685,24.909722704875,182.016,84.526,1324.598
2026-05-19 14:27:58.477,91750,200.685,24.909722704875,182.016,84.526,1324.598
2026-05-19 14:27:58.478,92000,200.685,24.909722704875,182.016,84.526,1324.598
2026-05-19 14:27:58.478,92250,200.685,24.909722704875,182.016,84.526,1324.598
2026-05-19 14:27:58.479,92500,200.685,24.909722704875,182.016,84.526,1324.598
2026-05-19 14:27:58.592,92750,200.685,24.909722704875,182.016,84.526,1324.598
2026-05-19 14:27:58.593,93000,200.685,24.909722704875,182.016,84.526,1324.598
2026-05-19 14:27:58.593,93250,200.685,24.909722704875,182.016,84.526,1324.598
2026-05-19 14:27:58.594,93500,200.685,24.909722704875,182.016,84.526,1324.598
2026-05-19 14:27:58.594,93750,200.685,24.909722704875,182.016,84.526,1324.598
2026-05-19 14:27:58.705,94000,200.685,24.909722704875,182.016,84.526,1324.598
2026-05-19 14:27:58.706,94250,200.685,24.909722704875,182.016,84.526,1324.598
2026-05-19 14:27:58.706,94500,200.685,24.909722704875,182.016,84.526,1324.598
2026-05-19 14:27:58.707,94750,200.685,24.909722704875,182.016,84.526,1324.598
2026-05-19 14:27:58.707,95000,365.001,2.788398603818,364.569,17.756,1324.598
2026-05-19 14:27:58.814,95250,219.738,22.884755278338,202.637,84.439,1222.962
2026-05-19 14:27:58.815,95500,248.319,19.847304138534,233.569,84.308,1070.507
2026-05-19 14:27:58.815,95750,248.319,19.847304138534,233.569,84.308,1070.507
2026-05-19 14:27:58.816,96000,451.637,-2.274019962523,451.281,-17.92,1070.507
2026-05-19 14:27:58.816,96250,451.637,-2.274019962523,451.281,-17.92,1070.507
2026-05-19 14:27:58.927,96500,451.637,-2.274019962523,451.281,-17.92,1070.507
2026-05-19 14:27:58.927,96750,248.319,19.847304138534,233.569,84.308,1070.507
2026-05-19 14:27:58.928,97000,248.319,19.847304138534,233.569,84.308,1070.507
2026-05-19 14:27:58.928,97250,979.0,0.0,979.0,0.0,1070.507
2026-05-19 14:27:58.928,97500,979.0,0.0,979.0,0.0,1070.507
2026-05-19 14:27:59.040,97750,979.0,0.0,979.0,0.0,1070.507
2026-05-19 14:27:59.041,98000,979.0,0.0,979.0,0.0,1070.507
2026-05-19 14:27:59.041,98250,979.0,0.0,979.0,0.0,1070.507
2026-05-19 14:27:59.042,98500,979.0,0.0,979.0,0.0,1070.507
2026-05-19 14:27:59.042,98750,979.0,0.0,979.0,0.0,1070.507
2026-05-19 14:27:59.154,99000,903.398,-13.945138107886,876.772,-217.712,1070.507
2026-05-19 14:27:59.155,99250,979.0,0.0,979.0,0.0,1070.507
2026-05-19 14:27:59.155,99500,979.0,0.0,979.0,0.0,1070.507
2026-05-19 14:27:59.156,99750,903.398,-13.945138107886,876.772,-217.712,1070.507
2026-05-19 14:27:59.156,100000,903.398,-13.945138107886,876.772,-217.712,1070.507
2026-05-19 14:27:59.713,10000,971.87,1.752739384192,971.415,29.726,9286.314
2026-05-19 14:27:59.926,10250,979.0,0.0,979.0,0.0,9286.314
2026-05-19 14:28:00.031,10500,979.0,0.0,979.0,0.0,9286.314
2026-05-19 14:28:00.142,10750,976.133,0.624395458458,975.988,10.589,9313.712
2026-05-19 14:28:00.363,11000,952.958,-0.445795900565,952.929,-7.415,9354.811
2026-05-19 14:28:00.473,11250,961.829,0.028504093193,961.747,0.568,9269.767
2026-05-19 14:28:00.580,11500,979.0,0.0,979.0,0.0,9105.965
2026-05-19 14:28:00.692,11750,979.0,0.0,979.0,0.0,9178.44
2026-05-19 14:28:00.912,12000,979.0,0.0,979.0,0.0,9178.44
2026-05-19 14:28:01.024,12250,953.95,-0.483762215423,953.916,-8.054,9178.44
2026-05-19 14:28:01.135,12500,954.385,-0.517751315924,954.346,-8.624,9258.26
2026-05-19 14:28:01.247,12750,964.231,-0.310650789554,964.208,-5.174,9165.148
2026-05-19 14:28:01.359,13000,979.0,0.0,979.0,0.0,9025.481
2026-05-19 14:28:01.474,13250,980.848,-0.287603676373,980.786,-4.96,9093.622
2026-05-19 14:28:01.587,13500,979.0,0.0,979.0,0.0,9110.657
2026-05-19 14:28:01.698,13750,953.511,-0.596406353861,953.459,-9.925,9110.657
2026-05-19 14:28:01.809,14000,968.311,1.511920412512,967.973,25.549,8971.41
2026-05-19 14:28:01.911,14250,979.0,0.0,979.0,0.0,8971.41
2026-05-19 14:28:02.024,14500,979.0,0.0,979.0,0.0,8971.41
2026-05-19 14:28:02.138,14750,958.933,0.211057093635,958.846,3.459,9014.381
2026-05-19 14:28:02.248,15000,955.084,1.209071407503,954.867,20.17,9050.76
2026-05-19 14:28:02.358,15250,979.0,0.0,979.0,0.0,8938.448
2026-05-19 14:28:02.469,15500,979.0,0.0,979.0,0.0,8938.448
2026-05-19 14:28:02.469,15750,942.234,0.777334940449,942.147,12.783,9052.108
2026-05-19 14:28:02.580,16000,979.0,0.0,979.0,0.0,8828.731
2026-05-19 14:28:02.691,16250,954.79,-0.759016820001,954.706,-12.648,8828.731
2026-05-19 14:28:02.798,16500,974.973,0.444402313849,974.9,7.515,8865.421
2026-05-19 14:28:02.911,16750,955.291,-0.778640438833,955.203,-12.982,8920.457
2026-05-19 14:28:03.022,17000,979.0,0.0,979.0,0.0,8704.426
2026-05-19 14:28:03.132,17250,953.338,-0.872532988888,953.228,-14.517,8704.426
2026-05-19 14:28:03.133,17500,939.092,0.613423882303,939.038,10.054,8836.474
2026-05-19 14:28:03.244,17750,979.0,0.0,979.0,0.0,8611.81
2026-05-19 14:28:03.354,18000,979.0,0.0,979.0,0.0,8611.81
2026-05-19 14:28:03.465,18250,972.34,0.594377029622,972.21,9.982,8444.046
2026-05-19 14:28:03.465,18500,962.349,1.485942574055,962.026,24.955,8531.103
2026-05-19 14:28:03.575,18750,979.0,0.0,979.0,0.0,8531.103
2026-05-19 14:28:03.689,19000,954.571,-1.003388467307,954.424,-16.716,8531.103
2026-05-19 14:28:03.799,19250,979.0,0.0,979.0,0.0,8318.223
2026-05-19 14:28:03.800,19500,946.807,0.750843295882,946.684,12.515,8381.639
2026-05-19 14:28:03.909,19750,951.567,0.968576722558,951.388,16.193,8339.717
2026-05-19 14:28:04.022,20000,979.0,0.0,979.0,0.0,8255.872
2026-05-19 14:28:04.132,20250,979.0,0.0,979.0,0.0,8255.872
2026-05-19 14:28:04.133,20500,979.0,0.0,979.0,0.0,8055.627
2026-05-19 14:28:04.243,20750,960.578,1.321511433571,960.323,22.154,8210.115
2026-05-19 14:28:04.356,21000,944.258,0.525310431603,944.195,8.711,8176.876
2026-05-19 14:28:04.357,21250,979.0,0.0,979.0,0.0,8043.919
2026-05-19 14:28:04.466,21500,979.0,0.0,979.0,0.0,8043.919
2026-05-19 14:28:04.580,21750,979.0,0.0,979.0,0.0,7856.622
2026-05-19 14:28:04.581,22000,979.0,0.0,979.0,0.0,7856.622
2026-05-19 14:28:04.691,22250,957.791,1.344840918854,957.527,22.479,8030.595
2026-05-19 14:28:04.799,22500,979.0,0.0,979.0,0.0,7842.522
2026-05-19 14:28:04.800,22750,979.0,0.0,979.0,0.0,7842.522
2026-05-19 14:28:04.913,23000,979.0,0.0,979.0,0.0,7658.862
2026-05-19 14:28:04.913,23250,979.0,0.0,979.0,0.0,7658.862
2026-05-19 14:28:05.029,23500,958.534,-1.300566439113,958.287,-21.756,7658.862
2026-05-19 14:28:05.143,23750,979.0,0.0,979.0,0.0,7498.755
2026-05-19 14:28:05.144,24000,955.49,1.239554918038,955.266,20.67,7683.264
2026-05-19 14:28:05.258,24250,954.416,1.23033097061,954.196,20.493,7515.704
2026-05-19 14:28:05.259,24500,979.0,0.0,979.0,0.0,7515.704
2026-05-19 14:28:05.361,24750,1522.939,-16.713682183264,1458.601,-437.981,7515.704
2026-05-19 14:28:05.464,25000,1542.126,-16.392613173073,1479.439,-435.215,7360.845
2026-05-19 14:28:05.464,25250,1067.869,-5.826152878019,1062.353,-108.4,7360.845
2026-05-19 14:28:05.574,25500,979.0,0.0,979.0,0.0,7206.363
2026-05-19 14:28:05.575,25750,1418.075,-9.188497132725,1399.879,-226.442,7206.363
2026-05-19 14:28:05.685,26000,1533.085,-15.366280685948,1478.279,-406.25,7206.363
2026-05-19 14:28:05.799,26250,979.0,0.0,979.0,0.0,7078.333
2026-05-19 14:28:05.799,26500,37.555,-80.059659452227,6.483,-36.991,7078.333
2026-05-19 14:28:05.910,26750,38.319,-78.362496472059,7.73,-37.531,6937.194
2026-05-19 14:28:05.911,27000,38.319,-78.362496472059,7.73,-37.531,6937.194
2026-05-19 14:28:06.024,27250,38.917,-76.97262286282,8.775,-37.912,6831.029
2026-05-19 14:28:06.024,27500,39.066,-76.62515446051,9.037,-38.007,6804.488
2026-05-19 14:28:06.132,27750,39.066,-76.62515446051,9.037,-38.007,6804.488
2026-05-19 14:28:06.133,28000,39.852,-74.701199373016,10.515,-38.44,6670.342
2026-05-19 14:28:06.247,28250,39.852,-74.701199373016,10.515,-38.44,6670.342
2026-05-19 14:28:06.248,28500,40.403,-73.274046894695,11.63,-38.689,6579.735
2026-05-19 14:28:06.357,28750,40.54,-72.917258775115,11.909,-38.752,6557.083
2026-05-19 14:28:06.358,29000,40.54,-72.917258775115,11.909,-38.752,6557.083
2026-05-19 14:28:06.468,29250,41.278,-70.880669943164,13.52,-39.001,6439.888
2026-05-19 14:28:06.468,29500,41.278,-70.880669943164,13.52,-39.001,6439.888
2026-05-19 14:28:06.578,29750,41.71,-69.595203639847,14.546,-39.084,6373.663
2026-05-19 14:28:06.579,30000,41.998,-68.738226104302,15.23,-39.139,6329.513
2026-05-19 14:28:06.688,30250,41.998,-68.738226104302,15.23,-39.139,6329.513
2026-05-19 14:28:06.688,30500,42.66,-66.591391924142,16.948,-39.149,6231.235
2026-05-19 14:28:06.800,30750,42.66,-66.591391924142,16.948,-39.149,6231.235
2026-05-19 14:28:06.801,31000,42.66,-66.591391924142,16.948,-39.149,6231.235
2026-05-19 14:28:06.913,31250,43.346,-64.132202147052,18.911,-39.002,6132.743
2026-05-19 14:28:06.913,31500,43.346,-64.132202147052,18.911,-39.002,6132.743
2026-05-19 14:28:07.025,31750,43.901,-61.887761233116,20.686,-38.722,6055.123
2026-05-19 14:28:07.025,32000,45.681,-62.594255873503,21.026,-40.554,5819.217
2026-05-19 14:28:07.137,32250,45.681,-62.594255873503,21.026,-40.554,5819.217
2026-05-19 14:28:07.138,32500,46.269,-60.093303711403,23.069,-40.108,5745.191
2026-05-19 14:28:07.250,32750,46.269,-60.093303711403,23.069,-40.108,5745.191
2026-05-19 14:28:07.250,33000,46.269,-60.093303711403,23.069,-40.108,5745.191
2026-05-19 14:28:07.251,33250,46.781,-57.532088690624,25.113,-39.469,5682.385
2026-05-19 14:28:07.361,33500,46.781,-57.532088690624,25.113,-39.469,5682.385
2026-05-19 14:28:07.362,33750,46.781,-57.532088690624,25.113,-39.469,5682.385
2026-05-19 14:28:07.476,34000,47.212,-54.878883692718,27.161,-38.617,5630.485
2026-05-19 14:28:07.477,34250,49.415,-55.344857481475,28.099,-40.649,5379.444
2026-05-19 14:28:07.477,34500,49.49,-54.797793125969,28.526,-40.431,5371.359
2026-05-19 14:28:07.583,34750,49.789,-52.609535703947,30.234,-39.559,5339.018
2026-05-19 14:28:07.584,35000,49.789,-52.609535703947,30.234,-39.559,5339.018
2026-05-19 14:28:07.686,35250,49.789,-52.609535703947,30.234,-39.559,5339.018
2026-05-19 14:28:07.687,35500,50.043,-49.967871920273,32.189,-38.317,5311.955
2026-05-19 14:28:07.798,35750,52.432,-50.205683636686,33.558,-40.286,5069.911
2026-05-19 14:28:07.799,36000,52.432,-50.205683636686,33.558,-40.286,5069.911
2026-05-19 14:28:07.911,36250,52.606,-47.325051858019,35.658,-38.677,5053.16
2026-05-19 14:28:07.911,36500,52.606,-47.325051858019,35.658,-38.677,5053.16
2026-05-19 14:28:07.911,36750,52.611,-42.822243692612,38.589,-35.761,5052.649
2026-05-19 14:28:08.022,37000,52.611,-42.822243692612,38.589,-35.761,5052.649
2026-05-19 14:28:08.023,37250,55.359,-42.708436156368,40.679,-37.548,4801.84
2026-05-19 14:28:08.136,37500,55.359,-42.708436156368,40.679,-37.548,4801.84
2026-05-19 14:28:08.137,37750,55.156,-39.582773831534,42.509,-35.145,4819.526
2026-05-19 14:28:08.138,38000,55.156,-39.582773831534,42.509,-35.145,4819.526
2026-05-19 14:28:08.250,38250,55.156,-39.582773831534,42.509,-35.145,4819.526
2026-05-19 14:28:08.251,38500,55.156,-39.582773831534,42.509,-35.145,4819.526
2026-05-19 14:28:08.364,38750,57.896,-36.003370127391,46.837,-34.033,4591.487
2026-05-19 14:28:08.366,39000,57.896,-36.003370127391,46.837,-34.033,4591.487
2026-05-19 14:28:08.367,39250,57.896,-36.003370127391,46.837,-34.033,4591.487
2026-05-19 14:28:08.475,39500,57.896,-36.003370127391,46.837,-34.033,4591.487
2026-05-19 14:28:08.476,39750,57.323,-32.938897081218,48.108,-31.169,4637.368
2026-05-19 14:28:08.477,40000,60.684,-32.22008329163,51.339,-32.355,4380.519
2026-05-19 14:28:08.586,40250,60.684,-32.22008329163,51.339,-32.355,4380.519
2026-05-19 14:28:08.586,40500,60.684,-32.22008329163,51.339,-32.355,4380.519
2026-05-19 14:28:08.695,40750,60.496,-31.528970488732,51.546,-31.634,4394.303
2026-05-19 14:28:08.696,41000,59.744,-28.764519277142,52.372,-28.749,4449.44
2026-05-19 14:28:08.696,41250,62.363,-28.031672806158,55.047,-29.308,4262.566
2026-05-19 14:28:08.812,41500,62.363,-28.031672806158,55.047,-29.308,4262.566
2026-05-19 14:28:08.813,41750,61.196,-24.812922581771,55.547,-25.681,4343.838
2026-05-19 14:28:08.926,42000,61.196,-24.812922581771,55.547,-25.681,4343.838
2026-05-19 14:28:08.927,42250,63.364,-24.063770873825,57.861,-25.818,4198.569
2026-05-19 14:28:08.927,42500,64.809,-23.564336401861,59.404,-25.909,4101.722
2026-05-19 14:28:09.039,42750,64.809,-23.564336401861,59.404,-25.909,4101.722
2026-05-19 14:28:09.040,43000,64.809,-23.564336401861,59.404,-25.909,4101.722
2026-05-19 14:28:09.040,43250,63.318,-20.425026869974,59.337,-22.097,4198.29
2026-05-19 14:28:09.152,43500,63.318,-20.425026869974,59.337,-22.097,4198.29
2026-05-19 14:28:09.153,43750,67.117,-18.842533874968,63.521,-21.677,3960.624
2026-05-19 14:28:09.154,44000,67.117,-18.842533874968,63.521,-21.677,3960.624
2026-05-19 14:28:09.266,44250,67.117,-18.842533874968,63.521,-21.677,3960.624
2026-05-19 14:28:09.266,44500,67.117,-18.842533874968,63.521,-21.677,3960.624
2026-05-19 14:28:09.267,44750,68.843,-13.718148915148,66.879,-16.326,3861.35
2026-05-19 14:28:09.379,45000,68.843,-13.718148915148,66.879,-16.326,3861.35
2026-05-19 14:28:09.380,45250,68.843,-13.718148915148,66.879,-16.326,3861.35
2026-05-19 14:28:09.380,45500,68.843,-13.718148915148,66.879,-16.326,3861.35
2026-05-19 14:28:09.492,45750,68.843,-13.718148915148,66.879,-16.326,3861.35
2026-05-19 14:28:09.493,46000,72.713,-11.740262154111,71.192,-14.795,3655.855
2026-05-19 14:28:09.493,46250,69.53,-8.091137873153,68.838,-9.786,3823.201
2026-05-19 14:28:09.606,46500,69.53,-8.091137873153,68.838,-9.786,3823.201
2026-05-19 14:28:09.607,46750,69.53,-8.091137873153,68.838,-9.786,3823.201
2026-05-19 14:28:09.607,47000,69.53,-8.091137873153,68.838,-9.786,3823.201
2026-05-19 14:28:09.719,47250,73.319,-5.708369354093,72.955,-7.293,3625.638
2026-05-19 14:28:09.720,47500,73.319,-5.708369354093,72.955,-7.293,3625.638
2026-05-19 14:28:09.720,47750,73.319,-5.708369354093,72.955,-7.293,3625.638
2026-05-19 14:28:09.831,48000,73.319,-5.708369354093,72.955,-7.293,3625.638
2026-05-19 14:28:09.831,48250,73.319,-5.708369354093,72.955,-7.293,3625.638
2026-05-19 14:28:09.832,48500,73.454,0.0,73.454,0.0,3618.973
2026-05-19 14:28:09.941,48750,73.454,0.0,73.454,0.0,3618.973
2026-05-19 14:28:09.942,49000,73.454,0.0,73.454,0.0,3618.973
2026-05-19 14:28:09.942,49250,73.454,0.0,73.454,0.0,3618.973
2026-05-19 14:28:10.058,49500,77.319,3.100736592919,77.206,4.182,3438.037
2026-05-19 14:28:10.058,49750,77.319,3.100736592919,77.206,4.182,3438.037
2026-05-19 14:28:10.059,50000,77.319,3.100736592919,77.206,4.182,3438.037
2026-05-19 14:28:10.171,50250,77.319,3.100736592919,77.206,4.182,3438.037
2026-05-19 14:28:10.171,50500,77.319,3.100736592919,77.206,4.182,3438.037
2026-05-19 14:28:10.172,50750,77.319,3.100736592919,77.206,4.182,3438.037
2026-05-19 14:28:10.172,51000,77.08,9.452665724564,76.033,12.659,3448.719
2026-05-19 14:28:10.284,51250,77.08,9.452665724564,76.033,12.659,3448.719
2026-05-19 14:28:10.284,51500,77.08,9.452665724564,76.033,12.659,3448.719
2026-05-19 14:28:10.285,51750,77.08,9.452665724564,76.033,12.659,3448.719
2026-05-19 14:28:10.399,52000,77.08,9.452665724564,76.033,12.659,3448.719
2026-05-19 14:28:10.400,52250,80.435,13.108553979911,78.339,18.242,3304.868
2026-05-19 14:28:10.400,52500,80.435,13.108553979911,78.339,18.242,3304.868
2026-05-19 14:28:10.401,52750,80.435,13.108553979911,78.339,18.242,3304.868
2026-05-19 14:28:10.512,53000,80.435,13.108553979911,78.339,18.242,3304.868
2026-05-19 14:28:10.513,53250,80.435,13.108553979911,78.339,18.242,3304.868
2026-05-19 14:28:10.513,53500,80.435,13.108553979911,78.339,18.242,3304.868
2026-05-19 14:28:10.625,53750,83.559,16.888314374912,79.956,24.275,3181.295
2026-05-19 14:28:10.626,54000,83.559,16.888314374912,79.956,24.275,3181.295
2026-05-19 14:28:10.626,54250,83.559,16.888314374912,79.956,24.275,3181.295
2026-05-19 14:28:10.738,54500,83.559,16.888314374912,79.956,24.275,3181.295
2026-05-19 14:28:10.738,54750,83.559,16.888314374912,79.956,24.275,3181.295
2026-05-19 14:28:10.739,55000,83.559,16.888314374912,79.956,24.275,3181.295
2026-05-19 14:28:10.739,55250,83.559,16.888314374912,79.956,24.275,3181.295
2026-05-19 14:28:10.847,55500,85.996,20.250127040807,80.635,29.787,3091.773
2026-05-19 14:28:10.848,55750,86.606,21.090580207281,80.804,31.164,3069.393
2026-05-19 14:28:10.848,56000,86.606,21.090580207281,80.804,31.164,3069.393
2026-05-19 14:28:10.961,56250,86.606,21.090580207281,80.804,31.164,3069.393
2026-05-19 14:28:10.961,56500,86.606,21.090580207281,80.804,31.164,3069.393
2026-05-19 14:28:10.962,56750,86.606,21.090580207281,80.804,31.164,3069.393
2026-05-19 14:28:10.962,57000,86.606,21.090580207281,80.804,31.164,3069.393
2026-05-19 14:28:11.074,57250,86.606,21.090580207281,80.804,31.164,3069.393
2026-05-19 14:28:11.075,57500,86.606,21.090580207281,80.804,31.164,3069.393
2026-05-19 14:28:11.075,57750,86.606,21.090580207281,80.804,31.164,3069.393
2026-05-19 14:28:11.188,58000,84.223,27.119767555713,74.971,38.367,3159.241
2026-05-19 14:28:11.188,58250,82.892,27.412560063454,73.585,38.163,3206.9
2026-05-19 14:28:11.189,58500,82.892,27.412560063454,73.585,38.163,3206.9
2026-05-19 14:28:11.301,58750,82.892,27.412560063454,73.585,38.163,3206.9
2026-05-19 14:28:11.302,59000,84.653,31.782464842233,71.96,44.586,3140.187
2026-05-19 14:28:11.302,59250,84.653,31.782464842233,71.96,44.586,3140.187
2026-05-19 14:28:11.303,59500,82.892,27.412560063454,73.585,38.163,3206.9
2026-05-19 14:28:11.412,59750,89.546,25.948597524747,80.519,39.182,2968.602
2026-05-19 14:28:11.412,60000,89.546,25.948597524747,80.519,39.182,2968.602
2026-05-19 14:28:11.413,60250,89.546,25.948597524747,80.519,39.182,2968.602
2026-05-19 14:28:11.413,60500,89.546,25.948597524747,80.519,39.182,2968.602
2026-05-19 14:28:11.525,60750,89.546,25.948597524747,80.519,39.182,2968.602
2026-05-19 14:28:11.525,61000,89.546,25.948597524747,80.519,39.182,2968.602
2026-05-19 14:28:11.526,61250,89.546,25.948597524747,80.519,39.182,2968.602
2026-05-19 14:28:11.526,61500,89.546,25.948597524747,80.519,39.182,2968.602
2026-05-19 14:28:11.637,61750,89.546,25.948597524747,80.519,39.182,2968.602
2026-05-19 14:28:11.638,62000,89.546,25.948597524747,80.519,39.182,2968.602
2026-05-19 14:28:11.638,62250,89.546,25.948597524747,80.519,39.182,2968.602
2026-05-19 14:28:11.639,62500,89.546,25.948597524747,80.519,39.182,2968.602
2026-05-19 14:28:11.750,62750,89.546,25.948597524747,80.519,39.182,2968.602
2026-05-19 14:28:11.751,63000,89.546,25.948597524747,80.519,39.182,2968.602
2026-05-19 14:28:11.751,63250,97.148,24.260150138543,88.568,39.916,2736.319
2026-05-19 14:28:11.752,63500,97.148,24.260150138543,88.568,39.916,2736.319
2026-05-19 14:28:11.864,63750,97.148,24.260150138543,88.568,39.916,2736.319
2026-05-19 14:28:11.864,64000,97.148,24.260150138543,88.568,39.916,2736.319
2026-05-19 14:28:11.865,64250,97.148,24.260150138543,88.568,39.916,2736.319
2026-05-19 14:28:11.865,64500,97.148,24.260150138543,88.568,39.916,2736.319
2026-05-19 14:28:11.974,64750,97.148,24.260150138543,88.568,39.916,2736.319
2026-05-19 14:28:11.974,65000,97.148,24.260150138543,88.568,39.916,2736.319
2026-05-19 14:28:11.975,65250,97.148,24.260150138543,88.568,39.916,2736.319
2026-05-19 14:28:11.975,65500,97.148,24.260150138543,88.568,39.916,2736.319
2026-05-19 14:28:12.087,65750,97.148,24.260150138543,88.568,39.916,2736.319
2026-05-19 14:28:12.087,66000,97.148,24.260150138543,88.568,39.916,2736.319
2026-05-19 14:28:12.088,66250,97.148,24.260150138543,88.568,39.916,2736.319
2026-05-19 14:28:12.088,66500,97.148,24.260150138543,88.568,39.916,2736.319
2026-05-19 14:28:12.200,66750,97.148,24.260150138543,88.568,39.916,2736.319
2026-05-19 14:28:12.200,67000,97.148,24.260150138543,88.568,39.916,2736.319
2026-05-19 14:28:12.201,67250,106.668,22.118391175092,98.818,40.163,2492.103
2026-05-19 14:28:12.201,67500,106.668,22.118391175092,98.818,40.163,2492.103
2026-05-19 14:28:12.313,67750,106.668,22.118391175092,98.818,40.163,2492.103
2026-05-19 14:28:12.314,68000,106.668,22.118391175092,98.818,40.163,2492.103
2026-05-19 14:28:12.314,68250,106.668,22.118391175092,98.818,40.163,2492.103
2026-05-19 14:28:12.314,68500,105.694,21.00484104248,98.57,37.93,2515.952
2026-05-19 14:28:12.427,68750,101.797,16.550640512033,97.579,28.998,2611.351
2026-05-19 14:28:12.428,69000,101.797,16.550640512033,97.579,28.998,2611.351
2026-05-19 14:28:12.428,69250,101.797,16.550640512033,97.579,28.998,2611.351
2026-05-19 14:28:12.429,69500,101.797,16.550640512033,97.579,28.998,2611.351
2026-05-19 14:28:12.540,69750,101.797,16.550640512033,97.579,28.998,2611.351
2026-05-19 14:28:12.541,70000,101.797,16.550640512033,97.579,28.998,2611.351
2026-05-19 14:28:12.541,70250,101.797,16.550640512033,97.579,28.998,2611.351
2026-05-19 14:28:12.542,70500,101.797,16.550640512033,97.579,28.998,2611.351
2026-05-19 14:28:12.654,70750,101.797,16.550640512033,97.579,28.998,2611.351
2026-05-19 14:28:12.655,71000,101.797,16.550640512033,97.579,28.998,2611.351
2026-05-19 14:28:12.655,71250,101.797,16.550640512033,97.579,28.998,2611.351
2026-05-19 14:28:12.655,71500,101.797,16.550640512033,97.579,28.998,2611.351
2026-05-19 14:28:12.767,71750,112.659,13.182513328775,109.69,25.692,2359.568
2026-05-19 14:28:12.768,72000,112.659,13.182513328775,109.69,25.692,2359.568
2026-05-19 14:28:12.768,72250,115.344,15.591869574579,110.905,31.123,2306.492
2026-05-19 14:28:12.768,72500,119.372,19.205903943283,112.728,39.269,2226.878
2026-05-19 14:28:12.880,72750,119.372,19.205903943283,112.728,39.269,2226.878
2026-05-19 14:28:12.881,73000,119.372,19.205903943283,112.728,39.269,2226.878
2026-05-19 14:28:12.881,73250,119.372,19.205903943283,112.728,39.269,2226.878
2026-05-19 14:28:12.882,73500,119.372,19.205903943283,112.728,39.269,2226.878
2026-05-19 14:28:12.992,73750,119.372,19.205903943283,112.728,39.269,2226.878
2026-05-19 14:28:12.993,74000,119.372,19.205903943283,112.728,39.269,2226.878
2026-05-19 14:28:12.994,74250,119.372,19.205903943283,112.728,39.269,2226.878
2026-05-19 14:28:12.994,74500,119.372,19.205903943283,112.728,39.269,2226.878
2026-05-19 14:28:13.102,74750,119.372,19.205903943283,112.728,39.269,2226.878
2026-05-19 14:28:13.103,75000,119.372,19.205903943283,112.728,39.269,2226.878
2026-05-19 14:28:13.104,75250,119.372,19.205903943283,112.728,39.269,2226.878
2026-05-19 14:28:13.104,75500,119.372,19.205903943283,112.728,39.269,2226.878
2026-05-19 14:28:13.216,75750,119.372,19.205903943283,112.728,39.269,2226.878
2026-05-19 14:28:13.216,76000,119.372,19.205903943283,112.728,39.269,2226.878
2026-05-19 14:28:13.217,76250,119.372,19.205903943283,112.728,39.269,2226.878
2026-05-19 14:28:13.217,76500,119.372,19.205903943283,112.728,39.269,2226.878
2026-05-19 14:28:13.218,76750,119.372,19.205903943283,112.728,39.269,2226.878
2026-05-19 14:28:13.326,77000,119.372,19.205903943283,112.728,39.269,2226.878
2026-05-19 14:28:13.330,77250,119.372,19.205903943283,112.728,39.269,2226.878
2026-05-19 14:28:13.331,77500,124.872,17.91173354861,118.83,38.212,2134.874
2026-05-19 14:28:13.331,77750,133.122,15.970477956601,127.984,36.627,1996.867
2026-05-19 14:28:13.331,78000,133.122,15.970477956601,127.984,36.627,1996.867
2026-05-19 14:28:13.437,78250,133.122,15.970477956601,127.984,36.627,1996.867
2026-05-19 14:28:13.438,78500,133.122,15.970477956601,127.984,36.627,1996.867
2026-05-19 14:28:13.438,78750,133.122,15.970477956601,127.984,36.627,1996.867
2026-05-19 14:28:13.439,79000,133.122,15.970477956601,127.984,36.627,1996.867
2026-05-19 14:28:13.439,79250,133.122,15.970477956601,127.984,36.627,1996.867
2026-05-19 14:28:13.548,79500,133.122,15.970477956601,127.984,36.627,1996.867
2026-05-19 14:28:13.548,79750,133.122,15.970477956601,127.984,36.627,1996.867
2026-05-19 14:28:13.549,80000,133.122,15.970477956601,127.984,36.627,1996.867
2026-05-19 14:28:13.549,80250,133.122,15.970477956601,127.984,36.627,1996.867
2026-05-19 14:28:13.659,80500,133.122,15.970477956601,127.984,36.627,1996.867
2026-05-19 14:28:13.659,80750,133.122,15.970477956601,127.984,36.627,1996.867
2026-05-19 14:28:13.659,81000,133.122,15.970477956601,127.984,36.627,1996.867
2026-05-19 14:28:13.660,81250,133.122,15.970477956601,127.984,36.627,1996.867
2026-05-19 14:28:13.660,81500,133.122,15.970477956601,127.984,36.627,1996.867
2026-05-19 14:28:13.768,81750,134.659,17.305637897284,128.378,40.145,1975.067
2026-05-19 14:28:13.769,82000,140.808,22.646277660017,129.952,54.217,1887.867
2026-05-19 14:28:13.769,82250,140.808,22.646277660017,129.952,54.217,1887.867
2026-05-19 14:28:13.770,82500,140.808,22.646277660017,129.952,54.217,1887.867
2026-05-19 14:28:13.770,82750,140.808,22.646277660017,129.952,54.217,1887.867
2026-05-19 14:28:13.878,83000,140.808,22.646277660017,129.952,54.217,1887.867
2026-05-19 14:28:13.878,83250,159.936,19.406232012326,150.849,53.141,1662.085
2026-05-19 14:28:13.879,83500,159.936,19.406232012326,150.849,53.141,1662.085
2026-05-19 14:28:13.879,83750,159.936,19.406232012326,150.849,53.141,1662.085
2026-05-19 14:28:13.880,84000,159.936,19.406232012326,150.849,53.141,1662.085
2026-05-19 14:28:13.988,84250,159.936,19.406232012326,150.849,53.141,1662.085
2026-05-19 14:28:13.989,84500,159.936,19.406232012326,150.849,53.141,1662.085
2026-05-19 14:28:13.989,84750,159.936,19.406232012326,150.849,53.141,1662.085
2026-05-19 14:28:13.990,85000,159.936,19.406232012326,150.849,53.141,1662.085
2026-05-19 14:28:13.990,85250,159.936,19.406232012326,150.849,53.141,1662.085
2026-05-19 14:28:14.099,85500,159.936,19.406232012326,150.849,53.141,1662.085
2026-05-19 14:28:14.099,85750,159.936,19.406232012326,150.849,53.141,1662.085
2026-05-19 14:28:14.099,86000,159.936,19.406232012326,150.849,53.141,1662.085
2026-05-19 14:28:14.100,86250,159.936,19.406232012326,150.849,53.141,1662.085
2026-05-19 14:28:14.209,86500,159.936,19.406232012326,150.849,53.141,1662.085
2026-05-19 14:28:14.209,86750,159.936,19.406232012326,150.849,53.141,1662.085
2026-05-19 14:28:14.210,87000,159.936,19.406232012326,150.849,53.141,1662.085
2026-05-19 14:28:14.210,87250,159.936,19.406232012326,150.849,53.141,1662.085
2026-05-19 14:28:14.211,87500,159.936,19.406232012326,150.849,53.141,1662.085
2026-05-19 14:28:14.319,87750,159.936,19.406232012326,150.849,53.141,1662.085
2026-05-19 14:28:14.320,88000,159.936,19.406232012326,150.849,53.141,1662.085
2026-05-19 14:28:14.320,88250,159.936,19.406232012326,150.849,53.141,1662.085
2026-05-19 14:28:14.320,88500,159.936,19.406232012326,150.849,53.141,1662.085
2026-05-19 14:28:14.321,88750,159.936,19.406232012326,150.849,53.141,1662.085
2026-05-19 14:28:14.430,89000,164.963,18.526531437298,156.432,52.098,1616.935
2026-05-19 14:28:14.431,89250,185.073,15.007729137185,178.76,47.925,1436.336
2026-05-19 14:28:14.431,89500,185.073,15.007729137185,178.76,47.925,1436.336
2026-05-19 14:28:14.432,89750,185.073,15.007729137185,178.76,47.925,1436.336
2026-05-19 14:28:14.432,90000,185.073,15.007729137185,178.76,47.925,1436.336
2026-05-19 14:28:14.542,90250,185.073,15.007729137185,178.76,47.925,1436.336
2026-05-19 14:28:14.542,90500,200.685,24.909722704875,182.016,84.526,1324.598
2026-05-19 14:28:14.542,90750,200.685,24.909722704875,182.016,84.526,1324.598
2026-05-19 14:28:14.543,91000,200.685,24.909722704875,182.016,84.526,1324.598
2026-05-19 14:28:14.543,91250,200.685,24.909722704875,182.016,84.526,1324.598
2026-05-19 14:28:14.653,91500,200.685,24.909722704875,182.016,84.526,1324.598
2026-05-19 14:28:14.653,91750,200.685,24.909722704875,182.016,84.526,1324.598
2026-05-19 14:28:14.654,92000,200.685,24.909722704875,182.016,84.526,1324.598
2026-05-19 14:28:14.654,92250,200.685,24.909722704875,182.016,84.526,1324.598
2026-05-19 14:28:14.764,92500,200.685,24.909722704875,182.016,84.526,1324.598
2026-05-19 14:28:14.765,92750,200.685,24.909722704875,182.016,84.526,1324.598
2026-05-19 14:28:14.766,93000,200.685,24.909722704875,182.016,84.526,1324.598
2026-05-19 14:28:14.766,93250,200.685,24.909722704875,182.016,84.526,1324.598
2026-05-19 14:28:14.766,93500,200.685,24.909722704875,182.016,84.526,1324.598
2026-05-19 14:28:14.880,93750,200.685,24.909722704875,182.016,84.526,1324.598
2026-05-19 14:28:14.884,94000,200.685,24.909722704875,182.016,84.526,1324.598
2026-05-19 14:28:14.884,94250,200.685,24.909722704875,182.016,84.526,1324.598
2026-05-19 14:28:14.884,94500,200.685,24.909722704875,182.016,84.526,1324.598
2026-05-19 14:28:14.885,94750,200.685,24.909722704875,182.016,84.526,1324.598
2026-05-19 14:28:14.993,95000,365.001,2.788398603818,364.569,17.756,1324.598
2026-05-19 14:28:14.998,95250,219.738,22.884755278338,202.637,84.439,1222.962
2026-05-19 14:28:14.999,95500,248.319,19.847304138534,233.569,84.308,1070.507
2026-05-19 14:28:14.999,95750,248.319,19.847304138534,233.569,84.308,1070.507
2026-05-19 14:28:15.001,96000,451.637,-2.274019962523,451.281,-17.92,1070.507
2026-05-19 14:28:15.110,96250,451.637,-2.274019962523,451.281,-17.92,1070.507
2026-05-19 14:28:15.110,96500,451.637,-2.274019962523,451.281,-17.92,1070.507
2026-05-19 14:28:15.111,96750,248.319,19.847304138534,233.569,84.308,1070.507
2026-05-19 14:28:15.111,97000,248.319,19.847304138534,233.569,84.308,1070.507
2026-05-19 14:28:15.112,97250,979.0,0.0,979.0,0.0,1070.507
2026-05-19 14:28:15.222,97500,979.0,0.0,979.0,0.0,1070.507
2026-05-19 14:28:15.222,97750,979.0,0.0,979.0,0.0,1070.507
2026-05-19 14:28:15.223,98000,979.0,0.0,979.0,0.0,1070.507
2026-05-19 14:28:15.223,98250,979.0,0.0,979.0,0.0,1070.507
2026-05-19 14:28:15.223,98500,979.0,0.0,979.0,0.0,1070.507
2026-05-19 14:28:15.333,98750,979.0,0.0,979.0,0.0,1070.507
2026-05-19 14:28:15.333,99000,903.398,-13.945138107886,876.772,-217.712,1070.507
2026-05-19 14:28:15.334,99250,979.0,0.0,979.0,0.0,1070.507
2026-05-19 14:28:15.334,99500,979.0,0.0,979.0,0.0,1070.507
2026-05-19 14:28:15.335,99750,903.398,-13.945138107886,876.772,-217.712,1070.507
2026-05-19 14:28:15.446,100000,903.398,-13.945138107886,876.772,-217.712,1070.507
2026-05-19 14:28:15.995,10000,971.87,1.752739384192,971.415,29.726,9286.314
2026-05-19 14:28:16.099,10250,979.0,0.0,979.0,0.0,9286.314
2026-05-19 14:28:16.211,10500,979.0,0.0,979.0,0.0,9286.314
2026-05-19 14:28:16.435,10750,976.133,0.624395458458,975.988,10.589,9313.712
2026-05-19 14:28:16.550,11000,952.958,-0.445795900565,952.929,-7.415,9354.811
2026-05-19 14:28:16.661,11250,961.829,0.028504093193,961.747,0.568,9269.767
2026-05-19 14:28:16.775,11500,979.0,0.0,979.0,0.0,9105.965
2026-05-19 14:28:16.896,11750,979.0,0.0,979.0,0.0,9178.44
2026-05-19 14:28:17.010,12000,979.0,0.0,979.0,0.0,9178.44
2026-05-19 14:28:17.123,12250,953.95,-0.483762215423,953.916,-8.054,9178.44
2026-05-19 14:28:17.344,12500,954.385,-0.517751315924,954.346,-8.624,9258.26
2026-05-19 14:28:17.456,12750,964.231,-0.310650789554,964.208,-5.174,9165.148
2026-05-19 14:28:17.570,13000,979.0,0.0,979.0,0.0,9025.481
2026-05-19 14:28:17.679,13250,980.848,-0.287603676373,980.786,-4.96,9093.622
2026-05-19 14:28:17.783,13500,979.0,0.0,979.0,0.0,9110.657
2026-05-19 14:28:17.895,13750,953.511,-0.596406353861,953.459,-9.925,9110.657
2026-05-19 14:28:18.005,14000,963.374,1.386142253821,963.082,23.348,9018.346
2026-05-19 14:28:18.119,14250,979.0,0.0,979.0,0.0,8971.41
2026-05-19 14:28:18.230,14500,979.0,0.0,979.0,0.0,8971.41
2026-05-19 14:28:18.342,14750,958.933,0.211057093635,958.846,3.459,9014.381
2026-05-19 14:28:18.453,15000,955.084,1.209071407503,954.867,20.17,9050.76
2026-05-19 14:28:18.568,15250,979.0,0.0,979.0,0.0,8938.448
2026-05-19 14:28:18.569,15500,979.0,0.0,979.0,0.0,8938.448
2026-05-19 14:28:18.681,15750,942.234,0.777334940449,942.147,12.783,9052.108
2026-05-19 14:28:18.796,16000,979.0,0.0,979.0,0.0,8828.731
2026-05-19 14:28:18.911,16250,954.79,-0.759016820001,954.706,-12.648,8828.731
2026-05-19 14:28:19.021,16500,972.96,0.666603470774,972.851,11.272,8883.766
2026-05-19 14:28:19.134,16750,955.291,-0.778640438833,955.203,-12.982,8920.457
2026-05-19 14:28:19.135,17000,979.0,0.0,979.0,0.0,8704.426
2026-05-19 14:28:19.244,17250,950.489,-0.57534161465,950.39,-9.603,8730.836
2026-05-19 14:28:19.358,17500,939.092,0.613423882303,939.038,10.054,8836.474
2026-05-19 14:28:19.468,17750,979.0,0.0,979.0,0.0,8611.81
2026-05-19 14:28:19.580,18000,979.0,0.0,979.0,0.0,8611.81
2026-05-19 14:28:19.580,18250,969.01,0.891565544433,968.816,14.973,8473.065
2026-05-19 14:28:19.691,18500,962.349,1.485942574055,962.026,24.955,8531.103
2026-05-19 14:28:19.799,18750,979.0,0.0,979.0,0.0,8531.103
2026-05-19 14:28:19.910,19000,954.571,-1.003388467307,954.424,-16.716,8531.103
2026-05-19 14:28:19.910,19250,979.0,0.0,979.0,0.0,8318.223
2026-05-19 14:28:20.014,19500,942.048,0.533109869206,941.979,8.837,8423.562
2026-05-19 14:28:20.125,19750,956.326,1.186310149234,956.093,19.871,8297.795
2026-05-19 14:28:20.236,20000,979.0,0.0,979.0,0.0,8255.872
2026-05-19 14:28:20.236,20250,979.0,0.0,979.0,0.0,8255.872
2026-05-19 14:28:20.342,20500,979.0,0.0,979.0,0.0,8055.627
2026-05-19 14:28:20.449,20750,960.578,1.321511433571,960.323,22.154,8210.115
2026-05-19 14:28:20.558,21000,944.258,0.525310431603,944.195,8.711,8176.876
2026-05-19 14:28:20.558,21250,979.0,0.0,979.0,0.0,8043.919
2026-05-19 14:28:20.666,21500,979.0,0.0,979.0,0.0,8043.919
2026-05-19 14:28:20.775,21750,979.0,0.0,979.0,0.0,7856.622
2026-05-19 14:28:20.779,22000,979.0,0.0,979.0,0.0,7856.622
2026-05-19 14:28:20.883,22250,957.791,1.344840918854,957.527,22.479,8030.595
2026-05-19 14:28:20.991,22500,979.0,0.0,979.0,0.0,7842.522
2026-05-19 14:28:20.992,22750,979.0,0.0,979.0,0.0,7842.522
2026-05-19 14:28:21.102,23000,979.0,0.0,979.0,0.0,7658.862
2026-05-19 14:28:21.214,23250,979.0,0.0,979.0,0.0,7658.862
2026-05-19 14:28:21.214,23500,958.534,-1.300566439113,958.287,-21.756,7658.862
2026-05-19 14:28:21.316,23750,979.0,0.0,979.0,0.0,7498.755
2026-05-19 14:28:21.317,24000,955.49,1.239554918038,955.266,20.67,7683.264
2026-05-19 14:28:21.424,24250,954.416,1.23033097061,954.196,20.493,7515.704
2026-05-19 14:28:21.538,24500,979.0,0.0,979.0,0.0,7515.704
2026-05-19 14:28:21.539,24750,1522.939,-16.713682183264,1458.601,-437.981,7515.704
2026-05-19 14:28:21.654,25000,1542.126,-16.392613173073,1479.439,-435.215,7360.845
2026-05-19 14:28:21.655,25250,1067.869,-5.826152878019,1062.353,-108.4,7360.845
2026-05-19 14:28:21.765,25500,979.0,0.0,979.0,0.0,7206.363
2026-05-19 14:28:21.765,25750,1418.075,-9.188497132725,1399.879,-226.442,7206.363
2026-05-19 14:28:21.879,26000,1533.085,-15.366280685948,1478.279,-406.25,7206.363
2026-05-19 14:28:21.994,26250,979.0,0.0,979.0,0.0,7078.333
2026-05-19 14:28:21.995,26500,37.555,-80.059659452227,6.483,-36.991,7078.333
2026-05-19 14:28:22.099,26750,38.319,-78.362496472059,7.73,-37.531,6937.194
2026-05-19 14:28:22.100,27000,38.319,-78.362496472059,7.73,-37.531,6937.194
2026-05-19 14:28:22.202,27250,39.066,-76.62515446051,9.037,-38.007,6804.488
2026-05-19 14:28:22.203,27500,39.066,-76.62515446051,9.037,-38.007,6804.488
2026-05-19 14:28:22.315,27750,39.066,-76.62515446051,9.037,-38.007,6804.488
2026-05-19 14:28:22.316,28000,39.852,-74.701199373016,10.515,-38.44,6670.342
2026-05-19 14:28:22.427,28250,39.852,-74.701199373016,10.515,-38.44,6670.342
2026-05-19 14:28:22.428,28500,40.403,-73.274046894695,11.63,-38.689,6579.735
2026-05-19 14:28:22.542,28750,40.54,-72.917258775115,11.909,-38.752,6557.083
2026-05-19 14:28:22.543,29000,40.54,-72.917258775115,11.909,-38.752,6557.083
2026-05-19 14:28:22.649,29250,41.278,-70.880669943164,13.52,-39.001,6439.888
2026-05-19 14:28:22.650,29500,41.278,-70.880669943164,13.52,-39.001,6439.888
2026-05-19 14:28:22.766,29750,41.71,-69.595203639847,14.546,-39.084,6373.663
2026-05-19 14:28:22.766,30000,41.998,-68.738226104302,15.23,-39.139,6329.513
2026-05-19 14:28:22.880,30250,41.998,-68.738226104302,15.23,-39.139,6329.513
2026-05-19 14:28:22.881,30500,42.66,-66.591391924142,16.948,-39.149,6231.235
2026-05-19 14:28:22.990,30750,42.66,-66.591391924142,16.948,-39.149,6231.235
2026-05-19 14:28:22.991,31000,42.66,-66.591391924142,16.948,-39.149,6231.235
2026-05-19 14:28:23.100,31250,43.346,-64.132202147052,18.911,-39.002,6132.743
2026-05-19 14:28:23.101,31500,43.346,-64.132202147052,18.911,-39.002,6132.743
2026-05-19 14:28:23.211,31750,43.901,-61.887761233116,20.686,-38.722,6055.123
2026-05-19 14:28:23.212,32000,45.681,-62.594255873503,21.026,-40.554,5819.217
2026-05-19 14:28:23.316,32250,45.681,-62.594255873503,21.026,-40.554,5819.217
2026-05-19 14:28:23.316,32500,46.269,-60.093303711403,23.069,-40.108,5745.191
2026-05-19 14:28:23.431,32750,46.269,-60.093303711403,23.069,-40.108,5745.191
2026-05-19 14:28:23.432,33000,46.269,-60.093303711403,23.069,-40.108,5745.191
2026-05-19 14:28:23.542,33250,46.781,-57.532088690624,25.113,-39.469,5682.385
2026-05-19 14:28:23.542,33500,46.781,-57.532088690624,25.113,-39.469,5682.385
2026-05-19 14:28:23.543,33750,46.781,-57.532088690624,25.113,-39.469,5682.385
2026-05-19 14:28:23.649,34000,47.212,-54.878883692718,27.161,-38.617,5630.485
2026-05-19 14:28:23.650,34250,49.415,-55.344857481475,28.099,-40.649,5379.444
2026-05-19 14:28:23.763,34500,49.49,-54.797793125969,28.526,-40.431,5371.359
2026-05-19 14:28:23.764,34750,49.789,-52.609535703947,30.234,-39.559,5339.018
2026-05-19 14:28:23.879,35000,49.789,-52.609535703947,30.234,-39.559,5339.018
2026-05-19 14:28:23.880,35250,49.789,-52.609535703947,30.234,-39.559,5339.018
2026-05-19 14:28:23.880,35500,50.043,-49.967871920273,32.189,-38.317,5311.955
2026-05-19 14:28:23.990,35750,52.432,-50.205683636686,33.558,-40.286,5069.911
2026-05-19 14:28:23.991,36000,52.432,-50.205683636686,33.558,-40.286,5069.911
2026-05-19 14:28:24.099,36250,52.606,-47.325051858019,35.658,-38.677,5053.16
2026-05-19 14:28:24.100,36500,52.606,-47.325051858019,35.658,-38.677,5053.16
2026-05-19 14:28:24.215,36750,52.611,-42.822243692612,38.589,-35.761,5052.649
2026-05-19 14:28:24.216,37000,52.611,-42.822243692612,38.589,-35.761,5052.649
2026-05-19 14:28:24.216,37250,55.359,-42.708436156368,40.679,-37.548,4801.84
2026-05-19 14:28:24.326,37500,55.359,-42.708436156368,40.679,-37.548,4801.84
2026-05-19 14:28:24.326,37750,55.156,-39.582773831534,42.509,-35.145,4819.526
2026-05-19 14:28:24.327,38000,55.156,-39.582773831534,42.509,-35.145,4819.526
2026-05-19 14:28:24.436,38250,55.156,-39.582773831534,42.509,-35.145,4819.526
2026-05-19 14:28:24.436,38500,55.156,-39.582773831534,42.509,-35.145,4819.526
2026-05-19 14:28:24.547,38750,57.896,-36.003370127391,46.837,-34.033,4591.487
2026-05-19 14:28:24.548,39000,57.896,-36.003370127391,46.837,-34.033,4591.487
2026-05-19 14:28:24.548,39250,57.896,-36.003370127391,46.837,-34.033,4591.487
2026-05-19 14:28:24.662,39500,57.896,-36.003370127391,46.837,-34.033,4591.487
2026-05-19 14:28:24.663,39750,57.323,-32.938897081218,48.108,-31.169,4637.368
2026-05-19 14:28:24.766,40000,60.684,-32.22008329163,51.339,-32.355,4380.519
2026-05-19 14:28:24.766,40250,60.684,-32.22008329163,51.339,-32.355,4380.519
2026-05-19 14:28:24.767,40500,60.684,-32.22008329163,51.339,-32.355,4380.519
2026-05-19 14:28:24.880,40750,60.308,-30.837857685834,51.752,-30.913,4408.087
2026-05-19 14:28:24.880,41000,59.744,-28.764519277142,52.372,-28.749,4449.44
2026-05-19 14:28:24.990,41250,62.363,-28.031672806158,55.047,-29.308,4262.566
2026-05-19 14:28:24.991,41500,62.363,-28.031672806158,55.047,-29.308,4262.566
2026-05-19 14:28:24.991,41750,61.196,-24.812922581771,55.547,-25.681,4343.838
2026-05-19 14:28:25.101,42000,61.196,-24.812922581771,55.547,-25.681,4343.838
2026-05-19 14:28:25.102,42250,62.641,-24.313488109807,57.09,-25.773,4246.992
2026-05-19 14:28:25.102,42500,64.809,-23.564336401861,59.404,-25.909,4101.722
2026-05-19 14:28:25.213,42750,64.809,-23.564336401861,59.404,-25.909,4101.722
2026-05-19 14:28:25.214,43000,64.809,-23.564336401861,59.404,-25.909,4101.722
2026-05-19 14:28:25.214,43250,63.318,-20.425026869974,59.337,-22.097,4198.29
2026-05-19 14:28:25.316,43500,63.318,-20.425026869974,59.337,-22.097,4198.29
2026-05-19 14:28:25.317,43750,67.117,-18.842533874968,63.521,-21.677,3960.624
2026-05-19 14:28:25.419,44000,67.117,-18.842533874968,63.521,-21.677,3960.624
2026-05-19 14:28:25.419,44250,67.117,-18.842533874968,63.521,-21.677,3960.624
2026-05-19 14:28:25.420,44500,67.117,-18.842533874968,63.521,-21.677,3960.624
2026-05-19 14:28:25.530,44750,68.843,-13.718148915148,66.879,-16.326,3861.35
2026-05-19 14:28:25.530,45000,68.843,-13.718148915148,66.879,-16.326,3861.35
2026-05-19 14:28:25.531,45250,68.843,-13.718148915148,66.879,-16.326,3861.35
2026-05-19 14:28:25.642,45500,68.843,-13.718148915148,66.879,-16.326,3861.35
2026-05-19 14:28:25.642,45750,68.843,-13.718148915148,66.879,-16.326,3861.35
2026-05-19 14:28:25.643,46000,72.713,-11.740262154111,71.192,-14.795,3655.855
2026-05-19 14:28:25.751,46250,69.53,-8.091137873153,68.838,-9.786,3823.201
2026-05-19 14:28:25.752,46500,69.53,-8.091137873153,68.838,-9.786,3823.201
2026-05-19 14:28:25.752,46750,69.53,-8.091137873153,68.838,-9.786,3823.201
2026-05-19 14:28:25.864,47000,69.53,-8.091137873153,68.838,-9.786,3823.201
2026-05-19 14:28:25.864,47250,73.319,-5.708369354093,72.955,-7.293,3625.638
2026-05-19 14:28:25.865,47500,73.319,-5.708369354093,72.955,-7.293,3625.638
2026-05-19 14:28:25.970,47750,73.319,-5.708369354093,72.955,-7.293,3625.638
2026-05-19 14:28:25.972,48000,73.319,-5.708369354093,72.955,-7.293,3625.638
2026-05-19 14:28:26.074,48250,73.319,-5.708369354093,72.955,-7.293,3625.638
2026-05-19 14:28:26.075,48500,73.454,0.0,73.454,0.0,3618.973
2026-05-19 14:28:26.075,48750,73.454,0.0,73.454,0.0,3618.973
2026-05-19 14:28:26.188,49000,73.454,0.0,73.454,0.0,3618.973
2026-05-19 14:28:26.188,49250,73.454,0.0,73.454,0.0,3618.973
2026-05-19 14:28:26.189,49500,77.319,3.100736592919,77.206,4.182,3438.037
2026-05-19 14:28:26.302,49750,77.319,3.100736592919,77.206,4.182,3438.037
2026-05-19 14:28:26.302,50000,77.319,3.100736592919,77.206,4.182,3438.037
2026-05-19 14:28:26.303,50250,77.319,3.100736592919,77.206,4.182,3438.037
2026-05-19 14:28:26.303,50500,77.319,3.100736592919,77.206,4.182,3438.037
2026-05-19 14:28:26.415,50750,77.319,3.100736592919,77.206,4.182,3438.037
2026-05-19 14:28:26.416,51000,77.08,9.452665724564,76.033,12.659,3448.719
2026-05-19 14:28:26.416,51250,77.08,9.452665724564,76.033,12.659,3448.719
2026-05-19 14:28:26.529,51500,77.08,9.452665724564,76.033,12.659,3448.719
2026-05-19 14:28:26.530,51750,77.08,9.452665724564,76.033,12.659,3448.719
2026-05-19 14:28:26.530,52000,77.08,9.452665724564,76.033,12.659,3448.719
2026-05-19 14:28:26.644,52250,80.435,13.108553979911,78.339,18.242,3304.868
2026-05-19 14:28:26.645,52500,80.435,13.108553979911,78.339,18.242,3304.868
2026-05-19 14:28:26.645,52750,80.435,13.108553979911,78.339,18.242,3304.868
2026-05-19 14:28:26.646,53000,80.435,13.108553979911,78.339,18.242,3304.868
2026-05-19 14:28:26.758,53250,80.435,13.108553979911,78.339,18.242,3304.868
2026-05-19 14:28:26.759,53500,80.435,13.108553979911,78.339,18.242,3304.868
2026-05-19 14:28:26.760,53750,83.559,16.888314374912,79.956,24.275,3181.295
2026-05-19 14:28:26.865,54000,83.559,16.888314374912,79.956,24.275,3181.295
2026-05-19 14:28:26.866,54250,83.559,16.888314374912,79.956,24.275,3181.295
2026-05-19 14:28:26.866,54500,83.559,16.888314374912,79.956,24.275,3181.295
2026-05-19 14:28:26.867,54750,83.559,16.888314374912,79.956,24.275,3181.295
2026-05-19 14:28:26.977,55000,83.559,16.888314374912,79.956,24.275,3181.295
2026-05-19 14:28:26.978,55250,83.559,16.888314374912,79.956,24.275,3181.295
2026-05-19 14:28:26.978,55500,85.996,20.250127040807,80.635,29.787,3091.773
2026-05-19 14:28:27.089,55750,86.606,21.090580207281,80.804,31.164,3069.393
2026-05-19 14:28:27.089,56000,86.606,21.090580207281,80.804,31.164,3069.393
2026-05-19 14:28:27.090,56250,86.606,21.090580207281,80.804,31.164,3069.393
2026-05-19 14:28:27.200,56500,86.606,21.090580207281,80.804,31.164,3069.393
2026-05-19 14:28:27.201,56750,86.606,21.090580207281,80.804,31.164,3069.393
2026-05-19 14:28:27.201,57000,86.606,21.090580207281,80.804,31.164,3069.393
2026-05-19 14:28:27.201,57250,86.606,21.090580207281,80.804,31.164,3069.393
2026-05-19 14:28:27.316,57500,86.606,21.090580207281,80.804,31.164,3069.393
2026-05-19 14:28:27.317,57750,86.606,21.090580207281,80.804,31.164,3069.393
2026-05-19 14:28:27.317,58000,84.223,27.119767555713,74.971,38.367,3159.241
2026-05-19 14:28:27.427,58250,82.892,27.412560063454,73.585,38.163,3206.9
2026-05-19 14:28:27.428,58500,82.892,27.412560063454,73.585,38.163,3206.9
2026-05-19 14:28:27.428,58750,82.892,27.412560063454,73.585,38.163,3206.9
2026-05-19 14:28:27.429,59000,84.653,31.782464842233,71.96,44.586,3140.187
2026-05-19 14:28:27.540,59250,84.653,31.782464842233,71.96,44.586,3140.187
2026-05-19 14:28:27.540,59500,82.892,27.412560063454,73.585,38.163,3206.9
2026-05-19 14:28:27.541,59750,89.546,25.948597524747,80.519,39.182,2968.602
2026-05-19 14:28:27.650,60000,89.546,25.948597524747,80.519,39.182,2968.602
2026-05-19 14:28:27.650,60250,89.546,25.948597524747,80.519,39.182,2968.602
2026-05-19 14:28:27.651,60500,89.546,25.948597524747,80.519,39.182,2968.602
2026-05-19 14:28:27.651,60750,89.546,25.948597524747,80.519,39.182,2968.602
2026-05-19 14:28:27.766,61000,89.546,25.948597524747,80.519,39.182,2968.602
2026-05-19 14:28:27.767,61250,89.546,25.948597524747,80.519,39.182,2968.602
2026-05-19 14:28:27.767,61500,89.546,25.948597524747,80.519,39.182,2968.602
2026-05-19 14:28:27.767,61750,89.546,25.948597524747,80.519,39.182,2968.602
2026-05-19 14:28:27.879,62000,89.546,25.948597524747,80.519,39.182,2968.602
2026-05-19 14:28:27.880,62250,89.546,25.948597524747,80.519,39.182,2968.602
2026-05-19 14:28:27.880,62500,89.546,25.948597524747,80.519,39.182,2968.602
2026-05-19 14:28:27.880,62750,89.546,25.948597524747,80.519,39.182,2968.602
2026-05-19 14:28:27.994,63000,89.546,25.948597524747,80.519,39.182,2968.602
2026-05-19 14:28:27.995,63250,97.148,24.260150138543,88.568,39.916,2736.319
2026-05-19 14:28:27.995,63500,97.148,24.260150138543,88.568,39.916,2736.319
2026-05-19 14:28:27.996,63750,97.148,24.260150138543,88.568,39.916,2736.319
2026-05-19 14:28:28.109,64000,97.148,24.260150138543,88.568,39.916,2736.319
2026-05-19 14:28:28.110,64250,97.148,24.260150138543,88.568,39.916,2736.319
2026-05-19 14:28:28.111,64500,97.148,24.260150138543,88.568,39.916,2736.319
2026-05-19 14:28:28.111,64750,97.148,24.260150138543,88.568,39.916,2736.319
2026-05-19 14:28:28.111,65000,97.148,24.260150138543,88.568,39.916,2736.319
2026-05-19 14:28:28.225,65250,97.148,24.260150138543,88.568,39.916,2736.319
2026-05-19 14:28:28.225,65500,97.148,24.260150138543,88.568,39.916,2736.319
2026-05-19 14:28:28.226,65750,97.148,24.260150138543,88.568,39.916,2736.319
2026-05-19 14:28:28.226,66000,97.148,24.260150138543,88.568,39.916,2736.319
2026-05-19 14:28:28.339,66250,97.148,24.260150138543,88.568,39.916,2736.319
2026-05-19 14:28:28.340,66500,97.148,24.260150138543,88.568,39.916,2736.319
2026-05-19 14:28:28.341,66750,97.148,24.260150138543,88.568,39.916,2736.319
2026-05-19 14:28:28.341,67000,97.148,24.260150138543,88.568,39.916,2736.319
2026-05-19 14:28:28.454,67250,106.668,22.118391175092,98.818,40.163,2492.103
2026-05-19 14:28:28.455,67500,106.668,22.118391175092,98.818,40.163,2492.103
2026-05-19 14:28:28.456,67750,106.668,22.118391175092,98.818,40.163,2492.103
2026-05-19 14:28:28.456,68000,106.668,22.118391175092,98.818,40.163,2492.103
2026-05-19 14:28:28.569,68250,106.668,22.118391175092,98.818,40.163,2492.103
2026-05-19 14:28:28.570,68500,105.694,21.00484104248,98.57,37.93,2515.952
2026-05-19 14:28:28.570,68750,101.797,16.550640512033,97.579,28.998,2611.351
2026-05-19 14:28:28.571,69000,101.797,16.550640512033,97.579,28.998,2611.351
2026-05-19 14:28:28.686,69250,101.797,16.550640512033,97.579,28.998,2611.351
2026-05-19 14:28:28.689,69500,101.797,16.550640512033,97.579,28.998,2611.351
2026-05-19 14:28:28.689,69750,101.797,16.550640512033,97.579,28.998,2611.351
2026-05-19 14:28:28.689,70000,101.797,16.550640512033,97.579,28.998,2611.351
2026-05-19 14:28:28.798,70250,101.797,16.550640512033,97.579,28.998,2611.351
2026-05-19 14:28:28.800,70500,101.797,16.550640512033,97.579,28.998,2611.351
2026-05-19 14:28:28.800,70750,101.797,16.550640512033,97.579,28.998,2611.351
2026-05-19 14:28:28.801,71000,101.797,16.550640512033,97.579,28.998,2611.351
2026-05-19 14:28:28.913,71250,101.797,16.550640512033,97.579,28.998,2611.351
2026-05-19 14:28:28.914,71500,101.797,16.550640512033,97.579,28.998,2611.351
2026-05-19 14:28:28.914,71750,112.659,13.182513328775,109.69,25.692,2359.568
2026-05-19 14:28:28.915,72000,112.659,13.182513328775,109.69,25.692,2359.568
2026-05-19 14:28:29.028,72250,115.344,15.591869574579,110.905,31.123,2306.492
2026-05-19 14:28:29.029,72500,119.372,19.205903943283,112.728,39.269,2226.878
2026-05-19 14:28:29.029,72750,119.372,19.205903943283,112.728,39.269,2226.878
2026-05-19 14:28:29.030,73000,119.372,19.205903943283,112.728,39.269,2226.878
2026-05-19 14:28:29.144,73250,119.372,19.205903943283,112.728,39.269,2226.878
2026-05-19 14:28:29.145,73500,119.372,19.205903943283,112.728,39.269,2226.878
2026-05-19 14:28:29.145,73750,119.372,19.205903943283,112.728,39.269,2226.878
2026-05-19 14:28:29.146,74000,119.372,19.205903943283,112.728,39.269,2226.878
2026-05-19 14:28:29.146,74250,119.372,19.205903943283,112.728,39.269,2226.878
2026-05-19 14:28:29.258,74500,119.372,19.205903943283,112.728,39.269,2226.878
2026-05-19 14:28:29.259,74750,119.372,19.205903943283,112.728,39.269,2226.878
2026-05-19 14:28:29.259,75000,119.372,19.205903943283,112.728,39.269,2226.878
2026-05-19 14:28:29.260,75250,119.372,19.205903943283,112.728,39.269,2226.878
2026-05-19 14:28:29.370,75500,119.372,19.205903943283,112.728,39.269,2226.878
2026-05-19 14:28:29.371,75750,119.372,19.205903943283,112.728,39.269,2226.878
2026-05-19 14:28:29.371,76000,119.372,19.205903943283,112.728,39.269,2226.878
2026-05-19 14:28:29.372,76250,119.372,19.205903943283,112.728,39.269,2226.878
2026-05-19 14:28:29.485,76500,119.372,19.205903943283,112.728,39.269,2226.878
2026-05-19 14:28:29.486,76750,119.372,19.205903943283,112.728,39.269,2226.878
2026-05-19 14:28:29.486,77000,119.372,19.205903943283,112.728,39.269,2226.878
2026-05-19 14:28:29.487,77250,119.372,19.205903943283,112.728,39.269,2226.878
2026-05-19 14:28:29.487,77500,124.872,17.91173354861,118.83,38.212,2134.874
2026-05-19 14:28:29.599,77750,133.122,15.970477956601,127.984,36.627,1996.867
2026-05-19 14:28:29.599,78000,133.122,15.970477956601,127.984,36.627,1996.867
2026-05-19 14:28:29.600,78250,133.122,15.970477956601,127.984,36.627,1996.867
2026-05-19 14:28:29.600,78500,133.122,15.970477956601,127.984,36.627,1996.867
2026-05-19 14:28:29.601,78750,133.122,15.970477956601,127.984,36.627,1996.867
2026-05-19 14:28:29.710,79000,133.122,15.970477956601,127.984,36.627,1996.867
2026-05-19 14:28:29.711,79250,133.122,15.970477956601,127.984,36.627,1996.867
2026-05-19 14:28:29.711,79500,133.122,15.970477956601,127.984,36.627,1996.867
2026-05-19 14:28:29.712,79750,133.122,15.970477956601,127.984,36.627,1996.867
2026-05-19 14:28:29.712,80000,133.122,15.970477956601,127.984,36.627,1996.867
2026-05-19 14:28:29.814,80250,133.122,15.970477956601,127.984,36.627,1996.867
2026-05-19 14:28:29.815,80500,133.122,15.970477956601,127.984,36.627,1996.867
2026-05-19 14:28:29.816,80750,133.122,15.970477956601,127.984,36.627,1996.867
2026-05-19 14:28:29.816,81000,133.122,15.970477956601,127.984,36.627,1996.867
2026-05-19 14:28:29.816,81250,133.122,15.970477956601,127.984,36.627,1996.867
2026-05-19 14:28:29.927,81500,133.122,15.970477956601,127.984,36.627,1996.867
2026-05-19 14:28:29.927,81750,134.659,17.305637897284,128.378,40.145,1975.067
2026-05-19 14:28:29.927,82000,140.808,22.646277660017,129.952,54.217,1887.867
2026-05-19 14:28:29.928,82250,140.808,22.646277660017,129.952,54.217,1887.867
2026-05-19 14:28:30.043,82500,140.808,22.646277660017,129.952,54.217,1887.867
2026-05-19 14:28:30.043,82750,140.808,22.646277660017,129.952,54.217,1887.867
2026-05-19 14:28:30.044,83000,140.808,22.646277660017,129.952,54.217,1887.867
2026-05-19 14:28:30.044,83250,159.936,19.406232012326,150.849,53.141,1662.085
2026-05-19 14:28:30.044,83500,159.936,19.406232012326,150.849,53.141,1662.085
2026-05-19 14:28:30.045,83750,159.936,19.406232012326,150.849,53.141,1662.085
2026-05-19 14:28:30.157,84000,159.936,19.406232012326,150.849,53.141,1662.085
2026-05-19 14:28:30.157,84250,159.936,19.406232012326,150.849,53.141,1662.085
2026-05-19 14:28:30.157,84500,159.936,19.406232012326,150.849,53.141,1662.085
2026-05-19 14:28:30.158,84750,159.936,19.406232012326,150.849,53.141,1662.085
2026-05-19 14:28:30.265,85000,159.936,19.406232012326,150.849,53.141,1662.085
2026-05-19 14:28:30.266,85250,159.936,19.406232012326,150.849,53.141,1662.085
2026-05-19 14:28:30.266,85500,159.936,19.406232012326,150.849,53.141,1662.085
2026-05-19 14:28:30.267,85750,159.936,19.406232012326,150.849,53.141,1662.085
2026-05-19 14:28:30.267,86000,159.936,19.406232012326,150.849,53.141,1662.085
2026-05-19 14:28:30.381,86250,159.936,19.406232012326,150.849,53.141,1662.085
2026-05-19 14:28:30.381,86500,159.936,19.406232012326,150.849,53.141,1662.085
2026-05-19 14:28:30.382,86750,159.936,19.406232012326,150.849,53.141,1662.085
2026-05-19 14:28:30.382,87000,159.936,19.406232012326,150.849,53.141,1662.085
2026-05-19 14:28:30.383,87250,159.936,19.406232012326,150.849,53.141,1662.085
2026-05-19 14:28:30.492,87500,159.936,19.406232012326,150.849,53.141,1662.085
2026-05-19 14:28:30.492,87750,159.936,19.406232012326,150.849,53.141,1662.085
2026-05-19 14:28:30.493,88000,159.936,19.406232012326,150.849,53.141,1662.085
2026-05-19 14:28:30.493,88250,159.936,19.406232012326,150.849,53.141,1662.085
2026-05-19 14:28:30.493,88500,159.936,19.406232012326,150.849,53.141,1662.085
2026-05-19 14:28:30.600,88750,159.936,19.406232012326,150.849,53.141,1662.085
2026-05-19 14:28:30.600,89000,164.963,18.526531437298,156.432,52.098,1616.935
2026-05-19 14:28:30.601,89250,185.073,15.007729137185,178.76,47.925,1436.336
2026-05-19 14:28:30.601,89500,185.073,15.007729137185,178.76,47.925,1436.336
2026-05-19 14:28:30.601,89750,185.073,15.007729137185,178.76,47.925,1436.336
2026-05-19 14:28:30.716,90000,185.073,15.007729137185,178.76,47.925,1436.336
2026-05-19 14:28:30.717,90250,185.073,15.007729137185,178.76,47.925,1436.336
2026-05-19 14:28:30.717,90500,200.685,24.909722704875,182.016,84.526,1324.598
2026-05-19 14:28:30.717,90750,200.685,24.909722704875,182.016,84.526,1324.598
2026-05-19 14:28:30.718,91000,200.685,24.909722704875,182.016,84.526,1324.598
2026-05-19 14:28:30.829,91250,200.685,24.909722704875,182.016,84.526,1324.598
2026-05-19 14:28:30.830,91500,200.685,24.909722704875,182.016,84.526,1324.598
2026-05-19 14:28:30.830,91750,200.685,24.909722704875,182.016,84.526,1324.598
2026-05-19 14:28:30.831,92000,200.685,24.909722704875,182.016,84.526,1324.598
2026-05-19 14:28:30.831,92250,200.685,24.909722704875,182.016,84.526,1324.598
2026-05-19 14:28:30.947,92500,200.685,24.909722704875,182.016,84.526,1324.598
2026-05-19 14:28:30.948,92750,200.685,24.909722704875,182.016,84.526,1324.598
2026-05-19 14:28:30.949,93000,200.685,24.909722704875,182.016,84.526,1324.598
2026-05-19 14:28:30.949,93250,200.685,24.909722704875,182.016,84.526,1324.598
2026-05-19 14:28:30.950,93500,200.685,24.909722704875,182.016,84.526,1324.598
2026-05-19 14:28:31.059,93750,200.685,24.909722704875,182.016,84.526,1324.598
2026-05-19 14:28:31.060,94000,200.685,24.909722704875,182.016,84.526,1324.598
2026-05-19 14:28:31.061,94250,200.685,24.909722704875,182.016,84.526,1324.598
2026-05-19 14:28:31.061,94500,200.685,24.909722704875,182.016,84.526,1324.598
2026-05-19 14:28:31.061,94750,200.685,24.909722704875,182.016,84.526,1324.598
2026-05-19 14:28:31.172,95000,365.001,2.788398603818,364.569,17.756,1324.598
2026-05-19 14:28:31.173,95250,219.738,22.884755278338,202.637,84.439,1222.962
2026-05-19 14:28:31.173,95500,248.319,19.847304138534,233.569,84.308,1070.507
2026-05-19 14:28:31.174,95750,248.319,19.847304138534,233.569,84.308,1070.507
2026-05-19 14:28:31.174,96000,451.637,-2.274019962523,451.281,-17.92,1070.507
2026-05-19 14:28:31.286,96250,451.637,-2.274019962523,451.281,-17.92,1070.507
2026-05-19 14:28:31.287,96500,451.637,-2.274019962523,451.281,-17.92,1070.507
2026-05-19 14:28:31.288,96750,248.319,19.847304138534,233.569,84.308,1070.507
2026-05-19 14:28:31.288,97000,248.319,19.847304138534,233.569,84.308,1070.507
2026-05-19 14:28:31.289,97250,979.0,0.0,979.0,0.0,1070.507
2026-05-19 14:28:31.402,97500,979.0,0.0,979.0,0.0,1070.507
2026-05-19 14:28:31.403,97750,979.0,0.0,979.0,0.0,1070.507
2026-05-19 14:28:31.403,98000,979.0,0.0,979.0,0.0,1070.507
2026-05-19 14:28:31.404,98250,979.0,0.0,979.0,0.0,1070.507
2026-05-19 14:28:31.404,98500,979.0,0.0,979.0,0.0,1070.507
2026-05-19 14:28:31.516,98750,979.0,0.0,979.0,0.0,1070.507
2026-05-19 14:28:31.517,99000,903.398,-13.945138107886,876.772,-217.712,1070.507
2026-05-19 14:28:31.517,99250,979.0,0.0,979.0,0.0,1070.507
2026-05-19 14:28:31.518,99500,979.0,0.0,979.0,0.0,1070.507
2026-05-19 14:28:31.518,99750,903.398,-13.945138107886,876.772,-217.712,1070.507
2026-05-19 14:28:31.628,100000,903.398,-13.945138107886,876.772,-217.712,1070.507
2026-05-19 14:28:32.175,10000,971.87,1.752739384192,971.415,29.726,9286.314
2026-05-19 14:28:32.283,10250,979.0,0.0,979.0,0.0,9286.314
2026-05-19 14:28:32.386,10500,979.0,0.0,979.0,0.0,9286.314
2026-05-19 14:28:32.601,10750,976.133,0.624395458458,975.988,10.589,9313.712
2026-05-19 14:28:32.716,11000,952.958,-0.445795900565,952.929,-7.415,9354.811
2026-05-19 14:28:32.829,11250,963.375,-0.267477540339,963.357,-4.449,9255.273
2026-05-19 14:28:32.944,11500,977.454,0.295981633532,977.389,5.017,9120.46
2026-05-19 14:28:33.162,11750,979.0,0.0,979.0,0.0,9178.44
2026-05-19 14:28:33.277,12000,979.0,0.0,979.0,0.0,9178.44
2026-05-19 14:28:33.391,12250,953.95,-0.483762215423,953.916,-8.054,9178.44
2026-05-19 14:28:33.503,12500,954.385,-0.517751315924,954.346,-8.624,9258.26
2026-05-19 14:28:33.615,12750,969.154,-0.207100526369,969.139,-3.45,9118.593
2026-05-19 14:28:33.727,13000,979.0,0.0,979.0,0.0,9025.481
2026-05-19 14:28:33.830,13250,980.848,-0.287603676373,980.786,-4.96,9093.622
2026-05-19 14:28:33.945,13500,979.0,0.0,979.0,0.0,9110.657
2026-05-19 14:28:34.059,13750,953.511,-0.596406353861,953.459,-9.925,9110.657
2026-05-19 14:28:34.171,14000,963.374,1.386142253821,963.082,23.348,9018.346
2026-05-19 14:28:34.282,14250,979.0,0.0,979.0,0.0,8971.41
2026-05-19 14:28:34.393,14500,979.0,0.0,979.0,0.0,8971.41
2026-05-19 14:28:34.506,14750,956.653,0.515873061641,956.534,8.54,9035.867
2026-05-19 14:28:34.617,15000,958.074,1.292637817353,957.824,21.639,9022.682
2026-05-19 14:28:34.731,15250,979.0,0.0,979.0,0.0,8938.448
2026-05-19 14:28:34.848,15500,979.0,0.0,979.0,0.0,8938.448
2026-05-19 14:28:34.963,15750,942.234,0.777334940449,942.147,12.783,9052.108
2026-05-19 14:28:34.964,16000,979.0,0.0,979.0,0.0,8828.731
2026-05-19 14:28:35.077,16250,954.79,-0.759016820001,954.706,-12.648,8828.731
2026-05-19 14:28:35.192,16500,972.96,0.666603470774,972.851,11.272,8883.766
2026-05-19 14:28:35.300,16750,960.033,-0.622912351066,959.962,-10.385,8877.251
2026-05-19 14:28:35.409,17000,979.0,0.0,979.0,0.0,8704.426
2026-05-19 14:28:35.523,17250,947.64,-0.278150240412,947.552,-4.689,8757.246
2026-05-19 14:28:35.524,17500,939.092,0.613423882303,939.038,10.054,8836.474
2026-05-19 14:28:35.634,17750,979.0,0.0,979.0,0.0,8611.81
2026-05-19 14:28:35.747,18000,979.0,0.0,979.0,0.0,8611.81
2026-05-19 14:28:35.864,18250,972.34,0.594377029622,972.21,9.982,8444.046
2026-05-19 14:28:35.864,18500,962.349,1.485942574055,962.026,24.955,8531.103
2026-05-19 14:28:35.974,18750,979.0,0.0,979.0,0.0,8531.103
2026-05-19 14:28:36.085,19000,954.571,-1.003388467307,954.424,-16.716,8531.103
2026-05-19 14:28:36.197,19250,979.0,0.0,979.0,0.0,8318.223
2026-05-19 14:28:36.197,19500,942.048,0.533109869206,941.979,8.837,8423.562
2026-05-19 14:28:36.299,19750,951.567,0.968576722558,951.388,16.193,8339.717
2026-05-19 14:28:36.404,20000,979.0,0.0,979.0,0.0,8255.872
2026-05-19 14:28:36.515,20250,979.0,0.0,979.0,0.0,8255.872
2026-05-19 14:28:36.515,20500,979.0,0.0,979.0,0.0,8055.627
2026-05-19 14:28:36.626,20750,960.578,1.321511433571,960.323,22.154,8210.115
2026-05-19 14:28:36.737,21000,948.144,0.726415003532,948.032,12.102,8143.637
2026-05-19 14:28:36.737,21250,979.0,0.0,979.0,0.0,8043.919
2026-05-19 14:28:36.846,21500,979.0,0.0,979.0,0.0,8043.919
2026-05-19 14:28:36.957,21750,979.0,0.0,979.0,0.0,7856.622
2026-05-19 14:28:36.957,22000,979.0,0.0,979.0,0.0,7856.622
2026-05-19 14:28:37.068,22250,957.791,1.344840918854,957.527,22.479,8030.595
2026-05-19 14:28:37.179,22500,979.0,0.0,979.0,0.0,7842.522
2026-05-19 14:28:37.179,22750,979.0,0.0,979.0,0.0,7842.522
2026-05-19 14:28:37.283,23000,979.0,0.0,979.0,0.0,7658.862
2026-05-19 14:28:37.390,23250,979.0,0.0,979.0,0.0,7658.862
2026-05-19 14:28:37.391,23500,958.534,-1.300566439113,958.287,-21.756,7658.862
2026-05-19 14:28:37.508,23750,979.0,0.0,979.0,0.0,7498.755
2026-05-19 14:28:37.509,24000,955.49,1.239554918038,955.266,20.67,7683.264
2026-05-19 14:28:37.620,24250,954.416,1.23033097061,954.196,20.493,7515.704
2026-05-19 14:28:37.733,24500,979.0,0.0,979.0,0.0,7515.704
2026-05-19 14:28:37.734,24750,1522.939,-16.713682183264,1458.601,-437.981,7515.704
2026-05-19 14:28:37.848,25000,1542.126,-16.392613173073,1479.439,-435.215,7360.845
2026-05-19 14:28:37.848,25250,1067.869,-5.826152878019,1062.353,-108.4,7360.845
2026-05-19 14:28:37.959,25500,979.0,0.0,979.0,0.0,7206.363
2026-05-19 14:28:37.960,25750,1418.075,-9.188497132725,1399.879,-226.442,7206.363
2026-05-19 14:28:38.074,26000,1533.085,-15.366280685948,1478.279,-406.25,7206.363
2026-05-19 14:28:38.188,26250,979.0,0.0,979.0,0.0,7078.333
2026-05-19 14:28:38.188,26500,37.708,-79.720226856193,6.732,-37.099,7050.105
2026-05-19 14:28:38.301,26750,38.319,-78.362496472059,7.73,-37.531,6937.194
2026-05-19 14:28:38.301,27000,38.319,-78.362496472059,7.73,-37.531,6937.194
2026-05-19 14:28:38.416,27250,38.917,-76.97262286282,8.775,-37.912,6831.029
2026-05-19 14:28:38.416,27500,39.066,-76.62515446051,9.037,-38.007,6804.488
2026-05-19 14:28:38.527,27750,39.066,-76.62515446051,9.037,-38.007,6804.488
2026-05-19 14:28:38.528,28000,39.852,-74.701199373016,10.515,-38.44,6670.342
2026-05-19 14:28:38.633,28250,39.852,-74.701199373016,10.515,-38.44,6670.342
2026-05-19 14:28:38.633,28500,40.54,-72.917258775115,11.909,-38.752,6557.083
2026-05-19 14:28:38.737,28750,40.54,-72.917258775115,11.909,-38.752,6557.083
2026-05-19 14:28:38.737,29000,40.54,-72.917258775115,11.909,-38.752,6557.083
2026-05-19 14:28:38.848,29250,41.278,-70.880669943164,13.52,-39.001,6439.888
2026-05-19 14:28:38.848,29500,41.278,-70.880669943164,13.52,-39.001,6439.888
2026-05-19 14:28:38.959,29750,41.854,-69.166714872074,14.888,-39.112,6351.588
2026-05-19 14:28:38.960,30000,41.998,-68.738226104302,15.23,-39.139,6329.513
2026-05-19 14:28:39.070,30250,41.998,-68.738226104302,15.23,-39.139,6329.513
2026-05-19 14:28:39.071,30500,42.66,-66.591391924142,16.948,-39.149,6231.235
2026-05-19 14:28:39.184,30750,42.66,-66.591391924142,16.948,-39.149,6231.235
2026-05-19 14:28:39.184,31000,42.66,-66.591391924142,16.948,-39.149,6231.235
2026-05-19 14:28:39.295,31250,43.346,-64.132202147052,18.911,-39.002,6132.743
2026-05-19 14:28:39.295,31500,43.346,-64.132202147052,18.911,-39.002,6132.743
2026-05-19 14:28:39.405,31750,43.901,-61.887761233116,20.686,-38.722,6055.123
2026-05-19 14:28:39.406,32000,45.681,-62.594255873503,21.026,-40.554,5819.217
2026-05-19 14:28:39.520,32250,45.681,-62.594255873503,21.026,-40.554,5819.217
2026-05-19 14:28:39.521,32500,46.269,-60.093303711403,23.069,-40.108,5745.191
2026-05-19 14:28:39.632,32750,46.269,-60.093303711403,23.069,-40.108,5745.191
2026-05-19 14:28:39.633,33000,46.269,-60.093303711403,23.069,-40.108,5745.191
2026-05-19 14:28:39.633,33250,46.781,-57.532088690624,25.113,-39.469,5682.385
2026-05-19 14:28:39.742,33500,46.781,-57.532088690624,25.113,-39.469,5682.385
2026-05-19 14:28:39.743,33750,46.781,-57.532088690624,25.113,-39.469,5682.385
2026-05-19 14:28:39.849,34000,47.212,-54.878883692718,27.161,-38.617,5630.485
2026-05-19 14:28:39.850,34250,49.415,-55.344857481475,28.099,-40.649,5379.444
2026-05-19 14:28:39.960,34500,49.49,-54.797793125969,28.526,-40.431,5371.359
2026-05-19 14:28:39.960,34750,49.789,-52.609535703947,30.234,-39.559,5339.018
2026-05-19 14:28:40.076,35000,49.789,-52.609535703947,30.234,-39.559,5339.018
2026-05-19 14:28:40.077,35250,49.789,-52.609535703947,30.234,-39.559,5339.018
2026-05-19 14:28:40.077,35500,50.043,-49.967871920273,32.189,-38.317,5311.955
2026-05-19 14:28:40.187,35750,52.432,-50.205683636686,33.558,-40.286,5069.911
2026-05-19 14:28:40.188,36000,52.432,-50.205683636686,33.558,-40.286,5069.911
2026-05-19 14:28:40.301,36250,52.606,-47.325051858019,35.658,-38.677,5053.16
2026-05-19 14:28:40.301,36500,52.606,-47.325051858019,35.658,-38.677,5053.16
2026-05-19 14:28:40.302,36750,52.611,-42.822243692612,38.589,-35.761,5052.649
2026-05-19 14:28:40.414,37000,52.611,-42.822243692612,38.589,-35.761,5052.649
2026-05-19 14:28:40.415,37250,55.359,-42.708436156368,40.679,-37.548,4801.84
2026-05-19 14:28:40.528,37500,55.359,-42.708436156368,40.679,-37.548,4801.84
2026-05-19 14:28:40.529,37750,55.156,-39.582773831534,42.509,-35.145,4819.526
2026-05-19 14:28:40.529,38000,55.156,-39.582773831534,42.509,-35.145,4819.526
2026-05-19 14:28:40.643,38250,55.156,-39.582773831534,42.509,-35.145,4819.526
2026-05-19 14:28:40.644,38500,55.156,-39.582773831534,42.509,-35.145,4819.526
2026-05-19 14:28:40.757,38750,57.896,-36.003370127391,46.837,-34.033,4591.487
2026-05-19 14:28:40.758,39000,57.896,-36.003370127391,46.837,-34.033,4591.487
2026-05-19 14:28:40.758,39250,57.896,-36.003370127391,46.837,-34.033,4591.487
2026-05-19 14:28:40.865,39500,57.896,-36.003370127391,46.837,-34.033,4591.487
2026-05-19 14:28:40.866,39750,57.323,-32.938897081218,48.108,-31.169,4637.368
2026-05-19 14:28:40.866,40000,60.684,-32.22008329163,51.339,-32.355,4380.519
2026-05-19 14:28:40.977,40250,60.684,-32.22008329163,51.339,-32.355,4380.519
2026-05-19 14:28:40.977,40500,60.684,-32.22008329163,51.339,-32.355,4380.519
2026-05-19 14:28:41.091,40750,60.308,-30.837857685834,51.752,-30.913,4408.087
2026-05-19 14:28:41.092,41000,59.744,-28.764519277142,52.372,-28.749,4449.44
2026-05-19 14:28:41.092,41250,62.363,-28.031672806158,55.047,-29.308,4262.566
2026-05-19 14:28:41.204,41500,62.363,-28.031672806158,55.047,-29.308,4262.566
2026-05-19 14:28:41.204,41750,61.196,-24.812922581771,55.547,-25.681,4343.838
2026-05-19 14:28:41.317,42000,61.196,-24.812922581771,55.547,-25.681,4343.838
2026-05-19 14:28:41.321,42250,62.641,-24.313488109807,57.09,-25.773,4246.992
2026-05-19 14:28:41.321,42500,64.809,-23.564336401861,59.404,-25.909,4101.722
2026-05-19 14:28:41.431,42750,64.809,-23.564336401861,59.404,-25.909,4101.722
2026-05-19 14:28:41.433,43000,64.809,-23.564336401861,59.404,-25.909,4101.722
2026-05-19 14:28:41.433,43250,63.318,-20.425026869974,59.337,-22.097,4198.29
2026-05-19 14:28:41.544,43500,63.318,-20.425026869974,59.337,-22.097,4198.29
2026-05-19 14:28:41.544,43750,67.117,-18.842533874968,63.521,-21.677,3960.624
2026-05-19 14:28:41.545,44000,67.117,-18.842533874968,63.521,-21.677,3960.624
2026-05-19 14:28:41.656,44250,67.117,-18.842533874968,63.521,-21.677,3960.624
2026-05-19 14:28:41.657,44500,67.117,-18.842533874968,63.521,-21.677,3960.624
2026-05-19 14:28:41.657,44750,68.843,-13.718148915148,66.879,-16.326,3861.35
2026-05-19 14:28:41.771,45000,68.843,-13.718148915148,66.879,-16.326,3861.35
2026-05-19 14:28:41.773,45250,68.843,-13.718148915148,66.879,-16.326,3861.35
2026-05-19 14:28:41.774,45500,68.843,-13.718148915148,66.879,-16.326,3861.35
2026-05-19 14:28:41.880,45750,68.843,-13.718148915148,66.879,-16.326,3861.35
2026-05-19 14:28:41.881,46000,72.713,-11.740262154111,71.192,-14.795,3655.855
2026-05-19 14:28:41.881,46250,69.53,-8.091137873153,68.838,-9.786,3823.201
2026-05-19 14:28:41.992,46500,69.53,-8.091137873153,68.838,-9.786,3823.201
2026-05-19 14:28:41.992,46750,69.53,-8.091137873153,68.838,-9.786,3823.201
2026-05-19 14:28:41.993,47000,69.53,-8.091137873153,68.838,-9.786,3823.201
2026-05-19 14:28:42.101,47250,73.319,-5.708369354093,72.955,-7.293,3625.638
2026-05-19 14:28:42.102,47500,73.319,-5.708369354093,72.955,-7.293,3625.638
2026-05-19 14:28:42.102,47750,73.319,-5.708369354093,72.955,-7.293,3625.638
2026-05-19 14:28:42.205,48000,73.319,-5.708369354093,72.955,-7.293,3625.638
2026-05-19 14:28:42.206,48250,73.319,-5.708369354093,72.955,-7.293,3625.638
2026-05-19 14:28:42.206,48500,73.454,0.0,73.454,0.0,3618.973
2026-05-19 14:28:42.318,48750,73.454,0.0,73.454,0.0,3618.973
2026-05-19 14:28:42.318,49000,73.454,0.0,73.454,0.0,3618.973
2026-05-19 14:28:42.319,49250,73.454,0.0,73.454,0.0,3618.973
2026-05-19 14:28:42.432,49500,77.319,3.100736592919,77.206,4.182,3438.037
2026-05-19 14:28:42.433,49750,77.319,3.100736592919,77.206,4.182,3438.037
2026-05-19 14:28:42.433,50000,77.319,3.100736592919,77.206,4.182,3438.037
2026-05-19 14:28:42.543,50250,77.319,3.100736592919,77.206,4.182,3438.037
2026-05-19 14:28:42.543,50500,77.319,3.100736592919,77.206,4.182,3438.037
2026-05-19 14:28:42.544,50750,77.319,3.100736592919,77.206,4.182,3438.037
2026-05-19 14:28:42.649,51000,77.08,9.452665724564,76.033,12.659,3448.719
2026-05-19 14:28:42.649,51250,77.08,9.452665724564,76.033,12.659,3448.719
2026-05-19 14:28:42.650,51500,77.08,9.452665724564,76.033,12.659,3448.719
2026-05-19 14:28:42.764,51750,77.08,9.452665724564,76.033,12.659,3448.719
2026-05-19 14:28:42.764,52000,77.08,9.452665724564,76.033,12.659,3448.719
2026-05-19 14:28:42.765,52250,80.435,13.108553979911,78.339,18.242,3304.868
2026-05-19 14:28:42.765,52500,80.435,13.108553979911,78.339,18.242,3304.868
2026-05-19 14:28:42.878,52750,80.435,13.108553979911,78.339,18.242,3304.868
2026-05-19 14:28:42.879,53000,80.435,13.108553979911,78.339,18.242,3304.868
2026-05-19 14:28:42.879,53250,80.435,13.108553979911,78.339,18.242,3304.868
2026-05-19 14:28:42.993,53500,80.435,13.108553979911,78.339,18.242,3304.868
2026-05-19 14:28:42.994,53750,83.559,16.888314374912,79.956,24.275,3181.295
2026-05-19 14:28:42.994,54000,83.559,16.888314374912,79.956,24.275,3181.295
2026-05-19 14:28:42.994,54250,83.559,16.888314374912,79.956,24.275,3181.295
2026-05-19 14:28:43.099,54500,83.559,16.888314374912,79.956,24.275,3181.295
2026-05-19 14:28:43.099,54750,83.559,16.888314374912,79.956,24.275,3181.295
2026-05-19 14:28:43.100,55000,83.559,16.888314374912,79.956,24.275,3181.295
2026-05-19 14:28:43.204,55250,83.559,16.888314374912,79.956,24.275,3181.295
2026-05-19 14:28:43.204,55500,85.996,20.250127040807,80.635,29.787,3091.773
2026-05-19 14:28:43.205,55750,86.606,21.090580207281,80.804,31.164,3069.393
2026-05-19 14:28:43.319,56000,86.606,21.090580207281,80.804,31.164,3069.393
2026-05-19 14:28:43.320,56250,86.606,21.090580207281,80.804,31.164,3069.393
2026-05-19 14:28:43.321,56500,86.606,21.090580207281,80.804,31.164,3069.393
2026-05-19 14:28:43.321,56750,86.606,21.090580207281,80.804,31.164,3069.393
2026-05-19 14:28:43.432,57000,86.606,21.090580207281,80.804,31.164,3069.393
2026-05-19 14:28:43.432,57250,86.606,21.090580207281,80.804,31.164,3069.393
2026-05-19 14:28:43.433,57500,86.606,21.090580207281,80.804,31.164,3069.393
2026-05-19 14:28:43.543,57750,86.606,21.090580207281,80.804,31.164,3069.393
2026-05-19 14:28:43.544,58000,85.554,26.826975047971,76.358,38.571,3111.581
2026-05-19 14:28:43.544,58250,82.892,27.412560063454,73.585,38.163,3206.9
2026-05-19 14:28:43.657,58500,82.892,27.412560063454,73.585,38.163,3206.9
2026-05-19 14:28:43.658,58750,82.892,27.412560063454,73.585,38.163,3206.9
2026-05-19 14:28:43.658,59000,84.653,31.782464842233,71.96,44.586,3140.187
2026-05-19 14:28:43.659,59250,84.653,31.782464842233,71.96,44.586,3140.187
2026-05-19 14:28:43.772,59500,82.892,27.412560063454,73.585,38.163,3206.9
2026-05-19 14:28:43.774,59750,89.546,25.948597524747,80.519,39.182,2968.602
2026-05-19 14:28:43.774,60000,89.546,25.948597524747,80.519,39.182,2968.602
2026-05-19 14:28:43.879,60250,89.546,25.948597524747,80.519,39.182,2968.602
2026-05-19 14:28:43.879,60500,89.546,25.948597524747,80.519,39.182,2968.602
2026-05-19 14:28:43.880,60750,89.546,25.948597524747,80.519,39.182,2968.602
2026-05-19 14:28:43.880,61000,89.546,25.948597524747,80.519,39.182,2968.602
2026-05-19 14:28:43.991,61250,89.546,25.948597524747,80.519,39.182,2968.602
2026-05-19 14:28:43.992,61500,89.546,25.948597524747,80.519,39.182,2968.602
2026-05-19 14:28:43.992,61750,89.546,25.948597524747,80.519,39.182,2968.602
2026-05-19 14:28:43.993,62000,89.546,25.948597524747,80.519,39.182,2968.602
2026-05-19 14:28:44.101,62250,89.546,25.948597524747,80.519,39.182,2968.602
2026-05-19 14:28:44.102,62500,89.546,25.948597524747,80.519,39.182,2968.602
2026-05-19 14:28:44.102,62750,89.546,25.948597524747,80.519,39.182,2968.602
2026-05-19 14:28:44.103,63000,89.546,25.948597524747,80.519,39.182,2968.602
2026-05-19 14:28:44.216,63250,97.148,24.260150138543,88.568,39.916,2736.319
2026-05-19 14:28:44.217,63500,97.148,24.260150138543,88.568,39.916,2736.319
2026-05-19 14:28:44.217,63750,97.148,24.260150138543,88.568,39.916,2736.319
2026-05-19 14:28:44.218,64000,97.148,24.260150138543,88.568,39.916,2736.319
2026-05-19 14:28:44.328,64250,97.148,24.260150138543,88.568,39.916,2736.319
2026-05-19 14:28:44.329,64500,97.148,24.260150138543,88.568,39.916,2736.319
2026-05-19 14:28:44.329,64750,97.148,24.260150138543,88.568,39.916,2736.319
2026-05-19 14:28:44.330,65000,97.148,24.260150138543,88.568,39.916,2736.319
2026-05-19 14:28:44.440,65250,97.148,24.260150138543,88.568,39.916,2736.319
2026-05-19 14:28:44.441,65500,97.148,24.260150138543,88.568,39.916,2736.319
2026-05-19 14:28:44.441,65750,97.148,24.260150138543,88.568,39.916,2736.319
2026-05-19 14:28:44.442,66000,97.148,24.260150138543,88.568,39.916,2736.319
2026-05-19 14:28:44.554,66250,97.148,24.260150138543,88.568,39.916,2736.319
2026-05-19 14:28:44.555,66500,97.148,24.260150138543,88.568,39.916,2736.319
2026-05-19 14:28:44.556,66750,97.148,24.260150138543,88.568,39.916,2736.319
2026-05-19 14:28:44.556,67000,97.148,24.260150138543,88.568,39.916,2736.319
2026-05-19 14:28:44.665,67250,106.668,22.118391175092,98.818,40.163,2492.103
2026-05-19 14:28:44.666,67500,106.668,22.118391175092,98.818,40.163,2492.103
2026-05-19 14:28:44.667,67750,106.668,22.118391175092,98.818,40.163,2492.103
2026-05-19 14:28:44.667,68000,106.668,22.118391175092,98.818,40.163,2492.103
2026-05-19 14:28:44.777,68250,106.668,22.118391175092,98.818,40.163,2492.103
2026-05-19 14:28:44.778,68500,105.694,21.00484104248,98.57,37.93,2515.952
2026-05-19 14:28:44.779,68750,101.797,16.550640512033,97.579,28.998,2611.351
2026-05-19 14:28:44.779,69000,101.797,16.550640512033,97.579,28.998,2611.351
2026-05-19 14:28:44.895,69250,101.797,16.550640512033,97.579,28.998,2611.351
2026-05-19 14:28:44.895,69500,101.797,16.550640512033,97.579,28.998,2611.351
2026-05-19 14:28:44.896,69750,101.797,16.550640512033,97.579,28.998,2611.351
2026-05-19 14:28:44.896,70000,101.797,16.550640512033,97.579,28.998,2611.351
2026-05-19 14:28:44.896,70250,101.797,16.550640512033,97.579,28.998,2611.351
2026-05-19 14:28:45.006,70500,101.797,16.550640512033,97.579,28.998,2611.351
2026-05-19 14:28:45.006,70750,101.797,16.550640512033,97.579,28.998,2611.351
2026-05-19 14:28:45.007,71000,101.797,16.550640512033,97.579,28.998,2611.351
2026-05-19 14:28:45.122,71250,101.797,16.550640512033,97.579,28.998,2611.351
2026-05-19 14:28:45.122,71500,101.797,16.550640512033,97.579,28.998,2611.351
2026-05-19 14:28:45.123,71750,112.659,13.182513328775,109.69,25.692,2359.568
2026-05-19 14:28:45.123,72000,112.659,13.182513328775,109.69,25.692,2359.568
2026-05-19 14:28:45.124,72250,115.344,15.591869574579,110.905,31.123,2306.492
2026-05-19 14:28:45.237,72500,119.372,19.205903943283,112.728,39.269,2226.878
2026-05-19 14:28:45.237,72750,119.372,19.205903943283,112.728,39.269,2226.878
2026-05-19 14:28:45.238,73000,119.372,19.205903943283,112.728,39.269,2226.878
2026-05-19 14:28:45.238,73250,119.372,19.205903943283,112.728,39.269,2226.878
2026-05-19 14:28:45.350,73500,119.372,19.205903943283,112.728,39.269,2226.878
2026-05-19 14:28:45.350,73750,119.372,19.205903943283,112.728,39.269,2226.878
2026-05-19 14:28:45.351,74000,119.372,19.205903943283,112.728,39.269,2226.878
2026-05-19 14:28:45.351,74250,119.372,19.205903943283,112.728,39.269,2226.878
2026-05-19 14:28:45.463,74500,119.372,19.205903943283,112.728,39.269,2226.878
2026-05-19 14:28:45.463,74750,119.372,19.205903943283,112.728,39.269,2226.878
2026-05-19 14:28:45.464,75000,119.372,19.205903943283,112.728,39.269,2226.878
2026-05-19 14:28:45.464,75250,119.372,19.205903943283,112.728,39.269,2226.878
2026-05-19 14:28:45.578,75500,119.372,19.205903943283,112.728,39.269,2226.878
2026-05-19 14:28:45.579,75750,119.372,19.205903943283,112.728,39.269,2226.878
2026-05-19 14:28:45.579,76000,119.372,19.205903943283,112.728,39.269,2226.878
2026-05-19 14:28:45.580,76250,119.372,19.205903943283,112.728,39.269,2226.878
2026-05-19 14:28:45.580,76500,119.372,19.205903943283,112.728,39.269,2226.878
2026-05-19 14:28:45.693,76750,119.372,19.205903943283,112.728,39.269,2226.878
2026-05-19 14:28:45.694,77000,119.372,19.205903943283,112.728,39.269,2226.878
2026-05-19 14:28:45.694,77250,119.372,19.205903943283,112.728,39.269,2226.878
2026-05-19 14:28:45.695,77500,127.622,17.264648351274,121.882,37.684,2088.871
2026-05-19 14:28:45.695,77750,133.122,15.970477956601,127.984,36.627,1996.867
2026-05-19 14:28:45.799,78000,133.122,15.970477956601,127.984,36.627,1996.867
2026-05-19 14:28:45.800,78250,133.122,15.970477956601,127.984,36.627,1996.867
2026-05-19 14:28:45.800,78500,133.122,15.970477956601,127.984,36.627,1996.867
2026-05-19 14:28:45.801,78750,133.122,15.970477956601,127.984,36.627,1996.867
2026-05-19 14:28:45.912,79000,133.122,15.970477956601,127.984,36.627,1996.867
2026-05-19 14:28:45.912,79250,133.122,15.970477956601,127.984,36.627,1996.867
2026-05-19 14:28:45.913,79500,133.122,15.970477956601,127.984,36.627,1996.867
2026-05-19 14:28:45.913,79750,133.122,15.970477956601,127.984,36.627,1996.867
2026-05-19 14:28:45.914,80000,133.122,15.970477956601,127.984,36.627,1996.867
2026-05-19 14:28:46.016,80250,133.122,15.970477956601,127.984,36.627,1996.867
2026-05-19 14:28:46.017,80500,133.122,15.970477956601,127.984,36.627,1996.867
2026-05-19 14:28:46.017,80750,133.122,15.970477956601,127.984,36.627,1996.867
2026-05-19 14:28:46.018,81000,133.122,15.970477956601,127.984,36.627,1996.867
2026-05-19 14:28:46.018,81250,133.122,15.970477956601,127.984,36.627,1996.867
2026-05-19 14:28:46.122,81500,133.122,15.970477956601,127.984,36.627,1996.867
2026-05-19 14:28:46.123,81750,134.659,17.305637897284,128.378,40.145,1975.067
2026-05-19 14:28:46.123,82000,140.808,22.646277660017,129.952,54.217,1887.867
2026-05-19 14:28:46.123,82250,140.808,22.646277660017,129.952,54.217,1887.867
2026-05-19 14:28:46.236,82500,140.808,22.646277660017,129.952,54.217,1887.867
2026-05-19 14:28:46.237,82750,140.808,22.646277660017,129.952,54.217,1887.867
2026-05-19 14:28:46.237,83000,140.808,22.646277660017,129.952,54.217,1887.867
2026-05-19 14:28:46.238,83250,159.936,19.406232012326,150.849,53.141,1662.085
2026-05-19 14:28:46.238,83500,159.936,19.406232012326,150.849,53.141,1662.085
2026-05-19 14:28:46.347,83750,159.936,19.406232012326,150.849,53.141,1662.085
2026-05-19 14:28:46.348,84000,159.936,19.406232012326,150.849,53.141,1662.085
2026-05-19 14:28:46.348,84250,159.936,19.406232012326,150.849,53.141,1662.085
2026-05-19 14:28:46.349,84500,159.936,19.406232012326,150.849,53.141,1662.085
2026-05-19 14:28:46.349,84750,159.936,19.406232012326,150.849,53.141,1662.085
2026-05-19 14:28:46.457,85000,159.936,19.406232012326,150.849,53.141,1662.085
2026-05-19 14:28:46.458,85250,159.936,19.406232012326,150.849,53.141,1662.085
2026-05-19 14:28:46.458,85500,159.936,19.406232012326,150.849,53.141,1662.085
2026-05-19 14:28:46.459,85750,159.936,19.406232012326,150.849,53.141,1662.085
2026-05-19 14:28:46.459,86000,159.936,19.406232012326,150.849,53.141,1662.085
2026-05-19 14:28:46.569,86250,159.936,19.406232012326,150.849,53.141,1662.085
2026-05-19 14:28:46.569,86500,159.936,19.406232012326,150.849,53.141,1662.085
2026-05-19 14:28:46.570,86750,159.936,19.406232012326,150.849,53.141,1662.085
2026-05-19 14:28:46.570,87000,159.936,19.406232012326,150.849,53.141,1662.085
2026-05-19 14:28:46.570,87250,159.936,19.406232012326,150.849,53.141,1662.085
2026-05-19 14:28:46.679,87500,159.936,19.406232012326,150.849,53.141,1662.085
2026-05-19 14:28:46.680,87750,159.936,19.406232012326,150.849,53.141,1662.085
2026-05-19 14:28:46.681,88000,159.936,19.406232012326,150.849,53.141,1662.085
2026-05-19 14:28:46.681,88250,159.936,19.406232012326,150.849,53.141,1662.085
2026-05-19 14:28:46.681,88500,159.936,19.406232012326,150.849,53.141,1662.085
2026-05-19 14:28:46.783,88750,159.936,19.406232012326,150.849,53.141,1662.085
2026-05-19 14:28:46.784,89000,164.963,18.526531437298,156.432,52.098,1616.935
2026-05-19 14:28:46.784,89250,185.073,15.007729137185,178.76,47.925,1436.336
2026-05-19 14:28:46.785,89500,185.073,15.007729137185,178.76,47.925,1436.336
2026-05-19 14:28:46.896,89750,185.073,15.007729137185,178.76,47.925,1436.336
2026-05-19 14:28:46.896,90000,185.073,15.007729137185,178.76,47.925,1436.336
2026-05-19 14:28:46.897,90250,185.073,15.007729137185,178.76,47.925,1436.336
2026-05-19 14:28:46.897,90500,200.685,24.909722704875,182.016,84.526,1324.598
2026-05-19 14:28:46.898,90750,200.685,24.909722704875,182.016,84.526,1324.598
2026-05-19 14:28:47.008,91000,200.685,24.909722704875,182.016,84.526,1324.598
2026-05-19 14:28:47.010,91250,200.685,24.909722704875,182.016,84.526,1324.598
2026-05-19 14:28:47.010,91500,200.685,24.909722704875,182.016,84.526,1324.598
2026-05-19 14:28:47.011,91750,200.685,24.909722704875,182.016,84.526,1324.598
2026-05-19 14:28:47.011,92000,200.685,24.909722704875,182.016,84.526,1324.598
2026-05-19 14:28:47.124,92250,200.685,24.909722704875,182.016,84.526,1324.598
2026-05-19 14:28:47.125,92500,200.685,24.909722704875,182.016,84.526,1324.598
2026-05-19 14:28:47.125,92750,200.685,24.909722704875,182.016,84.526,1324.598
2026-05-19 14:28:47.126,93000,200.685,24.909722704875,182.016,84.526,1324.598
2026-05-19 14:28:47.126,93250,200.685,24.909722704875,182.016,84.526,1324.598
2026-05-19 14:28:47.238,93500,200.685,24.909722704875,182.016,84.526,1324.598
2026-05-19 14:28:47.238,93750,200.685,24.909722704875,182.016,84.526,1324.598
2026-05-19 14:28:47.238,94000,200.685,24.909722704875,182.016,84.526,1324.598
2026-05-19 14:28:47.239,94250,200.685,24.909722704875,182.016,84.526,1324.598
2026-05-19 14:28:47.239,94500,200.685,24.909722704875,182.016,84.526,1324.598
2026-05-19 14:28:47.348,94750,200.685,24.909722704875,182.016,84.526,1324.598
2026-05-19 14:28:47.349,95000,365.001,2.788398603818,364.569,17.756,1324.598
2026-05-19 14:28:47.349,95250,219.738,22.884755278338,202.637,84.439,1222.962
2026-05-19 14:28:47.350,95500,248.319,19.847304138534,233.569,84.308,1070.507
2026-05-19 14:28:47.350,95750,248.319,19.847304138534,233.569,84.308,1070.507
2026-05-19 14:28:47.458,96000,451.637,-2.274019962523,451.281,-17.92,1070.507
2026-05-19 14:28:47.459,96250,451.637,-2.274019962523,451.281,-17.92,1070.507
2026-05-19 14:28:47.459,96500,451.637,-2.274019962523,451.281,-17.92,1070.507
2026-05-19 14:28:47.460,96750,248.319,19.847304138534,233.569,84.308,1070.507
2026-05-19 14:28:47.569,97000,248.319,19.847304138534,233.569,84.308,1070.507
2026-05-19 14:28:47.570,97250,979.0,0.0,979.0,0.0,1070.507
2026-05-19 14:28:47.570,97500,979.0,0.0,979.0,0.0,1070.507
2026-05-19 14:28:47.570,97750,979.0,0.0,979.0,0.0,1070.507
2026-05-19 14:28:47.571,98000,979.0,0.0,979.0,0.0,1070.507
2026-05-19 14:28:47.680,98250,979.0,0.0,979.0,0.0,1070.507
2026-05-19 14:28:47.680,98500,979.0,0.0,979.0,0.0,1070.507
2026-05-19 14:28:47.680,98750,979.0,0.0,979.0,0.0,1070.507
2026-05-19 14:28:47.681,99000,903.398,-13.945138107886,876.772,-217.712,1070.507
2026-05-19 14:28:47.681,99250,979.0,0.0,979.0,0.0,1070.507
2026-05-19 14:28:47.793,99500,979.0,0.0,979.0,0.0,1070.507
2026-05-19 14:28:47.794,99750,903.398,-13.945138107886,876.772,-217.712,1070.507
2026-05-19 14:28:47.794,100000,903.398,-13.945138107886,876.772,-217.712,1070.507
