Timestamp,Freq(Hz),Imp_AVG(Ohm),Fase_AVG(°),Real_AVG(Ohm),Imag_AVG(Ohm),Mag_AVG
2026-05-19 16:11:06.069,10000,979.0,0.0,979.0,0.0,9286.314
2026-05-19 16:11:06.184,10250,979.0,0.0,979.0,0.0,9286.314
2026-05-19 16:11:06.400,10500,979.0,0.0,979.0,0.0,9286.314
2026-05-19 16:11:06.504,10750,979.0,0.0,979.0,0.0,9286.314
2026-05-19 16:11:06.609,11000,979.0,0.0,979.0,0.0,9354.811
2026-05-19 16:11:06.815,11250,952.958,-0.445795900565,952.929,-7.415,9354.811
2026-05-19 16:11:06.930,11500,979.0,0.0,979.0,0.0,9105.965
2026-05-19 16:11:07.045,11750,979.0,0.0,979.0,0.0,9178.44
2026-05-19 16:11:07.151,12000,979.0,0.0,979.0,0.0,9178.44
2026-05-19 16:11:07.269,12250,979.0,0.0,979.0,0.0,9178.44
2026-05-19 16:11:07.389,12500,979.0,0.0,979.0,0.0,9258.26
2026-05-19 16:11:07.505,12750,1004.25,0.517751315924,1004.209,9.075,9025.481
2026-05-19 16:11:07.619,13000,979.0,0.0,979.0,0.0,9025.481
2026-05-19 16:11:07.727,13250,979.0,0.0,979.0,0.0,9110.657
2026-05-19 16:11:07.838,13500,979.0,0.0,979.0,0.0,9110.657
2026-05-19 16:11:07.947,13750,979.0,0.0,979.0,0.0,9110.657
2026-05-19 16:11:08.169,14000,979.0,0.0,979.0,0.0,8971.41
2026-05-19 16:11:08.170,14250,979.0,0.0,979.0,0.0,8971.41
2026-05-19 16:11:08.289,14500,979.0,0.0,979.0,0.0,8971.41
2026-05-19 16:11:08.405,14750,967.416,1.524079840029,967.073,25.73,9078.838
2026-05-19 16:11:08.519,15000,994.376,0.417832049251,994.35,7.251,8938.448
2026-05-19 16:11:08.622,15250,979.0,0.0,979.0,0.0,8938.448
2026-05-19 16:11:08.731,15500,979.0,0.0,979.0,0.0,8938.448
2026-05-19 16:11:08.849,15750,979.0,0.0,979.0,0.0,9052.108
2026-05-19 16:11:08.963,16000,979.0,0.0,979.0,0.0,8828.731
2026-05-19 16:11:09.078,16250,1003.824,0.759016820001,1003.736,13.298,8610.4
2026-05-19 16:11:09.078,16500,979.0,0.0,979.0,0.0,8920.457
2026-05-19 16:11:09.193,16750,979.0,0.0,979.0,0.0,8704.426
2026-05-19 16:11:09.299,17000,979.0,0.0,979.0,0.0,8704.426
2026-05-19 16:11:09.416,17250,953.338,-0.872532988888,953.228,-14.517,8704.426
2026-05-19 16:11:09.525,17500,979.0,0.0,979.0,0.0,8836.474
2026-05-19 16:11:09.526,17750,979.0,0.0,979.0,0.0,8611.81
2026-05-19 16:11:09.631,18000,979.0,0.0,979.0,0.0,8611.81
2026-05-19 16:11:09.746,18250,962.349,1.485942574055,962.026,24.955,8531.103
2026-05-19 16:11:09.864,18500,979.0,0.0,979.0,0.0,8531.103
2026-05-19 16:11:09.864,18750,979.0,0.0,979.0,0.0,8531.103
2026-05-19 16:11:09.980,19000,979.0,0.0,979.0,0.0,8531.103
2026-05-19 16:11:10.099,19250,979.0,0.0,979.0,0.0,8318.223
2026-05-19 16:11:10.219,19500,979.0,0.0,979.0,0.0,8255.872
2026-05-19 16:11:10.220,19750,979.0,0.0,979.0,0.0,8255.872
2026-05-19 16:11:10.335,20000,979.0,0.0,979.0,0.0,8255.872
2026-05-19 16:11:10.441,20250,979.0,0.0,979.0,0.0,8255.872
2026-05-19 16:11:10.442,20500,979.0,0.0,979.0,0.0,8055.627
2026-05-19 16:11:10.546,20750,979.0,0.0,979.0,0.0,8210.115
2026-05-19 16:11:10.654,21000,959.182,-1.005522859644,959.034,-16.832,8210.115
2026-05-19 16:11:10.655,21250,979.0,0.0,979.0,0.0,8043.919
2026-05-19 16:11:10.769,21500,979.0,0.0,979.0,0.0,8043.919
2026-05-19 16:11:10.890,21750,979.0,0.0,979.0,0.0,7856.622
2026-05-19 16:11:10.890,22000,979.0,0.0,979.0,0.0,8030.595
2026-05-19 16:11:10.993,22250,979.0,0.0,979.0,0.0,8030.595
2026-05-19 16:11:11.104,22500,979.0,0.0,979.0,0.0,7842.522
2026-05-19 16:11:11.105,22750,979.0,0.0,979.0,0.0,7842.522
2026-05-19 16:11:11.209,23000,979.0,0.0,979.0,0.0,7658.862
2026-05-19 16:11:11.319,23250,979.0,0.0,979.0,0.0,7658.862
2026-05-19 16:11:11.320,23500,979.0,0.0,979.0,0.0,7658.862
2026-05-19 16:11:11.431,23750,979.0,0.0,979.0,0.0,7498.755
2026-05-19 16:11:11.431,24000,979.0,0.0,979.0,0.0,7683.264
2026-05-19 16:11:11.536,24250,979.0,0.0,979.0,0.0,7515.704
2026-05-19 16:11:11.646,24500,979.0,0.0,979.0,0.0,7515.704
2026-05-19 16:11:11.646,24750,979.0,0.0,979.0,0.0,7515.704
2026-05-19 16:11:11.754,25000,979.0,0.0,979.0,0.0,7360.845
2026-05-19 16:11:11.754,25250,979.0,0.0,979.0,0.0,7360.845
2026-05-19 16:11:11.865,25500,979.0,0.0,979.0,0.0,7206.363
2026-05-19 16:11:11.975,25750,979.0,0.0,979.0,0.0,7206.363
2026-05-19 16:11:11.976,26000,979.0,0.0,979.0,0.0,7206.363
2026-05-19 16:11:12.090,26250,979.0,0.0,979.0,0.0,7078.333
2026-05-19 16:11:12.090,26500,979.0,0.0,979.0,0.0,7078.333
2026-05-19 16:11:12.204,26750,979.0,0.0,979.0,0.0,6937.194
2026-05-19 16:11:12.205,27000,979.0,0.0,979.0,0.0,6937.194
2026-05-19 16:11:12.320,27250,979.0,0.0,979.0,0.0,6937.194
2026-05-19 16:11:12.321,27500,979.0,0.0,979.0,0.0,6804.488
2026-05-19 16:11:12.430,27750,979.0,0.0,979.0,0.0,6804.488
2026-05-19 16:11:12.431,28000,979.0,0.0,979.0,0.0,6670.342
2026-05-19 16:11:12.539,28250,979.0,0.0,979.0,0.0,6670.342
2026-05-19 16:11:12.540,28500,979.0,0.0,979.0,0.0,6670.342
2026-05-19 16:11:12.649,28750,979.0,0.0,979.0,0.0,6557.083
2026-05-19 16:11:12.650,29000,979.0,0.0,979.0,0.0,6557.083
2026-05-19 16:11:12.769,29250,979.0,0.0,979.0,0.0,6439.888
2026-05-19 16:11:12.771,29500,979.0,0.0,979.0,0.0,6439.888
2026-05-19 16:11:12.881,29750,979.0,0.0,979.0,0.0,6439.888
2026-05-19 16:11:12.881,30000,979.0,0.0,979.0,0.0,6329.513
2026-05-19 16:11:12.990,30250,979.0,0.0,979.0,0.0,6329.513
2026-05-19 16:11:12.990,30500,979.0,0.0,979.0,0.0,6231.235
2026-05-19 16:11:13.105,30750,979.0,0.0,979.0,0.0,6231.235
2026-05-19 16:11:13.105,31000,979.0,0.0,979.0,0.0,6231.235
2026-05-19 16:11:13.209,31250,979.0,0.0,979.0,0.0,6132.743
2026-05-19 16:11:13.209,31500,979.0,0.0,979.0,0.0,6132.743
2026-05-19 16:11:13.324,31750,991.55,2.244440913935,990.789,38.832,6055.123
2026-05-19 16:11:13.325,32000,940.858,0.706494640387,940.787,11.601,6055.123
2026-05-19 16:11:13.435,32250,979.0,0.0,979.0,0.0,5819.217
2026-05-19 16:11:13.436,32500,979.0,0.0,979.0,0.0,5745.191
2026-05-19 16:11:13.549,32750,979.0,0.0,979.0,0.0,5745.191
2026-05-19 16:11:13.550,33000,979.0,0.0,979.0,0.0,5745.191
2026-05-19 16:11:13.550,33250,979.0,0.0,979.0,0.0,5682.385
2026-05-19 16:11:13.670,33500,979.0,0.0,979.0,0.0,5682.385
2026-05-19 16:11:13.670,33750,979.0,0.0,979.0,0.0,5682.385
2026-05-19 16:11:13.790,34000,979.0,0.0,979.0,0.0,5630.485
2026-05-19 16:11:13.790,34250,979.0,0.0,979.0,0.0,5379.444
2026-05-19 16:11:13.791,34500,979.0,0.0,979.0,0.0,5379.444
2026-05-19 16:11:13.904,34750,979.0,0.0,979.0,0.0,5339.018
2026-05-19 16:11:13.905,35000,979.0,0.0,979.0,0.0,5339.018
2026-05-19 16:11:14.020,35250,979.0,0.0,979.0,0.0,5339.018
2026-05-19 16:11:14.021,35500,979.0,0.0,979.0,0.0,5311.955
2026-05-19 16:11:14.021,35750,934.391,0.237811716413,934.383,3.878,5311.955
2026-05-19 16:11:14.134,36000,979.0,0.0,979.0,0.0,5069.911
2026-05-19 16:11:14.134,36250,979.0,0.0,979.0,0.0,5053.16
2026-05-19 16:11:14.251,36500,979.0,0.0,979.0,0.0,5053.16
2026-05-19 16:11:14.252,36750,979.0,0.0,979.0,0.0,5053.16
2026-05-19 16:11:14.369,37000,979.0,0.0,979.0,0.0,5052.649
2026-05-19 16:11:14.370,37250,979.0,0.0,979.0,0.0,4801.84
2026-05-19 16:11:14.370,37500,979.0,0.0,979.0,0.0,4801.84
2026-05-19 16:11:14.489,37750,979.0,0.0,979.0,0.0,4801.84
2026-05-19 16:11:14.490,38000,979.0,0.0,979.0,0.0,4819.526
2026-05-19 16:11:14.490,38250,979.0,0.0,979.0,0.0,4819.526
2026-05-19 16:11:14.599,38500,979.0,0.0,979.0,0.0,4819.526
2026-05-19 16:11:14.600,38750,979.0,0.0,979.0,0.0,4591.487
2026-05-19 16:11:14.704,39000,979.0,0.0,979.0,0.0,4591.487
2026-05-19 16:11:14.705,39250,979.0,0.0,979.0,0.0,4591.487
2026-05-19 16:11:14.705,39500,979.0,0.0,979.0,0.0,4591.487
2026-05-19 16:11:14.815,39750,979.0,0.0,979.0,0.0,4637.368
2026-05-19 16:11:14.815,40000,979.0,0.0,979.0,0.0,4380.519
2026-05-19 16:11:14.926,40250,979.0,0.0,979.0,0.0,4380.519
2026-05-19 16:11:14.926,40500,979.0,0.0,979.0,0.0,4380.519
2026-05-19 16:11:14.927,40750,979.0,0.0,979.0,0.0,4380.519
2026-05-19 16:11:15.036,41000,979.0,0.0,979.0,0.0,4449.44
2026-05-19 16:11:15.037,41250,979.0,0.0,979.0,0.0,4262.566
2026-05-19 16:11:15.037,41500,979.0,0.0,979.0,0.0,4262.566
2026-05-19 16:11:15.147,41750,979.0,0.0,979.0,0.0,4262.566
2026-05-19 16:11:15.147,42000,979.0,0.0,979.0,0.0,4343.838
2026-05-19 16:11:15.257,42250,979.0,0.0,979.0,0.0,4343.838
2026-05-19 16:11:15.258,42500,979.0,0.0,979.0,0.0,4101.722
2026-05-19 16:11:15.258,42750,979.0,0.0,979.0,0.0,4101.722
2026-05-19 16:11:15.368,43000,979.0,0.0,979.0,0.0,4101.722
2026-05-19 16:11:15.368,43250,979.0,0.0,979.0,0.0,4198.29
2026-05-19 16:11:15.369,43500,979.0,0.0,979.0,0.0,4198.29
2026-05-19 16:11:15.478,43750,979.0,0.0,979.0,0.0,3960.624
2026-05-19 16:11:15.479,44000,979.0,0.0,979.0,0.0,3960.624
2026-05-19 16:11:15.479,44250,979.0,0.0,979.0,0.0,3960.624
2026-05-19 16:11:15.588,44500,979.0,0.0,979.0,0.0,3960.624
2026-05-19 16:11:15.588,44750,979.0,0.0,979.0,0.0,4081.427
2026-05-19 16:11:15.589,45000,979.0,0.0,979.0,0.0,3861.35
2026-05-19 16:11:15.698,45250,979.0,0.0,979.0,0.0,3861.35
2026-05-19 16:11:15.698,45500,979.0,0.0,979.0,0.0,3861.35
2026-05-19 16:11:15.699,45750,979.0,0.0,979.0,0.0,3861.35
2026-05-19 16:11:15.814,46000,979.0,0.0,979.0,0.0,3655.855
2026-05-19 16:11:15.815,46250,979.0,0.0,979.0,0.0,3823.201
2026-05-19 16:11:15.815,46500,979.0,0.0,979.0,0.0,3823.201
2026-05-19 16:11:15.925,46750,979.0,0.0,979.0,0.0,3823.201
2026-05-19 16:11:15.926,47000,979.0,0.0,979.0,0.0,3823.201
2026-05-19 16:11:15.926,47250,979.0,0.0,979.0,0.0,3625.638
2026-05-19 16:11:16.037,47500,979.0,0.0,979.0,0.0,3625.638
2026-05-19 16:11:16.038,47750,979.0,0.0,979.0,0.0,3625.638
2026-05-19 16:11:16.038,48000,979.0,0.0,979.0,0.0,3625.638
2026-05-19 16:11:16.149,48250,979.0,0.0,979.0,0.0,3625.638
2026-05-19 16:11:16.150,48500,979.0,0.0,979.0,0.0,3618.973
2026-05-19 16:11:16.150,48750,979.0,0.0,979.0,0.0,3618.973
2026-05-19 16:11:16.263,49000,979.0,0.0,979.0,0.0,3618.973
2026-05-19 16:11:16.263,49250,979.0,0.0,979.0,0.0,3618.973
2026-05-19 16:11:16.264,49500,930.053,-3.100736592919,928.692,-50.308,3618.973
2026-05-19 16:11:16.377,49750,979.0,0.0,979.0,0.0,3438.037
2026-05-19 16:11:16.377,50000,979.0,0.0,979.0,0.0,3438.037
2026-05-19 16:11:16.378,50250,979.0,0.0,979.0,0.0,3438.037
2026-05-19 16:11:16.487,50500,979.0,0.0,979.0,0.0,3438.037
2026-05-19 16:11:16.487,50750,979.0,0.0,979.0,0.0,3438.037
2026-05-19 16:11:16.488,51000,979.0,0.0,979.0,0.0,3448.719
2026-05-19 16:11:16.597,51250,979.0,0.0,979.0,0.0,3448.719
2026-05-19 16:11:16.597,51500,979.0,0.0,979.0,0.0,3448.719
2026-05-19 16:11:16.598,51750,979.0,0.0,979.0,0.0,3448.719
2026-05-19 16:11:16.598,52000,979.0,0.0,979.0,0.0,3448.719
2026-05-19 16:11:16.707,52250,938.165,-3.655888255347,936.255,-59.821,3448.719
2026-05-19 16:11:16.708,52500,979.0,0.0,979.0,0.0,3304.868
2026-05-19 16:11:16.708,52750,979.0,0.0,979.0,0.0,3304.868
2026-05-19 16:11:16.813,53000,979.0,0.0,979.0,0.0,3304.868
2026-05-19 16:11:16.813,53250,979.0,0.0,979.0,0.0,3304.868
2026-05-19 16:11:16.814,53500,979.0,0.0,979.0,0.0,3304.868
2026-05-19 16:11:16.916,53750,942.394,-3.779760395,940.344,-62.124,3304.868
2026-05-19 16:11:16.917,54000,979.0,0.0,979.0,0.0,3181.295
2026-05-19 16:11:16.917,54250,979.0,0.0,979.0,0.0,3181.295
2026-05-19 16:11:17.027,54500,979.0,0.0,979.0,0.0,3181.295
2026-05-19 16:11:17.028,54750,979.0,0.0,979.0,0.0,3181.295
2026-05-19 16:11:17.028,55000,979.0,0.0,979.0,0.0,3181.295
2026-05-19 16:11:17.028,55250,979.0,0.0,979.0,0.0,3181.295
2026-05-19 16:11:17.144,55500,944.564,-4.202265832369,942.024,-69.215,3181.295
2026-05-19 16:11:17.145,55750,979.0,0.0,979.0,0.0,3069.393
2026-05-19 16:11:17.145,56000,979.0,0.0,979.0,0.0,3069.393
2026-05-19 16:11:17.269,56250,979.0,0.0,979.0,0.0,3069.393
2026-05-19 16:11:17.270,56500,979.0,0.0,979.0,0.0,3069.393
2026-05-19 16:11:17.270,56750,979.0,0.0,979.0,0.0,3069.393
2026-05-19 16:11:17.271,57000,979.0,0.0,979.0,0.0,3069.393
2026-05-19 16:11:17.390,57250,979.0,0.0,979.0,0.0,3069.393
2026-05-19 16:11:17.390,57500,979.0,0.0,979.0,0.0,3069.393
2026-05-19 16:11:17.391,57750,979.0,0.0,979.0,0.0,3069.393
2026-05-19 16:11:17.391,58000,937.022,6.321979856173,931.324,103.181,3206.9
2026-05-19 16:11:17.505,58250,906.252,1.463962538707,905.957,23.153,3206.9
2026-05-19 16:11:17.505,58500,979.0,0.0,979.0,0.0,3206.9
2026-05-19 16:11:17.506,58750,999.799,4.369904778779,996.892,76.18,3140.187
2026-05-19 16:11:17.620,59000,999.799,4.369904778779,996.892,76.18,3140.187
2026-05-19 16:11:17.621,59250,979.0,0.0,979.0,0.0,3140.187
2026-05-19 16:11:17.621,59500,958.634,-4.369904778779,955.847,-73.043,3206.9
2026-05-19 16:11:17.622,59750,1035.586,-5.833867317486,1030.223,-105.261,2968.602
2026-05-19 16:11:17.735,60000,979.0,0.0,979.0,0.0,2968.602
2026-05-19 16:11:17.736,60250,979.0,0.0,979.0,0.0,2968.602
2026-05-19 16:11:17.736,60500,979.0,0.0,979.0,0.0,2968.602
2026-05-19 16:11:17.737,60750,979.0,0.0,979.0,0.0,2968.602
2026-05-19 16:11:17.846,61000,979.0,0.0,979.0,0.0,2968.602
2026-05-19 16:11:17.847,61250,979.0,0.0,979.0,0.0,2968.602
2026-05-19 16:11:17.847,61500,979.0,0.0,979.0,0.0,2968.602
2026-05-19 16:11:17.848,61750,979.0,0.0,979.0,0.0,2968.602
2026-05-19 16:11:17.958,62000,979.0,0.0,979.0,0.0,2968.602
2026-05-19 16:11:17.959,62250,979.0,0.0,979.0,0.0,2968.602
2026-05-19 16:11:17.959,62500,979.0,0.0,979.0,0.0,2968.602
2026-05-19 16:11:17.960,62750,979.0,0.0,979.0,0.0,2968.602
2026-05-19 16:11:18.069,63000,979.0,0.0,979.0,0.0,2968.602
2026-05-19 16:11:18.070,63250,902.397,1.688447386204,902.005,26.589,2968.602
2026-05-19 16:11:18.070,63500,979.0,0.0,979.0,0.0,2736.319
2026-05-19 16:11:18.071,63750,979.0,0.0,979.0,0.0,2736.319
2026-05-19 16:11:18.185,64000,979.0,0.0,979.0,0.0,2736.319
2026-05-19 16:11:18.186,64250,979.0,0.0,979.0,0.0,2736.319
2026-05-19 16:11:18.186,64500,979.0,0.0,979.0,0.0,2736.319
2026-05-19 16:11:18.187,64750,979.0,0.0,979.0,0.0,2736.319
2026-05-19 16:11:18.299,65000,979.0,0.0,979.0,0.0,2736.319
2026-05-19 16:11:18.300,65250,979.0,0.0,979.0,0.0,2736.319
2026-05-19 16:11:18.300,65500,979.0,0.0,979.0,0.0,2736.319
2026-05-19 16:11:18.301,65750,979.0,0.0,979.0,0.0,2736.319
2026-05-19 16:11:18.419,66000,979.0,0.0,979.0,0.0,2736.319
2026-05-19 16:11:18.420,66250,979.0,0.0,979.0,0.0,2736.319
2026-05-19 16:11:18.420,66500,979.0,0.0,979.0,0.0,2736.319
2026-05-19 16:11:18.421,66750,979.0,0.0,979.0,0.0,2736.319
2026-05-19 16:11:18.531,67000,979.0,0.0,979.0,0.0,2736.319
2026-05-19 16:11:18.531,67250,891.624,2.141758963451,891.002,33.322,2736.319
2026-05-19 16:11:18.532,67500,979.0,0.0,979.0,0.0,2492.103
2026-05-19 16:11:18.532,67750,979.0,0.0,979.0,0.0,2492.103
2026-05-19 16:11:18.646,68000,979.0,0.0,979.0,0.0,2492.103
2026-05-19 16:11:18.647,68250,979.0,0.0,979.0,0.0,2492.103
2026-05-19 16:11:18.647,68500,934.294,-5.567750663059,929.886,-90.648,2611.351
2026-05-19 16:11:18.648,68750,934.294,-5.567750663059,929.886,-90.648,2611.351
2026-05-19 16:11:18.750,69000,934.294,-5.567750663059,929.886,-90.648,2611.351
2026-05-19 16:11:18.751,69250,979.0,0.0,979.0,0.0,2611.351
2026-05-19 16:11:18.751,69500,979.0,0.0,979.0,0.0,2611.351
2026-05-19 16:11:18.752,69750,979.0,0.0,979.0,0.0,2611.351
2026-05-19 16:11:18.869,70000,979.0,0.0,979.0,0.0,2611.351
2026-05-19 16:11:18.870,70250,979.0,0.0,979.0,0.0,2611.351
2026-05-19 16:11:18.870,70500,979.0,0.0,979.0,0.0,2611.351
2026-05-19 16:11:18.871,70750,979.0,0.0,979.0,0.0,2611.351
2026-05-19 16:11:18.986,71000,979.0,0.0,979.0,0.0,2611.351
2026-05-19 16:11:18.987,71250,979.0,0.0,979.0,0.0,2611.351
2026-05-19 16:11:18.987,71500,979.0,0.0,979.0,0.0,2611.351
2026-05-19 16:11:18.988,71750,979.0,0.0,979.0,0.0,2611.351
2026-05-19 16:11:19.099,72000,923.946,-6.023390614508,918.845,-96.954,2359.568
2026-05-19 16:11:19.100,72250,1037.334,6.023390614508,1031.607,108.852,2226.878
2026-05-19 16:11:19.100,72500,1037.334,6.023390614508,1031.607,108.852,2226.878
2026-05-19 16:11:19.101,72750,979.0,0.0,979.0,0.0,2226.878
2026-05-19 16:11:19.215,73000,979.0,0.0,979.0,0.0,2226.878
2026-05-19 16:11:19.215,73250,979.0,0.0,979.0,0.0,2226.878
2026-05-19 16:11:19.216,73500,979.0,0.0,979.0,0.0,2226.878
2026-05-19 16:11:19.216,73750,979.0,0.0,979.0,0.0,2226.878
2026-05-19 16:11:19.217,74000,979.0,0.0,979.0,0.0,2226.878
2026-05-19 16:11:19.331,74250,979.0,0.0,979.0,0.0,2226.878
2026-05-19 16:11:19.331,74500,979.0,0.0,979.0,0.0,2226.878
2026-05-19 16:11:19.332,74750,979.0,0.0,979.0,0.0,2226.878
2026-05-19 16:11:19.332,75000,979.0,0.0,979.0,0.0,2226.878
2026-05-19 16:11:19.449,75250,979.0,0.0,979.0,0.0,2226.878
2026-05-19 16:11:19.450,75500,979.0,0.0,979.0,0.0,2226.878
2026-05-19 16:11:19.451,75750,979.0,0.0,979.0,0.0,2226.878
2026-05-19 16:11:19.451,76000,979.0,0.0,979.0,0.0,2226.878
2026-05-19 16:11:19.451,76250,979.0,0.0,979.0,0.0,2226.878
2026-05-19 16:11:19.570,76500,979.0,0.0,979.0,0.0,2226.878
2026-05-19 16:11:19.570,76750,979.0,0.0,979.0,0.0,2226.878
2026-05-19 16:11:19.571,77000,979.0,0.0,979.0,0.0,2226.878
2026-05-19 16:11:19.571,77250,979.0,0.0,979.0,0.0,2226.878
2026-05-19 16:11:19.571,77500,979.0,0.0,979.0,0.0,2226.878
2026-05-19 16:11:19.685,77750,979.0,0.0,979.0,0.0,1996.867
2026-05-19 16:11:19.685,78000,979.0,0.0,979.0,0.0,1996.867
2026-05-19 16:11:19.686,78250,979.0,0.0,979.0,0.0,1996.867
2026-05-19 16:11:19.686,78500,979.0,0.0,979.0,0.0,1996.867
2026-05-19 16:11:19.687,78750,979.0,0.0,979.0,0.0,1996.867
2026-05-19 16:11:19.799,79000,979.0,0.0,979.0,0.0,1996.867
2026-05-19 16:11:19.800,79250,979.0,0.0,979.0,0.0,1996.867
2026-05-19 16:11:19.800,79500,979.0,0.0,979.0,0.0,1996.867
2026-05-19 16:11:19.801,79750,979.0,0.0,979.0,0.0,1996.867
2026-05-19 16:11:19.801,80000,979.0,0.0,979.0,0.0,1996.867
2026-05-19 16:11:19.919,80250,979.0,0.0,979.0,0.0,1996.867
2026-05-19 16:11:19.920,80500,979.0,0.0,979.0,0.0,1996.867
2026-05-19 16:11:19.920,80750,979.0,0.0,979.0,0.0,1996.867
2026-05-19 16:11:19.921,81000,979.0,0.0,979.0,0.0,1996.867
2026-05-19 16:11:19.921,81250,979.0,0.0,979.0,0.0,1996.867
2026-05-19 16:11:20.034,81500,1035.525,6.675799703416,1028.504,120.381,1887.867
2026-05-19 16:11:20.034,81750,979.0,0.0,979.0,0.0,1996.867
2026-05-19 16:11:20.035,82000,979.0,0.0,979.0,0.0,1887.867
2026-05-19 16:11:20.035,82250,979.0,0.0,979.0,0.0,1887.867
2026-05-19 16:11:20.036,82500,979.0,0.0,979.0,0.0,1887.867
2026-05-19 16:11:20.144,82750,979.0,0.0,979.0,0.0,1887.867
2026-05-19 16:11:20.145,83000,979.0,0.0,979.0,0.0,1887.867
2026-05-19 16:11:20.145,83250,979.0,0.0,979.0,0.0,1887.867
2026-05-19 16:11:20.146,83500,979.0,0.0,979.0,0.0,1662.085
2026-05-19 16:11:20.146,83750,979.0,0.0,979.0,0.0,1662.085
2026-05-19 16:11:20.254,84000,979.0,0.0,979.0,0.0,1662.085
2026-05-19 16:11:20.255,84250,979.0,0.0,979.0,0.0,1662.085
2026-05-19 16:11:20.255,84500,979.0,0.0,979.0,0.0,1662.085
2026-05-19 16:11:20.256,84750,979.0,0.0,979.0,0.0,1662.085
2026-05-19 16:11:20.256,85000,979.0,0.0,979.0,0.0,1662.085
2026-05-19 16:11:20.369,85250,979.0,0.0,979.0,0.0,1662.085
2026-05-19 16:11:20.370,85500,979.0,0.0,979.0,0.0,1662.085
2026-05-19 16:11:20.370,85750,979.0,0.0,979.0,0.0,1662.085
2026-05-19 16:11:20.371,86000,979.0,0.0,979.0,0.0,1662.085
2026-05-19 16:11:20.371,86250,979.0,0.0,979.0,0.0,1662.085
2026-05-19 16:11:20.478,86500,979.0,0.0,979.0,0.0,1662.085
2026-05-19 16:11:20.479,86750,979.0,0.0,979.0,0.0,1662.085
2026-05-19 16:11:20.479,87000,979.0,0.0,979.0,0.0,1662.085
2026-05-19 16:11:20.480,87250,979.0,0.0,979.0,0.0,1662.085
2026-05-19 16:11:20.590,87500,979.0,0.0,979.0,0.0,1662.085
2026-05-19 16:11:20.590,87750,979.0,0.0,979.0,0.0,1662.085
2026-05-19 16:11:20.591,88000,979.0,0.0,979.0,0.0,1662.085
2026-05-19 16:11:20.591,88250,979.0,0.0,979.0,0.0,1662.085
2026-05-19 16:11:20.592,88500,979.0,0.0,979.0,0.0,1662.085
2026-05-19 16:11:20.703,88750,979.0,0.0,979.0,0.0,1662.085
2026-05-19 16:11:20.704,89000,979.0,0.0,979.0,0.0,1662.085
2026-05-19 16:11:20.705,89250,979.0,0.0,979.0,0.0,1436.336
2026-05-19 16:11:20.705,89500,979.0,0.0,979.0,0.0,1436.336
2026-05-19 16:11:20.706,89750,979.0,0.0,979.0,0.0,1436.336
2026-05-19 16:11:20.819,90000,979.0,0.0,979.0,0.0,1436.336
2026-05-19 16:11:20.820,90250,979.0,0.0,979.0,0.0,1436.336
2026-05-19 16:11:20.820,90500,902.84,-9.90199356769,889.391,-155.255,1436.336
2026-05-19 16:11:20.820,90750,979.0,0.0,979.0,0.0,1324.598
2026-05-19 16:11:20.821,91000,979.0,0.0,979.0,0.0,1324.598
2026-05-19 16:11:20.934,91250,979.0,0.0,979.0,0.0,1324.598
2026-05-19 16:11:20.935,91500,979.0,0.0,979.0,0.0,1324.598
2026-05-19 16:11:20.936,91750,979.0,0.0,979.0,0.0,1324.598
2026-05-19 16:11:20.936,92000,979.0,0.0,979.0,0.0,1324.598
2026-05-19 16:11:20.936,92250,979.0,0.0,979.0,0.0,1324.598
2026-05-19 16:11:21.053,92500,979.0,0.0,979.0,0.0,1324.598
2026-05-19 16:11:21.054,92750,979.0,0.0,979.0,0.0,1324.598
2026-05-19 16:11:21.054,93000,979.0,0.0,979.0,0.0,1324.598
2026-05-19 16:11:21.055,93250,979.0,0.0,979.0,0.0,1324.598
2026-05-19 16:11:21.055,93500,979.0,0.0,979.0,0.0,1324.598
2026-05-19 16:11:21.169,93750,979.0,0.0,979.0,0.0,1324.598
2026-05-19 16:11:21.169,94000,979.0,0.0,979.0,0.0,1324.598
2026-05-19 16:11:21.170,94250,979.0,0.0,979.0,0.0,1324.598
2026-05-19 16:11:21.170,94500,979.0,0.0,979.0,0.0,1324.598
2026-05-19 16:11:21.171,94750,979.0,0.0,979.0,0.0,1324.598
2026-05-19 16:11:21.284,95000,979.0,0.0,979.0,0.0,1324.598
2026-05-19 16:11:21.285,95250,979.0,0.0,979.0,0.0,1324.598
2026-05-19 16:11:21.285,95500,979.0,0.0,979.0,0.0,1070.507
2026-05-19 16:11:21.286,95750,979.0,0.0,979.0,0.0,1070.507
2026-05-19 16:11:21.286,96000,979.0,0.0,979.0,0.0,1070.507
2026-05-19 16:11:21.389,96250,979.0,0.0,979.0,0.0,1070.507
2026-05-19 16:11:21.389,96500,979.0,0.0,979.0,0.0,1070.507
2026-05-19 16:11:21.390,96750,979.0,0.0,979.0,0.0,1070.507
2026-05-19 16:11:21.390,97000,979.0,0.0,979.0,0.0,1070.507
2026-05-19 16:11:21.391,97250,979.0,0.0,979.0,0.0,1070.507
2026-05-19 16:11:21.504,97500,979.0,0.0,979.0,0.0,1070.507
2026-05-19 16:11:21.505,97750,979.0,0.0,979.0,0.0,1070.507
2026-05-19 16:11:21.505,98000,979.0,0.0,979.0,0.0,1070.507
2026-05-19 16:11:21.506,98250,979.0,0.0,979.0,0.0,1070.507
2026-05-19 16:11:21.506,98500,979.0,0.0,979.0,0.0,1070.507
2026-05-19 16:11:21.621,98750,979.0,0.0,979.0,0.0,1070.507
2026-05-19 16:11:21.622,99000,979.0,0.0,979.0,0.0,1070.507
2026-05-19 16:11:21.622,99250,979.0,0.0,979.0,0.0,1070.507
2026-05-19 16:11:21.623,99500,979.0,0.0,979.0,0.0,1070.507
2026-05-19 16:11:21.623,99750,979.0,0.0,979.0,0.0,1070.507
2026-05-19 16:11:21.731,100000,979.0,0.0,979.0,0.0,1070.507
2026-05-19 16:11:22.269,10000,979.0,0.0,979.0,0.0,9286.314
2026-05-19 16:11:22.389,10250,979.0,0.0,979.0,0.0,9286.314
2026-05-19 16:11:22.504,10500,979.0,0.0,979.0,0.0,9286.314
2026-05-19 16:11:22.620,10750,979.0,0.0,979.0,0.0,9286.314
2026-05-19 16:11:22.850,11000,979.0,0.0,979.0,0.0,9354.811
2026-05-19 16:11:22.969,11250,952.958,-0.445795900565,952.929,-7.415,9354.811
2026-05-19 16:11:23.073,11500,979.0,0.0,979.0,0.0,9105.965
2026-05-19 16:11:23.189,11750,979.0,0.0,979.0,0.0,9178.44
2026-05-19 16:11:23.300,12000,979.0,0.0,979.0,0.0,9178.44
2026-05-19 16:11:23.515,12250,979.0,0.0,979.0,0.0,9178.44
2026-05-19 16:11:23.631,12500,979.0,0.0,979.0,0.0,9258.26
2026-05-19 16:11:23.735,12750,1004.25,0.517751315924,1004.209,9.075,9025.481
2026-05-19 16:11:23.851,13000,979.0,0.0,979.0,0.0,9025.481
2026-05-19 16:11:23.969,13250,979.0,0.0,979.0,0.0,9110.657
2026-05-19 16:11:24.090,13500,979.0,0.0,979.0,0.0,9110.657
2026-05-19 16:11:24.204,13750,979.0,0.0,979.0,0.0,9110.657
2026-05-19 16:11:24.316,14000,979.0,0.0,979.0,0.0,8971.41
2026-05-19 16:11:24.428,14250,979.0,0.0,979.0,0.0,8971.41
2026-05-19 16:11:24.536,14500,979.0,0.0,979.0,0.0,8971.41
2026-05-19 16:11:24.652,14750,967.416,1.524079840029,967.073,25.73,9078.838
2026-05-19 16:11:24.652,15000,994.376,0.417832049251,994.35,7.251,8938.448
2026-05-19 16:11:24.770,15250,979.0,0.0,979.0,0.0,8938.448
2026-05-19 16:11:24.889,15500,979.0,0.0,979.0,0.0,8938.448
2026-05-19 16:11:25.005,15750,979.0,0.0,979.0,0.0,9052.108
2026-05-19 16:11:25.120,16000,979.0,0.0,979.0,0.0,8828.731
2026-05-19 16:11:25.232,16250,991.412,0.37950841,991.368,6.649,8719.565
2026-05-19 16:11:25.233,16500,984.086,-0.555502892311,983.993,-9.59,8874.594
2026-05-19 16:11:25.350,16750,967.146,-0.389320219416,967.101,-6.491,8812.442
2026-05-19 16:11:25.454,17000,979.0,0.0,979.0,0.0,8704.426
2026-05-19 16:11:25.570,17250,946.215,-0.129554553293,946.133,-2.232,8770.45
2026-05-19 16:11:25.681,17500,991.77,0.449024469753,991.708,7.872,8724.142
2026-05-19 16:11:25.799,17750,979.0,0.0,979.0,0.0,8611.81
2026-05-19 16:11:25.799,18000,979.0,0.0,979.0,0.0,8611.81
2026-05-19 16:11:25.903,18250,962.349,1.485942574055,962.026,24.955,8531.103
2026-05-19 16:11:26.005,18500,979.0,0.0,979.0,0.0,8531.103
2026-05-19 16:11:26.124,18750,979.0,0.0,979.0,0.0,8531.103
2026-05-19 16:11:26.125,19000,991.527,0.501694233653,991.45,8.791,8424.663
2026-05-19 16:11:26.240,19250,979.0,0.0,979.0,0.0,8318.223
2026-05-19 16:11:26.346,19500,979.0,0.0,979.0,0.0,8255.872
2026-05-19 16:11:26.469,19750,979.0,0.0,979.0,0.0,8255.872
2026-05-19 16:11:26.470,20000,979.0,0.0,979.0,0.0,8255.872
2026-05-19 16:11:26.589,20250,979.0,0.0,979.0,0.0,8255.872
2026-05-19 16:11:26.589,20500,979.0,0.0,979.0,0.0,8055.627
2026-05-19 16:11:26.700,20750,979.0,0.0,979.0,0.0,8210.115
2026-05-19 16:11:26.804,21000,959.182,-1.005522859644,959.034,-16.832,8210.115
2026-05-19 16:11:26.915,21250,979.0,0.0,979.0,0.0,8043.919
2026-05-19 16:11:26.915,21500,979.0,0.0,979.0,0.0,8043.919
2026-05-19 16:11:27.019,21750,979.0,0.0,979.0,0.0,7856.622
2026-05-19 16:11:27.136,22000,979.0,0.0,979.0,0.0,8030.595
2026-05-19 16:11:27.137,22250,979.0,0.0,979.0,0.0,8030.595
2026-05-19 16:11:27.245,22500,979.0,0.0,979.0,0.0,7842.522
2026-05-19 16:11:27.246,22750,979.0,0.0,979.0,0.0,7842.522
2026-05-19 16:11:27.350,23000,979.0,0.0,979.0,0.0,7658.862
2026-05-19 16:11:27.469,23250,979.0,0.0,979.0,0.0,7658.862
2026-05-19 16:11:27.470,23500,979.0,0.0,979.0,0.0,7658.862
2026-05-19 16:11:27.589,23750,979.0,0.0,979.0,0.0,7498.755
2026-05-19 16:11:27.590,24000,979.0,0.0,979.0,0.0,7683.264
2026-05-19 16:11:27.699,24250,979.0,0.0,979.0,0.0,7515.704
2026-05-19 16:11:27.804,24500,979.0,0.0,979.0,0.0,7515.704
2026-05-19 16:11:27.804,24750,979.0,0.0,979.0,0.0,7515.704
2026-05-19 16:11:27.911,25000,979.0,0.0,979.0,0.0,7360.845
2026-05-19 16:11:27.912,25250,979.0,0.0,979.0,0.0,7360.845
2026-05-19 16:11:28.020,25500,979.0,0.0,979.0,0.0,7206.363
2026-05-19 16:11:28.131,25750,979.0,0.0,979.0,0.0,7206.363
2026-05-19 16:11:28.132,26000,979.0,0.0,979.0,0.0,7206.363
2026-05-19 16:11:28.246,26250,979.0,0.0,979.0,0.0,7078.333
2026-05-19 16:11:28.247,26500,979.0,0.0,979.0,0.0,7078.333
2026-05-19 16:11:28.352,26750,979.0,0.0,979.0,0.0,6937.194
2026-05-19 16:11:28.353,27000,979.0,0.0,979.0,0.0,6937.194
2026-05-19 16:11:28.470,27250,988.547,0.868671005775,988.317,15.13,6870.841
2026-05-19 16:11:28.470,27500,979.0,0.0,979.0,0.0,6804.488
2026-05-19 16:11:28.589,27750,979.0,0.0,979.0,0.0,6804.488
2026-05-19 16:11:28.590,28000,979.0,0.0,979.0,0.0,6670.342
2026-05-19 16:11:28.704,28250,979.0,0.0,979.0,0.0,6670.342
2026-05-19 16:11:28.704,28500,979.0,0.0,979.0,0.0,6670.342
2026-05-19 16:11:28.815,28750,979.0,0.0,979.0,0.0,6557.083
2026-05-19 16:11:28.815,29000,979.0,0.0,979.0,0.0,6557.083
2026-05-19 16:11:28.932,29250,979.0,0.0,979.0,0.0,6439.888
2026-05-19 16:11:28.932,29500,979.0,0.0,979.0,0.0,6439.888
2026-05-19 16:11:29.046,29750,979.0,0.0,979.0,0.0,6439.888
2026-05-19 16:11:29.047,30000,979.0,0.0,979.0,0.0,6329.513
2026-05-19 16:11:29.152,30250,979.0,0.0,979.0,0.0,6329.513
2026-05-19 16:11:29.153,30500,979.0,0.0,979.0,0.0,6231.235
2026-05-19 16:11:29.270,30750,979.0,0.0,979.0,0.0,6231.235
2026-05-19 16:11:29.270,31000,979.0,0.0,979.0,0.0,6231.235
2026-05-19 16:11:29.389,31250,979.0,0.0,979.0,0.0,6132.743
2026-05-19 16:11:29.390,31500,979.0,0.0,979.0,0.0,6132.743
2026-05-19 16:11:29.504,31750,991.55,2.244440913935,990.789,38.832,6055.123
2026-05-19 16:11:29.504,32000,940.858,0.706494640387,940.787,11.601,6055.123
2026-05-19 16:11:29.620,32250,979.0,0.0,979.0,0.0,5819.217
2026-05-19 16:11:29.620,32500,979.0,0.0,979.0,0.0,5745.191
2026-05-19 16:11:29.621,32750,979.0,0.0,979.0,0.0,5745.191
2026-05-19 16:11:29.730,33000,979.0,0.0,979.0,0.0,5745.191
2026-05-19 16:11:29.731,33250,979.0,0.0,979.0,0.0,5682.385
2026-05-19 16:11:29.847,33500,979.0,0.0,979.0,0.0,5682.385
2026-05-19 16:11:29.848,33750,979.0,0.0,979.0,0.0,5682.385
2026-05-19 16:11:29.951,34000,979.0,0.0,979.0,0.0,5630.485
2026-05-19 16:11:29.952,34250,979.0,0.0,979.0,0.0,5379.444
2026-05-19 16:11:29.952,34500,979.0,0.0,979.0,0.0,5379.444
2026-05-19 16:11:30.055,34750,979.0,0.0,979.0,0.0,5339.018
2026-05-19 16:11:30.055,35000,979.0,0.0,979.0,0.0,5339.018
2026-05-19 16:11:30.170,35250,979.0,0.0,979.0,0.0,5339.018
2026-05-19 16:11:30.170,35500,979.0,0.0,979.0,0.0,5311.955
2026-05-19 16:11:30.285,35750,934.391,0.237811716413,934.383,3.878,5311.955
2026-05-19 16:11:30.285,36000,979.0,0.0,979.0,0.0,5069.911
2026-05-19 16:11:30.286,36250,979.0,0.0,979.0,0.0,5053.16
2026-05-19 16:11:30.389,36500,979.0,0.0,979.0,0.0,5053.16
2026-05-19 16:11:30.390,36750,979.0,0.0,979.0,0.0,5053.16
2026-05-19 16:11:30.504,37000,979.0,0.0,979.0,0.0,5052.649
2026-05-19 16:11:30.505,37250,979.0,0.0,979.0,0.0,4801.84
2026-05-19 16:11:30.619,37500,979.0,0.0,979.0,0.0,4801.84
2026-05-19 16:11:30.620,37750,979.0,0.0,979.0,0.0,4801.84
2026-05-19 16:11:30.621,38000,979.0,0.0,979.0,0.0,4819.526
2026-05-19 16:11:30.735,38250,979.0,0.0,979.0,0.0,4819.526
2026-05-19 16:11:30.735,38500,979.0,0.0,979.0,0.0,4819.526
2026-05-19 16:11:30.736,38750,979.0,0.0,979.0,0.0,4591.487
2026-05-19 16:11:30.839,39000,979.0,0.0,979.0,0.0,4591.487
2026-05-19 16:11:30.840,39250,979.0,0.0,979.0,0.0,4591.487
2026-05-19 16:11:30.949,39500,979.0,0.0,979.0,0.0,4591.487
2026-05-19 16:11:30.950,39750,979.0,0.0,979.0,0.0,4637.368
2026-05-19 16:11:30.951,40000,979.0,0.0,979.0,0.0,4380.519
2026-05-19 16:11:31.069,40250,979.0,0.0,979.0,0.0,4380.519
2026-05-19 16:11:31.070,40500,979.0,0.0,979.0,0.0,4380.519
2026-05-19 16:11:31.070,40750,979.0,0.0,979.0,0.0,4380.519
2026-05-19 16:11:31.189,41000,979.0,0.0,979.0,0.0,4449.44
2026-05-19 16:11:31.190,41250,979.0,0.0,979.0,0.0,4262.566
2026-05-19 16:11:31.304,41500,979.0,0.0,979.0,0.0,4262.566
2026-05-19 16:11:31.305,41750,969.842,1.609375112193,969.084,26.97,4303.202
2026-05-19 16:11:31.305,42000,979.0,0.0,979.0,0.0,4343.838
2026-05-19 16:11:31.410,42250,979.0,0.0,979.0,0.0,4343.838
2026-05-19 16:11:31.411,42500,979.0,0.0,979.0,0.0,4101.722
2026-05-19 16:11:31.411,42750,979.0,0.0,979.0,0.0,4101.722
2026-05-19 16:11:31.520,43000,979.0,0.0,979.0,0.0,4101.722
2026-05-19 16:11:31.520,43250,979.0,0.0,979.0,0.0,4198.29
2026-05-19 16:11:31.521,43500,979.0,0.0,979.0,0.0,4198.29
2026-05-19 16:11:31.631,43750,979.0,0.0,979.0,0.0,3960.624
2026-05-19 16:11:31.632,44000,979.0,0.0,979.0,0.0,3960.624
2026-05-19 16:11:31.632,44250,979.0,0.0,979.0,0.0,3960.624
2026-05-19 16:11:31.735,44500,979.0,0.0,979.0,0.0,3960.624
2026-05-19 16:11:31.737,44750,979.0,0.0,979.0,0.0,4081.427
2026-05-19 16:11:31.851,45000,979.0,0.0,979.0,0.0,3861.35
2026-05-19 16:11:31.852,45250,979.0,0.0,979.0,0.0,3861.35
2026-05-19 16:11:31.852,45500,979.0,0.0,979.0,0.0,3861.35
2026-05-19 16:11:31.969,45750,979.0,0.0,979.0,0.0,3861.35
2026-05-19 16:11:31.970,46000,979.0,0.0,979.0,0.0,3655.855
2026-05-19 16:11:31.971,46250,979.0,0.0,979.0,0.0,3823.201
2026-05-19 16:11:32.089,46500,979.0,0.0,979.0,0.0,3823.201
2026-05-19 16:11:32.090,46750,979.0,0.0,979.0,0.0,3823.201
2026-05-19 16:11:32.090,47000,979.0,0.0,979.0,0.0,3823.201
2026-05-19 16:11:32.091,47250,979.0,0.0,979.0,0.0,3625.638
2026-05-19 16:11:32.199,47500,979.0,0.0,979.0,0.0,3625.638
2026-05-19 16:11:32.200,47750,979.0,0.0,979.0,0.0,3625.638
2026-05-19 16:11:32.305,48000,979.0,0.0,979.0,0.0,3625.638
2026-05-19 16:11:32.306,48250,979.0,0.0,979.0,0.0,3625.638
2026-05-19 16:11:32.306,48500,979.0,0.0,979.0,0.0,3618.973
2026-05-19 16:11:32.417,48750,979.0,0.0,979.0,0.0,3618.973
2026-05-19 16:11:32.417,49000,979.0,0.0,979.0,0.0,3618.973
2026-05-19 16:11:32.418,49250,979.0,0.0,979.0,0.0,3618.973
2026-05-19 16:11:32.531,49500,930.053,-3.100736592919,928.692,-50.308,3618.973
2026-05-19 16:11:32.532,49750,979.0,0.0,979.0,0.0,3438.037
2026-05-19 16:11:32.532,50000,979.0,0.0,979.0,0.0,3438.037
2026-05-19 16:11:32.649,50250,979.0,0.0,979.0,0.0,3438.037
2026-05-19 16:11:32.650,50500,979.0,0.0,979.0,0.0,3438.037
2026-05-19 16:11:32.650,50750,979.0,0.0,979.0,0.0,3438.037
2026-05-19 16:11:32.651,51000,979.0,0.0,979.0,0.0,3448.719
2026-05-19 16:11:32.770,51250,979.0,0.0,979.0,0.0,3448.719
2026-05-19 16:11:32.770,51500,979.0,0.0,979.0,0.0,3448.719
2026-05-19 16:11:32.770,51750,979.0,0.0,979.0,0.0,3448.719
2026-05-19 16:11:32.771,52000,979.0,0.0,979.0,0.0,3448.719
2026-05-19 16:11:32.889,52250,958.582,-1.827944127674,957.628,-29.911,3376.793
2026-05-19 16:11:32.890,52500,979.0,0.0,979.0,0.0,3304.868
2026-05-19 16:11:32.890,52750,979.0,0.0,979.0,0.0,3304.868
2026-05-19 16:11:33.004,53000,979.0,0.0,979.0,0.0,3304.868
2026-05-19 16:11:33.005,53250,979.0,0.0,979.0,0.0,3304.868
2026-05-19 16:11:33.005,53500,979.0,0.0,979.0,0.0,3304.868
2026-05-19 16:11:33.006,53750,942.394,-3.779760395,940.344,-62.124,3304.868
2026-05-19 16:11:33.116,54000,979.0,0.0,979.0,0.0,3181.295
2026-05-19 16:11:33.116,54250,979.0,0.0,979.0,0.0,3181.295
2026-05-19 16:11:33.117,54500,979.0,0.0,979.0,0.0,3181.295
2026-05-19 16:11:33.219,54750,979.0,0.0,979.0,0.0,3181.295
2026-05-19 16:11:33.220,55000,979.0,0.0,979.0,0.0,3181.295
2026-05-19 16:11:33.220,55250,979.0,0.0,979.0,0.0,3181.295
2026-05-19 16:11:33.335,55500,944.564,-4.202265832369,942.024,-69.215,3181.295
2026-05-19 16:11:33.335,55750,979.0,0.0,979.0,0.0,3069.393
2026-05-19 16:11:33.336,56000,979.0,0.0,979.0,0.0,3069.393
2026-05-19 16:11:33.336,56250,979.0,0.0,979.0,0.0,3069.393
2026-05-19 16:11:33.451,56500,979.0,0.0,979.0,0.0,3069.393
2026-05-19 16:11:33.451,56750,979.0,0.0,979.0,0.0,3069.393
2026-05-19 16:11:33.452,57000,979.0,0.0,979.0,0.0,3069.393
2026-05-19 16:11:33.565,57250,979.0,0.0,979.0,0.0,3069.393
2026-05-19 16:11:33.567,57500,979.0,0.0,979.0,0.0,3069.393
2026-05-19 16:11:33.567,57750,979.0,0.0,979.0,0.0,3069.393
2026-05-19 16:11:33.568,58000,937.022,6.321979856173,931.324,103.181,3206.9
2026-05-19 16:11:33.674,58250,906.252,1.463962538707,905.957,23.153,3206.9
2026-05-19 16:11:33.675,58500,979.0,0.0,979.0,0.0,3206.9
2026-05-19 16:11:33.675,58750,999.799,4.369904778779,996.892,76.18,3140.187
2026-05-19 16:11:33.789,59000,999.799,4.369904778779,996.892,76.18,3140.187
2026-05-19 16:11:33.790,59250,979.0,0.0,979.0,0.0,3140.187
2026-05-19 16:11:33.790,59500,958.634,-4.369904778779,955.847,-73.043,3206.9
2026-05-19 16:11:33.791,59750,1035.586,-5.833867317486,1030.223,-105.261,2968.602
2026-05-19 16:11:33.894,60000,979.0,0.0,979.0,0.0,2968.602
2026-05-19 16:11:33.895,60250,979.0,0.0,979.0,0.0,2968.602
2026-05-19 16:11:33.895,60500,979.0,0.0,979.0,0.0,2968.602
2026-05-19 16:11:34.010,60750,979.0,0.0,979.0,0.0,2968.602
2026-05-19 16:11:34.010,61000,979.0,0.0,979.0,0.0,2968.602
2026-05-19 16:11:34.011,61250,979.0,0.0,979.0,0.0,2968.602
2026-05-19 16:11:34.011,61500,979.0,0.0,979.0,0.0,2968.602
2026-05-19 16:11:34.115,61750,979.0,0.0,979.0,0.0,2968.602
2026-05-19 16:11:34.116,62000,979.0,0.0,979.0,0.0,2968.602
2026-05-19 16:11:34.116,62250,979.0,0.0,979.0,0.0,2968.602
2026-05-19 16:11:34.116,62500,979.0,0.0,979.0,0.0,2968.602
2026-05-19 16:11:34.225,62750,979.0,0.0,979.0,0.0,2968.602
2026-05-19 16:11:34.226,63000,979.0,0.0,979.0,0.0,2968.602
2026-05-19 16:11:34.226,63250,902.397,1.688447386204,902.005,26.589,2968.602
2026-05-19 16:11:34.226,63500,979.0,0.0,979.0,0.0,2736.319
2026-05-19 16:11:34.336,63750,979.0,0.0,979.0,0.0,2736.319
2026-05-19 16:11:34.336,64000,979.0,0.0,979.0,0.0,2736.319
2026-05-19 16:11:34.337,64250,979.0,0.0,979.0,0.0,2736.319
2026-05-19 16:11:34.337,64500,979.0,0.0,979.0,0.0,2736.319
2026-05-19 16:11:34.451,64750,979.0,0.0,979.0,0.0,2736.319
2026-05-19 16:11:34.452,65000,979.0,0.0,979.0,0.0,2736.319
2026-05-19 16:11:34.452,65250,979.0,0.0,979.0,0.0,2736.319
2026-05-19 16:11:34.453,65500,979.0,0.0,979.0,0.0,2736.319
2026-05-19 16:11:34.570,65750,979.0,0.0,979.0,0.0,2736.319
2026-05-19 16:11:34.570,66000,979.0,0.0,979.0,0.0,2736.319
2026-05-19 16:11:34.571,66250,979.0,0.0,979.0,0.0,2736.319
2026-05-19 16:11:34.571,66500,979.0,0.0,979.0,0.0,2736.319
2026-05-19 16:11:34.684,66750,979.0,0.0,979.0,0.0,2736.319
2026-05-19 16:11:34.684,67000,979.0,0.0,979.0,0.0,2736.319
2026-05-19 16:11:34.685,67250,935.312,1.070879481726,935.001,16.661,2614.211
2026-05-19 16:11:34.685,67500,979.0,0.0,979.0,0.0,2492.103
2026-05-19 16:11:34.789,67750,979.0,0.0,979.0,0.0,2492.103
2026-05-19 16:11:34.790,68000,979.0,0.0,979.0,0.0,2492.103
2026-05-19 16:11:34.790,68250,979.0,0.0,979.0,0.0,2492.103
2026-05-19 16:11:34.791,68500,956.647,-2.783875331529,954.443,-45.324,2551.727
2026-05-19 16:11:34.904,68750,934.294,-5.567750663059,929.886,-90.648,2611.351
2026-05-19 16:11:34.905,69000,934.294,-5.567750663059,929.886,-90.648,2611.351
2026-05-19 16:11:34.905,69250,979.0,0.0,979.0,0.0,2611.351
2026-05-19 16:11:34.906,69500,979.0,0.0,979.0,0.0,2611.351
2026-05-19 16:11:35.020,69750,979.0,0.0,979.0,0.0,2611.351
2026-05-19 16:11:35.020,70000,979.0,0.0,979.0,0.0,2611.351
2026-05-19 16:11:35.021,70250,979.0,0.0,979.0,0.0,2611.351
2026-05-19 16:11:35.021,70500,979.0,0.0,979.0,0.0,2611.351
2026-05-19 16:11:35.130,70750,979.0,0.0,979.0,0.0,2611.351
2026-05-19 16:11:35.131,71000,979.0,0.0,979.0,0.0,2611.351
2026-05-19 16:11:35.131,71250,979.0,0.0,979.0,0.0,2611.351
2026-05-19 16:11:35.132,71500,979.0,0.0,979.0,0.0,2611.351
2026-05-19 16:11:35.247,71750,1031.233,-1.684063591629,1030.297,-31.827,2485.459
2026-05-19 16:11:35.247,72000,923.946,-6.023390614508,918.845,-96.954,2359.568
2026-05-19 16:11:35.248,72250,1037.334,6.023390614508,1031.607,108.852,2226.878
2026-05-19 16:11:35.248,72500,1037.334,6.023390614508,1031.607,108.852,2226.878
2026-05-19 16:11:35.249,72750,979.0,0.0,979.0,0.0,2226.878
2026-05-19 16:11:35.370,73000,979.0,0.0,979.0,0.0,2226.878
2026-05-19 16:11:35.370,73250,979.0,0.0,979.0,0.0,2226.878
2026-05-19 16:11:35.370,73500,979.0,0.0,979.0,0.0,2226.878
2026-05-19 16:11:35.371,73750,979.0,0.0,979.0,0.0,2226.878
2026-05-19 16:11:35.490,74000,979.0,0.0,979.0,0.0,2226.878
2026-05-19 16:11:35.491,74250,979.0,0.0,979.0,0.0,2226.878
2026-05-19 16:11:35.492,74500,979.0,0.0,979.0,0.0,2226.878
2026-05-19 16:11:35.492,74750,979.0,0.0,979.0,0.0,2226.878
2026-05-19 16:11:35.606,75000,979.0,0.0,979.0,0.0,2226.878
2026-05-19 16:11:35.606,75250,979.0,0.0,979.0,0.0,2226.878
2026-05-19 16:11:35.607,75500,979.0,0.0,979.0,0.0,2226.878
2026-05-19 16:11:35.607,75750,979.0,0.0,979.0,0.0,2226.878
2026-05-19 16:11:35.607,76000,979.0,0.0,979.0,0.0,2226.878
2026-05-19 16:11:35.720,76250,979.0,0.0,979.0,0.0,2226.878
2026-05-19 16:11:35.720,76500,979.0,0.0,979.0,0.0,2226.878
2026-05-19 16:11:35.721,76750,979.0,0.0,979.0,0.0,2226.878
2026-05-19 16:11:35.721,77000,979.0,0.0,979.0,0.0,2226.878
2026-05-19 16:11:35.722,77250,979.0,0.0,979.0,0.0,2226.878
2026-05-19 16:11:35.836,77500,979.0,0.0,979.0,0.0,2226.878
2026-05-19 16:11:35.837,77750,979.0,0.0,979.0,0.0,1996.867
2026-05-19 16:11:35.837,78000,979.0,0.0,979.0,0.0,1996.867
2026-05-19 16:11:35.837,78250,979.0,0.0,979.0,0.0,1996.867
2026-05-19 16:11:35.838,78500,979.0,0.0,979.0,0.0,1996.867
2026-05-19 16:11:35.945,78750,979.0,0.0,979.0,0.0,1996.867
2026-05-19 16:11:35.945,79000,979.0,0.0,979.0,0.0,1996.867
2026-05-19 16:11:35.946,79250,979.0,0.0,979.0,0.0,1996.867
2026-05-19 16:11:35.946,79500,979.0,0.0,979.0,0.0,1996.867
2026-05-19 16:11:35.947,79750,979.0,0.0,979.0,0.0,1996.867
2026-05-19 16:11:36.062,80000,979.0,0.0,979.0,0.0,1996.867
2026-05-19 16:11:36.062,80250,979.0,0.0,979.0,0.0,1996.867
2026-05-19 16:11:36.063,80500,979.0,0.0,979.0,0.0,1996.867
2026-05-19 16:11:36.063,80750,979.0,0.0,979.0,0.0,1996.867
2026-05-19 16:11:36.064,81000,979.0,0.0,979.0,0.0,1996.867
2026-05-19 16:11:36.170,81250,979.0,0.0,979.0,0.0,1996.867
2026-05-19 16:11:36.170,81500,1007.262,3.337899851708,1003.752,60.191,1942.367
2026-05-19 16:11:36.170,81750,979.0,0.0,979.0,0.0,1996.867
2026-05-19 16:11:36.171,82000,979.0,0.0,979.0,0.0,1887.867
2026-05-19 16:11:36.289,82250,979.0,0.0,979.0,0.0,1887.867
2026-05-19 16:11:36.290,82500,979.0,0.0,979.0,0.0,1887.867
2026-05-19 16:11:36.290,82750,979.0,0.0,979.0,0.0,1887.867
2026-05-19 16:11:36.291,83000,979.0,0.0,979.0,0.0,1887.867
2026-05-19 16:11:36.291,83250,1045.495,-1.620022823845,1044.606,-31.424,1774.976
2026-05-19 16:11:36.292,83500,979.0,0.0,979.0,0.0,1662.085
2026-05-19 16:11:36.405,83750,979.0,0.0,979.0,0.0,1662.085
2026-05-19 16:11:36.405,84000,979.0,0.0,979.0,0.0,1662.085
2026-05-19 16:11:36.406,84250,979.0,0.0,979.0,0.0,1662.085
2026-05-19 16:11:36.406,84500,979.0,0.0,979.0,0.0,1662.085
2026-05-19 16:11:36.407,84750,979.0,0.0,979.0,0.0,1662.085
2026-05-19 16:11:36.515,85000,979.0,0.0,979.0,0.0,1662.085
2026-05-19 16:11:36.515,85250,979.0,0.0,979.0,0.0,1662.085
2026-05-19 16:11:36.516,85500,979.0,0.0,979.0,0.0,1662.085
2026-05-19 16:11:36.516,85750,979.0,0.0,979.0,0.0,1662.085
2026-05-19 16:11:36.620,86000,979.0,0.0,979.0,0.0,1662.085
2026-05-19 16:11:36.620,86250,979.0,0.0,979.0,0.0,1662.085
2026-05-19 16:11:36.621,86500,979.0,0.0,979.0,0.0,1662.085
2026-05-19 16:11:36.621,86750,979.0,0.0,979.0,0.0,1662.085
2026-05-19 16:11:36.622,87000,979.0,0.0,979.0,0.0,1662.085
2026-05-19 16:11:36.730,87250,979.0,0.0,979.0,0.0,1662.085
2026-05-19 16:11:36.731,87500,979.0,0.0,979.0,0.0,1662.085
2026-05-19 16:11:36.731,87750,979.0,0.0,979.0,0.0,1662.085
2026-05-19 16:11:36.732,88000,979.0,0.0,979.0,0.0,1662.085
2026-05-19 16:11:36.732,88250,979.0,0.0,979.0,0.0,1662.085
2026-05-19 16:11:36.835,88500,979.0,0.0,979.0,0.0,1662.085
2026-05-19 16:11:36.835,88750,979.0,0.0,979.0,0.0,1662.085
2026-05-19 16:11:36.836,89000,979.0,0.0,979.0,0.0,1662.085
2026-05-19 16:11:36.836,89250,979.0,0.0,979.0,0.0,1436.336
2026-05-19 16:11:36.952,89500,979.0,0.0,979.0,0.0,1436.336
2026-05-19 16:11:36.952,89750,979.0,0.0,979.0,0.0,1436.336
2026-05-19 16:11:36.953,90000,979.0,0.0,979.0,0.0,1436.336
2026-05-19 16:11:36.953,90250,979.0,0.0,979.0,0.0,1436.336
2026-05-19 16:11:36.954,90500,940.92,-4.950996783845,934.196,-77.628,1380.467
2026-05-19 16:11:37.074,90750,979.0,0.0,979.0,0.0,1324.598
2026-05-19 16:11:37.075,91000,979.0,0.0,979.0,0.0,1324.598
2026-05-19 16:11:37.075,91250,979.0,0.0,979.0,0.0,1324.598
2026-05-19 16:11:37.076,91500,979.0,0.0,979.0,0.0,1324.598
2026-05-19 16:11:37.076,91750,979.0,0.0,979.0,0.0,1324.598
2026-05-19 16:11:37.077,92000,979.0,0.0,979.0,0.0,1324.598
2026-05-19 16:11:37.189,92250,979.0,0.0,979.0,0.0,1324.598
2026-05-19 16:11:37.190,92500,979.0,0.0,979.0,0.0,1324.598
2026-05-19 16:11:37.190,92750,979.0,0.0,979.0,0.0,1324.598
2026-05-19 16:11:37.190,93000,979.0,0.0,979.0,0.0,1324.598
2026-05-19 16:11:37.191,93250,979.0,0.0,979.0,0.0,1324.598
2026-05-19 16:11:37.304,93500,979.0,0.0,979.0,0.0,1324.598
2026-05-19 16:11:37.305,93750,979.0,0.0,979.0,0.0,1324.598
2026-05-19 16:11:37.305,94000,979.0,0.0,979.0,0.0,1324.598
2026-05-19 16:11:37.306,94250,979.0,0.0,979.0,0.0,1324.598
2026-05-19 16:11:37.306,94500,979.0,0.0,979.0,0.0,1324.598
2026-05-19 16:11:37.424,94750,979.0,0.0,979.0,0.0,1324.598
2026-05-19 16:11:37.425,95000,979.0,0.0,979.0,0.0,1324.598
2026-05-19 16:11:37.425,95250,979.0,0.0,979.0,0.0,1324.598
2026-05-19 16:11:37.425,95500,979.0,0.0,979.0,0.0,1070.507
2026-05-19 16:11:37.426,95750,979.0,0.0,979.0,0.0,1070.507
2026-05-19 16:11:37.530,96000,979.0,0.0,979.0,0.0,1070.507
2026-05-19 16:11:37.531,96250,979.0,0.0,979.0,0.0,1070.507
2026-05-19 16:11:37.531,96500,979.0,0.0,979.0,0.0,1070.507
2026-05-19 16:11:37.532,96750,979.0,0.0,979.0,0.0,1070.507
2026-05-19 16:11:37.532,97000,979.0,0.0,979.0,0.0,1070.507
2026-05-19 16:11:37.635,97250,979.0,0.0,979.0,0.0,1070.507
2026-05-19 16:11:37.636,97500,979.0,0.0,979.0,0.0,1070.507
2026-05-19 16:11:37.636,97750,979.0,0.0,979.0,0.0,1070.507
2026-05-19 16:11:37.637,98000,979.0,0.0,979.0,0.0,1070.507
2026-05-19 16:11:37.745,98250,979.0,0.0,979.0,0.0,1070.507
2026-05-19 16:11:37.746,98500,979.0,0.0,979.0,0.0,1070.507
2026-05-19 16:11:37.746,98750,979.0,0.0,979.0,0.0,1070.507
2026-05-19 16:11:37.747,99000,979.0,0.0,979.0,0.0,1070.507
2026-05-19 16:11:37.747,99250,979.0,0.0,979.0,0.0,1070.507
2026-05-19 16:11:37.869,99500,979.0,0.0,979.0,0.0,1070.507
2026-05-19 16:11:37.869,99750,979.0,0.0,979.0,0.0,1070.507
2026-05-19 16:11:37.870,100000,979.0,0.0,979.0,0.0,1070.507
2026-05-19 16:11:38.435,10000,979.0,0.0,979.0,0.0,9286.314
2026-05-19 16:11:38.551,10250,979.0,0.0,979.0,0.0,9286.314
2026-05-19 16:11:38.669,10500,979.0,0.0,979.0,0.0,9286.314
2026-05-19 16:11:38.900,10750,976.611,0.520329548715,976.49,8.825,9309.146
2026-05-19 16:11:39.017,11000,979.0,0.0,979.0,0.0,9354.811
2026-05-19 16:11:39.119,11250,961.639,-0.297197267043,961.619,-4.943,9271.862
2026-05-19 16:11:39.236,11500,976.423,0.493302722553,976.315,8.361,9130.123
2026-05-19 16:11:39.351,11750,979.0,0.0,979.0,0.0,9178.44
2026-05-19 16:11:39.469,12000,979.0,0.0,979.0,0.0,9178.44
2026-05-19 16:11:39.589,12250,979.0,0.0,979.0,0.0,9178.44
2026-05-19 16:11:39.805,12500,979.0,0.0,979.0,0.0,9258.26
2026-05-19 16:11:39.925,12750,995.833,0.345167543949,995.806,6.05,9103.074
2026-05-19 16:11:40.036,13000,975.949,0.479339460621,975.847,8.113,9053.873
2026-05-19 16:11:40.150,13250,979.0,0.0,979.0,0.0,9110.657
2026-05-19 16:11:40.269,13500,979.0,0.0,979.0,0.0,9110.657
2026-05-19 16:11:40.384,13750,979.0,0.0,979.0,0.0,9110.657
2026-05-19 16:11:40.489,14000,979.0,0.0,979.0,0.0,8971.41
2026-05-19 16:11:40.605,14250,979.0,0.0,979.0,0.0,8971.41
2026-05-19 16:11:40.715,14500,979.0,0.0,979.0,0.0,8971.41
2026-05-19 16:11:40.716,14750,967.416,1.524079840029,967.073,25.73,9078.838
2026-05-19 16:11:40.821,15000,994.376,0.417832049251,994.35,7.251,8938.448
2026-05-19 16:11:40.930,15250,979.0,0.0,979.0,0.0,8938.448
2026-05-19 16:11:41.045,15500,979.0,0.0,979.0,0.0,8938.448
2026-05-19 16:11:41.150,15750,979.0,0.0,979.0,0.0,9052.108
2026-05-19 16:11:41.253,16000,979.0,0.0,979.0,0.0,8828.731
2026-05-19 16:11:41.369,16250,987.275,0.253005606667,987.245,4.433,8755.954
2026-05-19 16:11:41.475,16500,982.39,-0.370335261541,982.328,-6.393,8889.881
2026-05-19 16:11:41.589,16750,963.194,-0.519093625889,963.135,-8.655,8848.447
2026-05-19 16:11:41.590,17000,979.0,0.0,979.0,0.0,8704.426
2026-05-19 16:11:41.704,17250,948.589,-0.377214031825,948.498,-6.327,8748.442
2026-05-19 16:11:41.821,17500,987.513,0.299349646502,987.472,5.248,8761.586
2026-05-19 16:11:41.935,17750,979.0,0.0,979.0,0.0,8611.81
2026-05-19 16:11:42.046,18000,979.0,0.0,979.0,0.0,8611.81
2026-05-19 16:11:42.047,18250,967.9,0.990628382703,967.684,16.637,8482.738
2026-05-19 16:11:42.151,18500,979.0,0.0,979.0,0.0,8531.103
2026-05-19 16:11:42.269,18750,979.0,0.0,979.0,0.0,8531.103
2026-05-19 16:11:42.389,19000,995.703,0.668925644871,995.6,11.722,8389.183
2026-05-19 16:11:42.390,19250,979.0,0.0,979.0,0.0,8318.223
2026-05-19 16:11:42.504,19500,979.0,0.0,979.0,0.0,8255.872
2026-05-19 16:11:42.616,19750,970.92,-0.36288904446,970.862,-6.047,8325.743
2026-05-19 16:11:42.617,20000,979.0,0.0,979.0,0.0,8255.872
2026-05-19 16:11:42.731,20250,979.0,0.0,979.0,0.0,8255.872
2026-05-19 16:11:42.850,20500,979.0,0.0,979.0,0.0,8055.627
2026-05-19 16:11:42.850,20750,979.0,0.0,979.0,0.0,8210.115
2026-05-19 16:11:42.954,21000,959.182,-1.005522859644,959.034,-16.832,8210.115
2026-05-19 16:11:43.074,21250,979.0,0.0,979.0,0.0,8043.919
2026-05-19 16:11:43.075,21500,979.0,0.0,979.0,0.0,8043.919
2026-05-19 16:11:43.199,21750,979.0,0.0,979.0,0.0,7856.622
2026-05-19 16:11:43.310,22000,979.0,0.0,979.0,0.0,8030.595
2026-05-19 16:11:43.310,22250,979.0,0.0,979.0,0.0,8030.595
2026-05-19 16:11:43.419,22500,979.0,0.0,979.0,0.0,7842.522
2026-05-19 16:11:43.531,22750,979.0,0.0,979.0,0.0,7842.522
2026-05-19 16:11:43.531,23000,979.0,0.0,979.0,0.0,7658.862
2026-05-19 16:11:43.635,23250,979.0,0.0,979.0,0.0,7658.862
2026-05-19 16:11:43.637,23500,979.0,0.0,979.0,0.0,7658.862
2026-05-19 16:11:43.740,23750,979.0,0.0,979.0,0.0,7498.755
2026-05-19 16:11:43.850,24000,979.0,0.0,979.0,0.0,7683.264
2026-05-19 16:11:43.851,24250,979.0,0.0,979.0,0.0,7515.704
2026-05-19 16:11:43.954,24500,979.0,0.0,979.0,0.0,7515.704
2026-05-19 16:11:44.067,24750,979.0,0.0,979.0,0.0,7515.704
2026-05-19 16:11:44.067,25000,979.0,0.0,979.0,0.0,7360.845
2026-05-19 16:11:44.174,25250,979.0,0.0,979.0,0.0,7360.845
2026-05-19 16:11:44.174,25500,979.0,0.0,979.0,0.0,7206.363
2026-05-19 16:11:44.289,25750,979.0,0.0,979.0,0.0,7206.363
2026-05-19 16:11:44.290,26000,979.0,0.0,979.0,0.0,7206.363
2026-05-19 16:11:44.405,26250,979.0,0.0,979.0,0.0,7078.333
2026-05-19 16:11:44.405,26500,979.0,0.0,979.0,0.0,7078.333
2026-05-19 16:11:44.508,26750,979.0,0.0,979.0,0.0,6937.194
2026-05-19 16:11:44.615,27000,979.0,0.0,979.0,0.0,6937.194
2026-05-19 16:11:44.615,27250,985.364,0.57911400385,985.211,10.087,6892.959
2026-05-19 16:11:44.731,27500,979.0,0.0,979.0,0.0,6804.488
2026-05-19 16:11:44.731,27750,979.0,0.0,979.0,0.0,6804.488
2026-05-19 16:11:44.847,28000,979.0,0.0,979.0,0.0,6670.342
2026-05-19 16:11:44.847,28250,979.0,0.0,979.0,0.0,6670.342
2026-05-19 16:11:44.964,28500,979.0,0.0,979.0,0.0,6670.342
2026-05-19 16:11:44.964,28750,979.0,0.0,979.0,0.0,6557.083
2026-05-19 16:11:45.070,29000,979.0,0.0,979.0,0.0,6557.083
2026-05-19 16:11:45.070,29250,979.0,0.0,979.0,0.0,6439.888
2026-05-19 16:11:45.190,29500,979.0,0.0,979.0,0.0,6439.888
2026-05-19 16:11:45.190,29750,979.0,0.0,979.0,0.0,6439.888
2026-05-19 16:11:45.304,30000,979.0,0.0,979.0,0.0,6329.513
2026-05-19 16:11:45.305,30250,979.0,0.0,979.0,0.0,6329.513
2026-05-19 16:11:45.414,30500,979.0,0.0,979.0,0.0,6231.235
2026-05-19 16:11:45.415,30750,979.0,0.0,979.0,0.0,6231.235
2026-05-19 16:11:45.530,31000,979.0,0.0,979.0,0.0,6231.235
2026-05-19 16:11:45.531,31250,979.0,0.0,979.0,0.0,6132.743
2026-05-19 16:11:45.531,31500,979.0,0.0,979.0,0.0,6132.743
2026-05-19 16:11:45.645,31750,991.55,2.244440913935,990.789,38.832,6055.123
2026-05-19 16:11:45.645,32000,940.858,0.706494640387,940.787,11.601,6055.123
2026-05-19 16:11:45.764,32250,979.0,0.0,979.0,0.0,5819.217
2026-05-19 16:11:45.765,32500,979.0,0.0,979.0,0.0,5745.191
2026-05-19 16:11:45.876,32750,979.0,0.0,979.0,0.0,5745.191
2026-05-19 16:11:45.876,33000,979.0,0.0,979.0,0.0,5745.191
2026-05-19 16:11:45.985,33250,979.0,0.0,979.0,0.0,5682.385
2026-05-19 16:11:45.985,33500,979.0,0.0,979.0,0.0,5682.385
2026-05-19 16:11:45.986,33750,979.0,0.0,979.0,0.0,5682.385
2026-05-19 16:11:46.090,34000,979.0,0.0,979.0,0.0,5630.485
2026-05-19 16:11:46.090,34250,979.0,0.0,979.0,0.0,5379.444
2026-05-19 16:11:46.204,34500,979.0,0.0,979.0,0.0,5379.444
2026-05-19 16:11:46.205,34750,979.0,0.0,979.0,0.0,5339.018
2026-05-19 16:11:46.322,35000,979.0,0.0,979.0,0.0,5339.018
2026-05-19 16:11:46.322,35250,979.0,0.0,979.0,0.0,5339.018
2026-05-19 16:11:46.323,35500,979.0,0.0,979.0,0.0,5311.955
2026-05-19 16:11:46.435,35750,934.391,0.237811716413,934.383,3.878,5311.955
2026-05-19 16:11:46.435,36000,979.0,0.0,979.0,0.0,5069.911
2026-05-19 16:11:46.546,36250,979.0,0.0,979.0,0.0,5053.16
2026-05-19 16:11:46.547,36500,979.0,0.0,979.0,0.0,5053.16
2026-05-19 16:11:46.668,36750,979.0,0.0,979.0,0.0,5053.16
2026-05-19 16:11:46.668,37000,979.0,0.0,979.0,0.0,5052.649
2026-05-19 16:11:46.669,37250,979.0,0.0,979.0,0.0,4801.84
2026-05-19 16:11:46.783,37500,979.0,0.0,979.0,0.0,4801.84
2026-05-19 16:11:46.783,37750,979.0,0.0,979.0,0.0,4801.84
2026-05-19 16:11:46.784,38000,979.0,0.0,979.0,0.0,4819.526
2026-05-19 16:11:46.899,38250,979.0,0.0,979.0,0.0,4819.526
2026-05-19 16:11:46.900,38500,979.0,0.0,979.0,0.0,4819.526
2026-05-19 16:11:47.014,38750,979.0,0.0,979.0,0.0,4591.487
2026-05-19 16:11:47.015,39000,979.0,0.0,979.0,0.0,4591.487
2026-05-19 16:11:47.015,39250,979.0,0.0,979.0,0.0,4591.487
2026-05-19 16:11:47.126,39500,979.0,0.0,979.0,0.0,4591.487
2026-05-19 16:11:47.126,39750,979.0,0.0,979.0,0.0,4637.368
2026-05-19 16:11:47.126,40000,979.0,0.0,979.0,0.0,4380.519
2026-05-19 16:11:47.231,40250,979.0,0.0,979.0,0.0,4380.519
2026-05-19 16:11:47.231,40500,979.0,0.0,979.0,0.0,4380.519
2026-05-19 16:11:47.346,40750,979.0,0.0,979.0,0.0,4380.519
2026-05-19 16:11:47.347,41000,979.0,0.0,979.0,0.0,4449.44
2026-05-19 16:11:47.347,41250,979.0,0.0,979.0,0.0,4262.566
2026-05-19 16:11:47.463,41500,979.0,0.0,979.0,0.0,4262.566
2026-05-19 16:11:47.464,41750,966.789,2.145833482925,965.778,35.96,4316.747
2026-05-19 16:11:47.569,42000,979.0,0.0,979.0,0.0,4343.838
2026-05-19 16:11:47.577,42250,979.0,0.0,979.0,0.0,4343.838
2026-05-19 16:11:47.578,42500,979.0,0.0,979.0,0.0,4101.722
2026-05-19 16:11:47.689,42750,979.0,0.0,979.0,0.0,4101.722
2026-05-19 16:11:47.690,43000,979.0,0.0,979.0,0.0,4101.722
2026-05-19 16:11:47.690,43250,979.0,0.0,979.0,0.0,4198.29
2026-05-19 16:11:47.804,43500,979.0,0.0,979.0,0.0,4198.29
2026-05-19 16:11:47.805,43750,979.0,0.0,979.0,0.0,3960.624
2026-05-19 16:11:47.805,44000,979.0,0.0,979.0,0.0,3960.624
2026-05-19 16:11:47.915,44250,979.0,0.0,979.0,0.0,3960.624
2026-05-19 16:11:47.915,44500,979.0,0.0,979.0,0.0,3960.624
2026-05-19 16:11:47.916,44750,979.0,0.0,979.0,0.0,4081.427
2026-05-19 16:11:48.030,45000,979.0,0.0,979.0,0.0,3861.35
2026-05-19 16:11:48.031,45250,979.0,0.0,979.0,0.0,3861.35
2026-05-19 16:11:48.031,45500,979.0,0.0,979.0,0.0,3861.35
2026-05-19 16:11:48.141,45750,979.0,0.0,979.0,0.0,3861.35
2026-05-19 16:11:48.141,46000,979.0,0.0,979.0,0.0,3655.855
2026-05-19 16:11:48.142,46250,979.0,0.0,979.0,0.0,3823.201
2026-05-19 16:11:48.256,46500,979.0,0.0,979.0,0.0,3823.201
2026-05-19 16:11:48.257,46750,979.0,0.0,979.0,0.0,3823.201
2026-05-19 16:11:48.257,47000,979.0,0.0,979.0,0.0,3823.201
2026-05-19 16:11:48.371,47250,979.0,0.0,979.0,0.0,3625.638
2026-05-19 16:11:48.371,47500,979.0,0.0,979.0,0.0,3625.638
2026-05-19 16:11:48.371,47750,979.0,0.0,979.0,0.0,3625.638
2026-05-19 16:11:48.474,48000,979.0,0.0,979.0,0.0,3625.638
2026-05-19 16:11:48.475,48250,979.0,0.0,979.0,0.0,3625.638
2026-05-19 16:11:48.475,48500,979.0,0.0,979.0,0.0,3618.973
2026-05-19 16:11:48.589,48750,979.0,0.0,979.0,0.0,3618.973
2026-05-19 16:11:48.590,49000,979.0,0.0,979.0,0.0,3618.973
2026-05-19 16:11:48.590,49250,979.0,0.0,979.0,0.0,3618.973
2026-05-19 16:11:48.704,49500,930.053,-3.100736592919,928.692,-50.308,3618.973
2026-05-19 16:11:48.704,49750,979.0,0.0,979.0,0.0,3438.037
2026-05-19 16:11:48.705,50000,979.0,0.0,979.0,0.0,3438.037
2026-05-19 16:11:48.819,50250,979.0,0.0,979.0,0.0,3438.037
2026-05-19 16:11:48.820,50500,979.0,0.0,979.0,0.0,3438.037
2026-05-19 16:11:48.820,50750,979.0,0.0,979.0,0.0,3438.037
2026-05-19 16:11:48.821,51000,979.0,0.0,979.0,0.0,3448.719
2026-05-19 16:11:48.939,51250,979.0,0.0,979.0,0.0,3448.719
2026-05-19 16:11:48.940,51500,979.0,0.0,979.0,0.0,3448.719
2026-05-19 16:11:48.940,51750,979.0,0.0,979.0,0.0,3448.719
2026-05-19 16:11:49.051,52000,979.0,0.0,979.0,0.0,3448.719
2026-05-19 16:11:49.052,52250,951.776,-2.437258836898,950.504,-39.881,3400.768
2026-05-19 16:11:49.052,52500,979.0,0.0,979.0,0.0,3304.868
2026-05-19 16:11:49.053,52750,979.0,0.0,979.0,0.0,3304.868
2026-05-19 16:11:49.169,53000,979.0,0.0,979.0,0.0,3304.868
2026-05-19 16:11:49.170,53250,979.0,0.0,979.0,0.0,3304.868
2026-05-19 16:11:49.170,53500,979.0,0.0,979.0,0.0,3304.868
2026-05-19 16:11:49.289,53750,942.394,-3.779760395,940.344,-62.124,3304.868
2026-05-19 16:11:49.290,54000,979.0,0.0,979.0,0.0,3181.295
2026-05-19 16:11:49.290,54250,979.0,0.0,979.0,0.0,3181.295
2026-05-19 16:11:49.291,54500,979.0,0.0,979.0,0.0,3181.295
2026-05-19 16:11:49.404,54750,979.0,0.0,979.0,0.0,3181.295
2026-05-19 16:11:49.404,55000,979.0,0.0,979.0,0.0,3181.295
2026-05-19 16:11:49.405,55250,979.0,0.0,979.0,0.0,3181.295
2026-05-19 16:11:49.521,55500,944.564,-4.202265832369,942.024,-69.215,3181.295
2026-05-19 16:11:49.521,55750,979.0,0.0,979.0,0.0,3069.393
2026-05-19 16:11:49.522,56000,979.0,0.0,979.0,0.0,3069.393
2026-05-19 16:11:49.522,56250,979.0,0.0,979.0,0.0,3069.393
2026-05-19 16:11:49.636,56500,979.0,0.0,979.0,0.0,3069.393
2026-05-19 16:11:49.637,56750,979.0,0.0,979.0,0.0,3069.393
2026-05-19 16:11:49.637,57000,979.0,0.0,979.0,0.0,3069.393
2026-05-19 16:11:49.750,57250,979.0,0.0,979.0,0.0,3069.393
2026-05-19 16:11:49.750,57500,979.0,0.0,979.0,0.0,3069.393
2026-05-19 16:11:49.751,57750,979.0,0.0,979.0,0.0,3069.393
2026-05-19 16:11:49.751,58000,937.022,6.321979856173,931.324,103.181,3206.9
2026-05-19 16:11:49.870,58250,906.252,1.463962538707,905.957,23.153,3206.9
2026-05-19 16:11:49.870,58500,979.0,0.0,979.0,0.0,3206.9
2026-05-19 16:11:49.871,58750,999.799,4.369904778779,996.892,76.18,3140.187
2026-05-19 16:11:49.989,59000,999.799,4.369904778779,996.892,76.18,3140.187
2026-05-19 16:11:49.990,59250,979.0,0.0,979.0,0.0,3140.187
2026-05-19 16:11:49.990,59500,958.634,-4.369904778779,955.847,-73.043,3206.9
2026-05-19 16:11:49.990,59750,1035.586,-5.833867317486,1030.223,-105.261,2968.602
2026-05-19 16:11:50.104,60000,979.0,0.0,979.0,0.0,2968.602
2026-05-19 16:11:50.104,60250,979.0,0.0,979.0,0.0,2968.602
2026-05-19 16:11:50.105,60500,979.0,0.0,979.0,0.0,2968.602
2026-05-19 16:11:50.105,60750,979.0,0.0,979.0,0.0,2968.602
2026-05-19 16:11:50.215,61000,979.0,0.0,979.0,0.0,2968.602
2026-05-19 16:11:50.215,61250,979.0,0.0,979.0,0.0,2968.602
2026-05-19 16:11:50.216,61500,979.0,0.0,979.0,0.0,2968.602
2026-05-19 16:11:50.216,61750,979.0,0.0,979.0,0.0,2968.602
2026-05-19 16:11:50.329,62000,979.0,0.0,979.0,0.0,2968.602
2026-05-19 16:11:50.330,62250,979.0,0.0,979.0,0.0,2968.602
2026-05-19 16:11:50.330,62500,979.0,0.0,979.0,0.0,2968.602
2026-05-19 16:11:50.331,62750,979.0,0.0,979.0,0.0,2968.602
2026-05-19 16:11:50.436,63000,979.0,0.0,979.0,0.0,2968.602
2026-05-19 16:11:50.437,63250,902.397,1.688447386204,902.005,26.589,2968.602
2026-05-19 16:11:50.438,63500,979.0,0.0,979.0,0.0,2736.319
2026-05-19 16:11:50.438,63750,979.0,0.0,979.0,0.0,2736.319
2026-05-19 16:11:50.551,64000,979.0,0.0,979.0,0.0,2736.319
2026-05-19 16:11:50.552,64250,979.0,0.0,979.0,0.0,2736.319
2026-05-19 16:11:50.552,64500,979.0,0.0,979.0,0.0,2736.319
2026-05-19 16:11:50.553,64750,979.0,0.0,979.0,0.0,2736.319
2026-05-19 16:11:50.670,65000,979.0,0.0,979.0,0.0,2736.319
2026-05-19 16:11:50.670,65250,979.0,0.0,979.0,0.0,2736.319
2026-05-19 16:11:50.671,65500,979.0,0.0,979.0,0.0,2736.319
2026-05-19 16:11:50.671,65750,979.0,0.0,979.0,0.0,2736.319
2026-05-19 16:11:50.672,66000,979.0,0.0,979.0,0.0,2736.319
2026-05-19 16:11:50.784,66250,979.0,0.0,979.0,0.0,2736.319
2026-05-19 16:11:50.785,66500,979.0,0.0,979.0,0.0,2736.319
2026-05-19 16:11:50.785,66750,979.0,0.0,979.0,0.0,2736.319
2026-05-19 16:11:50.786,67000,979.0,0.0,979.0,0.0,2736.319
2026-05-19 16:11:50.889,67250,949.875,0.713919654484,949.667,11.107,2573.508
2026-05-19 16:11:50.890,67500,979.0,0.0,979.0,0.0,2492.103
2026-05-19 16:11:50.890,67750,979.0,0.0,979.0,0.0,2492.103
2026-05-19 16:11:51.004,68000,979.0,0.0,979.0,0.0,2492.103
2026-05-19 16:11:51.005,68250,979.0,0.0,979.0,0.0,2492.103
2026-05-19 16:11:51.005,68500,949.196,-3.711833775372,946.257,-60.432,2571.601
2026-05-19 16:11:51.005,68750,934.294,-5.567750663059,929.886,-90.648,2611.351
2026-05-19 16:11:51.115,69000,934.294,-5.567750663059,929.886,-90.648,2611.351
2026-05-19 16:11:51.115,69250,979.0,0.0,979.0,0.0,2611.351
2026-05-19 16:11:51.116,69500,979.0,0.0,979.0,0.0,2611.351
2026-05-19 16:11:51.116,69750,979.0,0.0,979.0,0.0,2611.351
2026-05-19 16:11:51.230,70000,979.0,0.0,979.0,0.0,2611.351
2026-05-19 16:11:51.230,70250,979.0,0.0,979.0,0.0,2611.351
2026-05-19 16:11:51.230,70500,979.0,0.0,979.0,0.0,2611.351
2026-05-19 16:11:51.231,70750,979.0,0.0,979.0,0.0,2611.351
2026-05-19 16:11:51.231,71000,979.0,0.0,979.0,0.0,2611.351
2026-05-19 16:11:51.335,71250,979.0,0.0,979.0,0.0,2611.351
2026-05-19 16:11:51.336,71500,979.0,0.0,979.0,0.0,2611.351
2026-05-19 16:11:51.336,71750,1013.822,-1.122709061086,1013.198,-21.218,2527.423
2026-05-19 16:11:51.448,72000,923.946,-6.023390614508,918.845,-96.954,2359.568
2026-05-19 16:11:51.449,72250,1037.334,6.023390614508,1031.607,108.852,2226.878
2026-05-19 16:11:51.450,72500,1037.334,6.023390614508,1031.607,108.852,2226.878
2026-05-19 16:11:51.450,72750,979.0,0.0,979.0,0.0,2226.878
2026-05-19 16:11:51.566,73000,979.0,0.0,979.0,0.0,2226.878
2026-05-19 16:11:51.567,73250,979.0,0.0,979.0,0.0,2226.878
2026-05-19 16:11:51.567,73500,979.0,0.0,979.0,0.0,2226.878
2026-05-19 16:11:51.567,73750,979.0,0.0,979.0,0.0,2226.878
2026-05-19 16:11:51.568,74000,979.0,0.0,979.0,0.0,2226.878
2026-05-19 16:11:51.689,74250,979.0,0.0,979.0,0.0,2226.878
2026-05-19 16:11:51.690,74500,979.0,0.0,979.0,0.0,2226.878
2026-05-19 16:11:51.691,74750,979.0,0.0,979.0,0.0,2226.878
2026-05-19 16:11:51.691,75000,979.0,0.0,979.0,0.0,2226.878
2026-05-19 16:11:51.804,75250,979.0,0.0,979.0,0.0,2226.878
2026-05-19 16:11:51.805,75500,979.0,0.0,979.0,0.0,2226.878
2026-05-19 16:11:51.805,75750,979.0,0.0,979.0,0.0,2226.878
2026-05-19 16:11:51.805,76000,979.0,0.0,979.0,0.0,2226.878
2026-05-19 16:11:51.806,76250,979.0,0.0,979.0,0.0,2226.878
2026-05-19 16:11:51.912,76500,979.0,0.0,979.0,0.0,2226.878
2026-05-19 16:11:51.913,76750,979.0,0.0,979.0,0.0,2226.878
2026-05-19 16:11:51.913,77000,979.0,0.0,979.0,0.0,2226.878
2026-05-19 16:11:51.914,77250,979.0,0.0,979.0,0.0,2226.878
2026-05-19 16:11:51.915,77500,979.0,0.0,979.0,0.0,2226.878
2026-05-19 16:11:52.019,77750,979.0,0.0,979.0,0.0,1996.867
2026-05-19 16:11:52.020,78000,979.0,0.0,979.0,0.0,1996.867
2026-05-19 16:11:52.020,78250,979.0,0.0,979.0,0.0,1996.867
2026-05-19 16:11:52.021,78500,979.0,0.0,979.0,0.0,1996.867
2026-05-19 16:11:52.131,78750,979.0,0.0,979.0,0.0,1996.867
2026-05-19 16:11:52.132,79000,979.0,0.0,979.0,0.0,1996.867
2026-05-19 16:11:52.132,79250,979.0,0.0,979.0,0.0,1996.867
2026-05-19 16:11:52.132,79500,979.0,0.0,979.0,0.0,1996.867
2026-05-19 16:11:52.133,79750,979.0,0.0,979.0,0.0,1996.867
2026-05-19 16:11:52.235,80000,979.0,0.0,979.0,0.0,1996.867
2026-05-19 16:11:52.236,80250,979.0,0.0,979.0,0.0,1996.867
2026-05-19 16:11:52.236,80500,979.0,0.0,979.0,0.0,1996.867
2026-05-19 16:11:52.237,80750,979.0,0.0,979.0,0.0,1996.867
2026-05-19 16:11:52.237,81000,979.0,0.0,979.0,0.0,1996.867
2026-05-19 16:11:52.351,81250,979.0,0.0,979.0,0.0,1996.867
2026-05-19 16:11:52.353,81500,997.842,2.225266567805,995.501,40.127,1960.533
2026-05-19 16:11:52.353,81750,979.0,0.0,979.0,0.0,1996.867
2026-05-19 16:11:52.354,82000,979.0,0.0,979.0,0.0,1887.867
2026-05-19 16:11:52.354,82250,979.0,0.0,979.0,0.0,1887.867
2026-05-19 16:11:52.470,82500,979.0,0.0,979.0,0.0,1887.867
2026-05-19 16:11:52.470,82750,979.0,0.0,979.0,0.0,1887.867
2026-05-19 16:11:52.471,83000,979.0,0.0,979.0,0.0,1887.867
2026-05-19 16:11:52.471,83250,1023.33,-1.080015215897,1022.737,-20.95,1812.606
2026-05-19 16:11:52.472,83500,979.0,0.0,979.0,0.0,1662.085
2026-05-19 16:11:52.589,83750,979.0,0.0,979.0,0.0,1662.085
2026-05-19 16:11:52.590,84000,979.0,0.0,979.0,0.0,1662.085
2026-05-19 16:11:52.590,84250,979.0,0.0,979.0,0.0,1662.085
2026-05-19 16:11:52.591,84500,979.0,0.0,979.0,0.0,1662.085
2026-05-19 16:11:52.591,84750,979.0,0.0,979.0,0.0,1662.085
2026-05-19 16:11:52.699,85000,979.0,0.0,979.0,0.0,1662.085
2026-05-19 16:11:52.700,85250,979.0,0.0,979.0,0.0,1662.085
2026-05-19 16:11:52.700,85500,979.0,0.0,979.0,0.0,1662.085
2026-05-19 16:11:52.701,85750,979.0,0.0,979.0,0.0,1662.085
2026-05-19 16:11:52.701,86000,979.0,0.0,979.0,0.0,1662.085
2026-05-19 16:11:52.815,86250,979.0,0.0,979.0,0.0,1662.085
2026-05-19 16:11:52.815,86500,979.0,0.0,979.0,0.0,1662.085
2026-05-19 16:11:52.815,86750,979.0,0.0,979.0,0.0,1662.085
2026-05-19 16:11:52.816,87000,979.0,0.0,979.0,0.0,1662.085
2026-05-19 16:11:52.816,87250,979.0,0.0,979.0,0.0,1662.085
2026-05-19 16:11:52.920,87500,979.0,0.0,979.0,0.0,1662.085
2026-05-19 16:11:52.921,87750,979.0,0.0,979.0,0.0,1662.085
2026-05-19 16:11:52.921,88000,979.0,0.0,979.0,0.0,1662.085
2026-05-19 16:11:52.922,88250,979.0,0.0,979.0,0.0,1662.085
2026-05-19 16:11:53.025,88500,979.0,0.0,979.0,0.0,1662.085
2026-05-19 16:11:53.026,88750,979.0,0.0,979.0,0.0,1662.085
2026-05-19 16:11:53.026,89000,979.0,0.0,979.0,0.0,1662.085
2026-05-19 16:11:53.027,89250,979.0,0.0,979.0,0.0,1436.336
2026-05-19 16:11:53.027,89500,979.0,0.0,979.0,0.0,1436.336
2026-05-19 16:11:53.130,89750,979.0,0.0,979.0,0.0,1436.336
2026-05-19 16:11:53.131,90000,979.0,0.0,979.0,0.0,1436.336
2026-05-19 16:11:53.131,90250,979.0,0.0,979.0,0.0,1436.336
2026-05-19 16:11:53.132,90500,953.613,-3.300664522563,949.13,-51.752,1361.844
2026-05-19 16:11:53.132,90750,979.0,0.0,979.0,0.0,1324.598
2026-05-19 16:11:53.235,91000,979.0,0.0,979.0,0.0,1324.598
2026-05-19 16:11:53.236,91250,979.0,0.0,979.0,0.0,1324.598
2026-05-19 16:11:53.236,91500,979.0,0.0,979.0,0.0,1324.598
2026-05-19 16:11:53.237,91750,979.0,0.0,979.0,0.0,1324.598
2026-05-19 16:11:53.341,92000,979.0,0.0,979.0,0.0,1324.598
2026-05-19 16:11:53.342,92250,979.0,0.0,979.0,0.0,1324.598
2026-05-19 16:11:53.342,92500,979.0,0.0,979.0,0.0,1324.598
2026-05-19 16:11:53.343,92750,979.0,0.0,979.0,0.0,1324.598
2026-05-19 16:11:53.343,93000,979.0,0.0,979.0,0.0,1324.598
2026-05-19 16:11:53.458,93250,979.0,0.0,979.0,0.0,1324.598
2026-05-19 16:11:53.459,93500,979.0,0.0,979.0,0.0,1324.598
2026-05-19 16:11:53.459,93750,979.0,0.0,979.0,0.0,1324.598
2026-05-19 16:11:53.459,94000,979.0,0.0,979.0,0.0,1324.598
2026-05-19 16:11:53.460,94250,979.0,0.0,979.0,0.0,1324.598
2026-05-19 16:11:53.563,94500,979.0,0.0,979.0,0.0,1324.598
2026-05-19 16:11:53.564,94750,979.0,0.0,979.0,0.0,1324.598
2026-05-19 16:11:53.565,95000,979.0,0.0,979.0,0.0,1324.598
2026-05-19 16:11:53.565,95250,979.0,0.0,979.0,0.0,1324.598
2026-05-19 16:11:53.678,95500,979.0,0.0,979.0,0.0,1070.507
2026-05-19 16:11:53.678,95750,979.0,0.0,979.0,0.0,1070.507
2026-05-19 16:11:53.679,96000,979.0,0.0,979.0,0.0,1070.507
2026-05-19 16:11:53.679,96250,979.0,0.0,979.0,0.0,1070.507
2026-05-19 16:11:53.680,96500,979.0,0.0,979.0,0.0,1070.507
2026-05-19 16:11:53.783,96750,979.0,0.0,979.0,0.0,1070.507
2026-05-19 16:11:53.783,97000,979.0,0.0,979.0,0.0,1070.507
2026-05-19 16:11:53.784,97250,979.0,0.0,979.0,0.0,1070.507
2026-05-19 16:11:53.784,97500,979.0,0.0,979.0,0.0,1070.507
2026-05-19 16:11:53.784,97750,979.0,0.0,979.0,0.0,1070.507
2026-05-19 16:11:53.889,98000,979.0,0.0,979.0,0.0,1070.507
2026-05-19 16:11:53.890,98250,979.0,0.0,979.0,0.0,1070.507
2026-05-19 16:11:53.890,98500,979.0,0.0,979.0,0.0,1070.507
2026-05-19 16:11:53.891,98750,979.0,0.0,979.0,0.0,1070.507
2026-05-19 16:11:53.999,99000,979.0,0.0,979.0,0.0,1070.507
2026-05-19 16:11:54.000,99250,979.0,0.0,979.0,0.0,1070.507
2026-05-19 16:11:54.000,99500,979.0,0.0,979.0,0.0,1070.507
2026-05-19 16:11:54.001,99750,979.0,0.0,979.0,0.0,1070.507
2026-05-19 16:11:54.001,100000,979.0,0.0,979.0,0.0,1070.507
2026-05-19 16:11:54.558,10000,979.0,0.0,979.0,0.0,9286.314
2026-05-19 16:11:54.779,10250,979.0,0.0,979.0,0.0,9286.314
2026-05-19 16:11:54.896,10500,979.0,0.0,979.0,0.0,9286.314
2026-05-19 16:11:55.013,10750,975.416,0.780494323073,975.235,13.237,9320.562
2026-05-19 16:11:55.129,11000,979.0,0.0,979.0,0.0,9354.811
2026-05-19 16:11:55.359,11250,965.979,-0.222897950282,965.964,-3.707,9230.388
2026-05-19 16:11:55.465,11500,977.067,0.369977041915,976.986,6.271,9124.084
2026-05-19 16:11:55.574,11750,979.0,0.0,979.0,0.0,9178.44
2026-05-19 16:11:55.680,12000,979.0,0.0,979.0,0.0,9178.44
2026-05-19 16:11:55.794,12250,979.0,0.0,979.0,0.0,9178.44
2026-05-19 16:11:55.897,12500,979.0,0.0,979.0,0.0,9258.26
2026-05-19 16:11:56.010,12750,997.937,0.388313486943,997.906,6.806,9083.676
2026-05-19 16:11:56.228,13000,976.712,0.359504595466,976.635,6.085,9046.775
2026-05-19 16:11:56.346,13250,979.0,0.0,979.0,0.0,9110.657
2026-05-19 16:11:56.454,13500,979.0,0.0,979.0,0.0,9110.657
2026-05-19 16:11:56.557,13750,979.0,0.0,979.0,0.0,9110.657
2026-05-19 16:11:56.669,14000,979.0,0.0,979.0,0.0,8971.41
2026-05-19 16:11:56.779,14250,979.0,0.0,979.0,0.0,8971.41
2026-05-19 16:11:56.891,14500,979.0,0.0,979.0,0.0,8971.41
2026-05-19 16:11:56.892,14750,970.312,1.143059880022,970.055,19.298,9051.981
2026-05-19 16:11:57.005,15000,994.376,0.417832049251,994.35,7.251,8938.448
2026-05-19 16:11:57.120,15250,979.0,0.0,979.0,0.0,8938.448
2026-05-19 16:11:57.235,15500,979.0,0.0,979.0,0.0,8938.448
2026-05-19 16:11:57.344,15750,979.0,0.0,979.0,0.0,9052.108
2026-05-19 16:11:57.457,16000,979.0,0.0,979.0,0.0,8828.731
2026-05-19 16:11:57.562,16250,985.206,0.189754205,985.184,3.324,8774.148
2026-05-19 16:11:57.679,16500,981.543,-0.277751446156,981.496,-4.795,8897.525
2026-05-19 16:11:57.681,16750,961.218,-0.583980329125,961.152,-9.736,8866.449
2026-05-19 16:11:57.794,17000,979.0,0.0,979.0,0.0,8704.426
2026-05-19 16:11:57.897,17250,949.776,-0.501043771091,949.68,-8.375,8737.438
2026-05-19 16:11:58.011,17500,985.385,0.224512234877,985.354,3.936,8780.308
2026-05-19 16:11:58.119,17750,979.0,0.0,979.0,0.0,8611.81
2026-05-19 16:11:58.235,18000,979.0,0.0,979.0,0.0,8611.81
2026-05-19 16:11:58.235,18250,970.675,0.742971287027,970.513,12.478,8458.556
2026-05-19 16:11:58.351,18500,979.0,0.0,979.0,0.0,8531.103
2026-05-19 16:11:58.459,18750,979.0,0.0,979.0,0.0,8531.103
2026-05-19 16:11:58.459,19000,991.527,0.501694233653,991.45,8.791,8424.663
2026-05-19 16:11:58.563,19250,974.742,0.34696521529,974.672,5.825,8355.038
2026-05-19 16:11:58.675,19500,979.0,0.0,979.0,0.0,8255.872
2026-05-19 16:11:58.784,19750,972.94,-0.272166783345,972.897,-4.535,8308.275
2026-05-19 16:11:58.785,20000,979.0,0.0,979.0,0.0,8255.872
2026-05-19 16:11:58.899,20250,979.0,0.0,979.0,0.0,8255.872
2026-05-19 16:11:59.013,20500,979.0,0.0,979.0,0.0,8055.627
2026-05-19 16:11:59.016,20750,979.0,0.0,979.0,0.0,8210.115
2026-05-19 16:11:59.128,21000,959.182,-1.005522859644,959.034,-16.832,8210.115
2026-05-19 16:11:59.242,21250,979.0,0.0,979.0,0.0,8043.919
2026-05-19 16:11:59.243,21500,979.0,0.0,979.0,0.0,8043.919
2026-05-19 16:11:59.350,21750,979.0,0.0,979.0,0.0,7856.622
2026-05-19 16:11:59.469,22000,979.0,0.0,979.0,0.0,8030.595
2026-05-19 16:11:59.470,22250,979.0,0.0,979.0,0.0,8030.595
2026-05-19 16:11:59.579,22500,979.0,0.0,979.0,0.0,7842.522
2026-05-19 16:11:59.691,22750,979.0,0.0,979.0,0.0,7842.522
2026-05-19 16:11:59.692,23000,979.0,0.0,979.0,0.0,7658.862
2026-05-19 16:11:59.802,23250,979.0,0.0,979.0,0.0,7658.862
2026-05-19 16:11:59.905,23500,979.0,0.0,979.0,0.0,7658.862
2026-05-19 16:11:59.906,23750,973.122,0.309888729509,973.067,5.167,7544.882
2026-05-19 16:12:00.020,24000,979.0,0.0,979.0,0.0,7683.264
2026-05-19 16:12:00.021,24250,979.0,0.0,979.0,0.0,7515.704
2026-05-19 16:12:00.125,24500,979.0,0.0,979.0,0.0,7515.704
2026-05-19 16:12:00.238,24750,979.0,0.0,979.0,0.0,7515.704
2026-05-19 16:12:00.238,25000,979.0,0.0,979.0,0.0,7360.845
2026-05-19 16:12:00.355,25250,979.0,0.0,979.0,0.0,7360.845
2026-05-19 16:12:00.356,25500,979.0,0.0,979.0,0.0,7206.363
2026-05-19 16:12:00.469,25750,979.0,0.0,979.0,0.0,7206.363
2026-05-19 16:12:00.470,26000,979.0,0.0,979.0,0.0,7206.363
2026-05-19 16:12:00.578,26250,979.0,0.0,979.0,0.0,7078.333
2026-05-19 16:12:00.579,26500,979.0,0.0,979.0,0.0,7078.333
2026-05-19 16:12:00.696,26750,979.0,0.0,979.0,0.0,6937.194
2026-05-19 16:12:00.812,27000,979.0,0.0,979.0,0.0,6937.194
2026-05-19 16:12:00.813,27250,983.773,0.434335502887,983.659,7.565,6904.018
2026-05-19 16:12:00.817,27500,979.0,0.0,979.0,0.0,6804.488
2026-05-19 16:12:00.921,27750,979.0,0.0,979.0,0.0,6804.488
2026-05-19 16:12:01.036,28000,979.0,0.0,979.0,0.0,6670.342
2026-05-19 16:12:01.036,28250,979.0,0.0,979.0,0.0,6670.342
2026-05-19 16:12:01.140,28500,979.0,0.0,979.0,0.0,6670.342
2026-05-19 16:12:01.140,28750,979.0,0.0,979.0,0.0,6557.083
2026-05-19 16:12:01.255,29000,979.0,0.0,979.0,0.0,6557.083
2026-05-19 16:12:01.255,29250,979.0,0.0,979.0,0.0,6439.888
2026-05-19 16:12:01.369,29500,979.0,0.0,979.0,0.0,6439.888
2026-05-19 16:12:01.370,29750,979.0,0.0,979.0,0.0,6439.888
2026-05-19 16:12:01.489,30000,979.0,0.0,979.0,0.0,6329.513
2026-05-19 16:12:01.490,30250,979.0,0.0,979.0,0.0,6329.513
2026-05-19 16:12:01.600,30500,979.0,0.0,979.0,0.0,6231.235
2026-05-19 16:12:01.601,30750,979.0,0.0,979.0,0.0,6231.235
2026-05-19 16:12:01.601,31000,979.0,0.0,979.0,0.0,6231.235
2026-05-19 16:12:01.715,31250,979.0,0.0,979.0,0.0,6132.743
2026-05-19 16:12:01.715,31500,979.0,0.0,979.0,0.0,6132.743
2026-05-19 16:12:01.819,31750,991.55,2.244440913935,990.789,38.832,6055.123
2026-05-19 16:12:01.820,32000,940.858,0.706494640387,940.787,11.601,6055.123
2026-05-19 16:12:01.932,32250,979.0,0.0,979.0,0.0,5819.217
2026-05-19 16:12:01.932,32500,979.0,0.0,979.0,0.0,5745.191
2026-05-19 16:12:02.046,32750,979.0,0.0,979.0,0.0,5745.191
2026-05-19 16:12:02.047,33000,979.0,0.0,979.0,0.0,5745.191
2026-05-19 16:12:02.151,33250,979.0,0.0,979.0,0.0,5682.385
2026-05-19 16:12:02.152,33500,979.0,0.0,979.0,0.0,5682.385
2026-05-19 16:12:02.262,33750,979.0,0.0,979.0,0.0,5682.385
2026-05-19 16:12:02.263,34000,979.0,0.0,979.0,0.0,5630.485
2026-05-19 16:12:02.263,34250,979.0,0.0,979.0,0.0,5379.444
2026-05-19 16:12:02.378,34500,979.0,0.0,979.0,0.0,5379.444
2026-05-19 16:12:02.378,34750,979.0,0.0,979.0,0.0,5339.018
2026-05-19 16:12:02.494,35000,979.0,0.0,979.0,0.0,5339.018
2026-05-19 16:12:02.494,35250,979.0,0.0,979.0,0.0,5339.018
2026-05-19 16:12:02.610,35500,979.0,0.0,979.0,0.0,5311.955
2026-05-19 16:12:02.611,35750,934.391,0.237811716413,934.383,3.878,5311.955
2026-05-19 16:12:02.612,36000,979.0,0.0,979.0,0.0,5069.911
2026-05-19 16:12:02.720,36250,979.0,0.0,979.0,0.0,5053.16
2026-05-19 16:12:02.721,36500,979.0,0.0,979.0,0.0,5053.16
2026-05-19 16:12:02.836,36750,979.0,0.0,979.0,0.0,5053.16
2026-05-19 16:12:02.837,37000,979.0,0.0,979.0,0.0,5052.649
2026-05-19 16:12:02.838,37250,979.0,0.0,979.0,0.0,4801.84
2026-05-19 16:12:02.954,37500,979.0,0.0,979.0,0.0,4801.84
2026-05-19 16:12:02.955,37750,979.0,0.0,979.0,0.0,4801.84
2026-05-19 16:12:03.070,38000,979.0,0.0,979.0,0.0,4819.526
2026-05-19 16:12:03.070,38250,979.0,0.0,979.0,0.0,4819.526
2026-05-19 16:12:03.070,38500,979.0,0.0,979.0,0.0,4819.526
2026-05-19 16:12:03.189,38750,979.0,0.0,979.0,0.0,4591.487
2026-05-19 16:12:03.190,39000,979.0,0.0,979.0,0.0,4591.487
2026-05-19 16:12:03.190,39250,979.0,0.0,979.0,0.0,4591.487
2026-05-19 16:12:03.300,39500,979.0,0.0,979.0,0.0,4591.487
2026-05-19 16:12:03.301,39750,979.0,0.0,979.0,0.0,4637.368
2026-05-19 16:12:03.301,40000,979.0,0.0,979.0,0.0,4380.519
2026-05-19 16:12:03.415,40250,979.0,0.0,979.0,0.0,4380.519
2026-05-19 16:12:03.415,40500,979.0,0.0,979.0,0.0,4380.519
2026-05-19 16:12:03.519,40750,979.0,0.0,979.0,0.0,4380.519
2026-05-19 16:12:03.520,41000,979.0,0.0,979.0,0.0,4449.44
2026-05-19 16:12:03.520,41250,979.0,0.0,979.0,0.0,4262.566
2026-05-19 16:12:03.635,41500,979.0,0.0,979.0,0.0,4262.566
2026-05-19 16:12:03.636,41750,965.262,2.41406266829,964.126,40.456,4323.52
2026-05-19 16:12:03.749,42000,979.0,0.0,979.0,0.0,4343.838
2026-05-19 16:12:03.750,42250,979.0,0.0,979.0,0.0,4343.838
2026-05-19 16:12:03.750,42500,979.0,0.0,979.0,0.0,4101.722
2026-05-19 16:12:03.869,42750,979.0,0.0,979.0,0.0,4101.722
2026-05-19 16:12:03.870,43000,979.0,0.0,979.0,0.0,4101.722
2026-05-19 16:12:03.870,43250,979.0,0.0,979.0,0.0,4198.29
2026-05-19 16:12:03.989,43500,979.0,0.0,979.0,0.0,4198.29
2026-05-19 16:12:03.990,43750,979.0,0.0,979.0,0.0,3960.624
2026-05-19 16:12:03.990,44000,979.0,0.0,979.0,0.0,3960.624
2026-05-19 16:12:04.105,44250,979.0,0.0,979.0,0.0,3960.624
2026-05-19 16:12:04.105,44500,979.0,0.0,979.0,0.0,3960.624
2026-05-19 16:12:04.106,44750,979.0,0.0,979.0,0.0,4081.427
2026-05-19 16:12:04.106,45000,979.0,0.0,979.0,0.0,3861.35
2026-05-19 16:12:04.213,45250,979.0,0.0,979.0,0.0,3861.35
2026-05-19 16:12:04.214,45500,979.0,0.0,979.0,0.0,3861.35
2026-05-19 16:12:04.322,45750,979.0,0.0,979.0,0.0,3861.35
2026-05-19 16:12:04.322,46000,979.0,0.0,979.0,0.0,3655.855
2026-05-19 16:12:04.323,46250,979.0,0.0,979.0,0.0,3823.201
2026-05-19 16:12:04.427,46500,979.0,0.0,979.0,0.0,3823.201
2026-05-19 16:12:04.428,46750,979.0,0.0,979.0,0.0,3823.201
2026-05-19 16:12:04.428,47000,979.0,0.0,979.0,0.0,3823.201
2026-05-19 16:12:04.542,47250,979.0,0.0,979.0,0.0,3625.638
2026-05-19 16:12:04.543,47500,979.0,0.0,979.0,0.0,3625.638
2026-05-19 16:12:04.543,47750,979.0,0.0,979.0,0.0,3625.638
2026-05-19 16:12:04.658,48000,979.0,0.0,979.0,0.0,3625.638
2026-05-19 16:12:04.658,48250,979.0,0.0,979.0,0.0,3625.638
2026-05-19 16:12:04.659,48500,979.0,0.0,979.0,0.0,3618.973
2026-05-19 16:12:04.769,48750,979.0,0.0,979.0,0.0,3618.973
2026-05-19 16:12:04.770,49000,979.0,0.0,979.0,0.0,3618.973
2026-05-19 16:12:04.771,49250,979.0,0.0,979.0,0.0,3618.973
2026-05-19 16:12:04.889,49500,942.29,-2.325552444689,941.269,-37.731,3573.739
2026-05-19 16:12:04.889,49750,979.0,0.0,979.0,0.0,3438.037
2026-05-19 16:12:04.891,50000,979.0,0.0,979.0,0.0,3438.037
2026-05-19 16:12:04.891,50250,979.0,0.0,979.0,0.0,3438.037
2026-05-19 16:12:04.996,50500,979.0,0.0,979.0,0.0,3438.037
2026-05-19 16:12:04.997,50750,979.0,0.0,979.0,0.0,3438.037
2026-05-19 16:12:04.997,51000,979.0,0.0,979.0,0.0,3448.719
2026-05-19 16:12:05.112,51250,979.0,0.0,979.0,0.0,3448.719
2026-05-19 16:12:05.112,51500,979.0,0.0,979.0,0.0,3448.719
2026-05-19 16:12:05.113,51750,979.0,0.0,979.0,0.0,3448.719
2026-05-19 16:12:05.229,52000,979.0,0.0,979.0,0.0,3448.719
2026-05-19 16:12:05.230,52250,958.582,-1.827944127674,957.628,-29.911,3376.793
2026-05-19 16:12:05.231,52500,979.0,0.0,979.0,0.0,3304.868
2026-05-19 16:12:05.231,52750,979.0,0.0,979.0,0.0,3304.868
2026-05-19 16:12:05.339,53000,979.0,0.0,979.0,0.0,3304.868
2026-05-19 16:12:05.340,53250,979.0,0.0,979.0,0.0,3304.868
2026-05-19 16:12:05.340,53500,979.0,0.0,979.0,0.0,3304.868
2026-05-19 16:12:05.456,53750,942.394,-3.779760395,940.344,-62.124,3304.868
2026-05-19 16:12:05.456,54000,979.0,0.0,979.0,0.0,3181.295
2026-05-19 16:12:05.457,54250,979.0,0.0,979.0,0.0,3181.295
2026-05-19 16:12:05.457,54500,979.0,0.0,979.0,0.0,3181.295
2026-05-19 16:12:05.563,54750,979.0,0.0,979.0,0.0,3181.295
2026-05-19 16:12:05.564,55000,979.0,0.0,979.0,0.0,3181.295
2026-05-19 16:12:05.564,55250,979.0,0.0,979.0,0.0,3181.295
2026-05-19 16:12:05.678,55500,944.564,-4.202265832369,942.024,-69.215,3181.295
2026-05-19 16:12:05.680,55750,979.0,0.0,979.0,0.0,3069.393
2026-05-19 16:12:05.680,56000,979.0,0.0,979.0,0.0,3069.393
2026-05-19 16:12:05.681,56250,979.0,0.0,979.0,0.0,3069.393
2026-05-19 16:12:05.798,56500,979.0,0.0,979.0,0.0,3069.393
2026-05-19 16:12:05.798,56750,979.0,0.0,979.0,0.0,3069.393
2026-05-19 16:12:05.799,57000,979.0,0.0,979.0,0.0,3069.393
2026-05-19 16:12:05.904,57250,979.0,0.0,979.0,0.0,3069.393
2026-05-19 16:12:05.904,57500,979.0,0.0,979.0,0.0,3069.393
2026-05-19 16:12:05.905,57750,979.0,0.0,979.0,0.0,3069.393
2026-05-19 16:12:06.012,58000,937.022,6.321979856173,931.324,103.181,3206.9
2026-05-19 16:12:06.012,58250,906.252,1.463962538707,905.957,23.153,3206.9
2026-05-19 16:12:06.013,58500,979.0,0.0,979.0,0.0,3206.9
2026-05-19 16:12:06.013,58750,999.799,4.369904778779,996.892,76.18,3140.187
2026-05-19 16:12:06.116,59000,999.799,4.369904778779,996.892,76.18,3140.187
2026-05-19 16:12:06.116,59250,979.0,0.0,979.0,0.0,3140.187
2026-05-19 16:12:06.117,59500,958.634,-4.369904778779,955.847,-73.043,3206.9
2026-05-19 16:12:06.221,59750,1035.586,-5.833867317486,1030.223,-105.261,2968.602
2026-05-19 16:12:06.222,60000,979.0,0.0,979.0,0.0,2968.602
2026-05-19 16:12:06.222,60250,979.0,0.0,979.0,0.0,2968.602
2026-05-19 16:12:06.337,60500,979.0,0.0,979.0,0.0,2968.602
2026-05-19 16:12:06.338,60750,979.0,0.0,979.0,0.0,2968.602
2026-05-19 16:12:06.338,61000,979.0,0.0,979.0,0.0,2968.602
2026-05-19 16:12:06.339,61250,979.0,0.0,979.0,0.0,2968.602
2026-05-19 16:12:06.450,61500,979.0,0.0,979.0,0.0,2968.602
2026-05-19 16:12:06.451,61750,979.0,0.0,979.0,0.0,2968.602
2026-05-19 16:12:06.451,62000,979.0,0.0,979.0,0.0,2968.602
2026-05-19 16:12:06.452,62250,979.0,0.0,979.0,0.0,2968.602
2026-05-19 16:12:06.569,62500,979.0,0.0,979.0,0.0,2968.602
2026-05-19 16:12:06.570,62750,979.0,0.0,979.0,0.0,2968.602
2026-05-19 16:12:06.571,63000,979.0,0.0,979.0,0.0,2968.602
2026-05-19 16:12:06.571,63250,902.397,1.688447386204,902.005,26.589,2968.602
2026-05-19 16:12:06.571,63500,979.0,0.0,979.0,0.0,2736.319
2026-05-19 16:12:06.689,63750,979.0,0.0,979.0,0.0,2736.319
2026-05-19 16:12:06.690,64000,979.0,0.0,979.0,0.0,2736.319
2026-05-19 16:12:06.690,64250,979.0,0.0,979.0,0.0,2736.319
2026-05-19 16:12:06.691,64500,979.0,0.0,979.0,0.0,2736.319
2026-05-19 16:12:06.804,64750,979.0,0.0,979.0,0.0,2736.319
2026-05-19 16:12:06.805,65000,979.0,0.0,979.0,0.0,2736.319
2026-05-19 16:12:06.805,65250,979.0,0.0,979.0,0.0,2736.319
2026-05-19 16:12:06.806,65500,979.0,0.0,979.0,0.0,2736.319
2026-05-19 16:12:06.920,65750,979.0,0.0,979.0,0.0,2736.319
2026-05-19 16:12:06.920,66000,979.0,0.0,979.0,0.0,2736.319
2026-05-19 16:12:06.921,66250,979.0,0.0,979.0,0.0,2736.319
2026-05-19 16:12:06.921,66500,979.0,0.0,979.0,0.0,2736.319
2026-05-19 16:12:07.035,66750,979.0,0.0,979.0,0.0,2736.319
2026-05-19 16:12:07.036,67000,979.0,0.0,979.0,0.0,2736.319
2026-05-19 16:12:07.036,67250,957.156,0.535439740863,957.0,8.33,2553.157
2026-05-19 16:12:07.037,67500,979.0,0.0,979.0,0.0,2492.103
2026-05-19 16:12:07.150,67750,979.0,0.0,979.0,0.0,2492.103
2026-05-19 16:12:07.152,68000,979.0,0.0,979.0,0.0,2492.103
2026-05-19 16:12:07.152,68250,979.0,0.0,979.0,0.0,2492.103
2026-05-19 16:12:07.152,68500,956.647,-2.783875331529,954.443,-45.324,2551.727
2026-05-19 16:12:07.258,68750,934.294,-5.567750663059,929.886,-90.648,2611.351
2026-05-19 16:12:07.259,69000,934.294,-5.567750663059,929.886,-90.648,2611.351
2026-05-19 16:12:07.259,69250,979.0,0.0,979.0,0.0,2611.351
2026-05-19 16:12:07.260,69500,979.0,0.0,979.0,0.0,2611.351
2026-05-19 16:12:07.375,69750,979.0,0.0,979.0,0.0,2611.351
2026-05-19 16:12:07.375,70000,979.0,0.0,979.0,0.0,2611.351
2026-05-19 16:12:07.376,70250,979.0,0.0,979.0,0.0,2611.351
2026-05-19 16:12:07.376,70500,979.0,0.0,979.0,0.0,2611.351
2026-05-19 16:12:07.497,70750,979.0,0.0,979.0,0.0,2611.351
2026-05-19 16:12:07.497,71000,979.0,0.0,979.0,0.0,2611.351
2026-05-19 16:12:07.498,71250,979.0,0.0,979.0,0.0,2611.351
2026-05-19 16:12:07.498,71500,979.0,0.0,979.0,0.0,2611.351
2026-05-19 16:12:07.498,71750,1005.117,-0.842031795815,1004.649,-15.914,2548.405
2026-05-19 16:12:07.620,72000,923.946,-6.023390614508,918.845,-96.954,2359.568
2026-05-19 16:12:07.620,72250,1037.334,6.023390614508,1031.607,108.852,2226.878
2026-05-19 16:12:07.621,72500,1037.334,6.023390614508,1031.607,108.852,2226.878
2026-05-19 16:12:07.621,72750,979.0,0.0,979.0,0.0,2226.878
2026-05-19 16:12:07.735,73000,979.0,0.0,979.0,0.0,2226.878
2026-05-19 16:12:07.736,73250,979.0,0.0,979.0,0.0,2226.878
2026-05-19 16:12:07.736,73500,979.0,0.0,979.0,0.0,2226.878
2026-05-19 16:12:07.737,73750,979.0,0.0,979.0,0.0,2226.878
2026-05-19 16:12:07.846,74000,979.0,0.0,979.0,0.0,2226.878
2026-05-19 16:12:07.847,74250,979.0,0.0,979.0,0.0,2226.878
2026-05-19 16:12:07.847,74500,979.0,0.0,979.0,0.0,2226.878
2026-05-19 16:12:07.848,74750,979.0,0.0,979.0,0.0,2226.878
2026-05-19 16:12:07.960,75000,979.0,0.0,979.0,0.0,2226.878
2026-05-19 16:12:07.961,75250,979.0,0.0,979.0,0.0,2226.878
2026-05-19 16:12:07.961,75500,979.0,0.0,979.0,0.0,2226.878
2026-05-19 16:12:07.961,75750,979.0,0.0,979.0,0.0,2226.878
2026-05-19 16:12:07.962,76000,979.0,0.0,979.0,0.0,2226.878
2026-05-19 16:12:08.078,76250,979.0,0.0,979.0,0.0,2226.878
2026-05-19 16:12:08.079,76500,979.0,0.0,979.0,0.0,2226.878
2026-05-19 16:12:08.080,76750,979.0,0.0,979.0,0.0,2226.878
2026-05-19 16:12:08.080,77000,979.0,0.0,979.0,0.0,2226.878
2026-05-19 16:12:08.081,77250,979.0,0.0,979.0,0.0,2226.878
2026-05-19 16:12:08.194,77500,979.0,0.0,979.0,0.0,2226.878
2026-05-19 16:12:08.195,77750,979.0,0.0,979.0,0.0,1996.867
2026-05-19 16:12:08.195,78000,979.0,0.0,979.0,0.0,1996.867
2026-05-19 16:12:08.195,78250,979.0,0.0,979.0,0.0,1996.867
2026-05-19 16:12:08.196,78500,979.0,0.0,979.0,0.0,1996.867
2026-05-19 16:12:08.312,78750,979.0,0.0,979.0,0.0,1996.867
2026-05-19 16:12:08.313,79000,979.0,0.0,979.0,0.0,1996.867
2026-05-19 16:12:08.313,79250,979.0,0.0,979.0,0.0,1996.867
2026-05-19 16:12:08.314,79500,979.0,0.0,979.0,0.0,1996.867
2026-05-19 16:12:08.314,79750,979.0,0.0,979.0,0.0,1996.867
2026-05-19 16:12:08.428,80000,979.0,0.0,979.0,0.0,1996.867
2026-05-19 16:12:08.428,80250,979.0,0.0,979.0,0.0,1996.867
2026-05-19 16:12:08.429,80500,979.0,0.0,979.0,0.0,1996.867
2026-05-19 16:12:08.429,80750,979.0,0.0,979.0,0.0,1996.867
2026-05-19 16:12:08.430,81000,979.0,0.0,979.0,0.0,1996.867
2026-05-19 16:12:08.546,81250,979.0,0.0,979.0,0.0,1996.867
2026-05-19 16:12:08.546,81500,993.131,1.668949925854,991.376,30.095,1969.617
2026-05-19 16:12:08.547,81750,979.0,0.0,979.0,0.0,1996.867
2026-05-19 16:12:08.547,82000,979.0,0.0,979.0,0.0,1887.867
2026-05-19 16:12:08.547,82250,979.0,0.0,979.0,0.0,1887.867
2026-05-19 16:12:08.661,82500,979.0,0.0,979.0,0.0,1887.867
2026-05-19 16:12:08.662,82750,979.0,0.0,979.0,0.0,1887.867
2026-05-19 16:12:08.662,83000,979.0,0.0,979.0,0.0,1887.867
2026-05-19 16:12:08.663,83250,1012.247,-0.810011411923,1011.803,-15.712,1831.421
2026-05-19 16:12:08.663,83500,979.0,0.0,979.0,0.0,1662.085
2026-05-19 16:12:08.780,83750,979.0,0.0,979.0,0.0,1662.085
2026-05-19 16:12:08.781,84000,979.0,0.0,979.0,0.0,1662.085
2026-05-19 16:12:08.781,84250,979.0,0.0,979.0,0.0,1662.085
2026-05-19 16:12:08.782,84500,979.0,0.0,979.0,0.0,1662.085
2026-05-19 16:12:08.782,84750,979.0,0.0,979.0,0.0,1662.085
2026-05-19 16:12:08.783,85000,979.0,0.0,979.0,0.0,1662.085
2026-05-19 16:12:08.889,85250,979.0,0.0,979.0,0.0,1662.085
2026-05-19 16:12:08.890,85500,979.0,0.0,979.0,0.0,1662.085
2026-05-19 16:12:08.890,85750,979.0,0.0,979.0,0.0,1662.085
2026-05-19 16:12:08.891,86000,979.0,0.0,979.0,0.0,1662.085
2026-05-19 16:12:09.000,86250,979.0,0.0,979.0,0.0,1662.085
2026-05-19 16:12:09.000,86500,979.0,0.0,979.0,0.0,1662.085
2026-05-19 16:12:09.001,86750,979.0,0.0,979.0,0.0,1662.085
2026-05-19 16:12:09.001,87000,979.0,0.0,979.0,0.0,1662.085
2026-05-19 16:12:09.001,87250,979.0,0.0,979.0,0.0,1662.085
2026-05-19 16:12:09.104,87500,979.0,0.0,979.0,0.0,1662.085
2026-05-19 16:12:09.105,87750,979.0,0.0,979.0,0.0,1662.085
2026-05-19 16:12:09.105,88000,979.0,0.0,979.0,0.0,1662.085
2026-05-19 16:12:09.106,88250,979.0,0.0,979.0,0.0,1662.085
2026-05-19 16:12:09.106,88500,979.0,0.0,979.0,0.0,1662.085
2026-05-19 16:12:09.214,88750,979.0,0.0,979.0,0.0,1662.085
2026-05-19 16:12:09.215,89000,979.0,0.0,979.0,0.0,1662.085
2026-05-19 16:12:09.215,89250,979.0,0.0,979.0,0.0,1436.336
2026-05-19 16:12:09.215,89500,979.0,0.0,979.0,0.0,1436.336
2026-05-19 16:12:09.331,89750,979.0,0.0,979.0,0.0,1436.336
2026-05-19 16:12:09.332,90000,979.0,0.0,979.0,0.0,1436.336
2026-05-19 16:12:09.332,90250,979.0,0.0,979.0,0.0,1436.336
2026-05-19 16:12:09.332,90500,959.96,-2.475498391922,956.598,-38.814,1352.533
2026-05-19 16:12:09.333,90750,979.0,0.0,979.0,0.0,1324.598
2026-05-19 16:12:09.333,91000,979.0,0.0,979.0,0.0,1324.598
2026-05-19 16:12:09.439,91250,979.0,0.0,979.0,0.0,1324.598
2026-05-19 16:12:09.440,91500,979.0,0.0,979.0,0.0,1324.598
2026-05-19 16:12:09.440,91750,979.0,0.0,979.0,0.0,1324.598
2026-05-19 16:12:09.441,92000,979.0,0.0,979.0,0.0,1324.598
2026-05-19 16:12:09.550,92250,979.0,0.0,979.0,0.0,1324.598
2026-05-19 16:12:09.550,92500,979.0,0.0,979.0,0.0,1324.598
2026-05-19 16:12:09.551,92750,979.0,0.0,979.0,0.0,1324.598
2026-05-19 16:12:09.551,93000,979.0,0.0,979.0,0.0,1324.598
2026-05-19 16:12:09.551,93250,979.0,0.0,979.0,0.0,1324.598
2026-05-19 16:12:09.659,93500,979.0,0.0,979.0,0.0,1324.598
2026-05-19 16:12:09.659,93750,979.0,0.0,979.0,0.0,1324.598
2026-05-19 16:12:09.660,94000,979.0,0.0,979.0,0.0,1324.598
2026-05-19 16:12:09.660,94250,979.0,0.0,979.0,0.0,1324.598
2026-05-19 16:12:09.660,94500,979.0,0.0,979.0,0.0,1324.598
2026-05-19 16:12:09.775,94750,979.0,0.0,979.0,0.0,1324.598
2026-05-19 16:12:09.775,95000,979.0,0.0,979.0,0.0,1324.598
2026-05-19 16:12:09.776,95250,979.0,0.0,979.0,0.0,1324.598
2026-05-19 16:12:09.776,95500,979.0,0.0,979.0,0.0,1070.507
2026-05-19 16:12:09.776,95750,979.0,0.0,979.0,0.0,1070.507
2026-05-19 16:12:09.890,96000,979.0,0.0,979.0,0.0,1070.507
2026-05-19 16:12:09.890,96250,979.0,0.0,979.0,0.0,1070.507
2026-05-19 16:12:09.891,96500,979.0,0.0,979.0,0.0,1070.507
2026-05-19 16:12:09.891,96750,979.0,0.0,979.0,0.0,1070.507
2026-05-19 16:12:09.891,97000,979.0,0.0,979.0,0.0,1070.507
2026-05-19 16:12:10.004,97250,979.0,0.0,979.0,0.0,1070.507
2026-05-19 16:12:10.005,97500,979.0,0.0,979.0,0.0,1070.507
2026-05-19 16:12:10.005,97750,979.0,0.0,979.0,0.0,1070.507
2026-05-19 16:12:10.005,98000,979.0,0.0,979.0,0.0,1070.507
2026-05-19 16:12:10.006,98250,979.0,0.0,979.0,0.0,1070.507
2026-05-19 16:12:10.114,98500,979.0,0.0,979.0,0.0,1070.507
2026-05-19 16:12:10.115,98750,979.0,0.0,979.0,0.0,1070.507
2026-05-19 16:12:10.115,99000,979.0,0.0,979.0,0.0,1070.507
2026-05-19 16:12:10.116,99250,979.0,0.0,979.0,0.0,1070.507
2026-05-19 16:12:10.116,99500,979.0,0.0,979.0,0.0,1070.507
2026-05-19 16:12:10.226,99750,979.0,0.0,979.0,0.0,1070.507
2026-05-19 16:12:10.226,100000,979.0,0.0,979.0,0.0,1070.507
2026-05-19 16:12:10.774,10000,979.0,0.0,979.0,0.0,9286.314
2026-05-19 16:12:10.890,10250,979.0,0.0,979.0,0.0,9286.314
2026-05-19 16:12:11.119,10500,979.0,0.0,979.0,0.0,9286.314
2026-05-19 16:12:11.239,10750,974.699,0.936593187687,974.483,15.884,9327.412
2026-05-19 16:12:11.352,11000,979.0,0.0,979.0,0.0,9354.811
2026-05-19 16:12:11.469,11250,968.583,-0.178318360226,968.572,-2.966,9205.503
2026-05-19 16:12:11.589,11500,977.454,0.295981633532,977.389,5.017,9120.46
2026-05-19 16:12:11.705,11750,979.0,0.0,979.0,0.0,9178.44
2026-05-19 16:12:11.821,12000,979.0,0.0,979.0,0.0,9178.44
2026-05-19 16:12:12.044,12250,979.0,0.0,979.0,0.0,9178.44
2026-05-19 16:12:12.159,12500,984.05,0.103550263185,984.042,1.815,9211.704
2026-05-19 16:12:12.269,12750,999.2,0.414201052739,999.167,7.26,9072.037
2026-05-19 16:12:12.382,13000,977.169,0.287603676373,977.108,4.868,9042.516
2026-05-19 16:12:12.490,13250,979.0,0.0,979.0,0.0,9110.657
2026-05-19 16:12:12.604,13500,979.0,0.0,979.0,0.0,9110.657
2026-05-19 16:12:12.716,13750,979.0,0.0,979.0,0.0,9110.657
2026-05-19 16:12:12.830,14000,979.0,0.0,979.0,0.0,8971.41
2026-05-19 16:12:12.942,14250,979.0,0.0,979.0,0.0,8971.41
2026-05-19 16:12:13.047,14500,979.0,0.0,979.0,0.0,8971.41
2026-05-19 16:12:13.151,14750,972.049,0.914447904017,971.844,15.438,9035.867
2026-05-19 16:12:13.269,15000,994.376,0.417832049251,994.35,7.251,8938.448
2026-05-19 16:12:13.382,15250,979.0,0.0,979.0,0.0,8938.448
2026-05-19 16:12:13.383,15500,979.0,0.0,979.0,0.0,8938.448
2026-05-19 16:12:13.487,15750,979.0,0.0,979.0,0.0,9052.108
2026-05-19 16:12:13.599,16000,979.0,0.0,979.0,0.0,8828.731
2026-05-19 16:12:13.715,16250,983.965,0.151803364,983.947,2.66,8785.065
2026-05-19 16:12:13.819,16500,983.069,-0.444402313849,982.994,-7.672,8883.766
2026-05-19 16:12:13.935,16750,960.033,-0.622912351066,959.962,-10.385,8877.251
2026-05-19 16:12:14.051,17000,979.0,0.0,979.0,0.0,8704.426
2026-05-19 16:12:14.052,17250,947.64,-0.278150240412,947.552,-4.689,8757.246
2026-05-19 16:12:14.169,17500,984.108,0.179609787901,984.083,3.149,8791.542
2026-05-19 16:12:14.282,17750,979.0,0.0,979.0,0.0,8611.81
2026-05-19 16:12:14.399,18000,979.0,0.0,979.0,0.0,8611.81
2026-05-19 16:12:14.400,18250,972.34,0.594377029622,972.21,9.982,8444.046
2026-05-19 16:12:14.504,18500,979.0,0.0,979.0,0.0,8531.103
2026-05-19 16:12:14.619,18750,979.0,0.0,979.0,0.0,8531.103
2026-05-19 16:12:14.736,19000,989.022,0.401355386923,988.96,7.033,8445.951
2026-05-19 16:12:14.737,19250,975.594,0.277572172232,975.538,4.66,8347.675
2026-05-19 16:12:14.850,19500,974.152,-0.217733426676,974.117,-3.628,8297.795
2026-05-19 16:12:14.970,19750,969.304,-0.435466853352,969.235,-7.256,8339.717
2026-05-19 16:12:14.971,20000,979.0,0.0,979.0,0.0,8255.872
2026-05-19 16:12:15.089,20250,979.0,0.0,979.0,0.0,8255.872
2026-05-19 16:12:15.204,20500,979.0,0.0,979.0,0.0,8055.627
2026-05-19 16:12:15.205,20750,979.0,0.0,979.0,0.0,8210.115
2026-05-19 16:12:15.320,21000,959.182,-1.005522859644,959.034,-16.832,8210.115
2026-05-19 16:12:15.432,21250,979.0,0.0,979.0,0.0,8043.919
2026-05-19 16:12:15.432,21500,979.0,0.0,979.0,0.0,8043.919
2026-05-19 16:12:15.535,21750,979.0,0.0,979.0,0.0,7856.622
2026-05-19 16:12:15.652,22000,979.0,0.0,979.0,0.0,8030.595
2026-05-19 16:12:15.652,22250,979.0,0.0,979.0,0.0,8030.595
2026-05-19 16:12:15.762,22500,979.0,0.0,979.0,0.0,7842.522
2026-05-19 16:12:15.870,22750,979.0,0.0,979.0,0.0,7842.522
2026-05-19 16:12:15.871,23000,979.0,0.0,979.0,0.0,7658.862
2026-05-19 16:12:15.974,23250,979.0,0.0,979.0,0.0,7658.862
2026-05-19 16:12:16.089,23500,979.0,0.0,979.0,0.0,7658.862
2026-05-19 16:12:16.090,23750,974.298,0.247910983608,974.253,4.134,7535.657
2026-05-19 16:12:16.195,24000,979.0,0.0,979.0,0.0,7683.264
2026-05-19 16:12:16.195,24250,979.0,0.0,979.0,0.0,7515.704
2026-05-19 16:12:16.304,24500,979.0,0.0,979.0,0.0,7515.704
2026-05-19 16:12:16.416,24750,979.0,0.0,979.0,0.0,7515.704
2026-05-19 16:12:16.416,25000,979.0,0.0,979.0,0.0,7360.845
2026-05-19 16:12:16.532,25250,979.0,0.0,979.0,0.0,7360.845
2026-05-19 16:12:16.533,25500,979.0,0.0,979.0,0.0,7206.363
2026-05-19 16:12:16.647,25750,979.0,0.0,979.0,0.0,7206.363
2026-05-19 16:12:16.648,26000,979.0,0.0,979.0,0.0,7206.363
2026-05-19 16:12:16.752,26250,979.0,0.0,979.0,0.0,7078.333
2026-05-19 16:12:16.869,26500,982.984,0.339432596033,982.896,5.917,7050.105
2026-05-19 16:12:16.870,26750,979.0,0.0,979.0,0.0,6937.194
2026-05-19 16:12:16.986,27000,979.0,0.0,979.0,0.0,6937.194
2026-05-19 16:12:16.986,27250,982.819,0.34746840231,982.727,6.052,6910.653
2026-05-19 16:12:17.100,27500,979.0,0.0,979.0,0.0,6804.488
2026-05-19 16:12:17.100,27750,979.0,0.0,979.0,0.0,6804.488
2026-05-19 16:12:17.204,28000,979.0,0.0,979.0,0.0,6670.342
2026-05-19 16:12:17.205,28250,979.0,0.0,979.0,0.0,6670.342
2026-05-19 16:12:17.320,28500,979.0,0.0,979.0,0.0,6670.342
2026-05-19 16:12:17.320,28750,979.0,0.0,979.0,0.0,6557.083
2026-05-19 16:12:17.431,29000,979.0,0.0,979.0,0.0,6557.083
2026-05-19 16:12:17.432,29250,979.0,0.0,979.0,0.0,6439.888
2026-05-19 16:12:17.536,29500,979.0,0.0,979.0,0.0,6439.888
2026-05-19 16:12:17.536,29750,979.0,0.0,979.0,0.0,6439.888
2026-05-19 16:12:17.651,30000,979.0,0.0,979.0,0.0,6329.513
2026-05-19 16:12:17.652,30250,979.0,0.0,979.0,0.0,6329.513
2026-05-19 16:12:17.767,30500,979.0,0.0,979.0,0.0,6231.235
2026-05-19 16:12:17.768,30750,979.0,0.0,979.0,0.0,6231.235
2026-05-19 16:12:17.889,31000,979.0,0.0,979.0,0.0,6231.235
2026-05-19 16:12:17.890,31250,979.0,0.0,979.0,0.0,6132.743
2026-05-19 16:12:17.892,31500,979.0,0.0,979.0,0.0,6132.743
2026-05-19 16:12:18.001,31750,991.55,2.244440913935,990.789,38.832,6055.123
2026-05-19 16:12:18.002,32000,940.858,0.706494640387,940.787,11.601,6055.123
2026-05-19 16:12:18.119,32250,979.0,0.0,979.0,0.0,5819.217
2026-05-19 16:12:18.120,32500,979.0,0.0,979.0,0.0,5745.191
2026-05-19 16:12:18.225,32750,979.0,0.0,979.0,0.0,5745.191
2026-05-19 16:12:18.225,33000,979.0,0.0,979.0,0.0,5745.191
2026-05-19 16:12:18.336,33250,979.0,0.0,979.0,0.0,5682.385
2026-05-19 16:12:18.336,33500,979.0,0.0,979.0,0.0,5682.385
2026-05-19 16:12:18.453,33750,979.0,0.0,979.0,0.0,5682.385
2026-05-19 16:12:18.453,34000,979.0,0.0,979.0,0.0,5630.485
2026-05-19 16:12:18.454,34250,979.0,0.0,979.0,0.0,5379.444
2026-05-19 16:12:18.570,34500,979.0,0.0,979.0,0.0,5379.444
2026-05-19 16:12:18.571,34750,979.0,0.0,979.0,0.0,5339.018
2026-05-19 16:12:18.674,35000,979.0,0.0,979.0,0.0,5339.018
2026-05-19 16:12:18.674,35250,979.0,0.0,979.0,0.0,5339.018
2026-05-19 16:12:18.675,35500,979.0,0.0,979.0,0.0,5311.955
2026-05-19 16:12:18.787,35750,934.391,0.237811716413,934.383,3.878,5311.955
2026-05-19 16:12:18.788,36000,979.0,0.0,979.0,0.0,5069.911
2026-05-19 16:12:18.906,36250,979.0,0.0,979.0,0.0,5053.16
2026-05-19 16:12:18.906,36500,979.0,0.0,979.0,0.0,5053.16
2026-05-19 16:12:19.020,36750,979.0,0.0,979.0,0.0,5053.16
2026-05-19 16:12:19.020,37000,979.0,0.0,979.0,0.0,5052.649
2026-05-19 16:12:19.020,37250,979.0,0.0,979.0,0.0,4801.84
2026-05-19 16:12:19.137,37500,979.0,0.0,979.0,0.0,4801.84
2026-05-19 16:12:19.137,37750,979.0,0.0,979.0,0.0,4801.84
2026-05-19 16:12:19.138,38000,979.0,0.0,979.0,0.0,4819.526
2026-05-19 16:12:19.253,38250,979.0,0.0,979.0,0.0,4819.526
2026-05-19 16:12:19.253,38500,979.0,0.0,979.0,0.0,4819.526
2026-05-19 16:12:19.370,38750,979.0,0.0,979.0,0.0,4591.487
2026-05-19 16:12:19.370,39000,979.0,0.0,979.0,0.0,4591.487
2026-05-19 16:12:19.371,39250,979.0,0.0,979.0,0.0,4591.487
2026-05-19 16:12:19.489,39500,979.0,0.0,979.0,0.0,4591.487
2026-05-19 16:12:19.490,39750,979.0,0.0,979.0,0.0,4637.368
2026-05-19 16:12:19.490,40000,979.0,0.0,979.0,0.0,4380.519
2026-05-19 16:12:19.599,40250,979.0,0.0,979.0,0.0,4380.519
2026-05-19 16:12:19.600,40500,979.0,0.0,979.0,0.0,4380.519
2026-05-19 16:12:19.715,40750,979.0,0.0,979.0,0.0,4380.519
2026-05-19 16:12:19.716,41000,979.0,0.0,979.0,0.0,4449.44
2026-05-19 16:12:19.716,41250,979.0,0.0,979.0,0.0,4262.566
2026-05-19 16:12:19.830,41500,979.0,0.0,979.0,0.0,4262.566
2026-05-19 16:12:19.831,41750,964.346,2.57500017951,963.134,43.153,4327.584
2026-05-19 16:12:19.831,42000,979.0,0.0,979.0,0.0,4343.838
2026-05-19 16:12:19.949,42250,979.0,0.0,979.0,0.0,4343.838
2026-05-19 16:12:19.950,42500,979.0,0.0,979.0,0.0,4101.722
2026-05-19 16:12:19.950,42750,979.0,0.0,979.0,0.0,4101.722
2026-05-19 16:12:20.065,43000,979.0,0.0,979.0,0.0,4101.722
2026-05-19 16:12:20.065,43250,979.0,0.0,979.0,0.0,4198.29
2026-05-19 16:12:20.066,43500,979.0,0.0,979.0,0.0,4198.29
2026-05-19 16:12:20.173,43750,979.0,0.0,979.0,0.0,3960.624
2026-05-19 16:12:20.173,44000,979.0,0.0,979.0,0.0,3960.624
2026-05-19 16:12:20.174,44250,979.0,0.0,979.0,0.0,3960.624
2026-05-19 16:12:20.289,44500,979.0,0.0,979.0,0.0,3960.624
2026-05-19 16:12:20.290,44750,979.0,0.0,979.0,0.0,4081.427
2026-05-19 16:12:20.290,45000,979.0,0.0,979.0,0.0,3861.35
2026-05-19 16:12:20.400,45250,979.0,0.0,979.0,0.0,3861.35
2026-05-19 16:12:20.400,45500,979.0,0.0,979.0,0.0,3861.35
2026-05-19 16:12:20.400,45750,979.0,0.0,979.0,0.0,3861.35
2026-05-19 16:12:20.505,46000,979.0,0.0,979.0,0.0,3655.855
2026-05-19 16:12:20.505,46250,979.0,0.0,979.0,0.0,3823.201
2026-05-19 16:12:20.613,46500,979.0,0.0,979.0,0.0,3823.201
2026-05-19 16:12:20.613,46750,979.0,0.0,979.0,0.0,3823.201
2026-05-19 16:12:20.614,47000,979.0,0.0,979.0,0.0,3823.201
2026-05-19 16:12:20.729,47250,979.0,0.0,979.0,0.0,3625.638
2026-05-19 16:12:20.730,47500,979.0,0.0,979.0,0.0,3625.638
2026-05-19 16:12:20.731,47750,979.0,0.0,979.0,0.0,3625.638
2026-05-19 16:12:20.834,48000,979.0,0.0,979.0,0.0,3625.638
2026-05-19 16:12:20.834,48250,979.0,0.0,979.0,0.0,3625.638
2026-05-19 16:12:20.835,48500,979.0,0.0,979.0,0.0,3618.973
2026-05-19 16:12:20.950,48750,979.0,0.0,979.0,0.0,3618.973
2026-05-19 16:12:20.951,49000,979.0,0.0,979.0,0.0,3618.973
2026-05-19 16:12:20.951,49250,979.0,0.0,979.0,0.0,3618.973
2026-05-19 16:12:21.069,49500,939.843,-2.480589274335,938.753,-40.247,3582.785
2026-05-19 16:12:21.070,49750,979.0,0.0,979.0,0.0,3438.037
2026-05-19 16:12:21.071,50000,979.0,0.0,979.0,0.0,3438.037
2026-05-19 16:12:21.071,50250,979.0,0.0,979.0,0.0,3438.037
2026-05-19 16:12:21.189,50500,979.0,0.0,979.0,0.0,3438.037
2026-05-19 16:12:21.190,50750,979.0,0.0,979.0,0.0,3438.037
2026-05-19 16:12:21.190,51000,979.0,0.0,979.0,0.0,3448.719
2026-05-19 16:12:21.305,51250,979.0,0.0,979.0,0.0,3448.719
2026-05-19 16:12:21.306,51500,979.0,0.0,979.0,0.0,3448.719
2026-05-19 16:12:21.306,51750,979.0,0.0,979.0,0.0,3448.719
2026-05-19 16:12:21.306,52000,979.0,0.0,979.0,0.0,3448.719
2026-05-19 16:12:21.420,52250,954.499,-2.193532953208,953.353,-35.893,3391.178
2026-05-19 16:12:21.421,52500,979.0,0.0,979.0,0.0,3304.868
2026-05-19 16:12:21.421,52750,979.0,0.0,979.0,0.0,3304.868
2026-05-19 16:12:21.530,53000,979.0,0.0,979.0,0.0,3304.868
2026-05-19 16:12:21.531,53250,979.0,0.0,979.0,0.0,3304.868
2026-05-19 16:12:21.531,53500,979.0,0.0,979.0,0.0,3304.868
2026-05-19 16:12:21.532,53750,942.394,-3.779760395,940.344,-62.124,3304.868
2026-05-19 16:12:21.635,54000,979.0,0.0,979.0,0.0,3181.295
2026-05-19 16:12:21.636,54250,979.0,0.0,979.0,0.0,3181.295
2026-05-19 16:12:21.636,54500,979.0,0.0,979.0,0.0,3181.295
2026-05-19 16:12:21.751,54750,979.0,0.0,979.0,0.0,3181.295
2026-05-19 16:12:21.751,55000,979.0,0.0,979.0,0.0,3181.295
2026-05-19 16:12:21.751,55250,979.0,0.0,979.0,0.0,3181.295
2026-05-19 16:12:21.869,55500,944.564,-4.202265832369,942.024,-69.215,3181.295
2026-05-19 16:12:21.870,55750,979.0,0.0,979.0,0.0,3069.393
2026-05-19 16:12:21.870,56000,979.0,0.0,979.0,0.0,3069.393
2026-05-19 16:12:21.871,56250,979.0,0.0,979.0,0.0,3069.393
2026-05-19 16:12:21.976,56500,979.0,0.0,979.0,0.0,3069.393
2026-05-19 16:12:21.977,56750,979.0,0.0,979.0,0.0,3069.393
2026-05-19 16:12:21.977,57000,979.0,0.0,979.0,0.0,3069.393
2026-05-19 16:12:22.086,57250,979.0,0.0,979.0,0.0,3069.393
2026-05-19 16:12:22.087,57500,979.0,0.0,979.0,0.0,3069.393
2026-05-19 16:12:22.088,57750,979.0,0.0,979.0,0.0,3069.393
2026-05-19 16:12:22.200,58000,937.022,6.321979856173,931.324,103.181,3206.9
2026-05-19 16:12:22.201,58250,906.252,1.463962538707,905.957,23.153,3206.9
2026-05-19 16:12:22.201,58500,979.0,0.0,979.0,0.0,3206.9
2026-05-19 16:12:22.202,58750,999.799,4.369904778779,996.892,76.18,3140.187
2026-05-19 16:12:22.304,59000,999.799,4.369904778779,996.892,76.18,3140.187
2026-05-19 16:12:22.305,59250,979.0,0.0,979.0,0.0,3140.187
2026-05-19 16:12:22.305,59500,958.634,-4.369904778779,955.847,-73.043,3206.9
2026-05-19 16:12:22.408,59750,1035.586,-5.833867317486,1030.223,-105.261,2968.602
2026-05-19 16:12:22.409,60000,979.0,0.0,979.0,0.0,2968.602
2026-05-19 16:12:22.410,60250,979.0,0.0,979.0,0.0,2968.602
2026-05-19 16:12:22.410,60500,979.0,0.0,979.0,0.0,2968.602
2026-05-19 16:12:22.520,60750,979.0,0.0,979.0,0.0,2968.602
2026-05-19 16:12:22.522,61000,979.0,0.0,979.0,0.0,2968.602
2026-05-19 16:12:22.524,61250,979.0,0.0,979.0,0.0,2968.602
2026-05-19 16:12:22.526,61500,979.0,0.0,979.0,0.0,2968.602
2026-05-19 16:12:22.634,61750,979.0,0.0,979.0,0.0,2968.602
2026-05-19 16:12:22.637,62000,979.0,0.0,979.0,0.0,2968.602
2026-05-19 16:12:22.639,62250,979.0,0.0,979.0,0.0,2968.602
2026-05-19 16:12:22.641,62500,979.0,0.0,979.0,0.0,2968.602
2026-05-19 16:12:22.752,62750,979.0,0.0,979.0,0.0,2968.602
2026-05-19 16:12:22.753,63000,979.0,0.0,979.0,0.0,2968.602
2026-05-19 16:12:22.755,63250,917.717,1.350757908963,917.404,21.271,2922.145
2026-05-19 16:12:22.757,63500,979.0,0.0,979.0,0.0,2736.319
2026-05-19 16:12:22.862,63750,979.0,0.0,979.0,0.0,2736.319
2026-05-19 16:12:22.863,64000,979.0,0.0,979.0,0.0,2736.319
2026-05-19 16:12:22.864,64250,979.0,0.0,979.0,0.0,2736.319
2026-05-19 16:12:22.868,64500,979.0,0.0,979.0,0.0,2736.319
2026-05-19 16:12:22.978,64750,979.0,0.0,979.0,0.0,2736.319
2026-05-19 16:12:22.979,65000,979.0,0.0,979.0,0.0,2736.319
2026-05-19 16:12:22.980,65250,979.0,0.0,979.0,0.0,2736.319
2026-05-19 16:12:22.983,65500,979.0,0.0,979.0,0.0,2736.319
2026-05-19 16:12:23.096,65750,979.0,0.0,979.0,0.0,2736.319
2026-05-19 16:12:23.098,66000,979.0,0.0,979.0,0.0,2736.319
2026-05-19 16:12:23.099,66250,979.0,0.0,979.0,0.0,2736.319
2026-05-19 16:12:23.101,66500,979.0,0.0,979.0,0.0,2736.319
2026-05-19 16:12:23.219,66750,979.0,0.0,979.0,0.0,2736.319
2026-05-19 16:12:23.221,67000,979.0,0.0,979.0,0.0,2736.319
2026-05-19 16:12:23.223,67250,961.525,0.42835179269,961.4,6.664,2540.946
2026-05-19 16:12:23.225,67500,979.0,0.0,979.0,0.0,2492.103
2026-05-19 16:12:23.227,67750,979.0,0.0,979.0,0.0,2492.103
2026-05-19 16:12:23.334,68000,979.0,0.0,979.0,0.0,2492.103
2026-05-19 16:12:23.335,68250,979.0,0.0,979.0,0.0,2492.103
2026-05-19 16:12:23.335,68500,952.176,-3.340650397835,949.532,-54.389,2563.652
2026-05-19 16:12:23.335,68750,934.294,-5.567750663059,929.886,-90.648,2611.351
2026-05-19 16:12:23.451,69000,934.294,-5.567750663059,929.886,-90.648,2611.351
2026-05-19 16:12:23.452,69250,979.0,0.0,979.0,0.0,2611.351
2026-05-19 16:12:23.452,69500,979.0,0.0,979.0,0.0,2611.351
2026-05-19 16:12:23.453,69750,979.0,0.0,979.0,0.0,2611.351
2026-05-19 16:12:23.562,70000,979.0,0.0,979.0,0.0,2611.351
2026-05-19 16:12:23.564,70250,979.0,0.0,979.0,0.0,2611.351
2026-05-19 16:12:23.566,70500,979.0,0.0,979.0,0.0,2611.351
2026-05-19 16:12:23.568,70750,979.0,0.0,979.0,0.0,2611.351
2026-05-19 16:12:23.678,71000,979.0,0.0,979.0,0.0,2611.351
2026-05-19 16:12:23.679,71250,979.0,0.0,979.0,0.0,2611.351
2026-05-19 16:12:23.679,71500,979.0,0.0,979.0,0.0,2611.351
2026-05-19 16:12:23.680,71750,999.893,-0.673625436652,999.519,-12.731,2560.994
2026-05-19 16:12:23.795,72000,923.946,-6.023390614508,918.845,-96.954,2359.568
2026-05-19 16:12:23.795,72250,1037.334,6.023390614508,1031.607,108.852,2226.878
2026-05-19 16:12:23.796,72500,1037.334,6.023390614508,1031.607,108.852,2226.878
2026-05-19 16:12:23.796,72750,979.0,0.0,979.0,0.0,2226.878
2026-05-19 16:12:23.900,73000,979.0,0.0,979.0,0.0,2226.878
2026-05-19 16:12:23.900,73250,979.0,0.0,979.0,0.0,2226.878
2026-05-19 16:12:23.901,73500,979.0,0.0,979.0,0.0,2226.878
2026-05-19 16:12:23.901,73750,979.0,0.0,979.0,0.0,2226.878
2026-05-19 16:12:24.019,74000,979.0,0.0,979.0,0.0,2226.878
2026-05-19 16:12:24.019,74250,979.0,0.0,979.0,0.0,2226.878
2026-05-19 16:12:24.020,74500,979.0,0.0,979.0,0.0,2226.878
2026-05-19 16:12:24.020,74750,979.0,0.0,979.0,0.0,2226.878
2026-05-19 16:12:24.129,75000,979.0,0.0,979.0,0.0,2226.878
2026-05-19 16:12:24.130,75250,979.0,0.0,979.0,0.0,2226.878
2026-05-19 16:12:24.131,75500,979.0,0.0,979.0,0.0,2226.878
2026-05-19 16:12:24.131,75750,979.0,0.0,979.0,0.0,2226.878
2026-05-19 16:12:24.131,76000,979.0,0.0,979.0,0.0,2226.878
2026-05-19 16:12:24.247,76250,979.0,0.0,979.0,0.0,2226.878
2026-05-19 16:12:24.247,76500,979.0,0.0,979.0,0.0,2226.878
2026-05-19 16:12:24.248,76750,979.0,0.0,979.0,0.0,2226.878
2026-05-19 16:12:24.248,77000,979.0,0.0,979.0,0.0,2226.878
2026-05-19 16:12:24.249,77250,979.0,0.0,979.0,0.0,2226.878
2026-05-19 16:12:24.363,77500,979.0,0.0,979.0,0.0,2226.878
2026-05-19 16:12:24.364,77750,979.0,0.0,979.0,0.0,1996.867
2026-05-19 16:12:24.364,78000,979.0,0.0,979.0,0.0,1996.867
2026-05-19 16:12:24.365,78250,979.0,0.0,979.0,0.0,1996.867
2026-05-19 16:12:24.365,78500,979.0,0.0,979.0,0.0,1996.867
2026-05-19 16:12:24.479,78750,979.0,0.0,979.0,0.0,1996.867
2026-05-19 16:12:24.480,79000,979.0,0.0,979.0,0.0,1996.867
2026-05-19 16:12:24.480,79250,979.0,0.0,979.0,0.0,1996.867
2026-05-19 16:12:24.481,79500,979.0,0.0,979.0,0.0,1996.867
2026-05-19 16:12:24.481,79750,979.0,0.0,979.0,0.0,1996.867
2026-05-19 16:12:24.591,80000,979.0,0.0,979.0,0.0,1996.867
2026-05-19 16:12:24.591,80250,979.0,0.0,979.0,0.0,1996.867
2026-05-19 16:12:24.591,80500,979.0,0.0,979.0,0.0,1996.867
2026-05-19 16:12:24.592,80750,979.0,0.0,979.0,0.0,1996.867
2026-05-19 16:12:24.592,81000,979.0,0.0,979.0,0.0,1996.867
2026-05-19 16:12:24.699,81250,979.0,0.0,979.0,0.0,1996.867
2026-05-19 16:12:24.700,81500,990.305,1.335159940683,988.901,24.076,1975.067
2026-05-19 16:12:24.700,81750,979.0,0.0,979.0,0.0,1996.867
2026-05-19 16:12:24.701,82000,979.0,0.0,979.0,0.0,1887.867
2026-05-19 16:12:24.810,82250,979.0,0.0,979.0,0.0,1887.867
2026-05-19 16:12:24.811,82500,979.0,0.0,979.0,0.0,1887.867
2026-05-19 16:12:24.811,82750,979.0,0.0,979.0,0.0,1887.867
2026-05-19 16:12:24.812,83000,979.0,0.0,979.0,0.0,1887.867
2026-05-19 16:12:24.812,83250,1005.598,-0.648009129538,1005.242,-12.57,1842.71
2026-05-19 16:12:24.924,83500,979.0,0.0,979.0,0.0,1662.085
2026-05-19 16:12:24.924,83750,979.0,0.0,979.0,0.0,1662.085
2026-05-19 16:12:24.925,84000,979.0,0.0,979.0,0.0,1662.085
2026-05-19 16:12:24.927,84250,979.0,0.0,979.0,0.0,1662.085
2026-05-19 16:12:24.927,84500,979.0,0.0,979.0,0.0,1662.085
2026-05-19 16:12:25.033,84750,979.0,0.0,979.0,0.0,1662.085
2026-05-19 16:12:25.034,85000,979.0,0.0,979.0,0.0,1662.085
2026-05-19 16:12:25.034,85250,979.0,0.0,979.0,0.0,1662.085
2026-05-19 16:12:25.035,85500,979.0,0.0,979.0,0.0,1662.085
2026-05-19 16:12:25.035,85750,979.0,0.0,979.0,0.0,1662.085
2026-05-19 16:12:25.151,86000,979.0,0.0,979.0,0.0,1662.085
2026-05-19 16:12:25.152,86250,979.0,0.0,979.0,0.0,1662.085
2026-05-19 16:12:25.153,86500,979.0,0.0,979.0,0.0,1662.085
2026-05-19 16:12:25.153,86750,979.0,0.0,979.0,0.0,1662.085
2026-05-19 16:12:25.154,87000,979.0,0.0,979.0,0.0,1662.085
2026-05-19 16:12:25.264,87250,979.0,0.0,979.0,0.0,1662.085
2026-05-19 16:12:25.264,87500,979.0,0.0,979.0,0.0,1662.085
2026-05-19 16:12:25.264,87750,979.0,0.0,979.0,0.0,1662.085
2026-05-19 16:12:25.265,88000,979.0,0.0,979.0,0.0,1662.085
2026-05-19 16:12:25.265,88250,979.0,0.0,979.0,0.0,1662.085
2026-05-19 16:12:25.375,88500,979.0,0.0,979.0,0.0,1662.085
2026-05-19 16:12:25.375,88750,979.0,0.0,979.0,0.0,1662.085
2026-05-19 16:12:25.375,89000,979.0,0.0,979.0,0.0,1662.085
2026-05-19 16:12:25.376,89250,979.0,0.0,979.0,0.0,1436.336
2026-05-19 16:12:25.376,89500,979.0,0.0,979.0,0.0,1436.336
2026-05-19 16:12:25.495,89750,979.0,0.0,979.0,0.0,1436.336
2026-05-19 16:12:25.495,90000,979.0,0.0,979.0,0.0,1436.336
2026-05-19 16:12:25.496,90250,979.0,0.0,979.0,0.0,1436.336
2026-05-19 16:12:25.496,90500,948.536,-3.960797427076,943.156,-62.102,1369.293
2026-05-19 16:12:25.496,90750,979.0,0.0,979.0,0.0,1324.598
2026-05-19 16:12:25.609,91000,979.0,0.0,979.0,0.0,1324.598
2026-05-19 16:12:25.610,91250,979.0,0.0,979.0,0.0,1324.598
2026-05-19 16:12:25.610,91500,979.0,0.0,979.0,0.0,1324.598
2026-05-19 16:12:25.611,91750,979.0,0.0,979.0,0.0,1324.598
2026-05-19 16:12:25.611,92000,979.0,0.0,979.0,0.0,1324.598
2026-05-19 16:12:25.721,92250,979.0,0.0,979.0,0.0,1324.598
2026-05-19 16:12:25.721,92500,979.0,0.0,979.0,0.0,1324.598
2026-05-19 16:12:25.721,92750,979.0,0.0,979.0,0.0,1324.598
2026-05-19 16:12:25.722,93000,979.0,0.0,979.0,0.0,1324.598
2026-05-19 16:12:25.722,93250,979.0,0.0,979.0,0.0,1324.598
2026-05-19 16:12:25.836,93500,979.0,0.0,979.0,0.0,1324.598
2026-05-19 16:12:25.836,93750,979.0,0.0,979.0,0.0,1324.598
2026-05-19 16:12:25.837,94000,979.0,0.0,979.0,0.0,1324.598
2026-05-19 16:12:25.837,94250,979.0,0.0,979.0,0.0,1324.598
2026-05-19 16:12:25.838,94500,979.0,0.0,979.0,0.0,1324.598
2026-05-19 16:12:25.947,94750,979.0,0.0,979.0,0.0,1324.598
2026-05-19 16:12:25.947,95000,979.0,0.0,979.0,0.0,1324.598
2026-05-19 16:12:25.948,95250,979.0,0.0,979.0,0.0,1324.598
2026-05-19 16:12:25.948,95500,979.0,0.0,979.0,0.0,1070.507
2026-05-19 16:12:25.948,95750,979.0,0.0,979.0,0.0,1070.507
2026-05-19 16:12:26.069,96000,979.0,0.0,979.0,0.0,1070.507
2026-05-19 16:12:26.070,96250,979.0,0.0,979.0,0.0,1070.507
2026-05-19 16:12:26.070,96500,979.0,0.0,979.0,0.0,1070.507
2026-05-19 16:12:26.071,96750,979.0,0.0,979.0,0.0,1070.507
2026-05-19 16:12:26.071,97000,979.0,0.0,979.0,0.0,1070.507
2026-05-19 16:12:26.189,97250,979.0,0.0,979.0,0.0,1070.507
2026-05-19 16:12:26.190,97500,979.0,0.0,979.0,0.0,1070.507
2026-05-19 16:12:26.190,97750,979.0,0.0,979.0,0.0,1070.507
2026-05-19 16:12:26.191,98000,979.0,0.0,979.0,0.0,1070.507
2026-05-19 16:12:26.191,98250,979.0,0.0,979.0,0.0,1070.507
2026-05-19 16:12:26.304,98500,979.0,0.0,979.0,0.0,1070.507
2026-05-19 16:12:26.305,98750,979.0,0.0,979.0,0.0,1070.507
2026-05-19 16:12:26.305,99000,979.0,0.0,979.0,0.0,1070.507
2026-05-19 16:12:26.306,99250,979.0,0.0,979.0,0.0,1070.507
2026-05-19 16:12:26.306,99500,979.0,0.0,979.0,0.0,1070.507
2026-05-19 16:12:26.420,99750,979.0,0.0,979.0,0.0,1070.507
2026-05-19 16:12:26.421,100000,979.0,0.0,979.0,0.0,1070.507
2026-05-19 16:12:26.994,10000,979.0,0.0,979.0,0.0,9286.314
2026-05-19 16:12:27.109,10250,979.0,0.0,979.0,0.0,9286.314
2026-05-19 16:12:27.226,10500,979.0,0.0,979.0,0.0,9286.314
2026-05-19 16:12:27.342,10750,973.265,1.248790916917,972.977,21.179,9341.111
2026-05-19 16:12:27.569,11000,979.0,0.0,979.0,0.0,9354.811
2026-05-19 16:12:27.682,11250,973.792,-0.089159180113,973.786,-1.483,9155.734
2026-05-19 16:12:27.800,11500,975.908,0.591963267064,975.778,10.034,9134.955
2026-05-19 16:12:27.915,11750,979.0,0.0,979.0,0.0,9178.44
2026-05-19 16:12:28.031,12000,979.0,0.0,979.0,0.0,9178.44
2026-05-19 16:12:28.146,12250,979.0,0.0,979.0,0.0,9178.44
2026-05-19 16:12:28.250,12500,984.05,0.103550263185,984.042,1.815,9211.704
2026-05-19 16:12:28.369,12750,999.2,0.414201052739,999.167,7.26,9072.037
2026-05-19 16:12:28.484,13000,977.169,0.287603676373,977.108,4.868,9042.516
2026-05-19 16:12:28.704,13250,979.0,0.0,979.0,0.0,9110.657
2026-05-19 16:12:28.807,13500,979.0,0.0,979.0,0.0,9110.657
2026-05-19 16:12:28.912,13750,979.0,0.0,979.0,0.0,9110.657
2026-05-19 16:12:29.019,14000,979.0,0.0,979.0,0.0,8971.41
2026-05-19 16:12:29.131,14250,979.0,0.0,979.0,0.0,8971.41
2026-05-19 16:12:29.240,14500,979.0,0.0,979.0,0.0,8971.41
2026-05-19 16:12:29.346,14750,972.049,0.914447904017,971.844,15.438,9035.867
2026-05-19 16:12:29.457,15000,994.376,0.417832049251,994.35,7.251,8938.448
2026-05-19 16:12:29.457,15250,979.0,0.0,979.0,0.0,8938.448
2026-05-19 16:12:29.570,15500,979.0,0.0,979.0,0.0,8938.448
2026-05-19 16:12:29.690,15750,979.0,0.0,979.0,0.0,9052.108
2026-05-19 16:12:29.804,16000,979.0,0.0,979.0,0.0,8828.731
2026-05-19 16:12:29.919,16250,979.0,0.0,979.0,0.0,8828.731
2026-05-19 16:12:30.031,16500,983.069,-0.444402313849,982.994,-7.672,8883.766
2026-05-19 16:12:30.135,16750,955.291,-0.778640438833,955.203,-12.982,8920.457
2026-05-19 16:12:30.136,17000,979.0,0.0,979.0,0.0,8704.426
2026-05-19 16:12:30.251,17250,944.79,0.019041133826,944.714,0.225,8783.655
2026-05-19 16:12:30.369,17500,984.108,0.179609787901,984.083,3.149,8791.542
2026-05-19 16:12:30.489,17750,979.0,0.0,979.0,0.0,8611.81
2026-05-19 16:12:30.490,18000,979.0,0.0,979.0,0.0,8611.81
2026-05-19 16:12:30.605,18250,975.67,0.297188514811,975.605,4.991,8415.028
2026-05-19 16:12:30.714,18500,979.0,0.0,979.0,0.0,8531.103
2026-05-19 16:12:30.830,18750,979.0,0.0,979.0,0.0,8531.103
2026-05-19 16:12:30.831,19000,989.022,0.401355386923,988.96,7.033,8445.951
2026-05-19 16:12:30.944,19250,975.594,0.277572172232,975.538,4.66,8347.675
2026-05-19 16:12:31.070,19500,974.152,-0.217733426676,974.117,-3.628,8297.795
2026-05-19 16:12:31.071,19750,969.304,-0.435466853352,969.235,-7.256,8339.717
2026-05-19 16:12:31.177,20000,979.0,0.0,979.0,0.0,8255.872
2026-05-19 16:12:31.299,20250,979.0,0.0,979.0,0.0,8255.872
2026-05-19 16:12:31.300,20500,979.0,0.0,979.0,0.0,8055.627
2026-05-19 16:12:31.406,20750,979.0,0.0,979.0,0.0,8210.115
2026-05-19 16:12:31.520,21000,959.182,-1.005522859644,959.034,-16.832,8210.115
2026-05-19 16:12:31.625,21250,979.0,0.0,979.0,0.0,8043.919
2026-05-19 16:12:31.625,21500,979.0,0.0,979.0,0.0,8043.919
2026-05-19 16:12:31.730,21750,979.0,0.0,979.0,0.0,7856.622
2026-05-19 16:12:31.842,22000,979.0,0.0,979.0,0.0,8030.595
2026-05-19 16:12:31.843,22250,979.0,0.0,979.0,0.0,8030.595
2026-05-19 16:12:31.954,22500,979.0,0.0,979.0,0.0,7842.522
2026-05-19 16:12:32.070,22750,979.0,0.0,979.0,0.0,7842.522
2026-05-19 16:12:32.070,23000,979.0,0.0,979.0,0.0,7658.862
2026-05-19 16:12:32.175,23250,979.0,0.0,979.0,0.0,7658.862
2026-05-19 16:12:32.175,23500,979.0,0.0,979.0,0.0,7658.862
2026-05-19 16:12:32.289,23750,974.298,0.247910983608,974.253,4.134,7535.657
2026-05-19 16:12:32.399,24000,979.0,0.0,979.0,0.0,7683.264
2026-05-19 16:12:32.400,24250,979.0,0.0,979.0,0.0,7515.704
2026-05-19 16:12:32.515,24500,979.0,0.0,979.0,0.0,7515.704
2026-05-19 16:12:32.515,24750,979.0,0.0,979.0,0.0,7515.704
2026-05-19 16:12:32.631,25000,979.0,0.0,979.0,0.0,7360.845
2026-05-19 16:12:32.632,25250,979.0,0.0,979.0,0.0,7360.845
2026-05-19 16:12:32.747,25500,979.0,0.0,979.0,0.0,7206.363
2026-05-19 16:12:32.747,25750,979.0,0.0,979.0,0.0,7206.363
2026-05-19 16:12:32.870,26000,979.0,0.0,979.0,0.0,7206.363
2026-05-19 16:12:32.980,26250,979.0,0.0,979.0,0.0,7078.333
2026-05-19 16:12:32.980,26500,982.984,0.339432596033,982.896,5.917,7050.105
2026-05-19 16:12:33.089,26750,979.0,0.0,979.0,0.0,6937.194
2026-05-19 16:12:33.091,27000,979.0,0.0,979.0,0.0,6937.194
2026-05-19 16:12:33.200,27250,982.819,0.34746840231,982.727,6.052,6910.653
2026-05-19 16:12:33.200,27500,979.0,0.0,979.0,0.0,6804.488
2026-05-19 16:12:33.315,27750,979.0,0.0,979.0,0.0,6804.488
2026-05-19 16:12:33.316,28000,979.0,0.0,979.0,0.0,6670.342
2026-05-19 16:12:33.419,28250,979.0,0.0,979.0,0.0,6670.342
2026-05-19 16:12:33.420,28500,979.0,0.0,979.0,0.0,6670.342
2026-05-19 16:12:33.531,28750,979.0,0.0,979.0,0.0,6557.083
2026-05-19 16:12:33.531,29000,979.0,0.0,979.0,0.0,6557.083
2026-05-19 16:12:33.647,29250,979.0,0.0,979.0,0.0,6439.888
2026-05-19 16:12:33.648,29500,979.0,0.0,979.0,0.0,6439.888
2026-05-19 16:12:33.769,29750,979.0,0.0,979.0,0.0,6439.888
2026-05-19 16:12:33.770,30000,979.0,0.0,979.0,0.0,6329.513
2026-05-19 16:12:33.888,30250,979.0,0.0,979.0,0.0,6329.513
2026-05-19 16:12:33.889,30500,979.0,0.0,979.0,0.0,6231.235
2026-05-19 16:12:34.003,30750,979.0,0.0,979.0,0.0,6231.235
2026-05-19 16:12:34.003,31000,979.0,0.0,979.0,0.0,6231.235
2026-05-19 16:12:34.115,31250,979.0,0.0,979.0,0.0,6132.743
2026-05-19 16:12:34.117,31500,979.0,0.0,979.0,0.0,6132.743
2026-05-19 16:12:34.119,31750,991.55,2.244440913935,990.789,38.832,6055.123
2026-05-19 16:12:34.234,32000,940.858,0.706494640387,940.787,11.601,6055.123
2026-05-19 16:12:34.235,32250,979.0,0.0,979.0,0.0,5819.217
2026-05-19 16:12:34.346,32500,979.0,0.0,979.0,0.0,5745.191
2026-05-19 16:12:34.347,32750,979.0,0.0,979.0,0.0,5745.191
2026-05-19 16:12:34.459,33000,979.0,0.0,979.0,0.0,5745.191
2026-05-19 16:12:34.461,33250,979.0,0.0,979.0,0.0,5682.385
2026-05-19 16:12:34.580,33500,979.0,0.0,979.0,0.0,5682.385
2026-05-19 16:12:34.582,33750,979.0,0.0,979.0,0.0,5682.385
2026-05-19 16:12:34.584,34000,979.0,0.0,979.0,0.0,5630.485
2026-05-19 16:12:34.688,34250,979.0,0.0,979.0,0.0,5379.444
2026-05-19 16:12:34.690,34500,979.0,0.0,979.0,0.0,5379.444
2026-05-19 16:12:34.803,34750,979.0,0.0,979.0,0.0,5339.018
2026-05-19 16:12:34.805,35000,979.0,0.0,979.0,0.0,5339.018
2026-05-19 16:12:34.809,35250,979.0,0.0,979.0,0.0,5339.018
2026-05-19 16:12:34.920,35500,979.0,0.0,979.0,0.0,5311.955
2026-05-19 16:12:34.922,35750,934.391,0.237811716413,934.383,3.878,5311.955
2026-05-19 16:12:35.031,36000,979.0,0.0,979.0,0.0,5069.911
2026-05-19 16:12:35.031,36250,979.0,0.0,979.0,0.0,5053.16
2026-05-19 16:12:35.140,36500,979.0,0.0,979.0,0.0,5053.16
2026-05-19 16:12:35.141,36750,979.0,0.0,979.0,0.0,5053.16
2026-05-19 16:12:35.141,37000,979.0,0.0,979.0,0.0,5052.649
2026-05-19 16:12:35.255,37250,979.0,0.0,979.0,0.0,4801.84
2026-05-19 16:12:35.256,37500,979.0,0.0,979.0,0.0,4801.84
2026-05-19 16:12:35.370,37750,979.0,0.0,979.0,0.0,4801.84
2026-05-19 16:12:35.370,38000,979.0,0.0,979.0,0.0,4819.526
2026-05-19 16:12:35.371,38250,979.0,0.0,979.0,0.0,4819.526
2026-05-19 16:12:35.489,38500,979.0,0.0,979.0,0.0,4819.526
2026-05-19 16:12:35.489,38750,979.0,0.0,979.0,0.0,4591.487
2026-05-19 16:12:35.489,39000,979.0,0.0,979.0,0.0,4591.487
2026-05-19 16:12:35.604,39250,979.0,0.0,979.0,0.0,4591.487
2026-05-19 16:12:35.604,39500,979.0,0.0,979.0,0.0,4591.487
2026-05-19 16:12:35.707,39750,979.0,0.0,979.0,0.0,4637.368
2026-05-19 16:12:35.708,40000,979.0,0.0,979.0,0.0,4380.519
2026-05-19 16:12:35.708,40250,979.0,0.0,979.0,0.0,4380.519
2026-05-19 16:12:35.811,40500,979.0,0.0,979.0,0.0,4380.519
2026-05-19 16:12:35.811,40750,979.0,0.0,979.0,0.0,4380.519
2026-05-19 16:12:35.915,41000,979.0,0.0,979.0,0.0,4449.44
2026-05-19 16:12:35.915,41250,979.0,0.0,979.0,0.0,4262.566
2026-05-19 16:12:35.916,41500,979.0,0.0,979.0,0.0,4262.566
2026-05-19 16:12:36.033,41750,960.683,3.218750224387,959.168,53.941,4343.838
2026-05-19 16:12:36.033,42000,979.0,0.0,979.0,0.0,4343.838
2026-05-19 16:12:36.146,42250,979.0,0.0,979.0,0.0,4343.838
2026-05-19 16:12:36.147,42500,979.0,0.0,979.0,0.0,4101.722
2026-05-19 16:12:36.147,42750,979.0,0.0,979.0,0.0,4101.722
2026-05-19 16:12:36.270,43000,979.0,0.0,979.0,0.0,4101.722
2026-05-19 16:12:36.270,43250,979.0,0.0,979.0,0.0,4198.29
2026-05-19 16:12:36.271,43500,979.0,0.0,979.0,0.0,4198.29
2026-05-19 16:12:36.389,43750,979.0,0.0,979.0,0.0,3960.624
2026-05-19 16:12:36.390,44000,979.0,0.0,979.0,0.0,3960.624
2026-05-19 16:12:36.390,44250,979.0,0.0,979.0,0.0,3960.624
2026-05-19 16:12:36.390,44500,979.0,0.0,979.0,0.0,3960.624
2026-05-19 16:12:36.494,44750,979.0,0.0,979.0,0.0,4081.427
2026-05-19 16:12:36.495,45000,979.0,0.0,979.0,0.0,3861.35
2026-05-19 16:12:36.609,45250,979.0,0.0,979.0,0.0,3861.35
2026-05-19 16:12:36.610,45500,979.0,0.0,979.0,0.0,3861.35
2026-05-19 16:12:36.610,45750,979.0,0.0,979.0,0.0,3861.35
2026-05-19 16:12:36.725,46000,979.0,0.0,979.0,0.0,3655.855
2026-05-19 16:12:36.725,46250,987.963,-0.729824856192,987.548,-13.032,3789.732
2026-05-19 16:12:36.726,46500,979.0,0.0,979.0,0.0,3823.201
2026-05-19 16:12:36.842,46750,979.0,0.0,979.0,0.0,3823.201
2026-05-19 16:12:36.842,47000,979.0,0.0,979.0,0.0,3823.201
2026-05-19 16:12:36.843,47250,979.0,0.0,979.0,0.0,3625.638
2026-05-19 16:12:36.843,47500,979.0,0.0,979.0,0.0,3625.638
2026-05-19 16:12:36.952,47750,979.0,0.0,979.0,0.0,3625.638
2026-05-19 16:12:36.952,48000,979.0,0.0,979.0,0.0,3625.638
2026-05-19 16:12:37.069,48250,979.0,0.0,979.0,0.0,3625.638
2026-05-19 16:12:37.070,48500,979.0,0.0,979.0,0.0,3618.973
2026-05-19 16:12:37.070,48750,979.0,0.0,979.0,0.0,3618.973
2026-05-19 16:12:37.070,49000,979.0,0.0,979.0,0.0,3618.973
2026-05-19 16:12:37.179,49250,979.0,0.0,979.0,0.0,3618.973
2026-05-19 16:12:37.180,49500,939.843,-2.480589274335,938.753,-40.247,3582.785
2026-05-19 16:12:37.180,49750,979.0,0.0,979.0,0.0,3438.037
2026-05-19 16:12:37.293,50000,979.0,0.0,979.0,0.0,3438.037
2026-05-19 16:12:37.294,50250,979.0,0.0,979.0,0.0,3438.037
2026-05-19 16:12:37.294,50500,979.0,0.0,979.0,0.0,3438.037
2026-05-19 16:12:37.405,50750,979.0,0.0,979.0,0.0,3438.037
2026-05-19 16:12:37.406,51000,979.0,0.0,979.0,0.0,3448.719
2026-05-19 16:12:37.406,51250,979.0,0.0,979.0,0.0,3448.719
2026-05-19 16:12:37.516,51500,979.0,0.0,979.0,0.0,3448.719
2026-05-19 16:12:37.516,51750,979.0,0.0,979.0,0.0,3448.719
2026-05-19 16:12:37.517,52000,979.0,0.0,979.0,0.0,3448.719
2026-05-19 16:12:37.517,52250,962.666,-1.462355302139,961.902,-23.928,3362.408
2026-05-19 16:12:37.630,52500,979.0,0.0,979.0,0.0,3304.868
2026-05-19 16:12:37.630,52750,979.0,0.0,979.0,0.0,3304.868
2026-05-19 16:12:37.631,53000,979.0,0.0,979.0,0.0,3304.868
2026-05-19 16:12:37.747,53250,979.0,0.0,979.0,0.0,3304.868
2026-05-19 16:12:37.748,53500,979.0,0.0,979.0,0.0,3304.868
2026-05-19 16:12:37.748,53750,942.394,-3.779760395,940.344,-62.124,3304.868
2026-05-19 16:12:37.749,54000,979.0,0.0,979.0,0.0,3181.295
2026-05-19 16:12:37.856,54250,979.0,0.0,979.0,0.0,3181.295
2026-05-19 16:12:37.857,54500,979.0,0.0,979.0,0.0,3181.295
2026-05-19 16:12:37.857,54750,979.0,0.0,979.0,0.0,3181.295
2026-05-19 16:12:37.974,55000,979.0,0.0,979.0,0.0,3181.295
2026-05-19 16:12:37.974,55250,979.0,0.0,979.0,0.0,3181.295
2026-05-19 16:12:37.974,55500,944.564,-4.202265832369,942.024,-69.215,3181.295
2026-05-19 16:12:37.975,55750,979.0,0.0,979.0,0.0,3069.393
2026-05-19 16:12:38.089,56000,979.0,0.0,979.0,0.0,3069.393
2026-05-19 16:12:38.090,56250,979.0,0.0,979.0,0.0,3069.393
2026-05-19 16:12:38.090,56500,979.0,0.0,979.0,0.0,3069.393
2026-05-19 16:12:38.206,56750,979.0,0.0,979.0,0.0,3069.393
2026-05-19 16:12:38.209,57000,979.0,0.0,979.0,0.0,3069.393
2026-05-19 16:12:38.209,57250,979.0,0.0,979.0,0.0,3069.393
2026-05-19 16:12:38.210,57500,979.0,0.0,979.0,0.0,3069.393
2026-05-19 16:12:38.320,57750,979.0,0.0,979.0,0.0,3069.393
2026-05-19 16:12:38.322,58000,937.022,6.321979856173,931.324,103.181,3206.9
2026-05-19 16:12:38.323,58250,906.252,1.463962538707,905.957,23.153,3206.9
2026-05-19 16:12:38.435,58500,979.0,0.0,979.0,0.0,3206.9
2026-05-19 16:12:38.436,58750,999.799,4.369904778779,996.892,76.18,3140.187
2026-05-19 16:12:38.436,59000,999.799,4.369904778779,996.892,76.18,3140.187
2026-05-19 16:12:38.436,59250,979.0,0.0,979.0,0.0,3140.187
2026-05-19 16:12:38.551,59500,958.634,-4.369904778779,955.847,-73.043,3206.9
2026-05-19 16:12:38.553,59750,1035.586,-5.833867317486,1030.223,-105.261,2968.602
2026-05-19 16:12:38.553,60000,979.0,0.0,979.0,0.0,2968.602
2026-05-19 16:12:38.670,60250,979.0,0.0,979.0,0.0,2968.602
2026-05-19 16:12:38.671,60500,979.0,0.0,979.0,0.0,2968.602
2026-05-19 16:12:38.671,60750,979.0,0.0,979.0,0.0,2968.602
2026-05-19 16:12:38.671,61000,979.0,0.0,979.0,0.0,2968.602
2026-05-19 16:12:38.672,61250,979.0,0.0,979.0,0.0,2968.602
2026-05-19 16:12:38.790,61500,979.0,0.0,979.0,0.0,2968.602
2026-05-19 16:12:38.790,61750,979.0,0.0,979.0,0.0,2968.602
2026-05-19 16:12:38.791,62000,979.0,0.0,979.0,0.0,2968.602
2026-05-19 16:12:38.791,62250,979.0,0.0,979.0,0.0,2968.602
2026-05-19 16:12:38.905,62500,979.0,0.0,979.0,0.0,2968.602
2026-05-19 16:12:38.906,62750,979.0,0.0,979.0,0.0,2968.602
2026-05-19 16:12:38.906,63000,979.0,0.0,979.0,0.0,2968.602
2026-05-19 16:12:38.907,63250,933.038,1.013068431722,932.803,15.953,2875.689
2026-05-19 16:12:39.017,63500,979.0,0.0,979.0,0.0,2736.319
2026-05-19 16:12:39.017,63750,979.0,0.0,979.0,0.0,2736.319
2026-05-19 16:12:39.018,64000,979.0,0.0,979.0,0.0,2736.319
2026-05-19 16:12:39.018,64250,979.0,0.0,979.0,0.0,2736.319
2026-05-19 16:12:39.131,64500,979.0,0.0,979.0,0.0,2736.319
2026-05-19 16:12:39.132,64750,979.0,0.0,979.0,0.0,2736.319
2026-05-19 16:12:39.132,65000,979.0,0.0,979.0,0.0,2736.319
2026-05-19 16:12:39.133,65250,979.0,0.0,979.0,0.0,2736.319
2026-05-19 16:12:39.236,65500,979.0,0.0,979.0,0.0,2736.319
2026-05-19 16:12:39.236,65750,979.0,0.0,979.0,0.0,2736.319
2026-05-19 16:12:39.237,66000,979.0,0.0,979.0,0.0,2736.319
2026-05-19 16:12:39.237,66250,979.0,0.0,979.0,0.0,2736.319
2026-05-19 16:12:39.346,66500,979.0,0.0,979.0,0.0,2736.319
2026-05-19 16:12:39.347,66750,979.0,0.0,979.0,0.0,2736.319
2026-05-19 16:12:39.347,67000,979.0,0.0,979.0,0.0,2736.319
2026-05-19 16:12:39.348,67250,961.525,0.42835179269,961.4,6.664,2540.946
2026-05-19 16:12:39.457,67500,979.0,0.0,979.0,0.0,2492.103
2026-05-19 16:12:39.457,67750,979.0,0.0,979.0,0.0,2492.103
2026-05-19 16:12:39.458,68000,979.0,0.0,979.0,0.0,2492.103
2026-05-19 16:12:39.459,68250,979.0,0.0,979.0,0.0,2492.103
2026-05-19 16:12:39.565,68500,952.176,-3.340650397835,949.532,-54.389,2563.652
2026-05-19 16:12:39.567,68750,934.294,-5.567750663059,929.886,-90.648,2611.351
2026-05-19 16:12:39.568,69000,934.294,-5.567750663059,929.886,-90.648,2611.351
2026-05-19 16:12:39.569,69250,979.0,0.0,979.0,0.0,2611.351
2026-05-19 16:12:39.685,69500,979.0,0.0,979.0,0.0,2611.351
2026-05-19 16:12:39.686,69750,979.0,0.0,979.0,0.0,2611.351
2026-05-19 16:12:39.686,70000,979.0,0.0,979.0,0.0,2611.351
2026-05-19 16:12:39.687,70250,979.0,0.0,979.0,0.0,2611.351
2026-05-19 16:12:39.789,70500,979.0,0.0,979.0,0.0,2611.351
2026-05-19 16:12:39.790,70750,979.0,0.0,979.0,0.0,2611.351
2026-05-19 16:12:39.790,71000,979.0,0.0,979.0,0.0,2611.351
2026-05-19 16:12:39.895,71250,979.0,0.0,979.0,0.0,2611.351
2026-05-19 16:12:39.895,71500,979.0,0.0,979.0,0.0,2611.351
2026-05-19 16:12:39.896,71750,999.893,-0.673625436652,999.519,-12.731,2560.994
2026-05-19 16:12:39.898,72000,923.946,-6.023390614508,918.845,-96.954,2359.568
2026-05-19 16:12:40.003,72250,1025.667,4.818712491606,1021.086,87.082,2253.416
2026-05-19 16:12:40.004,72500,1037.334,6.023390614508,1031.607,108.852,2226.878
2026-05-19 16:12:40.004,72750,979.0,0.0,979.0,0.0,2226.878
2026-05-19 16:12:40.005,73000,979.0,0.0,979.0,0.0,2226.878
2026-05-19 16:12:40.116,73250,979.0,0.0,979.0,0.0,2226.878
2026-05-19 16:12:40.117,73500,979.0,0.0,979.0,0.0,2226.878
2026-05-19 16:12:40.117,73750,979.0,0.0,979.0,0.0,2226.878
2026-05-19 16:12:40.118,74000,979.0,0.0,979.0,0.0,2226.878
2026-05-19 16:12:40.229,74250,979.0,0.0,979.0,0.0,2226.878
2026-05-19 16:12:40.230,74500,979.0,0.0,979.0,0.0,2226.878
2026-05-19 16:12:40.230,74750,979.0,0.0,979.0,0.0,2226.878
2026-05-19 16:12:40.231,75000,979.0,0.0,979.0,0.0,2226.878
2026-05-19 16:12:40.335,75250,979.0,0.0,979.0,0.0,2226.878
2026-05-19 16:12:40.335,75500,979.0,0.0,979.0,0.0,2226.878
2026-05-19 16:12:40.336,75750,979.0,0.0,979.0,0.0,2226.878
2026-05-19 16:12:40.336,76000,979.0,0.0,979.0,0.0,2226.878
2026-05-19 16:12:40.337,76250,979.0,0.0,979.0,0.0,2226.878
2026-05-19 16:12:40.447,76500,979.0,0.0,979.0,0.0,2226.878
2026-05-19 16:12:40.448,76750,979.0,0.0,979.0,0.0,2226.878
2026-05-19 16:12:40.449,77000,979.0,0.0,979.0,0.0,2226.878
2026-05-19 16:12:40.450,77250,979.0,0.0,979.0,0.0,2226.878
2026-05-19 16:12:40.451,77500,979.0,0.0,979.0,0.0,2226.878
2026-05-19 16:12:40.559,77750,979.0,0.0,979.0,0.0,1996.867
2026-05-19 16:12:40.560,78000,979.0,0.0,979.0,0.0,1996.867
2026-05-19 16:12:40.560,78250,979.0,0.0,979.0,0.0,1996.867
2026-05-19 16:12:40.561,78500,979.0,0.0,979.0,0.0,1996.867
2026-05-19 16:12:40.669,78750,979.0,0.0,979.0,0.0,1996.867
2026-05-19 16:12:40.670,79000,979.0,0.0,979.0,0.0,1996.867
2026-05-19 16:12:40.670,79250,979.0,0.0,979.0,0.0,1996.867
2026-05-19 16:12:40.670,79500,979.0,0.0,979.0,0.0,1996.867
2026-05-19 16:12:40.671,79750,979.0,0.0,979.0,0.0,1996.867
2026-05-19 16:12:40.774,80000,979.0,0.0,979.0,0.0,1996.867
2026-05-19 16:12:40.775,80250,979.0,0.0,979.0,0.0,1996.867
2026-05-19 16:12:40.775,80500,979.0,0.0,979.0,0.0,1996.867
2026-05-19 16:12:40.776,80750,979.0,0.0,979.0,0.0,1996.867
2026-05-19 16:12:40.776,81000,979.0,0.0,979.0,0.0,1996.867
2026-05-19 16:12:40.889,81250,979.0,0.0,979.0,0.0,1996.867
2026-05-19 16:12:40.891,81500,979.0,0.0,979.0,0.0,1996.867
2026-05-19 16:12:40.892,81750,979.0,0.0,979.0,0.0,1996.867
2026-05-19 16:12:40.892,82000,979.0,0.0,979.0,0.0,1887.867
2026-05-19 16:12:40.892,82250,979.0,0.0,979.0,0.0,1887.867
2026-05-19 16:12:40.998,82500,979.0,0.0,979.0,0.0,1887.867
2026-05-19 16:12:40.998,82750,979.0,0.0,979.0,0.0,1887.867
2026-05-19 16:12:40.998,83000,979.0,0.0,979.0,0.0,1887.867
2026-05-19 16:12:40.999,83250,1005.598,-0.648009129538,1005.242,-12.57,1842.71
2026-05-19 16:12:40.999,83500,979.0,0.0,979.0,0.0,1662.085
2026-05-19 16:12:41.104,83750,979.0,0.0,979.0,0.0,1662.085
2026-05-19 16:12:41.105,84000,979.0,0.0,979.0,0.0,1662.085
2026-05-19 16:12:41.105,84250,979.0,0.0,979.0,0.0,1662.085
2026-05-19 16:12:41.110,84500,979.0,0.0,979.0,0.0,1662.085
2026-05-19 16:12:41.213,84750,979.0,0.0,979.0,0.0,1662.085
2026-05-19 16:12:41.214,85000,979.0,0.0,979.0,0.0,1662.085
2026-05-19 16:12:41.214,85250,979.0,0.0,979.0,0.0,1662.085
2026-05-19 16:12:41.214,85500,979.0,0.0,979.0,0.0,1662.085
2026-05-19 16:12:41.215,85750,979.0,0.0,979.0,0.0,1662.085
2026-05-19 16:12:41.330,86000,979.0,0.0,979.0,0.0,1662.085
2026-05-19 16:12:41.331,86250,979.0,0.0,979.0,0.0,1662.085
2026-05-19 16:12:41.331,86500,979.0,0.0,979.0,0.0,1662.085
2026-05-19 16:12:41.332,86750,979.0,0.0,979.0,0.0,1662.085
2026-05-19 16:12:41.332,87000,979.0,0.0,979.0,0.0,1662.085
2026-05-19 16:12:41.445,87250,979.0,0.0,979.0,0.0,1662.085
2026-05-19 16:12:41.446,87500,979.0,0.0,979.0,0.0,1662.085
2026-05-19 16:12:41.446,87750,979.0,0.0,979.0,0.0,1662.085
2026-05-19 16:12:41.446,88000,979.0,0.0,979.0,0.0,1662.085
2026-05-19 16:12:41.447,88250,979.0,0.0,979.0,0.0,1662.085
2026-05-19 16:12:41.557,88500,979.0,0.0,979.0,0.0,1662.085
2026-05-19 16:12:41.557,88750,979.0,0.0,979.0,0.0,1662.085
2026-05-19 16:12:41.558,89000,979.0,0.0,979.0,0.0,1662.085
2026-05-19 16:12:41.558,89250,952.406,0.879700575028,951.908,12.977,1481.485
2026-05-19 16:12:41.559,89500,979.0,0.0,979.0,0.0,1436.336
2026-05-19 16:12:41.674,89750,979.0,0.0,979.0,0.0,1436.336
2026-05-19 16:12:41.675,90000,979.0,0.0,979.0,0.0,1436.336
2026-05-19 16:12:41.675,90250,979.0,0.0,979.0,0.0,1436.336
2026-05-19 16:12:41.676,90500,963.768,-1.980398713538,961.078,-31.051,1346.946
2026-05-19 16:12:41.676,90750,979.0,0.0,979.0,0.0,1324.598
2026-05-19 16:12:41.789,91000,979.0,0.0,979.0,0.0,1324.598
2026-05-19 16:12:41.790,91250,979.0,0.0,979.0,0.0,1324.598
2026-05-19 16:12:41.790,91500,979.0,0.0,979.0,0.0,1324.598
2026-05-19 16:12:41.790,91750,979.0,0.0,979.0,0.0,1324.598
2026-05-19 16:12:41.791,92000,979.0,0.0,979.0,0.0,1324.598
2026-05-19 16:12:41.905,92250,979.0,0.0,979.0,0.0,1324.598
2026-05-19 16:12:41.906,92500,979.0,0.0,979.0,0.0,1324.598
2026-05-19 16:12:41.908,92750,979.0,0.0,979.0,0.0,1324.598
2026-05-19 16:12:41.985,93000,979.0,0.0,979.0,0.0,1324.598
2026-05-19 16:12:41.990,93250,979.0,0.0,979.0,0.0,1324.598
2026-05-19 16:12:41.991,93500,979.0,0.0,979.0,0.0,1324.598
2026-05-19 16:12:41.992,93750,979.0,0.0,979.0,0.0,1324.598
2026-05-19 16:12:41.995,94000,979.0,0.0,979.0,0.0,1324.598
2026-05-19 16:12:42.021,94250,979.0,0.0,979.0,0.0,1324.598
2026-05-19 16:12:42.022,94500,979.0,0.0,979.0,0.0,1324.598
2026-05-19 16:12:42.082,94750,979.0,0.0,979.0,0.0,1324.598
2026-05-19 16:12:42.083,95000,979.0,0.0,979.0,0.0,1324.598
2026-05-19 16:12:42.084,95250,979.0,0.0,979.0,0.0,1324.598
2026-05-19 16:12:42.190,95500,979.0,0.0,979.0,0.0,1070.507
2026-05-19 16:12:42.190,95750,979.0,0.0,979.0,0.0,1070.507
2026-05-19 16:12:42.191,96000,979.0,0.0,979.0,0.0,1070.507
2026-05-19 16:12:42.191,96250,979.0,0.0,979.0,0.0,1070.507
2026-05-19 16:12:42.300,96500,979.0,0.0,979.0,0.0,1070.507
2026-05-19 16:12:42.301,96750,979.0,0.0,979.0,0.0,1070.507
2026-05-19 16:12:42.301,97000,979.0,0.0,979.0,0.0,1070.507
2026-05-19 16:12:42.302,97250,979.0,0.0,979.0,0.0,1070.507
2026-05-19 16:12:42.302,97500,979.0,0.0,979.0,0.0,1070.507
2026-05-19 16:12:42.404,97750,979.0,0.0,979.0,0.0,1070.507
2026-05-19 16:12:42.405,98000,979.0,0.0,979.0,0.0,1070.507
2026-05-19 16:12:42.405,98250,979.0,0.0,979.0,0.0,1070.507
2026-05-19 16:12:42.406,98500,979.0,0.0,979.0,0.0,1070.507
2026-05-19 16:12:42.406,98750,979.0,0.0,979.0,0.0,1070.507
2026-05-19 16:12:42.515,99000,979.0,0.0,979.0,0.0,1070.507
2026-05-19 16:12:42.516,99250,979.0,0.0,979.0,0.0,1070.507
2026-05-19 16:12:42.516,99500,979.0,0.0,979.0,0.0,1070.507
2026-05-19 16:12:42.517,99750,979.0,0.0,979.0,0.0,1070.507
2026-05-19 16:12:42.517,100000,979.0,0.0,979.0,0.0,1070.507
2026-05-19 16:12:43.089,10000,979.0,0.0,979.0,0.0,9286.314
2026-05-19 16:12:43.299,10250,979.0,0.0,979.0,0.0,9286.314
2026-05-19 16:12:43.405,10500,979.0,0.0,979.0,0.0,9286.314
2026-05-19 16:12:43.517,10750,971.832,1.560988646146,971.471,26.474,9354.811
2026-05-19 16:12:43.735,11000,979.0,0.0,979.0,0.0,9354.811
2026-05-19 16:12:43.850,11250,979.0,0.0,979.0,0.0,9105.965
2026-05-19 16:12:43.970,11500,974.362,0.887944900595,974.167,15.051,9149.45
2026-05-19 16:12:44.084,11750,979.0,0.0,979.0,0.0,9178.44
2026-05-19 16:12:44.190,12000,979.0,0.0,979.0,0.0,9178.44
2026-05-19 16:12:44.299,12250,979.0,0.0,979.0,0.0,9178.44
2026-05-19 16:12:44.515,12500,984.05,0.103550263185,984.042,1.815,9211.704
2026-05-19 16:12:44.626,12750,999.2,0.414201052739,999.167,7.26,9072.037
2026-05-19 16:12:44.741,13000,977.169,0.287603676373,977.108,4.868,9042.516
2026-05-19 16:12:44.858,13250,980.848,-0.287603676373,980.786,-4.96,9093.622
2026-05-19 16:12:44.969,13500,979.0,0.0,979.0,0.0,9110.657
2026-05-19 16:12:45.089,13750,979.0,0.0,979.0,0.0,9110.657
2026-05-19 16:12:45.204,14000,979.0,0.0,979.0,0.0,8971.41
2026-05-19 16:12:45.320,14250,979.0,0.0,979.0,0.0,8971.41
2026-05-19 16:12:45.439,14500,979.0,0.0,979.0,0.0,8971.41
2026-05-19 16:12:45.440,14750,974.366,0.609631936012,974.229,10.292,9014.381
2026-05-19 16:12:45.545,15000,994.376,0.417832049251,994.35,7.251,8938.448
2026-05-19 16:12:45.650,15250,979.0,0.0,979.0,0.0,8938.448
2026-05-19 16:12:45.769,15500,979.0,0.0,979.0,0.0,8938.448
2026-05-19 16:12:45.889,15750,979.0,0.0,979.0,0.0,9052.108
2026-05-19 16:12:45.999,16000,979.0,0.0,979.0,0.0,8828.731
2026-05-19 16:12:46.105,16250,979.0,0.0,979.0,0.0,8828.731
2026-05-19 16:12:46.219,16500,981.034,-0.222201156925,980.997,-3.836,8902.111
2026-05-19 16:12:46.220,16750,960.033,-0.622912351066,959.962,-10.385,8877.251
2026-05-19 16:12:46.327,17000,979.0,0.0,979.0,0.0,8704.426
2026-05-19 16:12:46.431,17250,947.64,-0.278150240412,947.552,-4.689,8757.246
2026-05-19 16:12:46.546,17500,979.0,0.0,979.0,0.0,8836.474
2026-05-19 16:12:46.656,17750,979.0,0.0,979.0,0.0,8611.81
2026-05-19 16:12:46.766,18000,979.0,0.0,979.0,0.0,8611.81
2026-05-19 16:12:46.767,18250,979.0,0.0,979.0,0.0,8386.009
2026-05-19 16:12:46.870,18500,979.0,0.0,979.0,0.0,8531.103
2026-05-19 16:12:46.986,18750,979.0,0.0,979.0,0.0,8531.103
2026-05-19 16:12:47.090,19000,984.011,0.200677693461,983.98,3.517,8488.527
2026-05-19 16:12:47.090,19250,975.594,0.277572172232,975.538,4.66,8347.675
2026-05-19 16:12:47.206,19500,969.304,-0.435466853352,969.235,-7.256,8339.717
2026-05-19 16:12:47.320,19750,969.304,-0.435466853352,969.235,-7.256,8339.717
2026-05-19 16:12:47.320,20000,979.0,0.0,979.0,0.0,8255.872
2026-05-19 16:12:47.436,20250,979.0,0.0,979.0,0.0,8255.872
2026-05-19 16:12:47.551,20500,979.0,0.0,979.0,0.0,8055.627
2026-05-19 16:12:47.670,20750,979.0,0.0,979.0,0.0,8210.115
2026-05-19 16:12:47.670,21000,959.182,-1.005522859644,959.034,-16.832,8210.115
2026-05-19 16:12:47.790,21250,979.0,0.0,979.0,0.0,8043.919
2026-05-19 16:12:47.790,21500,979.0,0.0,979.0,0.0,8043.919
2026-05-19 16:12:47.905,21750,979.0,0.0,979.0,0.0,7856.622
2026-05-19 16:12:48.015,22000,979.0,0.0,979.0,0.0,8030.595
2026-05-19 16:12:48.017,22250,979.0,0.0,979.0,0.0,8030.595
2026-05-19 16:12:48.132,22500,979.0,0.0,979.0,0.0,7842.522
2026-05-19 16:12:48.246,22750,979.0,0.0,979.0,0.0,7842.522
2026-05-19 16:12:48.247,23000,979.0,0.0,979.0,0.0,7658.862
2026-05-19 16:12:48.370,23250,979.0,0.0,979.0,0.0,7658.862
2026-05-19 16:12:48.370,23500,979.0,0.0,979.0,0.0,7658.862
2026-05-19 16:12:48.490,23750,974.298,0.247910983608,974.253,4.134,7535.657
2026-05-19 16:12:48.490,24000,979.0,0.0,979.0,0.0,7683.264
2026-05-19 16:12:48.605,24250,979.0,0.0,979.0,0.0,7515.704
2026-05-19 16:12:48.714,24500,979.0,0.0,979.0,0.0,7515.704
2026-05-19 16:12:48.715,24750,979.0,0.0,979.0,0.0,7515.704
2026-05-19 16:12:48.821,25000,979.0,0.0,979.0,0.0,7360.845
2026-05-19 16:12:48.822,25250,979.0,0.0,979.0,0.0,7360.845
2026-05-19 16:12:48.935,25500,979.0,0.0,979.0,0.0,7206.363
2026-05-19 16:12:48.936,25750,979.0,0.0,979.0,0.0,7206.363
2026-05-19 16:12:49.051,26000,979.0,0.0,979.0,0.0,7206.363
2026-05-19 16:12:49.154,26250,979.0,0.0,979.0,0.0,7078.333
2026-05-19 16:12:49.154,26500,982.984,0.339432596033,982.896,5.917,7050.105
2026-05-19 16:12:49.269,26750,979.0,0.0,979.0,0.0,6937.194
2026-05-19 16:12:49.270,27000,979.0,0.0,979.0,0.0,6937.194
2026-05-19 16:12:49.389,27250,979.0,0.0,979.0,0.0,6937.194
2026-05-19 16:12:49.390,27500,979.0,0.0,979.0,0.0,6804.488
2026-05-19 16:12:49.505,27750,979.0,0.0,979.0,0.0,6804.488
2026-05-19 16:12:49.506,28000,979.0,0.0,979.0,0.0,6670.342
2026-05-19 16:12:49.614,28250,979.0,0.0,979.0,0.0,6670.342
2026-05-19 16:12:49.615,28500,979.0,0.0,979.0,0.0,6670.342
2026-05-19 16:12:49.731,28750,979.0,0.0,979.0,0.0,6557.083
2026-05-19 16:12:49.732,29000,979.0,0.0,979.0,0.0,6557.083
2026-05-19 16:12:49.840,29250,979.0,0.0,979.0,0.0,6439.888
2026-05-19 16:12:49.840,29500,979.0,0.0,979.0,0.0,6439.888
2026-05-19 16:12:49.951,29750,979.0,0.0,979.0,0.0,6439.888
2026-05-19 16:12:49.952,30000,979.0,0.0,979.0,0.0,6329.513
2026-05-19 16:12:50.069,30250,979.0,0.0,979.0,0.0,6329.513
2026-05-19 16:12:50.070,30500,979.0,0.0,979.0,0.0,6231.235
2026-05-19 16:12:50.190,30750,979.0,0.0,979.0,0.0,6231.235
2026-05-19 16:12:50.190,31000,979.0,0.0,979.0,0.0,6231.235
2026-05-19 16:12:50.191,31250,979.0,0.0,979.0,0.0,6132.743
2026-05-19 16:12:50.304,31500,979.0,0.0,979.0,0.0,6132.743
2026-05-19 16:12:50.305,31750,991.55,2.244440913935,990.789,38.832,6055.123
2026-05-19 16:12:50.410,32000,940.858,0.706494640387,940.787,11.601,6055.123
2026-05-19 16:12:50.410,32250,979.0,0.0,979.0,0.0,5819.217
2026-05-19 16:12:50.515,32500,979.0,0.0,979.0,0.0,5745.191
2026-05-19 16:12:50.516,32750,979.0,0.0,979.0,0.0,5745.191
2026-05-19 16:12:50.619,33000,979.0,0.0,979.0,0.0,5745.191
2026-05-19 16:12:50.620,33250,979.0,0.0,979.0,0.0,5682.385
2026-05-19 16:12:50.730,33500,979.0,0.0,979.0,0.0,5682.385
2026-05-19 16:12:50.730,33750,979.0,0.0,979.0,0.0,5682.385
2026-05-19 16:12:50.835,34000,979.0,0.0,979.0,0.0,5630.485
2026-05-19 16:12:50.835,34250,979.0,0.0,979.0,0.0,5379.444
2026-05-19 16:12:50.950,34500,979.0,0.0,979.0,0.0,5379.444
2026-05-19 16:12:50.951,34750,979.0,0.0,979.0,0.0,5339.018
2026-05-19 16:12:50.951,35000,979.0,0.0,979.0,0.0,5339.018
2026-05-19 16:12:51.069,35250,979.0,0.0,979.0,0.0,5339.018
2026-05-19 16:12:51.070,35500,979.0,0.0,979.0,0.0,5311.955
2026-05-19 16:12:51.190,35750,934.391,0.237811716413,934.383,3.878,5311.955
2026-05-19 16:12:51.190,36000,979.0,0.0,979.0,0.0,5069.911
2026-05-19 16:12:51.190,36250,979.0,0.0,979.0,0.0,5053.16
2026-05-19 16:12:51.305,36500,979.0,0.0,979.0,0.0,5053.16
2026-05-19 16:12:51.306,36750,979.0,0.0,979.0,0.0,5053.16
2026-05-19 16:12:51.415,37000,979.0,0.0,979.0,0.0,5052.649
2026-05-19 16:12:51.416,37250,979.0,0.0,979.0,0.0,4801.84
2026-05-19 16:12:51.416,37500,979.0,0.0,979.0,0.0,4801.84
2026-05-19 16:12:51.530,37750,979.0,0.0,979.0,0.0,4801.84
2026-05-19 16:12:51.531,38000,979.0,0.0,979.0,0.0,4819.526
2026-05-19 16:12:51.637,38250,979.0,0.0,979.0,0.0,4819.526
2026-05-19 16:12:51.638,38500,979.0,0.0,979.0,0.0,4819.526
2026-05-19 16:12:51.638,38750,979.0,0.0,979.0,0.0,4591.487
2026-05-19 16:12:51.746,39000,979.0,0.0,979.0,0.0,4591.487
2026-05-19 16:12:51.747,39250,979.0,0.0,979.0,0.0,4591.487
2026-05-19 16:12:51.870,39500,979.0,0.0,979.0,0.0,4591.487
2026-05-19 16:12:51.870,39750,979.0,0.0,979.0,0.0,4637.368
2026-05-19 16:12:51.870,40000,979.0,0.0,979.0,0.0,4380.519
2026-05-19 16:12:51.985,40250,979.0,0.0,979.0,0.0,4380.519
2026-05-19 16:12:51.986,40500,979.0,0.0,979.0,0.0,4380.519
2026-05-19 16:12:51.986,40750,979.0,0.0,979.0,0.0,4380.519
2026-05-19 16:12:52.089,41000,979.0,0.0,979.0,0.0,4449.44
2026-05-19 16:12:52.090,41250,979.0,0.0,979.0,0.0,4262.566
2026-05-19 16:12:52.200,41500,979.0,0.0,979.0,0.0,4262.566
2026-05-19 16:12:52.200,41750,960.683,3.218750224387,959.168,53.941,4343.838
2026-05-19 16:12:52.201,42000,979.0,0.0,979.0,0.0,4343.838
2026-05-19 16:12:52.305,42250,979.0,0.0,979.0,0.0,4343.838
2026-05-19 16:12:52.305,42500,979.0,0.0,979.0,0.0,4101.722
2026-05-19 16:12:52.306,42750,979.0,0.0,979.0,0.0,4101.722
2026-05-19 16:12:52.414,43000,979.0,0.0,979.0,0.0,4101.722
2026-05-19 16:12:52.415,43250,979.0,0.0,979.0,0.0,4198.29
2026-05-19 16:12:52.530,43500,979.0,0.0,979.0,0.0,4198.29
2026-05-19 16:12:52.531,43750,979.0,0.0,979.0,0.0,3960.624
2026-05-19 16:12:52.531,44000,979.0,0.0,979.0,0.0,3960.624
2026-05-19 16:12:52.532,44250,979.0,0.0,979.0,0.0,3960.624
2026-05-19 16:12:52.645,44500,979.0,0.0,979.0,0.0,3960.624
2026-05-19 16:12:52.645,44750,979.0,0.0,979.0,0.0,4081.427
2026-05-19 16:12:52.646,45000,979.0,0.0,979.0,0.0,3861.35
2026-05-19 16:12:52.754,45250,979.0,0.0,979.0,0.0,3861.35
2026-05-19 16:12:52.755,45500,979.0,0.0,979.0,0.0,3861.35
2026-05-19 16:12:52.869,45750,979.0,0.0,979.0,0.0,3861.35
2026-05-19 16:12:52.870,46000,979.0,0.0,979.0,0.0,3655.855
2026-05-19 16:12:52.870,46250,987.963,-0.729824856192,987.548,-13.032,3789.732
2026-05-19 16:12:52.985,46500,979.0,0.0,979.0,0.0,3823.201
2026-05-19 16:12:52.986,46750,979.0,0.0,979.0,0.0,3823.201
2026-05-19 16:12:52.986,47000,979.0,0.0,979.0,0.0,3823.201
2026-05-19 16:12:52.986,47250,979.0,0.0,979.0,0.0,3625.638
2026-05-19 16:12:53.089,47500,979.0,0.0,979.0,0.0,3625.638
2026-05-19 16:12:53.090,47750,979.0,0.0,979.0,0.0,3625.638
2026-05-19 16:12:53.200,48000,979.0,0.0,979.0,0.0,3625.638
2026-05-19 16:12:53.200,48250,979.0,0.0,979.0,0.0,3625.638
2026-05-19 16:12:53.201,48500,979.0,0.0,979.0,0.0,3618.973
2026-05-19 16:12:53.304,48750,979.0,0.0,979.0,0.0,3618.973
2026-05-19 16:12:53.305,49000,979.0,0.0,979.0,0.0,3618.973
2026-05-19 16:12:53.305,49250,979.0,0.0,979.0,0.0,3618.973
2026-05-19 16:12:53.414,49500,949.632,-1.860441955751,948.815,-30.185,3546.598
2026-05-19 16:12:53.415,49750,979.0,0.0,979.0,0.0,3438.037
2026-05-19 16:12:53.415,50000,979.0,0.0,979.0,0.0,3438.037
2026-05-19 16:12:53.530,50250,979.0,0.0,979.0,0.0,3438.037
2026-05-19 16:12:53.531,50500,979.0,0.0,979.0,0.0,3438.037
2026-05-19 16:12:53.531,50750,979.0,0.0,979.0,0.0,3438.037
2026-05-19 16:12:53.532,51000,979.0,0.0,979.0,0.0,3448.719
2026-05-19 16:12:53.636,51250,979.0,0.0,979.0,0.0,3448.719
2026-05-19 16:12:53.636,51500,979.0,0.0,979.0,0.0,3448.719
2026-05-19 16:12:53.637,51750,979.0,0.0,979.0,0.0,3448.719
2026-05-19 16:12:53.747,52000,979.0,0.0,979.0,0.0,3448.719
2026-05-19 16:12:53.747,52250,954.499,-2.193532953208,953.353,-35.893,3391.178
2026-05-19 16:12:53.748,52500,979.0,0.0,979.0,0.0,3304.868
2026-05-19 16:12:53.869,52750,979.0,0.0,979.0,0.0,3304.868
2026-05-19 16:12:53.870,53000,979.0,0.0,979.0,0.0,3304.868
2026-05-19 16:12:53.870,53250,979.0,0.0,979.0,0.0,3304.868
2026-05-19 16:12:53.871,53500,979.0,0.0,979.0,0.0,3304.868
2026-05-19 16:12:53.985,53750,942.394,-3.779760395,940.344,-62.124,3304.868
2026-05-19 16:12:53.986,54000,979.0,0.0,979.0,0.0,3181.295
2026-05-19 16:12:53.986,54250,979.0,0.0,979.0,0.0,3181.295
2026-05-19 16:12:54.089,54500,979.0,0.0,979.0,0.0,3181.295
2026-05-19 16:12:54.090,54750,979.0,0.0,979.0,0.0,3181.295
2026-05-19 16:12:54.090,55000,979.0,0.0,979.0,0.0,3181.295
2026-05-19 16:12:54.091,55250,979.0,0.0,979.0,0.0,3181.295
2026-05-19 16:12:54.204,55500,944.564,-4.202265832369,942.024,-69.215,3181.295
2026-05-19 16:12:54.205,55750,979.0,0.0,979.0,0.0,3069.393
2026-05-19 16:12:54.205,56000,979.0,0.0,979.0,0.0,3069.393
2026-05-19 16:12:54.322,56250,979.0,0.0,979.0,0.0,3069.393
2026-05-19 16:12:54.323,56500,979.0,0.0,979.0,0.0,3069.393
2026-05-19 16:12:54.323,56750,979.0,0.0,979.0,0.0,3069.393
2026-05-19 16:12:54.324,57000,979.0,0.0,979.0,0.0,3069.393
2026-05-19 16:12:54.436,57250,979.0,0.0,979.0,0.0,3069.393
2026-05-19 16:12:54.436,57500,979.0,0.0,979.0,0.0,3069.393
2026-05-19 16:12:54.437,57750,979.0,0.0,979.0,0.0,3069.393
2026-05-19 16:12:54.554,58000,937.022,6.321979856173,931.324,103.181,3206.9
2026-05-19 16:12:54.555,58250,906.252,1.463962538707,905.957,23.153,3206.9
2026-05-19 16:12:54.555,58500,979.0,0.0,979.0,0.0,3206.9
2026-05-19 16:12:54.556,58750,999.799,4.369904778779,996.892,76.18,3140.187
2026-05-19 16:12:54.669,59000,999.799,4.369904778779,996.892,76.18,3140.187
2026-05-19 16:12:54.670,59250,979.0,0.0,979.0,0.0,3140.187
2026-05-19 16:12:54.670,59500,958.634,-4.369904778779,955.847,-73.043,3206.9
2026-05-19 16:12:54.790,59750,1020.196,-5.541074809745,1015.347,-98.818,3016.262
2026-05-19 16:12:54.791,60000,979.0,0.0,979.0,0.0,2968.602
2026-05-19 16:12:54.791,60250,979.0,0.0,979.0,0.0,2968.602
2026-05-19 16:12:54.792,60500,979.0,0.0,979.0,0.0,2968.602
2026-05-19 16:12:54.899,60750,979.0,0.0,979.0,0.0,2968.602
2026-05-19 16:12:54.900,61000,979.0,0.0,979.0,0.0,2968.602
2026-05-19 16:12:54.900,61250,979.0,0.0,979.0,0.0,2968.602
2026-05-19 16:12:54.901,61500,979.0,0.0,979.0,0.0,2968.602
2026-05-19 16:12:55.004,61750,979.0,0.0,979.0,0.0,2968.602
2026-05-19 16:12:55.004,62000,979.0,0.0,979.0,0.0,2968.602
2026-05-19 16:12:55.005,62250,979.0,0.0,979.0,0.0,2968.602
2026-05-19 16:12:55.005,62500,979.0,0.0,979.0,0.0,2968.602
2026-05-19 16:12:55.116,62750,979.0,0.0,979.0,0.0,2968.602
2026-05-19 16:12:55.116,63000,979.0,0.0,979.0,0.0,2968.602
2026-05-19 16:12:55.117,63250,933.038,1.013068431722,932.803,15.953,2875.689
2026-05-19 16:12:55.117,63500,979.0,0.0,979.0,0.0,2736.319
2026-05-19 16:12:55.229,63750,979.0,0.0,979.0,0.0,2736.319
2026-05-19 16:12:55.230,64000,979.0,0.0,979.0,0.0,2736.319
2026-05-19 16:12:55.230,64250,979.0,0.0,979.0,0.0,2736.319
2026-05-19 16:12:55.230,64500,979.0,0.0,979.0,0.0,2736.319
2026-05-19 16:12:55.340,64750,979.0,0.0,979.0,0.0,2736.319
2026-05-19 16:12:55.340,65000,979.0,0.0,979.0,0.0,2736.319
2026-05-19 16:12:55.341,65250,979.0,0.0,979.0,0.0,2736.319
2026-05-19 16:12:55.341,65500,979.0,0.0,979.0,0.0,2736.319
2026-05-19 16:12:55.457,65750,979.0,0.0,979.0,0.0,2736.319
2026-05-19 16:12:55.457,66000,979.0,0.0,979.0,0.0,2736.319
2026-05-19 16:12:55.458,66250,979.0,0.0,979.0,0.0,2736.319
2026-05-19 16:12:55.458,66500,979.0,0.0,979.0,0.0,2736.319
2026-05-19 16:12:55.570,66750,979.0,0.0,979.0,0.0,2736.319
2026-05-19 16:12:55.570,67000,979.0,0.0,979.0,0.0,2736.319
2026-05-19 16:12:55.570,67250,961.525,0.42835179269,961.4,6.664,2540.946
2026-05-19 16:12:55.571,67500,979.0,0.0,979.0,0.0,2492.103
2026-05-19 16:12:55.689,67750,979.0,0.0,979.0,0.0,2492.103
2026-05-19 16:12:55.690,68000,979.0,0.0,979.0,0.0,2492.103
2026-05-19 16:12:55.690,68250,979.0,0.0,979.0,0.0,2492.103
2026-05-19 16:12:55.691,68500,943.235,-4.454200530447,939.709,-72.518,2587.501
2026-05-19 16:12:55.691,68750,943.235,-4.454200530447,939.709,-72.518,2587.501
2026-05-19 16:12:55.795,69000,934.294,-5.567750663059,929.886,-90.648,2611.351
2026-05-19 16:12:55.795,69250,979.0,0.0,979.0,0.0,2611.351
2026-05-19 16:12:55.796,69500,979.0,0.0,979.0,0.0,2611.351
2026-05-19 16:12:55.910,69750,979.0,0.0,979.0,0.0,2611.351
2026-05-19 16:12:55.911,70000,979.0,0.0,979.0,0.0,2611.351
2026-05-19 16:12:55.911,70250,979.0,0.0,979.0,0.0,2611.351
2026-05-19 16:12:55.911,70500,979.0,0.0,979.0,0.0,2611.351
2026-05-19 16:12:56.026,70750,979.0,0.0,979.0,0.0,2611.351
2026-05-19 16:12:56.026,71000,979.0,0.0,979.0,0.0,2611.351
2026-05-19 16:12:56.027,71250,979.0,0.0,979.0,0.0,2611.351
2026-05-19 16:12:56.027,71500,979.0,0.0,979.0,0.0,2611.351
2026-05-19 16:12:56.027,71750,979.0,0.0,979.0,0.0,2611.351
2026-05-19 16:12:56.135,72000,923.946,-6.023390614508,918.845,-96.954,2359.568
2026-05-19 16:12:56.135,72250,1025.667,4.818712491606,1021.086,87.082,2253.416
2026-05-19 16:12:56.136,72500,1037.334,6.023390614508,1031.607,108.852,2226.878
2026-05-19 16:12:56.251,72750,979.0,0.0,979.0,0.0,2226.878
2026-05-19 16:12:56.252,73000,979.0,0.0,979.0,0.0,2226.878
2026-05-19 16:12:56.252,73250,979.0,0.0,979.0,0.0,2226.878
2026-05-19 16:12:56.252,73500,979.0,0.0,979.0,0.0,2226.878
2026-05-19 16:12:56.253,73750,979.0,0.0,979.0,0.0,2226.878
2026-05-19 16:12:56.370,74000,979.0,0.0,979.0,0.0,2226.878
2026-05-19 16:12:56.370,74250,979.0,0.0,979.0,0.0,2226.878
2026-05-19 16:12:56.371,74500,979.0,0.0,979.0,0.0,2226.878
2026-05-19 16:12:56.371,74750,979.0,0.0,979.0,0.0,2226.878
2026-05-19 16:12:56.489,75000,979.0,0.0,979.0,0.0,2226.878
2026-05-19 16:12:56.490,75250,979.0,0.0,979.0,0.0,2226.878
2026-05-19 16:12:56.491,75500,979.0,0.0,979.0,0.0,2226.878
2026-05-19 16:12:56.493,75750,979.0,0.0,979.0,0.0,2226.878
2026-05-19 16:12:56.495,76000,979.0,0.0,979.0,0.0,2226.878
2026-05-19 16:12:56.599,76250,979.0,0.0,979.0,0.0,2226.878
2026-05-19 16:12:56.600,76500,979.0,0.0,979.0,0.0,2226.878
2026-05-19 16:12:56.602,76750,979.0,0.0,979.0,0.0,2226.878
2026-05-19 16:12:56.604,77000,979.0,0.0,979.0,0.0,2226.878
2026-05-19 16:12:56.606,77250,979.0,0.0,979.0,0.0,2226.878
2026-05-19 16:12:56.720,77500,979.0,0.0,979.0,0.0,2226.878
2026-05-19 16:12:56.721,77750,979.0,0.0,979.0,0.0,1996.867
2026-05-19 16:12:56.721,78000,979.0,0.0,979.0,0.0,1996.867
2026-05-19 16:12:56.721,78250,979.0,0.0,979.0,0.0,1996.867
2026-05-19 16:12:56.722,78500,979.0,0.0,979.0,0.0,1996.867
2026-05-19 16:12:56.836,78750,979.0,0.0,979.0,0.0,1996.867
2026-05-19 16:12:56.836,79000,979.0,0.0,979.0,0.0,1996.867
2026-05-19 16:12:56.837,79250,979.0,0.0,979.0,0.0,1996.867
2026-05-19 16:12:56.837,79500,979.0,0.0,979.0,0.0,1996.867
2026-05-19 16:12:56.838,79750,979.0,0.0,979.0,0.0,1996.867
2026-05-19 16:12:56.954,80000,979.0,0.0,979.0,0.0,1996.867
2026-05-19 16:12:56.955,80250,979.0,0.0,979.0,0.0,1996.867
2026-05-19 16:12:56.956,80500,979.0,0.0,979.0,0.0,1996.867
2026-05-19 16:12:56.958,80750,979.0,0.0,979.0,0.0,1996.867
2026-05-19 16:12:56.959,81000,979.0,0.0,979.0,0.0,1996.867
2026-05-19 16:12:57.069,81250,979.0,0.0,979.0,0.0,1996.867
2026-05-19 16:12:57.070,81500,979.0,0.0,979.0,0.0,1996.867
2026-05-19 16:12:57.073,81750,979.0,0.0,979.0,0.0,1996.867
2026-05-19 16:12:57.075,82000,979.0,0.0,979.0,0.0,1887.867
2026-05-19 16:12:57.077,82250,979.0,0.0,979.0,0.0,1887.867
2026-05-19 16:12:57.189,82500,979.0,0.0,979.0,0.0,1887.867
2026-05-19 16:12:57.190,82750,979.0,0.0,979.0,0.0,1887.867
2026-05-19 16:12:57.191,83000,979.0,0.0,979.0,0.0,1887.867
2026-05-19 16:12:57.193,83250,979.0,0.0,979.0,0.0,1887.867
2026-05-19 16:12:57.195,83500,979.0,0.0,979.0,0.0,1662.085
2026-05-19 16:12:57.304,83750,979.0,0.0,979.0,0.0,1662.085
2026-05-19 16:12:57.305,84000,979.0,0.0,979.0,0.0,1662.085
2026-05-19 16:12:57.306,84250,979.0,0.0,979.0,0.0,1662.085
2026-05-19 16:12:57.307,84500,979.0,0.0,979.0,0.0,1662.085
2026-05-19 16:12:57.309,84750,979.0,0.0,979.0,0.0,1662.085
2026-05-19 16:12:57.418,85000,979.0,0.0,979.0,0.0,1662.085
2026-05-19 16:12:57.419,85250,979.0,0.0,979.0,0.0,1662.085
2026-05-19 16:12:57.419,85500,979.0,0.0,979.0,0.0,1662.085
2026-05-19 16:12:57.420,85750,979.0,0.0,979.0,0.0,1662.085
2026-05-19 16:12:57.420,86000,979.0,0.0,979.0,0.0,1662.085
2026-05-19 16:12:57.536,86250,979.0,0.0,979.0,0.0,1662.085
2026-05-19 16:12:57.536,86500,979.0,0.0,979.0,0.0,1662.085
2026-05-19 16:12:57.537,86750,979.0,0.0,979.0,0.0,1662.085
2026-05-19 16:12:57.537,87000,979.0,0.0,979.0,0.0,1662.085
2026-05-19 16:12:57.538,87250,979.0,0.0,979.0,0.0,1662.085
2026-05-19 16:12:57.651,87500,979.0,0.0,979.0,0.0,1662.085
2026-05-19 16:12:57.652,87750,979.0,0.0,979.0,0.0,1662.085
2026-05-19 16:12:57.652,88000,979.0,0.0,979.0,0.0,1662.085
2026-05-19 16:12:57.653,88250,979.0,0.0,979.0,0.0,1662.085
2026-05-19 16:12:57.653,88500,979.0,0.0,979.0,0.0,1662.085
2026-05-19 16:12:57.769,88750,979.0,0.0,979.0,0.0,1662.085
2026-05-19 16:12:57.770,89000,979.0,0.0,979.0,0.0,1662.085
2026-05-19 16:12:57.770,89250,952.406,0.879700575028,951.908,12.977,1481.485
2026-05-19 16:12:57.770,89500,979.0,0.0,979.0,0.0,1436.336
2026-05-19 16:12:57.771,89750,979.0,0.0,979.0,0.0,1436.336
2026-05-19 16:12:57.890,90000,979.0,0.0,979.0,0.0,1436.336
2026-05-19 16:12:57.890,90250,979.0,0.0,979.0,0.0,1436.336
2026-05-19 16:12:57.891,90500,948.536,-3.960797427076,943.156,-62.102,1369.293
2026-05-19 16:12:57.891,90750,979.0,0.0,979.0,0.0,1324.598
2026-05-19 16:12:57.891,91000,979.0,0.0,979.0,0.0,1324.598
2026-05-19 16:12:57.892,91250,979.0,0.0,979.0,0.0,1324.598
2026-05-19 16:12:58.004,91500,979.0,0.0,979.0,0.0,1324.598
2026-05-19 16:12:58.005,91750,979.0,0.0,979.0,0.0,1324.598
2026-05-19 16:12:58.005,92000,979.0,0.0,979.0,0.0,1324.598
2026-05-19 16:12:58.006,92250,979.0,0.0,979.0,0.0,1324.598
2026-05-19 16:12:58.006,92500,979.0,0.0,979.0,0.0,1324.598
2026-05-19 16:12:58.111,92750,979.0,0.0,979.0,0.0,1324.598
2026-05-19 16:12:58.112,93000,979.0,0.0,979.0,0.0,1324.598
2026-05-19 16:12:58.112,93250,979.0,0.0,979.0,0.0,1324.598
2026-05-19 16:12:58.112,93500,979.0,0.0,979.0,0.0,1324.598
2026-05-19 16:12:58.215,93750,979.0,0.0,979.0,0.0,1324.598
2026-05-19 16:12:58.215,94000,979.0,0.0,979.0,0.0,1324.598
2026-05-19 16:12:58.216,94250,979.0,0.0,979.0,0.0,1324.598
2026-05-19 16:12:58.216,94500,979.0,0.0,979.0,0.0,1324.598
2026-05-19 16:12:58.217,94750,979.0,0.0,979.0,0.0,1324.598
2026-05-19 16:12:58.319,95000,979.0,0.0,979.0,0.0,1324.598
2026-05-19 16:12:58.320,95250,1025.474,-1.012483713268,1024.529,-21.379,1273.78
2026-05-19 16:12:58.320,95500,979.0,0.0,979.0,0.0,1070.507
2026-05-19 16:12:58.320,95750,979.0,0.0,979.0,0.0,1070.507
2026-05-19 16:12:58.436,96000,979.0,0.0,979.0,0.0,1070.507
2026-05-19 16:12:58.436,96250,979.0,0.0,979.0,0.0,1070.507
2026-05-19 16:12:58.437,96500,979.0,0.0,979.0,0.0,1070.507
2026-05-19 16:12:58.437,96750,979.0,0.0,979.0,0.0,1070.507
2026-05-19 16:12:58.437,97000,979.0,0.0,979.0,0.0,1070.507
2026-05-19 16:12:58.552,97250,979.0,0.0,979.0,0.0,1070.507
2026-05-19 16:12:58.552,97500,979.0,0.0,979.0,0.0,1070.507
2026-05-19 16:12:58.552,97750,979.0,0.0,979.0,0.0,1070.507
2026-05-19 16:12:58.553,98000,979.0,0.0,979.0,0.0,1070.507
2026-05-19 16:12:58.553,98250,979.0,0.0,979.0,0.0,1070.507
2026-05-19 16:12:58.669,98500,979.0,0.0,979.0,0.0,1070.507
2026-05-19 16:12:58.670,98750,979.0,0.0,979.0,0.0,1070.507
2026-05-19 16:12:58.670,99000,979.0,0.0,979.0,0.0,1070.507
2026-05-19 16:12:58.671,99250,979.0,0.0,979.0,0.0,1070.507
2026-05-19 16:12:58.671,99500,979.0,0.0,979.0,0.0,1070.507
2026-05-19 16:12:58.672,99750,979.0,0.0,979.0,0.0,1070.507
2026-05-19 16:12:58.774,100000,979.0,0.0,979.0,0.0,1070.507
2026-05-19 16:12:59.341,10000,979.0,0.0,979.0,0.0,9286.314
2026-05-19 16:12:59.450,10250,979.0,0.0,979.0,0.0,9286.314
2026-05-19 16:12:59.570,10500,979.0,0.0,979.0,0.0,9286.314
2026-05-19 16:12:59.689,10750,971.832,1.560988646146,971.471,26.474,9354.811
2026-05-19 16:12:59.920,11000,979.0,0.0,979.0,0.0,9354.811
2026-05-19 16:13:00.033,11250,979.0,0.0,979.0,0.0,9105.965
2026-05-19 16:13:00.150,11500,975.908,0.591963267064,975.778,10.034,9134.955
2026-05-19 16:13:00.269,11750,979.0,0.0,979.0,0.0,9178.44
2026-05-19 16:13:00.389,12000,979.0,0.0,979.0,0.0,9178.44
2026-05-19 16:13:00.504,12250,979.0,0.0,979.0,0.0,9178.44
2026-05-19 16:13:00.619,12500,984.05,0.103550263185,984.042,1.815,9211.704
2026-05-19 16:13:00.733,12750,1004.25,0.517751315924,1004.209,9.075,9025.481
2026-05-19 16:13:00.845,13000,979.0,0.0,979.0,0.0,9025.481
2026-05-19 16:13:00.964,13250,980.848,-0.287603676373,980.786,-4.96,9093.622
2026-05-19 16:13:01.079,13500,979.0,0.0,979.0,0.0,9110.657
2026-05-19 16:13:01.194,13750,979.0,0.0,979.0,0.0,9110.657
2026-05-19 16:13:01.300,14000,979.0,0.0,979.0,0.0,8971.41
2026-05-19 16:13:01.405,14250,979.0,0.0,979.0,0.0,8971.41
2026-05-19 16:13:01.515,14500,979.0,0.0,979.0,0.0,8971.41
2026-05-19 16:13:01.631,14750,974.366,0.609631936012,974.229,10.292,9014.381
2026-05-19 16:13:01.745,15000,994.376,0.417832049251,994.35,7.251,8938.448
2026-05-19 16:13:01.868,15250,979.0,0.0,979.0,0.0,8938.448
2026-05-19 16:13:01.984,15500,979.0,0.0,979.0,0.0,8938.448
2026-05-19 16:13:02.104,15750,979.0,0.0,979.0,0.0,9052.108
2026-05-19 16:13:02.105,16000,979.0,0.0,979.0,0.0,8828.731
2026-05-19 16:13:02.215,16250,979.0,0.0,979.0,0.0,8828.731
2026-05-19 16:13:02.331,16500,983.069,-0.444402313849,982.994,-7.672,8883.766
2026-05-19 16:13:02.435,16750,960.033,-0.622912351066,959.962,-10.385,8877.251
2026-05-19 16:13:02.552,17000,979.0,0.0,979.0,0.0,8704.426
2026-05-19 16:13:02.669,17250,947.64,-0.278150240412,947.552,-4.689,8757.246
2026-05-19 16:13:02.669,17500,979.0,0.0,979.0,0.0,8836.474
2026-05-19 16:13:02.790,17750,979.0,0.0,979.0,0.0,8611.81
2026-05-19 16:13:02.904,18000,979.0,0.0,979.0,0.0,8611.81
2026-05-19 16:13:03.017,18250,979.0,0.0,979.0,0.0,8386.009
2026-05-19 16:13:03.018,18500,979.0,0.0,979.0,0.0,8531.103
2026-05-19 16:13:03.122,18750,979.0,0.0,979.0,0.0,8531.103
2026-05-19 16:13:03.231,19000,979.0,0.0,979.0,0.0,8531.103
2026-05-19 16:13:03.339,19250,975.594,0.277572172232,975.538,4.66,8347.675
2026-05-19 16:13:03.455,19500,964.456,-0.653200280028,964.352,-10.884,8381.639
2026-05-19 16:13:03.455,19750,974.152,-0.217733426676,974.117,-3.628,8297.795
2026-05-19 16:13:03.574,20000,979.0,0.0,979.0,0.0,8255.872
2026-05-19 16:13:03.695,20250,979.0,0.0,979.0,0.0,8255.872
2026-05-19 16:13:03.695,20500,979.0,0.0,979.0,0.0,8055.627
2026-05-19 16:13:03.810,20750,979.0,0.0,979.0,0.0,8210.115
2026-05-19 16:13:03.810,21000,959.182,-1.005522859644,959.034,-16.832,8210.115
2026-05-19 16:13:03.926,21250,979.0,0.0,979.0,0.0,8043.919
2026-05-19 16:13:04.033,21500,979.0,0.0,979.0,0.0,8043.919
2026-05-19 16:13:04.033,21750,979.0,0.0,979.0,0.0,7856.622
2026-05-19 16:13:04.150,22000,979.0,0.0,979.0,0.0,8030.595
2026-05-19 16:13:04.269,22250,979.0,0.0,979.0,0.0,8030.595
2026-05-19 16:13:04.270,22500,979.0,0.0,979.0,0.0,7842.522
2026-05-19 16:13:04.390,22750,979.0,0.0,979.0,0.0,7842.522
2026-05-19 16:13:04.390,23000,979.0,0.0,979.0,0.0,7658.862
2026-05-19 16:13:04.504,23250,979.0,0.0,979.0,0.0,7658.862
2026-05-19 16:13:04.612,23500,979.0,0.0,979.0,0.0,7658.862
2026-05-19 16:13:04.612,23750,974.298,0.247910983608,974.253,4.134,7535.657
2026-05-19 16:13:04.716,24000,979.0,0.0,979.0,0.0,7683.264
2026-05-19 16:13:04.821,24250,979.0,0.0,979.0,0.0,7515.704
2026-05-19 16:13:04.822,24500,979.0,0.0,979.0,0.0,7515.704
2026-05-19 16:13:04.931,24750,979.0,0.0,979.0,0.0,7515.704
2026-05-19 16:13:04.931,25000,979.0,0.0,979.0,0.0,7360.845
2026-05-19 16:13:05.037,25250,979.0,0.0,979.0,0.0,7360.845
2026-05-19 16:13:05.146,25500,979.0,0.0,979.0,0.0,7206.363
2026-05-19 16:13:05.147,25750,979.0,0.0,979.0,0.0,7206.363
2026-05-19 16:13:05.270,26000,979.0,0.0,979.0,0.0,7206.363
2026-05-19 16:13:05.270,26250,979.0,0.0,979.0,0.0,7078.333
2026-05-19 16:13:05.390,26500,986.967,0.678865192067,986.792,11.834,7021.877
2026-05-19 16:13:05.391,26750,979.0,0.0,979.0,0.0,6937.194
2026-05-19 16:13:05.504,27000,979.0,0.0,979.0,0.0,6937.194
2026-05-19 16:13:05.505,27250,979.0,0.0,979.0,0.0,6937.194
2026-05-19 16:13:05.614,27500,979.0,0.0,979.0,0.0,6804.488
2026-05-19 16:13:05.615,27750,979.0,0.0,979.0,0.0,6804.488
2026-05-19 16:13:05.732,28000,979.0,0.0,979.0,0.0,6670.342
2026-05-19 16:13:05.733,28250,979.0,0.0,979.0,0.0,6670.342
2026-05-19 16:13:05.849,28500,979.0,0.0,979.0,0.0,6670.342
2026-05-19 16:13:05.850,28750,979.0,0.0,979.0,0.0,6557.083
2026-05-19 16:13:05.969,29000,979.0,0.0,979.0,0.0,6557.083
2026-05-19 16:13:05.969,29250,979.0,0.0,979.0,0.0,6439.888
2026-05-19 16:13:06.085,29500,979.0,0.0,979.0,0.0,6439.888
2026-05-19 16:13:06.086,29750,979.0,0.0,979.0,0.0,6439.888
2026-05-19 16:13:06.199,30000,979.0,0.0,979.0,0.0,6329.513
2026-05-19 16:13:06.200,30250,979.0,0.0,979.0,0.0,6329.513
2026-05-19 16:13:06.200,30500,979.0,0.0,979.0,0.0,6231.235
2026-05-19 16:13:06.315,30750,979.0,0.0,979.0,0.0,6231.235
2026-05-19 16:13:06.315,31000,979.0,0.0,979.0,0.0,6231.235
2026-05-19 16:13:06.432,31250,979.0,0.0,979.0,0.0,6132.743
2026-05-19 16:13:06.432,31500,979.0,0.0,979.0,0.0,6132.743
2026-05-19 16:13:06.545,31750,991.55,2.244440913935,990.789,38.832,6055.123
2026-05-19 16:13:06.546,32000,948.487,0.56519571231,948.43,9.281,6007.942
2026-05-19 16:13:06.655,32250,979.0,0.0,979.0,0.0,5819.217
2026-05-19 16:13:06.656,32500,979.0,0.0,979.0,0.0,5745.191
2026-05-19 16:13:06.769,32750,979.0,0.0,979.0,0.0,5745.191
2026-05-19 16:13:06.770,33000,979.0,0.0,979.0,0.0,5745.191
2026-05-19 16:13:06.887,33250,979.0,0.0,979.0,0.0,5682.385
2026-05-19 16:13:06.887,33500,979.0,0.0,979.0,0.0,5682.385
2026-05-19 16:13:06.887,33750,979.0,0.0,979.0,0.0,5682.385
2026-05-19 16:13:07.001,34000,979.0,0.0,979.0,0.0,5630.485
2026-05-19 16:13:07.002,34250,979.0,0.0,979.0,0.0,5379.444
2026-05-19 16:13:07.116,34500,979.0,0.0,979.0,0.0,5379.444
2026-05-19 16:13:07.116,34750,979.0,0.0,979.0,0.0,5339.018
2026-05-19 16:13:07.117,35000,979.0,0.0,979.0,0.0,5339.018
2026-05-19 16:13:07.231,35250,979.0,0.0,979.0,0.0,5339.018
2026-05-19 16:13:07.232,35500,979.0,0.0,979.0,0.0,5311.955
2026-05-19 16:13:07.334,35750,934.391,0.237811716413,934.383,3.878,5311.955
2026-05-19 16:13:07.335,36000,979.0,0.0,979.0,0.0,5069.911
2026-05-19 16:13:07.447,36250,979.0,0.0,979.0,0.0,5053.16
2026-05-19 16:13:07.447,36500,979.0,0.0,979.0,0.0,5053.16
2026-05-19 16:13:07.448,36750,979.0,0.0,979.0,0.0,5053.16
2026-05-19 16:13:07.569,37000,979.0,0.0,979.0,0.0,5052.649
2026-05-19 16:13:07.570,37250,979.0,0.0,979.0,0.0,4801.84
2026-05-19 16:13:07.687,37500,979.0,0.0,979.0,0.0,4801.84
2026-05-19 16:13:07.689,37750,979.0,0.0,979.0,0.0,4801.84
2026-05-19 16:13:07.693,38000,979.0,0.0,979.0,0.0,4819.526
2026-05-19 16:13:07.798,38250,979.0,0.0,979.0,0.0,4819.526
2026-05-19 16:13:07.798,38500,979.0,0.0,979.0,0.0,4819.526
2026-05-19 16:13:07.799,38750,979.0,0.0,979.0,0.0,4591.487
2026-05-19 16:13:07.916,39000,979.0,0.0,979.0,0.0,4591.487
2026-05-19 16:13:07.917,39250,979.0,0.0,979.0,0.0,4591.487
2026-05-19 16:13:08.030,39500,979.0,0.0,979.0,0.0,4591.487
2026-05-19 16:13:08.032,39750,979.0,0.0,979.0,0.0,4637.368
2026-05-19 16:13:08.034,40000,979.0,0.0,979.0,0.0,4380.519
2026-05-19 16:13:08.149,40250,979.0,0.0,979.0,0.0,4380.519
2026-05-19 16:13:08.149,40500,979.0,0.0,979.0,0.0,4380.519
2026-05-19 16:13:08.150,40750,979.0,0.0,979.0,0.0,4380.519
2026-05-19 16:13:08.269,41000,979.0,0.0,979.0,0.0,4449.44
2026-05-19 16:13:08.271,41250,979.0,0.0,979.0,0.0,4262.566
2026-05-19 16:13:08.275,41500,979.0,0.0,979.0,0.0,4262.566
2026-05-19 16:13:08.387,41750,960.683,3.218750224387,959.168,53.941,4343.838
2026-05-19 16:13:08.388,42000,979.0,0.0,979.0,0.0,4343.838
2026-05-19 16:13:08.502,42250,979.0,0.0,979.0,0.0,4343.838
2026-05-19 16:13:08.503,42500,979.0,0.0,979.0,0.0,4101.722
2026-05-19 16:13:08.507,42750,979.0,0.0,979.0,0.0,4101.722
2026-05-19 16:13:08.509,43000,979.0,0.0,979.0,0.0,4101.722
2026-05-19 16:13:08.619,43250,979.0,0.0,979.0,0.0,4198.29
2026-05-19 16:13:08.620,43500,979.0,0.0,979.0,0.0,4198.29
2026-05-19 16:13:08.729,43750,979.0,0.0,979.0,0.0,3960.624
2026-05-19 16:13:08.731,44000,979.0,0.0,979.0,0.0,3960.624
2026-05-19 16:13:08.731,44250,979.0,0.0,979.0,0.0,3960.624
2026-05-19 16:13:08.844,44500,979.0,0.0,979.0,0.0,3960.624
2026-05-19 16:13:08.845,44750,979.0,0.0,979.0,0.0,4081.427
2026-05-19 16:13:08.845,45000,979.0,0.0,979.0,0.0,3861.35
2026-05-19 16:13:08.969,45250,979.0,0.0,979.0,0.0,3861.35
2026-05-19 16:13:08.970,45500,979.0,0.0,979.0,0.0,3861.35
2026-05-19 16:13:08.971,45750,979.0,0.0,979.0,0.0,3861.35
2026-05-19 16:13:08.971,46000,979.0,0.0,979.0,0.0,3655.855
2026-05-19 16:13:09.087,46250,987.963,-0.729824856192,987.548,-13.032,3789.732
2026-05-19 16:13:09.088,46500,979.0,0.0,979.0,0.0,3823.201
2026-05-19 16:13:09.088,46750,979.0,0.0,979.0,0.0,3823.201
2026-05-19 16:13:09.202,47000,979.0,0.0,979.0,0.0,3823.201
2026-05-19 16:13:09.203,47250,979.0,0.0,979.0,0.0,3625.638
2026-05-19 16:13:09.203,47500,979.0,0.0,979.0,0.0,3625.638
2026-05-19 16:13:09.315,47750,979.0,0.0,979.0,0.0,3625.638
2026-05-19 16:13:09.316,48000,979.0,0.0,979.0,0.0,3625.638
2026-05-19 16:13:09.316,48250,979.0,0.0,979.0,0.0,3625.638
2026-05-19 16:13:09.419,48500,979.0,0.0,979.0,0.0,3618.973
2026-05-19 16:13:09.420,48750,979.0,0.0,979.0,0.0,3618.973
2026-05-19 16:13:09.532,49000,979.0,0.0,979.0,0.0,3618.973
2026-05-19 16:13:09.532,49250,979.0,0.0,979.0,0.0,3618.973
2026-05-19 16:13:09.533,49500,959.421,-1.240294637168,958.877,-20.123,3510.411
2026-05-19 16:13:09.533,49750,979.0,0.0,979.0,0.0,3438.037
2026-05-19 16:13:09.642,50000,979.0,0.0,979.0,0.0,3438.037
2026-05-19 16:13:09.643,50250,979.0,0.0,979.0,0.0,3438.037
2026-05-19 16:13:09.643,50500,979.0,0.0,979.0,0.0,3438.037
2026-05-19 16:13:09.752,50750,979.0,0.0,979.0,0.0,3438.037
2026-05-19 16:13:09.752,51000,979.0,0.0,979.0,0.0,3448.719
2026-05-19 16:13:09.753,51250,979.0,0.0,979.0,0.0,3448.719
2026-05-19 16:13:09.870,51500,979.0,0.0,979.0,0.0,3448.719
2026-05-19 16:13:09.870,51750,979.0,0.0,979.0,0.0,3448.719
2026-05-19 16:13:09.870,52000,979.0,0.0,979.0,0.0,3448.719
2026-05-19 16:13:09.871,52250,954.499,-2.193532953208,953.353,-35.893,3391.178
2026-05-19 16:13:09.981,52500,979.0,0.0,979.0,0.0,3304.868
2026-05-19 16:13:09.982,52750,979.0,0.0,979.0,0.0,3304.868
2026-05-19 16:13:09.982,53000,979.0,0.0,979.0,0.0,3304.868
2026-05-19 16:13:10.087,53250,979.0,0.0,979.0,0.0,3304.868
2026-05-19 16:13:10.087,53500,979.0,0.0,979.0,0.0,3304.868
2026-05-19 16:13:10.088,53750,942.394,-3.779760395,940.344,-62.124,3304.868
2026-05-19 16:13:10.202,54000,979.0,0.0,979.0,0.0,3181.295
2026-05-19 16:13:10.203,54250,979.0,0.0,979.0,0.0,3181.295
2026-05-19 16:13:10.203,54500,979.0,0.0,979.0,0.0,3181.295
2026-05-19 16:13:10.204,54750,979.0,0.0,979.0,0.0,3181.295
2026-05-19 16:13:10.315,55000,979.0,0.0,979.0,0.0,3181.295
2026-05-19 16:13:10.316,55250,979.0,0.0,979.0,0.0,3181.295
2026-05-19 16:13:10.316,55500,944.564,-4.202265832369,942.024,-69.215,3181.295
2026-05-19 16:13:10.431,55750,979.0,0.0,979.0,0.0,3069.393
2026-05-19 16:13:10.432,56000,979.0,0.0,979.0,0.0,3069.393
2026-05-19 16:13:10.432,56250,979.0,0.0,979.0,0.0,3069.393
2026-05-19 16:13:10.432,56500,979.0,0.0,979.0,0.0,3069.393
2026-05-19 16:13:10.548,56750,979.0,0.0,979.0,0.0,3069.393
2026-05-19 16:13:10.549,57000,979.0,0.0,979.0,0.0,3069.393
2026-05-19 16:13:10.550,57250,979.0,0.0,979.0,0.0,3069.393
2026-05-19 16:13:10.655,57500,979.0,0.0,979.0,0.0,3069.393
2026-05-19 16:13:10.655,57750,979.0,0.0,979.0,0.0,3069.393
2026-05-19 16:13:10.656,58000,937.022,6.321979856173,931.324,103.181,3206.9
2026-05-19 16:13:10.656,58250,906.252,1.463962538707,905.957,23.153,3206.9
2026-05-19 16:13:10.769,58500,979.0,0.0,979.0,0.0,3206.9
2026-05-19 16:13:10.770,58750,999.799,4.369904778779,996.892,76.18,3140.187
2026-05-19 16:13:10.770,59000,999.799,4.369904778779,996.892,76.18,3140.187
2026-05-19 16:13:10.889,59250,979.0,0.0,979.0,0.0,3140.187
2026-05-19 16:13:10.889,59500,958.634,-4.369904778779,955.847,-73.043,3206.9
2026-05-19 16:13:10.890,59750,1004.805,-5.248282302003,1000.472,-92.374,3063.921
2026-05-19 16:13:10.890,60000,979.0,0.0,979.0,0.0,2968.602
2026-05-19 16:13:11.000,60250,979.0,0.0,979.0,0.0,2968.602
2026-05-19 16:13:11.001,60500,979.0,0.0,979.0,0.0,2968.602
2026-05-19 16:13:11.001,60750,979.0,0.0,979.0,0.0,2968.602
2026-05-19 16:13:11.002,61000,979.0,0.0,979.0,0.0,2968.602
2026-05-19 16:13:11.104,61250,979.0,0.0,979.0,0.0,2968.602
2026-05-19 16:13:11.105,61500,979.0,0.0,979.0,0.0,2968.602
2026-05-19 16:13:11.105,61750,979.0,0.0,979.0,0.0,2968.602
2026-05-19 16:13:11.105,62000,979.0,0.0,979.0,0.0,2968.602
2026-05-19 16:13:11.215,62250,979.0,0.0,979.0,0.0,2968.602
2026-05-19 16:13:11.215,62500,979.0,0.0,979.0,0.0,2968.602
2026-05-19 16:13:11.216,62750,979.0,0.0,979.0,0.0,2968.602
2026-05-19 16:13:11.216,63000,979.0,0.0,979.0,0.0,2968.602
2026-05-19 16:13:11.331,63250,933.038,1.013068431722,932.803,15.953,2875.689
2026-05-19 16:13:11.332,63500,979.0,0.0,979.0,0.0,2736.319
2026-05-19 16:13:11.332,63750,979.0,0.0,979.0,0.0,2736.319
2026-05-19 16:13:11.332,64000,979.0,0.0,979.0,0.0,2736.319
2026-05-19 16:13:11.435,64250,979.0,0.0,979.0,0.0,2736.319
2026-05-19 16:13:11.435,64500,979.0,0.0,979.0,0.0,2736.319
2026-05-19 16:13:11.436,64750,979.0,0.0,979.0,0.0,2736.319
2026-05-19 16:13:11.539,65000,979.0,0.0,979.0,0.0,2736.319
2026-05-19 16:13:11.540,65250,979.0,0.0,979.0,0.0,2736.319
2026-05-19 16:13:11.540,65500,979.0,0.0,979.0,0.0,2736.319
2026-05-19 16:13:11.541,65750,979.0,0.0,979.0,0.0,2736.319
2026-05-19 16:13:11.643,66000,979.0,0.0,979.0,0.0,2736.319
2026-05-19 16:13:11.644,66250,979.0,0.0,979.0,0.0,2736.319
2026-05-19 16:13:11.644,66500,979.0,0.0,979.0,0.0,2736.319
2026-05-19 16:13:11.645,66750,979.0,0.0,979.0,0.0,2736.319
2026-05-19 16:13:11.757,67000,979.0,0.0,979.0,0.0,2736.319
2026-05-19 16:13:11.758,67250,961.525,0.42835179269,961.4,6.664,2540.946
2026-05-19 16:13:11.758,67500,979.0,0.0,979.0,0.0,2492.103
2026-05-19 16:13:11.758,67750,979.0,0.0,979.0,0.0,2492.103
2026-05-19 16:13:11.869,68000,970.059,-1.113550132612,969.177,-18.13,2515.952
2026-05-19 16:13:11.870,68250,979.0,0.0,979.0,0.0,2492.103
2026-05-19 16:13:11.870,68500,952.176,-3.340650397835,949.532,-54.389,2563.652
2026-05-19 16:13:11.871,68750,943.235,-4.454200530447,939.709,-72.518,2587.501
2026-05-19 16:13:11.984,69000,934.294,-5.567750663059,929.886,-90.648,2611.351
2026-05-19 16:13:11.985,69250,979.0,0.0,979.0,0.0,2611.351
2026-05-19 16:13:11.985,69500,979.0,0.0,979.0,0.0,2611.351
2026-05-19 16:13:11.986,69750,979.0,0.0,979.0,0.0,2611.351
2026-05-19 16:13:12.089,70000,979.0,0.0,979.0,0.0,2611.351
2026-05-19 16:13:12.089,70250,979.0,0.0,979.0,0.0,2611.351
2026-05-19 16:13:12.090,70500,979.0,0.0,979.0,0.0,2611.351
2026-05-19 16:13:12.090,70750,979.0,0.0,979.0,0.0,2611.351
2026-05-19 16:13:12.199,71000,979.0,0.0,979.0,0.0,2611.351
2026-05-19 16:13:12.200,71250,979.0,0.0,979.0,0.0,2611.351
2026-05-19 16:13:12.200,71500,979.0,0.0,979.0,0.0,2611.351
2026-05-19 16:13:12.201,71750,979.0,0.0,979.0,0.0,2611.351
2026-05-19 16:13:12.304,72000,923.946,-6.023390614508,918.845,-96.954,2359.568
2026-05-19 16:13:12.305,72250,1014.001,3.614034368705,1010.564,65.311,2279.954
2026-05-19 16:13:12.305,72500,1037.334,6.023390614508,1031.607,108.852,2226.878
2026-05-19 16:13:12.306,72750,979.0,0.0,979.0,0.0,2226.878
2026-05-19 16:13:12.419,73000,979.0,0.0,979.0,0.0,2226.878
2026-05-19 16:13:12.419,73250,979.0,0.0,979.0,0.0,2226.878
2026-05-19 16:13:12.420,73500,979.0,0.0,979.0,0.0,2226.878
2026-05-19 16:13:12.420,73750,979.0,0.0,979.0,0.0,2226.878
2026-05-19 16:13:12.526,74000,979.0,0.0,979.0,0.0,2226.878
2026-05-19 16:13:12.526,74250,979.0,0.0,979.0,0.0,2226.878
2026-05-19 16:13:12.526,74500,979.0,0.0,979.0,0.0,2226.878
2026-05-19 16:13:12.638,74750,979.0,0.0,979.0,0.0,2226.878
2026-05-19 16:13:12.638,75000,979.0,0.0,979.0,0.0,2226.878
2026-05-19 16:13:12.638,75250,979.0,0.0,979.0,0.0,2226.878
2026-05-19 16:13:12.639,75500,979.0,0.0,979.0,0.0,2226.878
2026-05-19 16:13:12.639,75750,979.0,0.0,979.0,0.0,2226.878
2026-05-19 16:13:12.752,76000,979.0,0.0,979.0,0.0,2226.878
2026-05-19 16:13:12.753,76250,979.0,0.0,979.0,0.0,2226.878
2026-05-19 16:13:12.753,76500,979.0,0.0,979.0,0.0,2226.878
2026-05-19 16:13:12.754,76750,979.0,0.0,979.0,0.0,2226.878
2026-05-19 16:13:12.754,77000,979.0,0.0,979.0,0.0,2226.878
2026-05-19 16:13:12.869,77250,979.0,0.0,979.0,0.0,2226.878
2026-05-19 16:13:12.870,77500,979.0,0.0,979.0,0.0,2226.878
2026-05-19 16:13:12.870,77750,979.0,0.0,979.0,0.0,1996.867
2026-05-19 16:13:12.871,78000,979.0,0.0,979.0,0.0,1996.867
2026-05-19 16:13:12.871,78250,979.0,0.0,979.0,0.0,1996.867
2026-05-19 16:13:12.985,78500,979.0,0.0,979.0,0.0,1996.867
2026-05-19 16:13:12.985,78750,979.0,0.0,979.0,0.0,1996.867
2026-05-19 16:13:12.986,79000,979.0,0.0,979.0,0.0,1996.867
2026-05-19 16:13:12.986,79250,979.0,0.0,979.0,0.0,1996.867
2026-05-19 16:13:12.987,79500,979.0,0.0,979.0,0.0,1996.867
2026-05-19 16:13:13.089,79750,979.0,0.0,979.0,0.0,1996.867
2026-05-19 16:13:13.090,80000,979.0,0.0,979.0,0.0,1996.867
2026-05-19 16:13:13.090,80250,979.0,0.0,979.0,0.0,1996.867
2026-05-19 16:13:13.091,80500,979.0,0.0,979.0,0.0,1996.867
2026-05-19 16:13:13.091,80750,979.0,0.0,979.0,0.0,1996.867
2026-05-19 16:13:13.204,81000,979.0,0.0,979.0,0.0,1996.867
2026-05-19 16:13:13.204,81250,979.0,0.0,979.0,0.0,1996.867
2026-05-19 16:13:13.205,81500,979.0,0.0,979.0,0.0,1996.867
2026-05-19 16:13:13.205,81750,979.0,0.0,979.0,0.0,1996.867
2026-05-19 16:13:13.314,82000,979.0,0.0,979.0,0.0,1887.867
2026-05-19 16:13:13.314,82250,979.0,0.0,979.0,0.0,1887.867
2026-05-19 16:13:13.315,82500,979.0,0.0,979.0,0.0,1887.867
2026-05-19 16:13:13.315,82750,979.0,0.0,979.0,0.0,1887.867
2026-05-19 16:13:13.316,83000,979.0,0.0,979.0,0.0,1887.867
2026-05-19 16:13:13.421,83250,979.0,0.0,979.0,0.0,1887.867
2026-05-19 16:13:13.422,83500,979.0,0.0,979.0,0.0,1662.085
2026-05-19 16:13:13.422,83750,979.0,0.0,979.0,0.0,1662.085
2026-05-19 16:13:13.422,84000,979.0,0.0,979.0,0.0,1662.085
2026-05-19 16:13:13.423,84250,979.0,0.0,979.0,0.0,1662.085
2026-05-19 16:13:13.531,84500,979.0,0.0,979.0,0.0,1662.085
2026-05-19 16:13:13.531,84750,979.0,0.0,979.0,0.0,1662.085
2026-05-19 16:13:13.532,85000,979.0,0.0,979.0,0.0,1662.085
2026-05-19 16:13:13.532,85250,979.0,0.0,979.0,0.0,1662.085
2026-05-19 16:13:13.533,85500,979.0,0.0,979.0,0.0,1662.085
2026-05-19 16:13:13.643,85750,979.0,0.0,979.0,0.0,1662.085
2026-05-19 16:13:13.643,86000,979.0,0.0,979.0,0.0,1662.085
2026-05-19 16:13:13.644,86250,979.0,0.0,979.0,0.0,1662.085
2026-05-19 16:13:13.644,86500,979.0,0.0,979.0,0.0,1662.085
2026-05-19 16:13:13.644,86750,979.0,0.0,979.0,0.0,1662.085
2026-05-19 16:13:13.752,87000,979.0,0.0,979.0,0.0,1662.085
2026-05-19 16:13:13.752,87250,979.0,0.0,979.0,0.0,1662.085
2026-05-19 16:13:13.753,87500,979.0,0.0,979.0,0.0,1662.085
2026-05-19 16:13:13.753,87750,979.0,0.0,979.0,0.0,1662.085
2026-05-19 16:13:13.870,88000,979.0,0.0,979.0,0.0,1662.085
2026-05-19 16:13:13.872,88250,979.0,0.0,979.0,0.0,1662.085
2026-05-19 16:13:13.876,88500,979.0,0.0,979.0,0.0,1662.085
2026-05-19 16:13:13.880,88750,979.0,0.0,979.0,0.0,1662.085
2026-05-19 16:13:13.888,89000,979.0,0.0,979.0,0.0,1662.085
2026-05-19 16:13:13.888,89250,925.812,1.759401150057,924.815,25.954,1526.635
2026-05-19 16:13:14.004,89500,979.0,0.0,979.0,0.0,1436.336
2026-05-19 16:13:14.005,89750,979.0,0.0,979.0,0.0,1436.336
2026-05-19 16:13:14.005,90000,979.0,0.0,979.0,0.0,1436.336
2026-05-19 16:13:14.006,90250,979.0,0.0,979.0,0.0,1436.336
2026-05-19 16:13:14.006,90500,933.304,-5.941196140614,925.235,-93.153,1391.641
2026-05-19 16:13:14.113,90750,979.0,0.0,979.0,0.0,1324.598
2026-05-19 16:13:14.113,91000,979.0,0.0,979.0,0.0,1324.598
2026-05-19 16:13:14.114,91250,979.0,0.0,979.0,0.0,1324.598
2026-05-19 16:13:14.114,91500,979.0,0.0,979.0,0.0,1324.598
2026-05-19 16:13:14.115,91750,979.0,0.0,979.0,0.0,1324.598
2026-05-19 16:13:14.229,92000,979.0,0.0,979.0,0.0,1324.598
2026-05-19 16:13:14.230,92250,979.0,0.0,979.0,0.0,1324.598
2026-05-19 16:13:14.231,92500,979.0,0.0,979.0,0.0,1324.598
2026-05-19 16:13:14.231,92750,979.0,0.0,979.0,0.0,1324.598
2026-05-19 16:13:14.231,93000,979.0,0.0,979.0,0.0,1324.598
2026-05-19 16:13:14.336,93250,979.0,0.0,979.0,0.0,1324.598
2026-05-19 16:13:14.336,93500,979.0,0.0,979.0,0.0,1324.598
2026-05-19 16:13:14.337,93750,979.0,0.0,979.0,0.0,1324.598
2026-05-19 16:13:14.337,94000,979.0,0.0,979.0,0.0,1324.598
2026-05-19 16:13:14.337,94250,979.0,0.0,979.0,0.0,1324.598
2026-05-19 16:13:14.451,94500,979.0,0.0,979.0,0.0,1324.598
2026-05-19 16:13:14.452,94750,979.0,0.0,979.0,0.0,1324.598
2026-05-19 16:13:14.452,95000,979.0,0.0,979.0,0.0,1324.598
2026-05-19 16:13:14.453,95250,1025.474,-1.012483713268,1024.529,-21.379,1273.78
2026-05-19 16:13:14.453,95500,979.0,0.0,979.0,0.0,1070.507
2026-05-19 16:13:14.561,95750,979.0,0.0,979.0,0.0,1070.507
2026-05-19 16:13:14.562,96000,979.0,0.0,979.0,0.0,1070.507
2026-05-19 16:13:14.563,96250,979.0,0.0,979.0,0.0,1070.507
2026-05-19 16:13:14.563,96500,979.0,0.0,979.0,0.0,1070.507
2026-05-19 16:13:14.564,96750,979.0,0.0,979.0,0.0,1070.507
2026-05-19 16:13:14.669,97000,979.0,0.0,979.0,0.0,1070.507
2026-05-19 16:13:14.670,97250,979.0,0.0,979.0,0.0,1070.507
2026-05-19 16:13:14.670,97500,979.0,0.0,979.0,0.0,1070.507
2026-05-19 16:13:14.671,97750,979.0,0.0,979.0,0.0,1070.507
2026-05-19 16:13:14.790,98000,979.0,0.0,979.0,0.0,1070.507
2026-05-19 16:13:14.790,98250,979.0,0.0,979.0,0.0,1070.507
2026-05-19 16:13:14.791,98500,979.0,0.0,979.0,0.0,1070.507
2026-05-19 16:13:14.791,98750,979.0,0.0,979.0,0.0,1070.507
2026-05-19 16:13:14.791,99000,979.0,0.0,979.0,0.0,1070.507
2026-05-19 16:13:14.904,99250,979.0,0.0,979.0,0.0,1070.507
2026-05-19 16:13:14.905,99500,979.0,0.0,979.0,0.0,1070.507
2026-05-19 16:13:14.905,99750,979.0,0.0,979.0,0.0,1070.507
2026-05-19 16:13:14.906,100000,979.0,0.0,979.0,0.0,1070.507
2026-05-19 16:13:15.475,10000,979.0,0.0,979.0,0.0,9286.314
2026-05-19 16:13:15.650,10250,979.0,0.0,979.0,0.0,9286.314
2026-05-19 16:13:15.800,10500,979.0,0.0,979.0,0.0,9286.314
2026-05-19 16:13:15.919,10750,971.832,1.560988646146,971.471,26.474,9354.811
2026-05-19 16:13:16.033,11000,979.0,0.0,979.0,0.0,9354.811
2026-05-19 16:13:16.139,11250,973.792,-0.089159180113,973.786,-1.483,9155.734
2026-05-19 16:13:16.351,11500,975.908,0.591963267064,975.778,10.034,9134.955
2026-05-19 16:13:16.470,11750,979.0,0.0,979.0,0.0,9178.44
2026-05-19 16:13:16.589,12000,979.0,0.0,979.0,0.0,9178.44
2026-05-19 16:13:16.703,12250,979.0,0.0,979.0,0.0,9178.44
2026-05-19 16:13:16.815,12500,984.05,0.103550263185,984.042,1.815,9211.704
2026-05-19 16:13:16.931,12750,1004.25,0.517751315924,1004.209,9.075,9025.481
2026-05-19 16:13:17.046,13000,979.0,0.0,979.0,0.0,9025.481
2026-05-19 16:13:17.156,13250,980.848,-0.287603676373,980.786,-4.96,9093.622
2026-05-19 16:13:17.269,13500,979.0,0.0,979.0,0.0,9110.657
2026-05-19 16:13:17.389,13750,979.0,0.0,979.0,0.0,9110.657
2026-05-19 16:13:17.505,14000,979.0,0.0,979.0,0.0,8971.41
2026-05-19 16:13:17.609,14250,979.0,0.0,979.0,0.0,8971.41
2026-05-19 16:13:17.724,14500,979.0,0.0,979.0,0.0,8971.41
2026-05-19 16:13:17.829,14750,972.049,0.914447904017,971.844,15.438,9035.867
2026-05-19 16:13:17.935,15000,994.376,0.417832049251,994.35,7.251,8938.448
2026-05-19 16:13:18.052,15250,979.0,0.0,979.0,0.0,8938.448
2026-05-19 16:13:18.170,15500,979.0,0.0,979.0,0.0,8938.448
2026-05-19 16:13:18.284,15750,979.0,0.0,979.0,0.0,9052.108
2026-05-19 16:13:18.284,16000,979.0,0.0,979.0,0.0,8828.731
2026-05-19 16:13:18.389,16250,979.0,0.0,979.0,0.0,8828.731
2026-05-19 16:13:18.503,16500,983.069,-0.444402313849,982.994,-7.672,8883.766
2026-05-19 16:13:18.606,16750,960.033,-0.622912351066,959.962,-10.385,8877.251
2026-05-19 16:13:18.720,17000,979.0,0.0,979.0,0.0,8704.426
2026-05-19 16:13:18.835,17250,947.64,-0.278150240412,947.552,-4.689,8757.246
2026-05-19 16:13:18.836,17500,979.0,0.0,979.0,0.0,8836.474
2026-05-19 16:13:18.945,17750,979.0,0.0,979.0,0.0,8611.81
2026-05-19 16:13:19.052,18000,979.0,0.0,979.0,0.0,8611.81
2026-05-19 16:13:19.169,18250,979.0,0.0,979.0,0.0,8386.009
2026-05-19 16:13:19.289,18500,979.0,0.0,979.0,0.0,8531.103
2026-05-19 16:13:19.291,18750,979.0,0.0,979.0,0.0,8531.103
2026-05-19 16:13:19.405,19000,979.0,0.0,979.0,0.0,8531.103
2026-05-19 16:13:19.519,19250,979.0,0.0,979.0,0.0,8318.223
2026-05-19 16:13:19.521,19500,964.456,-0.653200280028,964.352,-10.884,8381.639
2026-05-19 16:13:19.635,19750,974.152,-0.217733426676,974.117,-3.628,8297.795
2026-05-19 16:13:19.749,20000,979.0,0.0,979.0,0.0,8255.872
2026-05-19 16:13:19.752,20250,979.0,0.0,979.0,0.0,8255.872
2026-05-19 16:13:19.869,20500,979.0,0.0,979.0,0.0,8055.627
2026-05-19 16:13:19.975,20750,979.0,0.0,979.0,0.0,8210.115
2026-05-19 16:13:19.975,21000,959.182,-1.005522859644,959.034,-16.832,8210.115
2026-05-19 16:13:20.089,21250,979.0,0.0,979.0,0.0,8043.919
2026-05-19 16:13:20.205,21500,979.0,0.0,979.0,0.0,8043.919
2026-05-19 16:13:20.205,21750,979.0,0.0,979.0,0.0,7856.622
2026-05-19 16:13:20.320,22000,979.0,0.0,979.0,0.0,8030.595
2026-05-19 16:13:20.436,22250,979.0,0.0,979.0,0.0,8030.595
2026-05-19 16:13:20.436,22500,979.0,0.0,979.0,0.0,7842.522
2026-05-19 16:13:20.539,22750,979.0,0.0,979.0,0.0,7842.522
2026-05-19 16:13:20.646,23000,979.0,0.0,979.0,0.0,7658.862
2026-05-19 16:13:20.647,23250,979.0,0.0,979.0,0.0,7658.862
2026-05-19 16:13:20.749,23500,979.0,0.0,979.0,0.0,7658.862
2026-05-19 16:13:20.853,23750,979.0,0.0,979.0,0.0,7498.755
2026-05-19 16:13:20.853,24000,979.0,0.0,979.0,0.0,7683.264
2026-05-19 16:13:20.969,24250,979.0,0.0,979.0,0.0,7515.704
2026-05-19 16:13:20.969,24500,979.0,0.0,979.0,0.0,7515.704
2026-05-19 16:13:21.089,24750,979.0,0.0,979.0,0.0,7515.704
2026-05-19 16:13:21.090,25000,979.0,0.0,979.0,0.0,7360.845
2026-05-19 16:13:21.204,25250,979.0,0.0,979.0,0.0,7360.845
2026-05-19 16:13:21.314,25500,979.0,0.0,979.0,0.0,7206.363
2026-05-19 16:13:21.314,25750,979.0,0.0,979.0,0.0,7206.363
2026-05-19 16:13:21.431,26000,979.0,0.0,979.0,0.0,7206.363
2026-05-19 16:13:21.431,26250,979.0,0.0,979.0,0.0,7078.333
2026-05-19 16:13:21.536,26500,990.951,1.0182977881,990.688,17.751,6993.649
2026-05-19 16:13:21.537,26750,979.0,0.0,979.0,0.0,6937.194
2026-05-19 16:13:21.648,27000,979.0,0.0,979.0,0.0,6937.194
2026-05-19 16:13:21.649,27250,979.0,0.0,979.0,0.0,6937.194
2026-05-19 16:13:21.769,27500,979.0,0.0,979.0,0.0,6804.488
2026-05-19 16:13:21.770,27750,979.0,0.0,979.0,0.0,6804.488
2026-05-19 16:13:21.884,28000,979.0,0.0,979.0,0.0,6670.342
2026-05-19 16:13:21.884,28250,979.0,0.0,979.0,0.0,6670.342
2026-05-19 16:13:22.002,28500,979.0,0.0,979.0,0.0,6670.342
2026-05-19 16:13:22.002,28750,979.0,0.0,979.0,0.0,6557.083
2026-05-19 16:13:22.105,29000,979.0,0.0,979.0,0.0,6557.083
2026-05-19 16:13:22.105,29250,979.0,0.0,979.0,0.0,6439.888
2026-05-19 16:13:22.216,29500,979.0,0.0,979.0,0.0,6439.888
2026-05-19 16:13:22.216,29750,979.0,0.0,979.0,0.0,6439.888
2026-05-19 16:13:22.331,30000,979.0,0.0,979.0,0.0,6329.513
2026-05-19 16:13:22.331,30250,979.0,0.0,979.0,0.0,6329.513
2026-05-19 16:13:22.435,30500,979.0,0.0,979.0,0.0,6231.235
2026-05-19 16:13:22.436,30750,979.0,0.0,979.0,0.0,6231.235
2026-05-19 16:13:22.545,31000,979.0,0.0,979.0,0.0,6231.235
2026-05-19 16:13:22.545,31250,979.0,0.0,979.0,0.0,6132.743
2026-05-19 16:13:22.654,31500,979.0,0.0,979.0,0.0,6132.743
2026-05-19 16:13:22.655,31750,991.55,2.244440913935,990.789,38.832,6055.123
2026-05-19 16:13:22.758,32000,956.115,0.423896784232,956.072,6.961,5960.761
2026-05-19 16:13:22.758,32250,979.0,0.0,979.0,0.0,5819.217
2026-05-19 16:13:22.869,32500,979.0,0.0,979.0,0.0,5745.191
2026-05-19 16:13:22.870,32750,979.0,0.0,979.0,0.0,5745.191
2026-05-19 16:13:22.987,33000,979.0,0.0,979.0,0.0,5745.191
2026-05-19 16:13:22.987,33250,979.0,0.0,979.0,0.0,5682.385
2026-05-19 16:13:23.090,33500,979.0,0.0,979.0,0.0,5682.385
2026-05-19 16:13:23.092,33750,979.0,0.0,979.0,0.0,5682.385
2026-05-19 16:13:23.094,34000,979.0,0.0,979.0,0.0,5630.485
2026-05-19 16:13:23.199,34250,979.0,0.0,979.0,0.0,5379.444
2026-05-19 16:13:23.200,34500,979.0,0.0,979.0,0.0,5379.444
2026-05-19 16:13:23.314,34750,979.0,0.0,979.0,0.0,5339.018
2026-05-19 16:13:23.315,35000,979.0,0.0,979.0,0.0,5339.018
2026-05-19 16:13:23.430,35250,979.0,0.0,979.0,0.0,5339.018
2026-05-19 16:13:23.430,35500,979.0,0.0,979.0,0.0,5311.955
2026-05-19 16:13:23.431,35750,934.391,0.237811716413,934.383,3.878,5311.955
2026-05-19 16:13:23.536,36000,979.0,0.0,979.0,0.0,5069.911
2026-05-19 16:13:23.537,36250,979.0,0.0,979.0,0.0,5053.16
2026-05-19 16:13:23.647,36500,979.0,0.0,979.0,0.0,5053.16
2026-05-19 16:13:23.647,36750,979.0,0.0,979.0,0.0,5053.16
2026-05-19 16:13:23.750,37000,979.0,0.0,979.0,0.0,5052.649
2026-05-19 16:13:23.751,37250,979.0,0.0,979.0,0.0,4801.84
2026-05-19 16:13:23.751,37500,979.0,0.0,979.0,0.0,4801.84
2026-05-19 16:13:23.869,37750,979.0,0.0,979.0,0.0,4801.84
2026-05-19 16:13:23.870,38000,979.0,0.0,979.0,0.0,4819.526
2026-05-19 16:13:23.985,38250,979.0,0.0,979.0,0.0,4819.526
2026-05-19 16:13:23.986,38500,979.0,0.0,979.0,0.0,4819.526
2026-05-19 16:13:23.986,38750,979.0,0.0,979.0,0.0,4591.487
2026-05-19 16:13:24.099,39000,979.0,0.0,979.0,0.0,4591.487
2026-05-19 16:13:24.100,39250,979.0,0.0,979.0,0.0,4591.487
2026-05-19 16:13:24.100,39500,979.0,0.0,979.0,0.0,4591.487
2026-05-19 16:13:24.204,39750,979.0,0.0,979.0,0.0,4637.368
2026-05-19 16:13:24.205,40000,979.0,0.0,979.0,0.0,4380.519
2026-05-19 16:13:24.315,40250,979.0,0.0,979.0,0.0,4380.519
2026-05-19 16:13:24.315,40500,979.0,0.0,979.0,0.0,4380.519
2026-05-19 16:13:24.316,40750,979.0,0.0,979.0,0.0,4380.519
2026-05-19 16:13:24.432,41000,979.0,0.0,979.0,0.0,4449.44
2026-05-19 16:13:24.432,41250,979.0,0.0,979.0,0.0,4262.566
2026-05-19 16:13:24.539,41500,979.0,0.0,979.0,0.0,4262.566
2026-05-19 16:13:24.539,41750,960.683,3.218750224387,959.168,53.941,4343.838
2026-05-19 16:13:24.540,42000,979.0,0.0,979.0,0.0,4343.838
2026-05-19 16:13:24.657,42250,979.0,0.0,979.0,0.0,4343.838
2026-05-19 16:13:24.657,42500,979.0,0.0,979.0,0.0,4101.722
2026-05-19 16:13:24.658,42750,979.0,0.0,979.0,0.0,4101.722
2026-05-19 16:13:24.769,43000,979.0,0.0,979.0,0.0,4101.722
2026-05-19 16:13:24.769,43250,979.0,0.0,979.0,0.0,4198.29
2026-05-19 16:13:24.770,43500,979.0,0.0,979.0,0.0,4198.29
2026-05-19 16:13:24.889,43750,979.0,0.0,979.0,0.0,3960.624
2026-05-19 16:13:24.890,44000,979.0,0.0,979.0,0.0,3960.624
2026-05-19 16:13:24.890,44250,979.0,0.0,979.0,0.0,3960.624
2026-05-19 16:13:25.004,44500,979.0,0.0,979.0,0.0,3960.624
2026-05-19 16:13:25.005,44750,979.0,0.0,979.0,0.0,4081.427
2026-05-19 16:13:25.005,45000,979.0,0.0,979.0,0.0,3861.35
2026-05-19 16:13:25.116,45250,979.0,0.0,979.0,0.0,3861.35
2026-05-19 16:13:25.116,45500,979.0,0.0,979.0,0.0,3861.35
2026-05-19 16:13:25.117,45750,979.0,0.0,979.0,0.0,3861.35
2026-05-19 16:13:25.232,46000,979.0,0.0,979.0,0.0,3655.855
2026-05-19 16:13:25.233,46250,996.925,-1.459649712383,996.095,-26.065,3756.262
2026-05-19 16:13:25.233,46500,979.0,0.0,979.0,0.0,3823.201
2026-05-19 16:13:25.336,46750,979.0,0.0,979.0,0.0,3823.201
2026-05-19 16:13:25.336,47000,979.0,0.0,979.0,0.0,3823.201
2026-05-19 16:13:25.337,47250,979.0,0.0,979.0,0.0,3625.638
2026-05-19 16:13:25.451,47500,979.0,0.0,979.0,0.0,3625.638
2026-05-19 16:13:25.452,47750,979.0,0.0,979.0,0.0,3625.638
2026-05-19 16:13:25.452,48000,979.0,0.0,979.0,0.0,3625.638
2026-05-19 16:13:25.569,48250,979.0,0.0,979.0,0.0,3625.638
2026-05-19 16:13:25.570,48500,979.0,0.0,979.0,0.0,3618.973
2026-05-19 16:13:25.570,48750,979.0,0.0,979.0,0.0,3618.973
2026-05-19 16:13:25.674,49000,979.0,0.0,979.0,0.0,3618.973
2026-05-19 16:13:25.675,49250,979.0,0.0,979.0,0.0,3618.973
2026-05-19 16:13:25.675,49500,949.632,-1.860441955751,948.815,-30.185,3546.598
2026-05-19 16:13:25.784,49750,979.0,0.0,979.0,0.0,3438.037
2026-05-19 16:13:25.785,50000,979.0,0.0,979.0,0.0,3438.037
2026-05-19 16:13:25.785,50250,979.0,0.0,979.0,0.0,3438.037
2026-05-19 16:13:25.889,50500,979.0,0.0,979.0,0.0,3438.037
2026-05-19 16:13:25.890,50750,979.0,0.0,979.0,0.0,3438.037
2026-05-19 16:13:25.891,51000,979.0,0.0,979.0,0.0,3448.719
2026-05-19 16:13:26.005,51250,979.0,0.0,979.0,0.0,3448.719
2026-05-19 16:13:26.005,51500,979.0,0.0,979.0,0.0,3448.719
2026-05-19 16:13:26.005,51750,979.0,0.0,979.0,0.0,3448.719
2026-05-19 16:13:26.006,52000,979.0,0.0,979.0,0.0,3448.719
2026-05-19 16:13:26.110,52250,954.499,-2.193532953208,953.353,-35.893,3391.178
2026-05-19 16:13:26.110,52500,979.0,0.0,979.0,0.0,3304.868
2026-05-19 16:13:26.111,52750,979.0,0.0,979.0,0.0,3304.868
2026-05-19 16:13:26.215,53000,979.0,0.0,979.0,0.0,3304.868
2026-05-19 16:13:26.216,53250,979.0,0.0,979.0,0.0,3304.868
2026-05-19 16:13:26.216,53500,979.0,0.0,979.0,0.0,3304.868
2026-05-19 16:13:26.331,53750,942.394,-3.779760395,940.344,-62.124,3304.868
2026-05-19 16:13:26.331,54000,979.0,0.0,979.0,0.0,3181.295
2026-05-19 16:13:26.331,54250,979.0,0.0,979.0,0.0,3181.295
2026-05-19 16:13:26.436,54500,979.0,0.0,979.0,0.0,3181.295
2026-05-19 16:13:26.437,54750,979.0,0.0,979.0,0.0,3181.295
2026-05-19 16:13:26.437,55000,979.0,0.0,979.0,0.0,3181.295
2026-05-19 16:13:26.438,55250,979.0,0.0,979.0,0.0,3181.295
2026-05-19 16:13:26.551,55500,944.564,-4.202265832369,942.024,-69.215,3181.295
2026-05-19 16:13:26.552,55750,979.0,0.0,979.0,0.0,3069.393
2026-05-19 16:13:26.552,56000,979.0,0.0,979.0,0.0,3069.393
2026-05-19 16:13:26.669,56250,979.0,0.0,979.0,0.0,3069.393
2026-05-19 16:13:26.670,56500,979.0,0.0,979.0,0.0,3069.393
2026-05-19 16:13:26.670,56750,979.0,0.0,979.0,0.0,3069.393
2026-05-19 16:13:26.671,57000,979.0,0.0,979.0,0.0,3069.393
2026-05-19 16:13:26.789,57250,979.0,0.0,979.0,0.0,3069.393
2026-05-19 16:13:26.790,57500,979.0,0.0,979.0,0.0,3069.393
2026-05-19 16:13:26.790,57750,979.0,0.0,979.0,0.0,3069.393
2026-05-19 16:13:26.894,58000,937.022,6.321979856173,931.324,103.181,3206.9
2026-05-19 16:13:26.895,58250,906.252,1.463962538707,905.957,23.153,3206.9
2026-05-19 16:13:26.895,58500,979.0,0.0,979.0,0.0,3206.9
2026-05-19 16:13:26.896,58750,995.639,3.495923823023,993.314,60.944,3153.529
2026-05-19 16:13:27.001,59000,999.799,4.369904778779,996.892,76.18,3140.187
2026-05-19 16:13:27.002,59250,979.0,0.0,979.0,0.0,3140.187
2026-05-19 16:13:27.002,59500,958.634,-4.369904778779,955.847,-73.043,3206.9
2026-05-19 16:13:27.105,59750,1004.805,-5.248282302003,1000.472,-92.374,3063.921
2026-05-19 16:13:27.105,60000,979.0,0.0,979.0,0.0,2968.602
2026-05-19 16:13:27.105,60250,979.0,0.0,979.0,0.0,2968.602
2026-05-19 16:13:27.214,60500,979.0,0.0,979.0,0.0,2968.602
2026-05-19 16:13:27.215,60750,979.0,0.0,979.0,0.0,2968.602
2026-05-19 16:13:27.215,61000,979.0,0.0,979.0,0.0,2968.602
2026-05-19 16:13:27.215,61250,979.0,0.0,979.0,0.0,2968.602
2026-05-19 16:13:27.331,61500,979.0,0.0,979.0,0.0,2968.602
2026-05-19 16:13:27.331,61750,979.0,0.0,979.0,0.0,2968.602
2026-05-19 16:13:27.331,62000,979.0,0.0,979.0,0.0,2968.602
2026-05-19 16:13:27.332,62250,979.0,0.0,979.0,0.0,2968.602
2026-05-19 16:13:27.435,62500,979.0,0.0,979.0,0.0,2968.602
2026-05-19 16:13:27.436,62750,979.0,0.0,979.0,0.0,2968.602
2026-05-19 16:13:27.436,63000,979.0,0.0,979.0,0.0,2968.602
2026-05-19 16:13:27.436,63250,933.038,1.013068431722,932.803,15.953,2875.689
2026-05-19 16:13:27.551,63500,979.0,0.0,979.0,0.0,2736.319
2026-05-19 16:13:27.552,63750,979.0,0.0,979.0,0.0,2736.319
2026-05-19 16:13:27.552,64000,979.0,0.0,979.0,0.0,2736.319
2026-05-19 16:13:27.553,64250,979.0,0.0,979.0,0.0,2736.319
2026-05-19 16:13:27.669,64500,979.0,0.0,979.0,0.0,2736.319
2026-05-19 16:13:27.670,64750,979.0,0.0,979.0,0.0,2736.319
2026-05-19 16:13:27.670,65000,979.0,0.0,979.0,0.0,2736.319
2026-05-19 16:13:27.670,65250,979.0,0.0,979.0,0.0,2736.319
2026-05-19 16:13:27.789,65500,979.0,0.0,979.0,0.0,2736.319
2026-05-19 16:13:27.790,65750,979.0,0.0,979.0,0.0,2736.319
2026-05-19 16:13:27.790,66000,979.0,0.0,979.0,0.0,2736.319
2026-05-19 16:13:27.791,66250,979.0,0.0,979.0,0.0,2736.319
2026-05-19 16:13:27.791,66500,979.0,0.0,979.0,0.0,2736.319
2026-05-19 16:13:27.900,66750,979.0,0.0,979.0,0.0,2736.319
2026-05-19 16:13:27.901,67000,979.0,0.0,979.0,0.0,2736.319
2026-05-19 16:13:27.901,67250,961.525,0.42835179269,961.4,6.664,2540.946
2026-05-19 16:13:27.902,67500,979.0,0.0,979.0,0.0,2492.103
2026-05-19 16:13:28.004,67750,979.0,0.0,979.0,0.0,2492.103
2026-05-19 16:13:28.005,68000,970.059,-1.113550132612,969.177,-18.13,2515.952
2026-05-19 16:13:28.005,68250,979.0,0.0,979.0,0.0,2492.103
2026-05-19 16:13:28.120,68500,952.176,-3.340650397835,949.532,-54.389,2563.652
2026-05-19 16:13:28.120,68750,952.176,-3.340650397835,949.532,-54.389,2563.652
2026-05-19 16:13:28.120,69000,934.294,-5.567750663059,929.886,-90.648,2611.351
2026-05-19 16:13:28.121,69250,979.0,0.0,979.0,0.0,2611.351
2026-05-19 16:13:28.236,69500,979.0,0.0,979.0,0.0,2611.351
2026-05-19 16:13:28.236,69750,979.0,0.0,979.0,0.0,2611.351
2026-05-19 16:13:28.237,70000,979.0,0.0,979.0,0.0,2611.351
2026-05-19 16:13:28.237,70250,979.0,0.0,979.0,0.0,2611.351
2026-05-19 16:13:28.237,70500,979.0,0.0,979.0,0.0,2611.351
2026-05-19 16:13:28.352,70750,979.0,0.0,979.0,0.0,2611.351
2026-05-19 16:13:28.353,71000,979.0,0.0,979.0,0.0,2611.351
2026-05-19 16:13:28.353,71250,979.0,0.0,979.0,0.0,2611.351
2026-05-19 16:13:28.354,71500,979.0,0.0,979.0,0.0,2611.351
2026-05-19 16:13:28.469,71750,979.0,0.0,979.0,0.0,2611.351
2026-05-19 16:13:28.470,72000,923.946,-6.023390614508,918.845,-96.954,2359.568
2026-05-19 16:13:28.470,72250,1002.334,2.409356245803,1000.043,43.541,2306.492
2026-05-19 16:13:28.471,72500,1037.334,6.023390614508,1031.607,108.852,2226.878
2026-05-19 16:13:28.589,72750,979.0,0.0,979.0,0.0,2226.878
2026-05-19 16:13:28.590,73000,979.0,0.0,979.0,0.0,2226.878
2026-05-19 16:13:28.590,73250,979.0,0.0,979.0,0.0,2226.878
2026-05-19 16:13:28.591,73500,979.0,0.0,979.0,0.0,2226.878
2026-05-19 16:13:28.704,73750,979.0,0.0,979.0,0.0,2226.878
2026-05-19 16:13:28.704,74000,979.0,0.0,979.0,0.0,2226.878
2026-05-19 16:13:28.705,74250,979.0,0.0,979.0,0.0,2226.878
2026-05-19 16:13:28.705,74500,979.0,0.0,979.0,0.0,2226.878
2026-05-19 16:13:28.816,74750,979.0,0.0,979.0,0.0,2226.878
2026-05-19 16:13:28.817,75000,979.0,0.0,979.0,0.0,2226.878
2026-05-19 16:13:28.817,75250,979.0,0.0,979.0,0.0,2226.878
2026-05-19 16:13:28.818,75500,979.0,0.0,979.0,0.0,2226.878
2026-05-19 16:13:28.818,75750,979.0,0.0,979.0,0.0,2226.878
2026-05-19 16:13:28.935,76000,979.0,0.0,979.0,0.0,2226.878
2026-05-19 16:13:28.936,76250,979.0,0.0,979.0,0.0,2226.878
2026-05-19 16:13:28.937,76500,979.0,0.0,979.0,0.0,2226.878
2026-05-19 16:13:28.937,76750,979.0,0.0,979.0,0.0,2226.878
2026-05-19 16:13:28.937,77000,979.0,0.0,979.0,0.0,2226.878
2026-05-19 16:13:29.047,77250,979.0,0.0,979.0,0.0,2226.878
2026-05-19 16:13:29.048,77500,979.0,0.0,979.0,0.0,2226.878
2026-05-19 16:13:29.048,77750,979.0,0.0,979.0,0.0,1996.867
2026-05-19 16:13:29.048,78000,979.0,0.0,979.0,0.0,1996.867
2026-05-19 16:13:29.049,78250,979.0,0.0,979.0,0.0,1996.867
2026-05-19 16:13:29.169,78500,979.0,0.0,979.0,0.0,1996.867
2026-05-19 16:13:29.170,78750,979.0,0.0,979.0,0.0,1996.867
2026-05-19 16:13:29.171,79000,979.0,0.0,979.0,0.0,1996.867
2026-05-19 16:13:29.171,79250,979.0,0.0,979.0,0.0,1996.867
2026-05-19 16:13:29.171,79500,979.0,0.0,979.0,0.0,1996.867
2026-05-19 16:13:29.289,79750,979.0,0.0,979.0,0.0,1996.867
2026-05-19 16:13:29.290,80000,979.0,0.0,979.0,0.0,1996.867
2026-05-19 16:13:29.290,80250,979.0,0.0,979.0,0.0,1996.867
2026-05-19 16:13:29.291,80500,979.0,0.0,979.0,0.0,1996.867
2026-05-19 16:13:29.291,80750,979.0,0.0,979.0,0.0,1996.867
2026-05-19 16:13:29.399,81000,979.0,0.0,979.0,0.0,1996.867
2026-05-19 16:13:29.400,81250,979.0,0.0,979.0,0.0,1996.867
2026-05-19 16:13:29.400,81500,979.0,0.0,979.0,0.0,1996.867
2026-05-19 16:13:29.401,81750,979.0,0.0,979.0,0.0,1996.867
2026-05-19 16:13:29.401,82000,979.0,0.0,979.0,0.0,1887.867
2026-05-19 16:13:29.506,82250,979.0,0.0,979.0,0.0,1887.867
2026-05-19 16:13:29.506,82500,979.0,0.0,979.0,0.0,1887.867
2026-05-19 16:13:29.507,82750,979.0,0.0,979.0,0.0,1887.867
2026-05-19 16:13:29.507,83000,979.0,0.0,979.0,0.0,1887.867
2026-05-19 16:13:29.507,83250,979.0,0.0,979.0,0.0,1887.867
2026-05-19 16:13:29.615,83500,979.0,0.0,979.0,0.0,1662.085
2026-05-19 16:13:29.616,83750,979.0,0.0,979.0,0.0,1662.085
2026-05-19 16:13:29.616,84000,979.0,0.0,979.0,0.0,1662.085
2026-05-19 16:13:29.616,84250,979.0,0.0,979.0,0.0,1662.085
2026-05-19 16:13:29.729,84500,979.0,0.0,979.0,0.0,1662.085
2026-05-19 16:13:29.731,84750,979.0,0.0,979.0,0.0,1662.085
2026-05-19 16:13:29.731,85000,979.0,0.0,979.0,0.0,1662.085
2026-05-19 16:13:29.731,85250,979.0,0.0,979.0,0.0,1662.085
2026-05-19 16:13:29.732,85500,979.0,0.0,979.0,0.0,1662.085
2026-05-19 16:13:29.846,85750,979.0,0.0,979.0,0.0,1662.085
2026-05-19 16:13:29.847,86000,979.0,0.0,979.0,0.0,1662.085
2026-05-19 16:13:29.847,86250,979.0,0.0,979.0,0.0,1662.085
2026-05-19 16:13:29.848,86500,979.0,0.0,979.0,0.0,1662.085
2026-05-19 16:13:29.848,86750,979.0,0.0,979.0,0.0,1662.085
2026-05-19 16:13:29.970,87000,979.0,0.0,979.0,0.0,1662.085
2026-05-19 16:13:29.970,87250,979.0,0.0,979.0,0.0,1662.085
2026-05-19 16:13:29.971,87500,979.0,0.0,979.0,0.0,1662.085
2026-05-19 16:13:29.972,87750,979.0,0.0,979.0,0.0,1662.085
2026-05-19 16:13:29.976,88000,979.0,0.0,979.0,0.0,1662.085
2026-05-19 16:13:29.978,88250,979.0,0.0,979.0,0.0,1662.085
2026-05-19 16:13:30.099,88500,979.0,0.0,979.0,0.0,1662.085
2026-05-19 16:13:30.100,88750,979.0,0.0,979.0,0.0,1662.085
2026-05-19 16:13:30.101,89000,979.0,0.0,979.0,0.0,1662.085
2026-05-19 16:13:30.103,89250,925.812,1.759401150057,924.815,25.954,1526.635
2026-05-19 16:13:30.105,89500,979.0,0.0,979.0,0.0,1436.336
2026-05-19 16:13:30.107,89750,979.0,0.0,979.0,0.0,1436.336
2026-05-19 16:13:30.214,90000,979.0,0.0,979.0,0.0,1436.336
2026-05-19 16:13:30.216,90250,979.0,0.0,979.0,0.0,1436.336
2026-05-19 16:13:30.218,90500,933.304,-5.941196140614,925.235,-93.153,1391.641
2026-05-19 16:13:30.220,90750,979.0,0.0,979.0,0.0,1324.598
2026-05-19 16:13:30.222,91000,979.0,0.0,979.0,0.0,1324.598
2026-05-19 16:13:30.340,91250,979.0,0.0,979.0,0.0,1324.598
2026-05-19 16:13:30.342,91500,979.0,0.0,979.0,0.0,1324.598
2026-05-19 16:13:30.346,91750,979.0,0.0,979.0,0.0,1324.598
2026-05-19 16:13:30.348,92000,979.0,0.0,979.0,0.0,1324.598
2026-05-19 16:13:30.350,92250,979.0,0.0,979.0,0.0,1324.598
2026-05-19 16:13:30.455,92500,979.0,0.0,979.0,0.0,1324.598
2026-05-19 16:13:30.457,92750,979.0,0.0,979.0,0.0,1324.598
2026-05-19 16:13:30.461,93000,979.0,0.0,979.0,0.0,1324.598
2026-05-19 16:13:30.463,93250,979.0,0.0,979.0,0.0,1324.598
2026-05-19 16:13:30.465,93500,979.0,0.0,979.0,0.0,1324.598
2026-05-19 16:13:30.589,93750,979.0,0.0,979.0,0.0,1324.598
2026-05-19 16:13:30.589,94000,979.0,0.0,979.0,0.0,1324.598
2026-05-19 16:13:30.593,94250,979.0,0.0,979.0,0.0,1324.598
2026-05-19 16:13:30.595,94500,979.0,0.0,979.0,0.0,1324.598
2026-05-19 16:13:30.596,94750,979.0,0.0,979.0,0.0,1324.598
2026-05-19 16:13:30.598,95000,979.0,0.0,979.0,0.0,1324.598
2026-05-19 16:13:30.716,95250,1025.474,-1.012483713268,1024.529,-21.379,1273.78
2026-05-19 16:13:30.718,95500,979.0,0.0,979.0,0.0,1070.507
2026-05-19 16:13:30.720,95750,979.0,0.0,979.0,0.0,1070.507
2026-05-19 16:13:30.722,96000,979.0,0.0,979.0,0.0,1070.507
2026-05-19 16:13:30.724,96250,979.0,0.0,979.0,0.0,1070.507
2026-05-19 16:13:30.726,96500,979.0,0.0,979.0,0.0,1070.507
2026-05-19 16:13:30.837,96750,979.0,0.0,979.0,0.0,1070.507
2026-05-19 16:13:30.838,97000,979.0,0.0,979.0,0.0,1070.507
2026-05-19 16:13:30.840,97250,979.0,0.0,979.0,0.0,1070.507
2026-05-19 16:13:30.842,97500,979.0,0.0,979.0,0.0,1070.507
2026-05-19 16:13:30.844,97750,979.0,0.0,979.0,0.0,1070.507
2026-05-19 16:13:30.951,98000,979.0,0.0,979.0,0.0,1070.507
2026-05-19 16:13:30.953,98250,979.0,0.0,979.0,0.0,1070.507
2026-05-19 16:13:30.953,98500,979.0,0.0,979.0,0.0,1070.507
2026-05-19 16:13:30.954,98750,979.0,0.0,979.0,0.0,1070.507
2026-05-19 16:13:30.954,99000,979.0,0.0,979.0,0.0,1070.507
2026-05-19 16:13:31.069,99250,979.0,0.0,979.0,0.0,1070.507
2026-05-19 16:13:31.071,99500,979.0,0.0,979.0,0.0,1070.507
2026-05-19 16:13:31.075,99750,979.0,0.0,979.0,0.0,1070.507
2026-05-19 16:13:31.077,100000,979.0,0.0,979.0,0.0,1070.507
2026-05-19 16:13:31.636,10000,979.0,0.0,979.0,0.0,9286.314
2026-05-19 16:13:31.751,10250,979.0,0.0,979.0,0.0,9286.314
2026-05-19 16:13:31.989,10500,979.0,0.0,979.0,0.0,9286.314
2026-05-19 16:13:32.099,10750,973.265,1.248790916917,972.977,21.179,9341.111
2026-05-19 16:13:32.211,11000,979.0,0.0,979.0,0.0,9354.811
2026-05-19 16:13:32.325,11250,968.583,-0.178318360226,968.572,-2.966,9205.503
2026-05-19 16:13:32.557,11500,975.908,0.591963267064,975.778,10.034,9134.955
2026-05-19 16:13:32.663,11750,979.0,0.0,979.0,0.0,9178.44
2026-05-19 16:13:32.777,12000,979.0,0.0,979.0,0.0,9178.44
2026-05-19 16:13:32.894,12250,979.0,0.0,979.0,0.0,9178.44
2026-05-19 16:13:33.001,12500,979.0,0.0,979.0,0.0,9258.26
2026-05-19 16:13:33.104,12750,999.2,0.414201052739,999.167,7.26,9072.037
2026-05-19 16:13:33.215,13000,979.0,0.0,979.0,0.0,9025.481
2026-05-19 16:13:33.319,13250,986.082,-0.1683224056,986.009,-2.867,9046.181
2026-05-19 16:13:33.431,13500,979.0,0.0,979.0,0.0,9110.657
2026-05-19 16:13:33.541,13750,979.0,0.0,979.0,0.0,9110.657
2026-05-19 16:13:33.650,14000,979.0,0.0,979.0,0.0,8971.41
2026-05-19 16:13:33.763,14250,979.0,0.0,979.0,0.0,8971.41
2026-05-19 16:13:33.879,14500,979.0,0.0,979.0,0.0,8971.41
2026-05-19 16:13:33.985,14750,972.049,0.914447904017,971.844,15.438,9035.867
2026-05-19 16:13:34.099,15000,994.376,0.417832049251,994.35,7.251,8938.448
2026-05-19 16:13:34.214,15250,979.0,0.0,979.0,0.0,8938.448
2026-05-19 16:13:34.331,15500,979.0,0.0,979.0,0.0,8938.448
2026-05-19 16:13:34.435,15750,979.0,0.0,979.0,0.0,9052.108
2026-05-19 16:13:34.553,16000,979.0,0.0,979.0,0.0,8828.731
2026-05-19 16:13:34.553,16250,979.0,0.0,979.0,0.0,8828.731
2026-05-19 16:13:34.669,16500,983.069,-0.444402313849,982.994,-7.672,8883.766
2026-05-19 16:13:34.789,16750,964.775,-0.4671842633,964.722,-7.789,8834.045
2026-05-19 16:13:34.904,17000,979.0,0.0,979.0,0.0,8704.426
2026-05-19 16:13:35.016,17250,950.489,-0.57534161465,950.39,-9.603,8730.836
2026-05-19 16:13:35.017,17500,979.0,0.0,979.0,0.0,8836.474
2026-05-19 16:13:35.131,17750,979.0,0.0,979.0,0.0,8611.81
2026-05-19 16:13:35.245,18000,979.0,0.0,979.0,0.0,8611.81
2026-05-19 16:13:35.349,18250,979.0,0.0,979.0,0.0,8386.009
2026-05-19 16:13:35.464,18500,979.0,0.0,979.0,0.0,8531.103
2026-05-19 16:13:35.464,18750,979.0,0.0,979.0,0.0,8531.103
2026-05-19 16:13:35.579,19000,979.0,0.0,979.0,0.0,8531.103
2026-05-19 16:13:35.684,19250,979.0,0.0,979.0,0.0,8318.223
2026-05-19 16:13:35.799,19500,969.304,-0.435466853352,969.235,-7.256,8339.717
2026-05-19 16:13:35.800,19750,979.0,0.0,979.0,0.0,8255.872
2026-05-19 16:13:35.905,20000,979.0,0.0,979.0,0.0,8255.872
2026-05-19 16:13:36.014,20250,979.0,0.0,979.0,0.0,8255.872
2026-05-19 16:13:36.014,20500,979.0,0.0,979.0,0.0,8055.627
2026-05-19 16:13:36.119,20750,979.0,0.0,979.0,0.0,8210.115
2026-05-19 16:13:36.229,21000,959.182,-1.005522859644,959.034,-16.832,8210.115
2026-05-19 16:13:36.230,21250,979.0,0.0,979.0,0.0,8043.919
2026-05-19 16:13:36.346,21500,979.0,0.0,979.0,0.0,8043.919
2026-05-19 16:13:36.464,21750,979.0,0.0,979.0,0.0,7856.622
2026-05-19 16:13:36.465,22000,979.0,0.0,979.0,0.0,8030.595
2026-05-19 16:13:36.581,22250,979.0,0.0,979.0,0.0,8030.595
2026-05-19 16:13:36.699,22500,979.0,0.0,979.0,0.0,7842.522
2026-05-19 16:13:36.699,22750,979.0,0.0,979.0,0.0,7842.522
2026-05-19 16:13:36.815,23000,979.0,0.0,979.0,0.0,7658.862
2026-05-19 16:13:36.816,23250,979.0,0.0,979.0,0.0,7658.862
2026-05-19 16:13:36.931,23500,979.0,0.0,979.0,0.0,7658.862
2026-05-19 16:13:36.931,23750,979.0,0.0,979.0,0.0,7498.755
2026-05-19 16:13:37.044,24000,979.0,0.0,979.0,0.0,7683.264
2026-05-19 16:13:37.163,24250,979.0,0.0,979.0,0.0,7515.704
2026-05-19 16:13:37.164,24500,979.0,0.0,979.0,0.0,7515.704
2026-05-19 16:13:37.280,24750,979.0,0.0,979.0,0.0,7515.704
2026-05-19 16:13:37.280,25000,979.0,0.0,979.0,0.0,7360.845
2026-05-19 16:13:37.389,25250,979.0,0.0,979.0,0.0,7360.845
2026-05-19 16:13:37.390,25500,979.0,0.0,979.0,0.0,7206.363
2026-05-19 16:13:37.504,25750,979.0,0.0,979.0,0.0,7206.363
2026-05-19 16:13:37.620,26000,979.0,0.0,979.0,0.0,7206.363
2026-05-19 16:13:37.620,26250,979.0,0.0,979.0,0.0,7078.333
2026-05-19 16:13:37.735,26500,986.967,0.678865192067,986.792,11.834,7021.877
2026-05-19 16:13:37.736,26750,979.0,0.0,979.0,0.0,6937.194
2026-05-19 16:13:37.851,27000,979.0,0.0,979.0,0.0,6937.194
2026-05-19 16:13:37.852,27250,979.0,0.0,979.0,0.0,6937.194
2026-05-19 16:13:37.969,27500,979.0,0.0,979.0,0.0,6804.488
2026-05-19 16:13:37.970,27750,979.0,0.0,979.0,0.0,6804.488
2026-05-19 16:13:38.086,28000,979.0,0.0,979.0,0.0,6670.342
2026-05-19 16:13:38.086,28250,979.0,0.0,979.0,0.0,6670.342
2026-05-19 16:13:38.200,28500,979.0,0.0,979.0,0.0,6670.342
2026-05-19 16:13:38.201,28750,979.0,0.0,979.0,0.0,6557.083
2026-05-19 16:13:38.304,29000,979.0,0.0,979.0,0.0,6557.083
2026-05-19 16:13:38.305,29250,979.0,0.0,979.0,0.0,6439.888
2026-05-19 16:13:38.417,29500,979.0,0.0,979.0,0.0,6439.888
2026-05-19 16:13:38.417,29750,979.0,0.0,979.0,0.0,6439.888
2026-05-19 16:13:38.531,30000,979.0,0.0,979.0,0.0,6329.513
2026-05-19 16:13:38.531,30250,979.0,0.0,979.0,0.0,6329.513
2026-05-19 16:13:38.639,30500,979.0,0.0,979.0,0.0,6231.235
2026-05-19 16:13:38.640,30750,979.0,0.0,979.0,0.0,6231.235
2026-05-19 16:13:38.750,31000,979.0,0.0,979.0,0.0,6231.235
2026-05-19 16:13:38.750,31250,979.0,0.0,979.0,0.0,6132.743
2026-05-19 16:13:38.856,31500,979.0,0.0,979.0,0.0,6132.743
2026-05-19 16:13:38.856,31750,991.55,2.244440913935,990.789,38.832,6055.123
2026-05-19 16:13:38.969,32000,963.743,0.282597856155,963.715,4.64,5913.58
2026-05-19 16:13:38.970,32250,979.0,0.0,979.0,0.0,5819.217
2026-05-19 16:13:38.970,32500,979.0,0.0,979.0,0.0,5745.191
2026-05-19 16:13:39.085,32750,979.0,0.0,979.0,0.0,5745.191
2026-05-19 16:13:39.086,33000,979.0,0.0,979.0,0.0,5745.191
2026-05-19 16:13:39.199,33250,979.0,0.0,979.0,0.0,5682.385
2026-05-19 16:13:39.200,33500,979.0,0.0,979.0,0.0,5682.385
2026-05-19 16:13:39.304,33750,979.0,0.0,979.0,0.0,5682.385
2026-05-19 16:13:39.305,34000,979.0,0.0,979.0,0.0,5630.485
2026-05-19 16:13:39.415,34250,979.0,0.0,979.0,0.0,5379.444
2026-05-19 16:13:39.415,34500,979.0,0.0,979.0,0.0,5379.444
2026-05-19 16:13:39.416,34750,979.0,0.0,979.0,0.0,5339.018
2026-05-19 16:13:39.529,35000,979.0,0.0,979.0,0.0,5339.018
2026-05-19 16:13:39.530,35250,979.0,0.0,979.0,0.0,5339.018
2026-05-19 16:13:39.646,35500,979.0,0.0,979.0,0.0,5311.955
2026-05-19 16:13:39.648,35750,934.391,0.237811716413,934.383,3.878,5311.955
2026-05-19 16:13:39.650,36000,979.0,0.0,979.0,0.0,5069.911
2026-05-19 16:13:39.769,36250,979.0,0.0,979.0,0.0,5053.16
2026-05-19 16:13:39.769,36500,979.0,0.0,979.0,0.0,5053.16
2026-05-19 16:13:39.889,36750,979.0,0.0,979.0,0.0,5053.16
2026-05-19 16:13:39.890,37000,979.0,0.0,979.0,0.0,5052.649
2026-05-19 16:13:39.890,37250,979.0,0.0,979.0,0.0,4801.84
2026-05-19 16:13:40.004,37500,979.0,0.0,979.0,0.0,4801.84
2026-05-19 16:13:40.005,37750,979.0,0.0,979.0,0.0,4801.84
2026-05-19 16:13:40.005,38000,979.0,0.0,979.0,0.0,4819.526
2026-05-19 16:13:40.121,38250,979.0,0.0,979.0,0.0,4819.526
2026-05-19 16:13:40.122,38500,979.0,0.0,979.0,0.0,4819.526
2026-05-19 16:13:40.231,38750,979.0,0.0,979.0,0.0,4591.487
2026-05-19 16:13:40.231,39000,979.0,0.0,979.0,0.0,4591.487
2026-05-19 16:13:40.232,39250,979.0,0.0,979.0,0.0,4591.487
2026-05-19 16:13:40.349,39500,979.0,0.0,979.0,0.0,4591.487
2026-05-19 16:13:40.350,39750,979.0,0.0,979.0,0.0,4637.368
2026-05-19 16:13:40.350,40000,979.0,0.0,979.0,0.0,4380.519
2026-05-19 16:13:40.469,40250,979.0,0.0,979.0,0.0,4380.519
2026-05-19 16:13:40.470,40500,979.0,0.0,979.0,0.0,4380.519
2026-05-19 16:13:40.590,40750,979.0,0.0,979.0,0.0,4380.519
2026-05-19 16:13:40.591,41000,979.0,0.0,979.0,0.0,4449.44
2026-05-19 16:13:40.591,41250,979.0,0.0,979.0,0.0,4262.566
2026-05-19 16:13:40.704,41500,979.0,0.0,979.0,0.0,4262.566
2026-05-19 16:13:40.705,41750,960.683,3.218750224387,959.168,53.941,4343.838
2026-05-19 16:13:40.706,42000,979.0,0.0,979.0,0.0,4343.838
2026-05-19 16:13:40.816,42250,979.0,0.0,979.0,0.0,4343.838
2026-05-19 16:13:40.816,42500,979.0,0.0,979.0,0.0,4101.722
2026-05-19 16:13:40.817,42750,979.0,0.0,979.0,0.0,4101.722
2026-05-19 16:13:40.931,43000,979.0,0.0,979.0,0.0,4101.722
2026-05-19 16:13:40.931,43250,979.0,0.0,979.0,0.0,4198.29
2026-05-19 16:13:40.932,43500,979.0,0.0,979.0,0.0,4198.29
2026-05-19 16:13:41.050,43750,979.0,0.0,979.0,0.0,3960.624
2026-05-19 16:13:41.050,44000,979.0,0.0,979.0,0.0,3960.624
2026-05-19 16:13:41.050,44250,979.0,0.0,979.0,0.0,3960.624
2026-05-19 16:13:41.169,44500,979.0,0.0,979.0,0.0,3960.624
2026-05-19 16:13:41.170,44750,979.0,0.0,979.0,0.0,4081.427
2026-05-19 16:13:41.170,45000,979.0,0.0,979.0,0.0,3861.35
2026-05-19 16:13:41.285,45250,979.0,0.0,979.0,0.0,3861.35
2026-05-19 16:13:41.285,45500,979.0,0.0,979.0,0.0,3861.35
2026-05-19 16:13:41.285,45750,979.0,0.0,979.0,0.0,3861.35
2026-05-19 16:13:41.399,46000,979.0,0.0,979.0,0.0,3655.855
2026-05-19 16:13:41.400,46250,996.925,-1.459649712383,996.095,-26.065,3756.262
2026-05-19 16:13:41.400,46500,979.0,0.0,979.0,0.0,3823.201
2026-05-19 16:13:41.515,46750,979.0,0.0,979.0,0.0,3823.201
2026-05-19 16:13:41.517,47000,979.0,0.0,979.0,0.0,3823.201
2026-05-19 16:13:41.520,47250,979.0,0.0,979.0,0.0,3625.638
2026-05-19 16:13:41.630,47500,979.0,0.0,979.0,0.0,3625.638
2026-05-19 16:13:41.630,47750,979.0,0.0,979.0,0.0,3625.638
2026-05-19 16:13:41.632,48000,979.0,0.0,979.0,0.0,3625.638
2026-05-19 16:13:41.745,48250,979.0,0.0,979.0,0.0,3625.638
2026-05-19 16:13:41.746,48500,979.0,0.0,979.0,0.0,3618.973
2026-05-19 16:13:41.748,48750,979.0,0.0,979.0,0.0,3618.973
2026-05-19 16:13:41.855,49000,979.0,0.0,979.0,0.0,3618.973
2026-05-19 16:13:41.857,49250,979.0,0.0,979.0,0.0,3618.973
2026-05-19 16:13:41.860,49500,949.632,-1.860441955751,948.815,-30.185,3546.598
2026-05-19 16:13:41.969,49750,979.0,0.0,979.0,0.0,3438.037
2026-05-19 16:13:41.969,50000,979.0,0.0,979.0,0.0,3438.037
2026-05-19 16:13:41.970,50250,979.0,0.0,979.0,0.0,3438.037
2026-05-19 16:13:42.074,50500,979.0,0.0,979.0,0.0,3438.037
2026-05-19 16:13:42.076,50750,979.0,0.0,979.0,0.0,3438.037
2026-05-19 16:13:42.078,51000,979.0,0.0,979.0,0.0,3448.719
2026-05-19 16:13:42.080,51250,979.0,0.0,979.0,0.0,3448.719
2026-05-19 16:13:42.185,51500,979.0,0.0,979.0,0.0,3448.719
2026-05-19 16:13:42.186,51750,979.0,0.0,979.0,0.0,3448.719
2026-05-19 16:13:42.186,52000,979.0,0.0,979.0,0.0,3448.719
2026-05-19 16:13:42.299,52250,954.499,-2.193532953208,953.353,-35.893,3391.178
2026-05-19 16:13:42.300,52500,979.0,0.0,979.0,0.0,3304.868
2026-05-19 16:13:42.301,52750,979.0,0.0,979.0,0.0,3304.868
2026-05-19 16:13:42.414,53000,979.0,0.0,979.0,0.0,3304.868
2026-05-19 16:13:42.416,53250,979.0,0.0,979.0,0.0,3304.868
2026-05-19 16:13:42.420,53500,979.0,0.0,979.0,0.0,3304.868
2026-05-19 16:13:42.422,53750,942.394,-3.779760395,940.344,-62.124,3304.868
2026-05-19 16:13:42.530,54000,979.0,0.0,979.0,0.0,3181.295
2026-05-19 16:13:42.532,54250,979.0,0.0,979.0,0.0,3181.295
2026-05-19 16:13:42.536,54500,979.0,0.0,979.0,0.0,3181.295
2026-05-19 16:13:42.538,54750,979.0,0.0,979.0,0.0,3181.295
2026-05-19 16:13:42.646,55000,979.0,0.0,979.0,0.0,3181.295
2026-05-19 16:13:42.648,55250,979.0,0.0,979.0,0.0,3181.295
2026-05-19 16:13:42.649,55500,944.564,-4.202265832369,942.024,-69.215,3181.295
2026-05-19 16:13:42.758,55750,979.0,0.0,979.0,0.0,3069.393
2026-05-19 16:13:42.758,56000,979.0,0.0,979.0,0.0,3069.393
2026-05-19 16:13:42.758,56250,979.0,0.0,979.0,0.0,3069.393
2026-05-19 16:13:42.869,56500,979.0,0.0,979.0,0.0,3069.393
2026-05-19 16:13:42.870,56750,979.0,0.0,979.0,0.0,3069.393
2026-05-19 16:13:42.870,57000,979.0,0.0,979.0,0.0,3069.393
2026-05-19 16:13:42.870,57250,979.0,0.0,979.0,0.0,3069.393
2026-05-19 16:13:42.984,57500,979.0,0.0,979.0,0.0,3069.393
2026-05-19 16:13:42.985,57750,979.0,0.0,979.0,0.0,3069.393
2026-05-19 16:13:42.985,58000,937.022,6.321979856173,931.324,103.181,3206.9
2026-05-19 16:13:43.094,58250,906.252,1.463962538707,905.957,23.153,3206.9
2026-05-19 16:13:43.095,58500,979.0,0.0,979.0,0.0,3206.9
2026-05-19 16:13:43.096,58750,995.639,3.495923823023,993.314,60.944,3153.529
2026-05-19 16:13:43.096,59000,999.799,4.369904778779,996.892,76.18,3140.187
2026-05-19 16:13:43.210,59250,979.0,0.0,979.0,0.0,3140.187
2026-05-19 16:13:43.210,59500,958.634,-4.369904778779,955.847,-73.043,3206.9
2026-05-19 16:13:43.211,59750,989.415,-4.955489794262,985.597,-85.931,3111.581
2026-05-19 16:13:43.326,60000,979.0,0.0,979.0,0.0,2968.602
2026-05-19 16:13:43.326,60250,979.0,0.0,979.0,0.0,2968.602
2026-05-19 16:13:43.327,60500,979.0,0.0,979.0,0.0,2968.602
2026-05-19 16:13:43.327,60750,979.0,0.0,979.0,0.0,2968.602
2026-05-19 16:13:43.440,61000,979.0,0.0,979.0,0.0,2968.602
2026-05-19 16:13:43.440,61250,979.0,0.0,979.0,0.0,2968.602
2026-05-19 16:13:43.441,61500,979.0,0.0,979.0,0.0,2968.602
2026-05-19 16:13:43.441,61750,979.0,0.0,979.0,0.0,2968.602
2026-05-19 16:13:43.557,62000,979.0,0.0,979.0,0.0,2968.602
2026-05-19 16:13:43.558,62250,979.0,0.0,979.0,0.0,2968.602
2026-05-19 16:13:43.558,62500,979.0,0.0,979.0,0.0,2968.602
2026-05-19 16:13:43.559,62750,979.0,0.0,979.0,0.0,2968.602
2026-05-19 16:13:43.559,63000,979.0,0.0,979.0,0.0,2968.602
2026-05-19 16:13:43.669,63250,917.717,1.350757908963,917.404,21.271,2922.145
2026-05-19 16:13:43.669,63500,979.0,0.0,979.0,0.0,2736.319
2026-05-19 16:13:43.670,63750,979.0,0.0,979.0,0.0,2736.319
2026-05-19 16:13:43.786,64000,979.0,0.0,979.0,0.0,2736.319
2026-05-19 16:13:43.787,64250,979.0,0.0,979.0,0.0,2736.319
2026-05-19 16:13:43.787,64500,979.0,0.0,979.0,0.0,2736.319
2026-05-19 16:13:43.787,64750,979.0,0.0,979.0,0.0,2736.319
2026-05-19 16:13:43.788,65000,979.0,0.0,979.0,0.0,2736.319
2026-05-19 16:13:43.899,65250,979.0,0.0,979.0,0.0,2736.319
2026-05-19 16:13:43.900,65500,979.0,0.0,979.0,0.0,2736.319
2026-05-19 16:13:43.900,65750,979.0,0.0,979.0,0.0,2736.319
2026-05-19 16:13:43.901,66000,979.0,0.0,979.0,0.0,2736.319
2026-05-19 16:13:44.018,66250,979.0,0.0,979.0,0.0,2736.319
2026-05-19 16:13:44.019,66500,979.0,0.0,979.0,0.0,2736.319
2026-05-19 16:13:44.019,66750,979.0,0.0,979.0,0.0,2736.319
2026-05-19 16:13:44.019,67000,979.0,0.0,979.0,0.0,2736.319
2026-05-19 16:13:44.129,67250,961.525,0.42835179269,961.4,6.664,2540.946
2026-05-19 16:13:44.130,67500,979.0,0.0,979.0,0.0,2492.103
2026-05-19 16:13:44.130,67750,979.0,0.0,979.0,0.0,2492.103
2026-05-19 16:13:44.131,68000,970.059,-1.113550132612,969.177,-18.13,2515.952
2026-05-19 16:13:44.235,68250,979.0,0.0,979.0,0.0,2492.103
2026-05-19 16:13:44.236,68500,952.176,-3.340650397835,949.532,-54.389,2563.652
2026-05-19 16:13:44.237,68750,952.176,-3.340650397835,949.532,-54.389,2563.652
2026-05-19 16:13:44.237,69000,934.294,-5.567750663059,929.886,-90.648,2611.351
2026-05-19 16:13:44.347,69250,979.0,0.0,979.0,0.0,2611.351
2026-05-19 16:13:44.347,69500,979.0,0.0,979.0,0.0,2611.351
2026-05-19 16:13:44.347,69750,979.0,0.0,979.0,0.0,2611.351
2026-05-19 16:13:44.348,70000,979.0,0.0,979.0,0.0,2611.351
2026-05-19 16:13:44.451,70250,979.0,0.0,979.0,0.0,2611.351
2026-05-19 16:13:44.452,70500,979.0,0.0,979.0,0.0,2611.351
2026-05-19 16:13:44.452,70750,979.0,0.0,979.0,0.0,2611.351
2026-05-19 16:13:44.568,71000,979.0,0.0,979.0,0.0,2611.351
2026-05-19 16:13:44.569,71250,979.0,0.0,979.0,0.0,2611.351
2026-05-19 16:13:44.569,71500,979.0,0.0,979.0,0.0,2611.351
2026-05-19 16:13:44.570,71750,999.893,-0.673625436652,999.519,-12.731,2560.994
2026-05-19 16:13:44.570,72000,923.946,-6.023390614508,918.845,-96.954,2359.568
2026-05-19 16:13:44.689,72250,1002.334,2.409356245803,1000.043,43.541,2306.492
2026-05-19 16:13:44.690,72500,1037.334,6.023390614508,1031.607,108.852,2226.878
2026-05-19 16:13:44.690,72750,979.0,0.0,979.0,0.0,2226.878
2026-05-19 16:13:44.691,73000,979.0,0.0,979.0,0.0,2226.878
2026-05-19 16:13:44.805,73250,979.0,0.0,979.0,0.0,2226.878
2026-05-19 16:13:44.805,73500,979.0,0.0,979.0,0.0,2226.878
2026-05-19 16:13:44.805,73750,979.0,0.0,979.0,0.0,2226.878
2026-05-19 16:13:44.806,74000,979.0,0.0,979.0,0.0,2226.878
2026-05-19 16:13:44.915,74250,979.0,0.0,979.0,0.0,2226.878
2026-05-19 16:13:44.915,74500,979.0,0.0,979.0,0.0,2226.878
2026-05-19 16:13:44.916,74750,979.0,0.0,979.0,0.0,2226.878
2026-05-19 16:13:44.916,75000,979.0,0.0,979.0,0.0,2226.878
2026-05-19 16:13:45.032,75250,979.0,0.0,979.0,0.0,2226.878
2026-05-19 16:13:45.032,75500,979.0,0.0,979.0,0.0,2226.878
2026-05-19 16:13:45.033,75750,979.0,0.0,979.0,0.0,2226.878
2026-05-19 16:13:45.033,76000,979.0,0.0,979.0,0.0,2226.878
2026-05-19 16:13:45.034,76250,979.0,0.0,979.0,0.0,2226.878
2026-05-19 16:13:45.136,76500,979.0,0.0,979.0,0.0,2226.878
2026-05-19 16:13:45.137,76750,979.0,0.0,979.0,0.0,2226.878
2026-05-19 16:13:45.137,77000,979.0,0.0,979.0,0.0,2226.878
2026-05-19 16:13:45.137,77250,979.0,0.0,979.0,0.0,2226.878
2026-05-19 16:13:45.138,77500,979.0,0.0,979.0,0.0,2226.878
2026-05-19 16:13:45.244,77750,979.0,0.0,979.0,0.0,1996.867
2026-05-19 16:13:45.245,78000,979.0,0.0,979.0,0.0,1996.867
2026-05-19 16:13:45.245,78250,979.0,0.0,979.0,0.0,1996.867
2026-05-19 16:13:45.246,78500,979.0,0.0,979.0,0.0,1996.867
2026-05-19 16:13:45.351,78750,979.0,0.0,979.0,0.0,1996.867
2026-05-19 16:13:45.352,79000,979.0,0.0,979.0,0.0,1996.867
2026-05-19 16:13:45.352,79250,979.0,0.0,979.0,0.0,1996.867
2026-05-19 16:13:45.352,79500,979.0,0.0,979.0,0.0,1996.867
2026-05-19 16:13:45.353,79750,979.0,0.0,979.0,0.0,1996.867
2026-05-19 16:13:45.469,80000,979.0,0.0,979.0,0.0,1996.867
2026-05-19 16:13:45.470,80250,979.0,0.0,979.0,0.0,1996.867
2026-05-19 16:13:45.471,80500,979.0,0.0,979.0,0.0,1996.867
2026-05-19 16:13:45.471,80750,979.0,0.0,979.0,0.0,1996.867
2026-05-19 16:13:45.471,81000,979.0,0.0,979.0,0.0,1996.867
2026-05-19 16:13:45.589,81250,979.0,0.0,979.0,0.0,1996.867
2026-05-19 16:13:45.590,81500,979.0,0.0,979.0,0.0,1996.867
2026-05-19 16:13:45.590,81750,979.0,0.0,979.0,0.0,1996.867
2026-05-19 16:13:45.590,82000,979.0,0.0,979.0,0.0,1887.867
2026-05-19 16:13:45.591,82250,979.0,0.0,979.0,0.0,1887.867
2026-05-19 16:13:45.704,82500,979.0,0.0,979.0,0.0,1887.867
2026-05-19 16:13:45.705,82750,979.0,0.0,979.0,0.0,1887.867
2026-05-19 16:13:45.705,83000,979.0,0.0,979.0,0.0,1887.867
2026-05-19 16:13:45.706,83250,1005.598,-0.648009129538,1005.242,-12.57,1842.71
2026-05-19 16:13:45.706,83500,979.0,0.0,979.0,0.0,1662.085
2026-05-19 16:13:45.816,83750,979.0,0.0,979.0,0.0,1662.085
2026-05-19 16:13:45.816,84000,979.0,0.0,979.0,0.0,1662.085
2026-05-19 16:13:45.817,84250,979.0,0.0,979.0,0.0,1662.085
2026-05-19 16:13:45.817,84500,979.0,0.0,979.0,0.0,1662.085
2026-05-19 16:13:45.817,84750,979.0,0.0,979.0,0.0,1662.085
2026-05-19 16:13:45.932,85000,979.0,0.0,979.0,0.0,1662.085
2026-05-19 16:13:45.933,85250,979.0,0.0,979.0,0.0,1662.085
2026-05-19 16:13:45.933,85500,979.0,0.0,979.0,0.0,1662.085
2026-05-19 16:13:45.934,85750,979.0,0.0,979.0,0.0,1662.085
2026-05-19 16:13:45.934,86000,979.0,0.0,979.0,0.0,1662.085
2026-05-19 16:13:46.037,86250,979.0,0.0,979.0,0.0,1662.085
2026-05-19 16:13:46.037,86500,979.0,0.0,979.0,0.0,1662.085
2026-05-19 16:13:46.038,86750,979.0,0.0,979.0,0.0,1662.085
2026-05-19 16:13:46.038,87000,979.0,0.0,979.0,0.0,1662.085
2026-05-19 16:13:46.039,87250,979.0,0.0,979.0,0.0,1662.085
2026-05-19 16:13:46.149,87500,979.0,0.0,979.0,0.0,1662.085
2026-05-19 16:13:46.150,87750,979.0,0.0,979.0,0.0,1662.085
2026-05-19 16:13:46.150,88000,979.0,0.0,979.0,0.0,1662.085
2026-05-19 16:13:46.151,88250,979.0,0.0,979.0,0.0,1662.085
2026-05-19 16:13:46.151,88500,979.0,0.0,979.0,0.0,1662.085
2026-05-19 16:13:46.269,88750,979.0,0.0,979.0,0.0,1662.085
2026-05-19 16:13:46.270,89000,979.0,0.0,979.0,0.0,1662.085
2026-05-19 16:13:46.270,89250,925.812,1.759401150057,924.815,25.954,1526.635
2026-05-19 16:13:46.271,89500,979.0,0.0,979.0,0.0,1436.336
2026-05-19 16:13:46.271,89750,979.0,0.0,979.0,0.0,1436.336
2026-05-19 16:13:46.384,90000,979.0,0.0,979.0,0.0,1436.336
2026-05-19 16:13:46.385,90250,979.0,0.0,979.0,0.0,1436.336
2026-05-19 16:13:46.385,90500,933.304,-5.941196140614,925.235,-93.153,1391.641
2026-05-19 16:13:46.385,90750,979.0,0.0,979.0,0.0,1324.598
2026-05-19 16:13:46.386,91000,979.0,0.0,979.0,0.0,1324.598
2026-05-19 16:13:46.500,91250,979.0,0.0,979.0,0.0,1324.598
2026-05-19 16:13:46.500,91500,979.0,0.0,979.0,0.0,1324.598
2026-05-19 16:13:46.501,91750,979.0,0.0,979.0,0.0,1324.598
2026-05-19 16:13:46.501,92000,979.0,0.0,979.0,0.0,1324.598
2026-05-19 16:13:46.502,92250,979.0,0.0,979.0,0.0,1324.598
2026-05-19 16:13:46.614,92500,979.0,0.0,979.0,0.0,1324.598
2026-05-19 16:13:46.615,92750,979.0,0.0,979.0,0.0,1324.598
2026-05-19 16:13:46.615,93000,979.0,0.0,979.0,0.0,1324.598
2026-05-19 16:13:46.615,93250,979.0,0.0,979.0,0.0,1324.598
2026-05-19 16:13:46.616,93500,979.0,0.0,979.0,0.0,1324.598
2026-05-19 16:13:46.722,93750,979.0,0.0,979.0,0.0,1324.598
2026-05-19 16:13:46.722,94000,979.0,0.0,979.0,0.0,1324.598
2026-05-19 16:13:46.723,94250,979.0,0.0,979.0,0.0,1324.598
2026-05-19 16:13:46.723,94500,979.0,0.0,979.0,0.0,1324.598
2026-05-19 16:13:46.836,94750,979.0,0.0,979.0,0.0,1324.598
2026-05-19 16:13:46.836,95000,979.0,0.0,979.0,0.0,1324.598
2026-05-19 16:13:46.837,95250,1025.474,-1.012483713268,1024.529,-21.379,1273.78
2026-05-19 16:13:46.837,95500,979.0,0.0,979.0,0.0,1070.507
2026-05-19 16:13:46.838,95750,979.0,0.0,979.0,0.0,1070.507
2026-05-19 16:13:46.946,96000,979.0,0.0,979.0,0.0,1070.507
2026-05-19 16:13:46.946,96250,979.0,0.0,979.0,0.0,1070.507
2026-05-19 16:13:46.947,96500,979.0,0.0,979.0,0.0,1070.507
2026-05-19 16:13:46.947,96750,979.0,0.0,979.0,0.0,1070.507
2026-05-19 16:13:46.947,97000,979.0,0.0,979.0,0.0,1070.507
2026-05-19 16:13:47.069,97250,979.0,0.0,979.0,0.0,1070.507
2026-05-19 16:13:47.070,97500,979.0,0.0,979.0,0.0,1070.507
2026-05-19 16:13:47.070,97750,979.0,0.0,979.0,0.0,1070.507
2026-05-19 16:13:47.070,98000,979.0,0.0,979.0,0.0,1070.507
2026-05-19 16:13:47.071,98250,979.0,0.0,979.0,0.0,1070.507
2026-05-19 16:13:47.071,98500,979.0,0.0,979.0,0.0,1070.507
2026-05-19 16:13:47.175,98750,979.0,0.0,979.0,0.0,1070.507
2026-05-19 16:13:47.175,99000,979.0,0.0,979.0,0.0,1070.507
2026-05-19 16:13:47.176,99250,979.0,0.0,979.0,0.0,1070.507
2026-05-19 16:13:47.176,99500,979.0,0.0,979.0,0.0,1070.507
2026-05-19 16:13:47.294,99750,979.0,0.0,979.0,0.0,1070.507
2026-05-19 16:13:47.295,100000,979.0,0.0,979.0,0.0,1070.507
2026-05-19 16:13:47.859,10000,979.0,0.0,979.0,0.0,9286.314
2026-05-19 16:13:47.969,10250,979.0,0.0,979.0,0.0,9286.314
2026-05-19 16:13:48.089,10500,979.0,0.0,979.0,0.0,9286.314
2026-05-19 16:13:48.305,10750,973.265,1.248790916917,972.977,21.179,9341.111
2026-05-19 16:13:48.420,11000,979.0,0.0,979.0,0.0,9354.811
2026-05-19 16:13:48.534,11250,968.583,-0.178318360226,968.572,-2.966,9205.503
2026-05-19 16:13:48.651,11500,977.454,0.295981633532,977.389,5.017,9120.46
2026-05-19 16:13:48.754,11750,979.0,0.0,979.0,0.0,9178.44
2026-05-19 16:13:48.874,12000,979.0,0.0,979.0,0.0,9178.44
2026-05-19 16:13:48.984,12250,979.0,0.0,979.0,0.0,9178.44
2026-05-19 16:13:49.213,12500,979.0,0.0,979.0,0.0,9258.26
2026-05-19 16:13:49.325,12750,994.15,0.310650789554,994.125,5.445,9118.593
2026-05-19 16:13:49.429,13000,979.0,0.0,979.0,0.0,9025.481
2026-05-19 16:13:49.535,13250,991.316,-0.049041134828,991.232,-0.775,8998.74
2026-05-19 16:13:49.652,13500,979.0,0.0,979.0,0.0,9110.657
2026-05-19 16:13:49.769,13750,979.0,0.0,979.0,0.0,9110.657
2026-05-19 16:13:49.889,14000,979.0,0.0,979.0,0.0,8971.41
2026-05-19 16:13:50.006,14250,979.0,0.0,979.0,0.0,8971.41
2026-05-19 16:13:50.119,14500,979.0,0.0,979.0,0.0,8971.41
2026-05-19 16:13:50.120,14750,974.366,0.609631936012,974.229,10.292,9014.381
2026-05-19 16:13:50.229,15000,994.376,0.417832049251,994.35,7.251,8938.448
2026-05-19 16:13:50.341,15250,979.0,0.0,979.0,0.0,8938.448
2026-05-19 16:13:50.453,15500,979.0,0.0,979.0,0.0,8938.448
2026-05-19 16:13:50.570,15750,979.0,0.0,979.0,0.0,9052.108
2026-05-19 16:13:50.689,16000,979.0,0.0,979.0,0.0,8828.731
2026-05-19 16:13:50.804,16250,979.0,0.0,979.0,0.0,8828.731
2026-05-19 16:13:50.805,16500,985.103,-0.666603470774,984.991,-11.508,8865.421
2026-05-19 16:13:50.914,16750,964.775,-0.4671842633,964.722,-7.789,8834.045
2026-05-19 16:13:51.029,17000,979.0,0.0,979.0,0.0,8704.426
2026-05-19 16:13:51.137,17250,953.338,-0.872532988888,953.228,-14.517,8704.426
2026-05-19 16:13:51.252,17500,979.0,0.0,979.0,0.0,8836.474
2026-05-19 16:13:51.369,17750,979.0,0.0,979.0,0.0,8611.81
2026-05-19 16:13:51.370,18000,979.0,0.0,979.0,0.0,8611.81
2026-05-19 16:13:51.474,18250,979.0,0.0,979.0,0.0,8386.009
2026-05-19 16:13:51.594,18500,979.0,0.0,979.0,0.0,8531.103
2026-05-19 16:13:51.704,18750,979.0,0.0,979.0,0.0,8531.103
2026-05-19 16:13:51.705,19000,979.0,0.0,979.0,0.0,8531.103
2026-05-19 16:13:51.819,19250,979.0,0.0,979.0,0.0,8318.223
2026-05-19 16:13:51.932,19500,969.304,-0.435466853352,969.235,-7.256,8339.717
2026-05-19 16:13:51.933,19750,974.152,-0.217733426676,974.117,-3.628,8297.795
2026-05-19 16:13:52.050,20000,979.0,0.0,979.0,0.0,8255.872
2026-05-19 16:13:52.169,20250,979.0,0.0,979.0,0.0,8255.872
2026-05-19 16:13:52.169,20500,979.0,0.0,979.0,0.0,8055.627
2026-05-19 16:13:52.289,20750,979.0,0.0,979.0,0.0,8210.115
2026-05-19 16:13:52.399,21000,959.182,-1.005522859644,959.034,-16.832,8210.115
2026-05-19 16:13:52.400,21250,979.0,0.0,979.0,0.0,8043.919
2026-05-19 16:13:52.514,21500,979.0,0.0,979.0,0.0,8043.919
2026-05-19 16:13:52.629,21750,979.0,0.0,979.0,0.0,7856.622
2026-05-19 16:13:52.630,22000,979.0,0.0,979.0,0.0,8030.595
2026-05-19 16:13:52.746,22250,979.0,0.0,979.0,0.0,8030.595
2026-05-19 16:13:52.855,22500,979.0,0.0,979.0,0.0,7842.522
2026-05-19 16:13:52.857,22750,979.0,0.0,979.0,0.0,7842.522
2026-05-19 16:13:52.969,23000,979.0,0.0,979.0,0.0,7658.862
2026-05-19 16:13:52.971,23250,979.0,0.0,979.0,0.0,7658.862
2026-05-19 16:13:53.083,23500,979.0,0.0,979.0,0.0,7658.862
2026-05-19 16:13:53.189,23750,974.298,0.247910983608,974.253,4.134,7535.657
2026-05-19 16:13:53.190,24000,979.0,0.0,979.0,0.0,7683.264
2026-05-19 16:13:53.304,24250,979.0,0.0,979.0,0.0,7515.704
2026-05-19 16:13:53.308,24500,979.0,0.0,979.0,0.0,7515.704
2026-05-19 16:13:53.414,24750,979.0,0.0,979.0,0.0,7515.704
2026-05-19 16:13:53.527,25000,979.0,0.0,979.0,0.0,7360.845
2026-05-19 16:13:53.529,25250,979.0,0.0,979.0,0.0,7360.845
2026-05-19 16:13:53.646,25500,979.0,0.0,979.0,0.0,7206.363
2026-05-19 16:13:53.649,25750,979.0,0.0,979.0,0.0,7206.363
2026-05-19 16:13:53.769,26000,979.0,0.0,979.0,0.0,7206.363
2026-05-19 16:13:53.770,26250,979.0,0.0,979.0,0.0,7078.333
2026-05-19 16:13:53.889,26500,986.967,0.678865192067,986.792,11.834,7021.877
2026-05-19 16:13:53.890,26750,979.0,0.0,979.0,0.0,6937.194
2026-05-19 16:13:54.006,27000,979.0,0.0,979.0,0.0,6937.194
2026-05-19 16:13:54.007,27250,979.0,0.0,979.0,0.0,6937.194
2026-05-19 16:13:54.125,27500,979.0,0.0,979.0,0.0,6804.488
2026-05-19 16:13:54.125,27750,979.0,0.0,979.0,0.0,6804.488
2026-05-19 16:13:54.240,28000,979.0,0.0,979.0,0.0,6670.342
2026-05-19 16:13:54.240,28250,979.0,0.0,979.0,0.0,6670.342
2026-05-19 16:13:54.356,28500,979.0,0.0,979.0,0.0,6670.342
2026-05-19 16:13:54.357,28750,979.0,0.0,979.0,0.0,6557.083
2026-05-19 16:13:54.469,29000,979.0,0.0,979.0,0.0,6557.083
2026-05-19 16:13:54.470,29250,979.0,0.0,979.0,0.0,6439.888
2026-05-19 16:13:54.589,29500,979.0,0.0,979.0,0.0,6439.888
2026-05-19 16:13:54.589,29750,979.0,0.0,979.0,0.0,6439.888
2026-05-19 16:13:54.699,30000,979.0,0.0,979.0,0.0,6329.513
2026-05-19 16:13:54.699,30250,979.0,0.0,979.0,0.0,6329.513
2026-05-19 16:13:54.814,30500,979.0,0.0,979.0,0.0,6231.235
2026-05-19 16:13:54.815,30750,979.0,0.0,979.0,0.0,6231.235
2026-05-19 16:13:54.815,31000,979.0,0.0,979.0,0.0,6231.235
2026-05-19 16:13:54.919,31250,979.0,0.0,979.0,0.0,6132.743
2026-05-19 16:13:54.920,31500,979.0,0.0,979.0,0.0,6132.743
2026-05-19 16:13:55.032,31750,991.55,2.244440913935,990.789,38.832,6055.123
2026-05-19 16:13:55.032,32000,963.743,0.282597856155,963.715,4.64,5913.58
2026-05-19 16:13:55.145,32250,979.0,0.0,979.0,0.0,5819.217
2026-05-19 16:13:55.146,32500,979.0,0.0,979.0,0.0,5745.191
2026-05-19 16:13:55.257,32750,979.0,0.0,979.0,0.0,5745.191
2026-05-19 16:13:55.258,33000,979.0,0.0,979.0,0.0,5745.191
2026-05-19 16:13:55.370,33250,979.0,0.0,979.0,0.0,5682.385
2026-05-19 16:13:55.370,33500,979.0,0.0,979.0,0.0,5682.385
2026-05-19 16:13:55.489,33750,979.0,0.0,979.0,0.0,5682.385
2026-05-19 16:13:55.489,34000,979.0,0.0,979.0,0.0,5630.485
2026-05-19 16:13:55.490,34250,979.0,0.0,979.0,0.0,5379.444
2026-05-19 16:13:55.604,34500,979.0,0.0,979.0,0.0,5379.444
2026-05-19 16:13:55.605,34750,979.0,0.0,979.0,0.0,5339.018
2026-05-19 16:13:55.714,35000,979.0,0.0,979.0,0.0,5339.018
2026-05-19 16:13:55.715,35250,979.0,0.0,979.0,0.0,5339.018
2026-05-19 16:13:55.715,35500,979.0,0.0,979.0,0.0,5311.955
2026-05-19 16:13:55.831,35750,934.391,0.237811716413,934.383,3.878,5311.955
2026-05-19 16:13:55.831,36000,979.0,0.0,979.0,0.0,5069.911
2026-05-19 16:13:55.935,36250,979.0,0.0,979.0,0.0,5053.16
2026-05-19 16:13:55.935,36500,979.0,0.0,979.0,0.0,5053.16
2026-05-19 16:13:56.045,36750,979.0,0.0,979.0,0.0,5053.16
2026-05-19 16:13:56.045,37000,979.0,0.0,979.0,0.0,5052.649
2026-05-19 16:13:56.046,37250,979.0,0.0,979.0,0.0,4801.84
2026-05-19 16:13:56.170,37500,979.0,0.0,979.0,0.0,4801.84
2026-05-19 16:13:56.170,37750,979.0,0.0,979.0,0.0,4801.84
2026-05-19 16:13:56.289,38000,979.0,0.0,979.0,0.0,4819.526
2026-05-19 16:13:56.290,38250,979.0,0.0,979.0,0.0,4819.526
2026-05-19 16:13:56.290,38500,979.0,0.0,979.0,0.0,4819.526
2026-05-19 16:13:56.400,38750,979.0,0.0,979.0,0.0,4591.487
2026-05-19 16:13:56.400,39000,979.0,0.0,979.0,0.0,4591.487
2026-05-19 16:13:56.401,39250,979.0,0.0,979.0,0.0,4591.487
2026-05-19 16:13:56.519,39500,979.0,0.0,979.0,0.0,4591.487
2026-05-19 16:13:56.520,39750,979.0,0.0,979.0,0.0,4637.368
2026-05-19 16:13:56.520,40000,979.0,0.0,979.0,0.0,4380.519
2026-05-19 16:13:56.631,40250,979.0,0.0,979.0,0.0,4380.519
2026-05-19 16:13:56.632,40500,979.0,0.0,979.0,0.0,4380.519
2026-05-19 16:13:56.739,40750,975.967,0.691112802898,975.617,11.619,4394.303
2026-05-19 16:13:56.740,41000,979.0,0.0,979.0,0.0,4449.44
2026-05-19 16:13:56.740,41250,979.0,0.0,979.0,0.0,4262.566
2026-05-19 16:13:56.847,41500,979.0,0.0,979.0,0.0,4262.566
2026-05-19 16:13:56.848,41750,960.683,3.218750224387,959.168,53.941,4343.838
2026-05-19 16:13:56.969,42000,979.0,0.0,979.0,0.0,4343.838
2026-05-19 16:13:56.975,42250,979.0,0.0,979.0,0.0,4343.838
2026-05-19 16:13:56.976,42500,979.0,0.0,979.0,0.0,4101.722
2026-05-19 16:13:57.091,42750,979.0,0.0,979.0,0.0,4101.722
2026-05-19 16:13:57.092,43000,979.0,0.0,979.0,0.0,4101.722
2026-05-19 16:13:57.092,43250,979.0,0.0,979.0,0.0,4198.29
2026-05-19 16:13:57.093,43500,979.0,0.0,979.0,0.0,4198.29
2026-05-19 16:13:57.209,43750,979.0,0.0,979.0,0.0,3960.624
2026-05-19 16:13:57.210,44000,979.0,0.0,979.0,0.0,3960.624
2026-05-19 16:13:57.210,44250,979.0,0.0,979.0,0.0,3960.624
2026-05-19 16:13:57.319,44500,979.0,0.0,979.0,0.0,3960.624
2026-05-19 16:13:57.321,44750,979.0,0.0,979.0,0.0,4081.427
2026-05-19 16:13:57.323,45000,979.0,0.0,979.0,0.0,3861.35
2026-05-19 16:13:57.429,45250,979.0,0.0,979.0,0.0,3861.35
2026-05-19 16:13:57.430,45500,979.0,0.0,979.0,0.0,3861.35
2026-05-19 16:13:57.546,45750,979.0,0.0,979.0,0.0,3861.35
2026-05-19 16:13:57.546,46000,979.0,0.0,979.0,0.0,3655.855
2026-05-19 16:13:57.547,46250,996.925,-1.459649712383,996.095,-26.065,3756.262
2026-05-19 16:13:57.664,46500,979.0,0.0,979.0,0.0,3823.201
2026-05-19 16:13:57.665,46750,979.0,0.0,979.0,0.0,3823.201
2026-05-19 16:13:57.665,47000,979.0,0.0,979.0,0.0,3823.201
2026-05-19 16:13:57.666,47250,979.0,0.0,979.0,0.0,3625.638
2026-05-19 16:13:57.780,47500,979.0,0.0,979.0,0.0,3625.638
2026-05-19 16:13:57.781,47750,979.0,0.0,979.0,0.0,3625.638
2026-05-19 16:13:57.781,48000,979.0,0.0,979.0,0.0,3625.638
2026-05-19 16:13:57.891,48250,979.0,0.0,979.0,0.0,3625.638
2026-05-19 16:13:57.891,48500,979.0,0.0,979.0,0.0,3618.973
2026-05-19 16:13:57.893,48750,979.0,0.0,979.0,0.0,3618.973
2026-05-19 16:13:57.999,49000,979.0,0.0,979.0,0.0,3618.973
2026-05-19 16:13:58.001,49250,979.0,0.0,979.0,0.0,3618.973
2026-05-19 16:13:58.105,49500,949.632,-1.860441955751,948.815,-30.185,3546.598
2026-05-19 16:13:58.106,49750,979.0,0.0,979.0,0.0,3438.037
2026-05-19 16:13:58.107,50000,979.0,0.0,979.0,0.0,3438.037
2026-05-19 16:13:58.220,50250,979.0,0.0,979.0,0.0,3438.037
2026-05-19 16:13:58.221,50500,979.0,0.0,979.0,0.0,3438.037
2026-05-19 16:13:58.223,50750,979.0,0.0,979.0,0.0,3438.037
2026-05-19 16:13:58.225,51000,979.0,0.0,979.0,0.0,3448.719
2026-05-19 16:13:58.330,51250,979.0,0.0,979.0,0.0,3448.719
2026-05-19 16:13:58.332,51500,979.0,0.0,979.0,0.0,3448.719
2026-05-19 16:13:58.334,51750,979.0,0.0,979.0,0.0,3448.719
2026-05-19 16:13:58.451,52000,979.0,0.0,979.0,0.0,3448.719
2026-05-19 16:13:58.453,52250,946.332,-2.924710604278,944.804,-47.857,3419.949
2026-05-19 16:13:58.454,52500,979.0,0.0,979.0,0.0,3304.868
2026-05-19 16:13:58.454,52750,979.0,0.0,979.0,0.0,3304.868
2026-05-19 16:13:58.569,53000,979.0,0.0,979.0,0.0,3304.868
2026-05-19 16:13:58.570,53250,979.0,0.0,979.0,0.0,3304.868
2026-05-19 16:13:58.572,53500,979.0,0.0,979.0,0.0,3304.868
2026-05-19 16:13:58.574,53750,942.394,-3.779760395,940.344,-62.124,3304.868
2026-05-19 16:13:58.689,54000,979.0,0.0,979.0,0.0,3181.295
2026-05-19 16:13:58.690,54250,979.0,0.0,979.0,0.0,3181.295
2026-05-19 16:13:58.691,54500,979.0,0.0,979.0,0.0,3181.295
2026-05-19 16:13:58.804,54750,979.0,0.0,979.0,0.0,3181.295
2026-05-19 16:13:58.808,55000,979.0,0.0,979.0,0.0,3181.295
2026-05-19 16:13:58.810,55250,979.0,0.0,979.0,0.0,3181.295
2026-05-19 16:13:58.812,55500,951.451,-3.361812665895,949.419,-55.372,3158.914
2026-05-19 16:13:58.927,55750,979.0,0.0,979.0,0.0,3069.393
2026-05-19 16:13:58.928,56000,979.0,0.0,979.0,0.0,3069.393
2026-05-19 16:13:58.929,56250,979.0,0.0,979.0,0.0,3069.393
2026-05-19 16:13:59.036,56500,979.0,0.0,979.0,0.0,3069.393
2026-05-19 16:13:59.037,56750,979.0,0.0,979.0,0.0,3069.393
2026-05-19 16:13:59.038,57000,979.0,0.0,979.0,0.0,3069.393
2026-05-19 16:13:59.038,57250,979.0,0.0,979.0,0.0,3069.393
2026-05-19 16:13:59.144,57500,979.0,0.0,979.0,0.0,3069.393
2026-05-19 16:13:59.144,57750,979.0,0.0,979.0,0.0,3069.393
2026-05-19 16:13:59.145,58000,937.022,6.321979856173,931.324,103.181,3206.9
2026-05-19 16:13:59.266,58250,906.252,1.463962538707,905.957,23.153,3206.9
2026-05-19 16:13:59.267,58500,979.0,0.0,979.0,0.0,3206.9
2026-05-19 16:13:59.267,58750,995.639,3.495923823023,993.314,60.944,3153.529
2026-05-19 16:13:59.267,59000,999.799,4.369904778779,996.892,76.18,3140.187
2026-05-19 16:13:59.381,59250,979.0,0.0,979.0,0.0,3140.187
2026-05-19 16:13:59.381,59500,958.634,-4.369904778779,955.847,-73.043,3206.9
2026-05-19 16:13:59.382,59750,989.415,-4.955489794262,985.597,-85.931,3111.581
2026-05-19 16:13:59.489,60000,979.0,0.0,979.0,0.0,2968.602
2026-05-19 16:13:59.490,60250,979.0,0.0,979.0,0.0,2968.602
2026-05-19 16:13:59.492,60500,979.0,0.0,979.0,0.0,2968.602
2026-05-19 16:13:59.494,60750,979.0,0.0,979.0,0.0,2968.602
2026-05-19 16:13:59.604,61000,979.0,0.0,979.0,0.0,2968.602
2026-05-19 16:13:59.604,61250,979.0,0.0,979.0,0.0,2968.602
2026-05-19 16:13:59.605,61500,979.0,0.0,979.0,0.0,2968.602
2026-05-19 16:13:59.605,61750,979.0,0.0,979.0,0.0,2968.602
2026-05-19 16:13:59.715,62000,979.0,0.0,979.0,0.0,2968.602
2026-05-19 16:13:59.718,62250,979.0,0.0,979.0,0.0,2968.602
2026-05-19 16:13:59.720,62500,979.0,0.0,979.0,0.0,2968.602
2026-05-19 16:13:59.722,62750,979.0,0.0,979.0,0.0,2968.602
2026-05-19 16:13:59.837,63000,979.0,0.0,979.0,0.0,2968.602
2026-05-19 16:13:59.839,63250,917.717,1.350757908963,917.404,21.271,2922.145
2026-05-19 16:13:59.839,63500,979.0,0.0,979.0,0.0,2736.319
2026-05-19 16:13:59.840,63750,979.0,0.0,979.0,0.0,2736.319
2026-05-19 16:13:59.946,64000,979.0,0.0,979.0,0.0,2736.319
2026-05-19 16:13:59.946,64250,979.0,0.0,979.0,0.0,2736.319
2026-05-19 16:13:59.947,64500,979.0,0.0,979.0,0.0,2736.319
2026-05-19 16:13:59.947,64750,979.0,0.0,979.0,0.0,2736.319
2026-05-19 16:14:00.051,65000,979.0,0.0,979.0,0.0,2736.319
2026-05-19 16:14:00.052,65250,979.0,0.0,979.0,0.0,2736.319
2026-05-19 16:14:00.052,65500,979.0,0.0,979.0,0.0,2736.319
2026-05-19 16:14:00.053,65750,979.0,0.0,979.0,0.0,2736.319
2026-05-19 16:14:00.164,66000,979.0,0.0,979.0,0.0,2736.319
2026-05-19 16:14:00.166,66250,979.0,0.0,979.0,0.0,2736.319
2026-05-19 16:14:00.169,66500,979.0,0.0,979.0,0.0,2736.319
2026-05-19 16:14:00.172,66750,979.0,0.0,979.0,0.0,2736.319
2026-05-19 16:14:00.288,67000,979.0,0.0,979.0,0.0,2736.319
2026-05-19 16:14:00.290,67250,979.0,0.0,979.0,0.0,2492.103
2026-05-19 16:14:00.293,67500,979.0,0.0,979.0,0.0,2492.103
2026-05-19 16:14:00.295,67750,979.0,0.0,979.0,0.0,2492.103
2026-05-19 16:14:00.298,68000,970.059,-1.113550132612,969.177,-18.13,2515.952
2026-05-19 16:14:00.415,68250,979.0,0.0,979.0,0.0,2492.103
2026-05-19 16:14:00.418,68500,952.176,-3.340650397835,949.532,-54.389,2563.652
2026-05-19 16:14:00.420,68750,952.176,-3.340650397835,949.532,-54.389,2563.652
2026-05-19 16:14:00.422,69000,934.294,-5.567750663059,929.886,-90.648,2611.351
2026-05-19 16:14:00.530,69250,979.0,0.0,979.0,0.0,2611.351
2026-05-19 16:14:00.530,69500,979.0,0.0,979.0,0.0,2611.351
2026-05-19 16:14:00.531,69750,979.0,0.0,979.0,0.0,2611.351
2026-05-19 16:14:00.531,70000,979.0,0.0,979.0,0.0,2611.351
2026-05-19 16:14:00.646,70250,988.369,1.113550132612,987.401,19.906,2587.501
2026-05-19 16:14:00.646,70500,979.0,0.0,979.0,0.0,2611.351
2026-05-19 16:14:00.647,70750,979.0,0.0,979.0,0.0,2611.351
2026-05-19 16:14:00.649,71000,979.0,0.0,979.0,0.0,2611.351
2026-05-19 16:14:00.769,71250,979.0,0.0,979.0,0.0,2611.351
2026-05-19 16:14:00.769,71500,979.0,0.0,979.0,0.0,2611.351
2026-05-19 16:14:00.770,71750,1020.786,-1.347250873303,1020.038,-25.462,2510.638
2026-05-19 16:14:00.770,72000,923.946,-6.023390614508,918.845,-96.954,2359.568
2026-05-19 16:14:00.771,72250,1014.001,3.614034368705,1010.564,65.311,2279.954
2026-05-19 16:14:00.887,72500,1037.334,6.023390614508,1031.607,108.852,2226.878
2026-05-19 16:14:00.887,72750,979.0,0.0,979.0,0.0,2226.878
2026-05-19 16:14:00.888,73000,979.0,0.0,979.0,0.0,2226.878
2026-05-19 16:14:00.888,73250,979.0,0.0,979.0,0.0,2226.878
2026-05-19 16:14:01.004,73500,979.0,0.0,979.0,0.0,2226.878
2026-05-19 16:14:01.004,73750,979.0,0.0,979.0,0.0,2226.878
2026-05-19 16:14:01.005,74000,979.0,0.0,979.0,0.0,2226.878
2026-05-19 16:14:01.005,74250,979.0,0.0,979.0,0.0,2226.878
2026-05-19 16:14:01.120,74500,979.0,0.0,979.0,0.0,2226.878
2026-05-19 16:14:01.122,74750,979.0,0.0,979.0,0.0,2226.878
2026-05-19 16:14:01.124,75000,979.0,0.0,979.0,0.0,2226.878
2026-05-19 16:14:01.126,75250,979.0,0.0,979.0,0.0,2226.878
2026-05-19 16:14:01.127,75500,979.0,0.0,979.0,0.0,2226.878
2026-05-19 16:14:01.235,75750,979.0,0.0,979.0,0.0,2226.878
2026-05-19 16:14:01.235,76000,979.0,0.0,979.0,0.0,2226.878
2026-05-19 16:14:01.236,76250,979.0,0.0,979.0,0.0,2226.878
2026-05-19 16:14:01.236,76500,979.0,0.0,979.0,0.0,2226.878
2026-05-19 16:14:01.345,76750,979.0,0.0,979.0,0.0,2226.878
2026-05-19 16:14:01.346,77000,979.0,0.0,979.0,0.0,2226.878
2026-05-19 16:14:01.347,77250,979.0,0.0,979.0,0.0,2226.878
2026-05-19 16:14:01.347,77500,979.0,0.0,979.0,0.0,2226.878
2026-05-19 16:14:01.348,77750,979.0,0.0,979.0,0.0,1996.867
2026-05-19 16:14:01.469,78000,979.0,0.0,979.0,0.0,1996.867
2026-05-19 16:14:01.469,78250,979.0,0.0,979.0,0.0,1996.867
2026-05-19 16:14:01.470,78500,979.0,0.0,979.0,0.0,1996.867
2026-05-19 16:14:01.470,78750,979.0,0.0,979.0,0.0,1996.867
2026-05-19 16:14:01.471,79000,979.0,0.0,979.0,0.0,1996.867
2026-05-19 16:14:01.581,79250,979.0,0.0,979.0,0.0,1996.867
2026-05-19 16:14:01.582,79500,979.0,0.0,979.0,0.0,1996.867
2026-05-19 16:14:01.582,79750,979.0,0.0,979.0,0.0,1996.867
2026-05-19 16:14:01.582,80000,979.0,0.0,979.0,0.0,1996.867
2026-05-19 16:14:01.583,80250,979.0,0.0,979.0,0.0,1996.867
2026-05-19 16:14:01.700,80500,979.0,0.0,979.0,0.0,1996.867
2026-05-19 16:14:01.702,80750,979.0,0.0,979.0,0.0,1996.867
2026-05-19 16:14:01.703,81000,979.0,0.0,979.0,0.0,1996.867
2026-05-19 16:14:01.705,81250,979.0,0.0,979.0,0.0,1996.867
2026-05-19 16:14:01.707,81500,979.0,0.0,979.0,0.0,1996.867
2026-05-19 16:14:01.709,81750,979.0,0.0,979.0,0.0,1996.867
2026-05-19 16:14:01.816,82000,979.0,0.0,979.0,0.0,1887.867
2026-05-19 16:14:01.818,82250,979.0,0.0,979.0,0.0,1887.867
2026-05-19 16:14:01.820,82500,979.0,0.0,979.0,0.0,1887.867
2026-05-19 16:14:01.821,82750,979.0,0.0,979.0,0.0,1887.867
2026-05-19 16:14:01.823,83000,979.0,0.0,979.0,0.0,1887.867
2026-05-19 16:14:01.928,83250,1005.598,-0.648009129538,1005.242,-12.57,1842.71
2026-05-19 16:14:01.928,83500,979.0,0.0,979.0,0.0,1662.085
2026-05-19 16:14:01.929,83750,979.0,0.0,979.0,0.0,1662.085
2026-05-19 16:14:01.929,84000,979.0,0.0,979.0,0.0,1662.085
2026-05-19 16:14:02.045,84250,979.0,0.0,979.0,0.0,1662.085
2026-05-19 16:14:02.046,84500,979.0,0.0,979.0,0.0,1662.085
2026-05-19 16:14:02.046,84750,979.0,0.0,979.0,0.0,1662.085
2026-05-19 16:14:02.047,85000,979.0,0.0,979.0,0.0,1662.085
2026-05-19 16:14:02.047,85250,979.0,0.0,979.0,0.0,1662.085
2026-05-19 16:14:02.048,85500,979.0,0.0,979.0,0.0,1662.085
2026-05-19 16:14:02.169,85750,979.0,0.0,979.0,0.0,1662.085
2026-05-19 16:14:02.170,86000,979.0,0.0,979.0,0.0,1662.085
2026-05-19 16:14:02.170,86250,979.0,0.0,979.0,0.0,1662.085
2026-05-19 16:14:02.171,86500,979.0,0.0,979.0,0.0,1662.085
2026-05-19 16:14:02.171,86750,979.0,0.0,979.0,0.0,1662.085
2026-05-19 16:14:02.280,87000,979.0,0.0,979.0,0.0,1662.085
2026-05-19 16:14:02.280,87250,979.0,0.0,979.0,0.0,1662.085
2026-05-19 16:14:02.281,87500,979.0,0.0,979.0,0.0,1662.085
2026-05-19 16:14:02.281,87750,979.0,0.0,979.0,0.0,1662.085
2026-05-19 16:14:02.282,88000,979.0,0.0,979.0,0.0,1662.085
2026-05-19 16:14:02.395,88250,979.0,0.0,979.0,0.0,1662.085
2026-05-19 16:14:02.396,88500,979.0,0.0,979.0,0.0,1662.085
2026-05-19 16:14:02.396,88750,979.0,0.0,979.0,0.0,1662.085
2026-05-19 16:14:02.397,89000,979.0,0.0,979.0,0.0,1662.085
2026-05-19 16:14:02.397,89250,952.406,0.879700575028,951.908,12.977,1481.485
2026-05-19 16:14:02.512,89500,979.0,0.0,979.0,0.0,1436.336
2026-05-19 16:14:02.513,89750,979.0,0.0,979.0,0.0,1436.336
2026-05-19 16:14:02.513,90000,979.0,0.0,979.0,0.0,1436.336
2026-05-19 16:14:02.513,90250,979.0,0.0,979.0,0.0,1436.336
2026-05-19 16:14:02.514,90500,918.072,-7.921594854152,907.313,-124.204,1413.988
2026-05-19 16:14:02.630,90750,979.0,0.0,979.0,0.0,1324.598
2026-05-19 16:14:02.630,91000,979.0,0.0,979.0,0.0,1324.598
2026-05-19 16:14:02.631,91250,979.0,0.0,979.0,0.0,1324.598
2026-05-19 16:14:02.633,91500,979.0,0.0,979.0,0.0,1324.598
2026-05-19 16:14:02.635,91750,979.0,0.0,979.0,0.0,1324.598
2026-05-19 16:14:02.750,92000,979.0,0.0,979.0,0.0,1324.598
2026-05-19 16:14:02.758,92250,979.0,0.0,979.0,0.0,1324.598
2026-05-19 16:14:02.759,92500,979.0,0.0,979.0,0.0,1324.598
2026-05-19 16:14:02.762,92750,979.0,0.0,979.0,0.0,1324.598
2026-05-19 16:14:02.762,93000,979.0,0.0,979.0,0.0,1324.598
2026-05-19 16:14:02.763,93250,979.0,0.0,979.0,0.0,1324.598
2026-05-19 16:14:02.869,93500,979.0,0.0,979.0,0.0,1324.598
2026-05-19 16:14:02.869,93750,979.0,0.0,979.0,0.0,1324.598
2026-05-19 16:14:02.870,94000,979.0,0.0,979.0,0.0,1324.598
2026-05-19 16:14:02.870,94250,979.0,0.0,979.0,0.0,1324.598
2026-05-19 16:14:02.989,94500,979.0,0.0,979.0,0.0,1324.598
2026-05-19 16:14:02.990,94750,979.0,0.0,979.0,0.0,1324.598
2026-05-19 16:14:02.991,95000,979.0,0.0,979.0,0.0,1324.598
2026-05-19 16:14:02.994,95250,1025.474,-1.012483713268,1024.529,-21.379,1273.78
2026-05-19 16:14:02.996,95500,979.0,0.0,979.0,0.0,1070.507
2026-05-19 16:14:02.998,95750,979.0,0.0,979.0,0.0,1070.507
2026-05-19 16:14:03.105,96000,979.0,0.0,979.0,0.0,1070.507
2026-05-19 16:14:03.106,96250,979.0,0.0,979.0,0.0,1070.507
2026-05-19 16:14:03.106,96500,979.0,0.0,979.0,0.0,1070.507
2026-05-19 16:14:03.106,96750,979.0,0.0,979.0,0.0,1070.507
2026-05-19 16:14:03.107,97000,979.0,0.0,979.0,0.0,1070.507
2026-05-19 16:14:03.215,97250,979.0,0.0,979.0,0.0,1070.507
2026-05-19 16:14:03.216,97500,979.0,0.0,979.0,0.0,1070.507
2026-05-19 16:14:03.216,97750,979.0,0.0,979.0,0.0,1070.507
2026-05-19 16:14:03.216,98000,979.0,0.0,979.0,0.0,1070.507
2026-05-19 16:14:03.319,98250,979.0,0.0,979.0,0.0,1070.507
2026-05-19 16:14:03.320,98500,979.0,0.0,979.0,0.0,1070.507
2026-05-19 16:14:03.322,98750,979.0,0.0,979.0,0.0,1070.507
2026-05-19 16:14:03.322,99000,979.0,0.0,979.0,0.0,1070.507
2026-05-19 16:14:03.323,99250,979.0,0.0,979.0,0.0,1070.507
2026-05-19 16:14:03.429,99500,979.0,0.0,979.0,0.0,1070.507
2026-05-19 16:14:03.430,99750,979.0,0.0,979.0,0.0,1070.507
2026-05-19 16:14:03.430,100000,979.0,0.0,979.0,0.0,1070.507
2026-05-19 16:14:03.984,10000,979.0,0.0,979.0,0.0,9286.314
2026-05-19 16:14:04.089,10250,979.0,0.0,979.0,0.0,9286.314
2026-05-19 16:14:04.319,10500,979.0,0.0,979.0,0.0,9286.314
2026-05-19 16:14:04.430,10750,973.265,1.248790916917,972.977,21.179,9341.111
2026-05-19 16:14:04.536,11000,979.0,0.0,979.0,0.0,9354.811
2026-05-19 16:14:04.647,11250,968.583,-0.178318360226,968.572,-2.966,9205.503
2026-05-19 16:14:04.869,11500,977.454,0.295981633532,977.389,5.017,9120.46
2026-05-19 16:14:04.989,11750,979.0,0.0,979.0,0.0,9178.44
2026-05-19 16:14:05.099,12000,979.0,0.0,979.0,0.0,9178.44
2026-05-19 16:14:05.214,12250,979.0,0.0,979.0,0.0,9178.44
2026-05-19 16:14:05.320,12500,979.0,0.0,979.0,0.0,9258.26
2026-05-19 16:14:05.430,12750,994.15,0.310650789554,994.125,5.445,9118.593
2026-05-19 16:14:05.535,13000,979.0,0.0,979.0,0.0,9025.481
2026-05-19 16:14:05.647,13250,989.468,0.238562541544,989.446,4.185,9015.775
2026-05-19 16:14:05.751,13500,979.0,0.0,979.0,0.0,9110.657
2026-05-19 16:14:05.969,13750,979.0,0.0,979.0,0.0,9110.657
2026-05-19 16:14:06.089,14000,979.0,0.0,979.0,0.0,8971.41
2026-05-19 16:14:06.089,14250,979.0,0.0,979.0,0.0,8971.41
2026-05-19 16:14:06.199,14500,979.0,0.0,979.0,0.0,8971.41
2026-05-19 16:14:06.304,14750,972.049,0.914447904017,971.844,15.438,9035.867
2026-05-19 16:14:06.417,15000,994.376,0.417832049251,994.35,7.251,8938.448
2026-05-19 16:14:06.529,15250,979.0,0.0,979.0,0.0,8938.448
2026-05-19 16:14:06.639,15500,979.0,0.0,979.0,0.0,8938.448
2026-05-19 16:14:06.745,15750,979.0,0.0,979.0,0.0,9052.108
2026-05-19 16:14:06.869,16000,979.0,0.0,979.0,0.0,8828.731
2026-05-19 16:14:06.986,16250,979.0,0.0,979.0,0.0,8828.731
2026-05-19 16:14:06.986,16500,985.103,-0.666603470774,984.991,-11.508,8865.421
2026-05-19 16:14:07.089,16750,960.033,-0.622912351066,959.962,-10.385,8877.251
2026-05-19 16:14:07.204,17000,979.0,0.0,979.0,0.0,8704.426
2026-05-19 16:14:07.316,17250,953.338,-0.872532988888,953.228,-14.517,8704.426
2026-05-19 16:14:07.431,17500,979.0,0.0,979.0,0.0,8836.474
2026-05-19 16:14:07.536,17750,979.0,0.0,979.0,0.0,8611.81
2026-05-19 16:14:07.536,18000,979.0,0.0,979.0,0.0,8611.81
2026-05-19 16:14:07.652,18250,975.67,0.297188514811,975.605,4.991,8415.028
2026-05-19 16:14:07.769,18500,979.0,0.0,979.0,0.0,8531.103
2026-05-19 16:14:07.885,18750,979.0,0.0,979.0,0.0,8531.103
2026-05-19 16:14:07.886,19000,984.011,0.200677693461,983.98,3.517,8488.527
2026-05-19 16:14:08.001,19250,979.0,0.0,979.0,0.0,8318.223
2026-05-19 16:14:08.104,19500,974.152,-0.217733426676,974.117,-3.628,8297.795
2026-05-19 16:14:08.214,19750,974.152,-0.217733426676,974.117,-3.628,8297.795
2026-05-19 16:14:08.214,20000,979.0,0.0,979.0,0.0,8255.872
2026-05-19 16:14:08.329,20250,979.0,0.0,979.0,0.0,8255.872
2026-05-19 16:14:08.434,20500,979.0,0.0,979.0,0.0,8055.627
2026-05-19 16:14:08.434,20750,979.0,0.0,979.0,0.0,8210.115
2026-05-19 16:14:08.551,21000,959.182,-1.005522859644,959.034,-16.832,8210.115
2026-05-19 16:14:08.670,21250,979.0,0.0,979.0,0.0,8043.919
2026-05-19 16:14:08.670,21500,979.0,0.0,979.0,0.0,8043.919
2026-05-19 16:14:08.789,21750,979.0,0.0,979.0,0.0,7856.622
2026-05-19 16:14:08.790,22000,979.0,0.0,979.0,0.0,8030.595
2026-05-19 16:14:08.905,22250,979.0,0.0,979.0,0.0,8030.595
2026-05-19 16:14:09.014,22500,979.0,0.0,979.0,0.0,7842.522
2026-05-19 16:14:09.014,22750,979.0,0.0,979.0,0.0,7842.522
2026-05-19 16:14:09.131,23000,979.0,0.0,979.0,0.0,7658.862
2026-05-19 16:14:09.244,23250,979.0,0.0,979.0,0.0,7658.862
2026-05-19 16:14:09.245,23500,979.0,0.0,979.0,0.0,7658.862
2026-05-19 16:14:09.356,23750,974.298,0.247910983608,974.253,4.134,7535.657
2026-05-19 16:14:09.357,24000,979.0,0.0,979.0,0.0,7683.264
2026-05-19 16:14:09.469,24250,979.0,0.0,979.0,0.0,7515.704
2026-05-19 16:14:09.574,24500,979.0,0.0,979.0,0.0,7515.704
2026-05-19 16:14:09.575,24750,979.0,0.0,979.0,0.0,7515.704
2026-05-19 16:14:09.689,25000,979.0,0.0,979.0,0.0,7360.845
2026-05-19 16:14:09.690,25250,979.0,0.0,979.0,0.0,7360.845
2026-05-19 16:14:09.804,25500,979.0,0.0,979.0,0.0,7206.363
2026-05-19 16:14:09.805,25750,979.0,0.0,979.0,0.0,7206.363
2026-05-19 16:14:09.914,26000,979.0,0.0,979.0,0.0,7206.363
2026-05-19 16:14:10.031,26250,979.0,0.0,979.0,0.0,7078.333
2026-05-19 16:14:10.032,26500,986.967,0.678865192067,986.792,11.834,7021.877
2026-05-19 16:14:10.135,26750,979.0,0.0,979.0,0.0,6937.194
2026-05-19 16:14:10.135,27000,979.0,0.0,979.0,0.0,6937.194
2026-05-19 16:14:10.251,27250,982.819,0.34746840231,982.727,6.052,6910.653
2026-05-19 16:14:10.251,27500,979.0,0.0,979.0,0.0,6804.488
2026-05-19 16:14:10.370,27750,979.0,0.0,979.0,0.0,6804.488
2026-05-19 16:14:10.370,28000,979.0,0.0,979.0,0.0,6670.342
2026-05-19 16:14:10.489,28250,979.0,0.0,979.0,0.0,6670.342
2026-05-19 16:14:10.489,28500,979.0,0.0,979.0,0.0,6670.342
2026-05-19 16:14:10.599,28750,979.0,0.0,979.0,0.0,6557.083
2026-05-19 16:14:10.600,29000,979.0,0.0,979.0,0.0,6557.083
2026-05-19 16:14:10.715,29250,979.0,0.0,979.0,0.0,6439.888
2026-05-19 16:14:10.716,29500,979.0,0.0,979.0,0.0,6439.888
2026-05-19 16:14:10.830,29750,979.0,0.0,979.0,0.0,6439.888
2026-05-19 16:14:10.831,30000,979.0,0.0,979.0,0.0,6329.513
2026-05-19 16:14:10.946,30250,979.0,0.0,979.0,0.0,6329.513
2026-05-19 16:14:10.947,30500,979.0,0.0,979.0,0.0,6231.235
2026-05-19 16:14:11.070,30750,979.0,0.0,979.0,0.0,6231.235
2026-05-19 16:14:11.070,31000,979.0,0.0,979.0,0.0,6231.235
2026-05-19 16:14:11.071,31250,979.0,0.0,979.0,0.0,6132.743
2026-05-19 16:14:11.189,31500,979.0,0.0,979.0,0.0,6132.743
2026-05-19 16:14:11.190,31750,991.55,2.244440913935,990.789,38.832,6055.123
2026-05-19 16:14:11.304,32000,963.743,0.282597856155,963.715,4.64,5913.58
2026-05-19 16:14:11.304,32250,979.0,0.0,979.0,0.0,5819.217
2026-05-19 16:14:11.420,32500,979.0,0.0,979.0,0.0,5745.191
2026-05-19 16:14:11.421,32750,979.0,0.0,979.0,0.0,5745.191
2026-05-19 16:14:11.421,33000,979.0,0.0,979.0,0.0,5745.191
2026-05-19 16:14:11.535,33250,979.0,0.0,979.0,0.0,5682.385
2026-05-19 16:14:11.535,33500,979.0,0.0,979.0,0.0,5682.385
2026-05-19 16:14:11.639,33750,979.0,0.0,979.0,0.0,5682.385
2026-05-19 16:14:11.640,34000,979.0,0.0,979.0,0.0,5630.485
2026-05-19 16:14:11.749,34250,979.0,0.0,979.0,0.0,5379.444
2026-05-19 16:14:11.750,34500,979.0,0.0,979.0,0.0,5379.444
2026-05-19 16:14:11.863,34750,979.0,0.0,979.0,0.0,5339.018
2026-05-19 16:14:11.864,35000,979.0,0.0,979.0,0.0,5339.018
2026-05-19 16:14:11.864,35250,979.0,0.0,979.0,0.0,5339.018
2026-05-19 16:14:11.979,35500,979.0,0.0,979.0,0.0,5311.955
2026-05-19 16:14:11.980,35750,934.391,0.237811716413,934.383,3.878,5311.955
2026-05-19 16:14:12.089,36000,979.0,0.0,979.0,0.0,5069.911
2026-05-19 16:14:12.090,36250,979.0,0.0,979.0,0.0,5053.16
2026-05-19 16:14:12.204,36500,979.0,0.0,979.0,0.0,5053.16
2026-05-19 16:14:12.205,36750,979.0,0.0,979.0,0.0,5053.16
2026-05-19 16:14:12.205,37000,979.0,0.0,979.0,0.0,5052.649
2026-05-19 16:14:12.316,37250,979.0,0.0,979.0,0.0,4801.84
2026-05-19 16:14:12.316,37500,979.0,0.0,979.0,0.0,4801.84
2026-05-19 16:14:12.317,37750,979.0,0.0,979.0,0.0,4801.84
2026-05-19 16:14:12.425,38000,979.0,0.0,979.0,0.0,4819.526
2026-05-19 16:14:12.426,38250,979.0,0.0,979.0,0.0,4819.526
2026-05-19 16:14:12.540,38500,979.0,0.0,979.0,0.0,4819.526
2026-05-19 16:14:12.541,38750,979.0,0.0,979.0,0.0,4591.487
2026-05-19 16:14:12.541,39000,979.0,0.0,979.0,0.0,4591.487
2026-05-19 16:14:12.657,39250,979.0,0.0,979.0,0.0,4591.487
2026-05-19 16:14:12.658,39500,979.0,0.0,979.0,0.0,4591.487
2026-05-19 16:14:12.658,39750,979.0,0.0,979.0,0.0,4637.368
2026-05-19 16:14:12.770,40000,979.0,0.0,979.0,0.0,4380.519
2026-05-19 16:14:12.770,40250,979.0,0.0,979.0,0.0,4380.519
2026-05-19 16:14:12.884,40500,979.0,0.0,979.0,0.0,4380.519
2026-05-19 16:14:12.884,40750,975.967,0.691112802898,975.617,11.619,4394.303
2026-05-19 16:14:12.885,41000,979.0,0.0,979.0,0.0,4449.44
2026-05-19 16:14:12.999,41250,979.0,0.0,979.0,0.0,4262.566
2026-05-19 16:14:13.000,41500,979.0,0.0,979.0,0.0,4262.566
2026-05-19 16:14:13.001,41750,960.683,3.218750224387,959.168,53.941,4343.838
2026-05-19 16:14:13.114,42000,979.0,0.0,979.0,0.0,4343.838
2026-05-19 16:14:13.115,42250,979.0,0.0,979.0,0.0,4343.838
2026-05-19 16:14:13.232,42500,979.0,0.0,979.0,0.0,4101.722
2026-05-19 16:14:13.232,42750,979.0,0.0,979.0,0.0,4101.722
2026-05-19 16:14:13.233,43000,979.0,0.0,979.0,0.0,4101.722
2026-05-19 16:14:13.346,43250,979.0,0.0,979.0,0.0,4198.29
2026-05-19 16:14:13.347,43500,979.0,0.0,979.0,0.0,4198.29
2026-05-19 16:14:13.347,43750,979.0,0.0,979.0,0.0,3960.624
2026-05-19 16:14:13.457,44000,979.0,0.0,979.0,0.0,3960.624
2026-05-19 16:14:13.458,44250,979.0,0.0,979.0,0.0,3960.624
2026-05-19 16:14:13.459,44500,979.0,0.0,979.0,0.0,3960.624
2026-05-19 16:14:13.575,44750,979.0,0.0,979.0,0.0,4081.427
2026-05-19 16:14:13.576,45000,979.0,0.0,979.0,0.0,3861.35
2026-05-19 16:14:13.576,45250,979.0,0.0,979.0,0.0,3861.35
2026-05-19 16:14:13.680,45500,979.0,0.0,979.0,0.0,3861.35
2026-05-19 16:14:13.680,45750,979.0,0.0,979.0,0.0,3861.35
2026-05-19 16:14:13.681,46000,979.0,0.0,979.0,0.0,3655.855
2026-05-19 16:14:13.799,46250,996.925,-1.459649712383,996.095,-26.065,3756.262
2026-05-19 16:14:13.800,46500,979.0,0.0,979.0,0.0,3823.201
2026-05-19 16:14:13.800,46750,979.0,0.0,979.0,0.0,3823.201
2026-05-19 16:14:13.915,47000,979.0,0.0,979.0,0.0,3823.201
2026-05-19 16:14:13.916,47250,979.0,0.0,979.0,0.0,3625.638
2026-05-19 16:14:13.916,47500,979.0,0.0,979.0,0.0,3625.638
2026-05-19 16:14:14.029,47750,979.0,0.0,979.0,0.0,3625.638
2026-05-19 16:14:14.029,48000,979.0,0.0,979.0,0.0,3625.638
2026-05-19 16:14:14.030,48250,979.0,0.0,979.0,0.0,3625.638
2026-05-19 16:14:14.147,48500,979.0,0.0,979.0,0.0,3618.973
2026-05-19 16:14:14.147,48750,979.0,0.0,979.0,0.0,3618.973
2026-05-19 16:14:14.147,49000,979.0,0.0,979.0,0.0,3618.973
2026-05-19 16:14:14.268,49250,979.0,0.0,979.0,0.0,3618.973
2026-05-19 16:14:14.270,49500,949.632,-1.860441955751,948.815,-30.185,3546.598
2026-05-19 16:14:14.271,49750,979.0,0.0,979.0,0.0,3438.037
2026-05-19 16:14:14.271,50000,979.0,0.0,979.0,0.0,3438.037
2026-05-19 16:14:14.379,50250,979.0,0.0,979.0,0.0,3438.037
2026-05-19 16:14:14.379,50500,979.0,0.0,979.0,0.0,3438.037
2026-05-19 16:14:14.380,50750,979.0,0.0,979.0,0.0,3438.037
2026-05-19 16:14:14.499,51000,979.0,0.0,979.0,0.0,3448.719
2026-05-19 16:14:14.499,51250,979.0,0.0,979.0,0.0,3448.719
2026-05-19 16:14:14.500,51500,979.0,0.0,979.0,0.0,3448.719
2026-05-19 16:14:14.500,51750,979.0,0.0,979.0,0.0,3448.719
2026-05-19 16:14:14.616,52000,979.0,0.0,979.0,0.0,3448.719
2026-05-19 16:14:14.617,52250,954.499,-2.193532953208,953.353,-35.893,3391.178
2026-05-19 16:14:14.618,52500,979.0,0.0,979.0,0.0,3304.868
2026-05-19 16:14:14.618,52750,979.0,0.0,979.0,0.0,3304.868
2026-05-19 16:14:14.730,53000,979.0,0.0,979.0,0.0,3304.868
2026-05-19 16:14:14.730,53250,979.0,0.0,979.0,0.0,3304.868
2026-05-19 16:14:14.731,53500,979.0,0.0,979.0,0.0,3304.868
2026-05-19 16:14:14.845,53750,942.394,-3.779760395,940.344,-62.124,3304.868
2026-05-19 16:14:14.846,54000,979.0,0.0,979.0,0.0,3181.295
2026-05-19 16:14:14.846,54250,979.0,0.0,979.0,0.0,3181.295
2026-05-19 16:14:14.968,54500,979.0,0.0,979.0,0.0,3181.295
2026-05-19 16:14:14.969,54750,979.0,0.0,979.0,0.0,3181.295
2026-05-19 16:14:14.969,55000,979.0,0.0,979.0,0.0,3181.295
2026-05-19 16:14:14.970,55250,979.0,0.0,979.0,0.0,3181.295
2026-05-19 16:14:15.084,55500,951.451,-3.361812665895,949.419,-55.372,3158.914
2026-05-19 16:14:15.084,55750,979.0,0.0,979.0,0.0,3069.393
2026-05-19 16:14:15.085,56000,979.0,0.0,979.0,0.0,3069.393
2026-05-19 16:14:15.085,56250,979.0,0.0,979.0,0.0,3069.393
2026-05-19 16:14:15.199,56500,979.0,0.0,979.0,0.0,3069.393
2026-05-19 16:14:15.200,56750,979.0,0.0,979.0,0.0,3069.393
2026-05-19 16:14:15.200,57000,979.0,0.0,979.0,0.0,3069.393
2026-05-19 16:14:15.304,57250,979.0,0.0,979.0,0.0,3069.393
2026-05-19 16:14:15.305,57500,979.0,0.0,979.0,0.0,3069.393
2026-05-19 16:14:15.305,57750,979.0,0.0,979.0,0.0,3069.393
2026-05-19 16:14:15.414,58000,937.022,6.321979856173,931.324,103.181,3206.9
2026-05-19 16:14:15.415,58250,906.252,1.463962538707,905.957,23.153,3206.9
2026-05-19 16:14:15.415,58500,979.0,0.0,979.0,0.0,3206.9
2026-05-19 16:14:15.416,58750,995.639,3.495923823023,993.314,60.944,3153.529
2026-05-19 16:14:15.530,59000,999.799,4.369904778779,996.892,76.18,3140.187
2026-05-19 16:14:15.530,59250,979.0,0.0,979.0,0.0,3140.187
2026-05-19 16:14:15.531,59500,958.634,-4.369904778779,955.847,-73.043,3206.9
2026-05-19 16:14:15.636,59750,1004.805,-5.248282302003,1000.472,-92.374,3063.921
2026-05-19 16:14:15.636,60000,979.0,0.0,979.0,0.0,2968.602
2026-05-19 16:14:15.637,60250,979.0,0.0,979.0,0.0,2968.602
2026-05-19 16:14:15.637,60500,979.0,0.0,979.0,0.0,2968.602
2026-05-19 16:14:15.745,60750,979.0,0.0,979.0,0.0,2968.602
2026-05-19 16:14:15.746,61000,979.0,0.0,979.0,0.0,2968.602
2026-05-19 16:14:15.747,61250,979.0,0.0,979.0,0.0,2968.602
2026-05-19 16:14:15.747,61500,979.0,0.0,979.0,0.0,2968.602
2026-05-19 16:14:15.870,61750,979.0,0.0,979.0,0.0,2968.602
2026-05-19 16:14:15.871,62000,979.0,0.0,979.0,0.0,2968.602
2026-05-19 16:14:15.871,62250,979.0,0.0,979.0,0.0,2968.602
2026-05-19 16:14:15.872,62500,979.0,0.0,979.0,0.0,2968.602
2026-05-19 16:14:15.989,62750,979.0,0.0,979.0,0.0,2968.602
2026-05-19 16:14:15.990,63000,979.0,0.0,979.0,0.0,2968.602
2026-05-19 16:14:15.993,63250,917.717,1.350757908963,917.404,21.271,2922.145
2026-05-19 16:14:15.994,63500,979.0,0.0,979.0,0.0,2736.319
2026-05-19 16:14:15.996,63750,979.0,0.0,979.0,0.0,2736.319
2026-05-19 16:14:16.104,64000,979.0,0.0,979.0,0.0,2736.319
2026-05-19 16:14:16.106,64250,979.0,0.0,979.0,0.0,2736.319
2026-05-19 16:14:16.108,64500,979.0,0.0,979.0,0.0,2736.319
2026-05-19 16:14:16.110,64750,979.0,0.0,979.0,0.0,2736.319
2026-05-19 16:14:16.220,65000,979.0,0.0,979.0,0.0,2736.319
2026-05-19 16:14:16.221,65250,979.0,0.0,979.0,0.0,2736.319
2026-05-19 16:14:16.222,65500,979.0,0.0,979.0,0.0,2736.319
2026-05-19 16:14:16.224,65750,979.0,0.0,979.0,0.0,2736.319
2026-05-19 16:14:16.336,66000,979.0,0.0,979.0,0.0,2736.319
2026-05-19 16:14:16.337,66250,979.0,0.0,979.0,0.0,2736.319
2026-05-19 16:14:16.339,66500,979.0,0.0,979.0,0.0,2736.319
2026-05-19 16:14:16.340,66750,979.0,0.0,979.0,0.0,2736.319
2026-05-19 16:14:16.449,67000,979.0,0.0,979.0,0.0,2736.319
2026-05-19 16:14:16.450,67250,979.0,0.0,979.0,0.0,2492.103
2026-05-19 16:14:16.450,67500,979.0,0.0,979.0,0.0,2492.103
2026-05-19 16:14:16.451,67750,979.0,0.0,979.0,0.0,2492.103
2026-05-19 16:14:16.569,68000,961.118,-2.227100265223,959.354,-36.259,2539.802
2026-05-19 16:14:16.569,68250,979.0,0.0,979.0,0.0,2492.103
2026-05-19 16:14:16.570,68500,952.176,-3.340650397835,949.532,-54.389,2563.652
2026-05-19 16:14:16.571,68750,943.235,-4.454200530447,939.709,-72.518,2587.501
2026-05-19 16:14:16.689,69000,934.294,-5.567750663059,929.886,-90.648,2611.351
2026-05-19 16:14:16.690,69250,979.0,0.0,979.0,0.0,2611.351
2026-05-19 16:14:16.692,69500,979.0,0.0,979.0,0.0,2611.351
2026-05-19 16:14:16.694,69750,979.0,0.0,979.0,0.0,2611.351
2026-05-19 16:14:16.696,70000,979.0,0.0,979.0,0.0,2611.351
2026-05-19 16:14:16.804,70250,988.369,1.113550132612,987.401,19.906,2587.501
2026-05-19 16:14:16.806,70500,979.0,0.0,979.0,0.0,2611.351
2026-05-19 16:14:16.808,70750,979.0,0.0,979.0,0.0,2611.351
2026-05-19 16:14:16.810,71000,979.0,0.0,979.0,0.0,2611.351
2026-05-19 16:14:16.919,71250,979.0,0.0,979.0,0.0,2611.351
2026-05-19 16:14:16.920,71500,979.0,0.0,979.0,0.0,2611.351
2026-05-19 16:14:16.920,71750,1020.786,-1.347250873303,1020.038,-25.462,2510.638
2026-05-19 16:14:16.923,72000,923.946,-6.023390614508,918.845,-96.954,2359.568
2026-05-19 16:14:17.030,72250,1002.334,2.409356245803,1000.043,43.541,2306.492
2026-05-19 16:14:17.030,72500,1037.334,6.023390614508,1031.607,108.852,2226.878
2026-05-19 16:14:17.034,72750,979.0,0.0,979.0,0.0,2226.878
2026-05-19 16:14:17.035,73000,979.0,0.0,979.0,0.0,2226.878
2026-05-19 16:14:17.151,73250,979.0,0.0,979.0,0.0,2226.878
2026-05-19 16:14:17.152,73500,979.0,0.0,979.0,0.0,2226.878
2026-05-19 16:14:17.155,73750,979.0,0.0,979.0,0.0,2226.878
2026-05-19 16:14:17.157,74000,979.0,0.0,979.0,0.0,2226.878
2026-05-19 16:14:17.269,74250,979.0,0.0,979.0,0.0,2226.878
2026-05-19 16:14:17.269,74500,979.0,0.0,979.0,0.0,2226.878
2026-05-19 16:14:17.270,74750,979.0,0.0,979.0,0.0,2226.878
2026-05-19 16:14:17.270,75000,979.0,0.0,979.0,0.0,2226.878
2026-05-19 16:14:17.389,75250,979.0,0.0,979.0,0.0,2226.878
2026-05-19 16:14:17.389,75500,979.0,0.0,979.0,0.0,2226.878
2026-05-19 16:14:17.390,75750,979.0,0.0,979.0,0.0,2226.878
2026-05-19 16:14:17.390,76000,979.0,0.0,979.0,0.0,2226.878
2026-05-19 16:14:17.390,76250,979.0,0.0,979.0,0.0,2226.878
2026-05-19 16:14:17.502,76500,979.0,0.0,979.0,0.0,2226.878
2026-05-19 16:14:17.502,76750,979.0,0.0,979.0,0.0,2226.878
2026-05-19 16:14:17.503,77000,979.0,0.0,979.0,0.0,2226.878
2026-05-19 16:14:17.503,77250,979.0,0.0,979.0,0.0,2226.878
2026-05-19 16:14:17.503,77500,979.0,0.0,979.0,0.0,2226.878
2026-05-19 16:14:17.620,77750,979.0,0.0,979.0,0.0,1996.867
2026-05-19 16:14:17.620,78000,979.0,0.0,979.0,0.0,1996.867
2026-05-19 16:14:17.621,78250,979.0,0.0,979.0,0.0,1996.867
2026-05-19 16:14:17.621,78500,979.0,0.0,979.0,0.0,1996.867
2026-05-19 16:14:17.622,78750,979.0,0.0,979.0,0.0,1996.867
2026-05-19 16:14:17.622,79000,979.0,0.0,979.0,0.0,1996.867
2026-05-19 16:14:17.731,79250,979.0,0.0,979.0,0.0,1996.867
2026-05-19 16:14:17.731,79500,979.0,0.0,979.0,0.0,1996.867
2026-05-19 16:14:17.732,79750,979.0,0.0,979.0,0.0,1996.867
2026-05-19 16:14:17.732,80000,979.0,0.0,979.0,0.0,1996.867
2026-05-19 16:14:17.835,80250,979.0,0.0,979.0,0.0,1996.867
2026-05-19 16:14:17.836,80500,979.0,0.0,979.0,0.0,1996.867
2026-05-19 16:14:17.836,80750,979.0,0.0,979.0,0.0,1996.867
2026-05-19 16:14:17.837,81000,979.0,0.0,979.0,0.0,1996.867
2026-05-19 16:14:17.837,81250,979.0,0.0,979.0,0.0,1996.867
2026-05-19 16:14:17.951,81500,979.0,0.0,979.0,0.0,1996.867
2026-05-19 16:14:17.952,81750,979.0,0.0,979.0,0.0,1996.867
2026-05-19 16:14:17.952,82000,979.0,0.0,979.0,0.0,1887.867
2026-05-19 16:14:17.953,82250,979.0,0.0,979.0,0.0,1887.867
2026-05-19 16:14:17.953,82500,979.0,0.0,979.0,0.0,1887.867
2026-05-19 16:14:18.059,82750,979.0,0.0,979.0,0.0,1887.867
2026-05-19 16:14:18.060,83000,979.0,0.0,979.0,0.0,1887.867
2026-05-19 16:14:18.060,83250,1005.598,-0.648009129538,1005.242,-12.57,1842.71
2026-05-19 16:14:18.060,83500,979.0,0.0,979.0,0.0,1662.085
2026-05-19 16:14:18.061,83750,979.0,0.0,979.0,0.0,1662.085
2026-05-19 16:14:18.170,84000,979.0,0.0,979.0,0.0,1662.085
2026-05-19 16:14:18.170,84250,979.0,0.0,979.0,0.0,1662.085
2026-05-19 16:14:18.171,84500,979.0,0.0,979.0,0.0,1662.085
2026-05-19 16:14:18.171,84750,979.0,0.0,979.0,0.0,1662.085
2026-05-19 16:14:18.289,85000,979.0,0.0,979.0,0.0,1662.085
2026-05-19 16:14:18.290,85250,979.0,0.0,979.0,0.0,1662.085
2026-05-19 16:14:18.290,85500,979.0,0.0,979.0,0.0,1662.085
2026-05-19 16:14:18.291,85750,979.0,0.0,979.0,0.0,1662.085
2026-05-19 16:14:18.291,86000,979.0,0.0,979.0,0.0,1662.085
2026-05-19 16:14:18.291,86250,979.0,0.0,979.0,0.0,1662.085
2026-05-19 16:14:18.394,86500,979.0,0.0,979.0,0.0,1662.085
2026-05-19 16:14:18.395,86750,979.0,0.0,979.0,0.0,1662.085
2026-05-19 16:14:18.395,87000,979.0,0.0,979.0,0.0,1662.085
2026-05-19 16:14:18.395,87250,979.0,0.0,979.0,0.0,1662.085
2026-05-19 16:14:18.510,87500,979.0,0.0,979.0,0.0,1662.085
2026-05-19 16:14:18.510,87750,979.0,0.0,979.0,0.0,1662.085
2026-05-19 16:14:18.511,88000,979.0,0.0,979.0,0.0,1662.085
2026-05-19 16:14:18.511,88250,979.0,0.0,979.0,0.0,1662.085
2026-05-19 16:14:18.511,88500,979.0,0.0,979.0,0.0,1662.085
2026-05-19 16:14:18.615,88750,979.0,0.0,979.0,0.0,1662.085
2026-05-19 16:14:18.616,89000,979.0,0.0,979.0,0.0,1662.085
2026-05-19 16:14:18.617,89250,952.406,0.879700575028,951.908,12.977,1481.485
2026-05-19 16:14:18.617,89500,979.0,0.0,979.0,0.0,1436.336
2026-05-19 16:14:18.617,89750,979.0,0.0,979.0,0.0,1436.336
2026-05-19 16:14:18.730,90000,979.0,0.0,979.0,0.0,1436.336
2026-05-19 16:14:18.730,90250,979.0,0.0,979.0,0.0,1436.336
2026-05-19 16:14:18.730,90500,933.304,-5.941196140614,925.235,-93.153,1391.641
2026-05-19 16:14:18.731,90750,979.0,0.0,979.0,0.0,1324.598
2026-05-19 16:14:18.731,91000,979.0,0.0,979.0,0.0,1324.598
2026-05-19 16:14:18.835,91250,979.0,0.0,979.0,0.0,1324.598
2026-05-19 16:14:18.835,91500,979.0,0.0,979.0,0.0,1324.598
2026-05-19 16:14:18.836,91750,979.0,0.0,979.0,0.0,1324.598
2026-05-19 16:14:18.836,92000,979.0,0.0,979.0,0.0,1324.598
2026-05-19 16:14:18.946,92250,979.0,0.0,979.0,0.0,1324.598
2026-05-19 16:14:18.947,92500,979.0,0.0,979.0,0.0,1324.598
2026-05-19 16:14:18.947,92750,979.0,0.0,979.0,0.0,1324.598
2026-05-19 16:14:18.947,93000,979.0,0.0,979.0,0.0,1324.598
2026-05-19 16:14:18.948,93250,979.0,0.0,979.0,0.0,1324.598
2026-05-19 16:14:19.055,93500,979.0,0.0,979.0,0.0,1324.598
2026-05-19 16:14:19.055,93750,979.0,0.0,979.0,0.0,1324.598
2026-05-19 16:14:19.055,94000,979.0,0.0,979.0,0.0,1324.598
2026-05-19 16:14:19.056,94250,979.0,0.0,979.0,0.0,1324.598
2026-05-19 16:14:19.056,94500,979.0,0.0,979.0,0.0,1324.598
2026-05-19 16:14:19.175,94750,979.0,0.0,979.0,0.0,1324.598
2026-05-19 16:14:19.175,95000,979.0,0.0,979.0,0.0,1324.598
2026-05-19 16:14:19.175,95250,979.0,0.0,979.0,0.0,1324.598
2026-05-19 16:14:19.176,95500,979.0,0.0,979.0,0.0,1070.507
2026-05-19 16:14:19.176,95750,979.0,0.0,979.0,0.0,1070.507
2026-05-19 16:14:19.299,96000,979.0,0.0,979.0,0.0,1070.507
2026-05-19 16:14:19.300,96250,979.0,0.0,979.0,0.0,1070.507
2026-05-19 16:14:19.300,96500,979.0,0.0,979.0,0.0,1070.507
2026-05-19 16:14:19.300,96750,979.0,0.0,979.0,0.0,1070.507
2026-05-19 16:14:19.301,97000,979.0,0.0,979.0,0.0,1070.507
2026-05-19 16:14:19.302,97250,979.0,0.0,979.0,0.0,1070.507
2026-05-19 16:14:19.415,97500,979.0,0.0,979.0,0.0,1070.507
2026-05-19 16:14:19.416,97750,979.0,0.0,979.0,0.0,1070.507
2026-05-19 16:14:19.416,98000,979.0,0.0,979.0,0.0,1070.507
2026-05-19 16:14:19.416,98250,979.0,0.0,979.0,0.0,1070.507
2026-05-19 16:14:19.417,98500,979.0,0.0,979.0,0.0,1070.507
2026-05-19 16:14:19.532,98750,979.0,0.0,979.0,0.0,1070.507
2026-05-19 16:14:19.532,99000,979.0,0.0,979.0,0.0,1070.507
2026-05-19 16:14:19.533,99250,979.0,0.0,979.0,0.0,1070.507
2026-05-19 16:14:19.533,99500,979.0,0.0,979.0,0.0,1070.507
2026-05-19 16:14:19.533,99750,979.0,0.0,979.0,0.0,1070.507
2026-05-19 16:14:19.646,100000,979.0,0.0,979.0,0.0,1070.507
2026-05-19 16:14:20.115,10000,979.0,0.0,979.0,0.0,9286.314
2026-05-19 16:14:20.285,10250,979.0,0.0,979.0,0.0,9286.314
2026-05-19 16:14:20.499,10500,979.0,0.0,979.0,0.0,9286.314
2026-05-19 16:14:20.615,10750,974.699,0.936593187687,974.483,15.884,9327.412
2026-05-19 16:14:20.729,11000,979.0,0.0,979.0,0.0,9354.811
2026-05-19 16:14:20.849,11250,963.375,-0.267477540339,963.357,-4.449,9255.273
2026-05-19 16:14:20.969,11500,977.454,0.295981633532,977.389,5.017,9120.46
2026-05-19 16:14:21.086,11750,979.0,0.0,979.0,0.0,9178.44
2026-05-19 16:14:21.310,12000,979.0,0.0,979.0,0.0,9178.44
2026-05-19 16:14:21.414,12250,979.0,0.0,979.0,0.0,9178.44
2026-05-19 16:14:21.531,12500,979.0,0.0,979.0,0.0,9258.26
2026-05-19 16:14:21.634,12750,989.1,0.207100526369,989.083,3.63,9165.148
2026-05-19 16:14:21.745,13000,979.0,0.0,979.0,0.0,9025.481
2026-05-19 16:14:21.869,13250,994.702,0.357843812317,994.67,6.278,8968.334
2026-05-19 16:14:21.985,13500,979.0,0.0,979.0,0.0,9110.657
2026-05-19 16:14:22.093,13750,979.0,0.0,979.0,0.0,9110.657
2026-05-19 16:14:22.199,14000,979.0,0.0,979.0,0.0,8971.41
2026-05-19 16:14:22.320,14250,979.0,0.0,979.0,0.0,8971.41
2026-05-19 16:14:22.430,14500,979.0,0.0,979.0,0.0,8971.41
2026-05-19 16:14:22.546,14750,974.366,0.609631936012,974.229,10.292,9014.381
2026-05-19 16:14:22.655,15000,994.376,0.417832049251,994.35,7.251,8938.448
2026-05-19 16:14:22.774,15250,979.0,0.0,979.0,0.0,8938.448
2026-05-19 16:14:22.775,15500,979.0,0.0,979.0,0.0,8938.448
2026-05-19 16:14:22.890,15750,979.0,0.0,979.0,0.0,9052.108
2026-05-19 16:14:23.001,16000,979.0,0.0,979.0,0.0,8828.731
2026-05-19 16:14:23.119,16250,979.0,0.0,979.0,0.0,8828.731
2026-05-19 16:14:23.233,16500,985.103,-0.666603470774,984.991,-11.508,8865.421
2026-05-19 16:14:23.337,16750,960.033,-0.622912351066,959.962,-10.385,8877.251
2026-05-19 16:14:23.338,17000,979.0,0.0,979.0,0.0,8704.426
2026-05-19 16:14:23.449,17250,953.338,-0.872532988888,953.228,-14.517,8704.426
2026-05-19 16:14:23.569,17500,979.0,0.0,979.0,0.0,8836.474
2026-05-19 16:14:23.684,17750,979.0,0.0,979.0,0.0,8611.81
2026-05-19 16:14:23.787,18000,979.0,0.0,979.0,0.0,8611.81
2026-05-19 16:14:23.788,18250,975.67,0.297188514811,975.605,4.991,8415.028
2026-05-19 16:14:23.903,18500,979.0,0.0,979.0,0.0,8531.103
2026-05-19 16:14:24.020,18750,979.0,0.0,979.0,0.0,8531.103
2026-05-19 16:14:24.131,19000,984.011,0.200677693461,983.98,3.517,8488.527
2026-05-19 16:14:24.131,19250,979.0,0.0,979.0,0.0,8318.223
2026-05-19 16:14:24.234,19500,979.0,0.0,979.0,0.0,8255.872
2026-05-19 16:14:24.351,19750,969.304,-0.435466853352,969.235,-7.256,8339.717
2026-05-19 16:14:24.352,20000,979.0,0.0,979.0,0.0,8255.872
2026-05-19 16:14:24.455,20250,979.0,0.0,979.0,0.0,8255.872
2026-05-19 16:14:24.569,20500,979.0,0.0,979.0,0.0,8055.627
2026-05-19 16:14:24.688,20750,979.0,0.0,979.0,0.0,8210.115
2026-05-19 16:14:24.689,21000,959.182,-1.005522859644,959.034,-16.832,8210.115
2026-05-19 16:14:24.804,21250,979.0,0.0,979.0,0.0,8043.919
2026-05-19 16:14:24.805,21500,979.0,0.0,979.0,0.0,8043.919
2026-05-19 16:14:24.915,21750,979.0,0.0,979.0,0.0,7856.622
2026-05-19 16:14:25.019,22000,983.336,-0.268968183771,983.281,-4.697,7995.801
2026-05-19 16:14:25.131,22250,979.0,0.0,979.0,0.0,8030.595
2026-05-19 16:14:25.131,22500,979.0,0.0,979.0,0.0,7842.522
2026-05-19 16:14:25.239,22750,979.0,0.0,979.0,0.0,7842.522
2026-05-19 16:14:25.240,23000,979.0,0.0,979.0,0.0,7658.862
2026-05-19 16:14:25.355,23250,979.0,0.0,979.0,0.0,7658.862
2026-05-19 16:14:25.469,23500,979.0,0.0,979.0,0.0,7658.862
2026-05-19 16:14:25.470,23750,974.298,0.247910983608,974.253,4.134,7535.657
2026-05-19 16:14:25.589,24000,979.0,0.0,979.0,0.0,7683.264
2026-05-19 16:14:25.589,24250,979.0,0.0,979.0,0.0,7515.704
2026-05-19 16:14:25.694,24500,979.0,0.0,979.0,0.0,7515.704
2026-05-19 16:14:25.810,24750,979.0,0.0,979.0,0.0,7515.704
2026-05-19 16:14:25.811,25000,979.0,0.0,979.0,0.0,7360.845
2026-05-19 16:14:25.915,25250,979.0,0.0,979.0,0.0,7360.845
2026-05-19 16:14:25.915,25500,979.0,0.0,979.0,0.0,7206.363
2026-05-19 16:14:26.029,25750,979.0,0.0,979.0,0.0,7206.363
2026-05-19 16:14:26.030,26000,979.0,0.0,979.0,0.0,7206.363
2026-05-19 16:14:26.134,26250,979.0,0.0,979.0,0.0,7078.333
2026-05-19 16:14:26.245,26500,982.984,0.339432596033,982.896,5.917,7050.105
2026-05-19 16:14:26.246,26750,979.0,0.0,979.0,0.0,6937.194
2026-05-19 16:14:26.369,27000,979.0,0.0,979.0,0.0,6937.194
2026-05-19 16:14:26.369,27250,986.637,0.69493680462,986.454,12.104,6884.112
2026-05-19 16:14:26.490,27500,979.0,0.0,979.0,0.0,6804.488
2026-05-19 16:14:26.491,27750,979.0,0.0,979.0,0.0,6804.488
2026-05-19 16:14:26.600,28000,979.0,0.0,979.0,0.0,6670.342
2026-05-19 16:14:26.601,28250,979.0,0.0,979.0,0.0,6670.342
2026-05-19 16:14:26.704,28500,979.0,0.0,979.0,0.0,6670.342
2026-05-19 16:14:26.704,28750,979.0,0.0,979.0,0.0,6557.083
2026-05-19 16:14:26.816,29000,979.0,0.0,979.0,0.0,6557.083
2026-05-19 16:14:26.816,29250,979.0,0.0,979.0,0.0,6439.888
2026-05-19 16:14:26.931,29500,979.0,0.0,979.0,0.0,6439.888
2026-05-19 16:14:26.931,29750,979.0,0.0,979.0,0.0,6439.888
2026-05-19 16:14:27.037,30000,979.0,0.0,979.0,0.0,6329.513
2026-05-19 16:14:27.038,30250,979.0,0.0,979.0,0.0,6329.513
2026-05-19 16:14:27.151,30500,979.0,0.0,979.0,0.0,6231.235
2026-05-19 16:14:27.152,30750,979.0,0.0,979.0,0.0,6231.235
2026-05-19 16:14:27.268,31000,979.0,0.0,979.0,0.0,6231.235
2026-05-19 16:14:27.269,31250,979.0,0.0,979.0,0.0,6132.743
2026-05-19 16:14:27.269,31500,979.0,0.0,979.0,0.0,6132.743
2026-05-19 16:14:27.389,31750,991.55,2.244440913935,990.789,38.832,6055.123
2026-05-19 16:14:27.392,32000,956.115,0.423896784232,956.072,6.961,5960.761
2026-05-19 16:14:27.505,32250,979.0,0.0,979.0,0.0,5819.217
2026-05-19 16:14:27.507,32500,979.0,0.0,979.0,0.0,5745.191
2026-05-19 16:14:27.623,32750,979.0,0.0,979.0,0.0,5745.191
2026-05-19 16:14:27.624,33000,979.0,0.0,979.0,0.0,5745.191
2026-05-19 16:14:27.626,33250,979.0,0.0,979.0,0.0,5682.385
2026-05-19 16:14:27.744,33500,979.0,0.0,979.0,0.0,5682.385
2026-05-19 16:14:27.746,33750,979.0,0.0,979.0,0.0,5682.385
2026-05-19 16:14:27.869,34000,979.0,0.0,979.0,0.0,5630.485
2026-05-19 16:14:27.870,34250,979.0,0.0,979.0,0.0,5379.444
2026-05-19 16:14:27.870,34500,979.0,0.0,979.0,0.0,5379.444
2026-05-19 16:14:27.987,34750,979.0,0.0,979.0,0.0,5339.018
2026-05-19 16:14:27.987,35000,979.0,0.0,979.0,0.0,5339.018
2026-05-19 16:14:28.094,35250,979.0,0.0,979.0,0.0,5339.018
2026-05-19 16:14:28.094,35500,979.0,0.0,979.0,0.0,5311.955
2026-05-19 16:14:28.198,35750,943.313,0.190249373131,943.306,3.103,5263.546
2026-05-19 16:14:28.200,36000,979.0,0.0,979.0,0.0,5069.911
2026-05-19 16:14:28.202,36250,979.0,0.0,979.0,0.0,5053.16
2026-05-19 16:14:28.313,36500,979.0,0.0,979.0,0.0,5053.16
2026-05-19 16:14:28.315,36750,979.0,0.0,979.0,0.0,5053.16
2026-05-19 16:14:28.435,37000,979.0,0.0,979.0,0.0,5052.649
2026-05-19 16:14:28.436,37250,979.0,0.0,979.0,0.0,4801.84
2026-05-19 16:14:28.436,37500,979.0,0.0,979.0,0.0,4801.84
2026-05-19 16:14:28.551,37750,979.0,0.0,979.0,0.0,4801.84
2026-05-19 16:14:28.552,38000,979.0,0.0,979.0,0.0,4819.526
2026-05-19 16:14:28.669,38250,979.0,0.0,979.0,0.0,4819.526
2026-05-19 16:14:28.670,38500,979.0,0.0,979.0,0.0,4819.526
2026-05-19 16:14:28.670,38750,979.0,0.0,979.0,0.0,4591.487
2026-05-19 16:14:28.775,39000,979.0,0.0,979.0,0.0,4591.487
2026-05-19 16:14:28.776,39250,979.0,0.0,979.0,0.0,4591.487
2026-05-19 16:14:28.776,39500,979.0,0.0,979.0,0.0,4591.487
2026-05-19 16:14:28.889,39750,979.0,0.0,979.0,0.0,4637.368
2026-05-19 16:14:28.889,40000,979.0,0.0,979.0,0.0,4380.519
2026-05-19 16:14:29.001,40250,979.0,0.0,979.0,0.0,4380.519
2026-05-19 16:14:29.001,40500,979.0,0.0,979.0,0.0,4380.519
2026-05-19 16:14:29.002,40750,975.967,0.691112802898,975.617,11.619,4394.303
2026-05-19 16:14:29.116,41000,979.0,0.0,979.0,0.0,4449.44
2026-05-19 16:14:29.116,41250,979.0,0.0,979.0,0.0,4262.566
2026-05-19 16:14:29.229,41500,979.0,0.0,979.0,0.0,4262.566
2026-05-19 16:14:29.230,41750,960.683,3.218750224387,959.168,53.941,4343.838
2026-05-19 16:14:29.230,42000,979.0,0.0,979.0,0.0,4343.838
2026-05-19 16:14:29.346,42250,979.0,0.0,979.0,0.0,4343.838
2026-05-19 16:14:29.347,42500,979.0,0.0,979.0,0.0,4101.722
2026-05-19 16:14:29.347,42750,979.0,0.0,979.0,0.0,4101.722
2026-05-19 16:14:29.469,43000,979.0,0.0,979.0,0.0,4101.722
2026-05-19 16:14:29.470,43250,979.0,0.0,979.0,0.0,4198.29
2026-05-19 16:14:29.470,43500,979.0,0.0,979.0,0.0,4198.29
2026-05-19 16:14:29.584,43750,979.0,0.0,979.0,0.0,3960.624
2026-05-19 16:14:29.584,44000,979.0,0.0,979.0,0.0,3960.624
2026-05-19 16:14:29.585,44250,979.0,0.0,979.0,0.0,3960.624
2026-05-19 16:14:29.700,44500,979.0,0.0,979.0,0.0,3960.624
2026-05-19 16:14:29.700,44750,979.0,0.0,979.0,0.0,4081.427
2026-05-19 16:14:29.701,45000,979.0,0.0,979.0,0.0,3861.35
2026-05-19 16:14:29.819,45250,979.0,0.0,979.0,0.0,3861.35
2026-05-19 16:14:29.820,45500,979.0,0.0,979.0,0.0,3861.35
2026-05-19 16:14:29.820,45750,979.0,0.0,979.0,0.0,3861.35
2026-05-19 16:14:29.820,46000,979.0,0.0,979.0,0.0,3655.855
2026-05-19 16:14:29.931,46250,996.925,-1.459649712383,996.095,-26.065,3756.262
2026-05-19 16:14:29.931,46500,979.0,0.0,979.0,0.0,3823.201
2026-05-19 16:14:30.044,46750,979.0,0.0,979.0,0.0,3823.201
2026-05-19 16:14:30.045,47000,979.0,0.0,979.0,0.0,3823.201
2026-05-19 16:14:30.045,47250,979.0,0.0,979.0,0.0,3625.638
2026-05-19 16:14:30.169,47500,979.0,0.0,979.0,0.0,3625.638
2026-05-19 16:14:30.169,47750,979.0,0.0,979.0,0.0,3625.638
2026-05-19 16:14:30.170,48000,979.0,0.0,979.0,0.0,3625.638
2026-05-19 16:14:30.170,48250,979.0,0.0,979.0,0.0,3625.638
2026-05-19 16:14:30.284,48500,979.0,0.0,979.0,0.0,3618.973
2026-05-19 16:14:30.284,48750,979.0,0.0,979.0,0.0,3618.973
2026-05-19 16:14:30.285,49000,979.0,0.0,979.0,0.0,3618.973
2026-05-19 16:14:30.399,49250,979.0,0.0,979.0,0.0,3618.973
2026-05-19 16:14:30.400,49500,949.632,-1.860441955751,948.815,-30.185,3546.598
2026-05-19 16:14:30.400,49750,979.0,0.0,979.0,0.0,3438.037
2026-05-19 16:14:30.504,50000,979.0,0.0,979.0,0.0,3438.037
2026-05-19 16:14:30.505,50250,979.0,0.0,979.0,0.0,3438.037
2026-05-19 16:14:30.505,50500,979.0,0.0,979.0,0.0,3438.037
2026-05-19 16:14:30.616,50750,979.0,0.0,979.0,0.0,3438.037
2026-05-19 16:14:30.616,51000,979.0,0.0,979.0,0.0,3448.719
2026-05-19 16:14:30.618,51250,979.0,0.0,979.0,0.0,3448.719
2026-05-19 16:14:30.620,51500,979.0,0.0,979.0,0.0,3448.719
2026-05-19 16:14:30.724,51750,979.0,0.0,979.0,0.0,3448.719
2026-05-19 16:14:30.725,52000,979.0,0.0,979.0,0.0,3448.719
2026-05-19 16:14:30.725,52250,954.499,-2.193532953208,953.353,-35.893,3391.178
2026-05-19 16:14:30.830,52500,979.0,0.0,979.0,0.0,3304.868
2026-05-19 16:14:30.831,52750,979.0,0.0,979.0,0.0,3304.868
2026-05-19 16:14:30.831,53000,979.0,0.0,979.0,0.0,3304.868
2026-05-19 16:14:30.946,53250,979.0,0.0,979.0,0.0,3304.868
2026-05-19 16:14:30.946,53500,979.0,0.0,979.0,0.0,3304.868
2026-05-19 16:14:30.947,53750,942.394,-3.779760395,940.344,-62.124,3304.868
2026-05-19 16:14:30.947,54000,979.0,0.0,979.0,0.0,3181.295
2026-05-19 16:14:31.060,54250,979.0,0.0,979.0,0.0,3181.295
2026-05-19 16:14:31.060,54500,979.0,0.0,979.0,0.0,3181.295
2026-05-19 16:14:31.061,54750,979.0,0.0,979.0,0.0,3181.295
2026-05-19 16:14:31.169,55000,979.0,0.0,979.0,0.0,3181.295
2026-05-19 16:14:31.170,55250,979.0,0.0,979.0,0.0,3181.295
2026-05-19 16:14:31.170,55500,951.451,-3.361812665895,949.419,-55.372,3158.914
2026-05-19 16:14:31.275,55750,979.0,0.0,979.0,0.0,3069.393
2026-05-19 16:14:31.276,56000,979.0,0.0,979.0,0.0,3069.393
2026-05-19 16:14:31.276,56250,979.0,0.0,979.0,0.0,3069.393
2026-05-19 16:14:31.276,56500,979.0,0.0,979.0,0.0,3069.393
2026-05-19 16:14:31.389,56750,979.0,0.0,979.0,0.0,3069.393
2026-05-19 16:14:31.390,57000,979.0,0.0,979.0,0.0,3069.393
2026-05-19 16:14:31.390,57250,979.0,0.0,979.0,0.0,3069.393
2026-05-19 16:14:31.504,57500,979.0,0.0,979.0,0.0,3069.393
2026-05-19 16:14:31.504,57750,979.0,0.0,979.0,0.0,3069.393
2026-05-19 16:14:31.505,58000,937.022,6.321979856173,931.324,103.181,3206.9
2026-05-19 16:14:31.505,58250,906.252,1.463962538707,905.957,23.153,3206.9
2026-05-19 16:14:31.615,58500,979.0,0.0,979.0,0.0,3206.9
2026-05-19 16:14:31.615,58750,995.639,3.495923823023,993.314,60.944,3153.529
2026-05-19 16:14:31.616,59000,999.799,4.369904778779,996.892,76.18,3140.187
2026-05-19 16:14:31.731,59250,979.0,0.0,979.0,0.0,3140.187
2026-05-19 16:14:31.732,59500,958.634,-4.369904778779,955.847,-73.043,3206.9
2026-05-19 16:14:31.732,59750,1020.196,-5.541074809745,1015.347,-98.818,3016.262
2026-05-19 16:14:31.837,60000,979.0,0.0,979.0,0.0,2968.602
2026-05-19 16:14:31.837,60250,979.0,0.0,979.0,0.0,2968.602
2026-05-19 16:14:31.838,60500,979.0,0.0,979.0,0.0,2968.602
2026-05-19 16:14:31.838,60750,979.0,0.0,979.0,0.0,2968.602
2026-05-19 16:14:31.950,61000,979.0,0.0,979.0,0.0,2968.602
2026-05-19 16:14:31.950,61250,979.0,0.0,979.0,0.0,2968.602
2026-05-19 16:14:31.951,61500,979.0,0.0,979.0,0.0,2968.602
2026-05-19 16:14:31.951,61750,979.0,0.0,979.0,0.0,2968.602
2026-05-19 16:14:32.062,62000,979.0,0.0,979.0,0.0,2968.602
2026-05-19 16:14:32.063,62250,979.0,0.0,979.0,0.0,2968.602
2026-05-19 16:14:32.063,62500,979.0,0.0,979.0,0.0,2968.602
2026-05-19 16:14:32.064,62750,979.0,0.0,979.0,0.0,2968.602
2026-05-19 16:14:32.169,63000,979.0,0.0,979.0,0.0,2968.602
2026-05-19 16:14:32.169,63250,933.038,1.013068431722,932.803,15.953,2875.689
2026-05-19 16:14:32.170,63500,979.0,0.0,979.0,0.0,2736.319
2026-05-19 16:14:32.170,63750,979.0,0.0,979.0,0.0,2736.319
2026-05-19 16:14:32.283,64000,979.0,0.0,979.0,0.0,2736.319
2026-05-19 16:14:32.284,64250,979.0,0.0,979.0,0.0,2736.319
2026-05-19 16:14:32.284,64500,979.0,0.0,979.0,0.0,2736.319
2026-05-19 16:14:32.285,64750,979.0,0.0,979.0,0.0,2736.319
2026-05-19 16:14:32.400,65000,979.0,0.0,979.0,0.0,2736.319
2026-05-19 16:14:32.401,65250,979.0,0.0,979.0,0.0,2736.319
2026-05-19 16:14:32.401,65500,979.0,0.0,979.0,0.0,2736.319
2026-05-19 16:14:32.402,65750,979.0,0.0,979.0,0.0,2736.319
2026-05-19 16:14:32.519,66000,979.0,0.0,979.0,0.0,2736.319
2026-05-19 16:14:32.519,66250,979.0,0.0,979.0,0.0,2736.319
2026-05-19 16:14:32.520,66500,979.0,0.0,979.0,0.0,2736.319
2026-05-19 16:14:32.520,66750,979.0,0.0,979.0,0.0,2736.319
2026-05-19 16:14:32.520,67000,979.0,0.0,979.0,0.0,2736.319
2026-05-19 16:14:32.631,67250,979.0,0.0,979.0,0.0,2492.103
2026-05-19 16:14:32.631,67500,979.0,0.0,979.0,0.0,2492.103
2026-05-19 16:14:32.632,67750,979.0,0.0,979.0,0.0,2492.103
2026-05-19 16:14:32.750,68000,970.059,-1.113550132612,969.177,-18.13,2515.952
2026-05-19 16:14:32.750,68250,979.0,0.0,979.0,0.0,2492.103
2026-05-19 16:14:32.751,68500,943.235,-4.454200530447,939.709,-72.518,2587.501
2026-05-19 16:14:32.751,68750,952.176,-3.340650397835,949.532,-54.389,2563.652
2026-05-19 16:14:32.752,69000,934.294,-5.567750663059,929.886,-90.648,2611.351
2026-05-19 16:14:32.859,69250,979.0,0.0,979.0,0.0,2611.351
2026-05-19 16:14:32.859,69500,979.0,0.0,979.0,0.0,2611.351
2026-05-19 16:14:32.860,69750,979.0,0.0,979.0,0.0,2611.351
2026-05-19 16:14:32.860,70000,979.0,0.0,979.0,0.0,2611.351
2026-05-19 16:14:32.975,70250,988.369,1.113550132612,987.401,19.906,2587.501
2026-05-19 16:14:32.975,70500,979.0,0.0,979.0,0.0,2611.351
2026-05-19 16:14:32.976,70750,979.0,0.0,979.0,0.0,2611.351
2026-05-19 16:14:32.976,71000,979.0,0.0,979.0,0.0,2611.351
2026-05-19 16:14:33.084,71250,979.0,0.0,979.0,0.0,2611.351
2026-05-19 16:14:33.084,71500,979.0,0.0,979.0,0.0,2611.351
2026-05-19 16:14:33.085,71750,1041.68,-2.020876309955,1040.557,-38.193,2460.281
2026-05-19 16:14:33.085,72000,923.946,-6.023390614508,918.845,-96.954,2359.568
2026-05-19 16:14:33.199,72250,1014.001,3.614034368705,1010.564,65.311,2279.954
2026-05-19 16:14:33.199,72500,1037.334,6.023390614508,1031.607,108.852,2226.878
2026-05-19 16:14:33.200,72750,979.0,0.0,979.0,0.0,2226.878
2026-05-19 16:14:33.201,73000,979.0,0.0,979.0,0.0,2226.878
2026-05-19 16:14:33.314,73250,979.0,0.0,979.0,0.0,2226.878
2026-05-19 16:14:33.315,73500,979.0,0.0,979.0,0.0,2226.878
2026-05-19 16:14:33.315,73750,979.0,0.0,979.0,0.0,2226.878
2026-05-19 16:14:33.316,74000,979.0,0.0,979.0,0.0,2226.878
2026-05-19 16:14:33.425,74250,979.0,0.0,979.0,0.0,2226.878
2026-05-19 16:14:33.426,74500,979.0,0.0,979.0,0.0,2226.878
2026-05-19 16:14:33.426,74750,979.0,0.0,979.0,0.0,2226.878
2026-05-19 16:14:33.426,75000,979.0,0.0,979.0,0.0,2226.878
2026-05-19 16:14:33.530,75250,979.0,0.0,979.0,0.0,2226.878
2026-05-19 16:14:33.530,75500,979.0,0.0,979.0,0.0,2226.878
2026-05-19 16:14:33.531,75750,979.0,0.0,979.0,0.0,2226.878
2026-05-19 16:14:33.531,76000,979.0,0.0,979.0,0.0,2226.878
2026-05-19 16:14:33.634,76250,979.0,0.0,979.0,0.0,2226.878
2026-05-19 16:14:33.634,76500,979.0,0.0,979.0,0.0,2226.878
2026-05-19 16:14:33.635,76750,979.0,0.0,979.0,0.0,2226.878
2026-05-19 16:14:33.635,77000,979.0,0.0,979.0,0.0,2226.878
2026-05-19 16:14:33.635,77250,979.0,0.0,979.0,0.0,2226.878
2026-05-19 16:14:33.743,77500,979.0,0.0,979.0,0.0,2226.878
2026-05-19 16:14:33.744,77750,979.0,0.0,979.0,0.0,1996.867
2026-05-19 16:14:33.744,78000,979.0,0.0,979.0,0.0,1996.867
2026-05-19 16:14:33.745,78250,979.0,0.0,979.0,0.0,1996.867
2026-05-19 16:14:33.745,78500,979.0,0.0,979.0,0.0,1996.867
2026-05-19 16:14:33.850,78750,979.0,0.0,979.0,0.0,1996.867
2026-05-19 16:14:33.850,79000,979.0,0.0,979.0,0.0,1996.867
2026-05-19 16:14:33.851,79250,979.0,0.0,979.0,0.0,1996.867
2026-05-19 16:14:33.851,79500,979.0,0.0,979.0,0.0,1996.867
2026-05-19 16:14:33.958,79750,979.0,0.0,979.0,0.0,1996.867
2026-05-19 16:14:33.958,80000,979.0,0.0,979.0,0.0,1996.867
2026-05-19 16:14:33.959,80250,979.0,0.0,979.0,0.0,1996.867
2026-05-19 16:14:33.959,80500,979.0,0.0,979.0,0.0,1996.867
2026-05-19 16:14:33.960,80750,979.0,0.0,979.0,0.0,1996.867
2026-05-19 16:14:34.069,81000,979.0,0.0,979.0,0.0,1996.867
2026-05-19 16:14:34.069,81250,979.0,0.0,979.0,0.0,1996.867
2026-05-19 16:14:34.070,81500,979.0,0.0,979.0,0.0,1996.867
2026-05-19 16:14:34.070,81750,979.0,0.0,979.0,0.0,1996.867
2026-05-19 16:14:34.070,82000,979.0,0.0,979.0,0.0,1887.867
2026-05-19 16:14:34.189,82250,979.0,0.0,979.0,0.0,1887.867
2026-05-19 16:14:34.189,82500,979.0,0.0,979.0,0.0,1887.867
2026-05-19 16:14:34.190,82750,979.0,0.0,979.0,0.0,1887.867
2026-05-19 16:14:34.190,83000,979.0,0.0,979.0,0.0,1887.867
2026-05-19 16:14:34.190,83250,1005.598,-0.648009129538,1005.242,-12.57,1842.71
2026-05-19 16:14:34.303,83500,979.0,0.0,979.0,0.0,1662.085
2026-05-19 16:14:34.305,83750,979.0,0.0,979.0,0.0,1662.085
2026-05-19 16:14:34.306,84000,979.0,0.0,979.0,0.0,1662.085
2026-05-19 16:14:34.306,84250,979.0,0.0,979.0,0.0,1662.085
2026-05-19 16:14:34.307,84500,979.0,0.0,979.0,0.0,1662.085
2026-05-19 16:14:34.416,84750,979.0,0.0,979.0,0.0,1662.085
2026-05-19 16:14:34.417,85000,979.0,0.0,979.0,0.0,1662.085
2026-05-19 16:14:34.417,85250,979.0,0.0,979.0,0.0,1662.085
2026-05-19 16:14:34.418,85500,979.0,0.0,979.0,0.0,1662.085
2026-05-19 16:14:34.418,85750,979.0,0.0,979.0,0.0,1662.085
2026-05-19 16:14:34.535,86000,979.0,0.0,979.0,0.0,1662.085
2026-05-19 16:14:34.536,86250,979.0,0.0,979.0,0.0,1662.085
2026-05-19 16:14:34.536,86500,979.0,0.0,979.0,0.0,1662.085
2026-05-19 16:14:34.536,86750,979.0,0.0,979.0,0.0,1662.085
2026-05-19 16:14:34.537,87000,979.0,0.0,979.0,0.0,1662.085
2026-05-19 16:14:34.645,87250,979.0,0.0,979.0,0.0,1662.085
2026-05-19 16:14:34.646,87500,979.0,0.0,979.0,0.0,1662.085
2026-05-19 16:14:34.646,87750,979.0,0.0,979.0,0.0,1662.085
2026-05-19 16:14:34.647,88000,979.0,0.0,979.0,0.0,1662.085
2026-05-19 16:14:34.647,88250,979.0,0.0,979.0,0.0,1662.085
2026-05-19 16:14:34.769,88500,979.0,0.0,979.0,0.0,1662.085
2026-05-19 16:14:34.769,88750,979.0,0.0,979.0,0.0,1662.085
2026-05-19 16:14:34.770,89000,979.0,0.0,979.0,0.0,1662.085
2026-05-19 16:14:34.770,89250,952.406,0.879700575028,951.908,12.977,1481.485
2026-05-19 16:14:34.771,89500,979.0,0.0,979.0,0.0,1436.336
2026-05-19 16:14:34.874,89750,979.0,0.0,979.0,0.0,1436.336
2026-05-19 16:14:34.874,90000,979.0,0.0,979.0,0.0,1436.336
2026-05-19 16:14:34.875,90250,979.0,0.0,979.0,0.0,1436.336
2026-05-19 16:14:34.875,90500,933.304,-5.941196140614,925.235,-93.153,1391.641
2026-05-19 16:14:34.875,90750,979.0,0.0,979.0,0.0,1324.598
2026-05-19 16:14:34.999,91000,979.0,0.0,979.0,0.0,1324.598
2026-05-19 16:14:34.999,91250,979.0,0.0,979.0,0.0,1324.598
2026-05-19 16:14:35.000,91500,979.0,0.0,979.0,0.0,1324.598
2026-05-19 16:14:35.000,91750,979.0,0.0,979.0,0.0,1324.598
2026-05-19 16:14:35.001,92000,979.0,0.0,979.0,0.0,1324.598
2026-05-19 16:14:35.115,92250,979.0,0.0,979.0,0.0,1324.598
2026-05-19 16:14:35.116,92500,979.0,0.0,979.0,0.0,1324.598
2026-05-19 16:14:35.117,92750,979.0,0.0,979.0,0.0,1324.598
2026-05-19 16:14:35.117,93000,979.0,0.0,979.0,0.0,1324.598
2026-05-19 16:14:35.117,93250,979.0,0.0,979.0,0.0,1324.598
2026-05-19 16:14:35.234,93500,979.0,0.0,979.0,0.0,1324.598
2026-05-19 16:14:35.234,93750,979.0,0.0,979.0,0.0,1324.598
2026-05-19 16:14:35.235,94000,979.0,0.0,979.0,0.0,1324.598
2026-05-19 16:14:35.235,94250,979.0,0.0,979.0,0.0,1324.598
2026-05-19 16:14:35.236,94500,979.0,0.0,979.0,0.0,1324.598
2026-05-19 16:14:35.346,94750,979.0,0.0,979.0,0.0,1324.598
2026-05-19 16:14:35.346,95000,979.0,0.0,979.0,0.0,1324.598
2026-05-19 16:14:35.347,95250,979.0,0.0,979.0,0.0,1324.598
2026-05-19 16:14:35.347,95500,979.0,0.0,979.0,0.0,1070.507
2026-05-19 16:14:35.348,95750,979.0,0.0,979.0,0.0,1070.507
2026-05-19 16:14:35.469,96000,979.0,0.0,979.0,0.0,1070.507
2026-05-19 16:14:35.470,96250,979.0,0.0,979.0,0.0,1070.507
2026-05-19 16:14:35.470,96500,979.0,0.0,979.0,0.0,1070.507
2026-05-19 16:14:35.470,96750,979.0,0.0,979.0,0.0,1070.507
2026-05-19 16:14:35.471,97000,979.0,0.0,979.0,0.0,1070.507
2026-05-19 16:14:35.471,97250,979.0,0.0,979.0,0.0,1070.507
2026-05-19 16:14:35.584,97500,979.0,0.0,979.0,0.0,1070.507
2026-05-19 16:14:35.585,97750,979.0,0.0,979.0,0.0,1070.507
2026-05-19 16:14:35.585,98000,979.0,0.0,979.0,0.0,1070.507
2026-05-19 16:14:35.586,98250,979.0,0.0,979.0,0.0,1070.507
2026-05-19 16:14:35.586,98500,979.0,0.0,979.0,0.0,1070.507
2026-05-19 16:14:35.700,98750,979.0,0.0,979.0,0.0,1070.507
2026-05-19 16:14:35.701,99000,979.0,0.0,979.0,0.0,1070.507
2026-05-19 16:14:35.702,99250,979.0,0.0,979.0,0.0,1070.507
2026-05-19 16:14:35.702,99500,979.0,0.0,979.0,0.0,1070.507
2026-05-19 16:14:35.703,99750,979.0,0.0,979.0,0.0,1070.507
2026-05-19 16:14:35.820,100000,979.0,0.0,979.0,0.0,1070.507
2026-05-19 16:14:36.389,10000,979.0,0.0,979.0,0.0,9286.314
2026-05-19 16:14:36.504,10250,979.0,0.0,979.0,0.0,9286.314
2026-05-19 16:14:36.615,10500,979.0,0.0,979.0,0.0,9286.314
2026-05-19 16:14:36.730,10750,976.133,0.624395458458,975.988,10.589,9313.712
2026-05-19 16:14:36.939,11000,979.0,0.0,979.0,0.0,9354.811
2026-05-19 16:14:37.045,11250,963.375,-0.267477540339,963.357,-4.449,9255.273
2026-05-19 16:14:37.169,11500,977.454,0.295981633532,977.389,5.017,9120.46
2026-05-19 16:14:37.289,11750,979.0,0.0,979.0,0.0,9178.44
2026-05-19 16:14:37.400,12000,979.0,0.0,979.0,0.0,9178.44
2026-05-19 16:14:37.504,12250,979.0,0.0,979.0,0.0,9178.44
2026-05-19 16:14:37.619,12500,979.0,0.0,979.0,0.0,9258.26
2026-05-19 16:14:37.832,12750,989.1,0.207100526369,989.083,3.63,9165.148
2026-05-19 16:14:37.944,13000,979.0,0.0,979.0,0.0,9025.481
2026-05-19 16:14:38.049,13250,996.55,0.070240135944,996.455,1.318,8951.299
2026-05-19 16:14:38.169,13500,979.0,0.0,979.0,0.0,9110.657
2026-05-19 16:14:38.284,13750,979.0,0.0,979.0,0.0,9110.657
2026-05-19 16:14:38.399,14000,979.0,0.0,979.0,0.0,8971.41
2026-05-19 16:14:38.505,14250,979.0,0.0,979.0,0.0,8971.41
2026-05-19 16:14:38.622,14500,979.0,0.0,979.0,0.0,8971.41
2026-05-19 16:14:38.729,14750,976.683,0.304815968006,976.615,5.146,8992.895
2026-05-19 16:14:38.834,15000,994.376,0.417832049251,994.35,7.251,8938.448
2026-05-19 16:14:38.947,15250,979.0,0.0,979.0,0.0,8938.448
2026-05-19 16:14:38.950,15500,979.0,0.0,979.0,0.0,8938.448
2026-05-19 16:14:39.069,15750,979.0,0.0,979.0,0.0,9052.108
2026-05-19 16:14:39.181,16000,979.0,0.0,979.0,0.0,8828.731
2026-05-19 16:14:39.300,16250,979.0,0.0,979.0,0.0,8828.731
2026-05-19 16:14:39.414,16500,985.103,-0.666603470774,984.991,-11.508,8865.421
2026-05-19 16:14:39.416,16750,960.033,-0.622912351066,959.962,-10.385,8877.251
2026-05-19 16:14:39.521,17000,979.0,0.0,979.0,0.0,8704.426
2026-05-19 16:14:39.636,17250,953.338,-0.872532988888,953.228,-14.517,8704.426
2026-05-19 16:14:39.750,17500,979.0,0.0,979.0,0.0,8836.474
2026-05-19 16:14:39.869,17750,979.0,0.0,979.0,0.0,8611.81
2026-05-19 16:14:39.870,18000,979.0,0.0,979.0,0.0,8611.81
2026-05-19 16:14:39.985,18250,975.67,0.297188514811,975.605,4.991,8415.028
2026-05-19 16:14:40.100,18500,979.0,0.0,979.0,0.0,8531.103
2026-05-19 16:14:40.215,18750,979.0,0.0,979.0,0.0,8531.103
2026-05-19 16:14:40.215,19000,984.011,0.200677693461,983.98,3.517,8488.527
2026-05-19 16:14:40.330,19250,979.0,0.0,979.0,0.0,8318.223
2026-05-19 16:14:40.444,19500,979.0,0.0,979.0,0.0,8255.872
2026-05-19 16:14:40.550,19750,964.456,-0.653200280028,964.352,-10.884,8381.639
2026-05-19 16:14:40.551,20000,979.0,0.0,979.0,0.0,8255.872
2026-05-19 16:14:40.669,20250,979.0,0.0,979.0,0.0,8255.872
2026-05-19 16:14:40.786,20500,979.0,0.0,979.0,0.0,8055.627
2026-05-19 16:14:40.787,20750,979.0,0.0,979.0,0.0,8210.115
2026-05-19 16:14:40.899,21000,959.182,-1.005522859644,959.034,-16.832,8210.115
2026-05-19 16:14:41.016,21250,979.0,0.0,979.0,0.0,8043.919
2026-05-19 16:14:41.016,21500,979.0,0.0,979.0,0.0,8043.919
2026-05-19 16:14:41.131,21750,979.0,0.0,979.0,0.0,7856.622
2026-05-19 16:14:41.131,22000,983.336,-0.268968183771,983.281,-4.697,7995.801
2026-05-19 16:14:41.245,22250,979.0,0.0,979.0,0.0,8030.595
2026-05-19 16:14:41.350,22500,979.0,0.0,979.0,0.0,7842.522
2026-05-19 16:14:41.350,22750,979.0,0.0,979.0,0.0,7842.522
2026-05-19 16:14:41.469,23000,979.0,0.0,979.0,0.0,7658.862
2026-05-19 16:14:41.584,23250,979.0,0.0,979.0,0.0,7658.862
2026-05-19 16:14:41.584,23500,979.0,0.0,979.0,0.0,7658.862
2026-05-19 16:14:41.699,23750,969.596,0.495821967215,969.506,8.268,7572.559
2026-05-19 16:14:41.700,24000,979.0,0.0,979.0,0.0,7683.264
2026-05-19 16:14:41.803,24250,979.0,0.0,979.0,0.0,7515.704
2026-05-19 16:14:41.919,24500,979.0,0.0,979.0,0.0,7515.704
2026-05-19 16:14:41.919,24750,979.0,0.0,979.0,0.0,7515.704
2026-05-19 16:14:42.030,25000,979.0,0.0,979.0,0.0,7360.845
2026-05-19 16:14:42.031,25250,979.0,0.0,979.0,0.0,7360.845
2026-05-19 16:14:42.149,25500,979.0,0.0,979.0,0.0,7206.363
2026-05-19 16:14:42.150,25750,979.0,0.0,979.0,0.0,7206.363
2026-05-19 16:14:42.269,26000,979.0,0.0,979.0,0.0,7206.363
2026-05-19 16:14:42.269,26250,979.0,0.0,979.0,0.0,7078.333
2026-05-19 16:14:42.383,26500,982.984,0.339432596033,982.896,5.917,7050.105
2026-05-19 16:14:42.489,26750,979.0,0.0,979.0,0.0,6937.194
2026-05-19 16:14:42.490,27000,979.0,0.0,979.0,0.0,6937.194
2026-05-19 16:14:42.604,27250,990.456,1.04240520693,990.181,18.156,6857.571
2026-05-19 16:14:42.604,27500,979.0,0.0,979.0,0.0,6804.488
2026-05-19 16:14:42.719,27750,979.0,0.0,979.0,0.0,6804.488
2026-05-19 16:14:42.719,28000,979.0,0.0,979.0,0.0,6670.342
2026-05-19 16:14:42.830,28250,979.0,0.0,979.0,0.0,6670.342
2026-05-19 16:14:42.831,28500,979.0,0.0,979.0,0.0,6670.342
2026-05-19 16:14:42.933,28750,979.0,0.0,979.0,0.0,6557.083
2026-05-19 16:14:42.934,29000,979.0,0.0,979.0,0.0,6557.083
2026-05-19 16:14:43.044,29250,979.0,0.0,979.0,0.0,6439.888
2026-05-19 16:14:43.045,29500,979.0,0.0,979.0,0.0,6439.888
2026-05-19 16:14:43.169,29750,979.0,0.0,979.0,0.0,6439.888
2026-05-19 16:14:43.171,30000,979.0,0.0,979.0,0.0,6329.513
2026-05-19 16:14:43.284,30250,979.0,0.0,979.0,0.0,6329.513
2026-05-19 16:14:43.284,30500,979.0,0.0,979.0,0.0,6231.235
2026-05-19 16:14:43.394,30750,979.0,0.0,979.0,0.0,6231.235
2026-05-19 16:14:43.395,31000,979.0,0.0,979.0,0.0,6231.235
2026-05-19 16:14:43.396,31250,979.0,0.0,979.0,0.0,6132.743
2026-05-19 16:14:43.510,31500,979.0,0.0,979.0,0.0,6132.743
2026-05-19 16:14:43.511,31750,991.55,2.244440913935,990.789,38.832,6055.123
2026-05-19 16:14:43.614,32000,956.115,0.423896784232,956.072,6.961,5960.761
2026-05-19 16:14:43.615,32250,979.0,0.0,979.0,0.0,5819.217
2026-05-19 16:14:43.730,32500,979.0,0.0,979.0,0.0,5745.191
2026-05-19 16:14:43.730,32750,979.0,0.0,979.0,0.0,5745.191
2026-05-19 16:14:43.843,33000,979.0,0.0,979.0,0.0,5745.191
2026-05-19 16:14:43.844,33250,979.0,0.0,979.0,0.0,5682.385
2026-05-19 16:14:43.957,33500,979.0,0.0,979.0,0.0,5682.385
2026-05-19 16:14:43.958,33750,979.0,0.0,979.0,0.0,5682.385
2026-05-19 16:14:43.958,34000,979.0,0.0,979.0,0.0,5630.485
2026-05-19 16:14:44.074,34250,979.0,0.0,979.0,0.0,5379.444
2026-05-19 16:14:44.074,34500,979.0,0.0,979.0,0.0,5379.444
2026-05-19 16:14:44.199,34750,979.0,0.0,979.0,0.0,5339.018
2026-05-19 16:14:44.200,35000,979.0,0.0,979.0,0.0,5339.018
2026-05-19 16:14:44.200,35250,979.0,0.0,979.0,0.0,5339.018
2026-05-19 16:14:44.316,35500,979.0,0.0,979.0,0.0,5311.955
2026-05-19 16:14:44.316,35750,943.313,0.190249373131,943.306,3.103,5263.546
2026-05-19 16:14:44.419,36000,979.0,0.0,979.0,0.0,5069.911
2026-05-19 16:14:44.419,36250,979.0,0.0,979.0,0.0,5053.16
2026-05-19 16:14:44.528,36500,979.0,0.0,979.0,0.0,5053.16
2026-05-19 16:14:44.529,36750,979.0,0.0,979.0,0.0,5053.16
2026-05-19 16:14:44.530,37000,979.0,0.0,979.0,0.0,5052.649
2026-05-19 16:14:44.634,37250,979.0,0.0,979.0,0.0,4801.84
2026-05-19 16:14:44.635,37500,979.0,0.0,979.0,0.0,4801.84
2026-05-19 16:14:44.750,37750,979.0,0.0,979.0,0.0,4801.84
2026-05-19 16:14:44.750,38000,979.0,0.0,979.0,0.0,4819.526
2026-05-19 16:14:44.751,38250,979.0,0.0,979.0,0.0,4819.526
2026-05-19 16:14:44.869,38500,979.0,0.0,979.0,0.0,4819.526
2026-05-19 16:14:44.870,38750,979.0,0.0,979.0,0.0,4591.487
2026-05-19 16:14:44.984,39000,979.0,0.0,979.0,0.0,4591.487
2026-05-19 16:14:44.984,39250,979.0,0.0,979.0,0.0,4591.487
2026-05-19 16:14:44.985,39500,979.0,0.0,979.0,0.0,4591.487
2026-05-19 16:14:45.089,39750,979.0,0.0,979.0,0.0,4637.368
2026-05-19 16:14:45.089,40000,979.0,0.0,979.0,0.0,4380.519
2026-05-19 16:14:45.090,40250,979.0,0.0,979.0,0.0,4380.519
2026-05-19 16:14:45.199,40500,979.0,0.0,979.0,0.0,4380.519
2026-05-19 16:14:45.200,40750,975.967,0.691112802898,975.617,11.619,4394.303
2026-05-19 16:14:45.316,41000,979.0,0.0,979.0,0.0,4449.44
2026-05-19 16:14:45.316,41250,979.0,0.0,979.0,0.0,4262.566
2026-05-19 16:14:45.317,41500,979.0,0.0,979.0,0.0,4262.566
2026-05-19 16:14:45.431,41750,960.683,3.218750224387,959.168,53.941,4343.838
2026-05-19 16:14:45.431,42000,979.0,0.0,979.0,0.0,4343.838
2026-05-19 16:14:45.432,42250,979.0,0.0,979.0,0.0,4343.838
2026-05-19 16:14:45.537,42500,979.0,0.0,979.0,0.0,4101.722
2026-05-19 16:14:45.537,42750,979.0,0.0,979.0,0.0,4101.722
2026-05-19 16:14:45.651,43000,979.0,0.0,979.0,0.0,4101.722
2026-05-19 16:14:45.652,43250,979.0,0.0,979.0,0.0,4198.29
2026-05-19 16:14:45.652,43500,979.0,0.0,979.0,0.0,4198.29
2026-05-19 16:14:45.769,43750,979.0,0.0,979.0,0.0,3960.624
2026-05-19 16:14:45.769,44000,979.0,0.0,979.0,0.0,3960.624
2026-05-19 16:14:45.770,44250,979.0,0.0,979.0,0.0,3960.624
2026-05-19 16:14:45.889,44500,979.0,0.0,979.0,0.0,3960.624
2026-05-19 16:14:45.890,44750,979.0,0.0,979.0,0.0,4081.427
2026-05-19 16:14:45.890,45000,979.0,0.0,979.0,0.0,3861.35
2026-05-19 16:14:45.891,45250,979.0,0.0,979.0,0.0,3861.35
2026-05-19 16:14:46.005,45500,979.0,0.0,979.0,0.0,3861.35
2026-05-19 16:14:46.005,45750,979.0,0.0,979.0,0.0,3861.35
2026-05-19 16:14:46.006,46000,979.0,0.0,979.0,0.0,3655.855
2026-05-19 16:14:46.114,46250,987.963,-0.729824856192,987.548,-13.032,3789.732
2026-05-19 16:14:46.115,46500,979.0,0.0,979.0,0.0,3823.201
2026-05-19 16:14:46.115,46750,979.0,0.0,979.0,0.0,3823.201
2026-05-19 16:14:46.230,47000,979.0,0.0,979.0,0.0,3823.201
2026-05-19 16:14:46.231,47250,979.0,0.0,979.0,0.0,3625.638
2026-05-19 16:14:46.231,47500,979.0,0.0,979.0,0.0,3625.638
2026-05-19 16:14:46.336,47750,979.0,0.0,979.0,0.0,3625.638
2026-05-19 16:14:46.337,48000,979.0,0.0,979.0,0.0,3625.638
2026-05-19 16:14:46.445,48250,979.0,0.0,979.0,0.0,3625.638
2026-05-19 16:14:46.445,48500,979.0,0.0,979.0,0.0,3618.973
2026-05-19 16:14:46.446,48750,979.0,0.0,979.0,0.0,3618.973
2026-05-19 16:14:46.569,49000,979.0,0.0,979.0,0.0,3618.973
2026-05-19 16:14:46.570,49250,979.0,0.0,979.0,0.0,3618.973
2026-05-19 16:14:46.570,49500,949.632,-1.860441955751,948.815,-30.185,3546.598
2026-05-19 16:14:46.689,49750,979.0,0.0,979.0,0.0,3438.037
2026-05-19 16:14:46.689,50000,979.0,0.0,979.0,0.0,3438.037
2026-05-19 16:14:46.690,50250,979.0,0.0,979.0,0.0,3438.037
2026-05-19 16:14:46.690,50500,979.0,0.0,979.0,0.0,3438.037
2026-05-19 16:14:46.804,50750,979.0,0.0,979.0,0.0,3438.037
2026-05-19 16:14:46.805,51000,979.0,0.0,979.0,0.0,3448.719
2026-05-19 16:14:46.805,51250,979.0,0.0,979.0,0.0,3448.719
2026-05-19 16:14:46.805,51500,979.0,0.0,979.0,0.0,3448.719
2026-05-19 16:14:46.915,51750,979.0,0.0,979.0,0.0,3448.719
2026-05-19 16:14:46.916,52000,979.0,0.0,979.0,0.0,3448.719
2026-05-19 16:14:46.916,52250,954.499,-2.193532953208,953.353,-35.893,3391.178
2026-05-19 16:14:47.028,52500,979.0,0.0,979.0,0.0,3304.868
2026-05-19 16:14:47.029,52750,979.0,0.0,979.0,0.0,3304.868
2026-05-19 16:14:47.029,53000,979.0,0.0,979.0,0.0,3304.868
2026-05-19 16:14:47.145,53250,979.0,0.0,979.0,0.0,3304.868
2026-05-19 16:14:47.145,53500,979.0,0.0,979.0,0.0,3304.868
2026-05-19 16:14:47.146,53750,949.715,-3.023808316,948.075,-49.699,3280.153
2026-05-19 16:14:47.146,54000,979.0,0.0,979.0,0.0,3181.295
2026-05-19 16:14:47.269,54250,979.0,0.0,979.0,0.0,3181.295
2026-05-19 16:14:47.270,54500,979.0,0.0,979.0,0.0,3181.295
2026-05-19 16:14:47.270,54750,979.0,0.0,979.0,0.0,3181.295
2026-05-19 16:14:47.270,55000,979.0,0.0,979.0,0.0,3181.295
2026-05-19 16:14:47.385,55250,979.0,0.0,979.0,0.0,3181.295
2026-05-19 16:14:47.385,55500,951.451,-3.361812665895,949.419,-55.372,3158.914
2026-05-19 16:14:47.386,55750,979.0,0.0,979.0,0.0,3069.393
2026-05-19 16:14:47.500,56000,979.0,0.0,979.0,0.0,3069.393
2026-05-19 16:14:47.500,56250,979.0,0.0,979.0,0.0,3069.393
2026-05-19 16:14:47.501,56500,979.0,0.0,979.0,0.0,3069.393
2026-05-19 16:14:47.501,56750,979.0,0.0,979.0,0.0,3069.393
2026-05-19 16:14:47.616,57000,979.0,0.0,979.0,0.0,3069.393
2026-05-19 16:14:47.617,57250,979.0,0.0,979.0,0.0,3069.393
2026-05-19 16:14:47.617,57500,979.0,0.0,979.0,0.0,3069.393
2026-05-19 16:14:47.729,57750,965.294,0.353259287188,965.208,5.613,3115.599
2026-05-19 16:14:47.730,58000,937.022,6.321979856173,931.324,103.181,3206.9
2026-05-19 16:14:47.731,58250,906.252,1.463962538707,905.957,23.153,3206.9
2026-05-19 16:14:47.731,58500,979.0,0.0,979.0,0.0,3206.9
2026-05-19 16:14:47.847,58750,999.799,4.369904778779,996.892,76.18,3140.187
2026-05-19 16:14:47.848,59000,999.799,4.369904778779,996.892,76.18,3140.187
2026-05-19 16:14:47.848,59250,979.0,0.0,979.0,0.0,3140.187
2026-05-19 16:14:47.969,59500,958.634,-4.369904778779,955.847,-73.043,3206.9
2026-05-19 16:14:47.969,59750,1020.196,-5.541074809745,1015.347,-98.818,3016.262
2026-05-19 16:14:47.970,60000,979.0,0.0,979.0,0.0,2968.602
2026-05-19 16:14:47.970,60250,979.0,0.0,979.0,0.0,2968.602
2026-05-19 16:14:48.084,60500,979.0,0.0,979.0,0.0,2968.602
2026-05-19 16:14:48.084,60750,979.0,0.0,979.0,0.0,2968.602
2026-05-19 16:14:48.085,61000,979.0,0.0,979.0,0.0,2968.602
2026-05-19 16:14:48.085,61250,979.0,0.0,979.0,0.0,2968.602
2026-05-19 16:14:48.199,61500,979.0,0.0,979.0,0.0,2968.602
2026-05-19 16:14:48.199,61750,979.0,0.0,979.0,0.0,2968.602
2026-05-19 16:14:48.200,62000,979.0,0.0,979.0,0.0,2968.602
2026-05-19 16:14:48.200,62250,979.0,0.0,979.0,0.0,2968.602
2026-05-19 16:14:48.201,62500,979.0,0.0,979.0,0.0,2968.602
2026-05-19 16:14:48.314,62750,979.0,0.0,979.0,0.0,2968.602
2026-05-19 16:14:48.315,63000,979.0,0.0,979.0,0.0,2968.602
2026-05-19 16:14:48.315,63250,948.359,0.675378954481,948.202,10.636,2829.232
2026-05-19 16:14:48.316,63500,979.0,0.0,979.0,0.0,2736.319
2026-05-19 16:14:48.419,63750,979.0,0.0,979.0,0.0,2736.319
2026-05-19 16:14:48.420,64000,979.0,0.0,979.0,0.0,2736.319
2026-05-19 16:14:48.420,64250,979.0,0.0,979.0,0.0,2736.319
2026-05-19 16:14:48.530,64500,979.0,0.0,979.0,0.0,2736.319
2026-05-19 16:14:48.530,64750,979.0,0.0,979.0,0.0,2736.319
2026-05-19 16:14:48.530,65000,979.0,0.0,979.0,0.0,2736.319
2026-05-19 16:14:48.531,65250,979.0,0.0,979.0,0.0,2736.319
2026-05-19 16:14:48.635,65500,979.0,0.0,979.0,0.0,2736.319
2026-05-19 16:14:48.635,65750,979.0,0.0,979.0,0.0,2736.319
2026-05-19 16:14:48.636,66000,979.0,0.0,979.0,0.0,2736.319
2026-05-19 16:14:48.636,66250,979.0,0.0,979.0,0.0,2736.319
2026-05-19 16:14:48.749,66500,979.0,0.0,979.0,0.0,2736.319
2026-05-19 16:14:48.750,66750,979.0,0.0,979.0,0.0,2736.319
2026-05-19 16:14:48.750,67000,979.0,0.0,979.0,0.0,2736.319
2026-05-19 16:14:48.750,67250,979.0,0.0,979.0,0.0,2492.103
2026-05-19 16:14:48.869,67500,979.0,0.0,979.0,0.0,2492.103
2026-05-19 16:14:48.869,67750,979.0,0.0,979.0,0.0,2492.103
2026-05-19 16:14:48.870,68000,970.059,-1.113550132612,969.177,-18.13,2515.952
2026-05-19 16:14:48.870,68250,979.0,0.0,979.0,0.0,2492.103
2026-05-19 16:14:48.984,68500,943.235,-4.454200530447,939.709,-72.518,2587.501
2026-05-19 16:14:48.985,68750,943.235,-4.454200530447,939.709,-72.518,2587.501
2026-05-19 16:14:48.986,69000,934.294,-5.567750663059,929.886,-90.648,2611.351
2026-05-19 16:14:48.986,69250,979.0,0.0,979.0,0.0,2611.351
2026-05-19 16:14:48.986,69500,979.0,0.0,979.0,0.0,2611.351
2026-05-19 16:14:49.100,69750,979.0,0.0,979.0,0.0,2611.351
2026-05-19 16:14:49.100,70000,979.0,0.0,979.0,0.0,2611.351
2026-05-19 16:14:49.101,70250,988.369,1.113550132612,987.401,19.906,2587.501
2026-05-19 16:14:49.101,70500,979.0,0.0,979.0,0.0,2611.351
2026-05-19 16:14:49.215,70750,979.0,0.0,979.0,0.0,2611.351
2026-05-19 16:14:49.216,71000,979.0,0.0,979.0,0.0,2611.351
2026-05-19 16:14:49.216,71250,988.369,1.113550132612,987.401,19.906,2587.501
2026-05-19 16:14:49.216,71500,979.0,0.0,979.0,0.0,2611.351
2026-05-19 16:14:49.319,71750,1062.573,-2.694501746606,1061.076,-50.924,2409.924
2026-05-19 16:14:49.320,72000,923.946,-6.023390614508,918.845,-96.954,2359.568
2026-05-19 16:14:49.321,72250,1025.667,4.818712491606,1021.086,87.082,2253.416
2026-05-19 16:14:49.321,72500,1037.334,6.023390614508,1031.607,108.852,2226.878
2026-05-19 16:14:49.431,72750,979.0,0.0,979.0,0.0,2226.878
2026-05-19 16:14:49.431,73000,979.0,0.0,979.0,0.0,2226.878
2026-05-19 16:14:49.431,73250,979.0,0.0,979.0,0.0,2226.878
2026-05-19 16:14:49.432,73500,979.0,0.0,979.0,0.0,2226.878
2026-05-19 16:14:49.544,73750,979.0,0.0,979.0,0.0,2226.878
2026-05-19 16:14:49.545,74000,979.0,0.0,979.0,0.0,2226.878
2026-05-19 16:14:49.545,74250,979.0,0.0,979.0,0.0,2226.878
2026-05-19 16:14:49.546,74500,979.0,0.0,979.0,0.0,2226.878
2026-05-19 16:14:49.669,74750,979.0,0.0,979.0,0.0,2226.878
2026-05-19 16:14:49.670,75000,979.0,0.0,979.0,0.0,2226.878
2026-05-19 16:14:49.670,75250,979.0,0.0,979.0,0.0,2226.878
2026-05-19 16:14:49.671,75500,979.0,0.0,979.0,0.0,2226.878
2026-05-19 16:14:49.784,75750,979.0,0.0,979.0,0.0,2226.878
2026-05-19 16:14:49.784,76000,979.0,0.0,979.0,0.0,2226.878
2026-05-19 16:14:49.785,76250,979.0,0.0,979.0,0.0,2226.878
2026-05-19 16:14:49.785,76500,979.0,0.0,979.0,0.0,2226.878
2026-05-19 16:14:49.785,76750,979.0,0.0,979.0,0.0,2226.878
2026-05-19 16:14:49.889,77000,979.0,0.0,979.0,0.0,2226.878
2026-05-19 16:14:49.890,77250,979.0,0.0,979.0,0.0,2226.878
2026-05-19 16:14:49.891,77500,979.0,0.0,979.0,0.0,2226.878
2026-05-19 16:14:49.892,77750,979.0,0.0,979.0,0.0,1996.867
2026-05-19 16:14:49.893,78000,979.0,0.0,979.0,0.0,1996.867
2026-05-19 16:14:50.004,78250,979.0,0.0,979.0,0.0,1996.867
2026-05-19 16:14:50.005,78500,979.0,0.0,979.0,0.0,1996.867
2026-05-19 16:14:50.009,78750,979.0,0.0,979.0,0.0,1996.867
2026-05-19 16:14:50.010,79000,979.0,0.0,979.0,0.0,1996.867
2026-05-19 16:14:50.011,79250,979.0,0.0,979.0,0.0,1996.867
2026-05-19 16:14:50.115,79500,979.0,0.0,979.0,0.0,1996.867
2026-05-19 16:14:50.116,79750,979.0,0.0,979.0,0.0,1996.867
2026-05-19 16:14:50.118,80000,979.0,0.0,979.0,0.0,1996.867
2026-05-19 16:14:50.120,80250,979.0,0.0,979.0,0.0,1996.867
2026-05-19 16:14:50.120,80500,979.0,0.0,979.0,0.0,1996.867
2026-05-19 16:14:50.225,80750,979.0,0.0,979.0,0.0,1996.867
2026-05-19 16:14:50.228,81000,979.0,0.0,979.0,0.0,1996.867
2026-05-19 16:14:50.230,81250,979.0,0.0,979.0,0.0,1996.867
2026-05-19 16:14:50.232,81500,979.0,0.0,979.0,0.0,1996.867
2026-05-19 16:14:50.234,81750,979.0,0.0,979.0,0.0,1996.867
2026-05-19 16:14:50.349,82000,979.0,0.0,979.0,0.0,1887.867
2026-05-19 16:14:50.350,82250,979.0,0.0,979.0,0.0,1887.867
2026-05-19 16:14:50.354,82500,979.0,0.0,979.0,0.0,1887.867
2026-05-19 16:14:50.356,82750,979.0,0.0,979.0,0.0,1887.867
2026-05-19 16:14:50.358,83000,979.0,0.0,979.0,0.0,1887.867
2026-05-19 16:14:50.469,83250,1005.598,-0.648009129538,1005.242,-12.57,1842.71
2026-05-19 16:14:50.469,83500,979.0,0.0,979.0,0.0,1662.085
2026-05-19 16:14:50.471,83750,979.0,0.0,979.0,0.0,1662.085
2026-05-19 16:14:50.475,84000,979.0,0.0,979.0,0.0,1662.085
2026-05-19 16:14:50.477,84250,979.0,0.0,979.0,0.0,1662.085
2026-05-19 16:14:50.479,84500,979.0,0.0,979.0,0.0,1662.085
2026-05-19 16:14:50.584,84750,979.0,0.0,979.0,0.0,1662.085
2026-05-19 16:14:50.585,85000,979.0,0.0,979.0,0.0,1662.085
2026-05-19 16:14:50.587,85250,979.0,0.0,979.0,0.0,1662.085
2026-05-19 16:14:50.589,85500,979.0,0.0,979.0,0.0,1662.085
2026-05-19 16:14:50.699,85750,979.0,0.0,979.0,0.0,1662.085
2026-05-19 16:14:50.701,86000,979.0,0.0,979.0,0.0,1662.085
2026-05-19 16:14:50.705,86250,979.0,0.0,979.0,0.0,1662.085
2026-05-19 16:14:50.707,86500,979.0,0.0,979.0,0.0,1662.085
2026-05-19 16:14:50.709,86750,979.0,0.0,979.0,0.0,1662.085
2026-05-19 16:14:50.711,87000,979.0,0.0,979.0,0.0,1662.085
2026-05-19 16:14:50.815,87250,979.0,0.0,979.0,0.0,1662.085
2026-05-19 16:14:50.818,87500,979.0,0.0,979.0,0.0,1662.085
2026-05-19 16:14:50.822,87750,979.0,0.0,979.0,0.0,1662.085
2026-05-19 16:14:50.824,88000,979.0,0.0,979.0,0.0,1662.085
2026-05-19 16:14:50.826,88250,979.0,0.0,979.0,0.0,1662.085
2026-05-19 16:14:50.935,88500,979.0,0.0,979.0,0.0,1662.085
2026-05-19 16:14:50.939,88750,979.0,0.0,979.0,0.0,1662.085
2026-05-19 16:14:50.941,89000,979.0,0.0,979.0,0.0,1662.085
2026-05-19 16:14:50.943,89250,952.406,0.879700575028,951.908,12.977,1481.485
2026-05-19 16:14:50.944,89500,979.0,0.0,979.0,0.0,1436.336
2026-05-19 16:14:51.061,89750,979.0,0.0,979.0,0.0,1436.336
2026-05-19 16:14:51.062,90000,979.0,0.0,979.0,0.0,1436.336
2026-05-19 16:14:51.062,90250,979.0,0.0,979.0,0.0,1436.336
2026-05-19 16:14:51.063,90500,933.304,-5.941196140614,925.235,-93.153,1391.641
2026-05-19 16:14:51.063,90750,979.0,0.0,979.0,0.0,1324.598
2026-05-19 16:14:51.177,91000,979.0,0.0,979.0,0.0,1324.598
2026-05-19 16:14:51.178,91250,979.0,0.0,979.0,0.0,1324.598
2026-05-19 16:14:51.178,91500,979.0,0.0,979.0,0.0,1324.598
2026-05-19 16:14:51.178,91750,979.0,0.0,979.0,0.0,1324.598
2026-05-19 16:14:51.179,92000,979.0,0.0,979.0,0.0,1324.598
2026-05-19 16:14:51.299,92250,979.0,0.0,979.0,0.0,1324.598
2026-05-19 16:14:51.300,92500,979.0,0.0,979.0,0.0,1324.598
2026-05-19 16:14:51.300,92750,979.0,0.0,979.0,0.0,1324.598
2026-05-19 16:14:51.300,93000,979.0,0.0,979.0,0.0,1324.598
2026-05-19 16:14:51.301,93250,979.0,0.0,979.0,0.0,1324.598
2026-05-19 16:14:51.409,93500,979.0,0.0,979.0,0.0,1324.598
2026-05-19 16:14:51.410,93750,979.0,0.0,979.0,0.0,1324.598
2026-05-19 16:14:51.410,94000,979.0,0.0,979.0,0.0,1324.598
2026-05-19 16:14:51.410,94250,979.0,0.0,979.0,0.0,1324.598
2026-05-19 16:14:51.411,94500,979.0,0.0,979.0,0.0,1324.598
2026-05-19 16:14:51.515,94750,979.0,0.0,979.0,0.0,1324.598
2026-05-19 16:14:51.516,95000,979.0,0.0,979.0,0.0,1324.598
2026-05-19 16:14:51.516,95250,979.0,0.0,979.0,0.0,1324.598
2026-05-19 16:14:51.516,95500,979.0,0.0,979.0,0.0,1070.507
2026-05-19 16:14:51.517,95750,979.0,0.0,979.0,0.0,1070.507
2026-05-19 16:14:51.631,96000,979.0,0.0,979.0,0.0,1070.507
2026-05-19 16:14:51.631,96250,979.0,0.0,979.0,0.0,1070.507
2026-05-19 16:14:51.632,96500,979.0,0.0,979.0,0.0,1070.507
2026-05-19 16:14:51.633,96750,979.0,0.0,979.0,0.0,1070.507
2026-05-19 16:14:51.633,97000,979.0,0.0,979.0,0.0,1070.507
2026-05-19 16:14:51.745,97250,979.0,0.0,979.0,0.0,1070.507
2026-05-19 16:14:51.745,97500,979.0,0.0,979.0,0.0,1070.507
2026-05-19 16:14:51.746,97750,979.0,0.0,979.0,0.0,1070.507
2026-05-19 16:14:51.746,98000,979.0,0.0,979.0,0.0,1070.507
2026-05-19 16:14:51.747,98250,979.0,0.0,979.0,0.0,1070.507
2026-05-19 16:14:51.869,98500,979.0,0.0,979.0,0.0,1070.507
2026-05-19 16:14:51.869,98750,979.0,0.0,979.0,0.0,1070.507
2026-05-19 16:14:51.870,99000,979.0,0.0,979.0,0.0,1070.507
2026-05-19 16:14:51.870,99250,979.0,0.0,979.0,0.0,1070.507
2026-05-19 16:14:51.871,99500,979.0,0.0,979.0,0.0,1070.507
2026-05-19 16:14:51.985,99750,979.0,0.0,979.0,0.0,1070.507
2026-05-19 16:14:51.986,100000,979.0,0.0,979.0,0.0,1070.507
2026-05-19 16:14:52.526,10000,979.0,0.0,979.0,0.0,9286.314
2026-05-19 16:14:52.634,10250,979.0,0.0,979.0,0.0,9286.314
2026-05-19 16:14:52.869,10500,979.0,0.0,979.0,0.0,9286.314
2026-05-19 16:14:52.988,10750,974.699,0.936593187687,974.483,15.884,9327.412
2026-05-19 16:14:53.099,11000,979.0,0.0,979.0,0.0,9354.811
2026-05-19 16:14:53.204,11250,963.375,-0.267477540339,963.357,-4.449,9255.273
2026-05-19 16:14:53.319,11500,977.454,0.295981633532,977.389,5.017,9120.46
2026-05-19 16:14:53.434,11750,979.0,0.0,979.0,0.0,9178.44
2026-05-19 16:14:53.669,12000,979.0,0.0,979.0,0.0,9178.44
2026-05-19 16:14:53.784,12250,979.0,0.0,979.0,0.0,9178.44
2026-05-19 16:14:53.899,12500,984.05,0.103550263185,984.042,1.815,9211.704
2026-05-19 16:14:54.002,12750,994.15,0.310650789554,994.125,5.445,9118.593
2026-05-19 16:14:54.105,13000,979.0,0.0,979.0,0.0,9025.481
2026-05-19 16:14:54.219,13250,993.164,-0.336644811201,993.018,-5.735,8981.705
2026-05-19 16:14:54.331,13500,979.0,0.0,979.0,0.0,9110.657
2026-05-19 16:14:54.446,13750,979.0,0.0,979.0,0.0,9110.657
2026-05-19 16:14:54.549,14000,979.0,0.0,979.0,0.0,8971.41
2026-05-19 16:14:54.669,14250,979.0,0.0,979.0,0.0,8971.41
2026-05-19 16:14:54.789,14500,979.0,0.0,979.0,0.0,8971.41
2026-05-19 16:14:54.900,14750,974.366,0.609631936012,974.229,10.292,9014.381
2026-05-19 16:14:55.017,15000,994.376,0.417832049251,994.35,7.251,8938.448
2026-05-19 16:14:55.017,15250,979.0,0.0,979.0,0.0,8938.448
2026-05-19 16:14:55.130,15500,979.0,0.0,979.0,0.0,8938.448
2026-05-19 16:14:55.249,15750,979.0,0.0,979.0,0.0,9052.108
2026-05-19 16:14:55.369,16000,979.0,0.0,979.0,0.0,8828.731
2026-05-19 16:14:55.489,16250,979.0,0.0,979.0,0.0,8828.731
2026-05-19 16:14:55.599,16500,985.103,-0.666603470774,984.991,-11.508,8865.421
2026-05-19 16:14:55.599,16750,955.291,-0.778640438833,955.203,-12.982,8920.457
2026-05-19 16:14:55.715,17000,979.0,0.0,979.0,0.0,8704.426
2026-05-19 16:14:55.819,17250,953.338,-0.872532988888,953.228,-14.517,8704.426
2026-05-19 16:14:55.934,17500,979.0,0.0,979.0,0.0,8836.474
2026-05-19 16:14:56.046,17750,979.0,0.0,979.0,0.0,8611.81
2026-05-19 16:14:56.046,18000,979.0,0.0,979.0,0.0,8611.81
2026-05-19 16:14:56.169,18250,975.67,0.297188514811,975.605,4.991,8415.028
2026-05-19 16:14:56.289,18500,979.0,0.0,979.0,0.0,8531.103
2026-05-19 16:14:56.394,18750,979.0,0.0,979.0,0.0,8531.103
2026-05-19 16:14:56.395,19000,984.011,0.200677693461,983.98,3.517,8488.527
2026-05-19 16:14:56.510,19250,979.0,0.0,979.0,0.0,8318.223
2026-05-19 16:14:56.615,19500,979.0,0.0,979.0,0.0,8255.872
2026-05-19 16:14:56.720,19750,964.456,-0.653200280028,964.352,-10.884,8381.639
2026-05-19 16:14:56.720,20000,979.0,0.0,979.0,0.0,8255.872
2026-05-19 16:14:56.832,20250,979.0,0.0,979.0,0.0,8255.872
2026-05-19 16:14:56.948,20500,979.0,0.0,979.0,0.0,8055.627
2026-05-19 16:14:56.948,20750,979.0,0.0,979.0,0.0,8210.115
2026-05-19 16:14:57.069,21000,959.182,-1.005522859644,959.034,-16.832,8210.115
2026-05-19 16:14:57.189,21250,979.0,0.0,979.0,0.0,8043.919
2026-05-19 16:14:57.190,21500,979.0,0.0,979.0,0.0,8043.919
2026-05-19 16:14:57.300,21750,979.0,0.0,979.0,0.0,7856.622
2026-05-19 16:14:57.301,22000,983.336,-0.268968183771,983.281,-4.697,7995.801
2026-05-19 16:14:57.404,22250,979.0,0.0,979.0,0.0,8030.595
2026-05-19 16:14:57.520,22500,979.0,0.0,979.0,0.0,7842.522
2026-05-19 16:14:57.520,22750,979.0,0.0,979.0,0.0,7842.522
2026-05-19 16:14:57.632,23000,979.0,0.0,979.0,0.0,7658.862
2026-05-19 16:14:57.734,23250,979.0,0.0,979.0,0.0,7658.862
2026-05-19 16:14:57.735,23500,979.0,0.0,979.0,0.0,7658.862
2026-05-19 16:14:57.846,23750,969.596,0.495821967215,969.506,8.268,7572.559
2026-05-19 16:14:57.957,24000,979.0,0.0,979.0,0.0,7683.264
2026-05-19 16:14:57.958,24250,979.0,0.0,979.0,0.0,7515.704
2026-05-19 16:14:58.069,24500,979.0,0.0,979.0,0.0,7515.704
2026-05-19 16:14:58.069,24750,979.0,0.0,979.0,0.0,7515.704
2026-05-19 16:14:58.189,25000,979.0,0.0,979.0,0.0,7360.845
2026-05-19 16:14:58.189,25250,979.0,0.0,979.0,0.0,7360.845
2026-05-19 16:14:58.299,25500,979.0,0.0,979.0,0.0,7206.363
2026-05-19 16:14:58.403,25750,979.0,0.0,979.0,0.0,7206.363
2026-05-19 16:14:58.404,26000,979.0,0.0,979.0,0.0,7206.363
2026-05-19 16:14:58.514,26250,979.0,0.0,979.0,0.0,7078.333
2026-05-19 16:14:58.515,26500,982.984,0.339432596033,982.896,5.917,7050.105
2026-05-19 16:14:58.630,26750,979.0,0.0,979.0,0.0,6937.194
2026-05-19 16:14:58.630,27000,979.0,0.0,979.0,0.0,6937.194
2026-05-19 16:14:58.744,27250,990.456,1.04240520693,990.181,18.156,6857.571
2026-05-19 16:14:58.745,27500,979.0,0.0,979.0,0.0,6804.488
2026-05-19 16:14:58.849,27750,979.0,0.0,979.0,0.0,6804.488
2026-05-19 16:14:58.850,28000,979.0,0.0,979.0,0.0,6670.342
2026-05-19 16:14:58.969,28250,979.0,0.0,979.0,0.0,6670.342
2026-05-19 16:14:58.969,28500,979.0,0.0,979.0,0.0,6670.342
2026-05-19 16:14:59.089,28750,979.0,0.0,979.0,0.0,6557.083
2026-05-19 16:14:59.090,29000,979.0,0.0,979.0,0.0,6557.083
2026-05-19 16:14:59.204,29250,979.0,0.0,979.0,0.0,6439.888
2026-05-19 16:14:59.204,29500,979.0,0.0,979.0,0.0,6439.888
2026-05-19 16:14:59.313,29750,982.414,0.428488767772,982.275,7.447,6417.813
2026-05-19 16:14:59.314,30000,979.0,0.0,979.0,0.0,6329.513
2026-05-19 16:14:59.429,30250,979.0,0.0,979.0,0.0,6329.513
2026-05-19 16:14:59.430,30500,979.0,0.0,979.0,0.0,6231.235
2026-05-19 16:14:59.544,30750,979.0,0.0,979.0,0.0,6231.235
2026-05-19 16:14:59.544,31000,979.0,0.0,979.0,0.0,6231.235
2026-05-19 16:14:59.650,31250,979.0,0.0,979.0,0.0,6132.743
2026-05-19 16:14:59.650,31500,979.0,0.0,979.0,0.0,6132.743
2026-05-19 16:14:59.769,31750,991.55,2.244440913935,990.789,38.832,6055.123
2026-05-19 16:14:59.769,32000,956.115,0.423896784232,956.072,6.961,5960.761
2026-05-19 16:14:59.879,32250,979.0,0.0,979.0,0.0,5819.217
2026-05-19 16:14:59.879,32500,979.0,0.0,979.0,0.0,5745.191
2026-05-19 16:14:59.999,32750,979.0,0.0,979.0,0.0,5745.191
2026-05-19 16:14:59.999,33000,979.0,0.0,979.0,0.0,5745.191
2026-05-19 16:15:00.000,33250,979.0,0.0,979.0,0.0,5682.385
2026-05-19 16:15:00.114,33500,979.0,0.0,979.0,0.0,5682.385
2026-05-19 16:15:00.114,33750,979.0,0.0,979.0,0.0,5682.385
2026-05-19 16:15:00.219,34000,979.0,0.0,979.0,0.0,5630.485
2026-05-19 16:15:00.219,34250,979.0,0.0,979.0,0.0,5379.444
2026-05-19 16:15:00.334,34500,979.0,0.0,979.0,0.0,5379.444
2026-05-19 16:15:00.334,34750,979.0,0.0,979.0,0.0,5339.018
2026-05-19 16:15:00.335,35000,979.0,0.0,979.0,0.0,5339.018
2026-05-19 16:15:00.450,35250,979.0,0.0,979.0,0.0,5339.018
2026-05-19 16:15:00.451,35500,979.0,0.0,979.0,0.0,5311.955
2026-05-19 16:15:00.556,35750,943.313,0.190249373131,943.306,3.103,5263.546
2026-05-19 16:15:00.556,36000,979.0,0.0,979.0,0.0,5069.911
2026-05-19 16:15:00.557,36250,979.0,0.0,979.0,0.0,5053.16
2026-05-19 16:15:00.669,36500,979.0,0.0,979.0,0.0,5053.16
2026-05-19 16:15:00.669,36750,979.0,0.0,979.0,0.0,5053.16
2026-05-19 16:15:00.780,37000,979.0,0.0,979.0,0.0,5052.649
2026-05-19 16:15:00.780,37250,979.0,0.0,979.0,0.0,4801.84
2026-05-19 16:15:00.899,37500,979.0,0.0,979.0,0.0,4801.84
2026-05-19 16:15:00.899,37750,978.281,0.625132464967,977.991,10.637,4805.377
2026-05-19 16:15:00.900,38000,979.0,0.0,979.0,0.0,4819.526
2026-05-19 16:15:01.013,38250,979.0,0.0,979.0,0.0,4819.526
2026-05-19 16:15:01.014,38500,979.0,0.0,979.0,0.0,4819.526
2026-05-19 16:15:01.014,38750,979.0,0.0,979.0,0.0,4591.487
2026-05-19 16:15:01.129,39000,979.0,0.0,979.0,0.0,4591.487
2026-05-19 16:15:01.129,39250,979.0,0.0,979.0,0.0,4591.487
2026-05-19 16:15:01.244,39500,979.0,0.0,979.0,0.0,4591.487
2026-05-19 16:15:01.245,39750,979.0,0.0,979.0,0.0,4637.368
2026-05-19 16:15:01.246,40000,979.0,0.0,979.0,0.0,4380.519
2026-05-19 16:15:01.358,40250,979.0,0.0,979.0,0.0,4380.519
2026-05-19 16:15:01.360,40500,979.0,0.0,979.0,0.0,4380.519
2026-05-19 16:15:01.362,40750,975.967,0.691112802898,975.617,11.619,4394.303
2026-05-19 16:15:01.468,41000,979.0,0.0,979.0,0.0,4449.44
2026-05-19 16:15:01.470,41250,979.0,0.0,979.0,0.0,4262.566
2026-05-19 16:15:01.575,41500,979.0,0.0,979.0,0.0,4262.566
2026-05-19 16:15:01.577,41750,960.683,3.218750224387,959.168,53.941,4343.838
2026-05-19 16:15:01.579,42000,979.0,0.0,979.0,0.0,4343.838
2026-05-19 16:15:01.699,42250,979.0,0.0,979.0,0.0,4343.838
2026-05-19 16:15:01.700,42500,979.0,0.0,979.0,0.0,4101.722
2026-05-19 16:15:01.704,42750,979.0,0.0,979.0,0.0,4101.722
2026-05-19 16:15:01.814,43000,979.0,0.0,979.0,0.0,4101.722
2026-05-19 16:15:01.815,43250,979.0,0.0,979.0,0.0,4198.29
2026-05-19 16:15:01.819,43500,979.0,0.0,979.0,0.0,4198.29
2026-05-19 16:15:01.925,43750,979.0,0.0,979.0,0.0,3960.624
2026-05-19 16:15:01.926,44000,979.0,0.0,979.0,0.0,3960.624
2026-05-19 16:15:01.929,44250,979.0,0.0,979.0,0.0,3960.624
2026-05-19 16:15:02.035,44500,979.0,0.0,979.0,0.0,3960.624
2026-05-19 16:15:02.036,44750,979.0,0.0,979.0,0.0,4081.427
2026-05-19 16:15:02.038,45000,979.0,0.0,979.0,0.0,3861.35
2026-05-19 16:15:02.151,45250,979.0,0.0,979.0,0.0,3861.35
2026-05-19 16:15:02.151,45500,979.0,0.0,979.0,0.0,3861.35
2026-05-19 16:15:02.152,45750,979.0,0.0,979.0,0.0,3861.35
2026-05-19 16:15:02.268,46000,979.0,0.0,979.0,0.0,3655.855
2026-05-19 16:15:02.269,46250,987.963,-0.729824856192,987.548,-13.032,3789.732
2026-05-19 16:15:02.272,46500,979.0,0.0,979.0,0.0,3823.201
2026-05-19 16:15:02.389,46750,979.0,0.0,979.0,0.0,3823.201
2026-05-19 16:15:02.389,47000,979.0,0.0,979.0,0.0,3823.201
2026-05-19 16:15:02.390,47250,979.0,0.0,979.0,0.0,3625.638
2026-05-19 16:15:02.499,47500,979.0,0.0,979.0,0.0,3625.638
2026-05-19 16:15:02.499,47750,979.0,0.0,979.0,0.0,3625.638
2026-05-19 16:15:02.500,48000,979.0,0.0,979.0,0.0,3625.638
2026-05-19 16:15:02.616,48250,979.0,0.0,979.0,0.0,3625.638
2026-05-19 16:15:02.616,48500,979.0,0.0,979.0,0.0,3618.973
2026-05-19 16:15:02.617,48750,979.0,0.0,979.0,0.0,3618.973
2026-05-19 16:15:02.729,49000,979.0,0.0,979.0,0.0,3618.973
2026-05-19 16:15:02.731,49250,979.0,0.0,979.0,0.0,3618.973
2026-05-19 16:15:02.731,49500,949.632,-1.860441955751,948.815,-30.185,3546.598
2026-05-19 16:15:02.844,49750,979.0,0.0,979.0,0.0,3438.037
2026-05-19 16:15:02.845,50000,979.0,0.0,979.0,0.0,3438.037
2026-05-19 16:15:02.846,50250,979.0,0.0,979.0,0.0,3438.037
2026-05-19 16:15:02.846,50500,979.0,0.0,979.0,0.0,3438.037
2026-05-19 16:15:02.969,50750,979.0,0.0,979.0,0.0,3438.037
2026-05-19 16:15:02.971,51000,979.0,0.0,979.0,0.0,3448.719
2026-05-19 16:15:02.971,51250,979.0,0.0,979.0,0.0,3448.719
2026-05-19 16:15:03.089,51500,979.0,0.0,979.0,0.0,3448.719
2026-05-19 16:15:03.089,51750,979.0,0.0,979.0,0.0,3448.719
2026-05-19 16:15:03.090,52000,979.0,0.0,979.0,0.0,3448.719
2026-05-19 16:15:03.091,52250,954.499,-2.193532953208,953.353,-35.893,3391.178
2026-05-19 16:15:03.199,52500,979.0,0.0,979.0,0.0,3304.868
2026-05-19 16:15:03.212,52750,979.0,0.0,979.0,0.0,3304.868
2026-05-19 16:15:03.213,53000,979.0,0.0,979.0,0.0,3304.868
2026-05-19 16:15:03.215,53250,979.0,0.0,979.0,0.0,3304.868
2026-05-19 16:15:03.320,53500,979.0,0.0,979.0,0.0,3304.868
2026-05-19 16:15:03.320,53750,949.715,-3.023808316,948.075,-49.699,3280.153
2026-05-19 16:15:03.321,54000,979.0,0.0,979.0,0.0,3181.295
2026-05-19 16:15:03.436,54250,979.0,0.0,979.0,0.0,3181.295
2026-05-19 16:15:03.437,54500,979.0,0.0,979.0,0.0,3181.295
2026-05-19 16:15:03.437,54750,979.0,0.0,979.0,0.0,3181.295
2026-05-19 16:15:03.438,55000,979.0,0.0,979.0,0.0,3181.295
2026-05-19 16:15:03.553,55250,979.0,0.0,979.0,0.0,3181.295
2026-05-19 16:15:03.553,55500,951.451,-3.361812665895,949.419,-55.372,3158.914
2026-05-19 16:15:03.554,55750,979.0,0.0,979.0,0.0,3069.393
2026-05-19 16:15:03.669,56000,979.0,0.0,979.0,0.0,3069.393
2026-05-19 16:15:03.671,56250,979.0,0.0,979.0,0.0,3069.393
2026-05-19 16:15:03.671,56500,979.0,0.0,979.0,0.0,3069.393
2026-05-19 16:15:03.672,56750,979.0,0.0,979.0,0.0,3069.393
2026-05-19 16:15:03.789,57000,979.0,0.0,979.0,0.0,3069.393
2026-05-19 16:15:03.789,57250,979.0,0.0,979.0,0.0,3069.393
2026-05-19 16:15:03.790,57500,979.0,0.0,979.0,0.0,3069.393
2026-05-19 16:15:03.904,57750,965.294,0.353259287188,965.208,5.613,3115.599
2026-05-19 16:15:03.905,58000,937.022,6.321979856173,931.324,103.181,3206.9
2026-05-19 16:15:03.905,58250,906.252,1.463962538707,905.957,23.153,3206.9
2026-05-19 16:15:03.905,58500,979.0,0.0,979.0,0.0,3206.9
2026-05-19 16:15:04.018,58750,999.799,4.369904778779,996.892,76.18,3140.187
2026-05-19 16:15:04.018,59000,999.799,4.369904778779,996.892,76.18,3140.187
2026-05-19 16:15:04.019,59250,974.927,-0.873980955756,974.369,-14.609,3153.529
2026-05-19 16:15:04.131,59500,958.634,-4.369904778779,955.847,-73.043,3206.9
2026-05-19 16:15:04.132,59750,1035.586,-5.833867317486,1030.223,-105.261,2968.602
2026-05-19 16:15:04.132,60000,979.0,0.0,979.0,0.0,2968.602
2026-05-19 16:15:04.132,60250,979.0,0.0,979.0,0.0,2968.602
2026-05-19 16:15:04.249,60500,979.0,0.0,979.0,0.0,2968.602
2026-05-19 16:15:04.249,60750,979.0,0.0,979.0,0.0,2968.602
2026-05-19 16:15:04.250,61000,979.0,0.0,979.0,0.0,2968.602
2026-05-19 16:15:04.250,61250,979.0,0.0,979.0,0.0,2968.602
2026-05-19 16:15:04.354,61500,979.0,0.0,979.0,0.0,2968.602
2026-05-19 16:15:04.356,61750,979.0,0.0,979.0,0.0,2968.602
2026-05-19 16:15:04.356,62000,979.0,0.0,979.0,0.0,2968.602
2026-05-19 16:15:04.357,62250,979.0,0.0,979.0,0.0,2968.602
2026-05-19 16:15:04.464,62500,979.0,0.0,979.0,0.0,2968.602
2026-05-19 16:15:04.465,62750,979.0,0.0,979.0,0.0,2968.602
2026-05-19 16:15:04.465,63000,979.0,0.0,979.0,0.0,2968.602
2026-05-19 16:15:04.466,63250,963.679,0.337689477241,963.601,5.318,2782.776
2026-05-19 16:15:04.569,63500,979.0,0.0,979.0,0.0,2736.319
2026-05-19 16:15:04.569,63750,979.0,0.0,979.0,0.0,2736.319
2026-05-19 16:15:04.570,64000,979.0,0.0,979.0,0.0,2736.319
2026-05-19 16:15:04.570,64250,979.0,0.0,979.0,0.0,2736.319
2026-05-19 16:15:04.689,64500,979.0,0.0,979.0,0.0,2736.319
2026-05-19 16:15:04.690,64750,979.0,0.0,979.0,0.0,2736.319
2026-05-19 16:15:04.691,65000,979.0,0.0,979.0,0.0,2736.319
2026-05-19 16:15:04.692,65250,979.0,0.0,979.0,0.0,2736.319
2026-05-19 16:15:04.804,65500,979.0,0.0,979.0,0.0,2736.319
2026-05-19 16:15:04.805,65750,979.0,0.0,979.0,0.0,2736.319
2026-05-19 16:15:04.805,66000,979.0,0.0,979.0,0.0,2736.319
2026-05-19 16:15:04.806,66250,979.0,0.0,979.0,0.0,2736.319
2026-05-19 16:15:04.918,66500,979.0,0.0,979.0,0.0,2736.319
2026-05-19 16:15:04.919,66750,979.0,0.0,979.0,0.0,2736.319
2026-05-19 16:15:04.919,67000,979.0,0.0,979.0,0.0,2736.319
2026-05-19 16:15:04.920,67250,979.0,0.0,979.0,0.0,2492.103
2026-05-19 16:15:05.036,67500,979.0,0.0,979.0,0.0,2492.103
2026-05-19 16:15:05.036,67750,979.0,0.0,979.0,0.0,2492.103
2026-05-19 16:15:05.037,68000,970.059,-1.113550132612,969.177,-18.13,2515.952
2026-05-19 16:15:05.037,68250,979.0,0.0,979.0,0.0,2492.103
2026-05-19 16:15:05.147,68500,952.176,-3.340650397835,949.532,-54.389,2563.652
2026-05-19 16:15:05.148,68750,943.235,-4.454200530447,939.709,-72.518,2587.501
2026-05-19 16:15:05.148,69000,934.294,-5.567750663059,929.886,-90.648,2611.351
2026-05-19 16:15:05.148,69250,979.0,0.0,979.0,0.0,2611.351
2026-05-19 16:15:05.269,69500,979.0,0.0,979.0,0.0,2611.351
2026-05-19 16:15:05.270,69750,979.0,0.0,979.0,0.0,2611.351
2026-05-19 16:15:05.270,70000,979.0,0.0,979.0,0.0,2611.351
2026-05-19 16:15:05.271,70250,988.369,1.113550132612,987.401,19.906,2587.501
2026-05-19 16:15:05.271,70500,979.0,0.0,979.0,0.0,2611.351
2026-05-19 16:15:05.378,70750,979.0,0.0,979.0,0.0,2611.351
2026-05-19 16:15:05.378,71000,979.0,0.0,979.0,0.0,2611.351
2026-05-19 16:15:05.379,71250,988.369,1.113550132612,987.401,19.906,2587.501
2026-05-19 16:15:05.500,71500,979.0,0.0,979.0,0.0,2611.351
2026-05-19 16:15:05.501,71750,1051.049,-0.907326177343,1048.958,-18.287,2436.431
2026-05-19 16:15:05.501,72000,923.946,-6.023390614508,918.845,-96.954,2359.568
2026-05-19 16:15:05.501,72250,1014.001,3.614034368705,1010.564,65.311,2279.954
2026-05-19 16:15:05.502,72500,1037.334,6.023390614508,1031.607,108.852,2226.878
2026-05-19 16:15:05.614,72750,979.0,0.0,979.0,0.0,2226.878
2026-05-19 16:15:05.614,73000,979.0,0.0,979.0,0.0,2226.878
2026-05-19 16:15:05.614,73250,979.0,0.0,979.0,0.0,2226.878
2026-05-19 16:15:05.615,73500,979.0,0.0,979.0,0.0,2226.878
2026-05-19 16:15:05.728,73750,979.0,0.0,979.0,0.0,2226.878
2026-05-19 16:15:05.729,74000,979.0,0.0,979.0,0.0,2226.878
2026-05-19 16:15:05.729,74250,979.0,0.0,979.0,0.0,2226.878
2026-05-19 16:15:05.729,74500,979.0,0.0,979.0,0.0,2226.878
2026-05-19 16:15:05.843,74750,979.0,0.0,979.0,0.0,2226.878
2026-05-19 16:15:05.844,75000,979.0,0.0,979.0,0.0,2226.878
2026-05-19 16:15:05.844,75250,979.0,0.0,979.0,0.0,2226.878
2026-05-19 16:15:05.844,75500,979.0,0.0,979.0,0.0,2226.878
2026-05-19 16:15:05.969,75750,979.0,0.0,979.0,0.0,2226.878
2026-05-19 16:15:05.969,76000,979.0,0.0,979.0,0.0,2226.878
2026-05-19 16:15:05.970,76250,979.0,0.0,979.0,0.0,2226.878
2026-05-19 16:15:05.971,76500,979.0,0.0,979.0,0.0,2226.878
2026-05-19 16:15:05.971,76750,979.0,0.0,979.0,0.0,2226.878
2026-05-19 16:15:05.972,77000,979.0,0.0,979.0,0.0,2226.878
2026-05-19 16:15:06.089,77250,979.0,0.0,979.0,0.0,2226.878
2026-05-19 16:15:06.090,77500,979.0,0.0,979.0,0.0,2226.878
2026-05-19 16:15:06.091,77750,979.0,0.0,979.0,0.0,1996.867
2026-05-19 16:15:06.091,78000,979.0,0.0,979.0,0.0,1996.867
2026-05-19 16:15:06.091,78250,979.0,0.0,979.0,0.0,1996.867
2026-05-19 16:15:06.199,78500,979.0,0.0,979.0,0.0,1996.867
2026-05-19 16:15:06.199,78750,979.0,0.0,979.0,0.0,1996.867
2026-05-19 16:15:06.200,79000,979.0,0.0,979.0,0.0,1996.867
2026-05-19 16:15:06.200,79250,979.0,0.0,979.0,0.0,1996.867
2026-05-19 16:15:06.201,79500,979.0,0.0,979.0,0.0,1996.867
2026-05-19 16:15:06.304,79750,979.0,0.0,979.0,0.0,1996.867
2026-05-19 16:15:06.304,80000,979.0,0.0,979.0,0.0,1996.867
2026-05-19 16:15:06.305,80250,979.0,0.0,979.0,0.0,1996.867
2026-05-19 16:15:06.305,80500,979.0,0.0,979.0,0.0,1996.867
2026-05-19 16:15:06.306,80750,979.0,0.0,979.0,0.0,1996.867
2026-05-19 16:15:06.416,81000,979.0,0.0,979.0,0.0,1996.867
2026-05-19 16:15:06.416,81250,979.0,0.0,979.0,0.0,1996.867
2026-05-19 16:15:06.417,81500,979.0,0.0,979.0,0.0,1996.867
2026-05-19 16:15:06.417,81750,979.0,0.0,979.0,0.0,1996.867
2026-05-19 16:15:06.536,82000,979.0,0.0,979.0,0.0,1887.867
2026-05-19 16:15:06.537,82250,979.0,0.0,979.0,0.0,1887.867
2026-05-19 16:15:06.537,82500,979.0,0.0,979.0,0.0,1887.867
2026-05-19 16:15:06.537,82750,979.0,0.0,979.0,0.0,1887.867
2026-05-19 16:15:06.538,83000,979.0,0.0,979.0,0.0,1887.867
2026-05-19 16:15:06.538,83250,979.0,0.0,979.0,0.0,1887.867
2026-05-19 16:15:06.648,83500,979.0,0.0,979.0,0.0,1662.085
2026-05-19 16:15:06.649,83750,979.0,0.0,979.0,0.0,1662.085
2026-05-19 16:15:06.650,84000,979.0,0.0,979.0,0.0,1662.085
2026-05-19 16:15:06.651,84250,979.0,0.0,979.0,0.0,1662.085
2026-05-19 16:15:06.653,84500,979.0,0.0,979.0,0.0,1662.085
2026-05-19 16:15:06.769,84750,979.0,0.0,979.0,0.0,1662.085
2026-05-19 16:15:06.769,85000,979.0,0.0,979.0,0.0,1662.085
2026-05-19 16:15:06.770,85250,979.0,0.0,979.0,0.0,1662.085
2026-05-19 16:15:06.770,85500,979.0,0.0,979.0,0.0,1662.085
2026-05-19 16:15:06.770,85750,979.0,0.0,979.0,0.0,1662.085
2026-05-19 16:15:06.889,86000,979.0,0.0,979.0,0.0,1662.085
2026-05-19 16:15:06.889,86250,979.0,0.0,979.0,0.0,1662.085
2026-05-19 16:15:06.890,86500,979.0,0.0,979.0,0.0,1662.085
2026-05-19 16:15:06.890,86750,979.0,0.0,979.0,0.0,1662.085
2026-05-19 16:15:06.890,87000,979.0,0.0,979.0,0.0,1662.085
2026-05-19 16:15:07.004,87250,979.0,0.0,979.0,0.0,1662.085
2026-05-19 16:15:07.005,87500,979.0,0.0,979.0,0.0,1662.085
2026-05-19 16:15:07.006,87750,979.0,0.0,979.0,0.0,1662.085
2026-05-19 16:15:07.006,88000,979.0,0.0,979.0,0.0,1662.085
2026-05-19 16:15:07.006,88250,979.0,0.0,979.0,0.0,1662.085
2026-05-19 16:15:07.114,88500,979.0,0.0,979.0,0.0,1662.085
2026-05-19 16:15:07.120,88750,979.0,0.0,979.0,0.0,1662.085
2026-05-19 16:15:07.122,89000,979.0,0.0,979.0,0.0,1662.085
2026-05-19 16:15:07.122,89250,952.406,0.879700575028,951.908,12.977,1481.485
2026-05-19 16:15:07.123,89500,979.0,0.0,979.0,0.0,1436.336
2026-05-19 16:15:07.232,89750,979.0,0.0,979.0,0.0,1436.336
2026-05-19 16:15:07.232,90000,979.0,0.0,979.0,0.0,1436.336
2026-05-19 16:15:07.232,90250,979.0,0.0,979.0,0.0,1436.336
2026-05-19 16:15:07.233,90500,933.304,-5.941196140614,925.235,-93.153,1391.641
2026-05-19 16:15:07.233,90750,979.0,0.0,979.0,0.0,1324.598
2026-05-19 16:15:07.349,91000,979.0,0.0,979.0,0.0,1324.598
2026-05-19 16:15:07.351,91250,979.0,0.0,979.0,0.0,1324.598
2026-05-19 16:15:07.351,91500,979.0,0.0,979.0,0.0,1324.598
2026-05-19 16:15:07.351,91750,979.0,0.0,979.0,0.0,1324.598
2026-05-19 16:15:07.352,92000,979.0,0.0,979.0,0.0,1324.598
2026-05-19 16:15:07.469,92250,979.0,0.0,979.0,0.0,1324.598
2026-05-19 16:15:07.470,92500,979.0,0.0,979.0,0.0,1324.598
2026-05-19 16:15:07.470,92750,979.0,0.0,979.0,0.0,1324.598
2026-05-19 16:15:07.470,93000,979.0,0.0,979.0,0.0,1324.598
2026-05-19 16:15:07.471,93250,979.0,0.0,979.0,0.0,1324.598
2026-05-19 16:15:07.583,93500,979.0,0.0,979.0,0.0,1324.598
2026-05-19 16:15:07.584,93750,979.0,0.0,979.0,0.0,1324.598
2026-05-19 16:15:07.584,94000,979.0,0.0,979.0,0.0,1324.598
2026-05-19 16:15:07.585,94250,979.0,0.0,979.0,0.0,1324.598
2026-05-19 16:15:07.585,94500,979.0,0.0,979.0,0.0,1324.598
2026-05-19 16:15:07.699,94750,979.0,0.0,979.0,0.0,1324.598
2026-05-19 16:15:07.699,95000,979.0,0.0,979.0,0.0,1324.598
2026-05-19 16:15:07.700,95250,979.0,0.0,979.0,0.0,1324.598
2026-05-19 16:15:07.700,95500,979.0,0.0,979.0,0.0,1070.507
2026-05-19 16:15:07.700,95750,979.0,0.0,979.0,0.0,1070.507
2026-05-19 16:15:07.813,96000,979.0,0.0,979.0,0.0,1070.507
2026-05-19 16:15:07.814,96250,979.0,0.0,979.0,0.0,1070.507
2026-05-19 16:15:07.814,96500,979.0,0.0,979.0,0.0,1070.507
2026-05-19 16:15:07.815,96750,979.0,0.0,979.0,0.0,1070.507
2026-05-19 16:15:07.815,97000,979.0,0.0,979.0,0.0,1070.507
2026-05-19 16:15:07.929,97250,979.0,0.0,979.0,0.0,1070.507
2026-05-19 16:15:07.930,97500,979.0,0.0,979.0,0.0,1070.507
2026-05-19 16:15:07.930,97750,979.0,0.0,979.0,0.0,1070.507
2026-05-19 16:15:07.931,98000,979.0,0.0,979.0,0.0,1070.507
2026-05-19 16:15:07.931,98250,979.0,0.0,979.0,0.0,1070.507
2026-05-19 16:15:08.044,98500,979.0,0.0,979.0,0.0,1070.507
2026-05-19 16:15:08.044,98750,979.0,0.0,979.0,0.0,1070.507
2026-05-19 16:15:08.044,99000,979.0,0.0,979.0,0.0,1070.507
2026-05-19 16:15:08.045,99250,979.0,0.0,979.0,0.0,1070.507
2026-05-19 16:15:08.045,99500,979.0,0.0,979.0,0.0,1070.507
2026-05-19 16:15:08.150,99750,979.0,0.0,979.0,0.0,1070.507
2026-05-19 16:15:08.150,100000,979.0,0.0,979.0,0.0,1070.507
2026-05-19 16:15:08.715,10000,979.0,0.0,979.0,0.0,9286.314
2026-05-19 16:15:08.831,10250,979.0,0.0,979.0,0.0,9286.314
2026-05-19 16:15:08.946,10500,979.0,0.0,979.0,0.0,9286.314
2026-05-19 16:15:09.169,10750,974.699,0.936593187687,974.483,15.884,9327.412
2026-05-19 16:15:09.286,11000,979.0,0.0,979.0,0.0,9354.811
2026-05-19 16:15:09.400,11250,963.375,-0.267477540339,963.357,-4.449,9255.273
2026-05-19 16:15:09.509,11500,977.454,0.295981633532,977.389,5.017,9120.46
2026-05-19 16:15:09.616,11750,979.0,0.0,979.0,0.0,9178.44
2026-05-19 16:15:09.730,12000,979.0,0.0,979.0,0.0,9178.44
2026-05-19 16:15:09.970,12250,979.0,0.0,979.0,0.0,9178.44
2026-05-19 16:15:10.084,12500,984.05,0.103550263185,984.042,1.815,9211.704
2026-05-19 16:15:10.187,12750,999.2,0.414201052739,999.167,7.26,9072.037
2026-05-19 16:15:10.300,13000,979.0,0.0,979.0,0.0,9025.481
2026-05-19 16:15:10.403,13250,989.778,-0.743529758346,989.58,-12.788,9012.111
2026-05-19 16:15:10.516,13500,979.0,0.0,979.0,0.0,9110.657
2026-05-19 16:15:10.632,13750,979.0,0.0,979.0,0.0,9110.657
2026-05-19 16:15:10.745,14000,979.0,0.0,979.0,0.0,8971.41
2026-05-19 16:15:10.852,14250,979.0,0.0,979.0,0.0,8971.41
2026-05-19 16:15:10.969,14500,979.0,0.0,979.0,0.0,8971.41
2026-05-19 16:15:11.084,14750,972.049,0.914447904017,971.844,15.438,9035.867
2026-05-19 16:15:11.085,15000,994.376,0.417832049251,994.35,7.251,8938.448
2026-05-19 16:15:11.200,15250,979.0,0.0,979.0,0.0,8938.448
2026-05-19 16:15:11.314,15500,979.0,0.0,979.0,0.0,8938.448
2026-05-19 16:15:11.418,15750,979.0,0.0,979.0,0.0,9052.108
2026-05-19 16:15:11.530,16000,979.0,0.0,979.0,0.0,8828.731
2026-05-19 16:15:11.646,16250,979.0,0.0,979.0,0.0,8828.731
2026-05-19 16:15:11.769,16500,983.069,-0.444402313849,982.994,-7.672,8883.766
2026-05-19 16:15:11.770,16750,955.291,-0.778640438833,955.203,-12.982,8920.457
2026-05-19 16:15:11.874,17000,979.0,0.0,979.0,0.0,8704.426
2026-05-19 16:15:11.980,17250,953.338,-0.872532988888,953.228,-14.517,8704.426
2026-05-19 16:15:12.089,17500,979.0,0.0,979.0,0.0,8836.474
2026-05-19 16:15:12.199,17750,979.0,0.0,979.0,0.0,8611.81
2026-05-19 16:15:12.315,18000,979.0,0.0,979.0,0.0,8611.81
2026-05-19 16:15:12.316,18250,972.34,0.594377029622,972.21,9.982,8444.046
2026-05-19 16:15:12.430,18500,979.0,0.0,979.0,0.0,8531.103
2026-05-19 16:15:12.545,18750,979.0,0.0,979.0,0.0,8531.103
2026-05-19 16:15:12.669,19000,984.011,0.200677693461,983.98,3.517,8488.527
2026-05-19 16:15:12.669,19250,979.0,0.0,979.0,0.0,8318.223
2026-05-19 16:15:12.784,19500,974.152,-0.217733426676,974.117,-3.628,8297.795
2026-05-19 16:15:12.900,19750,969.304,-0.435466853352,969.235,-7.256,8339.717
2026-05-19 16:15:12.902,20000,979.0,0.0,979.0,0.0,8255.872
2026-05-19 16:15:13.009,20250,979.0,0.0,979.0,0.0,8255.872
2026-05-19 16:15:13.120,20500,979.0,0.0,979.0,0.0,8055.627
2026-05-19 16:15:13.120,20750,979.0,0.0,979.0,0.0,8210.115
2026-05-19 16:15:13.232,21000,959.182,-1.005522859644,959.034,-16.832,8210.115
2026-05-19 16:15:13.336,21250,979.0,0.0,979.0,0.0,8043.919
2026-05-19 16:15:13.338,21500,979.0,0.0,979.0,0.0,8043.919
2026-05-19 16:15:13.447,21750,979.0,0.0,979.0,0.0,7856.622
2026-05-19 16:15:13.569,22000,983.336,-0.268968183771,983.281,-4.697,7995.801
2026-05-19 16:15:13.571,22250,979.0,0.0,979.0,0.0,8030.595
2026-05-19 16:15:13.684,22500,979.0,0.0,979.0,0.0,7842.522
2026-05-19 16:15:13.789,22750,979.0,0.0,979.0,0.0,7842.522
2026-05-19 16:15:13.789,23000,979.0,0.0,979.0,0.0,7658.862
2026-05-19 16:15:13.901,23250,979.0,0.0,979.0,0.0,7658.862
2026-05-19 16:15:13.901,23500,979.0,0.0,979.0,0.0,7658.862
2026-05-19 16:15:14.015,23750,974.298,0.247910983608,974.253,4.134,7535.657
2026-05-19 16:15:14.131,24000,979.0,0.0,979.0,0.0,7683.264
2026-05-19 16:15:14.132,24250,979.0,0.0,979.0,0.0,7515.704
2026-05-19 16:15:14.244,24500,979.0,0.0,979.0,0.0,7515.704
2026-05-19 16:15:14.245,24750,979.0,0.0,979.0,0.0,7515.704
2026-05-19 16:15:14.348,25000,979.0,0.0,979.0,0.0,7360.845
2026-05-19 16:15:14.464,25250,979.0,0.0,979.0,0.0,7360.845
2026-05-19 16:15:14.465,25500,979.0,0.0,979.0,0.0,7206.363
2026-05-19 16:15:14.581,25750,979.0,0.0,979.0,0.0,7206.363
2026-05-19 16:15:14.582,26000,979.0,0.0,979.0,0.0,7206.363
2026-05-19 16:15:14.707,26250,979.0,0.0,979.0,0.0,7078.333
2026-05-19 16:15:14.707,26500,982.984,0.339432596033,982.896,5.917,7050.105
2026-05-19 16:15:14.815,26750,979.0,0.0,979.0,0.0,6937.194
2026-05-19 16:15:14.816,27000,979.0,0.0,979.0,0.0,6937.194
2026-05-19 16:15:14.932,27250,994.275,1.38987360924,993.907,24.208,6831.029
2026-05-19 16:15:14.932,27500,979.0,0.0,979.0,0.0,6804.488
2026-05-19 16:15:15.046,27750,979.0,0.0,979.0,0.0,6804.488
2026-05-19 16:15:15.047,28000,979.0,0.0,979.0,0.0,6670.342
2026-05-19 16:15:15.156,28250,979.0,0.0,979.0,0.0,6670.342
2026-05-19 16:15:15.158,28500,979.0,0.0,979.0,0.0,6670.342
2026-05-19 16:15:15.275,28750,979.0,0.0,979.0,0.0,6557.083
2026-05-19 16:15:15.275,29000,979.0,0.0,979.0,0.0,6557.083
2026-05-19 16:15:15.392,29250,979.0,0.0,979.0,0.0,6439.888
2026-05-19 16:15:15.393,29500,979.0,0.0,979.0,0.0,6439.888
2026-05-19 16:15:15.507,29750,982.414,0.428488767772,982.275,7.447,6417.813
2026-05-19 16:15:15.508,30000,979.0,0.0,979.0,0.0,6329.513
2026-05-19 16:15:15.615,30250,979.0,0.0,979.0,0.0,6329.513
2026-05-19 16:15:15.615,30500,979.0,0.0,979.0,0.0,6231.235
2026-05-19 16:15:15.719,30750,979.0,0.0,979.0,0.0,6231.235
2026-05-19 16:15:15.719,31000,979.0,0.0,979.0,0.0,6231.235
2026-05-19 16:15:15.836,31250,979.0,0.0,979.0,0.0,6132.743
2026-05-19 16:15:15.836,31500,979.0,0.0,979.0,0.0,6132.743
2026-05-19 16:15:15.945,31750,991.55,2.244440913935,990.789,38.832,6055.123
2026-05-19 16:15:15.945,32000,963.743,0.282597856155,963.715,4.64,5913.58
2026-05-19 16:15:16.054,32250,979.0,0.0,979.0,0.0,5819.217
2026-05-19 16:15:16.054,32500,979.0,0.0,979.0,0.0,5745.191
2026-05-19 16:15:16.169,32750,979.0,0.0,979.0,0.0,5745.191
2026-05-19 16:15:16.170,33000,979.0,0.0,979.0,0.0,5745.191
2026-05-19 16:15:16.171,33250,979.0,0.0,979.0,0.0,5682.385
2026-05-19 16:15:16.289,33500,979.0,0.0,979.0,0.0,5682.385
2026-05-19 16:15:16.289,33750,979.0,0.0,979.0,0.0,5682.385
2026-05-19 16:15:16.404,34000,979.0,0.0,979.0,0.0,5630.485
2026-05-19 16:15:16.405,34250,979.0,0.0,979.0,0.0,5379.444
2026-05-19 16:15:16.405,34500,979.0,0.0,979.0,0.0,5379.444
2026-05-19 16:15:16.520,34750,979.0,0.0,979.0,0.0,5339.018
2026-05-19 16:15:16.520,35000,979.0,0.0,979.0,0.0,5339.018
2026-05-19 16:15:16.634,35250,979.0,0.0,979.0,0.0,5339.018
2026-05-19 16:15:16.652,35500,979.0,0.0,979.0,0.0,5311.955
2026-05-19 16:15:16.664,35750,943.313,0.190249373131,943.306,3.103,5263.546
2026-05-19 16:15:16.769,36000,979.0,0.0,979.0,0.0,5069.911
2026-05-19 16:15:16.770,36250,979.0,0.0,979.0,0.0,5053.16
2026-05-19 16:15:16.889,36500,979.0,0.0,979.0,0.0,5053.16
2026-05-19 16:15:16.889,36750,979.0,0.0,979.0,0.0,5053.16
2026-05-19 16:15:16.890,37000,979.0,0.0,979.0,0.0,5052.649
2026-05-19 16:15:17.002,37250,979.0,0.0,979.0,0.0,4801.84
2026-05-19 16:15:17.002,37500,979.0,0.0,979.0,0.0,4801.84
2026-05-19 16:15:17.003,37750,978.281,0.625132464967,977.991,10.637,4805.377
2026-05-19 16:15:17.120,38000,979.0,0.0,979.0,0.0,4819.526
2026-05-19 16:15:17.120,38250,979.0,0.0,979.0,0.0,4819.526
2026-05-19 16:15:17.228,38500,979.0,0.0,979.0,0.0,4819.526
2026-05-19 16:15:17.228,38750,979.0,0.0,979.0,0.0,4591.487
2026-05-19 16:15:17.229,39000,979.0,0.0,979.0,0.0,4591.487
2026-05-19 16:15:17.343,39250,979.0,0.0,979.0,0.0,4591.487
2026-05-19 16:15:17.344,39500,979.0,0.0,979.0,0.0,4591.487
2026-05-19 16:15:17.449,39750,979.0,0.0,979.0,0.0,4637.368
2026-05-19 16:15:17.449,40000,979.0,0.0,979.0,0.0,4380.519
2026-05-19 16:15:17.450,40250,979.0,0.0,979.0,0.0,4380.519
2026-05-19 16:15:17.553,40500,979.0,0.0,979.0,0.0,4380.519
2026-05-19 16:15:17.554,40750,979.0,0.0,979.0,0.0,4380.519
2026-05-19 16:15:17.669,41000,979.0,0.0,979.0,0.0,4449.44
2026-05-19 16:15:17.669,41250,979.0,0.0,979.0,0.0,4262.566
2026-05-19 16:15:17.670,41500,979.0,0.0,979.0,0.0,4262.566
2026-05-19 16:15:17.784,41750,960.683,3.218750224387,959.168,53.941,4343.838
2026-05-19 16:15:17.784,42000,979.0,0.0,979.0,0.0,4343.838
2026-05-19 16:15:17.785,42250,979.0,0.0,979.0,0.0,4343.838
2026-05-19 16:15:17.900,42500,979.0,0.0,979.0,0.0,4101.722
2026-05-19 16:15:17.901,42750,979.0,0.0,979.0,0.0,4101.722
2026-05-19 16:15:17.901,43000,979.0,0.0,979.0,0.0,4101.722
2026-05-19 16:15:18.004,43250,979.0,0.0,979.0,0.0,4198.29
2026-05-19 16:15:18.004,43500,979.0,0.0,979.0,0.0,4198.29
2026-05-19 16:15:18.005,43750,979.0,0.0,979.0,0.0,3960.624
2026-05-19 16:15:18.110,44000,979.0,0.0,979.0,0.0,3960.624
2026-05-19 16:15:18.110,44250,979.0,0.0,979.0,0.0,3960.624
2026-05-19 16:15:18.215,44500,979.0,0.0,979.0,0.0,3960.624
2026-05-19 16:15:18.215,44750,990.16,0.371819470589,990.051,6.714,4037.412
2026-05-19 16:15:18.216,45000,979.0,0.0,979.0,0.0,3861.35
2026-05-19 16:15:18.331,45250,979.0,0.0,979.0,0.0,3861.35
2026-05-19 16:15:18.331,45500,979.0,0.0,979.0,0.0,3861.35
2026-05-19 16:15:18.331,45750,979.0,0.0,979.0,0.0,3861.35
2026-05-19 16:15:18.440,46000,979.0,0.0,979.0,0.0,3655.855
2026-05-19 16:15:18.440,46250,979.0,0.0,979.0,0.0,3823.201
2026-05-19 16:15:18.441,46500,979.0,0.0,979.0,0.0,3823.201
2026-05-19 16:15:18.545,46750,979.0,0.0,979.0,0.0,3823.201
2026-05-19 16:15:18.546,47000,979.0,0.0,979.0,0.0,3823.201
2026-05-19 16:15:18.546,47250,979.0,0.0,979.0,0.0,3625.638
2026-05-19 16:15:18.653,47500,979.0,0.0,979.0,0.0,3625.638
2026-05-19 16:15:18.654,47750,979.0,0.0,979.0,0.0,3625.638
2026-05-19 16:15:18.656,48000,979.0,0.0,979.0,0.0,3625.638
2026-05-19 16:15:18.769,48250,979.0,0.0,979.0,0.0,3625.638
2026-05-19 16:15:18.769,48500,979.0,0.0,979.0,0.0,3618.973
2026-05-19 16:15:18.770,48750,979.0,0.0,979.0,0.0,3618.973
2026-05-19 16:15:18.879,49000,979.0,0.0,979.0,0.0,3618.973
2026-05-19 16:15:18.880,49250,979.0,0.0,979.0,0.0,3618.973
2026-05-19 16:15:18.880,49500,949.632,-1.860441955751,948.815,-30.185,3546.598
2026-05-19 16:15:18.986,49750,979.0,0.0,979.0,0.0,3438.037
2026-05-19 16:15:18.986,50000,979.0,0.0,979.0,0.0,3438.037
2026-05-19 16:15:18.986,50250,979.0,0.0,979.0,0.0,3438.037
2026-05-19 16:15:19.089,50500,979.0,0.0,979.0,0.0,3438.037
2026-05-19 16:15:19.090,50750,979.0,0.0,979.0,0.0,3438.037
2026-05-19 16:15:19.090,51000,979.0,0.0,979.0,0.0,3448.719
2026-05-19 16:15:19.200,51250,979.0,0.0,979.0,0.0,3448.719
2026-05-19 16:15:19.200,51500,979.0,0.0,979.0,0.0,3448.719
2026-05-19 16:15:19.201,51750,979.0,0.0,979.0,0.0,3448.719
2026-05-19 16:15:19.304,52000,979.0,0.0,979.0,0.0,3448.719
2026-05-19 16:15:19.305,52250,962.666,-1.462355302139,961.902,-23.928,3362.408
2026-05-19 16:15:19.305,52500,979.0,0.0,979.0,0.0,3304.868
2026-05-19 16:15:19.410,52750,979.0,0.0,979.0,0.0,3304.868
2026-05-19 16:15:19.410,53000,979.0,0.0,979.0,0.0,3304.868
2026-05-19 16:15:19.411,53250,979.0,0.0,979.0,0.0,3304.868
2026-05-19 16:15:19.411,53500,979.0,0.0,979.0,0.0,3304.868
2026-05-19 16:15:19.520,53750,949.715,-3.023808316,948.075,-49.699,3280.153
2026-05-19 16:15:19.520,54000,979.0,0.0,979.0,0.0,3181.295
2026-05-19 16:15:19.521,54250,979.0,0.0,979.0,0.0,3181.295
2026-05-19 16:15:19.634,54500,979.0,0.0,979.0,0.0,3181.295
2026-05-19 16:15:19.635,54750,979.0,0.0,979.0,0.0,3181.295
2026-05-19 16:15:19.636,55000,979.0,0.0,979.0,0.0,3181.295
2026-05-19 16:15:19.738,55250,979.0,0.0,979.0,0.0,3181.295
2026-05-19 16:15:19.739,55500,944.564,-4.202265832369,942.024,-69.215,3181.295
2026-05-19 16:15:19.739,55750,979.0,0.0,979.0,0.0,3069.393
2026-05-19 16:15:19.850,56000,979.0,0.0,979.0,0.0,3069.393
2026-05-19 16:15:19.850,56250,979.0,0.0,979.0,0.0,3069.393
2026-05-19 16:15:19.851,56500,979.0,0.0,979.0,0.0,3069.393
2026-05-19 16:15:19.851,56750,979.0,0.0,979.0,0.0,3069.393
2026-05-19 16:15:19.955,57000,979.0,0.0,979.0,0.0,3069.393
2026-05-19 16:15:19.955,57250,979.0,0.0,979.0,0.0,3069.393
2026-05-19 16:15:19.956,57500,979.0,0.0,979.0,0.0,3069.393
2026-05-19 16:15:20.069,57750,965.294,0.353259287188,965.208,5.613,3115.599
2026-05-19 16:15:20.069,58000,937.022,6.321979856173,931.324,103.181,3206.9
2026-05-19 16:15:20.070,58250,906.252,1.463962538707,905.957,23.153,3206.9
2026-05-19 16:15:20.174,58500,979.0,0.0,979.0,0.0,3206.9
2026-05-19 16:15:20.175,58750,999.799,4.369904778779,996.892,76.18,3140.187
2026-05-19 16:15:20.175,59000,999.799,4.369904778779,996.892,76.18,3140.187
2026-05-19 16:15:20.176,59250,974.927,-0.873980955756,974.369,-14.609,3153.529
2026-05-19 16:15:20.289,59500,958.634,-4.369904778779,955.847,-73.043,3206.9
2026-05-19 16:15:20.290,59750,1035.586,-5.833867317486,1030.223,-105.261,2968.602
2026-05-19 16:15:20.290,60000,979.0,0.0,979.0,0.0,2968.602
2026-05-19 16:15:20.405,60250,979.0,0.0,979.0,0.0,2968.602
2026-05-19 16:15:20.406,60500,979.0,0.0,979.0,0.0,2968.602
2026-05-19 16:15:20.406,60750,979.0,0.0,979.0,0.0,2968.602
2026-05-19 16:15:20.407,61000,979.0,0.0,979.0,0.0,2968.602
2026-05-19 16:15:20.408,61250,979.0,0.0,979.0,0.0,2968.602
2026-05-19 16:15:20.515,61500,979.0,0.0,979.0,0.0,2968.602
2026-05-19 16:15:20.515,61750,979.0,0.0,979.0,0.0,2968.602
2026-05-19 16:15:20.516,62000,979.0,0.0,979.0,0.0,2968.602
2026-05-19 16:15:20.516,62250,979.0,0.0,979.0,0.0,2968.602
2026-05-19 16:15:20.631,62500,979.0,0.0,979.0,0.0,2968.602
2026-05-19 16:15:20.632,62750,979.0,0.0,979.0,0.0,2968.602
2026-05-19 16:15:20.632,63000,979.0,0.0,979.0,0.0,2968.602
2026-05-19 16:15:20.633,63250,963.679,0.337689477241,963.601,5.318,2782.776
2026-05-19 16:15:20.746,63500,979.0,0.0,979.0,0.0,2736.319
2026-05-19 16:15:20.747,63750,979.0,0.0,979.0,0.0,2736.319
2026-05-19 16:15:20.747,64000,979.0,0.0,979.0,0.0,2736.319
2026-05-19 16:15:20.748,64250,979.0,0.0,979.0,0.0,2736.319
2026-05-19 16:15:20.850,64500,979.0,0.0,979.0,0.0,2736.319
2026-05-19 16:15:20.851,64750,979.0,0.0,979.0,0.0,2736.319
2026-05-19 16:15:20.851,65000,979.0,0.0,979.0,0.0,2736.319
2026-05-19 16:15:20.954,65250,979.0,0.0,979.0,0.0,2736.319
2026-05-19 16:15:20.955,65500,979.0,0.0,979.0,0.0,2736.319
2026-05-19 16:15:20.955,65750,979.0,0.0,979.0,0.0,2736.319
2026-05-19 16:15:20.956,66000,979.0,0.0,979.0,0.0,2736.319
2026-05-19 16:15:21.069,66250,979.0,0.0,979.0,0.0,2736.319
2026-05-19 16:15:21.069,66500,979.0,0.0,979.0,0.0,2736.319
2026-05-19 16:15:21.070,66750,979.0,0.0,979.0,0.0,2736.319
2026-05-19 16:15:21.070,67000,979.0,0.0,979.0,0.0,2736.319
2026-05-19 16:15:21.182,67250,979.0,0.0,979.0,0.0,2492.103
2026-05-19 16:15:21.183,67500,979.0,0.0,979.0,0.0,2492.103
2026-05-19 16:15:21.183,67750,979.0,0.0,979.0,0.0,2492.103
2026-05-19 16:15:21.184,68000,970.059,-1.113550132612,969.177,-18.13,2515.952
2026-05-19 16:15:21.299,68250,979.0,0.0,979.0,0.0,2492.103
2026-05-19 16:15:21.299,68500,961.118,-2.227100265223,959.354,-36.259,2539.802
2026-05-19 16:15:21.300,68750,943.235,-4.454200530447,939.709,-72.518,2587.501
2026-05-19 16:15:21.300,69000,934.294,-5.567750663059,929.886,-90.648,2611.351
2026-05-19 16:15:21.301,69250,979.0,0.0,979.0,0.0,2611.351
2026-05-19 16:15:21.404,69500,979.0,0.0,979.0,0.0,2611.351
2026-05-19 16:15:21.405,69750,979.0,0.0,979.0,0.0,2611.351
2026-05-19 16:15:21.405,70000,979.0,0.0,979.0,0.0,2611.351
2026-05-19 16:15:21.515,70250,979.0,0.0,979.0,0.0,2611.351
2026-05-19 16:15:21.515,70500,979.0,0.0,979.0,0.0,2611.351
2026-05-19 16:15:21.516,70750,979.0,0.0,979.0,0.0,2611.351
2026-05-19 16:15:21.516,71000,979.0,0.0,979.0,0.0,2611.351
2026-05-19 16:15:21.620,71250,988.369,1.113550132612,987.401,19.906,2587.501
2026-05-19 16:15:21.621,71500,979.0,0.0,979.0,0.0,2611.351
2026-05-19 16:15:21.621,71750,1030.156,-0.233700740692,1028.439,-5.556,2486.788
2026-05-19 16:15:21.621,72000,923.946,-6.023390614508,918.845,-96.954,2359.568
2026-05-19 16:15:21.731,72250,1014.001,3.614034368705,1010.564,65.311,2279.954
2026-05-19 16:15:21.731,72500,1037.334,6.023390614508,1031.607,108.852,2226.878
2026-05-19 16:15:21.731,72750,979.0,0.0,979.0,0.0,2226.878
2026-05-19 16:15:21.732,73000,979.0,0.0,979.0,0.0,2226.878
2026-05-19 16:15:21.846,73250,979.0,0.0,979.0,0.0,2226.878
2026-05-19 16:15:21.847,73500,979.0,0.0,979.0,0.0,2226.878
2026-05-19 16:15:21.847,73750,979.0,0.0,979.0,0.0,2226.878
2026-05-19 16:15:21.848,74000,979.0,0.0,979.0,0.0,2226.878
2026-05-19 16:15:21.957,74250,979.0,0.0,979.0,0.0,2226.878
2026-05-19 16:15:21.958,74500,979.0,0.0,979.0,0.0,2226.878
2026-05-19 16:15:21.958,74750,979.0,0.0,979.0,0.0,2226.878
2026-05-19 16:15:21.958,75000,979.0,0.0,979.0,0.0,2226.878
2026-05-19 16:15:22.075,75250,979.0,0.0,979.0,0.0,2226.878
2026-05-19 16:15:22.075,75500,979.0,0.0,979.0,0.0,2226.878
2026-05-19 16:15:22.076,75750,979.0,0.0,979.0,0.0,2226.878
2026-05-19 16:15:22.076,76000,979.0,0.0,979.0,0.0,2226.878
2026-05-19 16:15:22.077,76250,979.0,0.0,979.0,0.0,2226.878
2026-05-19 16:15:22.199,76500,979.0,0.0,979.0,0.0,2226.878
2026-05-19 16:15:22.199,76750,979.0,0.0,979.0,0.0,2226.878
2026-05-19 16:15:22.200,77000,979.0,0.0,979.0,0.0,2226.878
2026-05-19 16:15:22.200,77250,979.0,0.0,979.0,0.0,2226.878
2026-05-19 16:15:22.200,77500,979.0,0.0,979.0,0.0,2226.878
2026-05-19 16:15:22.316,77750,979.0,0.0,979.0,0.0,1996.867
2026-05-19 16:15:22.316,78000,979.0,0.0,979.0,0.0,1996.867
2026-05-19 16:15:22.317,78250,979.0,0.0,979.0,0.0,1996.867
2026-05-19 16:15:22.317,78500,979.0,0.0,979.0,0.0,1996.867
2026-05-19 16:15:22.317,78750,979.0,0.0,979.0,0.0,1996.867
2026-05-19 16:15:22.318,79000,979.0,0.0,979.0,0.0,1996.867
2026-05-19 16:15:22.430,79250,979.0,0.0,979.0,0.0,1996.867
2026-05-19 16:15:22.431,79500,979.0,0.0,979.0,0.0,1996.867
2026-05-19 16:15:22.432,79750,979.0,0.0,979.0,0.0,1996.867
2026-05-19 16:15:22.432,80000,979.0,0.0,979.0,0.0,1996.867
2026-05-19 16:15:22.433,80250,979.0,0.0,979.0,0.0,1996.867
2026-05-19 16:15:22.546,80500,979.0,0.0,979.0,0.0,1996.867
2026-05-19 16:15:22.547,80750,979.0,0.0,979.0,0.0,1996.867
2026-05-19 16:15:22.547,81000,979.0,0.0,979.0,0.0,1996.867
2026-05-19 16:15:22.548,81250,979.0,0.0,979.0,0.0,1996.867
2026-05-19 16:15:22.548,81500,979.0,0.0,979.0,0.0,1996.867
2026-05-19 16:15:22.670,81750,979.0,0.0,979.0,0.0,1996.867
2026-05-19 16:15:22.676,82000,979.0,0.0,979.0,0.0,1887.867
2026-05-19 16:15:22.677,82250,979.0,0.0,979.0,0.0,1887.867
2026-05-19 16:15:22.677,82500,979.0,0.0,979.0,0.0,1887.867
2026-05-19 16:15:22.678,82750,979.0,0.0,979.0,0.0,1887.867
2026-05-19 16:15:22.784,83000,979.0,0.0,979.0,0.0,1887.867
2026-05-19 16:15:22.813,83250,1005.598,-0.648009129538,1005.242,-12.57,1842.71
2026-05-19 16:15:22.814,83500,979.0,0.0,979.0,0.0,1662.085
2026-05-19 16:15:22.822,83750,979.0,0.0,979.0,0.0,1662.085
2026-05-19 16:15:22.822,84000,979.0,0.0,979.0,0.0,1662.085
2026-05-19 16:15:22.824,84250,979.0,0.0,979.0,0.0,1662.085
2026-05-19 16:15:22.824,84500,979.0,0.0,979.0,0.0,1662.085
2026-05-19 16:15:22.932,84750,979.0,0.0,979.0,0.0,1662.085
2026-05-19 16:15:22.932,85000,979.0,0.0,979.0,0.0,1662.085
2026-05-19 16:15:22.933,85250,979.0,0.0,979.0,0.0,1662.085
2026-05-19 16:15:22.933,85500,979.0,0.0,979.0,0.0,1662.085
2026-05-19 16:15:23.048,85750,979.0,0.0,979.0,0.0,1662.085
2026-05-19 16:15:23.049,86000,979.0,0.0,979.0,0.0,1662.085
2026-05-19 16:15:23.049,86250,979.0,0.0,979.0,0.0,1662.085
2026-05-19 16:15:23.050,86500,979.0,0.0,979.0,0.0,1662.085
2026-05-19 16:15:23.050,86750,979.0,0.0,979.0,0.0,1662.085
2026-05-19 16:15:23.169,87000,979.0,0.0,979.0,0.0,1662.085
2026-05-19 16:15:23.169,87250,979.0,0.0,979.0,0.0,1662.085
2026-05-19 16:15:23.170,87500,979.0,0.0,979.0,0.0,1662.085
2026-05-19 16:15:23.170,87750,979.0,0.0,979.0,0.0,1662.085
2026-05-19 16:15:23.170,88000,979.0,0.0,979.0,0.0,1662.085
2026-05-19 16:15:23.171,88250,979.0,0.0,979.0,0.0,1662.085
2026-05-19 16:15:23.289,88500,979.0,0.0,979.0,0.0,1662.085
2026-05-19 16:15:23.289,88750,979.0,0.0,979.0,0.0,1662.085
2026-05-19 16:15:23.290,89000,979.0,0.0,979.0,0.0,1662.085
2026-05-19 16:15:23.290,89250,952.406,0.879700575028,951.908,12.977,1481.485
2026-05-19 16:15:23.291,89500,979.0,0.0,979.0,0.0,1436.336
2026-05-19 16:15:23.404,89750,979.0,0.0,979.0,0.0,1436.336
2026-05-19 16:15:23.404,90000,979.0,0.0,979.0,0.0,1436.336
2026-05-19 16:15:23.405,90250,979.0,0.0,979.0,0.0,1436.336
2026-05-19 16:15:23.405,90500,948.536,-3.960797427076,943.156,-62.102,1369.293
2026-05-19 16:15:23.406,90750,979.0,0.0,979.0,0.0,1324.598
2026-05-19 16:15:23.511,91000,979.0,0.0,979.0,0.0,1324.598
2026-05-19 16:15:23.511,91250,979.0,0.0,979.0,0.0,1324.598
2026-05-19 16:15:23.512,91500,979.0,0.0,979.0,0.0,1324.598
2026-05-19 16:15:23.512,91750,979.0,0.0,979.0,0.0,1324.598
2026-05-19 16:15:23.622,92000,979.0,0.0,979.0,0.0,1324.598
2026-05-19 16:15:23.623,92250,979.0,0.0,979.0,0.0,1324.598
2026-05-19 16:15:23.623,92500,979.0,0.0,979.0,0.0,1324.598
2026-05-19 16:15:23.624,92750,979.0,0.0,979.0,0.0,1324.598
2026-05-19 16:15:23.624,93000,979.0,0.0,979.0,0.0,1324.598
2026-05-19 16:15:23.737,93250,979.0,0.0,979.0,0.0,1324.598
2026-05-19 16:15:23.738,93500,979.0,0.0,979.0,0.0,1324.598
2026-05-19 16:15:23.738,93750,979.0,0.0,979.0,0.0,1324.598
2026-05-19 16:15:23.739,94000,979.0,0.0,979.0,0.0,1324.598
2026-05-19 16:15:23.739,94250,979.0,0.0,979.0,0.0,1324.598
2026-05-19 16:15:23.850,94500,979.0,0.0,979.0,0.0,1324.598
2026-05-19 16:15:23.850,94750,979.0,0.0,979.0,0.0,1324.598
2026-05-19 16:15:23.853,95000,979.0,0.0,979.0,0.0,1324.598
2026-05-19 16:15:23.855,95250,979.0,0.0,979.0,0.0,1324.598
2026-05-19 16:15:23.857,95500,979.0,0.0,979.0,0.0,1070.507
2026-05-19 16:15:23.859,95750,979.0,0.0,979.0,0.0,1070.507
2026-05-19 16:15:23.969,96000,979.0,0.0,979.0,0.0,1070.507
2026-05-19 16:15:23.970,96250,979.0,0.0,979.0,0.0,1070.507
2026-05-19 16:15:23.972,96500,979.0,0.0,979.0,0.0,1070.507
2026-05-19 16:15:23.974,96750,979.0,0.0,979.0,0.0,1070.507
2026-05-19 16:15:23.976,97000,979.0,0.0,979.0,0.0,1070.507
2026-05-19 16:15:24.089,97250,979.0,0.0,979.0,0.0,1070.507
2026-05-19 16:15:24.090,97500,979.0,0.0,979.0,0.0,1070.507
2026-05-19 16:15:24.093,97750,979.0,0.0,979.0,0.0,1070.507
2026-05-19 16:15:24.095,98000,979.0,0.0,979.0,0.0,1070.507
2026-05-19 16:15:24.096,98250,979.0,0.0,979.0,0.0,1070.507
2026-05-19 16:15:24.204,98500,979.0,0.0,979.0,0.0,1070.507
2026-05-19 16:15:24.206,98750,979.0,0.0,979.0,0.0,1070.507
2026-05-19 16:15:24.210,99000,979.0,0.0,979.0,0.0,1070.507
2026-05-19 16:15:24.212,99250,979.0,0.0,979.0,0.0,1070.507
2026-05-19 16:15:24.214,99500,979.0,0.0,979.0,0.0,1070.507
2026-05-19 16:15:24.319,99750,979.0,0.0,979.0,0.0,1070.507
2026-05-19 16:15:24.319,100000,979.0,0.0,979.0,0.0,1070.507
2026-05-19 16:15:24.874,10000,979.0,0.0,979.0,0.0,9286.314
2026-05-19 16:15:25.055,10250,979.0,0.0,979.0,0.0,9286.314
2026-05-19 16:15:25.175,10500,979.0,0.0,979.0,0.0,9286.314
2026-05-19 16:15:25.289,10750,974.699,0.936593187687,974.483,15.884,9327.412
2026-05-19 16:15:25.404,11000,979.0,0.0,979.0,0.0,9354.811
2026-05-19 16:15:25.514,11250,963.375,-0.267477540339,963.357,-4.449,9255.273
2026-05-19 16:15:25.743,11500,977.454,0.295981633532,977.389,5.017,9120.46
2026-05-19 16:15:25.849,11750,979.0,0.0,979.0,0.0,9178.44
2026-05-19 16:15:25.969,12000,979.0,0.0,979.0,0.0,9178.44
2026-05-19 16:15:26.084,12250,979.0,0.0,979.0,0.0,9178.44
2026-05-19 16:15:26.189,12500,989.1,0.207100526369,989.083,3.63,9165.148
2026-05-19 16:15:26.304,12750,999.2,0.414201052739,999.167,7.26,9072.037
2026-05-19 16:15:26.414,13000,979.0,0.0,979.0,0.0,9025.481
2026-05-19 16:15:26.519,13250,989.778,-0.743529758346,989.58,-12.788,9012.111
2026-05-19 16:15:26.634,13500,979.0,0.0,979.0,0.0,9110.657
2026-05-19 16:15:26.744,13750,979.0,0.0,979.0,0.0,9110.657
2026-05-19 16:15:26.855,14000,979.0,0.0,979.0,0.0,8971.41
2026-05-19 16:15:26.974,14250,979.0,0.0,979.0,0.0,8971.41
2026-05-19 16:15:27.089,14500,979.0,0.0,979.0,0.0,8971.41
2026-05-19 16:15:27.203,14750,972.049,0.914447904017,971.844,15.438,9035.867
2026-05-19 16:15:27.318,15000,994.376,0.417832049251,994.35,7.251,8938.448
2026-05-19 16:15:27.433,15250,979.0,0.0,979.0,0.0,8938.448
2026-05-19 16:15:27.539,15500,979.0,0.0,979.0,0.0,8938.448
2026-05-19 16:15:27.644,15750,979.0,0.0,979.0,0.0,9052.108
2026-05-19 16:15:27.750,16000,979.0,0.0,979.0,0.0,8828.731
2026-05-19 16:15:27.869,16250,979.0,0.0,979.0,0.0,8828.731
2026-05-19 16:15:27.870,16500,983.069,-0.444402313849,982.994,-7.672,8883.766
2026-05-19 16:15:27.989,16750,960.033,-0.622912351066,959.962,-10.385,8877.251
2026-05-19 16:15:28.100,17000,979.0,0.0,979.0,0.0,8704.426
2026-05-19 16:15:28.215,17250,953.338,-0.872532988888,953.228,-14.517,8704.426
2026-05-19 16:15:28.319,17500,979.0,0.0,979.0,0.0,8836.474
2026-05-19 16:15:28.319,17750,979.0,0.0,979.0,0.0,8611.81
2026-05-19 16:15:28.424,18000,979.0,0.0,979.0,0.0,8611.81
2026-05-19 16:15:28.534,18250,975.67,0.297188514811,975.605,4.991,8415.028
2026-05-19 16:15:28.646,18500,979.0,0.0,979.0,0.0,8531.103
2026-05-19 16:15:28.769,18750,979.0,0.0,979.0,0.0,8531.103
2026-05-19 16:15:28.769,19000,979.0,0.0,979.0,0.0,8531.103
2026-05-19 16:15:28.883,19250,979.0,0.0,979.0,0.0,8318.223
2026-05-19 16:15:29.001,19500,974.152,-0.217733426676,974.117,-3.628,8297.795
2026-05-19 16:15:29.002,19750,969.304,-0.435466853352,969.235,-7.256,8339.717
2026-05-19 16:15:29.105,20000,6736.523,19.4594545276,27.024,5905.104,6659.004
2026-05-19 16:15:29.214,20250,6736.523,19.4594545276,27.024,5905.104,6659.004
2026-05-19 16:15:29.214,20500,6592.126,19.237602710728,157.048,5775.08,6498.808
2026-05-19 16:15:29.321,20750,6703.527,18.973300424014,280.953,5898.985,6622.398
2026-05-19 16:15:29.437,21000,6567.828,17.96777756437,376.647,5773.852,6622.398
2026-05-19 16:15:29.550,21250,6583.683,18.772195852085,392.62,5787.318,6489.441
2026-05-19 16:15:29.550,21500,6583.683,18.772195852085,392.62,5787.318,6489.441
2026-05-19 16:15:29.655,21750,6448.623,18.531330339774,520.604,5659.334,6339.604
2026-05-19 16:15:29.774,22000,6578.411,17.993393972233,654.908,5784.66,6443.987
2026-05-19 16:15:29.774,22250,6574.075,18.262362156003,650.627,5789.357,6478.782
2026-05-19 16:15:29.877,22500,6438.455,17.996900417738,784.73,5655.255,6328.323
2026-05-19 16:15:29.878,22750,6438.455,17.996900417738,784.73,5655.255,6328.323
2026-05-19 16:15:29.999,23000,6306.018,17.718551669414,918.832,5521.152,6181.396
2026-05-19 16:15:30.116,23250,6306.018,17.718551669414,918.832,5521.152,6181.396
2026-05-19 16:15:30.116,23500,6306.018,17.718551669414,918.832,5521.152,6181.396
2026-05-19 16:15:30.232,23750,6185.862,17.706349365198,1033.911,5405.461,6090.212
2026-05-19 16:15:30.236,24000,6323.614,17.210527397983,1164.602,5527.271,6200.917
2026-05-19 16:15:30.349,24250,6202.786,16.912700212171,1296.665,5395.208,6066.869
2026-05-19 16:15:30.350,24500,6202.786,16.912700212171,1296.665,5395.208,6066.869
2026-05-19 16:15:30.469,24750,6202.786,16.912700212171,1296.665,5395.208,6066.869
2026-05-19 16:15:30.589,25000,6091.117,16.616231271909,1422.609,5269.264,5942.982
2026-05-19 16:15:30.589,25250,6091.117,16.616231271909,1422.609,5269.264,5942.982
2026-05-19 16:15:30.699,25500,5979.72,16.297015969161,1552.633,5139.24,5819.396
2026-05-19 16:15:30.699,25750,5979.72,16.297015969161,1552.633,5139.24,5819.396
2026-05-19 16:15:30.815,26000,5979.72,16.297015969161,1552.633,5139.24,5819.396
2026-05-19 16:15:30.815,26250,5887.397,16.011931890445,1664.3,5027.573,5716.972
2026-05-19 16:15:30.931,26500,5891.381,16.351364486479,1668.196,5033.49,5688.744
2026-05-19 16:15:30.931,26750,5785.622,15.672499294412,1792.284,4899.589,5604.061
2026-05-19 16:15:31.035,27000,5785.622,15.672499294412,1792.284,4899.589,5604.061
2026-05-19 16:15:31.036,27250,5797.078,16.714904501342,1803.464,4917.745,5524.438
2026-05-19 16:15:31.146,27500,5689.927,15.325030892102,1918.228,4773.645,5497.896
2026-05-19 16:15:31.147,27750,5689.927,15.325030892102,1918.228,4773.645,5497.896
2026-05-19 16:15:31.251,28000,5593.194,14.940239874603,2052.331,4639.542,5390.579
2026-05-19 16:15:31.369,28250,5593.194,14.940239874603,2052.331,4639.542,5390.579
2026-05-19 16:15:31.369,28500,5593.194,14.940239874603,2052.331,4639.542,5390.579
2026-05-19 16:15:31.485,28750,5511.523,14.583451755023,2172.156,4519.717,5299.972
2026-05-19 16:15:31.485,29000,5511.523,14.583451755023,2172.156,4519.717,5299.972
2026-05-19 16:15:31.599,29250,5427.014,14.176133988633,2304.219,4387.654,5206.216
2026-05-19 16:15:31.600,29500,5427.014,14.176133988633,2304.219,4387.654,5206.216
2026-05-19 16:15:31.713,29750,5430.428,14.604622756405,2307.494,4395.101,5184.141
2026-05-19 16:15:31.714,30000,5347.422,13.74764522086,2438.322,4253.551,5117.917
2026-05-19 16:15:31.714,30250,5347.422,13.74764522086,2438.322,4253.551,5117.917
2026-05-19 16:15:31.831,30500,5276.553,13.318278384828,2568.345,4123.528,5039.294
2026-05-19 16:15:31.831,30750,5276.553,13.318278384828,2568.345,4123.528,5039.294
2026-05-19 16:15:31.944,31000,5276.553,13.318278384828,2568.345,4123.528,5039.294
2026-05-19 16:15:31.945,31250,5205.531,12.82644042941,2712.646,3979.227,4960.5
2026-05-19 16:15:32.054,31500,5205.531,12.82644042941,2712.646,3979.227,4960.5
2026-05-19 16:15:32.055,31750,5215.57,14.621993160559,2722.077,4010.293,4898.404
2026-05-19 16:15:32.166,32000,4971.819,12.660150102778,2707.043,3727.619,4756.861
2026-05-19 16:15:32.166,32250,4979.447,12.518851174701,2714.685,3725.299,4709.68
2026-05-19 16:15:32.276,32500,4926.067,12.018660742281,2848.788,3591.196,4650.459
2026-05-19 16:15:32.276,32750,4926.067,12.018660742281,2848.788,3591.196,4650.459
2026-05-19 16:15:32.387,33000,4926.067,12.018660742281,2848.788,3591.196,4650.459
2026-05-19 16:15:32.388,33250,4880.777,11.506417738125,2982.891,3457.094,4600.214
2026-05-19 16:15:32.388,33500,4880.777,11.506417738125,2982.891,3457.094,4600.214
2026-05-19 16:15:32.503,33750,4880.777,11.506417738125,2982.891,3457.094,4600.214
2026-05-19 16:15:32.503,34000,4843.352,10.975776738544,3119.033,3320.952,4558.694
2026-05-19 16:15:32.619,34250,4662.326,11.068971496295,2989.009,3190.928,4357.861
2026-05-19 16:15:32.619,34500,4662.326,11.068971496295,2989.009,3190.928,4357.861
2026-05-19 16:15:32.730,34750,4633.174,10.521907140789,3121.072,3058.865,4325.52
2026-05-19 16:15:32.731,35000,4633.174,10.521907140789,3121.072,3058.865,4325.52
2026-05-19 16:15:32.731,35250,4633.174,10.521907140789,3121.072,3058.865,4325.52
2026-05-19 16:15:32.842,35500,4613.659,9.993574384055,3247.017,2932.921,4303.87
2026-05-19 16:15:32.842,35750,4412.356,10.183823757185,3096.342,2811.343,4255.461
2026-05-19 16:15:32.954,36000,4439.121,10.041136727337,3123.112,2809.016,4110.235
2026-05-19 16:15:32.955,36250,4427.042,9.465010371604,3253.135,2678.993,4096.834
2026-05-19 16:15:33.064,36500,4427.042,9.465010371604,3253.135,2678.993,4096.834
2026-05-19 16:15:33.064,36750,4427.042,9.465010371604,3253.135,2678.993,4096.834
2026-05-19 16:15:33.065,37000,4426.674,8.564448738522,3455.564,2476.564,4096.425
2026-05-19 16:15:33.174,37250,4245.815,8.541687231274,3327.58,2348.58,3895.778
2026-05-19 16:15:33.175,37500,4245.815,8.541687231274,3327.58,2348.58,3895.778
2026-05-19 16:15:33.286,37750,4245.096,9.16681969624,3326.571,2359.217,3899.315
2026-05-19 16:15:33.287,38000,4258.568,7.916554766307,3461.683,2214.478,3909.926
2026-05-19 16:15:33.287,38250,979.0,0.0,979.0,0.0,4819.526
2026-05-19 16:15:33.398,38500,916.489,2.206793831876,914.025,25.51,5271.589
2026-05-19 16:15:33.398,38750,914.571,1.608046824935,913.28,18.375,5041.851
2026-05-19 16:15:33.513,39000,914.571,1.608046824935,913.28,18.375,5041.851
2026-05-19 16:15:33.513,39250,912.85,2.067964019964,910.745,23.27,5060.02
2026-05-19 16:15:33.514,39500,912.85,2.067964019964,910.745,23.27,5060.02
2026-05-19 16:15:33.625,39750,927.331,0.805841856359,926.975,10.127,4969.852
2026-05-19 16:15:33.625,40000,911.473,1.460550612636,910.433,16.305,4841.726
2026-05-19 16:15:33.626,40250,911.473,1.460550612636,910.433,16.305,4841.726
2026-05-19 16:15:33.736,40500,913.715,2.027410239588,911.678,22.971,4818.756
2026-05-19 16:15:33.737,40750,913.715,2.027410239588,911.678,22.971,4818.756
2026-05-19 16:15:33.851,41000,915.768,1.33629743669,914.868,15.424,4873.893
2026-05-19 16:15:33.851,41250,914.968,1.372196874542,914.024,15.741,4676.842
2026-05-19 16:15:33.852,41500,912.844,1.774461147778,911.293,19.995,4697.594
2026-05-19 16:15:33.961,41750,898.19,4.349461327287,895.427,63.148,4762.612
2026-05-19 16:15:33.962,42000,920.021,1.329180342019,919.101,15.835,4718.338
2026-05-19 16:15:33.962,42250,920.021,1.329180342019,919.101,15.835,4718.338
2026-05-19 16:15:34.079,42500,912.395,1.079463106037,911.822,12.152,4524.645
2026-05-19 16:15:34.079,42750,917.279,1.299681251704,916.417,15.174,4479.358
2026-05-19 16:15:34.080,43000,914.611,1.715566660798,913.141,19.6,4503.679
2026-05-19 16:15:34.197,43250,917.705,1.087704754421,917.099,12.748,4580.933
2026-05-19 16:15:34.202,43500,990.749,0.316498599001,990.67,5.732,4150.757
2026-05-19 16:15:34.202,43750,917.453,0.581161757718,917.28,6.806,4323.766
2026-05-19 16:15:34.313,44000,914.587,1.007206333369,914.08,11.533,4348.968
2026-05-19 16:15:34.314,44250,919.511,1.269079074437,918.676,15.065,4306.322
2026-05-19 16:15:34.314,44500,919.511,1.269079074437,918.676,15.065,4306.322
2026-05-19 16:15:34.430,44750,934.828,0.987841023652,934.517,14.262,4358.95
2026-05-19 16:15:34.430,45000,921.44,0.540336154257,921.286,6.516,4182.908
2026-05-19 16:15:34.431,45250,921.44,0.540336154257,921.286,6.516,4182.908
2026-05-19 16:15:34.547,45500,921.44,0.540336154257,921.286,6.516,4182.908
2026-05-19 16:15:34.548,45750,923.258,1.280645437604,922.384,15.62,4168.709
2026-05-19 16:15:34.549,46000,915.804,0.885068085397,915.409,10.232,4004.313
2026-05-19 16:15:34.663,46250,921.874,0.155243229205,921.861,1.879,4138.19
2026-05-19 16:15:34.663,46500,925.918,0.415698648259,925.824,5.176,4107.597
2026-05-19 16:15:34.664,46750,925.918,0.415698648259,925.824,5.176,4107.597
2026-05-19 16:15:34.779,47000,925.918,0.415698648259,925.824,5.176,4107.597
2026-05-19 16:15:34.780,47250,923.872,0.309221314714,923.821,3.796,3909.81
2026-05-19 16:15:34.781,47500,923.872,0.309221314714,923.821,3.796,3909.81
2026-05-19 16:15:34.896,47750,923.872,0.309221314714,923.821,3.796,3909.81
2026-05-19 16:15:34.897,48000,929.554,0.715599758886,929.269,9.134,3870.624
2026-05-19 16:15:34.898,48250,929.554,0.715599758886,929.269,9.134,3870.624
2026-05-19 16:15:35.011,48500,924.143,0.0,924.143,0.0,3900.684
2026-05-19 16:15:35.012,48750,929.285,0.426074111932,929.184,5.43,3865.292
2026-05-19 16:15:35.013,49000,929.285,0.426074111932,929.184,5.43,3865.292
2026-05-19 16:15:35.124,49250,934.33,0.861449700195,933.904,11.351,3832.904
2026-05-19 16:15:35.124,49500,897.406,-1.61913957414,896.558,-27.162,3796.717
2026-05-19 16:15:35.125,49750,926.774,0.241302381611,926.743,3.023,3688.156
2026-05-19 16:15:35.237,50000,926.774,0.241302381611,926.743,3.023,3688.156
2026-05-19 16:15:35.238,50250,926.774,0.241302381611,926.743,3.023,3688.156
2026-05-19 16:15:35.238,50500,931.836,0.722969773569,931.54,9.371,3656.225
2026-05-19 16:15:35.239,50750,931.836,0.722969773569,931.54,9.371,3656.225
2026-05-19 16:15:35.348,51000,932.297,-0.54741605276,932.127,-7.12,3664.771
2026-05-19 16:15:35.349,51250,937.36,-0.040036761805,937.359,-0.539,3635.023
2026-05-19 16:15:35.349,51500,937.36,-0.040036761805,937.359,-0.539,3635.023
2026-05-19 16:15:35.459,51750,937.36,-0.040036761805,937.359,-0.539,3635.023
2026-05-19 16:15:35.461,52000,937.36,-0.040036761805,937.359,-0.539,3635.023
2026-05-19 16:15:35.463,52250,919.771,-1.655352651951,918.986,-26.504,3547.83
2026-05-19 16:15:35.464,52500,936.106,-0.192997349812,936.084,-2.575,3490.29
2026-05-19 16:15:35.580,52750,936.106,-0.192997349812,936.084,-2.575,3490.29
2026-05-19 16:15:35.581,53000,941.746,0.493738457637,941.599,6.829,3460.18
2026-05-19 16:15:35.584,53250,941.746,0.493738457637,941.599,6.829,3460.18
2026-05-19 16:15:35.695,53500,941.746,0.493738457637,941.599,6.829,3460.18
2026-05-19 16:15:35.696,53750,913.854,-2.530069858363,912.584,-40.766,3435.465
2026-05-19 16:15:35.698,54000,935.818,-0.262213621363,935.778,-3.492,3361.321
2026-05-19 16:15:35.700,54250,940.473,0.390843900011,940.381,5.363,3337.161
2026-05-19 16:15:35.814,54500,940.473,0.390843900011,940.381,5.363,3337.161
2026-05-19 16:15:35.816,54750,940.473,0.390843900011,940.381,5.363,3337.161
2026-05-19 16:15:35.820,55000,940.473,0.390843900011,940.381,5.363,3337.161
2026-05-19 16:15:35.930,55250,944.651,1.049699285771,943.974,14.769,3316.658
2026-05-19 16:15:35.931,55500,911.423,-3.152566546599,909.366,-52.528,3316.658
2026-05-19 16:15:35.935,55750,938.972,0.209246119297,938.946,2.844,3227.137
2026-05-19 16:15:35.937,56000,938.972,0.209246119297,938.946,2.844,3227.137
2026-05-19 16:15:36.051,56250,938.972,0.209246119297,938.946,2.844,3227.137
2026-05-19 16:15:36.052,56500,938.972,0.209246119297,938.946,2.844,3227.137
2026-05-19 16:15:36.056,56750,942.767,0.924592634958,942.247,12.861,3208.789
2026-05-19 16:15:36.058,57000,942.767,0.924592634958,942.247,12.861,3208.789
2026-05-19 16:15:36.168,57250,942.767,0.924592634958,942.247,12.861,3208.789
2026-05-19 16:15:36.169,57500,942.767,0.924592634958,942.247,12.861,3208.789
2026-05-19 16:15:36.171,57750,929.061,1.277851922145,928.455,18.473,3254.995
2026-05-19 16:15:36.289,58000,909.184,5.982176519896,904.106,95.405,3318.795
2026-05-19 16:15:36.290,58250,882.75,1.932063340079,882.165,28.989,3302.46
2026-05-19 16:15:36.290,58500,953.611,0.468100801371,953.468,6.959,3302.46
2026-05-19 16:15:36.290,58750,972.971,4.72973765113,969.643,79.549,3237.506
2026-05-19 16:15:36.399,59000,972.971,4.72973765113,969.643,79.549,3237.506
2026-05-19 16:15:36.399,59250,948.657,-0.514148083405,948.016,-9.286,3250.849
2026-05-19 16:15:36.400,59500,936.437,-3.136090950672,934.124,-53.112,3290.877
2026-05-19 16:15:36.515,59750,997.999,-4.307260981638,993.625,-78.887,3100.238
2026-05-19 16:15:36.515,60000,943.467,1.526606335848,942.047,21.288,3100.238
2026-05-19 16:15:36.516,60250,940.948,0.760893309113,940.6,10.467,3111.821
2026-05-19 16:15:36.516,60500,943.467,1.526606335848,942.047,21.288,3100.238
2026-05-19 16:15:36.630,60750,955.31,1.355307531068,954.108,20.309,3050.323
2026-05-19 16:15:36.631,61000,955.31,1.355307531068,954.108,20.309,3050.323
2026-05-19 16:15:36.632,61250,955.31,1.355307531068,954.108,20.309,3050.323
2026-05-19 16:15:36.633,61500,955.31,1.355307531068,954.108,20.309,3050.323
2026-05-19 16:15:36.745,61750,955.31,1.355307531068,954.108,20.309,3050.323
2026-05-19 16:15:36.745,62000,955.31,1.355307531068,954.108,20.309,3050.323
2026-05-19 16:15:36.746,62250,955.31,1.355307531068,954.108,20.309,3050.323
2026-05-19 16:15:36.746,62500,955.31,1.355307531068,954.108,20.309,3050.323
2026-05-19 16:15:36.869,62750,955.31,1.355307531068,954.108,20.309,3050.323
2026-05-19 16:15:36.869,63000,955.31,1.355307531068,954.108,20.309,3050.323
2026-05-19 16:15:36.870,63250,941.843,1.692997008308,940.115,23.353,2864.497
2026-05-19 16:15:36.870,63500,941.843,1.692997008308,940.115,23.353,2864.497
2026-05-19 16:15:36.871,63750,941.843,1.692997008308,940.115,23.353,2864.497
2026-05-19 16:15:36.975,64000,941.843,1.692997008308,940.115,23.353,2864.497
2026-05-19 16:15:36.975,64250,941.843,1.692997008308,940.115,23.353,2864.497
2026-05-19 16:15:36.975,64500,941.843,1.692997008308,940.115,23.353,2864.497
2026-05-19 16:15:37.089,64750,941.843,1.692997008308,940.115,23.353,2864.497
2026-05-19 16:15:37.090,65000,953.818,1.504462940738,952.349,22.336,2817.093
2026-05-19 16:15:37.090,65250,953.818,1.504462940738,952.349,22.336,2817.093
2026-05-19 16:15:37.090,65500,953.818,1.504462940738,952.349,22.336,2817.093
2026-05-19 16:15:37.199,65750,950.268,0.630481984982,950.015,9.187,2830.435
2026-05-19 16:15:37.199,66000,950.268,0.630481984982,950.015,9.187,2830.435
2026-05-19 16:15:37.200,66250,950.268,0.630481984982,950.015,9.187,2830.435
2026-05-19 16:15:37.200,66500,950.268,0.630481984982,950.015,9.187,2830.435
2026-05-19 16:15:37.319,66750,950.268,0.630481984982,950.015,9.187,2830.435
2026-05-19 16:15:37.320,67000,950.268,0.630481984982,950.015,9.187,2830.435
2026-05-19 16:15:37.323,67250,935.357,1.058833777672,934.708,14.039,2635.062
2026-05-19 16:15:37.324,67500,935.357,1.058833777672,934.708,14.039,2635.062
2026-05-19 16:15:37.325,67750,935.357,1.058833777672,934.708,14.039,2635.062
2026-05-19 16:15:37.434,68000,935.357,1.058833777672,934.708,14.039,2635.062
2026-05-19 16:15:37.434,68250,935.357,1.058833777672,934.708,14.039,2635.062
2026-05-19 16:15:37.435,68500,926.416,-0.054716354939,924.886,-4.09,2658.912
2026-05-19 16:15:37.435,68750,908.534,-2.281816620163,905.24,-40.349,2706.611
2026-05-19 16:15:37.544,69000,899.593,-3.395366752775,895.417,-58.479,2730.461
2026-05-19 16:15:37.544,69250,955.437,1.879591402543,953.125,28.125,2682.801
2026-05-19 16:15:37.545,69500,955.437,1.879591402543,953.125,28.125,2682.801
2026-05-19 16:15:37.545,69750,955.437,1.879591402543,953.125,28.125,2682.801
2026-05-19 16:15:37.656,70000,955.437,1.879591402543,953.125,28.125,2682.801
2026-05-19 16:15:37.657,70250,955.437,1.879591402543,953.125,28.125,2682.801
2026-05-19 16:15:37.657,70500,955.437,1.879591402543,953.125,28.125,2682.801
2026-05-19 16:15:37.658,70750,955.437,1.879591402543,953.125,28.125,2682.801
2026-05-19 16:15:37.774,71000,955.437,1.879591402543,953.125,28.125,2682.801
2026-05-19 16:15:37.775,71250,964.806,2.993141535154,961.526,48.031,2658.951
2026-05-19 16:15:37.775,71500,955.437,1.879591402543,953.125,28.125,2682.801
2026-05-19 16:15:37.775,71750,1006.592,1.645890661851,1002.564,22.569,2558.238
2026-05-19 16:15:37.889,72000,886.035,-3.470173775314,880.938,-60.318,2481.375
2026-05-19 16:15:37.889,72250,973.831,6.167251207899,966.547,99.701,2401.761
2026-05-19 16:15:37.890,72500,985.497,7.371929330801,977.069,121.471,2375.223
2026-05-19 16:15:37.891,72750,930.078,1.348538716293,929.062,17.245,2375.223
2026-05-19 16:15:37.999,73000,933.739,2.288239703038,930.748,29.861,2360.783
2026-05-19 16:15:37.999,73250,933.739,2.288239703038,930.748,29.861,2360.783
2026-05-19 16:15:38.000,73500,933.739,2.288239703038,930.748,29.861,2360.783
2026-05-19 16:15:38.000,73750,947.253,2.024225244784,944.7,28.829,2313.066
2026-05-19 16:15:38.119,74000,947.253,2.024225244784,944.7,28.829,2313.066
2026-05-19 16:15:38.119,74250,947.253,2.024225244784,944.7,28.829,2313.066
2026-05-19 16:15:38.120,74500,947.253,2.024225244784,944.7,28.829,2313.066
2026-05-19 16:15:38.120,74750,947.253,2.024225244784,944.7,28.829,2313.066
2026-05-19 16:15:38.229,75000,947.253,2.024225244784,944.7,28.829,2313.066
2026-05-19 16:15:38.229,75250,947.253,2.024225244784,944.7,28.829,2313.066
2026-05-19 16:15:38.230,75500,942.546,1.010849239052,941.927,14.038,2328.766
2026-05-19 16:15:38.230,75750,942.546,1.010849239052,941.927,14.038,2328.766
2026-05-19 16:15:38.231,76000,942.546,1.010849239052,941.927,14.038,2328.766
2026-05-19 16:15:38.339,76250,942.546,1.010849239052,941.927,14.038,2328.766
2026-05-19 16:15:38.339,76500,942.546,1.010849239052,941.927,14.038,2328.766
2026-05-19 16:15:38.340,76750,942.546,1.010849239052,941.927,14.038,2328.766
2026-05-19 16:15:38.340,77000,942.546,1.010849239052,941.927,14.038,2328.766
2026-05-19 16:15:38.341,77250,942.546,1.010849239052,941.927,14.038,2328.766
2026-05-19 16:15:38.449,77500,942.546,1.010849239052,941.927,14.038,2328.766
2026-05-19 16:15:38.450,77750,930.308,2.671310442121,926.329,33.983,2129.057
2026-05-19 16:15:38.450,78000,930.308,2.671310442121,926.329,33.983,2129.057
2026-05-19 16:15:38.450,78250,930.308,2.671310442121,926.329,33.983,2129.057
2026-05-19 16:15:38.569,78500,945.729,2.332826177703,942.372,32.859,2078.623
2026-05-19 16:15:38.570,78750,945.729,2.332826177703,942.372,32.859,2078.623
2026-05-19 16:15:38.570,79000,945.729,2.332826177703,942.372,32.859,2078.623
2026-05-19 16:15:38.571,79250,945.729,2.332826177703,942.372,32.859,2078.623
2026-05-19 16:15:38.571,79500,945.729,2.332826177703,942.372,32.859,2078.623
2026-05-19 16:15:38.571,79750,945.729,2.332826177703,942.372,32.859,2078.623
2026-05-19 16:15:38.675,80000,945.729,2.332826177703,942.372,32.859,2078.623
2026-05-19 16:15:38.675,80250,945.729,2.332826177703,942.372,32.859,2078.623
2026-05-19 16:15:38.675,80500,945.729,2.332826177703,942.372,32.859,2078.623
2026-05-19 16:15:38.676,80750,945.729,2.332826177703,942.372,32.859,2078.623
2026-05-19 16:15:38.789,81000,945.729,2.332826177703,942.372,32.859,2078.623
2026-05-19 16:15:38.790,81250,945.729,2.332826177703,942.372,32.859,2078.623
2026-05-19 16:15:38.790,81500,945.729,2.332826177703,942.372,32.859,2078.623
2026-05-19 16:15:38.790,81750,945.729,2.332826177703,942.372,32.859,2078.623
2026-05-19 16:15:38.791,82000,936.857,0.997666237019,936.275,13.361,1991.423
2026-05-19 16:15:38.907,82250,936.857,0.997666237019,936.275,13.361,1991.423
2026-05-19 16:15:38.907,82500,936.857,0.997666237019,936.275,13.361,1991.423
2026-05-19 16:15:38.908,82750,956.768,0.530207163197,956.582,8.028,1936.23
2026-05-19 16:15:38.908,83000,956.768,0.530207163197,956.582,8.028,1936.23
2026-05-19 16:15:38.908,83250,983.366,-0.117801966341,982.824,-4.542,1891.073
2026-05-19 16:15:39.016,83500,936.01,1.178216292735,935.203,15.684,1755.604
2026-05-19 16:15:39.016,83750,936.01,1.178216292735,935.203,15.684,1755.604
2026-05-19 16:15:39.017,84000,936.01,1.178216292735,935.203,15.684,1755.604
2026-05-19 16:15:39.017,84250,936.01,1.178216292735,935.203,15.684,1755.604
2026-05-19 16:15:39.018,84500,936.01,1.178216292735,935.203,15.684,1755.604
2026-05-19 16:15:39.135,84750,936.01,1.178216292735,935.203,15.684,1755.604
2026-05-19 16:15:39.137,85000,936.01,1.178216292735,935.203,15.684,1755.604
2026-05-19 16:15:39.137,85250,936.01,1.178216292735,935.203,15.684,1755.604
2026-05-19 16:15:39.138,85500,936.01,1.178216292735,935.203,15.684,1755.604
2026-05-19 16:15:39.138,85750,936.01,1.178216292735,935.203,15.684,1755.604
2026-05-19 16:15:39.245,86000,936.01,1.178216292735,935.203,15.684,1755.604
2026-05-19 16:15:39.245,86250,936.01,1.178216292735,935.203,15.684,1755.604
2026-05-19 16:15:39.246,86500,936.01,1.178216292735,935.203,15.684,1755.604
2026-05-19 16:15:39.246,86750,936.01,1.178216292735,935.203,15.684,1755.604
2026-05-19 16:15:39.247,87000,963.566,2.197517866964,960.259,34.377,1690.53
2026-05-19 16:15:39.351,87250,963.566,2.197517866964,960.259,34.377,1690.53
2026-05-19 16:15:39.352,87500,963.566,2.197517866964,960.259,34.377,1690.53
2026-05-19 16:15:39.352,87750,963.566,2.197517866964,960.259,34.377,1690.53
2026-05-19 16:15:39.353,88000,963.566,2.197517866964,960.259,34.377,1690.53
2026-05-19 16:15:39.353,88250,963.566,2.197517866964,960.259,34.377,1690.53
2026-05-19 16:15:39.469,88500,963.566,2.197517866964,960.259,34.377,1690.53
2026-05-19 16:15:39.471,88750,963.566,2.197517866964,960.259,34.377,1690.53
2026-05-19 16:15:39.471,89000,963.566,2.197517866964,960.259,34.377,1690.53
2026-05-19 16:15:39.472,89250,912.474,3.956919017021,906.389,54.332,1555.081
2026-05-19 16:15:39.472,89500,939.068,3.077218441992,933.482,41.355,1509.931
2026-05-19 16:15:39.589,89750,939.068,3.077218441992,933.482,41.355,1509.931
2026-05-19 16:15:39.589,90000,939.068,3.077218441992,933.482,41.355,1509.931
2026-05-19 16:15:39.590,90250,939.068,3.077218441992,933.482,41.355,1509.931
2026-05-19 16:15:39.590,90500,896.479,-2.863977698622,890.441,-48.365,1465.236
2026-05-19 16:15:39.591,90750,926.943,1.096819728454,926.285,13.737,1420.541
2026-05-19 16:15:39.700,91000,926.943,1.096819728454,926.285,13.737,1420.541
2026-05-19 16:15:39.701,91250,926.943,1.096819728454,926.285,13.737,1420.541
2026-05-19 16:15:39.701,91500,948.761,0.641072210705,948.502,9.257,1372.985
2026-05-19 16:15:39.701,91750,948.761,0.641072210705,948.502,9.257,1372.985
2026-05-19 16:15:39.702,92000,948.761,0.641072210705,948.502,9.257,1372.985
2026-05-19 16:15:39.814,92250,948.761,0.641072210705,948.502,9.257,1372.985
2026-05-19 16:15:39.815,92500,948.761,0.641072210705,948.502,9.257,1372.985
2026-05-19 16:15:39.815,92750,948.761,0.641072210705,948.502,9.257,1372.985
2026-05-19 16:15:39.815,93000,948.761,0.641072210705,948.502,9.257,1372.985
2026-05-19 16:15:39.816,93250,948.761,0.641072210705,948.502,9.257,1372.985
2026-05-19 16:15:39.929,93500,948.761,0.641072210705,948.502,9.257,1372.985
2026-05-19 16:15:39.930,93750,948.761,0.641072210705,948.502,9.257,1372.985
2026-05-19 16:15:39.931,94000,948.761,0.641072210705,948.502,9.257,1372.985
2026-05-19 16:15:39.931,94250,948.761,0.641072210705,948.502,9.257,1372.985
2026-05-19 16:15:39.932,94500,948.761,0.641072210705,948.502,9.257,1372.985
2026-05-19 16:15:40.047,94750,948.761,0.641072210705,948.502,9.257,1372.985
2026-05-19 16:15:40.047,95000,948.761,0.641072210705,948.502,9.257,1372.985
2026-05-19 16:15:40.048,95250,948.761,0.641072210705,948.502,9.257,1372.985
2026-05-19 16:15:40.048,95500,917.002,1.653555923973,915.611,19.241,1169.713
2026-05-19 16:15:40.049,95750,917.002,1.653555923973,915.611,19.241,1169.713
2026-05-19 16:15:40.164,96000,917.002,1.653555923973,915.611,19.241,1169.713
2026-05-19 16:15:40.164,96250,941.441,1.012483713268,940.823,13.963,1121.326
2026-05-19 16:15:40.165,96500,941.441,1.012483713268,940.823,13.963,1121.326
2026-05-19 16:15:40.165,96750,941.441,1.012483713268,940.823,13.963,1121.326
2026-05-19 16:15:40.165,97000,949.721,3.275769558627,942.964,46.957,1108.152
2026-05-19 16:15:40.269,97250,949.721,3.275769558627,942.964,46.957,1108.152
2026-05-19 16:15:40.269,97500,949.721,3.275769558627,942.964,46.957,1108.152
2026-05-19 16:15:40.270,97750,949.721,3.275769558627,942.964,46.957,1108.152
2026-05-19 16:15:40.270,98000,949.721,3.275769558627,942.964,46.957,1108.152
2026-05-19 16:15:40.389,98250,949.721,3.275769558627,942.964,46.957,1108.152
2026-05-19 16:15:40.390,98500,949.721,3.275769558627,942.964,46.957,1108.152
2026-05-19 16:15:40.390,98750,949.721,3.275769558627,942.964,46.957,1108.152
2026-05-19 16:15:40.391,99000,949.721,3.275769558627,942.964,46.957,1108.152
2026-05-19 16:15:40.391,99250,949.721,3.275769558627,942.964,46.957,1108.152
2026-05-19 16:15:40.391,99500,949.721,3.275769558627,942.964,46.957,1108.152
2026-05-19 16:15:40.499,99750,949.721,3.275769558627,942.964,46.957,1108.152
2026-05-19 16:15:40.499,100000,949.721,3.275769558627,942.964,46.957,1108.152
2026-05-19 16:15:41.051,10000,916.062,0.377000508688,915.99,4.37,10166.124
2026-05-19 16:15:41.159,10250,917.759,0.649220378652,917.543,7.619,10131.595
2026-05-19 16:15:41.389,10500,917.163,0.806186045515,916.832,9.417,10143.617
2026-05-19 16:15:41.499,10750,912.862,1.742779233202,912.314,25.301,10184.715
2026-05-19 16:15:41.603,11000,917.311,0.703445687281,917.058,8.228,10215.426
2026-05-19 16:15:41.719,11250,905.59,0.505972780539,905.341,4.96,10069.341
2026-05-19 16:15:41.839,11500,913.565,1.190150567738,913.099,15.3,10002.519
2026-05-19 16:15:42.069,11750,915.271,0.795805209794,914.952,9.165,10064.229
2026-05-19 16:15:42.183,12000,916.672,1.068400430731,916.092,12.426,10035.664
2026-05-19 16:15:42.299,12250,915.666,1.266461967968,914.858,14.61,10056.114
2026-05-19 16:15:42.414,12500,926.918,1.177735286702,926.422,14.934,10026.859
2026-05-19 16:15:42.519,12750,939.125,1.699995629479,938.238,22.457,9891.621
2026-05-19 16:15:42.623,13000,914.389,1.38076975862,913.438,15.769,9914.497
2026-05-19 16:15:42.739,13250,923.407,0.327922610941,922.494,-0.912,9886.782
2026-05-19 16:15:42.853,13500,916.802,1.364030802388,915.857,15.866,9958.937
2026-05-19 16:15:42.969,13750,916.802,1.364030802388,915.857,15.866,9958.937
2026-05-19 16:15:43.073,14000,915.65,1.243315770564,914.871,14.343,9829.599
2026-05-19 16:15:43.175,14250,914.427,1.427246308858,913.411,16.302,9854.316
2026-05-19 16:15:43.281,14500,916.681,1.543413111484,915.472,17.924,9809.12
2026-05-19 16:15:43.399,14750,908.412,2.643242209053,906.706,35.302,9899.826
2026-05-19 16:15:43.505,15000,929.739,2.067841990059,928.185,26.032,9799.239
2026-05-19 16:15:43.608,15250,915.362,1.650009940808,913.995,18.964,9799.239
2026-05-19 16:15:43.711,15500,916.067,1.959436873324,914.129,22.609,9785.198
2026-05-19 16:15:43.819,15750,916.212,1.848035719893,914.486,21.358,9906.707
2026-05-19 16:15:43.929,16000,915.026,1.836421910258,913.336,21.036,9685.638
2026-05-19 16:15:44.034,16250,917.105,1.971647919783,915.127,22.926,9644.92
2026-05-19 16:15:44.034,16500,918.058,1.797396486064,915.963,19.452,9748.019
2026-05-19 16:15:44.143,16750,898.601,1.694947785075,896.247,16.524,9722.767
2026-05-19 16:15:44.247,17000,914.734,2.305421684831,912.081,26.285,9555.011
2026-05-19 16:15:44.354,17250,889.061,1.606322720626,886.426,13.631,9589.764
2026-05-19 16:15:44.464,17500,916.947,2.336910675654,914.176,27.087,9656.42
2026-05-19 16:15:44.574,17750,913.737,2.479155095045,910.694,28.021,9472.92
2026-05-19 16:15:44.699,18000,913.737,2.479155095045,910.694,28.021,9472.92
2026-05-19 16:15:44.699,18250,910.695,2.589701838471,908.021,30.99,9248.017
2026-05-19 16:15:44.814,18500,914.271,2.496916871567,911.171,28.334,9373.72
2026-05-19 16:15:44.931,18750,912.377,2.651878590887,908.934,29.628,9411.077
2026-05-19 16:15:44.931,19000,914.053,2.815311306981,910.124,31.826,9377.951
2026-05-19 16:15:45.045,19250,910.592,2.932594029206,906.443,32.247,9211.588
2026-05-19 16:15:45.155,19500,907.71,2.182333609472,904.848,23.268,9145.89
2026-05-19 16:15:45.258,19750,905.778,2.326638489062,902.616,24.434,9183.768
2026-05-19 16:15:45.258,20000,6667.701,22.326544000019,-45.751,5936.543,7553.931
2026-05-19 16:15:45.363,20250,6669.219,22.503939079591,-44.787,5938.843,7523.845
2026-05-19 16:15:45.475,20500,6523.288,22.253794067999,83.838,5808.114,7372.342
2026-05-19 16:15:45.475,20750,6637.125,21.72518949457,210.836,5929.762,7465.035
2026-05-19 16:15:45.584,21000,6502.455,21.04126889173,307.351,5808.587,7471.227
2026-05-19 16:15:45.699,21250,6515.833,21.843299780326,320.203,5821.2,7342.54
2026-05-19 16:15:45.699,21500,6515.833,21.843299780326,320.203,5821.2,7342.54
2026-05-19 16:15:45.819,21750,6376.993,21.698743119901,444.26,5693.22,7246.058
2026-05-19 16:15:45.930,22000,6506.567,21.363400382607,578.45,5823.653,7323.936
2026-05-19 16:15:45.931,22250,6506.567,21.363400382607,578.45,5823.653,7323.936
2026-05-19 16:15:46.046,22500,6371.494,20.883824965921,713.702,5687.371,7143.505
2026-05-19 16:15:46.150,22750,6370.38,21.217319036823,711.644,5690.679,7164.306
2026-05-19 16:15:46.150,23000,6234.952,20.660621540175,843.678,5552.826,7054.11
2026-05-19 16:15:46.269,23250,6236.26,20.882434578996,844.301,5555.512,7029.15
2026-05-19 16:15:46.270,23500,6236.26,20.882434578996,844.301,5555.512,7029.15
2026-05-19 16:15:46.390,23750,6114.73,20.836547960569,958.156,5439.093,6945.937
2026-05-19 16:15:46.505,24000,6256.682,20.299012811326,1093.017,5561.584,6999.044
2026-05-19 16:15:46.505,24250,6135.651,19.589458504327,1226.035,5424.99,6851.188
2026-05-19 16:15:46.614,24500,6135.348,20.159563959522,1224.109,5431.093,6856.581
2026-05-19 16:15:46.615,24750,6134.238,19.934805290062,1223.717,5428.38,6876.589
2026-05-19 16:15:46.729,25000,6021.034,19.566626078999,1348.382,5301.276,6763.665
2026-05-19 16:15:46.729,25250,6021.034,19.566626078999,1348.382,5301.276,6763.665
2026-05-19 16:15:46.846,25500,5910.78,19.062133838871,1480.017,5169.555,6602.632
2026-05-19 16:15:46.848,25750,5910.78,19.062133838871,1480.017,5169.555,6602.632
2026-05-19 16:15:46.959,26000,5911.728,19.271913676928,1480.358,5172.049,6586.127
2026-05-19 16:15:47.074,26250,5817.135,18.701745519496,1590.595,5056.771,6509.309
2026-05-19 16:15:47.076,26500,5824.654,19.201000428421,1597.499,5065.258,6420.593
2026-05-19 16:15:47.182,26750,5712.928,18.859014503421,1714.861,4933.382,6423.346
2026-05-19 16:15:47.184,27000,5716.322,18.182702640321,1719.961,4927.079,6364.138
2026-05-19 16:15:47.299,27250,5724.971,19.12603099557,1727.773,4942.094,6294.005
2026-05-19 16:15:47.301,27500,5622.129,17.640648519261,1847.825,4799.335,6218.728
2026-05-19 16:15:47.414,27750,5623.21,17.914973268463,1848.228,4802.572,6201.289
2026-05-19 16:15:47.415,28000,5523.932,17.145391233465,1980.733,4663.743,6120.801
2026-05-19 16:15:47.529,28250,5527.827,17.309659110469,1984.185,4666.32,6059.158
2026-05-19 16:15:47.530,28500,5527.827,17.309659110469,1984.185,4666.32,6059.158
2026-05-19 16:15:47.649,28750,5448.183,16.795120897084,2106.357,4545.124,5927.069
2026-05-19 16:15:47.649,29000,5451.875,16.69820090085,2110.196,4544.701,5874.501
2026-05-19 16:15:47.764,29250,5360.664,16.970537488899,2234.04,4418.909,5866.367
2026-05-19 16:15:47.765,29500,5363.176,16.57526903482,2237.5,4415.08,5829.28
2026-05-19 16:15:47.875,29750,5370.38,16.922342094925,2244.679,4422.371,5753.86
2026-05-19 16:15:47.875,30000,5289.663,15.907847282438,2378.117,4279.42,5647.593
2026-05-19 16:15:47.984,30250,5289.663,15.907847282438,2378.117,4279.42,5647.593
2026-05-19 16:15:47.986,30500,5221.52,15.29470959518,2511.223,4147.686,5526.52
2026-05-19 16:15:48.099,30750,5221.52,15.29470959518,2511.223,4147.686,5526.52
2026-05-19 16:15:48.100,31000,5226.714,15.574606551758,2515.685,4152.082,5464.838
2026-05-19 16:15:48.215,31250,5153.384,14.590930640921,2658.799,4001.26,5405.743
2026-05-19 16:15:48.215,31500,5154.127,14.94754537679,2658.776,4005.803,5397.135
2026-05-19 16:15:48.216,31750,5161.657,16.294209925151,2665.849,4029.102,5350.563
2026-05-19 16:15:48.325,32000,4921.247,14.697836991872,2654.005,3751.307,5201.944
2026-05-19 16:15:48.326,32250,4921.247,14.697836991872,2654.005,3751.307,5201.944
2026-05-19 16:15:48.441,32500,4866.548,14.05461805975,2787.124,3615.282,5152.287
2026-05-19 16:15:48.442,32750,4868.737,14.038790972105,2789.312,3615.481,5126.185
2026-05-19 16:15:48.551,33000,4869.041,14.386691788998,2788.809,3619.67,5122.633
2026-05-19 16:15:48.556,33250,4822.233,13.362205780687,2922.551,3479.225,5084.949
2026-05-19 16:15:48.668,33500,4826.952,13.713040865393,2926.441,3484.264,5031.073
2026-05-19 16:15:48.669,33750,4826.952,13.713040865393,2926.441,3484.264,5031.073
2026-05-19 16:15:48.670,34000,4788.236,13.232344588865,3061.198,3348.477,4999.867
2026-05-19 16:15:48.784,34250,4600.937,13.418734104368,2924.805,3218.297,4849.243
2026-05-19 16:15:48.785,34500,4600.937,13.418734104368,2924.805,3218.297,4849.243
2026-05-19 16:15:48.899,34750,4575.203,12.731656363616,3060.546,3085.279,4774.649
2026-05-19 16:15:48.900,35000,4575.203,12.731656363616,3060.546,3085.279,4774.649
2026-05-19 16:15:49.005,35250,4574.834,13.127309225751,3059.195,3089.85,4778.711
2026-05-19 16:15:49.005,35500,4554.622,12.070643712282,3185.739,2957.575,4762.473
2026-05-19 16:15:49.006,35750,4351.594,12.34598428755,3033.184,2836.672,4711.708
2026-05-19 16:15:49.110,36000,4377.834,12.591249068318,3058.508,2838.704,4572.231
2026-05-19 16:15:49.111,36250,4365.31,11.438996356851,3189.419,2701.974,4562.18
2026-05-19 16:15:49.214,36500,4369.62,11.933937704992,3192.514,2708.577,4516.212
2026-05-19 16:15:49.214,36750,4369.62,11.933937704992,3192.514,2708.577,4516.212
2026-05-19 16:15:49.319,37000,4369.237,10.132814438829,3396.834,2495.442,4515.905
2026-05-19 16:15:49.320,37250,4180.62,10.487094596269,3260.508,2370.647,4375.169
2026-05-19 16:15:49.436,37500,4180.62,10.487094596269,3260.508,2370.647,4375.169
2026-05-19 16:15:49.438,37750,4184.509,11.198359936554,3263.865,2383.063,4329.646
2026-05-19 16:15:49.438,38000,4197.367,9.717264158116,3398.824,2235.542,4348.2
2026-05-19 16:15:49.546,38250,917.8,1.800709391809,916.141,21.064,5257.799
2026-05-19 16:15:49.546,38500,860.037,4.11159405004,855.653,48.567,5662.074
2026-05-19 16:15:49.547,38750,851.526,2.79696630227,849.521,32.124,5477.945
2026-05-19 16:15:49.651,39000,850.142,3.216093649869,847.559,36.749,5492.215
2026-05-19 16:15:49.652,39250,848.421,3.676010844899,845.024,41.645,5510.384
2026-05-19 16:15:49.756,39500,853.423,3.809956774437,849.745,43.922,5460.182
2026-05-19 16:15:49.756,39750,867.326,2.410155226912,865.641,29.077,5379.69
2026-05-19 16:15:49.757,40000,843.946,2.921101225272,841.865,32.61,5302.933
2026-05-19 16:15:49.871,40250,848.161,3.05907527687,845.834,34.727,5260.387
2026-05-19 16:15:49.871,40500,850.403,3.625934903822,847.079,41.393,5237.417
2026-05-19 16:15:49.980,40750,850.403,3.625934903822,847.079,41.393,5237.417
2026-05-19 16:15:49.981,41000,857.513,2.855063605429,855.406,33.601,5250.795
2026-05-19 16:15:49.981,41250,850.936,2.744393749084,849.048,31.482,5091.119
2026-05-19 16:15:50.084,41500,848.812,3.14665802232,846.317,35.736,5111.871
2026-05-19 16:15:50.085,41750,842.678,5.265108744616,838.954,70.895,5115.608
2026-05-19 16:15:50.199,42000,861.041,2.658360684038,859.203,31.669,5092.838
2026-05-19 16:15:50.199,42250,861.041,2.658360684038,859.203,31.669,5092.838
2026-05-19 16:15:50.200,42500,845.789,2.158926212074,844.644,24.305,4947.568
2026-05-19 16:15:50.313,42750,855.557,2.599362503408,853.834,30.349,4856.993
2026-05-19 16:15:50.314,43000,852.889,3.015247912503,850.558,34.775,4881.315
2026-05-19 16:15:50.314,43250,859.14,1.759524099748,858.298,20.789,4939.255
2026-05-19 16:15:50.430,43500,937.259,1.21415895572,936.743,16.868,4466.366
2026-05-19 16:15:50.430,43750,855.906,1.162323515435,855.561,13.612,4686.908
2026-05-19 16:15:50.431,44000,850.174,2.014412666738,849.159,23.067,4737.311
2026-05-19 16:15:50.543,44250,860.022,2.538158148874,858.352,30.131,4652.021
2026-05-19 16:15:50.544,44500,860.022,2.538158148874,858.352,30.131,4652.021
2026-05-19 16:15:50.544,44750,879.497,1.603862576715,878.982,21.809,4680.488
2026-05-19 16:15:50.655,45000,863.88,1.080672308514,863.572,13.032,4504.465
2026-05-19 16:15:50.655,45250,863.88,1.080672308514,863.572,13.032,4504.465
2026-05-19 16:15:50.656,45500,863.88,1.080672308514,863.572,13.032,4504.465
2026-05-19 16:15:50.769,45750,867.516,2.561290875209,865.768,31.24,4476.069
2026-05-19 16:15:50.769,46000,852.608,1.770136170794,851.818,20.463,4352.771
2026-05-19 16:15:50.770,46250,864.748,0.310486458411,864.723,3.757,4453.179
2026-05-19 16:15:50.883,46500,872.836,0.831397296518,872.649,10.352,4391.993
2026-05-19 16:15:50.884,46750,872.836,0.831397296518,872.649,10.352,4391.993
2026-05-19 16:15:50.884,47000,872.836,0.831397296518,872.649,10.352,4391.993
2026-05-19 16:15:50.999,47250,868.744,0.618442629427,868.641,7.591,4193.981
2026-05-19 16:15:50.999,47500,868.744,0.618442629427,868.641,7.591,4193.981
2026-05-19 16:15:50.999,47750,868.744,0.618442629427,868.641,7.591,4193.981
2026-05-19 16:15:51.114,48000,880.108,1.431199517773,879.537,18.267,4115.611
2026-05-19 16:15:51.114,48250,880.108,1.431199517773,879.537,18.267,4115.611
2026-05-19 16:15:51.115,48500,869.286,0.0,869.286,0.0,4182.395
2026-05-19 16:15:51.230,48750,879.57,0.852148223865,879.368,10.861,4111.611
2026-05-19 16:15:51.230,49000,879.57,0.852148223865,879.368,10.861,4111.611
2026-05-19 16:15:51.231,49250,889.661,1.72289940039,888.807,22.701,4046.836
2026-05-19 16:15:51.336,49500,845.181,-1.377837192529,844.3,-24.139,4046.836
2026-05-19 16:15:51.337,49750,874.549,0.482604763222,874.485,6.046,3938.275
2026-05-19 16:15:51.337,50000,874.549,0.482604763222,874.485,6.046,3938.275
2026-05-19 16:15:51.447,50250,874.549,0.482604763222,874.485,6.046,3938.275
2026-05-19 16:15:51.448,50500,884.671,1.445939547138,884.08,18.743,3874.414
2026-05-19 16:15:51.448,50750,884.671,1.445939547138,884.08,18.743,3874.414
2026-05-19 16:15:51.569,51000,885.595,-1.09483210552,885.255,-14.24,3880.823
2026-05-19 16:15:51.570,51250,895.721,-0.08007352361,895.719,-1.077,3821.327
2026-05-19 16:15:51.570,51500,895.721,-0.08007352361,895.719,-1.077,3821.327
2026-05-19 16:15:51.571,51750,895.721,-0.08007352361,895.719,-1.077,3821.327
2026-05-19 16:15:51.684,52000,895.721,-0.08007352361,895.719,-1.077,3821.327
2026-05-19 16:15:51.687,52250,885.044,-1.117172350693,884.619,-17.115,3704.482
2026-05-19 16:15:51.687,52500,893.211,-0.385994699624,893.168,-5.15,3675.712
2026-05-19 16:15:51.715,52750,893.211,-0.385994699624,893.168,-5.15,3675.712
2026-05-19 16:15:51.718,53000,904.492,0.987476915274,904.197,13.658,3615.492
2026-05-19 16:15:51.831,53250,904.492,0.987476915274,904.197,13.658,3615.492
2026-05-19 16:15:51.832,53500,904.492,0.987476915274,904.197,13.658,3615.492
2026-05-19 16:15:51.832,53750,877.993,-2.036331400726,877.093,-31.834,3590.777
2026-05-19 16:15:51.939,54000,892.635,-0.524427242726,892.555,-6.984,3541.348
2026-05-19 16:15:51.940,54250,901.945,0.781687800022,901.762,10.726,3493.026
2026-05-19 16:15:51.940,54500,901.945,0.781687800022,901.762,10.726,3493.026
2026-05-19 16:15:52.050,54750,901.945,0.781687800022,901.762,10.726,3493.026
2026-05-19 16:15:52.050,55000,901.945,0.781687800022,901.762,10.726,3493.026
2026-05-19 16:15:52.051,55250,910.303,2.099398571541,908.949,29.538,3452.022
2026-05-19 16:15:52.051,55500,878.283,-2.102867260828,876.707,-35.841,3452.022
2026-05-19 16:15:52.169,55750,898.945,0.418492238594,898.893,5.689,3384.88
2026-05-19 16:15:52.169,56000,898.945,0.418492238594,898.893,5.689,3384.88
2026-05-19 16:15:52.170,56250,898.945,0.418492238594,898.893,5.689,3384.88
2026-05-19 16:15:52.284,56500,898.945,0.418492238594,898.893,5.689,3384.88
2026-05-19 16:15:52.285,56750,906.533,1.849185269915,905.495,25.722,3348.185
2026-05-19 16:15:52.285,57000,906.533,1.849185269915,905.495,25.722,3348.185
2026-05-19 16:15:52.285,57250,906.533,1.849185269915,905.495,25.722,3348.185
2026-05-19 16:15:52.394,57500,906.533,1.849185269915,905.495,25.722,3348.185
2026-05-19 16:15:52.394,57750,892.827,2.202444557103,891.702,31.334,3394.39
2026-05-19 16:15:52.395,58000,881.346,5.642373183619,876.889,87.63,3430.689
2026-05-19 16:15:52.510,58250,859.247,2.40016414145,858.374,34.826,3398.019
2026-05-19 16:15:52.511,58500,928.221,0.936201602743,927.937,13.918,3398.019
2026-05-19 16:15:52.511,58750,946.143,5.089570523481,942.394,82.918,3334.825
2026-05-19 16:15:52.511,59000,946.143,5.089570523481,942.394,82.918,3334.825
2026-05-19 16:15:52.615,59250,922.387,-0.154315211054,921.662,-3.963,3348.168
2026-05-19 16:15:52.615,59500,914.24,-1.902277122565,912.401,-33.181,3374.853
2026-05-19 16:15:52.616,59750,960.412,-2.78065464579,957.027,-52.512,3231.874
2026-05-19 16:15:52.719,60000,907.933,3.053212671696,905.093,42.576,3231.874
2026-05-19 16:15:52.719,60250,902.895,1.521786618225,902.2,20.934,3255.04
2026-05-19 16:15:52.720,60500,907.933,3.053212671696,905.093,42.576,3231.874
2026-05-19 16:15:52.839,60750,931.621,2.710615062135,929.216,40.617,3132.044
2026-05-19 16:15:52.839,61000,931.621,2.710615062135,929.216,40.617,3132.044
2026-05-19 16:15:52.840,61250,931.621,2.710615062135,929.216,40.617,3132.044
2026-05-19 16:15:52.840,61500,931.621,2.710615062135,929.216,40.617,3132.044
2026-05-19 16:15:52.841,61750,931.621,2.710615062135,929.216,40.617,3132.044
2026-05-19 16:15:52.945,62000,931.621,2.710615062135,929.216,40.617,3132.044
2026-05-19 16:15:52.945,62250,931.621,2.710615062135,929.216,40.617,3132.044
2026-05-19 16:15:52.946,62500,931.621,2.710615062135,929.216,40.617,3132.044
2026-05-19 16:15:53.056,62750,931.621,2.710615062135,929.216,40.617,3132.044
2026-05-19 16:15:53.056,63000,931.621,2.710615062135,929.216,40.617,3132.044
2026-05-19 16:15:53.056,63250,904.687,3.385994016617,901.23,46.706,2992.674
2026-05-19 16:15:53.057,63500,904.687,3.385994016617,901.23,46.706,2992.674
2026-05-19 16:15:53.175,63750,904.687,3.385994016617,901.23,46.706,2992.674
2026-05-19 16:15:53.176,64000,904.687,3.385994016617,901.23,46.706,2992.674
2026-05-19 16:15:53.176,64250,904.687,3.385994016617,901.23,46.706,2992.674
2026-05-19 16:15:53.176,64500,904.687,3.385994016617,901.23,46.706,2992.674
2026-05-19 16:15:53.177,64750,904.687,3.385994016617,901.23,46.706,2992.674
2026-05-19 16:15:53.294,65000,928.635,3.008925881476,925.699,44.672,2897.866
2026-05-19 16:15:53.295,65250,928.635,3.008925881476,925.699,44.672,2897.866
2026-05-19 16:15:53.295,65500,928.635,3.008925881476,925.699,44.672,2897.866
2026-05-19 16:15:53.296,65750,921.537,1.260963969964,921.031,18.375,2924.552
2026-05-19 16:15:53.409,66000,921.537,1.260963969964,921.031,18.375,2924.552
2026-05-19 16:15:53.410,66250,921.537,1.260963969964,921.031,18.375,2924.552
2026-05-19 16:15:53.410,66500,921.537,1.260963969964,921.031,18.375,2924.552
2026-05-19 16:15:53.411,66750,921.537,1.260963969964,921.031,18.375,2924.552
2026-05-19 16:15:53.515,67000,921.537,1.260963969964,921.031,18.375,2924.552
2026-05-19 16:15:53.515,67250,891.715,2.117667555345,890.417,28.079,2778.022
2026-05-19 16:15:53.516,67500,891.715,2.117667555345,890.417,28.079,2778.022
2026-05-19 16:15:53.516,67750,891.715,2.117667555345,890.417,28.079,2778.022
2026-05-19 16:15:53.631,68000,891.715,2.117667555345,890.417,28.079,2778.022
2026-05-19 16:15:53.631,68250,891.715,2.117667555345,890.417,28.079,2778.022
2026-05-19 16:15:53.632,68500,891.715,2.117667555345,890.417,28.079,2778.022
2026-05-19 16:15:53.632,68750,864.891,-1.22298284249,860.948,-26.31,2849.571
2026-05-19 16:15:53.747,69000,877.105,-1.515775350232,873.444,-29.369,2801.911
2026-05-19 16:15:53.748,69250,931.874,3.759182805085,927.25,56.249,2754.251
2026-05-19 16:15:53.749,69500,931.874,3.759182805085,927.25,56.249,2754.251
2026-05-19 16:15:53.749,69750,931.874,3.759182805085,927.25,56.249,2754.251
2026-05-19 16:15:53.869,70000,931.874,3.759182805085,927.25,56.249,2754.251
2026-05-19 16:15:53.869,70250,931.874,3.759182805085,927.25,56.249,2754.251
2026-05-19 16:15:53.870,70500,931.874,3.759182805085,927.25,56.249,2754.251
2026-05-19 16:15:53.870,70750,931.874,3.759182805085,927.25,56.249,2754.251
2026-05-19 16:15:53.984,71000,931.874,3.759182805085,927.25,56.249,2754.251
2026-05-19 16:15:53.984,71250,941.243,4.872732937697,935.651,76.155,2730.402
2026-05-19 16:15:53.985,71500,931.874,3.759182805085,927.25,56.249,2754.251
2026-05-19 16:15:53.986,71750,962.136,4.199107501045,956.17,63.424,2680.045
2026-05-19 16:15:53.986,72000,848.124,-0.916956936119,843.032,-23.682,2603.182
2026-05-19 16:15:54.089,72250,921.994,7.515789924192,912.009,112.32,2550.106
2026-05-19 16:15:54.090,72500,933.661,8.720468047093,922.53,134.091,2523.568
2026-05-19 16:15:54.090,72750,881.156,2.697077432585,879.125,34.49,2523.568
2026-05-19 16:15:54.205,73000,888.479,4.576479406076,882.496,59.723,2494.689
2026-05-19 16:15:54.205,73250,888.479,4.576479406076,882.496,59.723,2494.689
2026-05-19 16:15:54.205,73500,888.479,4.576479406076,882.496,59.723,2494.689
2026-05-19 16:15:54.206,73750,915.506,4.048450489569,910.4,57.658,2399.255
2026-05-19 16:15:54.314,74000,915.506,4.048450489569,910.4,57.658,2399.255
2026-05-19 16:15:54.314,74250,915.506,4.048450489569,910.4,57.658,2399.255
2026-05-19 16:15:54.315,74500,915.506,4.048450489569,910.4,57.658,2399.255
2026-05-19 16:15:54.315,74750,915.506,4.048450489569,910.4,57.658,2399.255
2026-05-19 16:15:54.431,75000,915.506,4.048450489569,910.4,57.658,2399.255
2026-05-19 16:15:54.431,75250,910.799,3.035074483836,907.627,42.867,2414.955
2026-05-19 16:15:54.432,75500,906.093,2.021698478104,904.854,28.076,2430.654
2026-05-19 16:15:54.432,75750,906.093,2.021698478104,904.854,28.076,2430.654
2026-05-19 16:15:54.432,76000,906.093,2.021698478104,904.854,28.076,2430.654
2026-05-19 16:15:54.545,76250,906.093,2.021698478104,904.854,28.076,2430.654
2026-05-19 16:15:54.545,76500,906.093,2.021698478104,904.854,28.076,2430.654
2026-05-19 16:15:54.546,76750,906.093,2.021698478104,904.854,28.076,2430.654
2026-05-19 16:15:54.546,77000,906.093,2.021698478104,904.854,28.076,2430.654
2026-05-19 16:15:54.547,77250,906.093,2.021698478104,904.854,28.076,2430.654
2026-05-19 16:15:54.649,77500,906.093,2.021698478104,904.854,28.076,2430.654
2026-05-19 16:15:54.651,77750,881.616,5.342620884242,873.658,67.967,2261.248
2026-05-19 16:15:54.655,78000,881.616,5.342620884242,873.658,67.967,2261.248
2026-05-19 16:15:54.657,78250,881.616,5.342620884242,873.658,67.967,2261.248
2026-05-19 16:15:54.657,78500,912.457,4.665652355405,905.745,65.718,2160.379
2026-05-19 16:15:54.769,78750,912.457,4.665652355405,905.745,65.718,2160.379
2026-05-19 16:15:54.769,79000,912.457,4.665652355405,905.745,65.718,2160.379
2026-05-19 16:15:54.770,79250,912.457,4.665652355405,905.745,65.718,2160.379
2026-05-19 16:15:54.770,79500,912.457,4.665652355405,905.745,65.718,2160.379
2026-05-19 16:15:54.771,79750,912.457,4.665652355405,905.745,65.718,2160.379
2026-05-19 16:15:54.885,80000,912.457,4.665652355405,905.745,65.718,2160.379
2026-05-19 16:15:54.886,80250,912.457,4.665652355405,905.745,65.718,2160.379
2026-05-19 16:15:54.886,80500,912.457,4.665652355405,905.745,65.718,2160.379
2026-05-19 16:15:54.887,80750,912.457,4.665652355405,905.745,65.718,2160.379
2026-05-19 16:15:54.887,81000,912.457,4.665652355405,905.745,65.718,2160.379
2026-05-19 16:15:55.001,81250,912.457,4.665652355405,905.745,65.718,2160.379
2026-05-19 16:15:55.001,81500,912.457,4.665652355405,905.745,65.718,2160.379
2026-05-19 16:15:55.002,81750,912.457,4.665652355405,905.745,65.718,2160.379
2026-05-19 16:15:55.002,82000,894.714,1.995332474039,893.55,26.722,2094.979
2026-05-19 16:15:55.002,82250,894.714,1.995332474039,893.55,26.722,2094.979
2026-05-19 16:15:55.115,82500,894.714,1.995332474039,893.55,26.722,2094.979
2026-05-19 16:15:55.116,82750,934.536,1.060414326394,934.164,16.056,1984.593
2026-05-19 16:15:55.116,83000,934.536,1.060414326394,934.164,16.056,1984.593
2026-05-19 16:15:55.117,83250,961.133,0.412405196856,960.406,3.486,1939.437
2026-05-19 16:15:55.117,83500,893.019,2.35643258547,891.405,31.368,1849.124
2026-05-19 16:15:55.229,83750,893.019,2.35643258547,891.405,31.368,1849.124
2026-05-19 16:15:55.229,84000,893.019,2.35643258547,891.405,31.368,1849.124
2026-05-19 16:15:55.230,84250,893.019,2.35643258547,891.405,31.368,1849.124
2026-05-19 16:15:55.230,84500,893.019,2.35643258547,891.405,31.368,1849.124
2026-05-19 16:15:55.231,84750,893.019,2.35643258547,891.405,31.368,1849.124
2026-05-19 16:15:55.346,85000,893.019,2.35643258547,891.405,31.368,1849.124
2026-05-19 16:15:55.346,85250,893.019,2.35643258547,891.405,31.368,1849.124
2026-05-19 16:15:55.347,85500,893.019,2.35643258547,891.405,31.368,1849.124
2026-05-19 16:15:55.347,85750,893.019,2.35643258547,891.405,31.368,1849.124
2026-05-19 16:15:55.347,86000,893.019,2.35643258547,891.405,31.368,1849.124
2026-05-19 16:15:55.469,86250,893.019,2.35643258547,891.405,31.368,1849.124
2026-05-19 16:15:55.470,86500,893.019,2.35643258547,891.405,31.368,1849.124
2026-05-19 16:15:55.470,86750,893.019,2.35643258547,891.405,31.368,1849.124
2026-05-19 16:15:55.470,87000,948.132,4.395035733928,941.519,68.754,1718.975
2026-05-19 16:15:55.471,87250,948.132,4.395035733928,941.519,68.754,1718.975
2026-05-19 16:15:55.586,87500,948.132,4.395035733928,941.519,68.754,1718.975
2026-05-19 16:15:55.586,87750,948.132,4.395035733928,941.519,68.754,1718.975
2026-05-19 16:15:55.587,88000,948.132,4.395035733928,941.519,68.754,1718.975
2026-05-19 16:15:55.587,88250,948.132,4.395035733928,941.519,68.754,1718.975
2026-05-19 16:15:55.587,88500,948.132,4.395035733928,941.519,68.754,1718.975
2026-05-19 16:15:55.700,88750,948.132,4.395035733928,941.519,68.754,1718.975
2026-05-19 16:15:55.701,89000,948.132,4.395035733928,941.519,68.754,1718.975
2026-05-19 16:15:55.703,89250,899.136,6.154436883984,887.963,82.71,1583.526
2026-05-19 16:15:55.703,89500,899.136,6.154436883984,887.963,82.71,1583.526
2026-05-19 16:15:55.704,89750,899.136,6.154436883984,887.963,82.71,1583.526
2026-05-19 16:15:55.815,90000,899.136,6.154436883984,887.963,82.71,1583.526
2026-05-19 16:15:55.816,90250,899.136,6.154436883984,887.963,82.71,1583.526
2026-05-19 16:15:55.816,90500,859.653,0.213240743371,855.647,-3.576,1538.831
2026-05-19 16:15:55.817,90750,874.885,2.193639456909,873.569,27.475,1516.484
2026-05-19 16:15:55.817,91000,874.885,2.193639456909,873.569,27.475,1516.484
2026-05-19 16:15:55.929,91250,874.885,2.193639456909,873.569,27.475,1516.484
2026-05-19 16:15:55.929,91500,918.521,1.28214442141,918.003,18.515,1421.372
2026-05-19 16:15:55.930,91750,918.521,1.28214442141,918.003,18.515,1421.372
2026-05-19 16:15:55.930,92000,918.521,1.28214442141,918.003,18.515,1421.372
2026-05-19 16:15:55.931,92250,918.521,1.28214442141,918.003,18.515,1421.372
2026-05-19 16:15:56.043,92500,918.521,1.28214442141,918.003,18.515,1421.372
2026-05-19 16:15:56.044,92750,918.521,1.28214442141,918.003,18.515,1421.372
2026-05-19 16:15:56.044,93000,918.521,1.28214442141,918.003,18.515,1421.372
2026-05-19 16:15:56.045,93250,918.521,1.28214442141,918.003,18.515,1421.372
2026-05-19 16:15:56.045,93500,918.521,1.28214442141,918.003,18.515,1421.372
2026-05-19 16:15:56.149,93750,918.521,1.28214442141,918.003,18.515,1421.372
2026-05-19 16:15:56.149,94000,918.521,1.28214442141,918.003,18.515,1421.372
2026-05-19 16:15:56.150,94250,918.521,1.28214442141,918.003,18.515,1421.372
2026-05-19 16:15:56.150,94500,918.521,1.28214442141,918.003,18.515,1421.372
2026-05-19 16:15:56.150,94750,918.521,1.28214442141,918.003,18.515,1421.372
2026-05-19 16:15:56.269,95000,918.521,1.28214442141,918.003,18.515,1421.372
2026-05-19 16:15:56.270,95250,918.521,1.28214442141,918.003,18.515,1421.372
2026-05-19 16:15:56.270,95500,855.004,3.307111847947,852.223,38.481,1268.918
2026-05-19 16:15:56.270,95750,855.004,3.307111847947,852.223,38.481,1268.918
2026-05-19 16:15:56.271,96000,855.004,3.307111847947,852.223,38.481,1268.918
2026-05-19 16:15:56.387,96250,903.881,2.024967426536,902.647,27.927,1172.144
2026-05-19 16:15:56.387,96500,903.881,2.024967426536,902.647,27.927,1172.144
2026-05-19 16:15:56.388,96750,903.881,2.024967426536,902.647,27.927,1172.144
2026-05-19 16:15:56.388,97000,920.443,6.551539117254,906.927,93.914,1145.796
2026-05-19 16:15:56.389,97250,920.443,6.551539117254,906.927,93.914,1145.796
2026-05-19 16:15:56.500,97500,920.443,6.551539117254,906.927,93.914,1145.796
2026-05-19 16:15:56.500,97750,920.443,6.551539117254,906.927,93.914,1145.796
2026-05-19 16:15:56.501,98000,920.443,6.551539117254,906.927,93.914,1145.796
2026-05-19 16:15:56.501,98250,920.443,6.551539117254,906.927,93.914,1145.796
2026-05-19 16:15:56.502,98500,920.443,6.551539117254,906.927,93.914,1145.796
2026-05-19 16:15:56.614,98750,920.443,6.551539117254,906.927,93.914,1145.796
2026-05-19 16:15:56.614,99000,920.443,6.551539117254,906.927,93.914,1145.796
2026-05-19 16:15:56.615,99250,920.443,6.551539117254,906.927,93.914,1145.796
2026-05-19 16:15:56.615,99500,920.443,6.551539117254,906.927,93.914,1145.796
2026-05-19 16:15:56.615,99750,920.443,6.551539117254,906.927,93.914,1145.796
2026-05-19 16:15:56.729,100000,920.443,6.551539117254,906.927,93.914,1145.796
2026-05-19 16:15:57.201,10000,855.581,0.815623135375,855.41,9.549,10996.231
2026-05-19 16:15:57.433,10250,856.518,1.298440757305,856.087,15.239,10976.876
2026-05-19 16:15:57.546,10500,855.326,1.612372091029,854.664,18.834,11000.92
2026-05-19 16:15:57.649,10750,851.025,2.548965278716,850.146,34.718,11042.018
2026-05-19 16:15:57.769,11000,857.947,1.476896008159,857.383,17.429,11029.495
2026-05-19 16:15:57.999,11250,846.909,1.489300894858,846.266,16.726,10901.631
2026-05-19 16:15:58.103,11500,849.677,2.084319501944,848.809,25.582,10884.578
2026-05-19 16:15:58.215,11750,851.542,1.591610419587,850.905,18.329,10950.017
2026-05-19 16:15:58.333,12000,854.343,2.136800861463,853.184,24.853,10892.889
2026-05-19 16:15:58.446,12250,853.338,2.3348623987,851.95,27.037,10913.339
2026-05-19 16:15:58.569,12500,864.735,2.148370047035,863.761,26.239,10888.569
2026-05-19 16:15:58.687,12750,874.0,2.882239943034,872.268,35.839,10757.762
2026-05-19 16:15:58.804,13000,850.901,2.563014072175,849.247,29.396,10780.637
2026-05-19 16:15:58.919,13250,860.423,1.806259927372,858.846,18.016,10731.047
2026-05-19 16:15:59.038,13500,854.605,2.728061604776,852.714,31.731,10807.218
2026-05-19 16:15:59.145,13750,856.817,2.829417685529,854.762,33.186,10763.726
2026-05-19 16:15:59.259,14000,852.3,2.486631541129,850.743,28.685,10687.789
2026-05-19 16:15:59.369,14250,849.855,2.854492617717,847.822,32.604,10737.222
2026-05-19 16:15:59.488,14500,853.043,3.27220741652,850.333,37.787,10673.08
2026-05-19 16:15:59.604,14750,844.775,4.372036514089,841.567,55.165,10763.786
2026-05-19 16:15:59.720,15000,865.102,3.717851930867,862.02,44.812,10660.031
2026-05-19 16:15:59.825,15250,851.725,3.300019881616,848.989,37.929,10660.031
2026-05-19 16:15:59.941,15500,853.134,3.918873746648,849.258,45.218,10631.949
2026-05-19 16:16:00.056,15750,853.425,3.696071439785,849.973,42.716,10761.306
2026-05-19 16:16:00.057,16000,851.051,3.672843820515,847.673,42.072,10542.546
2026-05-19 16:16:00.175,16250,855.209,3.943295839566,851.255,45.852,10461.108
2026-05-19 16:16:00.299,16500,855.081,3.816994129053,850.929,42.74,10593.926
2026-05-19 16:16:00.415,16750,838.848,3.83546412606,834.548,41.75,10534.641
2026-05-19 16:16:00.525,17000,850.467,4.610843369662,845.161,52.569,10405.595
2026-05-19 16:16:00.525,17250,826.479,3.911744405457,821.658,40.216,10440.348
2026-05-19 16:16:00.637,17500,854.895,4.673821351309,849.351,54.174,10476.365
2026-05-19 16:16:00.750,17750,848.284,4.636455982798,842.938,52.416,10337.798
2026-05-19 16:16:00.869,18000,848.474,4.958310190091,842.388,56.043,10334.03
2026-05-19 16:16:00.870,18250,845.72,4.88221516213,840.437,56.988,10081.007
2026-05-19 16:16:00.984,18500,849.716,4.654264656944,844.298,52.898,10212.942
2026-05-19 16:16:01.089,18750,847.648,5.148795462454,841.105,57.963,10253.694
2026-05-19 16:16:01.204,19000,851.076,5.47604823624,843.582,62.39,10186.95
2026-05-19 16:16:01.204,19250,842.38,5.547227642726,834.924,61.107,10101.012
2026-05-19 16:16:01.314,19500,842.216,4.320833627774,837.093,47.445,9975.782
2026-05-19 16:16:01.420,19750,842.253,5.088743831476,835.997,56.123,10027.819
2026-05-19 16:16:01.530,20000,6600.939,25.047894013253,-116.135,5966.9,8408.222
2026-05-19 16:16:01.531,20250,6602.457,25.225289092825,-115.171,5969.2,8378.136
2026-05-19 16:16:01.635,20500,6452.868,25.076426803118,9.633,5838.686,8277.233
2026-05-19 16:16:01.746,20750,6570.722,24.477078565126,140.72,5960.538,8307.672
2026-05-19 16:16:01.747,21000,6439.002,23.994662357602,240.243,5842.493,8282.775
2026-05-19 16:16:01.855,21250,6446.496,24.715686535758,246.913,5852.569,8224.609
2026-05-19 16:16:01.974,21500,6447.984,24.914403708567,247.786,5855.082,8195.64
2026-05-19 16:16:01.974,21750,6307.635,24.735546044805,370.489,5726.338,8107.976
2026-05-19 16:16:02.089,22000,6440.009,24.131235123739,508.14,5854.567,8151.059
2026-05-19 16:16:02.201,22250,6441.459,24.33614707343,508.969,5857.178,8124.062
2026-05-19 16:16:02.201,22500,6304.534,23.770749514104,642.675,5719.488,7958.688
2026-05-19 16:16:02.314,22750,6301.009,24.230370002324,637.928,5723.541,8024.934
2026-05-19 16:16:02.420,23000,6163.886,23.602691410936,768.523,5584.5,7926.825
2026-05-19 16:16:02.420,23250,6166.502,24.046317488578,769.769,5589.872,7876.904
2026-05-19 16:16:02.530,23500,6166.502,24.046317488578,769.769,5589.872,7876.904
2026-05-19 16:16:02.531,23750,6048.299,23.718835572332,887.148,5468.591,7764.76
2026-05-19 16:16:02.636,24000,6188.617,23.181300423088,1020.933,5593.375,7817.867
2026-05-19 16:16:02.744,24250,6067.338,22.056842823446,1154.779,5452.229,7656.628
2026-05-19 16:16:02.745,24500,6066.8,23.181669037413,1151.161,5464.266,7666.301
2026-05-19 16:16:02.851,24750,6068.373,22.846755207549,1153.68,5461.044,7638.531
2026-05-19 16:16:02.954,25000,5952.492,22.182107056224,1276.54,5330.07,7556.58
2026-05-19 16:16:02.955,25250,5953.651,22.410678657489,1277.064,5332.821,7536.146
2026-05-19 16:16:03.066,25500,5840.701,21.586971114613,1406.9,5197.033,7406.009
2026-05-19 16:16:03.067,25750,5841.84,21.827251708581,1407.402,5199.871,7385.867
2026-05-19 16:16:03.181,26000,5845.219,21.945204772197,1410.347,5201.938,7327.538
2026-05-19 16:16:03.181,26250,5749.315,21.303092426644,1519.492,5085.575,7259.503
2026-05-19 16:16:03.299,26500,5753.944,21.711203774331,1522.906,5091.109,7180.67
2026-05-19 16:16:03.299,26750,5642.127,21.697790825396,1640.244,4964.033,7209.203
2026-05-19 16:16:03.406,27000,5647.022,20.69290598623,1647.638,4954.568,7124.215
2026-05-19 16:16:03.515,27250,5652.865,21.537157489799,1652.081,4966.443,7063.572
2026-05-19 16:16:03.516,27500,5554.33,19.95626614642,1777.421,4825.025,6939.559
2026-05-19 16:16:03.624,27750,5556.492,20.504915644824,1778.227,4831.498,6904.681
2026-05-19 16:16:03.624,28000,5454.67,19.350542592328,1909.135,4687.943,6851.022
2026-05-19 16:16:03.734,28250,5462.46,19.679078346334,1916.039,4693.098,6727.736
2026-05-19 16:16:03.735,28500,5462.46,19.679078346334,1916.039,4693.098,6727.736
2026-05-19 16:16:03.841,28750,5384.843,19.006790039145,2040.557,4570.531,6554.167
2026-05-19 16:16:03.841,29000,5392.227,18.812950046677,2048.237,4569.685,6449.029
2026-05-19 16:16:03.951,29250,5293.492,19.441204924737,2163.889,4446.428,6538.979
2026-05-19 16:16:03.952,29500,5303.128,18.89298837334,2174.685,4442.351,6398.999
2026-05-19 16:16:04.069,29750,5313.979,19.161563447553,2185.625,4449.438,6274.974
2026-05-19 16:16:04.070,30000,5231.905,18.068049344016,2317.913,4305.288,6177.269
2026-05-19 16:16:04.183,30250,5235.958,17.990687184189,2322.072,4305.105,6126.044
2026-05-19 16:16:04.184,30500,5166.486,17.271140805531,2454.101,4171.845,6013.746
2026-05-19 16:16:04.300,30750,5166.486,17.271140805531,2454.101,4171.845,6013.746
2026-05-19 16:16:04.301,31000,5176.874,17.830934718687,2463.025,4180.637,5890.383
2026-05-19 16:16:04.404,31250,5101.237,16.355420852432,2604.953,4023.292,5850.986
2026-05-19 16:16:04.404,31500,5102.724,17.068650324169,2604.906,4032.378,5833.77
2026-05-19 16:16:04.520,31750,5107.744,17.966426689743,2609.622,4047.911,5802.722
2026-05-19 16:16:04.520,32000,4865.243,16.855336531058,2595.531,3777.472,5668.19
2026-05-19 16:16:04.521,32250,4865.243,16.855336531058,2595.531,3777.472,5668.19
2026-05-19 16:16:04.632,32500,4807.029,16.090575377219,2725.459,3639.368,5654.116
2026-05-19 16:16:04.633,32750,4811.407,16.058921201929,2729.836,3639.766,5601.912
2026-05-19 16:16:04.746,33000,4812.014,16.754722835716,2728.83,3648.144,5594.807
2026-05-19 16:16:04.746,33250,4763.69,15.217993823248,2862.212,3501.357,5569.685
2026-05-19 16:16:04.856,33500,4773.126,15.919663992661,2869.992,3511.435,5461.932
2026-05-19 16:16:04.857,33750,4773.126,15.919663992661,2869.992,3511.435,5461.932
2026-05-19 16:16:04.969,34000,4733.12,15.488912439187,3003.363,3376.002,5441.041
2026-05-19 16:16:04.970,34250,4539.549,15.768496712442,2860.6,3245.666,5340.624
2026-05-19 16:16:04.970,34500,4544.215,15.778246672615,2865.145,3246.732,5288.041
2026-05-19 16:16:05.089,34750,4517.231,14.941405586442,3000.019,3111.693,5223.777
2026-05-19 16:16:05.090,35000,4517.231,14.941405586442,3000.019,3111.693,5223.777
2026-05-19 16:16:05.204,35250,4516.495,15.732711310713,2997.317,3120.835,5231.901
2026-05-19 16:16:05.204,35500,4495.586,14.147713040509,3124.462,2982.229,5221.076
2026-05-19 16:16:05.205,35750,4299.755,14.460582474633,2978.949,2861.225,5119.547
2026-05-19 16:16:05.319,36000,4316.546,15.141361409299,2993.903,2868.392,5034.227
2026-05-19 16:16:05.320,36250,4303.578,13.412982342098,3125.703,2724.955,5027.527
2026-05-19 16:16:05.430,36500,4312.198,14.40286503838,3131.892,2738.161,4935.59
2026-05-19 16:16:05.430,36750,4312.198,14.40286503838,3131.892,2738.161,4935.59
2026-05-19 16:16:05.546,37000,4311.801,11.701180139136,3338.104,2514.32,4935.386
2026-05-19 16:16:05.547,37250,4115.425,12.432501961264,3193.435,2392.713,4854.561
2026-05-19 16:16:05.547,37500,4115.425,12.432501961264,3193.435,2392.713,4854.561
2026-05-19 16:16:05.669,37750,4123.921,13.229900176867,3201.158,2406.909,4759.977
2026-05-19 16:16:05.670,38000,4137.278,11.123671933463,3337.714,2252.156,4774.994
2026-05-19 16:16:05.670,38250,856.599,3.601418783618,853.282,42.128,5696.073
2026-05-19 16:16:05.789,38500,803.586,6.016394268205,797.281,71.624,6052.56
2026-05-19 16:16:05.790,38750,788.482,3.985885779606,785.763,45.873,5914.038
2026-05-19 16:16:05.790,39000,785.713,4.824140474804,781.839,55.124,5942.58
2026-05-19 16:16:05.894,39250,783.992,5.284057669833,779.304,60.02,5960.749
2026-05-19 16:16:05.894,39500,793.996,5.551949528909,788.746,64.573,5860.345
2026-05-19 16:16:06.002,39750,809.262,3.53925337215,806.909,42.626,5770.676
2026-05-19 16:16:06.002,40000,776.42,4.381651837907,773.298,48.915,5764.14
2026-05-19 16:16:06.003,40250,784.85,4.657599941104,781.235,53.149,5679.049
2026-05-19 16:16:06.105,40500,787.091,5.224459568056,782.48,59.815,5656.079
2026-05-19 16:16:06.106,40750,787.091,5.224459568056,782.48,59.815,5656.079
2026-05-19 16:16:06.219,41000,799.258,4.373829774167,795.945,51.777,5627.697
2026-05-19 16:16:06.220,41250,786.903,4.116590623626,784.072,47.223,5505.396
2026-05-19 16:16:06.220,41500,784.78,4.518854896861,781.341,51.478,5526.147
2026-05-19 16:16:06.329,41750,787.165,6.180756161944,782.481,78.641,5468.605
2026-05-19 16:16:06.330,42000,804.47,3.574008101367,802.187,42.783,5445.834
2026-05-19 16:16:06.444,42250,804.47,3.574008101367,802.187,42.783,5445.834
2026-05-19 16:16:06.445,42500,779.184,3.238389318111,777.465,36.457,5370.491
2026-05-19 16:16:06.445,42750,793.836,3.899043755113,791.251,45.523,5234.629
2026-05-19 16:16:06.560,43000,791.168,4.314929164207,787.975,49.949,5258.95
2026-05-19 16:16:06.560,43250,800.575,2.431343445075,799.498,28.83,5297.577
2026-05-19 16:16:06.561,43500,883.768,2.111819312439,882.816,28.005,4781.975
2026-05-19 16:16:06.664,43750,794.359,1.743485273153,793.841,20.418,5050.05
2026-05-19 16:16:06.667,44000,785.761,3.021619000107,784.239,34.6,5125.655
2026-05-19 16:16:06.669,44250,800.533,3.807237223311,798.028,45.196,4997.72
2026-05-19 16:16:06.779,44500,800.533,3.807237223311,798.028,45.196,4997.72
2026-05-19 16:16:06.780,44750,824.166,2.219884129777,823.448,29.357,5002.026
2026-05-19 16:16:06.780,45000,806.319,1.621008462771,805.858,19.548,4826.023
2026-05-19 16:16:06.894,45250,806.319,1.621008462771,805.858,19.548,4826.023
2026-05-19 16:16:06.894,45500,806.319,1.621008462771,805.858,19.548,4826.023
2026-05-19 16:16:06.895,45750,815.64,3.422345945754,813.486,42.044,4754.422
2026-05-19 16:16:07.013,46000,789.412,2.655204256191,788.226,30.695,4701.23
2026-05-19 16:16:07.014,46250,807.622,0.465729687616,807.584,5.636,4768.168
2026-05-19 16:16:07.015,46500,819.755,1.247095944777,819.473,15.529,4676.389
2026-05-19 16:16:07.128,46750,819.755,1.247095944777,819.473,15.529,4676.389
2026-05-19 16:16:07.128,47000,819.755,1.247095944777,819.473,15.529,4676.389
2026-05-19 16:16:07.129,47250,813.616,0.927663944141,813.462,11.387,4478.153
2026-05-19 16:16:07.243,47500,813.616,0.927663944141,813.462,11.387,4478.153
2026-05-19 16:16:07.243,47750,813.616,0.927663944141,813.462,11.387,4478.153
2026-05-19 16:16:07.244,48000,830.662,2.146799276659,829.806,27.401,4360.597
2026-05-19 16:16:07.349,48250,830.662,2.146799276659,829.806,27.401,4360.597
2026-05-19 16:16:07.349,48500,819.571,-0.426074111932,819.47,-5.43,4428.715
2026-05-19 16:16:07.350,48750,829.855,1.278222335797,829.552,16.291,4357.931
2026-05-19 16:16:07.457,49000,829.855,1.278222335797,829.552,16.291,4357.931
2026-05-19 16:16:07.457,49250,844.991,2.584349100585,843.711,34.052,4260.768
2026-05-19 16:16:07.458,49500,802.745,-0.516387492334,802.104,-11.054,4260.768
2026-05-19 16:16:07.563,49750,822.323,0.723907144834,822.228,9.069,4188.394
2026-05-19 16:16:07.564,50000,822.323,0.723907144834,822.228,9.069,4188.394
2026-05-19 16:16:07.564,50250,822.323,0.723907144834,822.228,9.069,4188.394
2026-05-19 16:16:07.679,50500,837.507,2.168909320708,836.62,28.114,4092.603
2026-05-19 16:16:07.680,50750,837.507,2.168909320708,836.62,28.114,4092.603
2026-05-19 16:16:07.680,51000,838.892,-1.64224815828,838.382,-21.359,4096.876
2026-05-19 16:16:07.681,51250,854.081,-0.120110285414,854.078,-1.616,4007.632
2026-05-19 16:16:07.794,51500,854.081,-0.120110285414,854.078,-1.616,4007.632
2026-05-19 16:16:07.795,51750,854.081,-0.120110285414,854.078,-1.616,4007.632
2026-05-19 16:16:07.795,52000,854.081,-0.120110285414,854.078,-1.616,4007.632
2026-05-19 16:16:07.910,52250,842.15,-1.310169700505,841.703,-19.69,3889.904
2026-05-19 16:16:07.910,52500,850.317,-0.578992049436,850.252,-7.725,3861.134
2026-05-19 16:16:07.911,52750,850.317,-0.578992049436,850.252,-7.725,3861.134
2026-05-19 16:16:07.911,53000,867.237,1.481215372911,866.796,20.487,3770.804
2026-05-19 16:16:08.017,53250,867.237,1.481215372911,866.796,20.487,3770.804
2026-05-19 16:16:08.018,53500,867.237,1.481215372911,866.796,20.487,3770.804
2026-05-19 16:16:08.018,53750,834.81,-2.29854502209,833.87,-35.325,3770.804
2026-05-19 16:16:08.130,54000,849.453,-0.78664086409,849.333,-10.476,3721.374
2026-05-19 16:16:08.131,54250,863.418,1.172531700034,863.143,16.089,3648.892
2026-05-19 16:16:08.131,54500,863.418,1.172531700034,863.143,16.089,3648.892
2026-05-19 16:16:08.240,54750,863.418,1.172531700034,863.143,16.089,3648.892
2026-05-19 16:16:08.241,55000,863.418,1.172531700034,863.143,16.089,3648.892
2026-05-19 16:16:08.241,55250,875.954,3.149097857312,873.923,44.307,3587.385
2026-05-19 16:16:08.241,55500,845.142,-1.053167975057,844.049,-19.153,3587.385
2026-05-19 16:16:08.350,55750,858.917,0.62773835789,858.839,8.533,3542.624
2026-05-19 16:16:08.350,56000,858.917,0.62773835789,858.839,8.533,3542.624
2026-05-19 16:16:08.351,56250,858.917,0.62773835789,858.839,8.533,3542.624
2026-05-19 16:16:08.453,56500,858.917,0.62773835789,858.839,8.533,3542.624
2026-05-19 16:16:08.454,56750,870.3,2.773777904873,868.742,38.582,3487.581
2026-05-19 16:16:08.454,57000,870.3,2.773777904873,868.742,38.582,3487.581
2026-05-19 16:16:08.569,57250,870.3,2.773777904873,868.742,38.582,3487.581
2026-05-19 16:16:08.570,57500,870.3,2.773777904873,868.742,38.582,3487.581
2026-05-19 16:16:08.570,57750,870.3,2.773777904873,868.742,38.582,3487.581
2026-05-19 16:16:08.571,58000,853.508,5.302569847342,849.672,79.855,3542.584
2026-05-19 16:16:08.679,58250,835.744,2.868264942821,834.583,40.662,3493.578
2026-05-19 16:16:08.679,58500,902.832,1.404302404114,902.405,20.878,3493.578
2026-05-19 16:16:08.680,58750,919.315,5.449403395832,915.144,86.288,3432.144
2026-05-19 16:16:08.784,59000,919.315,5.449403395832,915.144,86.288,3432.144
2026-05-19 16:16:08.784,59250,896.117,0.205517661297,895.309,1.359,3445.487
2026-05-19 16:16:08.785,59500,892.044,-0.668463294458,890.678,-13.25,3458.829
2026-05-19 16:16:08.894,59750,922.825,-1.254048309941,920.428,-26.137,3363.51
2026-05-19 16:16:08.895,60000,869.881,3.814105980809,866.693,53.043,3375.093
2026-05-19 16:16:08.895,60250,867.362,3.048392954074,865.247,42.222,3386.676
2026-05-19 16:16:08.895,60500,884.244,4.408520202764,880.201,62.884,3313.595
2026-05-19 16:16:08.999,60750,907.931,4.065922593203,904.324,60.926,3213.765
2026-05-19 16:16:08.999,61000,907.931,4.065922593203,904.324,60.926,3213.765
2026-05-19 16:16:09.000,61250,907.931,4.065922593203,904.324,60.926,3213.765
2026-05-19 16:16:09.000,61500,907.931,4.065922593203,904.324,60.926,3213.765
2026-05-19 16:16:09.109,61750,907.931,4.065922593203,904.324,60.926,3213.765
2026-05-19 16:16:09.110,62000,907.931,4.065922593203,904.324,60.926,3213.765
2026-05-19 16:16:09.110,62250,907.931,4.065922593203,904.324,60.926,3213.765
2026-05-19 16:16:09.111,62500,907.931,4.065922593203,904.324,60.926,3213.765
2026-05-19 16:16:09.214,62750,907.931,4.065922593203,904.324,60.926,3213.765
2026-05-19 16:16:09.215,63000,907.931,4.065922593203,904.324,60.926,3213.765
2026-05-19 16:16:09.218,63250,867.53,5.078991024925,862.345,70.059,3120.852
2026-05-19 16:16:09.330,63500,867.53,5.078991024925,862.345,70.059,3120.852
2026-05-19 16:16:09.330,63750,867.53,5.078991024925,862.345,70.059,3120.852
2026-05-19 16:16:09.333,64000,867.53,5.078991024925,862.345,70.059,3120.852
2026-05-19 16:16:09.335,64250,867.53,5.078991024925,862.345,70.059,3120.852
2026-05-19 16:16:09.337,64500,867.53,5.078991024925,862.345,70.059,3120.852
2026-05-19 16:16:09.445,64750,867.53,5.078991024925,862.345,70.059,3120.852
2026-05-19 16:16:09.446,65000,903.453,4.513388822214,899.048,67.008,2978.64
2026-05-19 16:16:09.449,65250,903.453,4.513388822214,899.048,67.008,2978.64
2026-05-19 16:16:09.450,65500,903.453,4.513388822214,899.048,67.008,2978.64
2026-05-19 16:16:09.560,65750,896.354,2.765426910702,894.38,40.711,3005.325
2026-05-19 16:16:09.562,66000,892.805,1.891445954946,892.046,27.562,3018.668
2026-05-19 16:16:09.564,66250,892.805,1.891445954946,892.046,27.562,3018.668
2026-05-19 16:16:09.566,66500,892.805,1.891445954946,892.046,27.562,3018.668
2026-05-19 16:16:09.679,66750,892.805,1.891445954946,892.046,27.562,3018.668
2026-05-19 16:16:09.679,67000,892.805,1.891445954946,892.046,27.562,3018.668
2026-05-19 16:16:09.680,67250,848.072,3.176501333017,846.125,42.118,2920.981
2026-05-19 16:16:09.680,67500,848.072,3.176501333017,846.125,42.118,2920.981
2026-05-19 16:16:09.799,67750,848.072,3.176501333017,846.125,42.118,2920.981
2026-05-19 16:16:09.801,68000,848.072,3.176501333017,846.125,42.118,2920.981
2026-05-19 16:16:09.804,68250,848.072,3.176501333017,846.125,42.118,2920.981
2026-05-19 16:16:09.804,68500,848.072,3.176501333017,846.125,42.118,2920.981
2026-05-19 16:16:09.912,68750,830.19,0.949401067794,826.479,5.859,2968.68
2026-05-19 16:16:09.913,69000,854.618,0.363816052311,851.472,-0.26,2873.361
2026-05-19 16:16:09.914,69250,908.31,5.638774207628,901.375,84.374,2825.701
2026-05-19 16:16:09.915,69500,908.31,5.638774207628,901.375,84.374,2825.701
2026-05-19 16:16:10.030,69750,908.31,5.638774207628,901.375,84.374,2825.701
2026-05-19 16:16:10.032,70000,908.31,5.638774207628,901.375,84.374,2825.701
2026-05-19 16:16:10.033,70250,908.31,5.638774207628,901.375,84.374,2825.701
2026-05-19 16:16:10.035,70500,908.31,5.638774207628,901.375,84.374,2825.701
2026-05-19 16:16:10.037,70750,908.31,5.638774207628,901.375,84.374,2825.701
2026-05-19 16:16:10.143,71000,908.31,5.638774207628,901.375,84.374,2825.701
2026-05-19 16:16:10.145,71250,908.31,5.638774207628,901.375,84.374,2825.701
2026-05-19 16:16:10.146,71500,908.31,5.638774207628,901.375,84.374,2825.701
2026-05-19 16:16:10.148,71750,917.679,6.75232434024,909.776,104.28,2801.852
2026-05-19 16:16:10.263,72000,810.213,1.636259903075,805.125,12.954,2724.988
2026-05-19 16:16:10.267,72250,870.157,8.864328640484,857.47,124.94,2698.45
2026-05-19 16:16:10.268,72500,881.824,10.069006763386,867.991,146.71,2671.912
2026-05-19 16:16:10.268,72750,832.234,4.045616148878,829.187,51.735,2671.912
2026-05-19 16:16:10.379,73000,843.218,6.864719109114,834.244,89.584,2628.594
2026-05-19 16:16:10.382,73250,843.218,6.864719109114,834.244,89.584,2628.594
2026-05-19 16:16:10.384,73500,843.218,6.864719109114,834.244,89.584,2628.594
2026-05-19 16:16:10.386,73750,883.758,6.072675734353,876.1,86.487,2485.443
2026-05-19 16:16:10.499,74000,883.758,6.072675734353,876.1,86.487,2485.443
2026-05-19 16:16:10.501,74250,883.758,6.072675734353,876.1,86.487,2485.443
2026-05-19 16:16:10.503,74500,883.758,6.072675734353,876.1,86.487,2485.443
2026-05-19 16:16:10.504,74750,883.758,6.072675734353,876.1,86.487,2485.443
2026-05-19 16:16:10.619,75000,883.758,6.072675734353,876.1,86.487,2485.443
2026-05-19 16:16:10.620,75250,879.052,5.059299728621,873.327,71.696,2501.143
2026-05-19 16:16:10.620,75500,874.346,4.045923722888,870.554,56.905,2516.843
2026-05-19 16:16:10.621,75750,869.639,3.032547717156,867.781,42.115,2532.543
2026-05-19 16:16:10.621,76000,869.639,3.032547717156,867.781,42.115,2532.543
2026-05-19 16:16:10.734,76250,869.639,3.032547717156,867.781,42.115,2532.543
2026-05-19 16:16:10.735,76500,869.639,3.032547717156,867.781,42.115,2532.543
2026-05-19 16:16:10.735,76750,869.639,3.032547717156,867.781,42.115,2532.543
2026-05-19 16:16:10.736,77000,869.639,3.032547717156,867.781,42.115,2532.543
2026-05-19 16:16:10.736,77250,869.639,3.032547717156,867.781,42.115,2532.543
2026-05-19 16:16:10.845,77500,869.639,3.032547717156,867.781,42.115,2532.543
2026-05-19 16:16:10.846,77750,832.924,8.013931326363,820.987,101.95,2393.438
2026-05-19 16:16:10.846,78000,832.924,8.013931326363,820.987,101.95,2393.438
2026-05-19 16:16:10.847,78250,832.924,8.013931326363,820.987,101.95,2393.438
2026-05-19 16:16:10.847,78500,879.186,6.998478533108,869.117,98.577,2242.135
2026-05-19 16:16:10.955,78750,879.186,6.998478533108,869.117,98.577,2242.135
2026-05-19 16:16:10.956,79000,879.186,6.998478533108,869.117,98.577,2242.135
2026-05-19 16:16:10.956,79250,879.186,6.998478533108,869.117,98.577,2242.135
2026-05-19 16:16:10.957,79500,879.186,6.998478533108,869.117,98.577,2242.135
2026-05-19 16:16:10.957,79750,879.186,6.998478533108,869.117,98.577,2242.135
2026-05-19 16:16:11.068,80000,879.186,6.998478533108,869.117,98.577,2242.135
2026-05-19 16:16:11.069,80250,879.186,6.998478533108,869.117,98.577,2242.135
2026-05-19 16:16:11.069,80500,879.186,6.998478533108,869.117,98.577,2242.135
2026-05-19 16:16:11.070,80750,879.186,6.998478533108,869.117,98.577,2242.135
2026-05-19 16:16:11.070,81000,879.186,6.998478533108,869.117,98.577,2242.135
2026-05-19 16:16:11.182,81250,879.186,6.998478533108,869.117,98.577,2242.135
2026-05-19 16:16:11.182,81500,879.186,6.998478533108,869.117,98.577,2242.135
2026-05-19 16:16:11.183,81750,879.186,6.998478533108,869.117,98.577,2242.135
2026-05-19 16:16:11.183,82000,852.571,2.992998711058,850.825,40.083,2198.535
2026-05-19 16:16:11.289,82250,852.571,2.992998711058,850.825,40.083,2198.535
2026-05-19 16:16:11.290,82500,852.571,2.992998711058,850.825,40.083,2198.535
2026-05-19 16:16:11.290,82750,912.303,1.590621489591,911.746,24.084,2032.956
2026-05-19 16:16:11.291,83000,912.303,1.590621489591,911.746,24.084,2032.956
2026-05-19 16:16:11.291,83250,938.901,0.942612360053,937.988,11.514,1987.8
2026-05-19 16:16:11.400,83500,850.029,3.534648878205,847.608,47.052,1942.644
2026-05-19 16:16:11.400,83750,850.029,3.534648878205,847.608,47.052,1942.644
2026-05-19 16:16:11.401,84000,850.029,3.534648878205,847.608,47.052,1942.644
2026-05-19 16:16:11.401,84250,850.029,3.534648878205,847.608,47.052,1942.644
2026-05-19 16:16:11.402,84500,850.029,3.534648878205,847.608,47.052,1942.644
2026-05-19 16:16:11.516,84750,850.029,3.534648878205,847.608,47.052,1942.644
2026-05-19 16:16:11.516,85000,850.029,3.534648878205,847.608,47.052,1942.644
2026-05-19 16:16:11.517,85250,850.029,3.534648878205,847.608,47.052,1942.644
2026-05-19 16:16:11.517,85500,850.029,3.534648878205,847.608,47.052,1942.644
2026-05-19 16:16:11.517,85750,850.029,3.534648878205,847.608,47.052,1942.644
2026-05-19 16:16:11.634,86000,850.029,3.534648878205,847.608,47.052,1942.644
2026-05-19 16:16:11.635,86250,850.029,3.534648878205,847.608,47.052,1942.644
2026-05-19 16:16:11.635,86500,850.029,3.534648878205,847.608,47.052,1942.644
2026-05-19 16:16:11.636,86750,850.029,3.534648878205,847.608,47.052,1942.644
2026-05-19 16:16:11.636,87000,932.697,6.592553600892,922.778,103.131,1747.421
2026-05-19 16:16:11.750,87250,932.697,6.592553600892,922.778,103.131,1747.421
2026-05-19 16:16:11.751,87500,932.697,6.592553600892,922.778,103.131,1747.421
2026-05-19 16:16:11.751,87750,932.697,6.592553600892,922.778,103.131,1747.421
2026-05-19 16:16:11.752,88000,932.697,6.592553600892,922.778,103.131,1747.421
2026-05-19 16:16:11.752,88250,932.697,6.592553600892,922.778,103.131,1747.421
2026-05-19 16:16:11.869,88500,932.697,6.592553600892,922.778,103.131,1747.421
2026-05-19 16:16:11.869,88750,932.697,6.592553600892,922.778,103.131,1747.421
2026-05-19 16:16:11.870,89000,932.697,6.592553600892,922.778,103.131,1747.421
2026-05-19 16:16:11.870,89250,859.204,9.231655325977,842.445,124.066,1657.121
2026-05-19 16:16:11.871,89500,859.204,9.231655325977,842.445,124.066,1657.121
2026-05-19 16:16:11.989,89750,859.204,9.231655325977,842.445,124.066,1657.121
2026-05-19 16:16:11.989,90000,859.204,9.231655325977,842.445,124.066,1657.121
2026-05-19 16:16:11.990,90250,859.204,9.231655325977,842.445,124.066,1657.121
2026-05-19 16:16:11.990,90500,807.596,1.310060471825,802.932,10.161,1634.774
2026-05-19 16:16:11.991,90750,822.828,3.290459185363,820.854,41.212,1612.426
2026-05-19 16:16:11.991,91000,822.828,3.290459185363,820.854,41.212,1612.426
2026-05-19 16:16:12.104,91250,844.646,2.834711667614,843.071,36.732,1564.871
2026-05-19 16:16:12.105,91500,888.282,1.923216632116,887.505,27.772,1469.759
2026-05-19 16:16:12.105,91750,888.282,1.923216632116,887.505,27.772,1469.759
2026-05-19 16:16:12.106,92000,888.282,1.923216632116,887.505,27.772,1469.759
2026-05-19 16:16:12.106,92250,888.282,1.923216632116,887.505,27.772,1469.759
2026-05-19 16:16:12.214,92500,888.282,1.923216632116,887.505,27.772,1469.759
2026-05-19 16:16:12.215,92750,888.282,1.923216632116,887.505,27.772,1469.759
2026-05-19 16:16:12.215,93000,888.282,1.923216632116,887.505,27.772,1469.759
2026-05-19 16:16:12.215,93250,888.282,1.923216632116,887.505,27.772,1469.759
2026-05-19 16:16:12.325,93500,888.282,1.923216632116,887.505,27.772,1469.759
2026-05-19 16:16:12.325,93750,888.282,1.923216632116,887.505,27.772,1469.759
2026-05-19 16:16:12.326,94000,888.282,1.923216632116,887.505,27.772,1469.759
2026-05-19 16:16:12.326,94250,888.282,1.923216632116,887.505,27.772,1469.759
2026-05-19 16:16:12.327,94500,888.282,1.923216632116,887.505,27.772,1469.759
2026-05-19 16:16:12.449,94750,888.282,1.923216632116,887.505,27.772,1469.759
2026-05-19 16:16:12.449,95000,888.282,1.923216632116,887.505,27.772,1469.759
2026-05-19 16:16:12.450,95250,888.282,1.923216632116,887.505,27.772,1469.759
2026-05-19 16:16:12.450,95500,793.006,4.96066777192,788.834,57.722,1368.123
2026-05-19 16:16:12.451,95750,793.006,4.96066777192,788.834,57.722,1368.123
2026-05-19 16:16:12.451,96000,793.006,4.96066777192,788.834,57.722,1368.123
2026-05-19 16:16:12.569,96250,866.322,3.037451139804,864.47,41.89,1222.962
2026-05-19 16:16:12.569,96500,866.322,3.037451139804,864.47,41.89,1222.962
2026-05-19 16:16:12.570,96750,866.322,3.037451139804,864.47,41.89,1222.962
2026-05-19 16:16:12.570,97000,891.164,9.827308675881,870.891,140.871,1183.441
2026-05-19 16:16:12.571,97250,891.164,9.827308675881,870.891,140.871,1183.441
2026-05-19 16:16:12.685,97500,891.164,9.827308675881,870.891,140.871,1183.441
2026-05-19 16:16:12.685,97750,891.164,9.827308675881,870.891,140.871,1183.441
2026-05-19 16:16:12.686,98000,891.164,9.827308675881,870.891,140.871,1183.441
2026-05-19 16:16:12.686,98250,891.164,9.827308675881,870.891,140.871,1183.441
2026-05-19 16:16:12.687,98500,891.164,9.827308675881,870.891,140.871,1183.441
2026-05-19 16:16:12.789,98750,891.164,9.827308675881,870.891,140.871,1183.441
2026-05-19 16:16:12.790,99000,891.164,9.827308675881,870.891,140.871,1183.441
2026-05-19 16:16:12.790,99250,891.164,9.827308675881,870.891,140.871,1183.441
2026-05-19 16:16:12.790,99500,891.164,9.827308675881,870.891,140.871,1183.441
2026-05-19 16:16:12.899,99750,891.164,9.827308675881,870.891,140.871,1183.441
2026-05-19 16:16:12.899,100000,891.164,9.827308675881,870.891,140.871,1183.441
2026-05-19 16:16:13.446,10000,795.1,1.254245762063,794.829,14.727,11826.337
2026-05-19 16:16:13.550,10250,795.277,1.947661135957,794.63,22.858,11822.158
2026-05-19 16:16:13.669,10500,793.49,2.418558136544,792.496,28.251,11858.223
2026-05-19 16:16:13.890,10750,790.622,3.042953595002,789.484,38.84,11885.621
2026-05-19 16:16:14.001,11000,798.583,2.250346329037,797.709,26.631,11843.563
2026-05-19 16:16:14.115,11250,788.229,2.472629009177,787.19,28.491,11733.921
2026-05-19 16:16:14.219,11500,785.788,2.97848843615,784.519,35.865,11766.637
2026-05-19 16:16:14.450,11750,787.812,2.387415629381,786.857,27.494,11835.806
2026-05-19 16:16:14.562,12000,792.015,3.205201292194,790.276,37.279,11750.113
2026-05-19 16:16:14.674,12250,791.009,3.403262829431,789.042,39.463,11770.563
2026-05-19 16:16:14.789,12500,800.689,3.138149126633,799.1,37.457,11733.653
2026-05-19 16:16:14.905,12750,808.875,4.064484256589,806.298,49.222,11623.902
2026-05-19 16:16:15.024,13000,787.414,3.74525838573,785.056,43.022,11646.777
2026-05-19 16:16:15.139,13250,797.439,3.284597243803,795.198,36.944,11575.312
2026-05-19 16:16:15.253,13500,792.407,4.092092407164,789.571,47.597,11655.498
2026-05-19 16:16:15.369,13750,796.831,4.294804568669,793.668,50.507,11568.514
2026-05-19 16:16:15.489,14000,788.951,3.729947311693,786.614,43.028,11545.979
2026-05-19 16:16:15.604,14250,785.282,4.281738926575,782.233,48.907,11620.128
2026-05-19 16:16:15.720,14500,789.406,5.001001721556,785.195,57.651,11537.04
2026-05-19 16:16:15.829,14750,783.454,5.796014851119,778.814,69.882,11606.26
2026-05-19 16:16:15.945,15000,800.465,5.367861871675,795.855,63.592,11520.822
2026-05-19 16:16:15.946,15250,788.087,4.950029822424,783.984,56.893,11520.822
2026-05-19 16:16:16.069,15500,790.2,5.878310619972,784.387,67.826,11478.7
2026-05-19 16:16:16.173,15750,790.637,5.544107159678,785.459,64.075,11615.905
2026-05-19 16:16:16.284,16000,787.077,5.509265730773,782.009,63.107,11399.454
2026-05-19 16:16:16.399,16250,793.314,5.914943759349,787.382,68.778,11277.297
2026-05-19 16:16:16.510,16500,790.07,6.058792928966,783.897,69.865,11458.178
2026-05-19 16:16:16.620,16750,779.096,5.975980467046,772.848,66.975,11346.516
2026-05-19 16:16:16.621,17000,786.201,6.916265054494,778.242,78.854,11256.179
2026-05-19 16:16:16.737,17250,763.898,6.217166090288,756.89,66.801,11290.933
2026-05-19 16:16:16.849,17500,792.842,7.010732026963,784.527,81.261,11296.31
2026-05-19 16:16:16.969,17750,782.831,6.793756870551,775.181,76.81,11202.676
2026-05-19 16:16:16.970,18000,783.211,7.437465285136,774.082,84.064,11195.141
2026-05-19 16:16:17.083,18250,780.745,7.17472848579,772.853,82.987,10913.996
2026-05-19 16:16:17.199,18500,783.172,6.984015688154,775.091,78.996,11091.355
2026-05-19 16:16:17.313,18750,782.919,7.645712334021,773.277,86.297,11096.311
2026-05-19 16:16:17.314,19000,788.099,8.136785165498,777.041,92.954,10995.949
2026-05-19 16:16:17.430,19250,774.168,8.161861256246,763.406,89.967,10990.437
2026-05-19 16:16:17.544,19500,776.723,6.459333646077,769.337,71.621,10805.675
2026-05-19 16:16:17.545,19750,773.88,7.633115747215,764.495,84.185,10913.793
2026-05-19 16:16:17.649,20000,6534.177,27.769244026487,-186.518,5997.257,9262.512
2026-05-19 16:16:17.769,20250,6535.695,27.946639106059,-185.555,5999.557,9232.426
2026-05-19 16:16:17.883,20500,6382.448,27.899059538237,-64.571,5869.259,9182.124
2026-05-19 16:16:17.884,20750,6504.319,27.228967635683,70.604,5991.315,9150.31
2026-05-19 16:16:17.987,21000,6375.55,26.948055823473,173.135,5876.4,9094.323
2026-05-19 16:16:18.100,21250,6379.08,27.4679754297,175.812,5883.109,9069.396
2026-05-19 16:16:18.100,21500,6380.135,27.985507636808,175.369,5888.965,9048.739
2026-05-19 16:16:18.216,21750,6238.278,27.772348969708,296.717,5759.456,8969.894
2026-05-19 16:16:18.333,22000,6373.452,26.899069864872,437.831,5885.482,8978.183
2026-05-19 16:16:18.334,22250,6376.352,27.308893764252,439.488,5890.704,8924.188
2026-05-19 16:16:18.447,22500,6237.574,26.657674062287,571.647,5751.604,8773.87
2026-05-19 16:16:18.448,22750,6231.638,27.243420967825,564.212,5756.402,8885.562
2026-05-19 16:16:18.558,23000,6092.819,26.544761281697,693.368,5616.174,8799.54
2026-05-19 16:16:18.669,23250,6096.745,27.21020039816,695.238,5624.232,8724.658
2026-05-19 16:16:18.669,23500,6096.745,27.21020039816,695.238,5624.232,8724.658
2026-05-19 16:16:18.787,23750,5977.167,26.849034167702,811.393,5502.224,8620.485
2026-05-19 16:16:18.787,24000,6120.551,26.063588034851,948.848,5625.166,8636.69
2026-05-19 16:16:18.899,24250,6000.203,24.733601115603,1084.149,5482.011,8440.947
2026-05-19 16:16:19.013,24500,5998.251,26.203774115304,1078.212,5497.438,8476.02
2026-05-19 16:16:19.014,24750,6002.509,25.758705125037,1083.643,5493.709,8400.474
2026-05-19 16:16:19.119,25000,5883.951,24.79758803345,1204.698,5358.864,8349.494
2026-05-19 16:16:19.119,25250,5886.268,25.254731235979,1205.746,5364.367,8308.627
2026-05-19 16:16:19.229,25500,5770.623,24.111808390354,1333.782,5224.51,8209.386
2026-05-19 16:16:19.335,25750,5772.9,24.59236957829,1334.787,5230.186,8169.103
2026-05-19 16:16:19.335,26000,5776.279,24.710322641906,1337.732,5232.253,8110.773
2026-05-19 16:16:19.445,26250,5681.495,23.904439333793,1448.389,5114.379,8009.696
2026-05-19 16:16:19.445,26500,5687.218,24.560839716273,1452.209,5122.877,7912.519
2026-05-19 16:16:19.549,26750,5571.326,24.536567147371,1565.627,4994.683,7995.059
2026-05-19 16:16:19.549,27000,5577.721,23.203109332139,1575.315,4982.058,7884.292
2026-05-19 16:16:19.669,27250,5584.577,24.295752386337,1580.117,4996.843,7806.597
2026-05-19 16:16:19.669,27500,5486.531,22.271883773578,1707.018,4850.716,7660.391
2026-05-19 16:16:19.788,27750,5489.775,23.094858021185,1708.227,4860.425,7608.073
2026-05-19 16:16:19.788,28000,5388.339,21.465849780628,1840.604,4711.707,7534.507
2026-05-19 16:16:19.899,28250,5397.092,22.048497582199,1847.894,4719.876,7396.315
2026-05-19 16:16:19.899,28500,5397.092,22.048497582199,1847.894,4719.876,7396.315
2026-05-19 16:16:20.013,28750,5321.503,21.218459181206,1974.758,4595.937,7181.264
2026-05-19 16:16:20.014,29000,5332.579,20.927699192503,1986.277,4594.669,7023.558
2026-05-19 16:16:20.128,29250,5227.142,22.235608425003,2093.71,4477.683,7199.129
2026-05-19 16:16:20.129,29500,5239.291,21.292123419527,2107.966,4469.778,7022.063
2026-05-19 16:16:20.235,29750,5254.164,20.972296032408,2123.296,4469.058,6818.163
2026-05-19 16:16:20.235,30000,5174.146,20.228251405593,2257.709,4331.157,6706.946
2026-05-19 16:16:20.349,30250,5182.253,20.07352708594,2266.026,4330.791,6604.495
2026-05-19 16:16:20.349,30500,5111.453,19.247572015882,2396.979,4196.004,6500.973
2026-05-19 16:16:20.469,30750,5111.453,19.247572015882,2396.979,4196.004,6500.973
2026-05-19 16:16:20.470,31000,5127.034,20.087262885616,2410.365,4209.191,6315.928
2026-05-19 16:16:20.584,31250,5049.09,18.119911063943,2551.106,4045.325,6296.23
2026-05-19 16:16:20.584,31500,5051.321,19.189755271548,2551.036,4058.954,6270.404
2026-05-19 16:16:20.693,31750,5053.831,19.638643454335,2553.394,4066.72,6254.88
2026-05-19 16:16:20.694,32000,4809.24,19.012836070243,2537.057,3803.637,6134.436
2026-05-19 16:16:20.798,32250,4809.24,19.012836070243,2537.057,3803.637,6134.436
2026-05-19 16:16:20.799,32500,4747.51,18.126532694688,2663.795,3663.454,6155.944
2026-05-19 16:16:20.915,32750,4751.888,18.094878519398,2668.172,3663.852,6103.74
2026-05-19 16:16:20.917,33000,4754.988,19.122753882434,2668.851,3676.618,6066.982
2026-05-19 16:16:20.919,33250,4705.147,17.07378186581,2801.873,3523.488,6054.42
2026-05-19 16:16:21.036,33500,4719.301,18.12628711993,2813.542,3538.606,5892.792
2026-05-19 16:16:21.037,33750,4719.301,18.12628711993,2813.542,3538.606,5892.792
2026-05-19 16:16:21.150,34000,4678.004,17.745480289509,2945.528,3403.527,5882.214
2026-05-19 16:16:21.151,34250,4478.16,18.118259320515,2796.396,3273.035,5832.006
2026-05-19 16:16:21.153,34500,4487.492,18.137759240861,2805.484,3275.167,5726.839
2026-05-19 16:16:21.269,34750,4459.259,17.151154809269,2939.493,3138.107,5672.905
2026-05-19 16:16:21.270,35000,4459.259,17.151154809269,2939.493,3138.107,5672.905
2026-05-19 16:16:21.382,35250,4458.155,18.338113395675,2935.44,3151.82,5685.091
2026-05-19 16:16:21.382,35500,4436.549,16.224782368736,3063.185,3006.883,5679.679
2026-05-19 16:16:21.489,35750,4247.915,16.575180661716,2924.714,2885.778,5527.386
2026-05-19 16:16:21.489,36000,4255.259,17.691473750279,2929.299,2898.08,5496.224
2026-05-19 16:16:21.491,36250,4241.846,15.386968327345,3061.987,2747.935,5492.873
2026-05-19 16:16:21.604,36500,4254.775,16.871792371768,3071.271,2767.745,5354.968
2026-05-19 16:16:21.604,36750,4254.775,16.871792371768,3071.271,2767.745,5354.968
2026-05-19 16:16:21.719,37000,4254.365,13.269545839442,3279.374,2533.199,5354.866
2026-05-19 16:16:21.720,37250,4050.23,14.377909326259,3126.363,2414.779,5333.952
2026-05-19 16:16:21.721,37500,4050.23,14.377909326259,3126.363,2414.779,5333.952
2026-05-19 16:16:21.829,37750,4064.052,14.636307952214,3139.46,2420.118,5186.771
2026-05-19 16:16:21.830,38000,4077.189,12.530079708809,3276.603,2268.77,5201.788
2026-05-19 16:16:21.935,38250,795.399,5.402128175427,790.423,63.193,6134.346
2026-05-19 16:16:21.936,38500,747.135,7.921194486369,738.909,94.68,6443.046
2026-05-19 16:16:21.936,38750,725.437,5.174805256941,722.004,59.622,6350.132
2026-05-19 16:16:22.050,39000,721.284,6.432187299738,716.119,73.499,6392.944
2026-05-19 16:16:22.051,39250,719.563,6.892104494768,713.584,78.394,6411.113
2026-05-19 16:16:22.169,39500,734.57,7.293942283382,727.746,85.224,6260.508
2026-05-19 16:16:22.169,39750,751.198,4.668351517388,748.177,56.176,6161.662
2026-05-19 16:16:22.170,40000,708.893,5.842202450543,704.731,65.22,6225.348
2026-05-19 16:16:22.284,40250,721.538,6.256124605338,716.636,71.571,6097.71
2026-05-19 16:16:22.284,40500,723.78,6.82298423229,717.881,78.237,6074.74
2026-05-19 16:16:22.285,40750,723.78,6.82298423229,717.881,78.237,6074.74
2026-05-19 16:16:22.399,41000,741.002,5.892595942906,736.483,69.954,6004.599
2026-05-19 16:16:22.400,41250,722.871,5.488787498167,719.097,62.964,5919.673
2026-05-19 16:16:22.400,41500,720.747,5.891051771403,716.365,67.219,5940.424
2026-05-19 16:16:22.515,41750,731.652,7.096403579273,726.008,86.388,5821.601
2026-05-19 16:16:22.516,42000,747.899,4.489655518696,745.172,53.896,5798.831
2026-05-19 16:16:22.620,42250,745.491,4.903188443386,742.288,58.617,5820.334
2026-05-19 16:16:22.620,42500,712.578,4.317852424148,710.287,48.609,5793.414
2026-05-19 16:16:22.621,42750,732.114,5.198725006817,728.668,60.698,5612.264
2026-05-19 16:16:22.730,43000,729.446,5.614610415911,725.392,65.124,5636.586
2026-05-19 16:16:22.730,43250,742.01,3.103162790402,740.697,36.871,5655.899
2026-05-19 16:16:22.730,43500,830.277,3.009479669158,828.888,39.141,5097.583
2026-05-19 16:16:22.849,43750,732.812,2.32464703087,732.121,27.223,5413.192
2026-05-19 16:16:22.851,44000,721.347,4.028825333476,719.319,46.134,5513.999
2026-05-19 16:16:22.851,44250,741.045,5.076316297748,737.704,60.261,5343.418
2026-05-19 16:16:22.969,44500,741.045,5.076316297748,737.704,60.261,5343.418
2026-05-19 16:16:22.970,44750,768.835,2.83590568284,767.914,36.905,5323.564
2026-05-19 16:16:22.970,45000,748.759,2.161344617028,748.144,26.064,5147.581
2026-05-19 16:16:23.075,45250,748.759,2.161344617028,748.144,26.064,5147.581
2026-05-19 16:16:23.076,45500,748.759,2.161344617028,748.144,26.064,5147.581
2026-05-19 16:16:23.076,45750,763.765,4.2834010163,761.205,52.849,5032.775
2026-05-19 16:16:23.199,46000,726.216,3.540272341588,724.635,40.927,5049.688
2026-05-19 16:16:23.199,46250,750.496,0.620972916822,750.445,7.515,5083.157
2026-05-19 16:16:23.200,46500,766.673,1.662794593035,766.297,20.705,4960.785
2026-05-19 16:16:23.316,46750,766.673,1.662794593035,766.297,20.705,4960.785
2026-05-19 16:16:23.316,47000,766.673,1.662794593035,766.297,20.705,4960.785
2026-05-19 16:16:23.317,47250,758.487,1.236885258855,758.283,15.182,4762.325
2026-05-19 16:16:23.431,47500,758.487,1.236885258855,758.283,15.182,4762.325
2026-05-19 16:16:23.431,47750,758.487,1.236885258855,758.283,15.182,4762.325
2026-05-19 16:16:23.432,48000,781.216,2.862399035545,780.075,36.534,4605.583
2026-05-19 16:16:23.546,48250,781.216,2.862399035545,780.075,36.534,4605.583
2026-05-19 16:16:23.546,48500,769.856,-0.852148223864,769.654,-10.861,4675.034
2026-05-19 16:16:23.547,48750,780.139,1.704296447729,779.736,21.722,4604.25
2026-05-19 16:16:23.651,49000,780.139,1.704296447729,779.736,21.722,4604.25
2026-05-19 16:16:23.651,49250,800.322,3.44579880078,798.614,45.403,4474.7
2026-05-19 16:16:23.651,49500,760.308,0.345062207861,759.909,2.031,4474.7
2026-05-19 16:16:23.755,49750,770.098,0.965209526445,769.97,12.092,4438.513
2026-05-19 16:16:23.755,50000,770.098,0.965209526445,769.97,12.092,4438.513
2026-05-19 16:16:23.756,50250,770.098,0.965209526445,769.97,12.092,4438.513
2026-05-19 16:16:23.875,50500,790.342,2.891879094277,789.159,37.485,4310.791
2026-05-19 16:16:23.875,50750,790.342,2.891879094277,789.159,37.485,4310.791
2026-05-19 16:16:23.875,51000,792.19,-2.189664211039,791.509,-28.479,4312.928
2026-05-19 16:16:23.876,51250,812.441,-0.160147047219,812.437,-2.154,4193.936
2026-05-19 16:16:23.985,51500,812.441,-0.160147047219,812.437,-2.154,4193.936
2026-05-19 16:16:23.986,51750,812.441,-0.160147047219,812.437,-2.154,4193.936
2026-05-19 16:16:23.986,52000,812.441,-0.160147047219,812.437,-2.154,4193.936
2026-05-19 16:16:24.089,52250,807.422,-0.771989399248,807.336,-10.301,4046.556
2026-05-19 16:16:24.090,52500,807.422,-0.771989399248,807.336,-10.301,4046.556
2026-05-19 16:16:24.091,52750,807.422,-0.771989399248,807.336,-10.301,4046.556
2026-05-19 16:16:24.199,53000,829.983,1.974953830548,829.395,27.316,3926.116
2026-05-19 16:16:24.200,53250,829.983,1.974953830548,829.395,27.316,3926.116
2026-05-19 16:16:24.200,53500,829.983,1.974953830548,829.395,27.316,3926.116
2026-05-19 16:16:24.201,53750,798.949,-1.804806564453,798.379,-26.393,3926.116
2026-05-19 16:16:24.316,54000,806.27,-1.048854485453,806.11,-13.968,3901.401
2026-05-19 16:16:24.316,54250,824.89,1.563375600045,824.524,21.453,3804.758
2026-05-19 16:16:24.317,54500,824.89,1.563375600045,824.524,21.453,3804.758
2026-05-19 16:16:24.432,54750,824.89,1.563375600045,824.524,21.453,3804.758
2026-05-19 16:16:24.433,55000,824.89,1.563375600045,824.524,21.453,3804.758
2026-05-19 16:16:24.433,55250,841.606,4.198797143082,838.898,59.075,3722.748
2026-05-19 16:16:24.434,55500,812.002,-0.003468689287,811.39,-2.466,3722.748
2026-05-19 16:16:24.546,55750,818.889,0.836984477187,818.785,11.377,3700.368
2026-05-19 16:16:24.546,56000,818.889,0.836984477187,818.785,11.377,3700.368
2026-05-19 16:16:24.547,56250,818.889,0.836984477187,818.785,11.377,3700.368
2026-05-19 16:16:24.654,56500,818.889,0.836984477187,818.785,11.377,3700.368
2026-05-19 16:16:24.655,56750,834.066,3.698370539831,831.99,51.443,3626.976
2026-05-19 16:16:24.655,57000,834.066,3.698370539831,831.99,51.443,3626.976
2026-05-19 16:16:24.775,57250,834.066,3.698370539831,831.99,51.443,3626.976
2026-05-19 16:16:24.775,57500,834.066,3.698370539831,831.99,51.443,3626.976
2026-05-19 16:16:24.775,57750,834.066,3.698370539831,831.99,51.443,3626.976
2026-05-19 16:16:24.776,58000,825.671,4.962766511065,822.454,72.079,3654.478
2026-05-19 16:16:24.889,58250,812.241,3.336365744192,810.791,46.498,3589.137
2026-05-19 16:16:24.890,58500,877.442,1.872403205485,876.874,27.837,3589.137
2026-05-19 16:16:24.890,58750,892.487,5.809236268183,887.895,89.657,3529.463
2026-05-19 16:16:24.891,59000,892.487,5.809236268183,887.895,89.657,3529.463
2026-05-19 16:16:25.002,59250,873.92,1.439331489404,873.586,21.29,3529.463
2026-05-19 16:16:25.002,59500,869.847,0.565350533648,868.955,6.682,3542.806
2026-05-19 16:16:25.003,59750,885.237,0.272558025907,883.83,0.238,3495.146
2026-05-19 16:16:25.120,60000,834.348,5.340712316657,829.74,74.33,3506.729
2026-05-19 16:16:25.120,60250,831.829,4.574999289922,828.293,63.509,3518.312
2026-05-19 16:16:25.121,60500,848.71,5.935126538612,843.248,84.172,3445.231
2026-05-19 16:16:25.121,60750,884.241,5.42123012427,879.432,81.234,3295.486
2026-05-19 16:16:25.235,61000,884.241,5.42123012427,879.432,81.234,3295.486
2026-05-19 16:16:25.235,61250,884.241,5.42123012427,879.432,81.234,3295.486
2026-05-19 16:16:25.236,61500,884.241,5.42123012427,879.432,81.234,3295.486
2026-05-19 16:16:25.236,61750,884.241,5.42123012427,879.432,81.234,3295.486
2026-05-19 16:16:25.351,62000,884.241,5.42123012427,879.432,81.234,3295.486
2026-05-19 16:16:25.352,62250,884.241,5.42123012427,879.432,81.234,3295.486
2026-05-19 16:16:25.352,62500,884.241,5.42123012427,879.432,81.234,3295.486
2026-05-19 16:16:25.352,62750,884.241,5.42123012427,879.432,81.234,3295.486
2026-05-19 16:16:25.469,63000,884.241,5.42123012427,879.432,81.234,3295.486
2026-05-19 16:16:25.470,63250,830.373,6.771988033233,823.46,93.412,3249.029
2026-05-19 16:16:25.470,63500,830.373,6.771988033233,823.46,93.412,3249.029
2026-05-19 16:16:25.470,63750,830.373,6.771988033233,823.46,93.412,3249.029
2026-05-19 16:16:25.471,64000,830.373,6.771988033233,823.46,93.412,3249.029
2026-05-19 16:16:25.589,64250,830.373,6.771988033233,823.46,93.412,3249.029
2026-05-19 16:16:25.590,64500,830.373,6.771988033233,823.46,93.412,3249.029
2026-05-19 16:16:25.590,64750,842.348,6.583453965663,835.694,92.395,3201.625
2026-05-19 16:16:25.591,65000,878.271,6.017851762952,872.397,89.344,3059.413
2026-05-19 16:16:25.699,65250,878.271,6.017851762952,872.397,89.344,3059.413
2026-05-19 16:16:25.700,65500,878.271,6.017851762952,872.397,89.344,3059.413
2026-05-19 16:16:25.700,65750,867.622,3.395908895684,865.396,49.898,3099.441
2026-05-19 16:16:25.701,66000,864.073,2.521927939929,863.062,36.75,3112.784
2026-05-19 16:16:25.805,66250,864.073,2.521927939929,863.062,36.75,3112.784
2026-05-19 16:16:25.805,66500,864.073,2.521927939929,863.062,36.75,3112.784
2026-05-19 16:16:25.806,66750,864.073,2.521927939929,863.062,36.75,3112.784
2026-05-19 16:16:25.806,67000,864.073,2.521927939929,863.062,36.75,3112.784
2026-05-19 16:16:25.910,67250,804.43,4.235335110689,801.833,56.158,3063.941
2026-05-19 16:16:25.911,67500,804.43,4.235335110689,801.833,56.158,3063.941
2026-05-19 16:16:25.911,67750,804.43,4.235335110689,801.833,56.158,3063.941
2026-05-19 16:16:26.016,68000,804.43,4.235335110689,801.833,56.158,3063.941
2026-05-19 16:16:26.017,68250,804.43,4.235335110689,801.833,56.158,3063.941
2026-05-19 16:16:26.017,68500,804.43,4.235335110689,801.833,56.158,3063.941
2026-05-19 16:16:26.018,68750,795.489,3.121784978078,792.011,38.028,3087.79
2026-05-19 16:16:26.130,69000,832.131,2.243407454853,829.499,28.85,2944.811
2026-05-19 16:16:26.130,69250,884.747,7.518365610171,875.5,112.499,2897.152
2026-05-19 16:16:26.131,69500,884.747,7.518365610171,875.5,112.499,2897.152
2026-05-19 16:16:26.131,69750,884.747,7.518365610171,875.5,112.499,2897.152
2026-05-19 16:16:26.234,70000,884.747,7.518365610171,875.5,112.499,2897.152
2026-05-19 16:16:26.235,70250,884.747,7.518365610171,875.5,112.499,2897.152
2026-05-19 16:16:26.235,70500,884.747,7.518365610171,875.5,112.499,2897.152
2026-05-19 16:16:26.236,70750,884.747,7.518365610171,875.5,112.499,2897.152
2026-05-19 16:16:26.351,71000,884.747,7.518365610171,875.5,112.499,2897.152
2026-05-19 16:16:26.352,71250,884.747,7.518365610171,875.5,112.499,2897.152
2026-05-19 16:16:26.352,71500,884.747,7.518365610171,875.5,112.499,2897.152
2026-05-19 16:16:26.352,71750,884.747,7.518365610171,875.5,112.499,2897.152
2026-05-19 16:16:26.469,72000,772.302,4.189476742269,767.218,49.59,2846.795
2026-05-19 16:16:26.469,72250,829.987,11.417545479679,813.453,159.329,2820.257
2026-05-19 16:16:26.470,72500,829.987,11.417545479679,813.453,159.329,2820.257
2026-05-19 16:16:26.470,72750,783.313,5.394154865171,779.249,68.98,2820.257
2026-05-19 16:16:26.589,73000,797.957,9.152958812151,785.992,119.445,2762.499
2026-05-19 16:16:26.589,73250,797.957,9.152958812151,785.992,119.445,2762.499
2026-05-19 16:16:26.590,73500,811.471,8.888944353898,799.944,118.413,2714.782
2026-05-19 16:16:26.590,73750,852.011,8.096900979138,841.8,115.316,2571.631
2026-05-19 16:16:26.591,74000,852.011,8.096900979138,841.8,115.316,2571.631
2026-05-19 16:16:26.704,74250,852.011,8.096900979138,841.8,115.316,2571.631
2026-05-19 16:16:26.705,74500,852.011,8.096900979138,841.8,115.316,2571.631
2026-05-19 16:16:26.705,74750,852.011,8.096900979138,841.8,115.316,2571.631
2026-05-19 16:16:26.706,75000,852.011,8.096900979138,841.8,115.316,2571.631
2026-05-19 16:16:26.810,75250,847.305,7.083524973405,839.027,100.525,2587.331
2026-05-19 16:16:26.811,75500,837.892,5.05677296194,833.48,70.944,2618.731
2026-05-19 16:16:26.811,75750,833.186,4.043396956208,830.707,56.153,2634.431
2026-05-19 16:16:26.812,76000,833.186,4.043396956208,830.707,56.153,2634.431
2026-05-19 16:16:26.929,76250,833.186,4.043396956208,830.707,56.153,2634.431
2026-05-19 16:16:26.929,76500,833.186,4.043396956208,830.707,56.153,2634.431
2026-05-19 16:16:26.930,76750,833.186,4.043396956208,830.707,56.153,2634.431
2026-05-19 16:16:26.930,77000,833.186,4.043396956208,830.707,56.153,2634.431
2026-05-19 16:16:26.930,77250,833.186,4.043396956208,830.707,56.153,2634.431
2026-05-19 16:16:27.034,77500,833.186,4.043396956208,830.707,56.153,2634.431
2026-05-19 16:16:27.034,77750,784.232,10.685241768484,768.316,135.934,2525.629
2026-05-19 16:16:27.035,78000,784.232,10.685241768484,768.316,135.934,2525.629
2026-05-19 16:16:27.035,78250,784.232,10.685241768484,768.316,135.934,2525.629
2026-05-19 16:16:27.036,78500,845.914,9.33130471081,832.489,131.436,2323.891
2026-05-19 16:16:27.149,78750,845.914,9.33130471081,832.489,131.436,2323.891
2026-05-19 16:16:27.150,79000,845.914,9.33130471081,832.489,131.436,2323.891
2026-05-19 16:16:27.150,79250,845.914,9.33130471081,832.489,131.436,2323.891
2026-05-19 16:16:27.151,79500,845.914,9.33130471081,832.489,131.436,2323.891
2026-05-19 16:16:27.151,79750,845.914,9.33130471081,832.489,131.436,2323.891
2026-05-19 16:16:27.269,80000,845.914,9.33130471081,832.489,131.436,2323.891
2026-05-19 16:16:27.269,80250,845.914,9.33130471081,832.489,131.436,2323.891
2026-05-19 16:16:27.270,80500,845.914,9.33130471081,832.489,131.436,2323.891
2026-05-19 16:16:27.270,80750,845.914,9.33130471081,832.489,131.436,2323.891
2026-05-19 16:16:27.271,81000,845.914,9.33130471081,832.489,131.436,2323.891
2026-05-19 16:16:27.389,81250,845.914,9.33130471081,832.489,131.436,2323.891
2026-05-19 16:16:27.389,81500,845.914,9.33130471081,832.489,131.436,2323.891
2026-05-19 16:16:27.390,81750,845.914,9.33130471081,832.489,131.436,2323.891
2026-05-19 16:16:27.390,82000,810.427,3.990664948077,808.1,53.444,2302.091
2026-05-19 16:16:27.391,82250,810.427,3.990664948077,808.1,53.444,2302.091
2026-05-19 16:16:27.504,82500,810.427,3.990664948077,808.1,53.444,2302.091
2026-05-19 16:16:27.505,82750,890.071,2.120828652788,889.328,32.112,2081.32
2026-05-19 16:16:27.505,83000,890.071,2.120828652788,889.328,32.112,2081.32
2026-05-19 16:16:27.506,83250,916.669,1.47281952325,915.57,19.542,2036.163
2026-05-19 16:16:27.506,83500,807.039,4.71286517094,803.811,62.736,2036.163
2026-05-19 16:16:27.619,83750,807.039,4.71286517094,803.811,62.736,2036.163
2026-05-19 16:16:27.619,84000,807.039,4.71286517094,803.811,62.736,2036.163
2026-05-19 16:16:27.620,84250,807.039,4.71286517094,803.811,62.736,2036.163
2026-05-19 16:16:27.620,84500,807.039,4.71286517094,803.811,62.736,2036.163
2026-05-19 16:16:27.621,84750,807.039,4.71286517094,803.811,62.736,2036.163
2026-05-19 16:16:27.729,85000,807.039,4.71286517094,803.811,62.736,2036.163
2026-05-19 16:16:27.730,85250,807.039,4.71286517094,803.811,62.736,2036.163
2026-05-19 16:16:27.730,85500,807.039,4.71286517094,803.811,62.736,2036.163
2026-05-19 16:16:27.731,85750,807.039,4.71286517094,803.811,62.736,2036.163
2026-05-19 16:16:27.731,86000,807.039,4.71286517094,803.811,62.736,2036.163
2026-05-19 16:16:27.845,86250,807.039,4.71286517094,803.811,62.736,2036.163
2026-05-19 16:16:27.845,86500,807.039,4.71286517094,803.811,62.736,2036.163
2026-05-19 16:16:27.846,86750,807.039,4.71286517094,803.811,62.736,2036.163
2026-05-19 16:16:27.846,87000,917.263,8.790071467856,904.038,137.508,1775.866
2026-05-19 16:16:27.847,87250,917.263,8.790071467856,904.038,137.508,1775.866
2026-05-19 16:16:27.951,87500,917.263,8.790071467856,904.038,137.508,1775.866
2026-05-19 16:16:27.951,87750,917.263,8.790071467856,904.038,137.508,1775.866
2026-05-19 16:16:27.952,88000,917.263,8.790071467856,904.038,137.508,1775.866
2026-05-19 16:16:27.952,88250,917.263,8.790071467856,904.038,137.508,1775.866
2026-05-19 16:16:27.953,88500,917.263,8.790071467856,904.038,137.508,1775.866
2026-05-19 16:16:28.062,88750,917.263,8.790071467856,904.038,137.508,1775.866
2026-05-19 16:16:28.062,89000,917.263,8.790071467856,904.038,137.508,1775.866
2026-05-19 16:16:28.063,89250,819.272,12.308873767969,796.927,165.421,1730.717
2026-05-19 16:16:28.063,89500,819.272,12.308873767969,796.927,165.421,1730.717
2026-05-19 16:16:28.064,89750,819.272,12.308873767969,796.927,165.421,1730.717
2026-05-19 16:16:28.169,90000,819.272,12.308873767969,796.927,165.421,1730.717
2026-05-19 16:16:28.169,90250,819.272,12.308873767969,796.927,165.421,1730.717
2026-05-19 16:16:28.170,90500,770.77,4.387278913817,768.138,54.95,1708.369
2026-05-19 16:16:28.170,90750,770.77,4.387278913817,768.138,54.95,1708.369
2026-05-19 16:16:28.289,91000,770.77,4.387278913817,768.138,54.95,1708.369
2026-05-19 16:16:28.290,91250,792.588,3.931531396068,790.356,50.47,1660.813
2026-05-19 16:16:28.290,91500,858.043,2.564288842821,857.007,37.029,1518.146
2026-05-19 16:16:28.290,91750,858.043,2.564288842821,857.007,37.029,1518.146
2026-05-19 16:16:28.291,92000,858.043,2.564288842821,857.007,37.029,1518.146
2026-05-19 16:16:28.405,92250,858.043,2.564288842821,857.007,37.029,1518.146
2026-05-19 16:16:28.405,92500,858.043,2.564288842821,857.007,37.029,1518.146
2026-05-19 16:16:28.406,92750,858.043,2.564288842821,857.007,37.029,1518.146
2026-05-19 16:16:28.406,93000,858.043,2.564288842821,857.007,37.029,1518.146
2026-05-19 16:16:28.406,93250,858.043,2.564288842821,857.007,37.029,1518.146
2026-05-19 16:16:28.516,93500,858.043,2.564288842821,857.007,37.029,1518.146
2026-05-19 16:16:28.517,93750,858.043,2.564288842821,857.007,37.029,1518.146
2026-05-19 16:16:28.517,94000,858.043,2.564288842821,857.007,37.029,1518.146
2026-05-19 16:16:28.518,94250,858.043,2.564288842821,857.007,37.029,1518.146
2026-05-19 16:16:28.518,94500,858.043,2.564288842821,857.007,37.029,1518.146
2026-05-19 16:16:28.621,94750,858.043,2.564288842821,857.007,37.029,1518.146
2026-05-19 16:16:28.621,95000,858.043,2.564288842821,857.007,37.029,1518.146
2026-05-19 16:16:28.621,95250,858.043,2.564288842821,857.007,37.029,1518.146
2026-05-19 16:16:28.622,95500,731.008,6.614223695893,725.446,76.963,1467.328
2026-05-19 16:16:28.622,95750,731.008,6.614223695893,725.446,76.963,1467.328
2026-05-19 16:16:28.729,96000,731.008,6.614223695893,725.446,76.963,1467.328
2026-05-19 16:16:28.730,96250,828.763,4.049934853072,826.294,55.853,1273.78
2026-05-19 16:16:28.730,96500,828.763,4.049934853072,826.294,55.853,1273.78
2026-05-19 16:16:28.731,96750,828.763,4.049934853072,826.294,55.853,1273.78
2026-05-19 16:16:28.731,97000,861.885,13.103078234508,834.854,187.828,1221.085
2026-05-19 16:16:28.840,97250,861.885,13.103078234508,834.854,187.828,1221.085
2026-05-19 16:16:28.840,97500,861.885,13.103078234508,834.854,187.828,1221.085
2026-05-19 16:16:28.841,97750,861.885,13.103078234508,834.854,187.828,1221.085
2026-05-19 16:16:28.841,98000,861.885,13.103078234508,834.854,187.828,1221.085
2026-05-19 16:16:28.955,98250,861.885,13.103078234508,834.854,187.828,1221.085
2026-05-19 16:16:28.955,98500,861.885,13.103078234508,834.854,187.828,1221.085
2026-05-19 16:16:28.956,98750,861.885,13.103078234508,834.854,187.828,1221.085
2026-05-19 16:16:28.956,99000,861.885,13.103078234508,834.854,187.828,1221.085
2026-05-19 16:16:28.956,99250,861.885,13.103078234508,834.854,187.828,1221.085
2026-05-19 16:16:29.069,99500,861.885,13.103078234508,834.854,187.828,1221.085
2026-05-19 16:16:29.069,99750,861.885,13.103078234508,834.854,187.828,1221.085
2026-05-19 16:16:29.070,100000,861.885,13.103078234508,834.854,187.828,1221.085
2026-05-19 16:16:29.615,10000,734.619,1.69286838875,734.249,19.905,12656.443
2026-05-19 16:16:29.793,10250,734.037,2.59688151461,733.173,30.478,12667.439
2026-05-19 16:16:29.904,10500,731.653,3.224744182058,730.327,37.668,12715.526
2026-05-19 16:16:30.016,10750,730.219,3.536941911287,728.822,42.963,12729.225
2026-05-19 16:16:30.235,11000,736.894,2.953792016318,735.767,34.859,12704.179
2026-05-19 16:16:30.347,11250,725.236,3.156920149942,723.96,36.417,12597.758
2026-05-19 16:16:30.451,11500,721.016,4.070275279475,719.153,48.33,12666.921
2026-05-19 16:16:30.570,11750,724.083,3.183220839175,722.81,36.658,12721.595
2026-05-19 16:16:30.684,12000,730.622,4.08209622223,728.489,47.554,12588.61
2026-05-19 16:16:30.789,12250,728.681,4.471663260162,726.134,51.889,12627.787
2026-05-19 16:16:31.016,12500,741.692,4.231478469417,739.481,50.489,12532.181
2026-05-19 16:16:31.132,12750,743.75,5.246728570144,740.327,62.604,12490.042
2026-05-19 16:16:31.245,13000,723.926,4.927502699285,720.865,56.649,12512.917
2026-05-19 16:16:31.369,13250,734.456,4.762934560235,731.55,55.872,12419.577
2026-05-19 16:16:31.489,13500,730.209,5.456123209552,726.428,63.463,12503.779
2026-05-19 16:16:31.490,13750,736.845,5.76019145181,732.573,67.827,12373.303
2026-05-19 16:16:31.600,14000,725.601,4.973263082258,722.485,57.371,12404.169
2026-05-19 16:16:31.714,14250,720.71,5.708985235433,716.643,65.209,12503.034
2026-05-19 16:16:31.820,14500,725.769,6.729796026592,720.056,77.514,12400.999
2026-05-19 16:16:31.932,14750,722.134,7.219993188149,716.061,84.599,12448.734
2026-05-19 16:16:32.045,15000,735.828,7.017871812483,729.69,82.373,12381.614
2026-05-19 16:16:32.169,15250,724.45,6.600039763232,718.979,75.858,12381.614
2026-05-19 16:16:32.274,15500,727.267,7.837747493296,719.516,90.435,12325.45
2026-05-19 16:16:32.384,15750,727.849,7.392142879571,720.945,85.433,12470.505
2026-05-19 16:16:32.499,16000,723.103,7.345687641031,716.346,84.143,12256.361
2026-05-19 16:16:32.614,16250,733.077,7.698733080136,725.506,89.795,12061.909
2026-05-19 16:16:32.615,16500,727.922,7.9887575637,719.858,92.268,12287.78
2026-05-19 16:16:32.730,16750,719.343,8.116496808031,711.149,92.201,12158.39
2026-05-19 16:16:32.845,17000,720.027,9.078397102868,709.767,103.167,12144.902
2026-05-19 16:16:32.969,17250,703.026,8.344480860551,694.16,91.717,12107.373
2026-05-19 16:16:33.085,17500,730.789,9.347642702617,719.703,108.348,12116.255
2026-05-19 16:16:33.085,17750,717.377,8.951057758304,707.425,101.205,12067.555
2026-05-19 16:16:33.199,18000,717.948,9.916620380182,705.775,112.086,12056.251
2026-05-19 16:16:33.316,18250,719.101,9.170053294639,708.663,103.994,11717.967
2026-05-19 16:16:33.431,18500,718.617,9.141363473532,708.218,103.559,11930.577
2026-05-19 16:16:33.431,18750,718.19,10.142629205588,705.448,114.632,11938.927
2026-05-19 16:16:33.537,19000,725.121,10.797522094756,710.499,123.518,11804.948
2026-05-19 16:16:33.646,19250,705.956,10.776494869766,691.887,118.827,11879.861
2026-05-19 16:16:33.755,19500,716.078,8.815567091055,706.464,99.426,11593.645
2026-05-19 16:16:33.755,19750,707.437,10.033182783363,695.226,111.081,11761.888
2026-05-19 16:16:33.869,20000,6465.803,30.313615942225,-258.02,6025.319,10148.486
2026-05-19 16:16:33.983,20250,6468.933,30.667989119293,-255.938,6029.914,10086.716
2026-05-19 16:16:33.984,20500,6312.028,30.721692273356,-138.775,5899.831,10087.014
2026-05-19 16:16:34.089,20750,6437.916,29.980856706239,0.488,6022.091,9992.947
2026-05-19 16:16:34.199,21000,6310.492,29.699944894029,104.978,5907.754,9936.96
2026-05-19 16:16:34.199,21250,6311.665,30.220264323643,104.711,5913.649,9914.183
2026-05-19 16:16:34.314,21500,6312.286,31.056611565049,102.952,5922.847,9901.839
2026-05-19 16:16:34.431,21750,6167.449,30.602587385638,222.096,5790.009,9860.453
2026-05-19 16:16:34.431,22000,6306.894,29.666904606005,367.522,5916.396,9805.306
2026-05-19 16:16:34.534,22250,6311.244,30.281640455075,370.008,5924.229,9724.315
2026-05-19 16:16:34.646,22500,6170.613,29.54459861047,500.619,5783.721,9589.053
2026-05-19 16:16:34.647,22750,6162.267,30.256471933326,490.495,5789.263,9746.19
2026-05-19 16:16:34.750,23000,6021.753,29.486831152458,618.214,5647.848,9672.255
2026-05-19 16:16:34.868,23250,6029.494,30.253698165446,623.48,5657.974,9526.0
2026-05-19 16:16:34.869,23500,6026.987,30.374083307742,620.706,5658.592,9572.412
2026-05-19 16:16:34.976,23750,5906.034,29.979232763072,735.638,5535.856,9476.21
2026-05-19 16:16:34.977,24000,6055.081,28.828799539783,879.602,5656.312,9408.618
2026-05-19 16:16:35.099,24250,5933.067,27.410359407759,1013.519,5511.794,9225.266
2026-05-19 16:16:35.214,24500,5929.703,29.225879193195,1005.264,5530.61,9285.74
2026-05-19 16:16:35.214,24750,5936.644,28.670655042524,1013.605,5526.373,9162.416
2026-05-19 16:16:35.319,25000,5815.409,27.413069010676,1132.856,5387.659,9142.408
2026-05-19 16:16:35.319,25250,5818.884,28.098783814469,1134.428,5395.912,9081.107
2026-05-19 16:16:35.430,25500,5700.545,26.636645666096,1260.664,5251.987,9012.763
2026-05-19 16:16:35.431,25750,5703.96,27.357487448,1262.171,5260.502,8952.339
2026-05-19 16:16:35.533,26000,5709.77,27.383613737175,1267.72,5262.143,8852.184
2026-05-19 16:16:35.636,26250,5613.676,26.505786240941,1377.285,5143.182,8759.89
2026-05-19 16:16:35.636,26500,5620.491,27.410475658216,1381.512,5154.645,8644.369
2026-05-19 16:16:35.752,26750,5499.571,27.13117272033,1490.706,5022.53,8797.633
2026-05-19 16:16:35.753,27000,5508.421,25.713312678048,1502.992,5009.547,8644.369
2026-05-19 16:16:35.869,27250,5512.471,26.706878880565,1504.425,5021.192,8576.164
2026-05-19 16:16:35.869,27500,5418.732,24.587501400737,1636.615,4876.406,8381.222
2026-05-19 16:16:35.984,27750,5423.058,25.684800397546,1638.227,4889.352,8311.465
2026-05-19 16:16:35.985,28000,5322.008,23.581156968929,1772.074,4735.471,8217.991
2026-05-19 16:16:36.101,28250,5331.725,24.417916818064,1779.748,4746.654,8064.893
2026-05-19 16:16:36.101,28500,5331.725,24.417916818064,1779.748,4746.654,8064.893
2026-05-19 16:16:36.215,28750,5258.163,23.430128323267,1908.958,4621.344,7808.361
2026-05-19 16:16:36.216,29000,5272.931,23.04244833833,1924.317,4619.653,7598.086
2026-05-19 16:16:36.330,29250,5159.97,24.70627586084,2023.559,4505.202,7871.741
2026-05-19 16:16:36.330,29500,5175.453,23.691258465713,2041.247,4497.204,7645.127
2026-05-19 16:16:36.440,29750,5197.763,23.211517385035,2064.243,4496.124,7339.278
2026-05-19 16:16:36.440,30000,5116.387,22.388453467171,2197.504,4357.026,7236.622
2026-05-19 16:16:36.557,30250,5128.548,22.156366987692,2209.98,4356.476,7082.947
2026-05-19 16:16:36.557,30500,5056.42,21.224003226233,2339.857,4220.162,6988.199
2026-05-19 16:16:36.669,30750,5056.42,21.224003226233,2339.857,4220.162,6988.199
2026-05-19 16:16:36.670,31000,5077.194,22.343591052545,2357.705,4237.746,6741.473
2026-05-19 16:16:36.789,31250,4996.944,19.884401275454,2497.26,4067.357,6741.473
2026-05-19 16:16:36.789,31500,4999.918,21.310860218928,2497.166,4085.53,6707.039
2026-05-19 16:16:36.790,31750,4999.918,21.310860218928,2497.166,4085.53,6707.039
2026-05-19 16:16:36.899,32000,4753.236,21.170335609429,2478.583,3829.802,6600.683
2026-05-19 16:16:36.899,32250,4753.236,21.170335609429,2478.583,3829.802,6600.683
2026-05-19 16:16:37.002,32500,4687.991,20.162490012157,2602.131,3687.54,6657.773
2026-05-19 16:16:37.002,32750,4694.559,20.115008749223,2608.696,3688.136,6579.466
2026-05-19 16:16:37.115,33000,4697.962,21.490784929152,2608.873,3705.092,6539.156
2026-05-19 16:16:37.115,33250,4646.603,18.929569908372,2741.533,3545.619,6539.156
2026-05-19 16:16:37.229,33500,4665.476,20.332910247198,2757.093,3565.776,6323.651
2026-05-19 16:16:37.229,33750,4665.476,20.332910247198,2757.093,3565.776,6323.651
2026-05-19 16:16:37.341,34000,4622.888,20.002048139831,2887.693,3431.052,6323.388
2026-05-19 16:16:37.341,34250,4416.771,20.468021928589,2732.191,3300.404,6323.388
2026-05-19 16:16:37.342,34500,4430.77,20.497271809107,2745.824,3303.602,6165.637
2026-05-19 16:16:37.454,34750,4401.287,19.360904032095,2878.966,3164.521,6122.034
2026-05-19 16:16:37.455,35000,4401.287,19.360904032095,2878.966,3164.521,6122.034
2026-05-19 16:16:37.569,35250,4399.815,20.943515480637,2873.562,3182.805,6138.282
2026-05-19 16:16:37.570,35500,4377.512,18.301851696963,3001.908,3031.537,6138.282
2026-05-19 16:16:37.684,35750,4196.076,18.689778848798,2870.48,2910.331,5935.224
2026-05-19 16:16:37.684,36000,4193.972,20.24158609126,2864.694,2927.768,5958.22
2026-05-19 16:16:37.685,36250,4180.114,17.360954312592,2998.271,2770.916,5958.22
2026-05-19 16:16:37.799,36500,4197.353,19.340719705156,3010.649,2797.329,5774.346
2026-05-19 16:16:37.800,36750,4197.353,19.340719705156,3010.649,2797.329,5774.346
2026-05-19 16:16:37.914,37000,4196.929,14.837911539749,3220.644,2552.077,5774.346
2026-05-19 16:16:37.914,37250,3985.926,15.923513519316,3060.864,2432.462,5803.594
2026-05-19 16:16:37.915,37500,3989.643,16.409449566572,3063.656,2438.625,5764.283
2026-05-19 16:16:38.030,37750,4003.465,16.667848192527,3076.753,2443.964,5617.102
2026-05-19 16:16:38.030,38000,4017.099,13.936487484156,3215.493,2285.385,5628.582
2026-05-19 16:16:38.030,38250,734.198,7.202837567236,727.564,84.257,6572.619
2026-05-19 16:16:38.145,38500,690.684,9.825994704533,680.537,117.737,6833.531
2026-05-19 16:16:38.145,38750,662.392,6.363724734277,658.246,73.371,6786.225
2026-05-19 16:16:38.255,39000,656.856,8.040234124673,650.399,91.873,6843.309
2026-05-19 16:16:38.255,39250,655.134,8.500151319703,647.864,96.769,6861.477
2026-05-19 16:16:38.255,39500,675.143,9.035935037854,666.747,105.876,6660.671
2026-05-19 16:16:38.366,39750,693.134,5.797449662626,689.444,69.725,6552.649
2026-05-19 16:16:38.366,40000,641.366,7.302753063179,636.163,81.525,6686.555
2026-05-19 16:16:38.484,40250,658.226,7.854649269572,652.037,89.993,6516.372
2026-05-19 16:16:38.484,40500,660.468,8.421508896524,653.282,96.659,6493.402
2026-05-19 16:16:38.485,40750,660.468,8.421508896524,653.282,96.659,6493.402
2026-05-19 16:16:38.589,41000,682.747,7.411362111645,677.021,88.13,6381.5
2026-05-19 16:16:38.589,41250,658.839,6.860984372709,654.121,78.705,6333.95
2026-05-19 16:16:38.590,41500,656.715,7.263248645945,651.389,82.96,6354.701
2026-05-19 16:16:38.705,41750,676.139,8.012050996602,669.536,94.135,6174.598
2026-05-19 16:16:38.705,42000,691.328,5.405302936024,688.156,65.009,6151.827
2026-05-19 16:16:38.819,42250,688.92,5.818835860715,685.273,69.731,6173.33
2026-05-19 16:16:38.820,42500,650.857,5.617533675853,647.704,63.783,6171.05
2026-05-19 16:16:38.820,42750,670.393,6.498406258521,666.086,75.872,5989.9
2026-05-19 16:16:38.930,43000,667.725,6.914291667615,662.809,80.298,6014.221
2026-05-19 16:16:38.931,43250,683.445,3.774982135729,681.897,44.913,6014.221
2026-05-19 16:16:38.931,43500,776.786,3.907140025877,774.961,50.278,5413.192
2026-05-19 16:16:39.045,43750,671.265,2.905808788588,670.402,34.029,5776.334
2026-05-19 16:16:39.046,44000,656.934,5.036031666845,654.398,57.667,5902.343
2026-05-19 16:16:39.046,44250,681.556,6.345395372185,677.38,75.327,5689.117
2026-05-19 16:16:39.168,44500,681.556,6.345395372185,677.38,75.327,5689.117
2026-05-19 16:16:39.169,44750,702.344,3.080107765313,701.329,37.738,5689.117
2026-05-19 16:16:39.170,45000,691.199,2.701680771284,690.431,32.58,5469.138
2026-05-19 16:16:39.282,45250,691.199,2.701680771284,690.431,32.58,5469.138
2026-05-19 16:16:39.284,45500,691.199,2.701680771284,690.431,32.58,5469.138
2026-05-19 16:16:39.285,45750,711.889,5.144456086845,708.923,63.653,5311.128
2026-05-19 16:16:39.394,46000,663.021,4.425340426985,661.044,51.159,5398.146
2026-05-19 16:16:39.395,46250,693.37,0.776216146027,693.307,9.393,5398.146
2026-05-19 16:16:39.395,46500,713.591,2.078493241294,713.121,25.881,5245.182
2026-05-19 16:16:39.499,46750,713.591,2.078493241294,713.121,25.881,5245.182
2026-05-19 16:16:39.499,47000,713.591,2.078493241294,713.121,25.881,5245.182
2026-05-19 16:16:39.500,47250,703.359,1.546106573568,703.103,18.978,5046.496
2026-05-19 16:16:39.604,47500,703.359,1.546106573568,703.103,18.978,5046.496
2026-05-19 16:16:39.605,47750,703.359,1.546106573568,703.103,18.978,5046.496
2026-05-19 16:16:39.605,48000,731.77,3.577998794431,730.343,45.668,4850.57
2026-05-19 16:16:39.715,48250,731.77,3.577998794431,730.343,45.668,4850.57
2026-05-19 16:16:39.715,48500,714.999,-0.852148223864,714.797,-10.861,4956.745
2026-05-19 16:16:39.716,48750,730.424,2.130370559661,729.919,27.152,4850.57
2026-05-19 16:16:39.825,49000,730.424,2.130370559661,729.919,27.152,4850.57
2026-05-19 16:16:39.825,49250,755.652,4.307248500975,753.518,56.753,4688.632
2026-05-19 16:16:39.826,49500,717.872,1.206511908056,717.713,15.116,4688.632
2026-05-19 16:16:39.933,49750,717.872,1.206511908056,717.713,15.116,4688.632
2026-05-19 16:16:39.934,50000,717.872,1.206511908056,717.713,15.116,4688.632
2026-05-19 16:16:39.934,50250,717.872,1.206511908056,717.713,15.116,4688.632
2026-05-19 16:16:40.051,50500,743.178,3.614848867846,741.699,46.857,4528.98
2026-05-19 16:16:40.052,50750,743.178,3.614848867846,741.699,46.857,4528.98
2026-05-19 16:16:40.052,51000,745.487,-2.737080263799,744.636,-35.599,4528.98
2026-05-19 16:16:40.169,51250,770.801,-0.200183809024,770.797,-2.693,4380.24
2026-05-19 16:16:40.169,51500,770.801,-0.200183809024,770.797,-2.693,4380.24
2026-05-19 16:16:40.170,51750,770.801,-0.200183809024,770.797,-2.693,4380.24
2026-05-19 16:16:40.170,52000,770.801,-0.200183809024,770.797,-2.693,4380.24
2026-05-19 16:16:40.283,52250,764.528,-0.96498674906,764.42,-12.876,4231.978
2026-05-19 16:16:40.284,52500,764.528,-0.96498674906,764.42,-12.876,4231.978
2026-05-19 16:16:40.284,52750,764.528,-0.96498674906,764.42,-12.876,4231.978
2026-05-19 16:16:40.400,53000,792.729,2.468692288184,791.993,34.146,4081.427
2026-05-19 16:16:40.401,53250,792.729,2.468692288184,791.993,34.146,4081.427
2026-05-19 16:16:40.401,53500,792.729,2.468692288184,791.993,34.146,4081.427
2026-05-19 16:16:40.402,53750,763.088,-1.311068106816,762.888,-17.46,4081.427
2026-05-19 16:16:40.505,54000,763.088,-1.311068106816,762.888,-17.46,4081.427
2026-05-19 16:16:40.505,54250,786.363,1.954219500056,785.906,26.816,3960.624
2026-05-19 16:16:40.506,54500,786.363,1.954219500056,785.906,26.816,3960.624
2026-05-19 16:16:40.616,54750,786.363,1.954219500056,785.906,26.816,3960.624
2026-05-19 16:16:40.616,55000,786.363,1.954219500056,785.906,26.816,3960.624
2026-05-19 16:16:40.617,55250,807.257,5.248496428853,803.872,73.844,3858.112
2026-05-19 16:16:40.720,55500,778.862,1.046230596484,778.732,14.221,3858.112
2026-05-19 16:16:40.720,55750,778.862,1.046230596484,778.732,14.221,3858.112
2026-05-19 16:16:40.721,56000,778.862,1.046230596484,778.732,14.221,3858.112
2026-05-19 16:16:40.721,56250,778.862,1.046230596484,778.732,14.221,3858.112
2026-05-19 16:16:40.836,56500,778.862,1.046230596484,778.732,14.221,3858.112
2026-05-19 16:16:40.837,56750,797.833,4.622963174789,795.237,64.304,3766.372
2026-05-19 16:16:40.837,57000,797.833,4.622963174789,795.237,64.304,3766.372
2026-05-19 16:16:40.950,57250,797.833,4.622963174789,795.237,64.304,3766.372
2026-05-19 16:16:40.950,57500,797.833,4.622963174789,795.237,64.304,3766.372
2026-05-19 16:16:40.951,57750,797.833,4.622963174789,795.237,64.304,3766.372
2026-05-19 16:16:40.951,58000,797.833,4.622963174789,795.237,64.304,3766.372
2026-05-19 16:16:41.058,58250,788.738,3.804466545564,787.0,52.334,3684.696
2026-05-19 16:16:41.059,58500,852.053,2.340504006856,851.342,34.796,3684.696
2026-05-19 16:16:41.059,58750,865.659,6.169069140534,860.646,93.026,3626.782
2026-05-19 16:16:41.164,59000,865.659,6.169069140534,860.646,93.026,3626.782
2026-05-19 16:16:41.165,59250,847.65,1.799164361755,847.232,26.613,3626.782
2026-05-19 16:16:41.165,59500,847.65,1.799164361755,847.232,26.613,3626.782
2026-05-19 16:16:41.269,59750,847.65,1.799164361755,847.232,26.613,3626.782
2026-05-19 16:16:41.269,60000,796.295,6.10160562577,791.34,84.797,3649.948
2026-05-19 16:16:41.270,60250,796.295,6.10160562577,791.34,84.797,3649.948
2026-05-19 16:16:41.270,60500,825.021,7.29043406968,818.356,104.481,3526.952
2026-05-19 16:16:41.381,60750,860.552,6.776537655338,854.54,101.543,3377.207
2026-05-19 16:16:41.381,61000,860.552,6.776537655338,854.54,101.543,3377.207
2026-05-19 16:16:41.382,61250,860.552,6.776537655338,854.54,101.543,3377.207
2026-05-19 16:16:41.382,61500,860.552,6.776537655338,854.54,101.543,3377.207
2026-05-19 16:16:41.499,61750,860.552,6.776537655338,854.54,101.543,3377.207
2026-05-19 16:16:41.499,62000,860.552,6.776537655338,854.54,101.543,3377.207
2026-05-19 16:16:41.500,62250,860.552,6.776537655338,854.54,101.543,3377.207
2026-05-19 16:16:41.500,62500,860.552,6.776537655338,854.54,101.543,3377.207
2026-05-19 16:16:41.616,62750,860.552,6.776537655338,854.54,101.543,3377.207
2026-05-19 16:16:41.616,63000,860.552,6.776537655338,854.54,101.543,3377.207
2026-05-19 16:16:41.616,63250,793.217,8.464985041542,784.575,116.765,3377.207
2026-05-19 16:16:41.617,63500,793.217,8.464985041542,784.575,116.765,3377.207
2026-05-19 16:16:41.730,63750,793.217,8.464985041542,784.575,116.765,3377.207
2026-05-19 16:16:41.731,64000,793.217,8.464985041542,784.575,116.765,3377.207
2026-05-19 16:16:41.731,64250,793.217,8.464985041542,784.575,116.765,3377.207
2026-05-19 16:16:41.731,64500,793.217,8.464985041542,784.575,116.765,3377.207
2026-05-19 16:16:41.835,64750,805.191,8.276450973971,796.81,115.748,3329.803
2026-05-19 16:16:41.835,65000,853.088,7.52231470369,845.747,111.68,3140.187
2026-05-19 16:16:41.836,65250,853.088,7.52231470369,845.747,111.68,3140.187
2026-05-19 16:16:41.836,65500,853.088,7.52231470369,845.747,111.68,3140.187
2026-05-19 16:16:41.946,65750,838.891,4.026390880667,836.411,59.086,3193.558
2026-05-19 16:16:41.946,66000,835.341,3.152409924911,834.077,45.937,3206.9
2026-05-19 16:16:41.947,66250,835.341,3.152409924911,834.077,45.937,3206.9
2026-05-19 16:16:41.947,66500,835.341,3.152409924911,834.077,45.937,3206.9
2026-05-19 16:16:42.069,66750,835.341,3.152409924911,834.077,45.937,3206.9
2026-05-19 16:16:42.070,67000,835.341,3.152409924911,834.077,45.937,3206.9
2026-05-19 16:16:42.070,67250,760.787,5.294168888362,757.542,70.197,3206.9
2026-05-19 16:16:42.071,67500,760.787,5.294168888362,757.542,70.197,3206.9
2026-05-19 16:16:42.186,67750,760.787,5.294168888362,757.542,70.197,3206.9
2026-05-19 16:16:42.187,68000,760.787,5.294168888362,757.542,70.197,3206.9
2026-05-19 16:16:42.187,68250,760.787,5.294168888362,757.542,70.197,3206.9
2026-05-19 16:16:42.187,68500,760.787,5.294168888362,757.542,70.197,3206.9
2026-05-19 16:16:42.305,68750,760.787,5.294168888362,757.542,70.197,3206.9
2026-05-19 16:16:42.305,69000,809.644,4.122998857396,807.526,57.959,3016.262
2026-05-19 16:16:42.306,69250,861.184,9.397957012713,849.625,140.623,2968.602
2026-05-19 16:16:42.306,69500,861.184,9.397957012713,849.625,140.623,2968.602
2026-05-19 16:16:42.307,69750,861.184,9.397957012713,849.625,140.623,2968.602
2026-05-19 16:16:42.415,70000,861.184,9.397957012713,849.625,140.623,2968.602
2026-05-19 16:16:42.416,70250,861.184,9.397957012713,849.625,140.623,2968.602
2026-05-19 16:16:42.416,70500,861.184,9.397957012713,849.625,140.623,2968.602
2026-05-19 16:16:42.417,70750,861.184,9.397957012713,849.625,140.623,2968.602
2026-05-19 16:16:42.519,71000,861.184,9.397957012713,849.625,140.623,2968.602
2026-05-19 16:16:42.520,71250,861.184,9.397957012713,849.625,140.623,2968.602
2026-05-19 16:16:42.520,71500,861.184,9.397957012713,849.625,140.623,2968.602
2026-05-19 16:16:42.635,71750,861.184,9.397957012713,849.625,140.623,2968.602
2026-05-19 16:16:42.636,72000,734.391,6.742693581464,729.311,86.225,2968.602
2026-05-19 16:16:42.639,72250,778.15,12.766084195971,758.914,171.949,2968.602
2026-05-19 16:16:42.642,72500,778.15,12.766084195971,758.914,171.949,2968.602
2026-05-19 16:16:42.644,72750,734.391,6.742693581464,729.311,86.225,2968.602
2026-05-19 16:16:42.769,73000,752.696,11.441198515189,737.74,149.306,2896.405
2026-05-19 16:16:42.769,73250,752.696,11.441198515189,737.74,149.306,2896.405
2026-05-19 16:16:42.770,73500,779.723,10.913169598682,765.643,147.242,2800.971
2026-05-19 16:16:42.770,73750,820.264,10.121126223922,807.499,144.145,2657.82
2026-05-19 16:16:42.884,74000,820.264,10.121126223922,807.499,144.145,2657.82
2026-05-19 16:16:42.884,74250,820.264,10.121126223922,807.499,144.145,2657.82
2026-05-19 16:16:42.885,74500,820.264,10.121126223922,807.499,144.145,2657.82
2026-05-19 16:16:42.885,74750,820.264,10.121126223922,807.499,144.145,2657.82
2026-05-19 16:16:43.001,75000,820.264,10.121126223922,807.499,144.145,2657.82
2026-05-19 16:16:43.001,75250,815.558,9.10775021819,804.726,129.354,2673.519
2026-05-19 16:16:43.002,75500,801.439,6.067622200992,796.407,84.982,2720.619
2026-05-19 16:16:43.002,75750,796.732,5.05424619526,793.634,70.191,2736.319
2026-05-19 16:16:43.002,76000,796.732,5.05424619526,793.634,70.191,2736.319
2026-05-19 16:16:43.115,76250,796.732,5.05424619526,793.634,70.191,2736.319
2026-05-19 16:16:43.117,76500,796.732,5.05424619526,793.634,70.191,2736.319
2026-05-19 16:16:43.119,76750,796.732,5.05424619526,793.634,70.191,2736.319
2026-05-19 16:16:43.121,77000,796.732,5.05424619526,793.634,70.191,2736.319
2026-05-19 16:16:43.123,77250,796.732,5.05424619526,793.634,70.191,2736.319
2026-05-19 16:16:43.125,77500,796.732,5.05424619526,793.634,70.191,2736.319
2026-05-19 16:16:43.244,77750,735.54,13.356552210605,715.645,169.917,2657.82
2026-05-19 16:16:43.245,78000,735.54,13.356552210605,715.645,169.917,2657.82
2026-05-19 16:16:43.246,78250,735.54,13.356552210605,715.645,169.917,2657.82
2026-05-19 16:16:43.248,78500,812.643,11.664130888513,795.862,164.295,2405.648
2026-05-19 16:16:43.250,78750,812.643,11.664130888513,795.862,164.295,2405.648
2026-05-19 16:16:43.369,79000,812.643,11.664130888513,795.862,164.295,2405.648
2026-05-19 16:16:43.369,79250,812.643,11.664130888513,795.862,164.295,2405.648
2026-05-19 16:16:43.370,79500,812.643,11.664130888513,795.862,164.295,2405.648
2026-05-19 16:16:43.370,79750,812.643,11.664130888513,795.862,164.295,2405.648
2026-05-19 16:16:43.371,80000,812.643,11.664130888513,795.862,164.295,2405.648
2026-05-19 16:16:43.483,80250,812.643,11.664130888513,795.862,164.295,2405.648
2026-05-19 16:16:43.485,80500,812.643,11.664130888513,795.862,164.295,2405.648
2026-05-19 16:16:43.489,80750,812.643,11.664130888513,795.862,164.295,2405.648
2026-05-19 16:16:43.491,81000,812.643,11.664130888513,795.862,164.295,2405.648
2026-05-19 16:16:43.493,81250,812.643,11.664130888513,795.862,164.295,2405.648
2026-05-19 16:16:43.495,81500,812.643,11.664130888513,795.862,164.295,2405.648
2026-05-19 16:16:43.598,81750,812.643,11.664130888513,795.862,164.295,2405.648
2026-05-19 16:16:43.599,82000,768.284,4.988331185097,765.374,66.805,2405.648
2026-05-19 16:16:43.601,82250,768.284,4.988331185097,765.374,66.805,2405.648
2026-05-19 16:16:43.603,82500,768.284,4.988331185097,765.374,66.805,2405.648
2026-05-19 16:16:43.719,82750,867.839,2.651035815985,866.91,40.14,2129.683
2026-05-19 16:16:43.720,83000,867.839,2.651035815985,866.91,40.14,2129.683
2026-05-19 16:16:43.722,83250,867.839,2.651035815985,866.91,40.14,2129.683
2026-05-19 16:16:43.724,83500,764.048,5.891081463675,760.013,78.42,2129.683
2026-05-19 16:16:43.726,83750,764.048,5.891081463675,760.013,78.42,2129.683
2026-05-19 16:16:43.728,84000,764.048,5.891081463675,760.013,78.42,2129.683
2026-05-19 16:16:43.840,84250,764.048,5.891081463675,760.013,78.42,2129.683
2026-05-19 16:16:43.842,84500,764.048,5.891081463675,760.013,78.42,2129.683
2026-05-19 16:16:43.843,84750,764.048,5.891081463675,760.013,78.42,2129.683
2026-05-19 16:16:43.846,85000,764.048,5.891081463675,760.013,78.42,2129.683
2026-05-19 16:16:43.848,85250,764.048,5.891081463675,760.013,78.42,2129.683
2026-05-19 16:16:43.969,85500,764.048,5.891081463675,760.013,78.42,2129.683
2026-05-19 16:16:43.970,85750,764.048,5.891081463675,760.013,78.42,2129.683
2026-05-19 16:16:43.972,86000,764.048,5.891081463675,760.013,78.42,2129.683
2026-05-19 16:16:43.974,86250,764.048,5.891081463675,760.013,78.42,2129.683
2026-05-19 16:16:43.976,86500,764.048,5.891081463675,760.013,78.42,2129.683
2026-05-19 16:16:43.978,86750,764.048,5.891081463675,760.013,78.42,2129.683
2026-05-19 16:16:44.086,87000,901.829,10.987589334819,885.297,171.885,1804.312
2026-05-19 16:16:44.087,87250,901.829,10.987589334819,885.297,171.885,1804.312
2026-05-19 16:16:44.087,87500,901.829,10.987589334819,885.297,171.885,1804.312
2026-05-19 16:16:44.088,87750,901.829,10.987589334819,885.297,171.885,1804.312
2026-05-19 16:16:44.199,88000,901.829,10.987589334819,885.297,171.885,1804.312
2026-05-19 16:16:44.203,88250,901.829,10.987589334819,885.297,171.885,1804.312
2026-05-19 16:16:44.204,88500,901.829,10.987589334819,885.297,171.885,1804.312
2026-05-19 16:16:44.205,88750,901.829,10.987589334819,885.297,171.885,1804.312
2026-05-19 16:16:44.205,89000,901.829,10.987589334819,885.297,171.885,1804.312
2026-05-19 16:16:44.205,89250,779.34,15.386092209961,751.408,206.776,1804.312
2026-05-19 16:16:44.315,89500,779.34,15.386092209961,751.408,206.776,1804.312
2026-05-19 16:16:44.316,89750,779.34,15.386092209961,751.408,206.776,1804.312
2026-05-19 16:16:44.316,90000,779.34,15.386092209961,751.408,206.776,1804.312
2026-05-19 16:16:44.316,90250,779.34,15.386092209961,751.408,206.776,1804.312
2026-05-19 16:16:44.424,90500,718.713,5.484098642271,715.423,68.687,1804.312
2026-05-19 16:16:44.426,90750,718.713,5.484098642271,715.423,68.687,1804.312
2026-05-19 16:16:44.426,91000,718.713,5.484098642271,715.423,68.687,1804.312
2026-05-19 16:16:44.426,91250,740.531,5.028351124522,737.64,64.207,1756.756
2026-05-19 16:16:44.427,91500,827.804,3.205361053526,826.509,46.287,1566.533
2026-05-19 16:16:44.530,91750,827.804,3.205361053526,826.509,46.287,1566.533
2026-05-19 16:16:44.530,92000,827.804,3.205361053526,826.509,46.287,1566.533
2026-05-19 16:16:44.531,92250,827.804,3.205361053526,826.509,46.287,1566.533
2026-05-19 16:16:44.531,92500,827.804,3.205361053526,826.509,46.287,1566.533
2026-05-19 16:16:44.532,92750,827.804,3.205361053526,826.509,46.287,1566.533
2026-05-19 16:16:44.640,93000,827.804,3.205361053526,826.509,46.287,1566.533
2026-05-19 16:16:44.640,93250,827.804,3.205361053526,826.509,46.287,1566.533
2026-05-19 16:16:44.641,93500,827.804,3.205361053526,826.509,46.287,1566.533
2026-05-19 16:16:44.641,93750,827.804,3.205361053526,826.509,46.287,1566.533
2026-05-19 16:16:44.641,94000,827.804,3.205361053526,826.509,46.287,1566.533
2026-05-19 16:16:44.754,94250,827.804,3.205361053526,826.509,46.287,1566.533
2026-05-19 16:16:44.754,94500,827.804,3.205361053526,826.509,46.287,1566.533
2026-05-19 16:16:44.755,94750,827.804,3.205361053526,826.509,46.287,1566.533
2026-05-19 16:16:44.755,95000,827.804,3.205361053526,826.509,46.287,1566.533
2026-05-19 16:16:44.869,95250,827.804,3.205361053526,826.509,46.287,1566.533
2026-05-19 16:16:44.870,95500,669.01,8.267779619867,662.057,96.203,1566.533
2026-05-19 16:16:44.870,95750,669.01,8.267779619867,662.057,96.203,1566.533
2026-05-19 16:16:44.870,96000,669.01,8.267779619867,662.057,96.203,1566.533
2026-05-19 16:16:44.871,96250,791.203,5.062418566341,788.117,69.817,1324.598
2026-05-19 16:16:44.984,96500,791.203,5.062418566341,788.117,69.817,1324.598
2026-05-19 16:16:44.984,96750,791.203,5.062418566341,788.117,69.817,1324.598
2026-05-19 16:16:44.985,97000,832.607,16.378847793135,798.818,234.785,1258.73
2026-05-19 16:16:44.985,97250,832.607,16.378847793135,798.818,234.785,1258.73
2026-05-19 16:16:44.985,97500,832.607,16.378847793135,798.818,234.785,1258.73
2026-05-19 16:16:45.089,97750,832.607,16.378847793135,798.818,234.785,1258.73
2026-05-19 16:16:45.090,98000,832.607,16.378847793135,798.818,234.785,1258.73
2026-05-19 16:16:45.090,98250,832.607,16.378847793135,798.818,234.785,1258.73
2026-05-19 16:16:45.091,98500,832.607,16.378847793135,798.818,234.785,1258.73
2026-05-19 16:16:45.091,98750,832.607,16.378847793135,798.818,234.785,1258.73
2026-05-19 16:16:45.201,99000,832.607,16.378847793135,798.818,234.785,1258.73
2026-05-19 16:16:45.201,99250,832.607,16.378847793135,798.818,234.785,1258.73
2026-05-19 16:16:45.202,99500,832.607,16.378847793135,798.818,234.785,1258.73
2026-05-19 16:16:45.202,99750,832.607,16.378847793135,798.818,234.785,1258.73
2026-05-19 16:16:45.203,100000,832.607,16.378847793135,798.818,234.785,1258.73
2026-05-19 16:16:45.751,10000,671.68,2.069868897438,671.239,24.276,13536.254
2026-05-19 16:16:45.984,10250,672.796,3.246101893262,671.716,38.097,13512.721
2026-05-19 16:16:46.089,10500,669.816,4.030930227573,668.159,47.085,13572.828
2026-05-19 16:16:46.199,10750,669.816,4.030930227573,668.159,47.085,13572.828
2026-05-19 16:16:46.431,11000,677.529,3.727242337196,676.092,44.061,13518.247
2026-05-19 16:16:46.546,11250,661.347,4.051089084148,659.669,46.7,13479.817
2026-05-19 16:16:46.669,11500,658.673,4.668462580149,656.474,53.596,13534.485
2026-05-19 16:16:46.789,11750,660.354,3.979026048968,658.762,45.823,13607.384
2026-05-19 16:16:46.899,12000,668.293,5.150496652961,665.581,59.98,13445.834
2026-05-19 16:16:47.014,12250,666.353,5.540063690894,663.226,64.315,13485.012
2026-05-19 16:16:47.129,12500,677.646,5.221257549015,674.821,61.707,13377.265
2026-05-19 16:16:47.245,12750,678.625,6.4289728837,674.357,75.987,13356.182
2026-05-19 16:16:47.350,13000,660.439,6.109747012841,656.673,70.275,13379.057
2026-05-19 16:16:47.469,13250,673.319,5.953668200293,669.688,69.84,13246.807
2026-05-19 16:16:47.575,13500,668.012,6.82015401194,663.285,79.329,13352.059
2026-05-19 16:16:47.699,13750,674.648,7.124222254198,669.43,83.693,13221.583
2026-05-19 16:16:47.816,14000,662.251,6.216578852822,658.357,71.713,13262.358
2026-05-19 16:16:47.930,14250,658.39,7.252398346917,653.115,83.133,13340.745
2026-05-19 16:16:48.046,14500,662.132,8.458590331627,654.918,97.377,13264.959
2026-05-19 16:16:48.151,14750,660.814,8.643971525179,653.308,99.316,13291.208
2026-05-19 16:16:48.269,15000,672.728,8.467245695106,665.382,99.031,13212.421
2026-05-19 16:16:48.389,15250,662.994,8.375917125448,655.913,96.595,13199.385
2026-05-19 16:16:48.506,15500,665.812,9.613624855512,656.451,111.172,13143.222
2026-05-19 16:16:48.506,15750,666.605,9.055091234886,658.287,104.891,13294.523
2026-05-19 16:16:48.614,16000,659.128,9.182109551288,650.682,105.179,13113.269
2026-05-19 16:16:48.731,16250,672.839,9.482522400923,663.629,110.812,12846.52
2026-05-19 16:16:48.841,16500,667.418,9.738204326558,657.78,112.843,13085.623
2026-05-19 16:16:48.945,16750,653.959,9.890733354999,644.204,112.313,13031.198
2026-05-19 16:16:49.054,17000,655.533,11.063185356087,643.308,125.796,12999.982
2026-05-19 16:16:49.167,17250,642.154,10.471795630814,631.431,116.633,12923.813
2026-05-19 16:16:49.167,17500,670.301,11.177766098642,657.493,129.866,12906.286
2026-05-19 16:16:49.277,17750,653.726,10.934387619328,641.8,123.963,12897.148
2026-05-19 16:16:49.394,18000,654.463,12.233887067078,639.595,138.661,12882.636
2026-05-19 16:16:49.499,18250,655.841,10.941398651127,643.824,124.401,12518.461
2026-05-19 16:16:49.615,18500,655.906,11.13668828238,643.494,126.616,12734.548
2026-05-19 16:16:49.615,18750,653.635,12.299976990965,638.575,139.195,12778.15
2026-05-19 16:16:49.730,19000,662.468,13.122186554408,645.115,150.344,12607.816
2026-05-19 16:16:49.840,19250,639.665,13.236554105562,622.622,146.416,12731.436
2026-05-19 16:16:49.841,19500,652.767,10.782567125115,641.205,122.057,12382.685
2026-05-19 16:16:49.954,19750,639.96,12.325708867206,625.189,136.582,12630.143
2026-05-19 16:16:50.069,20000,641.839,13.254228450774,624.686,147.111,12593.449
2026-05-19 16:16:50.179,20250,646.655,13.786446963416,627.98,154.042,12499.51
2026-05-19 16:16:50.179,20500,629.011,13.983587758991,610.301,151.997,12538.173
2026-05-19 16:16:50.289,20750,647.497,13.421291532511,629.773,150.268,12413.525
2026-05-19 16:16:50.400,21000,638.949,13.335346579222,621.662,147.328,12325.656
2026-05-19 16:16:50.400,21250,639.566,14.2003573655,619.99,156.871,12313.449
2026-05-19 16:16:50.514,21500,640.187,15.036704606906,618.231,166.069,12301.104
2026-05-19 16:16:50.629,21750,628.943,14.783025693341,608.072,160.43,12230.304
2026-05-19 16:16:50.630,22000,647.322,14.055752774067,627.899,157.147,12146.065
2026-05-19 16:16:50.744,22250,651.672,14.670488623137,630.385,164.98,12065.074
2026-05-19 16:16:50.864,22500,645.071,14.140341178712,625.497,157.564,11902.379
2026-05-19 16:16:50.864,22750,635.852,15.146496063772,613.738,166.125,12075.571
2026-05-19 16:16:50.976,23000,624.758,14.376855282903,605.158,155.092,12001.636
2026-05-19 16:16:50.977,23250,633.839,15.353775799405,611.183,167.786,11830.261
2026-05-19 16:16:51.095,23500,631.332,15.474160941701,608.409,168.404,11876.673
2026-05-19 16:16:51.095,23750,624.532,15.304178860945,602.348,164.801,11755.019
2026-05-19 16:16:51.209,24000,644.997,14.383483646731,624.753,160.187,11662.893
2026-05-19 16:16:51.313,24250,643.232,12.860110075502,627.057,143.147,11439.267
2026-05-19 16:16:51.314,24500,638.781,14.98993727318,616.969,165.184,11518.894
2026-05-19 16:16:51.424,24750,645.723,14.43471312251,625.31,160.948,11395.57
2026-05-19 16:16:51.424,25000,634.75,13.412318715993,617.405,147.19,11353.186
2026-05-19 16:16:51.537,25250,639.384,14.326605121049,619.501,158.194,11271.451
2026-05-19 16:16:51.640,25500,629.747,12.864466972677,613.914,140.224,11203.107
2026-05-19 16:16:51.640,25750,636.731,13.733762574108,618.527,151.151,11080.716
2026-05-19 16:16:51.755,26000,642.541,13.759888863284,624.076,152.792,10980.56
2026-05-19 16:16:51.755,26250,636.473,12.882061367049,620.431,141.885,10888.266
2026-05-19 16:16:51.874,26500,644.275,13.999890674919,625.109,155.876,10755.923
2026-05-19 16:16:51.875,26750,624.662,14.217268322456,605.458,153.342,10873.792
2026-05-19 16:16:51.980,27000,635.413,12.450548843949,620.47,136.972,10689.239
2026-05-19 16:16:51.980,27250,640.547,13.697465615622,622.331,151.658,10603.588
2026-05-19 16:16:52.099,27500,640.006,11.578088135794,626.983,128.451,10408.646
2026-05-19 16:16:52.100,27750,645.413,12.949711881805,628.998,144.634,10321.449
2026-05-19 16:16:52.215,28000,641.483,10.756224282627,630.212,119.692,10181.238
2026-05-19 16:16:52.215,28250,652.163,11.847096179326,638.272,133.89,10013.234
2026-05-19 16:16:52.319,28500,655.399,11.755404467529,641.654,133.506,9964.753
2026-05-19 16:16:52.422,28750,662.3,11.058345710305,650.002,127.035,9692.569
2026-05-19 16:16:52.423,29000,680.76,10.573745729134,669.201,124.92,9429.725
2026-05-19 16:16:52.533,29250,644.784,13.000809308045,628.189,145.067,9778.025
2026-05-19 16:16:52.533,29500,666.431,11.530110743946,652.94,133.131,9461.76
2026-05-19 16:16:52.646,29750,693.349,11.27460474903,679.97,135.538,9094.064
2026-05-19 16:16:52.647,30000,689.175,10.451540831165,677.685,125.035,8991.408
2026-05-19 16:16:52.768,30250,706.421,10.491561668583,694.612,128.611,8772.995
2026-05-19 16:16:52.769,30500,703.833,9.882156051756,693.39,120.793,8667.367
2026-05-19 16:16:52.769,30750,703.833,9.882156051756,693.39,120.793,8667.367
2026-05-19 16:16:52.884,31000,729.801,11.281640834646,715.7,142.772,8358.959
2026-05-19 16:16:52.884,31250,718.266,8.822451057555,709.768,110.163,8358.959
2026-05-19 16:16:53.000,31500,721.984,10.605524736896,709.65,132.878,8315.916
2026-05-19 16:16:53.001,31750,721.984,10.605524736896,709.65,132.878,8315.916
2026-05-19 16:16:53.116,32000,696.785,10.808983973914,684.423,130.669,8176.466
2026-05-19 16:16:53.116,32250,696.785,10.808983973914,684.423,130.669,8176.466
2026-05-19 16:16:53.226,32500,681.405,10.179786587346,670.678,120.43,8254.334
2026-05-19 16:16:53.227,32750,690.162,10.116478236766,679.432,121.225,8149.925
2026-05-19 16:16:53.335,33000,693.869,11.840155233589,679.106,142.369,8106.062
2026-05-19 16:16:53.336,33250,690.806,9.257478243981,681.809,111.124,8054.349
2026-05-19 16:16:53.336,33500,709.874,11.033115636341,696.753,135.853,7836.682
2026-05-19 16:16:53.446,33750,709.874,11.033115636341,696.753,135.853,7836.682
2026-05-19 16:16:53.447,34000,703.414,10.702253528975,691.036,130.603,7836.418
2026-05-19 16:16:53.559,34250,672.057,11.748813040367,657.977,136.845,7836.352
2026-05-19 16:16:53.560,34500,690.722,11.787812881058,676.154,141.109,7626.018
2026-05-19 16:16:53.668,34750,689.141,11.048746114132,676.367,132.07,7584.66
2026-05-19 16:16:53.668,35000,689.141,11.048746114132,676.367,132.07,7584.66
2026-05-19 16:16:53.669,35250,687.3,13.027010424809,669.612,154.925,7604.97
2026-05-19 16:16:53.782,35500,688.539,10.422875499991,677.174,124.577,7554.205
2026-05-19 16:16:53.783,35750,675.193,10.810802651826,663.21,126.644,7351.148
2026-05-19 16:16:53.899,36000,672.563,12.750561704903,655.978,148.439,7379.893
2026-05-19 16:16:53.899,36250,670.341,9.869929926236,660.419,114.905,7379.893
2026-05-19 16:16:54.014,36500,692.72,11.907912647916,677.739,142.895,7141.513
2026-05-19 16:16:54.014,36750,691.889,12.34463666694,675.892,147.92,7150.05
2026-05-19 16:16:54.015,37000,691.819,7.841828501533,685.35,94.391,7150.05
2026-05-19 16:16:54.131,37250,654.807,8.927430481101,646.785,101.564,7179.298
2026-05-19 16:16:54.131,37500,662.241,9.899302575612,652.369,113.891,7100.677
2026-05-19 16:16:54.132,37750,676.063,10.157701201567,665.466,119.229,6953.496
2026-05-19 16:16:54.241,38000,677.442,7.426340493196,671.7,87.521,6964.975
2026-05-19 16:16:54.241,38250,672.998,9.003546959045,664.706,105.321,7010.893
2026-05-19 16:16:54.355,38500,696.744,9.524001090821,687.14,115.284,6771.954
2026-05-19 16:16:54.355,38750,663.777,5.944597386677,660.207,68.745,6771.954
2026-05-19 16:16:54.356,39000,656.856,8.040234124673,650.399,91.873,6843.309
2026-05-19 16:16:54.467,39250,656.856,8.040234124673,650.399,91.873,6843.309
2026-05-19 16:16:54.467,39500,681.866,8.709963772362,674.002,103.257,6592.3
2026-05-19 16:16:54.589,39750,686.738,6.120705951506,682.737,73.148,6611.151
2026-05-19 16:16:54.589,40000,641.366,7.302753063179,636.163,81.525,6686.555
2026-05-19 16:16:54.590,40250,662.441,7.99262332117,656.006,92.11,6473.826
2026-05-19 16:16:54.699,40500,662.441,7.99262332117,656.006,92.11,6473.826
2026-05-19 16:16:54.699,40750,662.441,7.99262332117,656.006,92.11,6473.826
2026-05-19 16:16:54.700,41000,689.965,7.151375850281,684.524,85.816,6313.627
2026-05-19 16:16:54.810,41250,658.839,6.860984372709,654.121,78.705,6333.95
2026-05-19 16:16:54.810,41500,658.839,6.860984372709,654.121,78.705,6333.95
2026-05-19 16:16:54.914,41750,683.119,7.79698731103,676.804,92.674,6108.821
2026-05-19 16:16:54.914,42000,693.736,4.991770011334,691.039,60.288,6130.324
2026-05-19 16:16:54.915,42250,691.328,5.405302936024,688.156,65.009,6151.827
2026-05-19 16:16:55.031,42500,658.288,5.412249337303,655.311,62.044,6103.431
2026-05-19 16:16:55.032,42750,670.393,6.498406258521,666.086,75.872,5989.9
2026-05-19 16:16:55.032,43000,670.393,6.498406258521,666.086,75.872,5989.9
2026-05-19 16:16:55.136,43250,691.25,3.584937738026,689.87,43.301,5947.187
2026-05-19 16:16:55.136,43500,711.546,4.488301783594,709.364,55.682,5776.334
2026-05-19 16:16:55.137,43750,671.265,2.905808788588,670.402,34.029,5776.334
2026-05-19 16:16:55.247,44000,659.8,4.609987091194,657.599,52.94,5877.141
2026-05-19 16:16:55.248,44250,681.556,6.345395372185,677.38,75.327,5689.117
2026-05-19 16:16:55.354,44500,681.556,6.345395372185,677.38,75.327,5689.117
2026-05-19 16:16:55.355,44750,702.344,3.080107765313,701.329,37.738,5689.117
2026-05-19 16:16:55.355,45000,691.199,2.701680771284,690.431,32.58,5469.138
2026-05-19 16:16:55.469,45250,691.199,2.701680771284,690.431,32.58,5469.138
2026-05-19 16:16:55.469,45500,691.199,2.701680771284,690.431,32.58,5469.138
2026-05-19 16:16:55.470,45750,715.756,4.724865719786,713.258,58.838,5282.122
2026-05-19 16:16:55.589,46000,666.682,4.005750059926,664.988,46.461,5369.14
2026-05-19 16:16:55.589,46250,693.37,0.776216146027,693.307,9.393,5398.146
2026-05-19 16:16:55.590,46500,713.591,2.078493241294,713.121,25.881,5245.182
2026-05-19 16:16:55.699,46750,713.591,2.078493241294,713.121,25.881,5245.182
2026-05-19 16:16:55.699,47000,713.591,2.078493241294,713.121,25.881,5245.182
2026-05-19 16:16:55.700,47250,703.359,1.546106573568,703.103,18.978,5046.496
2026-05-19 16:16:55.814,47500,703.359,1.546106573568,703.103,18.978,5046.496
2026-05-19 16:16:55.815,47750,703.359,1.546106573568,703.103,18.978,5046.496
2026-05-19 16:16:55.815,48000,731.77,3.577998794431,730.343,45.668,4850.57
2026-05-19 16:16:55.919,48250,731.77,3.577998794431,730.343,45.668,4850.57
2026-05-19 16:16:55.919,48500,720.141,-1.278222335797,719.838,-16.291,4921.353
2026-05-19 16:16:55.920,48750,730.424,2.130370559661,729.919,27.152,4850.57
2026-05-19 16:16:56.035,49000,730.424,2.130370559661,729.919,27.152,4850.57
2026-05-19 16:16:56.036,49250,755.652,4.307248500975,753.518,56.753,4688.632
2026-05-19 16:16:56.036,49500,717.872,1.206511908056,717.713,15.116,4688.632
2026-05-19 16:16:56.145,49750,717.872,1.206511908056,717.713,15.116,4688.632
2026-05-19 16:16:56.146,50000,717.872,1.206511908056,717.713,15.116,4688.632
2026-05-19 16:16:56.146,50250,722.933,1.688179300014,722.51,21.464,4656.702
2026-05-19 16:16:56.146,50500,743.178,3.614848867846,741.699,46.857,4528.98
2026-05-19 16:16:56.251,50750,743.178,3.614848867846,741.699,46.857,4528.98
2026-05-19 16:16:56.251,51000,745.487,-2.737080263799,744.636,-35.599,4528.98
2026-05-19 16:16:56.252,51250,770.801,-0.200183809024,770.797,-2.693,4380.24
2026-05-19 16:16:56.369,51500,770.801,-0.200183809024,770.797,-2.693,4380.24
2026-05-19 16:16:56.369,51750,770.801,-0.200183809024,770.797,-2.693,4380.24
2026-05-19 16:16:56.370,52000,776.202,0.378033254038,776.023,5.337,4350.588
2026-05-19 16:16:56.489,52250,764.528,-0.96498674906,764.42,-12.876,4231.978
2026-05-19 16:16:56.490,52500,764.528,-0.96498674906,764.42,-12.876,4231.978
2026-05-19 16:16:56.490,52750,764.528,-0.96498674906,764.42,-12.876,4231.978
2026-05-19 16:16:56.491,53000,792.729,2.468692288184,791.993,34.146,4081.427
2026-05-19 16:16:56.600,53250,792.729,2.468692288184,791.993,34.146,4081.427
2026-05-19 16:16:56.601,53500,792.729,2.468692288184,791.993,34.146,4081.427
2026-05-19 16:16:56.601,53750,763.088,-1.311068106816,762.888,-17.46,4081.427
2026-05-19 16:16:56.713,54000,763.088,-1.311068106816,762.888,-17.46,4081.427
2026-05-19 16:16:56.714,54250,786.363,1.954219500056,785.906,26.816,3960.624
2026-05-19 16:16:56.714,54500,786.363,1.954219500056,785.906,26.816,3960.624
2026-05-19 16:16:56.715,54750,786.363,1.954219500056,785.906,26.816,3960.624
2026-05-19 16:16:56.829,55000,786.363,1.954219500056,785.906,26.816,3960.624
2026-05-19 16:16:56.830,55250,807.257,5.248496428853,803.872,73.844,3858.112
2026-05-19 16:16:56.831,55500,778.862,1.046230596484,778.732,14.221,3858.112
2026-05-19 16:16:56.939,55750,778.862,1.046230596484,778.732,14.221,3858.112
2026-05-19 16:16:56.940,56000,778.862,1.046230596484,778.732,14.221,3858.112
2026-05-19 16:16:56.940,56250,778.862,1.046230596484,778.732,14.221,3858.112
2026-05-19 16:16:56.941,56500,778.862,1.046230596484,778.732,14.221,3858.112
2026-05-19 16:16:57.047,56750,797.833,4.622963174789,795.237,64.304,3766.372
2026-05-19 16:16:57.048,57000,797.833,4.622963174789,795.237,64.304,3766.372
2026-05-19 16:16:57.048,57250,797.833,4.622963174789,795.237,64.304,3766.372
2026-05-19 16:16:57.151,57500,797.833,4.622963174789,795.237,64.304,3766.372
2026-05-19 16:16:57.152,57750,797.833,4.622963174789,795.237,64.304,3766.372
2026-05-19 16:16:57.152,58000,797.833,4.622963174789,795.237,64.304,3766.372
2026-05-19 16:16:57.269,58250,788.738,3.804466545564,787.0,52.334,3684.696
2026-05-19 16:16:57.269,58500,852.053,2.340504006856,851.342,34.796,3684.696
2026-05-19 16:16:57.270,58750,865.659,6.169069140534,860.646,93.026,3626.782
2026-05-19 16:16:57.270,59000,865.659,6.169069140534,860.646,93.026,3626.782
2026-05-19 16:16:57.384,59250,847.65,1.799164361755,847.232,26.613,3626.782
2026-05-19 16:16:57.384,59500,847.65,1.799164361755,847.232,26.613,3626.782
2026-05-19 16:16:57.385,59750,847.65,1.799164361755,847.232,26.613,3626.782
2026-05-19 16:16:57.494,60000,793.776,5.335892599035,789.893,73.976,3661.531
2026-05-19 16:16:57.495,60250,798.814,6.867318652506,792.786,95.618,3638.365
2026-05-19 16:16:57.495,60500,836.864,7.119135264899,830.417,103.501,3477.037
2026-05-19 16:16:57.496,60750,860.552,6.776537655338,854.54,101.543,3377.207
2026-05-19 16:16:57.605,61000,860.552,6.776537655338,854.54,101.543,3377.207
2026-05-19 16:16:57.605,61250,860.552,6.776537655338,854.54,101.543,3377.207
2026-05-19 16:16:57.605,61500,860.552,6.776537655338,854.54,101.543,3377.207
2026-05-19 16:16:57.606,61750,860.552,6.776537655338,854.54,101.543,3377.207
2026-05-19 16:16:57.714,62000,860.552,6.776537655338,854.54,101.543,3377.207
2026-05-19 16:16:57.714,62250,860.552,6.776537655338,854.54,101.543,3377.207
2026-05-19 16:16:57.715,62500,860.552,6.776537655338,854.54,101.543,3377.207
2026-05-19 16:16:57.715,62750,860.552,6.776537655338,854.54,101.543,3377.207
2026-05-19 16:16:57.830,63000,857.443,5.9586792149,852.448,89.158,3389.63
2026-05-19 16:16:57.830,63250,793.217,8.464985041542,784.575,116.765,3377.207
2026-05-19 16:16:57.831,63500,793.217,8.464985041542,784.575,116.765,3377.207
2026-05-19 16:16:57.832,63750,793.217,8.464985041542,784.575,116.765,3377.207
2026-05-19 16:16:57.945,64000,793.217,8.464985041542,784.575,116.765,3377.207
2026-05-19 16:16:57.946,64250,793.217,8.464985041542,784.575,116.765,3377.207
2026-05-19 16:16:57.946,64500,793.217,8.464985041542,784.575,116.765,3377.207
2026-05-19 16:16:57.947,64750,817.165,8.087916906401,809.044,114.731,3282.399
2026-05-19 16:16:58.050,65000,853.088,7.52231470369,845.747,111.68,3140.187
2026-05-19 16:16:58.050,65250,853.088,7.52231470369,845.747,111.68,3140.187
2026-05-19 16:16:58.051,65500,853.088,7.52231470369,845.747,111.68,3140.187
2026-05-19 16:16:58.051,65750,838.891,4.026390880667,836.411,59.086,3193.558
2026-05-19 16:16:58.154,66000,835.341,3.152409924911,834.077,45.937,3206.9
2026-05-19 16:16:58.155,66250,835.341,3.152409924911,834.077,45.937,3206.9
2026-05-19 16:16:58.155,66500,835.341,3.152409924911,834.077,45.937,3206.9
2026-05-19 16:16:58.155,66750,835.341,3.152409924911,834.077,45.937,3206.9
2026-05-19 16:16:58.268,67000,835.341,3.152409924911,834.077,45.937,3206.9
2026-05-19 16:16:58.269,67250,760.787,5.294168888362,757.542,70.197,3206.9
2026-05-19 16:16:58.269,67500,760.787,5.294168888362,757.542,70.197,3206.9
2026-05-19 16:16:58.270,67750,760.787,5.294168888362,757.542,70.197,3206.9
2026-05-19 16:16:58.388,68000,760.787,5.294168888362,757.542,70.197,3206.9
2026-05-19 16:16:58.389,68250,760.787,5.294168888362,757.542,70.197,3206.9
2026-05-19 16:16:58.389,68500,760.787,5.294168888362,757.542,70.197,3206.9
2026-05-19 16:16:58.390,68750,773.001,5.00137638062,770.038,67.138,3159.241
2026-05-19 16:16:58.499,69000,821.858,3.830206349655,820.022,54.9,2968.602
2026-05-19 16:16:58.499,69250,861.184,9.397957012713,849.625,140.623,2968.602
2026-05-19 16:16:58.500,69500,861.184,9.397957012713,849.625,140.623,2968.602
2026-05-19 16:16:58.500,69750,861.184,9.397957012713,849.625,140.623,2968.602
2026-05-19 16:16:58.613,70000,861.184,9.397957012713,849.625,140.623,2968.602
2026-05-19 16:16:58.614,70250,861.184,9.397957012713,849.625,140.623,2968.602
2026-05-19 16:16:58.614,70500,861.184,9.397957012713,849.625,140.623,2968.602
2026-05-19 16:16:58.615,70750,861.184,9.397957012713,849.625,140.623,2968.602
2026-05-19 16:16:58.729,71000,861.184,9.397957012713,849.625,140.623,2968.602
2026-05-19 16:16:58.729,71250,861.184,9.397957012713,849.625,140.623,2968.602
2026-05-19 16:16:58.730,71500,861.184,9.397957012713,849.625,140.623,2968.602
2026-05-19 16:16:58.730,71750,861.184,9.397957012713,849.625,140.623,2968.602
2026-05-19 16:16:58.846,72000,734.391,6.742693581464,729.311,86.225,2968.602
2026-05-19 16:16:58.847,72250,778.15,12.766084195971,758.914,171.949,2968.602
2026-05-19 16:16:58.847,72500,778.15,12.766084195971,758.914,171.949,2968.602
2026-05-19 16:16:58.847,72750,734.391,6.742693581464,729.311,86.225,2968.602
2026-05-19 16:16:58.848,73000,752.696,11.441198515189,737.74,149.306,2896.405
2026-05-19 16:16:58.955,73250,752.696,11.441198515189,737.74,149.306,2896.405
2026-05-19 16:16:58.955,73500,793.237,10.649155140429,779.595,146.209,2753.254
2026-05-19 16:16:58.956,73750,820.264,10.121126223922,807.499,144.145,2657.82
2026-05-19 16:16:59.069,74000,820.264,10.121126223922,807.499,144.145,2657.82
2026-05-19 16:16:59.070,74250,820.264,10.121126223922,807.499,144.145,2657.82
2026-05-19 16:16:59.071,74500,820.264,10.121126223922,807.499,144.145,2657.82
2026-05-19 16:16:59.071,74750,820.264,10.121126223922,807.499,144.145,2657.82
2026-05-19 16:16:59.072,75000,820.264,10.121126223922,807.499,144.145,2657.82
2026-05-19 16:16:59.181,75250,815.558,9.10775021819,804.726,129.354,2673.519
2026-05-19 16:16:59.181,75500,801.439,6.067622200992,796.407,84.982,2720.619
2026-05-19 16:16:59.182,75750,796.732,5.05424619526,793.634,70.191,2736.319
2026-05-19 16:16:59.182,76000,796.732,5.05424619526,793.634,70.191,2736.319
2026-05-19 16:16:59.298,76250,796.732,5.05424619526,793.634,70.191,2736.319
2026-05-19 16:16:59.299,76500,796.732,5.05424619526,793.634,70.191,2736.319
2026-05-19 16:16:59.299,76750,796.732,5.05424619526,793.634,70.191,2736.319
2026-05-19 16:16:59.300,77000,796.732,5.05424619526,793.634,70.191,2736.319
2026-05-19 16:16:59.300,77250,796.732,5.05424619526,793.634,70.191,2736.319
2026-05-19 16:16:59.416,77500,796.732,5.05424619526,793.634,70.191,2736.319
2026-05-19 16:16:59.416,77750,735.54,13.356552210605,715.645,169.917,2657.82
2026-05-19 16:16:59.417,78000,735.54,13.356552210605,715.645,169.917,2657.82
2026-05-19 16:16:59.417,78250,750.961,13.018067946186,731.688,168.793,2607.385
2026-05-19 16:16:59.417,78500,812.643,11.664130888513,795.862,164.295,2405.648
2026-05-19 16:16:59.520,78750,812.643,11.664130888513,795.862,164.295,2405.648
2026-05-19 16:16:59.521,79000,812.643,11.664130888513,795.862,164.295,2405.648
2026-05-19 16:16:59.521,79250,812.643,11.664130888513,795.862,164.295,2405.648
2026-05-19 16:16:59.521,79500,812.643,11.664130888513,795.862,164.295,2405.648
2026-05-19 16:16:59.522,79750,812.643,11.664130888513,795.862,164.295,2405.648
2026-05-19 16:16:59.633,80000,812.643,11.664130888513,795.862,164.295,2405.648
2026-05-19 16:16:59.634,80250,812.643,11.664130888513,795.862,164.295,2405.648
2026-05-19 16:16:59.634,80500,812.643,11.664130888513,795.862,164.295,2405.648
2026-05-19 16:16:59.635,80750,812.643,11.664130888513,795.862,164.295,2405.648
2026-05-19 16:16:59.635,81000,812.643,11.664130888513,795.862,164.295,2405.648
2026-05-19 16:16:59.746,81250,812.643,11.664130888513,795.862,164.295,2405.648
2026-05-19 16:16:59.746,81500,812.643,11.664130888513,795.862,164.295,2405.648
2026-05-19 16:16:59.747,81750,812.643,11.664130888513,795.862,164.295,2405.648
2026-05-19 16:16:59.747,82000,768.284,4.988331185097,765.374,66.805,2405.648
2026-05-19 16:16:59.869,82250,768.284,4.988331185097,765.374,66.805,2405.648
2026-05-19 16:16:59.869,82500,788.195,4.520872111274,785.682,61.472,2350.455
2026-05-19 16:16:59.870,82750,867.839,2.651035815985,866.91,40.14,2129.683
2026-05-19 16:16:59.870,83000,867.839,2.651035815985,866.91,40.14,2129.683
2026-05-19 16:16:59.870,83250,867.839,2.651035815985,866.91,40.14,2129.683
2026-05-19 16:16:59.871,83500,764.048,5.891081463675,760.013,78.42,2129.683
2026-05-19 16:16:59.989,83750,764.048,5.891081463675,760.013,78.42,2129.683
2026-05-19 16:16:59.990,84000,764.048,5.891081463675,760.013,78.42,2129.683
2026-05-19 16:16:59.991,84250,764.048,5.891081463675,760.013,78.42,2129.683
2026-05-19 16:16:59.991,84500,764.048,5.891081463675,760.013,78.42,2129.683
2026-05-19 16:16:59.992,84750,764.048,5.891081463675,760.013,78.42,2129.683
2026-05-19 16:17:00.100,85000,764.048,5.891081463675,760.013,78.42,2129.683
2026-05-19 16:17:00.100,85250,764.048,5.891081463675,760.013,78.42,2129.683
2026-05-19 16:17:00.101,85500,764.048,5.891081463675,760.013,78.42,2129.683
2026-05-19 16:17:00.101,85750,764.048,5.891081463675,760.013,78.42,2129.683
2026-05-19 16:17:00.102,86000,764.048,5.891081463675,760.013,78.42,2129.683
2026-05-19 16:17:00.215,86250,764.048,5.891081463675,760.013,78.42,2129.683
2026-05-19 16:17:00.215,86500,764.048,5.891081463675,760.013,78.42,2129.683
2026-05-19 16:17:00.216,86750,783.622,5.360874300478,780.118,72.479,2081.32
2026-05-19 16:17:00.216,87000,901.829,10.987589334819,885.297,171.885,1804.312
2026-05-19 16:17:00.217,87250,901.829,10.987589334819,885.297,171.885,1804.312
2026-05-19 16:17:00.319,87500,901.829,10.987589334819,885.297,171.885,1804.312
2026-05-19 16:17:00.320,87750,901.829,10.987589334819,885.297,171.885,1804.312
2026-05-19 16:17:00.320,88000,901.829,10.987589334819,885.297,171.885,1804.312
2026-05-19 16:17:00.321,88250,901.829,10.987589334819,885.297,171.885,1804.312
2026-05-19 16:17:00.433,88500,901.829,10.987589334819,885.297,171.885,1804.312
2026-05-19 16:17:00.434,88750,901.829,10.987589334819,885.297,171.885,1804.312
2026-05-19 16:17:00.434,89000,901.829,10.987589334819,885.297,171.885,1804.312
2026-05-19 16:17:00.434,89250,779.34,15.386092209961,751.408,206.776,1804.312
2026-05-19 16:17:00.435,89500,779.34,15.386092209961,751.408,206.776,1804.312
2026-05-19 16:17:00.546,89750,779.34,15.386092209961,751.408,206.776,1804.312
2026-05-19 16:17:00.546,90000,779.34,15.386092209961,751.408,206.776,1804.312
2026-05-19 16:17:00.547,90250,779.34,15.386092209961,751.408,206.776,1804.312
2026-05-19 16:17:00.547,90500,718.713,5.484098642271,715.423,68.687,1804.312
2026-05-19 16:17:00.548,90750,718.713,5.484098642271,715.423,68.687,1804.312
2026-05-19 16:17:00.655,91000,718.713,5.484098642271,715.423,68.687,1804.312
2026-05-19 16:17:00.655,91250,762.349,4.572603606773,759.857,59.727,1709.2
2026-05-19 16:17:00.656,91500,827.804,3.205361053526,826.509,46.287,1566.533
2026-05-19 16:17:00.656,91750,827.804,3.205361053526,826.509,46.287,1566.533
2026-05-19 16:17:00.657,92000,827.804,3.205361053526,826.509,46.287,1566.533
2026-05-19 16:17:00.769,92250,827.804,3.205361053526,826.509,46.287,1566.533
2026-05-19 16:17:00.770,92500,827.804,3.205361053526,826.509,46.287,1566.533
2026-05-19 16:17:00.770,92750,827.804,3.205361053526,826.509,46.287,1566.533
2026-05-19 16:17:00.770,93000,827.804,3.205361053526,826.509,46.287,1566.533
2026-05-19 16:17:00.771,93250,827.804,3.205361053526,826.509,46.287,1566.533
2026-05-19 16:17:00.886,93500,827.804,3.205361053526,826.509,46.287,1566.533
2026-05-19 16:17:00.887,93750,827.804,3.205361053526,826.509,46.287,1566.533
2026-05-19 16:17:00.887,94000,827.804,3.205361053526,826.509,46.287,1566.533
2026-05-19 16:17:00.888,94250,827.804,3.205361053526,826.509,46.287,1566.533
2026-05-19 16:17:00.888,94500,827.804,3.205361053526,826.509,46.287,1566.533
2026-05-19 16:17:01.004,94750,827.804,3.205361053526,826.509,46.287,1566.533
2026-05-19 16:17:01.005,95000,827.804,3.205361053526,826.509,46.287,1566.533
2026-05-19 16:17:01.005,95250,827.804,3.205361053526,826.509,46.287,1566.533
2026-05-19 16:17:01.005,95500,669.01,8.267779619867,662.057,96.203,1566.533
2026-05-19 16:17:01.006,95750,669.01,8.267779619867,662.057,96.203,1566.533
2026-05-19 16:17:01.119,96000,669.01,8.267779619867,662.057,96.203,1566.533
2026-05-19 16:17:01.119,96250,791.203,5.062418566341,788.117,69.817,1324.598
2026-05-19 16:17:01.120,96500,791.203,5.062418566341,788.117,69.817,1324.598
2026-05-19 16:17:01.120,96750,791.203,5.062418566341,788.117,69.817,1324.598
2026-05-19 16:17:01.121,97000,832.607,16.378847793135,798.818,234.785,1258.73
2026-05-19 16:17:01.235,97250,832.607,16.378847793135,798.818,234.785,1258.73
2026-05-19 16:17:01.236,97500,832.607,16.378847793135,798.818,234.785,1258.73
2026-05-19 16:17:01.236,97750,832.607,16.378847793135,798.818,234.785,1258.73
2026-05-19 16:17:01.237,98000,832.607,16.378847793135,798.818,234.785,1258.73
2026-05-19 16:17:01.237,98250,832.607,16.378847793135,798.818,234.785,1258.73
2026-05-19 16:17:01.349,98500,832.607,16.378847793135,798.818,234.785,1258.73
2026-05-19 16:17:01.349,98750,832.607,16.378847793135,798.818,234.785,1258.73
2026-05-19 16:17:01.350,99000,832.607,16.378847793135,798.818,234.785,1258.73
2026-05-19 16:17:01.350,99250,832.607,16.378847793135,798.818,234.785,1258.73
2026-05-19 16:17:01.351,99500,832.607,16.378847793135,798.818,234.785,1258.73
2026-05-19 16:17:01.459,99750,832.607,16.378847793135,798.818,234.785,1258.73
2026-05-19 16:17:01.459,100000,832.607,16.378847793135,798.818,234.785,1258.73
2026-05-19 16:17:02.001,10000,674.138,2.131491015438,673.669,25.084,13486.55
2026-05-19 16:17:02.113,10250,672.796,3.246101893262,671.716,38.097,13512.721
2026-05-19 16:17:02.229,10500,669.816,4.030930227573,668.159,47.085,13572.828
2026-05-19 16:17:02.449,10750,669.816,4.030930227573,668.159,47.085,13572.828
2026-05-19 16:17:02.569,11000,679.854,3.797246970793,678.359,45.035,13471.7
2026-05-19 16:17:02.684,11250,660.452,4.260966877589,658.61,49.057,13498.039
2026-05-19 16:17:02.787,11500,658.673,4.668462580149,656.474,53.596,13534.485
2026-05-19 16:17:03.017,11750,660.354,3.979026048968,658.762,45.823,13607.384
2026-05-19 16:17:03.125,12000,668.293,5.150496652961,665.581,59.98,13445.834
2026-05-19 16:17:03.231,12250,667.359,5.342002153657,664.46,62.131,13464.562
2026-05-19 16:17:03.346,12500,677.646,5.221257549015,674.821,61.707,13377.265
2026-05-19 16:17:03.449,12750,678.625,6.4289728837,674.357,75.987,13356.182
2026-05-19 16:17:03.569,13000,661.562,5.911221567776,658.045,68.133,13356.182
2026-05-19 16:17:03.684,13250,674.512,5.752602164596,671.101,67.59,13223.542
2026-05-19 16:17:03.787,13500,669.073,6.64685684961,664.565,77.431,13331.009
2026-05-19 16:17:03.898,13750,676.86,7.22557833495,671.478,85.148,13178.091
2026-05-19 16:17:04.002,14000,662.251,6.216578852822,658.357,71.713,13262.358
2026-05-19 16:17:04.114,14250,661.931,7.182541644878,656.728,82.757,13270.404
2026-05-19 16:17:04.218,14500,662.132,8.458590331627,654.918,97.377,13264.959
2026-05-19 16:17:04.334,14750,660.814,8.643971525179,653.308,99.316,13291.208
2026-05-19 16:17:04.449,15000,674.265,8.266609636921,667.239,96.91,13182.437
2026-05-19 16:17:04.559,15250,662.994,8.375917125448,655.913,96.595,13199.385
2026-05-19 16:17:04.674,15500,667.29,9.430065344403,658.256,109.3,13114.243
2026-05-19 16:17:04.787,15750,668.149,8.870003870309,660.143,102.991,13263.943
2026-05-19 16:17:04.903,16000,660.709,8.99558599609,652.572,103.285,13082.188
2026-05-19 16:17:04.904,16250,674.497,9.294663801927,665.625,108.904,12814.944
2026-05-19 16:17:05.016,16500,669.89,9.468053446428,660.737,110.13,13037.559
2026-05-19 16:17:05.133,16750,654.748,9.502837853591,645.734,108.112,13015.283
2026-05-19 16:17:05.245,17000,656.146,10.652501992365,644.772,121.262,12987.957
2026-05-19 16:17:05.355,17250,646.416,10.029764591394,636.518,112.527,12838.144
2026-05-19 16:17:05.355,17500,671.865,10.670978819012,660.107,124.298,12876.372
2026-05-19 16:17:05.469,17750,655.338,10.438562385307,644.481,118.699,12865.632
2026-05-19 16:17:05.586,18000,656.075,11.738061833056,642.275,133.397,12851.119
2026-05-19 16:17:05.699,18250,657.557,10.420230683957,646.569,118.809,12485.965
2026-05-19 16:17:05.699,18500,657.924,10.635096219662,646.599,121.339,12695.901
2026-05-19 16:17:05.816,18750,655.703,11.805446185456,641.767,134.13,12737.398
2026-05-19 16:17:05.930,19000,664.762,12.631539707078,648.608,145.344,12563.836
2026-05-19 16:17:06.044,19250,643.889,12.592057257141,628.381,140.275,12649.357
2026-05-19 16:17:06.044,19500,655.897,10.349500123027,645.215,117.792,12323.63
2026-05-19 16:17:06.169,19750,642.84,11.91983696977,628.935,132.697,12574.062
2026-05-19 16:17:06.284,20000,644.218,12.787206014503,628.192,142.567,12546.616
2026-05-19 16:17:06.284,20250,649.203,13.319874783148,631.734,149.536,12450.594
2026-05-19 16:17:06.388,20500,627.957,13.466894598083,610.636,146.209,12558.978
2026-05-19 16:17:06.499,20750,650.08,12.940714725333,633.485,145.48,12364.903
2026-05-19 16:17:06.499,21000,641.426,12.870557361068,625.256,142.851,12277.804
2026-05-19 16:17:06.603,21250,640.555,13.536850974537,622.712,149.88,12294.566
2026-05-19 16:17:06.714,21500,640.621,14.717889572608,619.547,162.727,12292.792
2026-05-19 16:17:06.830,21750,631.689,14.327381560692,611.994,156.298,12176.682
2026-05-19 16:17:06.830,22000,650.332,13.605924871528,632.08,152.96,12089.857
2026-05-19 16:17:06.946,22250,654.682,14.220660720599,634.566,160.792,12008.866
2026-05-19 16:17:06.947,22500,645.945,13.846059616508,627.132,154.545,11886.325
2026-05-19 16:17:07.069,22750,636.967,14.813001992869,615.796,162.817,12054.77
2026-05-19 16:17:07.181,23000,625.846,14.043361212001,607.089,151.813,11980.835
2026-05-19 16:17:07.182,23250,634.959,15.008522193197,613.249,164.39,11809.302
2026-05-19 16:17:07.299,23500,632.452,15.128907335493,610.476,165.008,11855.713
2026-05-19 16:17:07.299,23750,625.727,14.957364745038,604.471,161.441,11732.658
2026-05-19 16:17:07.403,24000,646.459,14.06020973832,627.092,157.019,11636.695
2026-05-19 16:17:07.514,24250,644.318,12.545802663258,628.89,139.925,11420.113
2026-05-19 16:17:07.514,24500,640.355,14.655023443317,619.488,161.963,11491.125
2026-05-19 16:17:07.633,24750,647.136,14.089366336775,627.629,157.558,11370.17
2026-05-19 16:17:07.633,25000,636.292,13.077404886129,619.79,143.972,11325.417
2026-05-19 16:17:07.745,25250,640.925,13.991691291186,621.886,154.977,11243.682
2026-05-19 16:17:07.746,25500,628.608,12.624186378709,613.412,137.386,11223.248
2026-05-19 16:17:07.849,25750,639.162,13.641935799667,621.131,150.725,11038.89
2026-05-19 16:17:07.969,26000,644.024,13.458282250786,626.339,149.872,10955.239
2026-05-19 16:17:07.970,26250,637.929,12.580454754552,622.582,138.963,10862.945
2026-05-19 16:17:08.081,26500,644.275,13.999890674919,625.109,155.876,10755.923
2026-05-19 16:17:08.082,26750,628.056,13.540956459357,610.558,147.038,10814.584
2026-05-19 16:17:08.199,27000,638.326,12.350080958352,623.555,136.497,10640.899
2026-05-19 16:17:08.199,27250,643.532,13.601956748553,625.485,151.313,10554.852
2026-05-19 16:17:08.304,27500,640.006,11.578088135794,626.983,128.451,10408.646
2026-05-19 16:17:08.304,27750,645.413,12.949711881805,628.998,144.634,10321.449
2026-05-19 16:17:08.415,28000,644.414,10.666380112065,633.28,119.256,10134.501
2026-05-19 16:17:08.415,28250,652.163,11.847096179326,638.272,133.89,10013.234
2026-05-19 16:17:08.532,28500,658.635,11.663712755732,645.036,133.123,9916.272
2026-05-19 16:17:08.532,28750,662.3,11.058345710305,650.002,127.035,9692.569
2026-05-19 16:17:08.649,29000,680.76,10.573745729134,669.201,124.92,9429.725
2026-05-19 16:17:08.651,29250,643.961,12.677073243615,628.218,141.33,9790.487
2026-05-19 16:17:08.769,29500,670.22,11.44869503628,656.844,132.974,9408.414
2026-05-19 16:17:08.770,29750,696.996,11.196106763137,683.731,135.334,9045.46
2026-05-19 16:17:08.882,30000,688.143,10.102071354443,677.393,120.726,9004.921
2026-05-19 16:17:08.883,30250,710.474,10.414199508756,698.77,128.427,8721.77
2026-05-19 16:17:08.986,30500,703.833,9.882156051756,693.39,120.793,8667.367
2026-05-19 16:17:08.986,30750,703.833,9.882156051756,693.39,120.793,8667.367
2026-05-19 16:17:09.089,31000,729.801,11.281640834646,715.7,142.772,8358.959
2026-05-19 16:17:09.090,31250,718.266,8.822451057555,709.768,110.163,8358.959
2026-05-19 16:17:09.200,31500,721.984,10.605524736896,709.65,132.878,8315.916
2026-05-19 16:17:09.200,31750,721.984,10.605524736896,709.65,132.878,8315.916
2026-05-19 16:17:09.314,32000,698.982,10.787497695928,686.629,130.826,8150.448
2026-05-19 16:17:09.314,32250,698.982,10.787497695928,686.629,130.826,8150.448
2026-05-19 16:17:09.430,32500,681.405,10.179786587346,670.678,120.43,8254.334
2026-05-19 16:17:09.431,32750,690.162,10.116478236766,679.432,121.225,8149.925
2026-05-19 16:17:09.432,33000,693.869,11.840155233589,679.106,142.369,8106.062
2026-05-19 16:17:09.545,33250,695.328,9.236016275154,686.315,111.591,8002.635
2026-05-19 16:17:09.546,33500,709.874,11.033115636341,696.753,135.853,7836.682
2026-05-19 16:17:09.669,33750,709.874,11.033115636341,696.753,135.853,7836.682
2026-05-19 16:17:09.669,34000,703.408,10.12166780634,692.247,123.579,7836.484
2026-05-19 16:17:09.670,34250,672.057,11.748813040367,657.977,136.845,7836.352
2026-05-19 16:17:09.784,34500,695.388,11.79756284123,680.699,142.175,7573.434
2026-05-19 16:17:09.785,34750,689.141,11.048746114132,676.367,132.07,7584.66
2026-05-19 16:17:09.889,35000,689.141,11.048746114132,676.367,132.07,7584.66
2026-05-19 16:17:09.889,35250,687.668,12.631357562674,670.963,150.354,7600.908
2026-05-19 16:17:10.004,35500,693.261,10.460404358846,681.735,125.884,7503.441
2026-05-19 16:17:10.005,35750,675.193,10.810802651826,663.21,126.644,7351.148
2026-05-19 16:17:10.005,36000,672.563,12.750561704903,655.978,148.439,7379.893
2026-05-19 16:17:10.120,36250,670.341,9.869929926236,660.419,114.905,7379.893
2026-05-19 16:17:10.121,36500,693.551,11.471188628892,679.587,137.869,7132.976
2026-05-19 16:17:10.231,36750,691.889,12.34463666694,675.892,147.92,7150.05
2026-05-19 16:17:10.231,37000,691.819,7.841828501533,685.35,94.391,7150.05
2026-05-19 16:17:10.232,37250,655.697,8.527627309163,648.359,97.18,7169.549
2026-05-19 16:17:10.341,37500,666.848,9.98543545093,656.735,115.67,7051.616
2026-05-19 16:17:10.341,37750,676.063,10.157701201567,665.466,119.229,6953.496
2026-05-19 16:17:10.455,38000,678.553,7.032038876734,673.449,83.071,6953.496
2026-05-19 16:17:10.456,38250,672.998,9.003546959045,664.706,105.321,7010.893
2026-05-19 16:17:10.456,38500,696.744,9.524001090821,687.14,115.284,6771.954
2026-05-19 16:17:10.569,38750,663.777,5.944597386677,660.207,68.745,6771.954
2026-05-19 16:17:10.569,39000,656.856,8.040234124673,650.399,91.873,6843.309
2026-05-19 16:17:10.689,39250,661.858,8.174180054211,655.119,94.15,6793.107
2026-05-19 16:17:10.689,39500,681.866,8.709963772362,674.002,103.257,6592.3
2026-05-19 16:17:10.690,39750,688.68,5.64549072619,685.339,67.748,6592.3
2026-05-19 16:17:10.804,40000,641.366,7.302753063179,636.163,81.525,6686.555
2026-05-19 16:17:10.805,40250,662.441,7.99262332117,656.006,92.11,6473.826
2026-05-19 16:17:10.805,40500,662.441,7.99262332117,656.006,92.11,6473.826
2026-05-19 16:17:10.919,40750,662.441,7.99262332117,656.006,92.11,6473.826
2026-05-19 16:17:10.920,41000,692.208,6.70892085687,687.357,80.75,6293.305
2026-05-19 16:17:10.920,41250,658.839,6.860984372709,654.121,78.705,6333.95
2026-05-19 16:17:11.029,41500,658.839,6.860984372709,654.121,78.705,6333.95
2026-05-19 16:17:11.030,41750,683.119,7.79698731103,676.804,92.674,6108.821
2026-05-19 16:17:11.142,42000,696.144,4.578237086643,693.923,55.566,6108.821
2026-05-19 16:17:11.143,42250,693.736,4.991770011334,691.039,60.288,6130.324
2026-05-19 16:17:11.143,42500,665.719,5.206964998753,662.917,60.304,6035.812
2026-05-19 16:17:11.259,42750,670.393,6.498406258521,666.086,75.872,5989.9
2026-05-19 16:17:11.259,43000,670.393,6.498406258521,666.086,75.872,5989.9
2026-05-19 16:17:11.260,43250,696.324,3.810778749418,694.744,46.396,5904.474
2026-05-19 16:17:11.375,43500,711.546,4.488301783594,709.364,55.682,5776.334
2026-05-19 16:17:11.375,43750,671.265,2.905808788588,670.402,34.029,5776.334
2026-05-19 16:17:11.376,44000,667.933,4.435337365485,665.871,51.534,5808.328
2026-05-19 16:17:11.484,44250,681.556,6.345395372185,677.38,75.327,5689.117
2026-05-19 16:17:11.484,44500,681.556,6.345395372185,677.38,75.327,5689.117
2026-05-19 16:17:11.484,44750,707.994,3.376241837097,706.72,41.81,5645.121
2026-05-19 16:17:11.588,45000,691.199,2.701680771284,690.431,32.58,5469.138
2026-05-19 16:17:11.589,45250,691.199,2.701680771284,690.431,32.58,5469.138
2026-05-19 16:17:11.589,45500,691.199,2.701680771284,690.431,32.58,5469.138
2026-05-19 16:17:11.705,45750,719.623,4.305275352727,717.592,54.022,5253.117
2026-05-19 16:17:11.705,46000,670.342,3.586159692867,668.932,41.762,5340.134
2026-05-19 16:17:11.706,46250,693.37,0.776216146027,693.307,9.393,5398.146
2026-05-19 16:17:11.813,46500,713.591,2.078493241294,713.121,25.881,5245.182
2026-05-19 16:17:11.813,46750,713.591,2.078493241294,713.121,25.881,5245.182
2026-05-19 16:17:11.813,47000,713.591,2.078493241294,713.121,25.881,5245.182
2026-05-19 16:17:11.929,47250,703.359,1.546106573568,703.103,18.978,5046.496
2026-05-19 16:17:11.929,47500,703.359,1.546106573568,703.103,18.978,5046.496
2026-05-19 16:17:11.930,47750,703.359,1.546106573568,703.103,18.978,5046.496
2026-05-19 16:17:12.044,48000,731.77,3.577998794431,730.343,45.668,4850.57
2026-05-19 16:17:12.045,48250,731.77,3.577998794431,730.343,45.668,4850.57
2026-05-19 16:17:12.045,48500,725.282,-1.704296447729,724.879,-21.722,4885.961
2026-05-19 16:17:12.153,48750,730.424,2.130370559661,729.919,27.152,4850.57
2026-05-19 16:17:12.153,49000,730.424,2.130370559661,729.919,27.152,4850.57
2026-05-19 16:17:12.256,49250,755.652,4.307248500975,753.518,56.753,4688.632
2026-05-19 16:17:12.256,49500,717.872,1.206511908056,717.713,15.116,4688.632
2026-05-19 16:17:12.257,49750,717.872,1.206511908056,717.713,15.116,4688.632
2026-05-19 16:17:12.368,50000,717.872,1.206511908056,717.713,15.116,4688.632
2026-05-19 16:17:12.369,50250,727.994,2.169846691972,727.307,27.812,4624.772
2026-05-19 16:17:12.369,50500,743.178,3.614848867846,741.699,46.857,4528.98
2026-05-19 16:17:12.370,50750,743.178,3.614848867846,741.699,46.857,4528.98
2026-05-19 16:17:12.484,51000,745.487,-2.737080263799,744.636,-35.599,4528.98
2026-05-19 16:17:12.484,51250,770.801,-0.200183809024,770.797,-2.693,4380.24
2026-05-19 16:17:12.485,51500,770.801,-0.200183809024,770.797,-2.693,4380.24
2026-05-19 16:17:12.589,51750,770.801,-0.200183809024,770.797,-2.693,4380.24
2026-05-19 16:17:12.590,52000,776.202,0.378033254038,776.023,5.337,4350.588
2026-05-19 16:17:12.590,52250,764.528,-0.96498674906,764.42,-12.876,4231.978
2026-05-19 16:17:12.699,52500,764.528,-0.96498674906,764.42,-12.876,4231.978
2026-05-19 16:17:12.700,52750,764.528,-0.96498674906,764.42,-12.876,4231.978
2026-05-19 16:17:12.700,53000,792.729,2.468692288184,791.993,34.146,4081.427
2026-05-19 16:17:12.701,53250,792.729,2.468692288184,791.993,34.146,4081.427
2026-05-19 16:17:12.819,53500,792.729,2.468692288184,791.993,34.146,4081.427
2026-05-19 16:17:12.820,53750,763.088,-1.311068106816,762.888,-17.46,4081.427
2026-05-19 16:17:12.820,54000,763.088,-1.311068106816,762.888,-17.46,4081.427
2026-05-19 16:17:12.929,54250,786.363,1.954219500056,785.906,26.816,3960.624
2026-05-19 16:17:12.930,54500,786.363,1.954219500056,785.906,26.816,3960.624
2026-05-19 16:17:12.930,54750,786.363,1.954219500056,785.906,26.816,3960.624
2026-05-19 16:17:12.931,55000,786.363,1.954219500056,785.906,26.816,3960.624
2026-05-19 16:17:13.034,55250,807.257,5.248496428853,803.872,73.844,3858.112
2026-05-19 16:17:13.035,55500,778.862,1.046230596484,778.732,14.221,3858.112
2026-05-19 16:17:13.035,55750,778.862,1.046230596484,778.732,14.221,3858.112
2026-05-19 16:17:13.140,56000,778.862,1.046230596484,778.732,14.221,3858.112
2026-05-19 16:17:13.140,56250,778.862,1.046230596484,778.732,14.221,3858.112
2026-05-19 16:17:13.141,56500,778.862,1.046230596484,778.732,14.221,3858.112
2026-05-19 16:17:13.252,56750,797.833,4.622963174789,795.237,64.304,3766.372
2026-05-19 16:17:13.252,57000,797.833,4.622963174789,795.237,64.304,3766.372
2026-05-19 16:17:13.253,57250,797.833,4.622963174789,795.237,64.304,3766.372
2026-05-19 16:17:13.369,57500,797.833,4.622963174789,795.237,64.304,3766.372
2026-05-19 16:17:13.370,57750,797.833,4.622963174789,795.237,64.304,3766.372
2026-05-19 16:17:13.370,58000,797.833,4.622963174789,795.237,64.304,3766.372
2026-05-19 16:17:13.371,58250,788.738,3.804466545564,787.0,52.334,3684.696
2026-05-19 16:17:13.489,58500,852.053,2.340504006856,851.342,34.796,3684.696
2026-05-19 16:17:13.489,58750,865.659,6.169069140534,860.646,93.026,3626.782
2026-05-19 16:17:13.490,59000,865.659,6.169069140534,860.646,93.026,3626.782
2026-05-19 16:17:13.490,59250,847.65,1.799164361755,847.232,26.613,3626.782
2026-05-19 16:17:13.604,59500,847.65,1.799164361755,847.232,26.613,3626.782
2026-05-19 16:17:13.604,59750,847.65,1.799164361755,847.232,26.613,3626.782
2026-05-19 16:17:13.605,60000,791.257,4.570179572299,788.447,63.155,3673.113
2026-05-19 16:17:13.715,60250,801.333,7.633031679241,794.233,106.439,3626.782
2026-05-19 16:17:13.715,60500,848.708,6.947836460119,842.478,102.522,3427.122
2026-05-19 16:17:13.716,60750,860.552,6.776537655338,854.54,101.543,3377.207
2026-05-19 16:17:13.716,61000,860.552,6.776537655338,854.54,101.543,3377.207
2026-05-19 16:17:13.820,61250,860.552,6.776537655338,854.54,101.543,3377.207
2026-05-19 16:17:13.820,61500,860.552,6.776537655338,854.54,101.543,3377.207
2026-05-19 16:17:13.821,61750,860.552,6.776537655338,854.54,101.543,3377.207
2026-05-19 16:17:13.821,62000,860.552,6.776537655338,854.54,101.543,3377.207
2026-05-19 16:17:13.931,62250,860.552,6.776537655338,854.54,101.543,3377.207
2026-05-19 16:17:13.931,62500,860.552,6.776537655338,854.54,101.543,3377.207
2026-05-19 16:17:13.932,62750,860.552,6.776537655338,854.54,101.543,3377.207
2026-05-19 16:17:13.932,63000,857.443,5.9586792149,852.448,89.158,3389.63
2026-05-19 16:17:14.047,63250,793.217,8.464985041542,784.575,116.765,3377.207
2026-05-19 16:17:14.048,63500,793.217,8.464985041542,784.575,116.765,3377.207
2026-05-19 16:17:14.048,63750,793.217,8.464985041542,784.575,116.765,3377.207
2026-05-19 16:17:14.049,64000,793.217,8.464985041542,784.575,116.765,3377.207
2026-05-19 16:17:14.169,64250,793.217,8.464985041542,784.575,116.765,3377.207
2026-05-19 16:17:14.170,64500,793.217,8.464985041542,784.575,116.765,3377.207
2026-05-19 16:17:14.170,64750,829.14,7.89938283883,821.278,113.714,3234.995
2026-05-19 16:17:14.170,65000,853.088,7.52231470369,845.747,111.68,3140.187
2026-05-19 16:17:14.171,65250,853.088,7.52231470369,845.747,111.68,3140.187
2026-05-19 16:17:14.290,65500,853.088,7.52231470369,845.747,111.68,3140.187
2026-05-19 16:17:14.291,65750,838.891,4.026390880667,836.411,59.086,3193.558
2026-05-19 16:17:14.291,66000,835.341,3.152409924911,834.077,45.937,3206.9
2026-05-19 16:17:14.292,66250,835.341,3.152409924911,834.077,45.937,3206.9
2026-05-19 16:17:14.394,66500,835.341,3.152409924911,834.077,45.937,3206.9
2026-05-19 16:17:14.395,66750,835.341,3.152409924911,834.077,45.937,3206.9
2026-05-19 16:17:14.395,67000,835.341,3.152409924911,834.077,45.937,3206.9
2026-05-19 16:17:14.396,67250,760.787,5.294168888362,757.542,70.197,3206.9
2026-05-19 16:17:14.500,67500,760.787,5.294168888362,757.542,70.197,3206.9
2026-05-19 16:17:14.500,67750,760.787,5.294168888362,757.542,70.197,3206.9
2026-05-19 16:17:14.501,68000,760.787,5.294168888362,757.542,70.197,3206.9
2026-05-19 16:17:14.604,68250,760.787,5.294168888362,757.542,70.197,3206.9
2026-05-19 16:17:14.604,68500,760.787,5.294168888362,757.542,70.197,3206.9
2026-05-19 16:17:14.605,68750,785.215,4.708583872879,782.534,64.078,3111.581
2026-05-19 16:17:14.605,69000,821.858,3.830206349655,820.022,54.9,2968.602
2026-05-19 16:17:14.715,69250,861.184,9.397957012713,849.625,140.623,2968.602
2026-05-19 16:17:14.716,69500,861.184,9.397957012713,849.625,140.623,2968.602
2026-05-19 16:17:14.716,69750,861.184,9.397957012713,849.625,140.623,2968.602
2026-05-19 16:17:14.717,70000,861.184,9.397957012713,849.625,140.623,2968.602
2026-05-19 16:17:14.829,70250,861.184,9.397957012713,849.625,140.623,2968.602
2026-05-19 16:17:14.829,70500,861.184,9.397957012713,849.625,140.623,2968.602
2026-05-19 16:17:14.830,70750,861.184,9.397957012713,849.625,140.623,2968.602
2026-05-19 16:17:14.830,71000,861.184,9.397957012713,849.625,140.623,2968.602
2026-05-19 16:17:14.934,71250,861.184,9.397957012713,849.625,140.623,2968.602
2026-05-19 16:17:14.935,71500,861.184,9.397957012713,849.625,140.623,2968.602
2026-05-19 16:17:14.935,71750,861.184,9.397957012713,849.625,140.623,2968.602
2026-05-19 16:17:14.936,72000,734.391,6.742693581464,729.311,86.225,2968.602
2026-05-19 16:17:15.049,72250,778.15,12.766084195971,758.914,171.949,2968.602
2026-05-19 16:17:15.049,72500,778.15,12.766084195971,758.914,171.949,2968.602
2026-05-19 16:17:15.050,72750,734.391,6.742693581464,729.311,86.225,2968.602
2026-05-19 16:17:15.050,73000,752.696,11.441198515189,737.74,149.306,2896.405
2026-05-19 16:17:15.169,73250,752.696,11.441198515189,737.74,149.306,2896.405
2026-05-19 16:17:15.170,73500,806.75,10.385140682176,793.547,145.177,2705.537
2026-05-19 16:17:15.170,73750,820.264,10.121126223922,807.499,144.145,2657.82
2026-05-19 16:17:15.170,74000,820.264,10.121126223922,807.499,144.145,2657.82
2026-05-19 16:17:15.284,74250,820.264,10.121126223922,807.499,144.145,2657.82
2026-05-19 16:17:15.285,74500,820.264,10.121126223922,807.499,144.145,2657.82
2026-05-19 16:17:15.285,74750,820.264,10.121126223922,807.499,144.145,2657.82
2026-05-19 16:17:15.286,75000,820.264,10.121126223922,807.499,144.145,2657.82
2026-05-19 16:17:15.389,75250,820.264,10.121126223922,807.499,144.145,2657.82
2026-05-19 16:17:15.389,75500,801.439,6.067622200992,796.407,84.982,2720.619
2026-05-19 16:17:15.390,75750,796.732,5.05424619526,793.634,70.191,2736.319
2026-05-19 16:17:15.390,76000,796.732,5.05424619526,793.634,70.191,2736.319
2026-05-19 16:17:15.390,76250,796.732,5.05424619526,793.634,70.191,2736.319
2026-05-19 16:17:15.505,76500,796.732,5.05424619526,793.634,70.191,2736.319
2026-05-19 16:17:15.505,76750,796.732,5.05424619526,793.634,70.191,2736.319
2026-05-19 16:17:15.506,77000,796.732,5.05424619526,793.634,70.191,2736.319
2026-05-19 16:17:15.506,77250,796.732,5.05424619526,793.634,70.191,2736.319
2026-05-19 16:17:15.506,77500,796.732,5.05424619526,793.634,70.191,2736.319
2026-05-19 16:17:15.624,77750,735.54,13.356552210605,715.645,169.917,2657.82
2026-05-19 16:17:15.625,78000,735.54,13.356552210605,715.645,169.917,2657.82
2026-05-19 16:17:15.626,78250,766.381,12.679583681768,747.731,167.669,2556.951
2026-05-19 16:17:15.626,78500,812.643,11.664130888513,795.862,164.295,2405.648
2026-05-19 16:17:15.627,78750,812.643,11.664130888513,795.862,164.295,2405.648
2026-05-19 16:17:15.731,79000,812.643,11.664130888513,795.862,164.295,2405.648
2026-05-19 16:17:15.731,79250,812.643,11.664130888513,795.862,164.295,2405.648
2026-05-19 16:17:15.732,79500,812.643,11.664130888513,795.862,164.295,2405.648
2026-05-19 16:17:15.732,79750,812.643,11.664130888513,795.862,164.295,2405.648
2026-05-19 16:17:15.732,80000,812.643,11.664130888513,795.862,164.295,2405.648
2026-05-19 16:17:15.846,80250,812.643,11.664130888513,795.862,164.295,2405.648
2026-05-19 16:17:15.847,80500,812.643,11.664130888513,795.862,164.295,2405.648
2026-05-19 16:17:15.847,80750,812.643,11.664130888513,795.862,164.295,2405.648
2026-05-19 16:17:15.848,81000,812.643,11.664130888513,795.862,164.295,2405.648
2026-05-19 16:17:15.848,81250,812.643,11.664130888513,795.862,164.295,2405.648
2026-05-19 16:17:15.957,81500,812.643,11.664130888513,795.862,164.295,2405.648
2026-05-19 16:17:15.958,81750,812.643,11.664130888513,795.862,164.295,2405.648
2026-05-19 16:17:15.958,82000,768.284,4.988331185097,765.374,66.805,2405.648
2026-05-19 16:17:15.959,82250,768.284,4.988331185097,765.374,66.805,2405.648
2026-05-19 16:17:15.959,82500,788.195,4.520872111274,785.682,61.472,2350.455
2026-05-19 16:17:16.075,82750,867.839,2.651035815985,866.91,40.14,2129.683
2026-05-19 16:17:16.076,83000,867.839,2.651035815985,866.91,40.14,2129.683
2026-05-19 16:17:16.076,83250,867.839,2.651035815985,866.91,40.14,2129.683
2026-05-19 16:17:16.076,83500,764.048,5.891081463675,760.013,78.42,2129.683
2026-05-19 16:17:16.077,83750,764.048,5.891081463675,760.013,78.42,2129.683
2026-05-19 16:17:16.194,84000,764.048,5.891081463675,760.013,78.42,2129.683
2026-05-19 16:17:16.194,84250,764.048,5.891081463675,760.013,78.42,2129.683
2026-05-19 16:17:16.195,84500,764.048,5.891081463675,760.013,78.42,2129.683
2026-05-19 16:17:16.195,84750,764.048,5.891081463675,760.013,78.42,2129.683
2026-05-19 16:17:16.196,85000,764.048,5.891081463675,760.013,78.42,2129.683
2026-05-19 16:17:16.319,85250,764.048,5.891081463675,760.013,78.42,2129.683
2026-05-19 16:17:16.321,85500,764.048,5.891081463675,760.013,78.42,2129.683
2026-05-19 16:17:16.321,85750,764.048,5.891081463675,760.013,78.42,2129.683
2026-05-19 16:17:16.322,86000,764.048,5.891081463675,760.013,78.42,2129.683
2026-05-19 16:17:16.322,86250,764.048,5.891081463675,760.013,78.42,2129.683
2026-05-19 16:17:16.323,86500,764.048,5.891081463675,760.013,78.42,2129.683
2026-05-19 16:17:16.431,86750,803.195,4.830667137281,800.223,66.538,2032.956
2026-05-19 16:17:16.431,87000,901.829,10.987589334819,885.297,171.885,1804.312
2026-05-19 16:17:16.432,87250,901.829,10.987589334819,885.297,171.885,1804.312
2026-05-19 16:17:16.432,87500,901.829,10.987589334819,885.297,171.885,1804.312
2026-05-19 16:17:16.549,87750,901.829,10.987589334819,885.297,171.885,1804.312
2026-05-19 16:17:16.550,88000,901.829,10.987589334819,885.297,171.885,1804.312
2026-05-19 16:17:16.550,88250,901.829,10.987589334819,885.297,171.885,1804.312
2026-05-19 16:17:16.550,88500,901.829,10.987589334819,885.297,171.885,1804.312
2026-05-19 16:17:16.551,88750,901.829,10.987589334819,885.297,171.885,1804.312
2026-05-19 16:17:16.669,89000,901.829,10.987589334819,885.297,171.885,1804.312
2026-05-19 16:17:16.669,89250,779.34,15.386092209961,751.408,206.776,1804.312
2026-05-19 16:17:16.669,89500,779.34,15.386092209961,751.408,206.776,1804.312
2026-05-19 16:17:16.670,89750,779.34,15.386092209961,751.408,206.776,1804.312
2026-05-19 16:17:16.670,90000,779.34,15.386092209961,751.408,206.776,1804.312
2026-05-19 16:17:16.671,90250,779.34,15.386092209961,751.408,206.776,1804.312
2026-05-19 16:17:16.789,90500,718.713,5.484098642271,715.423,68.687,1804.312
2026-05-19 16:17:16.789,90750,718.713,5.484098642271,715.423,68.687,1804.312
2026-05-19 16:17:16.790,91000,718.713,5.484098642271,715.423,68.687,1804.312
2026-05-19 16:17:16.790,91250,784.167,4.116856089024,782.074,55.247,1661.645
2026-05-19 16:17:16.791,91500,827.804,3.205361053526,826.509,46.287,1566.533
2026-05-19 16:17:16.905,91750,827.804,3.205361053526,826.509,46.287,1566.533
2026-05-19 16:17:16.905,92000,827.804,3.205361053526,826.509,46.287,1566.533
2026-05-19 16:17:16.906,92250,827.804,3.205361053526,826.509,46.287,1566.533
2026-05-19 16:17:16.906,92500,827.804,3.205361053526,826.509,46.287,1566.533
2026-05-19 16:17:16.906,92750,827.804,3.205361053526,826.509,46.287,1566.533
2026-05-19 16:17:17.014,93000,827.804,3.205361053526,826.509,46.287,1566.533
2026-05-19 16:17:17.015,93250,827.804,3.205361053526,826.509,46.287,1566.533
2026-05-19 16:17:17.015,93500,827.804,3.205361053526,826.509,46.287,1566.533
2026-05-19 16:17:17.015,93750,827.804,3.205361053526,826.509,46.287,1566.533
2026-05-19 16:17:17.016,94000,827.804,3.205361053526,826.509,46.287,1566.533
2026-05-19 16:17:17.119,94250,827.804,3.205361053526,826.509,46.287,1566.533
2026-05-19 16:17:17.119,94500,827.804,3.205361053526,826.509,46.287,1566.533
2026-05-19 16:17:17.120,94750,827.804,3.205361053526,826.509,46.287,1566.533
2026-05-19 16:17:17.120,95000,827.804,3.205361053526,826.509,46.287,1566.533
2026-05-19 16:17:17.229,95250,827.804,3.205361053526,826.509,46.287,1566.533
2026-05-19 16:17:17.230,95500,669.01,8.267779619867,662.057,96.203,1566.533
2026-05-19 16:17:17.231,95750,669.01,8.267779619867,662.057,96.203,1566.533
2026-05-19 16:17:17.231,96000,669.01,8.267779619867,662.057,96.203,1566.533
2026-05-19 16:17:17.231,96250,791.203,5.062418566341,788.117,69.817,1324.598
2026-05-19 16:17:17.345,96500,791.203,5.062418566341,788.117,69.817,1324.598
2026-05-19 16:17:17.345,96750,791.203,5.062418566341,788.117,69.817,1324.598
2026-05-19 16:17:17.346,97000,832.607,16.378847793135,798.818,234.785,1258.73
2026-05-19 16:17:17.346,97250,832.607,16.378847793135,798.818,234.785,1258.73
2026-05-19 16:17:17.347,97500,832.607,16.378847793135,798.818,234.785,1258.73
2026-05-19 16:17:17.469,97750,832.607,16.378847793135,798.818,234.785,1258.73
2026-05-19 16:17:17.469,98000,832.607,16.378847793135,798.818,234.785,1258.73
2026-05-19 16:17:17.470,98250,832.607,16.378847793135,798.818,234.785,1258.73
2026-05-19 16:17:17.470,98500,832.607,16.378847793135,798.818,234.785,1258.73
2026-05-19 16:17:17.471,98750,832.607,16.378847793135,798.818,234.785,1258.73
2026-05-19 16:17:17.583,99000,832.607,16.378847793135,798.818,234.785,1258.73
2026-05-19 16:17:17.584,99250,832.607,16.378847793135,798.818,234.785,1258.73
2026-05-19 16:17:17.584,99500,832.607,16.378847793135,798.818,234.785,1258.73
2026-05-19 16:17:17.585,99750,832.607,16.378847793135,798.818,234.785,1258.73
2026-05-19 16:17:17.585,100000,832.607,16.378847793135,798.818,234.785,1258.73
2026-05-19 16:17:18.146,10000,674.138,2.131491015438,673.669,25.084,13486.55
2026-05-19 16:17:18.369,10250,672.796,3.246101893262,671.716,38.097,13512.721
2026-05-19 16:17:18.485,10500,669.816,4.030930227573,668.159,47.085,13572.828
2026-05-19 16:17:18.589,10750,669.816,4.030930227573,668.159,47.085,13572.828
2026-05-19 16:17:18.694,11000,679.854,3.797246970793,678.359,45.035,13471.7
2026-05-19 16:17:18.920,11250,660.452,4.260966877589,658.61,49.057,13498.039
2026-05-19 16:17:19.033,11500,658.673,4.668462580149,656.474,53.596,13534.485
2026-05-19 16:17:19.150,11750,660.354,3.979026048968,658.762,45.823,13607.384
2026-05-19 16:17:19.253,12000,668.293,5.150496652961,665.581,59.98,13445.834
2026-05-19 16:17:19.371,12250,667.359,5.342002153657,664.46,62.131,13464.562
2026-05-19 16:17:19.489,12500,680.831,5.343952131466,677.863,63.435,13314.083
2026-05-19 16:17:19.600,12750,679.703,6.236507649743,675.667,73.822,13335.126
2026-05-19 16:17:19.704,13000,661.562,5.911221567776,658.045,68.133,13356.182
2026-05-19 16:17:19.925,13250,675.705,5.551536128899,672.514,65.341,13200.277
2026-05-19 16:17:20.035,13500,669.073,6.64685684961,664.565,77.431,13331.009
2026-05-19 16:17:20.146,13750,674.648,7.124222254198,669.43,83.693,13221.583
2026-05-19 16:17:20.252,14000,662.251,6.216578852822,658.357,71.713,13262.358
2026-05-19 16:17:20.369,14250,665.472,7.112684942838,660.341,82.382,13200.064
2026-05-19 16:17:20.489,14500,663.45,8.273209138076,656.528,95.438,13238.71
2026-05-19 16:17:20.490,14750,660.814,8.643971525179,653.308,99.316,13291.208
2026-05-19 16:17:20.600,15000,675.802,8.065973578735,669.097,94.789,13152.452
2026-05-19 16:17:20.715,15250,662.994,8.375917125448,655.913,96.595,13199.385
2026-05-19 16:17:20.830,15500,668.767,9.246505833295,660.062,107.428,13085.264
2026-05-19 16:17:20.944,15750,669.693,8.684916505732,661.998,101.091,13233.362
2026-05-19 16:17:21.047,16000,662.29,8.809062440892,654.462,101.391,13051.108
2026-05-19 16:17:21.155,16250,676.155,9.106805202931,667.621,106.995,12783.367
2026-05-19 16:17:21.269,16500,672.363,9.197902566298,663.693,107.417,12989.496
2026-05-19 16:17:21.269,16750,653.857,9.29228614734,645.248,105.594,13033.01
2026-05-19 16:17:21.388,17000,656.759,10.241818628643,646.236,116.728,12975.933
2026-05-19 16:17:21.504,17250,648.983,9.761167576657,639.571,109.986,12787.228
2026-05-19 16:17:21.609,17500,673.43,10.164191539383,662.721,118.73,12846.457
2026-05-19 16:17:21.715,17750,657.141,10.264591358577,646.611,117.063,12830.347
2026-05-19 16:17:21.715,18000,657.687,11.242236599034,644.956,128.134,12819.603
2026-05-19 16:17:21.819,18250,657.415,10.078455346085,647.147,114.95,12488.696
2026-05-19 16:17:21.933,18500,659.767,10.473073243133,648.748,119.833,12660.65
2026-05-19 16:17:22.047,18750,655.878,11.465877099266,642.722,130.358,12734.004
2026-05-19 16:17:22.048,19000,665.087,12.295467237472,649.767,141.606,12557.705
2026-05-19 16:17:22.169,19250,645.809,12.437482879418,630.635,139.005,12611.508
2026-05-19 16:17:22.289,19500,658.079,10.178000138785,647.712,116.245,12282.778
2026-05-19 16:17:22.289,19750,645.721,11.513965072334,632.681,128.813,12517.981
2026-05-19 16:17:22.405,20000,644.538,12.465923037417,629.307,139.106,12540.421
2026-05-19 16:17:22.515,20250,651.209,13.176437141637,634.06,148.411,12412.229
2026-05-19 16:17:22.620,20500,628.485,13.143760059326,611.966,142.883,12548.427
2026-05-19 16:17:22.620,20750,652.663,12.460137918156,637.197,140.692,12316.281
2026-05-19 16:17:22.731,21000,641.981,12.525866004403,626.662,139.203,12267.234
2026-05-19 16:17:22.846,21250,640.87,13.215248717732,623.851,146.5,12288.374
2026-05-19 16:17:22.847,21500,641.054,14.399074538309,620.863,159.385,12284.48
2026-05-19 16:17:22.952,21750,632.163,14.002347283266,613.345,152.935,12167.596
2026-05-19 16:17:23.069,22000,652.392,13.489300454461,634.393,152.153,12051.679
2026-05-19 16:17:23.070,22250,655.293,13.899124353842,636.051,157.375,11997.685
2026-05-19 16:17:23.184,22500,646.819,13.551778054303,628.767,151.527,11870.271
2026-05-19 16:17:23.289,22750,639.377,14.686875575551,618.485,162.072,12009.325
2026-05-19 16:17:23.289,23000,626.935,13.709867141099,609.02,148.535,11960.035
2026-05-19 16:17:23.404,23250,636.079,14.663268586988,615.316,160.994,11788.342
2026-05-19 16:17:23.404,23500,633.572,14.783653729284,612.542,161.612,11834.754
2026-05-19 16:17:23.519,23750,626.922,14.610550629131,606.593,158.08,11710.297
2026-05-19 16:17:23.635,24000,649.054,13.943133631489,629.929,156.373,11589.8
2026-05-19 16:17:23.636,24250,646.582,12.440869224052,631.35,139.247,11379.838
2026-05-19 16:17:23.747,24500,641.768,14.309676657582,621.807,158.573,11465.724
2026-05-19 16:17:23.747,24750,645.865,13.854174711444,627.036,154.676,11392.546
2026-05-19 16:17:23.850,25000,636.292,13.077404886129,619.79,143.972,11325.417
2026-05-19 16:17:23.850,25250,639.767,13.763119689922,621.362,152.226,11264.116
2026-05-19 16:17:23.971,25500,630.973,12.528666094871,615.948,136.86,11181.805
2026-05-19 16:17:24.083,25750,639.162,13.641935799667,621.131,150.725,11038.89
2026-05-19 16:17:24.084,26000,644.024,13.458282250786,626.339,149.872,10955.239
2026-05-19 16:17:24.189,26250,636.943,12.367314863957,622.131,136.435,10879.768
2026-05-19 16:17:24.189,26500,646.077,13.646371037158,627.789,152.391,10726.346
2026-05-19 16:17:24.304,26750,629.557,13.21238348329,612.851,143.877,10788.804
2026-05-19 16:17:24.304,27000,641.239,12.249613072755,626.64,136.021,10592.56
2026-05-19 16:17:24.420,27250,646.517,13.506447881483,628.639,150.967,10506.117
2026-05-19 16:17:24.420,27500,640.006,11.578088135794,626.983,128.451,10408.646
2026-05-19 16:17:24.531,27750,645.413,12.949711881805,628.998,144.634,10321.449
2026-05-19 16:17:24.532,28000,647.345,10.576535941504,636.347,118.819,10087.764
2026-05-19 16:17:24.646,28250,652.163,11.847096179326,638.272,133.89,10013.234
2026-05-19 16:17:24.647,28500,661.871,11.572021043935,648.419,132.74,9867.79
2026-05-19 16:17:24.769,28750,662.3,11.058345710305,650.002,127.035,9692.569
2026-05-19 16:17:24.769,29000,680.76,10.573745729134,669.201,124.92,9429.725
2026-05-19 16:17:24.889,29250,643.961,12.677073243615,628.218,141.33,9790.487
2026-05-19 16:17:24.889,29500,669.26,11.145961964625,656.572,129.284,9421.657
2026-05-19 16:17:25.003,29750,696.996,11.196106763137,683.731,135.334,9045.46
2026-05-19 16:17:25.003,30000,687.112,9.75260187772,677.1,116.417,9018.434
2026-05-19 16:17:25.117,30250,710.474,10.414199508756,698.77,128.427,8721.77
2026-05-19 16:17:25.117,30500,703.833,9.882156051756,693.39,120.793,8667.367
2026-05-19 16:17:25.229,30750,703.833,9.882156051756,693.39,120.793,8667.367
2026-05-19 16:17:25.230,31000,729.801,11.281640834646,715.7,142.772,8358.959
2026-05-19 16:17:25.346,31250,718.266,8.822451057555,709.768,110.163,8358.959
2026-05-19 16:17:25.346,31500,721.984,10.605524736896,709.65,132.878,8315.916
2026-05-19 16:17:25.347,31750,721.984,10.605524736896,709.65,132.878,8315.916
2026-05-19 16:17:25.456,32000,698.982,10.787497695928,686.629,130.826,8150.448
2026-05-19 16:17:25.456,32250,698.982,10.787497695928,686.629,130.826,8150.448
2026-05-19 16:17:25.569,32500,681.405,10.179786587346,670.678,120.43,8254.334
2026-05-19 16:17:25.569,32750,690.162,10.116478236766,679.432,121.225,8149.925
2026-05-19 16:17:25.683,33000,693.869,11.840155233589,679.106,142.369,8106.062
2026-05-19 16:17:25.684,33250,699.851,9.214554306326,690.821,112.058,7950.921
2026-05-19 16:17:25.799,33500,709.874,11.033115636341,696.753,135.853,7836.682
2026-05-19 16:17:25.799,33750,709.874,11.033115636341,696.753,135.853,7836.682
2026-05-19 16:17:25.800,34000,703.402,9.541082083705,693.458,116.556,7836.55
2026-05-19 16:17:25.914,34250,672.057,11.748813040367,657.977,136.845,7836.352
2026-05-19 16:17:25.914,34500,695.388,11.79756284123,680.699,142.175,7573.434
2026-05-19 16:17:26.019,34750,689.141,11.048746114132,676.367,132.07,7584.66
2026-05-19 16:17:26.019,35000,689.141,11.048746114132,676.367,132.07,7584.66
2026-05-19 16:17:26.130,35250,688.037,12.235704700538,672.314,145.783,7596.846
2026-05-19 16:17:26.131,35500,697.983,10.497933217702,686.296,127.191,7452.677
2026-05-19 16:17:26.131,35750,675.193,10.810802651826,663.21,126.644,7351.148
2026-05-19 16:17:26.245,36000,672.563,12.750561704903,655.978,148.439,7379.893
2026-05-19 16:17:26.246,36250,670.341,9.869929926236,660.419,114.905,7379.893
2026-05-19 16:17:26.369,36500,694.383,11.034464609868,681.434,132.844,7124.439
2026-05-19 16:17:26.370,36750,691.889,12.34463666694,675.892,147.92,7150.05
2026-05-19 16:17:26.489,37000,691.819,7.841828501533,685.35,94.391,7150.05
2026-05-19 16:17:26.490,37250,656.588,8.127824137226,649.933,92.796,7159.8
2026-05-19 16:17:26.490,37500,671.456,10.071568326249,661.101,117.45,7002.556
2026-05-19 16:17:26.594,37750,676.063,10.157701201567,665.466,119.229,6953.496
2026-05-19 16:17:26.594,38000,678.553,7.032038876734,673.449,83.071,6953.496
2026-05-19 16:17:26.595,38250,672.998,9.003546959045,664.706,105.321,7010.893
2026-05-19 16:17:26.699,38500,696.744,9.524001090821,687.14,115.284,6771.954
2026-05-19 16:17:26.699,38750,663.777,5.944597386677,660.207,68.745,6771.954
2026-05-19 16:17:26.816,39000,656.856,8.040234124673,650.399,91.873,6843.309
2026-05-19 16:17:26.816,39250,661.858,8.174180054211,655.119,94.15,6793.107
2026-05-19 16:17:26.817,39500,681.866,8.709963772362,674.002,103.257,6592.3
2026-05-19 16:17:26.931,39750,688.68,5.64549072619,685.339,67.748,6592.3
2026-05-19 16:17:26.931,40000,641.366,7.302753063179,636.163,81.525,6686.555
2026-05-19 16:17:26.932,40250,662.441,7.99262332117,656.006,92.11,6473.826
2026-05-19 16:17:27.035,40500,662.441,7.99262332117,656.006,92.11,6473.826
2026-05-19 16:17:27.036,40750,662.441,7.99262332117,656.006,92.11,6473.826
2026-05-19 16:17:27.148,41000,694.45,6.266465863458,690.189,75.684,6272.983
2026-05-19 16:17:27.149,41250,658.839,6.860984372709,654.121,78.705,6333.95
2026-05-19 16:17:27.149,41500,658.839,6.860984372709,654.121,78.705,6333.95
2026-05-19 16:17:27.264,41750,683.119,7.79698731103,676.804,92.674,6108.821
2026-05-19 16:17:27.265,42000,696.144,4.578237086643,693.923,55.566,6108.821
2026-05-19 16:17:27.375,42250,693.736,4.991770011334,691.039,60.288,6130.324
2026-05-19 16:17:27.376,42500,673.149,5.001680660203,670.523,58.564,5968.193
2026-05-19 16:17:27.376,42750,670.393,6.498406258521,666.086,75.872,5989.9
2026-05-19 16:17:27.499,43000,670.393,6.498406258521,666.086,75.872,5989.9
2026-05-19 16:17:27.499,43250,701.398,4.03661976081,699.617,49.492,5861.76
2026-05-19 16:17:27.500,43500,711.546,4.488301783594,709.364,55.682,5776.334
2026-05-19 16:17:27.619,43750,671.265,2.905808788588,670.402,34.029,5776.334
2026-05-19 16:17:27.619,44000,670.8,4.009292789833,669.072,46.806,5783.126
2026-05-19 16:17:27.620,44250,681.556,6.345395372185,677.38,75.327,5689.117
2026-05-19 16:17:27.620,44500,681.556,6.345395372185,677.38,75.327,5689.117
2026-05-19 16:17:27.735,44750,713.644,3.67237590888,712.11,45.881,5601.126
2026-05-19 16:17:27.735,45000,691.199,2.701680771284,690.431,32.58,5469.138
2026-05-19 16:17:27.736,45250,691.199,2.701680771284,690.431,32.58,5469.138
2026-05-19 16:17:27.848,45500,691.199,2.701680771284,690.431,32.58,5469.138
2026-05-19 16:17:27.849,45750,719.623,4.305275352727,717.592,54.022,5253.117
2026-05-19 16:17:27.849,46000,674.003,3.166569325808,672.876,37.064,5311.128
2026-05-19 16:17:27.965,46250,693.37,0.776216146027,693.307,9.393,5398.146
2026-05-19 16:17:27.966,46500,713.591,2.078493241294,713.121,25.881,5245.182
2026-05-19 16:17:27.966,46750,713.591,2.078493241294,713.121,25.881,5245.182
2026-05-19 16:17:28.069,47000,713.591,2.078493241294,713.121,25.881,5245.182
2026-05-19 16:17:28.069,47250,703.359,1.546106573568,703.103,18.978,5046.496
2026-05-19 16:17:28.189,47500,703.359,1.546106573568,703.103,18.978,5046.496
2026-05-19 16:17:28.190,47750,703.359,1.546106573568,703.103,18.978,5046.496
2026-05-19 16:17:28.190,48000,731.77,3.577998794431,730.343,45.668,4850.57
2026-05-19 16:17:28.190,48250,731.77,3.577998794431,730.343,45.668,4850.57
2026-05-19 16:17:28.304,48500,725.282,-1.704296447729,724.879,-21.722,4885.961
2026-05-19 16:17:28.305,48750,730.424,2.130370559661,729.919,27.152,4850.57
2026-05-19 16:17:28.305,49000,730.424,2.130370559661,729.919,27.152,4850.57
2026-05-19 16:17:28.415,49250,755.652,4.307248500975,753.518,56.753,4688.632
2026-05-19 16:17:28.415,49500,717.872,1.206511908056,717.713,15.116,4688.632
2026-05-19 16:17:28.416,49750,717.872,1.206511908056,717.713,15.116,4688.632
2026-05-19 16:17:28.529,50000,717.872,1.206511908056,717.713,15.116,4688.632
2026-05-19 16:17:28.530,50250,733.056,2.65151408393,732.105,34.16,4592.841
2026-05-19 16:17:28.530,50500,743.178,3.614848867846,741.699,46.857,4528.98
2026-05-19 16:17:28.646,50750,743.178,3.614848867846,741.699,46.857,4528.98
2026-05-19 16:17:28.646,51000,745.487,-2.737080263799,744.636,-35.599,4528.98
2026-05-19 16:17:28.647,51250,770.801,-0.200183809024,770.797,-2.693,4380.24
2026-05-19 16:17:28.647,51500,770.801,-0.200183809024,770.797,-2.693,4380.24
2026-05-19 16:17:28.769,51750,770.801,-0.200183809024,770.797,-2.693,4380.24
2026-05-19 16:17:28.769,52000,776.202,0.378033254038,776.023,5.337,4350.588
2026-05-19 16:17:28.770,52250,764.528,-0.96498674906,764.42,-12.876,4231.978
2026-05-19 16:17:28.888,52500,764.528,-0.96498674906,764.42,-12.876,4231.978
2026-05-19 16:17:28.889,52750,764.528,-0.96498674906,764.42,-12.876,4231.978
2026-05-19 16:17:28.889,53000,792.729,2.468692288184,791.993,34.146,4081.427
2026-05-19 16:17:28.890,53250,792.729,2.468692288184,791.993,34.146,4081.427
2026-05-19 16:17:29.000,53500,792.729,2.468692288184,791.993,34.146,4081.427
2026-05-19 16:17:29.000,53750,763.088,-1.311068106816,762.888,-17.46,4081.427
2026-05-19 16:17:29.001,54000,767.743,-0.658010585442,767.492,-8.605,4057.267
2026-05-19 16:17:29.110,54250,786.363,1.954219500056,785.906,26.816,3960.624
2026-05-19 16:17:29.110,54500,786.363,1.954219500056,785.906,26.816,3960.624
2026-05-19 16:17:29.111,54750,786.363,1.954219500056,785.906,26.816,3960.624
2026-05-19 16:17:29.111,55000,786.363,1.954219500056,785.906,26.816,3960.624
2026-05-19 16:17:29.216,55250,807.257,5.248496428853,803.872,73.844,3858.112
2026-05-19 16:17:29.217,55500,778.862,1.046230596484,778.732,14.221,3858.112
2026-05-19 16:17:29.218,55750,778.862,1.046230596484,778.732,14.221,3858.112
2026-05-19 16:17:29.328,56000,778.862,1.046230596484,778.732,14.221,3858.112
2026-05-19 16:17:29.329,56250,778.862,1.046230596484,778.732,14.221,3858.112
2026-05-19 16:17:29.329,56500,778.862,1.046230596484,778.732,14.221,3858.112
2026-05-19 16:17:29.432,56750,797.833,4.622963174789,795.237,64.304,3766.372
2026-05-19 16:17:29.433,57000,797.833,4.622963174789,795.237,64.304,3766.372
2026-05-19 16:17:29.433,57250,797.833,4.622963174789,795.237,64.304,3766.372
2026-05-19 16:17:29.544,57500,797.833,4.622963174789,795.237,64.304,3766.372
2026-05-19 16:17:29.544,57750,797.833,4.622963174789,795.237,64.304,3766.372
2026-05-19 16:17:29.545,58000,797.833,4.622963174789,795.237,64.304,3766.372
2026-05-19 16:17:29.545,58250,788.738,3.804466545564,787.0,52.334,3684.696
2026-05-19 16:17:29.662,58500,852.053,2.340504006856,851.342,34.796,3684.696
2026-05-19 16:17:29.662,58750,865.659,6.169069140534,860.646,93.026,3626.782
2026-05-19 16:17:29.663,59000,865.659,6.169069140534,860.646,93.026,3626.782
2026-05-19 16:17:29.778,59250,847.65,1.799164361755,847.232,26.613,3626.782
2026-05-19 16:17:29.779,59500,847.65,1.799164361755,847.232,26.613,3626.782
2026-05-19 16:17:29.780,59750,847.65,1.799164361755,847.232,26.613,3626.782
2026-05-19 16:17:29.780,60000,793.776,5.335892599035,789.893,73.976,3661.531
2026-05-19 16:17:29.897,60250,801.333,7.633031679241,794.233,106.439,3626.782
2026-05-19 16:17:29.897,60500,848.708,6.947836460119,842.478,102.522,3427.122
2026-05-19 16:17:29.898,60750,860.552,6.776537655338,854.54,101.543,3377.207
2026-05-19 16:17:29.898,61000,860.552,6.776537655338,854.54,101.543,3377.207
2026-05-19 16:17:30.013,61250,860.552,6.776537655338,854.54,101.543,3377.207
2026-05-19 16:17:30.013,61500,860.552,6.776537655338,854.54,101.543,3377.207
2026-05-19 16:17:30.014,61750,860.552,6.776537655338,854.54,101.543,3377.207
2026-05-19 16:17:30.014,62000,860.552,6.776537655338,854.54,101.543,3377.207
2026-05-19 16:17:30.126,62250,860.552,6.776537655338,854.54,101.543,3377.207
2026-05-19 16:17:30.127,62500,860.552,6.776537655338,854.54,101.543,3377.207
2026-05-19 16:17:30.127,62750,860.552,6.776537655338,854.54,101.543,3377.207
2026-05-19 16:17:30.128,63000,857.443,5.9586792149,852.448,89.158,3389.63
2026-05-19 16:17:30.232,63250,793.217,8.464985041542,784.575,116.765,3377.207
2026-05-19 16:17:30.233,63500,793.217,8.464985041542,784.575,116.765,3377.207
2026-05-19 16:17:30.233,63750,793.217,8.464985041542,784.575,116.765,3377.207
2026-05-19 16:17:30.234,64000,793.217,8.464985041542,784.575,116.765,3377.207
2026-05-19 16:17:30.336,64250,793.217,8.464985041542,784.575,116.765,3377.207
2026-05-19 16:17:30.337,64500,793.217,8.464985041542,784.575,116.765,3377.207
2026-05-19 16:17:30.337,64750,841.114,7.71084877126,833.512,112.697,3187.591
2026-05-19 16:17:30.338,65000,853.088,7.52231470369,845.747,111.68,3140.187
2026-05-19 16:17:30.441,65250,853.088,7.52231470369,845.747,111.68,3140.187
2026-05-19 16:17:30.442,65500,849.539,6.648333747934,843.413,98.531,3153.529
2026-05-19 16:17:30.442,65750,835.341,3.152409924911,834.077,45.937,3206.9
2026-05-19 16:17:30.442,66000,835.341,3.152409924911,834.077,45.937,3206.9
2026-05-19 16:17:30.545,66250,835.341,3.152409924911,834.077,45.937,3206.9
2026-05-19 16:17:30.546,66500,835.341,3.152409924911,834.077,45.937,3206.9
2026-05-19 16:17:30.546,66750,835.341,3.152409924911,834.077,45.937,3206.9
2026-05-19 16:17:30.649,67000,835.341,3.152409924911,834.077,45.937,3206.9
2026-05-19 16:17:30.650,67250,760.787,5.294168888362,757.542,70.197,3206.9
2026-05-19 16:17:30.650,67500,760.787,5.294168888362,757.542,70.197,3206.9
2026-05-19 16:17:30.651,67750,760.787,5.294168888362,757.542,70.197,3206.9
2026-05-19 16:17:30.753,68000,764.02,6.168149844118,759.218,82.243,3193.558
2026-05-19 16:17:30.754,68250,760.787,5.294168888362,757.542,70.197,3206.9
2026-05-19 16:17:30.754,68500,760.787,5.294168888362,757.542,70.197,3206.9
2026-05-19 16:17:30.755,68750,797.43,4.415791365138,795.03,61.019,3063.921
2026-05-19 16:17:30.857,69000,821.858,3.830206349655,820.022,54.9,2968.602
2026-05-19 16:17:30.858,69250,861.184,9.397957012713,849.625,140.623,2968.602
2026-05-19 16:17:30.858,69500,861.184,9.397957012713,849.625,140.623,2968.602
2026-05-19 16:17:30.859,69750,861.184,9.397957012713,849.625,140.623,2968.602
2026-05-19 16:17:30.961,70000,861.184,9.397957012713,849.625,140.623,2968.602
2026-05-19 16:17:30.962,70250,861.184,9.397957012713,849.625,140.623,2968.602
2026-05-19 16:17:30.962,70500,861.184,9.397957012713,849.625,140.623,2968.602
2026-05-19 16:17:31.065,70750,861.184,9.397957012713,849.625,140.623,2968.602
2026-05-19 16:17:31.066,71000,861.184,9.397957012713,849.625,140.623,2968.602
2026-05-19 16:17:31.066,71250,861.184,9.397957012713,849.625,140.623,2968.602
2026-05-19 16:17:31.067,71500,861.184,9.397957012713,849.625,140.623,2968.602
2026-05-19 16:17:31.169,71750,861.184,9.397957012713,849.625,140.623,2968.602
2026-05-19 16:17:31.170,72000,734.391,6.742693581464,729.311,86.225,2968.602
2026-05-19 16:17:31.171,72250,778.15,12.766084195971,758.914,171.949,2968.602
2026-05-19 16:17:31.171,72500,778.15,12.766084195971,758.914,171.949,2968.602
2026-05-19 16:17:31.274,72750,734.391,6.742693581464,729.311,86.225,2968.602
2026-05-19 16:17:31.274,73000,752.696,11.441198515189,737.74,149.306,2896.405
2026-05-19 16:17:31.275,73250,752.696,11.441198515189,737.74,149.306,2896.405
2026-05-19 16:17:31.377,73500,820.264,10.121126223922,807.499,144.145,2657.82
2026-05-19 16:17:31.378,73750,820.264,10.121126223922,807.499,144.145,2657.82
2026-05-19 16:17:31.378,74000,820.264,10.121126223922,807.499,144.145,2657.82
2026-05-19 16:17:31.379,74250,820.264,10.121126223922,807.499,144.145,2657.82
2026-05-19 16:17:31.482,74500,820.264,10.121126223922,807.499,144.145,2657.82
2026-05-19 16:17:31.482,74750,820.264,10.121126223922,807.499,144.145,2657.82
2026-05-19 16:17:31.483,75000,820.264,10.121126223922,807.499,144.145,2657.82
2026-05-19 16:17:31.483,75250,820.264,10.121126223922,807.499,144.145,2657.82
2026-05-19 16:17:31.587,75500,796.732,5.05424619526,793.634,70.191,2736.319
2026-05-19 16:17:31.587,75750,796.732,5.05424619526,793.634,70.191,2736.319
2026-05-19 16:17:31.588,76000,796.732,5.05424619526,793.634,70.191,2736.319
2026-05-19 16:17:31.588,76250,796.732,5.05424619526,793.634,70.191,2736.319
2026-05-19 16:17:31.696,76500,796.732,5.05424619526,793.634,70.191,2736.319
2026-05-19 16:17:31.697,76750,796.732,5.05424619526,793.634,70.191,2736.319
2026-05-19 16:17:31.697,77000,796.732,5.05424619526,793.634,70.191,2736.319
2026-05-19 16:17:31.698,77250,796.732,5.05424619526,793.634,70.191,2736.319
2026-05-19 16:17:31.698,77500,796.732,5.05424619526,793.634,70.191,2736.319
2026-05-19 16:17:31.801,77750,731.32,12.343176204872,713.911,156.535,2673.519
2026-05-19 16:17:31.801,78000,735.54,13.356552210605,715.645,169.917,2657.82
2026-05-19 16:17:31.802,78250,781.802,12.34109941735,763.775,166.544,2506.516
2026-05-19 16:17:31.802,78500,812.643,11.664130888513,795.862,164.295,2405.648
2026-05-19 16:17:31.802,78750,812.643,11.664130888513,795.862,164.295,2405.648
2026-05-19 16:17:31.905,79000,812.643,11.664130888513,795.862,164.295,2405.648
2026-05-19 16:17:31.905,79250,812.643,11.664130888513,795.862,164.295,2405.648
2026-05-19 16:17:31.906,79500,812.643,11.664130888513,795.862,164.295,2405.648
2026-05-19 16:17:31.906,79750,812.643,11.664130888513,795.862,164.295,2405.648
2026-05-19 16:17:32.015,80000,812.643,11.664130888513,795.862,164.295,2405.648
2026-05-19 16:17:32.015,80250,812.643,11.664130888513,795.862,164.295,2405.648
2026-05-19 16:17:32.016,80500,812.643,11.664130888513,795.862,164.295,2405.648
2026-05-19 16:17:32.016,80750,812.643,11.664130888513,795.862,164.295,2405.648
2026-05-19 16:17:32.016,81000,812.643,11.664130888513,795.862,164.295,2405.648
2026-05-19 16:17:32.129,81250,812.643,11.664130888513,795.862,164.295,2405.648
2026-05-19 16:17:32.129,81500,812.643,11.664130888513,795.862,164.295,2405.648
2026-05-19 16:17:32.130,81750,812.643,11.664130888513,795.862,164.295,2405.648
2026-05-19 16:17:32.130,82000,768.284,4.988331185097,765.374,66.805,2405.648
2026-05-19 16:17:32.131,82250,768.284,4.988331185097,765.374,66.805,2405.648
2026-05-19 16:17:32.244,82500,788.195,4.520872111274,785.682,61.472,2350.455
2026-05-19 16:17:32.244,82750,867.839,2.651035815985,866.91,40.14,2129.683
2026-05-19 16:17:32.245,83000,867.839,2.651035815985,866.91,40.14,2129.683
2026-05-19 16:17:32.245,83250,867.839,2.651035815985,866.91,40.14,2129.683
2026-05-19 16:17:32.246,83500,764.048,5.891081463675,760.013,78.42,2129.683
2026-05-19 16:17:32.355,83750,764.048,5.891081463675,760.013,78.42,2129.683
2026-05-19 16:17:32.355,84000,764.048,5.891081463675,760.013,78.42,2129.683
2026-05-19 16:17:32.356,84250,764.048,5.891081463675,760.013,78.42,2129.683
2026-05-19 16:17:32.356,84500,764.048,5.891081463675,760.013,78.42,2129.683
2026-05-19 16:17:32.357,84750,764.048,5.891081463675,760.013,78.42,2129.683
2026-05-19 16:17:32.474,85000,764.048,5.891081463675,760.013,78.42,2129.683
2026-05-19 16:17:32.475,85250,764.048,5.891081463675,760.013,78.42,2129.683
2026-05-19 16:17:32.475,85500,764.048,5.891081463675,760.013,78.42,2129.683
2026-05-19 16:17:32.475,85750,764.048,5.891081463675,760.013,78.42,2129.683
2026-05-19 16:17:32.476,86000,764.048,5.891081463675,760.013,78.42,2129.683
2026-05-19 16:17:32.594,86250,769.526,7.274471221744,762.36,97.826,2114.942
2026-05-19 16:17:32.594,86500,764.048,5.891081463675,760.013,78.42,2129.683
2026-05-19 16:17:32.595,86750,822.768,4.300459974084,820.328,60.597,1984.593
2026-05-19 16:17:32.595,87000,901.829,10.987589334819,885.297,171.885,1804.312
2026-05-19 16:17:32.595,87250,901.829,10.987589334819,885.297,171.885,1804.312
2026-05-19 16:17:32.710,87500,901.829,10.987589334819,885.297,171.885,1804.312
2026-05-19 16:17:32.711,87750,901.829,10.987589334819,885.297,171.885,1804.312
2026-05-19 16:17:32.711,88000,901.829,10.987589334819,885.297,171.885,1804.312
2026-05-19 16:17:32.712,88250,901.829,10.987589334819,885.297,171.885,1804.312
2026-05-19 16:17:32.712,88500,901.829,10.987589334819,885.297,171.885,1804.312
2026-05-19 16:17:32.825,88750,901.829,10.987589334819,885.297,171.885,1804.312
2026-05-19 16:17:32.825,89000,901.829,10.987589334819,885.297,171.885,1804.312
2026-05-19 16:17:32.826,89250,779.34,15.386092209961,751.408,206.776,1804.312
2026-05-19 16:17:32.826,89500,779.34,15.386092209961,751.408,206.776,1804.312
2026-05-19 16:17:32.827,89750,779.34,15.386092209961,751.408,206.776,1804.312
2026-05-19 16:17:32.931,90000,779.34,15.386092209961,751.408,206.776,1804.312
2026-05-19 16:17:32.932,90250,779.34,15.386092209961,751.408,206.776,1804.312
2026-05-19 16:17:32.932,90500,718.713,5.484098642271,715.423,68.687,1804.312
2026-05-19 16:17:32.932,90750,718.713,5.484098642271,715.423,68.687,1804.312
2026-05-19 16:17:32.933,91000,718.713,5.484098642271,715.423,68.687,1804.312
2026-05-19 16:17:33.047,91250,784.167,4.116856089024,782.074,55.247,1661.645
2026-05-19 16:17:33.047,91500,827.804,3.205361053526,826.509,46.287,1566.533
2026-05-19 16:17:33.048,91750,827.804,3.205361053526,826.509,46.287,1566.533
2026-05-19 16:17:33.048,92000,827.804,3.205361053526,826.509,46.287,1566.533
2026-05-19 16:17:33.049,92250,827.804,3.205361053526,826.509,46.287,1566.533
2026-05-19 16:17:33.155,92500,827.804,3.205361053526,826.509,46.287,1566.533
2026-05-19 16:17:33.156,92750,827.804,3.205361053526,826.509,46.287,1566.533
2026-05-19 16:17:33.156,93000,827.804,3.205361053526,826.509,46.287,1566.533
2026-05-19 16:17:33.157,93250,827.804,3.205361053526,826.509,46.287,1566.533
2026-05-19 16:17:33.157,93500,827.804,3.205361053526,826.509,46.287,1566.533
2026-05-19 16:17:33.269,93750,827.804,3.205361053526,826.509,46.287,1566.533
2026-05-19 16:17:33.269,94000,827.804,3.205361053526,826.509,46.287,1566.533
2026-05-19 16:17:33.270,94250,827.804,3.205361053526,826.509,46.287,1566.533
2026-05-19 16:17:33.270,94500,827.804,3.205361053526,826.509,46.287,1566.533
2026-05-19 16:17:33.271,94750,827.804,3.205361053526,826.509,46.287,1566.533
2026-05-19 16:17:33.389,95000,827.804,3.205361053526,826.509,46.287,1566.533
2026-05-19 16:17:33.389,95250,827.804,3.205361053526,826.509,46.287,1566.533
2026-05-19 16:17:33.390,95500,669.01,8.267779619867,662.057,96.203,1566.533
2026-05-19 16:17:33.390,95750,669.01,8.267779619867,662.057,96.203,1566.533
2026-05-19 16:17:33.390,96000,669.01,8.267779619867,662.057,96.203,1566.533
2026-05-19 16:17:33.494,96250,791.203,5.062418566341,788.117,69.817,1324.598
2026-05-19 16:17:33.495,96500,791.203,5.062418566341,788.117,69.817,1324.598
2026-05-19 16:17:33.495,96750,799.484,7.325704411699,790.257,102.81,1311.425
2026-05-19 16:17:33.496,97000,832.607,16.378847793135,798.818,234.785,1258.73
2026-05-19 16:17:33.599,97250,832.607,16.378847793135,798.818,234.785,1258.73
2026-05-19 16:17:33.599,97500,832.607,16.378847793135,798.818,234.785,1258.73
2026-05-19 16:17:33.600,97750,832.607,16.378847793135,798.818,234.785,1258.73
2026-05-19 16:17:33.600,98000,832.607,16.378847793135,798.818,234.785,1258.73
2026-05-19 16:17:33.601,98250,832.607,16.378847793135,798.818,234.785,1258.73
2026-05-19 16:17:33.706,98500,832.607,16.378847793135,798.818,234.785,1258.73
2026-05-19 16:17:33.706,98750,832.607,16.378847793135,798.818,234.785,1258.73
2026-05-19 16:17:33.707,99000,832.607,16.378847793135,798.818,234.785,1258.73
2026-05-19 16:17:33.707,99250,832.607,16.378847793135,798.818,234.785,1258.73
2026-05-19 16:17:33.708,99500,832.607,16.378847793135,798.818,234.785,1258.73
2026-05-19 16:17:33.815,99750,832.607,16.378847793135,798.818,234.785,1258.73
2026-05-19 16:17:33.815,100000,832.607,16.378847793135,798.818,234.785,1258.73
2026-05-19 16:17:34.363,10000,674.138,2.131491015438,673.669,25.084,13486.55
2026-05-19 16:17:34.469,10250,672.796,3.246101893262,671.716,38.097,13512.721
2026-05-19 16:17:34.704,10500,669.816,4.030930227573,668.159,47.085,13572.828
2026-05-19 16:17:34.814,10750,669.816,4.030930227573,668.159,47.085,13572.828
2026-05-19 16:17:34.926,11000,679.854,3.797246970793,678.359,45.035,13471.7
2026-05-19 16:17:35.032,11250,660.452,4.260966877589,658.61,49.057,13498.039
2026-05-19 16:17:35.150,11500,658.673,4.668462580149,656.474,53.596,13534.485
2026-05-19 16:17:35.389,11750,660.354,3.979026048968,658.762,45.823,13607.384
2026-05-19 16:17:35.500,12000,668.293,5.150496652961,665.581,59.98,13445.834
2026-05-19 16:17:35.614,12250,667.359,5.342002153657,664.46,62.131,13464.562
2026-05-19 16:17:35.716,12500,680.831,5.343952131466,677.863,63.435,13314.083
2026-05-19 16:17:35.831,12750,679.703,6.236507649743,675.667,73.822,13335.126
2026-05-19 16:17:35.946,13000,661.562,5.911221567776,658.045,68.133,13356.182
2026-05-19 16:17:36.058,13250,676.899,5.350470093202,673.927,63.092,13177.011
2026-05-19 16:17:36.169,13500,669.073,6.64685684961,664.565,77.431,13331.009
2026-05-19 16:17:36.289,13750,674.648,7.124222254198,669.43,83.693,13221.583
2026-05-19 16:17:36.394,14000,662.251,6.216578852822,658.357,71.713,13262.358
2026-05-19 16:17:36.509,14250,666.695,6.928754404544,661.802,80.422,13175.348
2026-05-19 16:17:36.626,14500,664.768,8.087827944524,658.139,93.498,13212.461
2026-05-19 16:17:36.740,14750,662.132,8.458590331627,654.918,97.377,13264.959
2026-05-19 16:17:36.853,15000,677.34,7.86533752055,670.954,92.667,13122.468
2026-05-19 16:17:36.968,15250,666.767,8.299254891864,659.774,96.235,13125.88
2026-05-19 16:17:36.968,15500,670.245,9.062946322187,661.867,105.556,13056.285
2026-05-19 16:17:37.083,15750,671.238,8.499829141155,663.854,99.191,13202.782
2026-05-19 16:17:37.189,16000,663.871,8.622538885694,656.352,99.497,13020.027
2026-05-19 16:17:37.300,16250,677.813,8.918946603935,669.617,105.086,12751.791
2026-05-19 16:17:37.416,16500,674.835,8.927751686168,666.65,104.704,12941.432
2026-05-19 16:17:37.531,16750,652.967,9.081734441088,644.762,103.076,13050.737
2026-05-19 16:17:37.646,17000,657.372,9.831135264921,647.7,112.194,12963.908
2026-05-19 16:17:37.647,17250,650.693,9.583060662089,641.61,108.317,12753.084
2026-05-19 16:17:37.768,17500,674.994,9.657404259753,665.335,113.162,12816.543
2026-05-19 16:17:37.884,17750,658.943,10.090620331848,648.742,115.427,12795.063
2026-05-19 16:17:37.989,18000,659.299,10.746411365013,647.637,122.871,12788.086
2026-05-19 16:17:37.989,18250,659.339,9.903769248504,649.419,113.346,12452.313
2026-05-19 16:17:38.099,18500,663.6,10.138647020772,653.231,116.792,12586.208
2026-05-19 16:17:38.215,18750,656.053,11.126308013076,643.677,126.587,12730.609
2026-05-19 16:17:38.331,19000,665.411,11.959394767865,650.925,137.868,12551.573
2026-05-19 16:17:38.332,19250,647.729,12.282908501695,632.889,137.735,12573.659
2026-05-19 16:17:38.447,19500,660.26,10.006500154543,650.209,114.699,12241.925
2026-05-19 16:17:38.568,19750,648.601,11.108093174898,636.427,124.928,12461.9
2026-05-19 16:17:38.569,20000,644.858,12.144640060331,630.422,135.645,12534.226
2026-05-19 16:17:38.689,20250,651.529,12.855154164551,635.174,144.95,12406.033
2026-05-19 16:17:38.799,20500,629.013,12.820625520569,613.295,139.557,12537.875
2026-05-19 16:17:38.800,20750,655.245,11.979561110979,640.909,135.904,12267.658
2026-05-19 16:17:38.905,21000,642.537,12.181174647739,628.067,135.555,12256.663
2026-05-19 16:17:39.017,21250,639.264,13.013744322417,622.802,143.948,12319.464
2026-05-19 16:17:39.017,21500,641.488,14.080259504011,622.179,156.042,12276.168
2026-05-19 16:17:39.132,21750,632.637,13.67731300584,614.696,149.572,12158.51
2026-05-19 16:17:39.235,22000,654.453,13.372676037394,636.707,151.347,12013.502
2026-05-19 16:17:39.236,22250,655.903,13.577587987084,637.535,153.958,11986.505
2026-05-19 16:17:39.352,22500,647.692,13.257496492099,630.402,148.508,11854.217
2026-05-19 16:17:39.470,22750,641.787,14.560749158234,621.174,161.327,11963.879
2026-05-19 16:17:39.470,23000,628.023,13.376373070197,610.951,145.256,11939.234
2026-05-19 16:17:39.575,23250,637.199,14.318014980779,617.382,157.598,11767.383
2026-05-19 16:17:39.682,23500,634.692,14.438400123075,614.608,158.216,11813.794
2026-05-19 16:17:39.683,23750,628.117,14.263736513224,608.716,154.719,11687.936
2026-05-19 16:17:39.785,24000,651.648,13.826057524658,632.767,155.728,11542.905
2026-05-19 16:17:39.786,24250,647.668,12.126561811808,633.184,136.025,11360.685
2026-05-19 16:17:39.900,24500,643.181,13.964329871848,624.125,155.184,11440.323
2026-05-19 16:17:40.003,24750,645.865,13.854174711444,627.036,154.676,11392.546
2026-05-19 16:17:40.003,25000,636.292,13.077404886129,619.79,143.972,11325.417
2026-05-19 16:17:40.120,25250,639.767,13.763119689922,621.362,152.226,11264.116
2026-05-19 16:17:40.121,25500,633.338,12.433145811034,618.485,136.334,11140.362
2026-05-19 16:17:40.231,25750,641.593,13.550109025227,623.735,150.299,10997.065
2026-05-19 16:17:40.232,26000,646.455,13.366455476345,628.943,149.446,10913.413
2026-05-19 16:17:40.347,26250,635.956,12.154174973362,621.681,133.907,10896.591
2026-05-19 16:17:40.469,26500,646.077,13.646371037158,627.789,152.391,10726.346
2026-05-19 16:17:40.469,26750,631.057,12.883810507224,615.145,140.717,10763.025
2026-05-19 16:17:40.584,27000,644.152,12.149145187158,629.725,135.546,10544.22
2026-05-19 16:17:40.584,27250,649.502,13.410939014413,631.793,150.621,10457.381
2026-05-19 16:17:40.700,27500,640.006,11.578088135794,626.983,128.451,10408.646
2026-05-19 16:17:40.700,27750,644.331,12.675387132602,628.595,141.398,10338.888
2026-05-19 16:17:40.816,28000,647.345,10.576535941504,636.347,118.819,10087.764
2026-05-19 16:17:40.816,28250,652.163,11.847096179326,638.272,133.89,10013.234
2026-05-19 16:17:40.930,28500,665.107,11.480329332138,651.801,132.356,9819.309
2026-05-19 16:17:40.931,28750,662.3,11.058345710305,650.002,127.035,9692.569
2026-05-19 16:17:41.046,29000,680.76,10.573745729134,669.201,124.92,9429.725
2026-05-19 16:17:41.046,29250,643.138,12.353337179186,628.247,137.593,9802.949
2026-05-19 16:17:41.150,29500,672.088,10.761813185304,660.204,125.437,9381.554
2026-05-19 16:17:41.151,29750,696.996,11.196106763137,683.731,135.334,9045.46
2026-05-19 16:17:41.269,30000,686.081,9.403132400997,676.808,112.108,9031.947
2026-05-19 16:17:41.269,30250,710.474,10.414199508756,698.77,128.427,8721.77
2026-05-19 16:17:41.270,30500,703.833,9.882156051756,693.39,120.793,8667.367
2026-05-19 16:17:41.389,30750,703.833,9.882156051756,693.39,120.793,8667.367
2026-05-19 16:17:41.389,31000,729.801,11.281640834646,715.7,142.772,8358.959
2026-05-19 16:17:41.505,31250,718.266,8.822451057555,709.768,110.163,8358.959
2026-05-19 16:17:41.505,31500,721.984,10.605524736896,709.65,132.878,8315.916
2026-05-19 16:17:41.614,31750,721.984,10.605524736896,709.65,132.878,8315.916
2026-05-19 16:17:41.615,32000,698.982,10.787497695928,686.629,130.826,8150.448
2026-05-19 16:17:41.730,32250,698.982,10.787497695928,686.629,130.826,8150.448
2026-05-19 16:17:41.731,32500,681.405,10.179786587346,670.678,120.43,8254.334
2026-05-19 16:17:41.835,32750,692.352,10.100651149121,681.621,121.423,8123.823
2026-05-19 16:17:41.836,33000,693.869,11.840155233589,679.106,142.369,8106.062
2026-05-19 16:17:41.949,33250,704.373,9.193092337498,695.327,112.525,7899.207
2026-05-19 16:17:41.949,33500,709.874,11.033115636341,696.753,135.853,7836.682
2026-05-19 16:17:41.950,33750,709.874,11.033115636341,696.753,135.853,7836.682
2026-05-19 16:17:42.069,34000,703.396,8.96049636107,694.669,109.533,7836.616
2026-05-19 16:17:42.070,34250,672.057,11.748813040367,657.977,136.845,7836.352
2026-05-19 16:17:42.189,34500,695.388,11.79756284123,680.699,142.175,7573.434
2026-05-19 16:17:42.189,34750,689.141,11.048746114132,676.367,132.07,7584.66
2026-05-19 16:17:42.190,35000,689.141,11.048746114132,676.367,132.07,7584.66
2026-05-19 16:17:42.304,35250,688.405,11.840051838403,673.665,141.212,7592.784
2026-05-19 16:17:42.305,35500,702.705,10.535462076557,690.856,128.498,7401.913
2026-05-19 16:17:42.416,35750,675.193,10.810802651826,663.21,126.644,7351.148
2026-05-19 16:17:42.417,36000,672.563,12.750561704903,655.978,148.439,7379.893
2026-05-19 16:17:42.417,36250,670.341,9.869929926236,660.419,114.905,7379.893
2026-05-19 16:17:42.530,36500,694.383,11.034464609868,681.434,132.844,7124.439
2026-05-19 16:17:42.531,36750,691.889,12.34463666694,675.892,147.92,7150.05
2026-05-19 16:17:42.646,37000,691.819,7.841828501533,685.35,94.391,7150.05
2026-05-19 16:17:42.647,37250,657.478,7.728020965289,651.507,88.412,7150.05
2026-05-19 16:17:42.647,37500,676.063,10.157701201567,665.466,119.229,6953.496
2026-05-19 16:17:42.752,37750,676.063,10.157701201567,665.466,119.229,6953.496
2026-05-19 16:17:42.752,38000,678.553,7.032038876734,673.449,83.071,6953.496
2026-05-19 16:17:42.855,38250,672.998,9.003546959045,664.706,105.321,7010.893
2026-05-19 16:17:42.855,38500,696.744,9.524001090821,687.14,115.284,6771.954
2026-05-19 16:17:42.969,38750,663.777,5.944597386677,660.207,68.745,6771.954
2026-05-19 16:17:42.969,39000,656.856,8.040234124673,650.399,91.873,6843.309
2026-05-19 16:17:42.970,39250,661.858,8.174180054211,655.119,94.15,6793.107
2026-05-19 16:17:43.074,39500,681.866,8.709963772362,674.002,103.257,6592.3
2026-05-19 16:17:43.074,39750,688.68,5.64549072619,685.339,67.748,6592.3
2026-05-19 16:17:43.075,40000,641.366,7.302753063179,636.163,81.525,6686.555
2026-05-19 16:17:43.177,40250,662.441,7.99262332117,656.006,92.11,6473.826
2026-05-19 16:17:43.178,40500,662.441,7.99262332117,656.006,92.11,6473.826
2026-05-19 16:17:43.294,40750,662.441,7.99262332117,656.006,92.11,6473.826
2026-05-19 16:17:43.295,41000,696.693,5.824010870047,693.022,70.618,6252.661
2026-05-19 16:17:43.295,41250,658.839,6.860984372709,654.121,78.705,6333.95
2026-05-19 16:17:43.409,41500,658.839,6.860984372709,654.121,78.705,6333.95
2026-05-19 16:17:43.410,41750,683.119,7.79698731103,676.804,92.674,6108.821
2026-05-19 16:17:43.526,42000,696.144,4.578237086643,693.923,55.566,6108.821
2026-05-19 16:17:43.526,42250,696.144,4.578237086643,693.923,55.566,6108.821
2026-05-19 16:17:43.527,42500,680.58,4.796396321653,678.129,56.825,5900.575
2026-05-19 16:17:43.635,42750,670.393,6.498406258521,666.086,75.872,5989.9
2026-05-19 16:17:43.635,43000,670.393,6.498406258521,666.086,75.872,5989.9
2026-05-19 16:17:43.636,43250,706.472,4.262460772202,704.49,52.587,5819.047
2026-05-19 16:17:43.749,43500,711.546,4.488301783594,709.364,55.682,5776.334
2026-05-19 16:17:43.750,43750,671.265,2.905808788588,670.402,34.029,5776.334
2026-05-19 16:17:43.750,44000,673.666,3.583248214182,672.273,42.079,5757.924
2026-05-19 16:17:43.869,44250,681.556,6.345395372185,677.38,75.327,5689.117
2026-05-19 16:17:43.870,44500,681.556,6.345395372185,677.38,75.327,5689.117
2026-05-19 16:17:43.870,44750,719.294,3.968509980664,717.5,49.952,5557.13
2026-05-19 16:17:43.985,45000,691.199,2.701680771284,690.431,32.58,5469.138
2026-05-19 16:17:43.985,45250,691.199,2.701680771284,690.431,32.58,5469.138
2026-05-19 16:17:43.986,45500,691.199,2.701680771284,690.431,32.58,5469.138
2026-05-19 16:17:44.089,45750,719.623,4.305275352727,717.592,54.022,5253.117
2026-05-19 16:17:44.089,46000,677.664,2.746978958749,676.819,32.366,5282.122
2026-05-19 16:17:44.090,46250,693.37,0.776216146027,693.307,9.393,5398.146
2026-05-19 16:17:44.199,46500,713.591,2.078493241294,713.121,25.881,5245.182
2026-05-19 16:17:44.200,46750,713.591,2.078493241294,713.121,25.881,5245.182
2026-05-19 16:17:44.200,47000,713.591,2.078493241294,713.121,25.881,5245.182
2026-05-19 16:17:44.305,47250,703.359,1.546106573568,703.103,18.978,5046.496
2026-05-19 16:17:44.306,47500,703.359,1.546106573568,703.103,18.978,5046.496
2026-05-19 16:17:44.306,47750,703.359,1.546106573568,703.103,18.978,5046.496
2026-05-19 16:17:44.419,48000,731.77,3.577998794431,730.343,45.668,4850.57
2026-05-19 16:17:44.419,48250,731.77,3.577998794431,730.343,45.668,4850.57
2026-05-19 16:17:44.420,48500,725.282,-1.704296447729,724.879,-21.722,4885.961
2026-05-19 16:17:44.530,48750,730.424,2.130370559661,729.919,27.152,4850.57
2026-05-19 16:17:44.530,49000,730.424,2.130370559661,729.919,27.152,4850.57
2026-05-19 16:17:44.531,49250,755.652,4.307248500975,753.518,56.753,4688.632
2026-05-19 16:17:44.636,49500,717.872,1.206511908056,717.713,15.116,4688.632
2026-05-19 16:17:44.636,49750,717.872,1.206511908056,717.713,15.116,4688.632
2026-05-19 16:17:44.637,50000,717.872,1.206511908056,717.713,15.116,4688.632
2026-05-19 16:17:44.743,50250,738.117,3.133181475888,736.902,40.509,4560.911
2026-05-19 16:17:44.744,50500,743.178,3.614848867846,741.699,46.857,4528.98
2026-05-19 16:17:44.745,50750,743.178,3.614848867846,741.699,46.857,4528.98
2026-05-19 16:17:44.869,51000,745.487,-2.737080263799,744.636,-35.599,4528.98
2026-05-19 16:17:44.870,51250,770.801,-0.200183809024,770.797,-2.693,4380.24
2026-05-19 16:17:44.870,51500,770.801,-0.200183809024,770.797,-2.693,4380.24
2026-05-19 16:17:44.871,51750,770.801,-0.200183809024,770.797,-2.693,4380.24
2026-05-19 16:17:44.985,52000,776.202,0.378033254038,776.023,5.337,4350.588
2026-05-19 16:17:44.985,52250,764.528,-0.96498674906,764.42,-12.876,4231.978
2026-05-19 16:17:44.986,52500,764.528,-0.96498674906,764.42,-12.876,4231.978
2026-05-19 16:17:45.099,52750,764.528,-0.96498674906,764.42,-12.876,4231.978
2026-05-19 16:17:45.099,53000,792.729,2.468692288184,791.993,34.146,4081.427
2026-05-19 16:17:45.100,53250,792.729,2.468692288184,791.993,34.146,4081.427
2026-05-19 16:17:45.100,53500,792.729,2.468692288184,791.993,34.146,4081.427
2026-05-19 16:17:45.205,53750,763.088,-1.311068106816,762.888,-17.46,4081.427
2026-05-19 16:17:45.205,54000,772.398,-0.004953064067,772.095,0.25,4033.106
2026-05-19 16:17:45.206,54250,786.363,1.954219500056,785.906,26.816,3960.624
2026-05-19 16:17:45.317,54500,786.363,1.954219500056,785.906,26.816,3960.624
2026-05-19 16:17:45.317,54750,786.363,1.954219500056,785.906,26.816,3960.624
2026-05-19 16:17:45.318,55000,786.363,1.954219500056,785.906,26.816,3960.624
2026-05-19 16:17:45.432,55250,807.257,5.248496428853,803.872,73.844,3858.112
2026-05-19 16:17:45.433,55500,778.862,1.046230596484,778.732,14.221,3858.112
2026-05-19 16:17:45.433,55750,778.862,1.046230596484,778.732,14.221,3858.112
2026-05-19 16:17:45.433,56000,778.862,1.046230596484,778.732,14.221,3858.112
2026-05-19 16:17:45.545,56250,778.862,1.046230596484,778.732,14.221,3858.112
2026-05-19 16:17:45.546,56500,778.862,1.046230596484,778.732,14.221,3858.112
2026-05-19 16:17:45.546,56750,797.833,4.622963174789,795.237,64.304,3766.372
2026-05-19 16:17:45.669,57000,797.833,4.622963174789,795.237,64.304,3766.372
2026-05-19 16:17:45.669,57250,797.833,4.622963174789,795.237,64.304,3766.372
2026-05-19 16:17:45.670,57500,797.833,4.622963174789,795.237,64.304,3766.372
2026-05-19 16:17:45.670,57750,797.833,4.622963174789,795.237,64.304,3766.372
2026-05-19 16:17:45.784,58000,797.833,4.622963174789,795.237,64.304,3766.372
2026-05-19 16:17:45.785,58250,788.738,3.804466545564,787.0,52.334,3684.696
2026-05-19 16:17:45.785,58500,852.053,2.340504006856,851.342,34.796,3684.696
2026-05-19 16:17:45.785,58750,865.659,6.169069140534,860.646,93.026,3626.782
2026-05-19 16:17:45.891,59000,865.659,6.169069140534,860.646,93.026,3626.782
2026-05-19 16:17:45.892,59250,847.65,1.799164361755,847.232,26.613,3626.782
2026-05-19 16:17:45.892,59500,847.65,1.799164361755,847.232,26.613,3626.782
2026-05-19 16:17:45.995,59750,847.65,1.799164361755,847.232,26.613,3626.782
2026-05-19 16:17:45.995,60000,793.776,5.335892599035,789.893,73.976,3661.531
2026-05-19 16:17:45.996,60250,801.333,7.633031679241,794.233,106.439,3626.782
2026-05-19 16:17:46.109,60500,860.552,6.776537655338,854.54,101.543,3377.207
2026-05-19 16:17:46.110,60750,860.552,6.776537655338,854.54,101.543,3377.207
2026-05-19 16:17:46.110,61000,860.552,6.776537655338,854.54,101.543,3377.207
2026-05-19 16:17:46.111,61250,860.552,6.776537655338,854.54,101.543,3377.207
2026-05-19 16:17:46.216,61500,860.552,6.776537655338,854.54,101.543,3377.207
2026-05-19 16:17:46.216,61750,860.552,6.776537655338,854.54,101.543,3377.207
2026-05-19 16:17:46.217,62000,860.552,6.776537655338,854.54,101.543,3377.207
2026-05-19 16:17:46.217,62250,860.552,6.776537655338,854.54,101.543,3377.207
2026-05-19 16:17:46.320,62500,860.552,6.776537655338,854.54,101.543,3377.207
2026-05-19 16:17:46.321,62750,860.552,6.776537655338,854.54,101.543,3377.207
2026-05-19 16:17:46.321,63000,857.443,5.9586792149,852.448,89.158,3389.63
2026-05-19 16:17:46.321,63250,793.217,8.464985041542,784.575,116.765,3377.207
2026-05-19 16:17:46.432,63500,793.217,8.464985041542,784.575,116.765,3377.207
2026-05-19 16:17:46.432,63750,793.217,8.464985041542,784.575,116.765,3377.207
2026-05-19 16:17:46.433,64000,793.217,8.464985041542,784.575,116.765,3377.207
2026-05-19 16:17:46.433,64250,793.217,8.464985041542,784.575,116.765,3377.207
2026-05-19 16:17:46.547,64500,793.217,8.464985041542,784.575,116.765,3377.207
2026-05-19 16:17:46.547,64750,841.114,7.71084877126,833.512,112.697,3187.591
2026-05-19 16:17:46.548,65000,853.088,7.52231470369,845.747,111.68,3140.187
2026-05-19 16:17:46.548,65250,853.088,7.52231470369,845.747,111.68,3140.187
2026-05-19 16:17:46.656,65500,849.539,6.648333747934,843.413,98.531,3153.529
2026-05-19 16:17:46.656,65750,835.341,3.152409924911,834.077,45.937,3206.9
2026-05-19 16:17:46.657,66000,835.341,3.152409924911,834.077,45.937,3206.9
2026-05-19 16:17:46.657,66250,835.341,3.152409924911,834.077,45.937,3206.9
2026-05-19 16:17:46.769,66500,835.341,3.152409924911,834.077,45.937,3206.9
2026-05-19 16:17:46.769,66750,835.341,3.152409924911,834.077,45.937,3206.9
2026-05-19 16:17:46.770,67000,835.341,3.152409924911,834.077,45.937,3206.9
2026-05-19 16:17:46.770,67250,760.787,5.294168888362,757.542,70.197,3206.9
2026-05-19 16:17:46.886,67500,760.787,5.294168888362,757.542,70.197,3206.9
2026-05-19 16:17:46.887,67750,760.787,5.294168888362,757.542,70.197,3206.9
2026-05-19 16:17:46.888,68000,764.02,6.168149844118,759.218,82.243,3193.558
2026-05-19 16:17:46.888,68250,760.787,5.294168888362,757.542,70.197,3206.9
2026-05-19 16:17:46.999,68500,760.787,5.294168888362,757.542,70.197,3206.9
2026-05-19 16:17:46.999,68750,809.644,4.122998857396,807.526,57.959,3016.262
2026-05-19 16:17:47.000,69000,821.858,3.830206349655,820.022,54.9,2968.602
2026-05-19 16:17:47.000,69250,861.184,9.397957012713,849.625,140.623,2968.602
2026-05-19 16:17:47.110,69500,861.184,9.397957012713,849.625,140.623,2968.602
2026-05-19 16:17:47.110,69750,861.184,9.397957012713,849.625,140.623,2968.602
2026-05-19 16:17:47.111,70000,861.184,9.397957012713,849.625,140.623,2968.602
2026-05-19 16:17:47.111,70250,861.184,9.397957012713,849.625,140.623,2968.602
2026-05-19 16:17:47.225,70500,861.184,9.397957012713,849.625,140.623,2968.602
2026-05-19 16:17:47.225,70750,861.184,9.397957012713,849.625,140.623,2968.602
2026-05-19 16:17:47.226,71000,861.184,9.397957012713,849.625,140.623,2968.602
2026-05-19 16:17:47.226,71250,861.184,9.397957012713,849.625,140.623,2968.602
2026-05-19 16:17:47.329,71500,861.184,9.397957012713,849.625,140.623,2968.602
2026-05-19 16:17:47.330,71750,861.184,9.397957012713,849.625,140.623,2968.602
2026-05-19 16:17:47.330,72000,734.391,6.742693581464,729.311,86.225,2968.602
2026-05-19 16:17:47.331,72250,778.15,12.766084195971,758.914,171.949,2968.602
2026-05-19 16:17:47.444,72500,778.15,12.766084195971,758.914,171.949,2968.602
2026-05-19 16:17:47.444,72750,734.391,6.742693581464,729.311,86.225,2968.602
2026-05-19 16:17:47.445,73000,752.696,11.441198515189,737.74,149.306,2896.405
2026-05-19 16:17:47.446,73250,766.21,11.177184056936,751.691,148.274,2848.688
2026-05-19 16:17:47.569,73500,820.264,10.121126223922,807.499,144.145,2657.82
2026-05-19 16:17:47.570,73750,820.264,10.121126223922,807.499,144.145,2657.82
2026-05-19 16:17:47.570,74000,820.264,10.121126223922,807.499,144.145,2657.82
2026-05-19 16:17:47.570,74250,820.264,10.121126223922,807.499,144.145,2657.82
2026-05-19 16:17:47.683,74500,820.264,10.121126223922,807.499,144.145,2657.82
2026-05-19 16:17:47.684,74750,820.264,10.121126223922,807.499,144.145,2657.82
2026-05-19 16:17:47.684,75000,820.264,10.121126223922,807.499,144.145,2657.82
2026-05-19 16:17:47.685,75250,820.264,10.121126223922,807.499,144.145,2657.82
2026-05-19 16:17:47.787,75500,796.732,5.05424619526,793.634,70.191,2736.319
2026-05-19 16:17:47.788,75750,796.732,5.05424619526,793.634,70.191,2736.319
2026-05-19 16:17:47.788,76000,796.732,5.05424619526,793.634,70.191,2736.319
2026-05-19 16:17:47.789,76250,796.732,5.05424619526,793.634,70.191,2736.319
2026-05-19 16:17:47.789,76500,796.732,5.05424619526,793.634,70.191,2736.319
2026-05-19 16:17:47.903,76750,796.732,5.05424619526,793.634,70.191,2736.319
2026-05-19 16:17:47.905,77000,796.732,5.05424619526,793.634,70.191,2736.319
2026-05-19 16:17:47.906,77250,796.732,5.05424619526,793.634,70.191,2736.319
2026-05-19 16:17:47.906,77500,796.732,5.05424619526,793.634,70.191,2736.319
2026-05-19 16:17:47.907,77750,731.32,12.343176204872,713.911,156.535,2673.519
2026-05-19 16:17:48.017,78000,735.54,13.356552210605,715.645,169.917,2657.82
2026-05-19 16:17:48.018,78250,797.222,12.002615152931,779.818,165.42,2456.082
2026-05-19 16:17:48.018,78500,812.643,11.664130888513,795.862,164.295,2405.648
2026-05-19 16:17:48.018,78750,812.643,11.664130888513,795.862,164.295,2405.648
2026-05-19 16:17:48.019,79000,812.643,11.664130888513,795.862,164.295,2405.648
2026-05-19 16:17:48.132,79250,812.643,11.664130888513,795.862,164.295,2405.648
2026-05-19 16:17:48.133,79500,812.643,11.664130888513,795.862,164.295,2405.648
2026-05-19 16:17:48.133,79750,812.643,11.664130888513,795.862,164.295,2405.648
2026-05-19 16:17:48.134,80000,812.643,11.664130888513,795.862,164.295,2405.648
2026-05-19 16:17:48.134,80250,812.643,11.664130888513,795.862,164.295,2405.648
2026-05-19 16:17:48.246,80500,812.643,11.664130888513,795.862,164.295,2405.648
2026-05-19 16:17:48.247,80750,812.643,11.664130888513,795.862,164.295,2405.648
2026-05-19 16:17:48.247,81000,812.643,11.664130888513,795.862,164.295,2405.648
2026-05-19 16:17:48.248,81250,812.643,11.664130888513,795.862,164.295,2405.648
2026-05-19 16:17:48.248,81500,812.643,11.664130888513,795.862,164.295,2405.648
2026-05-19 16:17:48.356,81750,812.643,11.664130888513,795.862,164.295,2405.648
2026-05-19 16:17:48.357,82000,768.284,4.988331185097,765.374,66.805,2405.648
2026-05-19 16:17:48.357,82250,768.284,4.988331185097,765.374,66.805,2405.648
2026-05-19 16:17:48.358,82500,808.106,4.053413037452,805.989,56.139,2295.262
2026-05-19 16:17:48.358,82750,867.839,2.651035815985,866.91,40.14,2129.683
2026-05-19 16:17:48.469,83000,867.839,2.651035815985,866.91,40.14,2129.683
2026-05-19 16:17:48.470,83250,867.839,2.651035815985,866.91,40.14,2129.683
2026-05-19 16:17:48.470,83500,764.048,5.891081463675,760.013,78.42,2129.683
2026-05-19 16:17:48.470,83750,764.048,5.891081463675,760.013,78.42,2129.683
2026-05-19 16:17:48.471,84000,764.048,5.891081463675,760.013,78.42,2129.683
2026-05-19 16:17:48.584,84250,764.048,5.891081463675,760.013,78.42,2129.683
2026-05-19 16:17:48.585,84500,764.048,5.891081463675,760.013,78.42,2129.683
2026-05-19 16:17:48.585,84750,764.048,5.891081463675,760.013,78.42,2129.683
2026-05-19 16:17:48.586,85000,764.048,5.891081463675,760.013,78.42,2129.683
2026-05-19 16:17:48.586,85250,764.048,5.891081463675,760.013,78.42,2129.683
2026-05-19 16:17:48.700,85500,764.048,5.891081463675,760.013,78.42,2129.683
2026-05-19 16:17:48.701,85750,764.048,5.891081463675,760.013,78.42,2129.683
2026-05-19 16:17:48.701,86000,764.048,5.891081463675,760.013,78.42,2129.683
2026-05-19 16:17:48.702,86250,769.526,7.274471221744,762.36,97.826,2114.942
2026-05-19 16:17:48.702,86500,764.048,5.891081463675,760.013,78.42,2129.683
2026-05-19 16:17:48.813,86750,842.342,3.770252810887,840.433,54.656,1936.23
2026-05-19 16:17:48.814,87000,901.829,10.987589334819,885.297,171.885,1804.312
2026-05-19 16:17:48.814,87250,901.829,10.987589334819,885.297,171.885,1804.312
2026-05-19 16:17:48.815,87500,901.829,10.987589334819,885.297,171.885,1804.312
2026-05-19 16:17:48.815,87750,901.829,10.987589334819,885.297,171.885,1804.312
2026-05-19 16:17:48.919,88000,901.829,10.987589334819,885.297,171.885,1804.312
2026-05-19 16:17:48.920,88250,901.829,10.987589334819,885.297,171.885,1804.312
2026-05-19 16:17:48.920,88500,901.829,10.987589334819,885.297,171.885,1804.312
2026-05-19 16:17:48.921,88750,901.829,10.987589334819,885.297,171.885,1804.312
2026-05-19 16:17:49.034,89000,901.829,10.987589334819,885.297,171.885,1804.312
2026-05-19 16:17:49.035,89250,779.34,15.386092209961,751.408,206.776,1804.312
2026-05-19 16:17:49.035,89500,779.34,15.386092209961,751.408,206.776,1804.312
2026-05-19 16:17:49.036,89750,779.34,15.386092209961,751.408,206.776,1804.312
2026-05-19 16:17:49.036,90000,779.34,15.386092209961,751.408,206.776,1804.312
2026-05-19 16:17:49.149,90250,779.34,15.386092209961,751.408,206.776,1804.312
2026-05-19 16:17:49.149,90500,718.713,5.484098642271,715.423,68.687,1804.312
2026-05-19 16:17:49.150,90750,718.713,5.484098642271,715.423,68.687,1804.312
2026-05-19 16:17:49.150,91000,718.713,5.484098642271,715.423,68.687,1804.312
2026-05-19 16:17:49.151,91250,805.985,3.661108571275,804.291,50.767,1614.089
2026-05-19 16:17:49.269,91500,827.804,3.205361053526,826.509,46.287,1566.533
2026-05-19 16:17:49.269,91750,827.804,3.205361053526,826.509,46.287,1566.533
2026-05-19 16:17:49.270,92000,827.804,3.205361053526,826.509,46.287,1566.533
2026-05-19 16:17:49.270,92250,827.804,3.205361053526,826.509,46.287,1566.533
2026-05-19 16:17:49.271,92500,827.804,3.205361053526,826.509,46.287,1566.533
2026-05-19 16:17:49.388,92750,827.804,3.205361053526,826.509,46.287,1566.533
2026-05-19 16:17:49.389,93000,827.804,3.205361053526,826.509,46.287,1566.533
2026-05-19 16:17:49.389,93250,827.804,3.205361053526,826.509,46.287,1566.533
2026-05-19 16:17:49.390,93500,827.804,3.205361053526,826.509,46.287,1566.533
2026-05-19 16:17:49.390,93750,827.804,3.205361053526,826.509,46.287,1566.533
2026-05-19 16:17:49.391,94000,827.804,3.205361053526,826.509,46.287,1566.533
2026-05-19 16:17:49.499,94250,827.804,3.205361053526,826.509,46.287,1566.533
2026-05-19 16:17:49.500,94500,827.804,3.205361053526,826.509,46.287,1566.533
2026-05-19 16:17:49.500,94750,827.804,3.205361053526,826.509,46.287,1566.533
2026-05-19 16:17:49.501,95000,827.804,3.205361053526,826.509,46.287,1566.533
2026-05-19 16:17:49.614,95250,827.804,3.205361053526,826.509,46.287,1566.533
2026-05-19 16:17:49.614,95500,669.01,8.267779619867,662.057,96.203,1566.533
2026-05-19 16:17:49.615,95750,669.01,8.267779619867,662.057,96.203,1566.533
2026-05-19 16:17:49.615,96000,669.01,8.267779619867,662.057,96.203,1566.533
2026-05-19 16:17:49.616,96250,791.203,5.062418566341,788.117,69.817,1324.598
2026-05-19 16:17:49.729,96500,791.203,5.062418566341,788.117,69.817,1324.598
2026-05-19 16:17:49.730,96750,799.484,7.325704411699,790.257,102.81,1311.425
2026-05-19 16:17:49.730,97000,832.607,16.378847793135,798.818,234.785,1258.73
2026-05-19 16:17:49.731,97250,832.607,16.378847793135,798.818,234.785,1258.73
2026-05-19 16:17:49.731,97500,832.607,16.378847793135,798.818,234.785,1258.73
2026-05-19 16:17:49.847,97750,832.607,16.378847793135,798.818,234.785,1258.73
2026-05-19 16:17:49.848,98000,832.607,16.378847793135,798.818,234.785,1258.73
2026-05-19 16:17:49.848,98250,832.607,16.378847793135,798.818,234.785,1258.73
2026-05-19 16:17:49.848,98500,832.607,16.378847793135,798.818,234.785,1258.73
2026-05-19 16:17:49.849,98750,832.607,16.378847793135,798.818,234.785,1258.73
2026-05-19 16:17:49.849,99000,832.607,16.378847793135,798.818,234.785,1258.73
2026-05-19 16:17:49.952,99250,832.607,16.378847793135,798.818,234.785,1258.73
2026-05-19 16:17:49.952,99500,832.607,16.378847793135,798.818,234.785,1258.73
2026-05-19 16:17:49.953,99750,832.607,16.378847793135,798.818,234.785,1258.73
2026-05-19 16:17:49.953,100000,832.607,16.378847793135,798.818,234.785,1258.73
2026-05-19 16:17:50.516,10000,674.138,2.131491015438,673.669,25.084,13486.55
2026-05-19 16:17:50.735,10250,672.796,3.246101893262,671.716,38.097,13512.721
2026-05-19 16:17:50.845,10500,669.816,4.030930227573,668.159,47.085,13572.828
2026-05-19 16:17:50.958,10750,669.816,4.030930227573,668.159,47.085,13572.828
2026-05-19 16:17:51.068,11000,682.179,3.867251604389,680.626,46.01,13425.153
2026-05-19 16:17:51.298,11250,659.557,4.47084467103,657.55,51.414,13516.261
2026-05-19 16:17:51.404,11500,659.557,4.47084467103,657.55,51.414,13516.261
2026-05-19 16:17:51.520,11750,660.354,3.979026048968,658.762,45.823,13607.384
2026-05-19 16:17:51.634,12000,667.359,5.342002153657,664.46,62.131,13464.562
2026-05-19 16:17:51.743,12250,667.359,5.342002153657,664.46,62.131,13464.562
2026-05-19 16:17:51.856,12500,677.646,5.221257549015,674.821,61.707,13377.265
2026-05-19 16:17:51.968,12750,679.703,6.236507649743,675.667,73.822,13335.126
2026-05-19 16:17:52.088,13000,661.562,5.911221567776,658.045,68.133,13356.182
2026-05-19 16:17:52.199,13250,678.092,5.149404057505,675.34,60.843,13153.746
2026-05-19 16:17:52.318,13500,669.073,6.64685684961,664.565,77.431,13331.009
2026-05-19 16:17:52.427,13750,674.648,7.124222254198,669.43,83.693,13221.583
2026-05-19 16:17:52.542,14000,662.251,6.216578852822,658.357,71.713,13262.358
2026-05-19 16:17:52.656,14250,667.918,6.744823866251,663.262,78.462,13150.631
2026-05-19 16:17:52.774,14500,666.086,7.902446750972,659.749,91.559,13186.212
2026-05-19 16:17:52.896,14750,663.45,8.273209138076,656.528,95.438,13238.71
2026-05-19 16:17:53.012,15000,678.877,7.664701462365,672.811,90.546,13092.484
2026-05-19 16:17:53.119,15250,666.767,8.299254891864,659.774,96.235,13125.88
2026-05-19 16:17:53.229,15500,671.723,8.879386811079,663.673,103.684,13027.306
2026-05-19 16:17:53.334,15750,672.782,8.314741776578,665.71,97.291,13172.201
2026-05-19 16:17:53.443,16000,665.452,8.436015330496,658.241,97.603,12988.947
2026-05-19 16:17:53.556,16250,677.813,8.918946603935,669.617,105.086,12751.791
2026-05-19 16:17:53.557,16500,676.479,8.747233814292,668.611,102.876,12909.674
2026-05-19 16:17:53.669,16750,652.076,8.871182734837,644.276,100.559,13068.465
2026-05-19 16:17:53.784,17000,659.893,9.563741537656,650.719,109.632,12913.746
2026-05-19 16:17:53.897,17250,651.55,9.49257056192,642.625,107.445,12736.312
2026-05-19 16:17:54.013,17500,676.559,9.150616980124,667.949,107.593,12786.628
2026-05-19 16:17:54.013,17750,660.745,9.916649305119,650.873,113.79,12759.779
2026-05-19 16:17:54.129,18000,660.912,10.250586130991,650.318,117.607,12756.57
2026-05-19 16:17:54.235,18250,659.197,9.561993910632,649.998,109.487,12455.043
2026-05-19 16:17:54.345,18500,665.443,9.976624044243,655.381,115.286,12550.956
2026-05-19 16:17:54.345,18750,656.228,10.786738926887,644.632,122.816,12727.215
2026-05-19 16:17:54.459,19000,665.736,11.623322298259,652.084,134.13,12545.442
2026-05-19 16:17:54.574,19250,649.649,12.128334123972,635.143,136.465,12535.809
2026-05-19 16:17:54.697,19500,662.442,9.835000170302,652.706,113.153,12201.072
2026-05-19 16:17:54.698,19750,649.55,10.846526157052,637.94,122.209,12443.698
2026-05-19 16:17:54.812,20000,646.789,12.000335180742,632.654,134.479,12496.347
2026-05-19 16:17:54.915,20250,651.849,12.533871187465,636.289,141.489,12399.838
2026-05-19 16:17:54.916,20500,629.541,12.497490981813,614.624,136.231,12527.324
2026-05-19 16:17:55.031,20750,657.828,11.498984303801,644.621,131.117,12219.036
2026-05-19 16:17:55.145,21000,644.699,12.037987686389,630.521,134.458,12215.004
2026-05-19 16:17:55.145,21250,637.657,12.812239927102,621.753,141.396,12350.553
2026-05-19 16:17:55.257,21500,641.921,13.761444469712,623.495,152.7,12267.856
2026-05-19 16:17:55.369,21750,634.582,13.558843237387,616.896,148.774,12120.784
2026-05-19 16:17:55.369,22000,656.513,13.256051620327,639.02,150.54,11975.324
2026-05-19 16:17:55.485,22250,656.513,13.256051620327,639.02,150.54,11975.324
2026-05-19 16:17:55.599,22500,648.566,12.963214929895,632.037,145.49,11838.163
2026-05-19 16:17:55.599,22750,644.198,14.434622740916,623.862,160.582,11918.434
2026-05-19 16:17:55.710,23000,629.112,13.042878999294,612.882,141.978,11918.434
2026-05-19 16:17:55.710,23250,635.812,14.093146516866,616.675,154.82,11792.834
2026-05-19 16:17:55.814,23500,635.812,14.093146516866,616.675,154.82,11792.834
2026-05-19 16:17:55.929,23750,629.312,13.916922397317,610.838,151.359,11665.575
2026-05-19 16:17:55.929,24000,651.648,13.826057524658,632.767,155.728,11542.905
2026-05-19 16:17:56.032,24250,648.755,11.812254399565,635.017,132.804,11341.531
2026-05-19 16:17:56.145,24500,644.594,13.618983086113,626.444,151.794,11414.923
2026-05-19 16:17:56.145,24750,644.594,13.618983086113,626.444,151.794,11414.923
2026-05-19 16:17:56.249,25000,636.292,13.077404886129,619.79,143.972,11325.417
2026-05-19 16:17:56.249,25250,638.608,13.534548088658,620.838,149.474,11284.549
2026-05-19 16:17:56.355,25500,635.703,12.337625527196,621.022,135.808,11098.919
2026-05-19 16:17:56.355,25750,644.024,13.458282250786,626.339,149.872,10955.239
2026-05-19 16:17:56.469,26000,646.455,13.366455476345,628.943,149.446,10913.413
2026-05-19 16:17:56.585,26250,634.97,11.941035082767,621.23,131.378,10913.413
2026-05-19 16:17:56.585,26500,647.88,13.292851399396,630.47,148.907,10696.769
2026-05-19 16:17:56.700,26750,633.512,12.799408280175,617.743,140.359,10720.528
2026-05-19 16:17:56.701,27000,647.065,12.048677301561,632.81,135.07,10495.881
2026-05-19 16:17:56.816,27250,652.488,13.315430147344,634.947,150.276,10408.646
2026-05-19 16:17:56.817,27500,640.006,11.578088135794,626.983,128.451,10408.646
2026-05-19 16:17:56.930,27750,643.25,12.4010623834,628.192,138.161,10356.328
2026-05-19 16:17:56.930,28000,647.345,10.576535941504,636.347,118.819,10087.764
2026-05-19 16:17:57.033,28250,651.2,11.592984131762,637.887,130.876,10028.14
2026-05-19 16:17:57.034,28500,668.343,11.388637620341,655.184,131.973,9770.828
2026-05-19 16:17:57.151,28750,662.3,11.058345710305,650.002,127.035,9692.569
2026-05-19 16:17:57.151,29000,680.76,10.573745729134,669.201,124.92,9429.725
2026-05-19 16:17:57.268,29250,646.473,12.281804789536,631.679,137.501,9753.401
2026-05-19 16:17:57.269,29500,675.878,10.680397477638,664.108,125.28,9328.208
2026-05-19 16:17:57.384,29750,696.996,11.196106763137,683.731,135.334,9045.46
2026-05-19 16:17:57.384,30000,685.05,9.053662924275,676.515,107.799,9045.46
2026-05-19 16:17:57.489,30250,710.474,10.414199508756,698.77,128.427,8721.77
2026-05-19 16:17:57.489,30500,703.833,9.882156051756,693.39,120.793,8667.367
2026-05-19 16:17:57.593,30750,703.833,9.882156051756,693.39,120.793,8667.367
2026-05-19 16:17:57.594,31000,729.801,11.281640834646,715.7,142.772,8358.959
2026-05-19 16:17:57.719,31250,718.266,8.822451057555,709.768,110.163,8358.959
2026-05-19 16:17:57.719,31500,721.984,10.605524736896,709.65,132.878,8315.916
2026-05-19 16:17:57.720,31750,721.984,10.605524736896,709.65,132.878,8315.916
2026-05-19 16:17:57.834,32000,698.982,10.787497695928,686.629,130.826,8150.448
2026-05-19 16:17:57.834,32250,698.982,10.787497695928,686.629,130.826,8150.448
2026-05-19 16:17:57.946,32500,681.405,10.179786587346,670.678,120.43,8254.334
2026-05-19 16:17:57.946,32750,692.352,10.100651149121,681.621,121.423,8123.823
2026-05-19 16:17:58.049,33000,693.869,11.840155233589,679.106,142.369,8106.062
2026-05-19 16:17:58.050,33250,708.896,9.171630368671,699.833,112.993,7847.494
2026-05-19 16:17:58.169,33500,709.874,11.033115636341,696.753,135.853,7836.682
2026-05-19 16:17:58.169,33750,709.874,11.033115636341,696.753,135.853,7836.682
2026-05-19 16:17:58.284,34000,703.39,8.379910638435,695.88,102.509,7836.682
2026-05-19 16:17:58.284,34250,672.057,11.748813040367,657.977,136.845,7836.352
2026-05-19 16:17:58.285,34500,695.388,11.79756284123,680.699,142.175,7573.434
2026-05-19 16:17:58.400,34750,689.141,11.048746114132,676.367,132.07,7584.66
2026-05-19 16:17:58.400,35000,689.141,11.048746114132,676.367,132.07,7584.66
2026-05-19 16:17:58.503,35250,688.773,11.444398976268,675.016,136.641,7588.722
2026-05-19 16:17:58.503,35500,707.427,10.572990935413,695.417,129.804,7351.148
2026-05-19 16:17:58.618,35750,675.193,10.810802651826,663.21,126.644,7351.148
2026-05-19 16:17:58.618,36000,672.563,12.750561704903,655.978,148.439,7379.893
2026-05-19 16:17:58.619,36250,670.341,9.869929926236,660.419,114.905,7379.893
2026-05-19 16:17:58.729,36500,695.214,10.597740590844,683.281,127.818,7115.902
2026-05-19 16:17:58.730,36750,691.889,12.34463666694,675.892,147.92,7150.05
2026-05-19 16:17:58.845,37000,691.819,7.841828501533,685.35,94.391,7150.05
2026-05-19 16:17:58.845,37250,657.478,7.728020965289,651.507,88.412,7150.05
2026-05-19 16:17:58.846,37500,676.063,10.157701201567,665.466,119.229,6953.496
2026-05-19 16:17:58.955,37750,676.063,10.157701201567,665.466,119.229,6953.496
2026-05-19 16:17:58.955,38000,678.553,7.032038876734,673.449,83.071,6953.496
2026-05-19 16:17:59.069,38250,672.998,9.003546959045,664.706,105.321,7010.893
2026-05-19 16:17:59.069,38500,696.744,9.524001090821,687.14,115.284,6771.954
2026-05-19 16:17:59.070,38750,663.777,5.944597386677,660.207,68.745,6771.954
2026-05-19 16:17:59.184,39000,656.856,8.040234124673,650.399,91.873,6843.309
2026-05-19 16:17:59.184,39250,666.86,8.308125983749,659.84,96.427,6742.905
2026-05-19 16:17:59.185,39500,681.866,8.709963772362,674.002,103.257,6592.3
2026-05-19 16:17:59.299,39750,688.68,5.64549072619,685.339,67.748,6592.3
2026-05-19 16:17:59.300,40000,641.366,7.302753063179,636.163,81.525,6686.555
2026-05-19 16:17:59.416,40250,662.441,7.99262332117,656.006,92.11,6473.826
2026-05-19 16:17:59.416,40500,662.441,7.99262332117,656.006,92.11,6473.826
2026-05-19 16:17:59.417,40750,662.441,7.99262332117,656.006,92.11,6473.826
2026-05-19 16:17:59.530,41000,698.935,5.381555876635,695.855,65.552,6232.339
2026-05-19 16:17:59.531,41250,658.839,6.860984372709,654.121,78.705,6333.95
2026-05-19 16:17:59.531,41500,658.839,6.860984372709,654.121,78.705,6333.95
2026-05-19 16:17:59.645,41750,683.119,7.79698731103,676.804,92.674,6108.821
2026-05-19 16:17:59.645,42000,696.144,4.578237086643,693.923,55.566,6108.821
2026-05-19 16:17:59.750,42250,696.144,4.578237086643,693.923,55.566,6108.821
2026-05-19 16:17:59.750,42500,683.127,4.370893837436,681.14,52.063,5878.243
2026-05-19 16:17:59.750,42750,670.393,6.498406258521,666.086,75.872,5989.9
2026-05-19 16:17:59.869,43000,670.393,6.498406258521,666.086,75.872,5989.9
2026-05-19 16:17:59.870,43250,711.546,4.488301783594,709.364,55.682,5776.334
2026-05-19 16:17:59.870,43500,711.546,4.488301783594,709.364,55.682,5776.334
2026-05-19 16:17:59.984,43750,671.265,2.905808788588,670.402,34.029,5776.334
2026-05-19 16:17:59.984,44000,676.532,3.15720363853,675.473,37.351,5732.723
2026-05-19 16:17:59.985,44250,681.556,6.345395372185,677.38,75.327,5689.117
2026-05-19 16:18:00.100,44500,681.556,6.345395372185,677.38,75.327,5689.117
2026-05-19 16:18:00.100,44750,719.294,3.968509980664,717.5,49.952,5557.13
2026-05-19 16:18:00.101,45000,691.199,2.701680771284,690.431,32.58,5469.138
2026-05-19 16:18:00.204,45250,691.199,2.701680771284,690.431,32.58,5469.138
2026-05-19 16:18:00.205,45500,691.199,2.701680771284,690.431,32.58,5469.138
2026-05-19 16:18:00.205,45750,719.623,4.305275352727,717.592,54.022,5253.117
2026-05-19 16:18:00.319,46000,681.325,2.32738859169,680.763,27.668,5253.117
2026-05-19 16:18:00.320,46250,693.37,0.776216146027,693.307,9.393,5398.146
2026-05-19 16:18:00.320,46500,713.591,2.078493241294,713.121,25.881,5245.182
2026-05-19 16:18:00.431,46750,713.591,2.078493241294,713.121,25.881,5245.182
2026-05-19 16:18:00.431,47000,713.591,2.078493241294,713.121,25.881,5245.182
2026-05-19 16:18:00.431,47250,703.359,1.546106573568,703.103,18.978,5046.496
2026-05-19 16:18:00.546,47500,703.359,1.546106573568,703.103,18.978,5046.496
2026-05-19 16:18:00.547,47750,703.359,1.546106573568,703.103,18.978,5046.496
2026-05-19 16:18:00.547,48000,731.77,3.577998794431,730.343,45.668,4850.57
2026-05-19 16:18:00.660,48250,731.77,3.577998794431,730.343,45.668,4850.57
2026-05-19 16:18:00.662,48500,730.424,-2.130370559661,729.919,-27.152,4850.57
2026-05-19 16:18:00.662,48750,730.424,2.130370559661,729.919,27.152,4850.57
2026-05-19 16:18:00.769,49000,730.424,2.130370559661,729.919,27.152,4850.57
2026-05-19 16:18:00.769,49250,755.652,4.307248500975,753.518,56.753,4688.632
2026-05-19 16:18:00.770,49500,717.872,1.206511908056,717.713,15.116,4688.632
2026-05-19 16:18:00.884,49750,717.872,1.206511908056,717.713,15.116,4688.632
2026-05-19 16:18:00.884,50000,717.872,1.206511908056,717.713,15.116,4688.632
2026-05-19 16:18:00.884,50250,743.178,3.614848867846,741.699,46.857,4528.98
2026-05-19 16:18:00.885,50500,743.178,3.614848867846,741.699,46.857,4528.98
2026-05-19 16:18:00.989,50750,743.178,3.614848867846,741.699,46.857,4528.98
2026-05-19 16:18:00.989,51000,745.487,-2.737080263799,744.636,-35.599,4528.98
2026-05-19 16:18:00.990,51250,770.801,-0.200183809024,770.797,-2.693,4380.24
2026-05-19 16:18:01.104,51500,770.801,-0.200183809024,770.797,-2.693,4380.24
2026-05-19 16:18:01.104,51750,770.801,-0.200183809024,770.797,-2.693,4380.24
2026-05-19 16:18:01.105,52000,776.202,0.378033254038,776.023,5.337,4350.588
2026-05-19 16:18:01.215,52250,764.528,-0.96498674906,764.42,-12.876,4231.978
2026-05-19 16:18:01.216,52500,764.528,-0.96498674906,764.42,-12.876,4231.978
2026-05-19 16:18:01.216,52750,764.528,-0.96498674906,764.42,-12.876,4231.978
2026-05-19 16:18:01.217,53000,792.729,2.468692288184,791.993,34.146,4081.427
2026-05-19 16:18:01.330,53250,792.729,2.468692288184,791.993,34.146,4081.427
2026-05-19 16:18:01.330,53500,792.729,2.468692288184,791.993,34.146,4081.427
2026-05-19 16:18:01.331,53750,763.088,-1.311068106816,762.888,-17.46,4081.427
2026-05-19 16:18:01.447,54000,772.398,-0.004953064067,772.095,0.25,4033.106
2026-05-19 16:18:01.448,54250,786.363,1.954219500056,785.906,26.816,3960.624
2026-05-19 16:18:01.448,54500,786.363,1.954219500056,785.906,26.816,3960.624
2026-05-19 16:18:01.448,54750,786.363,1.954219500056,785.906,26.816,3960.624
2026-05-19 16:18:01.568,55000,786.363,1.954219500056,785.906,26.816,3960.624
2026-05-19 16:18:01.569,55250,807.257,5.248496428853,803.872,73.844,3858.112
2026-05-19 16:18:01.570,55500,778.862,1.046230596484,778.732,14.221,3858.112
2026-05-19 16:18:01.672,55750,778.862,1.046230596484,778.732,14.221,3858.112
2026-05-19 16:18:01.673,56000,778.862,1.046230596484,778.732,14.221,3858.112
2026-05-19 16:18:01.673,56250,778.862,1.046230596484,778.732,14.221,3858.112
2026-05-19 16:18:01.785,56500,778.862,1.046230596484,778.732,14.221,3858.112
2026-05-19 16:18:01.785,56750,797.833,4.622963174789,795.237,64.304,3766.372
2026-05-19 16:18:01.786,57000,797.833,4.622963174789,795.237,64.304,3766.372
2026-05-19 16:18:01.786,57250,797.833,4.622963174789,795.237,64.304,3766.372
2026-05-19 16:18:01.888,57500,797.833,4.622963174789,795.237,64.304,3766.372
2026-05-19 16:18:01.889,57750,797.833,4.622963174789,795.237,64.304,3766.372
2026-05-19 16:18:01.889,58000,797.833,4.622963174789,795.237,64.304,3766.372
2026-05-19 16:18:02.005,58250,788.738,3.804466545564,787.0,52.334,3684.696
2026-05-19 16:18:02.005,58500,852.053,2.340504006856,851.342,34.796,3684.696
2026-05-19 16:18:02.006,58750,865.659,6.169069140534,860.646,93.026,3626.782
2026-05-19 16:18:02.006,59000,865.659,6.169069140534,860.646,93.026,3626.782
2026-05-19 16:18:02.120,59250,847.65,1.799164361755,847.232,26.613,3626.782
2026-05-19 16:18:02.120,59500,847.65,1.799164361755,847.232,26.613,3626.782
2026-05-19 16:18:02.120,59750,847.65,1.799164361755,847.232,26.613,3626.782
2026-05-19 16:18:02.235,60000,793.776,5.335892599035,789.893,73.976,3661.531
2026-05-19 16:18:02.236,60250,801.333,7.633031679241,794.233,106.439,3626.782
2026-05-19 16:18:02.236,60500,860.552,6.776537655338,854.54,101.543,3377.207
2026-05-19 16:18:02.237,60750,860.552,6.776537655338,854.54,101.543,3377.207
2026-05-19 16:18:02.345,61000,860.552,6.776537655338,854.54,101.543,3377.207
2026-05-19 16:18:02.345,61250,860.552,6.776537655338,854.54,101.543,3377.207
2026-05-19 16:18:02.346,61500,860.552,6.776537655338,854.54,101.543,3377.207
2026-05-19 16:18:02.346,61750,860.552,6.776537655338,854.54,101.543,3377.207
2026-05-19 16:18:02.449,62000,860.552,6.776537655338,854.54,101.543,3377.207
2026-05-19 16:18:02.449,62250,860.552,6.776537655338,854.54,101.543,3377.207
2026-05-19 16:18:02.450,62500,860.552,6.776537655338,854.54,101.543,3377.207
2026-05-19 16:18:02.450,62750,860.552,6.776537655338,854.54,101.543,3377.207
2026-05-19 16:18:02.569,63000,857.443,5.9586792149,852.448,89.158,3389.63
2026-05-19 16:18:02.569,63250,793.217,8.464985041542,784.575,116.765,3377.207
2026-05-19 16:18:02.570,63500,793.217,8.464985041542,784.575,116.765,3377.207
2026-05-19 16:18:02.570,63750,793.217,8.464985041542,784.575,116.765,3377.207
2026-05-19 16:18:02.684,64000,793.217,8.464985041542,784.575,116.765,3377.207
2026-05-19 16:18:02.684,64250,793.217,8.464985041542,784.575,116.765,3377.207
2026-05-19 16:18:02.685,64500,793.217,8.464985041542,784.575,116.765,3377.207
2026-05-19 16:18:02.685,64750,853.088,7.52231470369,845.747,111.68,3140.187
2026-05-19 16:18:02.800,65000,853.088,7.52231470369,845.747,111.68,3140.187
2026-05-19 16:18:02.801,65250,853.088,7.52231470369,845.747,111.68,3140.187
2026-05-19 16:18:02.801,65500,849.539,6.648333747934,843.413,98.531,3153.529
2026-05-19 16:18:02.801,65750,835.341,3.152409924911,834.077,45.937,3206.9
2026-05-19 16:18:02.905,66000,835.341,3.152409924911,834.077,45.937,3206.9
2026-05-19 16:18:02.905,66250,835.341,3.152409924911,834.077,45.937,3206.9
2026-05-19 16:18:02.906,66500,835.341,3.152409924911,834.077,45.937,3206.9
2026-05-19 16:18:02.906,66750,835.341,3.152409924911,834.077,45.937,3206.9
2026-05-19 16:18:03.014,67000,835.341,3.152409924911,834.077,45.937,3206.9
2026-05-19 16:18:03.014,67250,760.787,5.294168888362,757.542,70.197,3206.9
2026-05-19 16:18:03.015,67500,760.787,5.294168888362,757.542,70.197,3206.9
2026-05-19 16:18:03.015,67750,760.787,5.294168888362,757.542,70.197,3206.9
2026-05-19 16:18:03.130,68000,764.02,6.168149844118,759.218,82.243,3193.558
2026-05-19 16:18:03.131,68250,760.787,5.294168888362,757.542,70.197,3206.9
2026-05-19 16:18:03.131,68500,760.787,5.294168888362,757.542,70.197,3206.9
2026-05-19 16:18:03.132,68750,821.858,3.830206349655,820.022,54.9,2968.602
2026-05-19 16:18:03.248,69000,821.858,3.830206349655,820.022,54.9,2968.602
2026-05-19 16:18:03.249,69250,861.184,9.397957012713,849.625,140.623,2968.602
2026-05-19 16:18:03.250,69500,861.184,9.397957012713,849.625,140.623,2968.602
2026-05-19 16:18:03.250,69750,861.184,9.397957012713,849.625,140.623,2968.602
2026-05-19 16:18:03.369,70000,861.184,9.397957012713,849.625,140.623,2968.602
2026-05-19 16:18:03.369,70250,861.184,9.397957012713,849.625,140.623,2968.602
2026-05-19 16:18:03.370,70500,861.184,9.397957012713,849.625,140.623,2968.602
2026-05-19 16:18:03.370,70750,861.184,9.397957012713,849.625,140.623,2968.602
2026-05-19 16:18:03.370,71000,861.184,9.397957012713,849.625,140.623,2968.602
2026-05-19 16:18:03.489,71250,861.184,9.397957012713,849.625,140.623,2968.602
2026-05-19 16:18:03.490,71500,861.184,9.397957012713,849.625,140.623,2968.602
2026-05-19 16:18:03.491,71750,861.184,9.397957012713,849.625,140.623,2968.602
2026-05-19 16:18:03.492,72000,734.391,6.742693581464,729.311,86.225,2968.602
2026-05-19 16:18:03.598,72250,778.15,12.766084195971,758.914,171.949,2968.602
2026-05-19 16:18:03.599,72500,778.15,12.766084195971,758.914,171.949,2968.602
2026-05-19 16:18:03.599,72750,734.391,6.742693581464,729.311,86.225,2968.602
2026-05-19 16:18:03.600,73000,752.696,11.441198515189,737.74,149.306,2896.405
2026-05-19 16:18:03.716,73250,766.21,11.177184056936,751.691,148.274,2848.688
2026-05-19 16:18:03.717,73500,820.264,10.121126223922,807.499,144.145,2657.82
2026-05-19 16:18:03.717,73750,820.264,10.121126223922,807.499,144.145,2657.82
2026-05-19 16:18:03.718,74000,820.264,10.121126223922,807.499,144.145,2657.82
2026-05-19 16:18:03.832,74250,820.264,10.121126223922,807.499,144.145,2657.82
2026-05-19 16:18:03.833,74500,820.264,10.121126223922,807.499,144.145,2657.82
2026-05-19 16:18:03.833,74750,820.264,10.121126223922,807.499,144.145,2657.82
2026-05-19 16:18:03.833,75000,820.264,10.121126223922,807.499,144.145,2657.82
2026-05-19 16:18:03.949,75250,820.264,10.121126223922,807.499,144.145,2657.82
2026-05-19 16:18:03.949,75500,796.732,5.05424619526,793.634,70.191,2736.319
2026-05-19 16:18:03.950,75750,796.732,5.05424619526,793.634,70.191,2736.319
2026-05-19 16:18:03.950,76000,796.732,5.05424619526,793.634,70.191,2736.319
2026-05-19 16:18:03.951,76250,796.732,5.05424619526,793.634,70.191,2736.319
2026-05-19 16:18:04.069,76500,796.732,5.05424619526,793.634,70.191,2736.319
2026-05-19 16:18:04.069,76750,796.732,5.05424619526,793.634,70.191,2736.319
2026-05-19 16:18:04.069,77000,796.732,5.05424619526,793.634,70.191,2736.319
2026-05-19 16:18:04.070,77250,796.732,5.05424619526,793.634,70.191,2736.319
2026-05-19 16:18:04.070,77500,796.732,5.05424619526,793.634,70.191,2736.319
2026-05-19 16:18:04.071,77750,731.32,12.343176204872,713.911,156.535,2673.519
2026-05-19 16:18:04.184,78000,735.54,13.356552210605,715.645,169.917,2657.82
2026-05-19 16:18:04.184,78250,812.643,11.664130888513,795.862,164.295,2405.648
2026-05-19 16:18:04.185,78500,812.643,11.664130888513,795.862,164.295,2405.648
2026-05-19 16:18:04.185,78750,812.643,11.664130888513,795.862,164.295,2405.648
2026-05-19 16:18:04.186,79000,812.643,11.664130888513,795.862,164.295,2405.648
2026-05-19 16:18:04.299,79250,812.643,11.664130888513,795.862,164.295,2405.648
2026-05-19 16:18:04.299,79500,812.643,11.664130888513,795.862,164.295,2405.648
2026-05-19 16:18:04.300,79750,812.643,11.664130888513,795.862,164.295,2405.648
2026-05-19 16:18:04.300,80000,812.643,11.664130888513,795.862,164.295,2405.648
2026-05-19 16:18:04.301,80250,812.643,11.664130888513,795.862,164.295,2405.648
2026-05-19 16:18:04.416,80500,812.643,11.664130888513,795.862,164.295,2405.648
2026-05-19 16:18:04.416,80750,812.643,11.664130888513,795.862,164.295,2405.648
2026-05-19 16:18:04.417,81000,812.643,11.664130888513,795.862,164.295,2405.648
2026-05-19 16:18:04.417,81250,812.643,11.664130888513,795.862,164.295,2405.648
2026-05-19 16:18:04.418,81500,812.643,11.664130888513,795.862,164.295,2405.648
2026-05-19 16:18:04.530,81750,812.643,11.664130888513,795.862,164.295,2405.648
2026-05-19 16:18:04.530,82000,768.284,4.988331185097,765.374,66.805,2405.648
2026-05-19 16:18:04.531,82250,768.284,4.988331185097,765.374,66.805,2405.648
2026-05-19 16:18:04.531,82500,828.017,3.58595396363,826.296,50.806,2240.069
2026-05-19 16:18:04.532,82750,867.839,2.651035815985,866.91,40.14,2129.683
2026-05-19 16:18:04.635,83000,867.839,2.651035815985,866.91,40.14,2129.683
2026-05-19 16:18:04.635,83250,867.839,2.651035815985,866.91,40.14,2129.683
2026-05-19 16:18:04.636,83500,764.048,5.891081463675,760.013,78.42,2129.683
2026-05-19 16:18:04.636,83750,764.048,5.891081463675,760.013,78.42,2129.683
2026-05-19 16:18:04.746,84000,764.048,5.891081463675,760.013,78.42,2129.683
2026-05-19 16:18:04.746,84250,764.048,5.891081463675,760.013,78.42,2129.683
2026-05-19 16:18:04.747,84500,764.048,5.891081463675,760.013,78.42,2129.683
2026-05-19 16:18:04.747,84750,764.048,5.891081463675,760.013,78.42,2129.683
2026-05-19 16:18:04.748,85000,764.048,5.891081463675,760.013,78.42,2129.683
2026-05-19 16:18:04.861,85250,764.048,5.891081463675,760.013,78.42,2129.683
2026-05-19 16:18:04.861,85500,764.048,5.891081463675,760.013,78.42,2129.683
2026-05-19 16:18:04.862,85750,764.048,5.891081463675,760.013,78.42,2129.683
2026-05-19 16:18:04.862,86000,764.048,5.891081463675,760.013,78.42,2129.683
2026-05-19 16:18:04.863,86250,769.526,7.274471221744,762.36,97.826,2114.942
2026-05-19 16:18:04.969,86500,764.048,5.891081463675,760.013,78.42,2129.683
2026-05-19 16:18:04.969,86750,842.342,3.770252810887,840.433,54.656,1936.23
2026-05-19 16:18:04.970,87000,901.829,10.987589334819,885.297,171.885,1804.312
2026-05-19 16:18:04.970,87250,901.829,10.987589334819,885.297,171.885,1804.312
2026-05-19 16:18:04.971,87500,901.829,10.987589334819,885.297,171.885,1804.312
2026-05-19 16:18:05.079,87750,901.829,10.987589334819,885.297,171.885,1804.312
2026-05-19 16:18:05.080,88000,901.829,10.987589334819,885.297,171.885,1804.312
2026-05-19 16:18:05.080,88250,901.829,10.987589334819,885.297,171.885,1804.312
2026-05-19 16:18:05.080,88500,901.829,10.987589334819,885.297,171.885,1804.312
2026-05-19 16:18:05.189,88750,901.829,10.987589334819,885.297,171.885,1804.312
2026-05-19 16:18:05.189,89000,901.829,10.987589334819,885.297,171.885,1804.312
2026-05-19 16:18:05.190,89250,779.34,15.386092209961,751.408,206.776,1804.312
2026-05-19 16:18:05.190,89500,779.34,15.386092209961,751.408,206.776,1804.312
2026-05-19 16:18:05.191,89750,779.34,15.386092209961,751.408,206.776,1804.312
2026-05-19 16:18:05.298,90000,779.34,15.386092209961,751.408,206.776,1804.312
2026-05-19 16:18:05.299,90250,779.34,15.386092209961,751.408,206.776,1804.312
2026-05-19 16:18:05.299,90500,718.713,5.484098642271,715.423,68.687,1804.312
2026-05-19 16:18:05.300,90750,718.713,5.484098642271,715.423,68.687,1804.312
2026-05-19 16:18:05.300,91000,718.713,5.484098642271,715.423,68.687,1804.312
2026-05-19 16:18:05.408,91250,827.804,3.205361053526,826.509,46.287,1566.533
2026-05-19 16:18:05.409,91500,827.804,3.205361053526,826.509,46.287,1566.533
2026-05-19 16:18:05.409,91750,827.804,3.205361053526,826.509,46.287,1566.533
2026-05-19 16:18:05.409,92000,827.804,3.205361053526,826.509,46.287,1566.533
2026-05-19 16:18:05.410,92250,827.804,3.205361053526,826.509,46.287,1566.533
2026-05-19 16:18:05.517,92500,827.804,3.205361053526,826.509,46.287,1566.533
2026-05-19 16:18:05.518,92750,827.804,3.205361053526,826.509,46.287,1566.533
2026-05-19 16:18:05.518,93000,827.804,3.205361053526,826.509,46.287,1566.533
2026-05-19 16:18:05.518,93250,827.804,3.205361053526,826.509,46.287,1566.533
2026-05-19 16:18:05.627,93500,827.804,3.205361053526,826.509,46.287,1566.533
2026-05-19 16:18:05.627,93750,827.804,3.205361053526,826.509,46.287,1566.533
2026-05-19 16:18:05.628,94000,827.804,3.205361053526,826.509,46.287,1566.533
2026-05-19 16:18:05.628,94250,827.804,3.205361053526,826.509,46.287,1566.533
2026-05-19 16:18:05.629,94500,827.804,3.205361053526,826.509,46.287,1566.533
2026-05-19 16:18:05.736,94750,827.804,3.205361053526,826.509,46.287,1566.533
2026-05-19 16:18:05.737,95000,827.804,3.205361053526,826.509,46.287,1566.533
2026-05-19 16:18:05.737,95250,827.804,3.205361053526,826.509,46.287,1566.533
2026-05-19 16:18:05.737,95500,669.01,8.267779619867,662.057,96.203,1566.533
2026-05-19 16:18:05.738,95750,669.01,8.267779619867,662.057,96.203,1566.533
2026-05-19 16:18:05.847,96000,669.01,8.267779619867,662.057,96.203,1566.533
2026-05-19 16:18:05.847,96250,791.203,5.062418566341,788.117,69.817,1324.598
2026-05-19 16:18:05.848,96500,791.203,5.062418566341,788.117,69.817,1324.598
2026-05-19 16:18:05.848,96750,799.484,7.325704411699,790.257,102.81,1311.425
2026-05-19 16:18:05.849,97000,832.607,16.378847793135,798.818,234.785,1258.73
2026-05-19 16:18:05.956,97250,832.607,16.378847793135,798.818,234.785,1258.73
2026-05-19 16:18:05.957,97500,832.607,16.378847793135,798.818,234.785,1258.73
2026-05-19 16:18:05.957,97750,832.607,16.378847793135,798.818,234.785,1258.73
2026-05-19 16:18:05.958,98000,832.607,16.378847793135,798.818,234.785,1258.73
2026-05-19 16:18:05.958,98250,832.607,16.378847793135,798.818,234.785,1258.73
2026-05-19 16:18:06.065,98500,832.607,16.378847793135,798.818,234.785,1258.73
2026-05-19 16:18:06.065,98750,832.607,16.378847793135,798.818,234.785,1258.73
2026-05-19 16:18:06.066,99000,832.607,16.378847793135,798.818,234.785,1258.73
2026-05-19 16:18:06.067,99250,832.607,16.378847793135,798.818,234.785,1258.73
2026-05-19 16:18:06.174,99500,832.607,16.378847793135,798.818,234.785,1258.73
2026-05-19 16:18:06.175,99750,832.607,16.378847793135,798.818,234.785,1258.73
2026-05-19 16:18:06.176,100000,832.607,16.378847793135,798.818,234.785,1258.73
2026-05-19 16:18:06.718,10000,676.595,2.193113133438,676.099,25.892,13436.845
2026-05-19 16:18:06.826,10250,672.796,3.246101893262,671.716,38.097,13512.721
2026-05-19 16:18:07.044,10500,669.816,4.030930227573,668.159,47.085,13572.828
2026-05-19 16:18:07.153,10750,669.816,4.030930227573,668.159,47.085,13572.828
2026-05-19 16:18:07.260,11000,682.179,3.867251604389,680.626,46.01,13425.153
2026-05-19 16:18:07.479,11250,659.557,4.47084467103,657.55,51.414,13516.261
2026-05-19 16:18:07.587,11500,659.557,4.47084467103,657.55,51.414,13516.261
2026-05-19 16:18:07.697,11750,662.69,4.06011576921,661.023,46.933,13560.092
2026-05-19 16:18:07.806,12000,668.293,5.150496652961,665.581,59.98,13445.834
2026-05-19 16:18:07.915,12250,667.359,5.342002153657,664.46,62.131,13464.562
2026-05-19 16:18:08.023,12500,677.646,5.221257549015,674.821,61.707,13377.265
2026-05-19 16:18:08.241,12750,679.703,6.236507649743,675.667,73.822,13335.126
2026-05-19 16:18:08.350,13000,661.562,5.911221567776,658.045,68.133,13356.182
2026-05-19 16:18:08.459,13250,679.285,4.948338021807,676.753,58.593,13130.481
2026-05-19 16:18:08.568,13500,669.073,6.64685684961,664.565,77.431,13331.009
2026-05-19 16:18:08.688,13750,676.86,7.22557833495,671.478,85.148,13178.091
2026-05-19 16:18:08.804,14000,662.251,6.216578852822,658.357,71.713,13262.358
2026-05-19 16:18:08.909,14250,666.887,6.444726525331,662.662,74.881,13171.11
2026-05-19 16:18:09.022,14500,668.691,7.531042052755,662.911,87.623,13134.818
2026-05-19 16:18:09.135,14750,663.45,8.273209138076,656.528,95.438,13238.71
2026-05-19 16:18:09.136,15000,678.877,7.664701462365,672.811,90.546,13092.484
2026-05-19 16:18:09.246,15250,664.585,8.173387470456,657.835,94.463,13168.9
2026-05-19 16:18:09.349,15500,671.723,8.879386811079,663.673,103.684,13027.306
2026-05-19 16:18:09.468,15750,672.782,8.314741776578,665.71,97.291,13172.201
2026-05-19 16:18:09.589,16000,667.033,8.249491775298,660.131,95.708,12957.866
2026-05-19 16:18:09.705,16250,677.813,8.918946603935,669.617,105.086,12751.791
2026-05-19 16:18:09.816,16500,676.479,8.747233814292,668.611,102.876,12909.674
2026-05-19 16:18:09.817,16750,652.076,8.871182734837,644.276,100.559,13068.465
2026-05-19 16:18:09.929,17000,660.734,9.473691605546,651.722,108.753,12897.225
2026-05-19 16:18:10.039,17250,652.407,9.402080461751,643.64,106.573,12719.54
2026-05-19 16:18:10.151,17500,676.559,9.150616980124,667.949,107.593,12786.628
2026-05-19 16:18:10.269,17750,660.745,9.916649305119,650.873,113.79,12759.779
2026-05-19 16:18:10.270,18000,660.745,9.916649305119,650.873,113.79,12759.779
2026-05-19 16:18:10.382,18250,659.197,9.561993910632,649.998,109.487,12455.043
2026-05-19 16:18:10.489,18500,665.443,9.976624044243,655.381,115.286,12550.956
2026-05-19 16:18:10.600,18750,656.228,10.786738926887,644.632,122.816,12727.215
2026-05-19 16:18:10.600,19000,665.736,11.623322298259,652.084,134.13,12545.442
2026-05-19 16:18:10.708,19250,649.649,12.128334123972,635.143,136.465,12535.809
2026-05-19 16:18:10.817,19500,662.442,9.835000170302,652.706,113.153,12201.072
2026-05-19 16:18:10.927,19750,651.534,10.69250009151,640.222,120.884,12405.335
2026-05-19 16:18:10.928,20000,646.789,12.000335180742,632.654,134.479,12496.347
2026-05-19 16:18:11.036,20250,651.849,12.533871187465,636.289,141.489,12399.838
2026-05-19 16:18:11.147,20500,629.541,12.497490981813,614.624,136.231,12527.324
2026-05-19 16:18:11.256,20750,657.828,11.498984303801,644.621,131.117,12219.036
2026-05-19 16:18:11.256,21000,644.699,12.037987686389,630.521,134.458,12215.004
2026-05-19 16:18:11.365,21250,636.051,12.610735531787,620.704,138.844,12381.642
2026-05-19 16:18:11.474,21500,641.921,13.761444469712,623.495,152.7,12267.856
2026-05-19 16:18:11.475,21750,634.582,13.558843237387,616.896,148.774,12120.784
2026-05-19 16:18:11.585,22000,656.513,13.256051620327,639.02,150.54,11975.324
2026-05-19 16:18:11.694,22250,656.513,13.256051620327,639.02,150.54,11975.324
2026-05-19 16:18:11.694,22500,648.566,12.963214929895,632.037,145.49,11838.163
2026-05-19 16:18:11.803,22750,644.198,14.434622740916,623.862,160.582,11918.434
2026-05-19 16:18:11.912,23000,629.112,13.042878999294,612.882,141.978,11918.434
2026-05-19 16:18:11.912,23250,635.812,14.093146516866,616.675,154.82,11792.834
2026-05-19 16:18:12.022,23500,635.812,14.093146516866,616.675,154.82,11792.834
2026-05-19 16:18:12.022,23750,629.312,13.916922397317,610.838,151.359,11665.575
2026-05-19 16:18:12.131,24000,651.648,13.826057524658,632.767,155.728,11542.905
2026-05-19 16:18:12.241,24250,648.755,11.812254399565,635.017,132.804,11341.531
2026-05-19 16:18:12.242,24500,644.594,13.618983086113,626.444,151.794,11414.923
2026-05-19 16:18:12.352,24750,644.594,13.618983086113,626.444,151.794,11414.923
2026-05-19 16:18:12.352,25000,636.292,13.077404886129,619.79,143.972,11325.417
2026-05-19 16:18:12.460,25250,637.45,13.305976487394,620.314,146.723,11304.983
2026-05-19 16:18:12.569,25500,638.068,12.242105243358,623.558,135.282,11057.475
2026-05-19 16:18:12.570,25750,644.024,13.458282250786,626.339,149.872,10955.239
2026-05-19 16:18:12.679,26000,646.455,13.366455476345,628.943,149.446,10913.413
2026-05-19 16:18:12.679,26250,634.97,11.941035082767,621.23,131.378,10913.413
2026-05-19 16:18:12.788,26500,648.973,13.54114043419,630.876,151.871,10678.425
2026-05-19 16:18:12.789,26750,633.512,12.799408280175,617.743,140.359,10720.528
2026-05-19 16:18:12.897,27000,647.065,12.048677301561,632.81,135.07,10495.881
2026-05-19 16:18:12.897,27250,652.488,13.315430147344,634.947,150.276,10408.646
2026-05-19 16:18:13.006,27500,640.006,11.578088135794,626.983,128.451,10408.646
2026-05-19 16:18:13.115,27750,643.25,12.4010623834,628.192,138.161,10356.328
2026-05-19 16:18:13.115,28000,647.345,10.576535941504,636.347,118.819,10087.764
2026-05-19 16:18:13.224,28250,651.2,11.592984131762,637.887,130.876,10028.14
2026-05-19 16:18:13.225,28500,668.343,11.388637620341,655.184,131.973,9770.828
2026-05-19 16:18:13.335,28750,662.3,11.058345710305,650.002,127.035,9692.569
2026-05-19 16:18:13.336,29000,688.212,10.377345729456,676.957,123.864,9331.862
2026-05-19 16:18:13.444,29250,646.473,12.281804789536,631.679,137.501,9753.401
2026-05-19 16:18:13.445,29500,673.049,11.064546256959,660.476,129.127,9368.311
2026-05-19 16:18:13.553,29750,696.996,11.196106763137,683.731,135.334,9045.46
2026-05-19 16:18:13.553,30000,685.05,9.053662924275,676.515,107.799,9045.46
2026-05-19 16:18:13.668,30250,710.474,10.414199508756,698.77,128.427,8721.77
2026-05-19 16:18:13.669,30500,703.833,9.882156051756,693.39,120.793,8667.367
2026-05-19 16:18:13.780,30750,703.833,9.882156051756,693.39,120.793,8667.367
2026-05-19 16:18:13.781,31000,729.801,11.281640834646,715.7,142.772,8358.959
2026-05-19 16:18:13.884,31250,718.266,8.822451057555,709.768,110.163,8358.959
2026-05-19 16:18:13.884,31500,721.984,10.605524736896,709.65,132.878,8315.916
2026-05-19 16:18:14.000,31750,721.984,10.605524736896,709.65,132.878,8315.916
2026-05-19 16:18:14.001,32000,698.982,10.787497695928,686.629,130.826,8150.448
2026-05-19 16:18:14.104,32250,698.982,10.787497695928,686.629,130.826,8150.448
2026-05-19 16:18:14.105,32500,681.405,10.179786587346,670.678,120.43,8254.334
2026-05-19 16:18:14.213,32750,692.352,10.100651149121,681.621,121.423,8123.823
2026-05-19 16:18:14.214,33000,693.869,11.840155233589,679.106,142.369,8106.062
2026-05-19 16:18:14.214,33250,708.896,9.171630368671,699.833,112.993,7847.494
2026-05-19 16:18:14.330,33500,709.874,11.033115636341,696.753,135.853,7836.682
2026-05-19 16:18:14.331,33750,709.874,11.033115636341,696.753,135.853,7836.682
2026-05-19 16:18:14.446,34000,703.39,8.379910638435,695.88,102.509,7836.682
2026-05-19 16:18:14.446,34250,672.057,11.748813040367,657.977,136.845,7836.352
2026-05-19 16:18:14.447,34500,695.388,11.79756284123,680.699,142.175,7573.434
2026-05-19 16:18:14.569,34750,689.141,11.048746114132,676.367,132.07,7584.66
2026-05-19 16:18:14.569,35000,689.141,11.048746114132,676.367,132.07,7584.66
2026-05-19 16:18:14.684,35250,689.141,11.048746114132,676.367,132.07,7584.66
2026-05-19 16:18:14.684,35500,707.427,10.572990935413,695.417,129.804,7351.148
2026-05-19 16:18:14.685,35750,675.193,10.810802651826,663.21,126.644,7351.148
2026-05-19 16:18:14.798,36000,672.563,12.750561704903,655.978,148.439,7379.893
2026-05-19 16:18:14.799,36250,670.341,9.869929926236,660.419,114.905,7379.893
2026-05-19 16:18:14.903,36500,695.214,10.597740590844,683.281,127.818,7115.902
2026-05-19 16:18:14.903,36750,691.889,12.34463666694,675.892,147.92,7150.05
2026-05-19 16:18:15.014,37000,691.819,7.841828501533,685.35,94.391,7150.05
2026-05-19 16:18:15.015,37250,657.478,7.728020965289,651.507,88.412,7150.05
2026-05-19 16:18:15.015,37500,676.063,10.157701201567,665.466,119.229,6953.496
2026-05-19 16:18:15.119,37750,676.063,10.157701201567,665.466,119.229,6953.496
2026-05-19 16:18:15.119,38000,678.553,7.032038876734,673.449,83.071,6953.496
2026-05-19 16:18:15.230,38250,672.998,9.003546959045,664.706,105.321,7010.893
2026-05-19 16:18:15.230,38500,696.744,9.524001090821,687.14,115.284,6771.954
2026-05-19 16:18:15.231,38750,663.777,5.944597386677,660.207,68.745,6771.954
2026-05-19 16:18:15.336,39000,656.856,8.040234124673,650.399,91.873,6843.309
2026-05-19 16:18:15.337,39250,671.862,8.442071913287,664.561,98.703,6692.704
2026-05-19 16:18:15.444,39500,681.866,8.709963772362,674.002,103.257,6592.3
2026-05-19 16:18:15.445,39750,688.68,5.64549072619,685.339,67.748,6592.3
2026-05-19 16:18:15.445,40000,641.366,7.302753063179,636.163,81.525,6686.555
2026-05-19 16:18:15.568,40250,662.441,7.99262332117,656.006,92.11,6473.826
2026-05-19 16:18:15.569,40500,662.441,7.99262332117,656.006,92.11,6473.826
2026-05-19 16:18:15.569,40750,662.441,7.99262332117,656.006,92.11,6473.826
2026-05-19 16:18:15.677,41000,698.935,5.381555876635,695.855,65.552,6232.339
2026-05-19 16:18:15.677,41250,658.839,6.860984372709,654.121,78.705,6333.95
2026-05-19 16:18:15.783,41500,658.839,6.860984372709,654.121,78.705,6333.95
2026-05-19 16:18:15.784,41750,683.119,7.79698731103,676.804,92.674,6108.821
2026-05-19 16:18:15.784,42000,696.144,4.578237086643,693.923,55.566,6108.821
2026-05-19 16:18:15.900,42250,696.144,4.578237086643,693.923,55.566,6108.821
2026-05-19 16:18:15.900,42500,683.127,4.370893837436,681.14,52.063,5878.243
2026-05-19 16:18:16.004,42750,670.393,6.498406258521,666.086,75.872,5989.9
2026-05-19 16:18:16.004,43000,670.393,6.498406258521,666.086,75.872,5989.9
2026-05-19 16:18:16.005,43250,711.546,4.488301783594,709.364,55.682,5776.334
2026-05-19 16:18:16.109,43500,711.546,4.488301783594,709.364,55.682,5776.334
2026-05-19 16:18:16.110,43750,671.265,2.905808788588,670.402,34.029,5776.334
2026-05-19 16:18:16.110,44000,676.532,3.15720363853,675.473,37.351,5732.723
2026-05-19 16:18:16.220,44250,681.556,6.345395372185,677.38,75.327,5689.117
2026-05-19 16:18:16.220,44500,681.556,6.345395372185,677.38,75.327,5689.117
2026-05-19 16:18:16.221,44750,724.944,4.264644052448,722.89,54.023,5513.134
2026-05-19 16:18:16.331,45000,691.199,2.701680771284,690.431,32.58,5469.138
2026-05-19 16:18:16.331,45250,691.199,2.701680771284,690.431,32.58,5469.138
2026-05-19 16:18:16.332,45500,691.199,2.701680771284,690.431,32.58,5469.138
2026-05-19 16:18:16.447,45750,719.623,4.305275352727,717.592,54.022,5253.117
2026-05-19 16:18:16.448,46000,681.325,2.32738859169,680.763,27.668,5253.117
2026-05-19 16:18:16.448,46250,693.37,0.776216146027,693.307,9.393,5398.146
2026-05-19 16:18:16.557,46500,713.591,2.078493241294,713.121,25.881,5245.182
2026-05-19 16:18:16.557,46750,713.591,2.078493241294,713.121,25.881,5245.182
2026-05-19 16:18:16.558,47000,713.591,2.078493241294,713.121,25.881,5245.182
2026-05-19 16:18:16.669,47250,703.359,1.546106573568,703.103,18.978,5046.496
2026-05-19 16:18:16.670,47500,703.359,1.546106573568,703.103,18.978,5046.496
2026-05-19 16:18:16.670,47750,703.359,1.546106573568,703.103,18.978,5046.496
2026-05-19 16:18:16.784,48000,731.77,3.577998794431,730.343,45.668,4850.57
2026-05-19 16:18:16.785,48250,731.77,3.577998794431,730.343,45.668,4850.57
2026-05-19 16:18:16.785,48500,730.424,-2.130370559661,729.919,-27.152,4850.57
2026-05-19 16:18:16.901,48750,730.424,2.130370559661,729.919,27.152,4850.57
2026-05-19 16:18:16.902,49000,730.424,2.130370559661,729.919,27.152,4850.57
2026-05-19 16:18:16.902,49250,755.652,4.307248500975,753.518,56.753,4688.632
2026-05-19 16:18:17.005,49500,717.872,1.206511908056,717.713,15.116,4688.632
2026-05-19 16:18:17.006,49750,717.872,1.206511908056,717.713,15.116,4688.632
2026-05-19 16:18:17.006,50000,717.872,1.206511908056,717.713,15.116,4688.632
2026-05-19 16:18:17.115,50250,743.178,3.614848867846,741.699,46.857,4528.98
2026-05-19 16:18:17.115,50500,743.178,3.614848867846,741.699,46.857,4528.98
2026-05-19 16:18:17.116,50750,743.178,3.614848867846,741.699,46.857,4528.98
2026-05-19 16:18:17.231,51000,745.487,-2.737080263799,744.636,-35.599,4528.98
2026-05-19 16:18:17.232,51250,770.801,-0.200183809024,770.797,-2.693,4380.24
2026-05-19 16:18:17.232,51500,770.801,-0.200183809024,770.797,-2.693,4380.24
2026-05-19 16:18:17.335,51750,770.801,-0.200183809024,770.797,-2.693,4380.24
2026-05-19 16:18:17.336,52000,770.801,-0.200183809024,770.797,-2.693,4380.24
2026-05-19 16:18:17.336,52250,764.528,-0.96498674906,764.42,-12.876,4231.978
2026-05-19 16:18:17.336,52500,764.528,-0.96498674906,764.42,-12.876,4231.978
2026-05-19 16:18:17.453,52750,764.528,-0.96498674906,764.42,-12.876,4231.978
2026-05-19 16:18:17.453,53000,792.729,2.468692288184,791.993,34.146,4081.427
2026-05-19 16:18:17.454,53250,792.729,2.468692288184,791.993,34.146,4081.427
2026-05-19 16:18:17.569,53500,792.729,2.468692288184,791.993,34.146,4081.427
2026-05-19 16:18:17.569,53750,763.088,-1.311068106816,762.888,-17.46,4081.427
2026-05-19 16:18:17.570,54000,772.398,-0.004953064067,772.095,0.25,4033.106
2026-05-19 16:18:17.570,54250,786.363,1.954219500056,785.906,26.816,3960.624
2026-05-19 16:18:17.684,54500,786.363,1.954219500056,785.906,26.816,3960.624
2026-05-19 16:18:17.685,54750,786.363,1.954219500056,785.906,26.816,3960.624
2026-05-19 16:18:17.685,55000,786.363,1.954219500056,785.906,26.816,3960.624
2026-05-19 16:18:17.789,55250,807.257,5.248496428853,803.872,73.844,3858.112
2026-05-19 16:18:17.789,55500,778.862,1.046230596484,778.732,14.221,3858.112
2026-05-19 16:18:17.790,55750,778.862,1.046230596484,778.732,14.221,3858.112
2026-05-19 16:18:17.904,56000,778.862,1.046230596484,778.732,14.221,3858.112
2026-05-19 16:18:17.905,56250,778.862,1.046230596484,778.732,14.221,3858.112
2026-05-19 16:18:17.905,56500,778.862,1.046230596484,778.732,14.221,3858.112
2026-05-19 16:18:17.905,56750,797.833,4.622963174789,795.237,64.304,3766.372
2026-05-19 16:18:18.016,57000,797.833,4.622963174789,795.237,64.304,3766.372
2026-05-19 16:18:18.016,57250,797.833,4.622963174789,795.237,64.304,3766.372
2026-05-19 16:18:18.017,57500,797.833,4.622963174789,795.237,64.304,3766.372
2026-05-19 16:18:18.134,57750,797.833,4.622963174789,795.237,64.304,3766.372
2026-05-19 16:18:18.134,58000,797.833,4.622963174789,795.237,64.304,3766.372
2026-05-19 16:18:18.135,58250,788.738,3.804466545564,787.0,52.334,3684.696
2026-05-19 16:18:18.135,58500,852.053,2.340504006856,851.342,34.796,3684.696
2026-05-19 16:18:18.245,58750,865.659,6.169069140534,860.646,93.026,3626.782
2026-05-19 16:18:18.245,59000,865.659,6.169069140534,860.646,93.026,3626.782
2026-05-19 16:18:18.246,59250,847.65,1.799164361755,847.232,26.613,3626.782
2026-05-19 16:18:18.369,59500,847.65,1.799164361755,847.232,26.613,3626.782
2026-05-19 16:18:18.369,59750,847.65,1.799164361755,847.232,26.613,3626.782
2026-05-19 16:18:18.370,60000,796.295,6.10160562577,791.34,84.797,3649.948
2026-05-19 16:18:18.370,60250,801.333,7.633031679241,794.233,106.439,3626.782
2026-05-19 16:18:18.489,60500,860.552,6.776537655338,854.54,101.543,3377.207
2026-05-19 16:18:18.489,60750,860.552,6.776537655338,854.54,101.543,3377.207
2026-05-19 16:18:18.490,61000,860.552,6.776537655338,854.54,101.543,3377.207
2026-05-19 16:18:18.490,61250,860.552,6.776537655338,854.54,101.543,3377.207
2026-05-19 16:18:18.600,61500,860.552,6.776537655338,854.54,101.543,3377.207
2026-05-19 16:18:18.600,61750,860.552,6.776537655338,854.54,101.543,3377.207
2026-05-19 16:18:18.601,62000,860.552,6.776537655338,854.54,101.543,3377.207
2026-05-19 16:18:18.601,62250,860.552,6.776537655338,854.54,101.543,3377.207
2026-05-19 16:18:18.715,62500,860.552,6.776537655338,854.54,101.543,3377.207
2026-05-19 16:18:18.715,62750,860.552,6.776537655338,854.54,101.543,3377.207
2026-05-19 16:18:18.716,63000,860.552,6.776537655338,854.54,101.543,3377.207
2026-05-19 16:18:18.716,63250,793.217,8.464985041542,784.575,116.765,3377.207
2026-05-19 16:18:18.819,63500,793.217,8.464985041542,784.575,116.765,3377.207
2026-05-19 16:18:18.819,63750,793.217,8.464985041542,784.575,116.765,3377.207
2026-05-19 16:18:18.820,64000,793.217,8.464985041542,784.575,116.765,3377.207
2026-05-19 16:18:18.820,64250,793.217,8.464985041542,784.575,116.765,3377.207
2026-05-19 16:18:18.939,64500,793.217,8.464985041542,784.575,116.765,3377.207
2026-05-19 16:18:18.940,64750,853.088,7.52231470369,845.747,111.68,3140.187
2026-05-19 16:18:18.941,65000,853.088,7.52231470369,845.747,111.68,3140.187
2026-05-19 16:18:18.941,65250,853.088,7.52231470369,845.747,111.68,3140.187
2026-05-19 16:18:18.942,65500,849.539,6.648333747934,843.413,98.531,3153.529
2026-05-19 16:18:19.050,65750,835.341,3.152409924911,834.077,45.937,3206.9
2026-05-19 16:18:19.051,66000,835.341,3.152409924911,834.077,45.937,3206.9
2026-05-19 16:18:19.051,66250,835.341,3.152409924911,834.077,45.937,3206.9
2026-05-19 16:18:19.170,66500,835.341,3.152409924911,834.077,45.937,3206.9
2026-05-19 16:18:19.171,66750,835.341,3.152409924911,834.077,45.937,3206.9
2026-05-19 16:18:19.171,67000,835.341,3.152409924911,834.077,45.937,3206.9
2026-05-19 16:18:19.172,67250,760.787,5.294168888362,757.542,70.197,3206.9
2026-05-19 16:18:19.172,67500,760.787,5.294168888362,757.542,70.197,3206.9
2026-05-19 16:18:19.283,67750,760.787,5.294168888362,757.542,70.197,3206.9
2026-05-19 16:18:19.284,68000,764.02,6.168149844118,759.218,82.243,3193.558
2026-05-19 16:18:19.284,68250,760.787,5.294168888362,757.542,70.197,3206.9
2026-05-19 16:18:19.285,68500,760.787,5.294168888362,757.542,70.197,3206.9
2026-05-19 16:18:19.401,68750,821.858,3.830206349655,820.022,54.9,2968.602
2026-05-19 16:18:19.401,69000,821.858,3.830206349655,820.022,54.9,2968.602
2026-05-19 16:18:19.401,69250,861.184,9.397957012713,849.625,140.623,2968.602
2026-05-19 16:18:19.402,69500,861.184,9.397957012713,849.625,140.623,2968.602
2026-05-19 16:18:19.515,69750,861.184,9.397957012713,849.625,140.623,2968.602
2026-05-19 16:18:19.516,70000,861.184,9.397957012713,849.625,140.623,2968.602
2026-05-19 16:18:19.516,70250,861.184,9.397957012713,849.625,140.623,2968.602
2026-05-19 16:18:19.517,70500,861.184,9.397957012713,849.625,140.623,2968.602
2026-05-19 16:18:19.632,70750,861.184,9.397957012713,849.625,140.623,2968.602
2026-05-19 16:18:19.632,71000,861.184,9.397957012713,849.625,140.623,2968.602
2026-05-19 16:18:19.633,71250,861.184,9.397957012713,849.625,140.623,2968.602
2026-05-19 16:18:19.633,71500,861.184,9.397957012713,849.625,140.623,2968.602
2026-05-19 16:18:19.746,71750,861.184,9.397957012713,849.625,140.623,2968.602
2026-05-19 16:18:19.746,72000,734.391,6.742693581464,729.311,86.225,2968.602
2026-05-19 16:18:19.747,72250,778.15,12.766084195971,758.914,171.949,2968.602
2026-05-19 16:18:19.747,72500,778.15,12.766084195971,758.914,171.949,2968.602
2026-05-19 16:18:19.854,72750,734.391,6.742693581464,729.311,86.225,2968.602
2026-05-19 16:18:19.854,73000,752.696,11.441198515189,737.74,149.306,2896.405
2026-05-19 16:18:19.855,73250,766.21,11.177184056936,751.691,148.274,2848.688
2026-05-19 16:18:19.855,73500,820.264,10.121126223922,807.499,144.145,2657.82
2026-05-19 16:18:19.971,73750,820.264,10.121126223922,807.499,144.145,2657.82
2026-05-19 16:18:19.971,74000,820.264,10.121126223922,807.499,144.145,2657.82
2026-05-19 16:18:19.972,74250,820.264,10.121126223922,807.499,144.145,2657.82
2026-05-19 16:18:19.972,74500,820.264,10.121126223922,807.499,144.145,2657.82
2026-05-19 16:18:20.089,74750,820.264,10.121126223922,807.499,144.145,2657.82
2026-05-19 16:18:20.090,75000,820.264,10.121126223922,807.499,144.145,2657.82
2026-05-19 16:18:20.090,75250,820.264,10.121126223922,807.499,144.145,2657.82
2026-05-19 16:18:20.090,75500,796.732,5.05424619526,793.634,70.191,2736.319
2026-05-19 16:18:20.095,75750,796.732,5.05424619526,793.634,70.191,2736.319
2026-05-19 16:18:20.210,76000,796.732,5.05424619526,793.634,70.191,2736.319
2026-05-19 16:18:20.210,76250,796.732,5.05424619526,793.634,70.191,2736.319
2026-05-19 16:18:20.211,76500,796.732,5.05424619526,793.634,70.191,2736.319
2026-05-19 16:18:20.211,76750,796.732,5.05424619526,793.634,70.191,2736.319
2026-05-19 16:18:20.211,77000,796.732,5.05424619526,793.634,70.191,2736.319
2026-05-19 16:18:20.314,77250,796.732,5.05424619526,793.634,70.191,2736.319
2026-05-19 16:18:20.315,77500,796.732,5.05424619526,793.634,70.191,2736.319
2026-05-19 16:18:20.315,77750,727.1,11.32980019914,712.176,143.153,2689.219
2026-05-19 16:18:20.316,78000,735.54,13.356552210605,715.645,169.917,2657.82
2026-05-19 16:18:20.316,78250,812.643,11.664130888513,795.862,164.295,2405.648
2026-05-19 16:18:20.431,78500,812.643,11.664130888513,795.862,164.295,2405.648
2026-05-19 16:18:20.431,78750,812.643,11.664130888513,795.862,164.295,2405.648
2026-05-19 16:18:20.432,79000,812.643,11.664130888513,795.862,164.295,2405.648
2026-05-19 16:18:20.432,79250,812.643,11.664130888513,795.862,164.295,2405.648
2026-05-19 16:18:20.433,79500,812.643,11.664130888513,795.862,164.295,2405.648
2026-05-19 16:18:20.546,79750,812.643,11.664130888513,795.862,164.295,2405.648
2026-05-19 16:18:20.546,80000,812.643,11.664130888513,795.862,164.295,2405.648
2026-05-19 16:18:20.547,80250,812.643,11.664130888513,795.862,164.295,2405.648
2026-05-19 16:18:20.547,80500,812.643,11.664130888513,795.862,164.295,2405.648
2026-05-19 16:18:20.548,80750,812.643,11.664130888513,795.862,164.295,2405.648
2026-05-19 16:18:20.659,81000,812.643,11.664130888513,795.862,164.295,2405.648
2026-05-19 16:18:20.659,81250,812.643,11.664130888513,795.862,164.295,2405.648
2026-05-19 16:18:20.659,81500,812.643,11.664130888513,795.862,164.295,2405.648
2026-05-19 16:18:20.660,81750,812.643,11.664130888513,795.862,164.295,2405.648
2026-05-19 16:18:20.660,82000,768.284,4.988331185097,765.374,66.805,2405.648
2026-05-19 16:18:20.768,82250,768.284,4.988331185097,765.374,66.805,2405.648
2026-05-19 16:18:20.769,82500,808.106,4.053413037452,805.989,56.139,2295.262
2026-05-19 16:18:20.769,82750,867.839,2.651035815985,866.91,40.14,2129.683
2026-05-19 16:18:20.770,83000,867.839,2.651035815985,866.91,40.14,2129.683
2026-05-19 16:18:20.884,83250,867.839,2.651035815985,866.91,40.14,2129.683
2026-05-19 16:18:20.884,83500,764.048,5.891081463675,760.013,78.42,2129.683
2026-05-19 16:18:20.885,83750,764.048,5.891081463675,760.013,78.42,2129.683
2026-05-19 16:18:20.885,84000,764.048,5.891081463675,760.013,78.42,2129.683
2026-05-19 16:18:20.885,84250,764.048,5.891081463675,760.013,78.42,2129.683
2026-05-19 16:18:20.989,84500,764.048,5.891081463675,760.013,78.42,2129.683
2026-05-19 16:18:20.989,84750,764.048,5.891081463675,760.013,78.42,2129.683
2026-05-19 16:18:20.990,85000,764.048,5.891081463675,760.013,78.42,2129.683
2026-05-19 16:18:20.990,85250,764.048,5.891081463675,760.013,78.42,2129.683
2026-05-19 16:18:20.991,85500,764.048,5.891081463675,760.013,78.42,2129.683
2026-05-19 16:18:21.099,85750,764.048,5.891081463675,760.013,78.42,2129.683
2026-05-19 16:18:21.099,86000,764.048,5.891081463675,760.013,78.42,2129.683
2026-05-19 16:18:21.100,86250,769.526,7.274471221744,762.36,97.826,2114.942
2026-05-19 16:18:21.100,86500,764.048,5.891081463675,760.013,78.42,2129.683
2026-05-19 16:18:21.100,86750,822.768,4.300459974084,820.328,60.597,1984.593
2026-05-19 16:18:21.214,87000,901.829,10.987589334819,885.297,171.885,1804.312
2026-05-19 16:18:21.214,87250,901.829,10.987589334819,885.297,171.885,1804.312
2026-05-19 16:18:21.214,87500,901.829,10.987589334819,885.297,171.885,1804.312
2026-05-19 16:18:21.215,87750,901.829,10.987589334819,885.297,171.885,1804.312
2026-05-19 16:18:21.215,88000,901.829,10.987589334819,885.297,171.885,1804.312
2026-05-19 16:18:21.321,88250,901.829,10.987589334819,885.297,171.885,1804.312
2026-05-19 16:18:21.322,88500,901.829,10.987589334819,885.297,171.885,1804.312
2026-05-19 16:18:21.322,88750,901.829,10.987589334819,885.297,171.885,1804.312
2026-05-19 16:18:21.322,89000,901.829,10.987589334819,885.297,171.885,1804.312
2026-05-19 16:18:21.431,89250,779.34,15.386092209961,751.408,206.776,1804.312
2026-05-19 16:18:21.431,89500,779.34,15.386092209961,751.408,206.776,1804.312
2026-05-19 16:18:21.432,89750,779.34,15.386092209961,751.408,206.776,1804.312
2026-05-19 16:18:21.432,90000,779.34,15.386092209961,751.408,206.776,1804.312
2026-05-19 16:18:21.433,90250,779.34,15.386092209961,751.408,206.776,1804.312
2026-05-19 16:18:21.549,90500,718.713,5.484098642271,715.423,68.687,1804.312
2026-05-19 16:18:21.550,90750,718.713,5.484098642271,715.423,68.687,1804.312
2026-05-19 16:18:21.550,91000,718.713,5.484098642271,715.423,68.687,1804.312
2026-05-19 16:18:21.551,91250,827.804,3.205361053526,826.509,46.287,1566.533
2026-05-19 16:18:21.551,91500,827.804,3.205361053526,826.509,46.287,1566.533
2026-05-19 16:18:21.669,91750,827.804,3.205361053526,826.509,46.287,1566.533
2026-05-19 16:18:21.669,92000,827.804,3.205361053526,826.509,46.287,1566.533
2026-05-19 16:18:21.670,92250,827.804,3.205361053526,826.509,46.287,1566.533
2026-05-19 16:18:21.670,92500,827.804,3.205361053526,826.509,46.287,1566.533
2026-05-19 16:18:21.670,92750,827.804,3.205361053526,826.509,46.287,1566.533
2026-05-19 16:18:21.784,93000,827.804,3.205361053526,826.509,46.287,1566.533
2026-05-19 16:18:21.784,93250,827.804,3.205361053526,826.509,46.287,1566.533
2026-05-19 16:18:21.785,93500,827.804,3.205361053526,826.509,46.287,1566.533
2026-05-19 16:18:21.785,93750,827.804,3.205361053526,826.509,46.287,1566.533
2026-05-19 16:18:21.786,94000,827.804,3.205361053526,826.509,46.287,1566.533
2026-05-19 16:18:21.786,94250,827.804,3.205361053526,826.509,46.287,1566.533
2026-05-19 16:18:21.889,94500,827.804,3.205361053526,826.509,46.287,1566.533
2026-05-19 16:18:21.889,94750,827.804,3.205361053526,826.509,46.287,1566.533
2026-05-19 16:18:21.890,95000,827.804,3.205361053526,826.509,46.287,1566.533
2026-05-19 16:18:21.890,95250,827.804,3.205361053526,826.509,46.287,1566.533
2026-05-19 16:18:22.007,95500,669.01,8.267779619867,662.057,96.203,1566.533
2026-05-19 16:18:22.007,95750,669.01,8.267779619867,662.057,96.203,1566.533
2026-05-19 16:18:22.008,96000,669.01,8.267779619867,662.057,96.203,1566.533
2026-05-19 16:18:22.008,96250,791.203,5.062418566341,788.117,69.817,1324.598
2026-05-19 16:18:22.008,96500,791.203,5.062418566341,788.117,69.817,1324.598
2026-05-19 16:18:22.123,96750,799.484,7.325704411699,790.257,102.81,1311.425
2026-05-19 16:18:22.124,97000,832.607,16.378847793135,798.818,234.785,1258.73
2026-05-19 16:18:22.124,97250,832.607,16.378847793135,798.818,234.785,1258.73
2026-05-19 16:18:22.125,97500,832.607,16.378847793135,798.818,234.785,1258.73
2026-05-19 16:18:22.125,97750,832.607,16.378847793135,798.818,234.785,1258.73
2026-05-19 16:18:22.229,98000,832.607,16.378847793135,798.818,234.785,1258.73
2026-05-19 16:18:22.230,98250,832.607,16.378847793135,798.818,234.785,1258.73
2026-05-19 16:18:22.230,98500,832.607,16.378847793135,798.818,234.785,1258.73
2026-05-19 16:18:22.231,98750,832.607,16.378847793135,798.818,234.785,1258.73
2026-05-19 16:18:22.231,99000,832.607,16.378847793135,798.818,234.785,1258.73
2026-05-19 16:18:22.346,99250,832.607,16.378847793135,798.818,234.785,1258.73
2026-05-19 16:18:22.346,99500,832.607,16.378847793135,798.818,234.785,1258.73
2026-05-19 16:18:22.346,99750,832.607,16.378847793135,798.818,234.785,1258.73
2026-05-19 16:18:22.347,100000,832.607,16.378847793135,798.818,234.785,1258.73
2026-05-19 16:18:22.910,10000,676.595,2.193113133438,676.099,25.892,13436.845
2026-05-19 16:18:23.028,10250,672.796,3.246101893262,671.716,38.097,13512.721
2026-05-19 16:18:23.256,10500,669.816,4.030930227573,668.159,47.085,13572.828
2026-05-19 16:18:23.368,10750,669.816,4.030930227573,668.159,47.085,13572.828
2026-05-19 16:18:23.489,11000,682.179,3.867251604389,680.626,46.01,13425.153
2026-05-19 16:18:23.605,11250,660.452,4.260966877589,658.61,49.057,13498.039
2026-05-19 16:18:23.715,11500,659.557,4.47084467103,657.55,51.414,13516.261
2026-05-19 16:18:23.942,11750,662.69,4.06011576921,661.023,46.933,13560.092
2026-05-19 16:18:24.051,12000,668.293,5.150496652961,665.581,59.98,13445.834
2026-05-19 16:18:24.163,12250,667.359,5.342002153657,664.46,62.131,13464.562
2026-05-19 16:18:24.279,12500,677.646,5.221257549015,674.821,61.707,13377.265
2026-05-19 16:18:24.399,12750,679.703,6.236507649743,675.667,73.822,13335.126
2026-05-19 16:18:24.514,13000,661.562,5.911221567776,658.045,68.133,13356.182
2026-05-19 16:18:24.619,13250,679.285,4.948338021807,676.753,58.593,13130.481
2026-05-19 16:18:24.725,13500,669.073,6.64685684961,664.565,77.431,13331.009
2026-05-19 16:18:24.839,13750,676.86,7.22557833495,671.478,85.148,13178.091
2026-05-19 16:18:24.952,14000,662.251,6.216578852822,658.357,71.713,13262.358
2026-05-19 16:18:25.069,14250,664.569,6.330652689077,660.509,73.297,13216.734
2026-05-19 16:18:25.175,14500,668.691,7.531042052755,662.911,87.623,13134.818
2026-05-19 16:18:25.298,14750,663.45,8.273209138076,656.528,95.438,13238.71
2026-05-19 16:18:25.413,15000,678.877,7.664701462365,672.811,90.546,13092.484
2026-05-19 16:18:25.530,15250,664.585,8.173387470456,657.835,94.463,13168.9
2026-05-19 16:18:25.530,15500,671.723,8.879386811079,663.673,103.684,13027.306
2026-05-19 16:18:25.645,15750,672.782,8.314741776578,665.71,97.291,13172.201
2026-05-19 16:18:25.759,16000,665.452,8.436015330496,658.241,97.603,12988.947
2026-05-19 16:18:25.863,16250,677.813,8.918946603935,669.617,105.086,12751.791
2026-05-19 16:18:25.969,16500,676.479,8.747233814292,668.611,102.876,12909.674
2026-05-19 16:18:26.090,16750,652.076,8.871182734837,644.276,100.559,13068.465
2026-05-19 16:18:26.200,17000,660.734,9.473691605546,651.722,108.753,12897.225
2026-05-19 16:18:26.200,17250,651.55,9.49257056192,642.625,107.445,12736.312
2026-05-19 16:18:26.304,17500,676.559,9.150616980124,667.949,107.593,12786.628
2026-05-19 16:18:26.414,17750,660.745,9.916649305119,650.873,113.79,12759.779
2026-05-19 16:18:26.526,18000,658.943,10.090620331848,648.742,115.427,12795.063
2026-05-19 16:18:26.634,18250,659.405,9.908475780222,649.526,113.475,12451.156
2026-05-19 16:18:26.634,18500,665.443,9.976624044243,655.381,115.286,12550.956
2026-05-19 16:18:26.744,18750,656.228,10.786738926887,644.632,122.816,12727.215
2026-05-19 16:18:26.857,19000,665.736,11.623322298259,652.084,134.13,12545.442
2026-05-19 16:18:26.968,19250,647.541,12.300296178985,632.676,137.949,12576.098
2026-05-19 16:18:26.968,19500,662.442,9.835000170302,652.706,113.153,12201.072
2026-05-19 16:18:27.084,19750,651.534,10.69250009151,640.222,120.884,12405.335
2026-05-19 16:18:27.199,20000,646.789,12.000335180742,632.654,134.479,12496.347
2026-05-19 16:18:27.200,20250,651.849,12.533871187465,636.289,141.489,12399.838
2026-05-19 16:18:27.304,20500,629.541,12.497490981813,614.624,136.231,12527.324
2026-05-19 16:18:27.415,20750,655.756,11.641407290708,642.262,132.29,12257.883
2026-05-19 16:18:27.531,21000,644.699,12.037987686389,630.521,134.458,12215.004
2026-05-19 16:18:27.531,21250,633.889,12.753922493137,618.249,139.94,12423.301
2026-05-19 16:18:27.646,21500,641.921,13.761444469712,623.495,152.7,12267.856
2026-05-19 16:18:27.757,21750,634.582,13.558843237387,616.896,148.774,12120.784
2026-05-19 16:18:27.757,22000,656.513,13.256051620327,639.02,150.54,11975.324
2026-05-19 16:18:27.869,22250,656.513,13.256051620327,639.02,150.54,11975.324
2026-05-19 16:18:27.869,22500,648.566,12.963214929895,632.037,145.49,11838.163
2026-05-19 16:18:27.976,22750,644.198,14.434622740916,623.862,160.582,11918.434
2026-05-19 16:18:28.094,23000,629.112,13.042878999294,612.882,141.978,11918.434
2026-05-19 16:18:28.094,23250,635.812,14.093146516866,616.675,154.82,11792.834
2026-05-19 16:18:28.210,23500,635.812,14.093146516866,616.675,154.82,11792.834
2026-05-19 16:18:28.210,23750,629.312,13.916922397317,610.838,151.359,11665.575
2026-05-19 16:18:28.314,24000,651.648,13.826057524658,632.767,155.728,11542.905
2026-05-19 16:18:28.430,24250,648.755,11.812254399565,635.017,132.804,11341.531
2026-05-19 16:18:28.430,24500,643.323,13.383791460782,625.851,148.912,11437.299
2026-05-19 16:18:28.535,24750,644.594,13.618983086113,626.444,151.794,11414.923
2026-05-19 16:18:28.650,25000,636.292,13.077404886129,619.79,143.972,11325.417
2026-05-19 16:18:28.651,25250,637.45,13.305976487394,620.314,146.723,11304.983
2026-05-19 16:18:28.754,25500,640.433,12.146584959521,626.095,134.756,11016.032
2026-05-19 16:18:28.754,25750,641.593,13.550109025227,623.735,150.299,10997.065
2026-05-19 16:18:28.869,26000,646.455,13.366455476345,628.943,149.446,10913.413
2026-05-19 16:18:28.869,26250,634.97,11.941035082767,621.23,131.378,10913.413
2026-05-19 16:18:28.981,26500,648.973,13.54114043419,630.876,151.871,10678.425
2026-05-19 16:18:28.982,26750,631.057,12.883810507224,615.145,140.717,10763.025
2026-05-19 16:18:29.089,27000,647.065,12.048677301561,632.81,135.07,10495.881
2026-05-19 16:18:29.199,27250,651.403,13.062079578187,634.519,147.234,10426.093
2026-05-19 16:18:29.199,27500,640.006,11.578088135794,626.983,128.451,10408.646
2026-05-19 16:18:29.304,27750,643.25,12.4010623834,628.192,138.161,10356.328
2026-05-19 16:18:29.304,28000,647.345,10.576535941504,636.347,118.819,10087.764
2026-05-19 16:18:29.415,28250,651.2,11.592984131762,637.887,130.876,10028.14
2026-05-19 16:18:29.415,28500,668.343,11.388637620341,655.184,131.973,9770.828
2026-05-19 16:18:29.530,28750,662.3,11.058345710305,650.002,127.035,9692.569
2026-05-19 16:18:29.530,29000,688.212,10.377345729456,676.957,123.864,9331.862
2026-05-19 16:18:29.648,29250,646.473,12.281804789536,631.679,137.501,9753.401
2026-05-19 16:18:29.648,29500,673.049,11.064546256959,660.476,129.127,9368.311
2026-05-19 16:18:29.751,29750,696.996,11.196106763137,683.731,135.334,9045.46
2026-05-19 16:18:29.751,30000,685.05,9.053662924275,676.515,107.799,9045.46
2026-05-19 16:18:29.869,30250,710.474,10.414199508756,698.77,128.427,8721.77
2026-05-19 16:18:29.869,30500,703.833,9.882156051756,693.39,120.793,8667.367
2026-05-19 16:18:29.985,30750,703.833,9.882156051756,693.39,120.793,8667.367
2026-05-19 16:18:29.985,31000,729.801,11.281640834646,715.7,142.772,8358.959
2026-05-19 16:18:30.089,31250,718.266,8.822451057555,709.768,110.163,8358.959
2026-05-19 16:18:30.089,31500,721.984,10.605524736896,709.65,132.878,8315.916
2026-05-19 16:18:30.205,31750,721.984,10.605524736896,709.65,132.878,8315.916
2026-05-19 16:18:30.206,32000,698.982,10.787497695928,686.629,130.826,8150.448
2026-05-19 16:18:30.206,32250,698.982,10.787497695928,686.629,130.826,8150.448
2026-05-19 16:18:30.316,32500,681.405,10.179786587346,670.678,120.43,8254.334
2026-05-19 16:18:30.316,32750,692.352,10.100651149121,681.621,121.423,8123.823
2026-05-19 16:18:30.430,33000,693.869,11.840155233589,679.106,142.369,8106.062
2026-05-19 16:18:30.430,33250,708.896,9.171630368671,699.833,112.993,7847.494
2026-05-19 16:18:30.547,33500,709.874,11.033115636341,696.753,135.853,7836.682
2026-05-19 16:18:30.548,33750,709.874,11.033115636341,696.753,135.853,7836.682
2026-05-19 16:18:30.548,34000,703.39,8.379910638435,695.88,102.509,7836.682
2026-05-19 16:18:30.669,34250,672.057,11.748813040367,657.977,136.845,7836.352
2026-05-19 16:18:30.669,34500,695.388,11.79756284123,680.699,142.175,7573.434
2026-05-19 16:18:30.785,34750,689.141,11.048746114132,676.367,132.07,7584.66
2026-05-19 16:18:30.785,35000,689.141,11.048746114132,676.367,132.07,7584.66
2026-05-19 16:18:30.890,35250,689.141,11.048746114132,676.367,132.07,7584.66
2026-05-19 16:18:30.890,35500,707.427,10.572990935413,695.417,129.804,7351.148
2026-05-19 16:18:30.891,35750,675.193,10.810802651826,663.21,126.644,7351.148
2026-05-19 16:18:30.999,36000,672.563,12.750561704903,655.978,148.439,7379.893
2026-05-19 16:18:30.999,36250,670.341,9.869929926236,660.419,114.905,7379.893
2026-05-19 16:18:31.116,36500,695.214,10.597740590844,683.281,127.818,7115.902
2026-05-19 16:18:31.117,36750,691.889,12.34463666694,675.892,147.92,7150.05
2026-05-19 16:18:31.231,37000,691.819,7.841828501533,685.35,94.391,7150.05
2026-05-19 16:18:31.232,37250,657.478,7.728020965289,651.507,88.412,7150.05
2026-05-19 16:18:31.232,37500,676.063,10.157701201567,665.466,119.229,6953.496
2026-05-19 16:18:31.346,37750,676.063,10.157701201567,665.466,119.229,6953.496
2026-05-19 16:18:31.346,38000,678.553,7.032038876734,673.449,83.071,6953.496
2026-05-19 16:18:31.347,38250,672.998,9.003546959045,664.706,105.321,7010.893
2026-05-19 16:18:31.468,38500,696.744,9.524001090821,687.14,115.284,6771.954
2026-05-19 16:18:31.469,38750,663.777,5.944597386677,660.207,68.745,6771.954
2026-05-19 16:18:31.469,39000,656.856,8.040234124673,650.399,91.873,6843.309
2026-05-19 16:18:31.584,39250,666.86,8.308125983749,659.84,96.427,6742.905
2026-05-19 16:18:31.585,39500,681.866,8.709963772362,674.002,103.257,6592.3
2026-05-19 16:18:31.699,39750,688.68,5.64549072619,685.339,67.748,6592.3
2026-05-19 16:18:31.699,40000,641.366,7.302753063179,636.163,81.525,6686.555
2026-05-19 16:18:31.700,40250,662.441,7.99262332117,656.006,92.11,6473.826
2026-05-19 16:18:31.819,40500,662.441,7.99262332117,656.006,92.11,6473.826
2026-05-19 16:18:31.820,40750,662.441,7.99262332117,656.006,92.11,6473.826
2026-05-19 16:18:31.820,41000,698.935,5.381555876635,695.855,65.552,6232.339
2026-05-19 16:18:31.939,41250,658.839,6.860984372709,654.121,78.705,6333.95
2026-05-19 16:18:31.940,41500,658.839,6.860984372709,654.121,78.705,6333.95
2026-05-19 16:18:31.940,41750,683.119,7.79698731103,676.804,92.674,6108.821
2026-05-19 16:18:32.057,42000,696.144,4.578237086643,693.923,55.566,6108.821
2026-05-19 16:18:32.057,42250,696.144,4.578237086643,693.923,55.566,6108.821
2026-05-19 16:18:32.174,42500,683.127,4.370893837436,681.14,52.063,5878.243
2026-05-19 16:18:32.174,42750,670.393,6.498406258521,666.086,75.872,5989.9
2026-05-19 16:18:32.175,43000,670.393,6.498406258521,666.086,75.872,5989.9
2026-05-19 16:18:32.284,43250,711.546,4.488301783594,709.364,55.682,5776.334
2026-05-19 16:18:32.285,43500,711.546,4.488301783594,709.364,55.682,5776.334
2026-05-19 16:18:32.285,43750,671.265,2.905808788588,670.402,34.029,5776.334
2026-05-19 16:18:32.400,44000,676.532,3.15720363853,675.473,37.351,5732.723
2026-05-19 16:18:32.400,44250,681.556,6.345395372185,677.38,75.327,5689.117
2026-05-19 16:18:32.401,44500,681.556,6.345395372185,677.38,75.327,5689.117
2026-05-19 16:18:32.504,44750,724.944,4.264644052448,722.89,54.023,5513.134
2026-05-19 16:18:32.505,45000,691.199,2.701680771284,690.431,32.58,5469.138
2026-05-19 16:18:32.505,45250,691.199,2.701680771284,690.431,32.58,5469.138
2026-05-19 16:18:32.616,45500,691.199,2.701680771284,690.431,32.58,5469.138
2026-05-19 16:18:32.616,45750,719.623,4.305275352727,717.592,54.022,5253.117
2026-05-19 16:18:32.617,46000,681.325,2.32738859169,680.763,27.668,5253.117
2026-05-19 16:18:32.720,46250,693.37,0.776216146027,693.307,9.393,5398.146
2026-05-19 16:18:32.720,46500,713.591,2.078493241294,713.121,25.881,5245.182
2026-05-19 16:18:32.720,46750,713.591,2.078493241294,713.121,25.881,5245.182
2026-05-19 16:18:32.830,47000,713.591,2.078493241294,713.121,25.881,5245.182
2026-05-19 16:18:32.831,47250,703.359,1.546106573568,703.103,18.978,5046.496
2026-05-19 16:18:32.831,47500,703.359,1.546106573568,703.103,18.978,5046.496
2026-05-19 16:18:32.934,47750,703.359,1.546106573568,703.103,18.978,5046.496
2026-05-19 16:18:32.935,48000,731.77,3.577998794431,730.343,45.668,4850.57
2026-05-19 16:18:33.048,48250,731.77,3.577998794431,730.343,45.668,4850.57
2026-05-19 16:18:33.048,48500,730.424,-2.130370559661,729.919,-27.152,4850.57
2026-05-19 16:18:33.049,48750,730.424,2.130370559661,729.919,27.152,4850.57
2026-05-19 16:18:33.155,49000,730.424,2.130370559661,729.919,27.152,4850.57
2026-05-19 16:18:33.155,49250,755.652,4.307248500975,753.518,56.753,4688.632
2026-05-19 16:18:33.156,49500,717.872,1.206511908056,717.713,15.116,4688.632
2026-05-19 16:18:33.275,49750,717.872,1.206511908056,717.713,15.116,4688.632
2026-05-19 16:18:33.275,50000,717.872,1.206511908056,717.713,15.116,4688.632
2026-05-19 16:18:33.276,50250,743.178,3.614848867846,741.699,46.857,4528.98
2026-05-19 16:18:33.276,50500,743.178,3.614848867846,741.699,46.857,4528.98
2026-05-19 16:18:33.388,50750,743.178,3.614848867846,741.699,46.857,4528.98
2026-05-19 16:18:33.389,51000,745.487,-2.737080263799,744.636,-35.599,4528.98
2026-05-19 16:18:33.389,51250,770.801,-0.200183809024,770.797,-2.693,4380.24
2026-05-19 16:18:33.503,51500,770.801,-0.200183809024,770.797,-2.693,4380.24
2026-05-19 16:18:33.504,51750,770.801,-0.200183809024,770.797,-2.693,4380.24
2026-05-19 16:18:33.504,52000,770.801,-0.200183809024,770.797,-2.693,4380.24
2026-05-19 16:18:33.505,52250,764.528,-0.96498674906,764.42,-12.876,4231.978
2026-05-19 16:18:33.616,52500,764.528,-0.96498674906,764.42,-12.876,4231.978
2026-05-19 16:18:33.616,52750,764.528,-0.96498674906,764.42,-12.876,4231.978
2026-05-19 16:18:33.617,53000,792.729,2.468692288184,791.993,34.146,4081.427
2026-05-19 16:18:33.732,53250,792.729,2.468692288184,791.993,34.146,4081.427
2026-05-19 16:18:33.732,53500,792.729,2.468692288184,791.993,34.146,4081.427
2026-05-19 16:18:33.733,53750,763.088,-1.311068106816,762.888,-17.46,4081.427
2026-05-19 16:18:33.733,54000,772.398,-0.004953064067,772.095,0.25,4033.106
2026-05-19 16:18:33.844,54250,786.363,1.954219500056,785.906,26.816,3960.624
2026-05-19 16:18:33.844,54500,786.363,1.954219500056,785.906,26.816,3960.624
2026-05-19 16:18:33.845,54750,786.363,1.954219500056,785.906,26.816,3960.624
2026-05-19 16:18:33.955,55000,790.542,2.613074885815,789.499,36.221,3940.121
2026-05-19 16:18:33.955,55250,807.257,5.248496428853,803.872,73.844,3858.112
2026-05-19 16:18:33.956,55500,778.862,1.046230596484,778.732,14.221,3858.112
2026-05-19 16:18:34.069,55750,778.862,1.046230596484,778.732,14.221,3858.112
2026-05-19 16:18:34.069,56000,778.862,1.046230596484,778.732,14.221,3858.112
2026-05-19 16:18:34.070,56250,778.862,1.046230596484,778.732,14.221,3858.112
2026-05-19 16:18:34.070,56500,778.862,1.046230596484,778.732,14.221,3858.112
2026-05-19 16:18:34.183,56750,797.833,4.622963174789,795.237,64.304,3766.372
2026-05-19 16:18:34.183,57000,797.833,4.622963174789,795.237,64.304,3766.372
2026-05-19 16:18:34.184,57250,797.833,4.622963174789,795.237,64.304,3766.372
2026-05-19 16:18:34.286,57500,797.833,4.622963174789,795.237,64.304,3766.372
2026-05-19 16:18:34.287,57750,797.833,4.622963174789,795.237,64.304,3766.372
2026-05-19 16:18:34.288,58000,797.833,4.622963174789,795.237,64.304,3766.372
2026-05-19 16:18:34.288,58250,788.738,3.804466545564,787.0,52.334,3684.696
2026-05-19 16:18:34.404,58500,852.053,2.340504006856,851.342,34.796,3684.696
2026-05-19 16:18:34.405,58750,865.659,6.169069140534,860.646,93.026,3626.782
2026-05-19 16:18:34.405,59000,865.659,6.169069140534,860.646,93.026,3626.782
2026-05-19 16:18:34.514,59250,847.65,1.799164361755,847.232,26.613,3626.782
2026-05-19 16:18:34.515,59500,847.65,1.799164361755,847.232,26.613,3626.782
2026-05-19 16:18:34.515,59750,847.65,1.799164361755,847.232,26.613,3626.782
2026-05-19 16:18:34.515,60000,796.295,6.10160562577,791.34,84.797,3649.948
2026-05-19 16:18:34.631,60250,801.333,7.633031679241,794.233,106.439,3626.782
2026-05-19 16:18:34.632,60500,860.552,6.776537655338,854.54,101.543,3377.207
2026-05-19 16:18:34.632,60750,860.552,6.776537655338,854.54,101.543,3377.207
2026-05-19 16:18:34.633,61000,860.552,6.776537655338,854.54,101.543,3377.207
2026-05-19 16:18:34.746,61250,860.552,6.776537655338,854.54,101.543,3377.207
2026-05-19 16:18:34.746,61500,860.552,6.776537655338,854.54,101.543,3377.207
2026-05-19 16:18:34.747,61750,860.552,6.776537655338,854.54,101.543,3377.207
2026-05-19 16:18:34.747,62000,860.552,6.776537655338,854.54,101.543,3377.207
2026-05-19 16:18:34.869,62250,860.552,6.776537655338,854.54,101.543,3377.207
2026-05-19 16:18:34.869,62500,860.552,6.776537655338,854.54,101.543,3377.207
2026-05-19 16:18:34.870,62750,860.552,6.776537655338,854.54,101.543,3377.207
2026-05-19 16:18:34.870,63000,860.552,6.776537655338,854.54,101.543,3377.207
2026-05-19 16:18:34.989,63250,793.217,8.464985041542,784.575,116.765,3377.207
2026-05-19 16:18:34.989,63500,793.217,8.464985041542,784.575,116.765,3377.207
2026-05-19 16:18:34.990,63750,793.217,8.464985041542,784.575,116.765,3377.207
2026-05-19 16:18:34.990,64000,793.217,8.464985041542,784.575,116.765,3377.207
2026-05-19 16:18:34.990,64250,793.217,8.464985041542,784.575,116.765,3377.207
2026-05-19 16:18:35.099,64500,793.217,8.464985041542,784.575,116.765,3377.207
2026-05-19 16:18:35.099,64750,853.088,7.52231470369,845.747,111.68,3140.187
2026-05-19 16:18:35.100,65000,853.088,7.52231470369,845.747,111.68,3140.187
2026-05-19 16:18:35.215,65250,853.088,7.52231470369,845.747,111.68,3140.187
2026-05-19 16:18:35.215,65500,849.539,6.648333747934,843.413,98.531,3153.529
2026-05-19 16:18:35.215,65750,835.341,3.152409924911,834.077,45.937,3206.9
2026-05-19 16:18:35.216,66000,835.341,3.152409924911,834.077,45.937,3206.9
2026-05-19 16:18:35.216,66250,835.341,3.152409924911,834.077,45.937,3206.9
2026-05-19 16:18:35.330,66500,835.341,3.152409924911,834.077,45.937,3206.9
2026-05-19 16:18:35.331,66750,835.341,3.152409924911,834.077,45.937,3206.9
2026-05-19 16:18:35.331,67000,835.341,3.152409924911,834.077,45.937,3206.9
2026-05-19 16:18:35.332,67250,760.787,5.294168888362,757.542,70.197,3206.9
2026-05-19 16:18:35.445,67500,760.787,5.294168888362,757.542,70.197,3206.9
2026-05-19 16:18:35.445,67750,760.787,5.294168888362,757.542,70.197,3206.9
2026-05-19 16:18:35.445,68000,764.02,6.168149844118,759.218,82.243,3193.558
2026-05-19 16:18:35.446,68250,760.787,5.294168888362,757.542,70.197,3206.9
2026-05-19 16:18:35.569,68500,760.787,5.294168888362,757.542,70.197,3206.9
2026-05-19 16:18:35.569,68750,821.858,3.830206349655,820.022,54.9,2968.602
2026-05-19 16:18:35.570,69000,821.858,3.830206349655,820.022,54.9,2968.602
2026-05-19 16:18:35.570,69250,861.184,9.397957012713,849.625,140.623,2968.602
2026-05-19 16:18:35.689,69500,861.184,9.397957012713,849.625,140.623,2968.602
2026-05-19 16:18:35.689,69750,861.184,9.397957012713,849.625,140.623,2968.602
2026-05-19 16:18:35.689,70000,861.184,9.397957012713,849.625,140.623,2968.602
2026-05-19 16:18:35.690,70250,861.184,9.397957012713,849.625,140.623,2968.602
2026-05-19 16:18:35.690,70500,861.184,9.397957012713,849.625,140.623,2968.602
2026-05-19 16:18:35.798,70750,861.184,9.397957012713,849.625,140.623,2968.602
2026-05-19 16:18:35.799,71000,861.184,9.397957012713,849.625,140.623,2968.602
2026-05-19 16:18:35.799,71250,861.184,9.397957012713,849.625,140.623,2968.602
2026-05-19 16:18:35.914,71500,861.184,9.397957012713,849.625,140.623,2968.602
2026-05-19 16:18:35.914,71750,861.184,9.397957012713,849.625,140.623,2968.602
2026-05-19 16:18:35.915,72000,734.391,6.742693581464,729.311,86.225,2968.602
2026-05-19 16:18:35.915,72250,778.15,12.766084195971,758.914,171.949,2968.602
2026-05-19 16:18:35.916,72500,778.15,12.766084195971,758.914,171.949,2968.602
2026-05-19 16:18:36.022,72750,734.391,6.742693581464,729.311,86.225,2968.602
2026-05-19 16:18:36.023,73000,752.696,11.441198515189,737.74,149.306,2896.405
2026-05-19 16:18:36.023,73250,779.723,10.913169598682,765.643,147.242,2800.971
2026-05-19 16:18:36.130,73500,820.264,10.121126223922,807.499,144.145,2657.82
2026-05-19 16:18:36.130,73750,820.264,10.121126223922,807.499,144.145,2657.82
2026-05-19 16:18:36.130,74000,820.264,10.121126223922,807.499,144.145,2657.82
2026-05-19 16:18:36.131,74250,820.264,10.121126223922,807.499,144.145,2657.82
2026-05-19 16:18:36.246,74500,820.264,10.121126223922,807.499,144.145,2657.82
2026-05-19 16:18:36.247,74750,820.264,10.121126223922,807.499,144.145,2657.82
2026-05-19 16:18:36.247,75000,820.264,10.121126223922,807.499,144.145,2657.82
2026-05-19 16:18:36.248,75250,820.264,10.121126223922,807.499,144.145,2657.82
2026-05-19 16:18:36.369,75500,796.732,5.05424619526,793.634,70.191,2736.319
2026-05-19 16:18:36.369,75750,796.732,5.05424619526,793.634,70.191,2736.319
2026-05-19 16:18:36.370,76000,796.732,5.05424619526,793.634,70.191,2736.319
2026-05-19 16:18:36.370,76250,796.732,5.05424619526,793.634,70.191,2736.319
2026-05-19 16:18:36.370,76500,796.732,5.05424619526,793.634,70.191,2736.319
2026-05-19 16:18:36.371,76750,796.732,5.05424619526,793.634,70.191,2736.319
2026-05-19 16:18:36.488,77000,796.732,5.05424619526,793.634,70.191,2736.319
2026-05-19 16:18:36.489,77250,796.732,5.05424619526,793.634,70.191,2736.319
2026-05-19 16:18:36.489,77500,796.732,5.05424619526,793.634,70.191,2736.319
2026-05-19 16:18:36.490,77750,727.1,11.32980019914,712.176,143.153,2689.219
2026-05-19 16:18:36.490,78000,735.54,13.356552210605,715.645,169.917,2657.82
2026-05-19 16:18:36.599,78250,812.643,11.664130888513,795.862,164.295,2405.648
2026-05-19 16:18:36.600,78500,812.643,11.664130888513,795.862,164.295,2405.648
2026-05-19 16:18:36.600,78750,812.643,11.664130888513,795.862,164.295,2405.648
2026-05-19 16:18:36.601,79000,812.643,11.664130888513,795.862,164.295,2405.648
2026-05-19 16:18:36.601,79250,812.643,11.664130888513,795.862,164.295,2405.648
2026-05-19 16:18:36.715,79500,812.643,11.664130888513,795.862,164.295,2405.648
2026-05-19 16:18:36.715,79750,812.643,11.664130888513,795.862,164.295,2405.648
2026-05-19 16:18:36.716,80000,812.643,11.664130888513,795.862,164.295,2405.648
2026-05-19 16:18:36.716,80250,812.643,11.664130888513,795.862,164.295,2405.648
2026-05-19 16:18:36.717,80500,812.643,11.664130888513,795.862,164.295,2405.648
2026-05-19 16:18:36.832,80750,812.643,11.664130888513,795.862,164.295,2405.648
2026-05-19 16:18:36.833,81000,812.643,11.664130888513,795.862,164.295,2405.648
2026-05-19 16:18:36.833,81250,812.643,11.664130888513,795.862,164.295,2405.648
2026-05-19 16:18:36.833,81500,812.643,11.664130888513,795.862,164.295,2405.648
2026-05-19 16:18:36.834,81750,812.643,11.664130888513,795.862,164.295,2405.648
2026-05-19 16:18:36.947,82000,768.284,4.988331185097,765.374,66.805,2405.648
2026-05-19 16:18:36.948,82250,768.284,4.988331185097,765.374,66.805,2405.648
2026-05-19 16:18:36.948,82500,828.017,3.58595396363,826.296,50.806,2240.069
2026-05-19 16:18:36.948,82750,867.839,2.651035815985,866.91,40.14,2129.683
2026-05-19 16:18:36.949,83000,867.839,2.651035815985,866.91,40.14,2129.683
2026-05-19 16:18:37.063,83250,867.839,2.651035815985,866.91,40.14,2129.683
2026-05-19 16:18:37.063,83500,764.048,5.891081463675,760.013,78.42,2129.683
2026-05-19 16:18:37.064,83750,764.048,5.891081463675,760.013,78.42,2129.683
2026-05-19 16:18:37.064,84000,764.048,5.891081463675,760.013,78.42,2129.683
2026-05-19 16:18:37.065,84250,764.048,5.891081463675,760.013,78.42,2129.683
2026-05-19 16:18:37.168,84500,764.048,5.891081463675,760.013,78.42,2129.683
2026-05-19 16:18:37.169,84750,764.048,5.891081463675,760.013,78.42,2129.683
2026-05-19 16:18:37.169,85000,764.048,5.891081463675,760.013,78.42,2129.683
2026-05-19 16:18:37.170,85250,764.048,5.891081463675,760.013,78.42,2129.683
2026-05-19 16:18:37.170,85500,764.048,5.891081463675,760.013,78.42,2129.683
2026-05-19 16:18:37.284,85750,764.048,5.891081463675,760.013,78.42,2129.683
2026-05-19 16:18:37.284,86000,764.048,5.891081463675,760.013,78.42,2129.683
2026-05-19 16:18:37.285,86250,769.526,7.274471221744,762.36,97.826,2114.942
2026-05-19 16:18:37.285,86500,764.048,5.891081463675,760.013,78.42,2129.683
2026-05-19 16:18:37.286,86750,822.768,4.300459974084,820.328,60.597,1984.593
2026-05-19 16:18:37.388,87000,901.829,10.987589334819,885.297,171.885,1804.312
2026-05-19 16:18:37.389,87250,901.829,10.987589334819,885.297,171.885,1804.312
2026-05-19 16:18:37.390,87500,901.829,10.987589334819,885.297,171.885,1804.312
2026-05-19 16:18:37.390,87750,901.829,10.987589334819,885.297,171.885,1804.312
2026-05-19 16:18:37.500,88000,901.829,10.987589334819,885.297,171.885,1804.312
2026-05-19 16:18:37.500,88250,901.829,10.987589334819,885.297,171.885,1804.312
2026-05-19 16:18:37.501,88500,901.829,10.987589334819,885.297,171.885,1804.312
2026-05-19 16:18:37.501,88750,901.829,10.987589334819,885.297,171.885,1804.312
2026-05-19 16:18:37.501,89000,901.829,10.987589334819,885.297,171.885,1804.312
2026-05-19 16:18:37.616,89250,779.34,15.386092209961,751.408,206.776,1804.312
2026-05-19 16:18:37.616,89500,779.34,15.386092209961,751.408,206.776,1804.312
2026-05-19 16:18:37.617,89750,779.34,15.386092209961,751.408,206.776,1804.312
2026-05-19 16:18:37.617,90000,779.34,15.386092209961,751.408,206.776,1804.312
2026-05-19 16:18:37.617,90250,779.34,15.386092209961,751.408,206.776,1804.312
2026-05-19 16:18:37.730,90500,718.713,5.484098642271,715.423,68.687,1804.312
2026-05-19 16:18:37.731,90750,718.713,5.484098642271,715.423,68.687,1804.312
2026-05-19 16:18:37.731,91000,718.713,5.484098642271,715.423,68.687,1804.312
2026-05-19 16:18:37.732,91250,827.804,3.205361053526,826.509,46.287,1566.533
2026-05-19 16:18:37.732,91500,827.804,3.205361053526,826.509,46.287,1566.533
2026-05-19 16:18:37.835,91750,827.804,3.205361053526,826.509,46.287,1566.533
2026-05-19 16:18:37.835,92000,827.804,3.205361053526,826.509,46.287,1566.533
2026-05-19 16:18:37.836,92250,827.804,3.205361053526,826.509,46.287,1566.533
2026-05-19 16:18:37.836,92500,827.804,3.205361053526,826.509,46.287,1566.533
2026-05-19 16:18:37.836,92750,827.804,3.205361053526,826.509,46.287,1566.533
2026-05-19 16:18:37.946,93000,827.804,3.205361053526,826.509,46.287,1566.533
2026-05-19 16:18:37.947,93250,827.804,3.205361053526,826.509,46.287,1566.533
2026-05-19 16:18:37.947,93500,827.804,3.205361053526,826.509,46.287,1566.533
2026-05-19 16:18:37.948,93750,827.804,3.205361053526,826.509,46.287,1566.533
2026-05-19 16:18:38.064,94000,827.804,3.205361053526,826.509,46.287,1566.533
2026-05-19 16:18:38.065,94250,827.804,3.205361053526,826.509,46.287,1566.533
2026-05-19 16:18:38.066,94500,827.804,3.205361053526,826.509,46.287,1566.533
2026-05-19 16:18:38.066,94750,827.804,3.205361053526,826.509,46.287,1566.533
2026-05-19 16:18:38.067,95000,827.804,3.205361053526,826.509,46.287,1566.533
2026-05-19 16:18:38.067,95250,827.804,3.205361053526,826.509,46.287,1566.533
2026-05-19 16:18:38.174,95500,669.01,8.267779619867,662.057,96.203,1566.533
2026-05-19 16:18:38.175,95750,669.01,8.267779619867,662.057,96.203,1566.533
2026-05-19 16:18:38.175,96000,669.01,8.267779619867,662.057,96.203,1566.533
2026-05-19 16:18:38.176,96250,791.203,5.062418566341,788.117,69.817,1324.598
2026-05-19 16:18:38.291,96500,791.203,5.062418566341,788.117,69.817,1324.598
2026-05-19 16:18:38.292,96750,799.484,7.325704411699,790.257,102.81,1311.425
2026-05-19 16:18:38.292,97000,832.607,16.378847793135,798.818,234.785,1258.73
2026-05-19 16:18:38.293,97250,832.607,16.378847793135,798.818,234.785,1258.73
2026-05-19 16:18:38.293,97500,832.607,16.378847793135,798.818,234.785,1258.73
2026-05-19 16:18:38.400,97750,832.607,16.378847793135,798.818,234.785,1258.73
2026-05-19 16:18:38.400,98000,832.607,16.378847793135,798.818,234.785,1258.73
2026-05-19 16:18:38.401,98250,832.607,16.378847793135,798.818,234.785,1258.73
2026-05-19 16:18:38.401,98500,832.607,16.378847793135,798.818,234.785,1258.73
2026-05-19 16:18:38.402,98750,832.607,16.378847793135,798.818,234.785,1258.73
2026-05-19 16:18:38.514,99000,832.607,16.378847793135,798.818,234.785,1258.73
2026-05-19 16:18:38.514,99250,832.607,16.378847793135,798.818,234.785,1258.73
2026-05-19 16:18:38.515,99500,832.607,16.378847793135,798.818,234.785,1258.73
2026-05-19 16:18:38.515,99750,832.607,16.378847793135,798.818,234.785,1258.73
2026-05-19 16:18:38.516,100000,832.607,16.378847793135,798.818,234.785,1258.73
2026-05-19 16:18:39.069,10000,676.595,2.193113133438,676.099,25.892,13436.845
2026-05-19 16:18:39.300,10250,672.796,3.246101893262,671.716,38.097,13512.721
2026-05-19 16:18:39.404,10500,669.816,4.030930227573,668.159,47.085,13572.828
2026-05-19 16:18:39.514,10750,669.816,4.030930227573,668.159,47.085,13572.828
2026-05-19 16:18:39.628,11000,679.854,3.797246970793,678.359,45.035,13471.7
2026-05-19 16:18:39.851,11250,661.347,4.051089084148,659.669,46.7,13479.817
2026-05-19 16:18:39.969,11500,659.557,4.47084467103,657.55,51.414,13516.261
2026-05-19 16:18:40.084,11750,662.69,4.06011576921,661.023,46.933,13560.092
2026-05-19 16:18:40.199,12000,668.293,5.150496652961,665.581,59.98,13445.834
2026-05-19 16:18:40.304,12250,667.359,5.342002153657,664.46,62.131,13464.562
2026-05-19 16:18:40.415,12500,674.46,5.098562966565,671.778,59.979,13440.447
2026-05-19 16:18:40.528,12750,679.703,6.236507649743,675.667,73.822,13335.126
2026-05-19 16:18:40.649,13000,661.562,5.911221567776,658.045,68.133,13356.182
2026-05-19 16:18:40.869,13250,679.285,4.948338021807,676.753,58.593,13130.481
2026-05-19 16:18:40.989,13500,669.073,6.64685684961,664.565,77.431,13331.009
2026-05-19 16:18:40.989,13750,679.072,7.326934415703,673.527,86.603,13134.599
2026-05-19 16:18:41.099,14000,662.251,6.216578852822,658.357,71.713,13262.358
2026-05-19 16:18:41.210,14250,661.028,6.400509391116,656.896,73.673,13287.075
2026-05-19 16:18:41.319,14500,668.691,7.531042052755,662.911,87.623,13134.818
2026-05-19 16:18:41.431,14750,663.45,8.273209138076,656.528,95.438,13238.71
2026-05-19 16:18:41.544,15000,678.877,7.664701462365,672.811,90.546,13092.484
2026-05-19 16:18:41.649,15250,664.585,8.173387470456,657.835,94.463,13168.9
2026-05-19 16:18:41.769,15500,671.723,8.879386811079,663.673,103.684,13027.306
2026-05-19 16:18:41.884,15750,672.782,8.314741776578,665.71,97.291,13172.201
2026-05-19 16:18:41.999,16000,665.452,8.436015330496,658.241,97.603,12988.947
2026-05-19 16:18:42.104,16250,677.813,8.918946603935,669.617,105.086,12751.791
2026-05-19 16:18:42.104,16500,674.835,8.927751686168,666.65,104.704,12941.432
2026-05-19 16:18:42.219,16750,652.076,8.871182734837,644.276,100.559,13068.465
2026-05-19 16:18:42.328,17000,659.893,9.563741537656,650.719,109.632,12913.746
2026-05-19 16:18:42.443,17250,650.693,9.583060662089,641.61,108.317,12753.084
2026-05-19 16:18:42.555,17500,674.776,9.328723894692,665.843,109.356,12820.772
2026-05-19 16:18:42.669,17750,660.745,9.916649305119,650.873,113.79,12759.779
2026-05-19 16:18:42.669,18000,658.943,10.090620331848,648.742,115.427,12795.063
2026-05-19 16:18:42.778,18250,659.405,9.908475780222,649.526,113.475,12451.156
2026-05-19 16:18:42.888,18500,665.443,9.976624044243,655.381,115.286,12550.956
2026-05-19 16:18:43.000,18750,658.071,10.624715950358,646.782,121.31,12691.963
2026-05-19 16:18:43.000,19000,665.736,11.623322298259,652.084,134.13,12545.442
2026-05-19 16:18:43.104,19250,647.541,12.300296178985,632.676,137.949,12576.098
2026-05-19 16:18:43.216,19500,662.442,9.835000170302,652.706,113.153,12201.072
2026-05-19 16:18:43.329,19750,651.534,10.69250009151,640.222,120.884,12405.335
2026-05-19 16:18:43.330,20000,646.789,12.000335180742,632.654,134.479,12496.347
2026-05-19 16:18:43.446,20250,651.849,12.533871187465,636.289,141.489,12399.838
2026-05-19 16:18:43.550,20500,629.541,12.497490981813,614.624,136.231,12527.324
2026-05-19 16:18:43.550,20750,653.685,11.783830277615,639.903,133.463,12296.73
2026-05-19 16:18:43.668,21000,644.699,12.037987686389,630.521,134.458,12215.004
2026-05-19 16:18:43.784,21250,633.889,12.753922493137,618.249,139.94,12423.301
2026-05-19 16:18:43.785,21500,641.921,13.761444469712,623.495,152.7,12267.856
2026-05-19 16:18:43.894,21750,634.582,13.558843237387,616.896,148.774,12120.784
2026-05-19 16:18:43.999,22000,656.513,13.256051620327,639.02,150.54,11975.324
2026-05-19 16:18:43.999,22250,656.513,13.256051620327,639.02,150.54,11975.324
2026-05-19 16:18:44.103,22500,648.566,12.963214929895,632.037,145.49,11838.163
2026-05-19 16:18:44.216,22750,644.198,14.434622740916,623.862,160.582,11918.434
2026-05-19 16:18:44.216,23000,629.112,13.042878999294,612.882,141.978,11918.434
2026-05-19 16:18:44.319,23250,635.812,14.093146516866,616.675,154.82,11792.834
2026-05-19 16:18:44.434,23500,635.812,14.093146516866,616.675,154.82,11792.834
2026-05-19 16:18:44.434,23750,629.312,13.916922397317,610.838,151.359,11665.575
2026-05-19 16:18:44.548,24000,651.648,13.826057524658,632.767,155.728,11542.905
2026-05-19 16:18:44.548,24250,648.755,11.812254399565,635.017,132.804,11341.531
2026-05-19 16:18:44.669,24500,643.323,13.383791460782,625.851,148.912,11437.299
2026-05-19 16:18:44.670,24750,644.594,13.618983086113,626.444,151.794,11414.923
2026-05-19 16:18:44.789,25000,636.292,13.077404886129,619.79,143.972,11325.417
2026-05-19 16:18:44.789,25250,637.45,13.305976487394,620.314,146.723,11304.983
2026-05-19 16:18:44.900,25500,638.068,12.242105243358,623.558,135.282,11057.475
2026-05-19 16:18:45.016,25750,642.819,13.214308147421,625.77,146.934,10975.763
2026-05-19 16:18:45.017,26000,646.455,13.366455476345,628.943,149.446,10913.413
2026-05-19 16:18:45.132,26250,634.97,11.941035082767,621.23,131.378,10913.413
2026-05-19 16:18:45.132,26500,647.17,13.894660071952,628.196,155.355,10708.002
2026-05-19 16:18:45.235,26750,631.057,12.883810507224,615.145,140.717,10763.025
2026-05-19 16:18:45.235,27000,647.065,12.048677301561,632.81,135.07,10495.881
2026-05-19 16:18:45.345,27250,651.403,13.062079578187,634.519,147.234,10426.093
2026-05-19 16:18:45.345,27500,640.006,11.578088135794,626.983,128.451,10408.646
2026-05-19 16:18:45.457,27750,643.25,12.4010623834,628.192,138.161,10356.328
2026-05-19 16:18:45.457,28000,647.345,10.576535941504,636.347,118.819,10087.764
2026-05-19 16:18:45.569,28250,651.2,11.592984131762,637.887,130.876,10028.14
2026-05-19 16:18:45.684,28500,668.343,11.388637620341,655.184,131.973,9770.828
2026-05-19 16:18:45.685,28750,662.3,11.058345710305,650.002,127.035,9692.569
2026-05-19 16:18:45.799,29000,688.212,10.377345729456,676.957,123.864,9331.862
2026-05-19 16:18:45.799,29250,649.808,12.210272399885,635.11,137.409,9703.853
2026-05-19 16:18:45.915,29500,674.01,11.367279328613,660.748,132.817,9355.068
2026-05-19 16:18:45.915,29750,696.996,11.196106763137,683.731,135.334,9045.46
2026-05-19 16:18:45.916,30000,685.05,9.053662924275,676.515,107.799,9045.46
2026-05-19 16:18:46.030,30250,710.474,10.414199508756,698.77,128.427,8721.77
2026-05-19 16:18:46.031,30500,703.833,9.882156051756,693.39,120.793,8667.367
2026-05-19 16:18:46.146,30750,703.833,9.882156051756,693.39,120.793,8667.367
2026-05-19 16:18:46.147,31000,729.801,11.281640834646,715.7,142.772,8358.959
2026-05-19 16:18:46.269,31250,718.266,8.822451057555,709.768,110.163,8358.959
2026-05-19 16:18:46.270,31500,721.984,10.605524736896,709.65,132.878,8315.916
2026-05-19 16:18:46.382,31750,721.984,10.605524736896,709.65,132.878,8315.916
2026-05-19 16:18:46.383,32000,698.982,10.787497695928,686.629,130.826,8150.448
2026-05-19 16:18:46.489,32250,698.982,10.787497695928,686.629,130.826,8150.448
2026-05-19 16:18:46.489,32500,681.405,10.179786587346,670.678,120.43,8254.334
2026-05-19 16:18:46.592,32750,692.352,10.100651149121,681.621,121.423,8123.823
2026-05-19 16:18:46.593,33000,693.869,11.840155233589,679.106,142.369,8106.062
2026-05-19 16:18:46.593,33250,708.896,9.171630368671,699.833,112.993,7847.494
2026-05-19 16:18:46.704,33500,709.874,11.033115636341,696.753,135.853,7836.682
2026-05-19 16:18:46.705,33750,709.874,11.033115636341,696.753,135.853,7836.682
2026-05-19 16:18:46.819,34000,703.39,8.379910638435,695.88,102.509,7836.682
2026-05-19 16:18:46.820,34250,672.057,11.748813040367,657.977,136.845,7836.352
2026-05-19 16:18:46.929,34500,695.388,11.79756284123,680.699,142.175,7573.434
2026-05-19 16:18:46.930,34750,689.141,11.048746114132,676.367,132.07,7584.66
2026-05-19 16:18:46.930,35000,689.141,11.048746114132,676.367,132.07,7584.66
2026-05-19 16:18:47.034,35250,689.141,11.048746114132,676.367,132.07,7584.66
2026-05-19 16:18:47.035,35500,707.427,10.572990935413,695.417,129.804,7351.148
2026-05-19 16:18:47.145,35750,675.193,10.810802651826,663.21,126.644,7351.148
2026-05-19 16:18:47.145,36000,672.563,12.750561704903,655.978,148.439,7379.893
2026-05-19 16:18:47.256,36250,670.341,9.869929926236,660.419,114.905,7379.893
2026-05-19 16:18:47.257,36500,695.214,10.597740590844,683.281,127.818,7115.902
2026-05-19 16:18:47.369,36750,691.889,12.34463666694,675.892,147.92,7150.05
2026-05-19 16:18:47.369,37000,691.819,7.841828501533,685.35,94.391,7150.05
2026-05-19 16:18:47.370,37250,657.478,7.728020965289,651.507,88.412,7150.05
2026-05-19 16:18:47.474,37500,676.063,10.157701201567,665.466,119.229,6953.496
2026-05-19 16:18:47.475,37750,676.063,10.157701201567,665.466,119.229,6953.496
2026-05-19 16:18:47.583,38000,678.553,7.032038876734,673.449,83.071,6953.496
2026-05-19 16:18:47.584,38250,672.998,9.003546959045,664.706,105.321,7010.893
2026-05-19 16:18:47.585,38500,696.744,9.524001090821,687.14,115.284,6771.954
2026-05-19 16:18:47.699,38750,663.777,5.944597386677,660.207,68.745,6771.954
2026-05-19 16:18:47.700,39000,656.856,8.040234124673,650.399,91.873,6843.309
2026-05-19 16:18:47.700,39250,671.862,8.442071913287,664.561,98.703,6692.704
2026-05-19 16:18:47.814,39500,681.866,8.709963772362,674.002,103.257,6592.3
2026-05-19 16:18:47.814,39750,688.68,5.64549072619,685.339,67.748,6592.3
2026-05-19 16:18:47.929,40000,641.366,7.302753063179,636.163,81.525,6686.555
2026-05-19 16:18:47.930,40250,662.441,7.99262332117,656.006,92.11,6473.826
2026-05-19 16:18:47.930,40500,662.441,7.99262332117,656.006,92.11,6473.826
2026-05-19 16:18:48.046,40750,662.441,7.99262332117,656.006,92.11,6473.826
2026-05-19 16:18:48.047,41000,698.935,5.381555876635,695.855,65.552,6232.339
2026-05-19 16:18:48.048,41250,658.839,6.860984372709,654.121,78.705,6333.95
2026-05-19 16:18:48.168,41500,658.839,6.860984372709,654.121,78.705,6333.95
2026-05-19 16:18:48.169,41750,683.119,7.79698731103,676.804,92.674,6108.821
2026-05-19 16:18:48.284,42000,696.144,4.578237086643,693.923,55.566,6108.821
2026-05-19 16:18:48.284,42250,696.144,4.578237086643,693.923,55.566,6108.821
2026-05-19 16:18:48.285,42500,683.127,4.370893837436,681.14,52.063,5878.243
2026-05-19 16:18:48.399,42750,670.393,6.498406258521,666.086,75.872,5989.9
2026-05-19 16:18:48.400,43000,670.393,6.498406258521,666.086,75.872,5989.9
2026-05-19 16:18:48.400,43250,711.546,4.488301783594,709.364,55.682,5776.334
2026-05-19 16:18:48.514,43500,711.546,4.488301783594,709.364,55.682,5776.334
2026-05-19 16:18:48.515,43750,671.265,2.905808788588,670.402,34.029,5776.334
2026-05-19 16:18:48.515,44000,676.532,3.15720363853,675.473,37.351,5732.723
2026-05-19 16:18:48.619,44250,681.556,6.345395372185,677.38,75.327,5689.117
2026-05-19 16:18:48.619,44500,681.556,6.345395372185,677.38,75.327,5689.117
2026-05-19 16:18:48.620,44750,724.944,4.264644052448,722.89,54.023,5513.134
2026-05-19 16:18:48.731,45000,691.199,2.701680771284,690.431,32.58,5469.138
2026-05-19 16:18:48.732,45250,691.199,2.701680771284,690.431,32.58,5469.138
2026-05-19 16:18:48.732,45500,691.199,2.701680771284,690.431,32.58,5469.138
2026-05-19 16:18:48.847,45750,719.623,4.305275352727,717.592,54.022,5253.117
2026-05-19 16:18:48.847,46000,681.325,2.32738859169,680.763,27.668,5253.117
2026-05-19 16:18:48.848,46250,693.37,0.776216146027,693.307,9.393,5398.146
2026-05-19 16:18:48.969,46500,713.591,2.078493241294,713.121,25.881,5245.182
2026-05-19 16:18:48.969,46750,713.591,2.078493241294,713.121,25.881,5245.182
2026-05-19 16:18:48.970,47000,713.591,2.078493241294,713.121,25.881,5245.182
2026-05-19 16:18:49.091,47250,703.359,1.546106573568,703.103,18.978,5046.496
2026-05-19 16:18:49.092,47500,703.359,1.546106573568,703.103,18.978,5046.496
2026-05-19 16:18:49.092,47750,703.359,1.546106573568,703.103,18.978,5046.496
2026-05-19 16:18:49.093,48000,731.77,3.577998794431,730.343,45.668,4850.57
2026-05-19 16:18:49.200,48250,731.77,3.577998794431,730.343,45.668,4850.57
2026-05-19 16:18:49.200,48500,730.424,-2.130370559661,729.919,-27.152,4850.57
2026-05-19 16:18:49.201,48750,730.424,2.130370559661,729.919,27.152,4850.57
2026-05-19 16:18:49.304,49000,730.424,2.130370559661,729.919,27.152,4850.57
2026-05-19 16:18:49.304,49250,755.652,4.307248500975,753.518,56.753,4688.632
2026-05-19 16:18:49.414,49500,717.872,1.206511908056,717.713,15.116,4688.632
2026-05-19 16:18:49.415,49750,717.872,1.206511908056,717.713,15.116,4688.632
2026-05-19 16:18:49.415,50000,717.872,1.206511908056,717.713,15.116,4688.632
2026-05-19 16:18:49.529,50250,738.117,3.133181475888,736.902,40.509,4560.911
2026-05-19 16:18:49.530,50500,743.178,3.614848867846,741.699,46.857,4528.98
2026-05-19 16:18:49.531,50750,743.178,3.614848867846,741.699,46.857,4528.98
2026-05-19 16:18:49.531,51000,745.487,-2.737080263799,744.636,-35.599,4528.98
2026-05-19 16:18:49.646,51250,770.801,-0.200183809024,770.797,-2.693,4380.24
2026-05-19 16:18:49.647,51500,770.801,-0.200183809024,770.797,-2.693,4380.24
2026-05-19 16:18:49.647,51750,770.801,-0.200183809024,770.797,-2.693,4380.24
2026-05-19 16:18:49.769,52000,770.801,-0.200183809024,770.797,-2.693,4380.24
2026-05-19 16:18:49.769,52250,764.528,-0.96498674906,764.42,-12.876,4231.978
2026-05-19 16:18:49.770,52500,764.528,-0.96498674906,764.42,-12.876,4231.978
2026-05-19 16:18:49.770,52750,764.528,-0.96498674906,764.42,-12.876,4231.978
2026-05-19 16:18:49.882,53000,792.729,2.468692288184,791.993,34.146,4081.427
2026-05-19 16:18:49.882,53250,792.729,2.468692288184,791.993,34.146,4081.427
2026-05-19 16:18:49.883,53500,792.729,2.468692288184,791.993,34.146,4081.427
2026-05-19 16:18:49.883,53750,763.088,-1.311068106816,762.888,-17.46,4081.427
2026-05-19 16:18:49.989,54000,767.743,-0.658010585442,767.492,-8.605,4057.267
2026-05-19 16:18:49.989,54250,786.363,1.954219500056,785.906,26.816,3960.624
2026-05-19 16:18:49.990,54500,786.363,1.954219500056,785.906,26.816,3960.624
2026-05-19 16:18:50.107,54750,786.363,1.954219500056,785.906,26.816,3960.624
2026-05-19 16:18:50.108,55000,790.542,2.613074885815,789.499,36.221,3940.121
2026-05-19 16:18:50.108,55250,807.257,5.248496428853,803.872,73.844,3858.112
2026-05-19 16:18:50.215,55500,778.862,1.046230596484,778.732,14.221,3858.112
2026-05-19 16:18:50.216,55750,778.862,1.046230596484,778.732,14.221,3858.112
2026-05-19 16:18:50.216,56000,778.862,1.046230596484,778.732,14.221,3858.112
2026-05-19 16:18:50.217,56250,778.862,1.046230596484,778.732,14.221,3858.112
2026-05-19 16:18:50.331,56500,778.862,1.046230596484,778.732,14.221,3858.112
2026-05-19 16:18:50.331,56750,797.833,4.622963174789,795.237,64.304,3766.372
2026-05-19 16:18:50.332,57000,797.833,4.622963174789,795.237,64.304,3766.372
2026-05-19 16:18:50.447,57250,797.833,4.622963174789,795.237,64.304,3766.372
2026-05-19 16:18:50.448,57500,797.833,4.622963174789,795.237,64.304,3766.372
2026-05-19 16:18:50.448,57750,797.833,4.622963174789,795.237,64.304,3766.372
2026-05-19 16:18:50.449,58000,797.833,4.622963174789,795.237,64.304,3766.372
2026-05-19 16:18:50.569,58250,788.738,3.804466545564,787.0,52.334,3684.696
2026-05-19 16:18:50.569,58500,852.053,2.340504006856,851.342,34.796,3684.696
2026-05-19 16:18:50.570,58750,865.659,6.169069140534,860.646,93.026,3626.782
2026-05-19 16:18:50.688,59000,865.659,6.169069140534,860.646,93.026,3626.782
2026-05-19 16:18:50.689,59250,847.65,1.799164361755,847.232,26.613,3626.782
2026-05-19 16:18:50.689,59500,847.65,1.799164361755,847.232,26.613,3626.782
2026-05-19 16:18:50.690,59750,847.65,1.799164361755,847.232,26.613,3626.782
2026-05-19 16:18:50.805,60000,796.295,6.10160562577,791.34,84.797,3649.948
2026-05-19 16:18:50.805,60250,801.333,7.633031679241,794.233,106.439,3626.782
2026-05-19 16:18:50.806,60500,860.552,6.776537655338,854.54,101.543,3377.207
2026-05-19 16:18:50.806,60750,860.552,6.776537655338,854.54,101.543,3377.207
2026-05-19 16:18:50.920,61000,860.552,6.776537655338,854.54,101.543,3377.207
2026-05-19 16:18:50.920,61250,860.552,6.776537655338,854.54,101.543,3377.207
2026-05-19 16:18:50.921,61500,860.552,6.776537655338,854.54,101.543,3377.207
2026-05-19 16:18:50.921,61750,860.552,6.776537655338,854.54,101.543,3377.207
2026-05-19 16:18:51.033,62000,860.552,6.776537655338,854.54,101.543,3377.207
2026-05-19 16:18:51.033,62250,860.552,6.776537655338,854.54,101.543,3377.207
2026-05-19 16:18:51.034,62500,860.552,6.776537655338,854.54,101.543,3377.207
2026-05-19 16:18:51.034,62750,860.552,6.776537655338,854.54,101.543,3377.207
2026-05-19 16:18:51.147,63000,860.552,6.776537655338,854.54,101.543,3377.207
2026-05-19 16:18:51.148,63250,793.217,8.464985041542,784.575,116.765,3377.207
2026-05-19 16:18:51.148,63500,793.217,8.464985041542,784.575,116.765,3377.207
2026-05-19 16:18:51.148,63750,793.217,8.464985041542,784.575,116.765,3377.207
2026-05-19 16:18:51.269,64000,793.217,8.464985041542,784.575,116.765,3377.207
2026-05-19 16:18:51.270,64250,793.217,8.464985041542,784.575,116.765,3377.207
2026-05-19 16:18:51.270,64500,793.217,8.464985041542,784.575,116.765,3377.207
2026-05-19 16:18:51.270,64750,853.088,7.52231470369,845.747,111.68,3140.187
2026-05-19 16:18:51.271,65000,853.088,7.52231470369,845.747,111.68,3140.187
2026-05-19 16:18:51.375,65250,853.088,7.52231470369,845.747,111.68,3140.187
2026-05-19 16:18:51.376,65500,853.088,7.52231470369,845.747,111.68,3140.187
2026-05-19 16:18:51.376,65750,835.341,3.152409924911,834.077,45.937,3206.9
2026-05-19 16:18:51.494,66000,835.341,3.152409924911,834.077,45.937,3206.9
2026-05-19 16:18:51.494,66250,835.341,3.152409924911,834.077,45.937,3206.9
2026-05-19 16:18:51.495,66500,835.341,3.152409924911,834.077,45.937,3206.9
2026-05-19 16:18:51.495,66750,835.341,3.152409924911,834.077,45.937,3206.9
2026-05-19 16:18:51.496,67000,835.341,3.152409924911,834.077,45.937,3206.9
2026-05-19 16:18:51.604,67250,760.787,5.294168888362,757.542,70.197,3206.9
2026-05-19 16:18:51.605,67500,760.787,5.294168888362,757.542,70.197,3206.9
2026-05-19 16:18:51.605,67750,760.787,5.294168888362,757.542,70.197,3206.9
2026-05-19 16:18:51.606,68000,760.787,5.294168888362,757.542,70.197,3206.9
2026-05-19 16:18:51.714,68250,760.787,5.294168888362,757.542,70.197,3206.9
2026-05-19 16:18:51.714,68500,760.787,5.294168888362,757.542,70.197,3206.9
2026-05-19 16:18:51.715,68750,821.858,3.830206349655,820.022,54.9,2968.602
2026-05-19 16:18:51.715,69000,821.858,3.830206349655,820.022,54.9,2968.602
2026-05-19 16:18:51.830,69250,861.184,9.397957012713,849.625,140.623,2968.602
2026-05-19 16:18:51.831,69500,861.184,9.397957012713,849.625,140.623,2968.602
2026-05-19 16:18:51.831,69750,861.184,9.397957012713,849.625,140.623,2968.602
2026-05-19 16:18:51.831,70000,861.184,9.397957012713,849.625,140.623,2968.602
2026-05-19 16:18:51.943,70250,861.184,9.397957012713,849.625,140.623,2968.602
2026-05-19 16:18:51.943,70500,861.184,9.397957012713,849.625,140.623,2968.602
2026-05-19 16:18:51.944,70750,861.184,9.397957012713,849.625,140.623,2968.602
2026-05-19 16:18:51.944,71000,861.184,9.397957012713,849.625,140.623,2968.602
2026-05-19 16:18:52.055,71250,861.184,9.397957012713,849.625,140.623,2968.602
2026-05-19 16:18:52.055,71500,861.184,9.397957012713,849.625,140.623,2968.602
2026-05-19 16:18:52.056,71750,861.184,9.397957012713,849.625,140.623,2968.602
2026-05-19 16:18:52.056,72000,734.391,6.742693581464,729.311,86.225,2968.602
2026-05-19 16:18:52.174,72250,778.15,12.766084195971,758.914,171.949,2968.602
2026-05-19 16:18:52.174,72500,778.15,12.766084195971,758.914,171.949,2968.602
2026-05-19 16:18:52.175,72750,734.391,6.742693581464,729.311,86.225,2968.602
2026-05-19 16:18:52.175,73000,752.696,11.441198515189,737.74,149.306,2896.405
2026-05-19 16:18:52.284,73250,779.723,10.913169598682,765.643,147.242,2800.971
2026-05-19 16:18:52.284,73500,820.264,10.121126223922,807.499,144.145,2657.82
2026-05-19 16:18:52.284,73750,820.264,10.121126223922,807.499,144.145,2657.82
2026-05-19 16:18:52.285,74000,820.264,10.121126223922,807.499,144.145,2657.82
2026-05-19 16:18:52.399,74250,820.264,10.121126223922,807.499,144.145,2657.82
2026-05-19 16:18:52.400,74500,820.264,10.121126223922,807.499,144.145,2657.82
2026-05-19 16:18:52.401,74750,820.264,10.121126223922,807.499,144.145,2657.82
2026-05-19 16:18:52.401,75000,820.264,10.121126223922,807.499,144.145,2657.82
2026-05-19 16:18:52.504,75250,820.264,10.121126223922,807.499,144.145,2657.82
2026-05-19 16:18:52.504,75500,796.732,5.05424619526,793.634,70.191,2736.319
2026-05-19 16:18:52.505,75750,796.732,5.05424619526,793.634,70.191,2736.319
2026-05-19 16:18:52.505,76000,796.732,5.05424619526,793.634,70.191,2736.319
2026-05-19 16:18:52.620,76250,796.732,5.05424619526,793.634,70.191,2736.319
2026-05-19 16:18:52.620,76500,796.732,5.05424619526,793.634,70.191,2736.319
2026-05-19 16:18:52.621,76750,796.732,5.05424619526,793.634,70.191,2736.319
2026-05-19 16:18:52.621,77000,796.732,5.05424619526,793.634,70.191,2736.319
2026-05-19 16:18:52.621,77250,796.732,5.05424619526,793.634,70.191,2736.319
2026-05-19 16:18:52.730,77500,796.732,5.05424619526,793.634,70.191,2736.319
2026-05-19 16:18:52.731,77750,731.32,12.343176204872,713.911,156.535,2673.519
2026-05-19 16:18:52.731,78000,735.54,13.356552210605,715.645,169.917,2657.82
2026-05-19 16:18:52.732,78250,812.643,11.664130888513,795.862,164.295,2405.648
2026-05-19 16:18:52.732,78500,812.643,11.664130888513,795.862,164.295,2405.648
2026-05-19 16:18:52.835,78750,812.643,11.664130888513,795.862,164.295,2405.648
2026-05-19 16:18:52.835,79000,812.643,11.664130888513,795.862,164.295,2405.648
2026-05-19 16:18:52.836,79250,812.643,11.664130888513,795.862,164.295,2405.648
2026-05-19 16:18:52.836,79500,812.643,11.664130888513,795.862,164.295,2405.648
2026-05-19 16:18:52.837,79750,812.643,11.664130888513,795.862,164.295,2405.648
2026-05-19 16:18:52.945,80000,812.643,11.664130888513,795.862,164.295,2405.648
2026-05-19 16:18:52.945,80250,812.643,11.664130888513,795.862,164.295,2405.648
2026-05-19 16:18:52.946,80500,812.643,11.664130888513,795.862,164.295,2405.648
2026-05-19 16:18:52.946,80750,812.643,11.664130888513,795.862,164.295,2405.648
2026-05-19 16:18:53.069,81000,812.643,11.664130888513,795.862,164.295,2405.648
2026-05-19 16:18:53.070,81250,812.643,11.664130888513,795.862,164.295,2405.648
2026-05-19 16:18:53.070,81500,812.643,11.664130888513,795.862,164.295,2405.648
2026-05-19 16:18:53.070,81750,812.643,11.664130888513,795.862,164.295,2405.648
2026-05-19 16:18:53.071,82000,768.284,4.988331185097,765.374,66.805,2405.648
2026-05-19 16:18:53.071,82250,768.284,4.988331185097,765.374,66.805,2405.648
2026-05-19 16:18:53.182,82500,847.928,3.118494889807,846.603,45.473,2184.876
2026-05-19 16:18:53.182,82750,867.839,2.651035815985,866.91,40.14,2129.683
2026-05-19 16:18:53.183,83000,867.839,2.651035815985,866.91,40.14,2129.683
2026-05-19 16:18:53.183,83250,867.839,2.651035815985,866.91,40.14,2129.683
2026-05-19 16:18:53.183,83500,764.048,5.891081463675,760.013,78.42,2129.683
2026-05-19 16:18:53.300,83750,764.048,5.891081463675,760.013,78.42,2129.683
2026-05-19 16:18:53.301,84000,764.048,5.891081463675,760.013,78.42,2129.683
2026-05-19 16:18:53.301,84250,764.048,5.891081463675,760.013,78.42,2129.683
2026-05-19 16:18:53.302,84500,764.048,5.891081463675,760.013,78.42,2129.683
2026-05-19 16:18:53.302,84750,764.048,5.891081463675,760.013,78.42,2129.683
2026-05-19 16:18:53.404,85000,764.048,5.891081463675,760.013,78.42,2129.683
2026-05-19 16:18:53.405,85250,764.048,5.891081463675,760.013,78.42,2129.683
2026-05-19 16:18:53.405,85500,764.048,5.891081463675,760.013,78.42,2129.683
2026-05-19 16:18:53.406,85750,764.048,5.891081463675,760.013,78.42,2129.683
2026-05-19 16:18:53.515,86000,764.048,5.891081463675,760.013,78.42,2129.683
2026-05-19 16:18:53.516,86250,764.048,5.891081463675,760.013,78.42,2129.683
2026-05-19 16:18:53.516,86500,764.048,5.891081463675,760.013,78.42,2129.683
2026-05-19 16:18:53.516,86750,822.768,4.300459974084,820.328,60.597,1984.593
2026-05-19 16:18:53.517,87000,901.829,10.987589334819,885.297,171.885,1804.312
2026-05-19 16:18:53.630,87250,901.829,10.987589334819,885.297,171.885,1804.312
2026-05-19 16:18:53.631,87500,901.829,10.987589334819,885.297,171.885,1804.312
2026-05-19 16:18:53.631,87750,901.829,10.987589334819,885.297,171.885,1804.312
2026-05-19 16:18:53.631,88000,901.829,10.987589334819,885.297,171.885,1804.312
2026-05-19 16:18:53.632,88250,901.829,10.987589334819,885.297,171.885,1804.312
2026-05-19 16:18:53.749,88500,901.829,10.987589334819,885.297,171.885,1804.312
2026-05-19 16:18:53.750,88750,901.829,10.987589334819,885.297,171.885,1804.312
2026-05-19 16:18:53.750,89000,901.829,10.987589334819,885.297,171.885,1804.312
2026-05-19 16:18:53.751,89250,779.34,15.386092209961,751.408,206.776,1804.312
2026-05-19 16:18:53.751,89500,779.34,15.386092209961,751.408,206.776,1804.312
2026-05-19 16:18:53.869,89750,779.34,15.386092209961,751.408,206.776,1804.312
2026-05-19 16:18:53.869,90000,779.34,15.386092209961,751.408,206.776,1804.312
2026-05-19 16:18:53.870,90250,779.34,15.386092209961,751.408,206.776,1804.312
2026-05-19 16:18:53.870,90500,718.713,5.484098642271,715.423,68.687,1804.312
2026-05-19 16:18:53.871,90750,718.713,5.484098642271,715.423,68.687,1804.312
2026-05-19 16:18:53.871,91000,718.713,5.484098642271,715.423,68.687,1804.312
2026-05-19 16:18:53.989,91250,827.804,3.205361053526,826.509,46.287,1566.533
2026-05-19 16:18:53.989,91500,827.804,3.205361053526,826.509,46.287,1566.533
2026-05-19 16:18:53.990,91750,827.804,3.205361053526,826.509,46.287,1566.533
2026-05-19 16:18:53.990,92000,827.804,3.205361053526,826.509,46.287,1566.533
2026-05-19 16:18:53.991,92250,827.804,3.205361053526,826.509,46.287,1566.533
2026-05-19 16:18:54.105,92500,827.804,3.205361053526,826.509,46.287,1566.533
2026-05-19 16:18:54.105,92750,827.804,3.205361053526,826.509,46.287,1566.533
2026-05-19 16:18:54.106,93000,827.804,3.205361053526,826.509,46.287,1566.533
2026-05-19 16:18:54.106,93250,827.804,3.205361053526,826.509,46.287,1566.533
2026-05-19 16:18:54.106,93500,827.804,3.205361053526,826.509,46.287,1566.533
2026-05-19 16:18:54.216,93750,827.804,3.205361053526,826.509,46.287,1566.533
2026-05-19 16:18:54.216,94000,827.804,3.205361053526,826.509,46.287,1566.533
2026-05-19 16:18:54.217,94250,827.804,3.205361053526,826.509,46.287,1566.533
2026-05-19 16:18:54.217,94500,827.804,3.205361053526,826.509,46.287,1566.533
2026-05-19 16:18:54.218,94750,827.804,3.205361053526,826.509,46.287,1566.533
2026-05-19 16:18:54.334,95000,827.804,3.205361053526,826.509,46.287,1566.533
2026-05-19 16:18:54.334,95250,827.804,3.205361053526,826.509,46.287,1566.533
2026-05-19 16:18:54.335,95500,669.01,8.267779619867,662.057,96.203,1566.533
2026-05-19 16:18:54.335,95750,669.01,8.267779619867,662.057,96.203,1566.533
2026-05-19 16:18:54.335,96000,669.01,8.267779619867,662.057,96.203,1566.533
2026-05-19 16:18:54.448,96250,791.203,5.062418566341,788.117,69.817,1324.598
2026-05-19 16:18:54.448,96500,791.203,5.062418566341,788.117,69.817,1324.598
2026-05-19 16:18:54.449,96750,791.203,5.062418566341,788.117,69.817,1324.598
2026-05-19 16:18:54.449,97000,832.607,16.378847793135,798.818,234.785,1258.73
2026-05-19 16:18:54.450,97250,832.607,16.378847793135,798.818,234.785,1258.73
2026-05-19 16:18:54.569,97500,832.607,16.378847793135,798.818,234.785,1258.73
2026-05-19 16:18:54.570,97750,832.607,16.378847793135,798.818,234.785,1258.73
2026-05-19 16:18:54.570,98000,832.607,16.378847793135,798.818,234.785,1258.73
2026-05-19 16:18:54.571,98250,832.607,16.378847793135,798.818,234.785,1258.73
2026-05-19 16:18:54.571,98500,832.607,16.378847793135,798.818,234.785,1258.73
2026-05-19 16:18:54.674,98750,832.607,16.378847793135,798.818,234.785,1258.73
2026-05-19 16:18:54.675,99000,832.607,16.378847793135,798.818,234.785,1258.73
2026-05-19 16:18:54.675,99250,832.607,16.378847793135,798.818,234.785,1258.73
2026-05-19 16:18:54.676,99500,832.607,16.378847793135,798.818,234.785,1258.73
2026-05-19 16:18:54.676,99750,832.607,16.378847793135,798.818,234.785,1258.73
2026-05-19 16:18:54.794,100000,832.607,16.378847793135,798.818,234.785,1258.73
2026-05-19 16:18:55.345,10000,676.595,2.193113133438,676.099,25.892,13436.845
2026-05-19 16:18:55.449,10250,672.796,3.246101893262,671.716,38.097,13512.721
2026-05-19 16:18:55.569,10500,669.816,4.030930227573,668.159,47.085,13572.828
2026-05-19 16:18:55.689,10750,669.816,4.030930227573,668.159,47.085,13572.828
2026-05-19 16:18:55.921,11000,679.854,3.797246970793,678.359,45.035,13471.7
2026-05-19 16:18:56.030,11250,662.242,3.841211290707,660.729,44.343,13461.596
2026-05-19 16:18:56.134,11500,659.557,4.47084467103,657.55,51.414,13516.261
2026-05-19 16:18:56.246,11750,665.025,4.141205489452,663.284,48.044,13512.799
2026-05-19 16:18:56.369,12000,668.293,5.150496652961,665.581,59.98,13445.834
2026-05-19 16:18:56.488,12250,667.359,5.342002153657,664.46,62.131,13464.562
2026-05-19 16:18:56.604,12500,671.274,4.975868384114,668.736,58.25,13503.629
2026-05-19 16:18:56.720,12750,679.703,6.236507649743,675.667,73.822,13335.126
2026-05-19 16:18:56.947,13000,661.562,5.911221567776,658.045,68.133,13356.182
2026-05-19 16:18:57.050,13250,679.285,4.948338021807,676.753,58.593,13130.481
2026-05-19 16:18:57.165,13500,669.073,6.64685684961,664.565,77.431,13331.009
2026-05-19 16:18:57.269,13750,679.072,7.326934415703,673.527,86.603,13134.599
2026-05-19 16:18:57.389,14000,662.251,6.216578852822,658.357,71.713,13262.358
2026-05-19 16:18:57.504,14250,661.028,6.400509391116,656.896,73.673,13287.075
2026-05-19 16:18:57.504,14500,668.691,7.531042052755,662.911,87.623,13134.818
2026-05-19 16:18:57.616,14750,662.132,8.458590331627,654.918,97.377,13264.959
2026-05-19 16:18:57.722,15000,678.877,7.664701462365,672.811,90.546,13092.484
2026-05-19 16:18:57.830,15250,660.812,8.250049704041,653.973,94.822,13242.405
2026-05-19 16:18:57.948,15500,671.723,8.879386811079,663.673,103.684,13027.306
2026-05-19 16:18:58.069,15750,672.782,8.314741776578,665.71,97.291,13172.201
2026-05-19 16:18:58.189,16000,665.452,8.436015330496,658.241,97.603,12988.947
2026-05-19 16:18:58.299,16250,677.813,8.918946603935,669.617,105.086,12751.791
2026-05-19 16:18:58.300,16500,674.835,8.927751686168,666.65,104.704,12941.432
2026-05-19 16:18:58.404,16750,652.076,8.871182734837,644.276,100.559,13068.465
2026-05-19 16:18:58.516,17000,659.893,9.563741537656,650.719,109.632,12913.746
2026-05-19 16:18:58.630,17250,650.693,9.583060662089,641.61,108.317,12753.084
2026-05-19 16:18:58.746,17500,674.776,9.328723894692,665.843,109.356,12820.772
2026-05-19 16:18:58.869,17750,660.745,9.916649305119,650.873,113.79,12759.779
2026-05-19 16:18:58.869,18000,658.943,10.090620331848,648.742,115.427,12795.063
2026-05-19 16:18:58.983,18250,659.197,9.561993910632,649.998,109.487,12455.043
2026-05-19 16:18:59.100,18500,665.443,9.976624044243,655.381,115.286,12550.956
2026-05-19 16:18:59.100,18750,658.071,10.624715950358,646.782,121.31,12691.963
2026-05-19 16:18:59.216,19000,665.736,11.623322298259,652.084,134.13,12545.442
2026-05-19 16:18:59.318,19250,647.541,12.300296178985,632.676,137.949,12576.098
2026-05-19 16:18:59.430,19500,662.442,9.835000170302,652.706,113.153,12201.072
2026-05-19 16:18:59.430,19750,651.534,10.69250009151,640.222,120.884,12405.335
2026-05-19 16:18:59.548,20000,646.789,12.000335180742,632.654,134.479,12496.347
2026-05-19 16:18:59.668,20250,651.849,12.533871187465,636.289,141.489,12399.838
2026-05-19 16:18:59.669,20500,629.541,12.497490981813,614.624,136.231,12527.324
2026-05-19 16:18:59.783,20750,653.685,11.783830277615,639.903,133.463,12296.73
2026-05-19 16:18:59.889,21000,644.699,12.037987686389,630.521,134.458,12215.004
2026-05-19 16:18:59.889,21250,633.889,12.753922493137,618.249,139.94,12423.301
2026-05-19 16:19:00.000,21500,641.921,13.761444469712,623.495,152.7,12267.856
2026-05-19 16:19:00.116,21750,634.582,13.558843237387,616.896,148.774,12120.784
2026-05-19 16:19:00.116,22000,654.937,13.047641759968,638.006,147.878,12004.416
2026-05-19 16:19:00.229,22250,656.513,13.256051620327,639.02,150.54,11975.324
2026-05-19 16:19:00.332,22500,648.566,12.963214929895,632.037,145.49,11838.163
2026-05-19 16:19:00.333,22750,642.99,14.25498314529,623.176,158.34,11940.992
2026-05-19 16:19:00.449,23000,629.112,13.042878999294,612.882,141.978,11918.434
2026-05-19 16:19:00.569,23250,635.812,14.093146516866,616.675,154.82,11792.834
2026-05-19 16:19:00.570,23500,635.812,14.093146516866,616.675,154.82,11792.834
2026-05-19 16:19:00.689,23750,629.312,13.916922397317,610.838,151.359,11665.575
2026-05-19 16:19:00.690,24000,651.648,13.826057524658,632.767,155.728,11542.905
2026-05-19 16:19:00.804,24250,648.755,11.812254399565,635.017,132.804,11341.531
2026-05-19 16:19:00.805,24500,643.323,13.383791460782,625.851,148.912,11437.299
2026-05-19 16:19:00.914,24750,643.323,13.383791460782,625.851,148.912,11437.299
2026-05-19 16:19:01.025,25000,636.292,13.077404886129,619.79,143.972,11325.417
2026-05-19 16:19:01.026,25250,636.292,13.077404886129,619.79,143.972,11325.417
2026-05-19 16:19:01.140,25500,635.703,12.337625527196,621.022,135.808,11098.919
2026-05-19 16:19:01.141,25750,642.819,13.214308147421,625.77,146.934,10975.763
2026-05-19 16:19:01.246,26000,646.455,13.366455476345,628.943,149.446,10913.413
2026-05-19 16:19:01.247,26250,634.97,11.941035082767,621.23,131.378,10913.413
2026-05-19 16:19:01.350,26500,647.17,13.894660071952,628.196,155.355,10708.002
2026-05-19 16:19:01.469,26750,631.057,12.883810507224,615.145,140.717,10763.025
2026-05-19 16:19:01.470,27000,647.065,12.048677301561,632.81,135.07,10495.881
2026-05-19 16:19:01.584,27250,651.403,13.062079578187,634.519,147.234,10426.093
2026-05-19 16:19:01.584,27500,640.006,11.578088135794,626.983,128.451,10408.646
2026-05-19 16:19:01.689,27750,643.25,12.4010623834,628.192,138.161,10356.328
2026-05-19 16:19:01.689,28000,647.345,10.576535941504,636.347,118.819,10087.764
2026-05-19 16:19:01.804,28250,651.2,11.592984131762,637.887,130.876,10028.14
2026-05-19 16:19:01.805,28500,668.343,11.388637620341,655.184,131.973,9770.828
2026-05-19 16:19:01.916,28750,662.3,11.058345710305,650.002,127.035,9692.569
2026-05-19 16:19:01.916,29000,688.212,10.377345729456,676.957,123.864,9331.862
2026-05-19 16:19:02.031,29250,649.808,12.210272399885,635.11,137.409,9703.853
2026-05-19 16:19:02.031,29500,671.181,11.751428107934,657.116,136.664,9395.171
2026-05-19 16:19:02.149,29750,696.996,11.196106763137,683.731,135.334,9045.46
2026-05-19 16:19:02.150,30000,685.05,9.053662924275,676.515,107.799,9045.46
2026-05-19 16:19:02.269,30250,710.474,10.414199508756,698.77,128.427,8721.77
2026-05-19 16:19:02.269,30500,703.833,9.882156051756,693.39,120.793,8667.367
2026-05-19 16:19:02.270,30750,703.833,9.882156051756,693.39,120.793,8667.367
2026-05-19 16:19:02.384,31000,729.801,11.281640834646,715.7,142.772,8358.959
2026-05-19 16:19:02.384,31250,718.266,8.822451057555,709.768,110.163,8358.959
2026-05-19 16:19:02.489,31500,721.984,10.605524736896,709.65,132.878,8315.916
2026-05-19 16:19:02.489,31750,721.984,10.605524736896,709.65,132.878,8315.916
2026-05-19 16:19:02.604,32000,698.982,10.787497695928,686.629,130.826,8150.448
2026-05-19 16:19:02.605,32250,698.982,10.787497695928,686.629,130.826,8150.448
2026-05-19 16:19:02.715,32500,681.405,10.179786587346,670.678,120.43,8254.334
2026-05-19 16:19:02.715,32750,692.352,10.100651149121,681.621,121.423,8123.823
2026-05-19 16:19:02.819,33000,693.869,11.840155233589,679.106,142.369,8106.062
2026-05-19 16:19:02.819,33250,708.896,9.171630368671,699.833,112.993,7847.494
2026-05-19 16:19:02.935,33500,709.874,11.033115636341,696.753,135.853,7836.682
2026-05-19 16:19:02.935,33750,709.874,11.033115636341,696.753,135.853,7836.682
2026-05-19 16:19:02.936,34000,703.39,8.379910638435,695.88,102.509,7836.682
2026-05-19 16:19:03.045,34250,672.057,11.748813040367,657.977,136.845,7836.352
2026-05-19 16:19:03.045,34500,695.388,11.79756284123,680.699,142.175,7573.434
2026-05-19 16:19:03.162,34750,689.141,11.048746114132,676.367,132.07,7584.66
2026-05-19 16:19:03.163,35000,689.141,11.048746114132,676.367,132.07,7584.66
2026-05-19 16:19:03.269,35250,689.141,11.048746114132,676.367,132.07,7584.66
2026-05-19 16:19:03.269,35500,707.427,10.572990935413,695.417,129.804,7351.148
2026-05-19 16:19:03.270,35750,675.193,10.810802651826,663.21,126.644,7351.148
2026-05-19 16:19:03.389,36000,672.563,12.750561704903,655.978,148.439,7379.893
2026-05-19 16:19:03.390,36250,670.341,9.869929926236,660.419,114.905,7379.893
2026-05-19 16:19:03.499,36500,696.045,10.16101657182,685.128,122.793,7107.365
2026-05-19 16:19:03.499,36750,691.889,12.34463666694,675.892,147.92,7150.05
2026-05-19 16:19:03.618,37000,691.819,7.841828501533,685.35,94.391,7150.05
2026-05-19 16:19:03.619,37250,657.478,7.728020965289,651.507,88.412,7150.05
2026-05-19 16:19:03.619,37500,676.063,10.157701201567,665.466,119.229,6953.496
2026-05-19 16:19:03.732,37750,676.063,10.157701201567,665.466,119.229,6953.496
2026-05-19 16:19:03.733,38000,678.553,7.032038876734,673.449,83.071,6953.496
2026-05-19 16:19:03.733,38250,672.998,9.003546959045,664.706,105.321,7010.893
2026-05-19 16:19:03.849,38500,696.744,9.524001090821,687.14,115.284,6771.954
2026-05-19 16:19:03.849,38750,663.777,5.944597386677,660.207,68.745,6771.954
2026-05-19 16:19:03.849,39000,656.856,8.040234124673,650.399,91.873,6843.309
2026-05-19 16:19:03.961,39250,671.862,8.442071913287,664.561,98.703,6692.704
2026-05-19 16:19:03.961,39500,681.866,8.709963772362,674.002,103.257,6592.3
2026-05-19 16:19:04.073,39750,688.68,5.64549072619,685.339,67.748,6592.3
2026-05-19 16:19:04.074,40000,641.366,7.302753063179,636.163,81.525,6686.555
2026-05-19 16:19:04.074,40250,662.441,7.99262332117,656.006,92.11,6473.826
2026-05-19 16:19:04.189,40500,662.441,7.99262332117,656.006,92.11,6473.826
2026-05-19 16:19:04.189,40750,662.441,7.99262332117,656.006,92.11,6473.826
2026-05-19 16:19:04.303,41000,698.935,5.381555876635,695.855,65.552,6232.339
2026-05-19 16:19:04.304,41250,658.839,6.860984372709,654.121,78.705,6333.95
2026-05-19 16:19:04.304,41500,658.839,6.860984372709,654.121,78.705,6333.95
2026-05-19 16:19:04.416,41750,683.119,7.79698731103,676.804,92.674,6108.821
2026-05-19 16:19:04.416,42000,696.144,4.578237086643,693.923,55.566,6108.821
2026-05-19 16:19:04.417,42250,696.144,4.578237086643,693.923,55.566,6108.821
2026-05-19 16:19:04.529,42500,683.127,4.370893837436,681.14,52.063,5878.243
2026-05-19 16:19:04.530,42750,670.393,6.498406258521,666.086,75.872,5989.9
2026-05-19 16:19:04.530,43000,670.393,6.498406258521,666.086,75.872,5989.9
2026-05-19 16:19:04.638,43250,711.546,4.488301783594,709.364,55.682,5776.334
2026-05-19 16:19:04.638,43500,711.546,4.488301783594,709.364,55.682,5776.334
2026-05-19 16:19:04.639,43750,671.265,2.905808788588,670.402,34.029,5776.334
2026-05-19 16:19:04.747,44000,676.532,3.15720363853,675.473,37.351,5732.723
2026-05-19 16:19:04.748,44250,681.556,6.345395372185,677.38,75.327,5689.117
2026-05-19 16:19:04.748,44500,681.556,6.345395372185,677.38,75.327,5689.117
2026-05-19 16:19:04.864,44750,724.944,4.264644052448,722.89,54.023,5513.134
2026-05-19 16:19:04.864,45000,691.199,2.701680771284,690.431,32.58,5469.138
2026-05-19 16:19:04.865,45250,691.199,2.701680771284,690.431,32.58,5469.138
2026-05-19 16:19:04.982,45500,691.199,2.701680771284,690.431,32.58,5469.138
2026-05-19 16:19:04.982,45750,719.623,4.305275352727,717.592,54.022,5253.117
2026-05-19 16:19:04.983,46000,681.325,2.32738859169,680.763,27.668,5253.117
2026-05-19 16:19:05.099,46250,693.37,0.776216146027,693.307,9.393,5398.146
2026-05-19 16:19:05.100,46500,713.591,2.078493241294,713.121,25.881,5245.182
2026-05-19 16:19:05.100,46750,713.591,2.078493241294,713.121,25.881,5245.182
2026-05-19 16:19:05.203,47000,713.591,2.078493241294,713.121,25.881,5245.182
2026-05-19 16:19:05.203,47250,703.359,1.546106573568,703.103,18.978,5046.496
2026-05-19 16:19:05.203,47500,703.359,1.546106573568,703.103,18.978,5046.496
2026-05-19 16:19:05.314,47750,703.359,1.546106573568,703.103,18.978,5046.496
2026-05-19 16:19:05.314,48000,731.77,3.577998794431,730.343,45.668,4850.57
2026-05-19 16:19:05.419,48250,731.77,3.577998794431,730.343,45.668,4850.57
2026-05-19 16:19:05.420,48500,730.424,-2.130370559661,729.919,-27.152,4850.57
2026-05-19 16:19:05.420,48750,730.424,2.130370559661,729.919,27.152,4850.57
2026-05-19 16:19:05.532,49000,730.424,2.130370559661,729.919,27.152,4850.57
2026-05-19 16:19:05.532,49250,755.652,4.307248500975,753.518,56.753,4688.632
2026-05-19 16:19:05.533,49500,717.872,1.206511908056,717.713,15.116,4688.632
2026-05-19 16:19:05.646,49750,717.872,1.206511908056,717.713,15.116,4688.632
2026-05-19 16:19:05.647,50000,717.872,1.206511908056,717.713,15.116,4688.632
2026-05-19 16:19:05.647,50250,733.056,2.65151408393,732.105,34.16,4592.841
2026-05-19 16:19:05.647,50500,743.178,3.614848867846,741.699,46.857,4528.98
2026-05-19 16:19:05.768,50750,743.178,3.614848867846,741.699,46.857,4528.98
2026-05-19 16:19:05.769,51000,745.487,-2.737080263799,744.636,-35.599,4528.98
2026-05-19 16:19:05.769,51250,770.801,-0.200183809024,770.797,-2.693,4380.24
2026-05-19 16:19:05.884,51500,770.801,-0.200183809024,770.797,-2.693,4380.24
2026-05-19 16:19:05.884,51750,770.801,-0.200183809024,770.797,-2.693,4380.24
2026-05-19 16:19:05.885,52000,776.202,0.378033254038,776.023,5.337,4350.588
2026-05-19 16:19:05.885,52250,764.528,-0.96498674906,764.42,-12.876,4231.978
2026-05-19 16:19:06.000,52500,764.528,-0.96498674906,764.42,-12.876,4231.978
2026-05-19 16:19:06.000,52750,764.528,-0.96498674906,764.42,-12.876,4231.978
2026-05-19 16:19:06.001,53000,792.729,2.468692288184,791.993,34.146,4081.427
2026-05-19 16:19:06.114,53250,792.729,2.468692288184,791.993,34.146,4081.427
2026-05-19 16:19:06.115,53500,792.729,2.468692288184,791.993,34.146,4081.427
2026-05-19 16:19:06.115,53750,763.088,-1.311068106816,762.888,-17.46,4081.427
2026-05-19 16:19:06.116,54000,763.088,-1.311068106816,762.888,-17.46,4081.427
2026-05-19 16:19:06.232,54250,786.363,1.954219500056,785.906,26.816,3960.624
2026-05-19 16:19:06.235,54500,786.363,1.954219500056,785.906,26.816,3960.624
2026-05-19 16:19:06.236,54750,786.363,1.954219500056,785.906,26.816,3960.624
2026-05-19 16:19:06.236,55000,790.542,2.613074885815,789.499,36.221,3940.121
2026-05-19 16:19:06.347,55250,807.257,5.248496428853,803.872,73.844,3858.112
2026-05-19 16:19:06.348,55500,778.862,1.046230596484,778.732,14.221,3858.112
2026-05-19 16:19:06.348,55750,778.862,1.046230596484,778.732,14.221,3858.112
2026-05-19 16:19:06.469,56000,778.862,1.046230596484,778.732,14.221,3858.112
2026-05-19 16:19:06.471,56250,778.862,1.046230596484,778.732,14.221,3858.112
2026-05-19 16:19:06.471,56500,778.862,1.046230596484,778.732,14.221,3858.112
2026-05-19 16:19:06.472,56750,797.833,4.622963174789,795.237,64.304,3766.372
2026-05-19 16:19:06.574,57000,797.833,4.622963174789,795.237,64.304,3766.372
2026-05-19 16:19:06.575,57250,797.833,4.622963174789,795.237,64.304,3766.372
2026-05-19 16:19:06.575,57500,797.833,4.622963174789,795.237,64.304,3766.372
2026-05-19 16:19:06.688,57750,797.833,4.622963174789,795.237,64.304,3766.372
2026-05-19 16:19:06.689,58000,797.833,4.622963174789,795.237,64.304,3766.372
2026-05-19 16:19:06.690,58250,788.738,3.804466545564,787.0,52.334,3684.696
2026-05-19 16:19:06.800,58500,852.053,2.340504006856,851.342,34.796,3684.696
2026-05-19 16:19:06.801,58750,865.659,6.169069140534,860.646,93.026,3626.782
2026-05-19 16:19:06.801,59000,865.659,6.169069140534,860.646,93.026,3626.782
2026-05-19 16:19:06.801,59250,847.65,1.799164361755,847.232,26.613,3626.782
2026-05-19 16:19:06.916,59500,847.65,1.799164361755,847.232,26.613,3626.782
2026-05-19 16:19:06.916,59750,847.65,1.799164361755,847.232,26.613,3626.782
2026-05-19 16:19:06.917,60000,793.776,5.335892599035,789.893,73.976,3661.531
2026-05-19 16:19:07.033,60250,813.177,7.461732874461,806.294,105.46,3576.867
2026-05-19 16:19:07.033,60500,860.552,6.776537655338,854.54,101.543,3377.207
2026-05-19 16:19:07.034,60750,860.552,6.776537655338,854.54,101.543,3377.207
2026-05-19 16:19:07.034,61000,860.552,6.776537655338,854.54,101.543,3377.207
2026-05-19 16:19:07.035,61250,860.552,6.776537655338,854.54,101.543,3377.207
2026-05-19 16:19:07.152,61500,860.552,6.776537655338,854.54,101.543,3377.207
2026-05-19 16:19:07.152,61750,860.552,6.776537655338,854.54,101.543,3377.207
2026-05-19 16:19:07.153,62000,860.552,6.776537655338,854.54,101.543,3377.207
2026-05-19 16:19:07.153,62250,860.552,6.776537655338,854.54,101.543,3377.207
2026-05-19 16:19:07.269,62500,860.552,6.776537655338,854.54,101.543,3377.207
2026-05-19 16:19:07.269,62750,860.552,6.776537655338,854.54,101.543,3377.207
2026-05-19 16:19:07.270,63000,860.552,6.776537655338,854.54,101.543,3377.207
2026-05-19 16:19:07.270,63250,793.217,8.464985041542,784.575,116.765,3377.207
2026-05-19 16:19:07.384,63500,793.217,8.464985041542,784.575,116.765,3377.207
2026-05-19 16:19:07.384,63750,793.217,8.464985041542,784.575,116.765,3377.207
2026-05-19 16:19:07.385,64000,793.217,8.464985041542,784.575,116.765,3377.207
2026-05-19 16:19:07.385,64250,793.217,8.464985041542,784.575,116.765,3377.207
2026-05-19 16:19:07.491,64500,793.217,8.464985041542,784.575,116.765,3377.207
2026-05-19 16:19:07.491,64750,853.088,7.52231470369,845.747,111.68,3140.187
2026-05-19 16:19:07.491,65000,853.088,7.52231470369,845.747,111.68,3140.187
2026-05-19 16:19:07.492,65250,853.088,7.52231470369,845.747,111.68,3140.187
2026-05-19 16:19:07.599,65500,849.539,6.648333747934,843.413,98.531,3153.529
2026-05-19 16:19:07.599,65750,835.341,3.152409924911,834.077,45.937,3206.9
2026-05-19 16:19:07.600,66000,835.341,3.152409924911,834.077,45.937,3206.9
2026-05-19 16:19:07.600,66250,835.341,3.152409924911,834.077,45.937,3206.9
2026-05-19 16:19:07.704,66500,835.341,3.152409924911,834.077,45.937,3206.9
2026-05-19 16:19:07.705,66750,835.341,3.152409924911,834.077,45.937,3206.9
2026-05-19 16:19:07.705,67000,835.341,3.152409924911,834.077,45.937,3206.9
2026-05-19 16:19:07.706,67250,760.787,5.294168888362,757.542,70.197,3206.9
2026-05-19 16:19:07.817,67500,760.787,5.294168888362,757.542,70.197,3206.9
2026-05-19 16:19:07.818,67750,760.787,5.294168888362,757.542,70.197,3206.9
2026-05-19 16:19:07.818,68000,760.787,5.294168888362,757.542,70.197,3206.9
2026-05-19 16:19:07.819,68250,760.787,5.294168888362,757.542,70.197,3206.9
2026-05-19 16:19:07.929,68500,760.787,5.294168888362,757.542,70.197,3206.9
2026-05-19 16:19:07.930,68750,821.858,3.830206349655,820.022,54.9,2968.602
2026-05-19 16:19:07.930,69000,821.858,3.830206349655,820.022,54.9,2968.602
2026-05-19 16:19:07.931,69250,861.184,9.397957012713,849.625,140.623,2968.602
2026-05-19 16:19:08.047,69500,861.184,9.397957012713,849.625,140.623,2968.602
2026-05-19 16:19:08.048,69750,861.184,9.397957012713,849.625,140.623,2968.602
2026-05-19 16:19:08.048,70000,861.184,9.397957012713,849.625,140.623,2968.602
2026-05-19 16:19:08.048,70250,861.184,9.397957012713,849.625,140.623,2968.602
2026-05-19 16:19:08.167,70500,861.184,9.397957012713,849.625,140.623,2968.602
2026-05-19 16:19:08.167,70750,861.184,9.397957012713,849.625,140.623,2968.602
2026-05-19 16:19:08.168,71000,861.184,9.397957012713,849.625,140.623,2968.602
2026-05-19 16:19:08.168,71250,861.184,9.397957012713,849.625,140.623,2968.602
2026-05-19 16:19:08.284,71500,861.184,9.397957012713,849.625,140.623,2968.602
2026-05-19 16:19:08.284,71750,861.184,9.397957012713,849.625,140.623,2968.602
2026-05-19 16:19:08.285,72000,734.391,6.742693581464,729.311,86.225,2968.602
2026-05-19 16:19:08.285,72250,778.15,12.766084195971,758.914,171.949,2968.602
2026-05-19 16:19:08.400,72500,778.15,12.766084195971,758.914,171.949,2968.602
2026-05-19 16:19:08.400,72750,734.391,6.742693581464,729.311,86.225,2968.602
2026-05-19 16:19:08.401,73000,752.696,11.441198515189,737.74,149.306,2896.405
2026-05-19 16:19:08.401,73250,766.21,11.177184056936,751.691,148.274,2848.688
2026-05-19 16:19:08.515,73500,820.264,10.121126223922,807.499,144.145,2657.82
2026-05-19 16:19:08.516,73750,820.264,10.121126223922,807.499,144.145,2657.82
2026-05-19 16:19:08.517,74000,820.264,10.121126223922,807.499,144.145,2657.82
2026-05-19 16:19:08.517,74250,820.264,10.121126223922,807.499,144.145,2657.82
2026-05-19 16:19:08.518,74500,820.264,10.121126223922,807.499,144.145,2657.82
2026-05-19 16:19:08.631,74750,820.264,10.121126223922,807.499,144.145,2657.82
2026-05-19 16:19:08.631,75000,820.264,10.121126223922,807.499,144.145,2657.82
2026-05-19 16:19:08.632,75250,820.264,10.121126223922,807.499,144.145,2657.82
2026-05-19 16:19:08.632,75500,796.732,5.05424619526,793.634,70.191,2736.319
2026-05-19 16:19:08.746,75750,796.732,5.05424619526,793.634,70.191,2736.319
2026-05-19 16:19:08.746,76000,796.732,5.05424619526,793.634,70.191,2736.319
2026-05-19 16:19:08.746,76250,796.732,5.05424619526,793.634,70.191,2736.319
2026-05-19 16:19:08.747,76500,796.732,5.05424619526,793.634,70.191,2736.319
2026-05-19 16:19:08.747,76750,796.732,5.05424619526,793.634,70.191,2736.319
2026-05-19 16:19:08.856,77000,796.732,5.05424619526,793.634,70.191,2736.319
2026-05-19 16:19:08.857,77250,796.732,5.05424619526,793.634,70.191,2736.319
2026-05-19 16:19:08.857,77500,796.732,5.05424619526,793.634,70.191,2736.319
2026-05-19 16:19:08.858,77750,731.32,12.343176204872,713.911,156.535,2673.519
2026-05-19 16:19:08.974,78000,735.54,13.356552210605,715.645,169.917,2657.82
2026-05-19 16:19:08.974,78250,812.643,11.664130888513,795.862,164.295,2405.648
2026-05-19 16:19:08.975,78500,812.643,11.664130888513,795.862,164.295,2405.648
2026-05-19 16:19:08.975,78750,812.643,11.664130888513,795.862,164.295,2405.648
2026-05-19 16:19:08.975,79000,812.643,11.664130888513,795.862,164.295,2405.648
2026-05-19 16:19:08.976,79250,812.643,11.664130888513,795.862,164.295,2405.648
2026-05-19 16:19:09.083,79500,812.643,11.664130888513,795.862,164.295,2405.648
2026-05-19 16:19:09.084,79750,812.643,11.664130888513,795.862,164.295,2405.648
2026-05-19 16:19:09.084,80000,812.643,11.664130888513,795.862,164.295,2405.648
2026-05-19 16:19:09.084,80250,812.643,11.664130888513,795.862,164.295,2405.648
2026-05-19 16:19:09.188,80500,812.643,11.664130888513,795.862,164.295,2405.648
2026-05-19 16:19:09.189,80750,812.643,11.664130888513,795.862,164.295,2405.648
2026-05-19 16:19:09.189,81000,812.643,11.664130888513,795.862,164.295,2405.648
2026-05-19 16:19:09.190,81250,812.643,11.664130888513,795.862,164.295,2405.648
2026-05-19 16:19:09.190,81500,812.643,11.664130888513,795.862,164.295,2405.648
2026-05-19 16:19:09.298,81750,812.643,11.664130888513,795.862,164.295,2405.648
2026-05-19 16:19:09.299,82000,768.284,4.988331185097,765.374,66.805,2405.648
2026-05-19 16:19:09.299,82250,768.284,4.988331185097,765.374,66.805,2405.648
2026-05-19 16:19:09.300,82500,847.928,3.118494889807,846.603,45.473,2184.876
2026-05-19 16:19:09.300,82750,867.839,2.651035815985,866.91,40.14,2129.683
2026-05-19 16:19:09.413,83000,867.839,2.651035815985,866.91,40.14,2129.683
2026-05-19 16:19:09.414,83250,867.839,2.651035815985,866.91,40.14,2129.683
2026-05-19 16:19:09.414,83500,764.048,5.891081463675,760.013,78.42,2129.683
2026-05-19 16:19:09.415,83750,764.048,5.891081463675,760.013,78.42,2129.683
2026-05-19 16:19:09.415,84000,764.048,5.891081463675,760.013,78.42,2129.683
2026-05-19 16:19:09.520,84250,764.048,5.891081463675,760.013,78.42,2129.683
2026-05-19 16:19:09.520,84500,764.048,5.891081463675,760.013,78.42,2129.683
2026-05-19 16:19:09.521,84750,764.048,5.891081463675,760.013,78.42,2129.683
2026-05-19 16:19:09.521,85000,764.048,5.891081463675,760.013,78.42,2129.683
2026-05-19 16:19:09.625,85250,764.048,5.891081463675,760.013,78.42,2129.683
2026-05-19 16:19:09.625,85500,764.048,5.891081463675,760.013,78.42,2129.683
2026-05-19 16:19:09.626,85750,764.048,5.891081463675,760.013,78.42,2129.683
2026-05-19 16:19:09.626,86000,764.048,5.891081463675,760.013,78.42,2129.683
2026-05-19 16:19:09.626,86250,764.048,5.891081463675,760.013,78.42,2129.683
2026-05-19 16:19:09.738,86500,764.048,5.891081463675,760.013,78.42,2129.683
2026-05-19 16:19:09.739,86750,822.768,4.300459974084,820.328,60.597,1984.593
2026-05-19 16:19:09.739,87000,901.829,10.987589334819,885.297,171.885,1804.312
2026-05-19 16:19:09.740,87250,901.829,10.987589334819,885.297,171.885,1804.312
2026-05-19 16:19:09.740,87500,901.829,10.987589334819,885.297,171.885,1804.312
2026-05-19 16:19:09.851,87750,901.829,10.987589334819,885.297,171.885,1804.312
2026-05-19 16:19:09.851,88000,901.829,10.987589334819,885.297,171.885,1804.312
2026-05-19 16:19:09.852,88250,901.829,10.987589334819,885.297,171.885,1804.312
2026-05-19 16:19:09.852,88500,901.829,10.987589334819,885.297,171.885,1804.312
2026-05-19 16:19:09.852,88750,901.829,10.987589334819,885.297,171.885,1804.312
2026-05-19 16:19:09.961,89000,901.829,10.987589334819,885.297,171.885,1804.312
2026-05-19 16:19:09.961,89250,779.34,15.386092209961,751.408,206.776,1804.312
2026-05-19 16:19:09.962,89500,779.34,15.386092209961,751.408,206.776,1804.312
2026-05-19 16:19:09.962,89750,779.34,15.386092209961,751.408,206.776,1804.312
2026-05-19 16:19:10.074,90000,779.34,15.386092209961,751.408,206.776,1804.312
2026-05-19 16:19:10.075,90250,779.34,15.386092209961,751.408,206.776,1804.312
2026-05-19 16:19:10.075,90500,718.713,5.484098642271,715.423,68.687,1804.312
2026-05-19 16:19:10.076,90750,718.713,5.484098642271,715.423,68.687,1804.312
2026-05-19 16:19:10.076,91000,718.713,5.484098642271,715.423,68.687,1804.312
2026-05-19 16:19:10.188,91250,827.804,3.205361053526,826.509,46.287,1566.533
2026-05-19 16:19:10.189,91500,827.804,3.205361053526,826.509,46.287,1566.533
2026-05-19 16:19:10.189,91750,827.804,3.205361053526,826.509,46.287,1566.533
2026-05-19 16:19:10.189,92000,827.804,3.205361053526,826.509,46.287,1566.533
2026-05-19 16:19:10.190,92250,827.804,3.205361053526,826.509,46.287,1566.533
2026-05-19 16:19:10.300,92500,827.804,3.205361053526,826.509,46.287,1566.533
2026-05-19 16:19:10.301,92750,827.804,3.205361053526,826.509,46.287,1566.533
2026-05-19 16:19:10.301,93000,827.804,3.205361053526,826.509,46.287,1566.533
2026-05-19 16:19:10.302,93250,827.804,3.205361053526,826.509,46.287,1566.533
2026-05-19 16:19:10.302,93500,827.804,3.205361053526,826.509,46.287,1566.533
2026-05-19 16:19:10.415,93750,827.804,3.205361053526,826.509,46.287,1566.533
2026-05-19 16:19:10.416,94000,827.804,3.205361053526,826.509,46.287,1566.533
2026-05-19 16:19:10.416,94250,827.804,3.205361053526,826.509,46.287,1566.533
2026-05-19 16:19:10.417,94500,827.804,3.205361053526,826.509,46.287,1566.533
2026-05-19 16:19:10.417,94750,827.804,3.205361053526,826.509,46.287,1566.533
2026-05-19 16:19:10.538,95000,827.804,3.205361053526,826.509,46.287,1566.533
2026-05-19 16:19:10.539,95250,827.804,3.205361053526,826.509,46.287,1566.533
2026-05-19 16:19:10.539,95500,669.01,8.267779619867,662.057,96.203,1566.533
2026-05-19 16:19:10.540,95750,669.01,8.267779619867,662.057,96.203,1566.533
2026-05-19 16:19:10.540,96000,669.01,8.267779619867,662.057,96.203,1566.533
2026-05-19 16:19:10.541,96250,791.203,5.062418566341,788.117,69.817,1324.598
2026-05-19 16:19:10.648,96500,791.203,5.062418566341,788.117,69.817,1324.598
2026-05-19 16:19:10.649,96750,791.203,5.062418566341,788.117,69.817,1324.598
2026-05-19 16:19:10.649,97000,832.607,16.378847793135,798.818,234.785,1258.73
2026-05-19 16:19:10.650,97250,832.607,16.378847793135,798.818,234.785,1258.73
2026-05-19 16:19:10.769,97500,832.607,16.378847793135,798.818,234.785,1258.73
2026-05-19 16:19:10.769,97750,832.607,16.378847793135,798.818,234.785,1258.73
2026-05-19 16:19:10.769,98000,832.607,16.378847793135,798.818,234.785,1258.73
2026-05-19 16:19:10.770,98250,832.607,16.378847793135,798.818,234.785,1258.73
2026-05-19 16:19:10.770,98500,832.607,16.378847793135,798.818,234.785,1258.73
2026-05-19 16:19:10.771,98750,832.607,16.378847793135,798.818,234.785,1258.73
2026-05-19 16:19:10.888,99000,832.607,16.378847793135,798.818,234.785,1258.73
2026-05-19 16:19:10.889,99250,832.607,16.378847793135,798.818,234.785,1258.73
2026-05-19 16:19:10.890,99500,832.607,16.378847793135,798.818,234.785,1258.73
2026-05-19 16:19:10.890,99750,832.607,16.378847793135,798.818,234.785,1258.73
2026-05-19 16:19:10.891,100000,832.607,16.378847793135,798.818,234.785,1258.73
2026-05-19 16:19:11.533,10000,676.595,2.193113133438,676.099,25.892,13436.845
2026-05-19 16:19:11.648,10250,672.796,3.246101893262,671.716,38.097,13512.721
2026-05-19 16:19:11.768,10500,669.816,4.030930227573,668.159,47.085,13572.828
2026-05-19 16:19:11.883,10750,669.816,4.030930227573,668.159,47.085,13572.828
2026-05-19 16:19:12.115,11000,677.529,3.727242337196,676.092,44.061,13518.247
2026-05-19 16:19:12.231,11250,663.137,3.631333497266,661.789,41.986,13443.374
2026-05-19 16:19:12.347,11500,659.557,4.47084467103,657.55,51.414,13516.261
2026-05-19 16:19:12.468,11750,665.025,4.141205489452,663.284,48.044,13512.799
2026-05-19 16:19:12.579,12000,668.293,5.150496652961,665.581,59.98,13445.834
2026-05-19 16:19:12.698,12250,667.359,5.342002153657,664.46,62.131,13464.562
2026-05-19 16:19:12.815,12500,674.46,5.098562966565,671.778,59.979,13440.447
2026-05-19 16:19:12.931,12750,679.703,6.236507649743,675.667,73.822,13335.126
2026-05-19 16:19:13.045,13000,661.562,5.911221567776,658.045,68.133,13356.182
2026-05-19 16:19:13.156,13250,682.789,4.847480653376,680.344,57.673,13064.451
2026-05-19 16:19:13.269,13500,670.135,6.473559687281,665.846,75.533,13309.958
2026-05-19 16:19:13.379,13750,679.072,7.326934415703,673.527,86.603,13134.599
2026-05-19 16:19:13.484,14000,662.251,6.216578852822,658.357,71.713,13262.358
2026-05-19 16:19:13.598,14250,661.028,6.400509391116,656.896,73.673,13287.075
2026-05-19 16:19:13.701,14500,668.691,7.531042052755,662.911,87.623,13134.818
2026-05-19 16:19:13.816,14750,660.814,8.643971525179,653.308,99.316,13291.208
2026-05-19 16:19:13.931,15000,678.877,7.664701462365,672.811,90.546,13092.484
2026-05-19 16:19:14.048,15250,660.812,8.250049704041,653.973,94.822,13242.405
2026-05-19 16:19:14.159,15500,671.723,8.879386811079,663.673,103.684,13027.306
2026-05-19 16:19:14.268,15750,672.782,8.314741776578,665.71,97.291,13172.201
2026-05-19 16:19:14.385,16000,665.452,8.436015330496,658.241,97.603,12988.947
2026-05-19 16:19:14.499,16250,677.813,8.918946603935,669.617,105.086,12751.791
2026-05-19 16:19:14.500,16500,674.835,8.927751686168,666.65,104.704,12941.432
2026-05-19 16:19:14.615,16750,652.076,8.871182734837,644.276,100.559,13068.465
2026-05-19 16:19:14.730,17000,659.893,9.563741537656,650.719,109.632,12913.746
2026-05-19 16:19:14.844,17250,650.693,9.583060662089,641.61,108.317,12753.084
2026-05-19 16:19:14.956,17500,674.776,9.328723894692,665.843,109.356,12820.772
2026-05-19 16:19:14.957,17750,660.745,9.916649305119,650.873,113.79,12759.779
2026-05-19 16:19:15.075,18000,658.943,10.090620331848,648.742,115.427,12795.063
2026-05-19 16:19:15.184,18250,661.055,9.382601281333,652.164,107.754,12419.817
2026-05-19 16:19:15.293,18500,665.443,9.976624044243,655.381,115.286,12550.956
2026-05-19 16:19:15.294,18750,658.071,10.624715950358,646.782,121.31,12691.963
2026-05-19 16:19:15.409,19000,665.736,11.623322298259,652.084,134.13,12545.442
2026-05-19 16:19:15.514,19250,647.541,12.300296178985,632.676,137.949,12576.098
2026-05-19 16:19:15.623,19500,662.442,9.835000170302,652.706,113.153,12201.072
2026-05-19 16:19:15.624,19750,651.534,10.69250009151,640.222,120.884,12405.335
2026-05-19 16:19:15.736,20000,646.789,12.000335180742,632.654,134.479,12496.347
2026-05-19 16:19:15.846,20250,651.849,12.533871187465,636.289,141.489,12399.838
2026-05-19 16:19:15.847,20500,629.541,12.497490981813,614.624,136.231,12527.324
2026-05-19 16:19:15.964,20750,651.613,11.926253264522,637.544,134.636,12335.576
2026-05-19 16:19:16.079,21000,644.699,12.037987686389,630.521,134.458,12215.004
2026-05-19 16:19:16.080,21250,636.051,12.610735531787,620.704,138.844,12381.642
2026-05-19 16:19:16.193,21500,641.921,13.761444469712,623.495,152.7,12267.856
2026-05-19 16:19:16.313,21750,634.582,13.558843237387,616.896,148.774,12120.784
2026-05-19 16:19:16.314,22000,654.937,13.047641759968,638.006,147.878,12004.416
2026-05-19 16:19:16.430,22250,656.513,13.256051620327,639.02,150.54,11975.324
2026-05-19 16:19:16.533,22500,648.566,12.963214929895,632.037,145.49,11838.163
2026-05-19 16:19:16.534,22750,641.782,14.075343549664,622.49,156.097,11963.551
2026-05-19 16:19:16.645,23000,629.112,13.042878999294,612.882,141.978,11918.434
2026-05-19 16:19:16.645,23250,635.812,14.093146516866,616.675,154.82,11792.834
2026-05-19 16:19:16.766,23500,635.812,14.093146516866,616.675,154.82,11792.834
2026-05-19 16:19:16.882,23750,629.312,13.916922397317,610.838,151.359,11665.575
2026-05-19 16:19:16.883,24000,651.648,13.826057524658,632.767,155.728,11542.905
2026-05-19 16:19:16.998,24250,648.755,11.812254399565,635.017,132.804,11341.531
2026-05-19 16:19:16.999,24500,643.323,13.383791460782,625.851,148.912,11437.299
2026-05-19 16:19:17.115,24750,643.323,13.383791460782,625.851,148.912,11437.299
2026-05-19 16:19:17.115,25000,636.292,13.077404886129,619.79,143.972,11325.417
2026-05-19 16:19:17.229,25250,636.292,13.077404886129,619.79,143.972,11325.417
2026-05-19 16:19:17.230,25500,635.703,12.337625527196,621.022,135.808,11098.919
2026-05-19 16:19:17.334,25750,641.615,12.970334044056,625.2,143.996,10996.287
2026-05-19 16:19:17.449,26000,646.455,13.366455476345,628.943,149.446,10913.413
2026-05-19 16:19:17.450,26250,634.97,11.941035082767,621.23,131.378,10913.413
2026-05-19 16:19:17.568,26500,647.17,13.894660071952,628.196,155.355,10708.002
2026-05-19 16:19:17.569,26750,631.057,12.883810507224,615.145,140.717,10763.025
2026-05-19 16:19:17.685,27000,647.065,12.048677301561,632.81,135.07,10495.881
2026-05-19 16:19:17.685,27250,651.403,13.062079578187,634.519,147.234,10426.093
2026-05-19 16:19:17.801,27500,640.006,11.578088135794,626.983,128.451,10408.646
2026-05-19 16:19:17.802,27750,644.331,12.675387132602,628.595,141.398,10338.888
2026-05-19 16:19:17.916,28000,647.345,10.576535941504,636.347,118.819,10087.764
2026-05-19 16:19:17.916,28250,652.163,11.847096179326,638.272,133.89,10013.234
2026-05-19 16:19:18.031,28500,668.343,11.388637620341,655.184,131.973,9770.828
2026-05-19 16:19:18.031,28750,662.3,11.058345710305,650.002,127.035,9692.569
2026-05-19 16:19:18.148,29000,688.212,10.377345729456,676.957,123.864,9331.862
2026-05-19 16:19:18.148,29250,646.473,12.281804789536,631.679,137.501,9753.401
2026-05-19 16:19:18.268,29500,667.392,11.832843815601,653.212,136.821,9448.517
2026-05-19 16:19:18.269,29750,696.996,11.196106763137,683.731,135.334,9045.46
2026-05-19 16:19:18.384,30000,685.05,9.053662924275,676.515,107.799,9045.46
2026-05-19 16:19:18.384,30250,710.474,10.414199508756,698.77,128.427,8721.77
2026-05-19 16:19:18.500,30500,703.833,9.882156051756,693.39,120.793,8667.367
2026-05-19 16:19:18.501,30750,703.833,9.882156051756,693.39,120.793,8667.367
2026-05-19 16:19:18.501,31000,729.801,11.281640834646,715.7,142.772,8358.959
2026-05-19 16:19:18.616,31250,718.266,8.822451057555,709.768,110.163,8358.959
2026-05-19 16:19:18.617,31500,721.984,10.605524736896,709.65,132.878,8315.916
2026-05-19 16:19:18.719,31750,721.984,10.605524736896,709.65,132.878,8315.916
2026-05-19 16:19:18.720,32000,698.982,10.787497695928,686.629,130.826,8150.448
2026-05-19 16:19:18.834,32250,698.982,10.787497695928,686.629,130.826,8150.448
2026-05-19 16:19:18.834,32500,681.405,10.179786587346,670.678,120.43,8254.334
2026-05-19 16:19:18.947,32750,692.352,10.100651149121,681.621,121.423,8123.823
2026-05-19 16:19:18.948,33000,693.869,11.840155233589,679.106,142.369,8106.062
2026-05-19 16:19:19.068,33250,708.896,9.171630368671,699.833,112.993,7847.494
2026-05-19 16:19:19.069,33500,709.874,11.033115636341,696.753,135.853,7836.682
2026-05-19 16:19:19.070,33750,709.874,11.033115636341,696.753,135.853,7836.682
2026-05-19 16:19:19.187,34000,703.39,8.379910638435,695.88,102.509,7836.682
2026-05-19 16:19:19.187,34250,672.057,11.748813040367,657.977,136.845,7836.352
2026-05-19 16:19:19.303,34500,695.388,11.79756284123,680.699,142.175,7573.434
2026-05-19 16:19:19.303,34750,689.141,11.048746114132,676.367,132.07,7584.66
2026-05-19 16:19:19.304,35000,689.141,11.048746114132,676.367,132.07,7584.66
2026-05-19 16:19:19.416,35250,689.141,11.048746114132,676.367,132.07,7584.66
2026-05-19 16:19:19.417,35500,707.427,10.572990935413,695.417,129.804,7351.148
2026-05-19 16:19:19.529,35750,675.193,10.810802651826,663.21,126.644,7351.148
2026-05-19 16:19:19.530,36000,672.563,12.750561704903,655.978,148.439,7379.893
2026-05-19 16:19:19.634,36250,670.341,9.869929926236,660.419,114.905,7379.893
2026-05-19 16:19:19.634,36500,696.045,10.16101657182,685.128,122.793,7107.365
2026-05-19 16:19:19.749,36750,691.889,12.34463666694,675.892,147.92,7150.05
2026-05-19 16:19:19.750,37000,691.819,7.841828501533,685.35,94.391,7150.05
2026-05-19 16:19:19.750,37250,657.478,7.728020965289,651.507,88.412,7150.05
2026-05-19 16:19:19.869,37500,676.063,10.157701201567,665.466,119.229,6953.496
2026-05-19 16:19:19.870,37750,676.063,10.157701201567,665.466,119.229,6953.496
2026-05-19 16:19:19.870,38000,678.553,7.032038876734,673.449,83.071,6953.496
2026-05-19 16:19:19.984,38250,672.998,9.003546959045,664.706,105.321,7010.893
2026-05-19 16:19:19.984,38500,696.744,9.524001090821,687.14,115.284,6771.954
2026-05-19 16:19:20.109,38750,663.777,5.944597386677,660.207,68.745,6771.954
2026-05-19 16:19:20.109,39000,656.856,8.040234124673,650.399,91.873,6843.309
2026-05-19 16:19:20.110,39250,671.862,8.442071913287,664.561,98.703,6692.704
2026-05-19 16:19:20.214,39500,681.866,8.709963772362,674.002,103.257,6592.3
2026-05-19 16:19:20.214,39750,688.68,5.64549072619,685.339,67.748,6592.3
2026-05-19 16:19:20.215,40000,641.366,7.302753063179,636.163,81.525,6686.555
2026-05-19 16:19:20.331,40250,662.441,7.99262332117,656.006,92.11,6473.826
2026-05-19 16:19:20.331,40500,662.441,7.99262332117,656.006,92.11,6473.826
2026-05-19 16:19:20.331,40750,662.441,7.99262332117,656.006,92.11,6473.826
2026-05-19 16:19:20.449,41000,698.935,5.381555876635,695.855,65.552,6232.339
2026-05-19 16:19:20.449,41250,658.839,6.860984372709,654.121,78.705,6333.95
2026-05-19 16:19:20.569,41500,658.839,6.860984372709,654.121,78.705,6333.95
2026-05-19 16:19:20.570,41750,683.119,7.79698731103,676.804,92.674,6108.821
2026-05-19 16:19:20.570,42000,696.144,4.578237086643,693.923,55.566,6108.821
2026-05-19 16:19:20.684,42250,696.144,4.578237086643,693.923,55.566,6108.821
2026-05-19 16:19:20.684,42500,683.127,4.370893837436,681.14,52.063,5878.243
2026-05-19 16:19:20.685,42750,670.393,6.498406258521,666.086,75.872,5989.9
2026-05-19 16:19:20.801,43000,670.393,6.498406258521,666.086,75.872,5989.9
2026-05-19 16:19:20.801,43250,711.546,4.488301783594,709.364,55.682,5776.334
2026-05-19 16:19:20.802,43500,711.546,4.488301783594,709.364,55.682,5776.334
2026-05-19 16:19:20.916,43750,671.265,2.905808788588,670.402,34.029,5776.334
2026-05-19 16:19:20.917,44000,681.799,3.408598488473,680.545,40.673,5689.111
2026-05-19 16:19:20.917,44250,681.556,6.345395372185,677.38,75.327,5689.117
2026-05-19 16:19:21.030,44500,681.556,6.345395372185,677.38,75.327,5689.117
2026-05-19 16:19:21.031,44750,730.594,4.560778124232,728.28,58.094,5469.138
2026-05-19 16:19:21.031,45000,691.199,2.701680771284,690.431,32.58,5469.138
2026-05-19 16:19:21.147,45250,691.199,2.701680771284,690.431,32.58,5469.138
2026-05-19 16:19:21.148,45500,691.199,2.701680771284,690.431,32.58,5469.138
2026-05-19 16:19:21.148,45750,719.623,4.305275352727,717.592,54.022,5253.117
2026-05-19 16:19:21.271,46000,681.325,2.32738859169,680.763,27.668,5253.117
2026-05-19 16:19:21.271,46250,693.37,0.776216146027,693.307,9.393,5398.146
2026-05-19 16:19:21.272,46500,713.591,2.078493241294,713.121,25.881,5245.182
2026-05-19 16:19:21.384,46750,713.591,2.078493241294,713.121,25.881,5245.182
2026-05-19 16:19:21.384,47000,713.591,2.078493241294,713.121,25.881,5245.182
2026-05-19 16:19:21.385,47250,703.359,1.546106573568,703.103,18.978,5046.496
2026-05-19 16:19:21.500,47500,703.359,1.546106573568,703.103,18.978,5046.496
2026-05-19 16:19:21.501,47750,703.359,1.546106573568,703.103,18.978,5046.496
2026-05-19 16:19:21.501,48000,731.77,3.577998794431,730.343,45.668,4850.57
2026-05-19 16:19:21.605,48250,731.77,3.577998794431,730.343,45.668,4850.57
2026-05-19 16:19:21.606,48500,730.424,-2.130370559661,729.919,-27.152,4850.57
2026-05-19 16:19:21.607,48750,730.424,2.130370559661,729.919,27.152,4850.57
2026-05-19 16:19:21.715,49000,730.424,2.130370559661,729.919,27.152,4850.57
2026-05-19 16:19:21.715,49250,755.652,4.307248500975,753.518,56.753,4688.632
2026-05-19 16:19:21.716,49500,717.872,1.206511908056,717.713,15.116,4688.632
2026-05-19 16:19:21.829,49750,717.872,1.206511908056,717.713,15.116,4688.632
2026-05-19 16:19:21.830,50000,717.872,1.206511908056,717.713,15.116,4688.632
2026-05-19 16:19:21.830,50250,727.994,2.169846691972,727.307,27.812,4624.772
2026-05-19 16:19:21.831,50500,743.178,3.614848867846,741.699,46.857,4528.98
2026-05-19 16:19:21.948,50750,743.178,3.614848867846,741.699,46.857,4528.98
2026-05-19 16:19:21.949,51000,745.487,-2.737080263799,744.636,-35.599,4528.98
2026-05-19 16:19:21.950,51250,770.801,-0.200183809024,770.797,-2.693,4380.24
2026-05-19 16:19:22.060,51500,770.801,-0.200183809024,770.797,-2.693,4380.24
2026-05-19 16:19:22.060,51750,770.801,-0.200183809024,770.797,-2.693,4380.24
2026-05-19 16:19:22.061,52000,776.202,0.378033254038,776.023,5.337,4350.588
2026-05-19 16:19:22.061,52250,764.528,-0.96498674906,764.42,-12.876,4231.978
2026-05-19 16:19:22.169,52500,764.528,-0.96498674906,764.42,-12.876,4231.978
2026-05-19 16:19:22.170,52750,764.528,-0.96498674906,764.42,-12.876,4231.978
2026-05-19 16:19:22.170,53000,792.729,2.468692288184,791.993,34.146,4081.427
2026-05-19 16:19:22.283,53250,792.729,2.468692288184,791.993,34.146,4081.427
2026-05-19 16:19:22.284,53500,792.729,2.468692288184,791.993,34.146,4081.427
2026-05-19 16:19:22.284,53750,763.088,-1.311068106816,762.888,-17.46,4081.427
2026-05-19 16:19:22.398,54000,763.088,-1.311068106816,762.888,-17.46,4081.427
2026-05-19 16:19:22.399,54250,786.363,1.954219500056,785.906,26.816,3960.624
2026-05-19 16:19:22.399,54500,786.363,1.954219500056,785.906,26.816,3960.624
2026-05-19 16:19:22.400,54750,786.363,1.954219500056,785.906,26.816,3960.624
2026-05-19 16:19:22.518,55000,790.542,2.613074885815,789.499,36.221,3940.121
2026-05-19 16:19:22.519,55250,807.257,5.248496428853,803.872,73.844,3858.112
2026-05-19 16:19:22.520,55500,778.862,1.046230596484,778.732,14.221,3858.112
2026-05-19 16:19:22.630,55750,778.862,1.046230596484,778.732,14.221,3858.112
2026-05-19 16:19:22.631,56000,778.862,1.046230596484,778.732,14.221,3858.112
2026-05-19 16:19:22.631,56250,778.862,1.046230596484,778.732,14.221,3858.112
2026-05-19 16:19:22.631,56500,778.862,1.046230596484,778.732,14.221,3858.112
2026-05-19 16:19:22.746,56750,797.833,4.622963174789,795.237,64.304,3766.372
2026-05-19 16:19:22.746,57000,797.833,4.622963174789,795.237,64.304,3766.372
2026-05-19 16:19:22.747,57250,797.833,4.622963174789,795.237,64.304,3766.372
2026-05-19 16:19:22.868,57500,797.833,4.622963174789,795.237,64.304,3766.372
2026-05-19 16:19:22.869,57750,797.833,4.622963174789,795.237,64.304,3766.372
2026-05-19 16:19:22.869,58000,797.833,4.622963174789,795.237,64.304,3766.372
2026-05-19 16:19:22.870,58250,788.738,3.804466545564,787.0,52.334,3684.696
2026-05-19 16:19:22.988,58500,852.053,2.340504006856,851.342,34.796,3684.696
2026-05-19 16:19:22.989,58750,865.659,6.169069140534,860.646,93.026,3626.782
2026-05-19 16:19:22.989,59000,865.659,6.169069140534,860.646,93.026,3626.782
2026-05-19 16:19:22.989,59250,847.65,1.799164361755,847.232,26.613,3626.782
2026-05-19 16:19:23.104,59500,847.65,1.799164361755,847.232,26.613,3626.782
2026-05-19 16:19:23.104,59750,847.65,1.799164361755,847.232,26.613,3626.782
2026-05-19 16:19:23.105,60000,796.295,6.10160562577,791.34,84.797,3649.948
2026-05-19 16:19:23.214,60250,821.912,6.472575629242,816.264,92.096,3539.376
2026-05-19 16:19:23.215,60500,860.552,6.776537655338,854.54,101.543,3377.207
2026-05-19 16:19:23.215,60750,860.552,6.776537655338,854.54,101.543,3377.207
2026-05-19 16:19:23.216,61000,860.552,6.776537655338,854.54,101.543,3377.207
2026-05-19 16:19:23.331,61250,860.552,6.776537655338,854.54,101.543,3377.207
2026-05-19 16:19:23.331,61500,860.552,6.776537655338,854.54,101.543,3377.207
2026-05-19 16:19:23.332,61750,860.552,6.776537655338,854.54,101.543,3377.207
2026-05-19 16:19:23.332,62000,860.552,6.776537655338,854.54,101.543,3377.207
2026-05-19 16:19:23.444,62250,860.552,6.776537655338,854.54,101.543,3377.207
2026-05-19 16:19:23.445,62500,860.552,6.776537655338,854.54,101.543,3377.207
2026-05-19 16:19:23.445,62750,860.552,6.776537655338,854.54,101.543,3377.207
2026-05-19 16:19:23.446,63000,860.552,6.776537655338,854.54,101.543,3377.207
2026-05-19 16:19:23.446,63250,793.217,8.464985041542,784.575,116.765,3377.207
2026-05-19 16:19:23.551,63500,793.217,8.464985041542,784.575,116.765,3377.207
2026-05-19 16:19:23.552,63750,793.217,8.464985041542,784.575,116.765,3377.207
2026-05-19 16:19:23.552,64000,793.217,8.464985041542,784.575,116.765,3377.207
2026-05-19 16:19:23.655,64250,793.217,8.464985041542,784.575,116.765,3377.207
2026-05-19 16:19:23.656,64500,793.217,8.464985041542,784.575,116.765,3377.207
2026-05-19 16:19:23.656,64750,853.088,7.52231470369,845.747,111.68,3140.187
2026-05-19 16:19:23.656,65000,853.088,7.52231470369,845.747,111.68,3140.187
2026-05-19 16:19:23.768,65250,853.088,7.52231470369,845.747,111.68,3140.187
2026-05-19 16:19:23.769,65500,849.539,6.648333747934,843.413,98.531,3153.529
2026-05-19 16:19:23.769,65750,835.341,3.152409924911,834.077,45.937,3206.9
2026-05-19 16:19:23.770,66000,835.341,3.152409924911,834.077,45.937,3206.9
2026-05-19 16:19:23.875,66250,835.341,3.152409924911,834.077,45.937,3206.9
2026-05-19 16:19:23.875,66500,835.341,3.152409924911,834.077,45.937,3206.9
2026-05-19 16:19:23.876,66750,835.341,3.152409924911,834.077,45.937,3206.9
2026-05-19 16:19:23.876,67000,835.341,3.152409924911,834.077,45.937,3206.9
2026-05-19 16:19:23.984,67250,760.787,5.294168888362,757.542,70.197,3206.9
2026-05-19 16:19:23.984,67500,760.787,5.294168888362,757.542,70.197,3206.9
2026-05-19 16:19:23.985,67750,760.787,5.294168888362,757.542,70.197,3206.9
2026-05-19 16:19:23.985,68000,760.787,5.294168888362,757.542,70.197,3206.9
2026-05-19 16:19:24.094,68250,760.787,5.294168888362,757.542,70.197,3206.9
2026-05-19 16:19:24.094,68500,760.787,5.294168888362,757.542,70.197,3206.9
2026-05-19 16:19:24.095,68750,821.858,3.830206349655,820.022,54.9,2968.602
2026-05-19 16:19:24.095,69000,821.858,3.830206349655,820.022,54.9,2968.602
2026-05-19 16:19:24.198,69250,861.184,9.397957012713,849.625,140.623,2968.602
2026-05-19 16:19:24.199,69500,861.184,9.397957012713,849.625,140.623,2968.602
2026-05-19 16:19:24.199,69750,861.184,9.397957012713,849.625,140.623,2968.602
2026-05-19 16:19:24.309,70000,861.184,9.397957012713,849.625,140.623,2968.602
2026-05-19 16:19:24.309,70250,861.184,9.397957012713,849.625,140.623,2968.602
2026-05-19 16:19:24.310,70500,861.184,9.397957012713,849.625,140.623,2968.602
2026-05-19 16:19:24.310,70750,861.184,9.397957012713,849.625,140.623,2968.602
2026-05-19 16:19:24.419,71000,861.184,9.397957012713,849.625,140.623,2968.602
2026-05-19 16:19:24.420,71250,861.184,9.397957012713,849.625,140.623,2968.602
2026-05-19 16:19:24.420,71500,861.184,9.397957012713,849.625,140.623,2968.602
2026-05-19 16:19:24.421,71750,861.184,9.397957012713,849.625,140.623,2968.602
2026-05-19 16:19:24.535,72000,734.391,6.742693581464,729.311,86.225,2968.602
2026-05-19 16:19:24.536,72250,778.15,12.766084195971,758.914,171.949,2968.602
2026-05-19 16:19:24.536,72500,778.15,12.766084195971,758.914,171.949,2968.602
2026-05-19 16:19:24.537,72750,734.391,6.742693581464,729.311,86.225,2968.602
2026-05-19 16:19:24.649,73000,752.696,11.441198515189,737.74,149.306,2896.405
2026-05-19 16:19:24.650,73250,779.723,10.913169598682,765.643,147.242,2800.971
2026-05-19 16:19:24.650,73500,820.264,10.121126223922,807.499,144.145,2657.82
2026-05-19 16:19:24.651,73750,820.264,10.121126223922,807.499,144.145,2657.82
2026-05-19 16:19:24.651,74000,820.264,10.121126223922,807.499,144.145,2657.82
2026-05-19 16:19:24.768,74250,820.264,10.121126223922,807.499,144.145,2657.82
2026-05-19 16:19:24.769,74500,820.264,10.121126223922,807.499,144.145,2657.82
2026-05-19 16:19:24.770,74750,820.264,10.121126223922,807.499,144.145,2657.82
2026-05-19 16:19:24.770,75000,820.264,10.121126223922,807.499,144.145,2657.82
2026-05-19 16:19:24.877,75250,815.558,9.10775021819,804.726,129.354,2673.519
2026-05-19 16:19:24.878,75500,796.732,5.05424619526,793.634,70.191,2736.319
2026-05-19 16:19:24.878,75750,796.732,5.05424619526,793.634,70.191,2736.319
2026-05-19 16:19:24.879,76000,796.732,5.05424619526,793.634,70.191,2736.319
2026-05-19 16:19:24.998,76250,796.732,5.05424619526,793.634,70.191,2736.319
2026-05-19 16:19:24.999,76500,796.732,5.05424619526,793.634,70.191,2736.319
2026-05-19 16:19:25.000,76750,796.732,5.05424619526,793.634,70.191,2736.319
2026-05-19 16:19:25.000,77000,796.732,5.05424619526,793.634,70.191,2736.319
2026-05-19 16:19:25.000,77250,796.732,5.05424619526,793.634,70.191,2736.319
2026-05-19 16:19:25.116,77500,796.732,5.05424619526,793.634,70.191,2736.319
2026-05-19 16:19:25.116,77750,727.1,11.32980019914,712.176,143.153,2689.219
2026-05-19 16:19:25.117,78000,735.54,13.356552210605,715.645,169.917,2657.82
2026-05-19 16:19:25.117,78250,812.643,11.664130888513,795.862,164.295,2405.648
2026-05-19 16:19:25.117,78500,812.643,11.664130888513,795.862,164.295,2405.648
2026-05-19 16:19:25.118,78750,812.643,11.664130888513,795.862,164.295,2405.648
2026-05-19 16:19:25.230,79000,812.643,11.664130888513,795.862,164.295,2405.648
2026-05-19 16:19:25.230,79250,812.643,11.664130888513,795.862,164.295,2405.648
2026-05-19 16:19:25.231,79500,812.643,11.664130888513,795.862,164.295,2405.648
2026-05-19 16:19:25.231,79750,812.643,11.664130888513,795.862,164.295,2405.648
2026-05-19 16:19:25.231,80000,812.643,11.664130888513,795.862,164.295,2405.648
2026-05-19 16:19:25.345,80250,812.643,11.664130888513,795.862,164.295,2405.648
2026-05-19 16:19:25.346,80500,812.643,11.664130888513,795.862,164.295,2405.648
2026-05-19 16:19:25.346,80750,812.643,11.664130888513,795.862,164.295,2405.648
2026-05-19 16:19:25.347,81000,812.643,11.664130888513,795.862,164.295,2405.648
2026-05-19 16:19:25.347,81250,812.643,11.664130888513,795.862,164.295,2405.648
2026-05-19 16:19:25.469,81500,812.643,11.664130888513,795.862,164.295,2405.648
2026-05-19 16:19:25.470,81750,812.643,11.664130888513,795.862,164.295,2405.648
2026-05-19 16:19:25.470,82000,768.284,4.988331185097,765.374,66.805,2405.648
2026-05-19 16:19:25.471,82250,768.284,4.988331185097,765.374,66.805,2405.648
2026-05-19 16:19:25.471,82500,828.017,3.58595396363,826.296,50.806,2240.069
2026-05-19 16:19:25.584,82750,867.839,2.651035815985,866.91,40.14,2129.683
2026-05-19 16:19:25.584,83000,867.839,2.651035815985,866.91,40.14,2129.683
2026-05-19 16:19:25.585,83250,867.839,2.651035815985,866.91,40.14,2129.683
2026-05-19 16:19:25.585,83500,764.048,5.891081463675,760.013,78.42,2129.683
2026-05-19 16:19:25.585,83750,764.048,5.891081463675,760.013,78.42,2129.683
2026-05-19 16:19:25.688,84000,764.048,5.891081463675,760.013,78.42,2129.683
2026-05-19 16:19:25.689,84250,764.048,5.891081463675,760.013,78.42,2129.683
2026-05-19 16:19:25.689,84500,764.048,5.891081463675,760.013,78.42,2129.683
2026-05-19 16:19:25.690,84750,764.048,5.891081463675,760.013,78.42,2129.683
2026-05-19 16:19:25.799,85000,764.048,5.891081463675,760.013,78.42,2129.683
2026-05-19 16:19:25.799,85250,764.048,5.891081463675,760.013,78.42,2129.683
2026-05-19 16:19:25.800,85500,764.048,5.891081463675,760.013,78.42,2129.683
2026-05-19 16:19:25.800,85750,764.048,5.891081463675,760.013,78.42,2129.683
2026-05-19 16:19:25.801,86000,764.048,5.891081463675,760.013,78.42,2129.683
2026-05-19 16:19:25.915,86250,764.048,5.891081463675,760.013,78.42,2129.683
2026-05-19 16:19:25.915,86500,764.048,5.891081463675,760.013,78.42,2129.683
2026-05-19 16:19:25.916,86750,822.768,4.300459974084,820.328,60.597,1984.593
2026-05-19 16:19:25.916,87000,901.829,10.987589334819,885.297,171.885,1804.312
2026-05-19 16:19:25.917,87250,901.829,10.987589334819,885.297,171.885,1804.312
2026-05-19 16:19:26.032,87500,901.829,10.987589334819,885.297,171.885,1804.312
2026-05-19 16:19:26.032,87750,901.829,10.987589334819,885.297,171.885,1804.312
2026-05-19 16:19:26.033,88000,901.829,10.987589334819,885.297,171.885,1804.312
2026-05-19 16:19:26.033,88250,901.829,10.987589334819,885.297,171.885,1804.312
2026-05-19 16:19:26.033,88500,901.829,10.987589334819,885.297,171.885,1804.312
2026-05-19 16:19:26.150,88750,901.829,10.987589334819,885.297,171.885,1804.312
2026-05-19 16:19:26.150,89000,901.829,10.987589334819,885.297,171.885,1804.312
2026-05-19 16:19:26.151,89250,779.34,15.386092209961,751.408,206.776,1804.312
2026-05-19 16:19:26.151,89500,779.34,15.386092209961,751.408,206.776,1804.312
2026-05-19 16:19:26.152,89750,779.34,15.386092209961,751.408,206.776,1804.312
2026-05-19 16:19:26.152,90000,779.34,15.386092209961,751.408,206.776,1804.312
2026-05-19 16:19:26.269,90250,779.34,15.386092209961,751.408,206.776,1804.312
2026-05-19 16:19:26.269,90500,718.713,5.484098642271,715.423,68.687,1804.312
2026-05-19 16:19:26.270,90750,718.713,5.484098642271,715.423,68.687,1804.312
2026-05-19 16:19:26.270,91000,718.713,5.484098642271,715.423,68.687,1804.312
2026-05-19 16:19:26.270,91250,827.804,3.205361053526,826.509,46.287,1566.533
2026-05-19 16:19:26.386,91500,827.804,3.205361053526,826.509,46.287,1566.533
2026-05-19 16:19:26.386,91750,827.804,3.205361053526,826.509,46.287,1566.533
2026-05-19 16:19:26.387,92000,827.804,3.205361053526,826.509,46.287,1566.533
2026-05-19 16:19:26.387,92250,827.804,3.205361053526,826.509,46.287,1566.533
2026-05-19 16:19:26.388,92500,827.804,3.205361053526,826.509,46.287,1566.533
2026-05-19 16:19:26.504,92750,827.804,3.205361053526,826.509,46.287,1566.533
2026-05-19 16:19:26.504,93000,827.804,3.205361053526,826.509,46.287,1566.533
2026-05-19 16:19:26.505,93250,827.804,3.205361053526,826.509,46.287,1566.533
2026-05-19 16:19:26.505,93500,827.804,3.205361053526,826.509,46.287,1566.533
2026-05-19 16:19:26.505,93750,827.804,3.205361053526,826.509,46.287,1566.533
2026-05-19 16:19:26.618,94000,827.804,3.205361053526,826.509,46.287,1566.533
2026-05-19 16:19:26.619,94250,827.804,3.205361053526,826.509,46.287,1566.533
2026-05-19 16:19:26.619,94500,827.804,3.205361053526,826.509,46.287,1566.533
2026-05-19 16:19:26.619,94750,827.804,3.205361053526,826.509,46.287,1566.533
2026-05-19 16:19:26.620,95000,827.804,3.205361053526,826.509,46.287,1566.533
2026-05-19 16:19:26.732,95250,827.804,3.205361053526,826.509,46.287,1566.533
2026-05-19 16:19:26.732,95500,669.01,8.267779619867,662.057,96.203,1566.533
2026-05-19 16:19:26.733,95750,669.01,8.267779619867,662.057,96.203,1566.533
2026-05-19 16:19:26.733,96000,669.01,8.267779619867,662.057,96.203,1566.533
2026-05-19 16:19:26.734,96250,791.203,5.062418566341,788.117,69.817,1324.598
2026-05-19 16:19:26.846,96500,791.203,5.062418566341,788.117,69.817,1324.598
2026-05-19 16:19:26.847,96750,791.203,5.062418566341,788.117,69.817,1324.598
2026-05-19 16:19:26.847,97000,832.607,16.378847793135,798.818,234.785,1258.73
2026-05-19 16:19:26.847,97250,832.607,16.378847793135,798.818,234.785,1258.73
2026-05-19 16:19:26.848,97500,832.607,16.378847793135,798.818,234.785,1258.73
2026-05-19 16:19:26.969,97750,832.607,16.378847793135,798.818,234.785,1258.73
2026-05-19 16:19:26.969,98000,832.607,16.378847793135,798.818,234.785,1258.73
2026-05-19 16:19:26.970,98250,832.607,16.378847793135,798.818,234.785,1258.73
2026-05-19 16:19:26.970,98500,832.607,16.378847793135,798.818,234.785,1258.73
2026-05-19 16:19:26.970,98750,832.607,16.378847793135,798.818,234.785,1258.73
2026-05-19 16:19:27.084,99000,832.607,16.378847793135,798.818,234.785,1258.73
2026-05-19 16:19:27.084,99250,832.607,16.378847793135,798.818,234.785,1258.73
2026-05-19 16:19:27.085,99500,832.607,16.378847793135,798.818,234.785,1258.73
2026-05-19 16:19:27.085,99750,832.607,16.378847793135,798.818,234.785,1258.73
2026-05-19 16:19:27.086,100000,832.607,16.378847793135,798.818,234.785,1258.73
2026-05-19 16:19:27.669,10000,676.595,2.193113133438,676.099,25.892,13436.845
2026-05-19 16:19:27.784,10250,672.796,3.246101893262,671.716,38.097,13512.721
2026-05-19 16:19:28.019,10500,669.816,4.030930227573,668.159,47.085,13572.828
2026-05-19 16:19:28.129,10750,669.816,4.030930227573,668.159,47.085,13572.828
2026-05-19 16:19:28.247,11000,677.529,3.727242337196,676.092,44.061,13518.247
2026-05-19 16:19:28.368,11250,664.033,3.421455703825,662.849,39.63,13425.153
2026-05-19 16:19:28.485,11500,659.557,4.47084467103,657.55,51.414,13516.261
2026-05-19 16:19:28.598,11750,665.025,4.141205489452,663.284,48.044,13512.799
2026-05-19 16:19:28.814,12000,668.293,5.150496652961,665.581,59.98,13445.834
2026-05-19 16:19:28.932,12250,667.359,5.342002153657,664.46,62.131,13464.562
2026-05-19 16:19:29.046,12500,674.46,5.098562966565,671.778,59.979,13440.447
2026-05-19 16:19:29.149,12750,679.703,6.236507649743,675.667,73.822,13335.126
2026-05-19 16:19:29.269,13000,661.562,5.911221567776,658.045,68.133,13356.182
2026-05-19 16:19:29.389,13250,682.789,4.847480653376,680.344,57.673,13064.451
2026-05-19 16:19:29.500,13500,671.196,6.300262524952,667.126,73.635,13288.908
2026-05-19 16:19:29.616,13750,679.072,7.326934415703,673.527,86.603,13134.599
2026-05-19 16:19:29.731,14000,662.251,6.216578852822,658.357,71.713,13262.358
2026-05-19 16:19:29.847,14250,661.028,6.400509391116,656.896,73.673,13287.075
2026-05-19 16:19:29.951,14500,667.404,7.717065557421,661.359,89.62,13159.963
2026-05-19 16:19:30.069,14750,660.814,8.643971525179,653.308,99.316,13291.208
2026-05-19 16:19:30.178,15000,678.877,7.664701462365,672.811,90.546,13092.484
2026-05-19 16:19:30.299,15250,660.812,8.250049704041,653.973,94.822,13242.405
2026-05-19 16:19:30.299,15500,671.723,8.879386811079,663.673,103.684,13027.306
2026-05-19 16:19:30.409,15750,672.782,8.314741776578,665.71,97.291,13172.201
2026-05-19 16:19:30.518,16000,665.452,8.436015330496,658.241,97.603,12988.947
2026-05-19 16:19:30.630,16250,677.813,8.918946603935,669.617,105.086,12751.791
2026-05-19 16:19:30.745,16500,674.835,8.927751686168,666.65,104.704,12941.432
2026-05-19 16:19:30.854,16750,652.076,8.871182734837,644.276,100.559,13068.465
2026-05-19 16:19:30.970,17000,659.893,9.563741537656,650.719,109.632,12913.746
2026-05-19 16:19:30.970,17250,649.836,9.673550762258,640.594,109.189,12769.856
2026-05-19 16:19:31.084,17500,674.776,9.328723894692,665.843,109.356,12820.772
2026-05-19 16:19:31.199,17750,660.745,9.916649305119,650.873,113.79,12759.779
2026-05-19 16:19:31.316,18000,658.943,10.090620331848,648.742,115.427,12795.063
2026-05-19 16:19:31.317,18250,661.263,9.729083150923,651.692,111.742,12415.93
2026-05-19 16:19:31.420,18500,665.443,9.976624044243,655.381,115.286,12550.956
2026-05-19 16:19:31.531,18750,658.071,10.624715950358,646.782,121.31,12691.963
2026-05-19 16:19:31.647,19000,665.736,11.623322298259,652.084,134.13,12545.442
2026-05-19 16:19:31.647,19250,649.649,12.128334123972,635.143,136.465,12535.809
2026-05-19 16:19:31.750,19500,662.442,9.835000170302,652.706,113.153,12201.072
2026-05-19 16:19:31.869,19750,651.534,10.69250009151,640.222,120.884,12405.335
2026-05-19 16:19:31.985,20000,646.789,12.000335180742,632.654,134.479,12496.347
2026-05-19 16:19:31.985,20250,650.162,12.356025851891,635.077,139.152,12432.007
2026-05-19 16:19:32.099,20500,629.541,12.497490981813,614.624,136.231,12527.324
2026-05-19 16:19:32.205,20750,651.613,11.926253264522,637.544,134.636,12335.576
2026-05-19 16:19:32.205,21000,644.699,12.037987686389,630.521,134.458,12215.004
2026-05-19 16:19:32.314,21250,638.213,12.467548570438,623.158,137.747,12339.982
2026-05-19 16:19:32.416,21500,641.921,13.761444469712,623.495,152.7,12267.856
2026-05-19 16:19:32.417,21750,634.582,13.558843237387,616.896,148.774,12120.784
2026-05-19 16:19:32.520,22000,653.361,12.839231899609,636.993,145.215,12033.508
2026-05-19 16:19:32.634,22250,656.513,13.256051620327,639.02,150.54,11975.324
2026-05-19 16:19:32.635,22500,648.566,12.963214929895,632.037,145.49,11838.163
2026-05-19 16:19:32.739,22750,640.574,13.895703954038,621.804,153.855,11986.11
2026-05-19 16:19:32.841,23000,629.112,13.042878999294,612.882,141.978,11918.434
2026-05-19 16:19:32.842,23250,635.812,14.093146516866,616.675,154.82,11792.834
2026-05-19 16:19:32.949,23500,635.812,14.093146516866,616.675,154.82,11792.834
2026-05-19 16:19:33.068,23750,629.312,13.916922397317,610.838,151.359,11665.575
2026-05-19 16:19:33.069,24000,650.278,13.596319515582,632.029,152.884,11567.439
2026-05-19 16:19:33.189,24250,648.755,11.812254399565,635.017,132.804,11341.531
2026-05-19 16:19:33.189,24500,643.323,13.383791460782,625.851,148.912,11437.299
2026-05-19 16:19:33.299,24750,643.323,13.383791460782,625.851,148.912,11437.299
2026-05-19 16:19:33.300,25000,636.292,13.077404886129,619.79,143.972,11325.417
2026-05-19 16:19:33.404,25250,636.292,13.077404886129,619.79,143.972,11325.417
2026-05-19 16:19:33.521,25500,635.703,12.337625527196,621.022,135.808,11098.919
2026-05-19 16:19:33.522,25750,640.411,12.726359940691,624.63,141.058,11016.81
2026-05-19 16:19:33.637,26000,646.455,13.366455476345,628.943,149.446,10913.413
2026-05-19 16:19:33.637,26250,634.97,11.941035082767,621.23,131.378,10913.413
2026-05-19 16:19:33.748,26500,648.973,13.54114043419,630.876,151.871,10678.425
2026-05-19 16:19:33.749,26750,630.045,12.635418956595,614.787,137.805,10780.076
2026-05-19 16:19:33.859,27000,647.065,12.048677301561,632.81,135.07,10495.881
2026-05-19 16:19:33.860,27250,651.403,13.062079578187,634.519,147.234,10426.093
2026-05-19 16:19:33.974,27500,640.006,11.578088135794,626.983,128.451,10408.646
2026-05-19 16:19:33.975,27750,644.331,12.675387132602,628.595,141.398,10338.888
2026-05-19 16:19:34.083,28000,647.345,10.576535941504,636.347,118.819,10087.764
2026-05-19 16:19:34.084,28250,651.2,11.592984131762,637.887,130.876,10028.14
2026-05-19 16:19:34.199,28500,668.343,11.388637620341,655.184,131.973,9770.828
2026-05-19 16:19:34.200,28750,662.3,11.058345710305,650.002,127.035,9692.569
2026-05-19 16:19:34.315,29000,680.76,10.573745729134,669.201,124.92,9429.725
2026-05-19 16:19:34.316,29250,646.473,12.281804789536,631.679,137.501,9753.401
2026-05-19 16:19:34.423,29500,671.181,11.751428107934,657.116,136.664,9395.171
2026-05-19 16:19:34.530,29750,696.996,11.196106763137,683.731,135.334,9045.46
2026-05-19 16:19:34.531,30000,685.05,9.053662924275,676.515,107.799,9045.46
2026-05-19 16:19:34.646,30250,710.474,10.414199508756,698.77,128.427,8721.77
2026-05-19 16:19:34.646,30500,703.833,9.882156051756,693.39,120.793,8667.367
2026-05-19 16:19:34.647,30750,703.833,9.882156051756,693.39,120.793,8667.367
2026-05-19 16:19:34.749,31000,729.801,11.281640834646,715.7,142.772,8358.959
2026-05-19 16:19:34.750,31250,718.266,8.822451057555,709.768,110.163,8358.959
2026-05-19 16:19:34.869,31500,721.984,10.605524736896,709.65,132.878,8315.916
2026-05-19 16:19:34.869,31750,721.984,10.605524736896,709.65,132.878,8315.916
2026-05-19 16:19:34.980,32000,698.982,10.787497695928,686.629,130.826,8150.448
2026-05-19 16:19:34.980,32250,698.982,10.787497695928,686.629,130.826,8150.448
2026-05-19 16:19:35.088,32500,681.405,10.179786587346,670.678,120.43,8254.334
2026-05-19 16:19:35.089,32750,692.352,10.100651149121,681.621,121.423,8123.823
2026-05-19 16:19:35.200,33000,693.869,11.840155233589,679.106,142.369,8106.062
2026-05-19 16:19:35.200,33250,708.896,9.171630368671,699.833,112.993,7847.494
2026-05-19 16:19:35.316,33500,709.874,11.033115636341,696.753,135.853,7836.682
2026-05-19 16:19:35.317,33750,709.874,11.033115636341,696.753,135.853,7836.682
2026-05-19 16:19:35.317,34000,703.39,8.379910638435,695.88,102.509,7836.682
2026-05-19 16:19:35.429,34250,672.057,11.748813040367,657.977,136.845,7836.352
2026-05-19 16:19:35.430,34500,695.388,11.79756284123,680.699,142.175,7573.434
2026-05-19 16:19:35.547,34750,689.141,11.048746114132,676.367,132.07,7584.66
2026-05-19 16:19:35.548,35000,689.141,11.048746114132,676.367,132.07,7584.66
2026-05-19 16:19:35.548,35250,689.141,11.048746114132,676.367,132.07,7584.66
2026-05-19 16:19:35.668,35500,707.427,10.572990935413,695.417,129.804,7351.148
2026-05-19 16:19:35.669,35750,675.193,10.810802651826,663.21,126.644,7351.148
2026-05-19 16:19:35.784,36000,672.563,12.750561704903,655.978,148.439,7379.893
2026-05-19 16:19:35.785,36250,670.341,9.869929926236,660.419,114.905,7379.893
2026-05-19 16:19:35.785,36500,696.045,10.16101657182,685.128,122.793,7107.365
2026-05-19 16:19:35.888,36750,691.889,12.34463666694,675.892,147.92,7150.05
2026-05-19 16:19:35.889,37000,691.819,7.841828501533,685.35,94.391,7150.05
2026-05-19 16:19:36.000,37250,657.478,7.728020965289,651.507,88.412,7150.05
2026-05-19 16:19:36.000,37500,676.063,10.157701201567,665.466,119.229,6953.496
2026-05-19 16:19:36.104,37750,676.063,10.157701201567,665.466,119.229,6953.496
2026-05-19 16:19:36.104,38000,678.553,7.032038876734,673.449,83.071,6953.496
2026-05-19 16:19:36.105,38250,672.998,9.003546959045,664.706,105.321,7010.893
2026-05-19 16:19:36.217,38500,696.744,9.524001090821,687.14,115.284,6771.954
2026-05-19 16:19:36.218,38750,663.777,5.944597386677,660.207,68.745,6771.954
2026-05-19 16:19:36.333,39000,656.856,8.040234124673,650.399,91.873,6843.309
2026-05-19 16:19:36.334,39250,666.86,8.308125983749,659.84,96.427,6742.905
2026-05-19 16:19:36.334,39500,681.866,8.709963772362,674.002,103.257,6592.3
2026-05-19 16:19:36.451,39750,688.68,5.64549072619,685.339,67.748,6592.3
2026-05-19 16:19:36.452,40000,641.366,7.302753063179,636.163,81.525,6686.555
2026-05-19 16:19:36.452,40250,662.441,7.99262332117,656.006,92.11,6473.826
2026-05-19 16:19:36.557,40500,662.441,7.99262332117,656.006,92.11,6473.826
2026-05-19 16:19:36.558,40750,662.441,7.99262332117,656.006,92.11,6473.826
2026-05-19 16:19:36.674,41000,698.935,5.381555876635,695.855,65.552,6232.339
2026-05-19 16:19:36.674,41250,658.839,6.860984372709,654.121,78.705,6333.95
2026-05-19 16:19:36.675,41500,658.839,6.860984372709,654.121,78.705,6333.95
2026-05-19 16:19:36.784,41750,683.119,7.79698731103,676.804,92.674,6108.821
2026-05-19 16:19:36.784,42000,696.144,4.578237086643,693.923,55.566,6108.821
2026-05-19 16:19:36.785,42250,696.144,4.578237086643,693.923,55.566,6108.821
2026-05-19 16:19:36.899,42500,683.127,4.370893837436,681.14,52.063,5878.243
2026-05-19 16:19:36.900,42750,670.393,6.498406258521,666.086,75.872,5989.9
2026-05-19 16:19:36.900,43000,670.393,6.498406258521,666.086,75.872,5989.9
2026-05-19 16:19:37.004,43250,711.546,4.488301783594,709.364,55.682,5776.334
2026-05-19 16:19:37.005,43500,776.786,3.907140025877,774.961,50.278,5413.192
2026-05-19 16:19:37.125,43750,671.265,2.905808788588,670.402,34.029,5776.334
2026-05-19 16:19:37.125,44000,681.799,3.408598488473,680.545,40.673,5689.111
2026-05-19 16:19:37.126,44250,681.556,6.345395372185,677.38,75.327,5689.117
2026-05-19 16:19:37.126,44500,681.556,6.345395372185,677.38,75.327,5689.117
2026-05-19 16:19:37.239,44750,730.594,4.560778124232,728.28,58.094,5469.138
2026-05-19 16:19:37.240,45000,691.199,2.701680771284,690.431,32.58,5469.138
2026-05-19 16:19:37.240,45250,691.199,2.701680771284,690.431,32.58,5469.138
2026-05-19 16:19:37.355,45500,691.199,2.701680771284,690.431,32.58,5469.138
2026-05-19 16:19:37.355,45750,719.623,4.305275352727,717.592,54.022,5253.117
2026-05-19 16:19:37.356,46000,681.325,2.32738859169,680.763,27.668,5253.117
2026-05-19 16:19:37.474,46250,693.37,0.776216146027,693.307,9.393,5398.146
2026-05-19 16:19:37.475,46500,713.591,2.078493241294,713.121,25.881,5245.182
2026-05-19 16:19:37.475,46750,713.591,2.078493241294,713.121,25.881,5245.182
2026-05-19 16:19:37.585,47000,713.591,2.078493241294,713.121,25.881,5245.182
2026-05-19 16:19:37.585,47250,703.359,1.546106573568,703.103,18.978,5046.496
2026-05-19 16:19:37.586,47500,703.359,1.546106573568,703.103,18.978,5046.496
2026-05-19 16:19:37.701,47750,703.359,1.546106573568,703.103,18.978,5046.496
2026-05-19 16:19:37.701,48000,731.77,3.577998794431,730.343,45.668,4850.57
2026-05-19 16:19:37.702,48250,731.77,3.577998794431,730.343,45.668,4850.57
2026-05-19 16:19:37.815,48500,730.424,-2.130370559661,729.919,-27.152,4850.57
2026-05-19 16:19:37.816,48750,730.424,2.130370559661,729.919,27.152,4850.57
2026-05-19 16:19:37.816,49000,730.424,2.130370559661,729.919,27.152,4850.57
2026-05-19 16:19:37.929,49250,755.652,4.307248500975,753.518,56.753,4688.632
2026-05-19 16:19:37.930,49500,717.872,1.206511908056,717.713,15.116,4688.632
2026-05-19 16:19:37.930,49750,717.872,1.206511908056,717.713,15.116,4688.632
2026-05-19 16:19:38.048,50000,717.872,1.206511908056,717.713,15.116,4688.632
2026-05-19 16:19:38.049,50250,727.994,2.169846691972,727.307,27.812,4624.772
2026-05-19 16:19:38.049,50500,743.178,3.614848867846,741.699,46.857,4528.98
2026-05-19 16:19:38.050,50750,743.178,3.614848867846,741.699,46.857,4528.98
2026-05-19 16:19:38.169,51000,745.487,-2.737080263799,744.636,-35.599,4528.98
2026-05-19 16:19:38.169,51250,770.801,-0.200183809024,770.797,-2.693,4380.24
2026-05-19 16:19:38.170,51500,770.801,-0.200183809024,770.797,-2.693,4380.24
2026-05-19 16:19:38.283,51750,770.801,-0.200183809024,770.797,-2.693,4380.24
2026-05-19 16:19:38.284,52000,776.202,0.378033254038,776.023,5.337,4350.588
2026-05-19 16:19:38.284,52250,764.528,-0.96498674906,764.42,-12.876,4231.978
2026-05-19 16:19:38.284,52500,764.528,-0.96498674906,764.42,-12.876,4231.978
2026-05-19 16:19:38.398,52750,764.528,-0.96498674906,764.42,-12.876,4231.978
2026-05-19 16:19:38.399,53000,792.729,2.468692288184,791.993,34.146,4081.427
2026-05-19 16:19:38.399,53250,792.729,2.468692288184,791.993,34.146,4081.427
2026-05-19 16:19:38.515,53500,792.729,2.468692288184,791.993,34.146,4081.427
2026-05-19 16:19:38.516,53750,763.088,-1.311068106816,762.888,-17.46,4081.427
2026-05-19 16:19:38.516,54000,763.088,-1.311068106816,762.888,-17.46,4081.427
2026-05-19 16:19:38.517,54250,786.363,1.954219500056,785.906,26.816,3960.624
2026-05-19 16:19:38.619,54500,786.363,1.954219500056,785.906,26.816,3960.624
2026-05-19 16:19:38.620,54750,786.363,1.954219500056,785.906,26.816,3960.624
2026-05-19 16:19:38.620,55000,790.542,2.613074885815,789.499,36.221,3940.121
2026-05-19 16:19:38.736,55250,807.257,5.248496428853,803.872,73.844,3858.112
2026-05-19 16:19:38.736,55500,778.862,1.046230596484,778.732,14.221,3858.112
2026-05-19 16:19:38.736,55750,778.862,1.046230596484,778.732,14.221,3858.112
2026-05-19 16:19:38.846,56000,778.862,1.046230596484,778.732,14.221,3858.112
2026-05-19 16:19:38.846,56250,778.862,1.046230596484,778.732,14.221,3858.112
2026-05-19 16:19:38.847,56500,778.862,1.046230596484,778.732,14.221,3858.112
2026-05-19 16:19:38.847,56750,797.833,4.622963174789,795.237,64.304,3766.372
2026-05-19 16:19:38.968,57000,797.833,4.622963174789,795.237,64.304,3766.372
2026-05-19 16:19:38.969,57250,797.833,4.622963174789,795.237,64.304,3766.372
2026-05-19 16:19:38.969,57500,797.833,4.622963174789,795.237,64.304,3766.372
2026-05-19 16:19:39.084,57750,797.833,4.622963174789,795.237,64.304,3766.372
2026-05-19 16:19:39.085,58000,797.833,4.622963174789,795.237,64.304,3766.372
2026-05-19 16:19:39.085,58250,788.738,3.804466545564,787.0,52.334,3684.696
2026-05-19 16:19:39.086,58500,852.053,2.340504006856,851.342,34.796,3684.696
2026-05-19 16:19:39.199,58750,865.659,6.169069140534,860.646,93.026,3626.782
2026-05-19 16:19:39.199,59000,865.659,6.169069140534,860.646,93.026,3626.782
2026-05-19 16:19:39.200,59250,847.65,1.799164361755,847.232,26.613,3626.782
2026-05-19 16:19:39.315,59500,847.65,1.799164361755,847.232,26.613,3626.782
2026-05-19 16:19:39.315,59750,847.65,1.799164361755,847.232,26.613,3626.782
2026-05-19 16:19:39.316,60000,793.776,5.335892599035,789.893,73.976,3661.531
2026-05-19 16:19:39.316,60250,821.912,6.472575629242,816.264,92.096,3539.376
2026-05-19 16:19:39.431,60500,860.552,6.776537655338,854.54,101.543,3377.207
2026-05-19 16:19:39.431,60750,860.552,6.776537655338,854.54,101.543,3377.207
2026-05-19 16:19:39.432,61000,860.552,6.776537655338,854.54,101.543,3377.207
2026-05-19 16:19:39.432,61250,860.552,6.776537655338,854.54,101.543,3377.207
2026-05-19 16:19:39.433,61500,860.552,6.776537655338,854.54,101.543,3377.207
2026-05-19 16:19:39.535,61750,860.552,6.776537655338,854.54,101.543,3377.207
2026-05-19 16:19:39.536,62000,860.552,6.776537655338,854.54,101.543,3377.207
2026-05-19 16:19:39.536,62250,860.552,6.776537655338,854.54,101.543,3377.207
2026-05-19 16:19:39.645,62500,860.552,6.776537655338,854.54,101.543,3377.207
2026-05-19 16:19:39.646,62750,860.552,6.776537655338,854.54,101.543,3377.207
2026-05-19 16:19:39.646,63000,860.552,6.776537655338,854.54,101.543,3377.207
2026-05-19 16:19:39.646,63250,793.217,8.464985041542,784.575,116.765,3377.207
2026-05-19 16:19:39.749,63500,793.217,8.464985041542,784.575,116.765,3377.207
2026-05-19 16:19:39.750,63750,793.217,8.464985041542,784.575,116.765,3377.207
2026-05-19 16:19:39.751,64000,793.217,8.464985041542,784.575,116.765,3377.207
2026-05-19 16:19:39.751,64250,793.217,8.464985041542,784.575,116.765,3377.207
2026-05-19 16:19:39.856,64500,793.217,8.464985041542,784.575,116.765,3377.207
2026-05-19 16:19:39.857,64750,853.088,7.52231470369,845.747,111.68,3140.187
2026-05-19 16:19:39.857,65000,853.088,7.52231470369,845.747,111.68,3140.187
2026-05-19 16:19:39.858,65250,853.088,7.52231470369,845.747,111.68,3140.187
2026-05-19 16:19:39.968,65500,845.989,5.774352792178,841.079,85.383,3166.872
2026-05-19 16:19:39.969,65750,835.341,3.152409924911,834.077,45.937,3206.9
2026-05-19 16:19:39.969,66000,835.341,3.152409924911,834.077,45.937,3206.9
2026-05-19 16:19:39.970,66250,835.341,3.152409924911,834.077,45.937,3206.9
2026-05-19 16:19:40.089,66500,835.341,3.152409924911,834.077,45.937,3206.9
2026-05-19 16:19:40.089,66750,835.341,3.152409924911,834.077,45.937,3206.9
2026-05-19 16:19:40.090,67000,835.341,3.152409924911,834.077,45.937,3206.9
2026-05-19 16:19:40.090,67250,760.787,5.294168888362,757.542,70.197,3206.9
2026-05-19 16:19:40.203,67500,760.787,5.294168888362,757.542,70.197,3206.9
2026-05-19 16:19:40.204,67750,760.787,5.294168888362,757.542,70.197,3206.9
2026-05-19 16:19:40.204,68000,760.787,5.294168888362,757.542,70.197,3206.9
2026-05-19 16:19:40.205,68250,760.787,5.294168888362,757.542,70.197,3206.9
2026-05-19 16:19:40.316,68500,760.787,5.294168888362,757.542,70.197,3206.9
2026-05-19 16:19:40.316,68750,821.858,3.830206349655,820.022,54.9,2968.602
2026-05-19 16:19:40.317,69000,821.858,3.830206349655,820.022,54.9,2968.602
2026-05-19 16:19:40.317,69250,861.184,9.397957012713,849.625,140.623,2968.602
2026-05-19 16:19:40.434,69500,861.184,9.397957012713,849.625,140.623,2968.602
2026-05-19 16:19:40.435,69750,861.184,9.397957012713,849.625,140.623,2968.602
2026-05-19 16:19:40.435,70000,861.184,9.397957012713,849.625,140.623,2968.602
2026-05-19 16:19:40.435,70250,861.184,9.397957012713,849.625,140.623,2968.602
2026-05-19 16:19:40.551,70500,861.184,9.397957012713,849.625,140.623,2968.602
2026-05-19 16:19:40.552,70750,861.184,9.397957012713,849.625,140.623,2968.602
2026-05-19 16:19:40.552,71000,861.184,9.397957012713,849.625,140.623,2968.602
2026-05-19 16:19:40.553,71250,861.184,9.397957012713,849.625,140.623,2968.602
2026-05-19 16:19:40.553,71500,861.184,9.397957012713,849.625,140.623,2968.602
2026-05-19 16:19:40.662,71750,861.184,9.397957012713,849.625,140.623,2968.602
2026-05-19 16:19:40.663,72000,734.391,6.742693581464,729.311,86.225,2968.602
2026-05-19 16:19:40.663,72250,778.15,12.766084195971,758.914,171.949,2968.602
2026-05-19 16:19:40.779,72500,778.15,12.766084195971,758.914,171.949,2968.602
2026-05-19 16:19:40.780,72750,734.391,6.742693581464,729.311,86.225,2968.602
2026-05-19 16:19:40.781,73000,752.696,11.441198515189,737.74,149.306,2896.405
2026-05-19 16:19:40.782,73250,793.237,10.649155140429,779.595,146.209,2753.254
2026-05-19 16:19:40.782,73500,820.264,10.121126223922,807.499,144.145,2657.82
2026-05-19 16:19:40.888,73750,820.264,10.121126223922,807.499,144.145,2657.82
2026-05-19 16:19:40.890,74000,820.264,10.121126223922,807.499,144.145,2657.82
2026-05-19 16:19:40.890,74250,820.264,10.121126223922,807.499,144.145,2657.82
2026-05-19 16:19:40.891,74500,820.264,10.121126223922,807.499,144.145,2657.82
2026-05-19 16:19:41.000,74750,820.264,10.121126223922,807.499,144.145,2657.82
2026-05-19 16:19:41.001,75000,820.264,10.121126223922,807.499,144.145,2657.82
2026-05-19 16:19:41.001,75250,815.558,9.10775021819,804.726,129.354,2673.519
2026-05-19 16:19:41.002,75500,796.732,5.05424619526,793.634,70.191,2736.319
2026-05-19 16:19:41.114,75750,796.732,5.05424619526,793.634,70.191,2736.319
2026-05-19 16:19:41.114,76000,796.732,5.05424619526,793.634,70.191,2736.319
2026-05-19 16:19:41.115,76250,796.732,5.05424619526,793.634,70.191,2736.319
2026-05-19 16:19:41.115,76500,796.732,5.05424619526,793.634,70.191,2736.319
2026-05-19 16:19:41.116,76750,796.732,5.05424619526,793.634,70.191,2736.319
2026-05-19 16:19:41.225,77000,796.732,5.05424619526,793.634,70.191,2736.319
2026-05-19 16:19:41.226,77250,796.732,5.05424619526,793.634,70.191,2736.319
2026-05-19 16:19:41.226,77500,796.732,5.05424619526,793.634,70.191,2736.319
2026-05-19 16:19:41.227,77750,731.32,12.343176204872,713.911,156.535,2673.519
2026-05-19 16:19:41.345,78000,735.54,13.356552210605,715.645,169.917,2657.82
2026-05-19 16:19:41.345,78250,812.643,11.664130888513,795.862,164.295,2405.648
2026-05-19 16:19:41.346,78500,812.643,11.664130888513,795.862,164.295,2405.648
2026-05-19 16:19:41.346,78750,812.643,11.664130888513,795.862,164.295,2405.648
2026-05-19 16:19:41.347,79000,812.643,11.664130888513,795.862,164.295,2405.648
2026-05-19 16:19:41.347,79250,812.643,11.664130888513,795.862,164.295,2405.648
2026-05-19 16:19:41.463,79500,812.643,11.664130888513,795.862,164.295,2405.648
2026-05-19 16:19:41.463,79750,812.643,11.664130888513,795.862,164.295,2405.648
2026-05-19 16:19:41.464,80000,812.643,11.664130888513,795.862,164.295,2405.648
2026-05-19 16:19:41.464,80250,812.643,11.664130888513,795.862,164.295,2405.648
2026-05-19 16:19:41.465,80500,812.643,11.664130888513,795.862,164.295,2405.648
2026-05-19 16:19:41.578,80750,812.643,11.664130888513,795.862,164.295,2405.648
2026-05-19 16:19:41.579,81000,812.643,11.664130888513,795.862,164.295,2405.648
2026-05-19 16:19:41.579,81250,812.643,11.664130888513,795.862,164.295,2405.648
2026-05-19 16:19:41.580,81500,812.643,11.664130888513,795.862,164.295,2405.648
2026-05-19 16:19:41.580,81750,812.643,11.664130888513,795.862,164.295,2405.648
2026-05-19 16:19:41.698,82000,768.284,4.988331185097,765.374,66.805,2405.648
2026-05-19 16:19:41.699,82250,768.284,4.988331185097,765.374,66.805,2405.648
2026-05-19 16:19:41.699,82500,847.928,3.118494889807,846.603,45.473,2184.876
2026-05-19 16:19:41.700,82750,867.839,2.651035815985,866.91,40.14,2129.683
2026-05-19 16:19:41.700,83000,867.839,2.651035815985,866.91,40.14,2129.683
2026-05-19 16:19:41.804,83250,867.839,2.651035815985,866.91,40.14,2129.683
2026-05-19 16:19:41.805,83500,764.048,5.891081463675,760.013,78.42,2129.683
2026-05-19 16:19:41.805,83750,764.048,5.891081463675,760.013,78.42,2129.683
2026-05-19 16:19:41.806,84000,764.048,5.891081463675,760.013,78.42,2129.683
2026-05-19 16:19:41.806,84250,764.048,5.891081463675,760.013,78.42,2129.683
2026-05-19 16:19:41.918,84500,764.048,5.891081463675,760.013,78.42,2129.683
2026-05-19 16:19:41.919,84750,764.048,5.891081463675,760.013,78.42,2129.683
2026-05-19 16:19:41.919,85000,764.048,5.891081463675,760.013,78.42,2129.683
2026-05-19 16:19:41.920,85250,764.048,5.891081463675,760.013,78.42,2129.683
2026-05-19 16:19:41.920,85500,764.048,5.891081463675,760.013,78.42,2129.683
2026-05-19 16:19:42.031,85750,764.048,5.891081463675,760.013,78.42,2129.683
2026-05-19 16:19:42.031,86000,764.048,5.891081463675,760.013,78.42,2129.683
2026-05-19 16:19:42.032,86250,764.048,5.891081463675,760.013,78.42,2129.683
2026-05-19 16:19:42.032,86500,764.048,5.891081463675,760.013,78.42,2129.683
2026-05-19 16:19:42.135,86750,842.342,3.770252810887,840.433,54.656,1936.23
2026-05-19 16:19:42.136,87000,901.829,10.987589334819,885.297,171.885,1804.312
2026-05-19 16:19:42.136,87250,901.829,10.987589334819,885.297,171.885,1804.312
2026-05-19 16:19:42.136,87500,901.829,10.987589334819,885.297,171.885,1804.312
2026-05-19 16:19:42.137,87750,901.829,10.987589334819,885.297,171.885,1804.312
2026-05-19 16:19:42.247,88000,901.829,10.987589334819,885.297,171.885,1804.312
2026-05-19 16:19:42.248,88250,901.829,10.987589334819,885.297,171.885,1804.312
2026-05-19 16:19:42.248,88500,901.829,10.987589334819,885.297,171.885,1804.312
2026-05-19 16:19:42.248,88750,901.829,10.987589334819,885.297,171.885,1804.312
2026-05-19 16:19:42.249,89000,901.829,10.987589334819,885.297,171.885,1804.312
2026-05-19 16:19:42.364,89250,779.34,15.386092209961,751.408,206.776,1804.312
2026-05-19 16:19:42.364,89500,779.34,15.386092209961,751.408,206.776,1804.312
2026-05-19 16:19:42.365,89750,779.34,15.386092209961,751.408,206.776,1804.312
2026-05-19 16:19:42.365,90000,779.34,15.386092209961,751.408,206.776,1804.312
2026-05-19 16:19:42.366,90250,779.34,15.386092209961,751.408,206.776,1804.312
2026-05-19 16:19:42.469,90500,718.713,5.484098642271,715.423,68.687,1804.312
2026-05-19 16:19:42.469,90750,718.713,5.484098642271,715.423,68.687,1804.312
2026-05-19 16:19:42.470,91000,718.713,5.484098642271,715.423,68.687,1804.312
2026-05-19 16:19:42.470,91250,827.804,3.205361053526,826.509,46.287,1566.533
2026-05-19 16:19:42.573,91500,827.804,3.205361053526,826.509,46.287,1566.533
2026-05-19 16:19:42.574,91750,827.804,3.205361053526,826.509,46.287,1566.533
2026-05-19 16:19:42.575,92000,827.804,3.205361053526,826.509,46.287,1566.533
2026-05-19 16:19:42.575,92250,827.804,3.205361053526,826.509,46.287,1566.533
2026-05-19 16:19:42.575,92500,827.804,3.205361053526,826.509,46.287,1566.533
2026-05-19 16:19:42.691,92750,827.804,3.205361053526,826.509,46.287,1566.533
2026-05-19 16:19:42.691,93000,827.804,3.205361053526,826.509,46.287,1566.533
2026-05-19 16:19:42.692,93250,827.804,3.205361053526,826.509,46.287,1566.533
2026-05-19 16:19:42.692,93500,827.804,3.205361053526,826.509,46.287,1566.533
2026-05-19 16:19:42.693,93750,827.804,3.205361053526,826.509,46.287,1566.533
2026-05-19 16:19:42.800,94000,827.804,3.205361053526,826.509,46.287,1566.533
2026-05-19 16:19:42.800,94250,827.804,3.205361053526,826.509,46.287,1566.533
2026-05-19 16:19:42.801,94500,827.804,3.205361053526,826.509,46.287,1566.533
2026-05-19 16:19:42.801,94750,827.804,3.205361053526,826.509,46.287,1566.533
2026-05-19 16:19:42.801,95000,827.804,3.205361053526,826.509,46.287,1566.533
2026-05-19 16:19:42.915,95250,827.804,3.205361053526,826.509,46.287,1566.533
2026-05-19 16:19:42.915,95500,669.01,8.267779619867,662.057,96.203,1566.533
2026-05-19 16:19:42.916,95750,669.01,8.267779619867,662.057,96.203,1566.533
2026-05-19 16:19:42.916,96000,669.01,8.267779619867,662.057,96.203,1566.533
2026-05-19 16:19:42.916,96250,791.203,5.062418566341,788.117,69.817,1324.598
2026-05-19 16:19:43.026,96500,791.203,5.062418566341,788.117,69.817,1324.598
2026-05-19 16:19:43.027,96750,791.203,5.062418566341,788.117,69.817,1324.598
2026-05-19 16:19:43.027,97000,832.607,16.378847793135,798.818,234.785,1258.73
2026-05-19 16:19:43.027,97250,832.607,16.378847793135,798.818,234.785,1258.73
2026-05-19 16:19:43.028,97500,832.607,16.378847793135,798.818,234.785,1258.73
2026-05-19 16:19:43.139,97750,832.607,16.378847793135,798.818,234.785,1258.73
2026-05-19 16:19:43.140,98000,832.607,16.378847793135,798.818,234.785,1258.73
2026-05-19 16:19:43.140,98250,832.607,16.378847793135,798.818,234.785,1258.73
2026-05-19 16:19:43.140,98500,832.607,16.378847793135,798.818,234.785,1258.73
2026-05-19 16:19:43.141,98750,832.607,16.378847793135,798.818,234.785,1258.73
2026-05-19 16:19:43.253,99000,832.607,16.378847793135,798.818,234.785,1258.73
2026-05-19 16:19:43.254,99250,832.607,16.378847793135,798.818,234.785,1258.73
2026-05-19 16:19:43.254,99500,832.607,16.378847793135,798.818,234.785,1258.73
2026-05-19 16:19:43.255,99750,832.607,16.378847793135,798.818,234.785,1258.73
2026-05-19 16:19:43.255,100000,832.607,16.378847793135,798.818,234.785,1258.73
2026-05-19 16:19:43.829,10000,676.595,2.193113133438,676.099,25.892,13436.845
2026-05-19 16:19:44.056,10250,672.796,3.246101893262,671.716,38.097,13512.721
2026-05-19 16:19:44.160,10500,669.816,4.030930227573,668.159,47.085,13572.828
2026-05-19 16:19:44.264,10750,669.816,4.030930227573,668.159,47.085,13572.828
2026-05-19 16:19:44.483,11000,675.204,3.657237703599,673.825,43.086,13564.794
2026-05-19 16:19:44.588,11250,664.033,3.421455703825,662.849,39.63,13425.153
2026-05-19 16:19:44.696,11500,659.557,4.47084467103,657.55,51.414,13516.261
2026-05-19 16:19:44.800,11750,665.025,4.141205489452,663.284,48.044,13512.799
2026-05-19 16:19:45.015,12000,668.293,5.150496652961,665.581,59.98,13445.834
2026-05-19 16:19:45.118,12250,667.359,5.342002153657,664.46,62.131,13464.562
2026-05-19 16:19:45.235,12500,677.646,5.221257549015,674.821,61.707,13377.265
2026-05-19 16:19:45.349,12750,679.703,6.236507649743,675.667,73.822,13335.126
2026-05-19 16:19:45.469,13000,661.562,5.911221567776,658.045,68.133,13356.182
2026-05-19 16:19:45.576,13250,682.789,4.847480653376,680.344,57.673,13064.451
2026-05-19 16:19:45.735,13500,671.196,6.300262524952,667.126,73.635,13288.908
2026-05-19 16:19:45.871,13750,679.072,7.326934415703,673.527,86.603,13134.599
2026-05-19 16:19:45.873,14000,662.251,6.216578852822,658.357,71.713,13262.358
2026-05-19 16:19:46.017,14250,661.028,6.400509391116,656.896,73.673,13287.075
2026-05-19 16:19:46.157,14500,667.404,7.717065557421,661.359,89.62,13159.963
2026-05-19 16:19:46.307,14750,660.814,8.643971525179,653.308,99.316,13291.208
2026-05-19 16:19:46.308,15000,678.877,7.664701462365,672.811,90.546,13092.484
2026-05-19 16:19:46.448,15250,662.325,8.049413645855,655.787,92.72,13212.421
2026-05-19 16:19:46.554,15500,671.723,8.879386811079,663.673,103.684,13027.306
2026-05-19 16:19:46.681,15750,676.58,8.263302524338,669.557,97.226,13099.87
2026-05-19 16:19:46.682,16000,667.033,8.249491775298,660.131,95.708,12957.866
2026-05-19 16:19:46.788,16250,677.813,8.918946603935,669.617,105.086,12751.791
2026-05-19 16:19:46.913,16500,674.835,8.927751686168,666.65,104.704,12941.432
2026-05-19 16:19:47.043,16750,652.076,8.871182734837,644.276,100.559,13068.465
2026-05-19 16:19:47.044,17000,659.893,9.563741537656,650.719,109.632,12913.746
2026-05-19 16:19:47.150,17250,650.693,9.583060662089,641.61,108.317,12753.084
2026-05-19 16:19:47.273,17500,674.776,9.328723894692,665.843,109.356,12820.772
2026-05-19 16:19:47.428,17750,660.745,9.916649305119,650.873,113.79,12759.779
2026-05-19 16:19:47.429,18000,660.745,9.916649305119,650.873,113.79,12759.779
2026-05-19 16:19:47.557,18250,661.055,9.382601281333,652.164,107.754,12419.817
2026-05-19 16:19:47.685,18500,665.443,9.976624044243,655.381,115.286,12550.956
2026-05-19 16:19:47.685,18750,658.071,10.624715950358,646.782,121.31,12691.963
2026-05-19 16:19:47.815,19000,665.736,11.623322298259,652.084,134.13,12545.442
2026-05-19 16:19:47.930,19250,651.758,11.956372068959,637.609,134.982,12495.52
2026-05-19 16:19:47.932,19500,660.583,9.660791718118,651.199,110.876,12235.789
2026-05-19 16:19:48.039,19750,651.534,10.69250009151,640.222,120.884,12405.335
2026-05-19 16:19:48.159,20000,646.789,12.000335180742,632.654,134.479,12496.347
2026-05-19 16:19:48.160,20250,648.476,12.178180516316,633.866,136.815,12464.177
2026-05-19 16:19:48.282,20500,629.541,12.497490981813,614.624,136.231,12527.324
2026-05-19 16:19:48.391,20750,651.613,11.926253264522,637.544,134.636,12335.576
2026-05-19 16:19:48.391,21000,644.699,12.037987686389,630.521,134.458,12215.004
2026-05-19 16:19:48.510,21250,640.375,12.324361609088,625.613,136.651,12298.323
2026-05-19 16:19:48.624,21500,641.921,13.761444469712,623.495,152.7,12267.856
2026-05-19 16:19:48.625,21750,634.582,13.558843237387,616.896,148.774,12120.784
2026-05-19 16:19:48.759,22000,651.785,12.63082203925,635.979,142.553,12062.6
2026-05-19 16:19:48.760,22250,656.513,13.256051620327,639.02,150.54,11975.324
2026-05-19 16:19:48.886,22500,648.566,12.963214929895,632.037,145.49,11838.163
2026-05-19 16:19:48.888,22750,639.366,13.716064358412,621.117,151.612,12008.668
2026-05-19 16:19:49.015,23000,629.112,13.042878999294,612.882,141.978,11918.434
2026-05-19 16:19:49.016,23250,635.812,14.093146516866,616.675,154.82,11792.834
2026-05-19 16:19:49.125,23500,635.812,14.093146516866,616.675,154.82,11792.834
2026-05-19 16:19:49.249,23750,629.312,13.916922397317,610.838,151.359,11665.575
2026-05-19 16:19:49.250,24000,648.907,13.366581506507,631.291,150.04,11591.973
2026-05-19 16:19:49.377,24250,648.755,11.812254399565,635.017,132.804,11341.531
2026-05-19 16:19:49.380,24500,643.323,13.383791460782,625.851,148.912,11437.299
2026-05-19 16:19:49.515,24750,643.323,13.383791460782,625.851,148.912,11437.299
2026-05-19 16:19:49.516,25000,636.292,13.077404886129,619.79,143.972,11325.417
2026-05-19 16:19:49.639,25250,636.292,13.077404886129,619.79,143.972,11325.417
2026-05-19 16:19:49.640,25500,635.703,12.337625527196,621.022,135.808,11098.919
2026-05-19 16:19:49.770,25750,642.842,12.634533166251,627.234,140.632,10974.985
2026-05-19 16:19:49.771,26000,646.455,13.366455476345,628.943,149.446,10913.413
2026-05-19 16:19:49.899,26250,634.97,11.941035082767,621.23,131.378,10913.413
2026-05-19 16:19:49.900,26500,650.775,13.187620796429,633.556,148.386,10648.848
2026-05-19 16:19:50.005,26750,632.499,12.551016729546,617.385,137.448,10737.579
2026-05-19 16:19:50.006,27000,647.065,12.048677301561,632.81,135.07,10495.881
2026-05-19 16:19:50.115,27250,652.488,13.315430147344,634.947,150.276,10408.646
2026-05-19 16:19:50.116,27500,640.006,11.578088135794,626.983,128.451,10408.646
2026-05-19 16:19:50.243,27750,643.25,12.4010623834,628.192,138.161,10356.328
2026-05-19 16:19:50.244,28000,647.345,10.576535941504,636.347,118.819,10087.764
2026-05-19 16:19:50.460,28250,651.2,11.592984131762,637.887,130.876,10028.14
2026-05-19 16:19:50.461,28500,668.343,11.388637620341,655.184,131.973,9770.828
2026-05-19 16:19:50.462,28750,662.3,11.058345710305,650.002,127.035,9692.569
2026-05-19 16:19:50.463,29000,680.76,10.573745729134,669.201,124.92,9429.725
2026-05-19 16:19:50.588,29250,646.473,12.281804789536,631.679,137.501,9753.401
2026-05-19 16:19:50.589,29500,670.22,11.44869503628,656.844,132.974,9408.414
2026-05-19 16:19:50.698,29750,696.996,11.196106763137,683.731,135.334,9045.46
2026-05-19 16:19:50.700,30000,685.05,9.053662924275,676.515,107.799,9045.46
2026-05-19 16:19:50.811,30250,710.474,10.414199508756,698.77,128.427,8721.77
2026-05-19 16:19:50.812,30500,703.833,9.882156051756,693.39,120.793,8667.367
2026-05-19 16:19:50.936,30750,703.833,9.882156051756,693.39,120.793,8667.367
2026-05-19 16:19:50.937,31000,729.801,11.281640834646,715.7,142.772,8358.959
2026-05-19 16:19:50.938,31250,718.266,8.822451057555,709.768,110.163,8358.959
2026-05-19 16:19:51.063,31500,721.984,10.605524736896,709.65,132.878,8315.916
2026-05-19 16:19:51.064,31750,721.984,10.605524736896,709.65,132.878,8315.916
2026-05-19 16:19:51.193,32000,698.982,10.787497695928,686.629,130.826,8150.448
2026-05-19 16:19:51.194,32250,698.982,10.787497695928,686.629,130.826,8150.448
2026-05-19 16:19:51.194,32500,681.405,10.179786587346,670.678,120.43,8254.334
2026-05-19 16:19:51.318,32750,692.352,10.100651149121,681.621,121.423,8123.823
2026-05-19 16:19:51.318,33000,693.869,11.840155233589,679.106,142.369,8106.062
2026-05-19 16:19:51.425,33250,708.896,9.171630368671,699.833,112.993,7847.494
2026-05-19 16:19:51.426,33500,709.874,11.033115636341,696.753,135.853,7836.682
2026-05-19 16:19:51.567,33750,709.874,11.033115636341,696.753,135.853,7836.682
2026-05-19 16:19:51.568,34000,703.39,8.379910638435,695.88,102.509,7836.682
2026-05-19 16:19:51.568,34250,672.057,11.748813040367,657.977,136.845,7836.352
2026-05-19 16:19:51.685,34500,695.388,11.79756284123,680.699,142.175,7573.434
2026-05-19 16:19:51.686,34750,689.141,11.048746114132,676.367,132.07,7584.66
2026-05-19 16:19:51.686,35000,689.141,11.048746114132,676.367,132.07,7584.66
2026-05-19 16:19:51.810,35250,689.141,11.048746114132,676.367,132.07,7584.66
2026-05-19 16:19:51.811,35500,707.427,10.572990935413,695.417,129.804,7351.148
2026-05-19 16:19:51.936,35750,675.193,10.810802651826,663.21,126.644,7351.148
2026-05-19 16:19:51.936,36000,672.563,12.750561704903,655.978,148.439,7379.893
2026-05-19 16:19:51.937,36250,670.341,9.869929926236,660.419,114.905,7379.893
2026-05-19 16:19:52.049,36500,696.045,10.16101657182,685.128,122.793,7107.365
2026-05-19 16:19:52.049,36750,691.889,12.34463666694,675.892,147.92,7150.05
2026-05-19 16:19:52.156,37000,691.819,7.841828501533,685.35,94.391,7150.05
2026-05-19 16:19:52.157,37250,657.478,7.728020965289,651.507,88.412,7150.05
2026-05-19 16:19:52.157,37500,676.063,10.157701201567,665.466,119.229,6953.496
2026-05-19 16:19:52.273,37750,676.063,10.157701201567,665.466,119.229,6953.496
2026-05-19 16:19:52.273,38000,678.553,7.032038876734,673.449,83.071,6953.496
2026-05-19 16:19:52.377,38250,672.998,9.003546959045,664.706,105.321,7010.893
2026-05-19 16:19:52.377,38500,696.744,9.524001090821,687.14,115.284,6771.954
2026-05-19 16:19:52.378,38750,663.777,5.944597386677,660.207,68.745,6771.954
2026-05-19 16:19:52.488,39000,656.856,8.040234124673,650.399,91.873,6843.309
2026-05-19 16:19:52.489,39250,666.86,8.308125983749,659.84,96.427,6742.905
2026-05-19 16:19:52.615,39500,681.866,8.709963772362,674.002,103.257,6592.3
2026-05-19 16:19:52.615,39750,688.68,5.64549072619,685.339,67.748,6592.3
2026-05-19 16:19:52.616,40000,641.366,7.302753063179,636.163,81.525,6686.555
2026-05-19 16:19:52.726,40250,662.441,7.99262332117,656.006,92.11,6473.826
2026-05-19 16:19:52.726,40500,662.441,7.99262332117,656.006,92.11,6473.826
2026-05-19 16:19:52.727,40750,662.441,7.99262332117,656.006,92.11,6473.826
2026-05-19 16:19:52.837,41000,698.935,5.381555876635,695.855,65.552,6232.339
2026-05-19 16:19:52.837,41250,658.839,6.860984372709,654.121,78.705,6333.95
2026-05-19 16:19:52.838,41500,658.839,6.860984372709,654.121,78.705,6333.95
2026-05-19 16:19:52.941,41750,683.119,7.79698731103,676.804,92.674,6108.821
2026-05-19 16:19:52.942,42000,696.144,4.578237086643,693.923,55.566,6108.821
2026-05-19 16:19:53.057,42250,696.144,4.578237086643,693.923,55.566,6108.821
2026-05-19 16:19:53.058,42500,683.127,4.370893837436,681.14,52.063,5878.243
2026-05-19 16:19:53.059,42750,670.393,6.498406258521,666.086,75.872,5989.9
2026-05-19 16:19:53.187,43000,670.393,6.498406258521,666.086,75.872,5989.9
2026-05-19 16:19:53.188,43250,711.546,4.488301783594,709.364,55.682,5776.334
2026-05-19 16:19:53.189,43500,776.786,3.907140025877,774.961,50.278,5413.192
2026-05-19 16:19:53.313,43750,671.265,2.905808788588,670.402,34.029,5776.334
2026-05-19 16:19:53.314,44000,676.532,3.15720363853,675.473,37.351,5732.723
2026-05-19 16:19:53.315,44250,681.556,6.345395372185,677.38,75.327,5689.117
2026-05-19 16:19:53.315,44500,681.556,6.345395372185,677.38,75.327,5689.117
2026-05-19 16:19:53.424,44750,724.944,4.264644052448,722.89,54.023,5513.134
2026-05-19 16:19:53.425,45000,691.199,2.701680771284,690.431,32.58,5469.138
2026-05-19 16:19:53.425,45250,691.199,2.701680771284,690.431,32.58,5469.138
2026-05-19 16:19:53.556,45500,691.199,2.701680771284,690.431,32.58,5469.138
2026-05-19 16:19:53.560,45750,719.623,4.305275352727,717.592,54.022,5253.117
2026-05-19 16:19:53.563,46000,681.325,2.32738859169,680.763,27.668,5253.117
2026-05-19 16:19:53.692,46250,693.37,0.776216146027,693.307,9.393,5398.146
2026-05-19 16:19:53.692,46500,713.591,2.078493241294,713.121,25.881,5245.182
2026-05-19 16:19:53.693,46750,713.591,2.078493241294,713.121,25.881,5245.182
2026-05-19 16:19:53.693,47000,713.591,2.078493241294,713.121,25.881,5245.182
2026-05-19 16:19:53.799,47250,703.359,1.546106573568,703.103,18.978,5046.496
2026-05-19 16:19:53.799,47500,703.359,1.546106573568,703.103,18.978,5046.496
2026-05-19 16:19:53.906,47750,703.359,1.546106573568,703.103,18.978,5046.496
2026-05-19 16:19:53.907,48000,731.77,3.577998794431,730.343,45.668,4850.57
2026-05-19 16:19:53.907,48250,731.77,3.577998794431,730.343,45.668,4850.57
2026-05-19 16:19:54.012,48500,730.424,-2.130370559661,729.919,-27.152,4850.57
2026-05-19 16:19:54.013,48750,730.424,2.130370559661,729.919,27.152,4850.57
2026-05-19 16:19:54.013,49000,730.424,2.130370559661,729.919,27.152,4850.57
2026-05-19 16:19:54.119,49250,755.652,4.307248500975,753.518,56.753,4688.632
2026-05-19 16:19:54.120,49500,717.872,1.206511908056,717.713,15.116,4688.632
2026-05-19 16:19:54.120,49750,717.872,1.206511908056,717.713,15.116,4688.632
2026-05-19 16:19:54.229,50000,717.872,1.206511908056,717.713,15.116,4688.632
2026-05-19 16:19:54.230,50250,722.933,1.688179300014,722.51,21.464,4656.702
2026-05-19 16:19:54.230,50500,743.178,3.614848867846,741.699,46.857,4528.98
2026-05-19 16:19:54.231,50750,743.178,3.614848867846,741.699,46.857,4528.98
2026-05-19 16:19:54.343,51000,745.487,-2.737080263799,744.636,-35.599,4528.98
2026-05-19 16:19:54.343,51250,770.801,-0.200183809024,770.797,-2.693,4380.24
2026-05-19 16:19:54.344,51500,770.801,-0.200183809024,770.797,-2.693,4380.24
2026-05-19 16:19:54.452,51750,770.801,-0.200183809024,770.797,-2.693,4380.24
2026-05-19 16:19:54.452,52000,776.202,0.378033254038,776.023,5.337,4350.588
2026-05-19 16:19:54.453,52250,764.528,-0.96498674906,764.42,-12.876,4231.978
2026-05-19 16:19:54.562,52500,764.528,-0.96498674906,764.42,-12.876,4231.978
2026-05-19 16:19:54.563,52750,764.528,-0.96498674906,764.42,-12.876,4231.978
2026-05-19 16:19:54.563,53000,792.729,2.468692288184,791.993,34.146,4081.427
2026-05-19 16:19:54.564,53250,792.729,2.468692288184,791.993,34.146,4081.427
2026-05-19 16:19:54.688,53500,792.729,2.468692288184,791.993,34.146,4081.427
2026-05-19 16:19:54.689,53750,763.088,-1.311068106816,762.888,-17.46,4081.427
2026-05-19 16:19:54.689,54000,763.088,-1.311068106816,762.888,-17.46,4081.427
2026-05-19 16:19:54.799,54250,786.363,1.954219500056,785.906,26.816,3960.624
2026-05-19 16:19:54.799,54500,786.363,1.954219500056,785.906,26.816,3960.624
2026-05-19 16:19:54.800,54750,786.363,1.954219500056,785.906,26.816,3960.624
2026-05-19 16:19:54.800,55000,786.363,1.954219500056,785.906,26.816,3960.624
2026-05-19 16:19:54.903,55250,807.257,5.248496428853,803.872,73.844,3858.112
2026-05-19 16:19:54.904,55500,778.862,1.046230596484,778.732,14.221,3858.112
2026-05-19 16:19:54.904,55750,778.862,1.046230596484,778.732,14.221,3858.112
2026-05-19 16:19:55.020,56000,778.862,1.046230596484,778.732,14.221,3858.112
2026-05-19 16:19:55.020,56250,778.862,1.046230596484,778.732,14.221,3858.112
2026-05-19 16:19:55.021,56500,778.862,1.046230596484,778.732,14.221,3858.112
2026-05-19 16:19:55.138,56750,797.833,4.622963174789,795.237,64.304,3766.372
2026-05-19 16:19:55.138,57000,797.833,4.622963174789,795.237,64.304,3766.372
2026-05-19 16:19:55.139,57250,797.833,4.622963174789,795.237,64.304,3766.372
2026-05-19 16:19:55.139,57500,797.833,4.622963174789,795.237,64.304,3766.372
2026-05-19 16:19:55.264,57750,797.833,4.622963174789,795.237,64.304,3766.372
2026-05-19 16:19:55.265,58000,797.833,4.622963174789,795.237,64.304,3766.372
2026-05-19 16:19:55.265,58250,788.738,3.804466545564,787.0,52.334,3684.696
2026-05-19 16:19:55.266,58500,852.053,2.340504006856,851.342,34.796,3684.696
2026-05-19 16:19:55.391,58750,865.659,6.169069140534,860.646,93.026,3626.782
2026-05-19 16:19:55.392,59000,865.659,6.169069140534,860.646,93.026,3626.782
2026-05-19 16:19:55.392,59250,847.65,1.799164361755,847.232,26.613,3626.782
2026-05-19 16:19:55.393,59500,847.65,1.799164361755,847.232,26.613,3626.782
2026-05-19 16:19:55.507,59750,847.65,1.799164361755,847.232,26.613,3626.782
2026-05-19 16:19:55.508,60000,796.295,6.10160562577,791.34,84.797,3649.948
2026-05-19 16:19:55.509,60250,821.912,6.472575629242,816.264,92.096,3539.376
2026-05-19 16:19:55.509,60500,860.552,6.776537655338,854.54,101.543,3377.207
2026-05-19 16:19:55.651,60750,860.552,6.776537655338,854.54,101.543,3377.207
2026-05-19 16:19:55.659,61000,860.552,6.776537655338,854.54,101.543,3377.207
2026-05-19 16:19:55.662,61250,860.552,6.776537655338,854.54,101.543,3377.207
2026-05-19 16:19:55.663,61500,860.552,6.776537655338,854.54,101.543,3377.207
2026-05-19 16:19:55.665,61750,860.552,6.776537655338,854.54,101.543,3377.207
2026-05-19 16:19:55.819,62000,860.552,6.776537655338,854.54,101.543,3377.207
2026-05-19 16:19:55.820,62250,860.552,6.776537655338,854.54,101.543,3377.207
2026-05-19 16:19:55.821,62500,860.552,6.776537655338,854.54,101.543,3377.207
2026-05-19 16:19:55.823,62750,860.552,6.776537655338,854.54,101.543,3377.207
2026-05-19 16:19:55.824,63000,860.552,6.776537655338,854.54,101.543,3377.207
2026-05-19 16:19:55.825,63250,793.217,8.464985041542,784.575,116.765,3377.207
2026-05-19 16:19:55.954,63500,793.217,8.464985041542,784.575,116.765,3377.207
2026-05-19 16:19:55.955,63750,793.217,8.464985041542,784.575,116.765,3377.207
2026-05-19 16:19:55.956,64000,793.217,8.464985041542,784.575,116.765,3377.207
2026-05-19 16:19:55.956,64250,793.217,8.464985041542,784.575,116.765,3377.207
2026-05-19 16:19:55.957,64500,793.217,8.464985041542,784.575,116.765,3377.207
2026-05-19 16:19:56.069,64750,853.088,7.52231470369,845.747,111.68,3140.187
2026-05-19 16:19:56.070,65000,853.088,7.52231470369,845.747,111.68,3140.187
2026-05-19 16:19:56.070,65250,853.088,7.52231470369,845.747,111.68,3140.187
2026-05-19 16:19:56.070,65500,845.989,5.774352792178,841.079,85.383,3166.872
2026-05-19 16:19:56.185,65750,835.341,3.152409924911,834.077,45.937,3206.9
2026-05-19 16:19:56.186,66000,835.341,3.152409924911,834.077,45.937,3206.9
2026-05-19 16:19:56.187,66250,835.341,3.152409924911,834.077,45.937,3206.9
2026-05-19 16:19:56.187,66500,835.341,3.152409924911,834.077,45.937,3206.9
2026-05-19 16:19:56.301,66750,835.341,3.152409924911,834.077,45.937,3206.9
2026-05-19 16:19:56.303,67000,835.341,3.152409924911,834.077,45.937,3206.9
2026-05-19 16:19:56.304,67250,760.787,5.294168888362,757.542,70.197,3206.9
2026-05-19 16:19:56.306,67500,760.787,5.294168888362,757.542,70.197,3206.9
2026-05-19 16:19:56.421,67750,760.787,5.294168888362,757.542,70.197,3206.9
2026-05-19 16:19:56.422,68000,760.787,5.294168888362,757.542,70.197,3206.9
2026-05-19 16:19:56.422,68250,760.787,5.294168888362,757.542,70.197,3206.9
2026-05-19 16:19:56.423,68500,760.787,5.294168888362,757.542,70.197,3206.9
2026-05-19 16:19:56.542,68750,821.858,3.830206349655,820.022,54.9,2968.602
2026-05-19 16:19:56.543,69000,821.858,3.830206349655,820.022,54.9,2968.602
2026-05-19 16:19:56.546,69250,861.184,9.397957012713,849.625,140.623,2968.602
2026-05-19 16:19:56.548,69500,861.184,9.397957012713,849.625,140.623,2968.602
2026-05-19 16:19:56.550,69750,861.184,9.397957012713,849.625,140.623,2968.602
2026-05-19 16:19:56.689,70000,861.184,9.397957012713,849.625,140.623,2968.602
2026-05-19 16:19:56.691,70250,861.184,9.397957012713,849.625,140.623,2968.602
2026-05-19 16:19:56.692,70500,861.184,9.397957012713,849.625,140.623,2968.602
2026-05-19 16:19:56.693,70750,861.184,9.397957012713,849.625,140.623,2968.602
2026-05-19 16:19:56.694,71000,861.184,9.397957012713,849.625,140.623,2968.602
2026-05-19 16:19:56.821,71250,861.184,9.397957012713,849.625,140.623,2968.602
2026-05-19 16:19:56.822,71500,861.184,9.397957012713,849.625,140.623,2968.602
2026-05-19 16:19:56.824,71750,861.184,9.397957012713,849.625,140.623,2968.602
2026-05-19 16:19:56.826,72000,734.391,6.742693581464,729.311,86.225,2968.602
2026-05-19 16:19:56.827,72250,778.15,12.766084195971,758.914,171.949,2968.602
2026-05-19 16:19:56.952,72500,778.15,12.766084195971,758.914,171.949,2968.602
2026-05-19 16:19:56.953,72750,734.391,6.742693581464,729.311,86.225,2968.602
2026-05-19 16:19:56.957,73000,752.696,11.441198515189,737.74,149.306,2896.405
2026-05-19 16:19:56.959,73250,793.237,10.649155140429,779.595,146.209,2753.254
2026-05-19 16:19:57.091,73500,820.264,10.121126223922,807.499,144.145,2657.82
2026-05-19 16:19:57.093,73750,820.264,10.121126223922,807.499,144.145,2657.82
2026-05-19 16:19:57.096,74000,820.264,10.121126223922,807.499,144.145,2657.82
2026-05-19 16:19:57.099,74250,820.264,10.121126223922,807.499,144.145,2657.82
2026-05-19 16:19:57.100,74500,820.264,10.121126223922,807.499,144.145,2657.82
2026-05-19 16:19:57.234,74750,820.264,10.121126223922,807.499,144.145,2657.82
2026-05-19 16:19:57.235,75000,820.264,10.121126223922,807.499,144.145,2657.82
2026-05-19 16:19:57.239,75250,810.851,8.094374212457,801.953,114.563,2689.219
2026-05-19 16:19:57.242,75500,796.732,5.05424619526,793.634,70.191,2736.319
2026-05-19 16:19:57.243,75750,796.732,5.05424619526,793.634,70.191,2736.319
2026-05-19 16:19:57.246,76000,796.732,5.05424619526,793.634,70.191,2736.319
2026-05-19 16:19:57.380,76250,796.732,5.05424619526,793.634,70.191,2736.319
2026-05-19 16:19:57.383,76500,796.732,5.05424619526,793.634,70.191,2736.319
2026-05-19 16:19:57.386,76750,796.732,5.05424619526,793.634,70.191,2736.319
2026-05-19 16:19:57.390,77000,796.732,5.05424619526,793.634,70.191,2736.319
2026-05-19 16:19:57.393,77250,801.439,6.067622200992,796.407,84.982,2720.619
2026-05-19 16:19:57.396,77500,796.732,5.05424619526,793.634,70.191,2736.319
2026-05-19 16:19:57.397,77750,727.1,11.32980019914,712.176,143.153,2689.219
2026-05-19 16:19:57.522,78000,735.54,13.356552210605,715.645,169.917,2657.82
2026-05-19 16:19:57.524,78250,812.643,11.664130888513,795.862,164.295,2405.648
2026-05-19 16:19:57.528,78500,812.643,11.664130888513,795.862,164.295,2405.648
2026-05-19 16:19:57.530,78750,812.643,11.664130888513,795.862,164.295,2405.648
2026-05-19 16:19:57.531,79000,812.643,11.664130888513,795.862,164.295,2405.648
2026-05-19 16:19:57.657,79250,812.643,11.664130888513,795.862,164.295,2405.648
2026-05-19 16:19:57.659,79500,812.643,11.664130888513,795.862,164.295,2405.648
2026-05-19 16:19:57.663,79750,812.643,11.664130888513,795.862,164.295,2405.648
2026-05-19 16:19:57.665,80000,812.643,11.664130888513,795.862,164.295,2405.648
2026-05-19 16:19:57.669,80250,812.643,11.664130888513,795.862,164.295,2405.648
2026-05-19 16:19:57.672,80500,812.643,11.664130888513,795.862,164.295,2405.648
2026-05-19 16:19:57.676,80750,812.643,11.664130888513,795.862,164.295,2405.648
2026-05-19 16:19:57.818,81000,812.643,11.664130888513,795.862,164.295,2405.648
2026-05-19 16:19:57.818,81250,812.643,11.664130888513,795.862,164.295,2405.648
2026-05-19 16:19:57.819,81500,812.643,11.664130888513,795.862,164.295,2405.648
2026-05-19 16:19:57.820,81750,812.643,11.664130888513,795.862,164.295,2405.648
2026-05-19 16:19:57.820,82000,768.284,4.988331185097,765.374,66.805,2405.648
2026-05-19 16:19:57.820,82250,768.284,4.988331185097,765.374,66.805,2405.648
2026-05-19 16:19:57.926,82500,828.017,3.58595396363,826.296,50.806,2240.069
2026-05-19 16:19:57.927,82750,867.839,2.651035815985,866.91,40.14,2129.683
2026-05-19 16:19:57.927,83000,867.839,2.651035815985,866.91,40.14,2129.683
2026-05-19 16:19:57.927,83250,867.839,2.651035815985,866.91,40.14,2129.683
2026-05-19 16:19:57.928,83500,764.048,5.891081463675,760.013,78.42,2129.683
2026-05-19 16:19:58.033,83750,764.048,5.891081463675,760.013,78.42,2129.683
2026-05-19 16:19:58.034,84000,764.048,5.891081463675,760.013,78.42,2129.683
2026-05-19 16:19:58.034,84250,764.048,5.891081463675,760.013,78.42,2129.683
2026-05-19 16:19:58.035,84500,764.048,5.891081463675,760.013,78.42,2129.683
2026-05-19 16:19:58.146,84750,764.048,5.891081463675,760.013,78.42,2129.683
2026-05-19 16:19:58.147,85000,764.048,5.891081463675,760.013,78.42,2129.683
2026-05-19 16:19:58.147,85250,764.048,5.891081463675,760.013,78.42,2129.683
2026-05-19 16:19:58.147,85500,764.048,5.891081463675,760.013,78.42,2129.683
2026-05-19 16:19:58.148,85750,764.048,5.891081463675,760.013,78.42,2129.683
2026-05-19 16:19:58.269,86000,764.048,5.891081463675,760.013,78.42,2129.683
2026-05-19 16:19:58.270,86250,764.048,5.891081463675,760.013,78.42,2129.683
2026-05-19 16:19:58.270,86500,764.048,5.891081463675,760.013,78.42,2129.683
2026-05-19 16:19:58.270,86750,842.342,3.770252810887,840.433,54.656,1936.23
2026-05-19 16:19:58.271,87000,901.829,10.987589334819,885.297,171.885,1804.312
2026-05-19 16:19:58.271,87250,901.829,10.987589334819,885.297,171.885,1804.312
2026-05-19 16:19:58.383,87500,901.829,10.987589334819,885.297,171.885,1804.312
2026-05-19 16:19:58.384,87750,901.829,10.987589334819,885.297,171.885,1804.312
2026-05-19 16:19:58.384,88000,901.829,10.987589334819,885.297,171.885,1804.312
2026-05-19 16:19:58.385,88250,901.829,10.987589334819,885.297,171.885,1804.312
2026-05-19 16:19:58.385,88500,901.829,10.987589334819,885.297,171.885,1804.312
2026-05-19 16:19:58.501,88750,901.829,10.987589334819,885.297,171.885,1804.312
2026-05-19 16:19:58.502,89000,901.829,10.987589334819,885.297,171.885,1804.312
2026-05-19 16:19:58.502,89250,779.34,15.386092209961,751.408,206.776,1804.312
2026-05-19 16:19:58.502,89500,779.34,15.386092209961,751.408,206.776,1804.312
2026-05-19 16:19:58.503,89750,779.34,15.386092209961,751.408,206.776,1804.312
2026-05-19 16:19:58.614,90000,779.34,15.386092209961,751.408,206.776,1804.312
2026-05-19 16:19:58.614,90250,779.34,15.386092209961,751.408,206.776,1804.312
2026-05-19 16:19:58.615,90500,718.713,5.484098642271,715.423,68.687,1804.312
2026-05-19 16:19:58.615,90750,718.713,5.484098642271,715.423,68.687,1804.312
2026-05-19 16:19:58.615,91000,718.713,5.484098642271,715.423,68.687,1804.312
2026-05-19 16:19:58.730,91250,827.804,3.205361053526,826.509,46.287,1566.533
2026-05-19 16:19:58.731,91500,827.804,3.205361053526,826.509,46.287,1566.533
2026-05-19 16:19:58.731,91750,827.804,3.205361053526,826.509,46.287,1566.533
2026-05-19 16:19:58.731,92000,827.804,3.205361053526,826.509,46.287,1566.533
2026-05-19 16:19:58.732,92250,827.804,3.205361053526,826.509,46.287,1566.533
2026-05-19 16:19:58.846,92500,827.804,3.205361053526,826.509,46.287,1566.533
2026-05-19 16:19:58.846,92750,827.804,3.205361053526,826.509,46.287,1566.533
2026-05-19 16:19:58.847,93000,827.804,3.205361053526,826.509,46.287,1566.533
2026-05-19 16:19:58.847,93250,827.804,3.205361053526,826.509,46.287,1566.533
2026-05-19 16:19:58.847,93500,827.804,3.205361053526,826.509,46.287,1566.533
2026-05-19 16:19:58.950,93750,827.804,3.205361053526,826.509,46.287,1566.533
2026-05-19 16:19:58.951,94000,827.804,3.205361053526,826.509,46.287,1566.533
2026-05-19 16:19:58.951,94250,827.804,3.205361053526,826.509,46.287,1566.533
2026-05-19 16:19:58.951,94500,827.804,3.205361053526,826.509,46.287,1566.533
2026-05-19 16:19:59.068,94750,827.804,3.205361053526,826.509,46.287,1566.533
2026-05-19 16:19:59.069,95000,827.804,3.205361053526,826.509,46.287,1566.533
2026-05-19 16:19:59.069,95250,827.804,3.205361053526,826.509,46.287,1566.533
2026-05-19 16:19:59.070,95500,669.01,8.267779619867,662.057,96.203,1566.533
2026-05-19 16:19:59.070,95750,669.01,8.267779619867,662.057,96.203,1566.533
2026-05-19 16:19:59.184,96000,669.01,8.267779619867,662.057,96.203,1566.533
2026-05-19 16:19:59.184,96250,791.203,5.062418566341,788.117,69.817,1324.598
2026-05-19 16:19:59.185,96500,791.203,5.062418566341,788.117,69.817,1324.598
2026-05-19 16:19:59.185,96750,791.203,5.062418566341,788.117,69.817,1324.598
2026-05-19 16:19:59.186,97000,832.607,16.378847793135,798.818,234.785,1258.73
2026-05-19 16:19:59.300,97250,832.607,16.378847793135,798.818,234.785,1258.73
2026-05-19 16:19:59.300,97500,832.607,16.378847793135,798.818,234.785,1258.73
2026-05-19 16:19:59.301,97750,832.607,16.378847793135,798.818,234.785,1258.73
2026-05-19 16:19:59.301,98000,832.607,16.378847793135,798.818,234.785,1258.73
2026-05-19 16:19:59.302,98250,832.607,16.378847793135,798.818,234.785,1258.73
2026-05-19 16:19:59.416,98500,832.607,16.378847793135,798.818,234.785,1258.73
2026-05-19 16:19:59.416,98750,832.607,16.378847793135,798.818,234.785,1258.73
2026-05-19 16:19:59.417,99000,832.607,16.378847793135,798.818,234.785,1258.73
2026-05-19 16:19:59.417,99250,832.607,16.378847793135,798.818,234.785,1258.73
2026-05-19 16:19:59.417,99500,832.607,16.378847793135,798.818,234.785,1258.73
2026-05-19 16:19:59.534,99750,832.607,16.378847793135,798.818,234.785,1258.73
2026-05-19 16:19:59.534,100000,832.607,16.378847793135,798.818,234.785,1258.73
2026-05-19 16:20:00.080,10000,676.595,2.193113133438,676.099,25.892,13436.845
2026-05-19 16:20:00.191,10250,672.796,3.246101893262,671.716,38.097,13512.721
2026-05-19 16:20:00.304,10500,669.816,4.030930227573,668.159,47.085,13572.828
2026-05-19 16:20:00.517,10750,669.816,4.030930227573,668.159,47.085,13572.828
2026-05-19 16:20:00.630,11000,675.204,3.657237703599,673.825,43.086,13564.794
2026-05-19 16:20:00.740,11250,663.137,3.631333497266,661.789,41.986,13443.374
2026-05-19 16:20:00.856,11500,659.557,4.47084467103,657.55,51.414,13516.261
2026-05-19 16:20:00.973,11750,665.025,4.141205489452,663.284,48.044,13512.799
2026-05-19 16:20:01.094,12000,669.228,4.958991152265,666.702,57.829,13427.106
2026-05-19 16:20:01.319,12250,667.359,5.342002153657,664.46,62.131,13464.562
2026-05-19 16:20:01.434,12500,680.831,5.343952131466,677.863,63.435,13314.083
2026-05-19 16:20:01.544,12750,678.625,6.4289728837,674.357,75.987,13356.182
2026-05-19 16:20:01.647,13000,661.562,5.911221567776,658.045,68.133,13356.182
2026-05-19 16:20:01.768,13250,682.789,4.847480653376,680.344,57.673,13064.451
2026-05-19 16:20:01.888,13500,672.258,6.126965362623,668.407,71.737,13267.858
2026-05-19 16:20:02.000,13750,679.072,7.326934415703,673.527,86.603,13134.599
2026-05-19 16:20:02.114,14000,662.251,6.216578852822,658.357,71.713,13262.358
2026-05-19 16:20:02.229,14250,664.569,6.330652689077,660.509,73.297,13216.734
2026-05-19 16:20:02.346,14500,667.404,7.717065557421,661.359,89.62,13159.963
2026-05-19 16:20:02.468,14750,660.814,8.643971525179,653.308,99.316,13291.208
2026-05-19 16:20:02.470,15000,678.877,7.664701462365,672.811,90.546,13092.484
2026-05-19 16:20:02.584,15250,662.325,8.049413645855,655.787,92.72,13212.421
2026-05-19 16:20:02.699,15500,671.723,8.879386811079,663.673,103.684,13027.306
2026-05-19 16:20:02.815,15750,676.58,8.263302524338,669.557,97.226,13099.87
2026-05-19 16:20:02.932,16000,667.033,8.249491775298,660.131,95.708,12957.866
2026-05-19 16:20:03.047,16250,677.813,8.918946603935,669.617,105.086,12751.791
2026-05-19 16:20:03.048,16500,676.479,8.747233814292,668.611,102.876,12909.674
2026-05-19 16:20:03.168,16750,652.076,8.871182734837,644.276,100.559,13068.465
2026-05-19 16:20:03.284,17000,660.734,9.473691605546,651.722,108.753,12897.225
2026-05-19 16:20:03.397,17250,651.55,9.49257056192,642.625,107.445,12736.312
2026-05-19 16:20:03.515,17500,676.559,9.150616980124,667.949,107.593,12786.628
2026-05-19 16:20:03.515,17750,660.745,9.916649305119,650.873,113.79,12759.779
2026-05-19 16:20:03.619,18000,660.745,9.916649305119,650.873,113.79,12759.779
2026-05-19 16:20:03.730,18250,662.913,9.203208652034,654.331,106.021,12384.591
2026-05-19 16:20:03.846,18500,665.443,9.976624044243,655.381,115.286,12550.956
2026-05-19 16:20:03.847,18750,656.228,10.786738926887,644.632,122.816,12727.215
2026-05-19 16:20:03.968,19000,665.736,11.623322298259,652.084,134.13,12545.442
2026-05-19 16:20:04.084,19250,653.866,11.784410013946,640.075,133.498,12455.232
2026-05-19 16:20:04.199,19500,660.583,9.660791718118,651.199,110.876,12235.789
2026-05-19 16:20:04.199,19750,651.534,10.69250009151,640.222,120.884,12405.335
2026-05-19 16:20:04.315,20000,646.789,12.000335180742,632.654,134.479,12496.347
2026-05-19 16:20:04.424,20250,646.789,12.000335180742,632.654,134.479,12496.347
2026-05-19 16:20:04.425,20500,631.499,12.354053340301,616.872,135.09,12488.959
2026-05-19 16:20:04.535,20750,651.613,11.926253264522,637.544,134.636,12335.576
2026-05-19 16:20:04.651,21000,644.699,12.037987686389,630.521,134.458,12215.004
2026-05-19 16:20:04.652,21250,642.537,12.181174647739,628.067,135.555,12256.663
2026-05-19 16:20:04.780,21500,641.921,13.761444469712,623.495,152.7,12267.856
2026-05-19 16:20:04.780,21750,634.582,13.558843237387,616.896,148.774,12120.784
2026-05-19 16:20:04.883,22000,650.21,12.422412178891,634.965,139.89,12091.692
2026-05-19 16:20:04.989,22250,656.513,13.256051620327,639.02,150.54,11975.324
2026-05-19 16:20:05.098,22500,648.566,12.963214929895,632.037,145.49,11838.163
2026-05-19 16:20:05.099,22750,638.158,13.536424762786,620.431,149.37,12031.227
2026-05-19 16:20:05.213,23000,629.112,13.042878999294,612.882,141.978,11918.434
2026-05-19 16:20:05.213,23250,635.812,14.093146516866,616.675,154.82,11792.834
2026-05-19 16:20:05.324,23500,635.812,14.093146516866,616.675,154.82,11792.834
2026-05-19 16:20:05.429,23750,629.312,13.916922397317,610.838,151.359,11665.575
2026-05-19 16:20:05.430,24000,648.907,13.366581506507,631.291,150.04,11591.973
2026-05-19 16:20:05.533,24250,648.755,11.812254399565,635.017,132.804,11341.531
2026-05-19 16:20:05.649,24500,643.323,13.383791460782,625.851,148.912,11437.299
2026-05-19 16:20:05.650,24750,643.323,13.383791460782,625.851,148.912,11437.299
2026-05-19 16:20:05.768,25000,636.292,13.077404886129,619.79,143.972,11325.417
2026-05-19 16:20:05.769,25250,636.292,13.077404886129,619.79,143.972,11325.417
2026-05-19 16:20:05.889,25500,638.068,12.242105243358,623.558,135.282,11057.475
2026-05-19 16:20:05.889,25750,641.615,12.970334044056,625.2,143.996,10996.287
2026-05-19 16:20:05.999,26000,646.455,13.366455476345,628.943,149.446,10913.413
2026-05-19 16:20:06.000,26250,634.97,11.941035082767,621.23,131.378,10913.413
2026-05-19 16:20:06.104,26500,650.775,13.187620796429,633.556,148.386,10648.848
2026-05-19 16:20:06.218,26750,632.499,12.551016729546,617.385,137.448,10737.579
2026-05-19 16:20:06.219,27000,647.065,12.048677301561,632.81,135.07,10495.881
2026-05-19 16:20:06.336,27250,652.488,13.315430147344,634.947,150.276,10408.646
2026-05-19 16:20:06.336,27500,640.006,11.578088135794,626.983,128.451,10408.646
2026-05-19 16:20:06.454,27750,643.25,12.4010623834,628.192,138.161,10356.328
2026-05-19 16:20:06.454,28000,647.345,10.576535941504,636.347,118.819,10087.764
2026-05-19 16:20:06.455,28250,651.2,11.592984131762,637.887,130.876,10028.14
2026-05-19 16:20:06.568,28500,668.343,11.388637620341,655.184,131.973,9770.828
2026-05-19 16:20:06.570,28750,662.3,11.058345710305,650.002,127.035,9692.569
2026-05-19 16:20:06.683,29000,680.76,10.573745729134,669.201,124.92,9429.725
2026-05-19 16:20:06.800,29250,643.138,12.353337179186,628.247,137.593,9802.949
2026-05-19 16:20:06.801,29500,669.26,11.145961964625,656.572,129.284,9421.657
2026-05-19 16:20:06.801,29750,696.996,11.196106763137,683.731,135.334,9045.46
2026-05-19 16:20:06.910,30000,685.05,9.053662924275,676.515,107.799,9045.46
2026-05-19 16:20:06.911,30250,710.474,10.414199508756,698.77,128.427,8721.77
2026-05-19 16:20:07.014,30500,703.833,9.882156051756,693.39,120.793,8667.367
2026-05-19 16:20:07.014,30750,703.833,9.882156051756,693.39,120.793,8667.367
2026-05-19 16:20:07.130,31000,729.801,11.281640834646,715.7,142.772,8358.959
2026-05-19 16:20:07.130,31250,718.266,8.822451057555,709.768,110.163,8358.959
2026-05-19 16:20:07.244,31500,721.984,10.605524736896,709.65,132.878,8315.916
2026-05-19 16:20:07.245,31750,721.984,10.605524736896,709.65,132.878,8315.916
2026-05-19 16:20:07.348,32000,698.982,10.787497695928,686.629,130.826,8150.448
2026-05-19 16:20:07.348,32250,698.982,10.787497695928,686.629,130.826,8150.448
2026-05-19 16:20:07.462,32500,681.405,10.179786587346,670.678,120.43,8254.334
2026-05-19 16:20:07.463,32750,692.352,10.100651149121,681.621,121.423,8123.823
2026-05-19 16:20:07.568,33000,693.869,11.840155233589,679.106,142.369,8106.062
2026-05-19 16:20:07.569,33250,708.896,9.171630368671,699.833,112.993,7847.494
2026-05-19 16:20:07.681,33500,709.874,11.033115636341,696.753,135.853,7836.682
2026-05-19 16:20:07.681,33750,709.874,11.033115636341,696.753,135.853,7836.682
2026-05-19 16:20:07.682,34000,703.39,8.379910638435,695.88,102.509,7836.682
2026-05-19 16:20:07.784,34250,672.057,11.748813040367,657.977,136.845,7836.352
2026-05-19 16:20:07.785,34500,695.388,11.79756284123,680.699,142.175,7573.434
2026-05-19 16:20:07.899,34750,689.141,11.048746114132,676.367,132.07,7584.66
2026-05-19 16:20:07.899,35000,689.141,11.048746114132,676.367,132.07,7584.66
2026-05-19 16:20:08.014,35250,689.141,11.048746114132,676.367,132.07,7584.66
2026-05-19 16:20:08.014,35500,707.427,10.572990935413,695.417,129.804,7351.148
2026-05-19 16:20:08.015,35750,675.193,10.810802651826,663.21,126.644,7351.148
2026-05-19 16:20:08.129,36000,672.563,12.750561704903,655.978,148.439,7379.893
2026-05-19 16:20:08.130,36250,670.341,9.869929926236,660.419,114.905,7379.893
2026-05-19 16:20:08.243,36500,696.045,10.16101657182,685.128,122.793,7107.365
2026-05-19 16:20:08.244,36750,691.889,12.34463666694,675.892,147.92,7150.05
2026-05-19 16:20:08.355,37000,691.819,7.841828501533,685.35,94.391,7150.05
2026-05-19 16:20:08.356,37250,657.478,7.728020965289,651.507,88.412,7150.05
2026-05-19 16:20:08.356,37500,676.063,10.157701201567,665.466,119.229,6953.496
2026-05-19 16:20:08.468,37750,676.063,10.157701201567,665.466,119.229,6953.496
2026-05-19 16:20:08.469,38000,678.553,7.032038876734,673.449,83.071,6953.496
2026-05-19 16:20:08.469,38250,672.998,9.003546959045,664.706,105.321,7010.893
2026-05-19 16:20:08.583,38500,696.744,9.524001090821,687.14,115.284,6771.954
2026-05-19 16:20:08.583,38750,663.777,5.944597386677,660.207,68.745,6771.954
2026-05-19 16:20:08.698,39000,658.24,7.621106777074,652.36,87.248,6829.038
2026-05-19 16:20:08.699,39250,666.86,8.308125983749,659.84,96.427,6742.905
2026-05-19 16:20:08.699,39500,681.866,8.709963772362,674.002,103.257,6592.3
2026-05-19 16:20:08.814,39750,688.68,5.64549072619,685.339,67.748,6592.3
2026-05-19 16:20:08.815,40000,641.366,7.302753063179,636.163,81.525,6686.555
2026-05-19 16:20:08.815,40250,662.441,7.99262332117,656.006,92.11,6473.826
2026-05-19 16:20:08.918,40500,662.441,7.99262332117,656.006,92.11,6473.826
2026-05-19 16:20:08.919,40750,662.441,7.99262332117,656.006,92.11,6473.826
2026-05-19 16:20:09.035,41000,698.935,5.381555876635,695.855,65.552,6232.339
2026-05-19 16:20:09.035,41250,658.839,6.860984372709,654.121,78.705,6333.95
2026-05-19 16:20:09.036,41500,658.839,6.860984372709,654.121,78.705,6333.95
2026-05-19 16:20:09.148,41750,683.119,7.79698731103,676.804,92.674,6108.821
2026-05-19 16:20:09.149,42000,696.144,4.578237086643,693.923,55.566,6108.821
2026-05-19 16:20:09.268,42250,696.144,4.578237086643,693.923,55.566,6108.821
2026-05-19 16:20:09.269,42500,683.127,4.370893837436,681.14,52.063,5878.243
2026-05-19 16:20:09.270,42750,670.393,6.498406258521,666.086,75.872,5989.9
2026-05-19 16:20:09.383,43000,670.393,6.498406258521,666.086,75.872,5989.9
2026-05-19 16:20:09.384,43250,711.546,4.488301783594,709.364,55.682,5776.334
2026-05-19 16:20:09.384,43500,776.786,3.907140025877,774.961,50.278,5413.192
2026-05-19 16:20:09.385,43750,671.265,2.905808788588,670.402,34.029,5776.334
2026-05-19 16:20:09.499,44000,676.532,3.15720363853,675.473,37.351,5732.723
2026-05-19 16:20:09.500,44250,681.556,6.345395372185,677.38,75.327,5689.117
2026-05-19 16:20:09.500,44500,681.556,6.345395372185,677.38,75.327,5689.117
2026-05-19 16:20:09.603,44750,724.944,4.264644052448,722.89,54.023,5513.134
2026-05-19 16:20:09.604,45000,691.199,2.701680771284,690.431,32.58,5469.138
2026-05-19 16:20:09.710,45250,691.199,2.701680771284,690.431,32.58,5469.138
2026-05-19 16:20:09.711,45500,691.199,2.701680771284,690.431,32.58,5469.138
2026-05-19 16:20:09.711,45750,719.623,4.305275352727,717.592,54.022,5253.117
2026-05-19 16:20:09.825,46000,681.325,2.32738859169,680.763,27.668,5253.117
2026-05-19 16:20:09.826,46250,693.37,0.776216146027,693.307,9.393,5398.146
2026-05-19 16:20:09.826,46500,713.591,2.078493241294,713.121,25.881,5245.182
2026-05-19 16:20:09.929,46750,713.591,2.078493241294,713.121,25.881,5245.182
2026-05-19 16:20:09.932,47000,713.591,2.078493241294,713.121,25.881,5245.182
2026-05-19 16:20:09.933,47250,703.359,1.546106573568,703.103,18.978,5046.496
2026-05-19 16:20:10.047,47500,703.359,1.546106573568,703.103,18.978,5046.496
2026-05-19 16:20:10.047,47750,703.359,1.546106573568,703.103,18.978,5046.496
2026-05-19 16:20:10.048,48000,731.77,3.577998794431,730.343,45.668,4850.57
2026-05-19 16:20:10.169,48250,731.77,3.577998794431,730.343,45.668,4850.57
2026-05-19 16:20:10.170,48500,730.424,-2.130370559661,729.919,-27.152,4850.57
2026-05-19 16:20:10.170,48750,730.424,2.130370559661,729.919,27.152,4850.57
2026-05-19 16:20:10.288,49000,730.424,2.130370559661,729.919,27.152,4850.57
2026-05-19 16:20:10.289,49250,755.652,4.307248500975,753.518,56.753,4688.632
2026-05-19 16:20:10.289,49500,717.872,1.206511908056,717.713,15.116,4688.632
2026-05-19 16:20:10.398,49750,717.872,1.206511908056,717.713,15.116,4688.632
2026-05-19 16:20:10.399,50000,717.872,1.206511908056,717.713,15.116,4688.632
2026-05-19 16:20:10.400,50250,722.933,1.688179300014,722.51,21.464,4656.702
2026-05-19 16:20:10.400,50500,743.178,3.614848867846,741.699,46.857,4528.98
2026-05-19 16:20:10.515,50750,743.178,3.614848867846,741.699,46.857,4528.98
2026-05-19 16:20:10.516,51000,745.487,-2.737080263799,744.636,-35.599,4528.98
2026-05-19 16:20:10.517,51250,770.801,-0.200183809024,770.797,-2.693,4380.24
2026-05-19 16:20:10.631,51500,770.801,-0.200183809024,770.797,-2.693,4380.24
2026-05-19 16:20:10.632,51750,770.801,-0.200183809024,770.797,-2.693,4380.24
2026-05-19 16:20:10.632,52000,776.202,0.378033254038,776.023,5.337,4350.588
2026-05-19 16:20:10.632,52250,764.528,-0.96498674906,764.42,-12.876,4231.978
2026-05-19 16:20:10.748,52500,764.528,-0.96498674906,764.42,-12.876,4231.978
2026-05-19 16:20:10.749,52750,764.528,-0.96498674906,764.42,-12.876,4231.978
2026-05-19 16:20:10.750,53000,792.729,2.468692288184,791.993,34.146,4081.427
2026-05-19 16:20:10.869,53250,792.729,2.468692288184,791.993,34.146,4081.427
2026-05-19 16:20:10.869,53500,792.729,2.468692288184,791.993,34.146,4081.427
2026-05-19 16:20:10.870,53750,763.088,-1.311068106816,762.888,-17.46,4081.427
2026-05-19 16:20:10.870,54000,763.088,-1.311068106816,762.888,-17.46,4081.427
2026-05-19 16:20:10.983,54250,786.363,1.954219500056,785.906,26.816,3960.624
2026-05-19 16:20:10.984,54500,786.363,1.954219500056,785.906,26.816,3960.624
2026-05-19 16:20:10.984,54750,786.363,1.954219500056,785.906,26.816,3960.624
2026-05-19 16:20:11.088,55000,786.363,1.954219500056,785.906,26.816,3960.624
2026-05-19 16:20:11.089,55250,807.257,5.248496428853,803.872,73.844,3858.112
2026-05-19 16:20:11.089,55500,778.862,1.046230596484,778.732,14.221,3858.112
2026-05-19 16:20:11.090,55750,778.862,1.046230596484,778.732,14.221,3858.112
2026-05-19 16:20:11.200,56000,778.862,1.046230596484,778.732,14.221,3858.112
2026-05-19 16:20:11.201,56250,778.862,1.046230596484,778.732,14.221,3858.112
2026-05-19 16:20:11.201,56500,778.862,1.046230596484,778.732,14.221,3858.112
2026-05-19 16:20:11.313,56750,797.833,4.622963174789,795.237,64.304,3766.372
2026-05-19 16:20:11.314,57000,797.833,4.622963174789,795.237,64.304,3766.372
2026-05-19 16:20:11.314,57250,797.833,4.622963174789,795.237,64.304,3766.372
2026-05-19 16:20:11.423,57500,797.833,4.622963174789,795.237,64.304,3766.372
2026-05-19 16:20:11.423,57750,797.833,4.622963174789,795.237,64.304,3766.372
2026-05-19 16:20:11.424,58000,797.833,4.622963174789,795.237,64.304,3766.372
2026-05-19 16:20:11.424,58250,788.738,3.804466545564,787.0,52.334,3684.696
2026-05-19 16:20:11.540,58500,852.053,2.340504006856,851.342,34.796,3684.696
2026-05-19 16:20:11.540,58750,865.659,6.169069140534,860.646,93.026,3626.782
2026-05-19 16:20:11.541,59000,865.659,6.169069140534,860.646,93.026,3626.782
2026-05-19 16:20:11.643,59250,847.65,1.799164361755,847.232,26.613,3626.782
2026-05-19 16:20:11.644,59500,847.65,1.799164361755,847.232,26.613,3626.782
2026-05-19 16:20:11.644,59750,847.65,1.799164361755,847.232,26.613,3626.782
2026-05-19 16:20:11.644,60000,793.776,5.335892599035,789.893,73.976,3661.531
2026-05-19 16:20:11.748,60250,833.756,6.301276824462,828.325,91.116,3489.461
2026-05-19 16:20:11.749,60500,860.552,6.776537655338,854.54,101.543,3377.207
2026-05-19 16:20:11.749,60750,860.552,6.776537655338,854.54,101.543,3377.207
2026-05-19 16:20:11.865,61000,860.552,6.776537655338,854.54,101.543,3377.207
2026-05-19 16:20:11.866,61250,860.552,6.776537655338,854.54,101.543,3377.207
2026-05-19 16:20:11.866,61500,860.552,6.776537655338,854.54,101.543,3377.207
2026-05-19 16:20:11.867,61750,860.552,6.776537655338,854.54,101.543,3377.207
2026-05-19 16:20:11.983,62000,860.552,6.776537655338,854.54,101.543,3377.207
2026-05-19 16:20:11.984,62250,860.552,6.776537655338,854.54,101.543,3377.207
2026-05-19 16:20:11.984,62500,860.552,6.776537655338,854.54,101.543,3377.207
2026-05-19 16:20:11.984,62750,860.552,6.776537655338,854.54,101.543,3377.207
2026-05-19 16:20:11.985,63000,860.552,6.776537655338,854.54,101.543,3377.207
2026-05-19 16:20:12.088,63250,793.217,8.464985041542,784.575,116.765,3377.207
2026-05-19 16:20:12.088,63500,793.217,8.464985041542,784.575,116.765,3377.207
2026-05-19 16:20:12.089,63750,793.217,8.464985041542,784.575,116.765,3377.207
2026-05-19 16:20:12.201,64000,793.217,8.464985041542,784.575,116.765,3377.207
2026-05-19 16:20:12.201,64250,793.217,8.464985041542,784.575,116.765,3377.207
2026-05-19 16:20:12.202,64500,793.217,8.464985041542,784.575,116.765,3377.207
2026-05-19 16:20:12.202,64750,853.088,7.52231470369,845.747,111.68,3140.187
2026-05-19 16:20:12.314,65000,853.088,7.52231470369,845.747,111.68,3140.187
2026-05-19 16:20:12.315,65250,853.088,7.52231470369,845.747,111.68,3140.187
2026-05-19 16:20:12.315,65500,842.44,4.900371836422,838.745,72.234,3180.215
2026-05-19 16:20:12.315,65750,835.341,3.152409924911,834.077,45.937,3206.9
2026-05-19 16:20:12.419,66000,835.341,3.152409924911,834.077,45.937,3206.9
2026-05-19 16:20:12.420,66250,835.341,3.152409924911,834.077,45.937,3206.9
2026-05-19 16:20:12.420,66500,835.341,3.152409924911,834.077,45.937,3206.9
2026-05-19 16:20:12.421,66750,835.341,3.152409924911,834.077,45.937,3206.9
2026-05-19 16:20:12.530,67000,835.341,3.152409924911,834.077,45.937,3206.9
2026-05-19 16:20:12.531,67250,760.787,5.294168888362,757.542,70.197,3206.9
2026-05-19 16:20:12.532,67500,760.787,5.294168888362,757.542,70.197,3206.9
2026-05-19 16:20:12.532,67750,760.787,5.294168888362,757.542,70.197,3206.9
2026-05-19 16:20:12.646,68000,760.787,5.294168888362,757.542,70.197,3206.9
2026-05-19 16:20:12.647,68250,760.787,5.294168888362,757.542,70.197,3206.9
2026-05-19 16:20:12.647,68500,760.787,5.294168888362,757.542,70.197,3206.9
2026-05-19 16:20:12.647,68750,821.858,3.830206349655,820.022,54.9,2968.602
2026-05-19 16:20:12.756,69000,821.858,3.830206349655,820.022,54.9,2968.602
2026-05-19 16:20:12.756,69250,861.184,9.397957012713,849.625,140.623,2968.602
2026-05-19 16:20:12.757,69500,861.184,9.397957012713,849.625,140.623,2968.602
2026-05-19 16:20:12.757,69750,861.184,9.397957012713,849.625,140.623,2968.602
2026-05-19 16:20:12.868,70000,861.184,9.397957012713,849.625,140.623,2968.602
2026-05-19 16:20:12.869,70250,861.184,9.397957012713,849.625,140.623,2968.602
2026-05-19 16:20:12.869,70500,861.184,9.397957012713,849.625,140.623,2968.602
2026-05-19 16:20:12.870,70750,861.184,9.397957012713,849.625,140.623,2968.602
2026-05-19 16:20:12.984,71000,861.184,9.397957012713,849.625,140.623,2968.602
2026-05-19 16:20:12.984,71250,861.184,9.397957012713,849.625,140.623,2968.602
2026-05-19 16:20:12.985,71500,861.184,9.397957012713,849.625,140.623,2968.602
2026-05-19 16:20:12.985,71750,861.184,9.397957012713,849.625,140.623,2968.602
2026-05-19 16:20:13.098,72000,734.391,6.742693581464,729.311,86.225,2968.602
2026-05-19 16:20:13.099,72250,778.15,12.766084195971,758.914,171.949,2968.602
2026-05-19 16:20:13.100,72500,778.15,12.766084195971,758.914,171.949,2968.602
2026-05-19 16:20:13.100,72750,734.391,6.742693581464,729.311,86.225,2968.602
2026-05-19 16:20:13.214,73000,752.696,11.441198515189,737.74,149.306,2896.405
2026-05-19 16:20:13.215,73250,793.237,10.649155140429,779.595,146.209,2753.254
2026-05-19 16:20:13.215,73500,820.264,10.121126223922,807.499,144.145,2657.82
2026-05-19 16:20:13.216,73750,820.264,10.121126223922,807.499,144.145,2657.82
2026-05-19 16:20:13.216,74000,820.264,10.121126223922,807.499,144.145,2657.82
2026-05-19 16:20:13.319,74250,820.264,10.121126223922,807.499,144.145,2657.82
2026-05-19 16:20:13.319,74500,820.264,10.121126223922,807.499,144.145,2657.82
2026-05-19 16:20:13.319,74750,820.264,10.121126223922,807.499,144.145,2657.82
2026-05-19 16:20:13.429,75000,820.264,10.121126223922,807.499,144.145,2657.82
2026-05-19 16:20:13.430,75250,810.851,8.094374212457,801.953,114.563,2689.219
2026-05-19 16:20:13.430,75500,796.732,5.05424619526,793.634,70.191,2736.319
2026-05-19 16:20:13.431,75750,796.732,5.05424619526,793.634,70.191,2736.319
2026-05-19 16:20:13.431,76000,796.732,5.05424619526,793.634,70.191,2736.319
2026-05-19 16:20:13.548,76250,796.732,5.05424619526,793.634,70.191,2736.319
2026-05-19 16:20:13.549,76500,796.732,5.05424619526,793.634,70.191,2736.319
2026-05-19 16:20:13.549,76750,796.732,5.05424619526,793.634,70.191,2736.319
2026-05-19 16:20:13.550,77000,796.732,5.05424619526,793.634,70.191,2736.319
2026-05-19 16:20:13.550,77250,801.439,6.067622200992,796.407,84.982,2720.619
2026-05-19 16:20:13.658,77500,796.732,5.05424619526,793.634,70.191,2736.319
2026-05-19 16:20:13.659,77750,727.1,11.32980019914,712.176,143.153,2689.219
2026-05-19 16:20:13.659,78000,735.54,13.356552210605,715.645,169.917,2657.82
2026-05-19 16:20:13.659,78250,812.643,11.664130888513,795.862,164.295,2405.648
2026-05-19 16:20:13.660,78500,812.643,11.664130888513,795.862,164.295,2405.648
2026-05-19 16:20:13.768,78750,812.643,11.664130888513,795.862,164.295,2405.648
2026-05-19 16:20:13.769,79000,812.643,11.664130888513,795.862,164.295,2405.648
2026-05-19 16:20:13.769,79250,812.643,11.664130888513,795.862,164.295,2405.648
2026-05-19 16:20:13.770,79500,812.643,11.664130888513,795.862,164.295,2405.648
2026-05-19 16:20:13.875,79750,812.643,11.664130888513,795.862,164.295,2405.648
2026-05-19 16:20:13.875,80000,812.643,11.664130888513,795.862,164.295,2405.648
2026-05-19 16:20:13.876,80250,812.643,11.664130888513,795.862,164.295,2405.648
2026-05-19 16:20:13.876,80500,812.643,11.664130888513,795.862,164.295,2405.648
2026-05-19 16:20:13.876,80750,812.643,11.664130888513,795.862,164.295,2405.648
2026-05-19 16:20:13.994,81000,812.643,11.664130888513,795.862,164.295,2405.648
2026-05-19 16:20:13.994,81250,812.643,11.664130888513,795.862,164.295,2405.648
2026-05-19 16:20:13.995,81500,812.643,11.664130888513,795.862,164.295,2405.648
2026-05-19 16:20:13.995,81750,812.643,11.664130888513,795.862,164.295,2405.648
2026-05-19 16:20:13.995,82000,768.284,4.988331185097,765.374,66.805,2405.648
2026-05-19 16:20:14.098,82250,768.284,4.988331185097,765.374,66.805,2405.648
2026-05-19 16:20:14.099,82500,808.106,4.053413037452,805.989,56.139,2295.262
2026-05-19 16:20:14.099,82750,867.839,2.651035815985,866.91,40.14,2129.683
2026-05-19 16:20:14.100,83000,867.839,2.651035815985,866.91,40.14,2129.683
2026-05-19 16:20:14.100,83250,867.839,2.651035815985,866.91,40.14,2129.683
2026-05-19 16:20:14.215,83500,764.048,5.891081463675,760.013,78.42,2129.683
2026-05-19 16:20:14.215,83750,764.048,5.891081463675,760.013,78.42,2129.683
2026-05-19 16:20:14.216,84000,764.048,5.891081463675,760.013,78.42,2129.683
2026-05-19 16:20:14.216,84250,764.048,5.891081463675,760.013,78.42,2129.683
2026-05-19 16:20:14.217,84500,764.048,5.891081463675,760.013,78.42,2129.683
2026-05-19 16:20:14.328,84750,764.048,5.891081463675,760.013,78.42,2129.683
2026-05-19 16:20:14.329,85000,764.048,5.891081463675,760.013,78.42,2129.683
2026-05-19 16:20:14.329,85250,764.048,5.891081463675,760.013,78.42,2129.683
2026-05-19 16:20:14.330,85500,764.048,5.891081463675,760.013,78.42,2129.683
2026-05-19 16:20:14.330,85750,764.048,5.891081463675,760.013,78.42,2129.683
2026-05-19 16:20:14.444,86000,764.048,5.891081463675,760.013,78.42,2129.683
2026-05-19 16:20:14.444,86250,764.048,5.891081463675,760.013,78.42,2129.683
2026-05-19 16:20:14.445,86500,764.048,5.891081463675,760.013,78.42,2129.683
2026-05-19 16:20:14.445,86750,842.342,3.770252810887,840.433,54.656,1936.23
2026-05-19 16:20:14.446,87000,901.829,10.987589334819,885.297,171.885,1804.312
2026-05-19 16:20:14.548,87250,901.829,10.987589334819,885.297,171.885,1804.312
2026-05-19 16:20:14.549,87500,901.829,10.987589334819,885.297,171.885,1804.312
2026-05-19 16:20:14.549,87750,901.829,10.987589334819,885.297,171.885,1804.312
2026-05-19 16:20:14.550,88000,901.829,10.987589334819,885.297,171.885,1804.312
2026-05-19 16:20:14.668,88250,901.829,10.987589334819,885.297,171.885,1804.312
2026-05-19 16:20:14.669,88500,901.829,10.987589334819,885.297,171.885,1804.312
2026-05-19 16:20:14.670,88750,901.829,10.987589334819,885.297,171.885,1804.312
2026-05-19 16:20:14.670,89000,901.829,10.987589334819,885.297,171.885,1804.312
2026-05-19 16:20:14.671,89250,779.34,15.386092209961,751.408,206.776,1804.312
2026-05-19 16:20:14.671,89500,779.34,15.386092209961,751.408,206.776,1804.312
2026-05-19 16:20:14.783,89750,779.34,15.386092209961,751.408,206.776,1804.312
2026-05-19 16:20:14.784,90000,779.34,15.386092209961,751.408,206.776,1804.312
2026-05-19 16:20:14.784,90250,779.34,15.386092209961,751.408,206.776,1804.312
2026-05-19 16:20:14.784,90500,718.713,5.484098642271,715.423,68.687,1804.312
2026-05-19 16:20:14.785,90750,718.713,5.484098642271,715.423,68.687,1804.312
2026-05-19 16:20:14.900,91000,718.713,5.484098642271,715.423,68.687,1804.312
2026-05-19 16:20:14.900,91250,827.804,3.205361053526,826.509,46.287,1566.533
2026-05-19 16:20:14.901,91500,827.804,3.205361053526,826.509,46.287,1566.533
2026-05-19 16:20:14.901,91750,827.804,3.205361053526,826.509,46.287,1566.533
2026-05-19 16:20:14.902,92000,827.804,3.205361053526,826.509,46.287,1566.533
2026-05-19 16:20:15.015,92250,827.804,3.205361053526,826.509,46.287,1566.533
2026-05-19 16:20:15.015,92500,827.804,3.205361053526,826.509,46.287,1566.533
2026-05-19 16:20:15.016,92750,827.804,3.205361053526,826.509,46.287,1566.533
2026-05-19 16:20:15.016,93000,827.804,3.205361053526,826.509,46.287,1566.533
2026-05-19 16:20:15.017,93250,827.804,3.205361053526,826.509,46.287,1566.533
2026-05-19 16:20:15.129,93500,827.804,3.205361053526,826.509,46.287,1566.533
2026-05-19 16:20:15.130,93750,827.804,3.205361053526,826.509,46.287,1566.533
2026-05-19 16:20:15.130,94000,827.804,3.205361053526,826.509,46.287,1566.533
2026-05-19 16:20:15.131,94250,827.804,3.205361053526,826.509,46.287,1566.533
2026-05-19 16:20:15.131,94500,827.804,3.205361053526,826.509,46.287,1566.533
2026-05-19 16:20:15.245,94750,827.804,3.205361053526,826.509,46.287,1566.533
2026-05-19 16:20:15.245,95000,827.804,3.205361053526,826.509,46.287,1566.533
2026-05-19 16:20:15.246,95250,827.804,3.205361053526,826.509,46.287,1566.533
2026-05-19 16:20:15.246,95500,669.01,8.267779619867,662.057,96.203,1566.533
2026-05-19 16:20:15.247,95750,669.01,8.267779619867,662.057,96.203,1566.533
2026-05-19 16:20:15.350,96000,669.01,8.267779619867,662.057,96.203,1566.533
2026-05-19 16:20:15.351,96250,791.203,5.062418566341,788.117,69.817,1324.598
2026-05-19 16:20:15.351,96500,791.203,5.062418566341,788.117,69.817,1324.598
2026-05-19 16:20:15.352,96750,791.203,5.062418566341,788.117,69.817,1324.598
2026-05-19 16:20:15.468,97000,832.607,16.378847793135,798.818,234.785,1258.73
2026-05-19 16:20:15.469,97250,832.607,16.378847793135,798.818,234.785,1258.73
2026-05-19 16:20:15.470,97500,832.607,16.378847793135,798.818,234.785,1258.73
2026-05-19 16:20:15.470,97750,832.607,16.378847793135,798.818,234.785,1258.73
2026-05-19 16:20:15.471,98000,832.607,16.378847793135,798.818,234.785,1258.73
2026-05-19 16:20:15.584,98250,832.607,16.378847793135,798.818,234.785,1258.73
2026-05-19 16:20:15.584,98500,832.607,16.378847793135,798.818,234.785,1258.73
2026-05-19 16:20:15.585,98750,832.607,16.378847793135,798.818,234.785,1258.73
2026-05-19 16:20:15.585,99000,832.607,16.378847793135,798.818,234.785,1258.73
2026-05-19 16:20:15.585,99250,832.607,16.378847793135,798.818,234.785,1258.73
2026-05-19 16:20:15.699,99500,832.607,16.378847793135,798.818,234.785,1258.73
2026-05-19 16:20:15.700,99750,832.607,16.378847793135,798.818,234.785,1258.73
2026-05-19 16:20:15.700,100000,832.607,16.378847793135,798.818,234.785,1258.73
2026-05-19 16:20:16.268,10000,676.595,2.193113133438,676.099,25.892,13436.845
2026-05-19 16:20:16.393,10250,672.796,3.246101893262,671.716,38.097,13512.721
2026-05-19 16:20:16.498,10500,669.816,4.030930227573,668.159,47.085,13572.828
2026-05-19 16:20:16.729,10750,669.816,4.030930227573,668.159,47.085,13572.828
2026-05-19 16:20:16.834,11000,675.204,3.657237703599,673.825,43.086,13564.794
2026-05-19 16:20:16.950,11250,663.137,3.631333497266,661.789,41.986,13443.374
2026-05-19 16:20:17.068,11500,659.557,4.47084467103,657.55,51.414,13516.261
2026-05-19 16:20:17.173,11750,662.69,4.06011576921,661.023,46.933,13560.092
2026-05-19 16:20:17.298,12000,670.163,4.767485651569,667.823,55.678,13408.378
2026-05-19 16:20:17.514,12250,667.359,5.342002153657,664.46,62.131,13464.562
2026-05-19 16:20:17.624,12500,684.017,5.466646713916,680.906,65.164,13250.901
2026-05-19 16:20:17.729,12750,678.625,6.4289728837,674.357,75.987,13356.182
2026-05-19 16:20:17.840,13000,661.562,5.911221567776,658.045,68.133,13356.182
2026-05-19 16:20:17.949,13250,682.789,4.847480653376,680.344,57.673,13064.451
2026-05-19 16:20:18.068,13500,673.319,5.953668200293,669.688,69.84,13246.807
2026-05-19 16:20:18.184,13750,679.072,7.326934415703,673.527,86.603,13134.599
2026-05-19 16:20:18.288,14000,662.251,6.216578852822,658.357,71.713,13262.358
2026-05-19 16:20:18.399,14250,664.569,6.330652689077,660.509,73.297,13216.734
2026-05-19 16:20:18.518,14500,667.404,7.717065557421,661.359,89.62,13159.963
2026-05-19 16:20:18.624,14750,662.132,8.458590331627,654.918,97.377,13264.959
2026-05-19 16:20:18.728,15000,678.877,7.664701462365,672.811,90.546,13092.484
2026-05-19 16:20:18.831,15250,662.325,8.049413645855,655.787,92.72,13212.421
2026-05-19 16:20:18.940,15500,671.723,8.879386811079,663.673,103.684,13027.306
2026-05-19 16:20:19.049,15750,676.58,8.263302524338,669.557,97.226,13099.87
2026-05-19 16:20:19.050,16000,667.033,8.249491775298,660.131,95.708,12957.866
2026-05-19 16:20:19.165,16250,677.813,8.918946603935,669.617,105.086,12751.791
2026-05-19 16:20:19.268,16500,676.479,8.747233814292,668.611,102.876,12909.674
2026-05-19 16:20:19.384,16750,652.076,8.871182734837,644.276,100.559,13068.465
2026-05-19 16:20:19.499,17000,660.734,9.473691605546,651.722,108.753,12897.225
2026-05-19 16:20:19.615,17250,652.407,9.402080461751,643.64,106.573,12719.54
2026-05-19 16:20:19.615,17500,676.559,9.150616980124,667.949,107.593,12786.628
2026-05-19 16:20:19.730,17750,660.745,9.916649305119,650.873,113.79,12759.779
2026-05-19 16:20:19.833,18000,660.745,9.916649305119,650.873,113.79,12759.779
2026-05-19 16:20:19.947,18250,665.07,9.369832659884,656.147,108.286,12344.912
2026-05-19 16:20:20.068,18500,665.443,9.976624044243,655.381,115.286,12550.956
2026-05-19 16:20:20.069,18750,656.228,10.786738926887,644.632,122.816,12727.215
2026-05-19 16:20:20.183,19000,665.736,11.623322298259,652.084,134.13,12545.442
2026-05-19 16:20:20.288,19250,653.866,11.784410013946,640.075,133.498,12455.232
2026-05-19 16:20:20.289,19500,658.725,9.486583265934,649.693,108.599,12270.505
2026-05-19 16:20:20.399,19750,651.534,10.69250009151,640.222,120.884,12405.335
2026-05-19 16:20:20.513,20000,646.789,12.000335180742,632.654,134.479,12496.347
2026-05-19 16:20:20.621,20250,646.789,12.000335180742,632.654,134.479,12496.347
2026-05-19 16:20:20.622,20500,631.499,12.354053340301,616.872,135.09,12488.959
2026-05-19 16:20:20.730,20750,651.613,11.926253264522,637.544,134.636,12335.576
2026-05-19 16:20:20.834,21000,644.699,12.037987686389,630.521,134.458,12215.004
2026-05-19 16:20:20.835,21250,644.699,12.037987686389,630.521,134.458,12215.004
2026-05-19 16:20:20.945,21500,641.921,13.761444469712,623.495,152.7,12267.856
2026-05-19 16:20:21.048,21750,634.582,13.558843237387,616.896,148.774,12120.784
2026-05-19 16:20:21.049,22000,650.21,12.422412178891,634.965,139.89,12091.692
2026-05-19 16:20:21.164,22250,656.513,13.256051620327,639.02,150.54,11975.324
2026-05-19 16:20:21.268,22500,648.566,12.963214929895,632.037,145.49,11838.163
2026-05-19 16:20:21.269,22750,638.158,13.536424762786,620.431,149.37,12031.227
2026-05-19 16:20:21.383,23000,629.112,13.042878999294,612.882,141.978,11918.434
2026-05-19 16:20:21.499,23250,635.812,14.093146516866,616.675,154.82,11792.834
2026-05-19 16:20:21.500,23500,635.812,14.093146516866,616.675,154.82,11792.834
2026-05-19 16:20:21.618,23750,629.312,13.916922397317,610.838,151.359,11665.575
2026-05-19 16:20:21.619,24000,648.907,13.366581506507,631.291,150.04,11591.973
2026-05-19 16:20:21.731,24250,648.755,11.812254399565,635.017,132.804,11341.531
2026-05-19 16:20:21.732,24500,643.323,13.383791460782,625.851,148.912,11437.299
2026-05-19 16:20:21.840,24750,643.323,13.383791460782,625.851,148.912,11437.299
2026-05-19 16:20:21.944,25000,636.292,13.077404886129,619.79,143.972,11325.417
2026-05-19 16:20:21.945,25250,636.292,13.077404886129,619.79,143.972,11325.417
2026-05-19 16:20:22.048,25500,640.433,12.146584959521,626.095,134.756,11016.032
2026-05-19 16:20:22.049,25750,641.615,12.970334044056,625.2,143.996,10996.287
2026-05-19 16:20:22.152,26000,646.455,13.366455476345,628.943,149.446,10913.413
2026-05-19 16:20:22.256,26250,634.97,11.941035082767,621.23,131.378,10913.413
2026-05-19 16:20:22.257,26500,650.775,13.187620796429,633.556,148.386,10648.848
2026-05-19 16:20:22.360,26750,632.499,12.551016729546,617.385,137.448,10737.579
2026-05-19 16:20:22.361,27000,647.065,12.048677301561,632.81,135.07,10495.881
2026-05-19 16:20:22.464,27250,652.488,13.315430147344,634.947,150.276,10408.646
2026-05-19 16:20:22.568,27500,640.006,11.578088135794,626.983,128.451,10408.646
2026-05-19 16:20:22.569,27750,643.25,12.4010623834,628.192,138.161,10356.328
2026-05-19 16:20:22.684,28000,647.345,10.576535941504,636.347,118.819,10087.764
2026-05-19 16:20:22.684,28250,651.2,11.592984131762,637.887,130.876,10028.14
2026-05-19 16:20:22.799,28500,668.343,11.388637620341,655.184,131.973,9770.828
2026-05-19 16:20:22.799,28750,662.3,11.058345710305,650.002,127.035,9692.569
2026-05-19 16:20:22.916,29000,680.76,10.573745729134,669.201,124.92,9429.725
2026-05-19 16:20:22.916,29250,643.138,12.353337179186,628.247,137.593,9802.949
2026-05-19 16:20:23.031,29500,669.26,11.145961964625,656.572,129.284,9421.657
2026-05-19 16:20:23.032,29750,696.996,11.196106763137,683.731,135.334,9045.46
2026-05-19 16:20:23.150,30000,685.05,9.053662924275,676.515,107.799,9045.46
2026-05-19 16:20:23.150,30250,710.474,10.414199508756,698.77,128.427,8721.77
2026-05-19 16:20:23.151,30500,703.833,9.882156051756,693.39,120.793,8667.367
2026-05-19 16:20:23.269,30750,703.833,9.882156051756,693.39,120.793,8667.367
2026-05-19 16:20:23.269,31000,729.801,11.281640834646,715.7,142.772,8358.959
2026-05-19 16:20:23.374,31250,718.266,8.822451057555,709.768,110.163,8358.959
2026-05-19 16:20:23.374,31500,721.984,10.605524736896,709.65,132.878,8315.916
2026-05-19 16:20:23.481,31750,721.984,10.605524736896,709.65,132.878,8315.916
2026-05-19 16:20:23.481,32000,698.982,10.787497695928,686.629,130.826,8150.448
2026-05-19 16:20:23.584,32250,698.982,10.787497695928,686.629,130.826,8150.448
2026-05-19 16:20:23.585,32500,681.405,10.179786587346,670.678,120.43,8254.334
2026-05-19 16:20:23.700,32750,692.352,10.100651149121,681.621,121.423,8123.823
2026-05-19 16:20:23.700,33000,693.869,11.840155233589,679.106,142.369,8106.062
2026-05-19 16:20:23.815,33250,708.896,9.171630368671,699.833,112.993,7847.494
2026-05-19 16:20:23.815,33500,709.874,11.033115636341,696.753,135.853,7836.682
2026-05-19 16:20:23.929,33750,709.874,11.033115636341,696.753,135.853,7836.682
2026-05-19 16:20:23.930,34000,703.39,8.379910638435,695.88,102.509,7836.682
2026-05-19 16:20:23.930,34250,672.057,11.748813040367,657.977,136.845,7836.352
2026-05-19 16:20:24.033,34500,695.388,11.79756284123,680.699,142.175,7573.434
2026-05-19 16:20:24.034,34750,689.141,11.048746114132,676.367,132.07,7584.66
2026-05-19 16:20:24.151,35000,689.141,11.048746114132,676.367,132.07,7584.66
2026-05-19 16:20:24.151,35250,689.141,11.048746114132,676.367,132.07,7584.66
2026-05-19 16:20:24.268,35500,707.427,10.572990935413,695.417,129.804,7351.148
2026-05-19 16:20:24.269,35750,675.193,10.810802651826,663.21,126.644,7351.148
2026-05-19 16:20:24.269,36000,672.563,12.750561704903,655.978,148.439,7379.893
2026-05-19 16:20:24.389,36250,670.341,9.869929926236,660.419,114.905,7379.893
2026-05-19 16:20:24.389,36500,696.045,10.16101657182,685.128,122.793,7107.365
2026-05-19 16:20:24.503,36750,691.889,12.34463666694,675.892,147.92,7150.05
2026-05-19 16:20:24.504,37000,691.819,7.841828501533,685.35,94.391,7150.05
2026-05-19 16:20:24.505,37250,657.478,7.728020965289,651.507,88.412,7150.05
2026-05-19 16:20:24.614,37500,676.063,10.157701201567,665.466,119.229,6953.496
2026-05-19 16:20:24.614,37750,676.063,10.157701201567,665.466,119.229,6953.496
2026-05-19 16:20:24.615,38000,678.553,7.032038876734,673.449,83.071,6953.496
2026-05-19 16:20:24.718,38250,672.998,9.003546959045,664.706,105.321,7010.893
2026-05-19 16:20:24.719,38500,696.744,9.524001090821,687.14,115.284,6771.954
2026-05-19 16:20:24.824,38750,663.777,5.944597386677,660.207,68.745,6771.954
2026-05-19 16:20:24.825,39000,659.624,7.201979429475,654.322,82.622,6814.767
2026-05-19 16:20:24.928,39250,666.86,8.308125983749,659.84,96.427,6742.905
2026-05-19 16:20:24.929,39500,681.866,8.709963772362,674.002,103.257,6592.3
2026-05-19 16:20:24.929,39750,688.68,5.64549072619,685.339,67.748,6592.3
2026-05-19 16:20:25.032,40000,641.366,7.302753063179,636.163,81.525,6686.555
2026-05-19 16:20:25.033,40250,662.441,7.99262332117,656.006,92.11,6473.826
2026-05-19 16:20:25.136,40500,662.441,7.99262332117,656.006,92.11,6473.826
2026-05-19 16:20:25.137,40750,662.441,7.99262332117,656.006,92.11,6473.826
2026-05-19 16:20:25.137,41000,698.935,5.381555876635,695.855,65.552,6232.339
2026-05-19 16:20:25.240,41250,658.839,6.860984372709,654.121,78.705,6333.95
2026-05-19 16:20:25.241,41500,658.839,6.860984372709,654.121,78.705,6333.95
2026-05-19 16:20:25.344,41750,683.119,7.79698731103,676.804,92.674,6108.821
2026-05-19 16:20:25.345,42000,696.144,4.578237086643,693.923,55.566,6108.821
2026-05-19 16:20:25.345,42250,696.144,4.578237086643,693.923,55.566,6108.821
2026-05-19 16:20:25.450,42500,683.127,4.370893837436,681.14,52.063,5878.243
2026-05-19 16:20:25.451,42750,670.393,6.498406258521,666.086,75.872,5989.9
2026-05-19 16:20:25.557,43000,670.393,6.498406258521,666.086,75.872,5989.9
2026-05-19 16:20:25.557,43250,706.472,4.262460772202,704.49,52.587,5819.047
2026-05-19 16:20:25.557,43500,776.786,3.907140025877,774.961,50.278,5413.192
2026-05-19 16:20:25.661,43750,671.265,2.905808788588,670.402,34.029,5776.334
2026-05-19 16:20:25.661,44000,676.532,3.15720363853,675.473,37.351,5732.723
2026-05-19 16:20:25.662,44250,681.556,6.345395372185,677.38,75.327,5689.117
2026-05-19 16:20:25.774,44500,681.556,6.345395372185,677.38,75.327,5689.117
2026-05-19 16:20:25.774,44750,724.944,4.264644052448,722.89,54.023,5513.134
2026-05-19 16:20:25.775,45000,691.199,2.701680771284,690.431,32.58,5469.138
2026-05-19 16:20:25.888,45250,691.199,2.701680771284,690.431,32.58,5469.138
2026-05-19 16:20:25.889,45500,691.199,2.701680771284,690.431,32.58,5469.138
2026-05-19 16:20:25.889,45750,719.623,4.305275352727,717.592,54.022,5253.117
2026-05-19 16:20:25.992,46000,681.325,2.32738859169,680.763,27.668,5253.117
2026-05-19 16:20:25.993,46250,693.37,0.776216146027,693.307,9.393,5398.146
2026-05-19 16:20:26.110,46500,713.591,2.078493241294,713.121,25.881,5245.182
2026-05-19 16:20:26.110,46750,713.591,2.078493241294,713.121,25.881,5245.182
2026-05-19 16:20:26.110,47000,713.591,2.078493241294,713.121,25.881,5245.182
2026-05-19 16:20:26.111,47250,703.359,1.546106573568,703.103,18.978,5046.496
2026-05-19 16:20:26.220,47500,703.359,1.546106573568,703.103,18.978,5046.496
2026-05-19 16:20:26.220,47750,703.359,1.546106573568,703.103,18.978,5046.496
2026-05-19 16:20:26.506,48000,731.77,3.577998794431,730.343,45.668,4850.57
2026-05-19 16:20:26.507,48250,731.77,3.577998794431,730.343,45.668,4850.57
2026-05-19 16:20:26.507,48500,730.424,-2.130370559661,729.919,-27.152,4850.57
2026-05-19 16:20:26.508,48750,730.424,2.130370559661,729.919,27.152,4850.57
2026-05-19 16:20:26.508,49000,730.424,2.130370559661,729.919,27.152,4850.57
2026-05-19 16:20:26.508,49250,755.652,4.307248500975,753.518,56.753,4688.632
2026-05-19 16:20:26.509,49500,717.872,1.206511908056,717.713,15.116,4688.632
2026-05-19 16:20:26.509,49750,717.872,1.206511908056,717.713,15.116,4688.632
